ts_datetime,ts_unix_ms,primary_grab_hand,pt_x,pt_y,pt_z,st_x,st_y,st_z,pv_x,pv_y,pv_z,sv_x,sv_y,sv_z,hmd_x,hmd_y,hmd_z,ee_x,ee_y,ee_z,shovel_loaded_state,cube_max_target_reached,grab_count,collision_or_load_count
6/25/2025 12:09:11 PM,1750846151887,Right,0.0350315,0.1091236,-0.01963511,-0.06941994,0.1629152,0.2595406,0.03491099,0.1100024,-0.01980193,-0.06969602,0.1639125,0.2591799,0.04290104,0.6699669,0.1566007,0.02162085,0.06330901,0.7576723,False,0,1,0
6/25/2025 12:09:11 PM,1750846151900,Right,0.0372481,0.1012935,-0.01791468,-0.06649427,0.1528562,0.2628428,0.006705697,0.0381371,0.01652568,0.01622052,0.02689364,0.319815,0.0425806,0.6625332,0.1590061,0.02118506,0.05992739,0.7577515,False,0,1,0
6/25/2025 12:09:11 PM,1750846151915,Right,0.03812001,0.0934515,-0.01659114,-0.0627162,0.1444552,0.265105,0.006653684,0.03808279,0.01650982,0.01621039,0.02686721,0.3196414,0.04217553,0.6556192,0.1611633,0.02124188,0.059926,0.7577319,False,0,1,0
6/25/2025 12:09:11 PM,1750846151942,Right,0.04076175,0.07921151,-0.01280128,-0.05521125,0.127547,0.2701853,0.006895974,0.0381332,0.016549,0.01636785,0.02695528,0.318901,0.04089832,0.64425,0.1653656,0.02135975,0.06000194,0.7577727,False,0,1,0
6/25/2025 12:09:11 PM,1750846151956,Right,0.04149681,0.0722087,-0.01085949,-0.0528475,0.1194509,0.2728085,0.007041944,0.03819968,0.01646158,0.0165088,0.02699903,0.3187606,0.04008269,0.6393599,0.1680311,0.02147492,0.06000396,0.7576878,False,0,1,0
6/25/2025 12:09:11 PM,1750846151984,Right,0.04230394,0.06189573,-0.006069747,-0.04959743,0.1033743,0.2778016,0.007085294,0.03823821,0.01644109,0.01649742,0.02705541,0.3174185,0.0380919,0.6306105,0.1733254,0.0214823,0.05996539,0.7576703,False,0,1,0
6/25/2025 12:09:11 PM,1750846151997,Right,0.04245506,0.05842514,-0.004778498,-0.04560969,0.09928381,0.2794574,0.007515701,0.03852702,0.01634873,0.01681031,0.02733084,0.3163998,0.03793156,0.6262596,0.1751146,0.02173678,0.06014362,0.7575846,False,0,1,0
6/25/2025 12:09:12 PM,1750846152026,Right,0.04450573,0.05392201,-0.002922686,-0.04174585,0.08864954,0.2821558,0.009224116,0.03756177,0.01625772,0.01819567,0.02701248,0.3158193,0.03744149,0.6187503,0.1772236,0.02314196,0.06080964,0.7574499,False,0,1,0
6/25/2025 12:09:12 PM,1750846152039,Right,0.04501236,0.05181539,-0.002334956,-0.04035559,0.0842895,0.2822797,0.009737904,0.03606514,0.01620203,0.01856309,0.02616867,0.3148616,0.03756356,0.6160727,0.1783431,0.02426706,0.06099554,0.7573279,False,0,1,0
6/25/2025 12:09:12 PM,1750846152067,Right,0.04731403,0.04942131,-0.002494798,-0.04002362,0.07570899,0.2823409,0.01075299,0.03318386,0.01605244,0.01958958,0.02474349,0.3148809,0.03709173,0.6117875,0.1788093,0.02768532,0.06203213,0.7569851,False,0,1,0
6/25/2025 12:09:12 PM,1750846152081,Right,0.04848621,0.04895072,-0.002949102,-0.04041745,0.07219718,0.2816294,0.01121668,0.03238451,0.01598063,0.02019524,0.02462547,0.3147877,0.03710175,0.6106473,0.178708,0.03045115,0.06307594,0.7567831,False,0,1,0
6/25/2025 12:09:12 PM,1750846152095,Right,0.04987887,0.04839063,-0.0034597,-0.03980798,0.06973436,0.2802501,0.0118301,0.03186645,0.01603227,0.02093564,0.02466286,0.3141431,0.0375483,0.6095623,0.1792642,0.03363075,0.0639772,0.7567034,False,0,1,0
6/25/2025 12:09:12 PM,1750846152122,Right,0.05015683,0.04866623,-0.003936517,-0.03868987,0.06581946,0.2786846,0.01180443,0.03058998,0.01610861,0.02138803,0.024136,0.3126867,0.0396452,0.608394,0.1803215,0.0383498,0.06441833,0.7565484,False,0,1,0
6/25/2025 12:09:12 PM,1750846152137,Right,0.04998092,0.04927731,-0.004121387,-0.03836062,0.06426108,0.2785734,0.01125575,0.02907263,0.01621268,0.02109611,0.02319144,0.3122711,0.04098475,0.607691,0.1799723,0.04000946,0.06420161,0.7565095,False,0,1,0
6/25/2025 12:09:12 PM,1750846152165,Right,0.04989945,0.05134533,-0.004534029,-0.03756812,0.06289622,0.2788846,0.01176531,0.03175725,0.01639782,0.02223059,0.02523384,0.3129727,0.04352129,0.6064076,0.1783483,0.04561899,0.06488127,0.7565714,False,0,1,0
6/25/2025 12:09:12 PM,1750846152178,Right,0.04928481,0.05271394,-0.004705097,-0.03792881,0.06292479,0.2786458,0.01157189,0.03350612,0.01641455,0.02241362,0.02625582,0.3129645,0.04475427,0.6054106,0.1772776,0.04780427,0.06456932,0.7565649,False,0,1,0
6/25/2025 12:09:12 PM,1750846152206,Right,0.04910751,0.05614331,-0.002043892,-0.03858907,0.06351831,0.2780437,0.01139402,0.0356231,0.01656029,0.02269256,0.02740024,0.3099236,0.0464921,0.6055899,0.1727556,0.0516837,0.0634786,0.7566285,False,0,1,0
6/25/2025 12:09:12 PM,1750846152220,Right,0.04773385,0.05775353,0.000324449,-0.03854806,0.06427777,0.2778713,0.01248377,0.03775164,0.01652582,0.0236416,0.02864532,0.3070548,0.04798174,0.6055798,0.1707771,0.05403116,0.06281152,0.7566244,False,0,1,0
6/25/2025 12:09:12 PM,1750846152248,Right,0.04753296,0.06014724,0.00278635,-0.0387037,0.06560875,0.2772309,0.01528429,0.04154106,0.01671283,0.02595166,0.03109946,0.3041472,0.05174899,0.6055247,0.1690453,0.05857442,0.06209838,0.7568503,False,0,1,0
6/25/2025 12:09:12 PM,1750846152261,Right,0.04797772,0.06078974,0.003284503,-0.04004812,0.06625268,0.2768956,0.01586616,0.04199123,0.01690948,0.02642118,0.03123904,0.3040384,0.05314636,0.6058689,0.1677163,0.05958366,0.06148496,0.7570506,False,0,1,0
6/25/2025 12:09:12 PM,1750846152276,Right,0.04813844,0.06149798,0.003479096,-0.04094436,0.067006,0.2764697,0.0161987,0.04109918,0.01754284,0.02695976,0.03043437,0.3043843,0.05443943,0.6060342,0.1662834,0.06087738,0.06064827,0.7576251,False,0,1,0
6/25/2025 12:09:12 PM,1750846152304,Right,0.04876602,0.06078815,0.002724939,-0.04294131,0.06912661,0.2758781,0.01610959,0.04135532,0.01919035,0.02710917,0.03042676,0.307009,0.05644178,0.6057057,0.1638086,0.06085188,0.06048183,0.7592798,False,0,1,0
6/25/2025 12:09:12 PM,1750846152317,Right,0.04905391,0.06017655,0.002569209,-0.04412563,0.07027252,0.2754632,0.01605434,0.04123532,0.02002168,0.02717101,0.03023739,0.3081155,0.05739117,0.6056877,0.1621829,0.06130486,0.0601285,0.7600862,False,0,1,0
6/25/2025 12:09:12 PM,1750846152345,Right,0.04935043,0.05870925,0.002362182,-0.04664414,0.07173518,0.2756244,0.01651181,0.04127192,0.02073595,0.02768892,0.03033173,0.3101851,0.06010914,0.6054065,0.1599201,0.06123937,0.0606338,0.7608202,False,0,1,0
6/25/2025 12:09:12 PM,1750846152359,Right,0.04924835,0.05910234,0.001664783,-0.04735874,0.07254421,0.275942,0.01663746,0.04065818,0.02076516,0.02787392,0.02981793,0.3113827,0.06114841,0.6049445,0.1595662,0.06156616,0.06033015,0.760829,False,0,1,0
6/25/2025 12:09:12 PM,1750846152387,Right,0.05073766,0.05594392,0.0004439995,-0.04926003,0.07311381,0.2771115,0.01653966,0.04056589,0.02069516,0.02793104,0.02991944,0.314866,0.06217563,0.6042263,0.1586435,0.06119481,0.06116664,0.7607503,False,0,1,0
6/25/2025 12:09:12 PM,1750846152401,Right,0.05103933,0.05516819,-0.0003321605,-0.05083003,0.07323515,0.2774898,0.01629691,0.04100742,0.02069577,0.02779378,0.03015384,0.3166243,0.06287611,0.6034988,0.1577494,0.06118753,0.06120149,0.7607478,False,0,1,0
6/25/2025 12:09:12 PM,1750846152415,Right,0.05102547,0.05397741,-0.001582253,-0.05360908,0.07310393,0.2772647,0.01567908,0.04202009,0.02084751,0.02741392,0.03076578,0.3187047,0.06374383,0.6028948,0.1571712,0.06083395,0.06144315,0.7609042,False,0,1,0
6/25/2025 12:09:12 PM,1750846152443,Right,0.05272438,0.05260921,-0.002609167,-0.05688725,0.07292681,0.278668,0.01452389,0.0419024,0.02090223,0.02690506,0.03049121,0.3228436,0.06411743,0.6015102,0.1563216,0.06084448,0.06132845,0.7608868,False,0,1,0
6/25/2025 12:09:12 PM,1750846152456,Right,0.05329423,0.04972884,-0.002331873,-0.05800128,0.07269049,0.2794863,0.0146982,0.04220694,0.02092118,0.02717107,0.03062765,0.3241996,0.06403732,0.6006026,0.1561122,0.0611252,0.06134093,0.7609066,False,0,1,0
6/25/2025 12:09:12 PM,1750846152484,Right,0.05520592,0.04724799,-0.00217708,-0.06084153,0.07166571,0.2813824,0.01568257,0.04249772,0.02091226,0.02807536,0.03075807,0.3276685,0.0646826,0.5989817,0.1556108,0.06158708,0.06155942,0.7609322,False,0,1,0
6/25/2025 12:09:12 PM,1750846152498,Right,0.05651061,0.04592542,-0.003011315,-0.06226821,0.07113239,0.2827434,0.01658876,0.04266161,0.02084137,0.02878012,0.03076209,0.3306809,0.06477201,0.5980517,0.15565,0.06160501,0.06165949,0.7609175,False,0,1,0
6/25/2025 12:09:12 PM,1750846152526,Right,0.05923251,0.04536056,-0.003528951,-0.06488898,0.06958783,0.2847191,0.01834544,0.04224696,0.02074397,0.03002796,0.03040098,0.3349269,0.06493306,0.5962968,0.1556849,0.06181231,0.06174446,0.7608997,False,0,1,0
6/25/2025 12:09:12 PM,1750846152540,Right,0.06028847,0.04519407,-0.003402514,-0.06661901,0.06879423,0.2851636,0.01918184,0.04269548,0.02052693,0.03034254,0.03064957,0.3360976,0.06500864,0.596076,0.1553172,0.06153979,0.06176581,0.7607582,False,0,1,0
6/25/2025 12:09:12 PM,1750846152567,Right,0.06185969,0.04473135,-0.003865862,-0.06980962,0.06746676,0.285649,0.01951772,0.04278522,0.02042278,0.03063939,0.03053316,0.3387593,0.06494272,0.5953165,0.1556705,0.06099388,0.06181053,0.7607051,False,0,1,0
6/25/2025 12:09:12 PM,1750846152581,Right,0.06193141,0.04522986,-0.003661168,-0.07036289,0.06656584,0.2861716,0.01949105,0.04317388,0.02046516,0.03069012,0.03076416,0.3392798,0.0650301,0.5951515,0.1560673,0.06089572,0.06194557,0.7607579,False,0,1,0
6/25/2025 12:09:12 PM,1750846152595,Right,0.06179406,0.04590239,-0.003281799,-0.07123301,0.06586881,0.2868232,0.01859699,0.0442939,0.02047637,0.03024695,0.03154843,0.3397383,0.06533945,0.5950791,0.1563039,0.06105018,0.06231647,0.7607284,False,0,1,0
6/25/2025 12:09:12 PM,1750846152623,Right,0.06125482,0.04760208,-0.002431138,-0.07124153,0.06527422,0.287455,0.01712476,0.04645673,0.02028927,0.02919739,0.03258748,0.3389898,0.06618381,0.5955064,0.1570284,0.06046252,0.06186816,0.7605489,False,0,1,0
6/25/2025 12:09:12 PM,1750846152637,Right,0.061256,0.04966555,-0.001031858,-0.07076166,0.06523076,0.2878246,0.01654962,0.04777456,0.02015303,0.02890681,0.03320539,0.3376049,0.06659007,0.5957673,0.1574376,0.0605781,0.06145728,0.760406,False,0,1,0
6/25/2025 12:09:12 PM,1750846152665,Right,0.06173962,0.05287988,0.001338379,-0.06917679,0.06591747,0.2890118,0.01531348,0.05118968,0.02055141,0.02821568,0.03509061,0.3362601,0.06737351,0.5963733,0.1584152,0.06069193,0.0611339,0.7607824,False,0,1,0
6/25/2025 12:09:12 PM,1750846152679,Right,0.06190507,0.05461998,0.002138541,-0.06723028,0.06653365,0.2906995,0.01501729,0.05364176,0.02078483,0.02797318,0.03607024,0.3364207,0.06763637,0.596854,0.1589549,0.06031366,0.06019928,0.7610587,False,0,1,0
6/25/2025 12:09:12 PM,1750846152707,Right,0.06215792,0.05867437,0.005726205,-0.06150704,0.06929183,0.2942567,0.01415336,0.0588761,0.021114,0.02724802,0.03861937,0.3343362,0.06832016,0.5978537,0.1603643,0.05975085,0.0588704,0.7613984,False,0,1,0
6/25/2025 12:09:12 PM,1750846152720,Right,0.06173013,0.06048508,0.008433119,-0.05834124,0.0711925,0.2963993,0.01350685,0.06116911,0.02152129,0.026784,0.03983467,0.3327743,0.0686152,0.5987761,0.1615185,0.05971968,0.05831341,0.761762,False,0,1,0
6/25/2025 12:09:12 PM,1750846152748,Right,0.06254273,0.06520089,0.01007807,-0.05137369,0.0738648,0.3014007,0.01213374,0.06585231,0.02220873,0.02603978,0.04232953,0.333948,0.06914675,0.6005516,0.1650075,0.05972606,0.05792466,0.7623251,False,0,1,0
6/25/2025 12:09:12 PM,1750846152762,Right,0.06308772,0.06821626,0.01149273,-0.04785435,0.07545383,0.3043595,0.01148043,0.0690648,0.0223785,0.02578273,0.04413715,0.3343072,0.06923771,0.6012765,0.1672007,0.06002207,0.05784792,0.7623907,False,0,1,0
6/25/2025 12:09:12 PM,1750846152776,Right,0.06327783,0.07109564,0.01282739,-0.0442367,0.07724576,0.3074554,0.01155701,0.07165399,0.02265873,0.02599636,0.04553061,0.3349075,0.06889188,0.6022481,0.1692685,0.06041116,0.05767332,0.7626032,False,0,1,0
6/25/2025 12:09:12 PM,1750846152804,Right,0.06507802,0.07626773,0.01411884,-0.03570916,0.08108554,0.3147306,0.0117844,0.07717609,0.02336331,0.02614192,0.04797871,0.3386761,0.06887758,0.6045521,0.172003,0.05994314,0.05667657,0.7632015,False,0,1,0
6/25/2025 12:09:12 PM,1750846152817,Right,0.06609651,0.07890057,0.01456215,-0.03177466,0.08252565,0.3185222,0.011962,0.07896198,0.02370222,0.0262988,0.04859433,0.3411368,0.06879544,0.6057013,0.1732489,0.0598146,0.05621881,0.7634947,False,0,1,0
6/25/2025 12:09:12 PM,1750846152845,Right,0.06702135,0.08301242,0.01478731,-0.0252999,0.08395171,0.3245495,0.01212395,0.08292951,0.0241189,0.02620265,0.05008944,0.34521,0.06804633,0.6077876,0.1754779,0.05890664,0.05536186,0.7638158,False,0,1,0
6/25/2025 12:09:12 PM,1750846152859,Right,0.06744876,0.08556633,0.0154817,-0.02164611,0.08491562,0.3281199,0.01212169,0.08497352,0.02452373,0.02623763,0.05079373,0.3473679,0.06765914,0.6085715,0.1764222,0.05867442,0.0548131,0.764134,False,0,1,0
6/25/2025 12:09:12 PM,1750846152886,Right,0.06781024,0.09074016,0.0172072,-0.01423115,0.08809336,0.3346104,0.01291188,0.09085089,0.0253056,0.02696033,0.05321326,0.3505964,0.06724429,0.6104292,0.1777089,0.05898179,0.05352039,0.7646188,False,0,1,0
6/25/2025 12:09:12 PM,1750846152900,Right,0.06767838,0.09311499,0.01824589,-0.008548718,0.09009089,0.339156,0.01369662,0.09420884,0.02573125,0.02769838,0.05480022,0.3528023,0.06706989,0.6113195,0.178563,0.05932992,0.05342918,0.7648894,False,0,1,0
6/25/2025 12:09:12 PM,1750846152915,Right,0.06772547,0.09596022,0.01962974,-0.004400105,0.09076624,0.3438409,0.01431478,0.09761989,0.0260285,0.02821217,0.05623959,0.3551895,0.06676495,0.6122502,0.179486,0.05925976,0.05310103,0.765013,False,0,1,0
6/25/2025 12:09:12 PM,1750846152943,Right,0.06712171,0.1013551,0.02236965,0.002439763,0.09184405,0.3498071,0.0143648,0.1044827,0.02681792,0.02833464,0.05945308,0.3572843,0.066733,0.6144277,0.1805896,0.05905289,0.05237537,0.7653217,False,0,1,0
6/25/2025 12:09:12 PM,1750846152956,Right,0.0673192,0.1046229,0.02390299,0.005084188,0.09134053,0.3529397,0.01395064,0.1074361,0.02734752,0.02825082,0.06065236,0.3588013,0.06683218,0.6155602,0.1807715,0.05913236,0.05182772,0.7655659,False,0,1,0
6/25/2025 12:09:12 PM,1750846152984,Right,0.06665508,0.1111578,0.02667422,0.01030222,0.09031727,0.3584113,0.01335974,0.1131706,0.02847837,0.0279673,0.06296729,0.3614574,0.06710076,0.617597,0.1814412,0.05859508,0.0507296,0.766147,False,0,1,0
6/25/2025 12:09:12 PM,1750846152997,Right,0.0668129,0.1142488,0.02729786,0.01277467,0.08984987,0.3610136,0.01351812,0.1161399,0.02907636,0.02817704,0.06401005,0.3635574,0.06744993,0.6187928,0.1817217,0.05844888,0.05010077,0.7664502,False,0,1,0
6/25/2025 12:09:13 PM,1750846153026,Right,0.06627729,0.1213979,0.02967594,0.01717365,0.08951997,0.3660101,0.01293384,0.1228232,0.03032863,0.0278374,0.06680173,0.3666802,0.06821609,0.6215151,0.1822174,0.05758039,0.04924431,0.7670056,False,0,1,0
6/25/2025 12:09:13 PM,1750846153040,Right,0.06618181,0.1253752,0.030595,0.01920053,0.08925682,0.3685304,0.01282569,0.1264698,0.03108275,0.02795722,0.06814909,0.3687397,0.06837571,0.623035,0.1826001,0.05746932,0.04856162,0.7673146,False,0,1,0
6/25/2025 12:09:13 PM,1750846153067,Right,0.06823399,0.1317759,0.0316352,0.02445939,0.09127929,0.3731988,0.0123108,0.1330354,0.03254414,0.02800739,0.0704881,0.3730949,0.0691123,0.625853,0.1827192,0.05694057,0.04753112,0.7679334,False,0,1,0
6/25/2025 12:09:13 PM,1750846153081,Right,0.06945574,0.1353741,0.03224094,0.02747664,0.09245098,0.3759032,0.01161555,0.136206,0.03332572,0.02760381,0.07146926,0.3755809,0.06961322,0.6271874,0.1827224,0.05604009,0.04694191,0.7682805,False,0,1,0
6/25/2025 12:09:13 PM,1750846153095,Right,0.06882643,0.1394655,0.03345422,0.03019141,0.094594,0.3779225,0.01054526,0.1393689,0.03414999,0.02676606,0.0726248,0.3767267,0.070014,0.628487,0.1825569,0.05465525,0.04622708,0.7686424,False,0,1,0
6/25/2025 12:09:13 PM,1750846153123,Right,0.06629984,0.1463569,0.03577867,0.03522846,0.09947377,0.3836433,0.007242322,0.1460522,0.03579984,0.02473311,0.07491585,0.3803558,0.0704217,0.6316479,0.1820984,0.05239301,0.0449663,0.7691778,False,0,1,0
6/25/2025 12:09:13 PM,1750846153137,Right,0.06371278,0.1495976,0.03675601,0.03798821,0.1026806,0.385964,0.006826798,0.1489852,0.03664178,0.02454969,0.07581566,0.3817218,0.07012701,0.6334879,0.1817087,0.05161497,0.04409824,0.7695079,False,0,1,0
6/25/2025 12:09:13 PM,1750846153165,Right,0.06437582,0.1576597,0.03857281,0.04202937,0.1038144,0.3855509,0.005681749,0.1557284,0.03839186,0.02347746,0.0792961,0.3813951,0.069417,0.6373681,0.1811392,0.04931884,0.04347819,0.770236,False,0,1,0
6/25/2025 12:09:13 PM,1750846153179,Right,0.06379473,0.1605108,0.03921431,0.04258661,0.10336,0.385617,0.004974205,0.1586089,0.03931541,0.02254491,0.08023529,0.3817573,0.06901526,0.6396238,0.1807451,0.04750929,0.04222001,0.7705777,False,0,1,0
6/25/2025 12:09:13 PM,1750846153206,Right,0.06233765,0.1672797,0.04035228,0.0424328,0.1035143,0.3855077,0.00411338,0.165235,0.04050693,0.021911,0.08303194,0.3818685,0.06824088,0.6448622,0.1799582,0.04613522,0.04067206,0.7704509,False,0,1,0
6/25/2025 12:09:13 PM,1750846153220,Right,0.06168583,0.1702373,0.04016249,0.04185929,0.1050176,0.385491,0.002956979,0.1683968,0.04046856,0.02096939,0.08422156,0.3817598,0.06784201,0.648181,0.179549,0.04530496,0.03983179,0.7696995,False,0,1,0
6/25/2025 12:09:13 PM,1750846153248,Right,0.06124229,0.1767379,0.03893446,0.04072095,0.1068164,0.3836443,0.002436839,0.1751892,0.03938246,0.01981404,0.08710566,0.3800662,0.06729579,0.6557229,0.1789988,0.04366605,0.03842828,0.7671851,False,0,1,0
6/25/2025 12:09:13 PM,1750846153262,Right,0.06085511,0.1795924,0.0372507,0.03936117,0.1072668,0.3823442,0.00198245,0.1788713,0.03800878,0.01855084,0.08854979,0.3790635,0.06733811,0.659629,0.178749,0.04204856,0.03775609,0.7650448,False,0,1,0
6/25/2025 12:09:13 PM,1750846153276,Right,0.0613001,0.1826336,0.03535863,0.03834663,0.1085303,0.3806413,0.002721053,0.1823965,0.03645585,0.01841109,0.08997905,0.3776585,0.06742001,0.6637503,0.1782289,0.04128979,0.03712925,0.7627547,False,0,1,0
6/25/2025 12:09:13 PM,1750846153304,Right,0.06085392,0.1895372,0.02975085,0.03567632,0.110883,0.3764591,0.001727857,0.1910079,0.03203822,0.01472539,0.09357256,0.3745398,0.06828499,0.672331,0.1772826,0.03650737,0.03624244,0.7565644,False,0,1,0
6/25/2025 12:09:13 PM,1750846153317,Right,0.06061222,0.1933389,0.02710114,0.03439093,0.1124253,0.3738417,0.001675386,0.1956265,0.02972527,0.01352981,0.09578893,0.3722402,0.06883812,0.6768284,0.1768165,0.03460851,0.03606425,0.7532966,False,0,1,0
6/25/2025 12:09:13 PM,1750846153345,Right,0.06062062,0.2016835,0.02092971,0.03079477,0.1160352,0.3687019,-0.0001480095,0.2043915,0.02374858,0.009218028,0.09987228,0.3674073,0.07049227,0.6863787,0.1756482,0.02872179,0.03616402,0.7455285,False,0,1,0
6/25/2025 12:09:13 PM,1750846153359,Right,0.06041262,0.2061511,0.01787554,0.02897784,0.1178229,0.3660671,-0.0008086115,0.2092022,0.02087045,0.007418876,0.102275,0.3650715,0.07118297,0.6909682,0.1751006,0.02591609,0.03660706,0.7417011,False,0,1,0
6/25/2025 12:09:13 PM,1750846153387,Right,0.0570676,0.2160214,0.01190788,0.02501339,0.1219422,0.3602864,-0.002335474,0.2184129,0.01429429,0.00279348,0.1078959,0.3591998,0.07223105,0.7006614,0.1744041,0.01773774,0.03940037,0.7337744,False,0,1,0
6/25/2025 12:09:13 PM,1750846153401,Right,0.05662697,0.2209906,0.008667931,0.0232085,0.1242488,0.3573503,-0.003388282,0.2229502,0.01077391,0.0006071506,0.1105305,0.3562491,0.07252872,0.7054943,0.1739331,0.01419663,0.04070356,0.7295069,False,0,1,0
6/25/2025 12:09:13 PM,1750846153414,Right,0.05814303,0.2269384,0.004953308,0.02115536,0.1264339,0.3550512,-0.004475303,0.2274841,0.007619614,-0.001364254,0.1131719,0.3552718,0.07290816,0.7102067,0.1732355,0.01094935,0.04306939,0.725849,False,0,1,0
6/25/2025 12:09:13 PM,1750846153443,Right,0.05336133,0.236245,-0.001283932,0.01818355,0.1325799,0.3496993,-0.00754346,0.2364312,0.0001447871,-0.005944639,0.1197887,0.3487269,0.07361877,0.7199636,0.1721673,0.004450317,0.04830441,0.7174764,False,0,1,0
6/25/2025 12:09:13 PM,1750846153456,Right,0.05401961,0.2408526,-0.005283377,0.01651266,0.1358059,0.3475068,-0.007094756,0.2417872,-0.00332091,-0.006609263,0.123787,0.3472402,0.07376432,0.7249831,0.1717552,0.002599527,0.05237988,0.7137083,False,0,1,0
6/25/2025 12:09:13 PM,1750846153484,Right,0.05348659,0.250432,-0.01311733,0.01394094,0.1417517,0.3427933,-0.009282716,0.2506066,-0.01134546,-0.009987542,0.13061,0.3429902,0.07417417,0.7354339,0.1707542,-0.001787193,0.05984402,0.7053508,False,0,1,0
6/25/2025 12:09:13 PM,1750846153498,Right,0.05282455,0.2557942,-0.0174513,0.0127713,0.1460148,0.3408193,-0.01008392,0.2558776,-0.01492287,-0.01104568,0.1348438,0.3417922,0.07428479,0.7409998,0.1702342,-0.002802365,0.06464738,0.701651,False,0,1,0
6/25/2025 12:09:13 PM,1750846153526,Right,0.05196357,0.266628,-0.02520104,0.01106104,0.1546603,0.3375176,-0.01019817,0.2673059,-0.02304945,-0.01184992,0.1437507,0.3380464,0.07456791,0.752933,0.1689588,-0.003985887,0.07418817,0.6930281,False,0,1,0
6/25/2025 12:09:13 PM,1750846153540,Right,0.05199707,0.2720911,-0.02927413,0.01060394,0.1594739,0.3357933,-0.01150486,0.2735155,-0.02691094,-0.01277863,0.148473,0.3362843,0.07527125,0.7595387,0.1679374,-0.00448048,0.07903236,0.6887894,False,0,1,0
6/25/2025 12:09:13 PM,1750846153568,Right,0.05226678,0.284646,-0.03671534,0.01061997,0.1694821,0.3316032,-0.00976368,0.2863139,-0.03502204,-0.01164282,0.1590686,0.3315157,0.07706785,0.7732626,0.165253,-0.003933138,0.09000504,0.6801905,False,0,1,0
6/25/2025 12:09:13 PM,1750846153582,Right,0.0523342,0.2922039,-0.04044525,0.01092686,0.1751293,0.3299743,-0.009025153,0.2929316,-0.03885148,-0.01136782,0.1648516,0.3300591,0.07836175,0.7812201,0.1638442,-0.004058222,0.09660324,0.6763622,False,0,1,0
6/25/2025 12:09:13 PM,1750846153595,Right,0.05280489,0.3001942,-0.04378647,0.01160432,0.1805739,0.327673,-0.008537106,0.3002516,-0.04254515,-0.01099558,0.1711794,0.3278571,0.07970762,0.7894461,0.1625321,-0.004022792,0.1031517,0.6724593,False,0,1,0
6/25/2025 12:09:13 PM,1750846153623,Right,0.05397649,0.3168274,-0.05047091,0.01326905,0.1938216,0.3229847,-0.008136347,0.3159722,-0.04973852,-0.009711239,0.1840902,0.3227627,0.08298612,0.8077802,0.1599771,-0.00300428,0.1155056,0.6643251,False,0,1,0
6/25/2025 12:09:13 PM,1750846153637,Right,0.05390678,0.3258749,-0.05377376,0.01425525,0.2012166,0.3204248,-0.006439477,0.3250562,-0.05399427,-0.007756761,0.1914763,0.3191147,0.08485997,0.8178588,0.1589793,-0.001537336,0.1221804,0.6593902,False,0,1,0
6/25/2025 12:09:13 PM,1750846153664,Right,0.05437354,0.3445002,-0.06036096,0.01611133,0.2156131,0.313553,-0.003727634,0.34378,-0.06171853,-0.00532099,0.2074117,0.3114579,0.08946562,0.8395034,0.1573409,-0.0001767687,0.1363468,0.6503622,False,0,1,0
6/25/2025 12:09:13 PM,1750846153678,Right,0.05484334,0.3549373,-0.06382824,0.01731232,0.223607,0.3092581,-0.003682118,0.3531457,-0.06544724,-0.004418395,0.2154155,0.307207,0.09190965,0.8510073,0.1561167,0.0008530132,0.1431755,0.6458839,False,0,1,0
6/25/2025 12:09:13 PM,1750846153707,Right,0.05737665,0.3765197,-0.07119265,0.01993616,0.2394228,0.2990384,-0.002786018,0.3735312,-0.07373602,-0.00225901,0.2325387,0.2969338,0.09627879,0.8746862,0.1536479,0.002664638,0.1569939,0.6356173,False,0,1,0
6/25/2025 12:09:13 PM,1750846153720,Right,0.05772296,0.3880206,-0.07563651,0.02110545,0.2480344,0.2935852,-0.00356818,0.3842429,-0.07763428,-0.001987012,0.2408156,0.2920796,0.0982573,0.8871455,0.1528385,0.003051049,0.1630975,0.6302859,False,0,1,0
6/25/2025 12:09:13 PM,1750846153735,Right,0.05905404,0.3996006,-0.0804947,0.02217375,0.2564318,0.2878032,-0.003614888,0.3955261,-0.08180016,-0.00121802,0.2500469,0.2874112,0.1004893,0.8997691,0.1523204,0.003931408,0.1706885,0.6249468,False,0,1,0
6/25/2025 12:09:13 PM,1750846153762,Right,0.05563064,0.4241108,-0.08886512,0.02340583,0.2734607,0.2777948,-0.003973834,0.4183579,-0.09015419,-4.410045E-05,0.268171,0.2780123,0.1049052,0.9253687,0.1519463,0.005654042,0.1851186,0.6138393,False,0,1,0
6/25/2025 12:09:13 PM,1750846153776,Right,0.0554643,0.4362596,-0.09327661,0.02415803,0.2825236,0.2728577,-0.003875323,0.4307946,-0.09422808,0.0004404709,0.2782196,0.2736326,0.1067083,0.938039,0.1517445,0.006103922,0.1934625,0.6083913,False,0,1,0
6/25/2025 12:09:13 PM,1750846153804,Right,0.05353069,0.4609958,-0.09911451,0.02512293,0.3008757,0.2641398,-0.005183816,0.4554264,-0.1007528,0.0009000017,0.2977309,0.2645995,0.1095237,0.9633238,0.1518078,0.007721781,0.2081008,0.5983635,False,0,1,0
6/25/2025 12:09:13 PM,1750846153818,Right,0.05239187,0.4739081,-0.1020293,0.0258979,0.3103049,0.259892,-0.005653277,0.4676318,-0.1038534,0.001253319,0.3074206,0.2604591,0.1103586,0.9754199,0.1520557,0.008356174,0.2155499,0.5935408,False,0,1,0
6/25/2025 12:09:13 PM,1750846153846,Right,0.05143608,0.4993656,-0.1066001,0.02788907,0.3279899,0.2515789,-0.006795555,0.4925057,-0.10907,0.003006039,0.3259104,0.2519529,0.1127135,0.9980335,0.1540956,0.01221453,0.2279459,0.5835676,False,0,1,0
6/25/2025 12:09:13 PM,1750846153860,Right,0.05113104,0.5119259,-0.1092309,0.02925372,0.3370177,0.2477161,-0.006364569,0.5045879,-0.1118201,0.004382098,0.3350318,0.2481818,0.113796,1.008093,0.1555088,0.01422998,0.2346322,0.5786868,False,0,1,0
6/25/2025 12:09:13 PM,1750846153887,Right,0.05198089,0.5349227,-0.1128846,0.03192255,0.3529265,0.2404836,-0.005486481,0.5278544,-0.1155932,0.007569667,0.3512168,0.2408,0.1146165,1.026643,0.1591632,0.01989546,0.2442202,0.569248,False,0,1,0
6/25/2025 12:09:13 PM,1750846153901,Right,0.0529934,0.5465768,-0.1149338,0.03357768,0.361336,0.2369042,-0.004782744,0.5392662,-0.1175425,0.009369649,0.3595321,0.2373722,0.1145662,1.034918,0.1612145,0.02257012,0.2497691,0.5647649,False,0,1,0
6/25/2025 12:09:13 PM,1750846153915,Right,0.05413842,0.556531,-0.1163777,0.03588006,0.3686117,0.2334885,-0.001977898,0.5497882,-0.1198848,0.01205593,0.3671482,0.2329669,0.1146574,1.042554,0.1634951,0.02515534,0.2542469,0.5598351,False,0,1,0
6/25/2025 12:09:13 PM,1750846153943,Right,0.05761519,0.5755858,-0.1191577,0.04034285,0.3818813,0.2278647,0.0008550063,0.5680649,-0.1230347,0.01595516,0.3801134,0.2272242,0.1146497,1.055405,0.1692128,0.0292854,0.2624835,0.5521778,False,0,1,0
6/25/2025 12:09:13 PM,1750846153957,Right,0.0598857,0.5840421,-0.1202268,0.04295907,0.3878966,0.2252369,0.002960496,0.576144,-0.1242028,0.01848964,0.3860083,0.2246657,0.1147492,1.060476,0.1729403,0.03158578,0.2661851,0.5490032,False,0,1,0
6/25/2025 12:09:13 PM,1750846153985,Right,0.06413156,0.5989706,-0.1211186,0.04783702,0.3985562,0.2211221,0.006969824,0.5905577,-0.1254989,0.02334205,0.3964438,0.2203586,0.115105,1.06891,0.1815242,0.03618646,0.2722442,0.5437716,False,0,1,0
6/25/2025 12:09:13 PM,1750846153999,Right,0.06761941,0.605227,-0.1206621,0.05071577,0.4037005,0.2200498,0.009941548,0.5967557,-0.1255279,0.02609478,0.4013056,0.2187721,0.1151361,1.072046,0.1862328,0.03821686,0.2751525,0.5422085,False,0,1,0
6/25/2025 12:09:14 PM,1750846154026,Right,0.0730997,0.6158991,-0.1186495,0.05514641,0.4112015,0.2190441,0.01256105,0.6043328,-0.1253725,0.02972684,0.4071536,0.2168241,0.115216,1.075853,0.1957101,0.04155404,0.2783956,0.5402282,False,0,1,0
6/25/2025 12:09:14 PM,1750846154040,Right,0.07486345,0.6199048,-0.1176304,0.0573559,0.4133915,0.2188433,0.01633048,0.6090041,-0.1246205,0.03285411,0.4107614,0.2168511,0.1151743,1.076586,0.2010269,0.04337843,0.2808203,0.5399574,False,0,1,0
6/25/2025 12:09:14 PM,1750846154068,Right,0.0753075,0.6251765,-0.1161005,0.06221029,0.4174397,0.2197689,0.02222142,0.6158487,-0.1218303,0.03758846,0.414734,0.2179485,0.1152221,1.076657,0.2125722,0.04617556,0.281938,0.5400079,False,0,1,0
6/25/2025 12:09:14 PM,1750846154082,Right,0.07642864,0.6250921,-0.1130506,0.0645149,0.4181595,0.2216449,0.02450722,0.6174566,-0.1195657,0.0393085,0.4157149,0.2182242,0.1147296,1.075813,0.218819,0.04720946,0.2808903,0.5409704,False,0,1,0
6/25/2025 12:09:14 PM,1750846154096,Right,0.07897292,0.6237894,-0.1121588,0.0668725,0.4196087,0.2226864,0.02697916,0.6184597,-0.1169394,0.04138369,0.4161624,0.2190396,0.1141477,1.074605,0.2254862,0.04874921,0.2794881,0.5423969,False,0,1,0
6/25/2025 12:09:14 PM,1750846154124,Right,0.08266661,0.6258722,-0.1048485,0.07160322,0.422459,0.2246691,0.0315573,0.6201369,-0.1095012,0.04573061,0.4166175,0.220011,0.1121992,1.070174,0.2400244,0.05230776,0.2736141,0.5459311,False,0,1,0
6/25/2025 12:09:14 PM,1750846154138,Right,0.08423976,0.6265168,-0.09944042,0.07404212,0.4238999,0.2256369,0.03287091,0.619733,-0.1044227,0.04735241,0.416173,0.2201462,0.1112537,1.066744,0.2480888,0.05397651,0.2686579,0.5485712,False,0,1,0
6/25/2025 12:09:14 PM,1750846154165,Right,0.08710606,0.6269867,-0.08732103,0.08057329,0.4122475,0.2487826,0.03563398,0.6188624,-0.092455,0.05197874,0.4062786,0.2444536,0.108089,1.059227,0.2656114,0.05844498,0.2659445,0.5594873,False,0,1,0
6/25/2025 12:09:14 PM,1750846154179,Right,0.08788872,0.6261823,-0.07955313,0.08206989,0.4093904,0.2549989,0.0372031,0.618367,-0.08469145,0.05428141,0.4036985,0.2507327,0.1057758,1.055122,0.2749373,0.06123077,0.2612732,0.5649291,False,0,1,0
6/25/2025 12:09:14 PM,1750846154207,Right,0.08994921,0.6235983,-0.0622593,0.08472495,0.4029177,0.2693288,0.0389287,0.6161139,-0.06716967,0.05724594,0.3975824,0.2653567,0.1003277,1.046486,0.2941405,0.06535622,0.2512392,0.5780188,False,0,1,0
6/25/2025 12:09:14 PM,1750846154220,Right,0.0903773,0.6217461,-0.05205845,0.08495662,0.3992973,0.2772995,0.03961103,0.614592,-0.05658843,0.05820015,0.3947113,0.274039,0.09746361,1.042239,0.304112,0.06712455,0.246284,0.5866008,False,0,1,0
6/25/2025 12:09:14 PM,1750846154234,Right,0.09078873,0.6198151,-0.04167654,0.08480068,0.3957261,0.2849061,0.04021924,0.6126535,-0.04609805,0.05916952,0.3918413,0.2822795,0.0947057,1.037707,0.3144357,0.06856748,0.2410874,0.5951781,False,0,1,0
6/25/2025 12:09:14 PM,1750846154262,Right,0.0909005,0.6147703,-0.01691159,0.08466004,0.3889787,0.3086473,0.03995613,0.6068383,-0.02145499,0.05905737,0.383882,0.3055543,0.08916092,1.029303,0.3354702,0.06900581,0.2312263,0.6174282,False,0,1,0
6/25/2025 12:09:14 PM,1750846154276,Right,0.09075155,0.6121112,-0.003352769,0.08427265,0.385439,0.3216645,0.03997372,0.6042436,-0.007914975,0.05907474,0.3800642,0.318328,0.08572626,1.025839,0.3459499,0.06907444,0.2263139,0.6295977,False,0,1,0
6/25/2025 12:09:14 PM,1750846154304,Right,0.08892974,0.6046211,0.02720583,0.08221988,0.3796571,0.3528031,0.03828611,0.5979806,0.02305543,0.05638292,0.3743999,0.3491836,0.07881463,1.01939,0.3662959,0.06585529,0.2207426,0.6610457,False,0,1,0
6/25/2025 12:09:14 PM,1750846154318,Right,0.08771933,0.600913,0.0434581,0.08071018,0.3764781,0.3697801,0.03635474,0.5935509,0.03889239,0.05450402,0.370215,0.3655318,0.07498181,1.016551,0.3765188,0.06406789,0.2171156,0.6773503,False,0,1,0
6/25/2025 12:09:14 PM,1750846154346,Right,0.0835291,0.5929759,0.08001931,0.07581989,0.3720925,0.4089264,0.0319745,0.5857639,0.07559291,0.04958627,0.3661831,0.404994,0.06820369,1.010539,0.3973041,0.05905645,0.2168954,0.7184792,False,0,1,0
6/25/2025 12:09:14 PM,1750846154360,Right,0.08149646,0.5891403,0.09920119,0.07355374,0.3707471,0.4295833,0.02938521,0.5817959,0.0947573,0.04696813,0.3635606,0.4248795,0.06508636,1.008069,0.4076939,0.05649517,0.2154064,0.7390584,False,0,1,0
6/25/2025 12:09:14 PM,1750846154388,Right,0.07520451,0.5816305,0.1406799,0.06638448,0.369179,0.4745421,0.02336255,0.5748481,0.1359773,0.04029912,0.362857,0.4698316,0.05749118,1.004839,0.427869,0.04950199,0.2203625,0.7869433,False,0,1,0
6/25/2025 12:09:14 PM,1750846154401,Right,0.07216746,0.5778704,0.1619944,0.06258579,0.3695823,0.497908,0.01996146,0.5712511,0.1572734,0.03660644,0.3619201,0.4922925,0.05365682,1.00406,0.4380715,0.04569637,0.2215069,0.8108152,False,0,1,0
6/25/2025 12:09:14 PM,1750846154415,Right,0.06844193,0.5745097,0.183751,0.05835219,0.3710036,0.5219465,0.01650465,0.5680192,0.1793264,0.03212417,0.3634116,0.5166833,0.04984713,1.003443,0.4481246,0.04060641,0.226988,0.8375185,False,0,1,0
6/25/2025 12:09:14 PM,1750846154443,Right,0.06142267,0.5681531,0.226923,0.04818634,0.3746014,0.5716845,0.009289472,0.5623385,0.2229173,0.02254713,0.3663347,0.5662854,0.04282427,1.002957,0.4689896,0.02914807,0.2388218,0.8900325,False,0,1,0
6/25/2025 12:09:14 PM,1750846154457,Right,0.05756126,0.5656471,0.2496679,0.04208522,0.378228,0.5961661,0.005323669,0.5599362,0.245322,0.01638281,0.3704986,0.5909415,0.03929949,1.003319,0.4793408,0.02126019,0.2479745,0.9180225,True,0,1,1
6/25/2025 12:09:14 PM,1750846154485,Right,0.04955058,0.5616806,0.2936077,0.03008108,0.3868049,0.6467271,-0.00154424,0.5566745,0.2890907,0.005109147,0.3787919,0.6411825,0.03180289,1.005506,0.4996843,0.006324518,0.267433,0.9720091,True,0,1,1
6/25/2025 12:09:14 PM,1750846154499,Right,0.04503793,0.5622696,0.3186551,0.02350092,0.3919965,0.6727608,-0.006626777,0.5552951,0.3115229,-0.002483176,0.3850805,0.6663234,0.02809393,1.007103,0.5095421,-0.003189662,0.2801183,1.000265,True,0,1,1
6/25/2025 12:09:14 PM,1750846154526,Right,0.03558882,0.5627022,0.3611192,0.01136885,0.4044535,0.7202464,-0.01676632,0.5553219,0.3547703,-0.01608823,0.3970267,0.7147124,0.02225339,1.01045,0.5287049,-0.02000089,0.3030006,1.052211,True,0,1,1
6/25/2025 12:09:14 PM,1750846154540,Right,0.02947161,0.5631565,0.3823198,0.005517192,0.4114338,0.7441257,-0.02379912,0.5571581,0.3764358,-0.02313338,0.4041656,0.7385124,0.01939917,1.012173,0.5384198,-0.02723435,0.3149856,1.077464,True,0,1,1
6/25/2025 12:09:14 PM,1750846154568,Right,0.01790364,0.5679204,0.4209697,-0.00723742,0.4251557,0.7856398,-0.03534462,0.5617477,0.4155456,-0.03504514,0.4185567,0.7809307,0.01356387,1.0162,0.5574441,-0.03936603,0.3380975,1.122698,True,0,1,1
6/25/2025 12:09:14 PM,1750846154582,Right,0.01162841,0.5721906,0.4388815,-0.01205153,0.4330998,0.805106,-0.04128238,0.5655853,0.4337238,-0.04035609,0.4266875,0.8007939,0.01017284,1.01894,0.5659549,-0.04391359,0.3502762,1.143467,True,0,1,1
6/25/2025 12:09:14 PM,1750846154596,Right,0.005829699,0.5769915,0.4551662,-0.01655198,0.4404719,0.822611,-0.04711613,0.5703806,0.4501402,-0.04481894,0.434501,0.8184925,0.006700516,1.021858,0.5746109,-0.04706152,0.3610092,1.161662,True,0,1,1
6/25/2025 12:09:14 PM,1750846154623,Right,-0.005531172,0.5874863,0.4846784,-0.02390253,0.4556552,0.8537102,-0.05761658,0.5803367,0.4797115,-0.05243652,0.4496365,0.8495684,-0.001433134,1.027598,0.5907223,-0.05195875,0.3807638,1.194021,True,0,1,1
6/25/2025 12:09:14 PM,1750846154638,Right,-0.01063107,0.5929188,0.4970134,-0.02653088,0.462774,0.8665072,-0.06231195,0.585448,0.4924001,-0.05469133,0.4563231,0.8625222,-0.005304575,1.03078,0.5988533,-0.05191467,0.3887713,1.20746,True,0,1,1
6/25/2025 12:09:14 PM,1750846154665,Right,-0.01959098,0.6025981,0.5185056,-0.03126628,0.4760878,0.888169,-0.07227486,0.5946723,0.514231,-0.05979431,0.4688933,0.8841572,-0.01332283,1.037223,0.6133128,-0.05228096,0.4037547,1.230646,True,0,1,1
6/25/2025 12:09:14 PM,1750846154679,Right,-0.02435412,0.6061512,0.5271721,-0.03352662,0.4817803,0.8968741,-0.0772948,0.5980645,0.5233825,-0.06170826,0.4736001,0.892878,-0.01739192,1.040815,0.6198546,-0.0511245,0.4092579,1.240158,True,0,1,1
6/25/2025 12:09:14 PM,1750846154707,Right,-0.03249674,0.6119233,0.5414732,-0.0383279,0.4918321,0.9118298,-0.08739002,0.60557,0.5380853,-0.0663073,0.4840404,0.9074454,-0.0254432,1.04885,0.6318643,-0.0502688,0.4219891,1.255734,True,0,1,1
6/25/2025 12:09:14 PM,1750846154720,Right,-0.03590545,0.6136234,0.5464959,-0.04005437,0.4970794,0.9171231,-0.09145274,0.608044,0.5443999,-0.06835678,0.4887899,0.9136314,-0.02913308,1.053223,0.6372228,-0.05008069,0.4284774,1.262832,True,0,1,1
6/25/2025 12:09:14 PM,1750846154735,Right,-0.03943063,0.6151249,0.5512416,-0.04206526,0.5019075,0.9225411,-0.09419801,0.6095799,0.5482159,-0.06984214,0.4924006,0.9175231,-0.03263831,1.05801,0.6421672,-0.04993721,0.4337907,1.267409,True,0,1,1
6/25/2025 12:09:14 PM,1750846154763,Right,-0.04519199,0.61618,0.5565526,-0.04668604,0.5085995,0.9296537,-0.1000574,0.6115144,0.5543952,-0.07377417,0.4996547,0.9253786,-0.0395236,1.068135,0.6507553,-0.05170088,0.4461863,1.275802,True,0,1,1
6/25/2025 12:09:14 PM,1750846154777,Right,-0.04803985,0.6170989,0.5589816,-0.0487891,0.5120925,0.9328564,-0.1030129,0.6122622,0.5561699,-0.07597469,0.5034218,0.9279686,-0.04256463,1.073558,0.6545496,-0.05313328,0.4527922,1.278791,True,0,1,1
6/25/2025 12:09:14 PM,1750846154804,Right,-0.05265106,0.620985,0.5618044,-0.05236185,0.5179986,0.9358433,-0.106871,0.615037,0.5586134,-0.0799836,0.5097575,0.9310594,-0.04822421,1.084257,0.6604273,-0.05718184,0.4622919,1.282699,True,0,1,1
6/25/2025 12:09:14 PM,1750846154818,Right,-0.05461299,0.6225691,0.5631266,-0.05418918,0.5209507,0.9371551,-0.1086545,0.6167848,0.559774,-0.08141328,0.513046,0.9322475,-0.05089152,1.089625,0.6629972,-0.05825705,0.4668439,1.284397,True,0,1,1
6/25/2025 12:09:14 PM,1750846154846,Right,-0.05596543,0.6273845,0.5636801,-0.05700001,0.5264585,0.9378185,-0.1104971,0.6215232,0.5603666,-0.0845758,0.5181262,0.9329388,-0.05534554,1.100073,0.6665128,-0.06289302,0.4721896,1.285303,True,0,1,1
6/25/2025 12:09:14 PM,1750846154860,Right,-0.05657636,0.6299875,0.5638144,-0.05816076,0.5292273,0.9379939,-0.1114331,0.6245066,0.5604423,-0.08549832,0.5216836,0.9331671,-0.05741811,1.105221,0.667693,-0.06371834,0.4762916,1.285601,True,0,1,1
6/25/2025 12:09:14 PM,1750846154888,Right,-0.05581133,0.6359593,0.5624444,-0.05991765,0.5342706,0.9365852,-0.1116115,0.6311951,0.559413,-0.08718595,0.5275247,0.9320261,-0.06163561,1.11588,0.6695131,-0.0660973,0.4813758,1.284384,True,0,1,1
6/25/2025 12:09:14 PM,1750846154902,Right,-0.0552256,0.6388495,0.5615968,-0.06080153,0.5372754,0.9356211,-0.1108256,0.6353698,0.5584122,-0.08791526,0.5303813,0.9308302,-0.06383538,1.121228,0.6703192,-0.06782739,0.4830403,1.283013,True,0,1,1
6/25/2025 12:09:14 PM,1750846154915,Right,-0.05397148,0.6424842,0.5601318,-0.06136557,0.5407724,0.9337074,-0.109294,0.6389222,0.5570904,-0.08861138,0.5326095,0.9288939,-0.06640899,1.126972,0.6707982,-0.07025856,0.4838358,1.281331,True,0,1,1
6/25/2025 12:09:14 PM,1750846154943,Right,-0.05186676,0.6507767,0.557084,-0.06305698,0.5485501,0.9304458,-0.1082731,0.6475027,0.553732,-0.08996665,0.5404138,0.9254494,-0.071715,1.138392,0.6715937,-0.07365008,0.4909152,1.277874,True,0,1,1
6/25/2025 12:09:14 PM,1750846154957,Right,-0.05105504,0.6551886,0.5551998,-0.0639003,0.5533118,0.9286027,-0.1075465,0.6519394,0.551596,-0.09082936,0.544577,0.9233058,-0.07461309,1.144116,0.6711682,-0.07634543,0.4948097,1.275776,True,0,1,1
6/25/2025 12:09:14 PM,1750846154984,Right,-0.04948099,0.6643088,0.5512019,-0.06635399,0.5635923,0.9252084,-0.1061656,0.6598988,0.5467989,-0.09264828,0.5537429,0.9194192,-0.08035684,1.156113,0.669018,-0.08210872,0.5053113,1.271798,True,0,1,1
6/25/2025 12:09:14 PM,1750846154998,Right,-0.04883122,0.6690933,0.5488151,-0.06815399,0.5692531,0.9229943,-0.1050727,0.6633893,0.5439494,-0.09409656,0.5588381,0.9171671,-0.08325243,1.162588,0.6670172,-0.08648252,0.511929,1.269769,True,0,1,1
6/25/2025 12:09:15 PM,1750846155026,Right,-0.04765197,0.6770943,0.5433498,-0.07237509,0.5817335,0.9186004,-0.1039124,0.6706359,0.5378941,-0.09795238,0.5700781,0.9125493,-0.08885431,1.1763,0.6627415,-0.09580112,0.5270064,1.265496,True,0,1,1
6/25/2025 12:09:15 PM,1750846155040,Right,-0.04729215,0.6800126,0.5405185,-0.07565153,0.5887975,0.9161348,-0.1032261,0.6740282,0.5344913,-0.1009276,0.5765328,0.9095923,-0.09177816,1.183582,0.6602012,-0.1025142,0.5361332,1.263247,True,0,1,1
6/25/2025 12:09:15 PM,1750846155054,Right,-0.0471306,0.683196,0.5377938,-0.07920928,0.596,0.913775,-0.1028505,0.6775054,0.5310892,-0.1045229,0.5836813,0.9068528,-0.09499741,1.191303,0.6574363,-0.1100119,0.5466026,1.261098,True,0,1,1
6/25/2025 12:09:15 PM,1750846155082,Right,-0.04709148,0.6905385,0.5328203,-0.08772235,0.6114972,0.9093111,-0.1027208,0.6847942,0.5244603,-0.1121763,0.5982926,0.9013948,-0.1041021,1.207121,0.6507803,-0.1254003,0.5678779,1.256523,True,0,1,1
6/25/2025 12:09:15 PM,1750846155096,Right,-0.04740603,0.6947485,0.5308085,-0.09297294,0.620734,0.9065186,-0.1029132,0.6888461,0.5212665,-0.1174466,0.6069551,0.8978742,-0.1095288,1.215157,0.6463647,-0.1358408,0.5803727,1.25424,True,0,1,1
6/25/2025 12:09:15 PM,1750846155124,Right,-0.04831629,0.7044539,0.5272339,-0.1028704,0.6408926,0.8997886,-0.1026005,0.6972257,0.5157779,-0.127787,0.622606,0.8895252,-0.1213021,1.232483,0.6360514,-0.1579443,0.6013502,1.249157,True,0,1,1
6/25/2025 12:09:15 PM,1750846155138,Right,-0.04932288,0.7102808,0.5259333,-0.1106718,0.6514602,0.8993937,-0.1036979,0.7019357,0.5130161,-0.1359091,0.633583,0.8884844,-0.1270623,1.241437,0.6308659,-0.1732331,0.6186402,1.246724,True,0,1,1
6/25/2025 12:09:15 PM,1750846155166,Right,-0.05167136,0.7231514,0.5238159,-0.1292094,0.6728606,0.896883,-0.1049043,0.7124819,0.5087135,-0.1520111,0.6540488,0.8855928,-0.1400466,1.260409,0.6190909,-0.2048721,0.6486763,1.240858,True,0,1,1
6/25/2025 12:09:15 PM,1750846155179,Right,-0.05374285,0.7306174,0.5233527,-0.1407481,0.6833909,0.8927035,-0.1056002,0.7181866,0.5070176,-0.1620103,0.6641819,0.8813708,-0.1471671,1.270335,0.611717,-0.2253087,0.6622559,1.236841,True,0,1,1
6/25/2025 12:09:15 PM,1750846155207,Right,-0.0591768,0.747166,0.5259608,-0.1640282,0.7081593,0.8908589,-0.1072944,0.7311698,0.504176,-0.1830543,0.6858907,0.8754867,-0.1600492,1.290841,0.5960336,-0.2671007,0.691572,1.227359,True,0,1,1
6/25/2025 12:09:15 PM,1750846155221,Right,-0.06217154,0.7575432,0.5254111,-0.1783094,0.7212273,0.8881841,-0.1101521,0.7379483,0.5038217,-0.1976636,0.698072,0.8741201,-0.1667793,1.302003,0.5879916,-0.2939156,0.7086398,1.221786,True,0,1,1
6/25/2025 12:09:15 PM,1750846155235,Right,-0.06639408,0.7663041,0.5240945,-0.1932195,0.7331785,0.8849977,-0.1124382,0.745138,0.503374,-0.2103986,0.7100541,0.8728683,-0.1739469,1.313118,0.5796937,-0.3168831,0.7250071,1.216043,True,0,1,1
6/25/2025 12:09:15 PM,1750846155263,Right,-0.07540222,0.7861207,0.5248836,-0.226118,0.7591546,0.8770195,-0.1176297,0.7620539,0.5029622,-0.2422001,0.7353986,0.8651255,-0.1889954,1.334939,0.5613407,-0.3759404,0.7571589,1.198197,True,0,1,1
6/25/2025 12:09:15 PM,1750846155277,Right,-0.08015501,0.7972301,0.5257676,-0.2435716,0.7722775,0.8728638,-0.1206229,0.7716292,0.502463,-0.2573791,0.748396,0.8609434,-0.1972272,1.3458,0.5512168,-0.4031099,0.7728591,1.188247,True,0,1,1
6/25/2025 12:09:15 PM,1750846155304,Right,-0.09372289,0.8260779,0.528535,-0.281528,0.8005726,0.8619774,-0.127652,0.7931068,0.5021676,-0.293024,0.774444,0.8476692,-0.2151309,1.367147,0.5292878,-0.4681065,0.8016279,1.161044,True,0,1,1
6/25/2025 12:09:15 PM,1750846155319,Right,-0.101028,0.8391369,0.5286892,-0.3015031,0.8142959,0.8557721,-0.1320509,0.8044589,0.5014597,-0.3109733,0.7884887,0.841248,-0.2243162,1.377487,0.5176286,-0.4985309,0.8175927,1.146146,True,0,1,1
6/25/2025 12:09:15 PM,1750846155346,Right,-0.1163469,0.8683134,0.5314616,-0.3437918,0.8416182,0.8392259,-0.1436026,0.8272558,0.500975,-0.3513854,0.8154894,0.823153,-0.243166,1.397834,0.4933041,-0.5671355,0.8471774,1.109517,True,0,1,1
6/25/2025 12:09:15 PM,1750846155360,Right,-0.125234,0.8827642,0.5319095,-0.3663574,0.8562198,0.8288292,-0.150466,0.8405225,0.5005127,-0.3713752,0.8296533,0.8137231,-0.2523501,1.407653,0.4805342,-0.5997398,0.8614674,1.090271,True,0,1,1
6/25/2025 12:09:15 PM,1750846155388,Right,-0.146007,0.9113129,0.5305573,-0.4119231,0.8843824,0.8064169,-0.1661344,0.8683286,0.5013169,-0.4159145,0.8577184,0.7928171,-0.2716526,1.426913,0.4533567,-0.6712216,0.8875926,1.044102,True,0,1,1
6/25/2025 12:09:15 PM,1750846155401,Right,-0.1577063,0.925796,0.5294415,-0.4368273,0.8994807,0.793528,-0.174957,0.8819637,0.5003858,-0.4397384,0.8727095,0.7810008,-0.2813308,1.435661,0.4393324,-0.7062457,0.9030027,1.017483,True,0,1,1
6/25/2025 12:09:15 PM,1750846155416,Right,-0.1697196,0.9401377,0.5276476,-0.4612385,0.9122819,0.7800012,-0.1850309,0.8957133,0.4992277,-0.4640839,0.8867723,0.7663847,-0.2907939,1.444049,0.425233,-0.7426461,0.9164262,0.9878343,True,0,1,1
6/25/2025 12:09:15 PM,1750846155443,Right,-0.1944176,0.9711341,0.5229559,-0.5108532,0.9389219,0.7480759,-0.2065376,0.9229522,0.4966047,-0.5138121,0.9148734,0.7357295,-0.3075292,1.457974,0.3969306,-0.8124892,0.9433014,0.9238151,True,0,1,1
6/25/2025 12:09:15 PM,1750846155457,Right,-0.2095114,0.9862314,0.5185306,-0.5359128,0.9522694,0.7292109,-0.2197602,0.9388008,0.4932869,-0.5394423,0.9292758,0.7161112,-0.3154526,1.463753,0.3827618,-0.8480248,0.9552478,0.8871311,True,0,1,1
6/25/2025 12:09:15 PM,1750846155485,Right,-0.2419608,1.011433,0.5085967,-0.5850973,0.9761345,0.6887898,-0.2448764,0.9647809,0.4876432,-0.5843806,0.9512861,0.677128,-0.3302864,1.474148,0.3550668,-0.9104674,0.9707814,0.8148323,True,0,1,1
6/25/2025 12:09:15 PM,1750846155499,Right,-0.2584667,1.025581,0.5016937,-0.6093864,0.9903644,0.6659058,-0.2593326,0.9763376,0.4832771,-0.6080425,0.9619356,0.6548595,-0.3372688,1.478926,0.3420889,-0.9416337,0.978487,0.7740703,True,0,1,1
6/25/2025 12:09:15 PM,1750846155527,Right,-0.2916884,1.051237,0.4843168,-0.6565387,1.018161,0.6173792,-0.2892267,0.9991721,0.4725717,-0.6537516,0.981382,0.6089405,-0.3510671,1.488155,0.3172089,-0.997786,0.9906506,0.6915948,True,0,1,1
6/25/2025 12:09:15 PM,1750846155541,Right,-0.3092814,1.064711,0.4744043,-0.6782947,1.031547,0.5898035,-0.3042767,1.011704,0.4654299,-0.6727625,0.9901353,0.5847996,-0.3578171,1.49233,0.3057687,-1.022141,0.9928365,0.6509434,True,0,1,1
6/25/2025 12:09:15 PM,1750846155554,Right,-0.3259452,1.077074,0.4634384,-0.6989962,1.041271,0.5628685,-0.3194115,1.023091,0.4579351,-0.6925572,0.9990736,0.5601341,-0.364447,1.495999,0.2947621,-1.045113,0.9960951,0.6086944,True,0,1,1
6/25/2025 12:09:15 PM,1750846155582,Right,-0.3585151,1.099579,0.4384721,-0.7396583,1.05863,0.5066326,-0.3496064,1.043383,0.4403627,-0.7314947,1.013398,0.5087174,-0.3762963,1.502141,0.2739024,-1.085314,0.9979419,0.5226433,True,0,1,1
6/25/2025 12:09:15 PM,1750846155596,Right,-0.3745055,1.108578,0.4246148,-0.7616681,1.061981,0.4781832,-0.3644374,1.053612,0.4315067,-0.7539452,1.025044,0.4780971,-0.382309,1.505105,0.2635703,-1.103649,1.006934,0.4700788,True,0,1,1
6/25/2025 12:09:15 PM,1750846155624,Right,-0.4034523,1.127409,0.3910157,-0.8067704,1.057099,0.4208717,-0.3940271,1.070912,0.4140989,-0.8019027,1.034496,0.425551,-0.3935099,1.510289,0.2449132,-1.13196,1.002347,0.3848766,False,0,1,1
6/25/2025 12:09:15 PM,1750846155638,Right,-0.4180079,1.132009,0.3743204,-0.8314266,1.047805,0.3896634,-0.408566,1.078482,0.4049103,-0.8268061,1.038017,0.39773,-0.3992699,1.51247,0.2356546,-1.143409,0.9993373,0.3429199,False,0,1,1
6/25/2025 12:09:15 PM,1750846155665,Right,-0.4410386,1.139539,0.3485469,-0.8682085,1.024395,0.3425887,-0.4345649,1.090441,0.3829516,-0.8726057,1.037132,0.3423436,-0.4110733,1.516486,0.217939,-1.15982,0.9861445,0.2679402,False,0,1,1
6/25/2025 12:09:15 PM,1750846155679,Right,-0.4516845,1.143139,0.3344304,-0.835987,1.079841,0.3163064,-0.4464228,1.098181,0.3729799,-0.8303565,1.042146,0.3276018,-0.4166451,1.518117,0.2092366,-1.16559,0.9734107,0.2413337,False,0,1,1
6/25/2025 12:09:15 PM,1750846155707,Right,-0.4724521,1.14763,0.3092614,-0.8526299,1.077024,0.2728799,-0.4683847,1.108673,0.3555816,-0.8442341,1.039946,0.2850427,-0.4274563,1.521373,0.1925453,-1.171951,0.9541054,0.1789365,False,0,1,1
6/25/2025 12:09:15 PM,1750846155721,Right,-0.4804077,1.14926,0.2979953,-0.8604354,1.076055,0.2470131,-0.4776367,1.11264,0.3460002,-0.851714,1.042718,0.2591457,-0.4327207,1.522753,0.184472,-1.172603,0.9543904,0.1408689,False,0,1,1
6/25/2025 12:09:15 PM,1750846155735,Right,-0.4879838,1.150599,0.2867313,-0.8663389,1.07505,0.2254581,-0.486605,1.115897,0.3365008,-0.8567749,1.038035,0.2390285,-0.4379436,1.523911,0.17672,-1.171903,0.940788,0.1133347,False,0,1,1
6/25/2025 12:09:15 PM,1750846155763,Right,-0.4994998,1.155603,0.2707345,-0.8727825,1.070531,0.1919496,-0.5015191,1.122314,0.3206862,-0.8646337,1.038716,0.2027013,-0.4481211,1.525392,0.1625314,-1.170611,0.9331543,0.06254971,False,0,1,1
6/25/2025 12:09:15 PM,1750846155777,Right,-0.5046755,1.15644,0.2621168,-0.8757288,1.067946,0.1761461,-0.5086746,1.125675,0.3137482,-0.8672876,1.033765,0.1879248,-0.4530978,1.525675,0.1563826,-1.167639,0.9193981,0.04297975,False,0,1,1
6/25/2025 12:09:15 PM,1750846155804,Right,-0.5124391,1.158685,0.2507955,-0.8788831,1.061218,0.1559558,-0.5178049,1.130574,0.302912,-0.8696913,1.030092,0.165619,-0.4625949,1.525358,0.1461697,-1.162652,0.9065746,0.01291749,False,0,1,1
6/25/2025 12:09:15 PM,1750846155819,Right,-0.5155584,1.159843,0.2457746,-0.8801981,1.057565,0.1480502,-0.5218199,1.132609,0.2964883,-0.8698972,1.024284,0.1547637,-0.4674039,1.524207,0.142307,-1.158063,0.8930237,2.026558E-05,False,0,1,1
6/25/2025 12:09:15 PM,1750846155846,Right,-0.5208771,1.161165,0.2366752,-0.8821618,1.049898,0.1362059,-0.5274418,1.134986,0.2879616,-0.8719784,1.018948,0.1436398,-0.4770477,1.521032,0.1350813,-1.156094,0.8804081,-0.01218376,False,0,1,1
6/25/2025 12:09:15 PM,1750846155860,Right,-0.5233352,1.160805,0.2328268,-0.8832073,1.045797,0.1323035,-0.5302671,1.135458,0.283915,-0.8714369,1.012448,0.1378289,-0.4816054,1.519079,0.1314819,-1.152126,0.8670154,-0.01829439,False,0,1,1
6/25/2025 12:09:15 PM,1750846155888,Right,-0.5259287,1.158374,0.2252398,-0.8857884,1.037559,0.1272668,-0.5338346,1.134957,0.2776029,-0.8752635,1.00781,0.1329253,-0.4905659,1.514447,0.1248821,-1.154277,0.8592955,-0.02099705,False,0,1,1
6/25/2025 12:09:15 PM,1750846155902,Right,-0.5266086,1.156196,0.2218965,-0.8868471,1.033442,0.1260796,-0.5351548,1.133721,0.2744537,-0.8748409,1.001542,0.1289068,-0.4952556,1.512027,0.1216708,-1.1511,0.84843,-0.0244126,False,0,1,1
6/25/2025 12:09:15 PM,1750846155916,Right,-0.5270221,1.153785,0.2181145,-0.8878593,1.029429,0.1250318,-0.5357407,1.132091,0.271826,-0.8767444,0.999251,0.1290728,-0.4998178,1.509552,0.1185124,-1.153771,0.8457801,-0.02171212,False,0,1,1
6/25/2025 12:09:15 PM,1750846155944,Right,-0.5269557,1.149283,0.2104145,-0.88959,1.021938,0.1253565,-0.5353813,1.127074,0.2639149,-0.877692,0.990538,0.125672,-0.5091804,1.50458,0.1120625,-1.154632,0.8340856,-0.02031502,False,0,1,1
6/25/2025 12:09:15 PM,1750846155958,Right,-0.526319,1.146564,0.2059542,-0.8905239,1.018101,0.1263294,-0.5348733,1.124352,0.259989,-0.8800867,0.9885474,0.1264232,-0.5134857,1.501759,0.1095263,-1.158928,0.8331599,-0.01544315,False,0,1,1
6/25/2025 12:09:15 PM,1750846155985,Right,-0.5248857,1.139852,0.1986783,-0.8928063,1.010828,0.1283004,-0.5332181,1.11806,0.2521835,-0.8828231,0.9815481,0.1254608,-0.5216672,1.495449,0.1044917,-1.163005,0.8264832,-0.009448439,False,0,1,1
6/25/2025 12:09:15 PM,1750846155999,Right,-0.5237872,1.136674,0.1949013,-0.8934887,1.007866,0.1297333,-0.5321147,1.114688,0.247733,-0.8854547,0.979214,0.1282753,-0.5255036,1.492132,0.1021585,-1.168378,0.8254905,-0.0005297065,False,0,1,1
6/25/2025 12:09:16 PM,1750846156027,Right,-0.5210584,1.130606,0.1873009,-0.8942291,1.002086,0.1333334,-0.5296792,1.108158,0.2403937,-0.8876483,0.9719407,0.1311014,-0.5324774,1.48599,0.09704947,-1.172865,0.8182691,0.01153311,False,0,1,1
6/25/2025 12:09:16 PM,1750846156040,Right,-0.5199962,1.127637,0.1840229,-0.8944914,0.9996255,0.1353494,-0.5284789,1.105332,0.2370127,-0.8895391,0.9707787,0.1345631,-0.5355115,1.483018,0.09471226,-1.17741,0.8188035,0.02047232,False,0,1,1
6/25/2025 12:09:16 PM,1750846156054,Right,-0.5189883,1.125394,0.1811689,-0.894278,0.9975502,0.1372306,-0.5272356,1.10283,0.2337303,-0.8889812,0.966361,0.1348467,-0.5383067,1.480404,0.09288776,-1.176901,0.8128176,0.02413958,False,0,1,1
6/25/2025 12:09:16 PM,1750846156082,Right,-0.5172547,1.121163,0.1762242,-0.8944171,0.9937707,0.1410164,-0.5249389,1.098017,0.2291138,-0.8916816,0.9652914,0.1420486,-0.5430088,1.476052,0.09130311,-1.184234,0.815635,0.04019532,False,0,1,1
6/25/2025 12:09:16 PM,1750846156096,Right,-0.5144701,1.118726,0.1741637,-0.8945106,0.9919507,0.1429229,-0.5239496,1.095553,0.2273101,-0.8943311,0.9637576,0.1445394,-0.5449464,1.474588,0.09065902,-1.186889,0.8164646,0.04641896,False,0,1,1
6/25/2025 12:09:16 PM,1750846156124,Right,-0.5129014,1.116197,0.1712642,-0.8941801,0.989186,0.1468766,-0.5216463,1.091098,0.2240787,-0.89452,0.959724,0.1481507,-0.547482,1.472951,0.09048879,-1.188435,0.8137317,0.05508,False,0,1,1
6/25/2025 12:09:16 PM,1750846156138,Right,-0.513079,1.115682,0.1712888,-0.893976,0.9880524,0.1491742,-0.5207627,1.089423,0.2239353,-0.8944759,0.9594734,0.1511071,-0.5484326,1.473122,0.09188735,-1.189972,0.8151155,0.05957389,False,0,1,1
6/25/2025 12:09:16 PM,1750846156165,Right,-0.5140512,1.11606,0.1739141,-0.8934641,0.986316,0.1539893,-0.5192315,1.087355,0.2255871,-0.8928943,0.9577169,0.156479,-0.5492702,1.474607,0.0965122,-1.190182,0.8143915,0.06616396,False,0,1,1
6/25/2025 12:09:16 PM,1750846156179,Right,-0.5144637,1.116884,0.1771812,-0.8933413,0.985337,0.1576858,-0.5181742,1.086236,0.2277432,-0.8923577,0.9574065,0.1597175,-0.5494938,1.476134,0.09995496,-1.190363,0.8159796,0.06892398,False,0,1,1
6/25/2025 12:09:16 PM,1750846156207,Right,-0.5148267,1.11843,0.185802,-0.8909695,0.9834815,0.1669036,-0.5160788,1.084001,0.2343936,-0.8890162,0.9552517,0.1679219,-0.5496957,1.479727,0.1087685,-1.188963,0.8155464,0.07546085,False,0,1,1
6/25/2025 12:09:16 PM,1750846156221,Right,-0.5164974,1.11967,0.1930517,-0.889905,0.9814795,0.1737357,-0.5144619,1.082242,0.2393182,-0.8862433,0.9544783,0.172908,-0.5492649,1.481769,0.1142241,-1.188074,0.8169795,0.07812542,False,0,1,1
6/25/2025 12:09:16 PM,1750846156235,Right,-0.5173107,1.120644,0.2003764,-0.8887477,0.9795509,0.1803049,-0.5130495,1.080624,0.2452769,-0.8836752,0.952114,0.1786737,-0.5477943,1.483621,0.1200907,-1.186124,0.8151351,0.08222216,False,0,1,1
6/25/2025 12:09:16 PM,1750846156263,Right,-0.5176091,1.123138,0.2241796,-0.8837383,0.9731227,0.1982822,-0.5081269,1.076781,0.261494,-0.8764848,0.9473347,0.1921455,-0.5434034,1.487316,0.1324222,-1.180856,0.8172356,0.08779392,False,0,1,1
6/25/2025 12:09:16 PM,1750846156277,Right,-0.5173246,1.124921,0.2382029,-0.8808214,0.9702009,0.2072823,-0.5046239,1.074311,0.2704508,-0.8721206,0.9434447,0.2007804,-0.540695,1.489557,0.1381612,-1.176877,0.8148583,0.09477952,False,0,1,1
6/25/2025 12:09:16 PM,1750846156305,Right,-0.5117241,1.122359,0.2714245,-0.8716863,0.9654042,0.2259464,-0.4932661,1.06604,0.2872384,-0.8596318,0.933835,0.2194969,-0.5329039,1.49414,0.1511577,-1.168984,0.8157703,0.1115397,False,0,1,1
6/25/2025 12:09:16 PM,1750846156318,Right,-0.5079928,1.120384,0.2892164,-0.8641322,0.9556202,0.2427945,-0.4871076,1.061565,0.2960572,-0.8528113,0.9278066,0.2289815,-0.528466,1.496653,0.1588928,-1.163369,0.8121742,0.1212005,False,0,1,1
6/25/2025 12:09:16 PM,1750846156347,Right,-0.4918461,1.108756,0.3229417,-0.8442793,0.9384318,0.2691796,-0.469627,1.05186,0.3131206,-0.8351969,0.9158868,0.2502004,-0.5176011,1.501499,0.1753944,-1.152056,0.8129365,0.1478727,False,0,1,1
6/25/2025 12:09:16 PM,1750846156360,Right,-0.4820327,1.101674,0.3400066,-0.8342135,0.9311685,0.2821214,-0.4596358,1.047528,0.3211983,-0.8252482,0.9100641,0.2591016,-0.5108724,1.504151,0.1844907,-1.143347,0.8101191,0.1590981,False,0,1,1
6/25/2025 12:09:16 PM,1750846156388,Right,-0.4536165,1.084504,0.3673673,-0.8061671,0.9187398,0.3089254,-0.4346987,1.038833,0.3378814,-0.7984591,0.8981868,0.2820214,-0.4944599,1.509492,0.2030466,-1.125388,0.8083305,0.196755,False,0,1,1
6/25/2025 12:09:16 PM,1750846156402,Right,-0.4386211,1.073316,0.3782912,-0.7906945,0.9119729,0.3230952,-0.4198763,1.031311,0.3440449,-0.7809818,0.8892804,0.2936416,-0.4842046,1.511774,0.2128645,-1.112417,0.7989343,0.2156345,False,0,1,1
6/25/2025 12:09:16 PM,1750846156416,Right,-0.4201956,1.061481,0.3839523,-0.7717616,0.9046732,0.3367956,-0.4023288,1.022822,0.3465666,-0.7612789,0.8805001,0.3091712,-0.4732913,1.51391,0.2225711,-1.09967,0.7906417,0.2470255,False,0,1,1
6/25/2025 12:09:16 PM,1750846156443,Right,-0.3797111,1.039207,0.3927791,-0.734569,0.8883287,0.363553,-0.3656,1.006509,0.3445576,-0.7254929,0.8659408,0.3277483,-0.4472669,1.517351,0.242003,-1.069881,0.7801095,0.2913459,False,0,1,1
6/25/2025 12:09:16 PM,1750846156458,Right,-0.3575497,1.028842,0.3928115,-0.7125964,0.8785974,0.3757412,-0.3458948,1.000957,0.3403657,-0.7050878,0.8598703,0.3411548,-0.4322556,1.518136,0.2514228,-1.051878,0.7741411,0.3247943,False,0,1,1
6/25/2025 12:09:16 PM,1750846156485,Right,-0.3136854,1.007106,0.3860115,-0.667605,0.858813,0.3976468,-0.3076015,0.9870195,0.3290845,-0.6623416,0.843379,0.3588199,-0.4007545,1.518527,0.268288,-1.010543,0.7550721,0.3757056,False,0,1,1
6/25/2025 12:09:16 PM,1750846156499,Right,-0.2884887,0.9993712,0.3801916,-0.6380948,0.8479891,0.4031703,-0.2890924,0.9839223,0.3233727,-0.6370994,0.8353789,0.3732851,-0.3841193,1.517883,0.2761412,-0.984093,0.7411534,0.4135807,False,0,1,1
6/25/2025 12:09:16 PM,1750846156527,Right,-0.2399511,0.9870419,0.3650181,-0.5860751,0.8298398,0.4189333,-0.2498076,0.9725685,0.3056459,-0.5925248,0.8179601,0.384124,-0.3506887,1.51461,0.2896986,-0.9306211,0.7202878,0.4571303,False,0,1,1
6/25/2025 12:09:16 PM,1750846156541,Right,-0.216214,0.9804412,0.3554555,-0.5589662,0.8195778,0.4272587,-0.2298042,0.9688218,0.2946989,-0.5666627,0.8096461,0.3924036,-0.3343426,1.511888,0.296023,-0.8974095,0.7084984,0.4861015,False,0,1,1
6/25/2025 12:09:16 PM,1750846156555,Right,-0.1935985,0.9754162,0.3433335,-0.5271881,0.8121897,0.4322658,-0.2110455,0.9647599,0.2819363,-0.5345775,0.8005288,0.4009106,-0.3183268,1.508545,0.3024466,-0.8584543,0.6916153,0.5193261,False,0,1,1
6/25/2025 12:09:16 PM,1750846156582,Right,-0.152497,0.9672218,0.3158946,-0.4692846,0.7977443,0.4416898,-0.1749522,0.9597234,0.2603062,-0.4799877,0.7876588,0.4091254,-0.2864527,1.500628,0.3154933,-0.7873754,0.6696568,0.5618015,False,0,1,1
6/25/2025 12:09:16 PM,1750846156596,Right,-0.1326274,0.963322,0.3007752,-0.4390346,0.7900832,0.4431637,-0.1581182,0.9567972,0.246152,-0.4502845,0.7811548,0.4131423,-0.2706866,1.495871,0.3221575,-0.7458239,0.6585963,0.5864142,False,0,1,1
6/25/2025 12:09:16 PM,1750846156624,Right,-0.09455396,0.9554097,0.2683128,-0.3792383,0.7752474,0.4448825,-0.1269282,0.9494392,0.2176576,-0.3967367,0.7678022,0.4144499,-0.2397709,1.484162,0.335427,-0.6684968,0.6395844,0.6186485,False,0,1,1
6/25/2025 12:09:16 PM,1750846156638,Right,-0.07821425,0.9511948,0.2502187,-0.3488476,0.7692549,0.4435725,-0.1135969,0.9454249,0.2010987,-0.3660367,0.7610879,0.4153791,-0.2247639,1.47735,0.3419307,-0.6222575,0.6290119,0.6384169,False,0,1,1
6/25/2025 12:09:16 PM,1750846156666,Right,-0.05021854,0.9443858,0.2132644,-0.2893198,0.75588,0.437544,-0.09120999,0.9389315,0.16744,-0.3115619,0.7489997,0.4087754,-0.195685,1.461618,0.355476,-0.5365195,0.6101806,0.6611226,False,0,1,1
6/25/2025 12:09:16 PM,1750846156680,Right,-0.03980572,0.9414917,0.1932721,-0.2608447,0.7495203,0.4314942,-0.08341949,0.9349279,0.1490548,-0.2826251,0.7425357,0.4052835,-0.1818577,1.452842,0.3621968,-0.4869763,0.6004876,0.6738326,False,0,1,1
6/25/2025 12:09:16 PM,1750846156708,Right,-0.02407452,0.9355777,0.1523566,-0.2080767,0.7361057,0.4182272,-0.07180769,0.9324312,0.116997,-0.2349616,0.7326009,0.3954974,-0.1556103,1.433087,0.3741579,-0.3995351,0.5852685,0.6845998,False,0,1,1
6/25/2025 12:09:16 PM,1750846156722,Right,-0.02038214,0.9342024,0.1314921,-0.1820895,0.7303795,0.4088525,-0.06869375,0.9294091,0.09975849,-0.2085159,0.7260066,0.3887368,-0.1432171,1.422297,0.3799117,-0.3489685,0.575453,0.6881981,False,0,1,1
6/25/2025 12:09:16 PM,1750846156735,Right,-0.01795539,0.9318395,0.1106678,-0.1565942,0.7252668,0.3982698,-0.06678414,0.9268165,0.08306357,-0.1893369,0.7196399,0.3800749,-0.1315609,1.410506,0.3852903,-0.3103118,0.5676649,0.6845654,False,0,1,1
6/25/2025 12:09:16 PM,1750846156763,Right,-0.01428933,0.9304315,0.07840627,-0.1101025,0.7146395,0.3761339,-0.06752813,0.9261246,0.05610701,-0.1397388,0.7116334,0.3611534,-0.1094205,1.386076,0.3967702,-0.2123557,0.5494658,0.6784037,False,0,1,1
6/25/2025 12:09:16 PM,1750846156777,Right,-0.01499793,0.9289201,0.06131444,-0.08829954,0.7098376,0.3629781,-0.06856757,0.9263645,0.04329202,-0.1211631,0.7073373,0.3508348,-0.09903371,1.373154,0.4029591,-0.1732087,0.5420716,0.6689671,False,0,1,1
6/25/2025 12:09:16 PM,1750846156805,Right,-0.01623527,0.9294226,0.03353592,-0.04865746,0.7005388,0.3360921,-0.07602283,0.9251526,0.02253971,-0.08225369,0.6965246,0.3267803,-0.07823527,1.346994,0.4154931,-0.08837233,0.520629,0.6440767,False,0,1,1
6/25/2025 12:09:16 PM,1750846156819,Right,-0.01941177,0.9310222,0.02233251,-0.03086804,0.6957026,0.3215898,-0.0795854,0.9248795,0.0127418,-0.0658301,0.6917127,0.314903,-0.0695225,1.333547,0.4213865,-0.05211513,0.5126892,0.6287326,False,0,1,1
6/25/2025 12:09:16 PM,1750846156846,Right,-0.02619227,0.9336154,0.003480491,-0.0004878333,0.6855643,0.2929475,-0.08563186,0.92475,-0.0001094937,-0.03494953,0.6806863,0.28927,-0.05212057,1.304716,0.4325558,0.01488899,0.4902588,0.5925228,False,0,1,1
6/25/2025 12:09:16 PM,1750846156861,Right,-0.02853038,0.9369714,-0.002299548,0.01210434,0.6802628,0.2784521,-0.08883186,0.9243949,-0.006009758,-0.02050949,0.6751944,0.2779722,-0.0439322,1.290083,0.4378092,0.04624118,0.4819942,0.5737634,False,0,1,1
6/25/2025 12:09:16 PM,1750846156889,Right,-0.03314735,0.939374,-0.01211594,0.03347388,0.6698572,0.2533696,-0.09502747,0.922329,-0.01258138,0.0002214089,0.6629213,0.2541033,-0.03036714,1.26067,0.4462532,0.09241665,0.4589005,0.5353227,False,0,1,1
6/25/2025 12:09:16 PM,1750846156902,Right,-0.0339012,0.9387062,-0.01497103,0.04151588,0.6633556,0.2417962,-0.09848356,0.920502,-0.01580864,0.01135944,0.6575077,0.2428708,-0.02439892,1.245897,0.4497941,0.1173029,0.4507495,0.5160455,False,0,1,1
6/25/2025 12:09:16 PM,1750846156916,Right,-0.03500074,0.9383788,-0.01739969,0.04859437,0.6565477,0.2308924,-0.09856275,0.9182699,-0.01746199,0.01970635,0.6506632,0.2323622,-0.01930785,1.232229,0.453065,0.1333868,0.4385646,0.4984667,False,0,1,1
6/25/2025 12:09:16 PM,1750846156944,Right,-0.03873772,0.9336383,-0.01468648,0.06040293,0.6413716,0.216416,-0.09952828,0.9119366,-0.01546112,0.03432278,0.636265,0.2183929,-0.01096046,1.205146,0.4594409,0.1623279,0.4162937,0.470203,False,0,1,1
6/25/2025 12:09:16 PM,1750846156958,Right,-0.03843432,0.9285569,-0.0120071,0.06450478,0.6310147,0.2135742,-0.09851313,0.9077561,-0.01213506,0.03877954,0.6259634,0.2152101,-0.007488728,1.192189,0.462901,0.1684951,0.4018479,0.4599493,False,0,1,1
6/25/2025 12:09:16 PM,1750846156985,Right,-0.03711652,0.914297,-0.00494589,0.06805717,0.6107012,0.2120765,-0.09633062,0.895162,-0.006133795,0.04695234,0.6067039,0.2091835,-0.001508951,1.167041,0.4700536,0.181877,0.3754076,0.4439285,False,0,1,1
6/25/2025 12:09:16 PM,1750846156999,Right,-0.03609413,0.9062788,-0.0001826587,0.06895833,0.5999463,0.2128636,-0.09461353,0.886399,-6.362796E-05,0.04660039,0.5940882,0.2117554,-0.000218749,1.155554,0.4734868,0.1789468,0.3588525,0.4437377,False,0,1,1
6/25/2025 12:09:17 PM,1750846157027,Right,-0.03093088,0.8849639,0.01431177,0.06787122,0.5760703,0.2257663,-0.09089881,0.8658699,0.0133943,0.04930803,0.5697612,0.2196546,0.001133919,1.13438,0.4801344,0.1809325,0.3295845,0.447682,False,0,1,1
6/25/2025 12:09:17 PM,1750846157041,Right,-0.02770256,0.8735338,0.02274561,0.06709999,0.5629651,0.2343947,-0.08827575,0.8527399,0.02186131,0.04610737,0.5550814,0.2305885,0.0008269548,1.124345,0.4833609,0.1718379,0.3141387,0.4604383,False,0,1,1
6/25/2025 12:09:17 PM,1750846157055,Right,-0.02337739,0.860109,0.03335153,0.06586818,0.5495297,0.2477702,-0.08412394,0.8398248,0.0321438,0.0424965,0.5412583,0.2447753,0.00025177,1.1145,0.4868979,0.1603365,0.2998484,0.4779742,False,0,1,1
6/25/2025 12:09:17 PM,1750846157082,Right,-0.01583407,0.8333457,0.06067862,0.06010984,0.5233307,0.2773186,-0.07579969,0.8113087,0.05625817,0.04047762,0.514357,0.2734313,-0.001445055,1.095977,0.4939163,0.1483082,0.2715597,0.5129275,False,0,1,1
6/25/2025 12:09:17 PM,1750846157096,Right,-0.01152291,0.8168325,0.07868455,0.0590747,0.5095457,0.30021,-0.07150426,0.7944685,0.07210231,0.03487194,0.4994248,0.2959926,-0.001900196,1.087023,0.4975078,0.1319934,0.2579266,0.5420083,False,0,1,1
6/25/2025 12:09:17 PM,1750846157124,Right,-0.00364513,0.7846009,0.1180161,0.05211257,0.480985,0.3492686,-0.06490852,0.7600855,0.1075068,0.03049155,0.4685559,0.3412656,-0.003677607,1.070786,0.5037458,0.1141092,0.2310682,0.5955576,False,0,1,1
6/25/2025 12:09:17 PM,1750846157138,Right,-0.004685135,0.7658541,0.141436,0.04667193,0.4657302,0.3800806,-0.06189477,0.7420869,0.1292737,0.02335213,0.4536418,0.3724716,-0.005302668,1.063096,0.5062774,0.09531949,0.2212305,0.6333495,False,0,1,1
6/25/2025 12:09:17 PM,1750846157166,Right,-0.001774893,0.7339846,0.1915596,0.03838365,0.4416769,0.4456992,-0.05552756,0.7081869,0.1761675,0.01628582,0.4263287,0.4349235,-0.009380341,1.048857,0.5107358,0.07323545,0.2047406,0.7053764,False,0,1,1
6/25/2025 12:09:17 PM,1750846157180,Right,-0.001767323,0.7173464,0.2176405,0.03166764,0.4327443,0.480227,-0.05657368,0.6909232,0.2026182,0.005121887,0.4168451,0.4711497,-0.01098847,1.042022,0.5128636,0.05197152,0.202435,0.7500644,False,0,1,1
6/25/2025 12:09:17 PM,1750846157208,Right,-0.007584495,0.6808323,0.2665294,0.02060443,0.412392,0.5453452,-0.05984738,0.6618915,0.2560201,-0.007853113,0.4012994,0.538871,-0.01307786,1.030779,0.5170112,0.02825354,0.1998422,0.8294735,False,0,1,1
6/25/2025 12:09:17 PM,1750846157221,Right,-0.01443777,0.6676271,0.2959972,0.01069574,0.4202494,0.5760765,-0.06367124,0.6492746,0.2837563,-0.02081329,0.4073812,0.5656352,-0.01407349,1.025972,0.5194631,0.008548915,0.2062962,0.8742261,False,0,1,1
6/25/2025 12:09:17 PM,1750846157235,Right,-0.02039258,0.6575469,0.3236515,0.0005719399,0.4187979,0.6187719,-0.06736069,0.637764,0.3108205,-0.02396385,0.3968786,0.6065991,-0.01500154,1.02128,0.5219214,0.003526382,0.2100123,0.912571,True,0,1,2
6/25/2025 12:09:17 PM,1750846157263,Right,-0.03483699,0.6399626,0.3757475,-0.01758968,0.4244669,0.6880841,-0.08019821,0.6212013,0.3608924,-0.04730645,0.4078138,0.6733205,-0.01706874,1.013499,0.5273433,-0.03117773,0.2440235,0.9976295,True,0,1,2
6/25/2025 12:09:17 PM,1750846157277,Right,-0.04319059,0.6316524,0.3992956,-0.02820029,0.4306935,0.7190014,-0.08740175,0.6130198,0.3863111,-0.05492991,0.4083058,0.7032858,-0.01839685,1.010755,0.5301603,-0.04003495,0.2520303,1.032487,True,0,1,2
6/25/2025 12:09:17 PM,1750846157305,Right,-0.05906542,0.6262754,0.442213,-0.04742433,0.4462759,0.7754326,-0.1038606,0.6007265,0.4279006,-0.07676655,0.4243446,0.7621121,-0.02223492,1.00825,0.5353419,-0.0688705,0.2968841,1.10359,True,0,1,2
6/25/2025 12:09:17 PM,1750846157319,Right,-0.06574709,0.6229019,0.4598098,-0.05629747,0.4556037,0.799585,-0.1111124,0.5975794,0.4485461,-0.08423056,0.4298051,0.7872202,-0.02411151,1.007928,0.5381256,-0.07742655,0.3108188,1.131725,True,0,1,2
6/25/2025 12:09:17 PM,1750846157346,Right,-0.07604459,0.6193664,0.4890176,-0.07286644,0.4716841,0.8388376,-0.1235752,0.5961405,0.4786055,-0.1016979,0.4513673,0.8289269,-0.02915859,1.01107,0.5455072,-0.09805562,0.3570121,1.180223,True,0,1,2
6/25/2025 12:09:17 PM,1750846157360,Right,-0.08000933,0.6201669,0.5007402,-0.08044989,0.4793713,0.8539767,-0.1295192,0.596538,0.4927468,-0.108213,0.459722,0.8468584,-0.03218675,1.014625,0.5494101,-0.1046054,0.3739278,1.1998,True,0,1,2
6/25/2025 12:09:17 PM,1750846157388,Right,-0.08780305,0.622844,0.520127,-0.0914765,0.4951667,0.8778419,-0.1380602,0.6014583,0.51038,-0.1208278,0.4785656,0.8693739,-0.03897882,1.023534,0.558032,-0.1176731,0.4074713,1.225959,True,0,1,2
6/25/2025 12:09:17 PM,1750846157402,Right,-0.09171272,0.6256058,0.5272903,-0.09579945,0.501963,0.886153,-0.1419673,0.6041037,0.5187814,-0.1251056,0.4870598,0.8798246,-0.04158294,1.028871,0.5623543,-0.1216987,0.4219846,1.237476,True,0,1,2
6/25/2025 12:09:17 PM,1750846157416,Right,-0.09534378,0.6286094,0.533851,-0.1000026,0.5090862,0.8939149,-0.145209,0.6073753,0.5239441,-0.1294393,0.4936742,0.8855948,-0.04382908,1.034926,0.5664554,-0.1268285,0.4316825,1.244287,True,0,1,2
6/25/2025 12:09:17 PM,1750846157443,Right,-0.101179,0.6348584,0.5415866,-0.105867,0.5213272,0.9033551,-0.1508187,0.6134136,0.5326954,-0.135268,0.5049591,0.8957273,-0.04848909,1.04771,0.5740305,-0.1341214,0.4476947,1.255439,True,0,1,2
6/25/2025 12:09:17 PM,1750846157458,Right,-0.1036253,0.6379364,0.5435669,-0.1086462,0.5256575,0.905636,-0.153364,0.6163635,0.5346908,-0.1377045,0.5086796,0.8978608,-0.05143976,1.054502,0.5781872,-0.137546,0.4518052,1.25772,True,0,1,2
6/25/2025 12:09:17 PM,1750846157486,Right,-0.1070954,0.6419082,0.5447392,-0.1129219,0.5327451,0.9076555,-0.1571233,0.6220152,0.5372236,-0.1417868,0.5158465,0.9008288,-0.05776,1.066915,0.5864779,-0.1426104,0.4602501,1.26091,True,0,1,2
6/25/2025 12:09:17 PM,1750846157499,Right,-0.1084741,0.6435624,0.5449343,-0.1152332,0.5353326,0.9081136,-0.1591902,0.6237839,0.536368,-0.1440885,0.5172821,0.8998098,-0.06070054,1.072703,0.5898528,-0.1447131,0.4614508,1.259928,True,0,1,2
6/25/2025 12:09:17 PM,1750846157527,Right,-0.1100118,0.6446834,0.5429568,-0.1189452,0.5386958,0.9063743,-0.1614768,0.6269205,0.5348817,-0.1476607,0.5213019,0.8983229,-0.0673871,1.084075,0.5956407,-0.1483309,0.4665433,1.258903,True,0,1,2
6/25/2025 12:09:17 PM,1750846157541,Right,-0.1106479,0.6450863,0.5419417,-0.1209197,0.5402882,0.9055719,-0.1626289,0.6282594,0.5335597,-0.1498383,0.52251,0.8968439,-0.07091248,1.089297,0.5978069,-0.1506482,0.4677792,1.257578,True,0,1,2
6/25/2025 12:09:17 PM,1750846157555,Right,-0.1107172,0.6455984,0.5406728,-0.1228158,0.541639,0.904483,-0.1633319,0.6294655,0.5322404,-0.1518438,0.5237025,0.8955564,-0.07453084,1.094287,0.5999966,-0.153089,0.4691769,1.256328,True,0,1,2
6/25/2025 12:09:17 PM,1750846157583,Right,-0.1109823,0.6471105,0.5384425,-0.1265464,0.54461,0.9025381,-0.165865,0.6339909,0.5300158,-0.1560985,0.5283108,0.8934042,-0.08094883,1.102666,0.6034508,-0.1576125,0.4742056,1.25424,True,0,1,2
6/25/2025 12:09:17 PM,1750846157597,Right,-0.1117483,0.6490996,0.5374877,-0.1281111,0.5463086,0.9016964,-0.1667604,0.6364385,0.5292061,-0.1579645,0.5300766,0.8926433,-0.08401334,1.106987,0.6051098,-0.1598136,0.4755507,1.2532,True,0,1,2
6/25/2025 12:09:17 PM,1750846157625,Right,-0.1133654,0.6533785,0.5359703,-0.131079,0.5496054,0.8998044,-0.1685192,0.6416153,0.5278033,-0.1611652,0.5342175,0.8909415,-0.09002137,1.114648,0.6080006,-0.1633047,0.4788726,1.251397,True,0,1,2
6/25/2025 12:09:17 PM,1750846157639,Right,-0.1142866,0.6558055,0.5353639,-0.1325743,0.5512906,0.8989674,-0.1697436,0.645202,0.5273451,-0.1628449,0.5362608,0.8900433,-0.09262335,1.118304,0.6093961,-0.1647439,0.4795123,1.250271,True,0,1,2
6/25/2025 12:09:17 PM,1750846157666,Right,-0.116471,0.6614394,0.5343572,-0.1352946,0.554682,0.897253,-0.1728187,0.6525762,0.5265489,-0.1662376,0.5407511,0.8883472,-0.09802902,1.124707,0.6104001,-0.1668783,0.4813639,1.24818,True,0,1,2
6/25/2025 12:09:17 PM,1750846157680,Right,-0.1181121,0.6643436,0.534018,-0.137008,0.5561526,0.8963317,-0.174132,0.6560992,0.526336,-0.1679665,0.542677,0.8874944,-0.10068,1.128046,0.6109741,-0.167968,0.48175,1.247214,True,0,1,2
6/25/2025 12:09:17 PM,1750846157708,Right,-0.1214316,0.6710638,0.5336415,-0.140107,0.5606127,0.8948156,-0.1779274,0.6635786,0.5259702,-0.1717456,0.5474473,0.8858035,-0.1063921,1.135604,0.6115353,-0.1702389,0.4837032,1.245474,True,0,1,2
6/25/2025 12:09:17 PM,1750846157722,Right,-0.1232726,0.6745548,0.5335005,-0.1420102,0.5637102,0.8943998,-0.1796009,0.667151,0.525722,-0.1734902,0.5499738,0.8850639,-0.109431,1.139982,0.6118847,-0.1715988,0.4851321,1.244683,True,0,1,2
6/25/2025 12:09:17 PM,1750846157735,Right,-0.1249476,0.6780856,0.5331322,-0.1439453,0.5667031,0.8936443,-0.1814725,0.6707502,0.5254013,-0.175497,0.5529628,0.8843382,-0.1120477,1.144677,0.6121819,-0.1733642,0.4874157,1.244027,True,0,1,2
6/25/2025 12:09:17 PM,1750846157763,Right,-0.1279048,0.6850062,0.5323563,-0.1490273,0.5751697,0.8926427,-0.1850377,0.6774142,0.5238476,-0.1801523,0.560243,0.8824285,-0.1184912,1.155716,0.6115626,-0.1799417,0.4949053,1.242711,True,0,1,2
6/25/2025 12:09:17 PM,1750846157777,Right,-0.1291608,0.6885787,0.5318339,-0.1521702,0.5799004,0.8923392,-0.1863007,0.6801969,0.5230042,-0.1822967,0.5637006,0.8817868,-0.12234,1.161713,0.6111403,-0.18314,0.4990083,1.242213,True,0,1,2
6/25/2025 12:09:17 PM,1750846157804,Right,-0.1317267,0.6966799,0.5311253,-0.1607246,0.5922099,0.8920408,-0.1890707,0.6873708,0.5206622,-0.1900028,0.5755922,0.8805647,-0.1297855,1.176712,0.6101053,-0.1971097,0.5152692,1.242061,True,0,1,2
6/25/2025 12:09:17 PM,1750846157819,Right,-0.132897,0.7016131,0.5309407,-0.1660622,0.5997704,0.8922272,-0.1907371,0.691292,0.5195168,-0.1938089,0.5812805,0.8798991,-0.1338377,1.185565,0.6093075,-0.203339,0.5226691,1.241672,True,0,1,2
6/25/2025 12:09:17 PM,1750846157847,Right,-0.1356905,0.7124429,0.5316337,-0.1783106,0.615446,0.8926257,-0.191506,0.6995729,0.5191159,-0.2042946,0.596288,0.8806711,-0.143101,1.205502,0.6077683,-0.2257244,0.5437906,1.243451,True,0,1,2
6/25/2025 12:09:17 PM,1750846157861,Right,-0.1374351,0.718569,0.5321154,-0.1848817,0.6244828,0.8921623,-0.1921653,0.7043442,0.5187726,-0.208988,0.6032615,0.8796954,-0.148191,1.216211,0.606757,-0.2352939,0.5522774,1.243421,True,0,1,2
6/25/2025 12:09:17 PM,1750846157874,Right,-0.1403001,0.7253333,0.5331892,-0.191879,0.6350014,0.8913953,-0.1943447,0.7096043,0.5183898,-0.2174757,0.612063,0.8777524,-0.1537335,1.227418,0.6056094,-0.2516642,0.563289,1.243239,True,0,1,2
6/25/2025 12:09:17 PM,1750846157903,Right,-0.1465667,0.7406212,0.5362918,-0.2116115,0.6563175,0.8939203,-0.1989401,0.7229494,0.5187748,-0.2351982,0.6320321,0.8788443,-0.1672735,1.250871,0.6019428,-0.2843255,0.5896316,1.243368,True,0,1,2
6/25/2025 12:09:17 PM,1750846157916,Right,-0.1505067,0.749732,0.538395,-0.2242311,0.6682855,0.8953054,-0.2016049,0.7306491,0.5202409,-0.2471305,0.6432632,0.8804092,-0.1747077,1.262581,0.5996841,-0.3066549,0.6042702,1.243493,True,0,1,2
6/25/2025 12:09:17 PM,1750846157943,Right,-0.1609409,0.7703048,0.5444293,-0.2528736,0.6936993,0.8984846,-0.208692,0.7467563,0.522906,-0.2718296,0.6659162,0.8826041,-0.1911117,1.286485,0.5939711,-0.3506976,0.6332182,1.241963,True,0,1,2
6/25/2025 12:09:17 PM,1750846157958,Right,-0.1665293,0.7812118,0.5475075,-0.2684974,0.7067198,0.8997636,-0.2134899,0.7561478,0.5244039,-0.2880042,0.67887,0.8828199,-0.199949,1.298251,0.5904025,-0.3790579,0.6494681,1.239461,True,0,1,2
6/25/2025 12:09:17 PM,1750846157986,Right,-0.1832164,0.8053769,0.5529057,-0.3054438,0.7348319,0.9010426,-0.2239958,0.7748601,0.5280737,-0.3210317,0.7053322,0.8846333,-0.2180934,1.321888,0.5818582,-0.4353464,0.683563,1.233124,True,0,1,2
6/25/2025 12:09:18 PM,1750846158000,Right,-0.1921335,0.8192862,0.555715,-0.3257283,0.7486741,0.9021397,-0.2309728,0.7861694,0.5304379,-0.3425934,0.7215251,0.88552,-0.2271823,1.333685,0.5769769,-0.4709487,0.7047392,1.227489,True,0,1,2
6/25/2025 12:09:18 PM,1750846158027,Right,-0.2109975,0.844398,0.5625038,-0.3709729,0.7792874,0.9005162,-0.2472585,0.804122,0.5341277,-0.38611,0.7498586,0.8841254,-0.2449619,1.356239,0.5660433,-0.5397384,0.7432347,1.212986,True,0,1,2
6/25/2025 12:09:18 PM,1750846158041,Right,-0.2211574,0.8576722,0.5657698,-0.3948938,0.7939226,0.8974895,-0.2558291,0.8165247,0.5366064,-0.4096072,0.7664905,0.880203,-0.2538712,1.36722,0.5597441,-0.5784227,0.7632914,1.202339,True,0,1,2
6/25/2025 12:09:18 PM,1750846158055,Right,-0.2329819,0.8706626,0.5687037,-0.4200048,0.8099637,0.8927569,-0.2655395,0.8297681,0.5393966,-0.4339581,0.7829911,0.875661,-0.2626324,1.377839,0.5531518,-0.6180038,0.7821299,1.190242,True,0,1,2
6/25/2025 12:09:18 PM,1750846158083,Right,-0.2583078,0.8980584,0.5742403,-0.4736117,0.841726,0.8822011,-0.2843734,0.8550867,0.5458601,-0.4826722,0.8152484,0.8673677,-0.2802348,1.398777,0.5394534,-0.6952651,0.8198832,1.162325,True,0,1,2
6/25/2025 12:09:18 PM,1750846158097,Right,-0.2727185,0.9123833,0.5765566,-0.501232,0.858128,0.8732977,-0.2961728,0.8673853,0.5483711,-0.5083749,0.8305686,0.8594788,-0.2890875,1.409248,0.5321959,-0.7366022,0.8365905,1.144336,True,0,1,2
6/25/2025 12:09:18 PM,1750846158125,Right,-0.3029675,0.9415398,0.5789646,-0.5582566,0.8918918,0.8563998,-0.3225452,0.8920725,0.5508474,-0.5638252,0.8638465,0.8432353,-0.3068432,1.429525,0.5167,-0.8180491,0.8761972,1.102503,True,0,1,2
6/25/2025 12:09:18 PM,1750846158139,Right,-0.3183391,0.9580697,0.5785457,-0.587394,0.9103917,0.8455198,-0.3368979,0.9037957,0.550503,-0.5939913,0.8816413,0.8319436,-0.3154814,1.439245,0.5086278,-0.8608862,0.8984817,1.075392,True,0,1,2
6/25/2025 12:09:18 PM,1750846158166,Right,-0.3518101,0.9881347,0.5737289,-0.6433246,0.9438569,0.8181572,-0.3643911,0.9314471,0.5501407,-0.6477597,0.9149066,0.8070577,-0.3323457,1.45748,0.4922837,-0.9376991,0.9336354,1.020687,True,0,1,2
6/25/2025 12:09:18 PM,1750846158180,Right,-0.3694776,1.002065,0.5707735,-0.6714116,0.9621377,0.802147,-0.3784308,0.9460841,0.5493565,-0.6739057,0.9317206,0.7916371,-0.3407739,1.466083,0.4838442,-0.9755548,0.9502407,0.9892721,True,0,1,2
6/25/2025 12:09:18 PM,1750846158208,Right,-0.4016148,1.030949,0.5599897,-0.7240813,0.9932256,0.768148,-0.4057875,0.974776,0.5468501,-0.7270056,0.9651593,0.7597036,-0.3571761,1.482251,0.4668894,-1.045988,0.9841121,0.9212253,True,0,1,2
6/25/2025 12:09:18 PM,1750846158221,Right,-0.4175122,1.044521,0.5532836,-0.7491359,1.009846,0.7482859,-0.4177384,0.9894982,0.5446254,-0.7508544,0.9815514,0.7396626,-0.3650358,1.489145,0.4583994,-1.078397,0.9997099,0.8815627,True,0,1,2
6/25/2025 12:09:18 PM,1750846158236,Right,-0.4320676,1.057632,0.5477076,-0.7732844,1.026284,0.7283356,-0.4299641,1.002676,0.5410008,-0.7750577,0.9963155,0.7189677,-0.3730152,1.496118,0.4494898,-1.108119,1.014138,0.8411248,True,0,1,2
6/25/2025 12:09:18 PM,1750846158263,Right,-0.459657,1.081758,0.5342985,-0.8169652,1.053203,0.6839563,-0.4552406,1.025334,0.5327955,-0.8143665,1.023637,0.680407,-0.3892888,1.508508,0.4316344,-1.157705,1.038433,0.7704358,True,0,1,2
6/25/2025 12:09:18 PM,1750846158277,Right,-0.4727075,1.092763,0.5265457,-0.8361266,1.066649,0.66031,-0.4676196,1.035964,0.5282515,-0.8342195,1.033886,0.6591222,-0.397663,1.513368,0.4224548,-1.180811,1.045249,0.7316534,True,0,1,2
6/25/2025 12:09:18 PM,1750846158305,Right,-0.4978702,1.112762,0.5081577,-0.871249,1.090221,0.6124038,-0.4915008,1.054024,0.5166538,-0.8682973,1.056013,0.6100446,-0.4143624,1.52279,0.4057193,-1.221482,1.068038,0.6471584,True,0,1,2
6/25/2025 12:09:18 PM,1750846158319,Right,-0.5101661,1.120641,0.4955325,-0.8869442,1.098151,0.5877483,-0.5035312,1.062519,0.5095561,-0.8852872,1.063909,0.5853306,-0.4224364,1.526302,0.3966279,-1.238972,1.072434,0.6051001,True,0,1,2
6/25/2025 12:09:18 PM,1750846158346,Right,-0.5310856,1.136572,0.4675093,-0.9176493,1.112957,0.5407215,-0.525808,1.079445,0.4916598,-0.9172716,1.088111,0.5344777,-0.4381468,1.531716,0.3765701,-1.266692,1.095107,0.5224026,True,0,1,2
6/25/2025 12:09:18 PM,1750846158361,Right,-0.5401344,1.142574,0.4510179,-0.9314168,1.11846,0.51807,-0.5368906,1.087108,0.4827265,-0.9339861,1.094306,0.5084521,-0.4451984,1.5333,0.3663058,-1.278523,1.095927,0.4808772,False,0,1,2
6/25/2025 12:09:18 PM,1750846158374,Right,-0.5483674,1.146937,0.4356582,-0.9447469,1.123642,0.4954325,-0.5461225,1.093297,0.4761972,-0.9471431,1.100783,0.4876853,-0.4522592,1.534593,0.35686,-1.287282,1.096942,0.4484529,False,0,1,2
6/25/2025 12:09:18 PM,1750846158402,Right,-0.5649042,1.152822,0.4102579,-0.9588697,1.128663,0.458803,-0.5628723,1.106661,0.4616674,-0.9605328,1.106756,0.4475735,-0.4661199,1.53673,0.3395162,-1.300793,1.086607,0.3897609,False,0,1,2
6/25/2025 12:09:18 PM,1750846158416,Right,-0.5711401,1.154573,0.4000572,-0.9665683,1.130889,0.4414993,-0.5704945,1.113594,0.4533329,-0.9679658,1.1114,0.4284795,-0.4723825,1.537384,0.331159,-1.306217,1.08401,0.3642416,False,0,1,2
6/25/2025 12:09:18 PM,1750846158443,Right,-0.5839035,1.1554,0.3810807,-0.9822906,1.13447,0.4062647,-0.5845993,1.124207,0.43814,-0.9817287,1.112231,0.3949926,-0.4837503,1.537177,0.3155375,-1.314896,1.0691,0.3209618,False,0,1,2
6/25/2025 12:09:18 PM,1750846158458,Right,-0.5887619,1.157651,0.3728956,-0.9872516,1.134292,0.3927834,-0.5904651,1.129711,0.4311891,-0.9865607,1.114981,0.3802345,-0.4883872,1.536295,0.308542,-1.318132,1.066912,0.3021277,False,0,1,2
6/25/2025 12:09:18 PM,1750846158485,Right,-0.5966362,1.163981,0.3589487,-0.9951769,1.134339,0.3683104,-0.6003914,1.138288,0.4173157,-0.9944595,1.113051,0.3537872,-0.496893,1.533857,0.2958661,-1.321955,1.053741,0.26799,False,0,1,2
6/25/2025 12:09:18 PM,1750846158499,Right,-0.6002118,1.165839,0.3525163,-0.9986112,1.133173,0.3564314,-0.604255,1.140807,0.4114191,-0.9971241,1.113044,0.3430361,-0.5004073,1.53231,0.2905254,-1.323375,1.0514,0.2533892,False,0,1,2
6/25/2025 12:09:18 PM,1750846158527,Right,-0.6046825,1.165596,0.3434704,-1.003281,1.129176,0.3386621,-0.6109163,1.143178,0.4023047,-1.002245,1.107112,0.3244093,-0.5073053,1.529427,0.2814792,-1.324161,1.037838,0.2282759,False,0,1,2
6/25/2025 12:09:18 PM,1750846158541,Right,-0.6066909,1.165062,0.3403391,-1.005057,1.127096,0.3300248,-0.613224,1.143108,0.3997427,-1.003174,1.106455,0.3170825,-0.5104096,1.527995,0.2778485,-1.324096,1.036633,0.216919,False,0,1,2
6/25/2025 12:09:18 PM,1750846158555,Right,-0.6084636,1.164914,0.3394642,-1.005737,1.123155,0.3239923,-0.6152712,1.1427,0.3980366,-1.003672,1.106047,0.3107294,-0.5131177,1.526414,0.2749088,-1.323825,1.036231,0.2064227,False,0,1,2
6/25/2025 12:09:18 PM,1750846158583,Right,-0.6093183,1.161842,0.3364314,-1.007055,1.117962,0.3127161,-0.6181711,1.140581,0.3943042,-1.005184,1.098939,0.2987013,-0.5175728,1.523722,0.2698368,-1.321254,1.024902,0.1884073,False,0,1,2
6/25/2025 12:09:18 PM,1750846158596,Right,-0.6096517,1.160666,0.3350459,-1.007245,1.115291,0.3083207,-0.6187648,1.138736,0.3927903,-1.005303,1.097377,0.2942322,-0.5191684,1.522181,0.2676951,-1.320248,1.024239,0.1808646,False,0,1,2
6/25/2025 12:09:18 PM,1750846158624,Right,-0.6099827,1.158257,0.3334747,-1.006269,1.109534,0.3014724,-0.6189797,1.134509,0.3902693,-1.003249,1.089912,0.2863669,-0.5207388,1.519124,0.2647699,-1.316279,1.01456,0.167815,False,0,1,2
6/25/2025 12:09:18 PM,1750846158639,Right,-0.6099792,1.156653,0.3332444,-1.005097,1.106713,0.2996506,-0.6184341,1.132148,0.3894851,-1.001663,1.088304,0.2846945,-0.5209417,1.517811,0.2639235,-1.315124,1.014276,0.1640303,False,0,1,2
6/25/2025 12:09:18 PM,1750846158667,Right,-0.609324,1.155554,0.3318256,-1.002331,1.101018,0.297053,-0.6165093,1.12721,0.3883349,-0.9973804,1.080739,0.2813265,-0.5205917,1.516067,0.2636505,-1.310648,1.005036,0.1573682,False,0,1,2
6/25/2025 12:09:18 PM,1750846158680,Right,-0.608038,1.154305,0.3328516,-1.000721,1.096987,0.2974083,-0.6147936,1.124515,0.3881054,-0.9960822,1.07856,0.2819844,-0.5201516,1.515715,0.2639961,-1.309471,1.004434,0.1576618,False,0,1,2
6/25/2025 12:09:18 PM,1750846158708,Right,-0.6053661,1.152866,0.3359168,-0.996603,1.089292,0.3000696,-0.6104863,1.119177,0.3882187,-0.9910979,1.07033,0.2825979,-0.5185623,1.515801,0.2657924,-1.304222,0.9954381,0.1568768,False,0,1,2
6/25/2025 12:09:18 PM,1750846158722,Right,-0.6030144,1.151883,0.3378094,-0.9934742,1.084876,0.3034875,-0.6073547,1.116297,0.3887003,-0.9883506,1.067485,0.2857428,-0.5173407,1.516084,0.2673025,-1.302447,0.994419,0.1604605,False,0,1,2
6/25/2025 12:09:18 PM,1750846158736,Right,-0.6005387,1.150888,0.3399228,-0.9906892,1.081019,0.3069305,-0.6042747,1.113643,0.3894036,-0.9848995,1.061719,0.2853745,-0.5159307,1.5163,0.2690848,-1.297732,0.9865652,0.1590387,False,0,1,2
6/25/2025 12:09:18 PM,1750846158764,Right,-0.5952104,1.149107,0.3454163,-0.9856775,1.074761,0.3130602,-0.5964824,1.10845,0.3921222,-0.9797579,1.056008,0.2953715,-0.511729,1.516952,0.2734481,-1.293993,0.98463,0.1724699,False,0,1,2
6/25/2025 12:09:18 PM,1750846158777,Right,-0.5916886,1.148187,0.3489206,-0.9831188,1.071341,0.3162764,-0.5924171,1.105844,0.3935506,-0.9763442,1.050339,0.2966917,-0.5092771,1.517325,0.2762654,-1.289045,0.9770795,0.1739395,False,0,1,2
6/25/2025 12:09:18 PM,1750846158805,Right,-0.5841342,1.146354,0.3572101,-0.9782834,1.064657,0.322645,-0.5823986,1.100705,0.3982025,-0.9728348,1.043218,0.312355,-0.5042702,1.518049,0.2826116,-1.285065,0.973293,0.1978872,False,0,1,2
6/25/2025 12:09:18 PM,1750846158819,Right,-0.5793977,1.145736,0.3623592,-0.9758945,1.061238,0.3259439,-0.5767791,1.098155,0.4005841,-0.9695588,1.037601,0.3152403,-0.5014555,1.518423,0.2861603,-1.279124,0.9666793,0.2017712,False,0,1,2
6/25/2025 12:09:18 PM,1750846158847,Right,-0.5688395,1.142931,0.3728039,-0.9713572,1.054505,0.3325189,-0.5628117,1.091648,0.4060579,-0.9657792,1.028519,0.3359369,-0.495295,1.51922,0.2944685,-1.272699,0.9618604,0.2348422,False,0,1,2
6/25/2025 12:09:18 PM,1750846158861,Right,-0.5617206,1.140269,0.3785321,-0.9522779,1.049046,0.3595037,-0.555195,1.088251,0.409102,-0.9591639,1.022803,0.341444,-0.4916062,1.519641,0.2990447,-1.265565,0.9556164,0.242122,False,0,1,2
6/25/2025 12:09:18 PM,1750846158875,Right,-0.554722,1.13783,0.3843939,-0.9379606,1.039023,0.3786531,-0.5463853,1.084038,0.4125536,-0.9336551,1.021149,0.3575578,-0.4873711,1.519623,0.3044267,-1.260828,0.9530201,0.2625344,False,0,1,2
6/25/2025 12:09:18 PM,1750846158902,Right,-0.539122,1.132912,0.3986904,-0.9199855,1.028714,0.4034763,-0.5276266,1.075431,0.4206274,-0.9150828,1.009931,0.3806608,-0.4780358,1.518965,0.3178259,-1.246838,0.9427487,0.2972123,False,0,1,2
6/25/2025 12:09:18 PM,1750846158916,Right,-0.5294794,1.129868,0.406516,-0.9097446,1.024286,0.4158982,-0.5167899,1.071135,0.4252042,-0.9049721,1.005207,0.3962537,-0.4731867,1.518497,0.3247806,-1.239464,0.940238,0.3217251,False,0,1,2
6/25/2025 12:09:18 PM,1750846158944,Right,-0.5091133,1.121192,0.4223716,-0.8875219,1.013091,0.44313,-0.4942861,1.061139,0.4351645,-0.8823488,0.993524,0.42276,-0.460977,1.516008,0.3408297,-1.220901,0.9316239,0.3619799,False,0,1,2
6/25/2025 12:09:18 PM,1750846158958,Right,-0.4970421,1.116595,0.4309775,-0.8740984,1.00759,0.4578674,-0.4815921,1.05741,0.4385212,-0.8689409,0.9884717,0.4386885,-0.454074,1.514368,0.348748,-1.210414,0.9291443,0.3888561,False,0,1,2
6/25/2025 12:09:18 PM,1750846158985,Right,-0.4703221,1.1043,0.4484828,-0.8473068,1.003417,0.4835376,-0.455379,1.048985,0.446591,-0.839987,0.9765611,0.4663113,-0.4388623,1.51051,0.3658066,-1.185802,0.9207551,0.434738,False,0,1,2
6/25/2025 12:09:19 PM,1750846159000,Right,-0.4545091,1.097229,0.4565812,-0.8308203,0.9980204,0.4990444,-0.4401382,1.042237,0.4506754,-0.8232157,0.9685821,0.48392,-0.4300483,1.508016,0.3749454,-1.170794,0.9156683,0.4655893,False,0,1,2
6/25/2025 12:09:19 PM,1750846159027,Right,-0.4209355,1.084098,0.4740767,-0.7939564,0.9855708,0.5318926,-0.408311,1.02883,0.4582992,-0.7878121,0.9528009,0.510686,-0.410623,1.503067,0.3928499,-1.137558,0.9051287,0.5130406,False,0,1,2
6/25/2025 12:09:19 PM,1750846159041,Right,-0.4030033,1.075241,0.4818646,-0.7735417,0.976872,0.5491299,-0.390438,1.02127,0.4626137,-0.7657896,0.9429718,0.5297878,-0.3999753,1.500181,0.4018056,-1.116583,0.89719,0.5487434,False,0,1,2
6/25/2025 12:09:19 PM,1750846159055,Right,-0.3825554,1.065706,0.4880715,-0.7473111,0.96477,0.5667149,-0.3713684,1.014334,0.4646084,-0.7398044,0.9321588,0.5482912,-0.3892772,1.497295,0.4109601,-1.091555,0.8857995,0.5867181,False,0,1,2
6/25/2025 12:09:19 PM,1750846159083,Right,-0.3404542,1.047978,0.4963423,-0.6946346,0.9417162,0.5959288,-0.3337091,0.999068,0.4620432,-0.6896904,0.9097063,0.5716344,-0.3678055,1.491299,0.4302005,-1.039708,0.8609999,0.6426045,False,0,1,2
6/25/2025 12:09:19 PM,1750846159097,Right,-0.3167493,1.037407,0.4979069,-0.6651747,0.9315503,0.6083947,-0.3139085,0.9933063,0.4583428,-0.6597636,0.8981436,0.585726,-0.356107,1.487597,0.4397852,-1.006243,0.8459588,0.6798435,False,0,1,2
6/25/2025 12:09:19 PM,1750846159124,Right,-0.2692282,1.016008,0.496567,-0.6081,0.9062955,0.6288752,-0.2751523,0.9778145,0.4502295,-0.6074837,0.8745276,0.6027033,-0.3318977,1.479333,0.4580224,-0.943486,0.818421,0.7295569,False,0,1,2
6/25/2025 12:09:19 PM,1750846159138,Right,-0.2461311,1.007383,0.4905935,-0.5750745,0.89204,0.6355987,-0.2547072,0.9722289,0.4433386,-0.5742844,0.8623175,0.611692,-0.3198967,1.474529,0.4665225,-0.9024034,0.8003855,0.7612376,False,0,1,2
6/25/2025 12:09:19 PM,1750846159166,Right,-0.1975809,0.9885906,0.4757896,-0.5142384,0.8669727,0.6486155,-0.2163363,0.9619215,0.424379,-0.5226387,0.8422506,0.6157904,-0.2960072,1.463259,0.4827988,-0.832379,0.7746731,0.7925224,False,0,1,2
6/25/2025 12:09:19 PM,1750846159180,Right,-0.1752778,0.982091,0.4643854,-0.4826168,0.8542185,0.6499949,-0.1987774,0.954845,0.410976,-0.4929639,0.82916,0.6178399,-0.2845942,1.45707,0.490873,-0.7900834,0.7565916,0.8124146,False,0,1,2
6/25/2025 12:09:19 PM,1750846159207,Right,-0.1347278,0.9679393,0.4376433,-0.4221646,0.8275924,0.6482342,-0.1650578,0.945331,0.3860517,-0.4391564,0.8076236,0.615033,-0.2622379,1.442911,0.5066037,-0.7137684,0.7251499,0.8338655,False,0,1,2
6/25/2025 12:09:19 PM,1750846159221,Right,-0.1181796,0.9629478,0.4208108,-0.3902133,0.8143458,0.6437209,-0.1504445,0.9411053,0.3713762,-0.4068574,0.7947127,0.6132785,-0.2513565,1.435158,0.5139796,-0.6661736,0.7030148,0.8482793,False,0,1,2
6/25/2025 12:09:19 PM,1750846159235,Right,-0.1021637,0.9571952,0.4042191,-0.3593324,0.8001204,0.6389908,-0.1363243,0.9364396,0.35639,-0.3819856,0.7838463,0.6057339,-0.2408917,1.42662,0.5210083,-0.6304407,0.6862493,0.8496991,False,0,1,2
6/25/2025 12:09:19 PM,1750846159263,Right,-0.07632359,0.9467637,0.3706168,-0.3008287,0.7753413,0.6234661,-0.1144068,0.9307425,0.3251067,-0.319598,0.7593707,0.5938188,-0.2204372,1.407717,0.535233,-0.532369,0.6405834,0.8647504,False,0,1,2
6/25/2025 12:09:19 PM,1750846159277,Right,-0.06406593,0.9416866,0.3522425,-0.2717744,0.7611777,0.6136618,-0.1041688,0.9282695,0.3093349,-0.2965071,0.7493945,0.5831503,-0.2106,1.397496,0.5424675,-0.4958264,0.6233825,0.8604686,False,0,1,2
6/25/2025 12:09:19 PM,1750846159304,Right,-0.04418738,0.9366418,0.3187236,-0.2193577,0.7364351,0.5888744,-0.08934473,0.9258828,0.2791465,-0.2422037,0.7260988,0.5626533,-0.190805,1.376376,0.5558946,-0.4028808,0.5782382,0.854419,False,0,1,2
6/25/2025 12:09:19 PM,1750846159319,Right,-0.0358665,0.9348358,0.3012686,-0.1944773,0.7234633,0.5755883,-0.08374609,0.9233836,0.2628553,-0.2232933,0.7152292,0.5494739,-0.1813908,1.365116,0.562072,-0.3690472,0.5606217,0.8434646,False,0,1,2
6/25/2025 12:09:19 PM,1750846159346,Right,-0.02385059,0.930494,0.2684249,-0.1509889,0.7012925,0.5457043,-0.07600276,0.917969,0.2335943,-0.1780901,0.6911441,0.5227554,-0.1629722,1.341303,0.5746465,-0.2871357,0.518014,0.8214369,False,0,1,2
6/25/2025 12:09:19 PM,1750846159360,Right,-0.01954124,0.9274704,0.2510048,-0.1299804,0.6899185,0.5292414,-0.07299496,0.9156565,0.2186829,-0.160397,0.6812458,0.5073721,-0.1532273,1.328613,0.580826,-0.2544879,0.500955,0.8062057,False,0,1,2
6/25/2025 12:09:19 PM,1750846159388,Right,-0.01384636,0.922075,0.2223888,-0.09499212,0.6708364,0.4962308,-0.07119864,0.9118425,0.1936444,-0.1244346,0.6621509,0.4755659,-0.1337959,1.30279,0.5922844,-0.185683,0.4635701,0.7733386,False,0,1,2
6/25/2025 12:09:19 PM,1750846159402,Right,-0.01283691,0.9188666,0.2072834,-0.07886105,0.6605569,0.4788027,-0.07119586,0.9105644,0.1817396,-0.1102134,0.65374,0.4597137,-0.125154,1.29006,0.5964792,-0.1566776,0.4477454,0.7549686,False,0,1,2
6/25/2025 12:09:19 PM,1750846159416,Right,-0.01299836,0.9164833,0.1947087,-0.06635959,0.651749,0.4633895,-0.07195852,0.9089566,0.1728823,-0.09827296,0.6450734,0.4462592,-0.116487,1.276868,0.600386,-0.1304412,0.4321871,0.7380112,False,0,1,2
6/25/2025 12:09:19 PM,1750846159444,Right,-0.01571563,0.9123592,0.1752659,-0.04523089,0.6337835,0.4349701,-0.07648278,0.9028639,0.1554253,-0.07881588,0.6269995,0.4195213,-0.09955978,1.249932,0.6063744,-0.08570035,0.4027817,0.7030867,False,0,1,2
6/25/2025 12:09:19 PM,1750846159457,Right,-0.01811797,0.9083097,0.1669687,-0.03711188,0.6255227,0.4226866,-0.08179996,0.8983151,0.1483877,-0.07177439,0.618197,0.407442,-0.09141135,1.236514,0.6087711,-0.06642516,0.3889733,0.6873076,False,0,1,2
6/25/2025 12:09:19 PM,1750846159485,Right,-0.02354168,0.9018939,0.1558319,-0.02453415,0.6084541,0.4019324,-0.08673085,0.8901231,0.1390277,-0.05784057,0.6009382,0.3883266,-0.07669353,1.209276,0.6130024,-0.03279422,0.3637536,0.6587642,False,0,1,2
6/25/2025 12:09:19 PM,1750846159500,Right,-0.02605227,0.8953854,0.151002,-0.02043802,0.5991778,0.3944989,-0.08944562,0.8845634,0.1375212,-0.05366242,0.5918083,0.3825085,-0.07016325,1.195914,0.6136323,-0.02130362,0.3515514,0.64875,False,0,1,2
6/25/2025 12:09:19 PM,1750846159527,Right,-0.03097207,0.8844365,0.1482081,-0.01439536,0.5801929,0.3846641,-0.095281,0.8708911,0.1365364,-0.04695616,0.5712639,0.3744125,-0.05683589,1.169848,0.6151171,-0.001205586,0.3271088,0.6320672,False,0,1,2
6/25/2025 12:09:19 PM,1750846159541,Right,-0.03430681,0.8748149,0.1490951,-0.01332703,0.5691543,0.383642,-0.09808549,0.8614674,0.1382955,-0.04598242,0.5604578,0.3739379,-0.05107045,1.156742,0.615774,0.004060484,0.3151447,0.6294146,False,0,1,2
6/25/2025 12:09:19 PM,1750846159555,Right,-0.03703495,0.864332,0.1517292,-0.01339525,0.5569301,0.384745,-0.1005916,0.8534632,0.1433832,-0.04586808,0.5506908,0.3771569,-0.04515231,1.143794,0.6164178,0.007071607,0.3044711,0.6303293,False,0,1,2
6/25/2025 12:09:19 PM,1750846159582,Right,-0.04262956,0.8415887,0.1607658,-0.01354562,0.5326674,0.393315,-0.1072379,0.8315663,0.1539762,-0.0462181,0.5260361,0.3847819,-0.0345037,1.118497,0.6165546,0.01326313,0.2790169,0.6338395,False,0,1,2
6/25/2025 12:09:19 PM,1750846159596,Right,-0.04500014,0.8294496,0.1691132,-0.01459272,0.5195093,0.4012126,-0.1100572,0.81797,0.1622791,-0.04801492,0.5124944,0.3939457,-0.03025985,1.106728,0.6167802,0.01229303,0.2665625,0.6429871,False,0,1,2
6/25/2025 12:09:19 PM,1750846159624,Right,-0.04764101,0.800964,0.1888839,-0.0173355,0.4936253,0.4229902,-0.1121483,0.7897752,0.1818476,-0.04916813,0.4857382,0.4137792,-0.02271438,1.083413,0.6169289,0.01227774,0.2400051,0.6638966,False,0,1,2
6/25/2025 12:09:19 PM,1750846159638,Right,-0.04754934,0.7854102,0.202519,-0.01970212,0.4797354,0.4381003,-0.1124217,0.7740105,0.19489,-0.05230592,0.4723763,0.4297083,-0.0199641,1.072464,0.6168802,0.006413996,0.2282805,0.6829034,False,0,1,2
6/25/2025 12:09:19 PM,1750846159666,Right,-0.04621371,0.7552156,0.2327915,-0.02291072,0.4546454,0.4727084,-0.1120211,0.7417409,0.2220265,-0.05641725,0.4450656,0.4615244,-0.01493704,1.050405,0.6162207,-0.001925953,0.2036853,0.7204995,False,0,1,2
6/25/2025 12:09:19 PM,1750846159680,Right,-0.04577738,0.7397571,0.2519964,-0.02544044,0.4440251,0.4924592,-0.1101916,0.7266235,0.2409797,-0.06067421,0.4358829,0.4834841,-0.01294839,1.039892,0.6154004,-0.01169103,0.1953897,0.7491023,False,0,1,2
6/25/2025 12:09:19 PM,1750846159707,Right,-0.03960849,0.7088954,0.2888241,-0.03438255,0.4172086,0.5434546,-0.1067112,0.6971348,0.2788506,-0.0636977,0.4079936,0.5326107,-0.009811163,1.020592,0.614012,-0.02311626,0.1774825,0.801415,False,0,1,2
6/25/2025 12:09:19 PM,1750846159721,Right,-0.03714181,0.6951901,0.3092423,-0.03734291,0.4086844,0.5710356,-0.105178,0.6828957,0.2990732,-0.06837681,0.398932,0.5609182,-0.009051323,1.012285,0.6134136,-0.03466724,0.1752476,0.8351905,False,0,1,2
6/25/2025 12:09:19 PM,1750846159735,Right,-0.03677883,0.6809065,0.3303857,-0.04135641,0.4007826,0.5991349,-0.1058598,0.6676084,0.3182776,-0.07055095,0.3869564,0.5846861,-0.008526921,1.004558,0.6128356,-0.03862675,0.1675504,0.8618966,True,0,1,3
6/25/2025 12:09:19 PM,1750846159763,Right,-0.04482707,0.6536956,0.3721815,-0.05008573,0.3895052,0.6540669,-0.1092698,0.6388689,0.3574072,-0.0841249,0.3784457,0.6417542,-0.008072019,0.9918851,0.6126854,-0.06197691,0.176959,0.9357693,True,0,1,3
6/25/2025 12:09:19 PM,1750846159777,Right,-0.04729243,0.6404621,0.391921,-0.05453085,0.3859626,0.6827135,-0.1101509,0.626014,0.3774368,-0.08683912,0.3714254,0.6673011,-0.008491278,0.9872365,0.6135775,-0.06615718,0.1761092,0.9654422,True,0,1,3
6/25/2025 12:09:19 PM,1750846159805,Right,-0.05238477,0.6195759,0.4267653,-0.06578431,0.387273,0.7341388,-0.115322,0.6057087,0.4143344,-0.100041,0.376238,0.7237406,-0.008749247,0.9806523,0.6158783,-0.08486702,0.2054152,1.037983,True,0,1,3
6/25/2025 12:09:19 PM,1750846159818,Right,-0.05622228,0.6089721,0.4444238,-0.07175621,0.3883137,0.7602151,-0.1177214,0.5958741,0.4327731,-0.1038432,0.3745796,0.7481624,-0.009226084,0.9791678,0.6175218,-0.08960897,0.2120572,1.066803,True,0,1,3
6/25/2025 12:09:19 PM,1750846159846,Right,-0.06458893,0.5933857,0.4739967,-0.08167795,0.3970337,0.8049397,-0.1278651,0.5818227,0.4632846,-0.1162035,0.3866819,0.7951636,-0.01115263,0.9787096,0.6221075,-0.1047984,0.2500249,1.126216,True,0,1,3
6/25/2025 12:09:19 PM,1750846159860,Right,-0.06911246,0.5867465,0.4885462,-0.08671404,0.4025912,0.8265048,-0.1320276,0.57586,0.4775763,-0.1205382,0.3898343,0.814747,-0.01273048,0.980337,0.6251643,-0.1095328,0.2623244,1.149357,True,0,1,3
6/25/2025 12:09:19 PM,1750846159888,Right,-0.07720955,0.5807707,0.5120265,-0.09418958,0.4168845,0.8593229,-0.1387845,0.5686411,0.501871,-0.1284953,0.4056726,0.8498706,-0.01564264,0.9852168,0.6317036,-0.119191,0.3001972,1.192996,True,0,1,3
6/25/2025 12:09:19 PM,1750846159902,Right,-0.08116459,0.5787993,0.5232103,-0.09819607,0.4244346,0.8746694,-0.1414854,0.5659299,0.5133208,-0.1316117,0.4115674,0.8650643,-0.01717949,0.9881149,0.6350358,-0.1227612,0.314436,1.210817,True,0,1,3
6/25/2025 12:09:19 PM,1750846159916,Right,-0.08460254,0.5788825,0.5315363,-0.1014763,0.4314925,0.8861656,-0.1453377,0.5650609,0.5221899,-0.1354265,0.419431,0.8778056,-0.01887035,0.9923096,0.6388675,-0.1266185,0.330983,1.225722,True,0,1,3
6/25/2025 12:09:19 PM,1750846159943,Right,-0.09028922,0.5800205,0.5458611,-0.107266,0.4461236,0.9055564,-0.1516345,0.5656072,0.5367061,-0.1413311,0.4345213,0.8976914,-0.02360702,1.002826,0.647307,-0.1320773,0.3601109,1.249089,True,0,1,3
6/25/2025 12:09:19 PM,1750846159958,Right,-0.09280656,0.5821745,0.5508401,-0.1093873,0.4530283,0.9123003,-0.153524,0.5679994,0.5421461,-0.1432991,0.4420919,0.9049841,-0.02649975,1.009116,0.6516862,-0.1338841,0.372727,1.257396,True,0,1,3
6/25/2025 12:09:19 PM,1750846159985,Right,-0.09676776,0.5876045,0.559156,-0.1128647,0.4671706,0.9231776,-0.1570608,0.5732762,0.5508149,-0.1472105,0.4561047,0.9161398,-0.03271973,1.022529,0.6600589,-0.137728,0.3949612,1.270489,True,0,1,3
6/25/2025 12:09:19 PM,1750846159999,Right,-0.09705204,0.5904845,0.5620883,-0.1150029,0.4735007,0.9266909,-0.1585332,0.5763155,0.553363,-0.1489184,0.4618635,0.9191062,-0.03605402,1.030261,0.6643755,-0.1397673,0.4031042,1.274297,True,0,1,3
6/25/2025 12:09:20 PM,1750846160027,Right,-0.09838478,0.5972371,0.5665773,-0.1184923,0.484919,0.9319794,-0.1603225,0.5827794,0.55708,-0.1519265,0.4735376,0.9238927,-0.04296875,1.045847,0.6731569,-0.1442446,0.4195347,1.280401,True,0,1,3
6/25/2025 12:09:20 PM,1750846160040,Right,-0.09893002,0.6011903,0.5675487,-0.1197753,0.4907181,0.9331478,-0.1607007,0.58663,0.5580162,-0.1535672,0.4783455,0.924818,-0.04633248,1.053853,0.6771879,-0.1473334,0.4250982,1.281776,True,0,1,3
6/25/2025 12:09:20 PM,1750846160055,Right,-0.09929945,0.6048808,0.5682658,-0.1214657,0.4957784,0.93418,-0.1608266,0.5905827,0.5584944,-0.1552483,0.4827197,0.9254167,-0.04973364,1.061934,0.6811382,-0.1507211,0.4298631,1.282488,True,0,1,3
6/25/2025 12:09:20 PM,1750846160082,Right,-0.09840705,0.6124109,0.5692752,-0.1249079,0.5055443,0.935495,-0.1618054,0.5996884,0.5584357,-0.1590045,0.4931756,0.9257075,-0.05759192,1.078307,0.6871865,-0.1573678,0.4415888,1.283063,True,0,1,3
6/25/2025 12:09:20 PM,1750846160096,Right,-0.09787595,0.6164323,0.5694044,-0.1270069,0.510066,0.9352076,-0.1610239,0.6031746,0.5583079,-0.1606878,0.4967921,0.9252787,-0.06174326,1.086628,0.690384,-0.1614242,0.4451482,1.282965,True,0,1,3
6/25/2025 12:09:20 PM,1750846160124,Right,-0.09751261,0.6245584,0.5699549,-0.1310901,0.5187182,0.9355123,-0.1604065,0.6111618,0.5578468,-0.1643948,0.5057553,0.9250516,-0.06976891,1.102785,0.6949377,-0.1694147,0.4550474,1.282862,True,0,1,3
6/25/2025 12:09:20 PM,1750846160137,Right,-0.09688126,0.6296844,0.5703512,-0.1331352,0.5236624,0.9354178,-0.160203,0.6158938,0.5577267,-0.1665879,0.5098585,0.9245352,-0.0738008,1.110699,0.6970067,-0.1741392,0.4584378,1.282374,True,0,1,3
6/25/2025 12:09:20 PM,1750846160166,Right,-0.09714793,0.6402828,0.5715116,-0.1373838,0.5332857,0.935302,-0.1597268,0.6260115,0.558084,-0.1704254,0.5191571,0.9239912,-0.08234632,1.126729,0.6999173,-0.1826778,0.4666245,1.282079,True,0,1,3
6/25/2025 12:09:20 PM,1750846160180,Right,-0.09747186,0.6462953,0.5721241,-0.1403153,0.5385789,0.9359804,-0.1602304,0.6317052,0.5585738,-0.1733684,0.5239543,0.9246864,-0.08694935,1.134741,0.7008494,-0.1881935,0.4708294,1.282063,True,0,1,3
6/25/2025 12:09:20 PM,1750846160207,Right,-0.09897091,0.6586591,0.5740692,-0.1461649,0.5502582,0.9369698,-0.1615303,0.6437113,0.5598238,-0.1787284,0.5347897,0.925223,-0.09633672,1.15134,0.7032343,-0.1983303,0.4803782,1.282367,True,0,1,3
6/25/2025 12:09:20 PM,1750846160221,Right,-0.1000399,0.665764,0.5753028,-0.1496335,0.5568396,0.9379367,-0.1622091,0.6502678,0.560697,-0.1818152,0.5406717,0.9259704,-0.1014955,1.160124,0.7042005,-0.204275,0.4856772,1.282667,True,0,1,3
6/25/2025 12:09:20 PM,1750846160235,Right,-0.1016207,0.6727191,0.5765486,-0.1532797,0.5638964,0.9388534,-0.1630533,0.6567192,0.5614296,-0.1848772,0.547159,0.9265442,-0.1068358,1.168905,0.7051328,-0.2098659,0.4921517,1.283113,True,0,1,3
6/25/2025 12:09:20 PM,1750846160263,Right,-0.1051653,0.6873286,0.5795538,-0.1615888,0.5789727,0.9410994,-0.1664186,0.6701254,0.5631275,-0.1931614,0.5614539,0.927978,-0.1181878,1.18729,0.7059586,-0.224007,0.5071222,1.284386,True,0,1,3
6/25/2025 12:09:20 PM,1750846160277,Right,-0.1072332,0.6948057,0.5812175,-0.1663029,0.5875587,0.9423953,-0.1688897,0.6774983,0.5638143,-0.1978405,0.5693826,0.9283929,-0.1245413,1.196907,0.7058873,-0.2313885,0.515401,1.284868,True,0,1,3
6/25/2025 12:09:20 PM,1750846160305,Right,-0.1124355,0.7107378,0.5847819,-0.1770387,0.6065544,0.9438908,-0.1721195,0.6905314,0.5667598,-0.2078675,0.5862899,0.9299157,-0.1380858,1.216772,0.7054105,-0.2497455,0.5349252,1.287774,True,0,1,3
6/25/2025 12:09:20 PM,1750846160318,Right,-0.1156897,0.7192186,0.5866659,-0.1824298,0.6171048,0.9441495,-0.1751061,0.6974744,0.5679482,-0.2137107,0.5946891,0.9294466,-0.145353,1.227278,0.7048236,-0.2593436,0.543758,1.288625,True,0,1,3
6/25/2025 12:09:20 PM,1750846160346,Right,-0.1273147,0.7325547,0.5926101,-0.1991334,0.638934,0.948303,-0.1799349,0.7113154,0.5709799,-0.2277198,0.6143379,0.9298928,-0.161041,1.248526,0.7023824,-0.284422,0.5674529,1.29104,True,0,1,3
6/25/2025 12:09:20 PM,1750846160360,Right,-0.1330529,0.7407817,0.5948563,-0.2085661,0.6498422,0.9502382,-0.1827781,0.7186323,0.5725761,-0.2351682,0.6241241,0.9312098,-0.1689692,1.259414,0.7003442,-0.2971185,0.5794839,1.292065,True,0,1,3
6/25/2025 12:09:20 PM,1750846160388,Right,-0.143712,0.7559817,0.6006014,-0.2323984,0.674332,0.9546056,-0.192698,0.7343286,0.5762358,-0.2577173,0.6468106,0.933964,-0.1862767,1.281515,0.6950219,-0.3339821,0.6086257,1.293409,True,0,1,3
6/25/2025 12:09:20 PM,1750846160402,Right,-0.1495504,0.7636112,0.6039284,-0.2455532,0.6863845,0.9566815,-0.1979006,0.7422642,0.5785544,-0.2687745,0.6574773,0.9354871,-0.1954677,1.292619,0.6918136,-0.3517128,0.6217318,1.294036,True,0,1,3
6/25/2025 12:09:20 PM,1750846160416,Right,-0.1573839,0.7725842,0.6072769,-0.2608625,0.6991893,0.9588379,-0.2033557,0.7508163,0.5810392,-0.2826581,0.6697225,0.9371423,-0.2046545,1.30348,0.6883307,-0.3748699,0.6375044,1.29367,True,0,1,3
6/25/2025 12:09:20 PM,1750846160444,Right,-0.1745141,0.7954806,0.6137546,-0.2946404,0.726653,0.9625198,-0.2162322,0.7694346,0.5861599,-0.3125572,0.6945313,0.9409296,-0.2236178,1.325618,0.6801891,-0.4228689,0.6685342,1.291299,True,0,1,3
6/25/2025 12:09:20 PM,1750846160458,Right,-0.1846837,0.8083724,0.617366,-0.3146645,0.7417522,0.9635754,-0.2246141,0.7789652,0.5890892,-0.331538,0.7077824,0.9421301,-0.2335227,1.336512,0.6750759,-0.4536567,0.6850806,1.288249,True,0,1,3
6/25/2025 12:09:20 PM,1750846160485,Right,-0.2064802,0.8343825,0.6244817,-0.3577193,0.7728521,0.9648764,-0.2412141,0.7975656,0.5953072,-0.369489,0.7345995,0.9446126,-0.2533636,1.358233,0.6630628,-0.5148518,0.7189443,1.280173,True,0,1,3
6/25/2025 12:09:20 PM,1750846160499,Right,-0.2185094,0.8493808,0.6286957,-0.3821774,0.7902877,0.9638158,-0.2499715,0.8091522,0.5987165,-0.3913649,0.7505584,0.9438034,-0.2626121,1.369106,0.6569104,-0.5516608,0.737785,1.272505,True,0,1,3
6/25/2025 12:09:20 PM,1750846160527,Right,-0.2430566,0.8758673,0.6342806,-0.432864,0.8239549,0.957589,-0.2667839,0.8331297,0.6056153,-0.4343095,0.7820686,0.9409809,-0.281203,1.390592,0.6437473,-0.6225364,0.7738726,1.253712,True,0,1,3
6/25/2025 12:09:20 PM,1750846160540,Right,-0.25691,0.8897577,0.6360652,-0.4594646,0.8425687,0.9496591,-0.2771618,0.8430892,0.6086832,-0.4577922,0.7960356,0.9353545,-0.2904587,1.400794,0.636526,-0.6627867,0.7886344,1.239895,True,0,1,3
6/25/2025 12:09:20 PM,1750846160555,Right,-0.2711048,0.9032233,0.6368315,-0.486836,0.8609577,0.9425057,-0.2871625,0.8553001,0.6113331,-0.4834064,0.8132625,0.9297962,-0.2997777,1.410677,0.6283934,-0.7049235,0.8080384,1.22235,True,0,1,3
6/25/2025 12:09:20 PM,1750846160583,Right,-0.2999484,0.9305844,0.6374669,-0.5426558,0.8961976,0.9245016,-0.3093254,0.8780767,0.6146764,-0.5346158,0.8452427,0.9155488,-0.3183211,1.428547,0.611084,-0.7839386,0.8450108,1.183666,True,0,1,3
6/25/2025 12:09:20 PM,1750846160596,Right,-0.3145849,0.9434345,0.6372358,-0.5722162,0.9159434,0.9121279,-0.3217586,0.8900699,0.6150408,-0.5633174,0.8636386,0.9040447,-0.3272564,1.436799,0.6017731,-0.8277117,0.8672183,1.15688,True,0,1,3
6/25/2025 12:09:20 PM,1750846160624,Right,-0.3441166,0.9693801,0.6348733,-0.6285858,0.950432,0.8834473,-0.3475862,0.9153547,0.6145305,-0.6165634,0.8968589,0.8796215,-0.3450793,1.452798,0.5824826,-0.9054314,0.9036961,1.103174,True,0,1,3
6/25/2025 12:09:20 PM,1750846160638,Right,-0.3590835,0.9830546,0.6314051,-0.6558793,0.9659299,0.8654309,-0.3596366,0.9266506,0.61652,-0.644156,0.9139674,0.865386,-0.3541257,1.460516,0.5719838,-0.9464546,0.9237473,1.070102,True,0,1,3
6/25/2025 12:09:20 PM,1750846160665,Right,-0.3892472,1.008437,0.6214007,-0.7070505,0.9947434,0.8265434,-0.3854272,0.947419,0.6147316,-0.6942201,0.9419966,0.8334057,-0.3721393,1.475005,0.5501474,-1.016819,0.9529139,1.003852,True,0,1,3
6/25/2025 12:09:20 PM,1750846160679,Right,-0.4050588,1.017614,0.6138279,-0.7321055,1.010271,0.8041897,-0.3976592,0.957505,0.612271,-0.7184821,0.957353,0.8129116,-0.3807342,1.481351,0.5389172,-1.050757,0.9695946,0.9635795,True,0,1,3
6/25/2025 12:09:20 PM,1750846160707,Right,-0.4329105,1.036259,0.5998097,-0.7787802,1.03431,0.7596897,-0.4220632,0.9773359,0.6083646,-0.7656008,0.9838616,0.7726736,-0.3977289,1.492272,0.5169618,-1.110856,0.9961213,0.8827945,True,0,1,3
6/25/2025 12:09:20 PM,1750846160721,Right,-0.4466147,1.046008,0.5916208,-0.8009374,1.045473,0.7368222,-0.4348174,0.9868283,0.6048251,-0.7892199,0.9984659,0.7488991,-0.406514,1.496931,0.5066069,-1.138787,1.011128,0.8370685,True,0,1,3
6/25/2025 12:09:20 PM,1750846160735,Right,-0.4599737,1.053237,0.584601,-0.822049,1.055308,0.7137951,-0.448074,0.9958177,0.600318,-0.8110986,1.007809,0.7270911,-0.4155476,1.501491,0.4961733,-1.162886,1.017158,0.7970107,True,0,1,3
6/25/2025 12:09:20 PM,1750846160763,Right,-0.4844762,1.067791,0.5653684,-0.8565936,1.071041,0.6714012,-0.4723765,1.016441,0.590799,-0.8481364,1.031141,0.6813877,-0.4335426,1.509002,0.4744751,-1.203095,1.034373,0.7166103,True,0,1,3
6/25/2025 12:09:20 PM,1750846160777,Right,-0.4969269,1.075459,0.5539287,-0.8736271,1.078058,0.6489962,-0.4841421,1.025593,0.5861609,-0.8652835,1.037724,0.6597876,-0.4422735,1.511797,0.462351,-1.219892,1.034845,0.679363,True,0,1,3
6/25/2025 12:09:20 PM,1750846160805,Right,-0.5148651,1.091106,0.5347102,-0.9004715,1.090236,0.609362,-0.5047003,1.041316,0.574294,-0.8950651,1.055283,0.613839,-0.4578722,1.515269,0.4384276,-1.245764,1.045248,0.6044393,True,0,1,3
6/25/2025 12:09:20 PM,1750846160819,Right,-0.5249271,1.096004,0.525315,-0.9118583,1.094025,0.5901278,-0.5155274,1.048375,0.5676999,-0.9075103,1.057233,0.5937449,-0.4648218,1.516107,0.4268445,-1.257135,1.039455,0.5739366,True,0,1,3
6/25/2025 12:09:20 PM,1750846160846,Right,-0.5422341,1.105241,0.5096619,-0.9315544,1.097992,0.5556187,-0.5349905,1.064073,0.5543853,-0.9270496,1.068222,0.5573891,-0.4781834,1.517179,0.404636,-1.275554,1.041416,0.5204293,True,0,1,3
6/25/2025 12:09:20 PM,1750846160860,Right,-0.5503178,1.11058,0.4998494,-0.939963,1.101798,0.5357203,-0.5443781,1.071028,0.5478395,-0.9358288,1.068485,0.5404444,-0.4844531,1.517096,0.3942034,-1.283301,1.033857,0.495762,False,0,1,3
6/25/2025 12:09:20 PM,1750846160874,Right,-0.5578434,1.11515,0.4901809,-0.9479204,1.103866,0.5178974,-0.5517027,1.076799,0.540888,-0.9425321,1.071822,0.5237442,-0.4902813,1.516958,0.3841872,-1.288872,1.03416,0.4711535,False,0,1,3
6/25/2025 12:09:20 PM,1750846160902,Right,-0.5680341,1.122455,0.4741493,-0.9606084,1.106122,0.4864247,-0.5645149,1.085076,0.5275799,-0.9556886,1.075563,0.4903511,-0.5000277,1.515429,0.365799,-1.296723,1.032492,0.4217175,False,0,1,3
6/25/2025 12:09:20 PM,1750846160915,Right,-0.5729057,1.123702,0.4689243,-0.9655388,1.106038,0.4738217,-0.569847,1.087425,0.5211074,-0.9602144,1.077128,0.4764728,-0.5044862,1.514354,0.3575227,-1.299823,1.033221,0.4015341,False,0,1,3
6/25/2025 12:09:20 PM,1750846160944,Right,-0.5817305,1.126883,0.4598849,-0.9755923,1.105633,0.450604,-0.577749,1.088014,0.508741,-0.9675138,1.076293,0.4489591,-0.5129018,1.511842,0.3432075,-1.302505,1.030442,0.3620605,False,0,1,3
6/25/2025 12:09:20 PM,1750846160957,Right,-0.5834976,1.126659,0.4546587,-0.9774088,1.105266,0.4409429,-0.5806227,1.089316,0.5048634,-0.9697701,1.077925,0.4398473,-0.5166131,1.510505,0.3363909,-1.303397,1.03242,0.3484646,False,0,1,3
6/25/2025 12:09:20 PM,1750846160985,Right,-0.5880112,1.12517,0.444831,-0.9802437,1.101695,0.4265743,-0.5856482,1.09029,0.496499,-0.9718968,1.073593,0.4239941,-0.5228775,1.507395,0.3243262,-1.304355,1.023122,0.32606,False,0,1,3
6/25/2025 12:09:20 PM,1750846160999,Right,-0.5894083,1.124176,0.4406079,-0.9809613,1.101394,0.4180517,-0.5869148,1.089314,0.4928094,-0.9724465,1.072733,0.4187652,-0.5253005,1.50551,0.3189386,-1.304843,1.022825,0.3188613,False,0,1,3
6/25/2025 12:09:21 PM,1750846161027,Right,-0.5905997,1.122415,0.4340498,-0.9803283,1.102016,0.4025583,-0.5887139,1.087154,0.4849653,-0.9723047,1.067225,0.4089347,-0.5294664,1.501483,0.3102107,-1.304945,1.014664,0.3064744,False,0,1,3
6/25/2025 12:09:21 PM,1750846161040,Right,-0.5905991,1.120779,0.430542,-0.9806462,1.099719,0.4003198,-0.5885921,1.085373,0.4809987,-0.9726434,1.066762,0.40578,-0.5309992,1.499388,0.3068987,-1.305383,1.015967,0.3035329,False,0,1,3
6/25/2025 12:09:21 PM,1750846161055,Right,-0.5902692,1.118862,0.4269648,-0.9805057,1.097995,0.3978502,-0.5882102,1.083619,0.4774245,-0.9728016,1.066468,0.4041906,-0.5325172,1.497652,0.3039516,-1.306125,1.017318,0.303349,False,0,1,3
6/25/2025 12:09:21 PM,1750846161083,Right,-0.5889128,1.114001,0.4197347,-0.9798536,1.094974,0.3935533,-0.5869089,1.079756,0.4706405,-0.9720079,1.062805,0.3979699,-0.5348518,1.494809,0.2995707,-1.305203,1.013436,0.2981432,False,0,1,3
6/25/2025 12:09:21 PM,1750846161096,Right,-0.5877993,1.111384,0.4162003,-0.9793976,1.093466,0.3927069,-0.5858367,1.077646,0.4674001,-0.9720014,1.062869,0.3976721,-0.535768,1.49351,0.2983619,-1.30582,1.015446,0.3005029,False,0,1,3
6/25/2025 12:09:21 PM,1750846161124,Right,-0.5856892,1.108073,0.4107031,-0.9782164,1.090825,0.3924116,-0.5834679,1.074115,0.4613644,-0.9708056,1.060253,0.3945203,-0.5367332,1.490859,0.2972827,-1.304854,1.013783,0.2999273,False,0,1,3
6/25/2025 12:09:21 PM,1750846161138,Right,-0.5845236,1.107307,0.4087513,-0.9767079,1.090679,0.391203,-0.5821128,1.072816,0.459211,-0.9698852,1.059685,0.3970878,-0.5371163,1.48967,0.297757,-1.30543,1.014433,0.3059002,False,0,1,3
6/25/2025 12:09:21 PM,1750846161165,Right,-0.5817264,1.105864,0.4059596,-0.9732982,1.089712,0.3933934,-0.5786343,1.07001,0.4553785,-0.9665364,1.056176,0.3996529,-0.5370088,1.487432,0.2993311,-1.304172,1.010843,0.3132715,False,0,1,3
6/25/2025 12:09:21 PM,1750846161180,Right,-0.5800623,1.105585,0.4055606,-0.9711866,1.088306,0.3964109,-0.5763597,1.068997,0.4548467,-0.9644914,1.055214,0.4043913,-0.5364137,1.486274,0.3007017,-1.303695,1.010517,0.3219423,False,0,1,3
6/25/2025 12:09:21 PM,1750846161208,Right,-0.5764535,1.105447,0.4076479,-0.9673395,1.085332,0.4038987,-0.5710924,1.067066,0.4550008,-0.9597196,1.051895,0.4107521,-0.5358381,1.484056,0.3037081,-1.3002,1.006611,0.3331501,False,0,1,3
6/25/2025 12:09:21 PM,1750846161222,Right,-0.5740674,1.106509,0.4114171,-0.9643228,1.083203,0.4097878,-0.5676322,1.065578,0.4564643,-0.9563679,1.04977,0.4178306,-0.5352275,1.482958,0.3053677,-1.298273,1.004755,0.3443703,False,0,1,3
6/25/2025 12:09:21 PM,1750846161236,Right,-0.5712095,1.106662,0.415038,-0.9616245,1.081216,0.4154328,-0.5643002,1.064263,0.4583293,-0.9533709,1.047378,0.4208204,-0.5348828,1.482187,0.307112,-1.295087,1.001842,0.3480823,False,0,1,3
6/25/2025 12:09:21 PM,1750846161263,Right,-0.5642422,1.107999,0.4251393,-0.9566835,1.077486,0.4255573,-0.555045,1.060278,0.4643152,-0.947217,1.044729,0.4353252,-0.5334885,1.480313,0.3120494,-1.288287,1.004335,0.3677392,False,0,1,3
6/25/2025 12:09:21 PM,1750846161277,Right,-0.5599018,1.107609,0.4310845,-0.9541762,1.075522,0.4307771,-0.5496246,1.057579,0.4675472,-0.9437606,1.042859,0.4384294,-0.5322175,1.479563,0.3153034,-1.282987,1.004566,0.3702346,False,0,1,3
6/25/2025 12:09:21 PM,1750846161304,Right,-0.5472356,1.10373,0.4451796,-0.9493177,1.07157,0.4410584,-0.5354408,1.050912,0.4756368,-0.9379541,1.034148,0.4604298,-0.5288191,1.477987,0.3233596,-1.27171,1.000052,0.4020082,False,0,1,3
6/25/2025 12:09:21 PM,1750846161319,Right,-0.539457,1.100964,0.4530206,-0.9468337,1.069473,0.4464032,-0.5272774,1.046738,0.4794381,-0.9344153,1.028033,0.4683055,-0.5268545,1.477396,0.3278806,-1.264108,0.9944268,0.4127744,False,0,1,3
6/25/2025 12:09:21 PM,1750846161346,Right,-0.5210577,1.093026,0.4696057,-0.9075474,1.041392,0.5051438,-0.5075864,1.037722,0.4870299,-0.8975464,1.010055,0.5028903,-0.5222669,1.476568,0.3386682,-1.246414,0.9754905,0.4680348,False,0,1,3
6/25/2025 12:09:21 PM,1750846161360,Right,-0.5093524,1.086254,0.4778603,-0.8914746,1.029384,0.5253516,-0.4968724,1.031753,0.4899063,-0.8854495,1.001323,0.5126567,-0.5195808,1.476282,0.3453164,-1.235702,0.967015,0.4835829,False,0,1,3
6/25/2025 12:09:21 PM,1750846161388,Right,-0.4848443,1.07315,0.4924178,-0.8636503,1.009175,0.556568,-0.4705866,1.016457,0.4930528,-0.8551404,0.9806555,0.5431544,-0.5121074,1.475305,0.3614532,-1.20808,0.9523918,0.5388744,False,0,1,3
6/25/2025 12:09:21 PM,1750846161402,Right,-0.4700472,1.065962,0.4991087,-0.845996,0.9967774,0.5729941,-0.4566943,1.008001,0.4947889,-0.8407096,0.9703968,0.551357,-0.5073619,1.474599,0.3701897,-1.193273,0.9437167,0.5532653,False,0,1,3
6/25/2025 12:09:21 PM,1750846161416,Right,-0.4556396,1.060087,0.5054352,-0.8283382,0.9846271,0.5880973,-0.4421051,1.000853,0.4959165,-0.8222985,0.9583933,0.5670934,-0.5020509,1.473665,0.3793787,-1.175383,0.9326772,0.5839804,False,0,1,3
6/25/2025 12:09:21 PM,1750846161444,Right,-0.4228055,1.040239,0.5130723,-0.7884201,0.9580889,0.6164794,-0.4133049,0.9872782,0.4921042,-0.7868266,0.935353,0.5863324,-0.488475,1.471061,0.3996112,-1.138229,0.910474,0.6288,False,0,1,3
6/25/2025 12:09:21 PM,1750846161457,Right,-0.4048776,1.029901,0.5141463,-0.7645022,0.9435894,0.6289948,-0.3979654,0.9796914,0.4898064,-0.7641969,0.9207965,0.6010792,-0.4799609,1.469198,0.4107116,-1.113933,0.8938353,0.6633548,False,0,1,3
6/25/2025 12:09:21 PM,1750846161486,Right,-0.3688951,1.010002,0.5131305,-0.7148761,0.9113024,0.6486998,-0.3661387,0.964178,0.4784802,-0.7174828,0.8929207,0.6174709,-0.4606702,1.464942,0.4338517,-1.061844,0.8594136,0.7132535,False,0,1,3
6/25/2025 12:09:21 PM,1750846161499,Right,-0.3497531,0.9996612,0.5100245,-0.6875887,0.8944877,0.656709,-0.350791,0.9561218,0.4700065,-0.690815,0.8764808,0.6273603,-0.4493877,1.46196,0.4459189,-1.028981,0.8377635,0.7459599,False,0,1,3
6/25/2025 12:09:21 PM,1750846161527,Right,-0.3125212,0.9790149,0.5007716,-0.6342613,0.8635305,0.6691405,-0.3221769,0.9432464,0.4534902,-0.6419745,0.8475221,0.6372128,-0.4248533,1.455083,0.4695519,-0.9663581,0.7971789,0.7908255,False,0,1,3
6/25/2025 12:09:21 PM,1750846161541,Right,-0.2949345,0.9711387,0.4913542,-0.6042201,0.8482372,0.6739835,-0.307102,0.9386327,0.4436472,-0.6121565,0.8320751,0.6428444,-0.4113307,1.450861,0.4811366,-0.9253924,0.7727857,0.8182292,False,0,1,3
6/25/2025 12:09:21 PM,1750846161555,Right,-0.2773265,0.9641203,0.4827536,-0.5744531,0.8344339,0.6765336,-0.2926828,0.9338077,0.4335041,-0.5815475,0.8162208,0.6465393,-0.3973262,1.446264,0.4927193,-0.8822867,0.7467178,0.8427286,False,0,1,3
6/25/2025 12:09:21 PM,1750846161583,Right,-0.2439473,0.9493995,0.4614486,-0.5165923,0.8046459,0.6762685,-0.2662265,0.9254912,0.4113635,-0.5291461,0.7894295,0.6432083,-0.3682557,1.435744,0.5146432,-0.8064544,0.702219,0.8678757,False,0,1,3
6/25/2025 12:09:21 PM,1750846161597,Right,-0.2286872,0.9430654,0.4483364,-0.4859937,0.7887523,0.672208,-0.253349,0.9218627,0.397648,-0.4981093,0.7749631,0.6397588,-0.35313,1.429241,0.5245466,-0.7593318,0.6760471,0.8810281,False,0,1,3
6/25/2025 12:09:21 PM,1750846161624,Right,-0.2010422,0.9317899,0.4207069,-0.4301759,0.7595019,0.6620951,-0.2318483,0.9151552,0.3721966,-0.4490001,0.749997,0.6289229,-0.3227396,1.414708,0.5427357,-0.6813989,0.6331196,0.8903282,False,0,1,3
6/25/2025 12:09:21 PM,1750846161638,Right,-0.1865165,0.9261259,0.4060754,-0.402729,0.7453066,0.6549602,-0.2205301,0.912295,0.3584707,-0.421057,0.7364766,0.6232929,-0.3078077,1.406453,0.5509118,-0.6351551,0.6098359,0.8939189,False,0,1,3
6/25/2025 12:09:21 PM,1750846161666,Right,-0.1588856,0.9158529,0.3759023,-0.3476388,0.7189022,0.6357022,-0.1981547,0.9079901,0.332716,-0.3703933,0.7141794,0.6057922,-0.2800522,1.388327,0.5655311,-0.5543831,0.569792,0.8884349,False,0,1,3
6/25/2025 12:09:21 PM,1750846161680,Right,-0.1460478,0.912397,0.3596115,-0.3193319,0.706921,0.6229295,-0.1875395,0.9039873,0.317382,-0.3419926,0.701514,0.5942086,-0.2670586,1.377971,0.5725261,-0.5082347,0.5476356,0.8833044,False,0,1,3
6/25/2025 12:09:21 PM,1750846161707,Right,-0.1225544,0.9062033,0.3284363,-0.2675966,0.684509,0.5965116,-0.1676001,0.9012743,0.2915163,-0.2939448,0.6825767,0.5710617,-0.241053,1.35547,0.5853313,-0.4303485,0.512355,0.8658029,False,0,1,3
6/25/2025 12:09:21 PM,1750846161721,Right,-0.1112726,0.9027948,0.3124021,-0.2440211,0.6741928,0.5784485,-0.1585895,0.8985605,0.2774696,-0.26787,0.6732579,0.5566017,-0.2280459,1.34335,0.5908393,-0.3879551,0.4938505,0.8551384,False,0,1,3
6/25/2025 12:09:21 PM,1750846161735,Right,-0.1011416,0.8998681,0.2970242,-0.2205828,0.6645452,0.5629001,-0.1502791,0.8962035,0.2645107,-0.2477856,0.6640819,0.542654,-0.215291,1.330816,0.5957358,-0.3548757,0.4776003,0.8415824,False,0,1,3
6/25/2025 12:09:21 PM,1750846161763,Right,-0.08482993,0.8941683,0.2677184,-0.1790085,0.6455078,0.532902,-0.138216,0.8897479,0.2377238,-0.2064266,0.6453972,0.5144541,-0.1913576,1.304534,0.6048326,-0.2832878,0.4459949,0.8140376,False,0,1,3
6/25/2025 12:09:21 PM,1750846161777,Right,-0.07834734,0.8914831,0.253631,-0.1591132,0.6360955,0.5177899,-0.1336419,0.8870726,0.2252331,-0.189546,0.6363723,0.4999065,-0.1799996,1.290948,0.6093644,-0.2531994,0.4309548,0.7977387,False,0,1,3
6/25/2025 12:09:21 PM,1750846161805,Right,-0.06641781,0.8882589,0.2340024,-0.1264069,0.6206415,0.4907362,-0.1238991,0.8835347,0.2099876,-0.154502,0.6212703,0.4770998,-0.1581833,1.262959,0.6168659,-0.1919087,0.4025022,0.7704184,False,0,1,3
6/25/2025 12:09:21 PM,1750846161818,Right,-0.06313819,0.8870766,0.2252086,-0.1092577,0.6115006,0.4820274,-0.121463,0.8811333,0.2026159,-0.1410378,0.611342,0.4671353,-0.1478179,1.24882,0.6200745,-0.1659506,0.3884081,0.7551942,False,0,1,3
6/25/2025 12:09:21 PM,1750846161847,Right,-0.05938006,0.8804719,0.2114207,-0.08400787,0.5943587,0.4625181,-0.1224634,0.8721076,0.1914309,-0.1195959,0.5921865,0.4503897,-0.1292582,1.219686,0.6246318,-0.1204393,0.3627696,0.7305698,False,0,1,3
6/25/2025 12:09:21 PM,1750846161861,Right,-0.05915251,0.875502,0.2071569,-0.07367159,0.5859408,0.4541795,-0.1234808,0.8678423,0.1879891,-0.1093878,0.5829084,0.4419832,-0.1207061,1.205149,0.6256951,-0.09849594,0.3489997,0.7174023,False,0,1,3
6/25/2025 12:09:21 PM,1750846161888,Right,-0.06050302,0.8639123,0.2040193,-0.05762975,0.5670964,0.4431042,-0.1267677,0.855825,0.1896041,-0.09404399,0.5655439,0.4343591,-0.1051128,1.176462,0.6264971,-0.0631799,0.3244092,0.7030765,False,0,1,3
6/25/2025 12:09:21 PM,1750846161902,Right,-0.06191173,0.8569627,0.2046551,-0.05076481,0.5564514,0.4404671,-0.1281747,0.8499657,0.1932704,-0.08634198,0.5552185,0.4327579,-0.09771013,1.16242,0.6269003,-0.04582302,0.3107316,0.6958089,False,0,1,3
6/25/2025 12:09:21 PM,1750846161916,Right,-0.06540596,0.8475878,0.2091953,-0.04638465,0.5450935,0.4428971,-0.1306721,0.8411608,0.1989381,-0.08143222,0.5441631,0.4351708,-0.0909313,1.149189,0.6272391,-0.03316046,0.2981603,0.6946617,False,0,1,3
6/25/2025 12:09:21 PM,1750846161943,Right,-0.0733002,0.8267113,0.222398,-0.04082653,0.5235602,0.4503424,-0.1402756,0.8212687,0.215432,-0.0769449,0.5234174,0.4439385,-0.08000135,1.123159,0.626844,-0.01297697,0.2732128,0.6986813,False,0,1,3
6/25/2025 12:09:21 PM,1750846161956,Right,-0.07864704,0.8148642,0.2321494,-0.04307591,0.5133694,0.4563238,-0.1428742,0.809063,0.2265955,-0.07634261,0.5144776,0.453081,-0.07610679,1.112582,0.6262493,-0.00738737,0.262623,0.7094483,False,0,1,3
6/25/2025 12:09:21 PM,1750846161984,Right,-0.08403712,0.7879833,0.2561768,-0.0341966,0.4901312,0.4830092,-0.1515971,0.7831047,0.2531202,-0.07557078,0.4892772,0.477973,-0.06764388,1.090462,0.6248951,0.004264385,0.2386727,0.7320786,False,0,1,3
6/25/2025 12:09:21 PM,1750846161998,Right,-0.08797475,0.7730366,0.2726396,-0.03478634,0.4784218,0.4999564,-0.154448,0.7678489,0.2698334,-0.07632652,0.477492,0.4955327,-0.06464529,1.080325,0.6246936,0.006781399,0.2279279,0.7521099,False,0,1,3
6/25/2025 12:09:22 PM,1750846162025,Right,-0.09195568,0.7448334,0.3080396,-0.038467,0.4536048,0.5389417,-0.1604408,0.738843,0.304786,-0.07676172,0.4528648,0.5333062,-0.05869317,1.061262,0.6236643,0.0122631,0.2074817,0.7925653,False,0,1,3
6/25/2025 12:09:22 PM,1750846162040,Right,-0.09559999,0.7299534,0.3282762,-0.04176629,0.4421717,0.5639922,-0.1590747,0.7264352,0.3255228,-0.07616156,0.4434798,0.5586344,-0.05595517,1.053093,0.6230658,0.01123968,0.2020559,0.8216271,False,0,1,3
6/25/2025 12:09:22 PM,1750846162067,Right,-0.09867612,0.7036497,0.3685648,-0.04666683,0.4243231,0.6160426,-0.1610236,0.7005532,0.3653255,-0.07824169,0.4233716,0.6067191,-0.05213094,1.038888,0.6218163,0.007168412,0.1897182,0.8760692,True,0,1,4
6/25/2025 12:09:22 PM,1750846162082,Right,-0.09884876,0.6913922,0.3897794,-0.04937764,0.4188042,0.6440423,-0.1637307,0.6868109,0.3859253,-0.08316942,0.416681,0.6348116,-0.05054426,1.033121,0.6220677,-0.0009597689,0.1896616,0.9117088,True,0,1,4
6/25/2025 12:09:22 PM,1750846162095,Right,-0.1006674,0.6808308,0.4111556,-0.05255583,0.4151013,0.6728213,-0.1649164,0.6749868,0.4058799,-0.08762887,0.4127986,0.6640905,-0.04886746,1.027814,0.6223651,-0.009697884,0.1944806,0.9491304,True,0,1,4
6/25/2025 12:09:22 PM,1750846162123,Right,-0.1067934,0.663715,0.4511304,-0.0619435,0.4132795,0.7285323,-0.1683394,0.6560224,0.4444944,-0.09505395,0.4077733,0.7176718,-0.0459199,1.018885,0.6241375,-0.02264063,0.2050719,1.015034,True,0,1,4
6/25/2025 12:09:22 PM,1750846162137,Right,-0.1088263,0.6571409,0.4713389,-0.0680874,0.416038,0.7579895,-0.1710323,0.6487196,0.4646044,-0.1019201,0.4105764,0.7482285,-0.04573441,1.015367,0.6252682,-0.0346275,0.2193182,1.053763,True,0,1,4
6/25/2025 12:09:22 PM,1750846162164,Right,-0.1154773,0.648246,0.5084895,-0.08068723,0.4278409,0.8114944,-0.17794,0.6392429,0.5013728,-0.1148796,0.419343,0.800138,-0.04602265,1.010967,0.6286801,-0.05394185,0.2470602,1.118558,True,0,1,4
6/25/2025 12:09:22 PM,1750846162179,Right,-0.1201279,0.6463403,0.5259343,-0.08914635,0.4382913,0.8367772,-0.18227,0.6369979,0.5183612,-0.1244873,0.4298834,0.8259903,-0.04803848,1.011154,0.6310654,-0.06900021,0.270064,1.152892,True,0,1,4
6/25/2025 12:09:22 PM,1750846162206,Right,-0.1321263,0.6439216,0.5587304,-0.1081683,0.460877,0.883144,-0.1905859,0.6354064,0.5488976,-0.1409096,0.4508137,0.8695831,-0.05586052,1.017475,0.6371089,-0.09368181,0.3127297,1.209647,True,0,1,4
6/25/2025 12:09:22 PM,1750846162220,Right,-0.1353285,0.6480539,0.5725783,-0.1190478,0.4749167,0.9036295,-0.1932784,0.6351815,0.5622161,-0.1500045,0.4650995,0.892398,-0.06063056,1.0235,0.642912,-0.1103049,0.342832,1.238786,True,0,1,4
6/25/2025 12:09:22 PM,1750846162248,Right,-0.1409168,0.6547675,0.598116,-0.1340844,0.5085013,0.9439209,-0.2001415,0.6371785,0.5865864,-0.1666542,0.4922675,0.9313053,-0.07081354,1.039516,0.6575129,-0.1390679,0.3972478,1.285731,True,0,1,4
6/25/2025 12:09:22 PM,1750846162262,Right,-0.1435912,0.6592385,0.6103849,-0.1436823,0.5284568,0.9615576,-0.201998,0.6414683,0.597017,-0.1768374,0.5113798,0.947522,-0.07712531,1.048879,0.6653798,-0.1588831,0.4308767,1.306871,True,0,1,4
6/25/2025 12:09:22 PM,1750846162276,Right,-0.1463196,0.6649739,0.6220343,-0.1535227,0.5481564,0.9773534,-0.2039366,0.6454812,0.6068898,-0.1837616,0.5261967,0.9608858,-0.08426332,1.058677,0.6733284,-0.1715325,0.4562399,1.323296,True,0,1,4
6/25/2025 12:09:22 PM,1750846162303,Right,-0.1542249,0.6817681,0.6442325,-0.1770688,0.5921071,1.000904,-0.2085821,0.6593123,0.6248394,-0.2074243,0.566021,0.9814388,-0.1022418,1.082347,0.6870376,-0.2187987,0.5188379,1.353031,True,0,1,4
6/25/2025 12:09:22 PM,1750846162317,Right,-0.1594779,0.6923119,0.6537455,-0.1899104,0.6142267,1.011406,-0.2115937,0.6665263,0.6333271,-0.2168233,0.5830808,0.9911149,-0.1124833,1.095029,0.6926334,-0.2362163,0.5452315,1.364615,True,0,1,4
6/25/2025 12:09:22 PM,1750846162345,Right,-0.1715254,0.7165844,0.6696727,-0.2207145,0.6573626,1.027178,-0.2214534,0.6804772,0.6473464,-0.2435107,0.6186747,1.006374,-0.133893,1.122348,0.7028061,-0.2846707,0.6011271,1.382062,True,0,1,4
6/25/2025 12:09:22 PM,1750846162359,Right,-0.1785162,0.7282639,0.676533,-0.2377213,0.678674,1.034808,-0.2262913,0.6895697,0.6531722,-0.2597937,0.6394955,1.014656,-0.1453986,1.136804,0.7068394,-0.3149163,0.6336389,1.387418,True,0,1,4
6/25/2025 12:09:22 PM,1750846162386,Right,-0.1949789,0.7519399,0.6869857,-0.2749082,0.7195936,1.044991,-0.2358034,0.7077153,0.6647311,-0.2910178,0.6775321,1.027994,-0.1684623,1.166767,0.7144566,-0.3715591,0.690473,1.393685,True,0,1,4
6/25/2025 12:09:22 PM,1750846162400,Right,-0.2026968,0.7642268,0.6923386,-0.2941602,0.7396336,1.048907,-0.2400663,0.7206159,0.6706414,-0.309164,0.6985467,1.03231,-0.180666,1.181996,0.7170188,-0.4057534,0.7183003,1.393582,True,0,1,4
6/25/2025 12:09:22 PM,1750846162415,Right,-0.2121517,0.7769026,0.6967675,-0.3150471,0.7593012,1.051651,-0.2468624,0.7319679,0.6753721,-0.3299309,0.7173673,1.035462,-0.1934588,1.19736,0.7188905,-0.4418941,0.7433039,1.390868,True,0,1,4
6/25/2025 12:09:22 PM,1750846162443,Right,-0.2320146,0.8015493,0.7049349,-0.3586925,0.7968289,1.053388,-0.2607483,0.7532397,0.6844007,-0.3692042,0.7512596,1.038889,-0.2206397,1.227501,0.7197577,-0.50838,0.7872832,1.382699,True,0,1,4
6/25/2025 12:09:22 PM,1750846162456,Right,-0.2424036,0.8154924,0.70955,-0.3825865,0.8140727,1.052703,-0.2690216,0.7653828,0.688841,-0.3917305,0.7676978,1.03855,-0.234807,1.241857,0.7184328,-0.5464521,0.8062511,1.375472,True,0,1,4
6/25/2025 12:09:22 PM,1750846162484,Right,-0.2659639,0.8441992,0.7146398,-0.4317208,0.8455586,1.04958,-0.2871816,0.7904583,0.6965615,-0.4378533,0.8018767,1.038229,-0.263402,1.269597,0.7141893,-0.6198109,0.8457906,1.357164,True,0,1,4
6/25/2025 12:09:22 PM,1750846162498,Right,-0.2789064,0.8588085,0.7158986,-0.458754,0.8611304,1.044935,-0.2964805,0.8026721,0.7004141,-0.4628313,0.8176429,1.035996,-0.2785363,1.282404,0.7103019,-0.6599405,0.8625522,1.344162,True,0,1,4
6/25/2025 12:09:22 PM,1750846162525,Right,-0.3057929,0.8856772,0.7181737,-0.5093891,0.8900474,1.031106,-0.3198063,0.8257679,0.7012325,-0.5108447,0.8432944,1.021484,-0.308643,1.306419,0.6999847,-0.7342505,0.8870085,1.313267,True,0,1,4
6/25/2025 12:09:22 PM,1750846162540,Right,-0.3236059,0.8989938,0.7156608,-0.5371899,0.9042533,1.022345,-0.3324441,0.8396647,0.7011155,-0.5373051,0.8582246,1.013105,-0.3237674,1.31707,0.6927916,-0.7741718,0.9002879,1.293823,True,0,1,4
6/25/2025 12:09:22 PM,1750846162567,Right,-0.3556124,0.9238334,0.7058042,-0.5915915,0.9309486,1.000993,-0.3572732,0.8644406,0.6989292,-0.5908225,0.8875955,0.9950155,-0.3527056,1.336383,0.6771687,-0.850587,0.9279264,1.249121,True,0,1,4
6/25/2025 12:09:22 PM,1750846162582,Right,-0.3722299,0.937611,0.6994717,-0.619284,0.9447432,0.987123,-0.3709663,0.8756022,0.6965384,-0.6182008,0.900601,0.982829,-0.3666763,1.345425,0.6681678,-0.8891701,0.9388503,1.223382,True,0,1,4
6/25/2025 12:09:22 PM,1750846162595,Right,-0.388204,0.9499516,0.693508,-0.6463777,0.9555231,0.9727394,-0.3834598,0.8879825,0.6941777,-0.6445464,0.9142507,0.9692882,-0.3801111,1.353719,0.6587138,-0.9264992,0.9500775,1.195528,True,0,1,4
6/25/2025 12:09:22 PM,1750846162623,Right,-0.4181214,0.9721425,0.6783435,-0.7005598,0.9819869,0.9399349,-0.4096162,0.9094516,0.6863202,-0.698133,0.94073,0.9391357,-0.4045762,1.368589,0.6383089,-0.9968585,0.9742333,1.134706,True,0,1,4
6/25/2025 12:09:22 PM,1750846162637,Right,-0.432875,0.9833666,0.6696488,-0.7257928,0.9915259,0.919338,-0.423449,0.9208612,0.6796926,-0.7226429,0.9520164,0.9197425,-0.4157026,1.375033,0.628481,-1.029873,0.9828548,1.102193,True,0,1,4
6/25/2025 12:09:22 PM,1750846162664,Right,-0.459791,1.000083,0.6524677,-0.7773194,1.00315,0.8795753,-0.4493249,0.9422624,0.6665319,-0.7746826,0.9746343,0.8794618,-0.4363451,1.38737,0.6097349,-1.09392,1.000564,1.028745,True,0,1,4
6/25/2025 12:09:22 PM,1750846162679,Right,-0.4734789,1.007438,0.6414236,-0.8036085,1.004225,0.8578698,-0.4611284,0.9510023,0.6598794,-0.8020548,0.9861708,0.855263,-0.446462,1.392926,0.6002678,-1.125743,1.011627,0.9834712,True,0,1,4
6/25/2025 12:09:22 PM,1750846162707,Right,-0.4991001,1.022123,0.6180833,-0.8542728,0.9965841,0.8127973,-0.4849201,0.9643677,0.6432887,-0.8525224,0.9999162,0.8106076,-0.4665331,1.402682,0.581269,-1.176935,1.020059,0.9042754,True,0,1,4
6/25/2025 12:09:22 PM,1750846162720,Right,-0.5099342,1.028579,0.6058472,-0.8789179,0.9877409,0.7889948,-0.4965639,0.971862,0.6334758,-0.8791516,1.006505,0.7864065,-0.4756767,1.406577,0.5716171,-1.200247,1.02362,0.8620608,True,0,1,4
6/25/2025 12:09:22 PM,1750846162748,Right,-0.5303827,1.037635,0.5812351,-0.8951613,0.9797936,0.7724714,-0.5176189,0.9837902,0.6147172,-0.9150745,1.014317,0.7340225,-0.4932368,1.412277,0.5517917,-1.239254,1.024414,0.7811272,True,0,1,4
6/25/2025 12:09:22 PM,1750846162762,Right,-0.5386224,1.042807,0.5678015,-0.8951613,0.9797936,0.7724714,-0.5275484,0.9869606,0.6045802,-0.929714,1.018069,0.7061779,-0.5013096,1.413797,0.5417494,-1.255767,1.026876,0.7395074,True,0,1,4
6/25/2025 12:09:22 PM,1750846162776,Right,-0.5480177,1.045625,0.5565153,-0.8951613,0.9797936,0.7724714,-0.5374731,0.9903346,0.5937296,-0.9417921,1.018554,0.6788682,-0.50911,1.414505,0.5318251,-1.270726,1.02313,0.7003325,True,0,1,4
6/25/2025 12:09:22 PM,1750846162803,Right,-0.5642494,1.046004,0.5297831,-0.9433259,1.051604,0.622077,-0.555182,0.9948956,0.5711789,-0.9406142,1.015599,0.62885,-0.5232625,1.415316,0.5124425,-1.293786,1.011395,0.6366937,True,0,1,4
6/25/2025 12:09:22 PM,1750846162818,Right,-0.5723904,1.046032,0.5151259,-0.9537381,1.051355,0.5953402,-0.5639937,0.9964213,0.5601485,-0.9509093,1.013572,0.6037221,-0.5296562,1.415246,0.5028375,-1.304571,1.003981,0.5999925,True,0,1,4
6/25/2025 12:09:22 PM,1750846162845,Right,-0.5839563,1.042361,0.49182,-0.966857,1.051478,0.5445668,-0.5776794,0.9972656,0.5376757,-0.9636388,1.009935,0.5576282,-0.5409539,1.414217,0.4841738,-1.319349,0.9929792,0.5349126,True,0,1,4
6/25/2025 12:09:22 PM,1750846162859,Right,-0.5894588,1.040193,0.4786528,-0.9734522,1.051266,0.5170377,-0.5845822,0.9964417,0.5260943,-0.9704881,1.004853,0.5332137,-0.5456271,1.413274,0.4756814,-1.325672,0.9826329,0.4997132,False,0,1,4
6/25/2025 12:09:22 PM,1750846162887,Right,-0.5976197,1.036554,0.4564875,-0.9830675,1.044102,0.468995,-0.5948977,0.9927427,0.5047718,-0.9804925,0.9969202,0.4877151,-0.5529809,1.411321,0.4594557,-1.332765,0.9690709,0.4334136,False,0,1,4
6/25/2025 12:09:22 PM,1750846162900,Right,-0.6008829,1.033275,0.4455062,-0.9874403,1.039369,0.4466574,-0.5990961,0.9891325,0.4952039,-0.9844794,0.9942034,0.4659384,-0.556272,1.410539,0.451902,-1.334438,0.9665856,0.4010506,False,0,1,4
6/25/2025 12:09:22 PM,1750846162915,Right,-0.6029658,1.029348,0.4365125,-0.9915726,1.031134,0.4277069,-0.6019065,0.9862694,0.4851643,-0.9881181,0.9918512,0.4426212,-0.5596991,1.410076,0.4452244,-1.333617,0.9650465,0.3657915,False,0,1,4
6/25/2025 12:09:22 PM,1750846162943,Right,-0.6056913,1.020958,0.4200093,-0.9965503,1.015421,0.3901486,-0.6061161,0.9773493,0.4690159,-0.9919788,0.9822428,0.400538,-0.5661101,1.40884,0.4337026,-1.328277,0.9550889,0.3014219,False,0,1,4
6/25/2025 12:09:22 PM,1750846162956,Right,-0.6066573,1.015903,0.4137192,-0.9958131,1.008307,0.3738468,-0.6073945,0.9721781,0.4623382,-0.990895,0.9744548,0.3850009,-0.5689437,1.40787,0.4288009,-1.325216,0.9453949,0.2776342,False,0,1,4
6/25/2025 12:09:22 PM,1750846162984,Right,-0.6076255,1.005488,0.403021,-0.9942974,0.9928775,0.3453937,-0.6086883,0.9624553,0.4522209,-0.9878315,0.9597055,0.3562371,-0.5734625,1.405202,0.4195048,-1.316191,0.9263026,0.2326016,False,0,1,4
6/25/2025 12:09:22 PM,1750846162998,Right,-0.6074424,1.001988,0.3996826,-0.9931169,0.986432,0.3365076,-0.6089021,0.9588525,0.4485,-0.9861593,0.9529962,0.3454692,-0.5750165,1.403754,0.4153048,-1.311816,0.9171913,0.2155271,False,0,1,4
6/25/2025 12:09:23 PM,1750846163026,Right,-0.6067315,0.9958038,0.3928809,-0.9898953,0.9727864,0.3211442,-0.6080271,0.9521684,0.4412949,-0.9812115,0.9395819,0.3269186,-0.5775874,1.400462,0.4081646,-1.302644,0.8977419,0.187039,False,0,1,4
6/25/2025 12:09:23 PM,1750846163040,Right,-0.6057175,0.9936653,0.3899246,-0.9879248,0.9667304,0.3168827,-0.6065525,0.949387,0.4381174,-0.9789233,0.9334434,0.3230225,-0.578553,1.398972,0.4053721,-1.300052,0.8887607,0.1822207,False,0,1,4
6/25/2025 12:09:23 PM,1750846163068,Right,-0.6033321,0.9895264,0.3843823,-0.9852372,0.9568666,0.3119131,-0.6035923,0.945598,0.4325693,-0.9749557,0.9236134,0.3151875,-0.579787,1.39593,0.4006548,-1.294486,0.873422,0.1726531,False,0,1,4
6/25/2025 12:09:23 PM,1750846163081,Right,-0.601561,0.9878029,0.381554,-0.9841235,0.9527147,0.3127978,-0.6012225,0.9441464,0.4299789,-0.9738141,0.9197748,0.3164436,-0.5801988,1.394346,0.3991505,-1.294336,0.8674917,0.1773579,False,0,1,4
6/25/2025 12:09:23 PM,1750846163096,Right,-0.5997361,0.9864032,0.379083,-0.9829415,0.9491237,0.3156125,-0.5990324,0.9425986,0.4278248,-0.971095,0.9153187,0.3134341,-0.5803022,1.392955,0.3980035,-1.290977,0.8602375,0.173799,False,0,1,4
6/25/2025 12:09:23 PM,1750846163123,Right,-0.5955764,0.9838902,0.3755104,-0.9803246,0.94364,0.324336,-0.5932263,0.9405323,0.4244385,-0.9695721,0.9103322,0.3258776,-0.5795856,1.390244,0.397168,-1.294634,0.8527051,0.1999086,False,0,1,4
6/25/2025 12:09:23 PM,1750846163137,Right,-0.593228,0.9826567,0.3745762,-0.9789909,0.9416556,0.3315293,-0.5899701,0.9394169,0.4237528,-0.9686553,0.9086487,0.3343807,-0.5786915,1.389148,0.3973091,-1.296503,0.8506739,0.2163,False,0,1,4
6/25/2025 12:09:23 PM,1750846163164,Right,-0.5885094,0.9783189,0.3734139,-0.9758069,0.9382518,0.3490428,-0.5828138,0.9367064,0.422601,-0.9644244,0.9046808,0.3482043,-0.5765891,1.387162,0.3996701,-1.296621,0.845996,0.242736,False,0,1,4
6/25/2025 12:09:23 PM,1750846163178,Right,-0.5853852,0.9776004,0.3751983,-0.9730806,0.9374596,0.3605581,-0.5786017,0.9350802,0.4229951,-0.9623917,0.9040645,0.360813,-0.5751603,1.386351,0.4015845,-1.297981,0.8470969,0.2653455,False,0,1,4
6/25/2025 12:09:23 PM,1750846163206,Right,-0.5783184,0.9759119,0.3800209,-0.965835,0.9362369,0.3853413,-0.5693777,0.931093,0.425487,-0.9553712,0.9012301,0.382127,-0.5712461,1.38586,0.4069155,-1.295833,0.8471576,0.3017223,False,0,1,4
6/25/2025 12:09:23 PM,1750846163220,Right,-0.5738514,0.9747208,0.3839037,-0.9618984,0.9368197,0.3986919,-0.5636351,0.9289444,0.4279396,-0.9516433,0.9018666,0.3975467,-0.568882,1.385942,0.410633,-1.294468,0.8519244,0.3276852,False,0,1,4
6/25/2025 12:09:23 PM,1750846163248,Right,-0.5637118,0.9716191,0.3940781,-0.9509544,0.9363365,0.4290525,-0.5513513,0.9245067,0.4338784,-0.9408918,0.9006448,0.4241094,-0.5628209,1.386316,0.4193527,-1.28722,0.8563712,0.370987,False,0,1,4
6/25/2025 12:09:23 PM,1750846163262,Right,-0.557367,0.9699432,0.4014928,-0.9440624,0.9345015,0.4467993,-0.5438836,0.9217564,0.4378007,-0.9341958,0.9008706,0.4423912,-0.5590265,1.386313,0.4247892,-1.282215,0.8617135,0.4008921,False,0,1,4
6/25/2025 12:09:23 PM,1750846163276,Right,-0.5508533,0.9681906,0.4088066,-0.9366362,0.9325595,0.4649613,-0.5362299,0.9191603,0.4415666,-0.9269242,0.8990113,0.4540558,-0.554605,1.386379,0.4305453,-1.275375,0.862142,0.4189011,False,0,1,4
6/25/2025 12:09:23 PM,1750846163304,Right,-0.5339184,0.9657026,0.4287203,-0.9112458,0.9239601,0.5066218,-0.5172952,0.9106451,0.4505398,-0.9013382,0.8908802,0.4991199,-0.543654,1.3855,0.4439924,-1.256044,0.8617936,0.4948554,False,0,1,4
6/25/2025 12:09:23 PM,1750846163317,Right,-0.5244988,0.9637585,0.4392665,-0.8984794,0.919957,0.5271562,-0.506888,0.9060813,0.4555913,-0.8886278,0.8855183,0.5137914,-0.5367587,1.384673,0.4520508,-1.244395,0.858439,0.5181565,False,0,1,4
6/25/2025 12:09:23 PM,1750846163345,Right,-0.5001214,0.9575874,0.4605477,-0.8656808,0.9086456,0.5703512,-0.4823441,0.8961266,0.4650543,-0.856788,0.8746034,0.5505042,-0.52126,1.382587,0.4701303,-1.213784,0.854588,0.580687,False,0,1,4
6/25/2025 12:09:23 PM,1750846163359,Right,-0.4863304,0.9533799,0.4706657,-0.8476303,0.902027,0.592043,-0.4689965,0.8943247,0.4689992,-0.8387719,0.8712441,0.5720412,-0.5123643,1.381087,0.4797119,-1.194192,0.8547901,0.6194265,False,0,1,4
6/25/2025 12:09:23 PM,1750846163387,Right,-0.4542421,0.9448465,0.4868043,-0.8052431,0.8869109,0.631132,-0.4408383,0.8873245,0.4728265,-0.7974526,0.8585886,0.6118645,-0.4928648,1.377427,0.4989306,-1.146722,0.8469977,0.6968842,False,0,1,4
6/25/2025 12:09:23 PM,1750846163401,Right,-0.4374949,0.9387622,0.4936729,-0.7823508,0.8775554,0.6507645,-0.4270948,0.8832716,0.4739867,-0.7791524,0.8514291,0.6234559,-0.4813914,1.374956,0.5089092,-1.125482,0.8400978,0.7199363,False,0,1,4
6/25/2025 12:09:23 PM,1750846163414,Right,-0.4198598,0.9335392,0.4964536,-0.7541721,0.8688793,0.6667363,-0.4130127,0.8800353,0.4733243,-0.7516508,0.8418801,0.6431128,-0.4695666,1.372343,0.5187088,-1.093181,0.8285429,0.7645617,False,0,1,4
6/25/2025 12:09:23 PM,1750846163442,Right,-0.3842062,0.9237305,0.500536,-0.7014226,0.8494433,0.6980845,-0.3831159,0.8734711,0.4695081,-0.7046865,0.8271434,0.6683509,-0.4438238,1.366225,0.5379628,-1.032205,0.8124468,0.823146,False,0,1,4
6/25/2025 12:09:23 PM,1750846163456,Right,-0.3653728,0.9181895,0.500246,-0.6723481,0.842646,0.7122251,-0.3691856,0.8699954,0.4643977,-0.6765705,0.8169626,0.6823684,-0.4298122,1.362384,0.5473157,-0.9925159,0.7992782,0.8600725,False,0,1,4
6/25/2025 12:09:23 PM,1750846163484,Right,-0.3292354,0.9057696,0.4967122,-0.6135058,0.8197131,0.7330335,-0.3396356,0.8633871,0.4550883,-0.6221364,0.795747,0.6992572,-0.4006147,1.353576,0.5649999,-0.9169536,0.7688009,0.9110023,False,0,1,4
6/25/2025 12:09:23 PM,1750846163498,Right,-0.3099905,0.9009586,0.4923102,-0.5816423,0.8047947,0.7388851,-0.3244044,0.8604015,0.4488376,-0.5906924,0.7832496,0.7074922,-0.3855755,1.348106,0.5739273,-0.8702713,0.749694,0.9386064,False,0,1,4
6/25/2025 12:09:23 PM,1750846163526,Right,-0.2746318,0.8896173,0.4802359,-0.5225863,0.778123,0.74775,-0.2964658,0.8555527,0.435953,-0.5385165,0.7609644,0.7148801,-0.3552099,1.335599,0.5905502,-0.7906224,0.71516,0.9709289,False,0,1,4
6/25/2025 12:09:23 PM,1750846163540,Right,-0.256926,0.8845021,0.4724935,-0.4900645,0.7637492,0.7472849,-0.2826368,0.8517605,0.4260502,-0.5060557,0.7456593,0.7144864,-0.3402436,1.3278,0.5974816,-0.7404119,0.6896811,0.9866502,False,0,1,4
6/25/2025 12:09:23 PM,1750846163568,Right,-0.2248706,0.8765048,0.4537809,-0.4273395,0.7356251,0.7425583,-0.2587004,0.8511396,0.4096306,-0.4509085,0.7223608,0.7106435,-0.3088624,1.310209,0.6094886,-0.6536483,0.6453729,1.002738,False,0,1,4
6/25/2025 12:09:23 PM,1750846163581,Right,-0.210014,0.8725138,0.4429894,-0.3959639,0.7207177,0.7361623,-0.2477572,0.8487266,0.4007698,-0.4197983,0.7076282,0.7072693,-0.2932388,1.300328,0.6143939,-0.6024135,0.6183019,1.010051,False,0,1,4
6/25/2025 12:09:23 PM,1750846163595,Right,-0.1967668,0.8681021,0.4315791,-0.3664442,0.7058063,0.7292333,-0.2372269,0.8482823,0.3920054,-0.3901361,0.6944636,0.7028123,-0.2784216,1.289313,0.6183511,-0.5526145,0.5929128,1.012825,False,0,1,4
6/25/2025 12:09:23 PM,1750846163623,Right,-0.1720472,0.8598503,0.4083823,-0.3103271,0.6754,0.7114396,-0.217748,0.8438091,0.3732677,-0.3398198,0.667734,0.6878483,-0.2510667,1.26563,0.6261771,-0.468646,0.545523,1.004279,False,0,1,4
6/25/2025 12:09:23 PM,1750846163637,Right,-0.1599706,0.854629,0.3964861,-0.2821532,0.6602195,0.6999303,-0.2087034,0.8406501,0.3629347,-0.3113876,0.6531357,0.6775646,-0.2384899,1.253541,0.629292,-0.4206833,0.519164,0.9968206,False,0,1,4
6/25/2025 12:09:23 PM,1750846163665,Right,-0.1405639,0.8442727,0.3730706,-0.2319083,0.6309121,0.6750611,-0.1926502,0.8315194,0.34374,-0.2647364,0.6246244,0.6551368,-0.2146534,1.228046,0.6346883,-0.3420871,0.4712935,0.9746171,False,0,1,4
6/25/2025 12:09:23 PM,1750846163679,Right,-0.132361,0.8385159,0.3615591,-0.2102759,0.6167229,0.6586304,-0.1854587,0.8281513,0.3353505,-0.2402401,0.6122372,0.6417308,-0.203568,1.21494,0.6367831,-0.300214,0.4473733,0.9614011,False,0,1,4
6/25/2025 12:09:23 PM,1750846163707,Right,-0.1178381,0.8281367,0.340195,-0.170059,0.5886548,0.631278,-0.1739781,0.8204421,0.3193716,-0.2014516,0.5864288,0.6180464,-0.1840868,1.188865,0.6397445,-0.2315038,0.4046502,0.9308517,False,0,1,4
6/25/2025 12:09:23 PM,1750846163721,Right,-0.1112325,0.8217643,0.3307989,-0.1520907,0.5758348,0.6178697,-0.1717853,0.8125793,0.3099188,-0.1844602,0.5723742,0.6042603,-0.1756077,1.176603,0.6400256,-0.198749,0.3837124,0.9144403,False,0,1,4
6/25/2025 12:09:23 PM,1750846163748,Right,-0.1013569,0.8090737,0.314202,-0.1203639,0.5527138,0.5947682,-0.1651115,0.8016855,0.2971153,-0.1549095,0.5486968,0.581108,-0.1600547,1.153188,0.6403018,-0.143871,0.3469798,0.8826849,False,0,1,4
6/25/2025 12:09:23 PM,1750846163762,Right,-0.1000481,0.8022668,0.3073955,-0.1087167,0.5416609,0.5826691,-0.165482,0.7949581,0.2920924,-0.143905,0.5382118,0.5703018,-0.1531243,1.142751,0.6403592,-0.1206817,0.3307047,0.8687742,False,0,1,4
6/25/2025 12:09:23 PM,1750846163776,Right,-0.09963642,0.7957696,0.3013472,-0.09830374,0.5302945,0.5710672,-0.1647161,0.7893292,0.2878914,-0.1341896,0.5276343,0.5595916,-0.1465836,1.13346,0.6405376,-0.1007277,0.3137674,0.8534412,False,0,1,4
6/25/2025 12:09:23 PM,1750846163804,Right,-0.1023483,0.7828237,0.2956689,-0.08222994,0.5104473,0.5575171,-0.1661088,0.7800495,0.2883806,-0.1195235,0.5107263,0.549969,-0.1357589,1.116114,0.6391633,-0.06875074,0.2883785,0.8350807,False,0,1,4
6/25/2025 12:09:23 PM,1750846163818,Right,-0.1035746,0.7761464,0.2938741,-0.07559776,0.4995227,0.5517998,-0.1671112,0.7740309,0.2888673,-0.1127901,0.4996832,0.5449222,-0.1309688,1.108182,0.6381532,-0.05346493,0.2731422,0.8239329,False,0,1,4
6/25/2025 12:09:23 PM,1750846163845,Right,-0.1023332,0.7619347,0.2977068,-0.06839707,0.4796353,0.5512124,-0.1689049,0.7590563,0.2936926,-0.1031438,0.4790165,0.5430324,-0.1220405,1.09474,0.6354553,-0.03082259,0.2485532,0.8137118,False,0,1,4
6/25/2025 12:09:23 PM,1750846163859,Right,-0.1037573,0.7550263,0.3002133,-0.06550017,0.4694189,0.551871,-0.170872,0.7504212,0.299388,-0.1005294,0.4686824,0.5483222,-0.1179724,1.089347,0.6344914,-0.02323946,0.2391324,0.8160006,False,0,1,4
6/25/2025 12:09:23 PM,1750846163886,Right,-0.1071741,0.7370377,0.3151155,-0.06273591,0.4520569,0.5636502,-0.1746047,0.733173,0.3161248,-0.09982341,0.4530744,0.5629817,-0.1097949,1.08008,0.6332129,-0.01624799,0.2226492,0.8303124,False,0,1,4
6/25/2025 12:09:23 PM,1750846163901,Right,-0.1099237,0.7280805,0.3241973,-0.06145212,0.4435792,0.5715909,-0.1765623,0.7240921,0.3255839,-0.09816132,0.443048,0.56928,-0.1060731,1.075945,0.6329216,-0.01016246,0.2106474,0.8342938,False,0,1,4
6/25/2025 12:09:23 PM,1750846163915,Right,-0.1121969,0.719629,0.3364946,-0.06086226,0.4367617,0.5837423,-0.1781784,0.7155054,0.3376731,-0.09879094,0.4364394,0.5818713,-0.1024731,1.071909,0.6322242,-0.009703949,0.2047723,0.8484256,False,0,1,4
6/25/2025 12:09:23 PM,1750846163943,Right,-0.1162968,0.7041077,0.3637749,-0.06299123,0.4242308,0.6122688,-0.182091,0.6971893,0.3622856,-0.09987525,0.4211993,0.6072651,-0.0966804,1.064806,0.6306889,-0.008293256,0.1911678,0.8759359,False,0,1,4
6/25/2025 12:09:23 PM,1750846163956,Right,-0.1180986,0.6982214,0.3805221,-0.06707057,0.4189493,0.6308978,-0.183543,0.6906579,0.3782422,-0.1015447,0.4173696,0.6269897,-0.09476948,1.062378,0.630062,-0.01165433,0.1909947,0.8987141,False,0,1,4
6/25/2025 12:09:23 PM,1750846163984,Right,-0.122178,0.6899285,0.4142595,-0.075221,0.4145656,0.6712799,-0.190288,0.6803805,0.411622,-0.1072132,0.4115745,0.6664068,-0.0930326,1.059494,0.6301324,-0.01881984,0.1916076,0.9424703,False,0,1,4
6/25/2025 12:09:23 PM,1750846163998,Right,-0.1266514,0.6893363,0.4334796,-0.07984821,0.4170877,0.6950892,-0.1929476,0.6774141,0.4279618,-0.1117034,0.4137375,0.6898594,-0.09331226,1.058773,0.6302934,-0.02736002,0.2004831,0.9713012,False,0,1,4
6/25/2025 12:09:24 PM,1750846164026,Right,-0.1379446,0.6835533,0.4697877,-0.09044752,0.4243885,0.7448006,-0.1943525,0.6704479,0.4605426,-0.1172198,0.4173519,0.7344447,-0.09642792,1.060129,0.6327883,-0.04011057,0.2158363,1.025908,False,0,1,4
6/25/2025 12:09:24 PM,1750846164040,Right,-0.1353105,0.6869397,0.4860657,-0.09608003,0.4335202,0.7698945,-0.1954022,0.6699192,0.4763824,-0.1235924,0.4246562,0.7609038,-0.09890509,1.062238,0.63513,-0.05498572,0.2333911,1.059329,False,0,1,4
6/25/2025 12:09:24 PM,1750846164067,Right,-0.1390345,0.6878474,0.5174928,-0.1114585,0.452106,0.8173415,-0.2026287,0.6678643,0.5071696,-0.1365472,0.4387798,0.8060954,-0.1055503,1.070341,0.6418698,-0.07695246,0.2639218,1.116379,False,0,1,4
6/25/2025 12:09:24 PM,1750846164081,Right,-0.1431793,0.6897918,0.5323152,-0.1188938,0.4665112,0.8413081,-0.2056207,0.668586,0.5212521,-0.1458635,0.4522486,0.8303128,-0.1092532,1.07581,0.6459576,-0.09399447,0.2898968,1.149133,False,0,1,4
6/25/2025 12:09:24 PM,1750846164096,Right,-0.1510546,0.6897813,0.5481587,-0.1279733,0.4814087,0.8622028,-0.207985,0.6696631,0.5336841,-0.1565543,0.4687181,0.8493609,-0.1132083,1.082514,0.6504037,-0.1129453,0.3174672,1.179459,False,0,1,4
6/25/2025 12:09:24 PM,1750846164123,Right,-0.1597865,0.6963089,0.5735291,-0.1464263,0.5121576,0.9029985,-0.212554,0.671868,0.5557504,-0.1720822,0.4944749,0.886712,-0.1222775,1.098181,0.6604619,-0.142285,0.3671721,1.2283,False,0,1,4
6/25/2025 12:09:24 PM,1750846164137,Right,-0.1638037,0.7004917,0.5852534,-0.1565265,0.5307749,0.9220595,-0.2154312,0.6746066,0.566475,-0.1835583,0.5130133,0.9058145,-0.1275527,1.106961,0.6655127,-0.1647969,0.4009924,1.253986,False,0,1,4
6/25/2025 12:09:24 PM,1750846164165,Right,-0.1734692,0.709138,0.6046461,-0.177934,0.5676976,0.9526705,-0.2194875,0.6792354,0.5845065,-0.2018372,0.5434422,0.934367,-0.1400261,1.125861,0.6752977,-0.200745,0.4556485,1.291442,False,0,1,4
6/25/2025 12:09:24 PM,1750846164179,Right,-0.1781353,0.7155346,0.6135984,-0.1881827,0.5884458,0.9653504,-0.2223109,0.6820558,0.5931999,-0.2096155,0.5563359,0.9453495,-0.1471068,1.135723,0.6797764,-0.2147875,0.4772698,1.306016,False,0,1,4
6/25/2025 12:09:24 PM,1750846164207,Right,-0.1902077,0.7289283,0.6292048,-0.2143709,0.6272799,0.9886478,-0.2296049,0.6896225,0.6075746,-0.2376647,0.5959713,0.9698801,-0.1634581,1.156046,0.6878701,-0.2682598,0.5477143,1.334533,False,0,1,4
6/25/2025 12:09:24 PM,1750846164221,Right,-0.1965413,0.735633,0.6358032,-0.2298624,0.6467537,0.9972271,-0.2344571,0.6931362,0.6139663,-0.2527987,0.6151719,0.9789469,-0.1728566,1.166346,0.6912779,-0.2958681,0.5812739,1.344593,False,0,1,4
6/25/2025 12:09:24 PM,1750846164248,Right,-0.2093223,0.7497417,0.6477501,-0.2603491,0.68626,1.012892,-0.2442517,0.7042092,0.6262334,-0.2802024,0.6504808,0.9946736,-0.1931107,1.187269,0.6963989,-0.3433708,0.6392152,1.358389,False,0,1,4
6/25/2025 12:09:24 PM,1750846164262,Right,-0.2170716,0.7586669,0.6534987,-0.2774889,0.7064711,1.018968,-0.2500561,0.7109046,0.6319152,-0.2974068,0.6700134,1.000691,-0.2038627,1.19769,0.698356,-0.3731418,0.6704373,1.362198,False,0,1,4
6/25/2025 12:09:24 PM,1750846164276,Right,-0.2246225,0.7673782,0.6585116,-0.2946191,0.7258431,1.024099,-0.2561077,0.7178329,0.637294,-0.311313,0.6864793,1.006353,-0.2157292,1.208077,0.6987263,-0.395506,0.6956257,1.365425,False,0,1,4
6/25/2025 12:09:24 PM,1750846164303,Right,-0.2420917,0.7865293,0.6677094,-0.3327755,0.7627038,1.030425,-0.266577,0.7377046,0.6470973,-0.3466097,0.7258225,1.012845,-0.2392321,1.22991,0.6992038,-0.4572756,0.7516829,1.363714,False,0,1,4
6/25/2025 12:09:24 PM,1750846164318,Right,-0.2511644,0.7953882,0.6716058,-0.3531544,0.7803421,1.032243,-0.2740237,0.7471945,0.6502543,-0.3636361,0.7435685,1.014396,-0.2510439,1.241251,0.6985673,-0.484074,0.7765768,1.360969,False,0,1,4
6/25/2025 12:09:24 PM,1750846164345,Right,-0.270363,0.818132,0.6781918,-0.3961603,0.8123997,1.031699,-0.2931616,0.7632604,0.6575171,-0.4071437,0.7745173,1.014814,-0.2750604,1.263825,0.6960409,-0.5525361,0.8194942,1.350094,False,0,1,4
6/25/2025 12:09:24 PM,1750846164360,Right,-0.2814152,0.8288615,0.6805223,-0.4189924,0.8282142,1.030613,-0.3021972,0.7722325,0.6609422,-0.4273824,0.7904444,1.015095,-0.287364,1.275059,0.6932857,-0.5834037,0.8410382,1.343796,False,0,1,4
6/25/2025 12:09:24 PM,1750846164387,Right,-0.3034091,0.8525116,0.6829124,-0.4653146,0.8587106,1.022327,-0.3215571,0.7945693,0.6650438,-0.472362,0.8206595,1.008538,-0.3125808,1.296702,0.6848531,-0.6534895,0.8766806,1.323207,False,0,1,4
6/25/2025 12:09:24 PM,1750846164401,Right,-0.3158579,0.8633527,0.6833578,-0.4893709,0.8744352,1.017036,-0.3319785,0.8056945,0.6665085,-0.4943523,0.8358065,1.004526,-0.3247209,1.307193,0.6793839,-0.686646,0.8944651,1.311823,False,0,1,4
6/25/2025 12:09:24 PM,1750846164414,Right,-0.329662,0.8732119,0.6822541,-0.5143812,0.8888581,1.010942,-0.3418238,0.8167579,0.6675729,-0.5184865,0.8499538,0.9992694,-0.3364835,1.31744,0.6736122,-0.7235007,0.9101357,1.296622,False,0,1,4
6/25/2025 12:09:24 PM,1750846164442,Right,-0.3549237,0.8963822,0.6793908,-0.5645251,0.9146271,0.9947013,-0.3641339,0.8380539,0.665721,-0.5676734,0.8766025,0.9830339,-0.3583524,1.337052,0.6602346,-0.7957669,0.9398072,1.260229,False,0,1,4
6/25/2025 12:09:24 PM,1750846164456,Right,-0.3686256,0.9084042,0.6751405,-0.5900254,0.9268861,0.9835411,-0.3756678,0.8505826,0.6639016,-0.5935865,0.8899938,0.9726695,-0.3684024,1.345952,0.6531793,-0.8337713,0.9525303,1.238225,False,0,1,4
6/25/2025 12:09:24 PM,1750846164484,Right,-0.3935212,0.9299482,0.6661353,-0.638228,0.9474713,0.957792,-0.3977606,0.870514,0.6603762,-0.6415015,0.9111357,0.9503857,-0.3858471,1.361741,0.6385088,-0.9037517,0.9718875,1.193102,False,0,1,4
6/25/2025 12:09:24 PM,1750846164499,Right,-0.4058936,0.9402846,0.6624816,-0.6637946,0.9569947,0.9436012,-0.4087976,0.8810427,0.6574031,-0.6659384,0.921226,0.9366736,-0.3938075,1.368872,0.6311452,-0.9390559,0.9800279,1.166449,False,0,1,4
6/25/2025 12:09:24 PM,1750846164526,Right,-0.4281873,0.9588292,0.6538642,-0.7107865,0.9717181,0.9143857,-0.4284759,0.8992179,0.6509382,-0.7121866,0.9390309,0.9072895,-0.4072438,1.380604,0.6172723,-1.003964,0.9952248,1.108864,False,0,1,4
6/25/2025 12:09:24 PM,1750846164540,Right,-0.4378135,0.9672554,0.6504751,-0.7320957,0.9779674,0.8979655,-0.4371644,0.9077078,0.647814,-0.7331268,0.9447515,0.8905629,-0.4134489,1.386124,0.6101763,-1.034497,0.9981457,1.078063,False,0,1,4
6/25/2025 12:09:24 PM,1750846164568,Right,-0.4549038,0.9814943,0.6440781,-0.7716678,0.9891848,0.8675004,-0.4539802,0.9237186,0.6408629,-0.7739077,0.9575882,0.8570391,-0.4253376,1.394485,0.59661,-1.089099,1.007964,1.01453,False,0,1,4
6/25/2025 12:09:24 PM,1750846164582,Right,-0.462509,0.9876752,0.6420125,-0.7880748,0.9900119,0.8509203,-0.4611835,0.9313458,0.6375816,-0.7897318,0.9595469,0.8397315,-0.4309053,1.39792,0.5902668,-1.11236,1.005838,0.9847423,False,0,1,4
6/25/2025 12:09:24 PM,1750846164596,Right,-0.4701864,0.9925832,0.6391085,-0.8033856,0.9907215,0.8353519,-0.4682228,0.9366245,0.6338217,-0.8042766,0.9596794,0.8236613,-0.4359909,1.400941,0.5837879,-1.132311,1.00274,0.9574195,False,0,1,4
6/25/2025 12:09:24 PM,1750846164623,Right,-0.4826767,1.001393,0.634172,-0.8299889,0.9887828,0.8053935,-0.4843266,0.9461027,0.6234595,-0.8331301,0.9624115,0.7912053,-0.4453979,1.405492,0.571412,-1.168453,1.002194,0.904394,False,0,1,4
6/25/2025 12:09:24 PM,1750846164637,Right,-0.4873539,1.003844,0.6322615,-0.8408644,0.9865683,0.7909943,-0.4910931,0.9493569,0.6173553,-0.8449054,0.9603357,0.7758804,-0.4498329,1.407467,0.5652418,-1.182603,0.9974444,0.8811779,False,0,1,4
6/25/2025 12:09:24 PM,1750846164665,Right,-0.4953913,1.007311,0.627863,-0.8573709,0.981639,0.7647146,-0.5003294,0.9545515,0.606351,-0.8620116,0.9569885,0.7463257,-0.4580145,1.409642,0.554258,-1.204542,0.989754,0.836449,False,0,1,4
6/25/2025 12:09:24 PM,1750846164679,Right,-0.4985688,1.008048,0.6245708,-0.863427,0.977913,0.7529675,-0.5037384,0.9559016,0.6003245,-0.8680108,0.9529809,0.733759,-0.4613713,1.410294,0.5495473,-1.211779,0.9831365,0.819499,False,0,1,4
6/25/2025 12:09:24 PM,1750846164707,Right,-0.5034361,1.008626,0.6172217,-0.8711575,0.9696484,0.7326557,-0.5066326,0.9573468,0.59023,-0.8751714,0.9465799,0.7091613,-0.4666902,1.411146,0.541012,-1.222401,0.972089,0.7840304,False,0,1,4
6/25/2025 12:09:24 PM,1750846164721,Right,-0.5047069,1.008086,0.612432,-0.873072,0.9654104,0.7241935,-0.508068,0.9563192,0.5849303,-0.8767731,0.9401592,0.7024527,-0.4687587,1.411123,0.5375566,-1.224694,0.960592,0.7760573,False,0,1,4
6/25/2025 12:09:24 PM,1750846164749,Right,-0.5054197,1.00632,0.6032698,-0.8742168,0.9557626,0.7100562,-0.5075278,0.9550294,0.5751994,-0.8776906,0.9319345,0.6866681,-0.4712524,1.410659,0.5321063,-1.227093,0.9460036,0.7547656,False,0,1,4
6/25/2025 12:09:24 PM,1750846164762,Right,-0.5040024,1.004008,0.5987145,-0.8724905,0.950898,0.7050473,-0.5055152,0.9531139,0.5711575,-0.8754987,0.9262053,0.6821073,-0.4718528,1.410081,0.5303717,-1.225018,0.9374341,0.7505161,False,0,1,4
6/25/2025 12:09:24 PM,1750846164776,Right,-0.5025361,1.002006,0.5947826,-0.8706324,0.9455993,0.7004877,-0.5028877,0.9511397,0.5667515,-0.8740222,0.9229547,0.673171,-0.4719478,1.409087,0.5291429,-1.224344,0.9335055,0.737896,False,0,1,4
6/25/2025 12:09:24 PM,1750846164804,Right,-0.4951581,0.9947563,0.5880138,-0.8614314,0.9335793,0.6963413,-0.4957124,0.943225,0.559959,-0.8643848,0.9094979,0.6721482,-0.470655,1.406503,0.5283942,-1.213873,0.9154264,0.7431864,False,0,1,4
6/25/2025 12:09:24 PM,1750846164818,Right,-0.4908561,0.990703,0.5851322,-0.855853,0.927333,0.694912,-0.491604,0.9392265,0.5561023,-0.8601239,0.904006,0.6668257,-0.4691285,1.404662,0.5287619,-1.210206,0.9088689,0.7371812,False,0,1,4
6/25/2025 12:09:24 PM,1750846164845,Right,-0.4786916,0.9797803,0.5803308,-0.8400167,0.9129813,0.6966245,-0.4807713,0.9306723,0.5489528,-0.8437743,0.8892463,0.6717416,-0.4648181,1.400127,0.5304567,-1.191732,0.8897745,0.7562277,False,0,1,4
6/25/2025 12:09:24 PM,1750846164859,Right,-0.4718534,0.9738315,0.578245,-0.8310679,0.9054652,0.6981597,-0.4745594,0.9254694,0.5455354,-0.8364978,0.8826313,0.6691449,-0.4617243,1.397064,0.5318373,-1.184556,0.8823755,0.7556486,False,0,1,4
6/25/2025 12:09:24 PM,1750846164887,Right,-0.454672,0.9596651,0.5733575,-0.8078903,0.889357,0.7046427,-0.4593554,0.9146357,0.53754,-0.8127337,0.8657938,0.6779037,-0.4544598,1.390594,0.5360312,-1.156571,0.861795,0.784923,False,0,1,4
6/25/2025 12:09:24 PM,1750846164901,Right,-0.4455632,0.9517448,0.5707937,-0.7952256,0.8811387,0.7081656,-0.4511596,0.9081134,0.5335454,-0.8018237,0.8576971,0.6772225,-0.4502057,1.387177,0.5388339,-1.145179,0.8524984,0.7891709,False,0,1,4
6/25/2025 12:09:24 PM,1750846164915,Right,-0.4347784,0.9427298,0.5680612,-0.780311,0.8725045,0.7123556,-0.4412929,0.9005306,0.5290702,-0.7856808,0.8477746,0.6833357,-0.4454232,1.383573,0.5419484,-1.125988,0.8406686,0.8078339,False,0,1,4
6/25/2025 12:09:24 PM,1750846164943,Right,-0.4118316,0.9243883,0.5620445,-0.7489738,0.8528019,0.7200211,-0.4206343,0.8860341,0.5203394,-0.7549634,0.8299765,0.6902426,-0.433683,1.375386,0.5489446,-1.089488,0.8203681,0.8340633,False,0,1,4
6/25/2025 12:09:24 PM,1750846164957,Right,-0.3981229,0.9148542,0.5578938,-0.7301635,0.8426095,0.7238392,-0.4080767,0.8784329,0.5151928,-0.7350149,0.8201211,0.6961558,-0.4264513,1.370658,0.5526663,-1.064431,0.8087628,0.8534904,False,0,1,4
6/25/2025 12:09:24 PM,1750846164985,Right,-0.3701642,0.8946101,0.5490435,-0.6913166,0.82626,0.7328098,-0.3835358,0.8627423,0.504106,-0.6976477,0.800779,0.7018145,-0.4104252,1.360556,0.5600042,-1.017738,0.7865784,0.8810502,False,0,1,4
6/25/2025 12:09:24 PM,1750846164999,Right,-0.3534627,0.8848028,0.544342,-0.6712635,0.8161798,0.7362623,-0.3700916,0.8545793,0.4973494,-0.6781772,0.7912623,0.7061208,-0.4013317,1.355142,0.5635997,-0.9899676,0.7768933,0.8971228,False,0,1,4
6/25/2025 12:09:25 PM,1750846165026,Right,-0.3217936,0.8642423,0.5307283,-0.6271325,0.7932417,0.7393337,-0.3430701,0.8394065,0.48174,-0.6362314,0.7707297,0.707828,-0.3821229,1.343807,0.5712777,-0.9341543,0.7518966,0.9211278,False,0,1,4
6/25/2025 12:09:25 PM,1750846165040,Right,-0.3047647,0.8540117,0.5217511,-0.6027003,0.7813341,0.7393972,-0.3288175,0.8312584,0.4726102,-0.6116397,0.7588661,0.7096241,-0.3719957,1.337883,0.5746615,-0.8998055,0.7366008,0.9364128,False,0,1,4
6/25/2025 12:09:25 PM,1750846165068,Right,-0.273545,0.8376756,0.5009042,-0.554465,0.7569681,0.7367507,-0.301124,0.815756,0.4521601,-0.5665992,0.7361068,0.7055441,-0.3511494,1.325297,0.581286,-0.8370888,0.7070975,0.9531941,False,0,1,4
6/25/2025 12:09:25 PM,1750846165082,Right,-0.257418,0.8299621,0.4880489,-0.5281469,0.7434276,0.733057,-0.2869191,0.8106101,0.4401806,-0.5405277,0.7247375,0.703019,-0.3403196,1.318576,0.5842668,-0.7989604,0.6896229,0.9629386,False,0,1,4
6/25/2025 12:09:25 PM,1750846165096,Right,-0.2414945,0.8233154,0.4750296,-0.5031747,0.7306508,0.7284179,-0.2742903,0.8054432,0.4274673,-0.5165383,0.7128434,0.6994115,-0.3295618,1.312132,0.5864942,-0.761996,0.6714439,0.96995,False,0,1,4
6/25/2025 12:09:25 PM,1750846165123,Right,-0.2116499,0.8096175,0.4471838,-0.4523807,0.7048783,0.7158971,-0.2508391,0.7969837,0.4006046,-0.4706547,0.6908864,0.6861018,-0.3081381,1.299465,0.5899529,-0.6927893,0.6359222,0.9740498,False,0,1,4
6/25/2025 12:09:25 PM,1750846165137,Right,-0.1978306,0.8036317,0.4312493,-0.4263525,0.6921083,0.7067791,-0.240058,0.7953965,0.3857958,-0.4447813,0.6796826,0.6777692,-0.2979964,1.293028,0.5909513,-0.6523339,0.6145455,0.9752206,False,0,1,4
6/25/2025 12:09:25 PM,1750846165165,Right,-0.1732341,0.7939395,0.3976399,-0.3765683,0.6671737,0.6854146,-0.2183179,0.789049,0.3547726,-0.3972103,0.6578756,0.6563969,-0.2785368,1.279992,0.5923678,-0.578458,0.5765564,0.967346,False,0,1,4
6/25/2025 12:09:25 PM,1750846165179,Right,-0.1628035,0.7904106,0.3790581,-0.3521299,0.6551878,0.6719727,-0.2097732,0.7870168,0.3383009,-0.3731644,0.6466074,0.6440508,-0.2693484,1.273365,0.5929276,-0.5389286,0.5554599,0.9613082,False,0,1,4
6/25/2025 12:09:25 PM,1750846165207,Right,-0.1443764,0.7857243,0.3410711,-0.3070213,0.6334496,0.6408473,-0.1948685,0.7840695,0.3051172,-0.3304982,0.627449,0.6158156,-0.2517154,1.260873,0.5941267,-0.4681411,0.5189455,0.9416166,False,0,1,4
6/25/2025 12:09:25 PM,1750846165221,Right,-0.1370612,0.7835798,0.3223782,-0.2848069,0.623999,0.6233116,-0.1885254,0.7853489,0.2886884,-0.307849,0.6194391,0.5986866,-0.2430701,1.25457,0.5947921,-0.4300317,0.499231,0.9289316,False,0,1,4
6/25/2025 12:09:25 PM,1750846165235,Right,-0.1310417,0.782145,0.3036258,-0.2650551,0.6144763,0.6069447,-0.1825318,0.785946,0.2725714,-0.2895985,0.6122647,0.5830505,-0.2347976,1.248597,0.5956856,-0.3986,0.483977,0.9146222,False,0,1,4
6/25/2025 12:09:25 PM,1750846165262,Right,-0.1214202,0.7854703,0.2679518,-0.2305866,0.6009331,0.5724725,-0.1747983,0.7869756,0.2411451,-0.2556495,0.5977297,0.5514773,-0.2190758,1.23693,0.5962286,-0.3367024,0.4537068,0.8836551,False,0,1,4
6/25/2025 12:09:25 PM,1750846165276,Right,-0.1180021,0.7864037,0.249592,-0.2146894,0.5942039,0.552094,-0.1721522,0.7884916,0.2245821,-0.2399807,0.5923934,0.5323576,-0.2121375,1.231468,0.5959564,-0.3075324,0.4397347,0.8650045,False,0,1,4
6/25/2025 12:09:25 PM,1750846165304,Right,-0.1095439,0.7956765,0.2160765,-0.1849521,0.584029,0.5180436,-0.1689672,0.7936299,0.1941796,-0.2143991,0.5816169,0.5016999,-0.1980958,1.220502,0.5960549,-0.2569842,0.4177326,0.827468,False,0,1,4
6/25/2025 12:09:25 PM,1750846165318,Right,-0.1078808,0.7996166,0.1992308,-0.1715433,0.579388,0.4987508,-0.1682371,0.7968189,0.1792558,-0.2021659,0.5774307,0.4840524,-0.191097,1.215493,0.596269,-0.2326111,0.4066959,0.8067589,False,0,1,4
6/25/2025 12:09:25 PM,1750846165346,Right,-0.1075306,0.8063457,0.1693276,-0.1516268,0.5737567,0.4617152,-0.170742,0.8030979,0.1523826,-0.1843116,0.5719815,0.4488624,-0.1774375,1.205828,0.59693,-0.1942256,0.3877205,0.7663942,False,0,1,4
6/25/2025 12:09:25 PM,1750846165360,Right,-0.1077963,0.8087994,0.1545733,-0.1422768,0.5712229,0.4436207,-0.1722352,0.8067465,0.1386905,-0.1759067,0.56982,0.4302703,-0.1708792,1.201074,0.5968962,-0.1752508,0.3787494,0.744421,False,0,1,4
6/25/2025 12:09:25 PM,1750846165387,Right,-0.1097746,0.8149586,0.1276991,-0.1301796,0.5674206,0.4091564,-0.1753863,0.8144051,0.115943,-0.1628487,0.5669655,0.3983538,-0.1580758,1.19204,0.5962002,-0.1448878,0.3644953,0.7047988,False,0,1,4
6/25/2025 12:09:25 PM,1750846165401,Right,-0.1116855,0.8182228,0.1149574,-0.1247704,0.5661039,0.3923564,-0.1784996,0.817363,0.1050595,-0.1593297,0.5658615,0.3826566,-0.1520271,1.187762,0.5959051,-0.1339908,0.3581148,0.6857575,False,0,1,4
6/25/2025 12:09:25 PM,1750846165416,Right,-0.1139163,0.8215782,0.1047385,-0.120316,0.5652848,0.3781679,-0.1811205,0.8208762,0.09624249,-0.1561024,0.565482,0.3694353,-0.146456,1.183643,0.5959193,-0.1245008,0.3531197,0.6690411,False,0,1,4
6/25/2025 12:09:25 PM,1750846165443,Right,-0.118926,0.8274963,0.08773717,-0.1154173,0.5617949,0.3525523,-0.1865255,0.827097,0.08147448,-0.1506443,0.5635681,0.3460279,-0.1356606,1.175336,0.5962715,-0.1073881,0.3427362,0.6375609,False,0,1,4
6/25/2025 12:09:25 PM,1750846165457,Right,-0.1213868,0.8298866,0.08201411,-0.1142196,0.560845,0.3428052,-0.1897733,0.8290513,0.07637128,-0.1501557,0.5625469,0.3368536,-0.1306634,1.171264,0.5963368,-0.102823,0.3378829,0.6252732,False,0,1,4
6/25/2025 12:09:25 PM,1750846165484,Right,-0.1291465,0.8338339,0.07460342,-0.1133908,0.5579348,0.3284518,-0.1951804,0.8319327,0.07005191,-0.148748,0.5590059,0.3233254,-0.1217762,1.162524,0.5960207,-0.09413113,0.3279287,0.6047192,False,0,1,4
6/25/2025 12:09:25 PM,1750846165499,Right,-0.1318092,0.8341253,0.07448441,-0.1141412,0.5549027,0.3249744,-0.1969506,0.8324344,0.06895852,-0.1497657,0.5569984,0.319795,-0.1180643,1.158421,0.5960182,-0.09392314,0.3235597,0.5986114,False,0,1,4
6/25/2025 12:09:25 PM,1750846165527,Right,-0.135066,0.83044,0.07626803,-0.1162518,0.5481403,0.3223495,-0.2005609,0.8283492,0.06966245,-0.1519021,0.5498538,0.3159938,-0.1114258,1.149854,0.5956295,-0.09369116,0.3121361,0.5913934,False,0,1,4
6/25/2025 12:09:25 PM,1750846165540,Right,-0.1356352,0.8266222,0.08052979,-0.1176695,0.5430673,0.3254089,-0.2009987,0.8253852,0.07454801,-0.1535863,0.5458062,0.3200653,-0.1090744,1.14583,0.5960776,-0.09648417,0.3070378,0.5946372,False,0,1,4
6/25/2025 12:09:25 PM,1750846165554,Right,-0.1362202,0.8215928,0.08679601,-0.1193382,0.5378691,0.3298478,-0.2009015,0.8220839,0.08149141,-0.1557098,0.5422106,0.325449,-0.1065791,1.141684,0.5964375,-0.1006619,0.3014013,0.6000874,False,0,1,4
6/25/2025 12:09:25 PM,1750846165582,Right,-0.138027,0.8093002,0.1033812,-0.1221369,0.5260812,0.3444387,-0.2023676,0.8099585,0.09748378,-0.1594326,0.5302336,0.339401,-0.101861,1.133296,0.5984577,-0.1062393,0.2868504,0.6144145,False,0,1,4
6/25/2025 12:09:25 PM,1750846165596,Right,-0.1384648,0.8009775,0.1148535,-0.1241099,0.5183157,0.3564322,-0.2030847,0.8016237,0.1084759,-0.1624097,0.5227843,0.3515396,-0.09935713,1.129203,0.6004788,-0.1119354,0.2801441,0.6279477,False,0,1,4
6/25/2025 12:09:25 PM,1750846165623,Right,-0.1396448,0.7841101,0.1416538,-0.1283627,0.5022967,0.3844844,-0.2038561,0.7839996,0.1331519,-0.1661194,0.5061961,0.3779385,-0.09530687,1.120391,0.6060047,-0.1197613,0.2648451,0.6561307,False,0,1,4
6/25/2025 12:09:25 PM,1750846165638,Right,-0.1397481,0.7743496,0.1578711,-0.1302364,0.493476,0.4015598,-0.2034941,0.7734966,0.1479611,-0.1684295,0.49775,0.3951598,-0.09375834,1.116047,0.6080288,-0.1256836,0.25845,0.6759503,False,0,1,4
6/25/2025 12:09:25 PM,1750846165665,Right,-0.1380528,0.7544765,0.1919516,-0.1337201,0.4760417,0.4398825,-0.1983705,0.7541018,0.1811392,-0.168954,0.480704,0.4328851,-0.09029126,1.106247,0.6115354,-0.1326863,0.2453572,0.7168301,False,0,1,4
6/25/2025 12:09:25 PM,1750846165679,Right,-0.1375258,0.7438346,0.2102582,-0.1349645,0.4675718,0.4624079,-0.19593,0.7434195,0.1998066,-0.1706021,0.4722478,0.456102,-0.08840954,1.100655,0.6132298,-0.1385633,0.2411891,0.7425532,False,0,1,4
6/25/2025 12:09:25 PM,1750846165706,Right,-0.1294132,0.7227429,0.24977,-0.1343458,0.4543488,0.5104132,-0.1897219,0.7219074,0.2380902,-0.1714819,0.4569747,0.5016192,-0.08558702,1.089157,0.6159189,-0.1462846,0.2330152,0.7941456,False,0,1,4
6/25/2025 12:09:25 PM,1750846165721,Right,-0.1259883,0.7127211,0.2716767,-0.1348767,0.4471005,0.5373489,-0.1860942,0.711187,0.2592683,-0.1716837,0.4500321,0.528979,-0.08437252,1.083121,0.6165161,-0.1507,0.2325591,0.824744,True,0,1,5
6/25/2025 12:09:25 PM,1750846165734,Right,-0.1225207,0.7028505,0.2933247,-0.1357941,0.440113,0.5639726,-0.1821618,0.7001746,0.2806186,-0.1705725,0.4414566,0.5550351,-0.08326697,1.076975,0.616749,-0.1526175,0.2289671,0.8526245,True,0,1,5
6/25/2025 12:09:25 PM,1750846165763,Right,-0.1171927,0.6837013,0.3386393,-0.1355021,0.4303363,0.6199381,-0.1768607,0.6790188,0.323702,-0.1697076,0.4309866,0.610133,-0.08133984,1.064598,0.6170212,-0.157838,0.2323552,0.9155043,True,0,1,5
6/25/2025 12:09:25 PM,1750846165776,Right,-0.1142154,0.6742321,0.3615711,-0.1351455,0.4258965,0.6478846,-0.176027,0.6686113,0.3455582,-0.1702918,0.425059,0.6365775,-0.08073664,1.058419,0.617662,-0.1602546,0.231964,0.9448832,True,0,1,5
6/25/2025 12:09:25 PM,1750846165804,Right,-0.1085057,0.6589909,0.4047591,-0.1329315,0.4221957,0.700527,-0.1694606,0.6531214,0.3893773,-0.1671107,0.4219733,0.6905363,-0.08065772,1.046854,0.6208642,-0.160952,0.2421281,1.00672,True,0,1,5
6/25/2025 12:09:25 PM,1750846165818,Right,-0.1063572,0.6519425,0.4265808,-0.1321748,0.4207427,0.7275257,-0.1669624,0.6464476,0.4119647,-0.166548,0.4198141,0.7174037,-0.08182383,1.042195,0.6234767,-0.1623097,0.2455365,1.035943,True,0,1,5
6/25/2025 12:09:25 PM,1750846165845,Right,-0.1078152,0.6433251,0.4659448,-0.1335274,0.4218208,0.7738292,-0.168692,0.6369496,0.4523843,-0.1684599,0.4207234,0.7650431,-0.08422899,1.03433,0.6294934,-0.1635042,0.2569774,1.089326,True,0,1,5
6/25/2025 12:09:25 PM,1750846165860,Right,-0.1080326,0.6406671,0.4854772,-0.1346745,0.4225789,0.7970296,-0.1705458,0.6334157,0.4733369,-0.1704208,0.4213563,0.7900828,-0.08478451,1.031338,0.6325414,-0.1651704,0.2630644,1.115919,True,0,1,5
6/25/2025 12:09:25 PM,1750846165888,Right,-0.1140771,0.6364228,0.5196984,-0.1372005,0.4265255,0.835527,-0.1773591,0.6303319,0.5082722,-0.1729604,0.426136,0.8286278,-0.08536088,1.025946,0.6393559,-0.162421,0.2744678,1.158839,True,0,1,5
6/25/2025 12:09:25 PM,1750846165901,Right,-0.117224,0.6364151,0.5361484,-0.1386155,0.4292994,0.8541034,-0.1803064,0.6290669,0.5250317,-0.1748555,0.428859,0.8480358,-0.08544302,1.023822,0.6426812,-0.1632264,0.2814386,1.179984,True,0,1,5
6/25/2025 12:09:25 PM,1750846165915,Right,-0.1209442,0.6370116,0.5492874,-0.1395486,0.4325905,0.8692697,-0.1836093,0.6285255,0.5378755,-0.175663,0.4319088,0.8631368,-0.08594561,1.022704,0.6460825,-0.161827,0.2883095,1.19657,True,0,1,5
6/25/2025 12:09:25 PM,1750846165943,Right,-0.126576,0.6395022,0.5708452,-0.1413494,0.4404684,0.8956031,-0.189635,0.6278147,0.5602714,-0.177443,0.4378906,0.8904968,-0.0878315,1.021928,0.6526971,-0.1607943,0.3022627,1.226067,True,0,1,5
6/25/2025 12:09:25 PM,1750846165957,Right,-0.1296551,0.6397137,0.5789658,-0.1417772,0.4439615,0.9051105,-0.1920213,0.6279162,0.5681152,-0.1775643,0.4412194,0.8994422,-0.08912134,1.021991,0.6558013,-0.1596888,0.3083876,1.236663,True,0,1,5
6/25/2025 12:09:25 PM,1750846165984,Right,-0.1337924,0.6399415,0.5925496,-0.1429186,0.4501292,0.9202127,-0.195977,0.6277951,0.5810434,-0.1785305,0.4470211,0.9134846,-0.09159088,1.023065,0.6625538,-0.1586967,0.3185661,1.254161,True,0,1,5
6/25/2025 12:09:25 PM,1750846165998,Right,-0.1361338,0.6398843,0.5962757,-0.1434629,0.4521353,0.9254127,-0.1979313,0.6275175,0.5852174,-0.1788328,0.4487078,0.918845,-0.09318936,1.023919,0.6664224,-0.1575716,0.3224547,1.260056,True,0,1,5
6/25/2025 12:09:26 PM,1750846166027,Right,-0.1397806,0.6381167,0.6013022,-0.1456857,0.4551536,0.9321079,-0.2020779,0.6272067,0.5910121,-0.1806143,0.4524374,0.9256081,-0.09668183,1.025222,0.6727138,-0.1564119,0.3294517,1.268771,True,0,1,5
6/25/2025 12:09:26 PM,1750846166041,Right,-0.143041,0.637587,0.602256,-0.1465597,0.4559818,0.9336243,-0.2051202,0.6268184,0.5927504,-0.1821261,0.4531435,0.927597,-0.09871101,1.026049,0.6752955,-0.1558483,0.3310798,1.271139,True,0,1,5
6/25/2025 12:09:26 PM,1750846166068,Right,-0.1476972,0.6364806,0.6026219,-0.1513553,0.457222,0.933545,-0.2100349,0.6261051,0.5941286,-0.184675,0.4549925,0.9284484,-0.1026642,1.02814,0.6793836,-0.1552538,0.3341599,1.273737,True,0,1,5
6/25/2025 12:09:26 PM,1750846166082,Right,-0.1501584,0.6352309,0.602283,-0.1512218,0.4575438,0.9344802,-0.2126427,0.625672,0.5939149,-0.1859159,0.4548919,0.9286768,-0.1047142,1.029694,0.6813233,-0.1549698,0.3347031,1.273702,True,0,1,5
6/25/2025 12:09:26 PM,1750846166095,Right,-0.1536501,0.6332782,0.6024587,-0.1540162,0.457617,0.9329803,-0.2149955,0.6252797,0.5935301,-0.1873587,0.4551426,0.9258772,-0.1063513,1.030978,0.6834757,-0.1550368,0.3334237,1.272739,True,0,1,5
6/25/2025 12:09:26 PM,1750846166124,Right,-0.1564566,0.6337152,0.5998699,-0.153134,0.4576374,0.9337887,-0.2186912,0.6242029,0.5921351,-0.188639,0.4545423,0.9279518,-0.1093675,1.03396,0.6878192,-0.1543816,0.3361303,1.27256,True,0,1,5
6/25/2025 12:09:26 PM,1750846166137,Right,-0.1579778,0.6328402,0.598983,-0.1536774,0.4576365,0.9325283,-0.2203188,0.6242791,0.5908094,-0.1893667,0.4544452,0.9257073,-0.1105841,1.035823,0.6896139,-0.1542239,0.3352557,1.27066,True,0,1,5
6/25/2025 12:09:26 PM,1750846166165,Right,-0.1603873,0.6328331,0.5964975,-0.1545448,0.4578325,0.9293298,-0.2226093,0.6243396,0.5884677,-0.1902684,0.4544188,0.9224148,-0.113883,1.040153,0.6932608,-0.153743,0.3345177,1.267703,True,0,1,5
6/25/2025 12:09:26 PM,1750846166179,Right,-0.1616209,0.633112,0.5952327,-0.1551278,0.4578891,0.9277815,-0.2240471,0.6252279,0.587234,-0.1910556,0.4545218,0.9205579,-0.1154618,1.042525,0.6950703,-0.1538111,0.3336773,1.265589,True,0,1,5
6/25/2025 12:09:26 PM,1750846166207,Right,-0.1628347,0.6347026,0.5924907,-0.1556246,0.4594534,0.9240343,-0.2251929,0.627131,0.5842593,-0.1916583,0.4559929,0.9163557,-0.1193379,1.048163,0.6980568,-0.1535532,0.3339103,1.261747,True,0,1,5
6/25/2025 12:09:26 PM,1750846166220,Right,-0.1649011,0.6347848,0.5914278,-0.1564409,0.4606865,0.9225968,-0.2263673,0.6281984,0.5829891,-0.1927126,0.4569107,0.9140733,-0.121357,1.051252,0.6994733,-0.1543356,0.3339102,1.259972,True,0,1,5
6/25/2025 12:09:26 PM,1750846166235,Right,-0.1663488,0.6346529,0.5903501,-0.1570261,0.462027,0.9213743,-0.2271912,0.62929,0.5814177,-0.1933407,0.4583406,0.9117658,-0.1239208,1.054934,0.7005959,-0.1546683,0.334959,1.25833,True,0,1,5
6/25/2025 12:09:26 PM,1750846166263,Right,-0.1655195,0.6409259,0.5868266,-0.1589893,0.466948,0.9189778,-0.2289461,0.631777,0.5781168,-0.1953451,0.4617414,0.9106413,-0.1297922,1.0632,0.702654,-0.1581532,0.3407469,1.256637,True,0,1,5
6/25/2025 12:09:26 PM,1750846166276,Right,-0.1673113,0.6423565,0.585877,-0.1602851,0.4698491,0.9179208,-0.229883,0.6330936,0.5763831,-0.1964891,0.4640181,0.9086032,-0.1329172,1.067871,0.7033674,-0.1598095,0.3433715,1.255538,True,0,1,5
6/25/2025 12:09:26 PM,1750846166304,Right,-0.1689311,0.6466489,0.5836661,-0.1649154,0.4777371,0.9168165,-0.2322383,0.6370355,0.5729854,-0.2009762,0.471315,0.9063432,-0.1394632,1.078961,0.7044581,-0.1674898,0.3535841,1.255307,True,0,1,5
6/25/2025 12:09:26 PM,1750846166318,Right,-0.1698073,0.6492759,0.5826309,-0.1671428,0.4822362,0.9167407,-0.2336634,0.6390417,0.5714698,-0.2032095,0.4748216,0.90562,-0.1428075,1.084999,0.7048645,-0.1709123,0.3586453,1.255239,True,0,1,5
6/25/2025 12:09:26 PM,1750846166346,Right,-0.1736428,0.6550133,0.5817286,-0.1757639,0.4932134,0.9174492,-0.2367543,0.6442126,0.5691364,-0.2108238,0.4853016,0.9052703,-0.1499612,1.098577,0.7056155,-0.1839528,0.3739261,1.2578,True,0,1,5
6/25/2025 12:09:26 PM,1750846166360,Right,-0.175453,0.6585711,0.5812823,-0.1802112,0.4993464,0.9179117,-0.2382755,0.6474636,0.5676483,-0.214467,0.4909485,0.904759,-0.1538019,1.106151,0.7055855,-0.19002,0.3818474,1.258459,True,0,1,5
6/25/2025 12:09:26 PM,1750846166388,Right,-0.1806632,0.6679223,0.5816537,-0.1914051,0.5147034,0.9202897,-0.243185,0.6554654,0.5665395,-0.2263619,0.5056978,0.9064655,-0.1624044,1.122263,0.7051995,-0.2098571,0.4031632,1.263198,True,0,1,5
6/25/2025 12:09:26 PM,1750846166402,Right,-0.1834854,0.6729183,0.5820848,-0.1975747,0.5230601,0.9216123,-0.2458568,0.6601419,0.5660751,-0.2318506,0.5130414,0.9068202,-0.1670401,1.131079,0.7053223,-0.2187723,0.4129407,1.26483,True,0,1,5
6/25/2025 12:09:26 PM,1750846166415,Right,-0.1873568,0.6786911,0.5837962,-0.2051109,0.5322791,0.9241963,-0.2489089,0.6652486,0.5662595,-0.2391851,0.5215398,0.9081491,-0.1718767,1.140031,0.7051864,-0.2313215,0.4246447,1.267616,True,0,1,5
6/25/2025 12:09:26 PM,1750846166443,Right,-0.1965377,0.6896584,0.5877709,-0.2200885,0.5529659,0.9277397,-0.2563285,0.6772697,0.5674632,-0.2550191,0.5392834,0.9078487,-0.1825465,1.158794,0.7044438,-0.2576699,0.4454482,1.271989,True,0,1,5
6/25/2025 12:09:26 PM,1750846166456,Right,-0.2014958,0.697989,0.590071,-0.2299693,0.5648987,0.9296594,-0.2602735,0.6834835,0.5674425,-0.2648541,0.5491278,0.9077815,-0.1883709,1.168602,0.7037222,-0.274986,0.4580367,1.273883,True,0,1,5
6/25/2025 12:09:26 PM,1750846166485,Right,-0.2148645,0.7139862,0.5961365,-0.254585,0.5876421,0.9358576,-0.2684871,0.6962779,0.570362,-0.2847489,0.568692,0.9115888,-0.2012866,1.188602,0.7003152,-0.3101233,0.4836338,1.279692,True,0,1,5
6/25/2025 12:09:26 PM,1750846166499,Right,-0.2221652,0.7249458,0.5984344,-0.2690793,0.6017303,0.9399921,-0.273641,0.7024599,0.5723721,-0.2978311,0.5792657,0.9162542,-0.2079467,1.199261,0.6976854,-0.3335547,0.4995902,1.283255,True,0,1,5
6/25/2025 12:09:26 PM,1750846166527,Right,-0.2376709,0.7479653,0.6045793,-0.3014215,0.6308598,0.9443402,-0.286034,0.7183337,0.5747023,-0.324621,0.6020791,0.9185044,-0.2215717,1.22125,0.6913489,-0.3802574,0.5280157,1.285336,True,0,1,5
6/25/2025 12:09:26 PM,1750846166540,Right,-0.2492659,0.7603105,0.6063909,-0.320118,0.6485696,0.9463403,-0.2922711,0.7279603,0.5762113,-0.3406994,0.6158331,0.91992,-0.2288784,1.231684,0.6881347,-0.4103539,0.544872,1.285179,True,0,1,5
6/25/2025 12:09:26 PM,1750846166568,Right,-0.2693392,0.7882828,0.6107602,-0.3629597,0.6817229,0.9488741,-0.3071407,0.746611,0.5778365,-0.3758715,0.6420466,0.9223512,-0.2436748,1.252088,0.680573,-0.4721256,0.5774128,1.280867,True,0,1,5
6/25/2025 12:09:26 PM,1750846166582,Right,-0.2825996,0.8030129,0.6116001,-0.3887423,0.6982682,0.9472461,-0.317266,0.7566469,0.5786972,-0.3993952,0.6572257,0.9224703,-0.2515788,1.261825,0.6760525,-0.5123688,0.5963292,1.276073,True,0,1,5
6/25/2025 12:09:26 PM,1750846166596,Right,-0.2981288,0.8163861,0.6118697,-0.415921,0.7153804,0.9460509,-0.326706,0.7694364,0.5803055,-0.4240592,0.6743947,0.9225581,-0.2599077,1.271225,0.6707582,-0.5545551,0.6166631,1.269396,True,0,1,5
6/25/2025 12:09:26 PM,1750846166624,Right,-0.3306817,0.8408379,0.6103087,-0.472513,0.7468436,0.9340187,-0.3470239,0.7900338,0.5807071,-0.4698484,0.7018744,0.9136417,-0.2781606,1.288854,0.658479,-0.631703,0.6459429,1.250256,True,0,1,5
6/25/2025 12:09:26 PM,1750846166638,Right,-0.345572,0.8531368,0.607881,-0.5019274,0.7636115,0.9261542,-0.357205,0.7991391,0.5793355,-0.4973134,0.7162407,0.9067624,-0.2878639,1.297229,0.6514468,-0.6784444,0.6632125,1.233881,True,0,1,5
6/25/2025 12:09:26 PM,1750846166666,Right,-0.3750513,0.8768896,0.5996816,-0.5624487,0.7967507,0.9059713,-0.3795117,0.8173705,0.5735334,-0.550607,0.7430286,0.8903809,-0.3072422,1.312982,0.6362909,-0.7631526,0.6948623,1.196359,True,0,1,5
6/25/2025 12:09:26 PM,1750846166679,Right,-0.3902361,0.8876106,0.593478,-0.5919793,0.8135599,0.8922624,-0.3902525,0.8301308,0.5721385,-0.579731,0.7605157,0.8797051,-0.3168051,1.320338,0.6283146,-0.8107184,0.7146747,1.17212,True,0,1,5
6/25/2025 12:09:26 PM,1750846166707,Right,-0.4162721,0.9081313,0.5818288,-0.6496266,0.8409482,0.8610323,-0.4110291,0.8513027,0.5672364,-0.6337213,0.7890646,0.8558975,-0.3354723,1.333442,0.6113509,-0.8948752,0.7467151,1.119554,True,0,1,5
6/25/2025 12:09:26 PM,1750846166721,Right,-0.4296554,0.9170339,0.5739672,-0.6777103,0.8538854,0.8432398,-0.4201558,0.8594193,0.5642458,-0.6624416,0.8032704,0.839998,-0.3445833,1.339138,0.6022228,-0.9400167,0.7642184,1.084613,True,0,1,5
6/25/2025 12:09:26 PM,1750846166735,Right,-0.4424371,0.9253342,0.5655631,-0.7056626,0.8647377,0.8251846,-0.4295057,0.8673468,0.560504,-0.6880438,0.8144245,0.8260458,-0.353471,1.344361,0.5931449,-0.9763215,0.7765331,1.053298,True,0,1,5
6/25/2025 12:09:26 PM,1750846166762,Right,-0.4655434,0.9386242,0.5454625,-0.7553055,0.8881505,0.7855902,-0.4475887,0.8826091,0.5521609,-0.7426437,0.8428674,0.7874086,-0.3701735,1.353152,0.5752343,-1.054417,0.8093615,0.9722734,True,0,1,5
6/25/2025 12:09:26 PM,1750846166776,Right,-0.4767502,0.9440188,0.5354906,-0.7809845,0.8988328,0.7641386,-0.4572374,0.8903756,0.5469676,-0.7669317,0.8532119,0.7690928,-0.3782016,1.356928,0.5665423,-1.084862,0.8185593,0.9355938,True,0,1,5
6/25/2025 12:09:26 PM,1750846166804,Right,-0.4939989,0.9538833,0.5170039,-0.8188489,0.9152228,0.7160902,-0.472905,0.9044105,0.5362405,-0.806317,0.8745608,0.7220466,-0.3940203,1.362874,0.5496973,-1.140524,0.8368569,0.8521863,True,0,1,5
6/25/2025 12:09:26 PM,1750846166818,Right,-0.5040455,0.9589161,0.5078443,-0.8373232,0.9210855,0.6921699,-0.4808368,0.9099792,0.5302764,-0.8217471,0.878455,0.7011824,-0.4014589,1.364757,0.5416415,-1.160685,0.8355091,0.8172622,True,0,1,5
6/25/2025 12:09:26 PM,1750846166845,Right,-0.518083,0.966376,0.4849444,-0.865667,0.9331922,0.6446201,-0.4947479,0.9189062,0.5169696,-0.853377,0.8951721,0.6518025,-0.4150274,1.367554,0.5254766,-1.201133,0.8535621,0.7334188,True,0,1,5
6/25/2025 12:09:26 PM,1750846166860,Right,-0.5238993,0.9688958,0.4734175,-0.879129,0.9373198,0.6201778,-0.5018244,0.9220086,0.5101107,-0.867519,0.8970321,0.6295686,-0.421379,1.368407,0.5173386,-1.216376,0.8522115,0.6962409,True,0,1,5
6/25/2025 12:09:26 PM,1750846166888,Right,-0.531802,0.9719833,0.4549206,-0.8984564,0.942928,0.5754779,-0.5124106,0.9238744,0.4944698,-0.8890443,0.9052437,0.5813576,-0.4335463,1.369264,0.5024692,-1.241498,0.8650399,0.6172305,True,0,1,5
6/25/2025 12:09:26 PM,1750846166902,Right,-0.5361011,0.9719855,0.4463738,-0.906822,0.9432988,0.552945,-0.5174033,0.9249271,0.4873463,-0.8965058,0.9031419,0.5606883,-0.4387827,1.369064,0.4955053,-1.249704,0.8587947,0.5846173,True,0,1,5
6/25/2025 12:09:26 PM,1750846166916,Right,-0.5390334,0.970083,0.4382513,-0.9117587,0.9425399,0.5324916,-0.5209152,0.9257495,0.4793846,-0.900872,0.9035943,0.5402525,-0.443993,1.36899,0.4888809,-1.255888,0.8587068,0.5530103,True,0,1,5
6/25/2025 12:09:26 PM,1750846166943,Right,-0.5425888,0.9663962,0.4221202,-0.9211082,0.9385532,0.4940279,-0.5268552,0.9235932,0.4649439,-0.9106801,0.8998176,0.5010484,-0.4534256,1.368727,0.4769839,-1.264696,0.8528019,0.4910253,False,0,1,5
6/25/2025 12:09:26 PM,1750846166957,Right,-0.5439084,0.9637101,0.4144689,-0.9242976,0.9353666,0.4771747,-0.5286852,0.9205304,0.4581109,-0.913725,0.8976334,0.4830712,-0.4577875,1.36838,0.4717091,-1.267156,0.8516837,0.462622,False,0,1,5
6/25/2025 12:09:26 PM,1750846166985,Right,-0.5456375,0.9579123,0.4027345,-0.927675,0.9302097,0.4474939,-0.5310959,0.914955,0.4456718,-0.9158221,0.8893891,0.4536752,-0.4658058,1.366952,0.4625546,-1.268514,0.8404704,0.4179851,False,0,1,5
6/25/2025 12:09:26 PM,1750846166999,Right,-0.5459789,0.9549448,0.3969904,-0.9285753,0.9257202,0.4354658,-0.5316063,0.9119739,0.4393016,-0.9164025,0.8865865,0.4410722,-0.4692513,1.366165,0.4583565,-1.268524,0.8379855,0.3995812,False,0,1,5
6/25/2025 12:09:27 PM,1750846167026,Right,-0.5451978,0.9492916,0.3851829,-0.9293861,0.9179158,0.4150835,-0.5317615,0.9068303,0.4284962,-0.9172739,0.879942,0.4173231,-0.4749382,1.364459,0.4501255,-1.266636,0.8298373,0.3642237,False,0,1,5
6/25/2025 12:09:27 PM,1750846167040,Right,-0.544478,0.9468676,0.3792486,-0.9288214,0.9142295,0.4078755,-0.5313371,0.9042688,0.4230188,-0.9169536,0.8775421,0.4097334,-0.4772751,1.363373,0.4465246,-1.265916,0.8282446,0.3543539,False,0,1,5
6/25/2025 12:09:27 PM,1750846167055,Right,-0.543786,0.9448285,0.3748797,-0.9281387,0.9114206,0.4020085,-0.5307741,0.9023886,0.4177995,-0.91637,0.87569,0.4044207,-0.479472,1.362521,0.4433372,-1.265377,0.8271387,0.3485445,False,0,1,5
6/25/2025 12:09:27 PM,1750846167082,Right,-0.5411065,0.9388523,0.3692925,-0.9266879,0.9062325,0.3932014,-0.529318,0.8981623,0.4090049,-0.915655,0.8709303,0.3921109,-0.483699,1.360371,0.4387468,-1.263183,0.8222065,0.3330266,False,0,1,5
6/25/2025 12:09:27 PM,1750846167096,Right,-0.5399781,0.9364197,0.3639892,-0.9256414,0.9040943,0.390321,-0.5284906,0.8967764,0.4044604,-0.9151682,0.8699996,0.3905224,-0.4855118,1.359243,0.4369453,-1.263017,0.8218887,0.3340137,False,0,1,5
6/25/2025 12:09:27 PM,1750846167123,Right,-0.5381266,0.9328899,0.3550337,-0.9238713,0.9018055,0.3873302,-0.5265418,0.8927158,0.3954827,-0.9138159,0.866516,0.3846285,-0.4880698,1.356817,0.4339299,-1.261684,0.818179,0.3313684,False,0,1,5
6/25/2025 12:09:27 PM,1750846167137,Right,-0.537115,0.9308915,0.3504178,-0.9226564,0.9019443,0.3865453,-0.5256326,0.8911713,0.3914532,-0.9131156,0.8665496,0.3862581,-0.4890153,1.355444,0.432914,-1.26191,0.8192717,0.3382922,False,0,1,5
6/25/2025 12:09:27 PM,1750846167165,Right,-0.534911,0.9266003,0.3409296,-0.9204896,0.9023451,0.3860774,-0.5236501,0.8886496,0.3848469,-0.9119474,0.8663837,0.3849443,-0.4902575,1.353363,0.430681,-1.260948,0.8201394,0.3424394,False,0,1,5
6/25/2025 12:09:27 PM,1750846167179,Right,-0.5338231,0.924393,0.3361822,-0.9200552,0.9026369,0.3861436,-0.5224653,0.888504,0.3813149,-0.9119728,0.8694627,0.3859566,-0.4904916,1.352723,0.4295651,-1.260739,0.8258511,0.3477443,False,0,1,5
6/25/2025 12:09:27 PM,1750846167207,Right,-0.5322271,0.920022,0.327868,-0.9160859,0.900964,0.3905642,-0.5215193,0.8855448,0.3734948,-0.910413,0.8698257,0.3862753,-0.4900545,1.351783,0.4285368,-1.260767,0.8279982,0.3561403,False,0,1,5
6/25/2025 12:09:27 PM,1750846167221,Right,-0.5317335,0.9178866,0.3250141,-0.9155452,0.9012765,0.3917373,-0.5213636,0.8829294,0.3696747,-0.9106717,0.8716947,0.3880537,-0.489542,1.3515,0.4291795,-1.261387,0.8337196,0.3630717,False,0,1,5
6/25/2025 12:09:27 PM,1750846167235,Right,-0.5313846,0.9160196,0.3222767,-0.9148443,0.9016579,0.3929844,-0.5210159,0.880084,0.3659799,-0.9105465,0.8707376,0.3861302,-0.4888459,1.351271,0.4299601,-1.261272,0.8341296,0.3629536,False,0,1,5
6/25/2025 12:09:27 PM,1750846167262,Right,-0.5310452,0.9144413,0.3209193,-0.9136163,0.9033744,0.3970343,-0.5202111,0.8767999,0.363113,-0.9092348,0.8738503,0.3935635,-0.4871722,1.351176,0.4330056,-1.261039,0.8446471,0.3786089,False,0,1,5
6/25/2025 12:09:27 PM,1750846167276,Right,-0.5309059,0.9141939,0.3209611,-0.912602,0.9040952,0.3996513,-0.5196031,0.8752292,0.3623504,-0.9081014,0.8726951,0.3948785,-0.4858353,1.35131,0.4348866,-1.260394,0.8442823,0.3816017,False,0,1,5
6/25/2025 12:09:27 PM,1750846167304,Right,-0.5300549,0.9160636,0.3256426,-0.9103013,0.9045202,0.407012,-0.517666,0.8743145,0.3630312,-0.9044025,0.8729081,0.4052995,-0.4822052,1.351495,0.4387004,-1.258037,0.8489029,0.3991533,False,0,1,5
6/25/2025 12:09:27 PM,1750846167318,Right,-0.5293685,0.9171389,0.3286739,-0.9088216,0.904135,0.4114211,-0.5165069,0.8732949,0.363977,-0.9025453,0.8715645,0.4085646,-0.4800565,1.351449,0.4410561,-1.256676,0.8481479,0.4041958,False,0,1,5
6/25/2025 12:09:27 PM,1750846167346,Right,-0.5273952,0.923124,0.3386983,-0.9034764,0.9020586,0.4239244,-0.5121524,0.8711052,0.3684593,-0.8944727,0.8668104,0.423192,-0.4752815,1.351172,0.4471004,-1.251117,0.8459012,0.4267396,False,0,1,5
6/25/2025 12:09:27 PM,1750846167360,Right,-0.5256619,0.9243746,0.3448337,-0.900279,0.9002763,0.4305566,-0.5097106,0.8699223,0.370849,-0.8903698,0.8641712,0.4289517,-0.4725578,1.351061,0.4505289,-1.248087,0.8431567,0.4355371,False,0,1,5
6/25/2025 12:09:27 PM,1750846167387,Right,-0.5181848,0.9263659,0.3559162,-0.8912985,0.8961885,0.4471487,-0.5018693,0.8685027,0.3781168,-0.8811668,0.8604748,0.4452646,-0.4660025,1.3505,0.4581212,-1.238728,0.8433109,0.4587667,False,0,1,5
6/25/2025 12:09:27 PM,1750846167402,Right,-0.5142025,0.9264836,0.3619677,-0.8861148,0.8939286,0.4560102,-0.4973195,0.8678903,0.3818974,-0.8756978,0.8584108,0.4523231,-0.4621195,1.349919,0.4623972,-1.233443,0.8416751,0.4687045,False,0,1,5
6/25/2025 12:09:27 PM,1750846167416,Right,-0.5091729,0.9250402,0.3707352,-0.8791387,0.8896385,0.4665376,-0.492312,0.8657517,0.3856268,-0.8680021,0.8535113,0.4632934,-0.4577031,1.349109,0.4672335,-1.226525,0.8369535,0.4866309,False,0,1,5
6/25/2025 12:09:27 PM,1750846167443,Right,-0.4960538,0.9270188,0.3861923,-0.863427,0.8807619,0.4892681,-0.479896,0.8647338,0.3912853,-0.8534372,0.8476822,0.4799984,-0.4467485,1.346657,0.4789042,-1.210733,0.8323444,0.5134646,False,0,1,5
6/25/2025 12:09:27 PM,1750846167457,Right,-0.4867615,0.926451,0.3937432,-0.8519346,0.8749711,0.5024025,-0.4710064,0.8641355,0.3970181,-0.842684,0.8438054,0.4929892,-0.4402016,1.344942,0.4857087,-1.199178,0.8293015,0.5335919,False,0,1,5
6/25/2025 12:09:27 PM,1750846167485,Right,-0.4685256,0.9215286,0.4090384,-0.8279939,0.8642508,0.5273141,-0.4540734,0.8626629,0.405484,-0.8193209,0.8335068,0.5160941,-0.4245598,1.340558,0.4992784,-1.175172,0.8157458,0.5725641,False,0,1,5
6/25/2025 12:09:27 PM,1750846167499,Right,-0.4575721,0.9172858,0.4159011,-0.8135055,0.8581254,0.5406871,-0.4441437,0.8594956,0.4089394,-0.804529,0.824586,0.5300772,-0.4155692,1.337893,0.5061772,-1.159147,0.804065,0.5981436,False,0,1,5
6/25/2025 12:09:27 PM,1750846167527,Right,-0.4342528,0.9076712,0.4298096,-0.7816977,0.8399935,0.5680144,-0.4212212,0.8518195,0.4141803,-0.7727138,0.8083101,0.5519096,-0.3959829,1.332427,0.5204164,-1.124606,0.7854077,0.6398774,False,0,1,5
6/25/2025 12:09:27 PM,1750846167540,Right,-0.4201212,0.9016809,0.4351652,-0.7617913,0.8295586,0.5818078,-0.4087332,0.8467879,0.4156995,-0.7534846,0.7981474,0.564827,-0.3849905,1.329487,0.5270556,-1.102707,0.7736081,0.6669862,False,0,1,5
6/25/2025 12:09:27 PM,1750846167568,Right,-0.3910752,0.8912836,0.4427487,-0.7204426,0.8085609,0.605042,-0.3836533,0.8398364,0.4164064,-0.7151689,0.7795769,0.5841513,-0.3623242,1.323693,0.5394377,-1.058144,0.7488813,0.7111758,False,0,1,5
6/25/2025 12:09:27 PM,1750846167582,Right,-0.3743856,0.8852679,0.4459182,-0.6973313,0.7962894,0.6157237,-0.368162,0.8359933,0.4154699,-0.6912138,0.768611,0.5947378,-0.3503754,1.320681,0.5452075,-1.028633,0.733622,0.7370252,False,0,1,5
6/25/2025 12:09:27 PM,1750846167596,Right,-0.3575815,0.8785531,0.4469928,-0.6746343,0.7841647,0.6264037,-0.3539348,0.8297857,0.4116535,-0.6695675,0.7568524,0.6030332,-0.3375287,1.317444,0.550454,-0.9993964,0.7195404,0.7599715,False,0,1,5
6/25/2025 12:09:27 PM,1750846167624,Right,-0.3225204,0.86336,0.4474632,-0.6260597,0.7576098,0.6427705,-0.3275956,0.8227298,0.4029401,-0.626142,0.7352184,0.6142028,-0.3122673,1.310523,0.559335,-0.9406878,0.6882019,0.7980608,False,0,1,5
6/25/2025 12:09:27 PM,1750846167638,Right,-0.3040128,0.8552894,0.4430623,-0.5998756,0.7452745,0.648598,-0.3131555,0.8181387,0.3971599,-0.6010506,0.7228146,0.6203876,-0.3002245,1.306658,0.5632489,-0.9045081,0.6706738,0.8198375,False,0,1,5
6/25/2025 12:09:27 PM,1750846167666,Right,-0.2706235,0.842652,0.4314363,-0.5488227,0.7198332,0.6554839,-0.2866756,0.8124903,0.3840848,-0.5555828,0.7022498,0.6251279,-0.2765399,1.297316,0.5697378,-0.8381125,0.6394018,0.848905,False,0,1,5
6/25/2025 12:09:27 PM,1750846167679,Right,-0.2526075,0.8366709,0.4241407,-0.5205017,0.7069181,0.6552373,-0.2734961,0.8099214,0.3751789,-0.5280364,0.6906435,0.6260247,-0.2645422,1.291752,0.5723867,-0.7965893,0.6198994,0.8654494,False,0,1,5
6/25/2025 12:09:27 PM,1750846167707,Right,-0.220393,0.8262699,0.4060845,-0.4656086,0.6832933,0.6515073,-0.2489195,0.8059103,0.3573723,-0.4788277,0.6703399,0.621006,-0.2408521,1.279145,0.5767936,-0.72225,0.5839863,0.883498,False,0,1,5
6/25/2025 12:09:27 PM,1750846167721,Right,-0.2041345,0.8211532,0.3951088,-0.4376984,0.6720269,0.647264,-0.2372569,0.8039304,0.3468894,-0.45135,0.6596872,0.6183367,-0.2293321,1.272362,0.5782946,-0.6781492,0.5645542,0.8931615,False,0,1,5
6/25/2025 12:09:27 PM,1750846167735,Right,-0.1893356,0.8161914,0.38311,-0.4105089,0.6597399,0.6422312,-0.2257077,0.8009049,0.3359786,-0.4297795,0.6493103,0.6113279,-0.2182305,1.265166,0.5796167,-0.6451213,0.5470058,0.8925103,False,0,1,5
6/25/2025 12:09:27 PM,1750846167763,Right,-0.1615642,0.8075511,0.3561412,-0.3580251,0.6392674,0.6256267,-0.2031335,0.7982045,0.3129128,-0.3753731,0.6306754,0.5988175,-0.1969134,1.249741,0.5809462,-0.5582566,0.5108762,0.897233,False,0,1,5
6/25/2025 12:09:27 PM,1750846167777,Right,-0.1491325,0.803068,0.3410729,-0.3321832,0.6272867,0.6159796,-0.1931149,0.7956903,0.2993523,-0.3545873,0.6207145,0.587769,-0.1866701,1.241434,0.581295,-0.5251629,0.4936546,0.8897916,False,0,1,5
6/25/2025 12:09:27 PM,1750846167804,Right,-0.1278344,0.7975888,0.3085189,-0.2833836,0.6076651,0.5897961,-0.1751179,0.7915281,0.2706694,-0.3052343,0.6029291,0.5653195,-0.1668564,1.224303,0.5813512,-0.4443951,0.4607535,0.8774461,False,0,1,5
6/25/2025 12:09:27 PM,1750846167818,Right,-0.1177507,0.7948169,0.2906904,-0.2595675,0.5971678,0.5754567,-0.1655034,0.7897002,0.2557648,-0.2847587,0.5936458,0.5515529,-0.1576047,1.215903,0.5807809,-0.4113832,0.4447579,0.8645818,False,0,1,5
6/25/2025 12:09:27 PM,1750846167846,Right,-0.1011165,0.7926003,0.2554266,-0.2155778,0.5807073,0.5409753,-0.1524987,0.7869856,0.2231582,-0.2406342,0.5781233,0.5199529,-0.140002,1.199494,0.5794889,-0.3365653,0.4145703,0.83759,False,0,1,5
6/25/2025 12:09:27 PM,1750846167860,Right,-0.09488767,0.7913057,0.2373987,-0.1940993,0.5725493,0.5223054,-0.146698,0.7872182,0.2064337,-0.222073,0.571737,0.5008798,-0.1319132,1.191409,0.5788765,-0.3047651,0.4000111,0.8189576,False,0,1,5
6/25/2025 12:09:27 PM,1750846167888,Right,-0.0850535,0.7968581,0.2006511,-0.1570212,0.5616744,0.4812228,-0.1392307,0.7923072,0.1750651,-0.1854025,0.5620859,0.4648496,-0.1157715,1.175733,0.5777727,-0.2378608,0.3748345,0.7801178,False,0,1,5
6/25/2025 12:09:27 PM,1750846167902,Right,-0.08054889,0.8030698,0.1820531,-0.1390888,0.556355,0.4609269,-0.13679,0.7950557,0.1589155,-0.1713904,0.5558698,0.4478594,-0.1079079,1.168485,0.5767115,-0.2104469,0.3637786,0.7578102,False,0,1,5
6/25/2025 12:09:27 PM,1750846167916,Right,-0.07879557,0.8053575,0.1652646,-0.1236983,0.5532773,0.4401442,-0.1365736,0.7974398,0.1434414,-0.157759,0.5525706,0.4273438,-0.100639,1.161483,0.5757734,-0.1824104,0.3527778,0.7352816,False,0,1,5
6/25/2025 12:09:27 PM,1750846167943,Right,-0.07448343,0.8114255,0.132155,-0.09745939,0.5483558,0.3996215,-0.1375849,0.8029746,0.1144532,-0.1339543,0.546507,0.3890876,-0.08716404,1.148053,0.5741838,-0.1325117,0.3344312,0.6893805,False,0,1,5
6/25/2025 12:09:27 PM,1750846167957,Right,-0.07404417,0.8157566,0.1172094,-0.08686191,0.5475868,0.3795499,-0.1396531,0.8070292,0.1007772,-0.1231967,0.5458902,0.3698276,-0.08092213,1.142038,0.5729947,-0.1088526,0.3279402,0.6661312,False,0,1,5
6/25/2025 12:09:27 PM,1750846167985,Right,-0.07785741,0.8236635,0.09112428,-0.07121551,0.546223,0.3430371,-0.1440378,0.8136601,0.07744354,-0.1068837,0.5443753,0.3354182,-0.06922054,1.130446,0.570574,-0.07063847,0.3165237,0.6229416,False,0,1,5
6/25/2025 12:09:27 PM,1750846167999,Right,-0.08031636,0.8262984,0.08080151,-0.06596282,0.5452582,0.3279678,-0.1468883,0.8158694,0.06831396,-0.1013647,0.5435833,0.3213909,-0.06420362,1.125172,0.5695902,-0.05630173,0.3119537,0.6049359,False,0,1,5
6/25/2025 12:09:28 PM,1750846168027,Right,-0.08636504,0.8300106,0.06384036,-0.05724245,0.5426745,0.3023688,-0.154343,0.8195139,0.05400127,-0.09333876,0.5413868,0.2973222,-0.054847,1.115987,0.5679705,-0.03193783,0.3031359,0.572143,False,0,1,5
6/25/2025 12:09:28 PM,1750846168041,Right,-0.089554,0.8303052,0.05817569,-0.05434201,0.541393,0.2938936,-0.1564125,0.8237173,0.05274105,-0.09127934,0.5425378,0.2913673,-0.050506,1.111947,0.5676006,-0.02475686,0.3008007,0.561981,False,0,1,5
6/25/2025 12:09:28 PM,1750846168068,Right,-0.09368329,0.8290541,0.05193759,-0.05190913,0.5360666,0.2827845,-0.1640156,0.8215306,0.04587355,-0.09009451,0.5360787,0.2780522,-0.04350233,1.10505,0.5675514,-0.01373591,0.2908177,0.5417163,False,0,1,5
6/25/2025 12:09:28 PM,1750846168083,Right,-0.09584486,0.8262931,0.05233476,-0.05327119,0.532621,0.2803589,-0.1610052,0.8210549,0.0466902,-0.08746456,0.5351158,0.2767059,-0.04053497,1.101916,0.5683365,-0.01065205,0.2876506,0.5396141,False,0,1,5
6/25/2025 12:09:28 PM,1750846168096,Right,-0.09703272,0.8226892,0.05437167,-0.05481293,0.5277821,0.2805867,-0.1594917,0.8197833,0.04998964,-0.08752919,0.5324793,0.2785074,-0.03733397,1.098886,0.569189,-0.01188812,0.2832074,0.5402952,False,0,1,5
6/25/2025 12:09:28 PM,1750846168124,Right,-0.09878256,0.8148283,0.06323307,-0.05707657,0.517803,0.287421,-0.1678568,0.8094991,0.05881596,-0.09313556,0.5203473,0.2846997,-0.03217602,1.093491,0.5722684,-0.01473056,0.2695389,0.5436825,False,0,1,5
6/25/2025 12:09:28 PM,1750846168137,Right,-0.09888401,0.809603,0.07126967,-0.05885917,0.5115768,0.2950198,-0.1677375,0.8032084,0.0652349,-0.09499668,0.5139507,0.2922037,-0.03004289,1.090477,0.5743752,-0.01888114,0.2636082,0.5518287,False,0,1,5
6/25/2025 12:09:28 PM,1750846168166,Right,-0.09828488,0.7957546,0.08951681,-0.06201002,0.4994025,0.3133323,-0.1654203,0.7869429,0.08036309,-0.09691488,0.4991874,0.3078925,-0.02650452,1.084194,0.5778904,-0.02472417,0.2479126,0.5700068,False,0,1,5
6/25/2025 12:09:28 PM,1750846168180,Right,-0.0972582,0.7867135,0.1007695,-0.06463928,0.4908478,0.3273989,-0.1644484,0.7781166,0.09157148,-0.1002932,0.4909068,0.3225271,-0.02497613,1.081125,0.5795631,-0.03311329,0.2417891,0.5867522,False,0,1,5
6/25/2025 12:09:28 PM,1750846168207,Right,-0.09308781,0.7685524,0.1272989,-0.07020722,0.4736319,0.3582878,-0.1622295,0.7589986,0.1162797,-0.1043786,0.4729513,0.352199,-0.02391124,1.074472,0.5831515,-0.04421959,0.2271243,0.6195524,False,0,1,5
6/25/2025 12:09:28 PM,1750846168221,Right,-0.09228456,0.7571494,0.1436671,-0.07356255,0.4636175,0.3781697,-0.1613495,0.7473619,0.1321391,-0.1084454,0.4631679,0.3727609,-0.02359986,1.070769,0.5850425,-0.05372339,0.2208276,0.643293,False,0,1,5
6/25/2025 12:09:28 PM,1750846168235,Right,-0.09161926,0.7459694,0.1608336,-0.07637434,0.4533698,0.3982846,-0.1600209,0.7356347,0.1483911,-0.1089499,0.4516158,0.3910821,-0.02314842,1.067026,0.5868851,-0.0561033,0.2110066,0.6622651,False,0,1,5
6/25/2025 12:09:28 PM,1750846168263,Right,-0.09213961,0.7241462,0.2020212,-0.07994274,0.4357323,0.4457158,-0.1578415,0.7133027,0.1873259,-0.1165157,0.4352771,0.4396509,-0.02201319,1.05882,0.5905976,-0.0739834,0.2024007,0.718407,False,0,1,5
6/25/2025 12:09:28 PM,1750846168276,Right,-0.09326268,0.7137264,0.224394,-0.08293,0.4275925,0.4710745,-0.1570917,0.702037,0.2082388,-0.1176559,0.4258543,0.4625752,-0.0212909,1.054577,0.592693,-0.0771771,0.1946959,0.7433264,False,0,1,5
6/25/2025 12:09:28 PM,1750846168304,Right,-0.09586374,0.6946819,0.2675102,-0.08828112,0.4144065,0.5228958,-0.1569255,0.6823044,0.2514939,-0.1230075,0.4130814,0.5163956,-0.02067208,1.046469,0.5969164,-0.08976987,0.1920667,0.8039948,True,0,1,6
6/25/2025 12:09:28 PM,1750846168318,Right,-0.1015615,0.6825051,0.2892517,-0.0911129,0.4085634,0.5505633,-0.157681,0.6721499,0.2735735,-0.124803,0.4062875,0.5412811,-0.02043045,1.042568,0.5985281,-0.09298798,0.1881758,0.8318601,True,0,1,6
6/25/2025 12:09:28 PM,1750846168346,Right,-0.1011735,0.6601465,0.3335269,-0.09382153,0.402522,0.6053601,-0.1596082,0.6532438,0.3175652,-0.1289143,0.402452,0.5941838,-0.02035081,1.035088,0.6010443,-0.09998181,0.1948543,0.8975859,True,0,1,6
6/25/2025 12:09:28 PM,1750846168360,Right,-0.1018627,0.6524945,0.3560427,-0.09537625,0.4007584,0.6327792,-0.1606223,0.6442693,0.3396643,-0.130477,0.3986843,0.6203766,-0.02022171,1.031878,0.6023375,-0.1022751,0.1961543,0.9277873,True,0,1,6
6/25/2025 12:09:28 PM,1750846168387,Right,-0.1054946,0.6358777,0.3938849,-0.09853198,0.4017457,0.6868014,-0.1626867,0.6290072,0.379732,-0.13288,0.4000248,0.6752257,-0.01981187,1.025858,0.6055489,-0.1049423,0.2166303,0.9934999,True,0,1,6
6/25/2025 12:09:28 PM,1750846168402,Right,-0.1074768,0.6277263,0.4126629,-0.1001987,0.4035959,0.7129177,-0.1642138,0.6218883,0.399203,-0.1345567,0.4000738,0.699779,-0.01971781,1.023853,0.6074284,-0.1066858,0.2240397,1.022506,True,0,1,6
6/25/2025 12:09:28 PM,1750846168416,Right,-0.1080772,0.6201916,0.4292634,-0.1010931,0.4072845,0.7363761,-0.1657544,0.6157511,0.4169371,-0.1358388,0.4042162,0.7236407,-0.01973248,1.022164,0.6093864,-0.1073509,0.2380726,1.052585,True,0,1,6
6/25/2025 12:09:28 PM,1750846168444,Right,-0.1100822,0.6106454,0.4620071,-0.1040674,0.4161695,0.7812567,-0.167612,0.6058982,0.4512798,-0.1373787,0.4112493,0.7690336,-0.019804,1.020238,0.6133621,-0.108578,0.263214,1.1064,True,0,1,6
6/25/2025 12:09:28 PM,1750846168457,Right,-0.110704,0.6087564,0.4774154,-0.1049746,0.4218573,0.8017047,-0.1689498,0.6039592,0.466894,-0.1385697,0.4174704,0.7900143,-0.02046931,1.020299,0.6154943,-0.1095628,0.2785495,1.130733,True,0,1,6
6/25/2025 12:09:28 PM,1750846168485,Right,-0.1130603,0.6076594,0.5043777,-0.1070451,0.4332834,0.8370358,-0.174996,0.6016209,0.4956066,-0.1432205,0.4287322,0.8275311,-0.02179003,1.022031,0.619961,-0.1127893,0.3053253,1.172688,True,0,1,6
6/25/2025 12:09:28 PM,1750846168499,Right,-0.114852,0.6085132,0.515386,-0.1085044,0.4388212,0.8509683,-0.1745647,0.6014838,0.5068928,-0.1429782,0.4346236,0.8424371,-0.02234483,1.02365,0.6223938,-0.112629,0.3179128,1.189426,True,0,1,6
6/25/2025 12:09:28 PM,1750846168527,Right,-0.1177444,0.6093709,0.534767,-0.1110425,0.4495552,0.8751468,-0.1771903,0.60212,0.5260502,-0.1458072,0.446117,0.8668109,-0.02361417,1.028352,0.627592,-0.1154402,0.3406242,1.217358,True,0,1,6
6/25/2025 12:09:28 PM,1750846168541,Right,-0.1195661,0.609567,0.5424505,-0.1121456,0.4546523,0.8838416,-0.177196,0.6031548,0.5341129,-0.1463185,0.4507355,0.8753366,-0.02411532,1.031343,0.6304247,-0.1161239,0.3480311,1.227858,True,0,1,6
6/25/2025 12:09:28 PM,1750846168568,Right,-0.1201083,0.6120951,0.5546099,-0.1145116,0.4634445,0.8983428,-0.1803652,0.6049769,0.5462888,-0.1488377,0.4595276,0.8900172,-0.0256846,1.037839,0.6365114,-0.1178897,0.3636763,1.244838,True,0,1,6
6/25/2025 12:09:28 PM,1750846168582,Right,-0.1203511,0.6129267,0.5584547,-0.1157264,0.4672852,0.9028993,-0.1817494,0.6068901,0.5500219,-0.1499884,0.4630571,0.8938291,-0.02658606,1.040976,0.6393194,-0.1185635,0.3684617,1.249493,True,0,1,6
6/25/2025 12:09:28 PM,1750846168596,Right,-0.1210794,0.6137283,0.5610722,-0.1162856,0.4707202,0.9066749,-0.182243,0.6080905,0.5529341,-0.1506209,0.4653274,0.8972336,-0.02744555,1.044084,0.6417553,-0.1192105,0.3718662,1.253166,True,0,1,6
6/25/2025 12:09:28 PM,1750846168624,Right,-0.1216856,0.6160691,0.5649967,-0.1185329,0.4761852,0.9108679,-0.182711,0.6103426,0.5565132,-0.15222,0.4708532,0.9012418,-0.0302248,1.050211,0.6465213,-0.1216549,0.380067,1.258899,True,0,1,6
6/25/2025 12:09:28 PM,1750846168638,Right,-0.1219243,0.6170334,0.5659044,-0.1194504,0.4784572,0.9122532,-0.1830895,0.6111913,0.5570567,-0.1533646,0.4725358,0.9021223,-0.03182352,1.053211,0.6487122,-0.1237292,0.3825653,1.260126,True,0,1,6
6/25/2025 12:09:28 PM,1750846168665,Right,-0.1224503,0.6186104,0.5665526,-0.1217743,0.4825259,0.913496,-0.1833885,0.6127189,0.5571236,-0.1554027,0.4764315,0.9028698,-0.03486812,1.058527,0.652227,-0.1276835,0.3886318,1.261951,True,0,1,6
6/25/2025 12:09:28 PM,1750846168680,Right,-0.1225676,0.6191957,0.5660523,-0.1231703,0.4841366,0.913506,-0.1833273,0.6132339,0.556289,-0.1565946,0.4775675,0.9024819,-0.03626513,1.061045,0.6539904,-0.130286,0.3904814,1.261745,True,0,1,6
6/25/2025 12:09:28 PM,1750846168707,Right,-0.1221476,0.6200407,0.564895,-0.125328,0.4868025,0.9129472,-0.1826255,0.6138874,0.5545743,-0.1587001,0.48009,0.9016056,-0.03924847,1.066185,0.6574302,-0.1352235,0.394881,1.261603,True,0,1,6
6/25/2025 12:09:28 PM,1750846168721,Right,-0.1216432,0.6202654,0.5639559,-0.1267339,0.4876286,0.9122224,-0.1822433,0.6146675,0.5534318,-0.1600345,0.480962,0.9006182,-0.04053164,1.068427,0.6589766,-0.1383174,0.3958526,1.260744,True,0,1,6
6/25/2025 12:09:28 PM,1750846168735,Right,-0.1212083,0.6205844,0.5630905,-0.1278587,0.4884091,0.9119435,-0.1816892,0.6150811,0.5523786,-0.160816,0.4822266,0.9003983,-0.04200602,1.070558,0.6601096,-0.1405422,0.3982863,1.26048,True,0,1,6
6/25/2025 12:09:28 PM,1750846168763,Right,-0.1204697,0.6221063,0.5620404,-0.130628,0.4897807,0.9103276,-0.1812335,0.6173992,0.5505898,-0.1637881,0.4834113,0.8979546,-0.04493976,1.074294,0.6616231,-0.1468899,0.3980222,1.258258,True,0,1,6
6/25/2025 12:09:28 PM,1750846168776,Right,-0.1203691,0.6230261,0.5616204,-0.1321309,0.490514,0.9098538,-0.1810741,0.6185901,0.5499597,-0.1650094,0.484691,0.8974883,-0.04657578,1.075957,0.6617639,-0.1494842,0.3994384,1.257826,True,0,1,6
6/25/2025 12:09:28 PM,1750846168805,Right,-0.1205682,0.6263285,0.5612735,-0.1355136,0.4922734,0.9088267,-0.1810243,0.6213068,0.549215,-0.168237,0.4858246,0.8962947,-0.05040097,1.080033,0.6631123,-0.1557068,0.3989571,1.256336,True,0,1,6
6/25/2025 12:09:28 PM,1750846168818,Right,-0.1209399,0.6279487,0.5610983,-0.137301,0.4934231,0.9084021,-0.1814514,0.6228816,0.5488486,-0.1698981,0.4871802,0.8958851,-0.05233216,1.082206,0.6634966,-0.158639,0.4000849,1.255914,True,0,1,6
6/25/2025 12:09:28 PM,1750846168846,Right,-0.1224646,0.6318207,0.5608416,-0.1410699,0.4966912,0.9075601,-0.1830583,0.6265769,0.5482516,-0.1740101,0.4896591,0.8946536,-0.05658114,1.086908,0.6638869,-0.1653819,0.4011402,1.254627,True,0,1,6
6/25/2025 12:09:28 PM,1750846168860,Right,-0.123371,0.6336061,0.560696,-0.1433489,0.498593,0.9073989,-0.18364,0.6285273,0.5479655,-0.1759989,0.4915287,0.8943818,-0.05904937,1.089722,0.6635793,-0.1687662,0.4029353,1.254356,True,0,1,6
6/25/2025 12:09:28 PM,1750846168888,Right,-0.1254165,0.637911,0.560638,-0.1490978,0.5034088,0.9074013,-0.1859754,0.632686,0.5473238,-0.1814343,0.4960617,0.8940331,-0.0644207,1.095916,0.6632227,-0.177281,0.4079221,1.254081,True,0,1,6
6/25/2025 12:09:28 PM,1750846168902,Right,-0.1267528,0.6401017,0.5606688,-0.1520802,0.506029,0.9075776,-0.1873719,0.6348249,0.5470238,-0.1842306,0.4985299,0.8939711,-0.06751609,1.09964,0.6631153,-0.1815786,0.4107961,1.254044,True,0,1,6
6/25/2025 12:09:28 PM,1750846168915,Right,-0.1279102,0.6418654,0.5609227,-0.1552765,0.5093877,0.9077345,-0.1884139,0.6368222,0.5469522,-0.1871505,0.501373,0.8937054,-0.07069063,1.103782,0.6631808,-0.1864931,0.4141455,1.254421,True,0,1,6
6/25/2025 12:09:28 PM,1750846168944,Right,-0.1312937,0.6466568,0.5615094,-0.1628019,0.5171283,0.908444,-0.1911302,0.6412529,0.5464932,-0.1942109,0.508224,0.8935428,-0.07766867,1.113464,0.6634964,-0.1980933,0.4230848,1.255333,True,0,1,6
6/25/2025 12:09:28 PM,1750846168957,Right,-0.1330811,0.6495854,0.5619373,-0.1669425,0.5221698,0.9092767,-0.1925699,0.6438837,0.5463517,-0.1987452,0.5129563,0.893996,-0.08171237,1.119284,0.6638998,-0.2057613,0.4298986,1.256377,True,0,1,6
6/25/2025 12:09:28 PM,1750846168985,Right,-0.1374182,0.6547428,0.5630623,-0.1775295,0.5327201,0.911257,-0.1960339,0.6494538,0.5464736,-0.2080043,0.5223509,0.8949592,-0.09064674,1.131581,0.6648098,-0.2216228,0.4429893,1.258385,True,0,1,6
6/25/2025 12:09:28 PM,1750846168999,Right,-0.1394075,0.6594577,0.5645069,-0.1839982,0.5391545,0.9127783,-0.1980135,0.6527566,0.547022,-0.2138927,0.5282489,0.8963068,-0.09559131,1.138357,0.6655183,-0.231986,0.4515944,1.2601,True,0,1,6
6/25/2025 12:09:29 PM,1750846169027,Right,-0.143601,0.6671094,0.5672035,-0.1974131,0.5525895,0.9159569,-0.2026363,0.660489,0.5488676,-0.2262405,0.5400546,0.8989742,-0.1072646,1.152991,0.666921,-0.2533052,0.4674981,1.263212,True,0,1,6
6/25/2025 12:09:29 PM,1750846169040,Right,-0.145843,0.6728281,0.5692329,-0.2054247,0.5602058,0.9178649,-0.2050324,0.6650254,0.5498706,-0.2337647,0.5473558,0.9007215,-0.1139045,1.160442,0.6673849,-0.2664849,0.4777706,1.264894,True,0,1,6
6/25/2025 12:09:29 PM,1750846169055,Right,-0.1503264,0.6786477,0.5719762,-0.2135538,0.5681592,0.9193445,-0.2074516,0.6698623,0.5511781,-0.2416739,0.5549061,0.9011943,-0.1206591,1.168009,0.6674654,-0.2805761,0.4873768,1.266337,True,0,1,6
6/25/2025 12:09:29 PM,1750846169083,Right,-0.1573943,0.6909755,0.5772663,-0.2304844,0.5844153,0.9211259,-0.2132165,0.6800933,0.55475,-0.2580599,0.5701303,0.902431,-0.1350472,1.183537,0.6668671,-0.3092482,0.5061802,1.269335,True,0,1,6
6/25/2025 12:09:29 PM,1750846169096,Right,-0.1615387,0.6965809,0.5806131,-0.2416899,0.5937033,0.9241776,-0.2164819,0.6858919,0.5571466,-0.2683355,0.5791694,0.9049625,-0.1424344,1.191362,0.6663314,-0.327265,0.5186627,1.271193,True,0,1,6
6/25/2025 12:09:29 PM,1750846169123,Right,-0.1706827,0.7091714,0.5878413,-0.2642492,0.6151872,0.9303684,-0.2245191,0.6983975,0.5614495,-0.2897486,0.5979359,0.9086616,-0.1581097,1.206963,0.6639256,-0.3636777,0.5438135,1.273376,True,0,1,6
6/25/2025 12:09:29 PM,1750846169138,Right,-0.1748657,0.71593,0.5918028,-0.2780726,0.6269027,0.9329771,-0.228905,0.7042537,0.5640845,-0.3025853,0.6080459,0.9108948,-0.1665682,1.214781,0.6619636,-0.3858874,0.5583683,1.274137,True,0,1,6
6/25/2025 12:09:29 PM,1750846169166,Right,-0.189421,0.7385788,0.6002942,-0.307738,0.6501104,0.9372906,-0.238472,0.71772,0.5696923,-0.3291117,0.6295133,0.9151821,-0.1837428,1.229691,0.6567661,-0.4306424,0.5883577,1.274274,True,0,1,6
6/25/2025 12:09:29 PM,1750846169180,Right,-0.1966823,0.7482516,0.6040185,-0.3247715,0.662962,0.9388644,-0.2441804,0.7242358,0.5737439,-0.3455218,0.6412351,0.9181272,-0.192662,1.236973,0.6536225,-0.4582663,0.605668,1.273893,True,0,1,6
6/25/2025 12:09:29 PM,1750846169207,Right,-0.2119683,0.7664787,0.6104829,-0.3607151,0.6888103,0.9403993,-0.2565642,0.7375406,0.5802985,-0.3790982,0.6649398,0.9218444,-0.2112858,1.251922,0.6457151,-0.5132389,0.6406041,1.269372,True,0,1,6
6/25/2025 12:09:29 PM,1750846169221,Right,-0.2203533,0.7754744,0.6133758,-0.3803681,0.7034011,0.9399461,-0.263432,0.7456645,0.5832995,-0.398396,0.6788206,0.9219738,-0.2208507,1.259607,0.6409636,-0.5450547,0.6604823,1.264132,True,0,1,6
6/25/2025 12:09:29 PM,1750846169235,Right,-0.2289946,0.7841272,0.6159499,-0.4004881,0.7170944,0.9391396,-0.2702532,0.7536373,0.5858143,-0.4165691,0.6919351,0.9220572,-0.230392,1.267524,0.6360611,-0.5739753,0.679128,1.258348,True,0,1,6
6/25/2025 12:09:29 PM,1750846169263,Right,-0.231036,0.786088,0.6165028,-0.4440608,0.7469934,0.9333063,-0.2867548,0.770966,0.5900077,-0.4680104,0.7264128,0.9245198,-0.2491692,1.283976,0.6257232,-0.6498059,0.7332016,1.235661,True,0,1,6
6/25/2025 12:09:29 PM,1750846169276,Right,-0.231036,0.786088,0.6165028,-0.4666802,0.7612497,0.9294179,-0.2954681,0.7799505,0.5918791,-0.4966872,0.7458351,0.9263572,-0.258631,1.292379,0.620217,-0.6882731,0.7637789,1.220801,True,0,1,6
6/25/2025 12:09:29 PM,1750846169305,Right,-0.231036,0.786088,0.6165028,-0.5134227,0.7902265,0.9169138,-0.3134347,0.7991664,0.5934579,-0.5564404,0.7772517,0.9249597,-0.2783427,1.309235,0.6074505,-0.7637998,0.8074408,1.182697,True,0,1,6
6/25/2025 12:09:29 PM,1750846169318,Right,-0.231036,0.786088,0.6165028,-0.5380264,0.8043659,0.9089493,-0.3234783,0.807994,0.5931599,-0.5869393,0.7907913,0.924314,-0.2883862,1.317364,0.5996343,-0.797507,0.8252785,1.163334,True,0,1,6
6/25/2025 12:09:29 PM,1750846169346,Right,-0.231036,0.786088,0.6165028,-0.5850186,0.8350449,0.8887836,-0.3439015,0.8253623,0.5927764,-0.6519734,0.8199267,0.9185191,-0.3087866,1.333708,0.5826168,-0.8669972,0.8623646,1.117278,True,0,1,6
6/25/2025 12:09:29 PM,1750846169360,Right,-0.231036,0.786088,0.6165028,-0.6093608,0.8498579,0.8774664,-0.3543175,0.8367065,0.5924026,-0.6865889,0.83469,0.9148448,-0.3189434,1.341662,0.5732211,-0.9003417,0.8787197,1.092595,True,0,1,6
6/25/2025 12:09:29 PM,1750846169387,Right,-0.231036,0.786088,0.6165028,-0.6559548,0.8790498,0.8495943,-0.3757152,0.8602054,0.5889338,-0.7579612,0.8639035,0.8993161,-0.3385261,1.357143,0.5545394,-0.9665073,0.9082745,1.034752,True,0,1,6
6/25/2025 12:09:29 PM,1750846169401,Right,-0.231036,0.786088,0.6165028,-0.6798868,0.8926346,0.8340514,-0.3869259,0.8705398,0.5867786,-0.7951042,0.8764524,0.8905942,-0.3482113,1.364671,0.5444498,-0.9971879,0.9201554,1.00537,True,0,1,6
6/25/2025 12:09:29 PM,1750846169415,Right,-0.231036,0.786088,0.6165028,-0.7014475,0.9074418,0.8173972,-0.3988481,0.8818252,0.5826268,-0.8322453,0.8897583,0.8780365,-0.3577657,1.372223,0.5341337,-1.027597,0.9317052,0.9728665,True,0,1,6
6/25/2025 12:09:29 PM,1750846169443,Right,-0.231036,0.786088,0.6165028,-0.744072,0.9321932,0.7804486,-0.4206607,0.9015974,0.5727047,-0.9050038,0.9123321,0.8474566,-0.3759955,1.3861,0.5127398,-1.081754,0.949761,0.9054743,True,0,1,6
6/25/2025 12:09:29 PM,1750846169458,Right,-0.231036,0.786088,0.6165028,-0.7649674,0.9448717,0.7597633,-0.4309683,0.9135748,0.5681121,-0.9421411,0.9265555,0.8288075,-0.3845404,1.392512,0.50174,-1.107335,0.9609919,0.8687445,True,0,1,6
6/25/2025 12:09:29 PM,1750846169485,Right,-0.231036,0.786088,0.6165028,-0.8035446,0.9664373,0.7167338,-0.4505706,0.9365994,0.5549493,-1.005041,0.9482251,0.7839196,-0.400386,1.405075,0.4794562,-1.15069,0.9751067,0.7967128,True,0,1,6
6/25/2025 12:09:29 PM,1750846169499,Right,-0.4591341,0.9956785,0.5634216,-0.8222996,0.9786785,0.6935354,-0.4618047,0.9415418,0.5464004,-0.8200944,0.9410447,0.6884527,-0.4079857,1.410646,0.4688115,-1.166654,0.960396,0.7764689,True,0,1,6
6/25/2025 12:09:29 PM,1750846169527,Right,-0.4918302,1.019515,0.5250403,-0.8548197,0.9947252,0.6450707,-0.4825375,0.9555179,0.5289228,-0.8471434,0.9509928,0.6459198,-0.4218359,1.420394,0.4490199,-1.202107,0.9581137,0.7086803,True,0,1,6
6/25/2025 12:09:29 PM,1750846169541,Right,-0.5034568,1.02652,0.5091083,-0.8691463,1.002072,0.6191848,-0.4911855,0.9640142,0.5190605,-0.8594732,0.9603204,0.6225442,-0.4282545,1.424737,0.4394852,-1.217045,0.9629557,0.6714667,True,0,1,6
6/25/2025 12:09:29 PM,1750846169554,Right,-0.5125758,1.031946,0.4904653,-0.8815303,1.007479,0.5938012,-0.4998417,0.9730384,0.5089472,-0.8732043,0.9701604,0.5979345,-0.4349144,1.428669,0.429683,-1.231252,0.9677525,0.631872,True,0,1,6
6/25/2025 12:09:29 PM,1750846169583,Right,-0.5292829,1.038958,0.4582059,-0.9053319,1.015862,0.5438027,-0.5149084,0.9866125,0.4906167,-0.8962084,0.9793998,0.5516185,-0.4469197,1.434933,0.4110911,-1.253029,0.9625055,0.5591519,True,0,1,6
6/25/2025 12:09:29 PM,1750846169596,Right,-0.5359195,1.041958,0.4443634,-0.9149371,1.018508,0.5208157,-0.5212262,0.992468,0.48266,-0.9057336,0.9844928,0.5280878,-0.4524162,1.4373,0.4021075,-1.261161,0.9607549,0.5225446,True,0,1,6
6/25/2025 12:09:29 PM,1750846169624,Right,-0.5477629,1.046311,0.4193354,-0.9331383,1.023285,0.4759386,-0.5332275,1.003967,0.4666812,-0.9225504,0.9889247,0.4850672,-0.462887,1.440148,0.3853407,-1.272923,0.9502904,0.4583551,False,0,1,6
6/25/2025 12:09:29 PM,1750846169638,Right,-0.5525006,1.048951,0.4099136,-0.9402882,1.022776,0.4555489,-0.5389863,1.009853,0.4594619,-0.9297767,0.9920621,0.4633839,-0.4677699,1.440989,0.37737,-1.277307,0.9478677,0.4256926,False,0,1,6
6/25/2025 12:09:29 PM,1750846169666,Right,-0.5608096,1.053637,0.3928536,-0.949119,1.021282,0.4208113,-0.5487133,1.016943,0.4448932,-0.9379879,0.9877023,0.4306477,-0.4766164,1.441438,0.3629231,-1.282349,0.9297373,0.3795201,False,0,1,6
6/25/2025 12:09:29 PM,1750846169680,Right,-0.5639872,1.055756,0.385835,-0.9510256,1.019151,0.4078649,-0.5525188,1.018227,0.4362149,-0.9400003,0.9851477,0.415882,-0.4806709,1.440988,0.3562847,-1.2841,0.9233844,0.3594376,False,0,1,6
6/25/2025 12:09:29 PM,1750846169693,Right,-0.5669304,1.057445,0.3791107,-0.9530372,1.016648,0.3947771,-0.5560393,1.019094,0.4291165,-0.9419214,0.9785037,0.403428,-0.4843259,1.440203,0.3502935,-1.28444,0.9090306,0.3429808,False,0,1,6
6/25/2025 12:09:29 PM,1750846169721,Right,-0.5711998,1.058552,0.3697847,-0.9570789,1.010821,0.3708524,-0.5606238,1.019145,0.420314,-0.9451826,0.975508,0.3831102,-0.4914796,1.437755,0.3391571,-1.2853,0.9055315,0.3106005,False,0,1,6
6/25/2025 12:09:29 PM,1750846169734,Right,-0.5730986,1.058449,0.3653935,-0.9589469,1.006616,0.3580392,-0.5627134,1.018571,0.4154884,-0.9465736,0.9695191,0.372526,-0.4948076,1.436168,0.3341624,-1.284011,0.8943968,0.2954416,False,0,1,6
6/25/2025 12:09:29 PM,1750846169763,Right,-0.5745927,1.05525,0.358183,-0.9616542,0.9962997,0.3332514,-0.5648292,1.016846,0.4084362,-0.9506432,0.9698935,0.3556108,-0.5009077,1.432598,0.3250601,-1.283734,0.8985507,0.269577,False,0,1,6
6/25/2025 12:09:29 PM,1750846169777,Right,-0.5750194,1.052934,0.3544529,-0.9624147,0.9900811,0.3209076,-0.565651,1.015824,0.4055067,-0.9517967,0.9653988,0.3468997,-0.5037224,1.430867,0.3210349,-1.281439,0.890398,0.2571309,False,0,1,6
6/25/2025 12:09:29 PM,1750846169805,Right,-0.5743542,1.047796,0.3480772,-0.9626725,0.9845048,0.3108912,-0.5656311,1.012345,0.3993583,-0.9533033,0.9655812,0.3382907,-0.5087178,1.426832,0.3138294,-1.28176,0.893399,0.2473337,False,0,1,6
6/25/2025 12:09:29 PM,1750846169819,Right,-0.5741299,1.045768,0.3452816,-0.9626725,0.9845048,0.3108912,-0.5656052,1.010476,0.3968265,-0.9521709,0.9595781,0.3343856,-0.5107366,1.424865,0.3106936,-1.279848,0.882784,0.2430364,False,0,1,6
6/25/2025 12:09:29 PM,1750846169846,Right,-0.5728471,1.041844,0.3403517,-0.9626725,0.9845048,0.3108912,-0.5651189,1.007025,0.392249,-0.9526291,0.9592845,0.3316526,-0.5139037,1.420582,0.3058914,-1.281124,0.8856909,0.2415325,False,0,1,6
6/25/2025 12:09:29 PM,1750846169860,Right,-0.5720509,1.039698,0.3376987,-0.9626725,0.9845048,0.3108912,-0.5643381,1.004788,0.3896878,-0.9516413,0.954392,0.3280978,-0.5151665,1.418726,0.304312,-1.279137,0.8781508,0.2376173,False,0,1,6
6/25/2025 12:09:29 PM,1750846169888,Right,-0.5697117,1.033457,0.3321675,-0.9626725,0.9845048,0.3108912,-0.5621051,0.9996218,0.3841951,-0.952253,0.954662,0.3294719,-0.5170603,1.415167,0.3021443,-1.281275,0.8842275,0.2442721,False,0,1,6
6/25/2025 12:09:29 PM,1750846169901,Right,-0.568403,1.030167,0.3294596,-0.9626725,0.9845048,0.3108912,-0.5609955,0.9969423,0.3814861,-0.9517757,0.9498882,0.3274985,-0.5177386,1.413793,0.301595,-1.279861,0.877399,0.2434943,False,0,1,6
6/25/2025 12:09:29 PM,1750846169916,Right,-0.5670452,1.026851,0.3272199,-0.9626725,0.9845048,0.3108912,-0.5597201,0.9943494,0.3789643,-0.95232,0.949718,0.329874,-0.5181274,1.412144,0.301411,-1.281051,0.8798391,0.2498537,False,0,1,6
6/25/2025 12:09:29 PM,1750846169944,Right,-0.5647362,1.022046,0.3232485,-0.9626725,0.9845048,0.3108912,-0.5567362,0.9892659,0.3734112,-0.9520955,0.9462183,0.3320823,-0.5182666,1.409807,0.3022832,-1.281034,0.8780915,0.2588097,False,0,1,6
6/25/2025 12:09:29 PM,1750846169958,Right,-0.5632852,1.020485,0.3214237,-0.9626725,0.9845048,0.3108912,-0.5549415,0.987181,0.3714224,-0.9524207,0.9467295,0.3363223,-0.5181549,1.409107,0.3030056,-1.281744,0.8815234,0.2680025,False,0,1,6
6/25/2025 12:09:29 PM,1750846169985,Right,-0.5602247,1.01782,0.3191395,-0.9626725,0.9845048,0.3108912,-0.5508614,0.9829757,0.3685932,-0.9519479,0.9440744,0.342417,-0.5173838,1.408899,0.3063663,-1.280341,0.8812591,0.2813361,False,0,1,6
6/25/2025 12:09:29 PM,1750846169999,Right,-0.5582553,1.016386,0.3195304,-0.9626725,0.9845048,0.3108912,-0.5482184,0.9811527,0.3679729,-0.9517012,0.9443217,0.3480718,-0.5167139,1.408735,0.3083417,-1.27959,0.8843513,0.2916533,False,0,1,6
6/25/2025 12:09:30 PM,1750846170027,Right,-0.5532215,1.01388,0.3220834,-0.9626725,0.9845048,0.3108912,-0.5418158,0.9770312,0.3685782,-0.9506151,0.9412687,0.3579097,-0.51428,1.408571,0.3129946,-1.275193,0.8841025,0.3083906,False,0,1,6
6/25/2025 12:09:30 PM,1750846170040,Right,-0.5503889,1.013547,0.3247576,-0.9626725,0.9845048,0.3108912,-0.5375206,0.9731193,0.3693883,-0.9495426,0.9398517,0.3653955,-0.5125898,1.408896,0.3160801,-1.272476,0.8862634,0.3204349,False,0,1,6
6/25/2025 12:09:30 PM,1750846170055,Right,-0.5459727,1.011437,0.3283354,-0.9626725,0.9845048,0.3108912,-0.5325726,0.9696448,0.3709249,-0.949075,0.9383958,0.3740588,-0.5108002,1.409063,0.3193599,-1.268856,0.8883802,0.3337397,False,0,1,6
6/25/2025 12:09:30 PM,1750846170082,Right,-0.5372547,1.008219,0.3373578,-0.9626725,0.9845048,0.3108912,-0.5211439,0.9622108,0.3753897,-0.9464188,0.9327485,0.3903733,-0.5056775,1.409373,0.3272634,-1.258847,0.8876149,0.3572418,False,0,1,6
6/25/2025 12:09:30 PM,1750846170096,Right,-0.5310932,1.00598,0.343049,-0.9139276,0.9597909,0.4050948,-0.5137823,0.957652,0.3779028,-0.9018906,0.9267894,0.4054165,-0.502804,1.409515,0.3319674,-1.251106,0.8776248,0.3849569,False,0,1,6
6/25/2025 12:09:30 PM,1750846170124,Right,-0.5160486,1.000162,0.3552102,-0.8905632,0.9477549,0.4316733,-0.4973354,0.9478735,0.3854652,-0.8791553,0.9137807,0.4292195,-0.4953288,1.409185,0.3433435,-1.233463,0.8651938,0.4226242,False,0,1,6
6/25/2025 12:09:30 PM,1750846170138,Right,-0.5069436,0.9957102,0.3629686,-0.8789433,0.9407005,0.4455695,-0.4869781,0.9406134,0.3886798,-0.8668454,0.9069842,0.4418319,-0.4907728,1.408708,0.3500239,-1.222532,0.8624561,0.4430107,False,0,1,6
6/25/2025 12:09:30 PM,1750846170166,Right,-0.4861719,0.9872751,0.3786783,-0.8533073,0.9255131,0.4725727,-0.465299,0.9286338,0.3943948,-0.841338,0.8935249,0.4637264,-0.4801925,1.407713,0.3629855,-1.198447,0.8550102,0.479091,False,0,1,6
6/25/2025 12:09:30 PM,1750846170180,Right,-0.4734999,0.9829919,0.3872236,-0.8382934,0.9165926,0.4865113,-0.4522515,0.9238061,0.3951513,-0.8256838,0.8872114,0.4761269,-0.4744202,1.406993,0.369411,-1.182679,0.8525476,0.5023815,False,0,1,6
6/25/2025 12:09:30 PM,1750846170207,Right,-0.4449424,0.9723701,0.4028336,-0.8037621,0.896688,0.5131506,-0.4248388,0.9158445,0.3981315,-0.7920358,0.8714877,0.4973835,-0.4614393,1.404676,0.3829033,-1.148155,0.8378992,0.5424845,False,0,1,6
6/25/2025 12:09:30 PM,1750846170221,Right,-0.4265103,0.9661834,0.4097603,-0.7823149,0.8865007,0.5255823,-0.4090701,0.9096634,0.3989547,-0.7720131,0.860949,0.5096669,-0.4539522,1.403177,0.3897543,-1.126826,0.8294566,0.5677574,False,0,1,6
6/25/2025 12:09:30 PM,1750846170235,Right,-0.4086029,0.9593546,0.4149324,-0.7595892,0.8758389,0.5367323,-0.3951825,0.9044086,0.3975708,-0.7543845,0.8514585,0.5155969,-0.4461113,1.401672,0.3965551,-1.10834,0.819311,0.5826789,False,0,1,6
6/25/2025 12:09:30 PM,1750846170263,Right,-0.3711663,0.9440401,0.4208998,-0.7133644,0.8551434,0.5555592,-0.3631094,0.8964178,0.3913701,-0.7066077,0.8311528,0.5360346,-0.4311219,1.398889,0.4092933,-1.055248,0.7977217,0.6389659,False,0,1,6
6/25/2025 12:09:30 PM,1750846170277,Right,-0.3490627,0.9355715,0.4222343,-0.6875466,0.8435367,0.5621077,-0.3458266,0.8893707,0.3868065,-0.6861011,0.8206226,0.5380101,-0.4237914,1.397484,0.4155145,-1.031689,0.7867708,0.6498021,False,0,1,6
6/25/2025 12:09:30 PM,1750846170304,Right,-0.3033108,0.9172354,0.4209358,-0.6368812,0.8208781,0.5736793,-0.311943,0.8801572,0.3726194,-0.6377852,0.8012884,0.5499592,-0.4074377,1.393787,0.4280258,-0.9689543,0.7662211,0.6973575,False,0,1,6
6/25/2025 12:09:30 PM,1750846170319,Right,-0.2785788,0.9066377,0.4168926,-0.6099763,0.8088943,0.5788407,-0.2951489,0.8761966,0.3661025,-0.6190449,0.793129,0.5496579,-0.3983078,1.39144,0.4341089,-0.9442102,0.7570428,0.7046613,False,0,1,6
6/25/2025 12:09:30 PM,1750846170346,Right,-0.232352,0.8925135,0.3988139,-0.553037,0.7899868,0.5807313,-0.2607444,0.8698734,0.3477052,-0.5660022,0.7724431,0.5567741,-0.3781679,1.385388,0.4457322,-0.8692189,0.7278076,0.7473003,False,0,1,6
6/25/2025 12:09:30 PM,1750846170360,Right,-0.211492,0.8860239,0.3851227,-0.5235481,0.7797961,0.5795355,-0.2431581,0.8672391,0.3364189,-0.5427092,0.7640236,0.5516889,-0.3675879,1.381989,0.4511318,-0.8387021,0.7149072,0.7514157,False,0,1,6
6/25/2025 12:09:30 PM,1750846170388,Right,-0.1702199,0.8759373,0.3574582,-0.4658246,0.7586396,0.5718997,-0.2100489,0.865684,0.3082829,-0.4843381,0.7461163,0.5481615,-0.3459125,1.374142,0.4617426,-0.7520863,0.682451,0.7802163,False,0,1,6
6/25/2025 12:09:30 PM,1750846170402,Right,-0.1519999,0.8724037,0.3398099,-0.4355934,0.7486918,0.5645816,-0.1947864,0.8643684,0.2926962,-0.4604267,0.7382555,0.5385786,-0.3344026,1.369673,0.4668698,-0.7191026,0.6681108,0.7791895,False,0,1,6
6/25/2025 12:09:30 PM,1750846170416,Right,-0.1350959,0.8694688,0.3211527,-0.406504,0.7382879,0.5568218,-0.1808816,0.8631485,0.2751715,-0.4297654,0.7284231,0.532581,-0.3226568,1.36502,0.4716903,-0.6723698,0.6492584,0.7878025,False,0,1,6
6/25/2025 12:09:30 PM,1750846170443,Right,-0.1073053,0.8684184,0.2776473,-0.3489012,0.7204566,0.5348942,-0.1569821,0.8629266,0.2354275,-0.3780855,0.713418,0.5094435,-0.2984037,1.354259,0.4792993,-0.5927461,0.6194572,0.7840007,False,0,1,6
6/25/2025 12:09:30 PM,1750846170458,Right,-0.09494901,0.870204,0.254293,-0.3206535,0.7134599,0.5190682,-0.146763,0.8644691,0.2140433,-0.3476244,0.7060294,0.4970817,-0.2860849,1.348499,0.4822875,-0.5442741,0.6024207,0.7827398,False,0,1,6
6/25/2025 12:09:30 PM,1750846170485,Right,-0.07642131,0.8696212,0.2051868,-0.2673441,0.698289,0.4840858,-0.1277554,0.8673318,0.1712993,-0.2947996,0.6934891,0.4641557,-0.2604793,1.336113,0.4861825,-0.4608001,0.5724351,0.7647783,False,0,1,6
6/25/2025 12:09:30 PM,1750846170499,Right,-0.06821305,0.8705586,0.1793982,-0.2416558,0.6910117,0.4651259,-0.1197434,0.8687387,0.148535,-0.2668244,0.6864104,0.4468584,-0.2478793,1.329561,0.4877406,-0.4135115,0.5567186,0.753881,False,0,1,6
6/25/2025 12:09:30 PM,1750846170527,Right,-0.05445425,0.8786013,0.1289856,-0.1928881,0.680528,0.4210629,-0.1108409,0.874145,0.100131,-0.2228221,0.6773872,0.40402,-0.223353,1.316081,0.4896767,-0.3352676,0.5325541,0.71904,False,0,1,6
6/25/2025 12:09:30 PM,1750846170540,Right,-0.05067896,0.8842944,0.1023685,-0.1699403,0.677873,0.3963223,-0.1082401,0.8797275,0.07621276,-0.1983303,0.6751159,0.3814543,-0.2107509,1.309121,0.4904946,-0.2899737,0.5215608,0.6997427,False,0,1,6
6/25/2025 12:09:30 PM,1750846170555,Right,-0.04896886,0.8903987,0.07464537,-0.1483382,0.6772506,0.3710332,-0.1069252,0.8865579,0.0536893,-0.1762279,0.6738626,0.3586785,-0.1988201,1.301974,0.4903235,-0.2471233,0.5117499,0.6781599,False,0,1,6
6/25/2025 12:09:30 PM,1750846170582,Right,-0.05143473,0.9065465,0.02394812,-0.1115847,0.6784461,0.319374,-0.1100066,0.8996985,0.009367228,-0.1436437,0.6741117,0.3107463,-0.1760498,1.286987,0.4895581,-0.1783865,0.4981334,0.6291816,False,0,1,6
6/25/2025 12:09:30 PM,1750846170597,Right,-0.05527551,0.9152365,-0.0002121832,-0.0957287,0.6800452,0.2928008,-0.1147473,0.9072596,-0.01305315,-0.1274149,0.6752156,0.2848147,-0.166167,1.279372,0.4884402,-0.1420295,0.4921953,0.6010131,False,0,1,6
6/25/2025 12:09:30 PM,1750846170625,Right,-0.06643013,0.9329965,-0.04483254,-0.07075123,0.6860045,0.2401469,-0.1268124,0.92308,-0.05371457,-0.104073,0.6803569,0.2339393,-0.149123,1.26458,0.4870248,-0.08387256,0.4848526,0.5431213,False,0,1,6
6/25/2025 12:09:30 PM,1750846170638,Right,-0.07330729,0.9418439,-0.06645165,-0.06200922,0.6904136,0.2134867,-0.1353139,0.9305577,-0.07261392,-0.094039,0.6834518,0.2082898,-0.1422813,1.257276,0.4867078,-0.05501964,0.4822142,0.5127414,False,0,1,6
6/25/2025 12:09:30 PM,1750846170666,Right,-0.08904322,0.9601935,-0.103193,-0.04934511,0.6959519,0.163744,-0.1508259,0.9483908,-0.1025009,-0.07905221,0.6911199,0.1643554,-0.1302788,1.24315,0.4871284,-0.0098968,0.4801826,0.455191,False,0,1,6
6/25/2025 12:09:30 PM,1750846170680,Right,-0.1007276,0.972991,-0.1149722,-0.04654931,0.7028255,0.141228,-0.1602321,0.9561945,-0.1148945,-0.07458665,0.6953084,0.1423183,-0.1247215,1.235861,0.4875727,0.008922547,0.4782907,0.4264878,False,0,1,6
6/25/2025 12:09:30 PM,1750846170708,Right,-0.118376,0.9881765,-0.1408854,-0.04528895,0.7088355,0.1000714,-0.1784824,0.9697246,-0.1362429,-0.06916983,0.7016959,0.1038223,-0.1155938,1.220408,0.4876118,0.03832878,0.4760275,0.3730274,False,0,1,6
6/25/2025 12:09:30 PM,1750846170721,Right,-0.1271721,0.9941574,-0.1495194,-0.04190627,0.7112102,0.08414754,-0.1852019,0.9778278,-0.1451473,-0.06682932,0.7053655,0.08647469,-0.1115867,1.21238,0.4876008,0.04906006,0.4753809,0.3475683,False,0,1,6
6/25/2025 12:09:30 PM,1750846170735,Right,-0.1371679,0.9988381,-0.1599472,-0.04163584,0.714089,0.0681153,-0.1939985,0.9837766,-0.1526065,-0.06573807,0.7082992,0.0706556,-0.108353,1.204547,0.487285,0.0600879,0.4752668,0.3237946,False,0,1,6
6/25/2025 12:09:30 PM,1750846170763,Right,-0.1547516,1.0028,-0.169616,-0.04610626,0.715095,0.04560472,-0.2145309,0.9858776,-0.1603326,-0.07380408,0.7076455,0.04872797,-0.1030539,1.189355,0.4867436,0.06626698,0.4684659,0.2908191,False,0,1,6
6/25/2025 12:09:30 PM,1750846170777,Right,-0.1633711,1.002851,-0.1722188,-0.04767974,0.7158453,0.03856147,-0.2235367,0.9868007,-0.1636618,-0.07601351,0.707588,0.03768332,-0.1009213,1.182152,0.48658,0.07183994,0.4656016,0.2736073,False,0,1,6
6/25/2025 12:09:30 PM,1750846170804,Right,-0.177935,0.9997962,-0.1726693,-0.05168543,0.7169498,0.02907127,-0.2367114,0.9831378,-0.1640926,-0.08730134,0.7048533,0.02814521,-0.09717464,1.168665,0.486783,0.06652305,0.4560351,0.2605387,False,0,1,6
6/25/2025 12:09:30 PM,1750846170818,Right,-0.1843358,0.996904,-0.1711725,-0.05572011,0.7131105,0.02557896,-0.2431588,0.9802587,-0.163169,-0.09026027,0.7017007,0.02363816,-0.09556997,1.162891,0.4874485,0.06846796,0.4505042,0.2519804,False,0,1,6
6/25/2025 12:09:30 PM,1750846170846,Right,-0.1932686,0.9817815,-0.1672262,-0.06517848,0.6959085,0.02886877,-0.2531321,0.9662993,-0.1559166,-0.09963033,0.6864383,0.03036511,-0.09341764,1.152581,0.4907129,0.05958632,0.4354836,0.2570508,False,0,1,6
6/25/2025 12:09:30 PM,1750846170860,Right,-0.1969746,0.9737021,-0.1632396,-0.07037119,0.6859228,0.03156844,-0.2570857,0.9585099,-0.1513545,-0.1011573,0.6779085,0.03234597,-0.09255171,1.148364,0.493024,0.06063893,0.4264972,0.2562159,False,0,1,6
6/25/2025 12:09:30 PM,1750846170888,Right,-0.1994544,0.9516506,-0.1474817,-0.07923029,0.6640842,0.05134512,-0.2598281,0.9373307,-0.1381587,-0.111516,0.6578759,0.05314514,-0.09111726,1.140482,0.4986494,0.04304278,0.4081628,0.2841571,False,0,1,6
6/25/2025 12:09:30 PM,1750846170902,Right,-0.2001346,0.9395657,-0.1388672,-0.08333414,0.6524629,0.06264427,-0.2601462,0.9259206,-0.129666,-0.1122467,0.6462054,0.06156284,-0.09098828,1.136829,0.5017511,0.04198837,0.3962128,0.2925003,False,0,1,6
6/25/2025 12:09:30 PM,1750846170916,Right,-0.1989573,0.9251738,-0.1276273,-0.08845624,0.638951,0.07768016,-0.258752,0.9133171,-0.1182418,-0.1169395,0.6342701,0.07751866,-0.09061372,1.133204,0.5053047,0.03092441,0.384361,0.313491,False,0,1,6
6/25/2025 12:09:30 PM,1750846170944,Right,-0.1941551,0.8951136,-0.1026628,-0.09591128,0.6110385,0.1125563,-0.254257,0.8859662,-0.09191585,-0.1211135,0.6065336,0.1101884,-0.08979678,1.125636,0.5121453,0.01678929,0.357181,0.3519537,False,0,1,6
6/25/2025 12:09:30 PM,1750846170958,Right,-0.1903875,0.8783479,-0.08565637,-0.09795082,0.5945765,0.1348154,-0.2504975,0.8697144,-0.07487768,-0.1240564,0.5899189,0.1333589,-0.08996212,1.12169,0.5155325,0.005599499,0.3425015,0.3796121,False,0,1,6
6/25/2025 12:09:30 PM,1750846170986,Right,-0.1840251,0.8439993,-0.04453212,-0.1007924,0.5626699,0.183664,-0.2433238,0.8352613,-0.03924784,-0.1282403,0.5570504,0.1786542,-0.09115887,1.112974,0.5225538,-0.01121233,0.3128474,0.4333071,False,0,1,6
6/25/2025 12:09:30 PM,1750846170999,Right,-0.1785788,0.8262577,-0.01982818,-0.1024859,0.5467552,0.2124127,-0.2386871,0.8176089,-0.01661259,-0.1324249,0.5415279,0.2077276,-0.0916878,1.107885,0.5258712,-0.02507529,0.2992641,0.4689683,False,0,1,6
6/25/2025 12:09:31 PM,1750846171027,Right,-0.1712568,0.7935149,0.03423295,-0.104615,0.5155217,0.2719081,-0.2320053,0.7824954,0.03068304,-0.1374534,0.5084552,0.2633779,-0.09281468,1.097172,0.531697,-0.04487856,0.2691042,0.532194,False,0,1,6
6/25/2025 12:09:31 PM,1750846171041,Right,-0.1682403,0.7773743,0.06473497,-0.1067771,0.4994623,0.3046954,-0.2291767,0.7632635,0.0564903,-0.1415192,0.4921222,0.2960033,-0.09388149,1.091511,0.534421,-0.05742761,0.256857,0.5704503,False,0,1,6
6/25/2025 12:09:31 PM,1750846171054,Right,-0.1648512,0.7614555,0.09455147,-0.1095945,0.4833817,0.3386649,-0.2221511,0.7496259,0.08822703,-0.1416686,0.4787244,0.3332543,-0.09500122,1.085651,0.5369748,-0.0670635,0.2464128,0.6105531,False,0,1,6
6/25/2025 12:09:31 PM,1750846171083,Right,-0.1595293,0.7257447,0.1547239,-0.1124846,0.4575568,0.4072173,-0.2144954,0.7185475,0.1450021,-0.1455812,0.4543432,0.3968182,-0.09689343,1.074245,0.5416838,-0.08292051,0.2256612,0.6833805,False,0,1,6
6/25/2025 12:09:31 PM,1750846171097,Right,-0.1576889,0.7071319,0.183876,-0.1141249,0.4468777,0.4404012,-0.2114045,0.7034391,0.1739472,-0.14849,0.445588,0.429087,-0.09763765,1.068766,0.54372,-0.0913398,0.2192418,0.7227983,False,0,1,6
6/25/2025 12:09:31 PM,1750846171124,Right,-0.1486172,0.6794584,0.2398513,-0.1182102,0.4302961,0.5055306,-0.2091273,0.6737183,0.2289987,-0.1528644,0.4266101,0.4924886,-0.09913445,1.058605,0.5478557,-0.1020976,0.2089261,0.796989,True,0,1,7
6/25/2025 12:09:31 PM,1750846171138,Right,-0.1493131,0.6673596,0.2667257,-0.1193957,0.4253459,0.5391679,-0.2085268,0.6595342,0.2569045,-0.154861,0.4194468,0.527433,-0.09967065,1.054367,0.5503194,-0.1064673,0.210084,0.8380057,True,0,1,7
6/25/2025 12:09:31 PM,1750846171166,Right,-0.1504131,0.6408439,0.3168582,-0.1251537,0.4176371,0.6049399,-0.2088774,0.6350984,0.3089993,-0.1595983,0.4092662,0.5918766,-0.09963942,1.046501,0.5554104,-0.1151716,0.215886,0.9136317,True,0,1,7
6/25/2025 12:09:31 PM,1750846171180,Right,-0.1517533,0.6293063,0.3406416,-0.127247,0.4208318,0.6388441,-0.210376,0.624016,0.3334126,-0.163073,0.4083971,0.6236944,-0.09934115,1.043586,0.5582895,-0.1200092,0.2259307,0.9526557,True,0,1,7
6/25/2025 12:09:31 PM,1750846171208,Right,-0.1581505,0.6165447,0.3897715,-0.1341296,0.4238365,0.6982326,-0.2132038,0.6061834,0.3784797,-0.1700579,0.4090752,0.6819848,-0.1003512,1.040991,0.5643682,-0.1306249,0.247362,1.022318,True,0,1,7
6/25/2025 12:09:31 PM,1750846171221,Right,-0.159117,0.6130601,0.411176,-0.1378028,0.4269727,0.7255163,-0.2142842,0.599063,0.4004493,-0.1730519,0.412697,0.712549,-0.1004691,1.040999,0.5673603,-0.1353524,0.2645869,1.057713,True,0,1,7
6/25/2025 12:09:31 PM,1750846171235,Right,-0.1594677,0.6083276,0.4301386,-0.1410819,0.4320238,0.7517795,-0.215591,0.5915066,0.4215667,-0.1761979,0.4141555,0.7406732,-0.09981728,1.041877,0.5708274,-0.1406168,0.2773973,1.08926,True,0,1,7
6/25/2025 12:09:31 PM,1750846171263,Right,-0.160997,0.6006813,0.4638867,-0.1466922,0.4448909,0.797871,-0.2169814,0.5875623,0.4570554,-0.181284,0.4279883,0.7875655,-0.09783792,1.045079,0.577863,-0.1503723,0.3119144,1.142389,True,0,1,7
6/25/2025 12:09:31 PM,1750846171276,Right,-0.1612516,0.5999936,0.4798761,-0.1486958,0.4520632,0.8175178,-0.2171549,0.5872862,0.4743654,-0.183615,0.4354939,0.8090771,-0.09656024,1.046758,0.5814193,-0.1548139,0.3280489,1.166471,True,0,1,7
6/25/2025 12:09:31 PM,1750846171305,Right,-0.1619324,0.6043614,0.508916,-0.1519046,0.4676823,0.8507119,-0.2178168,0.5938168,0.5023169,-0.1864917,0.4515044,0.8405498,-0.09446013,1.051214,0.5879958,-0.1588602,0.3536755,1.201571,True,0,1,7
6/25/2025 12:09:31 PM,1750846171318,Right,-0.1614124,0.6098918,0.5228173,-0.1531446,0.4755273,0.8646768,-0.2180639,0.5971516,0.5152995,-0.187774,0.4596763,0.8547322,-0.09387398,1.05352,0.5907911,-0.161143,0.3663665,1.217865,True,0,1,7
6/25/2025 12:09:31 PM,1750846171346,Right,-0.1622548,0.6208906,0.5430739,-0.1539904,0.4890375,0.8849144,-0.2187163,0.6059682,0.5343119,-0.1877686,0.4710209,0.8736767,-0.09459233,1.05885,0.5963547,-0.1622795,0.3794398,1.2383,True,0,1,7
6/25/2025 12:09:31 PM,1750846171361,Right,-0.1616429,0.6251852,0.5513781,-0.1544467,0.4951429,0.8930819,-0.2192169,0.6099026,0.5428132,-0.1888926,0.4783713,0.8826225,-0.09596109,1.061543,0.5991968,-0.1640938,0.3897738,1.248933,True,0,1,7
6/25/2025 12:09:31 PM,1750846171388,Right,-0.1617982,0.6321347,0.5629164,-0.1546499,0.5053325,0.9052959,-0.2201042,0.6141543,0.5536391,-0.1880262,0.4847398,0.8936324,-0.098683,1.067517,0.6049037,-0.1623731,0.3979261,1.260755,True,0,1,7
6/25/2025 12:09:31 PM,1750846171402,Right,-0.1620177,0.632952,0.5667054,-0.155154,0.509373,0.9098933,-0.2204461,0.6165307,0.5584418,-0.1886978,0.489519,0.8983278,-0.100072,1.070543,0.6080606,-0.1634356,0.4045563,1.266903,True,0,1,7
6/25/2025 12:09:31 PM,1750846171416,Right,-0.1624646,0.6341202,0.5701268,-0.1557528,0.512951,0.9136389,-0.2211219,0.6182551,0.5612372,-0.1894345,0.492128,0.9015832,-0.1013774,1.073806,0.6111038,-0.16361,0.4083174,1.270264,True,0,1,7
6/25/2025 12:09:31 PM,1750846171443,Right,-0.1632383,0.6354835,0.5738392,-0.1556507,0.5184439,0.918731,-0.2214639,0.6197418,0.5653734,-0.1902268,0.4970776,0.9069629,-0.1045516,1.080609,0.6173589,-0.1641666,0.4170847,1.276532,True,0,1,7
6/25/2025 12:09:31 PM,1750846171457,Right,-0.1632373,0.6358972,0.574813,-0.1555618,0.520999,0.9199141,-0.2223389,0.6208317,0.5662767,-0.1915224,0.4990985,0.9077424,-0.105984,1.084353,0.6203815,-0.1650086,0.4199037,1.277924,True,0,1,7
6/25/2025 12:09:31 PM,1750846171485,Right,-0.1638055,0.6359008,0.5755554,-0.1568831,0.5247637,0.9215302,-0.2219783,0.6220715,0.5671732,-0.1921375,0.5030686,0.909315,-0.1088358,1.091668,0.6262008,-0.1657332,0.4267014,1.280452,True,0,1,7
6/25/2025 12:09:31 PM,1750846171499,Right,-0.1641272,0.6358312,0.5751858,-0.1579389,0.5263407,0.9214804,-0.2213071,0.622574,0.5669586,-0.1922445,0.504533,0.9092732,-0.1100702,1.095268,0.6290318,-0.1663694,0.429095,1.280855,True,0,1,7
6/25/2025 12:09:31 PM,1750846171527,Right,-0.1625805,0.637544,0.5747639,-0.1586113,0.5293527,0.9212638,-0.2207563,0.625046,0.566226,-0.1929191,0.5080777,0.9087668,-0.1129556,1.102194,0.6342213,-0.1679294,0.4336917,1.280854,True,0,1,7
6/25/2025 12:09:31 PM,1750846171541,Right,-0.1622678,0.6391768,0.5743296,-0.1585609,0.530735,0.9202985,-0.2205015,0.6263758,0.5655974,-0.1932574,0.5090244,0.9076047,-0.1149745,1.105416,0.6363165,-0.1688339,0.4339366,1.280019,True,0,1,7
6/25/2025 12:09:31 PM,1750846171555,Right,-0.161881,0.6406777,0.5742811,-0.1588894,0.5319502,0.919709,-0.2198835,0.6279086,0.5652953,-0.1932436,0.5098053,0.9066319,-0.1166418,1.108522,0.6382827,-0.16958,0.4335865,1.279304,True,0,1,7
6/25/2025 12:09:31 PM,1750846171582,Right,-0.1619222,0.6439031,0.5736519,-0.1600932,0.5343535,0.9185586,-0.2197493,0.6316472,0.5643039,-0.1941095,0.5122935,0.9049973,-0.1204793,1.115076,0.6421255,-0.1715776,0.4345161,1.277689,True,0,1,7
6/25/2025 12:09:31 PM,1750846171596,Right,-0.1617401,0.6457573,0.5731071,-0.1611202,0.5358965,0.9177703,-0.219995,0.6335245,0.563613,-0.195117,0.5133649,0.9039284,-0.1226764,1.118448,0.6441195,-0.1732259,0.4346246,1.276601,True,0,1,7
6/25/2025 12:09:31 PM,1750846171625,Right,-0.1624472,0.6487973,0.5715461,-0.1640838,0.5397403,0.9157956,-0.2209961,0.6372389,0.5616608,-0.1981768,0.5173002,0.9015303,-0.1275458,1.125958,0.6482757,-0.1776984,0.4384357,1.274895,True,0,1,7
6/25/2025 12:09:31 PM,1750846171638,Right,-0.1632825,0.6505516,0.5705127,-0.1660769,0.5425981,0.9148172,-0.2221685,0.6394876,0.5600159,-0.2005439,0.5199431,0.8998145,-0.1304964,1.13001,0.649833,-0.1811169,0.4413424,1.273566,True,0,1,7
6/25/2025 12:09:31 PM,1750846171666,Right,-0.1650408,0.6549234,0.5687519,-0.1709556,0.5495157,0.9134613,-0.223544,0.6441211,0.5574517,-0.2048419,0.5257617,0.8974804,-0.1370685,1.138982,0.6519336,-0.1887349,0.4482195,1.271952,True,0,1,7
6/25/2025 12:09:31 PM,1750846171680,Right,-0.1663986,0.6582368,0.5683452,-0.1747494,0.5540064,0.9130874,-0.2247942,0.646685,0.5564268,-0.2078196,0.5293691,0.896631,-0.1406747,1.144018,0.6528271,-0.1942623,0.4527358,1.271655,True,0,1,7
6/25/2025 12:09:31 PM,1750846171707,Right,-0.1692633,0.665017,0.5678327,-0.1825946,0.5640666,0.9125038,-0.2279253,0.6517625,0.5544075,-0.2142063,0.5372475,0.8948181,-0.1483202,1.155287,0.6555898,-0.2061754,0.4628985,1.271316,True,0,1,7
6/25/2025 12:09:31 PM,1750846171721,Right,-0.1710547,0.669353,0.568117,-0.1876043,0.5701771,0.9127649,-0.2298343,0.65553,0.5535779,-0.2188877,0.5429769,0.8943391,-0.1521888,1.161866,0.6570802,-0.2148032,0.4704122,1.271635,True,0,1,7
6/25/2025 12:09:31 PM,1750846171735,Right,-0.1731415,0.6738383,0.5686807,-0.1935748,0.5763939,0.9133867,-0.2311858,0.6588542,0.5531495,-0.2225998,0.5476039,0.8941978,-0.1561228,1.168471,0.6582805,-0.2218768,0.4762292,1.271941,True,0,1,7
6/25/2025 12:09:31 PM,1750846171763,Right,-0.1782654,0.6853426,0.5710974,-0.2068658,0.5903374,0.9155684,-0.2349729,0.6680956,0.5537654,-0.2343669,0.5604542,0.8957056,-0.1655123,1.182858,0.6599329,-0.2447772,0.4924031,1.274276,True,0,1,7
6/25/2025 12:09:31 PM,1750846171777,Right,-0.1821567,0.6919575,0.5731373,-0.2153282,0.5986657,0.9173333,-0.2378362,0.6731319,0.5540668,-0.2405725,0.5671451,0.8963175,-0.1703098,1.190413,0.6605546,-0.2555179,0.5006204,1.275196,True,0,1,7
6/25/2025 12:09:31 PM,1750846171805,Right,-0.1911959,0.7061853,0.5780829,-0.2343527,0.6163169,0.9215448,-0.2454347,0.6852215,0.5564308,-0.2589594,0.5839418,0.8991704,-0.1803365,1.206205,0.6612525,-0.2879559,0.521697,1.278616,True,0,1,7
6/25/2025 12:09:31 PM,1750846171818,Right,-0.1966493,0.7139058,0.5805175,-0.2453963,0.6255104,0.9232498,-0.2495407,0.6915514,0.5579821,-0.267893,0.5920667,0.900653,-0.1859362,1.21417,0.6611392,-0.3032785,0.5313038,1.280155,True,0,1,7
6/25/2025 12:09:31 PM,1750846171846,Right,-0.2113228,0.732363,0.5873842,-0.2715837,0.6477878,0.9286474,-0.2600491,0.7056164,0.5618904,-0.2929306,0.6108057,0.9041963,-0.197119,1.230152,0.660045,-0.347179,0.5539709,1.282662,True,0,1,7
6/25/2025 12:09:31 PM,1750846171860,Right,-0.2221198,0.7449723,0.5913122,-0.2885412,0.6601459,0.9314277,-0.2659768,0.7135755,0.5640653,-0.3053216,0.6204768,0.9060799,-0.202755,1.238165,0.6589297,-0.3681633,0.5649272,1.283483,True,0,1,7
6/25/2025 12:09:31 PM,1750846171888,Right,-0.2463094,0.7717261,0.5984556,-0.3260665,0.6843897,0.9368742,-0.2834206,0.73097,0.5699133,-0.3410653,0.6426807,0.9124433,-0.2131013,1.253181,0.6551334,-0.4287589,0.5907019,1.283567,True,0,1,7
6/25/2025 12:09:31 PM,1750846171902,Right,-0.2602804,0.7858712,0.6012579,-0.3483193,0.6968473,0.9398581,-0.2919385,0.7413157,0.5733142,-0.3584285,0.6546671,0.9170334,-0.2175064,1.259837,0.6531267,-0.4568104,0.6043674,1.283358,True,0,1,7
6/25/2025 12:09:31 PM,1750846171916,Right,-0.2737898,0.7995721,0.6037751,-0.3706503,0.7085686,0.9422631,-0.3008414,0.7534818,0.5772243,-0.3801451,0.6682628,0.9215076,-0.2215033,1.2659,0.6508077,-0.4936158,0.6188788,1.280659,True,0,1,7
6/25/2025 12:09:31 PM,1750846171943,Right,-0.3001919,0.8238602,0.6066917,-0.4198895,0.7331815,0.9433358,-0.3190883,0.7728885,0.5822871,-0.4234371,0.6924491,0.9263217,-0.2276714,1.275586,0.6451508,-0.5641304,0.6464929,1.270821,True,0,1,7
6/25/2025 12:09:31 PM,1750846171958,Right,-0.3135419,0.8358308,0.6086404,-0.4466513,0.746806,0.9405697,-0.3288639,0.7828166,0.5849236,-0.447779,0.7050799,0.9248137,-0.2300935,1.279314,0.641817,-0.6050475,0.6594805,1.262132,True,0,1,7
6/25/2025 12:09:31 PM,1750846171986,Right,-0.3357975,0.8623912,0.6097576,-0.5007221,0.7753026,0.9305784,-0.3481097,0.8019877,0.5887256,-0.49598,0.7300887,0.9211709,-0.2348464,1.285714,0.6350243,-0.6825979,0.6870641,1.240654,True,0,1,7
6/25/2025 12:09:31 PM,1750846171999,Right,-0.3505878,0.8732789,0.6085773,-0.5293918,0.7902601,0.9220299,-0.3580768,0.8123919,0.5898104,-0.5226113,0.744392,0.9143079,-0.2374625,1.288153,0.6317883,-0.7271036,0.702378,1.2237,True,0,1,7
6/25/2025 12:09:32 PM,1750846172027,Right,-0.377478,0.8914216,0.6050993,-0.5858054,0.8193492,0.904177,-0.3773864,0.8286062,0.5901212,-0.5734968,0.769008,0.8998146,-0.2430904,1.292904,0.6253114,-0.8081847,0.7309217,1.185915,True,0,1,7
6/25/2025 12:09:32 PM,1750846172041,Right,-0.3895345,0.8992679,0.6002335,-0.6158742,0.8342525,0.8932956,-0.3866398,0.8375072,0.5894886,-0.6057937,0.7867726,0.8903489,-0.2466741,1.295075,0.6224608,-0.8573855,0.7558045,1.156783,True,0,1,7
6/25/2025 12:09:32 PM,1750846172055,Right,-0.4010339,0.9061922,0.5965769,-0.6438899,0.8484296,0.8777097,-0.3944831,0.8441932,0.5891742,-0.6336846,0.8015645,0.8758092,-0.2506479,1.296714,0.6197131,-0.903095,0.776103,1.124691,True,0,1,7
6/25/2025 12:09:32 PM,1750846172083,Right,-0.4226241,0.9168487,0.5863546,-0.6970513,0.8733266,0.8444903,-0.4108291,0.8549121,0.5887707,-0.6856548,0.826172,0.8481779,-0.2600955,1.299151,0.6142848,-0.9816185,0.8084893,1.060093,True,0,1,7
6/25/2025 12:09:32 PM,1750846172096,Right,-0.4320482,0.9197294,0.5810162,-0.7213505,0.8838302,0.824515,-0.4193899,0.8589583,0.5874493,-0.7116314,0.8395455,0.8289909,-0.2655522,1.299393,0.6118792,-1.020935,0.8257684,1.020049,True,0,1,7
6/25/2025 12:09:32 PM,1750846172124,Right,-0.4473945,0.9238651,0.5708628,-0.7593968,0.8961198,0.7791837,-0.4325737,0.8642391,0.5847529,-0.7469005,0.8536567,0.7911019,-0.2780026,1.298398,0.6052046,-1.078265,0.8405328,0.9489243,True,0,1,7
6/25/2025 12:09:32 PM,1750846172138,Right,-0.4544363,0.9260215,0.5651695,-0.7799756,0.9033999,0.7574212,-0.439175,0.8673648,0.5823733,-0.7700921,0.8651701,0.7662343,-0.2856269,1.29706,0.6006805,-1.110087,0.8568267,0.8983884,True,0,1,7
6/25/2025 12:09:32 PM,1750846172166,Right,-0.4689687,0.9294245,0.5518972,-0.8149178,0.9158381,0.7126324,-0.4524688,0.872924,0.5758237,-0.8054833,0.8782957,0.7204798,-0.301278,1.293325,0.5901092,-1.155746,0.8718896,0.81141,True,0,1,7
6/25/2025 12:09:32 PM,1750846172180,Right,-0.4764368,0.9319273,0.5425407,-0.8286163,0.9203991,0.6894516,-0.459048,0.8763714,0.5707386,-0.8197277,0.8845918,0.6952162,-0.3093681,1.291214,0.5841686,-1.17439,0.8789623,0.7666439,True,0,1,7
6/25/2025 12:09:32 PM,1750846172207,Right,-0.4883129,0.9411806,0.5235788,-0.8525223,0.9224998,0.6458163,-0.4720055,0.8824677,0.5605898,-0.8460294,0.8920163,0.6491522,-0.3251821,1.286642,0.5720674,-1.203118,0.8838655,0.6853778,True,0,1,7
6/25/2025 12:09:32 PM,1750846172222,Right,-0.493077,0.9461291,0.5113354,-0.8624575,0.9246917,0.6242197,-0.4789275,0.8869532,0.5528302,-0.8588921,0.8973707,0.6238726,-0.332661,1.284995,0.565773,-1.215103,0.8887736,0.6430658,True,0,1,7
6/25/2025 12:09:32 PM,1750846172236,Right,-0.4978912,0.9486035,0.499788,-0.8722297,0.9258581,0.6022803,-0.485799,0.8916732,0.543869,-0.8703027,0.899765,0.5995886,-0.3398108,1.283112,0.559628,-1.224984,0.8873079,0.6045851,True,0,1,7
6/25/2025 12:09:32 PM,1750846172263,Right,-0.5079072,0.9502382,0.4822996,-0.8850243,0.9258123,0.5635681,-0.4963185,0.9008139,0.5243379,-0.8810371,0.8995454,0.5618477,-0.3520466,1.279775,0.5481218,-1.237104,0.8763189,0.5514841,True,0,1,7
6/25/2025 12:09:32 PM,1750846172277,Right,-0.5112758,0.9520857,0.4713537,-0.8910436,0.9254014,0.5442921,-0.5007151,0.9033983,0.5148802,-0.8874133,0.8985337,0.5408163,-0.3571488,1.278541,0.5430523,-1.241652,0.8705081,0.5203989,True,0,1,7
6/25/2025 12:09:32 PM,1750846172305,Right,-0.5149638,0.95322,0.4540639,-0.8991079,0.9239385,0.5126148,-0.5062501,0.9045694,0.4990262,-0.8957183,0.8994824,0.5087957,-0.3642342,1.276805,0.5362852,-1.246713,0.8698697,0.4743085,False,0,1,7
6/25/2025 12:09:32 PM,1750846172319,Right,-0.5159616,0.9517165,0.4453906,-0.9015587,0.9228522,0.4992494,-0.5085158,0.903558,0.4910803,-0.8994125,0.8975231,0.4906111,-0.3668473,1.276333,0.5345578,-1.247976,0.8662594,0.4474106,False,0,1,7
6/25/2025 12:09:32 PM,1750846172346,Right,-0.5184612,0.9474803,0.4335721,-0.9043247,0.9208349,0.4772172,-0.5104801,0.8996677,0.4801891,-0.8996252,0.8958297,0.4718551,-0.3714437,1.274684,0.5329765,-1.249101,0.8675366,0.4209652,False,0,1,7
6/25/2025 12:09:32 PM,1750846172360,Right,-0.518391,0.94526,0.4297499,-0.90505,0.9198772,0.4685897,-0.5116489,0.8970938,0.4748346,-0.9007317,0.8924787,0.4590392,-0.3729956,1.273732,0.532648,-1.248938,0.8631216,0.401685,False,0,1,7
6/25/2025 12:09:32 PM,1750846172388,Right,-0.5177781,0.9386421,0.4227914,-0.9050692,0.9167129,0.4558193,-0.512305,0.8901036,0.4674479,-0.9010802,0.8929768,0.4471928,-0.375706,1.271695,0.5316557,-1.249186,0.8713424,0.3852566,False,0,1,7
6/25/2025 12:09:32 PM,1750846172402,Right,-0.5172259,0.9348642,0.4197018,-0.9020192,0.9178284,0.45217,-0.5122388,0.8863677,0.4635749,-0.8987463,0.8870908,0.4408772,-0.376852,1.270939,0.5309029,-1.248452,0.8633465,0.3766252,False,0,1,7
6/25/2025 12:09:32 PM,1750846172416,Right,-0.5169234,0.9305725,0.4164488,-0.9008743,0.9179418,0.4479521,-0.511726,0.8828675,0.4596234,-0.8967551,0.8858002,0.4402263,-0.3778499,1.2704,0.5295101,-1.248735,0.8647314,0.3784478,False,0,1,7
6/25/2025 12:09:32 PM,1750846172444,Right,-0.5151965,0.9232895,0.4086064,-0.8986309,0.916037,0.4438882,-0.5105342,0.8757058,0.4522272,-0.8949617,0.8827587,0.4341837,-0.3796873,1.268829,0.5264745,-1.247962,0.8656729,0.3734847,False,0,1,7
6/25/2025 12:09:32 PM,1750846172457,Right,-0.5142676,0.9210185,0.4054632,-0.8974509,0.9152316,0.4424957,-0.5097401,0.8727039,0.4480404,-0.8943813,0.883523,0.4342866,-0.380314,1.267856,0.5248272,-1.248049,0.8701951,0.3773786,False,0,1,7
6/25/2025 12:09:32 PM,1750846172484,Right,-0.51277,0.9179501,0.4010755,-0.8948807,0.9136841,0.4417405,-0.5081992,0.8672637,0.4401591,-0.8921931,0.881277,0.4327166,-0.3813891,1.265427,0.5214986,-1.247567,0.8708234,0.3816543,False,0,1,7
6/25/2025 12:09:32 PM,1750846172499,Right,-0.5113106,0.9151521,0.3957185,-0.8941735,0.9134675,0.4419309,-0.5072728,0.8648278,0.4361231,-0.8924395,0.8830751,0.4333286,-0.3818921,1.264465,0.5196855,-1.247209,0.8765134,0.3865447,False,0,1,7
6/25/2025 12:09:32 PM,1750846172527,Right,-0.5095155,0.9095964,0.3859078,-0.8922371,0.9125993,0.4428186,-0.5055194,0.860871,0.4281497,-0.8917222,0.8836462,0.4320236,-0.3830423,1.26329,0.516212,-1.246025,0.8809729,0.3914422,False,0,1,7
6/25/2025 12:09:32 PM,1750846172541,Right,-0.5097964,0.9068193,0.3828537,-0.8915665,0.9118709,0.4438162,-0.5047122,0.8585998,0.4239335,-0.8903857,0.8832625,0.4349355,-0.3835205,1.262935,0.5149636,-1.24565,0.8825969,0.4007895,False,0,1,7
6/25/2025 12:09:32 PM,1750846172568,Right,-0.5086917,0.9048564,0.3768967,-0.8901567,0.9094887,0.4457096,-0.5030172,0.8547176,0.4159189,-0.8891487,0.8828603,0.4346146,-0.3840517,1.262198,0.5123718,-1.243985,0.8861489,0.4070192,False,0,1,7
6/25/2025 12:09:32 PM,1750846172583,Right,-0.5075889,0.9041162,0.3735612,-0.8895401,0.9082343,0.4468526,-0.5021868,0.8538027,0.4127646,-0.8891654,0.8842335,0.4361528,-0.3839835,1.262095,0.5108552,-1.242975,0.8903174,0.4122926,False,0,1,7
6/25/2025 12:09:32 PM,1750846172597,Right,-0.5070949,0.9029964,0.371474,-0.8895352,0.9047102,0.4476663,-0.5011387,0.852761,0.409626,-0.8887081,0.8846764,0.43763,-0.3834636,1.262,0.5093311,-1.241698,0.8929138,0.4174082,False,0,1,7
6/25/2025 12:09:32 PM,1750846172624,Right,-0.5053408,0.9027402,0.3676469,-0.8871881,0.9021838,0.4500248,-0.4991284,0.8513315,0.4045385,-0.886822,0.8837575,0.4392797,-0.3814601,1.261222,0.5070996,-1.239341,0.8935911,0.4245337,False,0,1,7
6/25/2025 12:09:32 PM,1750846172637,Right,-0.5048135,0.9031807,0.3670186,-0.8861359,0.8999473,0.4515933,-0.4978467,0.8506798,0.402601,-0.8851534,0.8823645,0.4419398,-0.3800162,1.260469,0.506357,-1.237815,0.8923701,0.4310291,False,0,1,7
6/25/2025 12:09:32 PM,1750846172666,Right,-0.5008141,0.9046981,0.3653716,-0.8826517,0.8974624,0.4554546,-0.4947143,0.8487161,0.3985543,-0.8830953,0.8809332,0.4437212,-0.3763067,1.25889,0.5059861,-1.234092,0.8926388,0.437167,False,0,1,7
6/25/2025 12:09:32 PM,1750846172680,Right,-0.4993238,0.9045118,0.3656906,-0.8802189,0.8946145,0.4582117,-0.4926463,0.8473756,0.3971631,-0.8803004,0.8781635,0.4471519,-0.3743219,1.258047,0.505957,-1.231603,0.8896744,0.4446423,False,0,1,7
6/25/2025 12:09:32 PM,1750846172708,Right,-0.4949956,0.9041945,0.3671264,-0.873928,0.8892722,0.4648316,-0.4877072,0.8436349,0.3960873,-0.8739749,0.8720778,0.4539307,-0.3700079,1.256422,0.5055805,-1.225716,0.8838411,0.4579457,False,0,1,7
6/25/2025 12:09:32 PM,1750846172721,Right,-0.4912609,0.9030201,0.3685687,-0.8694699,0.8854113,0.4696431,-0.4841026,0.8413365,0.396201,-0.8700299,0.8685551,0.4584022,-0.3676507,1.255122,0.5054893,-1.221454,0.8808513,0.4658561,False,0,1,7
6/25/2025 12:09:32 PM,1750846172735,Right,-0.4885466,0.9009691,0.3717848,-0.8648772,0.881323,0.4745535,-0.4805143,0.8385692,0.3960136,-0.8645027,0.863317,0.4633102,-0.3651664,1.254511,0.5059059,-1.217039,0.8748086,0.4755007,False,0,1,7
6/25/2025 12:09:32 PM,1750846172763,Right,-0.4775245,0.8957338,0.3787526,-0.8515069,0.870079,0.4875418,-0.4684875,0.833283,0.4025642,-0.8509469,0.8528941,0.4781271,-0.3599606,1.253641,0.5074229,-1.203429,0.865404,0.4970627,False,0,1,7
6/25/2025 12:09:32 PM,1750846172777,Right,-0.4712104,0.8928449,0.3855089,-0.8442405,0.8634264,0.494505,-0.462021,0.8289891,0.4047137,-0.8432128,0.8458012,0.4841802,-0.3567227,1.252929,0.5085843,-1.19607,0.8583866,0.5067301,False,0,1,7
6/25/2025 12:09:32 PM,1750846172804,Right,-0.4530287,0.8804756,0.4054321,-0.8229065,0.8436998,0.511283,-0.4441248,0.8196084,0.4071027,-0.8195913,0.8252486,0.4988852,-0.3488306,1.250303,0.5113735,-1.174487,0.8384449,0.5348368,False,0,1,7
6/25/2025 12:09:32 PM,1750846172819,Right,-0.4426281,0.8748299,0.4123879,-0.810665,0.8323072,0.5194444,-0.4345732,0.8126646,0.4089199,-0.8078817,0.8145185,0.5057931,-0.3444881,1.24896,0.5133562,-1.16302,0.8275645,0.5476419,False,0,1,7
6/25/2025 12:09:32 PM,1750846172847,Right,-0.4153497,0.8580462,0.4280789,-0.7800243,0.8104231,0.5375558,-0.411558,0.7996102,0.4097387,-0.7784482,0.7928675,0.5220269,-0.33415,1.245089,0.5183318,-1.132471,0.8092932,0.5837811,False,0,1,7
6/25/2025 12:09:32 PM,1750846172861,Right,-0.4012683,0.8479461,0.4352707,-0.7642959,0.7987229,0.5470576,-0.3991934,0.7923525,0.4087673,-0.763496,0.7820709,0.5265991,-0.3276014,1.242572,0.5217586,-1.116803,0.7986652,0.5961076,False,0,1,7
6/25/2025 12:09:32 PM,1750846172888,Right,-0.3677637,0.8264192,0.441786,-0.7244357,0.773722,0.5646828,-0.3675673,0.7762814,0.4098331,-0.7228224,0.7592126,0.5462835,-0.3114291,1.236498,0.5297498,-1.072092,0.777581,0.6416581,False,0,1,7
6/25/2025 12:09:32 PM,1750846172902,Right,-0.3511498,0.814841,0.4435365,-0.7035677,0.7612438,0.5747092,-0.3517669,0.7661183,0.408993,-0.7029756,0.7451123,0.5521293,-0.3014829,1.233094,0.5343312,-1.050684,0.7618461,0.6571789,False,0,1,7
6/25/2025 12:09:32 PM,1750846172915,Right,-0.3333662,0.8042656,0.4424932,-0.6804841,0.748834,0.5836472,-0.3377264,0.7586586,0.4030153,-0.6815298,0.7333733,0.5599848,-0.2908947,1.229598,0.5390173,-1.024606,0.7484768,0.6826459,False,0,1,7
6/25/2025 12:09:32 PM,1750846172944,Right,-0.2982377,0.7858131,0.43619,-0.633231,0.7244642,0.5997579,-0.3068308,0.7459986,0.3932843,-0.637395,0.7099469,0.5725138,-0.267259,1.222728,0.5471914,-0.9704622,0.7177557,0.7232779,False,0,1,7
6/25/2025 12:09:32 PM,1750846172957,Right,-0.2791671,0.7784549,0.4318341,-0.606623,0.7134262,0.6071679,-0.2902192,0.7400634,0.3869644,-0.6108575,0.6966031,0.5804935,-0.2542922,1.219368,0.5506204,-0.9362314,0.6983801,0.7489462,False,0,1,7
6/25/2025 12:09:32 PM,1750846172985,Right,-0.2433708,0.7630391,0.4174592,-0.5555871,0.6888819,0.6154531,-0.2595974,0.7296325,0.3713271,-0.5627924,0.6726708,0.5879436,-0.2268046,1.213921,0.5575817,-0.8717376,0.6633698,0.7848411,False,0,1,7
6/25/2025 12:09:32 PM,1750846172999,Right,-0.2257621,0.7569709,0.4079842,-0.5295668,0.6763761,0.6165748,-0.2467515,0.7278209,0.3588533,-0.5368811,0.6615967,0.5905064,-0.2117676,1.212398,0.5606873,-0.8331698,0.6441262,0.8051816,False,0,1,7
6/25/2025 12:09:33 PM,1750846173027,Right,-0.1942391,0.7462983,0.3845994,-0.4750655,0.65065,0.6141464,-0.2221019,0.7243271,0.3356452,-0.4860244,0.6390171,0.5880339,-0.1833563,1.21072,0.5630233,-0.7595693,0.6030999,0.832166,False,0,1,7
6/25/2025 12:09:33 PM,1750846173040,Right,-0.1789743,0.7418993,0.3712721,-0.447432,0.6391336,0.6095503,-0.2083028,0.7236195,0.322746,-0.4558434,0.627277,0.5850612,-0.1708746,1.209915,0.5624765,-0.7146648,0.5800529,0.8453225,False,0,1,7
6/25/2025 12:09:33 PM,1750846173068,Right,-0.1499956,0.7320547,0.3411731,-0.3930698,0.6160153,0.59593,-0.1864034,0.7209402,0.2942404,-0.4050419,0.6056595,0.5704845,-0.1493669,1.206703,0.5593193,-0.635895,0.5381426,0.8551704,False,0,1,7
6/25/2025 12:09:33 PM,1750846173083,Right,-0.1364276,0.7282324,0.323464,-0.3662331,0.606056,0.5857863,-0.1760828,0.721038,0.2778623,-0.3776317,0.5959477,0.5611281,-0.1419698,1.204017,0.5556349,-0.5907489,0.5175268,0.8581513,False,0,1,7
6/25/2025 12:09:33 PM,1750846173097,Right,-0.1233752,0.7247057,0.3053674,-0.3403451,0.5961497,0.5737718,-0.1660166,0.7209923,0.2610132,-0.3507445,0.586797,0.5499523,-0.1338198,1.201762,0.5531353,-0.5461848,0.4978895,0.8575008,False,0,1,7
6/25/2025 12:09:33 PM,1750846173124,Right,-0.1014954,0.7211293,0.2665069,-0.2918614,0.5774357,0.5468584,-0.1486144,0.7212028,0.2266788,-0.3058925,0.5709659,0.5234904,-0.1181457,1.196708,0.5494136,-0.4704738,0.4645345,0.8436294,False,0,1,7
6/25/2025 12:09:33 PM,1750846173138,Right,-0.09269888,0.7226541,0.2457895,-0.2690807,0.5698469,0.5309169,-0.141177,0.7246436,0.2092324,-0.2827632,0.5651598,0.5095554,-0.110992,1.193964,0.5485618,-0.4301857,0.4490742,0.8342409,False,0,1,7
6/25/2025 12:09:33 PM,1750846173166,Right,-0.07717887,0.7275494,0.206111,-0.2246559,0.5574708,0.4959421,-0.1293026,0.7300348,0.1712901,-0.2418665,0.5541708,0.4730058,-0.09738469,1.188572,0.546935,-0.3595241,0.418975,0.8040144,False,0,1,7
6/25/2025 12:09:33 PM,1750846173180,Right,-0.07151682,0.7307405,0.1850328,-0.2029382,0.5532225,0.4759,-0.1230781,0.7336893,0.1524262,-0.2197965,0.5502163,0.4530154,-0.09119749,1.185622,0.5461309,-0.3222656,0.4049623,0.7867471,False,0,1,7
6/25/2025 12:09:33 PM,1750846173208,Right,-0.06173759,0.7418402,0.1461471,-0.164983,0.5459737,0.4345427,-0.113513,0.7469519,0.1185428,-0.1840903,0.5470906,0.4139443,-0.08123016,1.178969,0.5427101,-0.2596413,0.3818012,0.7473603,False,0,1,7
6/25/2025 12:09:33 PM,1750846173221,Right,-0.05481305,0.7555106,0.1268181,-0.1477615,0.544401,0.4128303,-0.1107958,0.7543545,0.1008139,-0.169333,0.5446212,0.3965705,-0.07655501,1.175753,0.5409114,-0.231202,0.3727338,0.7252882,False,0,1,7
6/25/2025 12:09:33 PM,1750846173235,Right,-0.0514981,0.7617088,0.1083747,-0.1322974,0.5434425,0.3906663,-0.1087615,0.7611502,0.08341616,-0.1560405,0.5440012,0.3763683,-0.0721792,1.172626,0.5388625,-0.2050143,0.3643898,0.7026226,False,0,1,7
6/25/2025 12:09:33 PM,1750846173263,Right,-0.0502398,0.7783098,0.07251976,-0.105679,0.5435667,0.3479961,-0.1115119,0.7756591,0.05048257,-0.1331921,0.5453588,0.3342196,-0.06364834,1.166745,0.535436,-0.1563918,0.3489794,0.6554869,False,0,1,7
6/25/2025 12:09:33 PM,1750846173277,Right,-0.04808411,0.7881658,0.05442677,-0.09355148,0.5442886,0.3264739,-0.1136771,0.7841054,0.03518042,-0.1236025,0.5456381,0.3153344,-0.05942154,1.163869,0.5340939,-0.133919,0.342706,0.630879,False,0,1,7
6/25/2025 12:09:33 PM,1750846173304,Right,-0.05317133,0.8054954,0.02603528,-0.07686764,0.5481231,0.2880672,-0.1180478,0.8010008,0.01119351,-0.1066424,0.5498449,0.2799195,-0.05052876,1.158017,0.5327229,-0.09466322,0.3324946,0.5856979,False,0,1,7
6/25/2025 12:09:33 PM,1750846173319,Right,-0.05548479,0.8147067,0.0131622,-0.07005952,0.5498352,0.2694271,-0.1223258,0.8087005,-0.0003183782,-0.1005098,0.5511662,0.2627203,-0.04591227,1.155398,0.5321027,-0.07713398,0.3276813,0.5624235,False,0,1,7
6/25/2025 12:09:33 PM,1750846173346,Right,-0.06377808,0.8278568,-0.006590946,-0.06041443,0.5530647,0.2403832,-0.12982,0.8230998,-0.01544565,-0.0916473,0.5552493,0.2360991,-0.03698015,1.149543,0.5303788,-0.05060113,0.3209514,0.5246206,False,0,1,7
6/25/2025 12:09:33 PM,1750846173361,Right,-0.06856623,0.8338757,-0.01539996,-0.05663162,0.5537794,0.22701,-0.1335759,0.8296034,-0.02212664,-0.08690028,0.5560878,0.2234595,-0.03332222,1.146885,0.5290314,-0.03664406,0.3170356,0.50511,False,0,1,7
6/25/2025 12:09:33 PM,1750846173388,Right,-0.07817522,0.8399003,-0.02343438,-0.05396595,0.5533612,0.2105744,-0.1449351,0.8333404,-0.03158957,-0.08693476,0.5552603,0.2065974,-0.02737975,1.141304,0.5258929,-0.02454908,0.3111836,0.4812062,False,0,1,7
6/25/2025 12:09:33 PM,1750846173401,Right,-0.08297859,0.8422103,-0.02601602,-0.053349,0.5521374,0.2035864,-0.150184,0.8350832,-0.03335723,-0.08521828,0.5536115,0.1995878,-0.02474666,1.13854,0.5248437,-0.01531747,0.3062189,0.4688515,False,0,1,7
6/25/2025 12:09:33 PM,1750846173416,Right,-0.08714647,0.8412601,-0.02547472,-0.05394214,0.549555,0.2007462,-0.1549919,0.8323401,-0.03423631,-0.0858828,0.5503796,0.1961811,-0.02226567,1.135916,0.524359,-0.01162589,0.3016244,0.4636463,False,0,1,7
6/25/2025 12:09:33 PM,1750846173443,Right,-0.09436423,0.8374739,-0.02043018,-0.0559131,0.5413802,0.2008002,-0.1616912,0.8267953,-0.03106219,-0.08561375,0.5415899,0.1946428,-0.01826191,1.130981,0.525187,-0.004785135,0.2905361,0.4566946,False,0,1,7
6/25/2025 12:09:33 PM,1750846173458,Right,-0.09690346,0.833149,-0.01455271,-0.05748859,0.5362709,0.2047976,-0.1646443,0.8220825,-0.02497533,-0.08778579,0.5367639,0.1997259,-0.0166887,1.128301,0.5259066,-0.00634253,0.2849352,0.4613511,False,0,1,7
6/25/2025 12:09:33 PM,1750846173485,Right,-0.1006533,0.8224513,0.0004640701,-0.06081427,0.5238923,0.2183896,-0.1687543,0.8101636,-0.01154846,-0.08979197,0.5236864,0.2118364,-0.01434064,1.122495,0.5278169,-0.006812572,0.2713367,0.4717119,False,0,1,7
6/25/2025 12:09:33 PM,1750846173499,Right,-0.1015648,0.8147764,0.01121626,-0.06314214,0.516111,0.2299159,-0.1687922,0.8016713,-0.001706332,-0.09180731,0.5157335,0.223689,-0.01383543,1.119087,0.529124,-0.011612,0.2646129,0.4850819,False,0,1,7
6/25/2025 12:09:33 PM,1750846173526,Right,-0.1034217,0.7975929,0.0346415,-0.06743373,0.5001976,0.2564084,-0.1703251,0.7829523,0.02107549,-0.09497865,0.4980517,0.2492403,-0.01363814,1.111629,0.5319172,-0.01775299,0.2489538,0.5126723,False,0,1,7
6/25/2025 12:09:33 PM,1750846173540,Right,-0.1044538,0.7860926,0.04880663,-0.06963169,0.4913102,0.2741577,-0.1704037,0.7707525,0.03478175,-0.09821621,0.4884634,0.2671267,-0.01396883,1.107302,0.5333111,-0.02517386,0.2422573,0.5344828,False,0,1,7
6/25/2025 12:09:33 PM,1750846173568,Right,-0.104233,0.7626662,0.07950783,-0.0740423,0.4734165,0.3130858,-0.1700765,0.7458379,0.06435934,-0.1017038,0.4681861,0.3038507,-0.01484311,1.097112,0.5350469,-0.03366043,0.2277475,0.5772659,False,0,1,7
6/25/2025 12:09:33 PM,1750846173582,Right,-0.1042565,0.7490942,0.09759101,-0.07674512,0.4643627,0.3334871,-0.1696352,0.7327312,0.08277446,-0.1062917,0.4611989,0.3272791,-0.01540768,1.091466,0.5359499,-0.04287879,0.2244042,0.6077855,False,0,1,7
6/25/2025 12:09:33 PM,1750846173596,Right,-0.1046296,0.7353478,0.1174598,-0.07933065,0.4553926,0.3527959,-0.1692631,0.7200288,0.1028051,-0.1113499,0.4563614,0.351099,-0.01614738,1.085545,0.5372469,-0.0523897,0.2223395,0.640156,False,0,1,7
6/25/2025 12:09:33 PM,1750846173624,Right,-0.1037142,0.7073124,0.1599798,-0.08481314,0.4376603,0.3907889,-0.165604,0.6945703,0.1459623,-0.1171147,0.4466631,0.3965422,-0.01779103,1.074036,0.5409191,-0.06481192,0.2145188,0.702282,False,0,1,7
6/25/2025 12:09:33 PM,1750846173637,Right,-0.1031074,0.6939791,0.1850564,-0.0877964,0.4286275,0.4100632,-0.163836,0.6812226,0.1702212,-0.1215019,0.4440287,0.4222361,-0.01843071,1.068664,0.5430808,-0.07412004,0.2141995,0.739379,True,0,1,8
6/25/2025 12:09:33 PM,1750846173666,Right,-0.1049937,0.6629786,0.2342252,-0.09354485,0.4122244,0.4449496,-0.1617221,0.656739,0.2200339,-0.1279757,0.4406467,0.4667268,-0.02030683,1.058583,0.5474691,-0.08749569,0.2091956,0.8068008,True,0,1,8
6/25/2025 12:09:33 PM,1750846173679,Right,-0.1022475,0.6474403,0.262972,-0.09354485,0.4122244,0.4449496,-0.1594623,0.6448928,0.2475386,-0.1339586,0.451924,0.4750247,-0.02166522,1.053098,0.5501363,-0.09887439,0.2058892,0.8422697,True,0,1,8
6/25/2025 12:09:33 PM,1750846173706,Right,-0.09703121,0.6340206,0.317057,-0.09354485,0.4122244,0.4449496,-0.1622454,0.6396878,0.3127852,-0.1443424,0.4748645,0.5097606,-0.02471852,1.042656,0.5557054,-0.114561,0.2040179,0.9111313,True,0,1,8
6/25/2025 12:09:33 PM,1750846173721,Right,-0.1012864,0.6242217,0.3447695,-0.09354485,0.4122244,0.4449496,-0.1606967,0.6334252,0.3418631,-0.1468934,0.4832584,0.5231851,-0.02654409,1.037892,0.5584886,-0.1221953,0.2003835,0.942773,True,0,1,8
6/25/2025 12:09:33 PM,1750846173735,Right,-0.1028392,0.616763,0.3719524,-0.09354485,0.4122244,0.4449496,-0.1591686,0.6178635,0.3644333,-0.1477911,0.4800571,0.5334849,-0.02876902,1.033165,0.5613248,-0.1263829,0.1892423,0.9688414,True,0,1,8
6/25/2025 12:09:33 PM,1750846173763,Right,-0.1038176,0.6028451,0.4237116,-0.09354485,0.4122244,0.4449496,-0.1580935,0.5920282,0.4086367,-0.1505993,0.4753324,0.5618224,-0.032547,1.024708,0.5672988,-0.1366365,0.1831087,1.027042,True,0,1,8
6/25/2025 12:09:33 PM,1750846173777,Right,-0.1044325,0.5969342,0.4487838,-0.09354485,0.4122244,0.4449496,-0.1617119,0.5942013,0.4377541,-0.1548781,0.482113,0.5852718,-0.03413033,1.020571,0.5703504,-0.1423296,0.1859429,1.056664,True,0,1,8
6/25/2025 12:09:33 PM,1750846173804,Right,-0.1096475,0.5920589,0.4938488,-0.09354485,0.4122244,0.4449496,-0.1667199,0.5820304,0.4797939,-0.1604832,0.4745855,0.6324603,-0.03683293,1.013514,0.5767014,-0.1493389,0.1966742,1.113275,True,0,1,8
6/25/2025 12:09:33 PM,1750846173818,Right,-0.1132765,0.5917515,0.515827,-0.09354485,0.4122244,0.4449496,-0.1710405,0.5829096,0.5028248,-0.1648819,0.4738875,0.6626058,-0.03828955,1.010985,0.579904,-0.1542351,0.2068441,1.141881,True,0,1,8
6/25/2025 12:09:33 PM,1750846173846,Right,-0.1201086,0.5973209,0.5533751,-0.1317817,0.4580102,0.870376,-0.1846509,0.5876647,0.5392563,-0.170688,0.4398158,0.8530647,-0.04251647,1.006737,0.5857563,-0.1604276,0.317383,1.229518,True,0,1,8
6/25/2025 12:09:33 PM,1750846173860,Right,-0.1246176,0.6003399,0.5711067,-0.1375261,0.4672982,0.8910251,-0.1877789,0.5904106,0.5571809,-0.1748555,0.4468289,0.8728548,-0.04514098,1.005324,0.588271,-0.16572,0.3293955,1.251072,True,0,1,8
6/25/2025 12:09:33 PM,1750846173888,Right,-0.1339816,0.611451,0.5974404,-0.1480536,0.4836333,0.9251491,-0.1970924,0.5995558,0.5839839,-0.184728,0.4603927,0.9070415,-0.0512327,1.004607,0.5930264,-0.1770673,0.3524839,1.283022,True,0,1,8
6/25/2025 12:09:33 PM,1750846173902,Right,-0.1390311,0.6159208,0.609351,-0.1530694,0.4914755,0.9393275,-0.2024728,0.6044109,0.5967478,-0.1904772,0.4684981,0.9221797,-0.05431342,1.005185,0.5957459,-0.1834343,0.3651059,1.29851,True,0,1,8
6/25/2025 12:09:33 PM,1750846173915,Right,-0.1440362,0.6201078,0.6185563,-0.1570268,0.4986265,0.9501463,-0.2084354,0.6090788,0.6060098,-0.1962582,0.47495,0.9326572,-0.05749285,1.007076,0.5986592,-0.1890549,0.3739832,1.309185,True,0,1,8
6/25/2025 12:09:33 PM,1750846173943,Right,-0.1545434,0.6258186,0.6327683,-0.1662845,0.5107155,0.9675363,-0.2096346,0.6144549,0.6214464,-0.2008171,0.4848744,0.9509507,-0.06418681,1.012504,0.6054922,-0.1972784,0.3898483,1.328199,True,0,1,8
6/25/2025 12:09:33 PM,1750846173957,Right,-0.1586062,0.6285495,0.6372796,-0.1710614,0.5155533,0.9728244,-0.214941,0.6171937,0.6258129,-0.2067975,0.4894804,0.9561545,-0.06688118,1.016275,0.6088604,-0.2036788,0.3966998,1.333878,True,0,1,8
6/25/2025 12:09:33 PM,1750846173985,Right,-0.1665799,0.6396412,0.6459908,-0.1799484,0.5236987,0.9802522,-0.2231044,0.6210591,0.6318923,-0.215935,0.4976223,0.9636477,-0.07152772,1.024978,0.6153208,-0.2133161,0.4096328,1.342739,True,0,1,8
6/25/2025 12:09:33 PM,1750846173999,Right,-0.1697146,0.6395711,0.6468214,-0.1840145,0.5269564,0.9820796,-0.2281642,0.6229565,0.6329799,-0.2209724,0.5010924,0.9652221,-0.07338691,1.030045,0.6186378,-0.2180533,0.4148624,1.344805,True,0,1,8
6/25/2025 12:09:34 PM,1750846174027,Right,-0.1762424,0.640323,0.647305,-0.1918143,0.5323749,0.9833305,-0.2324519,0.6245141,0.6328936,-0.2266992,0.5062915,0.9657764,-0.07769465,1.040769,0.6247829,-0.2250877,0.4237761,1.346861,True,0,1,8
6/25/2025 12:09:34 PM,1750846174041,Right,-0.1777053,0.6405622,0.6454949,-0.1952076,0.5347305,0.9824124,-0.235211,0.6250482,0.6315107,-0.230156,0.5083774,0.9652535,-0.08011973,1.046519,0.6273005,-0.2293374,0.4278406,1.346476,True,0,1,8
6/25/2025 12:09:34 PM,1750846174068,Right,-0.1836035,0.6412639,0.642941,-0.2011697,0.5389804,0.9804838,-0.239573,0.625524,0.627921,-0.2359867,0.5121169,0.9623417,-0.0853281,1.057832,0.6317313,-0.2370773,0.4349801,1.34471,True,0,1,8
6/25/2025 12:09:34 PM,1750846174082,Right,-0.185444,0.6420527,0.6405945,-0.2041683,0.5409938,0.9783408,-0.2415113,0.6259958,0.6254377,-0.2387988,0.5139304,0.9602147,-0.08828998,1.063996,0.6337152,-0.2410684,0.4382418,1.342967,True,0,1,8
6/25/2025 12:09:34 PM,1750846174096,Right,-0.1871155,0.6427756,0.6383163,-0.2069664,0.5434213,0.9764521,-0.2433136,0.6269784,0.6228487,-0.2415241,0.5160945,0.9579712,-0.09116507,1.070134,0.6355081,-0.2449921,0.441707,1.341021,True,0,1,8
6/25/2025 12:09:34 PM,1750846174124,Right,-0.1890945,0.6449125,0.6337498,-0.2123828,0.5489545,0.9715928,-0.2458092,0.6294994,0.6174455,-0.2462139,0.5211511,0.9523586,-0.09743333,1.083267,0.6388992,-0.2520823,0.4490176,1.336811,True,0,1,8
6/25/2025 12:09:34 PM,1750846174138,Right,-0.1898476,0.6465358,0.6313961,-0.2148984,0.5527837,0.9693591,-0.2464453,0.6314881,0.6147613,-0.248541,0.5243448,0.9496782,-0.1008666,1.090141,0.6405418,-0.2561009,0.4533848,1.334682,True,0,1,8
6/25/2025 12:09:34 PM,1750846174165,Right,-0.1910726,0.6511072,0.6274805,-0.2207847,0.5614842,0.9652113,-0.2483929,0.6372629,0.6099197,-0.2537626,0.5327142,0.9446406,-0.1085066,1.104891,0.6430736,-0.2647789,0.4641689,1.33094,True,0,1,8
6/25/2025 12:09:34 PM,1750846174180,Right,-0.1919811,0.6546109,0.6260614,-0.2243245,0.5672774,0.9634867,-0.2487091,0.6398444,0.6081102,-0.2564432,0.5371698,0.9427019,-0.1124856,1.112818,0.6442951,-0.2703206,0.4703767,1.329854,True,0,1,8
6/25/2025 12:09:34 PM,1750846174207,Right,-0.1943493,0.6631416,0.6239871,-0.2325752,0.5806189,0.961519,-0.2506008,0.6469409,0.6047929,-0.2631687,0.548587,0.9400244,-0.1213485,1.129859,0.6459788,-0.2831371,0.4864458,1.328176,True,0,1,8
6/25/2025 12:09:34 PM,1750846174221,Right,-0.1961154,0.6684836,0.6237503,-0.238014,0.5888547,0.9614652,-0.2526167,0.6521973,0.6036834,-0.2683309,0.5564916,0.9394583,-0.1261688,1.139447,0.6466509,-0.2924109,0.4973131,1.327926,True,0,1,8
6/25/2025 12:09:34 PM,1750846174235,Right,-0.1980101,0.6739208,0.6234875,-0.2434408,0.5974636,0.9615323,-0.2540592,0.6568652,0.6027545,-0.272568,0.5637118,0.9391515,-0.1311791,1.149303,0.6469636,-0.300197,0.5074722,1.327774,True,0,1,8
6/25/2025 12:09:34 PM,1750846174263,Right,-0.2032255,0.6871931,0.6253176,-0.2579353,0.6186767,0.9630708,-0.2582431,0.6687799,0.6033469,-0.2853696,0.5827334,0.940434,-0.1415689,1.170049,0.646338,-0.3240489,0.5342399,1.329755,True,0,1,8
6/25/2025 12:09:34 PM,1750846174277,Right,-0.206039,0.6951727,0.6259099,-0.2658993,0.6299701,0.9637414,-0.2606595,0.6750345,0.6037996,-0.2918219,0.5924693,0.9416864,-0.1466899,1.180774,0.645134,-0.3354544,0.5480785,1.330703,True,0,1,8
6/25/2025 12:09:34 PM,1750846174304,Right,-0.2148895,0.7116686,0.6312466,-0.2869385,0.6569965,0.9623199,-0.268135,0.6910697,0.6059813,-0.3095223,0.6159198,0.938426,-0.1580034,1.203447,0.6415937,-0.3672541,0.5771493,1.332134,True,0,1,8
6/25/2025 12:09:34 PM,1750846174318,Right,-0.2199856,0.7209867,0.6336899,-0.2993874,0.6715977,0.9635923,-0.272516,0.6995702,0.607108,-0.3190092,0.628339,0.9393418,-0.163932,1.214999,0.6388482,-0.3830289,0.5940065,1.332879,True,0,1,8
6/25/2025 12:09:34 PM,1750846174346,Right,-0.233322,0.7413027,0.6413329,-0.3298658,0.7068044,0.9673648,-0.28381,0.7170112,0.6117027,-0.3458796,0.6574238,0.9424791,-0.1750433,1.237575,0.6322315,-0.4309037,0.6359504,1.334124,True,0,1,8
6/25/2025 12:09:34 PM,1750846174360,Right,-0.2411816,0.7520568,0.644233,-0.3471634,0.7254013,0.9685271,-0.2903021,0.72668,0.6136029,-0.3596668,0.6725292,0.9442717,-0.1802704,1.248981,0.6276244,-0.4540893,0.6573822,1.333653,True,0,1,8
6/25/2025 12:09:34 PM,1750846174388,Right,-0.2600204,0.7802582,0.6469704,-0.3875714,0.7655948,0.9682762,-0.3053467,0.7469658,0.6176556,-0.3977308,0.7105186,0.9489532,-0.1916082,1.27177,0.6167573,-0.5200754,0.7159798,1.326903,True,0,1,8
6/25/2025 12:09:34 PM,1750846174402,Right,-0.271041,0.7939123,0.6486887,-0.4092792,0.7860294,0.9670834,-0.3135069,0.7582124,0.6194947,-0.4157687,0.7285764,0.949816,-0.1972803,1.283066,0.6103455,-0.5496758,0.7415995,1.322381,True,0,1,8
6/25/2025 12:09:34 PM,1750846174416,Right,-0.282263,0.8071412,0.6520602,-0.4329532,0.8068831,0.9645959,-0.3210328,0.769905,0.6216888,-0.4363885,0.7484496,0.9480985,-0.2023963,1.294112,0.6031915,-0.5865545,0.770046,1.314219,True,0,1,8
6/25/2025 12:09:34 PM,1750846174443,Right,-0.3031923,0.8360659,0.6548476,-0.4810289,0.8483539,0.9568956,-0.3382831,0.795193,0.6246633,-0.4803897,0.7900248,0.9450679,-0.2122098,1.315297,0.5880802,-0.6593704,0.8287823,1.292402,True,0,1,8
6/25/2025 12:09:34 PM,1750846174457,Right,-0.3151334,0.8522066,0.6545922,-0.5049111,0.8706976,0.9487544,-0.3456402,0.8074874,0.625918,-0.5024035,0.8105245,0.9393201,-0.2170794,1.325725,0.5800219,-0.6984743,0.8574471,1.276389,True,0,1,8
6/25/2025 12:09:34 PM,1750846174485,Right,-0.33698,0.8867604,0.6527312,-0.5505917,0.9133239,0.9301761,-0.3591547,0.8278403,0.6306082,-0.5422827,0.8447778,0.9296058,-0.2265823,1.346703,0.5638494,-0.7689012,0.904234,1.2441,True,0,1,8
6/25/2025 12:09:34 PM,1750846174499,Right,-0.3496369,0.9041219,0.6477775,-0.5737897,0.9353595,0.9186794,-0.3727484,0.8438822,0.6258845,-0.5698304,0.8686962,0.9175043,-0.2315681,1.356989,0.555656,-0.8110784,0.9342455,1.217324,True,0,1,8
6/25/2025 12:09:34 PM,1750846174526,Right,-0.3764936,0.9353449,0.6361647,-0.6188321,0.9745599,0.8931221,-0.3943679,0.8760518,0.6192876,-0.6146302,0.9089145,0.896022,-0.2421343,1.375822,0.5383207,-0.8808434,0.9772031,1.169933,True,0,1,8
6/25/2025 12:09:34 PM,1750846174540,Right,-0.390012,0.9506652,0.6264483,-0.6395536,0.993654,0.8779743,-0.4031787,0.8926752,0.6146881,-0.6356487,0.9294207,0.8827768,-0.2483826,1.385224,0.5291241,-0.9141947,0.9977769,1.141866,True,0,1,8
6/25/2025 12:09:34 PM,1750846174568,Right,-0.4126395,0.9803284,0.6050033,-0.6791896,1.025976,0.8456647,-0.4203621,0.9203486,0.6044621,-0.6766196,0.9654431,0.8557791,-0.2626797,1.40249,0.5092942,-0.9742508,1.033955,1.084463,True,0,1,8
6/25/2025 12:09:34 PM,1750846174582,Right,-0.4226109,0.9939179,0.591621,-0.6954539,1.03998,0.8269151,-0.4256812,0.9329703,0.5974147,-0.6920854,0.9810729,0.8393022,-0.269978,1.411048,0.4985179,-0.9988881,1.047175,1.054023,True,0,1,8
6/25/2025 12:09:34 PM,1750846174597,Right,-0.4324146,1.006233,0.5781054,-0.711063,1.05357,0.8083797,-0.4304188,0.9447724,0.5906629,-0.7064795,0.9962059,0.8228348,-0.2774041,1.419466,0.4870139,-1.021368,1.059818,1.023841,True,0,1,8
6/25/2025 12:09:34 PM,1750846174624,Right,-0.4473999,1.027825,0.5530431,-0.737971,1.080726,0.7717881,-0.4391163,0.9662443,0.5735093,-0.7329607,1.02067,0.7871536,-0.2913445,1.434952,0.4651301,-1.060286,1.077065,0.9633395,True,0,1,8
6/25/2025 12:09:34 PM,1750846174638,Right,-0.4529749,1.037093,0.5405484,-0.7489551,1.08983,0.751387,-0.4420101,0.9788567,0.5662057,-0.7427524,1.031939,0.7699341,-0.2979484,1.441984,0.4547079,-1.076739,1.080804,0.936106,True,0,1,8
6/25/2025 12:09:34 PM,1750846174665,Right,-0.4632197,1.050442,0.513069,-0.7697442,1.108593,0.7101302,-0.4479464,0.9984539,0.5478567,-0.7631248,1.048785,0.7327365,-0.3097039,1.455111,0.434974,-1.106178,1.084885,0.8785554,True,0,1,8
6/25/2025 12:09:34 PM,1750846174679,Right,-0.464504,1.057994,0.4968869,-0.7782645,1.117079,0.6882335,-0.4512419,1.005401,0.5359681,-0.7751675,1.059677,0.7106603,-0.3153031,1.460358,0.42502,-1.120022,1.09512,0.8438383,True,0,1,8
6/25/2025 12:09:34 PM,1750846174708,Right,-0.4683812,1.064623,0.4689088,-0.7909779,1.126863,0.6437311,-0.4556474,1.015112,0.5128276,-0.788792,1.066231,0.670352,-0.3255702,1.470035,0.4042156,-1.140137,1.094171,0.7872792,True,0,1,8
6/25/2025 12:09:34 PM,1750846174721,Right,-0.4691217,1.065796,0.4564955,-0.796863,1.132266,0.6205249,-0.4564138,1.017934,0.501636,-0.7942976,1.069907,0.6492659,-0.3302569,1.474645,0.3936975,-1.148491,1.097271,0.7562642,True,0,1,8
6/25/2025 12:09:34 PM,1750846174735,Right,-0.4697724,1.066337,0.4440997,-0.8042615,1.136117,0.5979849,-0.4570176,1.020107,0.4908154,-0.8016301,1.07101,0.6284412,-0.3349735,1.479094,0.3832655,-1.156998,1.095039,0.7242945,True,0,1,8
6/25/2025 12:09:34 PM,1750846174763,Right,-0.4684924,1.063131,0.4201641,-0.8215566,1.13937,0.5531526,-0.455545,1.021256,0.4704541,-0.8186476,1.084979,0.5797667,-0.3445418,1.487246,0.3641193,-1.170703,1.115898,0.6427665,True,0,1,8
6/25/2025 12:09:34 PM,1750846174776,Right,-0.4667422,1.061304,0.4083348,-0.8315272,1.13862,0.5302933,-0.4541707,1.021782,0.4601741,-0.8283799,1.090263,0.5539604,-0.3491164,1.491162,0.3547709,-1.175729,1.121328,0.599977,True,0,1,8
6/25/2025 12:09:34 PM,1750846174805,Right,-0.4585254,1.05965,0.388493,-0.8095233,1.114264,0.5131974,-0.4467885,1.022692,0.443883,-0.811415,1.067988,0.5266576,-0.3573201,1.49866,0.3369567,-1.17539,1.079102,0.5706057,True,0,1,8
6/25/2025 12:09:34 PM,1750846174818,Right,-0.4545013,1.059057,0.3794738,-0.812289,1.106809,0.4745574,-0.4425711,1.023484,0.4359088,-0.8064352,1.059209,0.5113657,-0.3608513,1.501721,0.3284081,-1.174426,1.060108,0.5505711,True,0,1,8
6/25/2025 12:09:34 PM,1750846174846,Right,-0.4448042,1.059759,0.3666491,-0.8134086,1.094062,0.4201022,-0.4323791,1.026427,0.4228697,-0.8015112,1.05208,0.4763406,-0.366662,1.506098,0.3115805,-1.170423,1.041216,0.4947937,False,0,1,8
6/25/2025 12:09:34 PM,1750846174860,Right,-0.4395369,1.061436,0.3591105,-0.8152751,1.085069,0.3878222,-0.427422,1.028007,0.4163806,-0.8018058,1.050666,0.4573299,-0.3695352,1.5073,0.3037616,-1.167574,1.035533,0.4634863,False,0,1,8
6/25/2025 12:09:34 PM,1750846174887,Right,-0.4302896,1.064653,0.3484319,-0.8036339,1.093965,0.4433672,-0.4186698,1.03039,0.4061408,-0.8040109,1.049997,0.4220622,-0.3760548,1.508964,0.2896516,-1.160352,1.030792,0.4033673,False,0,1,8
6/25/2025 12:09:34 PM,1750846174901,Right,-0.426441,1.066395,0.3443301,-0.7919673,1.07578,0.4054904,-0.4144079,1.030901,0.4009538,-0.7881671,1.030137,0.4224472,-0.3790241,1.509279,0.282712,-1.155001,0.9917835,0.4105386,False,0,1,8
6/25/2025 12:09:34 PM,1750846174915,Right,-0.422979,1.067808,0.340559,-0.785462,1.068013,0.3932213,-0.4104104,1.031458,0.3967578,-0.7758296,1.016485,0.4229663,-0.3816845,1.509147,0.2755365,-1.148788,0.9641917,0.4160852,False,0,1,8
6/25/2025 12:09:34 PM,1750846174943,Right,-0.4162564,1.069239,0.3326498,-0.7783956,1.0587,0.3870277,-0.4026982,1.034273,0.388628,-0.7674098,1.006628,0.4109341,-0.3863924,1.508634,0.2618247,-1.138533,0.9419274,0.399527,False,0,1,8
6/25/2025 12:09:34 PM,1750846174957,Right,-0.4132518,1.069381,0.3288824,-0.7755473,1.054928,0.3858867,-0.3992636,1.035399,0.3850464,-0.764134,1.00281,0.408326,-0.3884889,1.508515,0.2556742,-1.133832,0.9336283,0.3973683,False,0,1,8
6/25/2025 12:09:34 PM,1750846174985,Right,-0.4064423,1.069289,0.3216534,-0.7689355,1.047633,0.3857253,-0.3926936,1.03642,0.3782606,-0.7584258,0.9964989,0.4026151,-0.3915865,1.508905,0.245404,-1.125064,0.9201174,0.3926699,False,0,1,8
6/25/2025 12:09:34 PM,1750846174999,Right,-0.4030303,1.068808,0.318708,-0.766496,1.046249,0.3873626,-0.3889395,1.036742,0.3750999,-0.7561186,0.9962002,0.4033198,-0.3928555,1.50951,0.2405442,-1.120998,0.9196326,0.3969307,False,0,1,8
6/25/2025 12:09:35 PM,1750846175027,Right,-0.3970598,1.070925,0.3155214,-0.7582486,1.044743,0.3916284,-0.3805161,1.038166,0.3703685,-0.7460371,0.9930692,0.4063856,-0.3952093,1.512449,0.2323728,-1.110454,0.9120629,0.4076276,False,0,1,8
6/25/2025 12:09:35 PM,1750846175041,Right,-0.392575,1.072062,0.3136409,-0.7536414,1.045701,0.3947475,-0.3756499,1.038157,0.3682673,-0.7416575,0.9947146,0.4102923,-0.3960345,1.514454,0.2289999,-1.105572,0.915918,0.4169703,False,0,1,8
6/25/2025 12:09:35 PM,1750846175068,Right,-0.3836275,1.072187,0.3115438,-0.7417011,1.048001,0.4031462,-0.3659677,1.039183,0.3660171,-0.7302117,0.9959131,0.4174752,-0.3956665,1.518989,0.2240777,-1.094437,0.9172599,0.4335966,False,0,1,8
6/25/2025 12:09:35 PM,1750846175083,Right,-0.3785649,1.07203,0.3116969,-0.7357857,1.050365,0.4084689,-0.360182,1.038442,0.3653675,-0.7241748,0.9990424,0.423539,-0.394582,1.520941,0.2222376,-1.088538,0.9242584,0.4463574,False,0,1,8
6/25/2025 12:09:35 PM,1750846175096,Right,-0.3732899,1.072579,0.312405,-0.7296586,1.053554,0.413801,-0.3543275,1.037909,0.3652337,-0.7179348,1.003248,0.4301724,-0.3931104,1.522913,0.2204891,-1.082471,0.9331741,0.4597718,False,0,1,8
6/25/2025 12:09:35 PM,1750846175123,Right,-0.362729,1.073675,0.3152682,-0.7155122,1.060434,0.426285,-0.3419175,1.038476,0.3657955,-0.7028891,1.008629,0.4417737,-0.3896184,1.5267,0.2185471,-1.068157,0.9434615,0.4826239,False,0,1,8
6/25/2025 12:09:35 PM,1750846175137,Right,-0.3560827,1.074925,0.3159276,-0.7071489,1.064757,0.4335923,-0.3351933,1.039609,0.366586,-0.6952644,1.014538,0.449686,-0.3877358,1.528396,0.2177794,-1.060355,0.9547651,0.4971327,False,0,1,8
6/25/2025 12:09:35 PM,1750846175165,Right,-0.3431888,1.078731,0.3175081,-0.6898783,1.073773,0.4480963,-0.3209585,1.040225,0.3663701,-0.678406,1.022322,0.4621831,-0.3830428,1.531319,0.2168138,-1.042889,0.9708344,0.521615,False,0,1,8
6/25/2025 12:09:35 PM,1750846175179,Right,-0.3362428,1.081175,0.3190538,-0.6800064,1.078782,0.4565004,-0.3135279,1.040484,0.3662447,-0.6683247,1.028091,0.4713059,-0.3800353,1.532426,0.2169174,-1.032324,0.9828832,0.5397792,False,0,1,8
6/25/2025 12:09:35 PM,1750846175207,Right,-0.3221473,1.085723,0.3221991,-0.660665,1.08851,0.4724358,-0.2975083,1.043864,0.3655799,-0.6478655,1.037904,0.4854808,-0.3735595,1.534692,0.2172983,-1.00983,1.001132,0.5677472,False,0,1,8
6/25/2025 12:09:35 PM,1750846175221,Right,-0.3134422,1.090543,0.3242548,-0.6508541,1.093707,0.4803531,-0.2895557,1.045003,0.3644415,-0.6379089,1.045254,0.4941541,-0.3698168,1.535703,0.2178222,-0.997251,1.016424,0.5845565,False,0,1,8
6/25/2025 12:09:35 PM,1750846175234,Right,-0.3057805,1.093943,0.3263995,-0.6413792,1.098845,0.4878828,-0.2815716,1.045616,0.3628347,-0.6281236,1.048984,0.4991427,-0.3659078,1.536885,0.2185509,-0.9856115,1.024408,0.5951667,False,0,1,8
6/25/2025 12:09:35 PM,1750846175263,Right,-0.289423,1.097846,0.3297781,-0.6121954,1.110106,0.5068228,-0.2654092,1.047055,0.358535,-0.5970455,1.055363,0.5191597,-0.3563981,1.53954,0.2216586,-0.9512219,1.041576,0.6409019,False,0,1,8
6/25/2025 12:09:35 PM,1750846175277,Right,-0.2792741,1.100005,0.3314435,-0.5956154,1.117008,0.5181479,-0.2568363,1.048212,0.3564602,-0.5838682,1.057544,0.5246183,-0.3512281,1.541206,0.2237298,-0.9360964,1.046811,0.6542921,False,0,1,8
6/25/2025 12:09:35 PM,1750846175304,Right,-0.2594491,1.105405,0.3322671,-0.5684144,1.12111,0.5352476,-0.2392316,1.050591,0.3521906,-0.5561159,1.069049,0.5422752,-0.339826,1.544615,0.2285089,-0.8983608,1.073942,0.6914597,False,0,1,8
6/25/2025 12:09:35 PM,1750846175318,Right,-0.2487171,1.107453,0.3327409,-0.5527564,1.123567,0.5446361,-0.2292483,1.052192,0.3500099,-0.5425874,1.072475,0.54741,-0.3331469,1.546051,0.2311405,-0.8808913,1.081176,0.7030275,False,0,1,8
6/25/2025 12:09:35 PM,1750846175346,Right,-0.2268424,1.108241,0.3316497,-0.5224613,1.126919,0.5632244,-0.2090404,1.052138,0.3452261,-0.513465,1.08262,0.5634904,-0.319253,1.548652,0.236717,-0.8377764,1.106657,0.7348654,False,0,1,8
6/25/2025 12:09:35 PM,1750846175360,Right,-0.2152762,1.108804,0.3310863,-0.5066432,1.128908,0.573174,-0.1982382,1.051509,0.3431039,-0.5007533,1.086254,0.5690172,-0.3114517,1.549457,0.2394609,-0.8187618,1.115739,0.7442588,False,0,1,8
6/25/2025 12:09:35 PM,1750846175388,Right,-0.1903818,1.108129,0.3286696,-0.4752547,1.132147,0.5922397,-0.1762974,1.048502,0.3370876,-0.4715814,1.096798,0.5849603,-0.2956107,1.550713,0.2458364,-0.7706463,1.142175,0.7707635,False,0,1,8
6/25/2025 12:09:35 PM,1750846175402,Right,-0.1769501,1.107022,0.3280404,-0.4590156,1.13347,0.6017514,-0.1651126,1.047338,0.3330816,-0.4586954,1.100712,0.5897864,-0.2871096,1.551101,0.2491667,-0.7494622,1.151513,0.7778099,False,0,1,8
6/25/2025 12:09:35 PM,1750846175415,Right,-0.1638099,1.105425,0.3264443,-0.4426582,1.134571,0.611091,-0.1540575,1.045149,0.3285611,-0.4422204,1.101616,0.5989242,-0.278443,1.551337,0.2525561,-0.7215071,1.156444,0.7930119,False,0,1,8
6/25/2025 12:09:35 PM,1750846175444,Right,-0.1391188,1.100172,0.3213491,-0.4161301,1.135883,0.6257247,-0.1350159,1.040724,0.3165249,-0.4119372,1.09589,0.617162,-0.2609138,1.550843,0.2591505,-0.6665685,1.151252,0.8218323,False,0,1,8
6/25/2025 12:09:35 PM,1750846175457,Right,-0.1267042,1.096083,0.3171366,-0.4161301,1.135883,0.6257247,-0.1242464,1.038572,0.3097209,-0.3973885,1.091892,0.6298704,-0.253258,1.550332,0.262732,-0.6359615,1.145943,0.8357622,False,0,1,8
6/25/2025 12:09:35 PM,1750846175485,Right,-0.1013803,1.088682,0.3086606,-0.4161301,1.135883,0.6257247,-0.107821,1.031627,0.294855,-0.3710844,1.07903,0.6547228,-0.2393684,1.548543,0.2708724,-0.5784153,1.128794,0.8598326,False,0,1,8
6/25/2025 12:09:35 PM,1750846175499,Right,-0.08880077,1.085877,0.3037377,-0.4161301,1.135883,0.6257247,-0.1044703,1.027093,0.285679,-0.3570079,1.069848,0.6690574,-0.2327969,1.546689,0.2755831,-0.5462153,1.1175,0.8745661,False,0,1,8
6/25/2025 12:09:35 PM,1750846175527,Right,-0.06610993,1.079345,0.2933514,-0.3026001,1.094295,0.6495339,-0.08297488,1.023379,0.2747715,-0.2944202,1.046621,0.6450714,-0.2196933,1.54155,0.2861981,-0.4851802,1.090627,0.8942945,False,0,1,8
6/25/2025 12:09:35 PM,1750846175541,Right,-0.05365869,1.076142,0.2876507,-0.2811355,1.082663,0.6509991,-0.07346414,1.022127,0.2679035,-0.2734865,1.033942,0.6464732,-0.2129765,1.538367,0.2916539,-0.4547335,1.071433,0.9021769,False,0,1,8
6/25/2025 12:09:35 PM,1750846175568,Right,-0.03309673,1.067238,0.274773,-0.232282,1.053148,0.6508171,-0.05689439,1.015278,0.2520355,-0.2324684,1.004799,0.639667,-0.1992555,1.531555,0.3040547,-0.3977988,1.028568,0.9106003,False,0,1,8
6/25/2025 12:09:35 PM,1750846175582,Right,-0.02407245,1.061925,0.2669591,-0.1862316,1.015732,0.6145993,-0.05128448,1.012629,0.2431176,-0.1971621,0.9849081,0.6012827,-0.1926386,1.527626,0.3110012,-0.3655849,0.9923759,0.9146124,False,0,1,8
6/25/2025 12:09:35 PM,1750846175596,Right,-0.01583684,1.056634,0.2586715,-0.1637117,0.9954739,0.6029274,-0.04501344,1.008736,0.2341485,-0.175573,0.9643316,0.5885798,-0.1860397,1.523592,0.3189697,-0.3347085,0.9562408,0.9148989,False,0,1,8
6/25/2025 12:09:35 PM,1750846175624,Right,-0.0008965381,1.047412,0.2400995,-0.1301136,0.960495,0.5901642,-0.03290553,1.004103,0.2145349,-0.1457412,0.9361676,0.5742978,-0.1725159,1.514619,0.3359731,-0.2853119,0.9088895,0.9054223,False,0,1,8
6/25/2025 12:09:35 PM,1750846175638,Right,0.004548852,1.043171,0.2295769,-0.1152077,0.9421963,0.5803666,-0.02991027,1.002083,0.2040024,-0.132616,0.9200387,0.5648995,-0.1656106,1.509446,0.3447084,-0.2612887,0.8811136,0.8982146,False,0,1,8
6/25/2025 12:09:35 PM,1750846175665,Right,0.01239413,1.034281,0.2080706,-0.08637612,0.9066299,0.5575079,-0.02311395,0.9963499,0.1823361,-0.1071826,0.8875103,0.5417352,-0.1515068,1.497954,0.3631413,-0.2154972,0.8262229,0.8781419,False,0,1,8
6/25/2025 12:09:35 PM,1750846175679,Right,0.01460364,1.029326,0.1966523,-0.07376993,0.888066,0.5432277,-0.0220722,0.9917029,0.1707422,-0.09534181,0.8690161,0.5276852,-0.1447912,1.491464,0.3730357,-0.1922988,0.7954181,0.8654329,False,0,1,8
6/25/2025 12:09:35 PM,1750846175708,Right,0.01670967,1.019166,0.1735608,-0.05237621,0.8516744,0.5120558,-0.02478656,0.9862769,0.1479804,-0.07652029,0.8361291,0.4974729,-0.1314471,1.476649,0.394189,-0.1505854,0.7373044,0.8352121,False,0,1,8
6/25/2025 12:09:35 PM,1750846175721,Right,0.01560097,1.014868,0.1615508,-0.04349133,0.8335702,0.4948546,-0.02930669,0.9842613,0.1368166,-0.06872618,0.8199112,0.4815455,-0.1245433,1.468408,0.4047132,-0.1296612,0.7079114,0.8177423,False,0,1,8
6/25/2025 12:09:35 PM,1750846175735,Right,0.01434628,1.012261,0.1515581,-0.03531961,0.8173121,0.4785185,-0.03382669,0.9826545,0.1261793,-0.06360163,0.8049368,0.4650969,-0.1178138,1.459388,0.4157397,-0.1135105,0.6804541,0.7988051,False,0,1,8
6/25/2025 12:09:35 PM,1750846175762,Right,0.002175772,1.003654,0.129221,-0.02558968,0.7847723,0.4400679,-0.05123513,0.9912329,0.1129501,-0.05648524,0.7846075,0.4332605,-0.1041578,1.43904,0.439847,-0.07980599,0.6293446,0.7597273,False,0,1,8
6/25/2025 12:09:35 PM,1750846175777,Right,-0.00427035,1.000229,0.1182156,-0.02152573,0.7692125,0.4203139,-0.06005231,0.9972206,0.1069575,-0.05561049,0.7760281,0.4167786,-0.09737229,1.427585,0.4519989,-0.06783835,0.6055977,0.7367758,False,0,1,8
6/25/2025 12:09:35 PM,1750846175804,Right,-0.01733576,0.9950391,0.09860491,-0.01950895,0.742954,0.3831262,-0.07410784,0.990323,0.08740389,-0.04987488,0.7472854,0.3786632,-0.08421242,1.400975,0.4760858,-0.04152058,0.5532964,0.6857733,False,0,1,8
6/25/2025 12:09:35 PM,1750846175819,Right,-0.02512702,0.9926431,0.08878765,-0.02004802,0.7293348,0.3635601,-0.08153649,0.9866072,0.07713839,-0.04955582,0.7331443,0.3592223,-0.07852733,1.385406,0.4873261,-0.03250694,0.5288982,0.6586869,False,0,1,8
6/25/2025 12:09:35 PM,1750846175846,Right,-0.03887459,0.9882149,0.07402361,-0.02265565,0.7107573,0.3298793,-0.09568724,0.9756714,0.05565435,-0.0506448,0.7126774,0.3231788,-0.06813157,1.351094,0.5077966,-0.01914062,0.4942738,0.6146688,False,0,1,8
6/25/2025 12:09:35 PM,1750846175860,Right,-0.04551239,0.98686,0.0665619,-0.02515154,0.7017432,0.3129636,-0.1052126,0.9679043,0.04163823,-0.05426699,0.6989502,0.3015235,-0.06368065,1.331518,0.5162661,-0.01543685,0.473644,0.5873004,False,0,1,8
6/25/2025 12:09:35 PM,1750846175888,Right,-0.05580005,0.9892939,0.05784887,-0.03126887,0.6884013,0.2887081,-0.1181316,0.9707662,0.03851858,-0.05953839,0.6877599,0.2852472,-0.05710757,1.291547,0.5304662,-0.01151925,0.4512463,0.5570096,False,0,1,8
6/25/2025 12:09:35 PM,1750846175902,Right,-0.06398185,0.9899998,0.05540442,-0.03501751,0.6815531,0.276918,-0.124521,0.9708753,0.0358606,-0.06237132,0.679973,0.2736298,-0.05502319,1.272828,0.5365969,-0.009529904,0.4362802,0.5369447,False,0,1,8
6/25/2025 12:09:35 PM,1750846175915,Right,-0.07088398,0.987264,0.05474347,-0.03826726,0.6764451,0.2692226,-0.1321087,0.9725239,0.03818056,-0.06765082,0.6773746,0.2671622,-0.05301785,1.254542,0.5432537,-0.01055957,0.4263117,0.5249847,False,0,1,8
6/25/2025 12:09:35 PM,1750846175943,Right,-0.0820168,0.9856222,0.05884732,-0.04488379,0.664857,0.2572805,-0.1446499,0.9722342,0.04357791,-0.07474159,0.6668641,0.2569495,-0.04983616,1.221825,0.5582448,-0.01003233,0.4043781,0.5013089,False,0,1,8
6/25/2025 12:09:35 PM,1750846175957,Right,-0.08755308,0.982069,0.06330578,-0.04801045,0.6577354,0.2551224,-0.1486122,0.9725209,0.04981685,-0.07629517,0.6628131,0.2557778,-0.04844487,1.206922,0.567203,-0.008570388,0.3951479,0.4938087,False,0,1,8
6/25/2025 12:09:35 PM,1750846175985,Right,-0.09649997,0.972882,0.07442589,-0.05255163,0.6435405,0.2561584,-0.1589842,0.962699,0.0621219,-0.08207618,0.6464032,0.2557388,-0.04524541,1.179159,0.5891317,-0.00893648,0.370774,0.4830857,False,0,1,8
6/25/2025 12:09:35 PM,1750846175999,Right,-0.1015094,0.9655291,0.08308119,-0.05448052,0.6341022,0.2605981,-0.163718,0.9555282,0.07099032,-0.08425739,0.6373302,0.260763,-0.04466915,1.165478,0.5998857,-0.008795246,0.3596702,0.4845751,False,0,1,8
6/25/2025 12:09:36 PM,1750846176026,Right,-0.1082776,0.9485032,0.1015833,-0.05886126,0.6125012,0.2726369,-0.1719189,0.9377286,0.08990538,-0.08736187,0.6150804,0.2724782,-0.04530227,1.139797,0.6189436,-0.007178307,0.3344747,0.4887105,False,0,1,8
6/25/2025 12:09:36 PM,1750846176040,Right,-0.1106595,0.9376023,0.1133811,-0.05987807,0.6009934,0.2833404,-0.1749217,0.9262794,0.1016406,-0.08807088,0.6036535,0.2836664,-0.04690647,1.126809,0.627404,-0.006018385,0.3233644,0.4992148,False,0,1,8
6/25/2025 12:09:36 PM,1750846176068,Right,-0.1170189,0.9115642,0.138545,-0.05963087,0.5788153,0.3087663,-0.1792179,0.901775,0.1268226,-0.08981267,0.5809747,0.3060665,-0.05135238,1.101718,0.6417437,-0.004235521,0.2984822,0.5211816,False,0,1,8
6/25/2025 12:09:36 PM,1750846176082,Right,-0.1165054,0.8986219,0.1540652,-0.05930859,0.5652081,0.3258075,-0.1796328,0.8871253,0.1418829,-0.08861466,0.5667872,0.3236156,-0.05342031,1.089552,0.6473275,-0.002281636,0.2869178,0.539875,False,0,1,8
6/25/2025 12:09:36 PM,1750846176096,Right,-0.1155092,0.8832303,0.1689183,-0.05902494,0.551493,0.3435917,-0.1792621,0.8712616,0.1573164,-0.08791386,0.5533757,0.3426784,-0.0556891,1.07735,0.6519607,-0.001445264,0.2759176,0.5623434,False,0,1,8
6/25/2025 12:09:36 PM,1750846176123,Right,-0.1116836,0.8525634,0.2021391,-0.05622772,0.5265385,0.3842727,-0.1772037,0.8383121,0.1895703,-0.08641389,0.525354,0.38033,-0.06158423,1.055811,0.6590536,0.0001393706,0.2508765,0.6061864,False,0,1,8
6/25/2025 12:09:36 PM,1750846176138,Right,-0.1081725,0.8359571,0.2203225,-0.05401576,0.5145226,0.4087513,-0.1741023,0.8217487,0.2080998,-0.08557471,0.5134847,0.4053684,-0.06454897,1.046618,0.661908,-0.001057118,0.2426759,0.6380186,False,0,1,8
6/25/2025 12:09:36 PM,1750846176165,Right,-0.101269,0.8040946,0.260249,-0.05048729,0.4915258,0.4591579,-0.166531,0.7877403,0.24698,-0.08285794,0.4872967,0.4534644,-0.06810355,1.030348,0.6685637,-0.002963856,0.2212612,0.6969213,False,0,1,8
6/25/2025 12:09:36 PM,1750846176179,Right,-0.09722368,0.7867676,0.2823438,-0.04967831,0.4785807,0.4890912,-0.1612686,0.7681335,0.2674797,-0.08201778,0.4730757,0.4834872,-0.06907916,1.023651,0.6714247,-0.007849708,0.2134728,0.7353624,True,0,1,9
6/25/2025 12:09:36 PM,1750846176207,Right,-0.0912547,0.7523186,0.3267386,-0.05015507,0.4536324,0.5510986,-0.1559308,0.731999,0.3130683,-0.08125597,0.4444128,0.5431245,-0.07041311,1.011961,0.6766639,-0.01503547,0.1956791,0.8056225,True,0,1,9
6/25/2025 12:09:36 PM,1750846176221,Right,-0.09361516,0.7356119,0.354155,-0.05257352,0.4419723,0.5860191,-0.1547578,0.7135796,0.3370475,-0.08347656,0.4325401,0.5769851,-0.07081628,1.007244,0.6794418,-0.02273962,0.1917956,0.8473541,True,0,1,9
6/25/2025 12:09:36 PM,1750846176235,Right,-0.09889334,0.7133656,0.3801821,-0.05461069,0.4317176,0.6192389,-0.1535326,0.6961398,0.3602245,-0.08555727,0.4221389,0.602761,-0.0711062,1.002849,0.6817577,-0.02734905,0.1826904,0.8803663,True,0,1,9
6/25/2025 12:09:36 PM,1750846176262,Right,-0.1002202,0.6881487,0.4162812,-0.06249047,0.4168306,0.6816872,-0.1543468,0.6646612,0.404808,-0.0921099,0.4026834,0.6747195,-0.07168484,0.9964448,0.6859205,-0.04455559,0.1898835,0.9639431,True,0,1,9
6/25/2025 12:09:36 PM,1750846176276,Right,-0.1020618,0.6694782,0.4410169,-0.06664598,0.411711,0.7145557,-0.1547719,0.6502815,0.4277071,-0.09655788,0.3968257,0.7014218,-0.07214999,0.9946966,0.6877987,-0.05152716,0.1881543,0.9985653,True,0,1,9
6/25/2025 12:09:36 PM,1750846176304,Right,-0.1061924,0.6480486,0.4854544,-0.0774592,0.4102188,0.7760231,-0.1628496,0.6280499,0.4711401,-0.1112033,0.3982318,0.7649525,-0.07392931,0.9940037,0.6914229,-0.0701149,0.2144564,1.079779,True,0,1,9
6/25/2025 12:09:36 PM,1750846176319,Right,-0.1101227,0.6413403,0.5080448,-0.08418286,0.4093064,0.8066907,-0.1653589,0.62021,0.4937019,-0.1148752,0.3961088,0.7951237,-0.07554412,0.9947177,0.6937881,-0.07544947,0.2214386,1.11257,True,0,1,9
6/25/2025 12:09:36 PM,1750846176345,Right,-0.1161818,0.6301389,0.542087,-0.0953619,0.4203471,0.8561988,-0.1719997,0.6076018,0.5285563,-0.1262361,0.4087478,0.8471665,-0.07942033,0.9987739,0.6993444,-0.09040003,0.2600369,1.178664,True,0,1,9
6/25/2025 12:09:36 PM,1750846176360,Right,-0.1192624,0.6221747,0.5598362,-0.1004903,0.4282478,0.8803425,-0.1735874,0.6046566,0.5466344,-0.1303749,0.4149371,0.867431,-0.08146834,1.002168,0.7026743,-0.09633492,0.2724791,1.205262,True,0,1,9
6/25/2025 12:09:36 PM,1750846176388,Right,-0.1227276,0.6250384,0.5857387,-0.1073989,0.4484282,0.9184885,-0.1777429,0.6035253,0.5736922,-0.1386785,0.435343,0.9088356,-0.08665514,1.012285,0.7094656,-0.1096894,0.3170189,1.254415,True,0,1,9
6/25/2025 12:09:36 PM,1750846176402,Right,-0.1251607,0.6263388,0.5994141,-0.1111353,0.459345,0.9364297,-0.1794289,0.6050693,0.587177,-0.1423422,0.4451081,0.9258727,-0.09009743,1.019497,0.7137624,-0.115391,0.3346987,1.274853,True,0,1,9
6/25/2025 12:09:36 PM,1750846176415,Right,-0.1274282,0.6301733,0.611531,-0.1145101,0.4708299,0.9511876,-0.1812355,0.6081256,0.5978106,-0.1456555,0.4568861,0.9396071,-0.093611,1.027161,0.7183907,-0.1206704,0.3545429,1.292165,True,0,1,9
6/25/2025 12:09:36 PM,1750846176443,Right,-0.1308511,0.6393727,0.6292351,-0.1194121,0.4931299,0.9735552,-0.1848014,0.6154932,0.6153763,-0.1513536,0.4787872,0.9622089,-0.1005108,1.045722,0.7280545,-0.1285351,0.3904933,1.319869,True,0,1,9
6/25/2025 12:09:36 PM,1750846176457,Right,-0.1321665,0.6429341,0.6358868,-0.121487,0.5039752,0.9814371,-0.186676,0.6199849,0.621453,-0.1531531,0.4887142,0.9686172,-0.104254,1.056236,0.7322236,-0.1310079,0.4046071,1.328994,True,0,1,9
6/25/2025 12:09:36 PM,1750846176484,Right,-0.1336883,0.6513082,0.6449755,-0.1258956,0.5246757,0.9938791,-0.1892478,0.6289811,0.6307226,-0.157298,0.5086877,0.9805503,-0.1125872,1.078075,0.7399298,-0.1360711,0.4351688,1.344662,True,0,1,9
6/25/2025 12:09:36 PM,1750846176499,Right,-0.1345249,0.656442,0.6469735,-0.1272886,0.5345764,0.9967272,-0.1902037,0.6335286,0.63283,-0.1591891,0.5182266,0.9835614,-0.1168983,1.089626,0.7429901,-0.1380305,0.4495549,1.349441,True,0,1,9
6/25/2025 12:09:36 PM,1750846176527,Right,-0.1358087,0.6651973,0.6488938,-0.1309001,0.5536456,1.001405,-0.1915249,0.6434416,0.6349689,-0.1630071,0.5368307,0.9879298,-0.1265607,1.113249,0.7460016,-0.1433939,0.4770008,1.356135,True,0,1,9
6/25/2025 12:09:36 PM,1750846176541,Right,-0.1360427,0.6695237,0.6482064,-0.1333959,0.5629877,1.001976,-0.1921132,0.6477242,0.6342028,-0.1652668,0.5453711,0.9882265,-0.1313155,1.125434,0.7470568,-0.1468078,0.489906,1.357488,True,0,1,9
6/25/2025 12:09:36 PM,1750846176568,Right,-0.1367424,0.6796603,0.645893,-0.1383854,0.5820002,1.00146,-0.1930368,0.6588767,0.6314147,-0.1689548,0.563182,0.9867381,-0.1407402,1.150113,0.7480208,-0.1537783,0.5141713,1.357789,True,0,1,9
6/25/2025 12:09:36 PM,1750846176582,Right,-0.1363875,0.6859801,0.6436002,-0.1407702,0.5924526,0.9996415,-0.1929932,0.6657009,0.6290886,-0.1711598,0.572328,0.9845639,-0.1454976,1.163282,0.7473489,-0.1584714,0.5253931,1.356565,True,0,1,9
6/25/2025 12:09:36 PM,1750846176596,Right,-0.1364033,0.6927122,0.6411116,-0.1437858,0.6026914,0.9977457,-0.1927653,0.6726376,0.6263209,-0.1738558,0.5817024,0.9823222,-0.1500993,1.176282,0.7471191,-0.1641659,0.53719,1.354975,True,0,1,9
6/25/2025 12:09:36 PM,1750846176624,Right,-0.1363435,0.7076189,0.635847,-0.1510316,0.6234912,0.9933928,-0.1924381,0.686749,0.6203163,-0.1800581,0.6020293,0.9778239,-0.1598897,1.202392,0.7447354,-0.1765771,0.5639873,1.351601,True,0,1,9
6/25/2025 12:09:36 PM,1750846176637,Right,-0.1369398,0.7161281,0.6329086,-0.1551806,0.634278,0.9908443,-0.1925804,0.6950269,0.6168066,-0.1840887,0.6121029,0.9748667,-0.1649652,1.215407,0.7427522,-0.1850975,0.5758641,1.34882,True,0,1,9
6/25/2025 12:09:36 PM,1750846176666,Right,-0.138545,0.7343597,0.6275318,-0.1647943,0.6558691,0.9855765,-0.1932689,0.7123324,0.6096945,-0.1910779,0.6325981,0.9684215,-0.1757145,1.241381,0.7374586,-0.2008116,0.5991514,1.342656,True,0,1,9
6/25/2025 12:09:36 PM,1750846176680,Right,-0.1398247,0.7444048,0.6249526,-0.1705314,0.6676528,0.9827495,-0.1936349,0.7216125,0.6062531,-0.1962198,0.643074,0.9649767,-0.1811148,1.254066,0.734032,-0.2116642,0.61058,1.339361,True,0,1,9
6/25/2025 12:09:36 PM,1750846176708,Right,-0.1423154,0.7640566,0.6193531,-0.1832265,0.6907033,0.9768851,-0.19528,0.7403876,0.5995268,-0.2074168,0.6648132,0.9587218,-0.1922868,1.278504,0.7236235,-0.2336817,0.6351905,1.332711,True,0,1,9
6/25/2025 12:09:36 PM,1750846176721,Right,-0.1437848,0.7746987,0.6164832,-0.1908264,0.7025415,0.9741332,-0.196472,0.7502708,0.5962851,-0.2144803,0.6760514,0.9561101,-0.1981523,1.290348,0.7177429,-0.2472305,0.6479551,1.329126,True,0,1,9
6/25/2025 12:09:36 PM,1750846176735,Right,-0.1457035,0.7841633,0.6135763,-0.1984913,0.7140787,0.9716763,-0.1976182,0.7598962,0.5931491,-0.2207763,0.6876739,0.9539018,-0.204252,1.302137,0.711767,-0.2591406,0.6618529,1.325749,True,0,1,9
6/25/2025 12:09:36 PM,1750846176762,Right,-0.1507541,0.805007,0.6098644,-0.2156773,0.7386106,0.9676077,-0.2004536,0.779955,0.5875117,-0.2371392,0.7103584,0.9485925,-0.2176634,1.323981,0.6963674,-0.2904508,0.6872103,1.317853,True,0,1,9
6/25/2025 12:09:36 PM,1750846176777,Right,-0.1543747,0.8168978,0.6079261,-0.2254483,0.7508945,0.9651733,-0.2021314,0.7901302,0.5851158,-0.2451362,0.7224808,0.9464631,-0.2247217,1.334491,0.6881173,-0.305388,0.7013274,1.314192,True,0,1,9
6/25/2025 12:09:36 PM,1750846176804,Right,-0.1639734,0.8406104,0.6049353,-0.2475724,0.7769415,0.9608912,-0.2108666,0.8093442,0.5806364,-0.2680883,0.7458074,0.9417663,-0.2403367,1.355102,0.6711208,-0.3443411,0.7284746,1.305719,True,0,1,9
6/25/2025 12:09:36 PM,1750846176818,Right,-0.1694676,0.8529086,0.6042842,-0.2597941,0.7904217,0.9584174,-0.2159149,0.8194111,0.578446,-0.2794592,0.7574984,0.9384285,-0.2488079,1.365054,0.6623138,-0.3628133,0.7414311,1.301246,True,0,1,9
6/25/2025 12:09:36 PM,1750846176846,Right,-0.1804777,0.8756139,0.6037456,-0.2847854,0.8166872,0.9518671,-0.2227152,0.841042,0.5770849,-0.3023414,0.7814597,0.931584,-0.2666857,1.384062,0.6429126,-0.4050561,0.7659701,1.292079,True,0,1,9
6/25/2025 12:09:36 PM,1750846176860,Right,-0.1865294,0.8875715,0.6032102,-0.2987932,0.8299161,0.948218,-0.2272011,0.8508977,0.5761943,-0.3143365,0.7928776,0.9283378,-0.2759414,1.393373,0.6331298,-0.4258198,0.7783426,1.2871,True,0,1,9
6/25/2025 12:09:36 PM,1750846176888,Right,-0.2005389,0.9112632,0.6030215,-0.3303861,0.8567763,0.9413093,-0.2373865,0.8708388,0.5748188,-0.3434736,0.817151,0.9213983,-0.2944322,1.411345,0.6119066,-0.4763669,0.8058606,1.273937,True,0,1,9
6/25/2025 12:09:36 PM,1750846176902,Right,-0.2077739,0.9226893,0.6024914,-0.3472879,0.8701349,0.9375995,-0.2429954,0.8804811,0.5736159,-0.3582476,0.8290465,0.9179318,-0.3040742,1.419994,0.6006138,-0.5010819,0.8196358,1.266284,True,0,1,9
6/25/2025 12:09:36 PM,1750846176915,Right,-0.2157999,0.9338205,0.6020236,-0.3651991,0.8833251,0.9332061,-0.2485846,0.8902867,0.5729924,-0.3747156,0.8415807,0.9139087,-0.3136626,1.42809,0.5891609,-0.5295699,0.8342515,1.257103,True,0,1,9
6/25/2025 12:09:36 PM,1750846176943,Right,-0.2320528,0.9553321,0.6005576,-0.4029239,0.9074473,0.9235443,-0.2593882,0.9083589,0.5715247,-0.4082494,0.8656539,0.9058024,-0.3329451,1.444216,0.5663191,-0.5866473,0.8631659,1.235572,True,0,1,9
6/25/2025 12:09:36 PM,1750846176957,Right,-0.2406965,0.9663851,0.5996698,-0.4231511,0.9199631,0.917525,-0.2651072,0.9168295,0.5706108,-0.4267953,0.8780726,0.900363,-0.3428509,1.452347,0.5553075,-0.618384,0.8785067,1.221631,True,0,1,9
6/25/2025 12:09:36 PM,1750846176985,Right,-0.25859,0.9852031,0.5961511,-0.4639255,0.9441244,0.9035085,-0.2787515,0.9349812,0.5679581,-0.4649616,0.9025127,0.888097,-0.362092,1.467779,0.5328321,-0.6802012,0.9070882,1.190983,True,0,1,9
6/25/2025 12:09:36 PM,1750846176999,Right,-0.2693032,0.9969065,0.5940651,-0.48558,0.9567181,0.8946145,-0.2860295,0.9440334,0.5669049,-0.4851767,0.9148418,0.8801083,-0.3720751,1.474875,0.521464,-0.7133227,0.921085,1.172705,True,0,1,9
6/25/2025 12:09:37 PM,1750846177027,Right,-0.2893243,1.016008,0.5889375,-0.526977,0.9806992,0.8716388,-0.3014135,0.960349,0.5638849,-0.5222794,0.9351015,0.8608454,-0.3907281,1.487398,0.4986091,-0.7740691,0.942021,1.135165,True,0,1,9
6/25/2025 12:09:37 PM,1750846177041,Right,-0.2995747,1.026858,0.5868732,-0.5490355,0.9947119,0.861015,-0.3090043,0.9699474,0.5623384,-0.5436457,0.9478682,0.8500829,-0.3993113,1.492504,0.4876238,-0.8076074,0.9566062,1.111262,True,0,1,9
6/25/2025 12:09:37 PM,1750846177068,Right,-0.3220257,1.046812,0.5783862,-0.5906094,1.012373,0.8342115,-0.3253924,0.9869457,0.5590959,-0.5829596,0.9682069,0.8274301,-0.416485,1.5028,0.4656857,-0.8683724,0.9769334,1.064242,True,0,1,9
6/25/2025 12:09:37 PM,1750846177082,Right,-0.3336816,1.055754,0.5735921,-0.611652,1.021948,0.820012,-0.3337948,0.9958296,0.5567023,-0.6029721,0.9785711,0.8141773,-0.424889,1.507217,0.4551721,-0.8985821,0.9869873,1.037366,True,0,1,9
6/25/2025 12:09:37 PM,1750846177096,Right,-0.3441089,1.064218,0.5693184,-0.6318293,1.030434,0.8059956,-0.3418372,1.005173,0.5551667,-0.6234431,0.9879736,0.8006342,-0.4328637,1.511016,0.4442917,-0.929031,0.9941518,1.008137,True,0,1,9
6/25/2025 12:09:37 PM,1750846177124,Right,-0.3654978,1.07898,0.5600225,-0.6719463,1.0476,0.7759444,-0.3598637,1.018443,0.5490503,-0.6627014,1.00305,0.7714587,-0.4484005,1.518361,0.4237187,-0.9837877,1.00719,0.9499147,True,0,1,9
6/25/2025 12:09:37 PM,1750846177138,Right,-0.3768522,1.086532,0.5542578,-0.690941,1.054607,0.7585497,-0.3690923,1.025289,0.5453071,-0.6802569,1.009986,0.75572,-0.4559386,1.521199,0.4134767,-1.008588,1.011623,0.920751,True,0,1,9
6/25/2025 12:09:37 PM,1750846177165,Right,-0.3986472,1.099477,0.540646,-0.7266737,1.066123,0.7240279,-0.387135,1.0395,0.538052,-0.7148372,1.02249,0.7240137,-0.4704447,1.52597,0.3941485,-1.054564,1.017315,0.8607699,True,0,1,9
6/25/2025 12:09:37 PM,1750846177179,Right,-0.408802,1.105489,0.53517,-0.7446178,1.07192,0.7058355,-0.395764,1.044765,0.5346039,-0.7321016,1.028203,0.7065004,-0.4773692,1.52783,0.3848797,-1.076828,1.020502,0.8272855,True,0,1,9
6/25/2025 12:09:37 PM,1750846177207,Right,-0.4323112,1.117725,0.5157576,-0.7776045,1.084522,0.6689361,-0.4147991,1.054847,0.5233384,-0.7640419,1.036661,0.6696796,-0.490677,1.530588,0.3664933,-1.11592,1.021541,0.762965,True,0,1,9
6/25/2025 12:09:37 PM,1750846177221,Right,-0.4431765,1.119296,0.5045628,-0.7942408,1.088198,0.6492916,-0.4246114,1.06024,0.51774,-0.7812775,1.042673,0.6501054,-0.4971682,1.531557,0.3573464,-1.134984,1.025041,0.7280524,True,0,1,9
6/25/2025 12:09:37 PM,1750846177235,Right,-0.4537065,1.121875,0.493975,-0.8100331,1.089149,0.6298413,-0.4343651,1.064877,0.5120002,-0.7976559,1.04577,0.6303883,-0.5034332,1.532408,0.3481921,-1.15233,1.024018,0.6935412,True,0,1,9
6/25/2025 12:09:37 PM,1750846177263,Right,-0.473021,1.127242,0.4723583,-0.8394752,1.088157,0.5897797,-0.4525259,1.07025,0.4994363,-0.8281907,1.054834,0.589514,-0.5144966,1.533131,0.3314466,-1.182536,1.030125,0.6242372,True,0,1,9
6/25/2025 12:09:37 PM,1750846177277,Right,-0.4824251,1.128613,0.4615732,-0.8546895,1.086414,0.569178,-0.4624413,1.07287,0.4922579,-0.8444364,1.057041,0.5671716,-0.5195737,1.533173,0.3237058,-1.196728,1.029224,0.5872264,True,0,1,9
6/25/2025 12:09:37 PM,1750846177305,Right,-0.4984913,1.129763,0.4412022,-0.8835709,1.076353,0.5289252,-0.4797132,1.079541,0.4788444,-0.875505,1.067672,0.5208783,-0.5297825,1.533086,0.30791,-1.219475,1.037235,0.5114392,True,0,1,9
6/25/2025 12:09:37 PM,1750846177318,Right,-0.5063056,1.129512,0.4305374,-0.8977178,1.067752,0.5083406,-0.4887142,1.081842,0.4715104,-0.8907523,1.065343,0.5000185,-0.5346019,1.532919,0.3004367,-1.228424,1.028324,0.4795971,False,0,1,9
6/25/2025 12:09:37 PM,1750846177332,Right,-0.5138658,1.12854,0.4195348,-0.9122432,1.055851,0.4862877,-0.4968263,1.084242,0.4640425,-0.9054829,1.066079,0.4778735,-0.5393124,1.532672,0.2933981,-1.235955,1.025256,0.4464315,False,0,1,9
6/25/2025 12:09:37 PM,1750846177363,Right,-0.5254063,1.125797,0.4012705,-0.9301893,1.035612,0.4571095,-0.5129048,1.088825,0.4520302,-0.9302807,1.062133,0.43479,-0.5483832,1.531846,0.2798773,-1.247172,1.0106,0.3825166,False,0,1,9
6/25/2025 12:09:37 PM,1750846177376,Right,-0.5317285,1.124511,0.3917069,-0.9301893,1.035612,0.4571095,-0.5210953,1.09039,0.446472,-0.9324179,1.060771,0.4126697,-0.5570505,1.530408,0.2665062,-1.251286,1.004644,0.3486507,False,0,1,9
6/25/2025 12:09:37 PM,1750846177405,Right,-0.54386,1.12474,0.3808333,-0.923326,1.086417,0.3954617,-0.5350714,1.091368,0.4365152,-0.9118843,1.043478,0.3953307,-0.5650766,1.528473,0.2535099,-1.256658,0.9643807,0.3212468,False,0,1,9
6/25/2025 12:09:37 PM,1750846177420,Right,-0.5493032,1.124619,0.3759929,-0.923326,1.086417,0.3954617,-0.5417302,1.091368,0.4322069,-0.9112889,1.03343,0.3869105,-0.568912,1.527422,0.2469095,-1.257794,0.9423901,0.3090875,False,0,1,9
6/25/2025 12:09:37 PM,1750846177450,Right,-0.5582521,1.123371,0.3689912,-0.923326,1.086417,0.3954617,-0.5546075,1.093929,0.4279193,-0.9115843,1.020936,0.3750919,-0.5764105,1.525905,0.2345533,-1.259961,0.9118438,0.2885574,False,0,1,9
6/25/2025 12:09:37 PM,1750846177465,Right,-0.5624602,1.123106,0.3663633,-0.9351831,1.077562,0.357713,-0.5604424,1.095318,0.4264953,-0.9228683,1.025447,0.3562638,-0.5796409,1.525309,0.2287933,-1.261089,0.9219439,0.255801,False,0,1,9
6/25/2025 12:09:37 PM,1750846177480,Right,-0.5668424,1.125191,0.3650774,-0.9471958,1.067232,0.3209867,-0.5647524,1.096684,0.4250169,-0.9356742,1.033985,0.3345379,-0.5825841,1.524769,0.2234675,-1.260319,0.9408208,0.2200924,False,0,1,9
6/25/2025 12:09:37 PM,1750846177508,Right,-0.5731642,1.128166,0.3633501,-0.9521924,1.059918,0.3106779,-0.5714954,1.099764,0.4223468,-0.9399397,1.029285,0.3208561,-0.5870349,1.523343,0.2148801,-1.257707,0.9290524,0.1985795,False,0,1,9
6/25/2025 12:09:37 PM,1750846177523,Right,-0.5752811,1.128987,0.3626979,-0.9533162,1.057552,0.3091634,-0.5742207,1.102033,0.4215044,-0.9413612,1.027034,0.3193751,-0.5889299,1.522676,0.2119098,-1.257849,0.9227251,0.1965559,False,0,1,9
6/25/2025 12:09:37 PM,1750846177538,Right,-0.5760699,1.129765,0.3620993,-0.9542754,1.055267,0.3078243,-0.5761955,1.103723,0.4204786,-0.9433857,1.025811,0.3175452,-0.5907753,1.521868,0.2100929,-1.258103,0.9193013,0.1944441,False,0,1,9
6/25/2025 12:09:37 PM,1750846177566,Right,-0.5796838,1.133275,0.3606989,-0.9557833,1.051306,0.3068115,-0.5795568,1.107776,0.4196655,-0.9438198,1.020849,0.3155747,-0.5938745,1.520505,0.2079569,-1.255877,0.9060153,0.1916653,False,0,1,9
6/25/2025 12:09:37 PM,1750846177580,Right,-0.5806899,1.134846,0.3607768,-0.9563011,1.049767,0.3074459,-0.5806355,1.109556,0.4198042,-0.9447265,1.019676,0.3172215,-0.5952251,1.519717,0.2080599,-1.256252,0.9025596,0.1944264,False,0,1,9
6/25/2025 12:09:37 PM,1750846177608,Right,-0.5821326,1.137412,0.3616417,-0.9577101,1.047485,0.3099768,-0.5819423,1.112365,0.4215873,-0.945321,1.017029,0.318335,-0.5967195,1.517843,0.2100704,-1.254213,0.8955742,0.1954146,False,0,1,9
6/25/2025 12:09:37 PM,1750846177623,Right,-0.5823463,1.138164,0.3628927,-0.9579255,1.046794,0.3122637,-0.5815063,1.113037,0.4221757,-0.9456615,1.01675,0.3217971,-0.5971198,1.516855,0.2121671,-1.255033,0.894655,0.2013351,False,0,1,9
6/25/2025 12:09:37 PM,1750846177636,Right,-0.5823808,1.138192,0.3647067,-0.957795,1.046184,0.3156304,-0.5811055,1.113443,0.4230946,-0.9442817,1.014329,0.3218164,-0.5974655,1.516015,0.21492,-1.252395,0.8894527,0.2010614,False,0,1,9
6/25/2025 12:09:37 PM,1750846177664,Right,-0.5808651,1.136606,0.3692745,-0.9564469,1.045272,0.3243032,-0.5786046,1.111979,0.4275177,-0.9436042,1.014183,0.334529,-0.5975077,1.515167,0.221802,-1.255378,0.8900359,0.2205879,False,0,1,9
6/25/2025 12:09:37 PM,1750846177678,Right,-0.5792437,1.135141,0.372281,-0.9551576,1.045094,0.3304745,-0.5763613,1.110212,0.430232,-0.9432244,1.0149,0.3405961,-0.5972168,1.515314,0.2264599,-1.256586,0.8931369,0.2295504,False,0,1,9
6/25/2025 12:09:37 PM,1750846177706,Right,-0.5765255,1.132816,0.3795672,-0.9519686,1.045992,0.3429649,-0.5710899,1.106525,0.436182,-0.9375598,1.012145,0.3545226,-0.5955846,1.516077,0.2364392,-1.255465,0.8903893,0.2490549,False,0,1,9
6/25/2025 12:09:37 PM,1750846177720,Right,-0.5750816,1.133267,0.3839417,-0.9497243,1.047139,0.3505329,-0.5673143,1.104175,0.4399653,-0.9345855,1.012643,0.3646124,-0.5946996,1.516936,0.241828,-1.256189,0.8934873,0.2634358,False,0,1,9
6/25/2025 12:09:37 PM,1750846177747,Right,-0.5682779,1.131341,0.3940057,-0.9446589,1.04984,0.3675838,-0.5584339,1.099266,0.4483112,-0.9285774,1.013535,0.3800852,-0.5922716,1.520023,0.2528145,-1.253885,0.9008255,0.2837825,False,0,1,9
6/25/2025 12:09:37 PM,1750846177761,Right,-0.5633203,1.129944,0.400418,-0.9399688,1.051627,0.3786263,-0.5527387,1.096853,0.4533241,-0.9243575,1.015247,0.3921654,-0.5908036,1.52163,0.2592679,-1.253316,0.9072057,0.3005973,False,0,1,9
6/25/2025 12:09:37 PM,1750846177775,Right,-0.5601717,1.130442,0.4077773,-0.9353531,1.053295,0.3911578,-0.5469677,1.094681,0.4584984,-0.9174181,1.01303,0.4023757,-0.5890696,1.523165,0.2659097,-1.249257,0.9047461,0.3142258,False,0,1,9
6/25/2025 12:09:37 PM,1750846177804,Right,-0.5479327,1.13294,0.4231095,-0.922685,1.056005,0.4182057,-0.5324326,1.089719,0.4692174,-0.9045179,1.013906,0.4257727,-0.5840774,1.526489,0.2806143,-1.242224,0.9129739,0.3465072,False,0,1,9
6/25/2025 12:09:37 PM,1750846177817,Right,-0.5411705,1.133652,0.4311528,-0.9159395,1.057336,0.4333315,-0.5240034,1.088554,0.4755997,-0.8981504,1.017416,0.4404214,-0.5810356,1.528008,0.2890769,-1.238777,0.9229332,0.3671185,False,0,1,9
6/25/2025 12:09:37 PM,1750846177845,Right,-0.525142,1.134681,0.4488777,-0.8984805,1.06398,0.4646161,-0.5058786,1.0864,0.4875738,-0.8795854,1.018983,0.469413,-0.5731277,1.530445,0.3071436,-1.226752,0.9305058,0.4092272,False,0,1,9
6/25/2025 12:09:37 PM,1750846177859,Right,-0.5162057,1.135557,0.4579489,-0.8893816,1.065385,0.4820067,-0.4957213,1.086465,0.4943416,-0.8706996,1.022516,0.4863113,-0.5686588,1.531689,0.3167464,-1.220266,0.9397576,0.4342411,False,0,1,9
6/25/2025 12:09:37 PM,1750846177886,Right,-0.4955954,1.136877,0.4766023,-0.8681918,1.067104,0.518141,-0.4739893,1.086341,0.5068489,-0.8504843,1.027982,0.5221429,-0.5574372,1.533242,0.3366437,-1.203839,0.9554694,0.4897423,False,0,1,9
6/25/2025 12:09:37 PM,1750846177901,Right,-0.4842972,1.137185,0.4857999,-0.857812,1.067487,0.5356793,-0.4623529,1.086028,0.5131112,-0.8407751,1.030044,0.5339426,-0.5508595,1.53377,0.34667,-1.193576,0.962087,0.5059131,False,0,1,9
6/25/2025 12:09:37 PM,1750846177928,Right,-0.4584299,1.137011,0.5025564,-0.8381321,1.065402,0.5697762,-0.4344247,1.079149,0.5220116,-0.8218191,1.036813,0.5634063,-0.5361748,1.534478,0.3672955,-1.170254,0.9907759,0.551082,False,0,1,9
6/25/2025 12:09:37 PM,1750846177943,Right,-0.4443588,1.136446,0.5105385,-0.8281851,1.062866,0.5874621,-0.4196885,1.076058,0.5261619,-0.8130098,1.038496,0.5733208,-0.5282557,1.534648,0.3775314,-1.156487,1.000178,0.5645158,False,0,1,9
6/25/2025 12:09:37 PM,1750846177956,Right,-0.4280747,1.133351,0.5172052,-0.8186807,1.059446,0.6046695,-0.404686,1.073418,0.5271775,-0.8041945,1.036905,0.5930824,-0.5199337,1.534602,0.3877225,-1.13982,1.004941,0.5978146,False,0,1,9
6/25/2025 12:09:37 PM,1750846177984,Right,-0.3962487,1.128983,0.5267418,-0.8027984,1.051381,0.6341594,-0.3759744,1.069967,0.5260154,-0.7884141,1.030334,0.6279692,-0.501909,1.533704,0.4081002,-1.103604,1.005747,0.6545902,False,0,1,9
6/25/2025 12:09:37 PM,1750846177998,Right,-0.378215,1.12577,0.5300476,-0.8027984,1.051381,0.6341594,-0.3612543,1.06901,0.5241057,-0.78246,1.025109,0.6524518,-0.4917421,1.532795,0.4182675,-1.080814,1.004434,0.6919255,False,0,1,9
6/25/2025 12:09:38 PM,1750846178026,Right,-0.3419721,1.119316,0.5329619,-0.8027984,1.051381,0.6341594,-0.3304462,1.062392,0.517863,-0.7685493,1.011636,0.6951882,-0.4696758,1.530116,0.4386716,-1.031842,0.9985287,0.7503833,False,0,1,9
6/25/2025 12:09:38 PM,1750846178040,Right,-0.3241665,1.115442,0.5308841,-0.8027984,1.051381,0.6341594,-0.3135053,1.058069,0.5132316,-0.7568796,1.004929,0.7215115,-0.4579867,1.528412,0.4488168,-1.000906,0.9970378,0.7849959,False,0,1,9
6/25/2025 12:09:38 PM,1750846178068,Right,-0.2898347,1.107233,0.5218416,-0.8027984,1.051381,0.6341594,-0.2864213,1.051312,0.4969678,-0.735343,0.9893053,0.765798,-0.4334337,1.523237,0.4685926,-0.9419271,0.9875696,0.8380678,False,0,1,9
6/25/2025 12:09:38 PM,1750846178081,Right,-0.2739015,1.102169,0.5136237,-0.8027984,1.051381,0.6341594,-0.2728619,1.045488,0.4864037,-0.716713,0.9801777,0.7935658,-0.4208994,1.520219,0.4786216,-0.9039661,0.9818405,0.8707952,False,0,1,9
6/25/2025 12:09:38 PM,1750846178095,Right,-0.2597816,1.096137,0.503317,-0.8027984,1.051381,0.6341594,-0.2602277,1.040844,0.4748646,-0.6949675,0.9714609,0.819837,-0.4082336,1.516159,0.4884663,-0.8642066,0.9758306,0.9004031,False,0,1,9
6/25/2025 12:09:38 PM,1750846178123,Right,-0.2308375,1.084003,0.4822194,-0.4931341,0.9939094,0.7374938,-0.2360093,1.031687,0.4506799,-0.4919631,0.9649927,0.7177587,-0.3827764,1.506517,0.5077276,-0.7725373,0.9297312,0.9525194,False,0,1,9
6/25/2025 12:09:38 PM,1750846178137,Right,-0.2169282,1.078221,0.4698189,-0.4699554,0.9843025,0.737738,-0.2246663,1.027787,0.4360872,-0.467953,0.9586323,0.7192158,-0.3701351,1.500767,0.5171509,-0.7320006,0.9240916,0.9670855,False,0,1,9
6/25/2025 12:09:38 PM,1750846178165,Right,-0.1916163,1.068177,0.4431503,-0.4092801,0.9604751,0.7349613,-0.2059768,1.019832,0.4066588,-0.4177917,0.9407239,0.7114024,-0.3454101,1.487989,0.5355629,-0.6527884,0.8994141,0.9862785,False,0,1,9
6/25/2025 12:09:38 PM,1750846178179,Right,-0.178851,1.063483,0.4290858,-0.3807501,0.9494104,0.7289253,-0.1972872,1.016544,0.3908374,-0.3895988,0.9309628,0.7059482,-0.3331139,1.481201,0.54483,-0.60671,0.8844571,0.9950114,False,0,1,9
6/25/2025 12:09:38 PM,1750846178206,Right,-0.1575821,1.055668,0.3979059,-0.3270656,0.9283646,0.7134086,-0.1809166,1.011335,0.3607151,-0.3406741,0.9122593,0.6909326,-0.3098025,1.465585,0.5634725,-0.5255469,0.8551364,0.9986272,False,0,1,9
6/25/2025 12:09:38 PM,1750846178220,Right,-0.1493534,1.053035,0.3812468,-0.3009627,0.917483,0.7017749,-0.1732671,1.009501,0.3453453,-0.3142233,0.9018606,0.6808819,-0.2986794,1.45726,0.5729285,-0.4812956,0.8369663,0.997611,False,0,1,9
6/25/2025 12:09:38 PM,1750846178248,Right,-0.1352918,1.04843,0.3463303,-0.2521996,0.8950673,0.6754475,-0.1642693,1.006932,0.3118011,-0.2711998,0.8824396,0.6559711,-0.2770796,1.438135,0.5921102,-0.404421,0.8030488,0.9832615,False,0,1,9
6/25/2025 12:09:38 PM,1750846178262,Right,-0.1294448,1.047024,0.3299189,-0.2302462,0.884292,0.6605006,-0.160283,1.005659,0.2960014,-0.249073,0.8715845,0.6423653,-0.2666779,1.42739,0.6016889,-0.3649639,0.7832433,0.9733028,False,0,1,9
6/25/2025 12:09:38 PM,1750846178275,Right,-0.1244778,1.047356,0.3144613,-0.2088869,0.8728269,0.644884,-0.1579379,1.005991,0.2801601,-0.2303103,0.8625429,0.6277732,-0.2563903,1.416104,0.6110493,-0.330036,0.766016,0.9605234,False,0,1,9
6/25/2025 12:09:38 PM,1750846178303,Right,-0.12115,1.046942,0.2859701,-0.1722173,0.8512391,0.6070541,-0.1574657,1.009738,0.2511014,-0.1923491,0.8424125,0.5898989,-0.2361236,1.39118,0.6286838,-0.2572199,0.7192848,0.9262208,False,0,1,9
6/25/2025 12:09:38 PM,1750846178318,Right,-0.1193814,1.046583,0.2713305,-0.1551301,0.8403117,0.587675,-0.1571139,1.011681,0.2370207,-0.1759418,0.8337317,0.5714612,-0.2267408,1.377809,0.6369193,-0.2246175,0.6999949,0.9066439,False,0,1,9
6/25/2025 12:09:38 PM,1750846178345,Right,-0.120802,1.047725,0.2469202,-0.1277917,0.8175786,0.5452229,-0.1622853,1.013194,0.2128977,-0.1506159,0.8135705,0.5331931,-0.2084076,1.349465,0.6521147,-0.1678533,0.6564018,0.863104,False,0,1,9
6/25/2025 12:09:38 PM,1750846178359,Right,-0.1223104,1.048716,0.2350671,-0.1151543,0.8021296,0.5212829,-0.1663532,1.014859,0.2023429,-0.1398362,0.8029729,0.5139685,-0.20012,1.334063,0.6584309,-0.1419853,0.633164,0.8378074,False,0,1,9
6/25/2025 12:09:38 PM,1750846178387,Right,-0.129852,1.04866,0.2156942,-0.09667565,0.7796027,0.4807902,-0.1759499,1.019008,0.1848012,-0.122159,0.7826523,0.4780133,-0.1842698,1.301802,0.6705576,-0.09683738,0.5903306,0.7848651,False,0,1,9
6/25/2025 12:09:38 PM,1750846178400,Right,-0.1354211,1.048657,0.2078082,-0.08913063,0.768852,0.4600017,-0.1814164,1.020188,0.1789015,-0.1160646,0.7719814,0.4583699,-0.1769307,1.284943,0.6752337,-0.07824664,0.565841,0.7559845,False,0,1,9
6/25/2025 12:09:38 PM,1750846178414,Right,-0.1403203,1.04878,0.2018958,-0.08305231,0.7608633,0.4413064,-0.1883555,1.017353,0.1710789,-0.1125998,0.7590377,0.4375466,-0.1697853,1.268303,0.6792296,-0.06323776,0.5411832,0.7257931,False,0,1,9
6/25/2025 12:09:38 PM,1750846178442,Right,-0.1472192,1.049779,0.1943552,-0.07266534,0.7432488,0.4076138,-0.1983037,1.018844,0.1658984,-0.1041921,0.7385193,0.4056817,-0.157007,1.234794,0.6864625,-0.03487036,0.4999291,0.6699991,False,0,1,9
6/25/2025 12:09:38 PM,1750846178456,Right,-0.1509247,1.046835,0.1927363,-0.07517799,0.7239853,0.3887674,-0.2037755,1.017049,0.164211,-0.1012713,0.7233715,0.3911092,-0.1514254,1.218795,0.6895738,-0.02448037,0.4771556,0.6400978,False,0,1,9
6/25/2025 12:09:38 PM,1750846178483,Right,-0.156417,1.038425,0.1921861,-0.07444051,0.6995866,0.3599992,-0.2112352,1.011119,0.1621335,-0.09881122,0.7000791,0.3627643,-0.1403214,1.187232,0.6950862,-0.0104045,0.4383463,0.5883954,False,0,1,9
6/25/2025 12:09:38 PM,1750846178498,Right,-0.1560921,1.032834,0.1930483,-0.0741519,0.6885964,0.3499106,-0.2105684,1.00866,0.1646461,-0.09690014,0.6902442,0.3529884,-0.1360781,1.172949,0.6973633,-0.00628981,0.4208607,0.5682088,False,0,1,9
6/25/2025 12:09:38 PM,1750846178526,Right,-0.1562445,1.019943,0.197894,-0.07579026,0.6639187,0.3332377,-0.2121714,0.9981778,0.1719179,-0.09506714,0.66544,0.3364267,-0.1275481,1.144915,0.7025965,-0.000478223,0.384032,0.529844,False,0,1,9
6/25/2025 12:09:38 PM,1750846178540,Right,-0.1582256,1.009173,0.2027505,-0.07655801,0.6507212,0.329385,-0.2142201,0.9888162,0.1780622,-0.09790503,0.6517662,0.3331333,-0.1238256,1.132014,0.7055584,-0.002878979,0.3649147,0.518917,False,0,1,9
6/25/2025 12:09:38 PM,1750846178567,Right,-0.1571613,0.9876966,0.2114052,-0.07901459,0.6244482,0.3267135,-0.2167536,0.9667454,0.1888787,-0.1008452,0.6226339,0.3285407,-0.1176815,1.108054,0.7117692,-0.00411734,0.3284891,0.5011524,False,0,1,9
6/25/2025 12:09:38 PM,1750846178582,Right,-0.1551823,0.9750975,0.217961,-0.08037779,0.6102521,0.329885,-0.2157983,0.9551853,0.1964915,-0.1022733,0.6090891,0.3327627,-0.1155698,1.096683,0.7148008,-0.006859511,0.3127321,0.502594,False,0,1,9
6/25/2025 12:09:38 PM,1750846178595,Right,-0.152912,0.9613417,0.2257079,-0.08055592,0.5962036,0.336479,-0.2140273,0.9424559,0.2052052,-0.1038617,0.5952934,0.3400759,-0.1139491,1.085863,0.7176049,-0.01036347,0.297244,0.5090517,False,0,1,9
6/25/2025 12:09:38 PM,1750846178623,Right,-0.1484119,0.9325519,0.2430676,-0.08155571,0.5675057,0.351994,-0.2106477,0.9148381,0.2243661,-0.1058796,0.566326,0.3555531,-0.1130855,1.066863,0.7231359,-0.01428589,0.2646461,0.522347,False,0,1,9
6/25/2025 12:09:38 PM,1750846178637,Right,-0.1456903,0.9158241,0.2539321,-0.08260788,0.5523962,0.3581484,-0.2083733,0.8987651,0.2359276,-0.108632,0.554006,0.3709662,-0.1126423,1.058355,0.7258003,-0.01879154,0.2509279,0.5432807,False,0,1,9
6/25/2025 12:09:38 PM,1750846178664,Right,-0.1408831,0.8825473,0.2764826,-0.08557361,0.5224498,0.368073,-0.2061079,0.8660607,0.2609426,-0.1133781,0.5298496,0.4011599,-0.1130466,1.0444,0.7306834,-0.02472211,0.2231516,0.583227,False,0,1,9
6/25/2025 12:09:38 PM,1750846178679,Right,-0.1399395,0.8630051,0.2896704,-0.07946608,0.54212,0.389405,-0.2038625,0.8480313,0.2754148,-0.1277606,0.5482752,0.4214819,-0.1137896,1.039014,0.732329,-0.03997198,0.221226,0.6364622,False,0,1,9
6/25/2025 12:09:38 PM,1750846178706,Right,-0.138135,0.824771,0.3170495,-0.07925826,0.4806511,0.4722933,-0.2028804,0.8093411,0.3037864,-0.1119511,0.4767093,0.4667985,-0.1151602,1.030185,0.7356417,-0.02596958,0.1861165,0.6648871,False,0,1,9
6/25/2025 12:09:38 PM,1750846178720,Right,-0.1375596,0.8046601,0.3338462,-0.07967541,0.4682032,0.4994294,-0.2018276,0.7898015,0.3206441,-0.1130705,0.4658606,0.4966429,-0.1156399,1.026736,0.7376673,-0.02838248,0.1815546,0.7080103,True,0,1,10
6/25/2025 12:09:38 PM,1750846178748,Right,-0.1381568,0.7661526,0.3677267,-0.08269938,0.4437928,0.5583153,-0.2031659,0.7496697,0.3541978,-0.1158126,0.4384564,0.5511214,-0.115903,1.024054,0.741158,-0.03254549,0.1679256,0.7814714,True,0,1,10
6/25/2025 12:09:38 PM,1750846178762,Right,-0.1395162,0.7473199,0.3869698,-0.08570746,0.4324744,0.5921775,-0.2021067,0.7328046,0.375124,-0.1160383,0.4299704,0.5871133,-0.1161947,1.023485,0.742318,-0.03559493,0.1707869,0.8295579,True,0,1,10
6/25/2025 12:09:38 PM,1750846178776,Right,-0.1407133,0.7290385,0.4058706,-0.09012942,0.4234632,0.6237019,-0.2028695,0.7150168,0.3954792,-0.1182642,0.4172116,0.6134331,-0.1162038,1.023925,0.7433515,-0.039115,0.1621767,0.8620114,True,0,1,10
6/25/2025 12:09:38 PM,1750846178804,Right,-0.1459582,0.6962022,0.4474159,-0.09650481,0.4187916,0.6931986,-0.2074081,0.6802101,0.4337202,-0.1275623,0.4040496,0.6736407,-0.1154625,1.027278,0.747007,-0.05272973,0.166642,0.9459921,True,0,1,10
6/25/2025 12:09:38 PM,1750846178817,Right,-0.1490853,0.6811315,0.4688496,-0.1014194,0.4147947,0.7276154,-0.2109955,0.6634808,0.4521562,-0.1342063,0.4024211,0.709234,-0.1153796,1.030192,0.7489349,-0.0629469,0.1818486,0.99641,True,0,1,10
6/25/2025 12:09:38 PM,1750846178845,Right,-0.1565639,0.6629896,0.5124119,-0.1159448,0.4188563,0.7926294,-0.2184577,0.6392693,0.4954587,-0.1469549,0.399476,0.7751653,-0.1153195,1.038574,0.7534612,-0.08204295,0.2036713,1.080049,True,0,1,10
6/25/2025 12:09:38 PM,1750846178859,Right,-0.1601794,0.6561968,0.534519,-0.1246645,0.4236372,0.8244741,-0.2225377,0.6325542,0.5173658,-0.1558731,0.4076943,0.8078939,-0.1161727,1.0447,0.7558204,-0.09562264,0.2256456,1.12434,True,0,1,10
6/25/2025 12:09:38 PM,1750846178887,Right,-0.1700972,0.6551003,0.5772079,-0.14267,0.4390517,0.8812193,-0.2314765,0.6316779,0.5604086,-0.1743343,0.4298988,0.8699857,-0.1195059,1.058991,0.7616502,-0.1245673,0.2733909,1.200956,True,0,1,10
6/25/2025 12:09:38 PM,1750846178900,Right,-0.1749253,0.6567432,0.5982365,-0.1519619,0.4498926,0.9091127,-0.2347387,0.6320471,0.5810686,-0.181538,0.4369141,0.8957528,-0.1222962,1.06777,0.7651862,-0.1359928,0.287668,1.230493,True,0,1,10
6/25/2025 12:09:38 PM,1750846178929,Right,-0.1862195,0.6641758,0.6377521,-0.1715287,0.4792941,0.9581673,-0.2410113,0.6433889,0.6187188,-0.2012901,0.4677709,0.9423203,-0.1291612,1.087333,0.7734402,-0.1716489,0.3349871,1.289671,True,0,1,10
6/25/2025 12:09:38 PM,1750846178942,Right,-0.1921973,0.6696658,0.6560265,-0.1821689,0.4943489,0.9823251,-0.2449767,0.6481453,0.6359028,-0.2099189,0.479478,0.9640039,-0.1336906,1.098655,0.7781121,-0.1855794,0.3543224,1.314313,True,0,1,10
6/25/2025 12:09:38 PM,1750846178956,Right,-0.1968819,0.6780596,0.6709487,-0.1932077,0.5101981,1.001219,-0.2493644,0.6542332,0.650317,-0.220186,0.4948583,0.9835364,-0.1387798,1.110737,0.7828063,-0.2039528,0.3790728,1.337576,True,0,1,10
6/25/2025 12:09:38 PM,1750846178983,Right,-0.2038032,0.6940265,0.6980999,-0.2149631,0.5446636,1.034797,-0.2559662,0.6683344,0.6755086,-0.2393337,0.5250245,1.014651,-0.150804,1.137137,0.7916561,-0.2381535,0.4240743,1.375594,True,0,1,10
6/25/2025 12:09:38 PM,1750846178998,Right,-0.2064333,0.7027621,0.7086589,-0.2263741,0.5630136,1.049106,-0.2581436,0.6761889,0.6855725,-0.2502725,0.5425675,1.028969,-0.1571515,1.151189,0.7956702,-0.2590778,0.4516804,1.392464,True,0,1,10
6/25/2025 12:09:39 PM,1750846179026,Right,-0.2110227,0.7206411,0.7262971,-0.2500156,0.5985512,1.071949,-0.2610484,0.6927789,0.7022174,-0.2704428,0.5762753,1.051833,-0.1709124,1.181327,0.8029319,-0.2978363,0.5033327,1.418358,True,0,1,10
6/25/2025 12:09:39 PM,1750846179039,Right,-0.2124447,0.7303755,0.7333382,-0.2618746,0.6170579,1.080758,-0.2619747,0.7017695,0.7084245,-0.2820819,0.5948325,1.060745,-0.17804,1.197002,0.8065068,-0.3207356,0.5319303,1.428009,True,0,1,10
6/25/2025 12:09:39 PM,1750846179067,Right,-0.2159075,0.7475501,0.7440356,-0.2817489,0.6559293,1.092411,-0.2638264,0.7194321,0.7185418,-0.3026486,0.628519,1.071165,-0.1929281,1.229487,0.8111335,-0.3613533,0.580945,1.440629,True,0,1,10
6/25/2025 12:09:39 PM,1750846179082,Right,-0.2183204,0.7588781,0.748217,-0.294833,0.6741022,1.095657,-0.2650816,0.7288872,0.7228359,-0.3145171,0.646365,1.075705,-0.2011406,1.245732,0.8121315,-0.3845525,0.6073047,1.44467,True,0,1,10
6/25/2025 12:09:39 PM,1750846179095,Right,-0.2206585,0.7695721,0.7524295,-0.307905,0.6912227,1.097602,-0.2661376,0.737962,0.7262516,-0.3255669,0.6630338,1.078073,-0.2097485,1.261764,0.8123356,-0.4065577,0.6313549,1.44668,True,0,1,10
6/25/2025 12:09:39 PM,1750846179123,Right,-0.2262632,0.7878359,0.7582167,-0.3337138,0.7252834,1.10156,-0.268377,0.7561007,0.7314942,-0.3474796,0.6960635,1.082869,-0.2274899,1.293473,0.8109132,-0.4491045,0.6799585,1.446784,True,0,1,10
6/25/2025 12:09:39 PM,1750846179137,Right,-0.2292107,0.7975024,0.7611547,-0.3327225,0.726333,1.101918,-0.2712246,0.7638674,0.7328082,-0.3596319,0.7108176,1.081041,-0.2362497,1.308981,0.8093435,-0.4719188,0.7013202,1.444082,True,0,1,10
6/25/2025 12:09:39 PM,1750846179165,Right,-0.2359448,0.8175932,0.7662376,-0.3724016,0.7796006,1.104142,-0.2758195,0.7833611,0.7364045,-0.385201,0.7452073,1.083862,-0.2551274,1.33929,0.8043519,-0.5173602,0.7518353,1.43695,True,0,1,10
6/25/2025 12:09:39 PM,1750846179179,Right,-0.2395078,0.8288754,0.7688746,-0.3858351,0.7965394,1.102421,-0.2788352,0.7937697,0.7382337,-0.3981709,0.7620801,1.083335,-0.2652721,1.353709,0.8003329,-0.5404226,0.7752278,1.432012,True,0,1,10
6/25/2025 12:09:39 PM,1750846179207,Right,-0.2482144,0.8514925,0.772671,-0.4145471,0.8306853,1.09729,-0.2837294,0.8154246,0.7421888,-0.4235049,0.7918713,1.078887,-0.2856643,1.380608,0.7907287,-0.5879385,0.8127081,1.418613,True,0,1,10
6/25/2025 12:09:39 PM,1750846179220,Right,-0.2535536,0.8638576,0.7741388,-0.4302745,0.8473933,1.09351,-0.2877401,0.8269107,0.7430953,-0.4380487,0.807645,1.075537,-0.2957733,1.392863,0.7844301,-0.6134418,0.8325965,1.409418,True,0,1,10
6/25/2025 12:09:39 PM,1750846179248,Right,-0.2661978,0.889128,0.776697,-0.4625992,0.8799027,1.083452,-0.2970543,0.8493526,0.7440241,-0.4665267,0.8386386,1.066396,-0.3153353,1.415744,0.7702149,-0.6624932,0.8718012,1.389044,True,0,1,10
6/25/2025 12:09:39 PM,1750846179262,Right,-0.2740167,0.9031311,0.7773379,-0.4802381,0.896743,1.077114,-0.3027226,0.8607976,0.7442856,-0.4821505,0.8538833,1.060817,-0.3247653,1.426416,0.7620283,-0.6892481,0.8903501,1.376603,True,0,1,10
6/25/2025 12:09:39 PM,1750846179276,Right,-0.2816712,0.9172443,0.7777928,-0.4978604,0.9128512,1.070173,-0.3090834,0.8725919,0.7441278,-0.4977356,0.8692175,1.054991,-0.3336515,1.436147,0.7530538,-0.7151185,0.9086421,1.363753,True,0,1,10
6/25/2025 12:09:39 PM,1750846179304,Right,-0.3008997,0.9442285,0.7757138,-0.5355988,0.9463349,1.05288,-0.3232549,0.8980066,0.7427585,-0.5312293,0.8990847,1.040743,-0.3485537,1.453859,0.7338387,-0.7707178,0.9407306,1.332718,True,0,1,10
6/25/2025 12:09:39 PM,1750846179318,Right,-0.3117042,0.9588036,0.7736012,-0.556057,0.9631982,1.042847,-0.3311842,0.9103417,0.7418998,-0.5496902,0.9140066,1.032438,-0.3548853,1.461658,0.7232369,-0.8008178,0.9566976,1.314085,True,0,1,10
6/25/2025 12:09:39 PM,1750846179345,Right,-0.3342454,0.9878673,0.7662282,-0.5955933,0.9953045,1.018564,-0.3493599,0.933567,0.7357805,-0.5870086,0.9420149,1.01127,-0.3662467,1.475577,0.7010635,-0.858801,0.9861201,1.272258,True,0,1,10
6/25/2025 12:09:39 PM,1750846179359,Right,-0.3465593,1.002254,0.7611122,-0.6166173,1.010308,1.004943,-0.3595451,0.9476085,0.7335886,-0.6067371,0.9570466,1.000421,-0.3715415,1.482378,0.6897545,-0.8894952,0.9994178,1.249892,True,0,1,10
6/25/2025 12:09:39 PM,1750846179387,Right,-0.3719916,1.031163,0.7469236,-0.6573953,1.039148,0.972149,-0.3837225,0.9792189,0.7223903,-0.6602087,0.9935983,0.9645523,-0.37994,1.494727,0.6661767,-0.9672523,1.034336,1.176874,True,0,1,10
6/25/2025 12:09:39 PM,1750846179401,Right,-0.3850899,1.045721,0.7374636,-0.6792852,1.053812,0.9541945,-0.3878918,0.9845117,0.7204263,-0.6657224,0.9967878,0.9573677,-0.3840148,1.50084,0.6547359,-0.9781633,1.034158,1.166761,True,0,1,10
6/25/2025 12:09:39 PM,1750846179428,Right,-0.4108637,1.070427,0.7151757,-0.7200412,1.077764,0.9142867,-0.4066743,1.00774,0.7097275,-0.7065631,1.022491,0.9219378,-0.3915682,1.511999,0.633213,-1.036664,1.05517,1.098267,True,0,1,10
6/25/2025 12:09:39 PM,1750846179442,Right,-0.4244089,1.081189,0.7021343,-0.7401317,1.088305,0.8924083,-0.4168696,1.017781,0.7022908,-0.7256405,1.031771,0.9030205,-0.3943312,1.515823,0.6221942,-1.0625,1.060179,1.06487,True,0,1,10
6/25/2025 12:09:39 PM,1750846179456,Right,-0.4364037,1.08852,0.6871002,-0.7604044,1.100984,0.8700449,-0.4262519,1.027732,0.6944909,-0.7474689,1.045118,0.8814757,-0.3970038,1.519521,0.6113265,-1.089409,1.071741,1.02371,True,0,1,10
6/25/2025 12:09:39 PM,1750846179484,Right,-0.4579724,1.103674,0.6612287,-0.7966993,1.119005,0.8219182,-0.4441927,1.045792,0.6773676,-0.7831048,1.06313,0.8370638,-0.400233,1.525161,0.5900655,-1.13414,1.081207,0.9472159,True,0,1,10
6/25/2025 12:09:39 PM,1750846179498,Right,-0.468214,1.111881,0.6438571,-0.8122537,1.122308,0.7955065,-0.4536731,1.053948,0.665651,-0.7999536,1.071168,0.8110957,-0.4012691,1.527412,0.580162,-1.15469,1.083695,0.9060478,True,0,1,10
6/25/2025 12:09:39 PM,1750846179526,Right,-0.482841,1.122244,0.6086121,-0.8434109,1.13027,0.7432366,-0.4689829,1.068368,0.6464355,-0.8365719,1.087655,0.7581589,-0.4027883,1.53097,0.5616136,-1.19073,1.091166,0.8157321,True,0,1,10
6/25/2025 12:09:39 PM,1750846179539,Right,-0.48989,1.124141,0.5927383,-0.855854,1.131428,0.7154732,-0.4760633,1.075265,0.6351796,-0.8498369,1.093103,0.7293355,-0.4033275,1.532237,0.5527459,-1.204971,1.089528,0.7715238,True,0,1,10
6/25/2025 12:09:39 PM,1750846179568,Right,-0.5010976,1.125644,0.5611195,-0.8707128,1.128987,0.6620059,-0.489344,1.086066,0.6130452,-0.8667134,1.090842,0.6793042,-0.404292,1.533941,0.5360078,-1.225621,1.067064,0.7004206,True,0,1,10
6/25/2025 12:09:39 PM,1750846179581,Right,-0.5062044,1.124285,0.5473844,-0.8766856,1.126209,0.6338257,-0.4950308,1.089124,0.601598,-0.8721113,1.087535,0.6525202,-0.4052266,1.534516,0.5281614,-1.233402,1.054257,0.6623567,True,0,1,10
6/25/2025 12:09:39 PM,1750846179595,Right,-0.5107594,1.12232,0.5344535,-0.8818736,1.122554,0.6063938,-0.5001522,1.090905,0.5906813,-0.8765388,1.083291,0.6261463,-0.4063476,1.535021,0.5203865,-1.239445,1.041533,0.6239704,True,0,1,10
6/25/2025 12:09:39 PM,1750846179623,Right,-0.5163392,1.117951,0.5100842,-0.8917356,1.114366,0.5542583,-0.5086295,1.090844,0.5692737,-0.8860528,1.071449,0.5755555,-0.4083843,1.535198,0.5058206,-1.246137,1.01483,0.5491557,True,0,1,10
6/25/2025 12:09:39 PM,1750846179636,Right,-0.5186533,1.114533,0.4979571,-0.8953926,1.107401,0.5294947,-0.5117642,1.08837,0.5578425,-0.8890348,1.065366,0.5483169,-0.409328,1.535324,0.4985127,-1.246989,1.00416,0.5083058,True,0,1,10
6/25/2025 12:09:39 PM,1750846179665,Right,-0.5212698,1.108489,0.4780373,-0.8990886,1.092017,0.4859526,-0.5166171,1.084318,0.5403672,-0.8914176,1.048877,0.5039524,-0.4108031,1.534813,0.4840819,-1.243304,0.9744774,0.4405571,False,0,1,10
6/25/2025 12:09:39 PM,1750846179679,Right,-0.5217841,1.106132,0.4698241,-0.8996168,1.083033,0.4668477,-0.5185481,1.082299,0.5329908,-0.8912747,1.041512,0.4811593,-0.4115202,1.534485,0.4778149,-1.238889,0.9620355,0.4035846,False,0,1,10
6/25/2025 12:09:39 PM,1750846179706,Right,-0.5218605,1.101164,0.4559334,-0.8977078,1.065072,0.4330938,-0.520897,1.077545,0.5194236,-0.8879663,1.022596,0.4464405,-0.4128683,1.534411,0.4667073,-1.227576,0.9294327,0.3498129,False,0,1,10
6/25/2025 12:09:39 PM,1750846179721,Right,-0.5213205,1.096756,0.450141,-0.8963675,1.055965,0.4188712,-0.5211308,1.073871,0.5126196,-0.8851113,1.011049,0.4306006,-0.4133328,1.53439,0.4621636,-1.220156,0.9100813,0.3265098,False,0,1,10
6/25/2025 12:09:39 PM,1750846179748,Right,-0.5190369,1.08987,0.4393614,-0.8947778,1.036759,0.3944049,-0.5208884,1.069487,0.5023488,-0.8824079,1.001399,0.3992763,-0.4139098,1.534692,0.4537055,-1.206178,0.8976487,0.2766269,False,0,1,10
6/25/2025 12:09:39 PM,1750846179762,Right,-0.5184849,1.08884,0.4352595,-0.8921083,1.029925,0.3849635,-0.519304,1.066241,0.4961363,-0.8783382,0.9943862,0.3888186,-0.4141273,1.534933,0.4500198,-1.199871,0.887327,0.2617891,False,0,1,10
6/25/2025 12:09:39 PM,1750846179776,Right,-0.5180704,1.087132,0.4323765,-0.8899931,1.023201,0.3762688,-0.5183951,1.063817,0.491789,-0.8743787,0.9858809,0.3787989,-0.4143817,1.535242,0.4469613,-1.192124,0.872864,0.2473992,False,0,1,10
6/25/2025 12:09:39 PM,1750846179804,Right,-0.5148385,1.083431,0.4277111,-0.8856181,1.014118,0.366645,-0.5168765,1.060757,0.4881534,-0.868911,0.9765965,0.3659647,-0.4156147,1.5358,0.4407696,-1.180759,0.8581699,0.2267749,False,0,1,10
6/25/2025 12:09:39 PM,1750846179817,Right,-0.513237,1.081635,0.4262512,-0.8830712,1.012238,0.3617064,-0.5152836,1.058612,0.4865041,-0.8665679,0.9741852,0.3630888,-0.4158355,1.535956,0.4380589,-1.177907,0.8558323,0.222097,False,0,1,10
6/25/2025 12:09:39 PM,1750846179845,Right,-0.5114385,1.079389,0.4269755,-0.8768182,1.005836,0.35076,-0.5116407,1.053342,0.4848875,-0.860443,0.9662066,0.3607889,-0.4164743,1.536558,0.4332107,-1.171539,0.8451146,0.2179124,False,0,1,10
6/25/2025 12:09:39 PM,1750846179859,Right,-0.5100092,1.077921,0.4274831,-0.8730993,1.002371,0.3454473,-0.5098965,1.052348,0.4856185,-0.8594521,0.9668381,0.3639175,-0.4171466,1.5369,0.4308189,-1.172295,0.8475046,0.2222423,False,0,1,10
6/25/2025 12:09:39 PM,1750846179886,Right,-0.5077301,1.078309,0.4298155,-0.8650433,0.9955266,0.3359733,-0.5064238,1.050891,0.4888059,-0.8557235,0.9650528,0.3718009,-0.4184699,1.537444,0.4267111,-1.171459,0.8450131,0.2329889,False,0,1,10
6/25/2025 12:09:39 PM,1750846179900,Right,-0.5060437,1.07756,0.4312282,-0.8604178,0.9919335,0.3314742,-0.5035056,1.049546,0.4897958,-0.855305,0.9673345,0.3785286,-0.4191662,1.537905,0.4250778,-1.174564,0.8510558,0.2440665,False,0,1,10
6/25/2025 12:09:39 PM,1750846179928,Right,-0.5013584,1.075519,0.4350936,-0.8588766,0.9907838,0.3300975,-0.4974869,1.047452,0.4927353,-0.8589956,0.9786403,0.3904169,-0.4201864,1.538684,0.4229839,-1.182349,0.8773265,0.2644358,False,0,1,10
6/25/2025 12:09:39 PM,1750846179943,Right,-0.4989284,1.075147,0.4370596,-0.8588766,0.9907838,0.3300975,-0.4940786,1.045942,0.4939596,-0.85853,0.9803656,0.3897374,-0.4205883,1.539211,0.4223698,-1.179865,0.8831239,0.2631187,False,0,1,10
6/25/2025 12:09:39 PM,1750846179956,Right,-0.4961154,1.075418,0.4400625,-0.8588766,0.9907838,0.3300975,-0.4905455,1.045789,0.4966917,-0.861253,0.9892973,0.3963698,-0.4206563,1.539595,0.4220649,-1.183151,0.9022848,0.2735226,False,0,1,10
6/25/2025 12:09:39 PM,1750846179984,Right,-0.4902778,1.077786,0.4472885,-0.8588766,0.9907838,0.3300975,-0.4815082,1.043009,0.4997092,-0.8634896,1.002095,0.4029989,-0.4205179,1.54048,0.4227028,-1.182712,0.932187,0.2849256,False,0,1,10
6/25/2025 12:09:39 PM,1750846179998,Right,-0.4872171,1.08032,0.4522341,-0.8588766,0.9907838,0.3300975,-0.4760742,1.041836,0.5022038,-0.8661497,1.005789,0.4163063,-0.4198053,1.540837,0.4238014,-1.184861,0.9424498,0.3076672,False,0,1,10
6/25/2025 12:09:40 PM,1750846180025,Right,-0.4779871,1.081693,0.4609661,-0.8588766,0.9907838,0.3300975,-0.464032,1.039482,0.5082115,-0.8692542,1.008571,0.4374782,-0.4181275,1.541693,0.426972,-1.18186,0.9542413,0.3422099,False,0,1,10
6/25/2025 12:09:40 PM,1750846180040,Right,-0.4719003,1.081693,0.4665138,-0.8498914,1.030566,0.4750416,-0.4565357,1.037063,0.5097633,-0.8340327,0.9968908,0.4752279,-0.4167717,1.541919,0.4291371,-1.182651,0.9314407,0.4015965,False,0,1,10
6/25/2025 12:09:40 PM,1750846180068,Right,-0.4581875,1.081432,0.4779862,-0.8316838,1.036313,0.5084291,-0.4407676,1.03253,0.5146676,-0.8162159,0.9949341,0.5055544,-0.413354,1.542337,0.4341867,-1.173428,0.9350759,0.4529322,False,0,1,10
6/25/2025 12:09:40 PM,1750846180081,Right,-0.4500278,1.080921,0.4849035,-0.8217345,1.038099,0.5250289,-0.4318171,1.030466,0.5179376,-0.8064604,0.9954501,0.5245538,-0.4112289,1.542568,0.4372488,-1.16738,0.9411035,0.4853607,False,0,1,10
6/25/2025 12:09:40 PM,1750846180096,Right,-0.4410368,1.080393,0.4914642,-0.8107492,1.038608,0.5414557,-0.422737,1.02836,0.52088,-0.7961959,0.9933771,0.5356465,-0.4085975,1.542705,0.4407027,-1.159009,0.9405681,0.5036704,False,0,1,10
6/25/2025 12:09:40 PM,1750846180123,Right,-0.4211304,1.078492,0.5047841,-0.7872368,1.037461,0.5723256,-0.4004397,1.0211,0.5255766,-0.7708898,0.9911156,0.5720313,-0.4028996,1.542735,0.4484315,-1.1375,0.9506401,0.5689064,False,0,1,10
6/25/2025 12:09:40 PM,1750846180136,Right,-0.408696,1.076162,0.5114274,-0.7720718,1.036981,0.5894803,-0.3879575,1.016773,0.5272699,-0.7552366,0.9882452,0.5902938,-0.3998204,1.542825,0.452826,-1.123043,0.953576,0.6031394,False,0,1,10
6/25/2025 12:09:40 PM,1750846180165,Right,-0.3833311,1.071395,0.5232663,-0.7461155,1.034142,0.6216322,-0.3624296,1.009557,0.5296423,-0.7295165,0.9855238,0.6148,-0.3929188,1.542721,0.4624848,-1.093177,0.9633356,0.6478429,False,0,1,10
6/25/2025 12:09:40 PM,1750846180179,Right,-0.3680433,1.067245,0.5280967,-0.7258677,1.020546,0.6374885,-0.3489449,1.00758,0.5282409,-0.7109072,0.9820848,0.631354,-0.3888948,1.542538,0.4678627,-1.072989,0.9634305,0.6828724,False,0,1,10
6/25/2025 12:09:40 PM,1750846180207,Right,-0.337106,1.059689,0.5344874,-0.6806612,1.002076,0.6719597,-0.3237896,1.001512,0.5226191,-0.6722381,0.9684502,0.6558303,-0.3799455,1.541978,0.479604,-1.030599,0.9500248,0.7414104,False,0,1,10
6/25/2025 12:09:40 PM,1750846180221,Right,-0.3201321,1.053522,0.5351332,-0.6570993,0.9961756,0.6843202,-0.3088962,0.9984372,0.5194479,-0.6481053,0.9609878,0.669943,-0.3749356,1.541309,0.4862478,-1.002326,0.9438946,0.7768973,False,0,1,10
6/25/2025 12:09:40 PM,1750846180249,Right,-0.2868405,1.043048,0.5337155,-0.6108167,0.9778079,0.7068025,-0.282731,0.989979,0.508063,-0.6077879,0.9475612,0.6860592,-0.3647171,1.539087,0.4997406,-0.9504542,0.9328095,0.8258327,False,0,1,10
6/25/2025 12:09:40 PM,1750846180262,Right,-0.2687978,1.037313,0.5307091,-0.5857541,0.9667831,0.7153196,-0.2693058,0.9870268,0.4984873,-0.5833099,0.9400436,0.6950963,-0.3596088,1.537718,0.5067052,-0.9156281,0.9247365,0.856939,False,0,1,10
6/25/2025 12:09:40 PM,1750846180276,Right,-0.2517571,1.031469,0.5268971,-0.5616595,0.956607,0.7230011,-0.2565662,0.9834466,0.4899525,-0.5644014,0.9333253,0.6967449,-0.3545041,1.535981,0.5140387,-0.8898329,0.9172502,0.8703358,False,0,1,10
6/25/2025 12:09:40 PM,1750846180304,Right,-0.2177457,1.021355,0.5139894,-0.5090236,0.9363538,0.7306229,-0.2308728,0.9772019,0.4699463,-0.5097478,0.9155564,0.7095569,-0.34321,1.531908,0.5302666,-0.809544,0.8935329,0.9262787,False,0,1,10
6/25/2025 12:09:40 PM,1750846180318,Right,-0.2002362,1.016015,0.5061812,-0.4817653,0.924198,0.7329613,-0.2178767,0.9744539,0.459008,-0.4882724,0.9081445,0.7071257,-0.3374785,1.529663,0.5394075,-0.7791967,0.883163,0.9351234,False,0,1,10
6/25/2025 12:09:40 PM,1750846180345,Right,-0.1628598,1.008617,0.4825275,-0.4278675,0.9053667,0.731149,-0.1914552,0.9735245,0.4352715,-0.4375285,0.8941602,0.7104161,-0.3259676,1.523958,0.5586448,-0.6958438,0.8622775,0.9675462,False,0,1,10
6/25/2025 12:09:40 PM,1750846180360,Right,-0.1458958,1.004832,0.4690062,-0.3995726,0.8950861,0.7279136,-0.1782199,0.9729028,0.4233402,-0.4161308,0.8873184,0.7050323,-0.3198638,1.520084,0.5687033,-0.6639224,0.8510087,0.9704553,False,0,1,10
6/25/2025 12:09:40 PM,1750846180387,Right,-0.1179193,1.000974,0.4380268,-0.3442417,0.8743961,0.7118997,-0.1586231,0.9726028,0.3932546,-0.360378,0.8688115,0.6944458,-0.3070089,1.510736,0.5882481,-0.5719097,0.8155984,0.9887745,False,0,1,10
6/25/2025 12:09:40 PM,1750846180401,Right,-0.1050321,1.000057,0.4208422,-0.3174473,0.865077,0.7032424,-0.1495425,0.9726332,0.3766103,-0.3402127,0.8615038,0.6836492,-0.3000224,1.505628,0.598471,-0.5388227,0.8019657,0.9844209,False,0,1,10
6/25/2025 12:09:40 PM,1750846180429,Right,-0.08937453,0.9977053,0.3844921,-0.2693452,0.8489359,0.6792222,-0.1367721,0.9770684,0.3440879,-0.2870173,0.8458019,0.6627556,-0.2856227,1.494081,0.619101,-0.4477553,0.7648309,0.9831065,False,0,1,10
6/25/2025 12:09:40 PM,1750846180442,Right,-0.08208055,0.9959629,0.3641376,-0.2451118,0.8387547,0.6659842,-0.1310437,0.9777023,0.3265776,-0.2688869,0.8382889,0.6488748,-0.2776834,1.487262,0.6292844,-0.4159368,0.7500955,0.9724345,False,0,1,10
6/25/2025 12:09:40 PM,1750846180457,Right,-0.07683568,0.9954309,0.3453602,-0.2245612,0.8296954,0.6514256,-0.1272239,0.9783595,0.3092228,-0.2461503,0.8292756,0.6355728,-0.2695582,1.480039,0.6395415,-0.3748337,0.7317447,0.9634174,False,0,1,10
6/25/2025 12:09:40 PM,1750846180485,Right,-0.07026045,0.9990593,0.3096839,-0.1844981,0.812395,0.6166344,-0.1222366,0.9816838,0.2769392,-0.2074899,0.8137268,0.6034063,-0.2524207,1.463675,0.6590044,-0.3036433,0.6959927,0.9369183,False,0,1,10
6/25/2025 12:09:40 PM,1750846180499,Right,-0.06909382,1.002032,0.2917129,-0.1658155,0.8045799,0.5971773,-0.1228322,0.9863948,0.2618934,-0.1883437,0.8068266,0.5860373,-0.2438068,1.454179,0.6679704,-0.2654139,0.6764504,0.9204562,False,0,1,10
6/25/2025 12:09:40 PM,1750846180512,Right,-0.06949727,1.003602,0.2752475,-0.1494929,0.7973477,0.5781452,-0.1241879,0.9903074,0.2480744,-0.1708884,0.7994263,0.5675431,-0.2351391,1.444323,0.6770663,-0.2296192,0.6559128,0.9016527,False,0,1,10
6/25/2025 12:09:40 PM,1750846180553,Right,-0.07329997,1.013137,0.2473871,-0.12064,0.7835373,0.5380769,-0.1297709,0.9983296,0.2223889,-0.1452521,0.7879847,0.5305467,-0.219017,1.422889,0.694308,-0.1711915,0.6220796,0.8602136,False,0,1,10
6/25/2025 12:09:40 PM,1750846180568,Right,-0.08146191,1.020209,0.2203873,-0.09755845,0.7715681,0.4951065,-0.1387765,1.006078,0.1998135,-0.1242807,0.7775184,0.492534,-0.2109134,1.410403,0.7025651,-0.1181992,0.5896716,0.8132318,False,0,1,10
6/25/2025 12:09:40 PM,1750846180581,Right,-0.08517496,1.023142,0.2095738,-0.08914813,0.7664905,0.4774887,-0.1450153,1.00809,0.1898808,-0.1164159,0.7710341,0.4738473,-0.194669,1.387025,0.7190046,-0.0954646,0.5728483,0.7883871,False,0,1,10
6/25/2025 12:09:40 PM,1750846180594,Right,-0.08761852,1.026317,0.2000967,-0.08193345,0.7608587,0.4599505,-0.150957,1.010446,0.1804698,-0.110204,0.7652151,0.4574786,-0.1865845,1.374374,0.7258371,-0.0763696,0.5595353,0.7646068,False,0,1,10
6/25/2025 12:09:40 PM,1750846180622,Right,-0.09571805,1.030511,0.1813566,-0.07187708,0.7499366,0.4253059,-0.1602382,1.014827,0.1659766,-0.09971398,0.7536701,0.4246298,-0.1708205,1.348807,0.7383825,-0.04554722,0.5303537,0.7157326,False,0,1,10
6/25/2025 12:09:40 PM,1750846180637,Right,-0.1035943,1.032782,0.1748566,-0.06960498,0.7432902,0.4088711,-0.1667327,1.013453,0.1585859,-0.09707909,0.745356,0.4094613,-0.1629269,1.335645,0.7438494,-0.03416049,0.5158145,0.6923277,False,0,1,10
6/25/2025 12:09:40 PM,1750846180665,Right,-0.1155417,1.029191,0.1633788,-0.06633555,0.7297148,0.3813845,-0.1778817,1.009813,0.1481875,-0.09310577,0.7312076,0.3823119,-0.1482518,1.31153,0.7538749,-0.01490957,0.4891862,0.6506691,False,0,1,10
6/25/2025 12:09:40 PM,1750846180678,Right,-0.1210219,1.02364,0.1592199,-0.06578985,0.7213317,0.3702405,-0.1832213,1.006698,0.1434714,-0.09118354,0.7236505,0.3689343,-0.1410542,1.299459,0.7585934,-0.005220801,0.4758905,0.6299479,False,0,1,10
6/25/2025 12:09:40 PM,1750846180707,Right,-0.1303985,1.009745,0.1531052,-0.06695948,0.7018925,0.3516059,-0.1919678,0.9931224,0.1383108,-0.09433256,0.7055814,0.3528291,-0.128546,1.275957,0.7670521,-0.002353176,0.4495419,0.605929,False,0,1,10
6/25/2025 12:09:40 PM,1750846180720,Right,-0.1332675,1.002011,0.1524353,-0.06800814,0.6896182,0.3452622,-0.1948811,0.9855623,0.138114,-0.09547045,0.6945827,0.3489804,-0.1229742,1.264128,0.7708985,-0.002413779,0.4361584,0.5976917,False,0,1,10
6/25/2025 12:09:40 PM,1750846180748,Right,-0.1396616,0.9817635,0.1531477,-0.07013542,0.6655244,0.339265,-0.1993703,0.9667287,0.1397625,-0.09587105,0.6706657,0.342536,-0.1126919,1.241555,0.7786156,0.001405299,0.4072274,0.5833248,False,0,1,10
6/25/2025 12:09:40 PM,1750846180762,Right,-0.1409598,0.9690751,0.1566717,-0.07198104,0.651669,0.3408573,-0.2020238,0.9544462,0.1445113,-0.09852769,0.6569245,0.34502,-0.1084781,1.231058,0.7818848,-0.0009821355,0.391707,0.5838369,False,0,1,10
6/25/2025 12:09:40 PM,1750846180776,Right,-0.1427682,0.9561318,0.1611993,-0.07378846,0.6370397,0.3425509,-0.204354,0.9419706,0.1495456,-0.0982556,0.6422323,0.345437,-0.1043439,1.220657,0.7849857,0.002357051,0.3744569,0.5800091,False,0,1,10
6/25/2025 12:09:40 PM,1750846180804,Right,-0.1435433,0.9252488,0.1798421,-0.0783905,0.6041509,0.3572828,-0.2076722,0.9119007,0.1688707,-0.1048759,0.6105939,0.3625211,-0.09741557,1.200708,0.7893964,-0.006159857,0.3398988,0.5958446,False,0,1,10
6/25/2025 12:09:40 PM,1750846180818,Right,-0.1452049,0.9089783,0.1899778,-0.08137175,0.5868382,0.365669,-0.2089998,0.8958123,0.1793074,-0.1052618,0.5928451,0.3695225,-0.09462762,1.191962,0.7904724,-0.00504379,0.3199259,0.599851,False,0,1,10
6/25/2025 12:09:40 PM,1750846180845,Right,-0.1488302,0.8725239,0.2174381,-0.08619121,0.5492768,0.3934971,-0.2118153,0.8595141,0.2059443,-0.1121962,0.5552471,0.3980236,-0.08685732,1.17714,0.7917396,-0.01605377,0.2827348,0.6291502,False,0,1,10
6/25/2025 12:09:40 PM,1750846180859,Right,-0.1507315,0.8539249,0.2317224,-0.08911486,0.5301309,0.4080901,-0.2134342,0.840379,0.2197271,-0.1134284,0.5349113,0.4105642,-0.08182251,1.171418,0.7919511,-0.0168695,0.2618114,0.6401101,False,0,1,10
6/25/2025 12:09:40 PM,1750846180888,Right,-0.1550409,0.8139849,0.2639805,-0.09603312,0.4925624,0.4463153,-0.2176506,0.8002095,0.2509518,-0.1212359,0.4979368,0.4493788,-0.07227337,1.161468,0.7918388,-0.02883142,0.2294847,0.6853718,True,0,1,11
6/25/2025 12:09:40 PM,1750846180901,Right,-0.1579432,0.7935951,0.2812516,-0.09823035,0.4729959,0.4674809,-0.2197569,0.7791865,0.2679706,-0.1227507,0.4764857,0.4678637,-0.06848657,1.157013,0.7911011,-0.03044918,0.2097572,0.7038754,True,0,1,11
6/25/2025 12:09:40 PM,1750846180915,Right,-0.1577065,0.7735603,0.3006052,-0.1004024,0.4571339,0.4923602,-0.2219612,0.7584158,0.2871456,-0.1267761,0.4601451,0.4924484,-0.06518197,1.152757,0.7893049,-0.03626445,0.1966694,0.7344238,True,0,1,11
6/25/2025 12:09:40 PM,1750846180943,Right,-0.1644426,0.7340536,0.342599,-0.1061246,0.426506,0.5476922,-0.2276143,0.7153896,0.3252121,-0.1335001,0.4250756,0.5417981,-0.06162274,1.145366,0.7862855,-0.04465958,0.1705067,0.7939662,True,0,1,11
6/25/2025 12:09:40 PM,1750846180957,Right,-0.1672178,0.7153238,0.3662181,-0.1104037,0.4131484,0.5780405,-0.2294184,0.6947544,0.3501225,-0.1370609,0.411129,0.5746964,-0.06187248,1.142081,0.785338,-0.05019401,0.1628031,0.8348972,True,0,1,11
6/25/2025 12:09:40 PM,1750846180985,Right,-0.1691093,0.6808558,0.4137636,-0.1172806,0.3935275,0.6416174,-0.2330867,0.6587167,0.3960714,-0.1446953,0.389336,0.6344646,-0.06391001,1.137927,0.7836496,-0.06015299,0.1529356,0.9102499,True,0,1,11
6/25/2025 12:09:40 PM,1750846180998,Right,-0.1723336,0.6637213,0.4398403,-0.1217519,0.3855719,0.6758418,-0.2338483,0.644838,0.4218648,-0.1493267,0.385075,0.6689755,-0.06633949,1.137222,0.7838241,-0.06767631,0.1567367,0.9550104,True,0,1,11
6/25/2025 12:09:41 PM,1750846181026,Right,-0.1767444,0.6390468,0.488368,-0.1300632,0.3782184,0.7424268,-0.2350214,0.6239595,0.4734969,-0.1564133,0.3779712,0.7344518,-0.07227039,1.138906,0.7871243,-0.08129604,0.1636451,1.034371,True,0,1,11
6/25/2025 12:09:41 PM,1750846181040,Right,-0.1785784,0.6273328,0.5145826,-0.135697,0.3800522,0.7760515,-0.2362044,0.6130413,0.4965847,-0.1632357,0.3802581,0.7648036,-0.07459962,1.141056,0.7895252,-0.09319438,0.1746161,1.077473,True,0,1,11
6/25/2025 12:09:41 PM,1750846181068,Right,-0.1816635,0.6148059,0.5612454,-0.1449809,0.3897373,0.8408321,-0.2370098,0.5993037,0.5417752,-0.1723555,0.3856292,0.8252323,-0.08190036,1.147723,0.7942394,-0.1127182,0.1995133,1.154,True,0,1,11
6/25/2025 12:09:41 PM,1750846181082,Right,-0.1834207,0.6133437,0.5839694,-0.1503384,0.3984169,0.872472,-0.2392264,0.5947544,0.5632875,-0.179373,0.3927603,0.8567396,-0.08660054,1.151785,0.7963361,-0.1266159,0.2203539,1.19356,True,0,1,11
6/25/2025 12:09:41 PM,1750846181095,Right,-0.1849674,0.6139538,0.6054591,-0.1563668,0.4091732,0.9023081,-0.2397707,0.5949407,0.5852055,-0.1854102,0.4039003,0.8874931,-0.09176993,1.156429,0.7982732,-0.1392622,0.2444897,1.231102,True,0,1,11
6/25/2025 12:09:41 PM,1750846181123,Right,-0.18862,0.6189626,0.6453507,-0.1696923,0.4340397,0.9571689,-0.2430592,0.5984461,0.6249731,-0.1970844,0.4248386,0.9403671,-0.1012282,1.168819,0.8020984,-0.1615254,0.2861828,1.292763,True,0,1,11
6/25/2025 12:09:41 PM,1750846181138,Right,-0.1911895,0.6245121,0.6638952,-0.1765837,0.4488015,0.9813159,-0.2454466,0.6025257,0.6432352,-0.2043478,0.4389157,0.9647154,-0.1057518,1.176927,0.8044163,-0.1740654,0.3115562,1.32172,True,0,1,11
6/25/2025 12:09:41 PM,1750846181165,Right,-0.1966874,0.6376765,0.6967971,-0.1909461,0.4795742,1.022957,-0.249189,0.6141528,0.6758686,-0.2168305,0.4666933,1.005431,-0.1154422,1.19521,0.8090726,-0.1960811,0.3567233,1.369417,True,0,1,11
6/25/2025 12:09:41 PM,1750846181179,Right,-0.1994093,0.6458101,0.7111632,-0.1981925,0.4963564,1.040432,-0.2526129,0.6220448,0.6906291,-0.223764,0.4815002,1.022571,-0.1213725,1.204789,0.8111783,-0.2077854,0.378133,1.389627,True,0,1,11
6/25/2025 12:09:41 PM,1750846181206,Right,-0.2046805,0.6625648,0.7355832,-0.2141822,0.5280222,1.071143,-0.2579618,0.6381997,0.7149103,-0.2374264,0.5111792,1.052898,-0.133656,1.224902,0.814809,-0.2311715,0.4225619,1.424052,True,0,1,11
6/25/2025 12:09:41 PM,1750846181221,Right,-0.2072992,0.6719677,0.7462429,-0.2223151,0.544919,1.083716,-0.2605446,0.6469219,0.7247779,-0.2450905,0.5266155,1.064716,-0.1399698,1.235154,0.8164049,-0.2445073,0.4448018,1.438214,True,0,1,11
6/25/2025 12:09:41 PM,1750846181248,Right,-0.2135223,0.6910218,0.7632415,-0.238612,0.5778145,1.103635,-0.2660428,0.6648011,0.7408595,-0.2609498,0.5565765,1.083767,-0.1531148,1.255817,0.8184432,-0.2711951,0.4873266,1.460982,True,0,1,11
6/25/2025 12:09:41 PM,1750846181262,Right,-0.2169494,0.7003407,0.7699764,-0.2471469,0.5952374,1.114189,-0.26877,0.673851,0.7468837,-0.2698057,0.5718367,1.093285,-0.1597481,1.266453,0.8191603,-0.2866527,0.5103316,1.4701,True,0,1,11
6/25/2025 12:09:41 PM,1750846181276,Right,-0.220344,0.7097468,0.7759125,-0.2563942,0.6113428,1.122101,-0.2714882,0.6826241,0.7523704,-0.2781314,0.587124,1.101126,-0.1663685,1.277498,0.8192993,-0.301128,0.5329679,1.478197,True,0,1,11
6/25/2025 12:09:41 PM,1750846181304,Right,-0.2267629,0.7264012,0.7838771,-0.2768171,0.6418364,1.130794,-0.2765791,0.6988648,0.7588602,-0.2970006,0.6150057,1.10895,-0.1804166,1.300259,0.8185259,-0.33544,0.5727212,1.487368,True,0,1,11
6/25/2025 12:09:41 PM,1750846181318,Right,-0.2298857,0.7348,0.7871453,-0.2874627,0.6577143,1.1347,-0.2792124,0.7072082,0.7618582,-0.3063153,0.6297193,1.113013,-0.1868353,1.312058,0.8179682,-0.3521728,0.594258,1.491255,True,0,1,11
6/25/2025 12:09:41 PM,1750846181346,Right,-0.23749,0.7526879,0.7907026,-0.310401,0.6876422,1.138627,-0.2842048,0.7226281,0.7656885,-0.3276411,0.6568909,1.118353,-0.1994035,1.335356,0.8151642,-0.3914018,0.6341265,1.494232,True,0,1,11
6/25/2025 12:09:41 PM,1750846181359,Right,-0.2415534,0.7609758,0.7925656,-0.3222358,0.7022703,1.139701,-0.2868096,0.7306428,0.7671006,-0.3378867,0.6707755,1.119606,-0.2060926,1.346117,0.8124362,-0.4100373,0.6541193,1.494465,True,0,1,11
6/25/2025 12:09:41 PM,1750846181387,Right,-0.2491328,0.7782395,0.7958269,-0.3478847,0.7309743,1.139057,-0.2937266,0.7452789,0.7677881,-0.3619277,0.6958054,1.11807,-0.2190943,1.367002,0.8054081,-0.4533226,0.6896177,1.489959,True,0,1,11
6/25/2025 12:09:41 PM,1750846181401,Right,-0.2535219,0.7873141,0.7970057,-0.3615749,0.7450981,1.138324,-0.2971987,0.7542216,0.7679663,-0.3738803,0.7100579,1.11742,-0.2253637,1.376825,0.801149,-0.4744509,0.7094348,1.486768,True,0,1,11
6/25/2025 12:09:41 PM,1750846181415,Right,-0.2583981,0.7965801,0.7975816,-0.3759532,0.7593127,1.136734,-0.3013608,0.761713,0.7676344,-0.3875861,0.7225315,1.115832,-0.2313365,1.387053,0.796908,-0.4986076,0.7270015,1.481769,True,0,1,11
6/25/2025 12:09:41 PM,1750846181443,Right,-0.2693482,0.8155476,0.79874,-0.4053882,0.7876689,1.131403,-0.3086307,0.7783597,0.767979,-0.4137401,0.7475404,1.111396,-0.2440339,1.406103,0.7874941,-0.5463712,0.7599289,1.470289,True,0,1,11
6/25/2025 12:09:41 PM,1750846181457,Right,-0.276566,0.8260686,0.7982139,-0.4215127,0.8020005,1.127071,-0.3133114,0.7867869,0.7675874,-0.4288526,0.7594723,1.107629,-0.2508904,1.414851,0.7825686,-0.5737075,0.7748529,1.461959,True,0,1,11
6/25/2025 12:09:41 PM,1750846181484,Right,-0.2905653,0.8472555,0.7974254,-0.4539055,0.8269776,1.118253,-0.3228617,0.8055538,0.7663208,-0.4594495,0.7846945,1.099349,-0.2652767,1.430928,0.7709206,-0.6277091,0.8056933,1.442463,True,0,1,11
6/25/2025 12:09:41 PM,1750846181499,Right,-0.2982281,0.8586316,0.7962644,-0.4713642,0.8382631,1.112803,-0.32782,0.8156654,0.7656803,-0.4764749,0.7979993,1.09453,-0.2724171,1.439512,0.7647902,-0.6574205,0.821731,1.43008,True,0,1,11
6/25/2025 12:09:41 PM,1750846181526,Right,-0.3152086,0.8807127,0.7931276,-0.4695495,0.8329559,1.109124,-0.3390941,0.8350348,0.7635518,-0.5047341,0.8163438,1.076862,-0.2859895,1.457203,0.7529501,-0.7115319,0.8363901,1.404947,True,0,1,11
6/25/2025 12:09:41 PM,1750846181540,Right,-0.3239684,0.8927869,0.7915947,-0.5336007,0.8735756,1.081191,-0.3452921,0.8452591,0.7623282,-0.5248978,0.8291298,1.07131,-0.2930567,1.465468,0.7464424,-0.7449481,0.8506524,1.387105,True,0,1,11
6/25/2025 12:09:41 PM,1750846181568,Right,-0.3428131,0.9172833,0.7869457,-0.5723647,0.8956421,1.060364,-0.3581306,0.8657636,0.7587925,-0.5594556,0.8491021,1.053792,-0.3063672,1.481404,0.7313851,-0.8051056,0.8663948,1.350665,True,0,1,11
6/25/2025 12:09:41 PM,1750846181582,Right,-0.3539581,0.9298112,0.7831308,-0.591648,0.9060853,1.049582,-0.3661888,0.8760319,0.7567818,-0.5793257,0.8591244,1.043607,-0.3117886,1.489144,0.723708,-0.8382272,0.8738999,1.328861,True,0,1,11
6/25/2025 12:09:41 PM,1750846181596,Right,-0.365063,0.942439,0.7792581,-0.6121996,0.9174134,1.037546,-0.3745762,0.8865811,0.7542163,-0.5996287,0.8693248,1.032429,-0.3166981,1.496941,0.7155445,-0.8711259,0.8814634,1.305136,True,0,1,11
6/25/2025 12:09:41 PM,1750846181623,Right,-0.3880358,0.965557,0.7700571,-0.6537696,0.938217,1.01005,-0.3911597,0.9089289,0.7480944,-0.6384219,0.8888593,1.007625,-0.3253092,1.51202,0.6983359,-0.9326942,0.8936046,1.254657,True,0,1,11
6/25/2025 12:09:41 PM,1750846181638,Right,-0.3998915,0.9777761,0.7654225,-0.6751017,0.9486899,0.9937904,-0.3999433,0.9198807,0.7450217,-0.6580987,0.8977331,0.9931387,-0.3290236,1.51933,0.6895649,-0.9641938,0.8973071,1.225867,True,0,1,11
6/25/2025 12:09:41 PM,1750846181665,Right,-0.4246892,1.000131,0.7519937,-0.7190136,0.9673207,0.9595681,-0.4183247,0.9394969,0.73769,-0.7000633,0.9151279,0.9629015,-0.3355165,1.532603,0.6718141,-1.025204,0.9070438,1.16283,True,0,1,11
6/25/2025 12:09:41 PM,1750846181679,Right,-0.4394966,1.009622,0.7398928,-0.7412483,0.977302,0.9384694,-0.4291503,0.9489743,0.7320279,-0.7216918,0.923843,0.9446674,-0.3377764,1.538647,0.6629648,-1.055321,0.9114336,1.127757,True,0,1,11
6/25/2025 12:09:41 PM,1750846181706,Right,-0.4658408,1.026715,0.7191856,-0.7804689,0.987564,0.8953378,-0.4501694,0.9666243,0.7204301,-0.7590765,0.9364218,0.9079606,-0.3416452,1.549364,0.6458006,-1.106719,0.9109259,1.06093,True,0,1,11
6/25/2025 12:09:41 PM,1750846181721,Right,-0.4784008,1.032649,0.7078236,-0.8001218,0.9936767,0.8712081,-0.4611054,0.9747701,0.7141086,-0.7789542,0.9429621,0.8862296,-0.3435243,1.553818,0.6376193,-1.133263,0.9119179,1.02128,True,0,1,11
6/25/2025 12:09:41 PM,1750846181748,Right,-0.5026841,1.04428,0.6846308,-0.8358052,1.002495,0.8210749,-0.4831011,0.9880394,0.6979309,-0.8137634,0.9495088,0.8410116,-0.3475125,1.561171,0.6219194,-1.177793,0.9053312,0.9442288,True,0,1,11
6/25/2025 12:09:41 PM,1750846181762,Right,-0.5149329,1.049712,0.6712379,-0.8515453,1.005684,0.7934104,-0.4944346,0.9945419,0.6877586,-0.8292135,0.9524676,0.8154938,-0.3495147,1.564004,0.6144419,-1.19804,0.9016321,0.9031805,True,0,1,11
6/25/2025 12:09:41 PM,1750846181776,Right,-0.5261977,1.053073,0.6574431,-0.8670148,1.005994,0.7680602,-0.5056062,0.9995988,0.6776009,-0.8453618,0.9527152,0.791302,-0.3516104,1.565983,0.6074538,-1.215874,0.8943971,0.8634831,True,0,1,11
6/25/2025 12:09:41 PM,1750846181804,Right,-0.5464704,1.059139,0.6256082,-0.8984418,1.000394,0.7164552,-0.5255544,1.007413,0.6570213,-0.8824033,0.9612591,0.7339041,-0.3570578,1.56783,0.5951098,-1.251577,0.9003894,0.7644354,True,0,1,11
6/25/2025 12:09:41 PM,1750846181818,Right,-0.5557789,1.059854,0.6086947,-0.9136882,0.9936624,0.6904893,-0.5356902,1.008685,0.6459498,-0.9008721,0.9613274,0.7039468,-0.3600283,1.568366,0.5893188,-1.265865,0.8978848,0.7142769,True,0,1,11
6/25/2025 12:09:41 PM,1750846181846,Right,-0.5709854,1.05829,0.5731959,-0.9423678,0.9722543,0.6386467,-0.5544412,1.014251,0.6204763,-0.9383215,0.9743806,0.6340905,-0.367999,1.564996,0.5808725,-1.289138,0.9142668,0.6024848,True,0,1,11
6/25/2025 12:09:41 PM,1750846181859,Right,-0.5783245,1.057428,0.5554482,-0.9550827,0.9580197,0.6136611,-0.5629281,1.017867,0.6079273,-0.9542133,0.9774678,0.5992182,-0.3718882,1.562601,0.5774059,-1.295124,0.914991,0.5495616,True,0,1,11
6/25/2025 12:09:41 PM,1750846181887,Right,-0.587411,1.05322,0.5246916,-0.9584028,0.9536706,0.6068354,-0.577521,1.025959,0.5832484,-0.9653972,0.9754314,0.5454893,-0.3802066,1.555075,0.5706909,-1.300011,0.8967909,0.476368,False,0,1,11
6/25/2025 12:09:41 PM,1750846181901,Right,-0.5919492,1.051598,0.5105618,-0.9584028,0.9536706,0.6068354,-0.5848503,1.028019,0.5704937,-0.9686275,0.9675598,0.5228853,-0.3850564,1.549839,0.5667078,-1.300603,0.8775311,0.4474039,False,0,1,11
6/25/2025 12:09:41 PM,1750846181915,Right,-0.5959877,1.051164,0.4992073,-0.9584028,0.9536706,0.6068354,-0.5903936,1.027767,0.5583154,-0.9712275,0.9633482,0.5009692,-0.389643,1.544789,0.5626668,-1.301084,0.8679047,0.4188025,False,0,1,11
6/25/2025 12:09:41 PM,1750846181942,Right,-0.6022561,1.046924,0.4769955,-0.9677948,0.9785085,0.4823906,-0.5993807,1.025305,0.537154,-0.957095,0.9363208,0.4849277,-0.3976072,1.535709,0.5571479,-1.296613,0.8098515,0.4046861,False,0,1,11
6/25/2025 12:09:41 PM,1750846181957,Right,-0.6035978,1.047114,0.470952,-0.9692735,0.9779181,0.4568794,-0.6024296,1.022885,0.5277821,-0.9589362,0.9330083,0.4679606,-0.4016234,1.532001,0.5555006,-1.296211,0.8066155,0.3794748,False,0,1,11
6/25/2025 12:09:41 PM,1750846181984,Right,-0.6057835,1.042775,0.4573441,-0.9695814,0.9708186,0.4300339,-0.6068243,1.017548,0.5133027,-0.9589514,0.9227556,0.4404894,-0.4086899,1.525651,0.5533144,-1.291492,0.7924804,0.3381596,False,0,1,11
6/25/2025 12:09:41 PM,1750846181998,Right,-0.6067634,1.040317,0.4531168,-0.9681308,0.9678091,0.4181311,-0.6080216,1.015361,0.5099019,-0.9573504,0.9196284,0.4330197,-0.4120264,1.522882,0.5529917,-1.289595,0.7888924,0.3247812,False,0,1,11
6/25/2025 12:09:42 PM,1750846182026,Right,-0.6060144,1.033629,0.4483728,-0.9659879,0.9617873,0.402578,-0.6092377,1.009477,0.5053343,-0.9547636,0.9110626,0.4171703,-0.4173269,1.517198,0.5517043,-1.282567,0.7780684,0.2975399,False,0,1,11
6/25/2025 12:09:42 PM,1750846182040,Right,-0.6061135,1.030098,0.4480158,-0.9645711,0.9591758,0.3976522,-0.6083502,1.004525,0.5036224,-0.9528447,0.9083756,0.4132538,-0.4188988,1.515064,0.5513136,-1.281509,0.777311,0.2907116,False,0,1,11
6/25/2025 12:09:42 PM,1750846182068,Right,-0.6049154,1.02389,0.4488469,-0.9617953,0.9558844,0.3910512,-0.6061432,0.9954798,0.5022497,-0.9482987,0.9003873,0.4061858,-0.4213271,1.512083,0.5514604,-1.276041,0.7695835,0.2779536,False,0,1,11
6/25/2025 12:09:42 PM,1750846182082,Right,-0.6038573,1.02105,0.4504717,-0.9597018,0.9541326,0.3908868,-0.6051698,0.9920368,0.5033764,-0.9469857,0.8993818,0.4071729,-0.4220827,1.511241,0.5523095,-1.276247,0.7709888,0.2777801,False,0,1,11
6/25/2025 12:09:42 PM,1750846182095,Right,-0.6026739,1.018344,0.4519992,-0.958317,0.9517435,0.3917569,-0.6037833,0.9885769,0.5047196,-0.9462712,0.8989334,0.4086552,-0.4225518,1.510486,0.5533471,-1.276795,0.7741655,0.2784823,False,0,1,11
6/25/2025 12:09:42 PM,1750846182123,Right,-0.5981483,1.013129,0.4544286,-0.9555553,0.9480568,0.3960297,-0.5999315,0.9824676,0.5076645,-0.9435532,0.8952988,0.4092421,-0.421741,1.508978,0.5558337,-1.273225,0.7743565,0.2764375,False,0,1,11
6/25/2025 12:09:42 PM,1750846182138,Right,-0.5971224,1.01046,0.4585841,-0.9542541,0.9463242,0.4004025,-0.5976586,0.9792234,0.5103878,-0.942239,0.8943877,0.4149398,-0.42082,1.508277,0.5576288,-1.274168,0.7768114,0.2835287,False,0,1,11
6/25/2025 12:09:42 PM,1750846182165,Right,-0.5952401,1.007762,0.4678648,-0.9509265,0.9429919,0.4117855,-0.5916781,0.9740863,0.51608,-0.9359856,0.8893372,0.4257959,-0.4182093,1.507009,0.5616205,-1.271126,0.772851,0.2970926,False,0,1,11
6/25/2025 12:09:42 PM,1750846182179,Right,-0.5923543,1.008244,0.4728486,-0.9479371,0.941397,0.4201728,-0.5874822,0.9713102,0.5194414,-0.9335992,0.8887306,0.4351496,-0.4161354,1.506342,0.5639015,-1.271906,0.7761655,0.3106763,False,0,1,11
6/25/2025 12:09:42 PM,1750846182206,Right,-0.5862757,1.006724,0.4846032,-0.9414142,0.9378795,0.4387544,-0.5768893,0.9649088,0.5249826,-0.9246564,0.8840802,0.45073,-0.4108179,1.505155,0.5693269,-1.268043,0.7757409,0.3336132,False,0,1,11
6/25/2025 12:09:42 PM,1750846182220,Right,-0.5811497,1.004783,0.4909901,-0.9372801,0.9364523,0.4499761,-0.5705197,0.9604762,0.5280906,-0.9211948,0.8832766,0.4629036,-0.4072758,1.504418,0.5722352,-1.268684,0.7813674,0.353201,False,0,1,11
6/25/2025 12:09:42 PM,1750846182248,Right,-0.5704294,1.00234,0.5043277,-0.9270684,0.9332368,0.4747089,-0.5566574,0.9523881,0.5352573,-0.9099807,0.8789941,0.483977,-0.398945,1.502738,0.5787551,-1.263547,0.784711,0.3859528,False,0,1,11
6/25/2025 12:09:42 PM,1750846182262,Right,-0.5638964,1.001388,0.5116645,-0.9204552,0.9321077,0.4888905,-0.5480388,0.9490124,0.5393831,-0.9029416,0.8782046,0.5007116,-0.3941996,1.502007,0.5823818,-1.261453,0.7896633,0.4138889,False,0,1,11
6/25/2025 12:09:42 PM,1750846182276,Right,-0.5569054,1.000226,0.5185334,-0.9133251,0.9303047,0.5035136,-0.5393846,0.9457184,0.5437357,-0.894383,0.8753474,0.5093659,-0.3889596,1.501102,0.5860389,-1.254663,0.7885979,0.4263023,False,0,1,11
6/25/2025 12:09:42 PM,1750846182304,Right,-0.5390798,0.9964957,0.5364624,-0.8935345,0.9261764,0.5371753,-0.5187657,0.9387867,0.5521603,-0.8737966,0.8713368,0.5480056,-0.3775351,1.49865,0.5941358,-1.24404,0.7949262,0.4940136,False,0,1,11
6/25/2025 12:09:42 PM,1750846182318,Right,-0.5291483,0.9937419,0.5448736,-0.8829806,0.9237748,0.554144,-0.5077763,0.9347312,0.5564908,-0.8623509,0.8678797,0.5582318,-0.3712595,1.497117,0.5985723,-1.234517,0.7940028,0.5101948,False,0,1,11
6/25/2025 12:09:42 PM,1750846182345,Right,-0.5051315,0.9855936,0.5608923,-0.8595954,0.9205853,0.5895159,-0.4839663,0.9298509,0.560707,-0.8369142,0.8645244,0.5871726,-0.3579184,1.493044,0.6078094,-1.214007,0.7990104,0.5654336,False,0,1,11
6/25/2025 12:09:42 PM,1750846182359,Right,-0.492337,0.9810254,0.5687503,-0.8480772,0.9116965,0.6075374,-0.4707332,0.9246207,0.5630699,-0.8277484,0.8642592,0.6034858,-0.3511171,1.490551,0.61252,-1.202836,0.8105341,0.5963841,False,0,1,11
6/25/2025 12:09:42 PM,1750846182387,Right,-0.4622703,0.9688941,0.5809224,-0.8186065,0.8938168,0.6441601,-0.4442284,0.9140615,0.5649682,-0.8045722,0.8596675,0.6293598,-0.3367844,1.483872,0.6223634,-1.17544,0.8212867,0.6475687,False,0,1,11
6/25/2025 12:09:42 PM,1750846182401,Right,-0.4461137,0.9624802,0.5867372,-0.8013738,0.8865133,0.663062,-0.4292761,0.9098508,0.5662876,-0.7868073,0.8551639,0.6490948,-0.32971,1.479863,0.6276394,-1.155604,0.8223761,0.6883368,False,0,1,11
6/25/2025 12:09:42 PM,1750846182429,Right,-0.410742,0.9494337,0.5910136,-0.7564481,0.870362,0.699106,-0.3978133,0.8993405,0.564952,-0.7477366,0.8427765,0.675945,-0.3150069,1.470729,0.6386044,-1.111429,0.8159605,0.7490736,False,0,1,11
6/25/2025 12:09:42 PM,1750846182442,Right,-0.3916967,0.9420602,0.5938404,-0.732896,0.8602604,0.7169352,-0.3824697,0.8940692,0.5593381,-0.7246622,0.8353338,0.6920639,-0.3076527,1.465549,0.6445948,-1.082159,0.8097762,0.790488,False,0,1,11
6/25/2025 12:09:42 PM,1750846182457,Right,-0.3720947,0.9345803,0.5931359,-0.7063956,0.8514122,0.7321962,-0.3675565,0.889567,0.5522308,-0.6989774,0.8269408,0.7076461,-0.3001873,1.460051,0.6506275,-1.048199,0.8002012,0.8330149,False,0,1,11
6/25/2025 12:09:42 PM,1750846182484,Right,-0.3341694,0.9200956,0.5885936,-0.6497696,0.8331234,0.7535011,-0.3387094,0.8806945,0.5400898,-0.6444297,0.809098,0.7292691,-0.285146,1.447633,0.662603,-0.9786532,0.7747015,0.8997252,False,0,1,11
6/25/2025 12:09:42 PM,1750846182498,Right,-0.3164354,0.9142042,0.5814961,-0.6196346,0.8241914,0.7649588,-0.3228843,0.8761254,0.5326871,-0.6133946,0.7994686,0.7410102,-0.2774351,1.440952,0.6689239,-0.9343507,0.76134,0.9364609,False,0,1,11
6/25/2025 12:09:42 PM,1750846182526,Right,-0.2812237,0.9023167,0.5652636,-0.5619975,0.8057306,0.7817258,-0.2955274,0.8689848,0.5157984,-0.563288,0.7845877,0.7525793,-0.2614094,1.426384,0.6819816,-0.8587581,0.7413642,0.9811847,False,0,1,11
6/25/2025 12:09:42 PM,1750846182540,Right,-0.2652342,0.8975258,0.5537932,-0.5319588,0.7963595,0.7851923,-0.2835429,0.8659856,0.5047888,-0.5336093,0.7750746,0.7577945,-0.2533977,1.418702,0.6891809,-0.8111969,0.7261103,1.0069,False,0,1,11
6/25/2025 12:09:42 PM,1750846182568,Right,-0.2355253,0.8865166,0.5309215,-0.4733402,0.7751312,0.7858914,-0.2620584,0.86067,0.4819082,-0.4813771,0.7583217,0.7563556,-0.2364411,1.402174,0.7028117,-0.728224,0.6982486,1.03545,False,0,1,11
6/25/2025 12:09:42 PM,1750846182582,Right,-0.2212709,0.8818087,0.517521,-0.4433656,0.7657366,0.7825812,-0.2511824,0.8572835,0.4692876,-0.4504238,0.7474763,0.754325,-0.2282046,1.393208,0.7092695,-0.6775206,0.6793072,1.049512,False,0,1,11
6/25/2025 12:09:42 PM,1750846182596,Right,-0.2083855,0.8787844,0.5035654,-0.4148007,0.7569903,0.7774702,-0.2408702,0.8555669,0.4573312,-0.4209216,0.7383987,0.7510566,-0.220041,1.383849,0.7152487,-0.6283197,0.6622696,1.05951,False,0,1,11
6/25/2025 12:09:42 PM,1750846182624,Right,-0.1824587,0.872866,0.475024,-0.361502,0.7389231,0.7636616,-0.2222097,0.8523782,0.4315289,-0.3730168,0.7235959,0.7379627,-0.2045512,1.363295,0.7256583,-0.5475276,0.6363475,1.062083,False,0,1,11
6/25/2025 12:09:42 PM,1750846182638,Right,-0.1714349,0.8708785,0.4590445,-0.3358065,0.7296311,0.7532732,-0.21424,0.8537378,0.4178956,-0.3474771,0.7170272,0.7293814,-0.1969576,1.352646,0.730332,-0.5029665,0.621653,1.060448,False,0,1,11
6/25/2025 12:09:42 PM,1750846182665,Right,-0.1539452,0.8686436,0.426649,-0.2897153,0.7126244,0.7317583,-0.2014219,0.8530211,0.3897871,-0.3063554,0.702988,0.7094916,-0.1810445,1.330672,0.7371036,-0.4294905,0.5960622,1.047097,False,0,1,11
6/25/2025 12:09:42 PM,1750846182679,Right,-0.1486387,0.8680204,0.4099551,-0.267875,0.7048895,0.7166213,-0.1971059,0.8514539,0.3739959,-0.2840703,0.6941168,0.6941639,-0.1729156,1.31945,0.7393217,-0.3893299,0.5782412,1.036193,False,0,1,11
6/25/2025 12:09:42 PM,1750846182707,Right,-0.1435322,0.8673773,0.3767769,-0.2288603,0.6891423,0.6837981,-0.1942002,0.8528302,0.3430737,-0.2484063,0.6819149,0.6611307,-0.1584156,1.297416,0.743179,-0.3202487,0.5491953,1.007918,False,0,1,11
6/25/2025 12:09:42 PM,1750846182720,Right,-0.1424237,0.8701908,0.3592012,-0.2111381,0.6815087,0.6654828,-0.1934335,0.8564271,0.329624,-0.2316866,0.6754855,0.6456433,-0.1516473,1.286512,0.7450267,-0.2862151,0.5327908,0.9904956,False,0,1,11
6/25/2025 12:09:42 PM,1750846182748,Right,-0.1442351,0.8738767,0.3258131,-0.1806985,0.6656249,0.6253749,-0.1977431,0.8602591,0.3004994,-0.205203,0.6627625,0.6092159,-0.1395044,1.264738,0.7490543,-0.226542,0.5022067,0.9493979,False,0,1,11
6/25/2025 12:09:42 PM,1750846182762,Right,-0.1463279,0.8778082,0.3099987,-0.1682223,0.6579177,0.6039346,-0.2028487,0.8624588,0.2869074,-0.1946925,0.6557146,0.5907903,-0.1339228,1.253825,0.7506505,-0.1979972,0.4863826,0.9261595,False,0,1,11
6/25/2025 12:09:42 PM,1750846182776,Right,-0.1489522,0.8795518,0.2948752,-0.1563418,0.6508911,0.5822901,-0.2094797,0.8629444,0.2725646,-0.187077,0.6494377,0.5705777,-0.1283404,1.242643,0.7513949,-0.1740802,0.4722931,0.9020393,False,0,1,11
6/25/2025 12:09:42 PM,1750846182804,Right,-0.1551729,0.8824044,0.2682828,-0.1391781,0.6379223,0.5402434,-0.2209864,0.8671074,0.2509717,-0.1713139,0.6369227,0.5312066,-0.1173706,1.223164,0.7506407,-0.1279334,0.439322,0.849671,False,0,1,11
6/25/2025 12:09:42 PM,1750846182818,Right,-0.1598212,0.8842974,0.2557863,-0.1315902,0.6312788,0.5198193,-0.2253787,0.8683152,0.2394834,-0.163656,0.6306041,0.5118492,-0.1112061,1.213425,0.7507299,-0.1071666,0.4253167,0.8224744,False,0,1,11
6/25/2025 12:09:42 PM,1750846182846,Right,-0.1702915,0.8842809,0.238023,-0.1212961,0.6165655,0.483909,-0.2337309,0.8638718,0.2206971,-0.1551754,0.6141474,0.4775589,-0.09867358,1.194509,0.7517115,-0.0802374,0.3949034,0.7744196,False,0,1,11
6/25/2025 12:09:42 PM,1750846182860,Right,-0.1743459,0.8833471,0.2307166,-0.1170337,0.608461,0.4668173,-0.2381158,0.862847,0.2137573,-0.1505456,0.6071923,0.4618454,-0.09237182,1.184884,0.7516147,-0.06567942,0.3810872,0.7506683,False,0,1,11
6/25/2025 12:09:42 PM,1750846182887,Right,-0.1782484,0.8747301,0.2247692,-0.1125211,0.5885985,0.4448399,-0.2432252,0.8557512,0.20946,-0.1460646,0.5892469,0.4421315,-0.08182311,1.165592,0.7499582,-0.05182964,0.3499973,0.7170829,False,0,1,11
6/25/2025 12:09:42 PM,1750846182901,Right,-0.180225,0.8691458,0.2228185,-0.1106344,0.5783172,0.4356345,-0.2454676,0.8487766,0.2053701,-0.142035,0.578575,0.431203,-0.07739973,1.156167,0.749096,-0.04074174,0.335097,0.6996582,False,0,1,11
6/25/2025 12:09:42 PM,1750846182915,Right,-0.1803211,0.8610185,0.2241419,-0.1089532,0.56643,0.4320304,-0.245509,0.8418072,0.2056248,-0.1407084,0.5682356,0.427579,-0.07361293,1.147439,0.7476445,-0.03812721,0.3215829,0.6918958,True,0,1,12
6/25/2025 12:09:42 PM,1750846182943,Right,-0.1785712,0.8427287,0.2303599,-0.1048755,0.5433862,0.4315565,-0.2451906,0.8240929,0.2125157,-0.1367691,0.5446786,0.4262471,-0.06696904,1.130774,0.7453195,-0.02995941,0.2920649,0.6823263,True,0,1,12
6/25/2025 12:09:42 PM,1750846182956,Right,-0.1762227,0.8307742,0.2368919,-0.1030523,0.5302562,0.4370296,-0.2430782,0.8128345,0.2207182,-0.1354534,0.5315455,0.432861,-0.0650872,1.123292,0.7445043,-0.0297422,0.2771546,0.6872318,True,0,1,12
6/25/2025 12:09:42 PM,1750846182985,Right,-0.1695267,0.8037493,0.2531666,-0.09970017,0.5042546,0.4544164,-0.2342613,0.7895033,0.2416785,-0.1289492,0.5054635,0.4498209,-0.06279194,1.109706,0.743445,-0.02505378,0.2464581,0.7014982,True,0,1,12
6/25/2025 12:09:42 PM,1750846182998,Right,-0.1662478,0.7879905,0.2650562,-0.09746387,0.4914319,0.4695387,-0.2322715,0.7721984,0.252642,-0.1303709,0.4903298,0.4640147,-0.06204295,1.103582,0.7426703,-0.02928083,0.2328279,0.7195193,True,0,1,12
6/25/2025 12:09:43 PM,1750846183026,Right,-0.1606721,0.7531679,0.2932333,-0.0929167,0.4618952,0.5068298,-0.2280617,0.7363501,0.2784398,-0.1281764,0.4575106,0.4959409,-0.06092632,1.092209,0.7414352,-0.02895832,0.2051033,0.7561791,True,0,1,12
6/25/2025 12:09:43 PM,1750846183040,Right,-0.158046,0.7340395,0.3122755,-0.09134765,0.4462095,0.5237507,-0.2263939,0.7159935,0.2973469,-0.1317367,0.4447667,0.5199965,-0.06094122,1.087436,0.7408351,-0.03484893,0.195235,0.7895066,True,0,1,12
6/25/2025 12:09:43 PM,1750846183068,Right,-0.1532571,0.699621,0.3574367,-0.0891959,0.413846,0.5554642,-0.2213845,0.6801742,0.3434516,-0.134732,0.4216976,0.5689543,-0.06148112,1.079238,0.7377746,-0.04051448,0.1723397,0.8528535,True,0,1,12
6/25/2025 12:09:43 PM,1750846183082,Right,-0.1518951,0.6830184,0.3858278,-0.08860254,0.3964241,0.5709906,-0.2189407,0.6634818,0.3713759,-0.1387266,0.4145419,0.5999886,-0.06164312,1.076438,0.7358036,-0.04812931,0.1669821,0.8952191,True,0,1,12
6/25/2025 12:09:43 PM,1750846183095,Right,-0.150576,0.6676528,0.4145239,-0.08838207,0.3790567,0.5855258,-0.2155156,0.6534566,0.4038676,-0.1417511,0.4122394,0.6340607,-0.06203771,1.073881,0.7342666,-0.05597885,0.165215,0.938908,True,0,1,12
6/25/2025 12:09:43 PM,1750846183123,Right,-0.1499009,0.6382354,0.4743344,-0.08864994,0.3555482,0.6038457,-0.209631,0.6293694,0.4601499,-0.1496964,0.4105941,0.6839191,-0.06110263,1.069023,0.7339374,-0.07201998,0.1568037,1.014988,True,0,1,12
6/25/2025 12:09:43 PM,1750846183137,Right,-0.1481243,0.6281189,0.5029577,-0.08864994,0.3555482,0.6038457,-0.2063591,0.6198382,0.4914467,-0.1571325,0.4193579,0.7066132,-0.06047606,1.067273,0.7347243,-0.08691648,0.1585193,1.059794,True,0,1,12
6/25/2025 12:09:43 PM,1750846183165,Right,-0.1395012,0.6155002,0.5677832,-0.08864994,0.3555482,0.6038457,-0.2035507,0.6085239,0.5509213,-0.1676202,0.4335186,0.7508135,-0.06107235,1.066813,0.7362665,-0.1083947,0.1626082,1.135904,True,0,1,12
6/25/2025 12:09:43 PM,1750846183178,Right,-0.1383943,0.6158154,0.5978343,-0.08864994,0.3555482,0.6038457,-0.2009194,0.6084333,0.5812367,-0.1695247,0.4393179,0.7832252,-0.0628227,1.067709,0.7374032,-0.1181974,0.1745066,1.177026,True,0,1,12
6/25/2025 12:09:43 PM,1750846183206,Right,-0.1381338,0.6254269,0.6512694,-0.08864994,0.3555482,0.6038457,-0.197316,0.6148223,0.6351396,-0.1701823,0.4462693,0.8544263,-0.06759667,1.071908,0.7413015,-0.1306328,0.2050687,1.249758,True,0,1,12
6/25/2025 12:09:43 PM,1750846183221,Right,-0.1380814,0.6329487,0.6756136,-0.08864994,0.3555482,0.6038457,-0.1965297,0.6211275,0.6580514,-0.1721744,0.4520006,0.8922678,-0.07023644,1.07591,0.7438377,-0.1412773,0.2292485,1.28533,True,0,1,12
6/25/2025 12:09:43 PM,1750846183248,Right,-0.1404653,0.6504072,0.7162676,-0.08864994,0.3555482,0.6038457,-0.197171,0.6341417,0.6973449,-0.1769906,0.4636623,0.9659662,-0.07697415,1.088644,0.7492243,-0.159092,0.2796749,1.347732,True,0,1,12
6/25/2025 12:09:43 PM,1750846183262,Right,-0.1423427,0.6586443,0.7323548,-0.08864994,0.3555482,0.6038457,-0.1988957,0.6409492,0.7129837,-0.1823985,0.4739158,1.000088,-0.0804565,1.097012,0.7527179,-0.1714543,0.3115174,1.376928,True,0,1,12
6/25/2025 12:09:43 PM,1750846183276,Right,-0.1443833,0.6655387,0.7471769,-0.08864994,0.3555482,0.6038457,-0.201004,0.647899,0.7275535,-0.1869267,0.4834819,1.03071,-0.08317351,1.106525,0.7562181,-0.1800829,0.3384089,1.401258,True,0,1,12
6/25/2025 12:09:43 PM,1750846183304,Right,-0.1505535,0.6763288,0.766884,-0.1662711,0.5282642,1.086073,-0.2088553,0.6613854,0.7485847,-0.2015457,0.5137103,1.068811,-0.08883882,1.128275,0.7626559,-0.2012617,0.3963485,1.441259,True,0,1,12
6/25/2025 12:09:43 PM,1750846183318,Right,-0.1540898,0.682236,0.7759335,-0.1735697,0.5440212,1.099532,-0.2134955,0.6680333,0.7582561,-0.2085928,0.5275795,1.081696,-0.09246254,1.139945,0.7662441,-0.2103893,0.4186555,1.456755,True,0,1,12
6/25/2025 12:09:43 PM,1750846183346,Right,-0.1642731,0.6937929,0.7875427,-0.191654,0.5846424,1.126088,-0.2243201,0.6818027,0.7699347,-0.2233844,0.557852,1.105038,-0.101651,1.16493,0.773131,-0.2281752,0.4716593,1.481219,True,0,1,12
6/25/2025 12:09:43 PM,1750846183360,Right,-0.1698013,0.7005492,0.792741,-0.198991,0.6015157,1.134137,-0.2304563,0.6888546,0.7736354,-0.231112,0.5734954,1.111106,-0.1066079,1.177971,0.7758213,-0.2375134,0.4965031,1.489911,True,0,1,12
6/25/2025 12:09:43 PM,1750846183387,Right,-0.1831729,0.7189721,0.7986219,-0.2157458,0.6326849,1.141842,-0.2421092,0.7015871,0.7785556,-0.2465272,0.6021078,1.119671,-0.1160231,1.204603,0.7796603,-0.2576249,0.5420654,1.502719,True,0,1,12
6/25/2025 12:09:43 PM,1750846183401,Right,-0.1900887,0.725625,0.8013681,-0.2253238,0.6504471,1.146174,-0.247966,0.7085104,0.7807061,-0.254613,0.6161894,1.123067,-0.1214563,1.21805,0.7811376,-0.2683875,0.5637689,1.507846,True,0,1,12
6/25/2025 12:09:43 PM,1750846183415,Right,-0.1968772,0.7332091,0.8029619,-0.234736,0.6662828,1.148724,-0.2538849,0.7143095,0.7816712,-0.2624612,0.6294963,1.125468,-0.1267731,1.231592,0.7827631,-0.2796955,0.5851015,1.511561,True,0,1,12
6/25/2025 12:09:43 PM,1750846183443,Right,-0.208825,0.7436686,0.8038926,-0.2554036,0.6969627,1.151676,-0.2645668,0.7278384,0.7826241,-0.2805106,0.6567808,1.129017,-0.1374416,1.257807,0.7843534,-0.3079017,0.627364,1.516196,True,0,1,12
6/25/2025 12:09:43 PM,1750846183457,Right,-0.2151028,0.7525222,0.8042382,-0.2677764,0.7127525,1.15233,-0.2704112,0.7356149,0.7823517,-0.2917434,0.6716297,1.130138,-0.1426468,1.2706,0.7844204,-0.3259471,0.6500513,1.516991,True,0,1,12
6/25/2025 12:09:43 PM,1750846183484,Right,-0.2282011,0.7712806,0.804457,-0.2942424,0.7444165,1.152615,-0.2812876,0.7513101,0.7817208,-0.3146252,0.7008127,1.131858,-0.1528623,1.295169,0.7824045,-0.3631532,0.6942306,1.516663,True,0,1,12
6/25/2025 12:09:43 PM,1750846183498,Right,-0.2347204,0.7815529,0.8048927,-0.3092064,0.7606794,1.151966,-0.2887531,0.7579176,0.7806706,-0.329245,0.7143146,1.131204,-0.1575953,1.307124,0.7806855,-0.3866758,0.7150684,1.514616,True,0,1,12
6/25/2025 12:09:43 PM,1750846183526,Right,-0.2516392,0.8079774,0.8060458,-0.3410974,0.791961,1.15011,-0.3008929,0.7752543,0.7801895,-0.3571957,0.7427387,1.130027,-0.1660581,1.330935,0.7756945,-0.4339114,0.7549926,1.50957,True,0,1,12
6/25/2025 12:09:43 PM,1750846183540,Right,-0.2606413,0.8193411,0.8064361,-0.3590156,0.8079402,1.148499,-0.3053702,0.788101,0.7808334,-0.372522,0.7592106,1.129324,-0.1697404,1.342789,0.7729069,-0.4624749,0.7748771,1.50557,True,0,1,12
6/25/2025 12:09:43 PM,1750846183568,Right,-0.2779386,0.8429068,0.808469,-0.3959468,0.8398481,1.144098,-0.3193514,0.8070027,0.7801155,-0.4060003,0.7854487,1.124483,-0.1766462,1.366163,0.7656299,-0.5200458,0.8077342,1.494133,True,0,1,12
6/25/2025 12:09:43 PM,1750846183582,Right,-0.2883572,0.8564602,0.809159,-0.4155849,0.8547621,1.14116,-0.3261691,0.8169417,0.7813185,-0.4250706,0.7979707,1.122289,-0.1800427,1.377647,0.7611467,-0.5544639,0.8219538,1.486979,True,0,1,12
6/25/2025 12:09:43 PM,1750846183595,Right,-0.2978745,0.8691095,0.809971,-0.4353265,0.8682199,1.137752,-0.3332154,0.8269622,0.7814782,-0.4447014,0.8102341,1.118546,-0.1834757,1.38888,0.7561918,-0.589551,0.8354836,1.477409,True,0,1,12
6/25/2025 12:09:43 PM,1750846183623,Right,-0.3170653,0.8937914,0.811264,-0.4785069,0.885722,1.123293,-0.3472677,0.8466427,0.7808251,-0.4807584,0.8314971,1.105294,-0.1903527,1.411299,0.745468,-0.6551114,0.8561276,1.455542,True,0,1,12
6/25/2025 12:09:43 PM,1750846183637,Right,-0.327453,0.9070439,0.8109089,-0.5092086,0.9020463,1.112954,-0.3542613,0.8583651,0.7809697,-0.5031675,0.8439078,1.099991,-0.1938493,1.422151,0.7392895,-0.6950028,0.8678509,1.439685,True,0,1,12
6/25/2025 12:09:43 PM,1750846183665,Right,-0.3486399,0.9321713,0.8099923,-0.5569241,0.9233391,1.093491,-0.3685812,0.8806844,0.7819076,-0.5442835,0.8648249,1.086265,-0.1996528,1.443638,0.7258698,-0.7683655,0.8840366,1.406617,True,0,1,12
6/25/2025 12:09:43 PM,1750846183679,Right,-0.3600698,0.9443959,0.808789,-0.5819137,0.9330465,1.082488,-0.3764167,0.8908327,0.7819369,-0.5679753,0.8744518,1.077254,-0.2023923,1.454281,0.7184592,-0.8097309,0.8911381,1.383883,True,0,1,12
6/25/2025 12:09:43 PM,1750846183706,Right,-0.3832494,0.9670439,0.8038431,-0.6306953,0.9515125,1.057108,-0.3939107,0.9088601,0.7780629,-0.61419,0.891434,1.05501,-0.2079592,1.475175,0.703281,-0.8856249,0.9034638,1.3333,True,0,1,12
6/25/2025 12:09:43 PM,1750846183721,Right,-0.3958161,0.9786995,0.7998455,-0.6555206,0.9605014,1.040851,-0.4020726,0.9194862,0.77443,-0.637159,0.8997138,1.039242,-0.2102656,1.485245,0.6950878,-0.9240866,0.9072489,1.301167,True,0,1,12
6/25/2025 12:09:43 PM,1750846183749,Right,-0.4203351,0.9998039,0.7897978,-0.7048346,0.9772702,1.006513,-0.4197873,0.9396219,0.7681555,-0.684337,0.9165678,1.008498,-0.214292,1.505434,0.6780502,-0.9968615,0.916389,1.2335,True,0,1,12
6/25/2025 12:09:43 PM,1750846183762,Right,-0.4331383,1.010153,0.7820184,-0.728539,0.9841432,0.9853382,-0.4286302,0.9485137,0.7647598,-0.7076603,0.9235448,0.9898455,-0.215095,1.515671,0.6690733,-1.032732,0.9184439,1.194011,True,0,1,12
6/25/2025 12:09:43 PM,1750846183776,Right,-0.4457605,1.019475,0.7734702,-0.7516859,0.9882733,0.9646854,-0.4368049,0.9575059,0.761007,-0.729724,0.9303612,0.9718238,-0.2157681,1.525834,0.6600002,-1.063963,0.9206209,1.155231,True,0,1,12
6/25/2025 12:09:43 PM,1750846183804,Right,-0.4709827,1.033756,0.7505045,-0.793754,0.9989259,0.9159511,-0.4549664,0.9721634,0.749684,-0.7711279,0.9419457,0.927983,-0.217746,1.544797,0.6416091,-1.122121,0.9197306,1.069458,True,0,1,12
6/25/2025 12:09:43 PM,1750846183818,Right,-0.4827773,1.039728,0.7390414,-0.813977,1.00195,0.8904083,-0.464372,0.9788541,0.7442338,-0.7906196,0.9442112,0.9063161,-0.2189357,1.55381,0.6321899,-1.146679,0.9138936,1.027672,True,0,1,12
6/25/2025 12:09:43 PM,1750846183846,Right,-0.5045082,1.050846,0.7110775,-0.8481764,1.00767,0.8369156,-0.4814314,0.9936114,0.7302566,-0.826649,0.9554884,0.8530418,-0.2212682,1.569914,0.6130089,-1.191147,0.9125364,0.9298334,True,0,1,12
6/25/2025 12:09:43 PM,1750846183859,Right,-0.5149101,1.055021,0.6970764,-0.8650745,1.010659,0.8086707,-0.4909331,0.9996405,0.7208597,-0.8426455,0.9556262,0.8270609,-0.2224395,1.577446,0.6037791,-1.207624,0.9033996,0.8857588,True,0,1,12
6/25/2025 12:09:43 PM,1750846183887,Right,-0.5324572,1.062631,0.6692894,-0.8907618,1.007434,0.751831,-0.5091959,1.012753,0.7045408,-0.8714973,0.9628577,0.7709042,-0.2245733,1.590635,0.5857437,-1.236328,0.8946168,0.7907004,True,0,1,12
6/25/2025 12:09:43 PM,1750846183901,Right,-0.5404997,1.065191,0.6555052,-0.9024956,1.006098,0.7225004,-0.5187036,1.018237,0.6945264,-0.8833716,0.9599673,0.7452271,-0.2255421,1.59627,0.5770323,-1.24531,0.8803427,0.7504641,True,0,1,12
6/25/2025 12:09:43 PM,1750846183915,Right,-0.5478411,1.067941,0.6422136,-0.9099167,1.004298,0.6932433,-0.5276064,1.022909,0.6840549,-0.8918546,0.9596404,0.7166564,-0.2266161,1.601384,0.5686815,-1.253421,0.871834,0.7057165,True,0,1,12
6/25/2025 12:09:43 PM,1750846183943,Right,-0.5611745,1.070955,0.613346,-0.9259128,0.9973724,0.6381432,-0.5437288,1.029221,0.6604183,-0.9090781,0.9548275,0.6597153,-0.2277544,1.6107,0.5525815,-1.263135,0.8539066,0.6177665,True,0,1,12
6/25/2025 12:09:43 PM,1750846183957,Right,-0.5668821,1.072777,0.5989063,-0.9294953,0.9931404,0.612977,-0.5505309,1.031702,0.6478077,-0.9131696,0.952343,0.6320459,-0.22798,1.614699,0.5447817,-1.264957,0.846068,0.5754501,True,0,1,12
6/25/2025 12:09:43 PM,1750846183985,Right,-0.5770426,1.074723,0.5728363,-0.9358944,0.9868763,0.5631653,-0.5619727,1.03291,0.6216711,-0.9179391,0.941203,0.5827878,-0.2280566,1.622455,0.5302286,-1.263099,0.8216606,0.5037928,True,0,1,12
6/25/2025 12:09:43 PM,1750846183999,Right,-0.5806468,1.075,0.5602332,-0.9370975,0.9873194,0.5382162,-0.5673398,1.03347,0.6098967,-0.918968,0.9377269,0.5600753,-0.2284354,1.625831,0.523505,-1.26173,0.8137716,0.4697019,False,0,1,12
6/25/2025 12:09:44 PM,1750846184027,Right,-0.5859894,1.073887,0.5365671,-0.9397004,0.9792225,0.4937104,-0.5751774,1.031793,0.5869709,-0.9216375,0.9287742,0.5145055,-0.2295173,1.632426,0.5107656,-1.254532,0.7982942,0.4024269,False,0,1,12
6/25/2025 12:09:44 PM,1750846184041,Right,-0.5871854,1.072629,0.5256281,-0.9397026,0.9758058,0.4734825,-0.5780888,1.03192,0.57794,-0.922339,0.9282094,0.4937858,-0.230001,1.635696,0.504735,-1.250616,0.7980791,0.3702729,False,0,1,12
6/25/2025 12:09:44 PM,1750846184055,Right,-0.5885954,1.07155,0.5164452,-0.9401078,0.9736422,0.4550041,-0.5804022,1.030647,0.5684208,-0.9228851,0.9272541,0.4740512,-0.2304242,1.638909,0.4989862,-1.246974,0.7982562,0.3408742,False,0,1,12
6/25/2025 12:09:44 PM,1750846184082,Right,-0.589695,1.067765,0.5029519,-0.936821,0.9669495,0.4242556,-0.584092,1.02853,0.5536808,-0.9202895,0.9205438,0.4433131,-0.2314417,1.644889,0.4878016,-1.235931,0.7865368,0.2955235,False,0,1,12
6/25/2025 12:09:44 PM,1750846184096,Right,-0.589841,1.067566,0.4987786,-0.9352065,0.9657488,0.4150469,-0.5852052,1.027135,0.5494363,-0.9190124,0.9196987,0.4324161,-0.2322663,1.648045,0.4824343,-1.232063,0.7861351,0.2781543,False,0,1,12
6/25/2025 12:09:44 PM,1750846184124,Right,-0.5899546,1.067439,0.4949909,-0.9315589,0.9626968,0.4007345,-0.5853414,1.024926,0.5456991,-0.9135174,0.9146633,0.4164803,-0.233161,1.653877,0.4723228,-1.219628,0.7787749,0.2504197,False,0,1,12
6/25/2025 12:09:44 PM,1750846184137,Right,-0.5900726,1.068,0.4971758,-0.9294473,0.9624552,0.3982919,-0.5845607,1.024288,0.5467193,-0.9110441,0.914075,0.4149053,-0.2338203,1.656475,0.4678708,-1.216252,0.778973,0.245244,False,0,1,12
6/25/2025 12:09:44 PM,1750846184166,Right,-0.5893064,1.068327,0.5027894,-0.9249852,0.9616472,0.3969852,-0.5829118,1.024068,0.5510016,-0.9044619,0.9088405,0.4145687,-0.2352264,1.660894,0.4602442,-1.205818,0.7698752,0.2387927,False,0,1,12
6/25/2025 12:09:44 PM,1750846184179,Right,-0.5877877,1.069868,0.5074615,-0.9231898,0.9626261,0.4006791,-0.5805537,1.024785,0.5542722,-0.9027308,0.9091083,0.419269,-0.2356453,1.662916,0.456768,-1.204704,0.7710816,0.2441574,False,0,1,12
6/25/2025 12:09:44 PM,1750846184207,Right,-0.5841804,1.07231,0.5165488,-0.9190055,0.9604747,0.4149402,-0.5741483,1.025881,0.5609997,-0.8960995,0.9064117,0.4305166,-0.2366275,1.667589,0.4503609,-1.199286,0.7651837,0.2587736,False,0,1,12
6/25/2025 12:09:44 PM,1750846184222,Right,-0.581541,1.074281,0.5218886,-0.9165656,0.9590182,0.4253748,-0.569566,1.02662,0.5647087,-0.8941764,0.9069413,0.4415897,-0.2372634,1.669932,0.4475052,-1.201284,0.7661251,0.2763081,False,0,1,12
6/25/2025 12:09:44 PM,1750846184235,Right,-0.579051,1.076386,0.5270971,-0.914358,0.958689,0.435193,-0.5653123,1.02777,0.5693847,-0.8889173,0.9050638,0.447071,-0.2380048,1.671763,0.445024,-1.195183,0.7612097,0.2824897,False,0,1,12
6/25/2025 12:09:44 PM,1750846184263,Right,-0.5695249,1.078342,0.5380815,-0.908714,0.9584928,0.4608046,-0.5530929,1.029078,0.5780647,-0.8846251,0.9076489,0.4747129,-0.2391655,1.67504,0.4409804,-1.200241,0.767011,0.3278233,False,0,1,12
6/25/2025 12:09:44 PM,1750846184277,Right,-0.5644326,1.079122,0.5437642,-0.9060485,0.9586776,0.473851,-0.5465114,1.029454,0.5826945,-0.8791735,0.9068263,0.4809585,-0.2396157,1.676518,0.439559,-1.194377,0.7656944,0.336117,False,0,1,12
6/25/2025 12:09:44 PM,1750846184305,Right,-0.5507537,1.079012,0.5557681,-0.8946561,0.9574452,0.5062171,-0.5311,1.028099,0.592251,-0.8708937,0.9078895,0.517504,-0.2405171,1.679302,0.4376483,-1.198668,0.7703564,0.3972607,False,0,1,12
6/25/2025 12:09:44 PM,1750846184318,Right,-0.5437682,1.078462,0.5617794,-0.8883364,0.957315,0.5223961,-0.5230594,1.028176,0.5975038,-0.8625587,0.9060992,0.5282407,-0.2410122,1.680123,0.4373382,-1.192056,0.7664992,0.4129276,False,0,1,12
6/25/2025 12:09:44 PM,1750846184346,Right,-0.5256874,1.076124,0.5720437,-0.8745487,0.9541954,0.5563195,-0.5019063,1.023659,0.6027296,-0.8511798,0.9088438,0.5632784,-0.2413458,1.681756,0.4382342,-1.190909,0.7796448,0.4768996,False,0,1,12
6/25/2025 12:09:44 PM,1750846184360,Right,-0.5159776,1.074551,0.5769275,-0.8683082,0.948245,0.5732222,-0.4908688,1.021691,0.6060377,-0.8457373,0.9094396,0.5686113,-0.2413316,1.682421,0.4392091,-1.18355,0.7858852,0.4848408,False,0,1,12
6/25/2025 12:09:44 PM,1750846184388,Right,-0.4942697,1.068233,0.5842821,-0.8460558,0.9453599,0.6097907,-0.4677139,1.015337,0.6107394,-0.825659,0.9089804,0.6096799,-0.2407471,1.682401,0.4428142,-1.173551,0.7932425,0.5600659,False,0,1,12
6/25/2025 12:09:44 PM,1750846184401,Right,-0.4831608,1.064734,0.5878766,-0.8344386,0.9428698,0.6284127,-0.4553837,1.011272,0.6119059,-0.8140314,0.9057031,0.6192757,-0.24053,1.681507,0.4456401,-1.162971,0.7916122,0.5777061,False,0,1,12
6/25/2025 12:09:44 PM,1750846184415,Right,-0.4715628,1.061103,0.5909402,-0.8201975,0.939321,0.646446,-0.4430968,1.007317,0.6122579,-0.8010505,0.9047051,0.639758,-0.2401291,1.680258,0.4492896,-1.153727,0.7950064,0.6175814,False,0,1,12
6/25/2025 12:09:44 PM,1750846184444,Right,-0.4476392,1.054231,0.5959955,-0.7904358,0.9330312,0.6807477,-0.4183941,0.9984567,0.6105534,-0.7737736,0.8998315,0.6680249,-0.2389687,1.677132,0.4584916,-1.12964,0.7983185,0.6751577,False,0,1,12
6/25/2025 12:09:44 PM,1750846184458,Right,-0.43466,1.049757,0.5982513,-0.7728888,0.9295867,0.6981459,-0.4051009,0.9921634,0.6073583,-0.7563578,0.8965048,0.6863508,-0.2381694,1.674908,0.4642271,-1.113485,0.8008211,0.7154338,False,0,1,12
6/25/2025 12:09:44 PM,1750846184485,Right,-0.4097363,1.040551,0.6023768,-0.7374782,0.9195424,0.7288488,-0.3830003,0.9829999,0.60018,-0.7247151,0.8884034,0.7110522,-0.2363664,1.667958,0.478738,-1.080028,0.7984452,0.7739394,False,0,1,12
6/25/2025 12:09:44 PM,1750846184499,Right,-0.396033,1.034649,0.6027591,-0.719123,0.9122469,0.7437116,-0.3715478,0.977524,0.5946078,-0.7084005,0.8850377,0.7254342,-0.2350645,1.663122,0.4867176,-1.05955,0.8019189,0.8088877,False,0,1,12
6/25/2025 12:09:44 PM,1750846184527,Right,-0.3689161,1.025591,0.6036365,-0.6803597,0.8995672,0.7695759,-0.3498615,0.9693652,0.5852556,-0.6757515,0.8766409,0.7450037,-0.2322009,1.651446,0.5054138,-1.018047,0.801623,0.8600104,False,0,1,12
6/25/2025 12:09:44 PM,1750846184540,Right,-0.3540272,1.019167,0.6031996,-0.6563045,0.8923669,0.7776918,-0.3393105,0.9639289,0.5800697,-0.6512132,0.8696527,0.7582557,-0.2306795,1.644555,0.5158867,-0.9879416,0.7960036,0.8981559,False,0,1,12
6/25/2025 12:09:44 PM,1750846184569,Right,-0.3251936,1.005215,0.6012488,-0.6139525,0.8796447,0.7969117,-0.3217699,0.953897,0.5672667,-0.6145439,0.8571977,0.7730138,-0.2270402,1.628612,0.5386012,-0.9361612,0.7872288,0.947852,False,0,1,12
6/25/2025 12:09:44 PM,1750846184583,Right,-0.311876,0.9975729,0.5977461,-0.5928885,0.8733213,0.8053102,-0.3116401,0.9476511,0.5596771,-0.5919133,0.8501894,0.7819179,-0.225142,1.619657,0.5506328,-0.901786,0.7831992,0.9777483,False,0,1,12
6/25/2025 12:09:44 PM,1750846184596,Right,-0.2992524,0.9897929,0.5930716,-0.5708674,0.8669177,0.8118284,-0.3022579,0.9411718,0.5521196,-0.5682536,0.8426566,0.7892828,-0.2230229,1.609769,0.5627233,-0.8655286,0.7773538,1.005981,False,0,1,12
6/25/2025 12:09:44 PM,1750846184624,Right,-0.2729478,0.9751722,0.5831969,-0.5259705,0.8498933,0.8195227,-0.2848026,0.9319862,0.5380198,-0.5273159,0.8286749,0.7950349,-0.2190287,1.586865,0.5872551,-0.8024368,0.7618758,1.041227,False,0,1,12
6/25/2025 12:09:44 PM,1750846184638,Right,-0.2607901,0.9670272,0.5748476,-0.5029431,0.8413019,0.8207616,-0.2776034,0.9278704,0.5303691,-0.5049865,0.8212829,0.7983934,-0.2170167,1.574077,0.5989033,-0.7649079,0.7527098,1.061362,False,0,1,12
6/25/2025 12:09:44 PM,1750846184666,Right,-0.2387961,0.9518983,0.5574907,-0.4588469,0.8222858,0.8200466,-0.2622489,0.9176885,0.5120006,-0.4654691,0.8045399,0.7948697,-0.2135209,1.546663,0.6220449,-0.7001472,0.7308718,1.080723,False,0,1,12
6/25/2025 12:09:44 PM,1750846184679,Right,-0.2291979,0.9448363,0.5470852,-0.4375094,0.8125064,0.8171306,-0.2543974,0.9118824,0.5025496,-0.4429348,0.7954441,0.7935706,-0.2122362,1.532172,0.6333699,-0.6621654,0.7188166,1.091235,False,0,1,12
6/25/2025 12:09:44 PM,1750846184707,Right,-0.2113591,0.9297686,0.5247716,-0.3957057,0.7921218,0.808421,-0.239826,0.8995996,0.4830634,-0.4043853,0.7760931,0.7847365,-0.2097664,1.502712,0.6545811,-0.5983841,0.6923874,1.098368,False,0,1,12
6/25/2025 12:09:44 PM,1750846184721,Right,-0.2033966,0.9233484,0.5126432,-0.3759028,0.7808593,0.8019369,-0.2341946,0.8940942,0.4711732,-0.3846034,0.7663209,0.7789704,-0.207965,1.488672,0.6654856,-0.5630927,0.6786793,1.100079,False,0,1,12
6/25/2025 12:09:44 PM,1750846184735,Right,-0.1952789,0.9167473,0.5004082,-0.3575031,0.7689692,0.7955894,-0.2299341,0.8908284,0.4594644,-0.3710125,0.7582083,0.7720028,-0.2061423,1.474354,0.6764435,-0.5376122,0.6672359,1.096207,False,0,1,12
6/25/2025 12:09:44 PM,1750846184763,Right,-0.1810921,0.9057689,0.4751283,-0.3210273,0.7459526,0.7760404,-0.2206324,0.8823359,0.436416,-0.3340067,0.7374287,0.7553942,-0.2014904,1.444643,0.6965046,-0.4706712,0.6343657,1.089173,False,0,1,12
6/25/2025 12:09:44 PM,1750846184776,Right,-0.1750385,0.8999222,0.4618209,-0.3035087,0.7335977,0.7652221,-0.21557,0.8780454,0.4247079,-0.3184905,0.7271164,0.7452758,-0.1992428,1.429117,0.7054776,-0.4431026,0.6185822,1.08122,False,0,1,12
6/25/2025 12:09:44 PM,1750846184804,Right,-0.1650338,0.8901077,0.4364065,-0.2707703,0.7103758,0.7397359,-0.2103438,0.869977,0.4023074,-0.2877396,0.7044285,0.721768,-0.1948516,1.398121,0.7226185,-0.3845479,0.5800126,1.062363,False,0,1,12
6/25/2025 12:09:44 PM,1750846184817,Right,-0.1596659,0.8882288,0.4241321,-0.2550282,0.6977165,0.7260728,-0.2083155,0.8669283,0.3906003,-0.2749104,0.6937551,0.7100542,-0.1922346,1.382627,0.7306762,-0.3588963,0.5627297,1.050061,False,0,1,12
6/25/2025 12:09:44 PM,1750846184846,Right,-0.1522368,0.8803439,0.3997144,-0.2280434,0.6729523,0.6952359,-0.2066025,0.8617761,0.3694511,-0.2494042,0.6710958,0.6823004,-0.1855078,1.350971,0.7458004,-0.3064997,0.5210564,1.020627,False,0,1,12
6/25/2025 12:09:44 PM,1750846184860,Right,-0.1497553,0.8761994,0.3871472,-0.2154624,0.6598534,0.6789953,-0.2062072,0.8591191,0.3588741,-0.2381858,0.6600904,0.6680713,-0.1819253,1.335441,0.7529103,-0.2827623,0.5013916,1.004064,False,0,1,12
6/25/2025 12:09:44 PM,1750846184887,Right,-0.1498494,0.8663764,0.3677409,-0.1942505,0.6358562,0.6507146,-0.2077448,0.8533862,0.3426462,-0.218382,0.6372672,0.6398704,-0.174557,1.304424,0.7656816,-0.2381827,0.4583075,0.9696124,False,0,1,12
6/25/2025 12:09:44 PM,1750846184901,Right,-0.1485976,0.8620018,0.358479,-0.1836671,0.6240737,0.6365889,-0.2089654,0.850579,0.335227,-0.2100804,0.6263326,0.6265398,-0.1709788,1.288762,0.7711231,-0.2183843,0.4384172,0.9517771,False,0,1,12
6/25/2025 12:09:44 PM,1750846184915,Right,-0.1475978,0.8594416,0.3515761,-0.1768458,0.6137677,0.6224699,-0.2106104,0.8468102,0.3301012,-0.203183,0.6152103,0.6145263,-0.1677063,1.273024,0.7764505,-0.2010774,0.418126,0.9352781,False,0,1,12
6/25/2025 12:09:44 PM,1750846184943,Right,-0.1487782,0.8503733,0.3410796,-0.1638732,0.5919245,0.5991111,-0.2111661,0.8415419,0.3244672,-0.1907426,0.5960262,0.594492,-0.1629577,1.242402,0.7859083,-0.1716537,0.381399,0.9048183,False,0,1,12
6/25/2025 12:09:44 PM,1750846184956,Right,-0.1486654,0.8445715,0.3386859,-0.158218,0.5811089,0.5902815,-0.2128754,0.8363869,0.3231038,-0.1868935,0.5854838,0.5861552,-0.1615074,1.227016,0.7902304,-0.1603787,0.363106,0.891742,False,0,1,12
6/25/2025 12:09:44 PM,1750846184985,Right,-0.1482645,0.8324055,0.3363549,-0.1532621,0.5609081,0.5736788,-0.2155802,0.8245312,0.3221284,-0.1802813,0.5656179,0.5708473,-0.1595991,1.196201,0.7979251,-0.1413424,0.3281769,0.8682249,False,0,1,12
6/25/2025 12:09:44 PM,1750846184999,Right,-0.1492059,0.8252628,0.3373097,-0.154137,0.5506808,0.5651282,-0.2183137,0.816857,0.3228286,-0.1792578,0.5571842,0.5647051,-0.1590812,1.18145,0.8014113,-0.1348471,0.3128601,0.8605279,False,0,1,12
6/25/2025 12:09:45 PM,1750846185026,Right,-0.150351,0.8104829,0.3420299,-0.1558372,0.5317134,0.5462962,-0.2217925,0.7984235,0.3253683,-0.1782556,0.5407275,0.5521117,-0.1583595,1.153738,0.8070456,-0.1248578,0.2805747,0.8474185,True,0,1,13
6/25/2025 12:09:45 PM,1750846185041,Right,-0.1513616,0.8019083,0.3466477,-0.1581152,0.5225646,0.5362746,-0.2227694,0.7905867,0.3311362,-0.1794754,0.5366882,0.5501704,-0.1578282,1.141079,0.8096126,-0.1239611,0.2678336,0.8479208,True,0,1,13
6/25/2025 12:09:45 PM,1750846185067,Right,-0.1524636,0.7840627,0.3582047,-0.1652879,0.5059053,0.5158517,-0.2255973,0.7743436,0.3450705,-0.1837635,0.5292659,0.5474755,-0.1572119,1.117652,0.8141605,-0.124083,0.2408351,0.8502078,True,0,1,13
6/25/2025 12:09:45 PM,1750846185082,Right,-0.1536417,0.7737578,0.366211,-0.1696234,0.4991096,0.5064301,-0.2250094,0.7642674,0.3531891,-0.1860279,0.5267699,0.5478064,-0.1570845,1.107616,0.8154322,-0.1267331,0.2284758,0.856547,True,0,1,13
6/25/2025 12:09:45 PM,1750846185095,Right,-0.154329,0.7628956,0.3751146,-0.1696234,0.4991096,0.5064301,-0.2249501,0.7537736,0.3625993,-0.1898096,0.5264277,0.5487427,-0.156687,1.09905,0.8174781,-0.1318529,0.2172439,0.8661554,True,0,1,13
6/25/2025 12:09:45 PM,1750846185123,Right,-0.1565996,0.7394456,0.3951156,-0.1696234,0.4991096,0.5064301,-0.2279195,0.7304881,0.3831972,-0.198946,0.5259371,0.550981,-0.1552987,1.082507,0.8203803,-0.1413736,0.1937276,0.8876752,True,0,1,13
6/25/2025 12:09:45 PM,1750846185137,Right,-0.1579542,0.7270684,0.4082641,-0.1696234,0.4991096,0.5064301,-0.2292675,0.7181563,0.3966223,-0.2040639,0.5272241,0.5551257,-0.154162,1.076204,0.8212553,-0.1481207,0.1838697,0.9046116,True,0,1,13
6/25/2025 12:09:45 PM,1750846185165,Right,-0.1611235,0.7038941,0.4370723,-0.1696234,0.4991096,0.5064301,-0.2317996,0.6945316,0.4249229,-0.2127048,0.5292522,0.5650424,-0.1523733,1.065316,0.8228334,-0.1595993,0.1647322,0.9389265,True,0,1,13
6/25/2025 12:09:45 PM,1750846185179,Right,-0.1632868,0.6929799,0.4536967,-0.1696234,0.4991096,0.5064301,-0.2336423,0.6838583,0.4416692,-0.2174327,0.5314554,0.573225,-0.1514823,1.060923,0.8234969,-0.1669009,0.1582605,0.9606996,True,0,1,13
6/25/2025 12:09:45 PM,1750846185207,Right,-0.1680661,0.6736069,0.4877507,-0.1696234,0.4991096,0.5064301,-0.2369417,0.6639356,0.4746822,-0.2247422,0.5324554,0.5914401,-0.1503797,1.055525,0.8241979,-0.1787419,0.1451784,1.001563,True,0,1,13
6/25/2025 12:09:45 PM,1750846185221,Right,-0.169822,0.6650224,0.505387,-0.1696234,0.4991096,0.5064301,-0.239635,0.6547654,0.4913094,-0.2289194,0.5316328,0.6028898,-0.150017,1.054886,0.8250519,-0.1858126,0.1411634,1.023678,True,0,1,13
6/25/2025 12:09:45 PM,1750846185248,Right,-0.1742134,0.6509944,0.5399358,-0.1696234,0.4991096,0.5064301,-0.2430505,0.6422915,0.5260055,-0.2341281,0.5283979,0.6319625,-0.1496441,1.057964,0.828952,-0.1953674,0.1354713,1.065412,True,0,1,13
6/25/2025 12:09:45 PM,1750846185262,Right,-0.1767263,0.6461974,0.5564561,-0.1696234,0.4991096,0.5064301,-0.2450401,0.6364771,0.543013,-0.23648,0.5238916,0.6486483,-0.1492712,1.060382,0.8315474,-0.198897,0.1318907,1.084643,True,0,1,13
6/25/2025 12:09:45 PM,1750846185276,Right,-0.1804065,0.6412369,0.5726632,-0.1696234,0.4991096,0.5064301,-0.2488642,0.6315324,0.5584553,-0.240504,0.5182574,0.6668708,-0.1499937,1.063806,0.8337947,-0.2047508,0.1322892,1.105182,True,0,1,13
6/25/2025 12:09:45 PM,1750846185304,Right,-0.1863503,0.6375299,0.6015502,-0.1696234,0.4991096,0.5064301,-0.2563757,0.6270092,0.5877442,-0.2478726,0.5081417,0.706692,-0.1522241,1.07232,0.8369201,-0.2144622,0.1399773,1.145546,True,0,1,13
6/25/2025 12:09:45 PM,1750846185317,Right,-0.1905926,0.6362553,0.615725,-0.1696234,0.4991096,0.5064301,-0.2601199,0.6259509,0.6022332,-0.2513059,0.5026,0.7275996,-0.1541355,1.077892,0.8383223,-0.2182845,0.1432444,1.163789,True,0,1,13
6/25/2025 12:09:45 PM,1750846185345,Right,-0.1996647,0.6402937,0.6393279,-0.1696234,0.4991096,0.5064301,-0.2655056,0.6324645,0.6268784,-0.2563718,0.4994366,0.7698768,-0.1598333,1.092384,0.8409406,-0.2257468,0.1655612,1.201788,True,0,1,13
6/25/2025 12:09:45 PM,1750846185359,Right,-0.2039002,0.6430596,0.65049,-0.1696234,0.4991096,0.5064301,-0.2686441,0.6362525,0.638254,-0.2592798,0.4980613,0.7905616,-0.1628171,1.100794,0.8422583,-0.2297728,0.1765091,1.218965,True,0,1,13
6/25/2025 12:09:45 PM,1750846185387,Right,-0.2136316,0.6525236,0.6677904,-0.1696234,0.4991096,0.5064301,-0.2797558,0.6434232,0.6563433,-0.2695094,0.4980524,0.8294272,-0.1670945,1.120629,0.844956,-0.2421388,0.2062644,1.254321,True,0,1,13
6/25/2025 12:09:45 PM,1750846185401,Right,-0.218881,0.6575797,0.6758385,-0.1696234,0.4991096,0.5064301,-0.2844163,0.6477908,0.6642454,-0.2739136,0.4992229,0.8478986,-0.168745,1.13261,0.8462778,-0.2478784,0.2217103,1.270233,True,0,1,13
6/25/2025 12:09:45 PM,1750846185428,Right,-0.2282263,0.668181,0.6885732,-0.1696234,0.4991096,0.5064301,-0.2926375,0.6575152,0.6748459,-0.2820525,0.5071838,0.8802599,-0.1722821,1.158152,0.8493963,-0.2602782,0.2612289,1.300953,True,0,1,13
6/25/2025 12:09:45 PM,1750846185443,Right,-0.2331271,0.6739531,0.6944281,-0.1696234,0.4991096,0.5064301,-0.2969596,0.6628423,0.6798586,-0.2865838,0.5121613,0.8961369,-0.1740522,1.171298,0.8505806,-0.2670106,0.2811916,1.315111,True,0,1,13
6/25/2025 12:09:45 PM,1750846185456,Right,-0.2366764,0.680765,0.6980522,-0.1696234,0.4991096,0.5064301,-0.3013869,0.6680202,0.6832284,-0.2913982,0.5191024,0.9104832,-0.1759403,1.1852,0.8509823,-0.2742721,0.3045229,1.329165,True,0,1,13
6/25/2025 12:09:45 PM,1750846185484,Right,-0.2461741,0.6909248,0.70596,-0.1696234,0.4991096,0.5064301,-0.3084655,0.6792418,0.6890595,-0.3000063,0.5354013,0.9368807,-0.1807745,1.213105,0.850288,-0.2880633,0.3511354,1.353913,True,0,1,13
6/25/2025 12:09:45 PM,1750846185498,Right,-0.251013,0.6954088,0.7104926,-0.1696234,0.4991096,0.5064301,-0.3123541,0.686685,0.690729,-0.3051992,0.5468359,0.9493549,-0.1830075,1.226973,0.8494412,-0.296361,0.3787295,1.365272,True,0,1,13
6/25/2025 12:09:45 PM,1750846185526,Right,-0.2565048,0.7100528,0.7168332,-0.1696234,0.4991096,0.5064301,-0.3182709,0.7001745,0.6930601,-0.3151878,0.5699858,0.9741801,-0.1881893,1.255386,0.8460118,-0.3142331,0.4344752,1.385511,True,0,1,13
6/25/2025 12:09:45 PM,1750846185540,Right,-0.259042,0.7192296,0.719523,-0.2889858,0.60034,1.035321,-0.3200629,0.7078098,0.6949211,-0.3212988,0.5838416,1.010196,-0.1911335,1.270243,0.8430573,-0.3270057,0.4833903,1.401807,True,0,1,13
6/25/2025 12:09:45 PM,1750846185568,Right,-0.2645522,0.7380451,0.7254593,-0.3094355,0.6475142,1.049526,-0.3215253,0.7225026,0.6998848,-0.3321481,0.6139035,1.021294,-0.1961782,1.299797,0.8375846,-0.3508032,0.5328149,1.416307,True,0,1,13
6/25/2025 12:09:45 PM,1750846185582,Right,-0.2669492,0.7489998,0.7286011,-0.3192041,0.6678323,1.054245,-0.3232839,0.7305247,0.7023327,-0.3406388,0.6301682,1.02631,-0.1995137,1.31541,0.8341109,-0.3688321,0.5591521,1.422511,True,0,1,13
6/25/2025 12:09:45 PM,1750846185596,Right,-0.26916,0.7601615,0.7316741,-0.329587,0.6870888,1.058456,-0.3244209,0.739324,0.7042353,-0.3494212,0.6467197,1.030622,-0.2030417,1.330631,0.8300523,-0.3882133,0.5853122,1.426946,True,0,1,13
6/25/2025 12:09:45 PM,1750846185623,Right,-0.2746582,0.7830606,0.7368255,-0.3517439,0.7245138,1.06465,-0.3261193,0.757854,0.7084732,-0.367554,0.6798496,1.038594,-0.2104844,1.361011,0.8201247,-0.4282234,0.6364099,1.432991,True,0,1,13
6/25/2025 12:09:45 PM,1750846185637,Right,-0.2774879,0.7956483,0.7395029,-0.3648884,0.7430755,1.066641,-0.3267925,0.7669669,0.7107059,-0.3788452,0.6961007,1.041821,-0.2139989,1.375965,0.8141764,-0.4534686,0.6611716,1.433797,True,0,1,13
6/25/2025 12:09:45 PM,1750846185665,Right,-0.2845512,0.8200874,0.745518,-0.3916831,0.7813791,1.071126,-0.3298402,0.7874419,0.7147322,-0.4029729,0.7296883,1.046741,-0.2217898,1.406247,0.8008405,-0.5042415,0.7101629,1.431469,True,0,1,13
6/25/2025 12:09:45 PM,1750846185679,Right,-0.2888224,0.8322072,0.7486995,-0.4058376,0.8007569,1.073271,-0.3316779,0.7971125,0.7171922,-0.4180133,0.7457088,1.048617,-0.225589,1.42134,0.7936088,-0.5353469,0.7333955,1.427516,True,0,1,13
6/25/2025 12:09:45 PM,1750846185707,Right,-0.2976619,0.8574547,0.7551123,-0.4354997,0.8373469,1.076071,-0.3353882,0.8172299,0.7224196,-0.4487783,0.7777936,1.050903,-0.2321749,1.450528,0.7772292,-0.5973294,0.7786223,1.415237,True,0,1,13
6/25/2025 12:09:45 PM,1750846185720,Right,-0.3031538,0.8707094,0.7583382,-0.4513718,0.8550386,1.076785,-0.3382062,0.8271056,0.7252241,-0.4674532,0.7931511,1.050305,-0.2351058,1.464655,0.7675015,-0.6337969,0.7995092,1.404904,True,0,1,13
6/25/2025 12:09:45 PM,1750846185748,Right,-0.3153762,0.8973089,0.7632466,-0.4847191,0.8886598,1.076842,-0.3438586,0.8487585,0.7306086,-0.5048591,0.824754,1.047567,-0.2408128,1.492368,0.7473654,-0.7041152,0.8404967,1.378873,True,0,1,13
6/25/2025 12:09:45 PM,1750846185762,Right,-0.3228786,0.9093757,0.7652771,-0.51015,0.8760557,1.048074,-0.3477606,0.8584318,0.7334642,-0.5014545,0.8217659,1.02555,-0.243379,1.505475,0.7367513,-0.7186915,0.8166212,1.374372,True,0,1,13
6/25/2025 12:09:45 PM,1750846185776,Right,-0.3308219,0.9213725,0.7667187,-0.5536348,0.9090917,1.037567,-0.3523135,0.869063,0.7362072,-0.5362241,0.8446235,1.032999,-0.2461064,1.518318,0.726126,-0.7701234,0.855342,1.348863,True,0,1,13
6/25/2025 12:09:45 PM,1750846185804,Right,-0.3476581,0.9454982,0.7674724,-0.5887808,0.9263338,1.018721,-0.3647406,0.8880455,0.7372847,-0.5743155,0.8647879,1.014785,-0.250913,1.541599,0.7033796,-0.8401586,0.8728464,1.30636,True,0,1,13
6/25/2025 12:09:45 PM,1750846185818,Right,-0.3571142,0.9578258,0.7665265,-0.6116889,0.9380127,1.007478,-0.3721309,0.9013013,0.7378467,-0.5967607,0.8792546,1.006459,-0.2530875,1.55215,0.6915314,-0.8762473,0.8874303,1.281698,True,0,1,13
6/25/2025 12:09:45 PM,1750846185846,Right,-0.375807,0.9812776,0.763486,-0.6526046,0.9558479,0.9793989,-0.3862622,0.9244413,0.7372255,-0.6381049,0.9006109,0.9836974,-0.2573265,1.571986,0.6685433,-0.9434667,0.904196,1.22632,True,0,1,13
6/25/2025 12:09:45 PM,1750846185859,Right,-0.385669,0.9926216,0.7606806,-0.6731173,0.9643839,0.9638301,-0.3923197,0.9342332,0.7351547,-0.656162,0.9079865,0.9681898,-0.2592704,1.581123,0.6569686,-0.9742162,0.907607,1.194271,True,0,1,13
6/25/2025 12:09:45 PM,1750846185888,Right,-0.4083271,1.012162,0.7479729,-0.7128204,0.9806684,0.9292663,-0.4058719,0.9530964,0.730113,-0.6946064,0.9239365,0.9357431,-0.2611327,1.598012,0.6334662,-1.03325,0.9178708,1.124138,True,0,1,13
6/25/2025 12:09:45 PM,1750846185901,Right,-0.418541,1.021559,0.7418516,-0.7329605,0.9862176,0.9111797,-0.413447,0.9623305,0.7268538,-0.715557,0.9320371,0.9177836,-0.2618227,1.60609,0.6220356,-1.061937,0.9236006,1.08471,True,0,1,13
6/25/2025 12:09:45 PM,1750846185915,Right,-0.4276368,1.031079,0.7348375,-0.7527053,0.9928483,0.8927645,-0.4206394,0.9709978,0.7232167,-0.7375996,0.9409289,0.8978941,-0.2624427,1.613609,0.6103189,-1.089754,0.9318004,1.040785,True,0,1,13
6/25/2025 12:09:45 PM,1750846185943,Right,-0.4475698,1.047334,0.7184834,-0.7857086,1.000955,0.8499643,-0.4366484,0.9892064,0.7133743,-0.7702236,0.952404,0.8584241,-0.2641824,1.62737,0.5871143,-1.132175,0.9309272,0.9642662,True,0,1,13
6/25/2025 12:09:45 PM,1750846185957,Right,-0.4577433,1.054363,0.7083435,-0.8013477,1.004938,0.8263761,-0.4439259,0.9967375,0.7072439,-0.7843434,0.9569449,0.8371663,-0.2647196,1.633963,0.5754759,-1.149724,0.928421,0.9246871,True,0,1,13
6/25/2025 12:09:45 PM,1750846185985,Right,-0.4775787,1.068332,0.6865942,-0.8313437,1.011684,0.779523,-0.4600489,1.007923,0.6943427,-0.8145705,0.9635395,0.7904451,-0.265501,1.645543,0.552712,-1.182845,0.9256858,0.8389216,True,0,1,13
6/25/2025 12:09:45 PM,1750846185998,Right,-0.487723,1.075248,0.6743768,-0.84395,1.014256,0.7539989,-0.4685586,1.013469,0.685204,-0.8266175,0.9666966,0.7658718,-0.2657322,1.650721,0.5418614,-1.196088,0.9235893,0.7979976,True,0,1,13
6/25/2025 12:09:46 PM,1750846186027,Right,-0.5061491,1.084993,0.648142,-0.8665354,1.01716,0.702891,-0.48658,1.026696,0.6669533,-0.8494025,0.9697661,0.7176188,-0.2660306,1.659915,0.5211838,-1.217279,0.9104474,0.7185757,True,0,1,13
6/25/2025 12:09:46 PM,1750846186040,Right,-0.5147792,1.089519,0.6333004,-0.8757356,1.017804,0.6758257,-0.4955547,1.03272,0.6557579,-0.8590466,0.9714982,0.692534,-0.2663004,1.664158,0.5114337,-1.225725,0.9047462,0.6797112,True,0,1,13
6/25/2025 12:09:46 PM,1750846186068,Right,-0.5313334,1.09624,0.6030405,-0.8920352,1.017015,0.6234511,-0.5126836,1.040532,0.6334072,-0.8752831,0.9684594,0.6446287,-0.2658603,1.671163,0.4924997,-1.237584,0.8858669,0.6069695,True,0,1,13
6/25/2025 12:09:46 PM,1750846186082,Right,-0.5385786,1.09817,0.5868264,-0.8974522,1.014718,0.5976159,-0.5205991,1.044539,0.6196318,-0.8810261,0.9671828,0.6196238,-0.265401,1.67462,0.4833423,-1.241518,0.877123,0.5711795,True,0,1,13
6/25/2025 12:09:46 PM,1750846186096,Right,-0.5451065,1.099777,0.5711846,-0.9035344,1.012886,0.5725343,-0.5281166,1.048225,0.6061753,-0.8876076,0.9666067,0.5948942,-0.2645706,1.677394,0.4747809,-1.244691,0.8702552,0.5358347,True,0,1,13
6/25/2025 12:09:46 PM,1750846186123,Right,-0.5560004,1.101656,0.5397382,-0.9133066,1.008222,0.5239583,-0.5418823,1.053685,0.5805954,-0.8982794,0.9618733,0.5462996,-0.2638085,1.68235,0.4593616,-1.246347,0.8518456,0.4661852,False,0,1,13
6/25/2025 12:09:46 PM,1750846186138,Right,-0.5609316,1.101634,0.5249413,-0.9169806,1.005894,0.4999548,-0.5477118,1.055439,0.5684393,-0.9017278,0.9595123,0.5234996,-0.2636392,1.684108,0.4524763,-1.245635,0.8435604,0.4338641,False,0,1,13
6/25/2025 12:09:46 PM,1750846186165,Right,-0.5667685,1.100908,0.4960573,-0.9229617,0.9998943,0.4547184,-0.5577379,1.058734,0.5438111,-0.9091421,0.9556539,0.4760277,-0.2636193,1.6874,0.4401106,-1.241123,0.830827,0.3673363,False,0,1,13
6/25/2025 12:09:46 PM,1750846186178,Right,-0.5688686,1.10144,0.4830359,-0.9238615,0.9971771,0.434244,-0.5619964,1.060858,0.5325514,-0.9111139,0.9549831,0.4542521,-0.2636654,1.688707,0.4347336,-1.237892,0.8263228,0.3369542,False,0,1,13
6/25/2025 12:09:46 PM,1750846186207,Right,-0.5728933,1.103059,0.460668,-0.9243431,0.9929453,0.394975,-0.5689073,1.065408,0.5132549,-0.9117891,0.9520851,0.4158422,-0.2643707,1.690795,0.425915,-1.227762,0.8141845,0.2832608,False,0,1,13
6/25/2025 12:09:46 PM,1750846186221,Right,-0.5737044,1.103129,0.4529338,-0.9234211,0.991856,0.3790921,-0.5717703,1.06698,0.5055499,-0.9113371,0.9513586,0.3986756,-0.2648714,1.691522,0.4221349,-1.222324,0.8106235,0.258242,False,0,1,13
6/25/2025 12:09:46 PM,1750846186248,Right,-0.5752195,1.103031,0.4425094,-0.9220688,0.9882338,0.3532863,-0.5764017,1.068749,0.4950156,-0.909698,0.9487199,0.3688694,-0.2659545,1.692729,0.4153807,-1.20916,0.8037274,0.2130923,False,0,1,13
6/25/2025 12:09:46 PM,1750846186263,Right,-0.5747073,1.101802,0.439941,-0.9202542,0.9865963,0.3436426,-0.5782277,1.069029,0.4935833,-0.9084377,0.9485047,0.3581253,-0.2665473,1.692835,0.4126171,-1.202816,0.8038195,0.1941607,False,0,1,13
6/25/2025 12:09:46 PM,1750846186276,Right,-0.575473,1.101932,0.4377943,-0.9186662,0.984989,0.3343343,-0.5800879,1.069434,0.4923991,-0.9060421,0.9456556,0.3489872,-0.2670747,1.692659,0.4101801,-1.194757,0.7979262,0.1784468,False,0,1,13
6/25/2025 12:09:46 PM,1750846186305,Right,-0.5771769,1.103021,0.4403828,-0.9152073,0.9813957,0.3274018,-0.5800791,1.067382,0.4928715,-0.9012114,0.9437492,0.339857,-0.2680942,1.692145,0.4068772,-1.184977,0.7978156,0.1589062,False,0,1,13
6/25/2025 12:09:46 PM,1750846186318,Right,-0.5777832,1.103096,0.4421898,-0.9135924,0.9795485,0.3250716,-0.5801105,1.066449,0.4939138,-0.8975443,0.9402856,0.3355705,-0.2686182,1.691899,0.4056643,-1.177127,0.7920297,0.1498708,False,0,1,13
6/25/2025 12:09:46 PM,1750846186346,Right,-0.5778129,1.103109,0.4488224,-0.9106452,0.9774911,0.3299485,-0.5784637,1.065282,0.4994054,-0.8945142,0.9387062,0.3419108,-0.2693419,1.691301,0.4038845,-1.175046,0.7913127,0.1542525,False,0,1,13
6/25/2025 12:09:46 PM,1750846186359,Right,-0.5773733,1.102921,0.4521013,-0.9094731,0.9764637,0.33312,-0.5770978,1.064633,0.502131,-0.8907486,0.93581,0.342491,-0.2697536,1.690995,0.4035349,-1.169073,0.7860066,0.1527991,False,0,1,13
6/25/2025 12:09:46 PM,1750846186388,Right,-0.5747102,1.102237,0.4583161,-0.9074736,0.9752964,0.3467066,-0.5724664,1.063648,0.5079615,-0.8897566,0.9345658,0.3596448,-0.2703223,1.690076,0.4040825,-1.175285,0.7838929,0.1786491,False,0,1,13
6/25/2025 12:09:46 PM,1750846186401,Right,-0.5729668,1.101756,0.461332,-0.9067056,0.9747433,0.354075,-0.5699119,1.063357,0.5110095,-0.8863833,0.9323844,0.3635861,-0.2707828,1.689419,0.4052857,-1.171659,0.7792429,0.1834735,False,0,1,13
6/25/2025 12:09:46 PM,1750846186415,Right,-0.5702436,1.101196,0.4638902,-0.9057992,0.9745728,0.3635145,-0.5665922,1.063385,0.5135836,-0.8864051,0.9324092,0.374698,-0.2710733,1.688622,0.4067305,-1.1766,0.7788125,0.2021198,False,0,1,13
6/25/2025 12:09:46 PM,1750846186443,Right,-0.5646049,1.100247,0.468626,-0.9037952,0.9737019,0.3839886,-0.5596288,1.063649,0.5184808,-0.8832588,0.930984,0.3923588,-0.2711418,1.686413,0.4098835,-1.179514,0.7747093,0.2315039,False,0,1,13
6/25/2025 12:09:46 PM,1750846186457,Right,-0.5613883,1.099687,0.4711431,-0.9029501,0.9723291,0.3954149,-0.555371,1.062489,0.5206285,-0.8835907,0.9311713,0.4038765,-0.2709792,1.685031,0.4118845,-1.18475,0.7766929,0.2517357,False,0,1,13
6/25/2025 12:09:46 PM,1750846186485,Right,-0.5562421,1.099577,0.4771194,-0.8999135,0.9716944,0.4178348,-0.5469072,1.06133,0.5245864,-0.8798336,0.9301702,0.4248773,-0.2704412,1.682599,0.4170849,-1.189037,0.775414,0.2878988,False,0,1,13
6/25/2025 12:09:46 PM,1750846186499,Right,-0.5535418,1.100196,0.4802878,-0.8983002,0.9712602,0.430343,-0.542145,1.060476,0.5267093,-0.8790153,0.9306276,0.4393856,-0.2702129,1.681484,0.4202163,-1.193716,0.7772068,0.3138373,False,0,1,13
6/25/2025 12:09:46 PM,1750846186526,Right,-0.5469999,1.100613,0.4860377,-0.8932902,0.9699836,0.4559346,-0.5324318,1.057026,0.5309124,-0.8740896,0.9288891,0.4622082,-0.2692918,1.678818,0.4268544,-1.196076,0.7770426,0.3540356,False,0,1,13
6/25/2025 12:09:46 PM,1750846186541,Right,-0.5424919,1.098246,0.4886495,-0.8901585,0.9692588,0.4699734,-0.5280344,1.056525,0.5345758,-0.8724247,0.9298918,0.4780042,-0.2685838,1.676878,0.4305617,-1.19881,0.7797775,0.381048,False,0,1,13
6/25/2025 12:09:46 PM,1750846186568,Right,-0.5333132,1.096716,0.495281,-0.8843046,0.9671567,0.4961383,-0.5168128,1.053417,0.5414165,-0.8674008,0.9299138,0.4998098,-0.26736,1.672023,0.4396127,-1.197378,0.7863332,0.4165263,False,0,1,13
6/25/2025 12:09:46 PM,1750846186582,Right,-0.5283531,1.096006,0.5001099,-0.8784905,0.965648,0.5114997,-0.509811,1.050745,0.5437877,-0.8617292,0.9281822,0.5154797,-0.2668921,1.669248,0.4449986,-1.195747,0.7869633,0.443732,False,0,1,13
6/25/2025 12:09:46 PM,1750846186595,Right,-0.5232215,1.094759,0.5055876,-0.8724372,0.9638467,0.5266099,-0.5025476,1.047694,0.5461447,-0.855528,0.9264812,0.5317098,-0.2664893,1.66588,0.4516486,-1.193444,0.7882886,0.4721806,False,0,1,13
6/25/2025 12:09:46 PM,1750846186624,Right,-0.5108757,1.092133,0.5187948,-0.8587105,0.9567961,0.5580562,-0.4873901,1.041828,0.5535671,-0.8430588,0.9223976,0.5582314,-0.2657105,1.656839,0.4665749,-1.184222,0.7906791,0.5154895,False,0,1,13
6/25/2025 12:09:46 PM,1750846186637,Right,-0.5037265,1.089875,0.5261416,-0.848868,0.9519826,0.5750468,-0.4777751,1.03788,0.5574659,-0.8329291,0.9194849,0.576068,-0.2648635,1.651738,0.4742903,-1.177292,0.7916282,0.5458096,False,0,1,13
6/25/2025 12:09:46 PM,1750846186666,Right,-0.4862468,1.084861,0.5421228,-0.8274814,0.9409901,0.6079393,-0.4588741,1.030224,0.5623989,-0.8135265,0.9119846,0.6031626,-0.2633623,1.639467,0.4915818,-1.160193,0.7908406,0.5931854,False,0,1,13
6/25/2025 12:09:46 PM,1750846186679,Right,-0.4745812,1.080815,0.55111,-0.8128949,0.9344907,0.6244859,-0.4473194,1.024548,0.564503,-0.7998941,0.906918,0.6199148,-0.2625245,1.632334,0.5009232,-1.148841,0.7912958,0.6241721,False,0,1,13
6/25/2025 12:09:46 PM,1750846186707,Right,-0.4498474,1.071155,0.5677966,-0.7823251,0.9212196,0.6550946,-0.4226315,1.011157,0.5689548,-0.7698902,0.8932377,0.6471653,-0.2609966,1.616801,0.5203799,-1.120923,0.7850032,0.675464,False,0,1,13
6/25/2025 12:09:46 PM,1750846186721,Right,-0.4348084,1.065029,0.5749088,-0.764137,0.9136591,0.6694727,-0.409254,1.006218,0.5687197,-0.7523642,0.8875033,0.6607941,-0.2598042,1.607526,0.5298526,-1.10358,0.7838786,0.7050168,False,0,1,13
6/25/2025 12:09:46 PM,1750846186748,Right,-0.4022976,1.052318,0.5874504,-0.7243965,0.8986618,0.6952512,-0.3819648,0.9936363,0.5706599,-0.7159089,0.8724922,0.6836779,-0.2581612,1.586641,0.5481017,-1.066039,0.7740083,0.7547968,False,0,1,13
6/25/2025 12:09:46 PM,1750846186763,Right,-0.3826414,1.044225,0.5911221,-0.7011079,0.8899549,0.7053971,-0.3664631,0.9860902,0.5677262,-0.6942693,0.8650121,0.69484,-0.2576865,1.575407,0.5567952,-1.042224,0.7707185,0.7846659,False,0,1,13
6/25/2025 12:09:46 PM,1750846186776,Right,-0.3651029,1.033512,0.5938296,-0.6793877,0.8805693,0.7155603,-0.3521352,0.9782679,0.5640761,-0.6736329,0.8551787,0.7000373,-0.2571049,1.564081,0.5654508,-1.019665,0.7600896,0.8026198,False,0,1,13
6/25/2025 12:09:46 PM,1750846186803,Right,-0.3298653,1.013816,0.5899462,-0.6334525,0.8632546,0.7297363,-0.3244869,0.9660912,0.5507628,-0.6296837,0.8394174,0.7110423,-0.2553864,1.542509,0.5846272,-0.9666284,0.7442638,0.8483316,False,0,1,13
6/25/2025 12:09:46 PM,1750846186817,Right,-0.31227,1.004076,0.5867587,-0.6105537,0.8536416,0.7361071,-0.3121466,0.9577549,0.540736,-0.6061403,0.8300426,0.7172503,-0.2543625,1.532395,0.5954276,-0.9346594,0.7354662,0.8771372,False,0,1,13
6/25/2025 12:09:46 PM,1750846186845,Right,-0.2821958,0.9901257,0.5682631,-0.5625385,0.838632,0.7434553,-0.2875745,0.9488342,0.5218483,-0.5607311,0.8157759,0.7214665,-0.250761,1.511265,0.6160886,-0.8720828,0.7169582,0.9151466,False,0,1,13
6/25/2025 12:09:46 PM,1750846186859,Right,-0.2676233,0.9832432,0.5575673,-0.538792,0.8284302,0.7451891,-0.2771129,0.9448432,0.508321,-0.5378699,0.8085269,0.7228923,-0.2485714,1.500671,0.6265715,-0.8353578,0.7080244,0.9353803,False,0,1,13
6/25/2025 12:09:46 PM,1750846186887,Right,-0.2450759,0.970227,0.5305294,-0.491487,0.8099477,0.7429537,-0.262111,0.9353899,0.4809723,-0.4909908,0.7929673,0.7234669,-0.2439119,1.47843,0.6472435,-0.7578846,0.6855803,0.9728095,False,0,1,13
6/25/2025 12:09:46 PM,1750846186901,Right,-0.2319167,0.9645464,0.5156903,-0.4678009,0.7993869,0.7405916,-0.2550174,0.9308288,0.4671966,-0.4756796,0.7841902,0.7185085,-0.2412317,1.466652,0.6571651,-0.7306684,0.6747485,0.9754083,False,0,1,13
6/25/2025 12:09:46 PM,1750846186915,Right,-0.221463,0.9600739,0.5006535,-0.4438683,0.7912101,0.73628,-0.2465597,0.9256639,0.4522998,-0.4504817,0.7748179,0.7150408,-0.2381878,1.454555,0.6669415,-0.6881321,0.661149,0.9862903,False,0,1,13
6/25/2025 12:09:46 PM,1750846186943,Right,-0.2031991,0.9504769,0.472522,-0.3969922,0.7690749,0.7229006,-0.2327493,0.9191244,0.4250083,-0.4083531,0.7579305,0.7010815,-0.2319276,1.429252,0.6859435,-0.6156657,0.6337494,0.9924907,False,0,1,13
6/25/2025 12:09:46 PM,1750846186956,Right,-0.1943639,0.9455513,0.4576747,-0.373846,0.7582805,0.7140092,-0.2264433,0.917392,0.4123742,-0.3850943,0.7492816,0.6942859,-0.2286246,1.416017,0.6954964,-0.5739704,0.617862,0.9951321,False,0,1,13
6/25/2025 12:09:46 PM,1750846186984,Right,-0.1774335,0.9349839,0.4279839,-0.331717,0.7355873,0.6947672,-0.2164123,0.9115918,0.3860758,-0.3475327,0.7296327,0.6763634,-0.2217529,1.388831,0.7135695,-0.5038948,0.5860861,0.9873245,False,0,1,13
6/25/2025 12:09:46 PM,1750846186998,Right,-0.1705123,0.9295211,0.4125888,-0.3105483,0.7244925,0.6820062,-0.211244,0.9075643,0.37154,-0.325719,0.7184891,0.6635672,-0.2184927,1.374763,0.7219033,-0.4638833,0.5668464,0.9799681,False,0,1,13
6/25/2025 12:09:47 PM,1750846187026,Right,-0.1580957,0.9209231,0.3843715,-0.2711849,0.7027498,0.6550379,-0.2045865,0.902422,0.3441081,-0.2894351,0.6996405,0.6360852,-0.2118698,1.345928,0.7371237,-0.3948677,0.5323375,0.9580548,False,0,1,13
6/25/2025 12:09:47 PM,1750846187040,Right,-0.152744,0.9181415,0.3703399,-0.2522601,0.6916809,0.6395527,-0.2028017,0.9017525,0.331876,-0.2719042,0.6906053,0.6220889,-0.2083848,1.331251,0.7443148,-0.3597991,0.5140848,0.9443836,False,0,1,13
6/25/2025 12:09:47 PM,1750846187068,Right,-0.146093,0.9124202,0.3436576,-0.2177704,0.6707067,0.608272,-0.1993179,0.899229,0.3096617,-0.2411655,0.6726217,0.5931777,-0.201535,1.301934,0.7576276,-0.2981884,0.4787146,0.9125649,False,0,1,13
6/25/2025 12:09:47 PM,1750846187081,Right,-0.145071,0.911405,0.3325238,-0.2019925,0.66115,0.5926645,-0.198662,0.8961605,0.2990149,-0.2264606,0.662165,0.5781544,-0.1973907,1.286856,0.7641779,-0.2678577,0.4597987,0.89475,False,0,1,13
6/25/2025 12:09:47 PM,1750846187095,Right,-0.144117,0.9090861,0.3221881,-0.1882442,0.6507682,0.5770504,-0.1973886,0.8974794,0.2927066,-0.2129754,0.6551917,0.5658839,-0.1930209,1.27153,0.7708141,-0.2401346,0.4436784,0.8778027,False,0,1,13
6/25/2025 12:09:47 PM,1750846187123,Right,-0.1425221,0.9021645,0.3033035,-0.1623872,0.6310967,0.5483869,-0.2012726,0.892706,0.2770302,-0.1926194,0.636152,0.5376824,-0.1847293,1.240215,0.7828714,-0.1926489,0.4086748,0.8389373,False,0,1,13
6/25/2025 12:09:47 PM,1750846187137,Right,-0.1432767,0.8986574,0.2968794,-0.1528603,0.6215159,0.5336014,-0.2016805,0.8890364,0.2716714,-0.1826317,0.6272175,0.5246335,-0.1809042,1.224649,0.7871188,-0.1707511,0.3916116,0.8209547,False,0,1,13
6/25/2025 12:09:47 PM,1750846187165,Right,-0.1455016,0.8885267,0.284969,-0.1355328,0.6019877,0.5095977,-0.2065051,0.8806427,0.2642015,-0.1679564,0.6087788,0.5034329,-0.1730189,1.193707,0.7942659,-0.1331734,0.3606908,0.7880074,False,0,1,13
6/25/2025 12:09:47 PM,1750846187178,Right,-0.146459,0.8826013,0.2821381,-0.1297494,0.592091,0.4986041,-0.2093843,0.8733582,0.258832,-0.1613862,0.5975512,0.4905836,-0.1688834,1.178336,0.7969016,-0.1155156,0.3434476,0.7692078,False,0,1,13
6/25/2025 12:09:47 PM,1750846187206,Right,-0.1493883,0.8705111,0.2803844,-0.1165349,0.5720149,0.4847625,-0.2116508,0.8630413,0.2657058,-0.1507737,0.5786024,0.4831715,-0.1616532,1.148952,0.8016306,-0.08874532,0.3136948,0.748627,False,0,1,13
6/25/2025 12:09:47 PM,1750846187220,Right,-0.1506667,0.8639255,0.2826608,-0.1127477,0.5602758,0.4806474,-0.2132529,0.8560734,0.2685612,-0.1455452,0.5667608,0.4787602,-0.1584332,1.135524,0.8035005,-0.07501759,0.2973273,0.7363154,False,0,1,13
6/25/2025 12:09:47 PM,1750846187248,Right,-0.1492006,0.8455648,0.2909613,-0.1080118,0.5367036,0.4787315,-0.2165578,0.8375739,0.2821009,-0.1411742,0.5430889,0.4819697,-0.1518558,1.109951,0.8068305,-0.05935559,0.2672378,0.729431,True,0,1,14
6/25/2025 12:09:47 PM,1750846187262,Right,-0.1505382,0.8340222,0.2985969,-0.1054512,0.5240352,0.482374,-0.2180607,0.8265277,0.2917155,-0.1400287,0.5305845,0.487273,-0.148406,1.098392,0.8077923,-0.05383922,0.2519265,0.7309932,True,0,1,14
6/25/2025 12:09:47 PM,1750846187276,Right,-0.1514492,0.8222499,0.306704,-0.1031818,0.5112041,0.4866198,-0.2188769,0.8150883,0.3012341,-0.1375369,0.517028,0.4910034,-0.1453362,1.0871,0.8087221,-0.04635049,0.2346561,0.7295251,True,0,1,14
6/25/2025 12:09:47 PM,1750846187304,Right,-0.1526401,0.7955282,0.3328739,-0.09961748,0.4849126,0.5064608,-0.2213186,0.7881641,0.3280494,-0.138668,0.4909744,0.5132999,-0.1397662,1.065284,0.8106252,-0.04399192,0.2045867,0.7500598,True,0,1,14
6/25/2025 12:09:47 PM,1750846187318,Right,-0.1537897,0.7812412,0.3480773,-0.0995836,0.4704405,0.5189018,-0.2194549,0.7750132,0.342125,-0.1356632,0.4768188,0.5233144,-0.1367368,1.0556,0.8115183,-0.03865801,0.1873393,0.7569166,True,0,1,14
6/25/2025 12:09:47 PM,1750846187345,Right,-0.155774,0.7514464,0.384625,-0.1000446,0.4384561,0.5549931,-0.220213,0.743301,0.3754873,-0.1341215,0.4435801,0.5564308,-0.1315866,1.036867,0.8119451,-0.03480007,0.1553764,0.787879,True,0,1,14
6/25/2025 12:09:47 PM,1750846187359,Right,-0.1571078,0.7361019,0.4043599,-0.09994026,0.4241056,0.5737832,-0.2245635,0.7247026,0.3934348,-0.1383188,0.4277021,0.5768291,-0.1296207,1.02957,0.81174,-0.03938544,0.1410018,0.8118874,True,0,1,14
6/25/2025 12:09:47 PM,1750846187387,Right,-0.160159,0.709794,0.4474891,-0.1019704,0.3983504,0.6213114,-0.2260062,0.6963383,0.4352381,-0.1414783,0.4010778,0.6255159,-0.1259378,1.0155,0.8110851,-0.04838723,0.1194552,0.8662342,True,0,1,14
6/25/2025 12:09:47 PM,1750846187401,Right,-0.161642,0.6967635,0.4691285,-0.1038231,0.3864297,0.6457186,-0.227829,0.681886,0.4563505,-0.1421314,0.3866731,0.6468742,-0.1241994,1.00993,0.8105775,-0.04810652,0.1057343,0.8874528,True,0,1,14
6/25/2025 12:09:47 PM,1750846187428,Right,-0.1665866,0.672325,0.5105315,-0.1150868,0.3659272,0.7003619,-0.2327206,0.6604017,0.4972514,-0.1496065,0.3703754,0.7009308,-0.1215907,1.000512,0.8103381,-0.06047134,0.1001167,0.9516863,True,0,1,14
6/25/2025 12:09:47 PM,1750846187442,Right,-0.169078,0.6606699,0.5313731,-0.1228894,0.3578722,0.7272588,-0.233828,0.6495953,0.5174249,-0.1512871,0.3619452,0.7238738,-0.1208818,0.9974756,0.8104225,-0.06164105,0.09394425,0.9775378,True,0,1,14
6/25/2025 12:09:47 PM,1750846187456,Right,-0.1709627,0.6522336,0.5499648,-0.1294422,0.3561042,0.75258,-0.2346953,0.6421521,0.5375049,-0.1570885,0.3618344,0.7517731,-0.1205604,0.9954693,0.8107938,-0.07039289,0.09907442,1.015178,True,0,1,14
6/25/2025 12:09:47 PM,1750846187484,Right,-0.177968,0.6374021,0.5855176,-0.1400941,0.3538374,0.8034596,-0.2416814,0.6256593,0.5722957,-0.1687205,0.3559215,0.7987663,-0.1216979,0.9967238,0.812214,-0.08658211,0.103482,1.07566,True,0,1,14
6/25/2025 12:09:47 PM,1750846187498,Right,-0.1842831,0.6317107,0.6022504,-0.1463782,0.354685,0.8276244,-0.2476287,0.6180147,0.5867912,-0.1773717,0.3563998,0.822622,-0.1229362,0.9982183,0.8134738,-0.09922339,0.1129159,1.109239,True,0,1,14
6/25/2025 12:09:47 PM,1750846187526,Right,-0.1904575,0.6240799,0.6306798,-0.160938,0.3600664,0.8726862,-0.2539072,0.608855,0.614566,-0.1890247,0.3591451,0.8647009,-0.1249593,1.005088,0.8177792,-0.1184662,0.1302317,1.164726,True,0,1,14
6/25/2025 12:09:47 PM,1750846187539,Right,-0.1956822,0.6210493,0.6435922,-0.168409,0.3658895,0.893014,-0.257752,0.6067132,0.6271623,-0.1979395,0.3660647,0.8852118,-0.1259837,1.010039,0.8204824,-0.1331243,0.1457878,1.194715,True,0,1,14
6/25/2025 12:09:47 PM,1750846187568,Right,-0.200655,0.6195619,0.6663916,-0.1855487,0.3791586,0.9304035,-0.2671367,0.6029356,0.6503351,-0.2138966,0.375051,0.9204431,-0.1290267,1.021753,0.8271471,-0.1571396,0.1692709,1.241889,True,0,1,14
6/25/2025 12:09:47 PM,1750846187581,Right,-0.2045219,0.621473,0.6769146,-0.1944911,0.3877963,0.9475979,-0.2697673,0.6057139,0.660144,-0.2217574,0.3849932,0.9375225,-0.1307913,1.028372,0.8302084,-0.1713274,0.1881591,1.265171,True,0,1,14
6/25/2025 12:09:47 PM,1750846187595,Right,-0.2113122,0.6218818,0.6883137,-0.2031197,0.3978851,0.9627528,-0.2724113,0.6086437,0.6688356,-0.2312362,0.3965765,0.9498745,-0.1325754,1.035651,0.8327972,-0.1880499,0.2057091,1.285785,True,0,1,14
6/25/2025 12:09:47 PM,1750846187623,Right,-0.2194661,0.6292222,0.7067026,-0.2216494,0.4188743,0.9902622,-0.2770811,0.6155174,0.6833773,-0.2473996,0.4159199,0.9731233,-0.1365997,1.052176,0.8371376,-0.2184904,0.2380992,1.319162,True,0,1,14
6/25/2025 12:09:47 PM,1750846187637,Right,-0.2227672,0.6356194,0.7143224,-0.2324816,0.4305122,1.00231,-0.2786439,0.6205419,0.6892938,-0.2568233,0.4274072,0.9847709,-0.1391897,1.061077,0.8394109,-0.2388902,0.2577987,1.335001,True,0,1,14
6/25/2025 12:09:47 PM,1750846187665,Right,-0.229119,0.6490566,0.7285328,-0.2529809,0.4556568,1.023362,-0.2834526,0.6291549,0.7002763,-0.2756642,0.4481887,1.003716,-0.1443279,1.079775,0.8437177,-0.2769042,0.2922181,1.360981,True,0,1,14
6/25/2025 12:09:47 PM,1750846187679,Right,-0.2320575,0.6564204,0.7346755,-0.2646278,0.4689875,1.032866,-0.2847365,0.6327352,0.7058977,-0.2863673,0.4584873,1.013662,-0.1470222,1.089493,0.8450967,-0.3010469,0.3102174,1.373593,True,0,1,14
6/25/2025 12:09:47 PM,1750846187707,Right,-0.2404952,0.6711891,0.7434012,-0.2885647,0.4951194,1.048952,-0.2868791,0.6432863,0.713172,-0.307263,0.4802753,1.028812,-0.1525373,1.109379,0.8470055,-0.3460526,0.346565,1.390339,True,0,1,14
6/25/2025 12:09:47 PM,1750846187720,Right,-0.2419647,0.6801198,0.748067,-0.302471,0.5092867,1.056007,-0.2886182,0.6493497,0.7165897,-0.3176158,0.491212,1.035896,-0.1551831,1.119913,0.8473393,-0.3665673,0.3644684,1.396933,True,0,1,14
6/25/2025 12:09:47 PM,1750846187748,Right,-0.2492739,0.6976682,0.7564164,-0.3317564,0.5374094,1.062788,-0.2927238,0.6637206,0.7223015,-0.3460153,0.5175869,1.041903,-0.1609197,1.14187,0.8470665,-0.425651,0.4016003,1.403274,True,0,1,14
6/25/2025 12:09:47 PM,1750846187762,Right,-0.2543757,0.7076049,0.7602183,-0.3497165,0.550708,1.066276,-0.2949942,0.6698936,0.7245395,-0.3588344,0.5289547,1.046414,-0.1640439,1.152983,0.8464326,-0.4505666,0.4198988,1.405274,True,0,1,14
6/25/2025 12:09:47 PM,1750846187775,Right,-0.2604925,0.7166591,0.7642028,-0.3678481,0.5641311,1.068929,-0.2980222,0.6776855,0.7268938,-0.3756723,0.5425316,1.048262,-0.1671576,1.164209,0.8452543,-0.4841163,0.4393094,1.404128,True,0,1,14
6/25/2025 12:09:47 PM,1750846187804,Right,-0.2745766,0.7357473,0.7692457,-0.4042141,0.5870445,1.073744,-0.30658,0.6926548,0.7322475,-0.4158677,0.5675308,1.054572,-0.1734273,1.187849,0.8421193,-0.5576725,0.4782009,1.396373,True,0,1,14
6/25/2025 12:09:47 PM,1750846187817,Right,-0.2817124,0.7441286,0.7724445,-0.4242282,0.5974389,1.075699,-0.3126303,0.700476,0.7342586,-0.43562,0.5797671,1.056626,-0.1765113,1.200003,0.8406173,-0.5904995,0.4967075,1.391044,True,0,1,14
6/25/2025 12:09:47 PM,1750846187845,Right,-0.2960627,0.7599605,0.7793403,-0.4647919,0.61438,1.078416,-0.3238754,0.7167665,0.7386795,-0.4805195,0.6045256,1.05764,-0.1830382,1.223753,0.8368131,-0.6647334,0.5340286,1.371548,True,0,1,14
6/25/2025 12:09:47 PM,1750846187859,Right,-0.3049586,0.7699719,0.7814389,-0.4310309,0.603119,1.064011,-0.3290461,0.7232779,0.7398908,-0.4838778,0.6110327,1.034801,-0.1864438,1.23522,0.8340427,-0.6860507,0.5261448,1.359396,True,0,1,14
6/25/2025 12:09:47 PM,1750846187887,Right,-0.325854,0.7904945,0.7831821,-0.5380476,0.665064,1.044173,-0.3429873,0.7372485,0.7405589,-0.5314504,0.6320545,1.027024,-0.1937799,1.257255,0.8267432,-0.7640723,0.5576855,1.324121,True,0,1,14
6/25/2025 12:09:47 PM,1750846187901,Right,-0.3379521,0.8007857,0.7832253,-0.5631605,0.6778114,1.035132,-0.3510288,0.7452356,0.7403907,-0.5520605,0.6422713,1.019898,-0.1973187,1.26796,0.8225011,-0.797684,0.569679,1.305881,True,0,1,14
6/25/2025 12:09:47 PM,1750846187929,Right,-0.3637384,0.8216394,0.7800298,-0.6067674,0.699921,1.012071,-0.3682219,0.7642306,0.7393377,-0.5922401,0.6631862,0.9998138,-0.2044599,1.288522,0.8139986,-0.8643607,0.5894918,1.262227,True,0,1,14
6/25/2025 12:09:47 PM,1750846187942,Right,-0.3765705,0.8322755,0.7770987,-0.6307132,0.7112734,0.999249,-0.3780867,0.7744739,0.7384048,-0.6156436,0.6744431,0.9874853,-0.2078142,1.29832,0.8097519,-0.9015008,0.6008053,1.234365,True,0,1,14
6/25/2025 12:09:47 PM,1750846187956,Right,-0.3895617,0.842151,0.7718351,-0.6529599,0.7231184,0.9844036,-0.3882292,0.7854794,0.7358647,-0.6379488,0.6855467,0.9731364,-0.2111347,1.307667,0.8051468,-0.9358852,0.6112276,1.204703,True,0,1,14
6/25/2025 12:09:47 PM,1750846187984,Right,-0.4164143,0.8647888,0.7600954,-0.6982833,0.745915,0.9517086,-0.4080928,0.8059251,0.7280105,-0.6812451,0.7064034,0.9416469,-0.2163649,1.324613,0.79556,-0.9993144,0.6314423,1.140458,True,0,1,14
6/25/2025 12:09:47 PM,1750846187998,Right,-0.4290847,0.8756126,0.7533999,-0.7195386,0.757058,0.9327828,-0.4187374,0.8165677,0.7252054,-0.7022326,0.7168388,0.9256591,-0.2187068,1.332405,0.7905041,-1.029552,0.6399971,1.10708,True,0,1,14
6/25/2025 12:09:48 PM,1750846188026,Right,-0.454967,0.8958619,0.7370651,-0.7602537,0.7773292,0.8915669,-0.4412269,0.8393188,0.7184958,-0.7423458,0.7370153,0.8913617,-0.2236056,1.346732,0.7790295,-1.084522,0.6539607,1.037736,True,0,1,14
6/25/2025 12:09:48 PM,1750846188039,Right,-0.4681247,0.905448,0.7269085,-0.7803282,0.7879942,0.8698931,-0.4520836,0.8485593,0.7130013,-0.7622766,0.7464098,0.8709626,-0.2260065,1.353114,0.7738637,-1.110738,0.6620607,0.9984702,True,0,1,14
6/25/2025 12:09:48 PM,1750846188068,Right,-0.4924765,0.9238826,0.7063417,-0.8192238,0.8080932,0.826525,-0.4722694,0.8652893,0.6985544,-0.8002983,0.7643733,0.8277043,-0.2300191,1.365148,0.7651356,-1.155894,0.6786062,0.9174305,True,0,1,14
6/25/2025 12:09:48 PM,1750846188082,Right,-0.5040624,0.9331406,0.6946052,-0.8358442,0.8178458,0.8006245,-0.4830308,0.8755762,0.6905814,-0.8160765,0.7743945,0.8060679,-0.2318721,1.370323,0.7610015,-1.174417,0.6848005,0.8795,True,0,1,14
6/25/2025 12:09:48 PM,1750846188095,Right,-0.5152935,0.9422831,0.6835492,-0.8502443,0.8269438,0.7749462,-0.4930708,0.8837976,0.6824325,-0.830004,0.7826005,0.7826414,-0.2337193,1.374796,0.7567028,-1.191712,0.6906635,0.8395935,True,0,1,14
6/25/2025 12:09:48 PM,1750846188123,Right,-0.5358406,0.9577385,0.6585886,-0.8777846,0.8429742,0.7219783,-0.512144,0.8949154,0.661797,-0.857138,0.7945591,0.7322565,-0.2378342,1.382276,0.7470375,-1.221727,0.7009789,0.756566,True,0,1,14
6/25/2025 12:09:48 PM,1750846188137,Right,-0.5449129,0.9649351,0.6443492,-0.8895746,0.8509415,0.693573,-0.5221959,0.9019145,0.6515511,-0.8704836,0.8027214,0.7064576,-0.2398589,1.385092,0.7421975,-1.235511,0.7085494,0.7139297,True,0,1,14
6/25/2025 12:09:48 PM,1750846188165,Right,-0.5622366,0.9759359,0.6164171,-0.9102661,0.863492,0.6375772,-0.5391017,0.9147019,0.6289964,-0.8904496,0.8142807,0.6543196,-0.2431908,1.390345,0.7341424,-1.253516,0.7154282,0.6304986,True,0,1,14
6/25/2025 12:09:48 PM,1750846188179,Right,-0.569327,0.9801656,0.6004168,-0.9183765,0.8681009,0.6086469,-0.5475503,0.9203699,0.6163333,-0.9001074,0.8202275,0.6261191,-0.2446694,1.392509,0.7309865,-1.261076,0.7201928,0.5861602,True,0,1,14
6/25/2025 12:09:48 PM,1750846188206,Right,-0.5828961,0.987785,0.5698389,-0.9301958,0.8722402,0.5528715,-0.5631682,0.9281726,0.5935979,-0.9145163,0.8262818,0.5732148,-0.2477094,1.395701,0.7252978,-1.269374,0.7205949,0.5025789,True,0,1,14
6/25/2025 12:09:48 PM,1750846188220,Right,-0.5882524,0.9907215,0.5534563,-0.9345558,0.872529,0.5231166,-0.5704185,0.9310635,0.5814429,-0.9213867,0.8299965,0.5441579,-0.2491674,1.39715,0.7227044,-1.271616,0.7239781,0.4567936,True,0,1,14
6/25/2025 12:09:48 PM,1750846188248,Right,-0.5972027,0.9954883,0.5238497,-0.9398414,0.8761919,0.4678172,-0.5828822,0.936615,0.5563237,-0.9288726,0.8335198,0.4897883,-0.2518599,1.398958,0.718731,-1.269186,0.7226282,0.3738509,True,0,1,14
6/25/2025 12:09:48 PM,1750846188262,Right,-0.6005816,0.9978418,0.5097825,-0.9408881,0.8775983,0.4404064,-0.5886116,0.9398003,0.5432382,-0.930604,0.8338549,0.4625464,-0.2533348,1.399308,0.7172195,-1.264588,0.7185062,0.3330359,True,0,1,14
6/25/2025 12:09:48 PM,1750846188276,Right,-0.6035592,0.9994152,0.4962837,-0.9412952,0.8780543,0.413384,-0.5929525,0.9434847,0.5323941,-0.9322143,0.8373831,0.4360394,-0.2549362,1.399461,0.7156132,-1.258645,0.7214974,0.2922372,False,0,1,14
6/25/2025 12:09:48 PM,1750846188303,Right,-0.6060756,1.003037,0.4743755,-0.9383355,0.8785405,0.3704374,-0.5997196,0.948109,0.512823,-0.9304334,0.8391473,0.3891959,-0.2582912,1.397961,0.7130452,-1.241695,0.7182099,0.2210804,False,0,1,14
6/25/2025 12:09:48 PM,1750846188318,Right,-0.6073151,1.002923,0.4648841,-0.9359834,0.8784463,0.3497267,-0.6019137,0.9493172,0.5058961,-0.9275979,0.8394127,0.3694212,-0.2599323,1.396889,0.712007,-1.231257,0.7164159,0.1900092,False,0,1,14
6/25/2025 12:09:48 PM,1750846188345,Right,-0.6060928,1.003406,0.455981,-0.9280438,0.8762171,0.3199333,-0.6059416,0.9488888,0.4981649,-0.9218434,0.8388236,0.3346865,-0.2641996,1.395049,0.7099462,-1.207888,0.7155188,0.1330629,False,0,1,14
6/25/2025 12:09:48 PM,1750846188359,Right,-0.6064338,1.001967,0.4538767,-0.9235942,0.8748897,0.307845,-0.6056564,0.9481875,0.4947832,-0.916057,0.836754,0.3236431,-0.266557,1.394081,0.7087207,-1.196908,0.7121258,0.1142615,False,0,1,14
6/25/2025 12:09:48 PM,1750846188387,Right,-0.6054615,0.9985732,0.4558093,-0.9147896,0.8691249,0.2972319,-0.6034522,0.9435745,0.4920656,-0.9049109,0.8302197,0.3078021,-0.2706366,1.392077,0.7068138,-1.176056,0.7048428,0.08557817,False,0,1,14
6/25/2025 12:09:48 PM,1750846188400,Right,-0.6044327,0.9961537,0.4565907,-0.9101688,0.8654944,0.2925367,-0.6010888,0.9402515,0.4923243,-0.900202,0.8266732,0.3049733,-0.2723515,1.391272,0.7062858,-1.169305,0.7029298,0.07891282,False,0,1,14
6/25/2025 12:09:48 PM,1750846188429,Right,-0.6004649,0.9876756,0.4610557,-0.9033962,0.8558952,0.2929739,-0.5946676,0.9315998,0.4940376,-0.8939384,0.8182413,0.3070055,-0.275277,1.390717,0.7051653,-1.164213,0.699303,0.07960212,False,0,1,14
6/25/2025 12:09:48 PM,1750846188443,Right,-0.5983548,0.9838319,0.4638949,-0.8998107,0.8504958,0.2944187,-0.5912424,0.927438,0.4955719,-0.8874479,0.8131194,0.3043251,-0.2763587,1.390835,0.7047504,-1.154255,0.6940807,0.07288909,False,0,1,14
6/25/2025 12:09:48 PM,1750846188457,Right,-0.5959226,0.9820755,0.4695521,-0.8975843,0.8444358,0.2994815,-0.5873417,0.9223705,0.4990458,-0.8862156,0.8090278,0.3076089,-0.2771707,1.391039,0.7043741,-1.153356,0.6948376,0.07719699,False,0,1,14
6/25/2025 12:09:48 PM,1750846188484,Right,-0.5896515,0.9746257,0.4790997,-0.8922769,0.8327343,0.3143317,-0.5781539,0.9144337,0.5052931,-0.8778865,0.7978891,0.3170602,-0.2778566,1.391155,0.7045674,-1.146906,0.6833845,0.08907515,False,0,1,14
6/25/2025 12:09:48 PM,1750846188498,Right,-0.5854486,0.9708583,0.4847714,-0.8902451,0.8268723,0.3252067,-0.5723031,0.9095235,0.5099428,-0.8763969,0.7919112,0.3289059,-0.2775331,1.390824,0.7052975,-1.150661,0.6779521,0.1074796,False,0,1,14
6/25/2025 12:09:48 PM,1750846188525,Right,-0.5751073,0.961994,0.4971077,-0.8852169,0.8146755,0.3504375,-0.5588038,0.8986905,0.5179948,-0.8693681,0.7803353,0.347985,-0.2764249,1.389875,0.7066158,-1.151346,0.6670926,0.136738,False,0,1,14
6/25/2025 12:09:48 PM,1750846188540,Right,-0.5683942,0.9558463,0.5037226,-0.8810975,0.8080673,0.365987,-0.5519756,0.8938899,0.5258321,-0.8675557,0.7737304,0.369074,-0.2756183,1.389293,0.7070631,-1.158136,0.658554,0.1690587,False,0,1,14
6/25/2025 12:09:48 PM,1750846188567,Right,-0.5527288,0.9456199,0.5170708,-0.8731042,0.7963318,0.3998395,-0.5341737,0.8849235,0.536213,-0.8578413,0.7637416,0.3976205,-0.272947,1.387473,0.7076508,-1.159065,0.6481188,0.2144447,False,0,1,14
6/25/2025 12:09:48 PM,1750846188582,Right,-0.5424015,0.9392262,0.5241445,-0.8673663,0.7902781,0.4197145,-0.5227988,0.8800976,0.5410929,-0.8529439,0.7585098,0.4190676,-0.2710394,1.386109,0.7079387,-1.16293,0.6426014,0.2513905,False,0,1,14
6/25/2025 12:09:48 PM,1750846188596,Right,-0.5330499,0.9345389,0.5306966,-0.8611047,0.7848539,0.4395675,-0.5124282,0.8781971,0.5479585,-0.8480377,0.7557243,0.4445959,-0.2685475,1.384504,0.7086396,-1.166891,0.638571,0.2942703,False,0,1,14
6/25/2025 12:09:48 PM,1750846188624,Right,-0.5112478,0.9239013,0.5426807,-0.8464903,0.7766458,0.4817695,-0.4890331,0.8686129,0.5565145,-0.8309934,0.7454048,0.4813322,-0.2633712,1.381415,0.7103771,-1.161823,0.6279433,0.3576877,False,0,1,14
6/25/2025 12:09:48 PM,1750846188637,Right,-0.4990228,0.9187813,0.5487572,-0.8367174,0.7722847,0.5044076,-0.475237,0.8614751,0.5590546,-0.8212123,0.7392446,0.5060222,-0.260316,1.379653,0.7112312,-1.160168,0.6229948,0.403825,False,0,1,14
6/25/2025 12:09:48 PM,1750846188665,Right,-0.4732275,0.9078252,0.558997,-0.8133481,0.7632792,0.5481851,-0.4470817,0.8486093,0.5629753,-0.7963299,0.7287472,0.5446354,-0.2536945,1.375406,0.7131114,-1.145898,0.6155456,0.4767385,False,0,1,14
6/25/2025 12:09:48 PM,1750846188679,Right,-0.4584451,0.902562,0.5632559,-0.7991734,0.7588242,0.5715701,-0.4322376,0.8448839,0.5619112,-0.7822787,0.7256552,0.5683562,-0.2502041,1.372868,0.7143501,-1.136467,0.6149911,0.525714,False,0,1,14
6/25/2025 12:09:48 PM,1750846188706,Right,-0.4299513,0.8928112,0.5693405,-0.770207,0.7498726,0.615315,-0.4043787,0.8369869,0.5605975,-0.7544737,0.7195228,0.6038719,-0.2424752,1.366741,0.7168297,-1.111093,0.6152607,0.5992283,False,0,1,14
6/25/2025 12:09:48 PM,1750846188720,Right,-0.4143435,0.8876637,0.5708762,-0.7533806,0.7457902,0.6375389,-0.3899845,0.8338206,0.5592834,-0.7381786,0.716664,0.6259613,-0.2384322,1.363232,0.7180847,-1.094065,0.6174091,0.646099,False,0,1,14
6/25/2025 12:09:48 PM,1750846188748,Right,-0.3842695,0.8776565,0.5717877,-0.7159041,0.7356877,0.6792036,-0.3638321,0.82335,0.5500808,-0.7056961,0.7082806,0.6569766,-0.2302225,1.355689,0.7210876,-1.056016,0.6175173,0.7192375,False,0,1,14
6/25/2025 12:09:48 PM,1750846188762,Right,-0.3683608,0.87244,0.5725871,-0.6942956,0.7313462,0.6987704,-0.3502424,0.8163932,0.5436013,-0.6838359,0.7034028,0.6774626,-0.2258499,1.351662,0.7227972,-1.028516,0.6187385,0.7693825,False,0,1,14
6/25/2025 12:09:48 PM,1750846188776,Right,-0.3527516,0.8662329,0.5725806,-0.6710456,0.7268265,0.7179095,-0.3377777,0.811466,0.538278,-0.664892,0.6989109,0.6870394,-0.2213175,1.347488,0.7246056,-1.005366,0.6162152,0.7957709,False,0,1,14
6/25/2025 12:09:48 PM,1750846188803,Right,-0.3216687,0.854433,0.5697514,-0.6197392,0.7144918,0.7488926,-0.3196713,0.8067073,0.5261625,-0.6145167,0.6889894,0.7254638,-0.2112663,1.338059,0.7287344,-0.9312265,0.6061572,0.8947816,False,0,1,14
6/25/2025 12:09:48 PM,1750846188818,Right,-0.3067027,0.8470076,0.5671583,-0.5903113,0.7071859,0.7615077,-0.309143,0.8039513,0.5207839,-0.5893843,0.6834984,0.7323984,-0.2061615,1.332834,0.7306932,-0.8982383,0.5971977,0.9211835,False,0,1,14
6/25/2025 12:09:48 PM,1750846188845,Right,-0.2765146,0.8345924,0.5569018,-0.53174,0.6970303,0.7853089,-0.2899533,0.7988834,0.5092618,-0.5304409,0.6720282,0.758818,-0.1965716,1.321593,0.7346311,-0.8025643,0.5829999,0.9998987,False,0,1,14
6/25/2025 12:09:48 PM,1750846188859,Right,-0.2619462,0.8285123,0.5511532,-0.501796,0.6901488,0.7942877,-0.2811912,0.7967075,0.502903,-0.5089348,0.6669056,0.7618186,-0.1915398,1.315729,0.7367963,-0.7683265,0.575725,1.016679,False,0,1,14
6/25/2025 12:09:48 PM,1750846188887,Right,-0.2338949,0.8212122,0.5377655,-0.4412103,0.6764666,0.7999357,-0.2671694,0.796064,0.4893244,-0.4483625,0.6546899,0.7719218,-0.1814756,1.303374,0.7413431,-0.660522,0.5516914,1.068683,False,0,1,14
6/25/2025 12:09:48 PM,1750846188900,Right,-0.2214912,0.8176048,0.5293716,-0.4116504,0.6684712,0.8006669,-0.260249,0.795092,0.4819521,-0.427168,0.6494319,0.769899,-0.1762065,1.296778,0.7436327,-0.623675,0.5417745,1.076807,False,0,1,14
6/25/2025 12:09:48 PM,1750846188915,Right,-0.2118415,0.8143376,0.5195163,-0.3842514,0.662614,0.7991738,-0.2547207,0.7951415,0.4740256,-0.3991078,0.6435156,0.7691619,-0.1708674,1.290085,0.7458771,-0.5702972,0.5289807,1.090199,False,0,1,14
6/25/2025 12:09:48 PM,1750846188943,Right,-0.1952292,0.805598,0.497311,-0.3321442,0.6467632,0.7912681,-0.2437381,0.7947771,0.458766,-0.3534822,0.6319957,0.7617084,-0.1611795,1.276187,0.7508045,-0.4840673,0.5051018,1.097852,False,0,1,14
6/25/2025 12:09:48 PM,1750846188956,Right,-0.1860273,0.8036634,0.4865036,-0.3070658,0.6387861,0.7841405,-0.2368038,0.7944098,0.4503335,-0.3268983,0.6252418,0.7563136,-0.1564425,1.269093,0.753481,-0.4347606,0.4914212,1.097721,False,0,1,14
6/25/2025 12:09:48 PM,1750846188984,Right,-0.171002,0.8024601,0.464703,-0.2600414,0.6235651,0.7659489,-0.2247155,0.792958,0.4336463,-0.2845448,0.6121152,0.7407379,-0.1464028,1.253421,0.7586471,-0.3574877,0.4656516,1.085829,False,0,1,14
6/25/2025 12:09:48 PM,1750846188998,Right,-0.1647839,0.8024754,0.4532368,-0.2380907,0.6162858,0.7535763,-0.2199248,0.7928078,0.423946,-0.2627099,0.6056316,0.7294306,-0.141185,1.244898,0.7610608,-0.3167665,0.4514037,1.075225,False,0,1,14
6/25/2025 12:09:49 PM,1750846189026,Right,-0.1518367,0.802192,0.4287921,-0.1978022,0.6015053,0.7264229,-0.2098329,0.7944867,0.4047681,-0.2255155,0.5948777,0.7060267,-0.1316596,1.226703,0.7658237,-0.2486396,0.4276009,1.048188,False,0,1,14
6/25/2025 12:09:49 PM,1750846189040,Right,-0.1450983,0.8039467,0.4160451,-0.1802094,0.5973856,0.7113501,-0.205563,0.7965365,0.3953483,-0.2081308,0.5898517,0.6925169,-0.127247,1.216935,0.7681776,-0.2157085,0.4148866,1.031226,False,0,1,14
6/25/2025 12:09:49 PM,1750846189068,Right,-0.1299817,0.8097044,0.3912798,-0.149146,0.5916627,0.682303,-0.1963715,0.8006925,0.3746062,-0.1790706,0.5817595,0.6648995,-0.1184778,1.196846,0.7721854,-0.1620941,0.3955054,0.9948872,False,0,1,14
6/25/2025 12:09:49 PM,1750846189082,Right,-0.1236847,0.8146212,0.3778346,-0.1347553,0.588977,0.6644981,-0.1894277,0.8062768,0.364226,-0.1645281,0.5803077,0.6496006,-0.1144435,1.186866,0.7738672,-0.1383234,0.3871902,0.974025,False,0,1,14
6/25/2025 12:09:49 PM,1750846189095,Right,-0.1177455,0.8190321,0.3650404,-0.1221515,0.5869184,0.6471992,-0.1842468,0.8098246,0.3531879,-0.1514421,0.5773667,0.6344693,-0.1103083,1.177124,0.7754327,-0.1159091,0.3789383,0.9529938,False,0,1,14
6/25/2025 12:09:49 PM,1750846189123,Right,-0.1033943,0.828103,0.3388373,-0.09956213,0.583836,0.611046,-0.172031,0.8197665,0.3296197,-0.1298369,0.5764212,0.5993409,-0.1027246,1.158598,0.7781292,-0.08415034,0.3646437,0.9086192,False,0,1,14
6/25/2025 12:09:49 PM,1750846189137,Right,-0.09896398,0.8338472,0.3265211,-0.09021898,0.5828353,0.5920856,-0.1665192,0.8246415,0.3174393,-0.120892,0.5758233,0.5812589,-0.09939551,1.150047,0.7797087,-0.07254227,0.3573772,0.8857108,False,0,1,14
6/25/2025 12:09:49 PM,1750846189165,Right,-0.09060993,0.84337,0.3040416,-0.07500622,0.581913,0.5577584,-0.1588314,0.83045,0.2926303,-0.105849,0.5731962,0.5455967,-0.09296775,1.133581,0.7831923,-0.05122163,0.3434782,0.8416101,False,0,1,14
6/25/2025 12:09:49 PM,1750846189179,Right,-0.0878986,0.8469113,0.2939338,-0.06952191,0.5808871,0.5420428,-0.1558014,0.8346184,0.2832929,-0.1018435,0.5732759,0.5312049,-0.08992469,1.125543,0.784814,-0.04670122,0.338022,0.823283,False,0,1,14
6/25/2025 12:09:49 PM,1750846189207,Right,-0.08217738,0.8505812,0.2786145,-0.06246001,0.576873,0.5165805,-0.1526587,0.8382341,0.2669829,-0.09533402,0.570401,0.5055829,-0.08477497,1.110548,0.7873756,-0.03619423,0.3258349,0.7904171,False,0,1,14
6/25/2025 12:09:49 PM,1750846189220,Right,-0.08144105,0.8498768,0.2741417,-0.06095339,0.5730705,0.5075699,-0.1521525,0.8378889,0.2617867,-0.09534757,0.5676396,0.4969282,-0.0827198,1.104045,0.7881027,-0.03646433,0.3193104,0.7792736,False,0,1,14
6/25/2025 12:09:49 PM,1750846189248,Right,-0.08201425,0.8447151,0.2713453,-0.06163775,0.5598569,0.4971268,-0.1484986,0.8362735,0.259278,-0.09182277,0.5587128,0.4878677,-0.0793581,1.091831,0.7893938,-0.03261525,0.3038861,0.7625024,False,0,1,14
6/25/2025 12:09:49 PM,1750846189262,Right,-0.08276424,0.8383446,0.2738804,-0.06254257,0.5513886,0.4965855,-0.1502249,0.8300045,0.2616767,-0.09464341,0.5506024,0.4879293,-0.07793009,1.086063,0.7897252,-0.03613086,0.2932487,0.7606515,False,0,1,14
6/25/2025 12:09:49 PM,1750846189276,Right,-0.08370936,0.831716,0.2769178,-0.06332663,0.5431978,0.4970352,-0.1514504,0.8237821,0.2647221,-0.09481385,0.5421687,0.4874427,-0.07639337,1.080614,0.7905556,-0.03454009,0.2816518,0.7571921,False,0,1,14
6/25/2025 12:09:49 PM,1750846189304,Right,-0.08657756,0.8117525,0.2934416,-0.06714229,0.5209277,0.5098702,-0.1539519,0.8047926,0.2817419,-0.1006985,0.5210959,0.5019365,-0.07318878,1.070628,0.7926034,-0.04341111,0.2574036,0.7698464,False,0,1,14
6/25/2025 12:09:49 PM,1750846189318,Right,-0.08786526,0.8011047,0.3034397,-0.0686525,0.5099278,0.5180987,-0.154729,0.7948787,0.2923455,-0.1018115,0.5097305,0.5094769,-0.07147968,1.065814,0.7940837,-0.04444519,0.2429688,0.7753911,True,0,1,15
6/25/2025 12:09:49 PM,1750846189346,Right,-0.08905452,0.7758979,0.332233,-0.07361674,0.48315,0.5459485,-0.1569339,0.7694982,0.3208031,-0.1082845,0.4833054,0.5383173,-0.06861424,1.057029,0.7969719,-0.0556004,0.2161212,0.8041307,True,0,1,15
6/25/2025 12:09:49 PM,1750846189359,Right,-0.08988326,0.762544,0.3480118,-0.07658479,0.4685411,0.5622094,-0.1572603,0.7552372,0.3363577,-0.1094767,0.4674138,0.5539064,-0.06743872,1.052048,0.7974812,-0.05766799,0.2003765,0.8183442,True,0,1,15
6/25/2025 12:09:49 PM,1750846189387,Right,-0.09208421,0.7329854,0.3883873,-0.08245043,0.4400404,0.6049895,-0.1606148,0.7243219,0.3743802,-0.1162427,0.4391606,0.5968654,-0.06536341,1.042583,0.7979351,-0.06817764,0.1761786,0.8653939,True,0,1,15
6/25/2025 12:09:49 PM,1750846189401,Right,-0.09376073,0.7184335,0.4100456,-0.08663442,0.424873,0.6294627,-0.1618754,0.7089148,0.3952839,-0.1181471,0.4224895,0.6196647,-0.06446171,1.03787,0.7978727,-0.07130957,0.1615587,0.8875229,True,0,1,15
6/25/2025 12:09:49 PM,1750846189414,Right,-0.0959512,0.7044202,0.4337634,-0.09081396,0.4116507,0.6564521,-0.1632237,0.6948146,0.4181497,-0.1219439,0.4098395,0.6469459,-0.06361604,1.033437,0.79765,-0.07816031,0.1528788,0.9173189,True,0,1,15
6/25/2025 12:09:49 PM,1750846189443,Right,-0.1014962,0.6757567,0.4805107,-0.09761927,0.3924922,0.7112277,-0.1673299,0.6659679,0.4634694,-0.1300347,0.3889881,0.6988334,-0.06203508,1.025339,0.7973179,-0.09023884,0.1374917,0.9781246,True,0,1,15
6/25/2025 12:09:49 PM,1750846189456,Right,-0.1054949,0.6624248,0.5036331,-0.1018262,0.3856337,0.7413007,-0.1714498,0.6531955,0.4864023,-0.1357917,0.3821282,0.7280062,-0.06119549,1.021594,0.7969815,-0.09782708,0.1367732,1.013648,True,0,1,15
6/25/2025 12:09:49 PM,1750846189484,Right,-0.1104844,0.6386207,0.5492975,-0.105804,0.3766534,0.8073355,-0.178262,0.6302111,0.5315703,-0.1453226,0.3682346,0.78731,-0.05980992,1.01489,0.7958976,-0.110902,0.1378039,1.082114,True,0,1,15
6/25/2025 12:09:49 PM,1750846189498,Right,-0.1138409,0.628934,0.5700223,-0.1161503,0.3765028,0.829567,-0.1828984,0.6204327,0.5529225,-0.1520216,0.3706855,0.8133942,-0.05914068,1.011674,0.7953542,-0.1188314,0.1462916,1.119655,True,0,1,15
6/25/2025 12:09:49 PM,1750846189526,Right,-0.1254846,0.6148271,0.6120558,-0.1290465,0.3810123,0.8860536,-0.1912048,0.6061235,0.5950252,-0.1637233,0.3726106,0.8679816,-0.05874705,1.007751,0.7935978,-0.1332751,0.1645245,1.188097,True,0,1,15
6/25/2025 12:09:49 PM,1750846189540,Right,-0.1298757,0.6106046,0.6313292,-0.1367597,0.3871459,0.9129058,-0.1951591,0.6030512,0.6154596,-0.1696177,0.3791965,0.8956739,-0.05885458,1.006866,0.7927557,-0.140867,0.1814605,1.223254,True,0,1,15
6/25/2025 12:09:49 PM,1750846189568,Right,-0.140991,0.6057016,0.6679138,-0.1512299,0.402383,0.9631141,-0.2067455,0.596889,0.653241,-0.1832007,0.389908,0.945128,-0.06099653,1.007939,0.7928959,-0.1575272,0.2105731,1.28446,True,0,1,15
6/25/2025 12:09:49 PM,1750846189582,Right,-0.147852,0.6063517,0.6846767,-0.1591165,0.4126193,0.9863492,-0.2125265,0.5960009,0.6686339,-0.1904765,0.3992812,0.967752,-0.06243265,1.010382,0.793801,-0.1674797,0.231911,1.313234,True,0,1,15
6/25/2025 12:09:49 PM,1750846189595,Right,-0.1570705,0.6044555,0.7020015,-0.1669004,0.4240529,1.008132,-0.2177641,0.5965286,0.6828001,-0.198215,0.4108543,0.9853961,-0.06362319,1.013623,0.7951549,-0.1787521,0.2526411,1.338788,True,0,1,15
6/25/2025 12:09:49 PM,1750846189623,Right,-0.168725,0.6109713,0.7298627,-0.1837005,0.4502861,1.044231,-0.2285019,0.6000646,0.7092906,-0.2143535,0.4320188,1.019902,-0.06567562,1.0234,0.7996556,-0.2026559,0.2920035,1.383479,True,0,1,15
6/25/2025 12:09:49 PM,1750846189636,Right,-0.1737206,0.616618,0.7412783,-0.1929271,0.4649538,1.059406,-0.2337908,0.6042194,0.7202495,-0.2231753,0.445127,1.035167,-0.06684518,1.029361,0.8022894,-0.2164262,0.3150414,1.403019,True,0,1,15
6/25/2025 12:09:49 PM,1750846189665,Right,-0.1839477,0.629091,0.7610902,-0.2126739,0.4945,1.086035,-0.2426865,0.6134962,0.7384258,-0.2404163,0.4705092,1.061036,-0.06939745,1.043729,0.8074819,-0.2447992,0.3589121,1.435048,True,0,1,15
6/25/2025 12:09:49 PM,1750846189679,Right,-0.1888267,0.6361047,0.7693418,-0.2238782,0.5099891,1.097072,-0.2467485,0.6188127,0.7456948,-0.2504147,0.4840924,1.07184,-0.07077146,1.0517,0.8098594,-0.2626075,0.3819346,1.448359,True,0,1,15
6/25/2025 12:09:49 PM,1750846189706,Right,-0.1984625,0.6501805,0.7833844,-0.2464361,0.5405326,1.11812,-0.2543055,0.629637,0.7579047,-0.2705977,0.5106885,1.092412,-0.07477427,1.068122,0.8147932,-0.2988416,0.4281644,1.470313,True,0,1,15
6/25/2025 12:09:49 PM,1750846189720,Right,-0.203433,0.6578321,0.7894681,-0.2598529,0.5556006,1.125555,-0.258463,0.635026,0.7630064,-0.2831364,0.5238837,1.100027,-0.07747257,1.076738,0.817278,-0.3215654,0.4502233,1.478524,True,0,1,15
6/25/2025 12:09:49 PM,1750846189748,Right,-0.2126238,0.6729551,0.7999094,-0.2880071,0.5840471,1.13692,-0.2658305,0.6468958,0.7708961,-0.3073789,0.5502189,1.111564,-0.08278227,1.093426,0.8214773,-0.3659124,0.4928833,1.489481,True,0,1,15
6/25/2025 12:09:49 PM,1750846189762,Right,-0.219481,0.6805174,0.8038432,-0.3035252,0.5988443,1.140666,-0.2699162,0.653493,0.7738339,-0.3213797,0.5634638,1.115012,-0.08581471,1.101774,0.8229529,-0.3919822,0.5132168,1.491833,True,0,1,15
6/25/2025 12:09:49 PM,1750846189776,Right,-0.2259409,0.6884655,0.8077412,-0.319128,0.6135103,1.144103,-0.2738758,0.6601801,0.7771883,-0.334397,0.5769082,1.118968,-0.089082,1.109808,0.8245631,-0.4158403,0.5339935,1.494142,True,0,1,15
6/25/2025 12:09:49 PM,1750846189804,Right,-0.2380683,0.7090909,0.8146874,-0.3532852,0.6410916,1.145788,-0.2828385,0.6740996,0.7825853,-0.364938,0.6017227,1.122444,-0.09665346,1.125271,0.8276519,-0.4735989,0.5694111,1.491635,True,0,1,15
6/25/2025 12:09:49 PM,1750846189818,Right,-0.2443642,0.7202182,0.8170643,-0.3718044,0.6533446,1.145841,-0.2878094,0.6812549,0.784505,-0.3808887,0.6150611,1.124625,-0.1007528,1.13244,0.8289849,-0.5022582,0.5893233,1.488536,True,0,1,15
6/25/2025 12:09:49 PM,1750846189845,Right,-0.2624102,0.7422981,0.8192829,-0.4093927,0.6802303,1.140857,-0.2983192,0.6957537,0.7882173,-0.4148276,0.6380609,1.122766,-0.1088617,1.145793,0.8307332,-0.5661871,0.6183867,1.475503,True,0,1,15
6/25/2025 12:09:49 PM,1750846189859,Right,-0.2722552,0.7526724,0.8196828,-0.4296022,0.6913463,1.135963,-0.3045672,0.703298,0.7891653,-0.4318053,0.6493954,1.119958,-0.1130573,1.151869,0.8310987,-0.5964497,0.6323209,1.4673,True,0,1,15
6/25/2025 12:09:49 PM,1750846189887,Right,-0.2915407,0.7713015,0.8203754,-0.4702637,0.7156188,1.126879,-0.3152858,0.7165778,0.7908612,-0.4683856,0.6714458,1.112515,-0.1219469,1.163771,0.8319684,-0.6630772,0.6603655,1.443534,True,0,1,15
6/25/2025 12:09:49 PM,1750846189901,Right,-0.3020964,0.7793857,0.8199703,-0.4917181,0.7272605,1.121304,-0.3216699,0.7225782,0.7911801,-0.4869043,0.6810423,1.108002,-0.1267686,1.169504,0.8318645,-0.6948285,0.6722329,1.430178,True,0,1,15
6/25/2025 12:09:49 PM,1750846189915,Right,-0.3147055,0.7846994,0.8186376,-0.5138388,0.7383413,1.113901,-0.3295246,0.729184,0.7908507,-0.5067054,0.6903248,1.100754,-0.1314735,1.175125,0.8317171,-0.7287965,0.6822451,1.414131,True,0,1,15
6/25/2025 12:09:49 PM,1750846189943,Right,-0.3363876,0.7990691,0.8143346,-0.5583981,0.7570936,1.093697,-0.3464921,0.7388728,0.7858167,-0.5474603,0.7056013,1.081688,-0.1404767,1.18582,0.8318802,-0.7949433,0.7005553,1.375328,True,0,1,15
6/25/2025 12:09:49 PM,1750846189956,Right,-0.3468674,0.8064205,0.8111912,-0.5816337,0.7658468,1.080184,-0.3552474,0.7459661,0.7838063,-0.5694736,0.7145905,1.070486,-0.1447937,1.190709,0.8321801,-0.8305051,0.7105242,1.352114,True,0,1,15
6/25/2025 12:09:49 PM,1750846189985,Right,-0.3692782,0.8190466,0.8027043,-0.6293386,0.780502,1.05063,-0.373855,0.7598563,0.7775781,-0.6153304,0.7316631,1.04472,-0.1530368,1.200673,0.8328415,-0.901044,0.7293688,1.298387,True,0,1,15
6/25/2025 12:09:49 PM,1750846189999,Right,-0.3821202,0.8260887,0.7961444,-0.6538264,0.787011,1.033193,-0.3836349,0.7660255,0.7728035,-0.6402042,0.7392088,1.027502,-0.1578941,1.206049,0.8326212,-0.938431,0.7382132,1.264258,True,0,1,15
6/25/2025 12:09:50 PM,1750846190026,Right,-0.406548,0.8384166,0.7825531,-0.7000311,0.7979698,0.9947192,-0.4044169,0.7807426,0.764863,-0.6867617,0.754291,0.9934506,-0.1688099,1.215851,0.8305839,-1.00688,0.7513211,1.196456,True,0,1,15
6/25/2025 12:09:50 PM,1750846190040,Right,-0.4186317,0.8445227,0.7742743,-0.7250639,0.8078554,0.9740075,-0.414804,0.7871973,0.760685,-0.7131458,0.763117,0.9737381,-0.1751354,1.220745,0.8285476,-1.042895,0.7610303,1.15428,True,0,1,15
6/25/2025 12:09:50 PM,1750846190068,Right,-0.4439408,0.8569201,0.7564984,-0.769788,0.8206621,0.9265164,-0.4350388,0.7968399,0.7485132,-0.7563962,0.7751342,0.9288737,-0.1867189,1.230083,0.824886,-1.102866,0.7721504,1.070224,True,0,1,15
6/25/2025 12:09:50 PM,1750846190082,Right,-0.4563314,0.8627767,0.7470236,-0.7913007,0.8285881,0.900484,-0.4467074,0.8022803,0.7407075,-0.7782652,0.7824949,0.9034622,-0.1925979,1.234735,0.8230907,-1.131602,0.7794248,1.024428,True,0,1,15
6/25/2025 12:09:50 PM,1750846190096,Right,-0.4680871,0.8678742,0.7365955,-0.8109403,0.8350055,0.8728941,-0.4576641,0.8075363,0.7325804,-0.7975782,0.789565,0.8783309,-0.1985536,1.23957,0.8214895,-1.156497,0.7858987,0.9800984,True,0,1,15
6/25/2025 12:09:50 PM,1750846190124,Right,-0.4904957,0.8783926,0.7156639,-0.845829,0.8461673,0.8170898,-0.4779493,0.8139247,0.7159244,-0.8318915,0.7989336,0.8256111,-0.209821,1.249147,0.8185869,-1.199084,0.7945037,0.8882257,True,0,1,15
6/25/2025 12:09:50 PM,1750846190137,Right,-0.501416,0.8830945,0.7046236,-0.8611389,0.8522618,0.7871419,-0.4884452,0.8173615,0.7071086,-0.8474991,0.8046094,0.7967724,-0.2150965,1.253846,0.8166462,-1.218182,0.801414,0.8387518,True,0,1,15
6/25/2025 12:09:50 PM,1750846190165,Right,-0.5211147,0.8895249,0.6817616,-0.887915,0.8608727,0.7284284,-0.5083032,0.826617,0.6915495,-0.875469,0.8149402,0.7419861,-0.2241485,1.262618,0.8120593,-1.248,0.8094892,0.7430771,True,0,1,15
6/25/2025 12:09:50 PM,1750846190179,Right,-0.5298902,0.8926609,0.6677494,-0.8996088,0.8652155,0.6980758,-0.5183122,0.8310972,0.6813515,-0.8888571,0.8210325,0.7111795,-0.2281742,1.266708,0.8096358,-1.259772,0.8154991,0.6910728,True,0,1,15
6/25/2025 12:09:50 PM,1750846190206,Right,-0.5472564,0.8997482,0.6413219,-0.919058,0.8716798,0.6390907,-0.5369982,0.8366684,0.6597144,-0.9096369,0.8277325,0.6530442,-0.2356913,1.274044,0.8049446,-1.275816,0.8207428,0.5965143,True,0,1,15
6/25/2025 12:09:50 PM,1750846190221,Right,-0.5547632,0.9029521,0.6264969,-0.9252631,0.876893,0.6096463,-0.5450293,0.8397984,0.6476983,-0.9159827,0.8293846,0.6251009,-0.2390337,1.277289,0.8029085,-1.280332,0.8191418,0.5528132,True,0,1,15
6/25/2025 12:09:50 PM,1750846190248,Right,-0.5664566,0.9083678,0.5960957,-0.9298007,0.8851857,0.5531255,-0.560676,0.8470948,0.6271002,-0.9233482,0.826217,0.5767497,-0.2449734,1.282248,0.7989212,-1.285371,0.8008159,0.4761848,False,0,1,15
6/25/2025 12:09:50 PM,1750846190262,Right,-0.5715992,0.9126431,0.5814396,-0.933126,0.886752,0.5278316,-0.5664639,0.8504295,0.613627,-0.9264603,0.8266408,0.549463,-0.2475808,1.283978,0.7969395,-1.284306,0.7952471,0.4354178,False,0,1,15
6/25/2025 12:09:50 PM,1750846190276,Right,-0.5756825,0.9147983,0.5670409,-0.9354615,0.8879036,0.5035045,-0.5718092,0.8540924,0.6020507,-0.9284995,0.8255998,0.5234653,-0.2505611,1.285371,0.7948519,-1.281005,0.7870631,0.3955364,False,0,1,15
6/25/2025 12:09:50 PM,1750846190304,Right,-0.581515,0.9224125,0.5459116,-0.936823,0.8822216,0.4621242,-0.5790278,0.8639551,0.5832798,-0.9296676,0.827491,0.4804458,-0.2561889,1.287041,0.7901322,-1.270775,0.7769699,0.3302581,False,0,1,15
6/25/2025 12:09:50 PM,1750846190318,Right,-0.5837738,0.9254909,0.5364183,-0.9365498,0.877808,0.4421408,-0.5825335,0.8690861,0.5753715,-0.929199,0.8273142,0.4584751,-0.2589304,1.287571,0.78781,-1.262362,0.770256,0.2957893,False,0,1,15
6/25/2025 12:09:50 PM,1750846190345,Right,-0.5855501,0.9324661,0.5242612,-0.9354883,0.8693198,0.410076,-0.5855886,0.8744995,0.5648421,-0.9279062,0.8302706,0.4227802,-0.2640021,1.288215,0.7833897,-1.244326,0.7722722,0.2397049,False,0,1,15
6/25/2025 12:09:50 PM,1750846190359,Right,-0.5860366,0.9341065,0.5197734,-0.9332337,0.8667444,0.3988826,-0.5861291,0.8744373,0.5591583,-0.9240421,0.826318,0.406954,-0.2663565,1.288362,0.7815849,-1.233875,0.7645551,0.2149911,False,0,1,15
6/25/2025 12:09:50 PM,1750846190386,Right,-0.5843092,0.9314396,0.5158681,-0.9266601,0.8585044,0.3859789,-0.5827596,0.8714294,0.5522029,-0.9172896,0.8193088,0.3948377,-0.2694221,1.288309,0.7786218,-1.223655,0.7569227,0.1968981,False,0,1,15
6/25/2025 12:09:50 PM,1750846190401,Right,-0.5828218,0.9287623,0.5143207,-0.9231718,0.8530301,0.3808465,-0.5802687,0.868933,0.5491389,-0.9111685,0.8134886,0.3853563,-0.2703456,1.288116,0.7774941,-1.213018,0.748028,0.1815644,False,0,1,15
6/25/2025 12:09:50 PM,1750846190429,Right,-0.5763545,0.9180784,0.5151109,-0.9160838,0.8397642,0.3821511,-0.5712503,0.8597491,0.5446584,-0.9047602,0.8028191,0.3872933,-0.2709911,1.287667,0.7755724,-1.210468,0.7386022,0.1885349,False,0,1,15
6/25/2025 12:09:50 PM,1750846190442,Right,-0.5725079,0.9121881,0.5162784,-0.9128392,0.8318771,0.3841407,-0.5661896,0.8539679,0.5437949,-0.8982439,0.7956752,0.3823645,-0.2708733,1.287303,0.7747127,-1.200856,0.7305313,0.180392,False,0,1,15
6/25/2025 12:09:50 PM,1750846190457,Right,-0.5674666,0.9055868,0.519157,-0.9092798,0.8237371,0.3904227,-0.5602586,0.8465284,0.5453123,-0.8957954,0.7892516,0.3896777,-0.2699311,1.286738,0.7740556,-1.201876,0.7266899,0.1930823,False,0,1,15
6/25/2025 12:09:50 PM,1750846190484,Right,-0.5559723,0.8912851,0.5263413,-0.9007055,0.8080936,0.4078252,-0.5462878,0.8310391,0.5489331,-0.885623,0.7731243,0.4029984,-0.2675803,1.285176,0.7733961,-1.197585,0.7121108,0.2146153,False,0,1,15
6/25/2025 12:09:50 PM,1750846190499,Right,-0.5490566,0.8844043,0.5308448,-0.8955653,0.7997298,0.4208108,-0.5371997,0.8228382,0.5515217,-0.8810418,0.7651772,0.4181237,-0.2662828,1.283995,0.7735049,-1.200432,0.7063366,0.2406344,False,0,1,15
6/25/2025 12:09:50 PM,1750846190526,Right,-0.5329461,0.8699883,0.5409228,-0.8833907,0.7834456,0.4499743,-0.5179445,0.8091701,0.5576484,-0.8670592,0.7494903,0.4430768,-0.2630885,1.280989,0.7737552,-1.196424,0.6909102,0.2823649,False,0,1,15
6/25/2025 12:09:50 PM,1750846190540,Right,-0.5226478,0.8619012,0.5474739,-0.8753177,0.7752391,0.4682077,-0.5068131,0.8043165,0.5624464,-0.8598767,0.7427081,0.4638893,-0.2610221,1.278939,0.7738959,-1.196667,0.6840681,0.318025,False,0,1,15
6/25/2025 12:09:50 PM,1750846190567,Right,-0.501057,0.846171,0.559252,-0.8575481,0.7581484,0.5057911,-0.4819485,0.7895039,0.5654182,-0.8404794,0.7263799,0.4937068,-0.2562459,1.274281,0.7745003,-1.188122,0.6687841,0.3734648,False,0,1,15
6/25/2025 12:09:50 PM,1750846190582,Right,-0.4883616,0.8386366,0.5643554,-0.8458905,0.7484316,0.5272979,-0.4678089,0.7810934,0.5655409,-0.8294533,0.7172024,0.5161033,-0.2534521,1.271515,0.7748584,-1.184636,0.6610976,0.4176876,False,0,1,15
6/25/2025 12:09:50 PM,1750846190596,Right,-0.4749888,0.8306821,0.5699086,-0.8325257,0.7390078,0.548824,-0.4534138,0.7723859,0.5670146,-0.8164586,0.7075469,0.5412289,-0.2501836,1.268574,0.7750674,-1.17845,0.6527492,0.4664692,False,0,1,15
6/25/2025 12:09:50 PM,1750846190623,Right,-0.4465434,0.8143129,0.5795949,-0.8023509,0.7192773,0.5915328,-0.4247134,0.7567119,0.5675451,-0.7868553,0.6896946,0.577997,-0.2430303,1.262448,0.7755762,-1.156074,0.6363193,0.5407671,False,0,1,15
6/25/2025 12:09:50 PM,1750846190637,Right,-0.4295917,0.805055,0.5836204,-0.7842795,0.7102215,0.6141232,-0.4083675,0.7482323,0.5657371,-0.7686396,0.6802655,0.6013497,-0.2391518,1.259166,0.775977,-1.140114,0.6299658,0.5914295,False,0,1,15
6/25/2025 12:09:50 PM,1750846190665,Right,-0.397077,0.7882096,0.5894209,-0.7463706,0.689913,0.6568729,-0.3785991,0.7337813,0.5611864,-0.7333522,0.6634567,0.6342871,-0.2311919,1.252402,0.7771403,-1.103476,0.6170699,0.666218,False,0,1,15
6/25/2025 12:09:50 PM,1750846190678,Right,-0.3793904,0.7803932,0.5904398,-0.7236865,0.6782883,0.6772417,-0.3634603,0.7283217,0.5585441,-0.7117836,0.655269,0.6572645,-0.2269896,1.249002,0.7775179,-1.077978,0.6103167,0.7186655,False,0,1,15
6/25/2025 12:09:50 PM,1750846190706,Right,-0.3438243,0.7640841,0.5911542,-0.6730477,0.6590038,0.7105373,-0.3373243,0.7188739,0.5472172,-0.6655468,0.6386365,0.6870547,-0.2167776,1.241962,0.778073,-1.022757,0.5896635,0.799381,False,0,1,15
6/25/2025 12:09:50 PM,1750846190720,Right,-0.3268502,0.7561274,0.5885676,-0.6475745,0.6489711,0.7244022,-0.3252306,0.7145915,0.540378,-0.6379508,0.6290585,0.7067912,-0.2115176,1.238602,0.7784165,-0.9837568,0.5767249,0.8525257,False,0,1,15
6/25/2025 12:09:50 PM,1750846190749,Right,-0.2975696,0.7419434,0.5774366,-0.5959839,0.6307966,0.7488819,-0.3033886,0.7068492,0.5252586,-0.5884529,0.6121956,0.7266783,-0.2015674,1.231729,0.7791432,-0.9117616,0.5530476,0.9206414,False,0,1,15
6/25/2025 12:09:50 PM,1750846190762,Right,-0.2819436,0.7355934,0.5690516,-0.5674672,0.6210136,0.7572954,-0.2937917,0.7042623,0.5159374,-0.5597141,0.6021617,0.7371176,-0.1958973,1.228169,0.7798063,-0.8644055,0.5367599,0.9591563,False,0,1,15
6/25/2025 12:09:50 PM,1750846190776,Right,-0.2666789,0.7304905,0.5616952,-0.5409729,0.6118142,0.7660861,-0.2847595,0.7038351,0.5074816,-0.5426384,0.5977598,0.7382239,-0.1903293,1.224653,0.7803508,-0.8362244,0.5301025,0.9720283,False,0,1,15
6/25/2025 12:09:50 PM,1750846190804,Right,-0.2423207,0.7241083,0.5407475,-0.4854884,0.5919522,0.771167,-0.2696868,0.7032486,0.4870216,-0.4856947,0.5783708,0.746573,-0.1782124,1.217426,0.7816001,-0.7354556,0.4914462,1.023957,False,0,1,15
6/25/2025 12:09:50 PM,1750846190818,Right,-0.2312579,0.7213513,0.5300106,-0.4582016,0.5815362,0.7717364,-0.2625284,0.7047542,0.4777294,-0.4665372,0.5741849,0.7436814,-0.1722984,1.213951,0.7824179,-0.7030796,0.481177,1.030927,False,0,1,15
6/25/2025 12:09:50 PM,1750846190845,Right,-0.2127856,0.7160946,0.5044707,-0.4056605,0.5653317,0.7633686,-0.2518485,0.7066591,0.4555923,-0.4102932,0.5567589,0.7373073,-0.1609126,1.206136,0.7841235,-0.5992936,0.43986,1.054091,False,0,1,15
6/25/2025 12:09:50 PM,1750846190859,Right,-0.2037884,0.7139263,0.4904111,-0.3793349,0.5558414,0.757314,-0.2468911,0.7076435,0.4433891,-0.3928659,0.5523137,0.7289337,-0.1552902,1.20202,0.7850605,-0.5671643,0.4294505,1.051775,False,0,1,15
6/25/2025 12:09:50 PM,1750846190887,Right,-0.1881942,0.7134709,0.4606121,-0.3327773,0.5392659,0.737627,-0.2347294,0.7126236,0.4223349,-0.3499687,0.54193,0.7159178,-0.1447204,1.193387,0.787058,-0.486474,0.4040873,1.048059,False,0,1,15
6/25/2025 12:09:50 PM,1750846190901,Right,-0.1798247,0.7142561,0.4460343,-0.3089632,0.5312161,0.7261654,-0.2328871,0.71184,0.4075449,-0.3278044,0.5330664,0.7034389,-0.1392176,1.18903,0.7879983,-0.4409639,0.385963,1.040481,False,0,1,15
6/25/2025 12:09:50 PM,1750846190915,Right,-0.1723172,0.7183738,0.4308198,-0.2863622,0.5264736,0.7129628,-0.2285962,0.7150791,0.3958655,-0.305412,0.5278416,0.6931008,-0.1337981,1.184416,0.7891554,-0.3972052,0.3723051,1.031615,False,0,1,15
6/25/2025 12:09:50 PM,1750846190943,Right,-0.162577,0.7229564,0.4007119,-0.2449891,0.5168073,0.6837239,-0.2227311,0.7202749,0.3725525,-0.2699654,0.5195985,0.6671244,-0.1239201,1.174298,0.7915574,-0.3276745,0.3486482,1.005783,False,0,1,15
6/25/2025 12:09:50 PM,1750846190957,Right,-0.1619161,0.7241274,0.3869807,-0.2269549,0.5117095,0.6678889,-0.2206227,0.7234589,0.3614641,-0.2516559,0.5157683,0.6514795,-0.1189625,1.168665,0.7924739,-0.290879,0.33488,0.9892942,False,0,1,15
6/25/2025 12:09:50 PM,1750846190985,Right,-0.156455,0.7305903,0.3621633,-0.1938328,0.5025588,0.6376621,-0.2177377,0.7290403,0.3411158,-0.2225332,0.5080534,0.6245838,-0.1094643,1.156543,0.7942432,-0.2307373,0.3134901,0.9553219,False,0,1,15
6/25/2025 12:09:50 PM,1750846190998,Right,-0.1498037,0.7337471,0.350257,-0.1791434,0.499103,0.6231197,-0.2182562,0.7322925,0.3327772,-0.2101373,0.5038984,0.6121591,-0.1049421,1.149899,0.7953511,-0.2023893,0.3027447,0.9372084,False,0,1,15
6/25/2025 12:09:51 PM,1750846191026,Right,-0.1487331,0.7385677,0.3323003,-0.1562202,0.4926448,0.5954156,-0.2173217,0.737861,0.3208683,-0.1874968,0.4985762,0.5884051,-0.09679747,1.136737,0.7965292,-0.1537061,0.2835872,0.9036962,False,0,1,15
6/25/2025 12:09:51 PM,1750846191040,Right,-0.1487421,0.7393914,0.3260777,-0.1450628,0.488715,0.5847508,-0.2185407,0.7379611,0.3161056,-0.1778053,0.4940993,0.5780146,-0.09278536,1.130024,0.7958804,-0.1313578,0.2737036,0.8879135,False,0,1,15
6/25/2025 12:09:51 PM,1750846191068,Right,-0.1493012,0.7395663,0.3188438,-0.1284021,0.4792734,0.5666566,-0.2199371,0.7386006,0.3122864,-0.1614395,0.4868879,0.5628677,-0.08602691,1.116669,0.7945696,-0.09451707,0.2568202,0.8620659,False,0,1,15
6/25/2025 12:09:51 PM,1750846191082,Right,-0.1499365,0.7380233,0.3189968,-0.121336,0.4751104,0.5617212,-0.2197642,0.7375782,0.3129008,-0.1543529,0.4831741,0.5575578,-0.08269286,1.110358,0.7940279,-0.07911205,0.2483224,0.8522949,False,0,1,15
6/25/2025 12:09:51 PM,1750846191096,Right,-0.149994,0.7353052,0.3204459,-0.1146222,0.4703745,0.559238,-0.2195531,0.7355143,0.3153145,-0.1489187,0.4788179,0.5552846,-0.07918191,1.104235,0.7939011,-0.06720565,0.2403398,0.8460616,False,0,1,15
6/25/2025 12:09:51 PM,1750846191124,Right,-0.1499172,0.7264248,0.3272416,-0.104251,0.4587093,0.5589412,-0.219713,0.7258024,0.3249863,-0.1387496,0.4661347,0.5562507,-0.07249689,1.092967,0.7945229,-0.04330815,0.2218172,0.8397487,True,0,1,16
6/25/2025 12:09:51 PM,1750846191137,Right,-0.1494201,0.7196161,0.3350123,-0.1004366,0.4509401,0.5637548,-0.2199944,0.7187783,0.3337277,-0.1357996,0.4588215,0.5623556,-0.06993198,1.087414,0.7953554,-0.03525767,0.2129807,0.8437682,True,0,1,16
6/25/2025 12:09:51 PM,1750846191165,Right,-0.1500233,0.7047489,0.355159,-0.09464553,0.4349229,0.5803491,-0.2195226,0.703612,0.3553316,-0.1298397,0.4421817,0.5793955,-0.06596851,1.076289,0.7959725,-0.02091126,0.1937804,0.8560563,True,0,1,16
6/25/2025 12:09:51 PM,1750846191179,Right,-0.1498387,0.6950987,0.3692496,-0.09260808,0.4262471,0.5937223,-0.2200738,0.6933986,0.3694166,-0.1287062,0.432949,0.5925505,-0.06475353,1.071012,0.7959648,-0.01744047,0.1843154,0.8692907,True,0,1,16
6/25/2025 12:09:51 PM,1750846191207,Right,-0.1502934,0.6749865,0.4001015,-0.08973943,0.4106036,0.6236035,-0.2205602,0.6723337,0.3998641,-0.1272305,0.4152986,0.6207871,-0.0627948,1.061102,0.7963239,-0.01194976,0.1653538,0.8994172,True,0,1,16
6/25/2025 12:09:51 PM,1750846191221,Right,-0.1508216,0.6637163,0.4184502,-0.08910044,0.4034188,0.6426924,-0.2208455,0.6607486,0.4172494,-0.1287812,0.4076433,0.6395221,-0.06216645,1.056517,0.7970959,-0.01421057,0.1587959,0.9226657,True,0,1,16
6/25/2025 12:09:51 PM,1750846191248,Right,-0.150233,0.6440428,0.4579606,-0.09080075,0.3900902,0.6859471,-0.2198758,0.639789,0.454807,-0.129473,0.3917918,0.6792836,-0.06085122,1.048232,0.7983943,-0.0166866,0.1449977,0.9686121,True,0,1,16
6/25/2025 12:09:51 PM,1750846191262,Right,-0.1501062,0.6353048,0.480965,-0.09434152,0.3829875,0.7110906,-0.2192697,0.629881,0.4762395,-0.1318946,0.3850865,0.7047288,-0.06095195,1.044528,0.7989525,-0.0237104,0.1416637,0.9992123,True,0,1,16
6/25/2025 12:09:51 PM,1750846191276,Right,-0.1501636,0.626992,0.5032478,-0.09784482,0.3765916,0.7358778,-0.2187765,0.6206935,0.4966003,-0.1316159,0.3772872,0.7262237,-0.06122041,1.040953,0.7993985,-0.02418271,0.1351557,1.02242,True,0,1,16
6/25/2025 12:09:51 PM,1750846191304,Right,-0.150587,0.6169581,0.5524978,-0.1067154,0.3722435,0.7901822,-0.2183632,0.607854,0.5417134,-0.1417942,0.3722613,0.7804079,-0.06230211,1.034852,0.8003126,-0.04914846,0.1372243,1.089412,True,0,1,16
6/25/2025 12:09:51 PM,1750846191318,Right,-0.1505074,0.6143633,0.5765536,-0.1108445,0.3734217,0.8193864,-0.2184124,0.60267,0.5650361,-0.1434513,0.3685128,0.8061592,-0.06260943,1.032506,0.8009206,-0.05350518,0.1358513,1.117291,True,0,1,16
6/25/2025 12:09:51 PM,1750846191345,Right,-0.1541195,0.6097445,0.6219648,-0.127527,0.3792062,0.8768677,-0.2213591,0.5960749,0.6075343,-0.1604192,0.372052,0.8622332,-0.0646317,1.029849,0.8029891,-0.08921677,0.1527334,1.187264,True,0,1,16
6/25/2025 12:09:51 PM,1750846191359,Right,-0.1550542,0.6082967,0.643667,-0.13735,0.3827723,0.9048037,-0.2227688,0.5934867,0.6284232,-0.1649561,0.3725074,0.887517,-0.06611812,1.029528,0.8043514,-0.09811375,0.1581815,1.21585,True,0,1,16
6/25/2025 12:09:51 PM,1750846191387,Right,-0.1637968,0.6038893,0.6830866,-0.1595233,0.396994,0.9569079,-0.2282426,0.5908248,0.66337,-0.1876194,0.3864424,0.9360909,-0.06980205,1.031476,0.8081099,-0.1428269,0.189982,1.281536,True,0,1,16
6/25/2025 12:09:51 PM,1750846191401,Right,-0.1672637,0.6043664,0.702158,-0.1716936,0.4053436,0.9826411,-0.2316016,0.5900376,0.6804556,-0.1950286,0.3904158,0.9580832,-0.07144094,1.033139,0.8103272,-0.1561628,0.2007916,1.30727,True,0,1,16
6/25/2025 12:09:51 PM,1750846191415,Right,-0.1715389,0.6075877,0.7191009,-0.1848415,0.4165215,1.00571,-0.2341731,0.5918132,0.6956792,-0.2071382,0.400987,0.9813595,-0.07307935,1.036056,0.8130664,-0.1813149,0.2231702,1.33709,True,0,1,16
6/25/2025 12:09:51 PM,1750846191443,Right,-0.1812632,0.6168339,0.7497185,-0.2128428,0.4420279,1.048053,-0.2420571,0.5942814,0.7256217,-0.2305792,0.4185351,1.024709,-0.07634568,1.042988,0.8187896,-0.2265806,0.261842,1.388452,True,0,1,16
6/25/2025 12:09:51 PM,1750846191457,Right,-0.1898553,0.6179147,0.7665491,-0.2284849,0.4575793,1.066873,-0.2462234,0.59683,0.7376537,-0.2454987,0.4330602,1.038697,-0.07805204,1.047496,0.8214523,-0.2564025,0.2858858,1.410937,True,0,1,16
6/25/2025 12:09:51 PM,1750846191484,Right,-0.2012178,0.6331801,0.7893326,-0.2609606,0.4881889,1.099333,-0.2542166,0.6036617,0.7592117,-0.2714585,0.4572647,1.073685,-0.08193016,1.057843,0.8269364,-0.307515,0.3348483,1.448413,True,0,1,16
6/25/2025 12:09:51 PM,1750846191498,Right,-0.2080126,0.642804,0.7992249,-0.2786453,0.5044731,1.113567,-0.2585014,0.6087955,0.767895,-0.2884737,0.4733975,1.089712,-0.08432102,1.063414,0.8300849,-0.3412401,0.36595,1.463798,True,0,1,16
6/25/2025 12:09:51 PM,1750846191526,Right,-0.2252876,0.6600711,0.8163276,-0.3149114,0.5339782,1.14213,-0.2685529,0.6187211,0.7837973,-0.3220542,0.5029263,1.120795,-0.0897212,1.074953,0.8363863,-0.4024073,0.4234399,1.486683,True,0,1,16
6/25/2025 12:09:51 PM,1750846191540,Right,-0.2345886,0.6692781,0.8232195,-0.3018068,0.5292961,1.123489,-0.2740678,0.6240322,0.7908524,-0.3330544,0.5166473,1.105823,-0.09254181,1.080774,0.8391782,-0.4302747,0.4299914,1.489457,True,0,1,16
6/25/2025 12:09:51 PM,1750846191568,Right,-0.2519428,0.6861109,0.8346761,-0.3742337,0.595884,1.154255,-0.2842093,0.6359926,0.8022901,-0.3722197,0.5492586,1.133364,-0.09857512,1.091709,0.8444315,-0.4990431,0.4938966,1.497815,True,0,1,16
6/25/2025 12:09:51 PM,1750846191582,Right,-0.2609906,0.6929976,0.8392099,-0.3924532,0.6103182,1.154982,-0.2901036,0.6410598,0.8069183,-0.3914791,0.5646639,1.134876,-0.101987,1.096685,0.8468062,-0.535739,0.5184412,1.495923,True,0,1,16
6/25/2025 12:09:51 PM,1750846191595,Right,-0.2690559,0.70011,0.8431497,-0.4122931,0.6248044,1.152072,-0.294818,0.6460119,0.8122057,-0.4087012,0.5786802,1.134855,-0.1054416,1.101695,0.8490058,-0.5703883,0.5396208,1.492531,True,0,1,16
6/25/2025 12:09:51 PM,1750846191623,Right,-0.2874092,0.712479,0.8483624,-0.4524668,0.653429,1.150632,-0.3053278,0.6540049,0.8211753,-0.4440575,0.6037551,1.137829,-0.1125951,1.110817,0.8522068,-0.6347973,0.5811317,1.481659,True,0,1,16
6/25/2025 12:09:51 PM,1750846191637,Right,-0.2970598,0.7177038,0.8518697,-0.4737116,0.6684381,1.147739,-0.3119695,0.6595401,0.825249,-0.4634696,0.6177366,1.135823,-0.1163714,1.115305,0.8537594,-0.6701093,0.602663,1.472243,True,0,1,16
6/25/2025 12:09:51 PM,1750846191665,Right,-0.3166742,0.7274827,0.8569916,-0.5164804,0.6963547,1.13947,-0.3267764,0.6678689,0.8305894,-0.5018301,0.640174,1.129308,-0.1239371,1.124122,0.8568159,-0.7355273,0.6386375,1.448787,True,0,1,16
6/25/2025 12:09:51 PM,1750846191679,Right,-0.3264339,0.7340446,0.8585507,-0.5386204,0.7099037,1.132689,-0.3350511,0.6727194,0.8329861,-0.5237733,0.6526534,1.124007,-0.1277196,1.128363,0.8581325,-0.7721239,0.6588799,1.432049,True,0,1,16
6/25/2025 12:09:51 PM,1750846191707,Right,-0.3484378,0.7469174,0.8604386,-0.5833155,0.7337818,1.115124,-0.3524284,0.6838496,0.8357975,-0.5645201,0.6744452,1.109827,-0.1352389,1.136954,0.8603812,-0.8391978,0.6901833,1.395365,True,0,1,16
6/25/2025 12:09:51 PM,1750846191721,Right,-0.3600882,0.7541011,0.8606449,-0.6066059,0.7451984,1.103768,-0.3627435,0.6904076,0.8367344,-0.5870908,0.6854206,1.100492,-0.1386405,1.14114,0.8616058,-0.8755975,0.7041903,1.372356,True,0,1,16
6/25/2025 12:09:51 PM,1750846191748,Right,-0.3846103,0.7673673,0.8559918,-0.6519535,0.7648756,1.077771,-0.3832077,0.7039643,0.8374553,-0.6317769,0.7058102,1.079962,-0.1448557,1.148922,0.8632346,-0.9446124,0.7285076,1.321524,True,0,1,16
6/25/2025 12:09:51 PM,1750846191762,Right,-0.398571,0.7773306,0.8506882,-0.6752561,0.7733816,1.061878,-0.3931645,0.7114854,0.8379306,-0.6552388,0.7158713,1.066856,-0.1477399,1.152578,0.8639039,-0.9808216,0.7393088,1.289578,True,0,1,16
6/25/2025 12:09:51 PM,1750846191776,Right,-0.4113376,0.7853792,0.8468648,-0.6980709,0.7815036,1.04553,-0.4031727,0.7189984,0.8377782,-0.676888,0.72501,1.053806,-0.1501541,1.155799,0.8642429,-1.01295,0.7483947,1.258976,True,0,1,16
6/25/2025 12:09:51 PM,1750846191804,Right,-0.4353849,0.8007541,0.8357853,-0.7410449,0.7973881,1.004351,-0.4241772,0.7345514,0.8336705,-0.7196168,0.7395794,1.019351,-0.1547332,1.161789,0.8646981,-1.076334,0.7571751,1.186204,True,0,1,16
6/25/2025 12:09:51 PM,1750846191818,Right,-0.4472859,0.807359,0.8288867,-0.7621239,0.8026814,0.9821046,-0.4347419,0.7425575,0.8306792,-0.7402885,0.7468401,1.001382,-0.1568691,1.164475,0.8647443,-1.104581,0.760828,1.148612,True,0,1,16
6/25/2025 12:09:51 PM,1750846191846,Right,-0.4679636,0.8233299,0.8138592,-0.7966927,0.8113388,0.9348707,-0.4555442,0.7557427,0.8200815,-0.7776433,0.7565817,0.9580165,-0.1604493,1.169482,0.864452,-1.155355,0.7627618,1.065675,True,0,1,16
6/25/2025 12:09:51 PM,1750846191860,Right,-0.4780071,0.8306274,0.8059292,-0.8129035,0.8140905,0.9100962,-0.465506,0.7637007,0.8137932,-0.7949627,0.7608922,0.9348781,-0.1621225,1.171776,0.8642927,-1.177297,0.7608792,1.022229,True,0,1,16
6/25/2025 12:09:51 PM,1750846191888,Right,-0.4943994,0.8464741,0.7882202,-0.8403608,0.8186517,0.860207,-0.4820766,0.7797825,0.8013651,-0.8262567,0.7690602,0.8847004,-0.1657507,1.175912,0.8641778,-1.212706,0.7565715,0.9268324,True,0,1,16
6/25/2025 12:09:51 PM,1750846191901,Right,-0.5018455,0.8530487,0.7775393,-0.8514524,0.819986,0.8339343,-0.4897602,0.7872065,0.7936002,-0.8389897,0.771696,0.8583665,-0.1674693,1.177867,0.8644785,-1.225651,0.7522652,0.8792943,True,0,1,16
6/25/2025 12:09:51 PM,1750846191915,Right,-0.5087233,0.8581851,0.7669788,-0.8588366,0.8202741,0.8074009,-0.496044,0.7928647,0.7898918,-0.8466811,0.7701434,0.8361831,-0.1691071,1.179717,0.8649503,-1.234342,0.7401592,0.8372098,True,0,1,16
6/25/2025 12:09:51 PM,1750846191943,Right,-0.5187113,0.866608,0.744976,-0.8701674,0.8206137,0.7555193,-0.5079451,0.8038599,0.7707796,-0.8605572,0.7690244,0.7839755,-0.1728699,1.182352,0.8658625,-1.244823,0.7223662,0.7491083,True,0,1,16
6/25/2025 12:09:51 PM,1750846191957,Right,-0.5235918,0.8701886,0.7344452,-0.8731034,0.8187328,0.7300754,-0.5120725,0.807713,0.7595323,-0.8630295,0.766962,0.7596744,-0.1749804,1.183117,0.8659655,-1.246027,0.7126569,0.7107933,True,0,1,16
6/25/2025 12:09:51 PM,1750846191985,Right,-0.5275834,0.8710279,0.7115321,-0.8756896,0.8138622,0.68244,-0.5183729,0.8112366,0.7410547,-0.8676031,0.7617133,0.7118212,-0.1794502,1.183619,0.8655847,-1.242886,0.6963805,0.6315596,True,0,1,16
6/25/2025 12:09:51 PM,1750846191999,Right,-0.5288834,0.8705763,0.7009496,-0.8748272,0.8098809,0.6594458,-0.5205218,0.8099661,0.732223,-0.8676323,0.7572137,0.6897112,-0.1822422,1.183092,0.8649493,-1.239099,0.687382,0.5954019,True,0,1,16
6/25/2025 12:09:52 PM,1750846192024,Right,-0.5302364,0.8666067,0.6839398,-0.8712422,0.801647,0.6208917,-0.5226375,0.8080367,0.7147116,-0.8644236,0.7474115,0.6514739,-0.1873741,1.182241,0.8635179,-1.228376,0.667163,0.5353001,True,0,1,16
6/25/2025 12:09:52 PM,1750846192039,Right,-0.5302361,0.8635309,0.6753055,-0.8678567,0.7956042,0.6020107,-0.5228083,0.8056951,0.705968,-0.861464,0.7418248,0.6336626,-0.1902263,1.181848,0.8625838,-1.222026,0.658026,0.5075017,True,0,1,16
6/25/2025 12:09:52 PM,1750846192066,Right,-0.5287591,0.8580517,0.6598237,-0.8605218,0.7841158,0.5692992,-0.5215822,0.7992538,0.6892932,-0.8545921,0.7293099,0.6000943,-0.1955671,1.181471,0.8606712,-1.207055,0.638822,0.455864,False,0,1,16
6/25/2025 12:09:52 PM,1750846192080,Right,-0.5272017,0.8538129,0.65293,-0.8569506,0.7786502,0.5563282,-0.5200059,0.795242,0.6820713,-0.8513423,0.7242699,0.5877041,-0.198154,1.181374,0.8598033,-1.20133,0.6332946,0.4377971,False,0,1,16
6/25/2025 12:09:52 PM,1750846192108,Right,-0.523648,0.8455938,0.6416821,-0.849714,0.767176,0.5362116,-0.5163112,0.785044,0.6714163,-0.8434981,0.7119947,0.5654988,-0.2029259,1.18183,0.8591317,-1.187777,0.6205094,0.4027859,False,0,1,16
6/25/2025 12:09:52 PM,1750846192121,Right,-0.5212047,0.8400581,0.6372967,-0.8466329,0.7612618,0.5299075,-0.5129591,0.7799573,0.6652514,-0.8399534,0.7071317,0.5583801,-0.2049215,1.182183,0.8589629,-1.18392,0.6170067,0.3944024,False,0,1,16
6/25/2025 12:09:52 PM,1750846192135,Right,-0.5190293,0.8349133,0.6333659,-0.8434596,0.7552273,0.5240278,-0.5106133,0.7758582,0.6615121,-0.8351078,0.7005627,0.5492377,-0.2065586,1.182547,0.8585624,-1.175715,0.6079548,0.3794689,False,0,1,16
6/25/2025 12:09:52 PM,1750846192163,Right,-0.5126427,0.8243511,0.6293117,-0.8375257,0.7418835,0.5224595,-0.5036443,0.7659519,0.6565549,-0.8302287,0.6912315,0.5492139,-0.2094269,1.183025,0.8575765,-1.173763,0.6021097,0.3841633,False,0,1,16
6/25/2025 12:09:52 PM,1750846192177,Right,-0.5088939,0.8188545,0.6287608,-0.8344613,0.7358804,0.5249924,-0.499359,0.7605516,0.6545503,-0.8245339,0.6842145,0.5450602,-0.210417,1.183,0.8566991,-1.166795,0.5936202,0.3774893,False,0,1,16
6/25/2025 12:09:52 PM,1750846192205,Right,-0.500999,0.8085247,0.6296761,-0.8285791,0.7251538,0.5338014,-0.4892085,0.7487484,0.6521422,-0.8196906,0.6748863,0.5584358,-0.2120743,1.182374,0.8553799,-1.170711,0.5886257,0.4071618,False,0,1,16
6/25/2025 12:09:52 PM,1750846192219,Right,-0.4963844,0.8033738,0.6307843,-0.8250702,0.7195666,0.5402747,-0.4846549,0.7430283,0.6524057,-0.8147237,0.6682134,0.5590647,-0.2128921,1.182023,0.8546194,-1.165866,0.5807538,0.4080323,False,0,1,16
6/25/2025 12:09:52 PM,1750846192246,Right,-0.4851085,0.7919542,0.6344844,-0.8179879,0.7095112,0.5600407,-0.4722118,0.731411,0.6559744,-0.8077527,0.6592872,0.5828092,-0.2145863,1.18127,0.8529824,-1.168509,0.5761591,0.4530778,False,0,1,16
6/25/2025 12:09:52 PM,1750846192261,Right,-0.4790049,0.7860764,0.6367609,-0.8139127,0.7043007,0.5710254,-0.4653882,0.7247777,0.6570477,-0.8017325,0.653068,0.5871317,-0.2149646,1.180783,0.8521057,-1.163825,0.5704678,0.4608972,False,0,1,16
6/25/2025 12:09:52 PM,1750846192288,Right,-0.4663993,0.776875,0.641678,-0.8039175,0.6930928,0.5975066,-0.4490054,0.715618,0.6563466,-0.7903435,0.6463743,0.6166919,-0.2152252,1.179782,0.8506252,-1.163472,0.5677456,0.5230378,False,0,1,16
6/25/2025 12:09:52 PM,1750846192302,Right,-0.459249,0.7717387,0.6440018,-0.7981199,0.6874091,0.6117864,-0.4405867,0.7105579,0.6576941,-0.782621,0.6413261,0.6233746,-0.2151872,1.179188,0.8501219,-1.157172,0.5632882,0.5355555,False,0,1,16
6/25/2025 12:09:52 PM,1750846192316,Right,-0.4515398,0.7663407,0.6458391,-0.7910944,0.6819649,0.6272815,-0.4319015,0.7061774,0.6590821,-0.7749144,0.6372456,0.6410307,-0.2150719,1.178521,0.8495857,-1.153789,0.5604941,0.5710229,False,0,1,16
6/25/2025 12:09:52 PM,1750846192344,Right,-0.435201,0.7555521,0.647954,-0.7761554,0.6718382,0.6580176,-0.4150664,0.6958821,0.6554836,-0.7596443,0.6289186,0.6644422,-0.2144275,1.17698,0.8480664,-1.142719,0.5556839,0.6243938,False,0,1,16
6/25/2025 12:09:52 PM,1750846192358,Right,-0.4272499,0.7510888,0.6484855,-0.7664008,0.6669501,0.6751609,-0.4059238,0.6907386,0.6541086,-0.7487398,0.6242742,0.6830648,-0.2139032,1.176284,0.8473116,-1.134397,0.5518234,0.6654833,False,0,1,16
6/25/2025 12:09:52 PM,1750846192385,Right,-0.4119494,0.74212,0.6487043,-0.7473003,0.6570815,0.7089919,-0.3886497,0.6800756,0.6484697,-0.7287201,0.6160355,0.7076627,-0.2127261,1.175094,0.8460475,-1.114297,0.5465697,0.7240478,False,0,1,16
6/25/2025 12:09:52 PM,1750846192400,Right,-0.4038232,0.7379277,0.6495221,-0.7349666,0.6530904,0.7269911,-0.3805511,0.6762416,0.6477311,-0.7157549,0.6125052,0.7275724,-0.2121775,1.174457,0.8455116,-1.100286,0.5433275,0.7677941,False,0,1,16
6/25/2025 12:09:52 PM,1750846192427,Right,-0.3886341,0.7328557,0.6510183,-0.708886,0.6474187,0.7608369,-0.3648249,0.6692268,0.6472598,-0.6899534,0.6046259,0.7568557,-0.2115655,1.173139,0.8444639,-1.070351,0.5348369,0.8323879,False,0,1,16
6/25/2025 12:09:52 PM,1750846192440,Right,-0.3810058,0.7304672,0.6514148,-0.6937158,0.6440896,0.7771989,-0.3572743,0.6676537,0.6465335,-0.6737904,0.6015937,0.7750296,-0.2112451,1.172321,0.8439735,-1.049776,0.5302243,0.8738108,False,0,1,16
6/25/2025 12:09:52 PM,1750846192455,Right,-0.3737295,0.7285321,0.651608,-0.6791347,0.6409702,0.7936184,-0.3502057,0.6668074,0.6452696,-0.6586453,0.5993348,0.7914951,-0.2105948,1.17175,0.8435403,-1.02817,0.5268344,0.9114885,False,0,1,16
6/25/2025 12:09:52 PM,1750846192482,Right,-0.3605179,0.7268076,0.6508618,-0.647487,0.6337298,0.8203866,-0.3378865,0.6654437,0.6418434,-0.6285408,0.5936831,0.8153476,-0.2094643,1.171021,0.842719,-0.9858146,0.5165042,0.9706385,False,0,1,16
6/25/2025 12:09:52 PM,1750846192497,Right,-0.3541363,0.7265333,0.6518551,-0.6319165,0.6307991,0.8361242,-0.3320957,0.6674496,0.6405548,-0.6133846,0.5930932,0.8291209,-0.2087044,1.170742,0.8421901,-0.9612043,0.5149254,1.002575,False,0,1,16
6/25/2025 12:09:52 PM,1750846192524,Right,-0.3428393,0.7235056,0.6512336,-0.6005652,0.6241801,0.8631802,-0.322111,0.6667811,0.6367579,-0.5861652,0.5887724,0.8495948,-0.206634,1.170478,0.8407584,-0.9160332,0.5097476,1.052326,False,0,1,16
6/25/2025 12:09:52 PM,1750846192538,Right,-0.3358549,0.723017,0.6525953,-0.5831676,0.6196026,0.8752563,-0.3168918,0.6657683,0.6345826,-0.5689305,0.5853484,0.8612272,-0.2053597,1.170278,0.8402082,-0.8867872,0.506394,1.081706,False,0,1,16
6/25/2025 12:09:52 PM,1750846192566,Right,-0.3216586,0.7226207,0.6556364,-0.5484269,0.6095408,0.8973359,-0.3100502,0.6671716,0.6279083,-0.5404364,0.5816305,0.8771834,-0.2021385,1.170055,0.8394123,-0.8344694,0.5025066,1.125874,False,0,1,16
6/25/2025 12:09:52 PM,1750846192580,Right,-0.3135523,0.7219881,0.6566409,-0.5302429,0.6054461,0.9074419,-0.3075456,0.6685755,0.6251952,-0.524065,0.5792498,0.8868977,-0.2000785,1.169736,0.8389465,-0.8020757,0.5008915,1.151904,False,0,1,16
6/25/2025 12:09:52 PM,1750846192608,Right,-0.2962873,0.7187976,0.65948,-0.4928129,0.598636,0.9233229,-0.3025046,0.6711631,0.6199259,-0.4917834,0.5738941,0.8980479,-0.1953043,1.168621,0.8377804,-0.7408866,0.4929965,1.191046,False,0,1,16
6/25/2025 12:09:52 PM,1750846192622,Right,-0.2880408,0.7163109,0.6562701,-0.4732742,0.5952489,0.9288028,-0.299852,0.6722706,0.6167383,-0.4741235,0.5712609,0.904158,-0.1928966,1.167637,0.8371581,-0.7044348,0.4907404,1.211263,False,0,1,16
6/25/2025 12:09:52 PM,1750846192635,Right,-0.2799319,0.7147714,0.6550992,-0.4547127,0.5898189,0.9333744,-0.2980219,0.6732424,0.6135833,-0.4608953,0.5676342,0.906566,-0.1905608,1.166477,0.8367368,-0.6774073,0.484087,1.222178,False,0,1,16
6/25/2025 12:09:52 PM,1750846192663,Right,-0.267509,0.7129178,0.6485211,-0.4187565,0.5819854,0.9379669,-0.2968717,0.6779351,0.6055626,-0.4238421,0.5620115,0.9124782,-0.1847262,1.163559,0.8356136,-0.5966231,0.4719329,1.251947,False,0,1,16
6/25/2025 12:09:52 PM,1750846192676,Right,-0.2624435,0.7121536,0.644114,-0.3993794,0.578206,0.9390645,-0.294825,0.6795928,0.6014833,-0.4099099,0.5578482,0.9106299,-0.1815183,1.162081,0.8348395,-0.5678403,0.4625532,1.256049,False,0,1,16
6/25/2025 12:09:52 PM,1750846192705,Right,-0.2499858,0.7112234,0.6339619,-0.3609437,0.5710479,0.9372198,-0.289844,0.6836275,0.5954011,-0.3727714,0.5510604,0.910693,-0.174557,1.158936,0.8334011,-0.4895135,0.4466133,1.269238,False,0,1,16
6/25/2025 12:09:52 PM,1750846192719,Right,-0.2435531,0.7113548,0.6290214,-0.3419148,0.5668918,0.9356311,-0.2857599,0.6863478,0.5925807,-0.3583474,0.5468139,0.9083804,-0.170619,1.157005,0.8329202,-0.4614334,0.43582,1.26821,False,0,1,16
6/25/2025 12:09:52 PM,1750846192746,Right,-0.2305298,0.7120182,0.6176373,-0.307328,0.5532578,0.9238685,-0.2789408,0.6885668,0.5831854,-0.3237899,0.536989,0.8991591,-0.1628654,1.153323,0.8319362,-0.3920229,0.4137349,1.262729,False,0,1,16
6/25/2025 12:09:52 PM,1750846192761,Right,-0.2238079,0.7121124,0.6116919,-0.2893467,0.5466367,0.9168059,-0.275316,0.690571,0.5778685,-0.3097236,0.5319631,0.8915169,-0.1593641,1.15133,0.831338,-0.3649804,0.4007436,1.25467,False,0,1,16
6/25/2025 12:09:52 PM,1750846192788,Right,-0.2118877,0.7149804,0.5954263,-0.2573836,0.535484,0.8962659,-0.2684359,0.6945817,0.5656452,-0.2811162,0.5225873,0.8753097,-0.1532919,1.146978,0.8305823,-0.3095583,0.3775463,1.234897,False,0,1,16
6/25/2025 12:09:52 PM,1750846192802,Right,-0.2067742,0.7139559,0.5866162,-0.2420003,0.5284703,0.8849003,-0.2642506,0.6969228,0.5580232,-0.2664587,0.5186251,0.8626203,-0.150306,1.144628,0.8304039,-0.282019,0.3647782,1.220944,False,0,1,16
6/25/2025 12:09:52 PM,1750846192816,Right,-0.2005046,0.7135735,0.5761949,-0.2280422,0.5221257,0.8713967,-0.2603201,0.6986358,0.5497863,-0.253697,0.5138452,0.8503302,-0.1471896,1.142084,0.8304354,-0.2579401,0.3524504,1.205721,False,0,1,16
6/25/2025 12:09:52 PM,1750846192844,Right,-0.1907919,0.7136853,0.5534977,-0.2022308,0.5079458,0.8414614,-0.2526474,0.7019857,0.5319165,-0.2313043,0.5034283,0.8242105,-0.1411533,1.136222,0.8311237,-0.2159671,0.3274869,1.171061,False,0,1,16
6/25/2025 12:09:52 PM,1750846192857,Right,-0.1872874,0.7130162,0.5416051,-0.1911252,0.5003219,0.824013,-0.2494625,0.7033525,0.5213733,-0.2213731,0.4982924,0.8079401,-0.1386077,1.132935,0.8316318,-0.1968403,0.3141458,1.150539,False,0,1,16
6/25/2025 12:09:52 PM,1750846192885,Right,-0.1791275,0.71418,0.5171189,-0.1737112,0.4889916,0.7873033,-0.2447449,0.7053305,0.4998395,-0.206437,0.4888448,0.774454,-0.1331892,1.12541,0.8330725,-0.1660423,0.2890394,1.108615,False,0,1,16
6/25/2025 12:09:52 PM,1750846192899,Right,-0.1759004,0.7124125,0.5047482,-0.1661481,0.4830426,0.7686339,-0.2423306,0.7063679,0.4892502,-0.2000348,0.4848761,0.7567163,-0.1305506,1.121115,0.8338119,-0.1529463,0.2763554,1.086912,False,0,1,16
6/25/2025 12:09:52 PM,1750846192927,Right,-0.1708077,0.710691,0.4813575,-0.1535775,0.4715904,0.7334093,-0.2378603,0.7075095,0.4667206,-0.1893493,0.4762923,0.7221334,-0.1256795,1.11139,0.8351604,-0.1310326,0.2530434,1.043044,False,0,1,16
6/25/2025 12:09:52 PM,1750846192941,Right,-0.1642843,0.7132432,0.4664197,-0.1495511,0.4654293,0.7162279,-0.2367445,0.7085087,0.4559494,-0.1850274,0.4694724,0.709257,-0.1234746,1.106071,0.8357574,-0.1227948,0.2428334,1.021866,False,0,1,16
6/25/2025 12:09:52 PM,1750846192969,Right,-0.1627269,0.7132482,0.4438682,-0.1467579,0.4557559,0.681828,-0.2346453,0.712327,0.4380198,-0.1802182,0.4636238,0.6796439,-0.1202946,1.095431,0.8359576,-0.1114478,0.2232674,0.9818426,False,0,1,16
6/25/2025 12:09:52 PM,1750846192983,Right,-0.1624389,0.7120955,0.4342784,-0.1466935,0.4504308,0.667193,-0.2342972,0.713438,0.4307317,-0.1797066,0.460444,0.6673667,-0.1190691,1.090279,0.8356997,-0.1094153,0.2141926,0.9648279,False,0,1,16
6/25/2025 12:09:52 PM,1750846192996,Right,-0.1625619,0.7106069,0.4261572,-0.1475493,0.4449401,0.655294,-0.2346365,0.7120564,0.4228463,-0.1798972,0.4555202,0.6562889,-0.1176188,1.085118,0.8355581,-0.108907,0.2055455,0.9498558,False,0,1,16
6/25/2025 12:09:53 PM,1750846193024,Right,-0.1631553,0.7062672,0.4128887,-0.1484398,0.4357984,0.6312255,-0.2348845,0.7078368,0.4108255,-0.1810741,0.4477591,0.6357526,-0.1135349,1.074945,0.8358771,-0.10921,0.188032,0.9247409,True,0,1,17
6/25/2025 12:09:53 PM,1750846193038,Right,-0.1626998,0.7030255,0.4099658,-0.1492139,0.431883,0.6181443,-0.235061,0.7043946,0.407734,-0.1836655,0.447047,0.6276146,-0.1113974,1.069954,0.8364292,-0.1129831,0.1810967,0.9189643,True,0,1,17
6/25/2025 12:09:53 PM,1750846193066,Right,-0.1630048,0.6954442,0.4092522,-0.1514038,0.4257685,0.5919285,-0.2364242,0.6934758,0.4031931,-0.1901885,0.4458961,0.6109263,-0.1071281,1.060386,0.837639,-0.1209777,0.1648571,0.9104747,True,0,1,17
6/25/2025 12:09:53 PM,1750846193079,Right,-0.1623252,0.690375,0.4132235,-0.1528228,0.4234827,0.5782802,-0.2350638,0.6894352,0.4059137,-0.1936597,0.4503176,0.606254,-0.1054068,1.055744,0.8375102,-0.1276396,0.1596054,0.9136937,True,0,1,17
6/25/2025 12:09:53 PM,1750846193108,Right,-0.1616947,0.678639,0.424793,-0.1547377,0.4215302,0.5618104,-0.2344389,0.677863,0.4174185,-0.1998164,0.4549532,0.6026925,-0.1022193,1.046902,0.8369321,-0.1372498,0.1450334,0.9241205,True,0,1,17
6/25/2025 12:09:53 PM,1750846193122,Right,-0.1624089,0.6713457,0.4339488,-0.1547377,0.4215302,0.5618104,-0.2342809,0.6705349,0.4271399,-0.2029691,0.4559998,0.6063986,-0.1008682,1.042602,0.8364025,-0.1431645,0.1385151,0.9358174,True,0,1,17
6/25/2025 12:09:53 PM,1750846193135,Right,-0.1623935,0.6639637,0.4437073,-0.1547377,0.4215302,0.5618104,-0.2341949,0.663409,0.4373609,-0.2054458,0.4567008,0.6093025,-0.09956074,1.038721,0.8357545,-0.1466561,0.1299142,0.945121,True,0,1,17
6/25/2025 12:09:53 PM,1750846193163,Right,-0.1630925,0.646799,0.4718382,-0.1547377,0.4215302,0.5618104,-0.2365727,0.6431881,0.4631568,-0.2135498,0.4600672,0.6221207,-0.09674978,1.031176,0.8348669,-0.1573311,0.119738,0.9825997,True,0,1,17
6/25/2025 12:09:53 PM,1750846193177,Right,-0.1634447,0.6381609,0.4873603,-0.1547377,0.4215302,0.5618104,-0.2361112,0.6343671,0.4778785,-0.2156261,0.4618905,0.6287323,-0.09566128,1.027542,0.8345224,-0.1605771,0.1125154,0.9994774,True,0,1,17
6/25/2025 12:09:53 PM,1750846193205,Right,-0.1653888,0.6212772,0.522284,-0.1547377,0.4215302,0.5618104,-0.2376529,0.617614,0.5124904,-0.2217912,0.4668362,0.6499686,-0.09367466,1.02087,0.8330756,-0.1709601,0.1060674,1.045381,True,0,1,17
6/25/2025 12:09:53 PM,1750846193218,Right,-0.1664029,0.6140976,0.5406783,-0.1547377,0.4215302,0.5618104,-0.2396628,0.6085988,0.5298121,-0.2252231,0.4658572,0.6613624,-0.09322953,1.018009,0.8319637,-0.1753688,0.09973365,1.065557,True,0,1,17
6/25/2025 12:09:53 PM,1750846193246,Right,-0.1684449,0.6031714,0.5776603,-0.1547377,0.4215302,0.5618104,-0.2411491,0.5968317,0.5668564,-0.2288502,0.4653787,0.6937177,-0.09274089,1.013117,0.830489,-0.1830333,0.1001899,1.114643,True,0,1,17
6/25/2025 12:09:53 PM,1750846193261,Right,-0.1710177,0.5983469,0.5962203,-0.1547377,0.4215302,0.5618104,-0.2427628,0.5911276,0.5844069,-0.2309315,0.4624933,0.7111213,-0.09265375,1.011543,0.8302971,-0.1862517,0.1000766,1.137377,True,0,1,17
6/25/2025 12:09:53 PM,1750846193288,Right,-0.1781093,0.5907736,0.630321,-0.1547377,0.4215302,0.5618104,-0.2472456,0.5823051,0.6157437,-0.2358275,0.4559968,0.7488639,-0.09405851,1.011043,0.8309842,-0.1957735,0.1102293,1.185476,True,0,1,17
6/25/2025 12:09:53 PM,1750846193302,Right,-0.1787339,0.5900994,0.6462466,-0.1547377,0.4215302,0.5618104,-0.2490664,0.5789969,0.6313666,-0.2374488,0.4503296,0.7702318,-0.09582877,1.012375,0.832183,-0.199008,0.1137019,1.206775,True,0,1,17
6/25/2025 12:09:53 PM,1750846193316,Right,-0.1800684,0.5905862,0.6604245,-0.1547377,0.4215302,0.5618104,-0.2507647,0.5774155,0.6448609,-0.2391571,0.4467053,0.7916439,-0.09772944,1.014347,0.8339459,-0.2041965,0.1235362,1.229604,True,0,1,17
6/25/2025 12:09:53 PM,1750846193344,Right,-0.186084,0.5916633,0.688293,-0.1547377,0.4215302,0.5618104,-0.2527815,0.5776505,0.6702289,-0.2414864,0.4415847,0.8345624,-0.1023339,1.020617,0.8386384,-0.213717,0.1448853,1.271302,True,0,1,17
6/25/2025 12:09:53 PM,1750846193358,Right,-0.1888985,0.5934802,0.700848,-0.1547377,0.4215302,0.5618104,-0.2555853,0.5775811,0.6813067,-0.2449216,0.4401751,0.8566554,-0.1044221,1.024402,0.8410107,-0.2220851,0.1609438,1.293998,True,0,1,17
6/25/2025 12:09:53 PM,1750846193385,Right,-0.1986753,0.5936709,0.725989,-0.1547377,0.4215302,0.5618104,-0.2616833,0.5779211,0.7028029,-0.2526937,0.4389803,0.8998088,-0.1084323,1.034106,0.8458754,-0.239192,0.1922611,1.335938,True,0,1,17
6/25/2025 12:09:53 PM,1750846193399,Right,-0.2031302,0.5965579,0.7375119,-0.1547377,0.4215302,0.5618104,-0.264273,0.579047,0.7119803,-0.2572336,0.4408418,0.9226183,-0.1107507,1.039526,0.8480622,-0.2510414,0.2144782,1.357747,True,0,1,17
6/25/2025 12:09:53 PM,1750846193427,Right,-0.2125239,0.6063086,0.75677,-0.1547377,0.4215302,0.5618104,-0.2705757,0.5826566,0.728211,-0.2685961,0.4472993,0.9664493,-0.1150759,1.051163,0.8521386,-0.276955,0.2593291,1.395683,True,0,1,17
6/25/2025 12:09:53 PM,1750846193441,Right,-0.2176942,0.612071,0.7652038,-0.1547377,0.4215302,0.5618104,-0.2734582,0.5848142,0.7350736,-0.2758748,0.4540246,0.9881952,-0.1173452,1.05739,0.8536707,-0.2942993,0.2876814,1.414322,True,0,1,17
6/25/2025 12:09:53 PM,1750846193469,Right,-0.2288459,0.6227778,0.7787942,-0.1547377,0.4215302,0.5618104,-0.2794233,0.5905297,0.7480175,-0.2928898,0.4705889,1.027523,-0.1229925,1.069836,0.8574053,-0.331084,0.3418523,1.444861,True,0,1,17
6/25/2025 12:09:53 PM,1750846193483,Right,-0.2354957,0.6280121,0.7841318,-0.1547377,0.4215302,0.5618104,-0.2830142,0.5946014,0.75329,-0.3046061,0.482649,1.045195,-0.1260722,1.075991,0.8595501,-0.3549436,0.3731322,1.457476,True,0,1,17
6/25/2025 12:09:53 PM,1750846193497,Right,-0.241086,0.6351882,0.7902648,-0.1547377,0.4215302,0.5618104,-0.2856034,0.5986403,0.7582052,-0.3175999,0.4958103,1.063568,-0.1289696,1.082092,0.8613616,-0.3814605,0.4065045,1.468132,True,0,1,17
6/25/2025 12:09:53 PM,1750846193524,Right,-0.2521774,0.6467763,0.8020466,-0.3346958,0.558825,1.126034,-0.2926629,0.6058728,0.7682642,-0.3487173,0.5242301,1.099736,-0.1351371,1.093942,0.8637532,-0.4377843,0.4739541,1.483552,True,0,1,17
6/25/2025 12:09:53 PM,1750846193538,Right,-0.2574787,0.6529122,0.8081902,-0.3575537,0.5774525,1.1327,-0.2956094,0.6116579,0.7737118,-0.3647602,0.5391797,1.10686,-0.1382563,1.099693,0.8642908,-0.4689781,0.4998588,1.486133,True,0,1,17
6/25/2025 12:09:53 PM,1750846193566,Right,-0.2698212,0.6660279,0.818741,-0.394854,0.6037353,1.140052,-0.3041904,0.6211417,0.7849675,-0.3981223,0.564314,1.117568,-0.1447775,1.110703,0.8653976,-0.5304285,0.5426427,1.486932,True,0,1,17
6/25/2025 12:09:53 PM,1750846193579,Right,-0.2779329,0.6734696,0.8232797,-0.4150756,0.6166047,1.141349,-0.308197,0.6273177,0.790169,-0.4165807,0.5767964,1.120077,-0.1480222,1.11588,0.8659073,-0.5657196,0.5614018,1.482583,True,0,1,17
6/25/2025 12:09:53 PM,1750846193607,Right,-0.2938626,0.6899164,0.832392,-0.4562405,0.6394639,1.138942,-0.317862,0.6391972,0.799158,-0.4513218,0.5985088,1.120696,-0.1549559,1.125491,0.866522,-0.6310734,0.5912837,1.469757,True,0,1,17
6/25/2025 12:09:53 PM,1750846193622,Right,-0.3027852,0.6994228,0.8361987,-0.4771594,0.6520907,1.134714,-0.3224127,0.6464741,0.8048987,-0.4690386,0.6091868,1.119332,-0.1583143,1.12985,0.8661777,-0.6661924,0.6034638,1.460693,True,0,1,17
6/25/2025 12:09:53 PM,1750846193636,Right,-0.312157,0.7083722,0.839332,-0.4986666,0.6634855,1.131428,-0.3278896,0.6534396,0.8096799,-0.487135,0.6203109,1.118917,-0.1619852,1.133996,0.8657161,-0.6988991,0.61753,1.450899,True,0,1,17
6/25/2025 12:09:53 PM,1750846193663,Right,-0.3327616,0.7285926,0.8436853,-0.5431172,0.6883544,1.120377,-0.3394992,0.6680547,0.8169286,-0.5275118,0.6404791,1.110635,-0.1683183,1.141592,0.8642703,-0.772877,0.6384116,1.418098,True,0,1,17
6/25/2025 12:09:53 PM,1750846193677,Right,-0.3436492,0.7380303,0.8449954,-0.5659344,0.700148,1.113433,-0.3474196,0.6741711,0.8181629,-0.5483773,0.6490254,1.104206,-0.1714838,1.145425,0.8634979,-0.8076402,0.647221,1.399171,True,0,1,17
6/25/2025 12:09:53 PM,1750846193705,Right,-0.3655296,0.7573105,0.8436014,-0.6114451,0.7223781,1.091104,-0.3614692,0.6909185,0.8200581,-0.5904371,0.6683056,1.084554,-0.1775079,1.152988,0.8622123,-0.8802169,0.6633751,1.349437,True,0,1,17
6/25/2025 12:09:53 PM,1750846193719,Right,-0.3769187,0.7659656,0.8424481,-0.6343037,0.7324098,1.078782,-0.3695244,0.6999767,0.8208383,-0.6113795,0.6769381,1.074091,-0.1803343,1.156848,0.8616406,-0.9140569,0.6693358,1.323477,True,0,1,17
6/25/2025 12:09:53 PM,1750846193747,Right,-0.3992944,0.7820261,0.8323846,-0.6781343,0.7509294,1.045925,-0.3864639,0.7192025,0.8261435,-0.6566463,0.6968859,1.051387,-0.1851203,1.164517,0.8597361,-0.9855108,0.6829988,1.261955,True,0,1,17
6/25/2025 12:09:53 PM,1750846193760,Right,-0.4112352,0.7906801,0.8272958,-0.7006536,0.759241,1.027878,-0.3960361,0.7282761,0.8255677,-0.6779766,0.7043448,1.037262,-0.1872556,1.168107,0.858502,-1.016527,0.6855813,1.229632,True,0,1,17
6/25/2025 12:09:53 PM,1750846193788,Right,-0.4342844,0.8063374,0.8139812,-0.7407387,0.7745534,0.9896967,-0.4144868,0.7408004,0.8196316,-0.7178373,0.7176509,1.001647,-0.1912564,1.175421,0.8561088,-1.073434,0.6931764,1.156708,True,0,1,17
6/25/2025 12:09:53 PM,1750846193802,Right,-0.4451399,0.8132041,0.8066939,-0.7605793,0.7807854,0.9683539,-0.4249644,0.7495413,0.815435,-0.7384782,0.722786,0.9814076,-0.193099,1.178992,0.8552667,-1.100392,0.6922509,1.116459,True,0,1,17
6/25/2025 12:09:53 PM,1750846193816,Right,-0.4549003,0.8181965,0.7984264,-0.7798367,0.785088,0.9433298,-0.4356394,0.7568483,0.8098977,-0.7592252,0.7284936,0.9582242,-0.1947565,1.182382,0.8544458,-1.126739,0.6945707,1.071821,True,0,1,17
6/25/2025 12:09:53 PM,1750846193844,Right,-0.4758048,0.829148,0.7743741,-0.8167881,0.7870657,0.8984226,-0.4557196,0.7709943,0.7962368,-0.8020467,0.74151,0.9074258,-0.1975996,1.188548,0.8517941,-1.172559,0.7039746,0.9744217,True,0,1,17
6/25/2025 12:09:53 PM,1750846193858,Right,-0.4853677,0.8340304,0.763607,-0.8365586,0.7858918,0.8753178,-0.4653169,0.7767683,0.7873361,-0.8245753,0.7499462,0.8767101,-0.1989281,1.1911,0.8502427,-1.192811,0.7144594,0.9176084,True,0,1,17
6/25/2025 12:09:53 PM,1750846193885,Right,-0.5040064,0.8433856,0.7382979,-0.8745801,0.7772796,0.8307736,-0.4828847,0.782923,0.7684576,-0.8672805,0.7650908,0.8097177,-0.2017181,1.196026,0.8472821,-1.222462,0.7362118,0.7991851,True,0,1,17
6/25/2025 12:09:53 PM,1750846193899,Right,-0.5105764,0.8467208,0.7251837,-0.8936979,0.7696413,0.8081319,-0.4912711,0.7864456,0.7582124,-0.8896856,0.7753846,0.772061,-0.203007,1.198206,0.846048,-1.231815,0.7518086,0.7359589,True,0,1,17
6/25/2025 12:09:53 PM,1750846193926,Right,-0.5214707,0.8506572,0.7002711,-0.9236352,0.7527573,0.7720073,-0.5048997,0.791714,0.7367204,-0.9241548,0.7729652,0.7143404,-0.2050774,1.201883,0.8434385,-1.239864,0.7423382,0.6501796,True,0,1,17
6/25/2025 12:09:53 PM,1750846193941,Right,-0.5244339,0.851177,0.6882909,-0.9236352,0.7527573,0.7720073,-0.5094365,0.794398,0.7248729,-0.9266891,0.7726629,0.6854545,-0.2061493,1.203219,0.8419851,-1.239878,0.7396008,0.6084561,True,0,1,17
6/25/2025 12:09:53 PM,1750846193968,Right,-0.5303781,0.852843,0.6677877,-0.9236352,0.7527573,0.7720073,-0.516414,0.7969645,0.706283,-0.9278878,0.7679231,0.6329421,-0.2081846,1.205431,0.838303,-1.233768,0.7284294,0.5307647,True,0,1,17
6/25/2025 12:09:53 PM,1750846193983,Right,-0.5320557,0.8531323,0.6579808,-0.9236352,0.7527573,0.7720073,-0.5187794,0.797843,0.6978247,-0.9278684,0.7655463,0.6085688,-0.209399,1.206192,0.8362538,-1.228329,0.7243293,0.4947596,False,0,1,17
6/25/2025 12:09:53 PM,1750846193996,Right,-0.5333005,0.8531698,0.6500199,-0.8822767,0.7740033,0.6213302,-0.5205805,0.7975333,0.6875749,-0.8698736,0.7270737,0.6407524,-0.21071,1.206636,0.8345586,-1.230148,0.6351917,0.5452412,False,0,1,17
6/25/2025 12:09:54 PM,1750846194024,Right,-0.534573,0.8497834,0.6397021,-0.8796287,0.7663263,0.5895833,-0.5224831,0.7940498,0.6717335,-0.8666745,0.7175427,0.6066118,-0.2129407,1.207491,0.8312093,-1.22055,0.6196612,0.491758,False,0,1,17
6/25/2025 12:09:54 PM,1750846194037,Right,-0.5352988,0.8482193,0.6338355,-0.8774259,0.7623372,0.5727637,-0.5227102,0.7913142,0.6662994,-0.8645557,0.7138599,0.5933649,-0.2139559,1.207792,0.8294712,-1.216177,0.6167142,0.469529,False,0,1,17
6/25/2025 12:09:54 PM,1750846194066,Right,-0.5353789,0.845733,0.6218509,-0.8737665,0.7546678,0.5485978,-0.5223712,0.7857633,0.6546999,-0.8601099,0.7056122,0.5671142,-0.2157238,1.208337,0.8259903,-1.205507,0.6070887,0.4277602,False,0,1,17
6/25/2025 12:09:54 PM,1750846194080,Right,-0.5340185,0.8419382,0.6170549,-0.8714792,0.750792,0.540644,-0.5218952,0.7828713,0.6511327,-0.8583753,0.702238,0.5599812,-0.2163072,1.208463,0.824205,-1.202429,0.6041092,0.4165728,False,0,1,17
6/25/2025 12:09:54 PM,1750846194108,Right,-0.5305172,0.8338943,0.6101412,-0.8665079,0.743494,0.5307378,-0.5185909,0.7769006,0.6451688,-0.8519462,0.6942134,0.5480857,-0.2167983,1.208304,0.8207179,-1.19359,0.5943336,0.397893,False,0,1,17
6/25/2025 12:09:54 PM,1750846194121,Right,-0.528517,0.8308294,0.6096721,-0.8639037,0.7401364,0.5302119,-0.5159377,0.7736398,0.6438551,-0.849464,0.6910733,0.5490487,-0.2165608,1.208136,0.8191603,-1.192607,0.5916184,0.4007781,False,0,1,17
6/25/2025 12:09:54 PM,1750846194135,Right,-0.5262048,0.8277589,0.6091598,-0.8612651,0.7367462,0.5300907,-0.5132199,0.7698964,0.6426662,-0.8451222,0.6861293,0.5444838,-0.2161734,1.207813,0.8174545,-1.186607,0.58521,0.3925849,False,0,1,17
6/25/2025 12:09:54 PM,1750846194163,Right,-0.5197864,0.8220643,0.611529,-0.8557682,0.730333,0.5395895,-0.5050824,0.7632277,0.6432695,-0.8402797,0.6812526,0.5571933,-0.2151194,1.207109,0.8135363,-1.188024,0.5824344,0.4174265,False,0,1,17
6/25/2025 12:09:54 PM,1750846194177,Right,-0.5167808,0.8197691,0.6133447,-0.8529842,0.727051,0.5454417,-0.5006607,0.7602115,0.6440205,-0.8351092,0.6769481,0.5576475,-0.2143681,1.206749,0.8113023,-1.182577,0.5764827,0.417449,False,0,1,17
6/25/2025 12:09:54 PM,1750846194205,Right,-0.5092274,0.8148854,0.6185174,-0.8470426,0.7201318,0.5652758,-0.4907376,0.7544056,0.6480395,-0.8294918,0.6720743,0.5817281,-0.2124789,1.206258,0.8069743,-1.185384,0.572643,0.4622187,False,0,1,17
6/25/2025 12:09:54 PM,1750846194218,Right,-0.5046906,0.8119357,0.6211507,-0.8435893,0.7167972,0.5763518,-0.4853447,0.7517434,0.6505589,-0.824223,0.6684779,0.5862909,-0.2107909,1.205988,0.8049835,-1.180564,0.5679324,0.468944,False,0,1,17
6/25/2025 12:09:54 PM,1750846194247,Right,-0.4934481,0.8057137,0.6272393,-0.8349169,0.7107486,0.6037635,-0.4729311,0.7461833,0.6553234,-0.8163781,0.6643974,0.6165844,-0.2072875,1.205668,0.801432,-1.180659,0.5657248,0.5262648,False,0,1,17
6/25/2025 12:09:54 PM,1750846194261,Right,-0.4871743,0.801766,0.6305059,-0.8299761,0.7078602,0.6181998,-0.4663457,0.7442827,0.6585598,-0.8105658,0.6621392,0.6236969,-0.2051401,1.205507,0.799632,-1.175357,0.5632643,0.5375848,False,0,1,17
6/25/2025 12:09:54 PM,1750846194288,Right,-0.4760454,0.7962428,0.6381769,-0.8179775,0.7026131,0.6504549,-0.4536033,0.737954,0.6636768,-0.7992092,0.6581315,0.6603413,-0.2004519,1.20502,0.7957786,-1.17153,0.5602163,0.6080887,False,0,1,17
6/25/2025 12:09:54 PM,1750846194302,Right,-0.4698159,0.7931514,0.642325,-0.8113268,0.7003012,0.667149,-0.4466806,0.7348298,0.6666669,-0.7924066,0.6553741,0.6696489,-0.197963,1.204783,0.7938243,-1.165551,0.5572457,0.6243644,False,0,1,17
6/25/2025 12:09:54 PM,1750846194316,Right,-0.4630811,0.7894121,0.6468209,-0.8046895,0.6990984,0.6847236,-0.439144,0.7316942,0.6698701,-0.7855941,0.6549705,0.6882263,-0.1953919,1.20447,0.7917448,-1.16056,0.5597816,0.6595919,False,0,1,17
6/25/2025 12:09:54 PM,1750846194343,Right,-0.4493613,0.7831228,0.6555817,-0.7866611,0.694703,0.7194036,-0.4242491,0.7257632,0.6740012,-0.7680531,0.6518824,0.7185977,-0.1895666,1.204002,0.7880284,-1.145527,0.5588906,0.7188554,False,0,1,17
6/25/2025 12:09:54 PM,1750846194357,Right,-0.4421322,0.780286,0.6598161,-0.7767534,0.6931775,0.7378536,-0.4165097,0.723222,0.6765052,-0.7581193,0.6516105,0.7381489,-0.1867549,1.203771,0.78642,-1.135812,0.5613502,0.7571413,False,0,1,17
6/25/2025 12:09:54 PM,1750846194385,Right,-0.4275747,0.7736898,0.669193,-0.755814,0.6911096,0.7738748,-0.4011545,0.7174503,0.6826431,-0.7377544,0.6493211,0.7695571,-0.1812749,1.203109,0.7833396,-1.114249,0.5636342,0.816571,False,0,1,17
6/25/2025 12:09:54 PM,1750846194399,Right,-0.4188608,0.7700249,0.6743202,-0.7446636,0.6882638,0.791809,-0.3929206,0.7139734,0.6846931,-0.7274604,0.6494899,0.7871902,-0.1782742,1.202632,0.781921,-1.101229,0.5694807,0.8505887,False,0,1,17
6/25/2025 12:09:54 PM,1750846194427,Right,-0.4015965,0.7634035,0.6842052,-0.7220351,0.6801081,0.8254436,-0.3771479,0.7070364,0.6875582,-0.7087788,0.6488216,0.8144543,-0.1724761,1.201123,0.7795812,-1.075675,0.5797585,0.9019403,False,0,1,17
6/25/2025 12:09:54 PM,1750846194441,Right,-0.3918291,0.760844,0.6883981,-0.7098923,0.6745287,0.8421887,-0.3681804,0.7038633,0.6896531,-0.6984326,0.6499112,0.8316135,-0.1697648,1.200107,0.7785369,-1.059454,0.5890133,0.9326571,False,0,1,17
6/25/2025 12:09:54 PM,1750846194469,Right,-0.3728703,0.7544477,0.6975896,-0.6899493,0.6636739,0.8680025,-0.3526517,0.6973721,0.6891507,-0.6802148,0.6494929,0.8564138,-0.1645253,1.197726,0.7762138,-1.028964,0.6021707,0.9783548,False,0,1,17
6/25/2025 12:09:54 PM,1750846194483,Right,-0.3629228,0.7502941,0.7004723,-0.6899493,0.6636739,0.8680025,-0.3445799,0.6945024,0.6877792,-0.671443,0.6502385,0.8704984,-0.1617124,1.196343,0.7750527,-1.010856,0.613142,1.003305,False,0,1,17
6/25/2025 12:09:54 PM,1750846194496,Right,-0.3518133,0.7470134,0.7026482,-0.6899493,0.6636739,0.8680025,-0.3369241,0.6913761,0.6856486,-0.6643625,0.651873,0.8842559,-0.1588093,1.194988,0.7740146,-0.9925496,0.6265461,1.026313,False,0,1,17
6/25/2025 12:09:54 PM,1750846194525,Right,-0.3305137,0.7404018,0.7049718,-0.6011323,0.6583673,0.9140516,-0.3225419,0.6860592,0.6780803,-0.5878431,0.6230397,0.899471,-0.1529198,1.191912,0.7728411,-0.9137068,0.5721812,1.111273,False,0,1,17
6/25/2025 12:09:54 PM,1750846194538,Right,-0.3196881,0.736989,0.703998,-0.5855417,0.6549333,0.9222425,-0.3171373,0.6854869,0.6722463,-0.5722848,0.6216962,0.9082352,-0.150023,1.190362,0.7722946,-0.8843976,0.575648,1.137275,False,0,1,17
6/25/2025 12:09:54 PM,1750846194566,Right,-0.297218,0.7279294,0.698866,-0.5433362,0.6424927,0.9369538,-0.3080667,0.682677,0.6585817,-0.5386447,0.6138885,0.9166354,-0.1443516,1.187476,0.7714056,-0.8252043,0.5682422,1.177787,False,0,1,17
6/25/2025 12:09:54 PM,1750846194579,Right,-0.2858831,0.7238768,0.694227,-0.5227362,0.6368264,0.940044,-0.3051432,0.6792484,0.6502367,-0.5194172,0.6081462,0.9206192,-0.1414404,1.18613,0.7711726,-0.7879279,0.5637521,1.201308,False,0,1,17
6/25/2025 12:09:54 PM,1750846194607,Right,-0.2689518,0.7159,0.6779376,-0.481809,0.622589,0.9402255,-0.2962487,0.6763911,0.6321786,-0.4825087,0.5960109,0.9179202,-0.1351788,1.183398,0.7715932,-0.7201275,0.545174,1.226492,False,0,1,17
6/25/2025 12:09:54 PM,1750846194622,Right,-0.2628754,0.7103819,0.6659229,-0.4607449,0.6134274,0.9369475,-0.2919365,0.6764737,0.6212541,-0.4606992,0.5894089,0.9143996,-0.1321924,1.181634,0.7721754,-0.6783817,0.5325593,1.237735,False,0,1,17
6/25/2025 12:09:54 PM,1750846194636,Right,-0.2555383,0.7062649,0.6533849,-0.4399095,0.6038653,0.9315628,-0.2875328,0.6759296,0.6104612,-0.4459766,0.5829402,0.9075512,-0.1296015,1.17973,0.7728125,-0.6507677,0.5206094,1.238184,False,0,1,17
6/25/2025 12:09:54 PM,1750846194664,Right,-0.2408278,0.6995641,0.6273371,-0.3984154,0.5836824,0.9158031,-0.2802916,0.6755294,0.5852853,-0.4049311,0.5677198,0.8923426,-0.1251669,1.175341,0.7738067,-0.5694851,0.4898553,1.242547,False,0,1,17
6/25/2025 12:09:54 PM,1750846194677,Right,-0.2333054,0.6964775,0.6127949,-0.3769757,0.5729757,0.9059535,-0.2741848,0.6759669,0.5731787,-0.3882678,0.5609375,0.8822316,-0.123026,1.172786,0.7742287,-0.5395651,0.4755383,1.236128,False,0,1,17
6/25/2025 12:09:54 PM,1750846194705,Right,-0.2163052,0.6952346,0.5829075,-0.3365842,0.5534087,0.8794923,-0.2647637,0.6738541,0.5455256,-0.3487277,0.5429467,0.8589835,-0.1189172,1.166828,0.7762648,-0.4629477,0.4407462,1.221162,False,0,1,17
6/25/2025 12:09:54 PM,1750846194719,Right,-0.2090443,0.6942441,0.5668555,-0.3186297,0.5424936,0.864828,-0.2597862,0.6745028,0.5309969,-0.3338952,0.5354982,0.8464937,-0.1170213,1.163388,0.777867,-0.4345072,0.426546,1.20782,False,0,1,17
6/25/2025 12:09:54 PM,1750846194747,Right,-0.1953543,0.6944808,0.5342392,-0.2818226,0.5237679,0.8309081,-0.2501776,0.6782577,0.5010679,-0.2970815,0.5204437,0.81327,-0.1133862,1.155739,0.7810036,-0.3651552,0.3904239,1.174887,False,0,1,17
6/25/2025 12:09:54 PM,1750846194761,Right,-0.1881383,0.6962251,0.5168725,-0.2639549,0.5149136,0.811141,-0.2454948,0.680874,0.4859092,-0.2817988,0.5139696,0.7953486,-0.111886,1.151727,0.7824396,-0.3367101,0.3740806,1.154981,False,0,1,17
6/25/2025 12:09:54 PM,1750846194788,Right,-0.1784388,0.6997606,0.4844922,-0.232512,0.4989485,0.7720997,-0.2393895,0.685859,0.4576145,-0.2532872,0.500239,0.7596778,-0.1096747,1.143031,0.785745,-0.2807915,0.3402434,1.112546,False,0,1,17
6/25/2025 12:09:54 PM,1750846194802,Right,-0.1753106,0.6993927,0.4688994,-0.2175336,0.4912247,0.7514719,-0.2360316,0.689176,0.4432637,-0.2401496,0.4952499,0.7387393,-0.1083634,1.138555,0.7875262,-0.2555642,0.3240314,1.088545,False,0,1,17
6/25/2025 12:09:54 PM,1750846194816,Right,-0.1689107,0.7039469,0.4533441,-0.2051837,0.4852389,0.7303516,-0.2335151,0.692382,0.4302276,-0.2287498,0.4893411,0.7210131,-0.1070125,1.134052,0.789343,-0.2326837,0.3090099,1.065149,False,0,1,17
6/25/2025 12:09:54 PM,1750846194843,Right,-0.1627455,0.7095434,0.4256185,-0.1830195,0.4743629,0.6918593,-0.2292031,0.6985913,0.405607,-0.2098571,0.4793546,0.6850841,-0.1042225,1.124085,0.79364,-0.1937591,0.2815298,1.017901,False,0,1,17
6/25/2025 12:09:54 PM,1750846194858,Right,-0.1598072,0.7108424,0.4130026,-0.1752127,0.4705653,0.670489,-0.228153,0.7003262,0.3943141,-0.2025095,0.4757302,0.6648552,-0.1029187,1.118902,0.7955805,-0.1774777,0.2671516,0.994224,False,0,1,17
6/25/2025 12:09:54 PM,1750846194885,Right,-0.153827,0.712795,0.3928375,-0.1612097,0.4609394,0.6370826,-0.2244347,0.7047791,0.3763577,-0.1887336,0.4683322,0.6332164,-0.1007409,1.108821,0.7985598,-0.1497701,0.2429415,0.9518846,False,0,1,17
6/25/2025 12:09:54 PM,1750846194899,Right,-0.1525479,0.7133771,0.3849558,-0.1563771,0.4567434,0.6233619,-0.2255122,0.7052101,0.3681074,-0.1856542,0.4638841,0.6189061,-0.09951138,1.103963,0.7994481,-0.1411477,0.2314923,0.9325311,False,0,1,17
6/25/2025 12:09:54 PM,1750846194927,Right,-0.1510628,0.7140319,0.373879,-0.1493648,0.4469744,0.60159,-0.2250802,0.7065846,0.3575442,-0.1782214,0.4549632,0.597646,-0.0962019,1.094865,0.8013703,-0.1247252,0.2106595,0.8998424,False,0,1,17
6/25/2025 12:09:54 PM,1750846194941,Right,-0.1510977,0.713003,0.3713884,-0.1483669,0.441015,0.5940611,-0.2247598,0.7051692,0.3552489,-0.1763526,0.4494308,0.5914781,-0.09437549,1.09074,0.8026041,-0.1212003,0.200843,0.8891315,False,0,1,17
6/25/2025 12:09:54 PM,1750846194955,Right,-0.1515782,0.7111558,0.3706731,-0.1470519,0.4358961,0.5894254,-0.2261253,0.7038321,0.3553493,-0.176695,0.4447377,0.587847,-0.09284031,1.086784,0.8040849,-0.1205167,0.1920816,0.8817127,False,0,1,17
6/25/2025 12:09:54 PM,1750846194983,Right,-0.1526681,0.7054217,0.3727252,-0.1462895,0.424572,0.5838781,-0.2280001,0.6986718,0.3580952,-0.176336,0.4333967,0.5827348,-0.08998656,1.079344,0.8069514,-0.1171434,0.1726048,0.8690398,True,0,1,18
6/25/2025 12:09:54 PM,1750846194997,Right,-0.1538979,0.7006776,0.3769674,-0.1470366,0.4184796,0.585262,-0.2270424,0.6942116,0.3618158,-0.1763389,0.4276603,0.5842193,-0.08840775,1.075527,0.8081366,-0.1180387,0.1642197,0.8690898,True,0,1,18
6/25/2025 12:09:55 PM,1750846195025,Right,-0.1573023,0.6893478,0.3889741,-0.1502358,0.4044058,0.5935605,-0.2293281,0.6841338,0.3750269,-0.1782402,0.4136624,0.5925919,-0.08605409,1.067673,0.810052,-0.1192557,0.1452444,0.8726033,True,0,1,18
6/25/2025 12:09:55 PM,1750846195038,Right,-0.1604409,0.6820842,0.3986003,-0.1523139,0.3966915,0.6025912,-0.2326491,0.6765878,0.3843526,-0.1817079,0.4059578,0.6018228,-0.08536315,1.063562,0.8107258,-0.1228283,0.1374182,0.8816811,True,0,1,18
6/25/2025 12:09:55 PM,1750846195067,Right,-0.167676,0.6664112,0.421612,-0.1564415,0.3822216,0.6250451,-0.2387392,0.6607966,0.4077299,-0.1867882,0.3900721,0.6229222,-0.08391929,1.055531,0.8115348,-0.1259201,0.1193349,0.901887,True,0,1,18
6/25/2025 12:09:55 PM,1750846195080,Right,-0.172362,0.6574026,0.4370124,-0.1600729,0.3739468,0.6401299,-0.2409423,0.6531125,0.4237418,-0.1891233,0.3836187,0.6393172,-0.08361685,1.051636,0.8117615,-0.12795,0.1131911,0.9195418,True,0,1,18
6/25/2025 12:09:55 PM,1750846195108,Right,-0.1806537,0.637763,0.4687026,-0.1634277,0.3620382,0.6738023,-0.2463565,0.6343148,0.4560165,-0.1943539,0.3701851,0.6705226,-0.08307195,1.044754,0.8116947,-0.1308315,0.09835136,0.9555136,True,0,1,18
6/25/2025 12:09:55 PM,1750846195122,Right,-0.1834867,0.6262246,0.4871939,-0.1646564,0.3565421,0.6942063,-0.2488502,0.6236094,0.4740351,-0.1971122,0.3649702,0.6896857,-0.08286977,1.041536,0.811721,-0.1326214,0.09422147,0.9803349,True,0,1,18
6/25/2025 12:09:55 PM,1750846195136,Right,-0.1860879,0.6160688,0.5050297,-0.1659892,0.3517597,0.7144418,-0.2515268,0.6135666,0.4921171,-0.1995018,0.3579761,0.7070621,-0.08252931,1.038474,0.8119894,-0.1335035,0.08652669,1.000447,True,0,1,18
6/25/2025 12:09:55 PM,1750846195164,Right,-0.1908992,0.5986093,0.5446936,-0.1696152,0.3455183,0.7608445,-0.2581806,0.5952106,0.5310816,-0.2057721,0.3513363,0.7526729,-0.08141351,1.032837,0.8129226,-0.1380261,0.08830714,1.059013,True,0,1,18
6/25/2025 12:09:55 PM,1750846195177,Right,-0.1931256,0.5918825,0.5648329,-0.1725346,0.3430237,0.7855042,-0.261694,0.5862955,0.5509889,-0.2084233,0.345611,0.7750543,-0.08102465,1.030471,0.8135196,-0.1394234,0.08606887,1.084771,True,0,1,18
6/25/2025 12:09:55 PM,1750846195206,Right,-0.2009134,0.5799873,0.6051292,-0.1766355,0.3466162,0.8373784,-0.2684392,0.5755123,0.5906111,-0.2150495,0.348808,0.8247123,-0.08116865,1.026212,0.8152705,-0.1465788,0.1036265,1.149694,True,0,1,18
6/25/2025 12:09:55 PM,1750846195219,Right,-0.2039255,0.5783753,0.6249797,-0.1808287,0.3496687,0.8638025,-0.2715656,0.5710713,0.6106184,-0.2176614,0.3481634,0.8482438,-0.08205247,1.024874,0.8160161,-0.1491218,0.1082162,1.177075,True,0,1,18
6/25/2025 12:09:55 PM,1750846195247,Right,-0.2086593,0.5778029,0.6618809,-0.1897587,0.3592969,0.9136378,-0.2768493,0.5676139,0.6452875,-0.2239035,0.3567607,0.8986224,-0.08422112,1.023786,0.8172289,-0.1606446,0.1385134,1.238979,True,0,1,18
6/25/2025 12:09:55 PM,1750846195261,Right,-0.2105868,0.5796198,0.6799204,-0.1949981,0.3674567,0.9372079,-0.2782492,0.5674198,0.6624818,-0.2261098,0.3611892,0.9194914,-0.08602953,1.024737,0.818288,-0.1647819,0.1487268,1.264081,True,0,1,18
6/25/2025 12:09:55 PM,1750846195275,Right,-0.210939,0.5819172,0.697574,-0.2008098,0.3762916,0.9603957,-0.278881,0.5694957,0.6778795,-0.2300646,0.3703522,0.9413204,-0.0878098,1.026143,0.819707,-0.1745398,0.1674734,1.292364,True,0,1,18
6/25/2025 12:09:55 PM,1750846195303,Right,-0.2146546,0.5885474,0.7297513,-0.2149108,0.3962544,1.002953,-0.2808574,0.5735934,0.7069774,-0.2394482,0.3866712,0.9807309,-0.0915314,1.031556,0.8236836,-0.1955501,0.2000206,1.34201,True,0,1,18
6/25/2025 12:09:55 PM,1750846195316,Right,-0.216133,0.5938146,0.7449353,-0.2236914,0.4081108,1.023554,-0.2820521,0.5776955,0.7209756,-0.2467758,0.3977539,1.001168,-0.09319115,1.035686,0.8260185,-0.2120227,0.2211263,1.367547,True,0,1,18
6/25/2025 12:09:55 PM,1750846195344,Right,-0.2210598,0.6055314,0.7721916,-0.2429727,0.4327168,1.059221,-0.2860713,0.5838848,0.7471324,-0.2627346,0.4158815,1.036905,-0.09702539,1.044426,0.832213,-0.2460511,0.2553272,1.410871,True,0,1,18
6/25/2025 12:09:55 PM,1750846195358,Right,-0.2242295,0.6121495,0.7845225,-0.2550735,0.4460124,1.075407,-0.288228,0.588527,0.7573477,-0.273552,0.4276954,1.052378,-0.09914899,1.049515,0.8349363,-0.269451,0.276655,1.430017,True,0,1,18
6/25/2025 12:09:55 PM,1750846195386,Right,-0.2386377,0.6252456,0.8067618,-0.2834054,0.471633,1.101601,-0.2921168,0.5971796,0.7754828,-0.2937618,0.4495488,1.075685,-0.1037202,1.060845,0.8398715,-0.3131171,0.3127383,1.460138,True,0,1,18
6/25/2025 12:09:55 PM,1750846195399,Right,-0.244557,0.6322417,0.8162285,-0.299042,0.4842754,1.113886,-0.2953221,0.6013138,0.7841085,-0.3078631,0.4611228,1.090041,-0.1065412,1.067008,0.8425108,-0.3425593,0.3353405,1.474852,True,0,1,18
6/25/2025 12:09:55 PM,1750846195427,Right,-0.2527499,0.6454431,0.8310785,-0.3275565,0.511171,1.133306,-0.3006811,0.6087735,0.796551,-0.3335812,0.482677,1.109451,-0.1123084,1.079438,0.8480989,-0.3962823,0.3750887,1.49394,True,0,1,18
6/25/2025 12:09:55 PM,1750846195441,Right,-0.2576818,0.6529681,0.8375251,-0.3467219,0.5239258,1.14059,-0.3043799,0.6133727,0.8034339,-0.3512539,0.4948432,1.119753,-0.1149402,1.085623,0.8505617,-0.4315597,0.3975741,1.501543,True,0,1,18
6/25/2025 12:09:55 PM,1750846195455,Right,-0.2641207,0.6598966,0.8439224,-0.3638008,0.5358825,1.148714,-0.3031945,0.6160802,0.8096437,-0.3661522,0.5050444,1.128687,-0.1173673,1.09164,0.8526264,-0.4655243,0.4182211,1.505776,True,0,1,18
6/25/2025 12:09:55 PM,1750846195483,Right,-0.2768735,0.6738467,0.8562754,-0.4081032,0.5584356,1.154959,-0.3144429,0.626862,0.8197995,-0.4044588,0.5278562,1.138603,-0.1228487,1.103347,0.8567594,-0.5356574,0.4557462,1.506737,True,0,1,18
6/25/2025 12:09:55 PM,1750846195497,Right,-0.2846105,0.6826328,0.8621258,-0.4303382,0.570405,1.156793,-0.3223842,0.6331859,0.8233817,-0.4275272,0.5394998,1.140651,-0.126229,1.108992,0.8586475,-0.5759021,0.4738675,1.501944,True,0,1,18
6/25/2025 12:09:55 PM,1750846195525,Right,-0.3049758,0.6961338,0.8716087,-0.4763489,0.5916697,1.157337,-0.3363408,0.6475415,0.8297408,-0.469874,0.5622189,1.140666,-0.132766,1.119542,0.8618437,-0.6501439,0.5060525,1.48671,True,0,1,18
6/25/2025 12:09:55 PM,1750846195539,Right,-0.3166207,0.7042824,0.8748995,-0.5007772,0.6029751,1.154617,-0.342587,0.6532069,0.8324285,-0.4921268,0.5715811,1.137819,-0.1362343,1.124524,0.863284,-0.6907247,0.5187867,1.47339,True,0,1,18
6/25/2025 12:09:55 PM,1750846195566,Right,-0.3388133,0.722166,0.8790556,-0.548106,0.6225159,1.144727,-0.3578901,0.6643531,0.8385218,-0.5369849,0.589304,1.132592,-0.1437261,1.134019,0.8657562,-0.7669759,0.5426905,1.445108,True,0,1,18
6/25/2025 12:09:55 PM,1750846195580,Right,-0.3508816,0.7322479,0.8799319,-0.5725482,0.6335847,1.136826,-0.3656922,0.6698604,0.8413169,-0.5597296,0.5981265,1.127582,-0.1476591,1.138762,0.866938,-0.8060585,0.5534418,1.426658,True,0,1,18
6/25/2025 12:09:55 PM,1750846195608,Right,-0.3766522,0.7490551,0.8789643,-0.6198223,0.6540394,1.11776,-0.383095,0.6866245,0.843114,-0.604103,0.6182095,1.110655,-0.1558685,1.147945,0.8689538,-0.8794399,0.5741147,1.382635,True,0,1,18
6/25/2025 12:09:55 PM,1750846195622,Right,-0.3904858,0.7576661,0.8775264,-0.643502,0.6640125,1.1049,-0.3938709,0.6949651,0.8437277,-0.6270574,0.6268431,1.099503,-0.1601303,1.152599,0.8696562,-0.9167241,0.5809759,1.357275,True,0,1,18
6/25/2025 12:09:55 PM,1750846195636,Right,-0.4041707,0.7657211,0.8748747,-0.6669106,0.6729054,1.091729,-0.4044285,0.7023134,0.8423086,-0.6493061,0.634564,1.087344,-0.164416,1.157071,0.8703574,-0.950974,0.5875298,1.330379,True,0,1,18
6/25/2025 12:09:55 PM,1750846195663,Right,-0.4352915,0.7793739,0.860521,-0.7105144,0.6919063,1.059245,-0.4264466,0.7163001,0.8392359,-0.6905521,0.6499476,1.059913,-0.1731293,1.166107,0.8715228,-1.015936,0.598314,1.273611,True,0,1,18
6/25/2025 12:09:55 PM,1750846195678,Right,-0.4498546,0.7865919,0.8533252,-0.7330068,0.6995078,1.041352,-0.4366981,0.7231278,0.8367687,-0.7111579,0.6567937,1.044896,-0.1778007,1.170732,0.8716255,-1.046417,0.6026834,1.241536,True,0,1,18
6/25/2025 12:09:55 PM,1750846195706,Right,-0.4760481,0.7978174,0.8354708,-0.77368,0.717971,1.000856,-0.457746,0.7339681,0.8273449,-0.7502126,0.6720562,1.008657,-0.1875205,1.18023,0.871668,-1.10415,0.6165736,1.171555,True,0,1,18
6/25/2025 12:09:55 PM,1750846195720,Right,-0.4892545,0.803443,0.8247617,-0.7965026,0.7271876,0.9809915,-0.4692496,0.7393137,0.8212079,-0.7738212,0.6786829,0.9885754,-0.1925306,1.184989,0.8716882,-1.13328,0.6230045,1.130459,True,0,1,18
6/25/2025 12:09:55 PM,1750846195747,Right,-0.5114378,0.8130613,0.8018786,-0.8328812,0.7416105,0.9337259,-0.4909201,0.750149,0.806023,-0.8121188,0.6955519,0.9458468,-0.2021005,1.194598,0.8715152,-1.18179,0.6402076,1.05242,True,0,1,18
6/25/2025 12:09:55 PM,1750846195761,Right,-0.5219551,0.8169276,0.7892231,-0.8476737,0.749021,0.9074902,-0.5017717,0.7542285,0.7974803,-0.8291866,0.6985238,0.9222509,-0.2065961,1.199088,0.8706321,-1.202676,0.639317,1.01109,True,0,1,18
6/25/2025 12:09:55 PM,1750846195775,Right,-0.5315695,0.8196965,0.7757033,-0.8624383,0.7547005,0.8814603,-0.5109803,0.7555294,0.787683,-0.8422873,0.7024165,0.8982528,-0.211252,1.203509,0.8697392,-1.22058,0.6429903,0.9718104,True,0,1,18
6/25/2025 12:09:55 PM,1750846195803,Right,-0.5486429,0.8247647,0.747641,-0.8873571,0.7663016,0.8272424,-0.529632,0.7627053,0.7682343,-0.8690461,0.7105697,0.8486834,-0.2201428,1.21164,0.8675719,-1.252321,0.6471741,0.8885412,True,0,1,18
6/25/2025 12:09:55 PM,1750846195817,Right,-0.5561591,0.8277004,0.7316949,-0.8994756,0.7704841,0.7976058,-0.5389279,0.7665471,0.7573993,-0.8837834,0.717576,0.8206084,-0.2244537,1.215526,0.866099,-1.267555,0.6559044,0.8408322,True,0,1,18
6/25/2025 12:09:55 PM,1750846195845,Right,-0.570232,0.8341549,0.7022781,-0.9194857,0.7779406,0.7419147,-0.5566037,0.7733037,0.7346434,-0.907892,0.7258753,0.7651928,-0.2323782,1.222524,0.8626596,-1.289828,0.6626008,0.7497271,True,0,1,18
6/25/2025 12:09:55 PM,1750846195859,Right,-0.5783321,0.8394725,0.6879244,-0.9278932,0.7822833,0.7123982,-0.5655736,0.7786931,0.7199443,-0.9170059,0.7316246,0.7362658,-0.2362721,1.225562,0.8611089,-1.298688,0.6671424,0.7058087,True,0,1,18
6/25/2025 12:09:55 PM,1750846195886,Right,-0.5901461,0.8453724,0.6564779,-0.9403189,0.7901623,0.6553143,-0.5808879,0.7866979,0.690605,-0.9328598,0.7385404,0.6795275,-0.2435656,1.230613,0.8583375,-1.310083,0.6708878,0.6201572,True,0,1,18
6/25/2025 12:09:55 PM,1750846195900,Right,-0.5958922,0.8477486,0.640367,-0.9459856,0.793314,0.6263919,-0.5863438,0.7891728,0.6749575,-0.9366655,0.7401437,0.6515291,-0.2472483,1.232358,0.8566843,-1.312248,0.6711352,0.5788833,True,0,1,18
6/25/2025 12:09:55 PM,1750846195928,Right,-0.6042852,0.8540637,0.6113392,-0.9515232,0.7985036,0.5733961,-0.598145,0.7929205,0.6458527,-0.9455588,0.7413012,0.5981867,-0.2547534,1.234652,0.8522903,-1.314559,0.6677296,0.5003243,True,0,1,18
6/25/2025 12:09:55 PM,1750846195942,Right,-0.6080606,0.8556187,0.5965542,-0.9535873,0.8004928,0.5468816,-0.602379,0.7963776,0.6337524,-0.9468243,0.7428263,0.5756823,-0.2585025,1.235193,0.8500177,-1.313212,0.6664695,0.4665985,False,0,1,18
6/25/2025 12:09:55 PM,1750846195956,Right,-0.6106337,0.8588293,0.5841184,-0.9541516,0.8011616,0.5233659,-0.6063785,0.7984744,0.6218905,-0.9485325,0.7438825,0.5515262,-0.2621002,1.235448,0.8479186,-1.310459,0.6672204,0.4291641,False,0,1,18
6/25/2025 12:09:55 PM,1750846195983,Right,-0.6157828,0.8649901,0.5611588,-0.9508173,0.8015478,0.4770479,-0.6131981,0.8033802,0.5991119,-0.947436,0.7420809,0.5099099,-0.2689855,1.235587,0.8441631,-1.302225,0.6576381,0.3665138,False,0,1,18
6/25/2025 12:09:55 PM,1750846195997,Right,-0.6178305,0.868094,0.5514064,-0.9496474,0.8033394,0.4571322,-0.615564,0.8064426,0.5894476,-0.9465768,0.7433456,0.4911051,-0.2725866,1.235428,0.8424326,-1.297107,0.6575322,0.3376036,False,0,1,18
6/25/2025 12:09:56 PM,1750846196025,Right,-0.6209446,0.8724749,0.5366235,-0.9486308,0.8059906,0.4258835,-0.6196843,0.8110957,0.5725929,-0.9450881,0.7456889,0.4547772,-0.2796046,1.235444,0.8387381,-1.284459,0.6579524,0.2815234,False,0,1,18
6/25/2025 12:09:56 PM,1750846196039,Right,-0.6220058,0.8743079,0.5300114,-0.9468812,0.8073252,0.4118639,-0.6215047,0.8129234,0.5660247,-0.9440286,0.7466066,0.4412619,-0.2824242,1.235207,0.837041,-1.279429,0.658095,0.2606332,False,0,1,18
6/25/2025 12:09:56 PM,1750846196067,Right,-0.623338,0.8765343,0.5182168,-0.94249,0.8088452,0.3875096,-0.6231908,0.8151286,0.5538849,-0.939079,0.7456287,0.4163553,-0.2876384,1.234732,0.8334252,-1.266482,0.6533918,0.2220441,False,0,1,18
6/25/2025 12:09:56 PM,1750846196081,Right,-0.6234398,0.876097,0.5133747,-0.940349,0.8084196,0.3777204,-0.6231862,0.8147937,0.5481768,-0.9373092,0.745163,0.4071282,-0.2897887,1.23462,0.8316051,-1.262586,0.6529066,0.2089706,False,0,1,18
6/25/2025 12:09:56 PM,1750846196108,Right,-0.6232569,0.8744076,0.5055772,-0.9321424,0.8053869,0.3619439,-0.6232236,0.8131413,0.5398825,-0.9306358,0.7383623,0.3957143,-0.2928715,1.234362,0.8272632,-1.25434,0.6391373,0.1912934,False,0,1,18
6/25/2025 12:09:56 PM,1750846196122,Right,-0.6229916,0.8727925,0.5030954,-0.9300544,0.8030329,0.3567114,-0.6225212,0.8116305,0.5368007,-0.9290084,0.7366566,0.3916469,-0.2937855,1.234306,0.8251866,-1.25223,0.6377469,0.1856149,False,0,1,18
6/25/2025 12:09:56 PM,1750846196136,Right,-0.6225168,0.8709459,0.5013822,-0.9287044,0.8010343,0.3531958,-0.6220677,0.8100518,0.5342971,-0.925822,0.7336743,0.3849888,-0.2939847,1.234252,0.8231336,-1.245923,0.6331619,0.1742759,False,0,1,18
6/25/2025 12:09:56 PM,1750846196164,Right,-0.6215039,0.8671225,0.4999081,-0.9264786,0.7962589,0.3494571,-0.620116,0.8044701,0.5321276,-0.924948,0.7293321,0.3834626,-0.2940612,1.23405,0.8192946,-1.245795,0.6316885,0.173279,False,0,1,18
6/25/2025 12:09:56 PM,1750846196178,Right,-0.6209239,0.8647518,0.5005066,-0.9254817,0.7933019,0.3502461,-0.6189709,0.8017535,0.5318271,-0.9220287,0.7256362,0.3806924,-0.2934446,1.233933,0.817392,-1.240971,0.6267539,0.1676967,False,0,1,18
6/25/2025 12:09:56 PM,1750846196205,Right,-0.6193594,0.8596989,0.503411,-0.9255609,0.7867857,0.3547961,-0.6160716,0.7963878,0.534492,-0.9225417,0.721503,0.3875187,-0.2913953,1.234006,0.8138131,-1.244328,0.6250078,0.1794951,False,0,1,18
6/25/2025 12:09:56 PM,1750846196219,Right,-0.6180146,0.8566987,0.5059704,-0.9258917,0.7827846,0.3596586,-0.6143404,0.7936771,0.5358713,-0.9209325,0.7190781,0.3867537,-0.2899798,1.23394,0.8119513,-1.240852,0.6233572,0.1772993,False,0,1,18
6/25/2025 12:09:56 PM,1750846196248,Right,-0.6149396,0.8510851,0.5115375,-0.9255303,0.7746379,0.3718948,-0.6098374,0.7882344,0.5415344,-0.9208601,0.7124168,0.4025662,-0.2867346,1.233867,0.8083011,-1.247185,0.6161368,0.2034944,False,0,1,18
6/25/2025 12:09:56 PM,1750846196261,Right,-0.6128762,0.8482594,0.5149767,-0.9253359,0.7703662,0.3803087,-0.6075463,0.7854766,0.5448571,-0.9193597,0.7094567,0.4062593,-0.2848454,1.233782,0.8064471,-1.245526,0.6133404,0.2080314,False,0,1,18
6/25/2025 12:09:56 PM,1750846196275,Right,-0.6106659,0.8455459,0.5184485,-0.9240833,0.7661411,0.3894633,-0.6040502,0.7828569,0.5481548,-0.9176749,0.7045374,0.4189355,-0.2827296,1.233667,0.8045958,-1.249801,0.605324,0.2294254,False,0,1,18
6/25/2025 12:09:56 PM,1750846196303,Right,-0.604269,0.8392438,0.5256422,-0.9226906,0.7570229,0.4106878,-0.5965468,0.7774742,0.5547848,-0.9146032,0.6977746,0.4372565,-0.2773836,1.233024,0.8009421,-1.252965,0.5972582,0.2602728,False,0,1,18
6/25/2025 12:09:56 PM,1750846196317,Right,-0.6010464,0.8362511,0.5295068,-0.9216825,0.7526364,0.4226097,-0.5918238,0.7746564,0.5583899,-0.9130125,0.694125,0.4508087,-0.2745185,1.232701,0.7989746,-1.256558,0.5926651,0.2843322,False,0,1,18
6/25/2025 12:09:56 PM,1750846196345,Right,-0.5926127,0.8293927,0.5361915,-0.9187378,0.7433451,0.4491846,-0.5826019,0.7681325,0.5660339,-0.9086913,0.6867516,0.4745208,-0.2686598,1.232307,0.7953035,-1.259683,0.5844115,0.3253931,False,0,1,18
6/25/2025 12:09:56 PM,1750846196359,Right,-0.5886176,0.8258778,0.540718,-0.9167344,0.7385844,0.4631351,-0.5768287,0.7669692,0.5698723,-0.9054179,0.6838248,0.4898791,-0.2656252,1.232261,0.7935694,-1.260963,0.5796928,0.353106,False,0,1,18
6/25/2025 12:09:56 PM,1750846196387,Right,-0.5776567,0.821221,0.5471308,-0.9106016,0.7276246,0.4939959,-0.5654512,0.7613579,0.5742723,-0.8998421,0.6776085,0.5126336,-0.2590569,1.232529,0.7908775,-1.260715,0.5740581,0.3964339,False,0,1,18
6/25/2025 12:09:56 PM,1750846196400,Right,-0.5716937,0.8173436,0.5503526,-0.9070584,0.721786,0.5103038,-0.5566838,0.7575172,0.5718772,-0.8944599,0.674282,0.5261583,-0.2552474,1.232554,0.7899157,-1.259989,0.5715352,0.4274054,False,0,1,18
6/25/2025 12:09:56 PM,1750846196428,Right,-0.5596684,0.8101703,0.5602941,-0.8961083,0.7094916,0.5441247,-0.5410687,0.7487485,0.5775514,-0.8824761,0.6657996,0.5572578,-0.2476618,1.23201,0.7876092,-1.253831,0.565214,0.4859851,False,0,1,18
6/25/2025 12:09:56 PM,1750846196442,Right,-0.5528025,0.8056689,0.5656072,-0.8897328,0.7025902,0.5621262,-0.5330863,0.7460425,0.5807053,-0.8751322,0.6619394,0.5763007,-0.2438614,1.231686,0.7861613,-1.249125,0.5617757,0.5220955,False,0,1,18
6/25/2025 12:09:56 PM,1750846196456,Right,-0.5450514,0.800859,0.5715326,-0.8812912,0.6959764,0.5811316,-0.5245494,0.7410598,0.5845972,-0.8662523,0.6562167,0.5961273,-0.2397525,1.231254,0.7847689,-1.242589,0.5570166,0.559158,False,0,1,18
6/25/2025 12:09:56 PM,1750846196484,Right,-0.5286837,0.7902624,0.5820825,-0.861901,0.6811745,0.6182396,-0.5061564,0.7303618,0.5859901,-0.8453812,0.6440098,0.6266842,-0.2310255,1.229745,0.7824827,-1.223847,0.5466799,0.6217866,False,0,1,18
6/25/2025 12:09:56 PM,1750846196497,Right,-0.5187247,0.7846151,0.5867356,-0.8437024,0.6732911,0.6334767,-0.4956529,0.7241431,0.5861147,-0.8245956,0.6338303,0.6485319,-0.2268081,1.228932,0.781705,-1.207021,0.5318326,0.6702072,False,0,1,18
6/25/2025 12:09:56 PM,1750846196525,Right,-0.4969176,0.7725019,0.5958024,-0.8144733,0.656875,0.6679224,-0.4745716,0.7121475,0.5832416,-0.7939273,0.6192076,0.6769023,-0.218726,1.227375,0.7800537,-1.173929,0.51853,0.7365744,False,0,1,18
6/25/2025 12:09:56 PM,1750846196539,Right,-0.4838756,0.7652658,0.5984753,-0.7977697,0.6481918,0.6854562,-0.4626135,0.7058455,0.581227,-0.7769589,0.6127815,0.691985,-0.2150835,1.225511,0.780146,-1.153714,0.5167453,0.772856,False,0,1,18
6/25/2025 12:09:56 PM,1750846196567,Right,-0.4579366,0.7509068,0.6030718,-0.7609334,0.6289678,0.7163923,-0.4390833,0.6955567,0.5775756,-0.7402636,0.597522,0.7158644,-0.2069178,1.222196,0.7793595,-1.108074,0.5030159,0.8334645,False,0,1,18
6/25/2025 12:09:56 PM,1750846196581,Right,-0.4427422,0.7446287,0.6033286,-0.7382784,0.6193928,0.7307601,-0.4271308,0.692699,0.5745051,-0.7185645,0.5910463,0.7291619,-0.2026005,1.220102,0.7790295,-1.078603,0.4966019,0.8698516,False,0,1,18
6/25/2025 12:09:56 PM,1750846196609,Right,-0.4125708,0.7336233,0.5998281,-0.692268,0.6005659,0.7551656,-0.4060202,0.686011,0.5597396,-0.6786773,0.577457,0.7436063,-0.1934772,1.215279,0.778607,-1.018999,0.4811843,0.9236118,False,0,1,18
6/25/2025 12:09:56 PM,1750846196622,Right,-0.3982134,0.7290205,0.5952299,-0.666111,0.5917758,0.7658327,-0.3957885,0.6822141,0.5514886,-0.6531664,0.5703439,0.7535462,-0.1885955,1.212438,0.7782511,-0.9785937,0.4724321,0.9594468,False,0,1,18
6/25/2025 12:09:56 PM,1750846196636,Right,-0.3862018,0.7244371,0.5891283,-0.6403174,0.5834633,0.7742944,-0.3859313,0.6794152,0.5433012,-0.6329689,0.5627081,0.7560323,-0.1836946,1.209209,0.7777244,-0.9468404,0.4609703,0.9766175,False,0,1,18
6/25/2025 12:09:56 PM,1750846196664,Right,-0.3635013,0.7203625,0.5757601,-0.5872739,0.568413,0.7885656,-0.3716776,0.6758017,0.5260699,-0.5790876,0.5495954,0.7697754,-0.1743211,1.202656,0.7765697,-0.8533214,0.4369427,1.037016,False,0,1,18
6/25/2025 12:09:56 PM,1750846196678,Right,-0.3527723,0.7175686,0.5679132,-0.5581951,0.5584837,0.7908909,-0.3648726,0.6748655,0.5165276,-0.5587907,0.5429245,0.7691376,-0.1695411,1.198942,0.7761456,-0.8172194,0.4246583,1.048391,False,0,1,18
6/25/2025 12:09:56 PM,1750846196706,Right,-0.3319247,0.7208761,0.5496372,-0.5023291,0.5407888,0.7935243,-0.3502087,0.6809751,0.5007895,-0.5046124,0.5337047,0.7749722,-0.1599547,1.191357,0.7759639,-0.7158064,0.4011337,1.082277,False,0,1,18
6/25/2025 12:09:56 PM,1750846196720,Right,-0.3249902,0.7212883,0.5392737,-0.4734337,0.5321282,0.7905778,-0.3447867,0.6812148,0.4917827,-0.4846904,0.5261778,0.7723264,-0.1553328,1.187375,0.7761294,-0.6774289,0.3872114,1.08593,False,0,1,18
6/25/2025 12:09:56 PM,1750846196747,Right,-0.3088698,0.7185665,0.5205436,-0.418666,0.5151345,0.780171,-0.3378313,0.6842589,0.4737394,-0.4308409,0.5123103,0.760989,-0.1466645,1.178383,0.777145,-0.5715179,0.3520375,1.094319,False,0,1,18
6/25/2025 12:09:56 PM,1750846196762,Right,-0.2990949,0.7170862,0.5122936,-0.3907568,0.5069137,0.7710563,-0.3325715,0.6852525,0.4656152,-0.4090988,0.504907,0.7530619,-0.1424643,1.173564,0.7777797,-0.5299425,0.3356228,1.089237,False,0,1,18
6/25/2025 12:09:56 PM,1750846196776,Right,-0.2896692,0.7157656,0.5033545,-0.3647111,0.4979579,0.7620193,-0.3264659,0.6837606,0.4578606,-0.3821065,0.4958021,0.7432067,-0.1382751,1.168526,0.7783271,-0.4783358,0.3160341,1.08381,False,0,1,18
6/25/2025 12:09:56 PM,1750846196802,Right,-0.2715868,0.7133982,0.4864489,-0.3188421,0.4840798,0.7393852,-0.3175809,0.6879108,0.4454108,-0.3401318,0.4835566,0.7243679,-0.1306763,1.157705,0.7801012,-0.3945003,0.2855932,1.063734,False,0,1,18
6/25/2025 12:09:56 PM,1750846196817,Right,-0.2627834,0.7126334,0.4773829,-0.2965632,0.4761,0.7259395,-0.3130738,0.6852428,0.436233,-0.3184845,0.4755539,0.7096659,-0.1270521,1.151916,0.7812959,-0.3511225,0.2689126,1.048868,False,0,1,18
6/25/2025 12:09:56 PM,1750846196845,Right,-0.2489248,0.7132756,0.4610125,-0.2579591,0.465153,0.6990183,-0.3034319,0.6887595,0.4251927,-0.2822036,0.4666523,0.6867466,-0.1193388,1.139894,0.7832676,-0.2798296,0.2439713,1.018241,False,0,1,18
6/25/2025 12:09:56 PM,1750846196858,Right,-0.243148,0.7141299,0.4529408,-0.2405042,0.4608476,0.6854739,-0.3008799,0.693076,0.4212624,-0.2672481,0.4648717,0.6760651,-0.1154648,1.133693,0.7840234,-0.2487277,0.23444,1.001808,False,0,1,18
6/25/2025 12:09:56 PM,1750846196886,Right,-0.2330052,0.7158769,0.4386197,-0.211351,0.4512867,0.6592261,-0.2932774,0.6942106,0.410031,-0.2396008,0.4551258,0.6529073,-0.1086725,1.120331,0.7853392,-0.1950987,0.2130007,0.965817,False,0,1,18
6/25/2025 12:09:56 PM,1750846196901,Right,-0.2286732,0.715823,0.4322716,-0.1983346,0.4490077,0.6473938,-0.2902811,0.6943902,0.4058424,-0.228486,0.4519002,0.6418637,-0.1051558,1.113043,0.7860743,-0.1729691,0.203756,0.9495484,False,0,1,18
6/25/2025 12:09:56 PM,1750846196928,Right,-0.2201027,0.713833,0.4221482,-0.1781738,0.4424734,0.6279363,-0.2846829,0.6909834,0.3945846,-0.2088516,0.4426813,0.6193414,-0.09833837,1.098769,0.7868506,-0.1345709,0.1859526,0.9166099,False,0,1,18
6/25/2025 12:09:56 PM,1750846196942,Right,-0.2165909,0.7122577,0.4176103,-0.1681908,0.4379616,0.6198981,-0.2808805,0.6883795,0.3915641,-0.2000678,0.4382008,0.6136609,-0.09565961,1.09177,0.7869319,-0.1196183,0.1802773,0.907245,False,0,1,18
6/25/2025 12:09:56 PM,1750846196956,Right,-0.2125639,0.7090546,0.4145775,-0.1603726,0.4348014,0.6143596,-0.2792975,0.6861758,0.3909523,-0.1950945,0.4358026,0.610166,-0.09268618,1.084592,0.7870167,-0.1093103,0.1762254,0.9019856,False,0,1,18
6/25/2025 12:09:56 PM,1750846196983,Right,-0.2064281,0.7011419,0.4109819,-0.1473109,0.4254649,0.607214,-0.274775,0.6809199,0.39132,-0.1832297,0.4276498,0.6045019,-0.08695495,1.070779,0.7872816,-0.08666661,0.1649423,0.8898001,False,0,1,18
6/25/2025 12:09:56 PM,1750846196997,Right,-0.2042501,0.6955928,0.4119586,-0.1430341,0.4189072,0.6067672,-0.2723153,0.6755083,0.392763,-0.1788056,0.4223508,0.60582,-0.08372712,1.064116,0.7877609,-0.07939805,0.1605799,0.8904897,False,0,1,18
6/25/2025 12:09:57 PM,1750846197025,Right,-0.1994939,0.6811336,0.4156567,-0.1358999,0.4060737,0.6107066,-0.269197,0.66273,0.3981878,-0.1713983,0.4100503,0.6087539,-0.07786381,1.050193,0.7888209,-0.06527999,0.1478945,0.8916069,True,0,1,19
6/25/2025 12:09:57 PM,1750846197039,Right,-0.1979168,0.6724595,0.4212264,-0.1333688,0.3989707,0.6161521,-0.2667525,0.6553172,0.4050759,-0.1691003,0.4044923,0.6161174,-0.07514095,1.043298,0.7893635,-0.06228967,0.1429629,0.9008461,True,0,1,19
6/25/2025 12:09:57 PM,1750846197067,Right,-0.1958725,0.6544523,0.4360356,-0.1289323,0.3839519,0.6312286,-0.2609463,0.6408395,0.4234976,-0.1630755,0.3905654,0.6322393,-0.07116854,1.029522,0.7894701,-0.05381316,0.1270512,0.9166685,True,0,1,19
6/25/2025 12:09:57 PM,1750846197081,Right,-0.194236,0.6446263,0.4478267,-0.1264767,0.3754469,0.6430644,-0.2599475,0.6304137,0.4353437,-0.1627658,0.3816837,0.6448473,-0.06976509,1.022804,0.7893635,-0.05326456,0.1189611,0.9311245,True,0,1,19
6/25/2025 12:09:57 PM,1750846197095,Right,-0.1927622,0.6346423,0.4616484,-0.1241805,0.367255,0.6570948,-0.258502,0.6206841,0.4477275,-0.1604226,0.37188,0.6548344,-0.06838489,1.016129,0.789385,-0.04808348,0.1072767,0.9399034,True,0,1,19
6/25/2025 12:09:57 PM,1750846197123,Right,-0.1890683,0.6144681,0.4926468,-0.1222576,0.3508145,0.686841,-0.2540427,0.6023971,0.4813862,-0.160966,0.3566967,0.6881379,-0.0659641,1.003777,0.7896854,-0.0506506,0.09013581,0.9776927,True,0,1,19
6/25/2025 12:09:57 PM,1750846197137,Right,-0.1860022,0.6050754,0.511887,-0.1221259,0.3426148,0.7053213,-0.2518705,0.5931662,0.4995924,-0.15989,0.3481128,0.7042741,-0.06509244,0.99817,0.7898389,-0.04831012,0.07917011,0.9940329,True,0,1,19
6/25/2025 12:09:57 PM,1750846197164,Right,-0.1797234,0.5887147,0.5505714,-0.122928,0.3270412,0.7446613,-0.2490606,0.5772364,0.541902,-0.1630143,0.3330598,0.7478098,-0.06337726,0.9871897,0.7908946,-0.05554682,0.06343853,1.040565,True,0,1,19
6/25/2025 12:09:57 PM,1750846197178,Right,-0.1781475,0.5812675,0.5719911,-0.1249372,0.3203339,0.7667946,-0.2481517,0.5695148,0.5638938,-0.1635685,0.3250962,0.7689701,-0.06252694,0.9820873,0.7914649,-0.05636221,0.05409801,1.061551,True,0,1,19
6/25/2025 12:09:57 PM,1750846197205,Right,-0.1768859,0.5700565,0.6135818,-0.1308974,0.3100436,0.8095913,-0.248371,0.5594707,0.604564,-0.1708633,0.3171743,0.8130028,-0.06166887,0.9730949,0.7922913,-0.06964274,0.04756236,1.110633,True,0,1,19
6/25/2025 12:09:57 PM,1750846197220,Right,-0.1776554,0.5661277,0.6326438,-0.1340846,0.3075952,0.8323168,-0.2486094,0.5555273,0.6245272,-0.1730178,0.3130401,0.8339055,-0.06150961,0.9696575,0.7931522,-0.07309176,0.04385674,1.131959,True,0,1,19
6/25/2025 12:09:57 PM,1750846197248,Right,-0.1807999,0.5593106,0.6670305,-0.1414815,0.3058225,0.8740295,-0.2500181,0.5504401,0.6586422,-0.1811474,0.3118366,0.8753781,-0.06111336,0.9642499,0.7950646,-0.08895043,0.04911774,1.180977,True,0,1,19
6/25/2025 12:09:57 PM,1750846197261,Right,-0.1803099,0.5577673,0.6819849,-0.146429,0.3066613,0.8943642,-0.250215,0.5483398,0.6747482,-0.1838464,0.3105522,0.8944173,-0.06171608,0.9629196,0.7964226,-0.09467837,0.05048752,1.202054,True,0,1,19
6/25/2025 12:09:57 PM,1750846197275,Right,-0.1802115,0.5560849,0.6955067,-0.151003,0.3080085,0.9142488,-0.2498418,0.5469196,0.6874077,-0.1875775,0.3118614,0.913391,-0.06244111,0.9622202,0.7980739,-0.1044754,0.05817747,1.226017,True,0,1,19
6/25/2025 12:09:57 PM,1750846197303,Right,-0.1803992,0.5529611,0.7166514,-0.1616015,0.3165132,0.9500235,-0.2490683,0.544278,0.7088164,-0.1949092,0.3161007,0.945991,-0.06510115,0.9639877,0.80204,-0.1225354,0.07449776,1.268634,True,0,1,19
6/25/2025 12:09:57 PM,1750846197317,Right,-0.1806904,0.5519959,0.7267393,-0.167437,0.3213047,0.9672455,-0.2492908,0.5426434,0.7177761,-0.2005707,0.3208992,0.9620266,-0.06667721,0.9662366,0.8048397,-0.1351737,0.08791542,1.292493,True,0,1,19
6/25/2025 12:09:57 PM,1750846197345,Right,-0.1825224,0.5499825,0.7421479,-0.1796193,0.3344251,0.9963562,-0.2511632,0.5407597,0.7328087,-0.21128,0.330521,0.9883128,-0.0698638,0.9730408,0.81208,-0.1572503,0.1127447,1.33121,True,0,1,19
6/25/2025 12:09:57 PM,1750846197359,Right,-0.184019,0.549658,0.7494015,-0.186248,0.3416256,1.01077,-0.2520691,0.540311,0.738611,-0.2169943,0.3372567,1.001483,-0.07167888,0.977285,0.8156077,-0.1699831,0.1301432,1.351085,True,0,1,19
6/25/2025 12:09:57 PM,1750846197387,Right,-0.1865762,0.5484902,0.7604594,-0.2000611,0.3584474,1.03269,-0.2551212,0.5398052,0.7478371,-0.2289359,0.3510821,1.020316,-0.07675552,0.9878245,0.8234931,-0.1936459,0.1609354,1.382486,True,0,1,19
6/25/2025 12:09:57 PM,1750846197400,Right,-0.1864821,0.5479984,0.7655445,-0.2074963,0.3672024,1.043265,-0.2567001,0.5399795,0.7515252,-0.2355276,0.3594457,1.0294,-0.07931018,0.993847,0.8271319,-0.2074325,0.179606,1.397902,True,0,1,19
6/25/2025 12:09:57 PM,1750846197428,Right,-0.1893941,0.5490043,0.7722777,-0.2231477,0.3846731,1.059378,-0.2605132,0.5393345,0.7563566,-0.2482514,0.3730724,1.044369,-0.08377743,1.007239,0.8333591,-0.232724,0.2129318,1.421781,True,0,1,19
6/25/2025 12:09:57 PM,1750846197441,Right,-0.1953285,0.5479115,0.7767892,-0.2316425,0.3938616,1.066826,-0.2622806,0.5393435,0.7578979,-0.2552498,0.382194,1.04851,-0.08583677,1.014867,0.8361424,-0.2472931,0.2314023,1.43247,True,0,1,19
6/25/2025 12:09:57 PM,1750846197456,Right,-0.1995956,0.5474471,0.7803755,-0.2395177,0.4038443,1.073038,-0.2655119,0.5393053,0.7592002,-0.2633644,0.3907299,1.05218,-0.0877862,1.022777,0.8389632,-0.2627503,0.2491706,1.441779,True,0,1,19
6/25/2025 12:09:57 PM,1750846197484,Right,-0.2038598,0.5502321,0.787052,-0.2561392,0.4233898,1.083393,-0.269009,0.5429279,0.7623239,-0.2769787,0.4075147,1.059405,-0.09240389,1.039209,0.8446966,-0.2910027,0.2814939,1.456059,True,0,1,19
6/25/2025 12:09:57 PM,1750846197498,Right,-0.2061392,0.5531026,0.7897087,-0.2657039,0.4332682,1.087989,-0.2704799,0.5441089,0.7633079,-0.2846849,0.415621,1.063574,-0.09484875,1.047535,0.8473808,-0.3077384,0.2990769,1.462358,True,0,1,19
6/25/2025 12:09:57 PM,1750846197525,Right,-0.2109136,0.5604201,0.7960024,-0.2856329,0.4526307,1.096417,-0.2734775,0.5491626,0.7677364,-0.3002812,0.4314576,1.072448,-0.0992564,1.063583,0.8518816,-0.3413184,0.3297603,1.472974,True,0,1,19
6/25/2025 12:09:57 PM,1750846197539,Right,-0.2141132,0.5662861,0.800126,-0.2967563,0.4638132,1.100467,-0.2758998,0.5537998,0.7700739,-0.3094674,0.4408128,1.076035,-0.1013863,1.071296,0.8535858,-0.3601996,0.3453085,1.476845,True,0,1,19
6/25/2025 12:09:57 PM,1750846197567,Right,-0.2219333,0.5806199,0.8094323,-0.3198121,0.4860914,1.107588,-0.280474,0.5632381,0.7754555,-0.3274612,0.4584836,1.082405,-0.1066293,1.085902,0.8552881,-0.3974652,0.3733675,1.482818,True,0,1,19
6/25/2025 12:09:57 PM,1750846197581,Right,-0.2269739,0.5899497,0.8148044,-0.32975,0.4987064,1.108572,-0.2838232,0.5696699,0.7786539,-0.3371987,0.4678915,1.082034,-0.1097562,1.093063,0.8556176,-0.4183151,0.3839829,1.484014,True,0,1,19
6/25/2025 12:09:57 PM,1750846197609,Right,-0.2391398,0.6098014,0.823114,-0.3572138,0.5203171,1.112417,-0.2913671,0.5835266,0.7848036,-0.3595241,0.4877299,1.08777,-0.1159453,1.106352,0.8558403,-0.4633421,0.4112539,1.485408,True,0,1,19
6/25/2025 12:09:57 PM,1750846197623,Right,-0.2478434,0.6209109,0.8273352,-0.371689,0.5304652,1.114262,-0.2961934,0.5910153,0.7876269,-0.3728344,0.4977467,1.089671,-0.1189709,1.112945,0.8557683,-0.4898063,0.4240698,1.483862,True,0,1,19
6/25/2025 12:09:57 PM,1750846197636,Right,-0.2538541,0.6329912,0.8312929,-0.3738023,0.5331302,1.115005,-0.3007388,0.5991641,0.7910523,-0.3864392,0.5085809,1.093349,-0.1219362,1.119426,0.8556699,-0.5155553,0.4389856,1.482642,True,0,1,19
6/25/2025 12:09:57 PM,1750846197664,Right,-0.2698942,0.6552884,0.8389865,-0.4238947,0.5692383,1.116916,-0.3109724,0.6165242,0.7970143,-0.4170726,0.530709,1.096414,-0.1278849,1.132442,0.8552247,-0.5745686,0.4666963,1.473896,True,0,1,19
6/25/2025 12:09:57 PM,1750846197678,Right,-0.2788818,0.6689342,0.8417979,-0.4421321,0.5814837,1.115294,-0.3168958,0.6252378,0.7990713,-0.4331438,0.5423319,1.097099,-0.1311824,1.138711,0.8546988,-0.6036401,0.4820043,1.467922,True,0,1,19
6/25/2025 12:09:57 PM,1750846197706,Right,-0.2988826,0.6927742,0.8453743,-0.4805157,0.6053376,1.109654,-0.3295481,0.6417642,0.8045899,-0.4689723,0.564043,1.095987,-0.1381497,1.150777,0.8532251,-0.6700517,0.5085081,1.449881,True,0,1,19
6/25/2025 12:09:57 PM,1750846197720,Right,-0.3104838,0.7037122,0.84622,-0.5012017,0.6180249,1.104701,-0.3371312,0.6506209,0.8062764,-0.4874705,0.5747427,1.093773,-0.1415236,1.156334,0.8518778,-0.7022983,0.5206218,1.438616,True,0,1,19
6/25/2025 12:09:57 PM,1750846197747,Right,-0.333404,0.7257264,0.8464361,-0.5428068,0.6428344,1.092217,-0.3497746,0.660762,0.8079373,-0.5232926,0.590166,1.083564,-0.14836,1.167541,0.8491369,-0.7695892,0.5377221,1.406867,True,0,1,19
6/25/2025 12:09:57 PM,1750846197761,Right,-0.34646,0.736546,0.844535,-0.5647481,0.6559342,1.083473,-0.3571284,0.6684479,0.8069962,-0.5420008,0.5990995,1.076767,-0.1520133,1.172823,0.8472692,-0.8015698,0.5466211,1.388142,True,0,1,19
6/25/2025 12:09:57 PM,1750846197789,Right,-0.372449,0.7534951,0.840625,-0.6078256,0.6801527,1.062025,-0.3748409,0.687063,0.8061908,-0.5801452,0.6199187,1.057431,-0.1586063,1.183342,0.8439013,-0.8694755,0.5633951,1.34484,True,0,1,19
6/25/2025 12:09:57 PM,1750846197803,Right,-0.3870782,0.7631016,0.8344738,-0.6313581,0.6928448,1.047719,-0.3847141,0.6959241,0.805095,-0.6014795,0.6290609,1.047765,-0.1621842,1.188354,0.8419539,-0.9033454,0.5711209,1.320406,True,0,1,19
6/25/2025 12:09:57 PM,1750846197816,Right,-0.4018112,0.7703578,0.8281534,-0.6543065,0.7037284,1.033388,-0.3958535,0.7084466,0.8058403,-0.6240221,0.642189,1.037733,-0.1656555,1.193454,0.8399945,-0.9396101,0.5818139,1.294096,True,0,1,19
6/25/2025 12:09:57 PM,1750846197844,Right,-0.4296606,0.7864996,0.8110975,-0.6967262,0.7218531,0.9988958,-0.4153954,0.7242734,0.800568,-0.6645217,0.6590814,1.011154,-0.1736245,1.203209,0.8351132,-1.002607,0.5941488,1.234562,True,0,1,19
6/25/2025 12:09:57 PM,1750846197858,Right,-0.4430718,0.7945817,0.8021872,-0.7172395,0.7305024,0.9778019,-0.4253891,0.7309253,0.7954122,-0.6841205,0.6671798,0.9929549,-0.1773579,1.20794,0.8325766,-1.03388,0.6004152,1.198905,True,0,1,19
6/25/2025 12:09:57 PM,1750846197886,Right,-0.4680077,0.8099952,0.7814452,-0.7607073,0.7529975,0.9391276,-0.447003,0.7439031,0.7825425,-0.7292555,0.6841424,0.9568166,-0.1844863,1.217105,0.8267809,-1.093545,0.617401,1.123249,True,0,1,19
6/25/2025 12:09:57 PM,1750846197899,Right,-0.4795215,0.8173353,0.7697054,-0.7797789,0.7605432,0.9147177,-0.4580317,0.7515412,0.7752208,-0.749943,0.6937929,0.9355204,-0.187911,1.221694,0.8238341,-1.121332,0.6260198,1.082431,True,0,1,19
6/25/2025 12:09:57 PM,1750846197928,Right,-0.5007563,0.8275844,0.7428706,-0.8134688,0.7731051,0.8635039,-0.4791135,0.764518,0.7578755,-0.7872347,0.7065604,0.8892621,-0.1941419,1.230487,0.8182451,-1.168589,0.6334969,0.9977851,True,0,1,19
6/25/2025 12:09:57 PM,1750846197942,Right,-0.510533,0.8319197,0.7274233,-0.8322161,0.7767265,0.8384325,-0.4891761,0.7710684,0.7470388,-0.8095751,0.7163601,0.8608584,-0.1970682,1.234679,0.8154751,-1.193017,0.6459274,0.9446429,True,0,1,19
6/25/2025 12:09:57 PM,1750846197955,Right,-0.5192388,0.8364252,0.7112526,-0.8514925,0.7776068,0.814083,-0.4990394,0.7748498,0.7350509,-0.8351748,0.7275348,0.8291099,-0.1999438,1.238541,0.8125621,-1.21711,0.6655138,0.8851187,True,0,1,19
6/25/2025 12:09:57 PM,1750846197984,Right,-0.5354643,0.8445451,0.678903,-0.891776,0.7711475,0.7663741,-0.5173579,0.7863573,0.7117066,-0.8865231,0.7537337,0.7572973,-0.2052169,1.245474,0.8069147,-1.253512,0.7067339,0.7545686,True,0,1,19
6/25/2025 12:09:57 PM,1750846197997,Right,-0.5435963,0.8498668,0.6638037,-0.9133377,0.763271,0.7419994,-0.5261383,0.7908284,0.6987126,-0.9120444,0.771347,0.7130835,-0.2076143,1.248707,0.8042928,-1.265611,0.7370464,0.6790252,True,0,1,19
6/25/2025 12:09:58 PM,1750846198025,Right,-0.5549911,0.8560604,0.6348888,-0.9491159,0.743107,0.7024706,-0.540848,0.8005977,0.6727526,-0.9550511,0.7866497,0.6403207,-0.2121524,1.25362,0.7988492,-1.273929,0.7564988,0.5690785,True,0,1,19
6/25/2025 12:09:58 PM,1750846198039,Right,-0.5589913,0.8593025,0.6192012,-0.868351,0.779824,0.4881574,-0.5474941,0.8057051,0.6587129,-0.8874264,0.7422217,0.6673569,-0.214319,1.25545,0.796084,-1.271981,0.649204,0.6317692,True,0,1,19
6/25/2025 12:09:58 PM,1750846198067,Right,-0.5672104,0.866385,0.5937552,-0.8634326,0.7843055,0.440417,-0.5583487,0.8112887,0.6355403,-0.894215,0.7409576,0.6171054,-0.2187498,1.258166,0.7906564,-1.274609,0.6381367,0.5513437,True,0,1,19
6/25/2025 12:09:58 PM,1750846198081,Right,-0.5704275,0.869361,0.5830372,-0.8585287,0.7866441,0.4126001,-0.5628124,0.8152239,0.6250389,-0.8982507,0.7429462,0.5911661,-0.2208419,1.259153,0.78783,-1.273726,0.6392897,0.5077789,True,0,1,19
6/25/2025 12:09:58 PM,1750846198094,Right,-0.5726122,0.8712986,0.5718828,-0.8509248,0.7898007,0.3903004,-0.565568,0.8152872,0.6104395,-0.8985046,0.7387735,0.5641351,-0.2231116,1.260133,0.7850705,-1.269255,0.6298703,0.4671013,False,0,1,19
6/25/2025 12:09:58 PM,1750846198122,Right,-0.5758359,0.873121,0.5515144,-0.9064786,0.8076602,0.4931731,-0.5708917,0.8162094,0.5952405,-0.8944281,0.7334705,0.5295535,-0.2277167,1.261936,0.7795893,-1.260334,0.6161056,0.4088843,False,0,1,19
6/25/2025 12:09:58 PM,1750846198136,Right,-0.5755909,0.8725193,0.5421587,-0.9019793,0.8058271,0.4666955,-0.5727136,0.8161324,0.5871765,-0.8964255,0.7334842,0.5019433,-0.2298505,1.262741,0.7771219,-1.251065,0.618579,0.3615397,False,0,1,19
6/25/2025 12:09:58 PM,1750846198163,Right,-0.5744832,0.8695237,0.5266482,-0.8921862,0.8008779,0.4291561,-0.5712566,0.811292,0.5667678,-0.8844131,0.7235667,0.46985,-0.2339293,1.264399,0.7724472,-1.235795,0.6017553,0.3126364,False,0,1,19
6/25/2025 12:09:58 PM,1750846198177,Right,-0.5736566,0.8678741,0.5188807,-0.8869087,0.7981185,0.4120864,-0.5705928,0.808734,0.5580624,-0.8786128,0.7174305,0.4522763,-0.2361388,1.265416,0.770337,-1.224594,0.5905308,0.2846214,False,0,1,19
6/25/2025 12:09:58 PM,1750846198205,Right,-0.5707199,0.8625466,0.5071959,-0.8761624,0.7898425,0.3851329,-0.5674366,0.8030475,0.5448995,-0.8698128,0.7104502,0.4288228,-0.2401572,1.268042,0.7663213,-1.21045,0.5832469,0.2477099,False,0,1,19
6/25/2025 12:09:58 PM,1750846198220,Right,-0.5686486,0.8592431,0.5023361,-0.8713418,0.7853681,0.3750106,-0.5655966,0.799666,0.5388435,-0.8640057,0.7049441,0.4144049,-0.241856,1.26956,0.7644204,-1.198526,0.5752504,0.2239816,False,0,1,19
6/25/2025 12:09:58 PM,1750846198247,Right,-0.5648982,0.8526877,0.4959466,-0.8627644,0.7766508,0.3604188,-0.5605134,0.7911821,0.5318413,-0.8564137,0.6964068,0.404013,-0.2437313,1.272034,0.7592269,-1.189424,0.5678815,0.2082548,False,0,1,19
6/25/2025 12:09:58 PM,1750846198261,Right,-0.5623625,0.8490478,0.4945015,-0.8586882,0.7716524,0.3569427,-0.5572357,0.7873349,0.5290941,-0.8497412,0.6905234,0.3964796,-0.2439659,1.272891,0.7567126,-1.178849,0.5591328,0.1949977,False,0,1,19
6/25/2025 12:09:58 PM,1750846198288,Right,-0.556159,0.8418677,0.4935555,-0.8510459,0.7633339,0.3552283,-0.5498098,0.7798396,0.5283515,-0.8434048,0.6830438,0.399114,-0.2444741,1.274167,0.7523566,-1.175142,0.5524197,0.2007235,False,0,1,19
6/25/2025 12:09:58 PM,1750846198303,Right,-0.5525663,0.8380627,0.4939432,-0.847199,0.7587132,0.3566722,-0.5455815,0.7760285,0.5284587,-0.8370503,0.6775047,0.3969252,-0.2444243,1.274612,0.7499856,-1.166599,0.5442477,0.1957206,False,0,1,19
6/25/2025 12:09:58 PM,1750846198316,Right,-0.5483937,0.8344046,0.4954712,-0.8439899,0.7544069,0.36179,-0.540145,0.7728107,0.5294137,-0.8333483,0.6739042,0.4032881,-0.2439091,1.274752,0.7474285,-1.166635,0.5400936,0.2077717,False,0,1,19
6/25/2025 12:09:58 PM,1750846198344,Right,-0.5395175,0.8268263,0.4989465,-0.839049,0.7451043,0.3744509,-0.5298319,0.7665462,0.5323422,-0.8257385,0.6669232,0.4123282,-0.2420135,1.274916,0.7417915,-1.162523,0.5326127,0.2239959,False,0,1,19
6/25/2025 12:09:58 PM,1750846198358,Right,-0.534839,0.8230624,0.5016319,-0.8364657,0.7406416,0.3843491,-0.5238823,0.763999,0.5342263,-0.8225624,0.6636363,0.4235598,-0.2411458,1.275302,0.7394524,-1.165076,0.5282089,0.2454799,False,0,1,19
6/25/2025 12:09:58 PM,1750846198386,Right,-0.5236622,0.8178163,0.5063132,-0.8317747,0.7319859,0.4069628,-0.5147453,0.760699,0.5419277,-0.8174255,0.6589577,0.4406484,-0.2388024,1.275935,0.7349689,-1.164009,0.5222108,0.2741963,False,0,1,19
6/25/2025 12:09:58 PM,1750846198400,Right,-0.5182711,0.8149036,0.5093736,-0.8293192,0.7277096,0.419586,-0.5077569,0.758081,0.5452162,-0.8139371,0.6561817,0.4543772,-0.2371981,1.27632,0.7325944,-1.165797,0.51937,0.3000607,False,0,1,19
6/25/2025 12:09:58 PM,1750846198428,Right,-0.5072512,0.8077827,0.5161014,-0.8239942,0.7204177,0.4491626,-0.4941515,0.755245,0.549845,-0.8056884,0.6531384,0.4761721,-0.2333755,1.276908,0.7283677,-1.164944,0.5166014,0.3420317,False,0,1,19
6/25/2025 12:09:58 PM,1750846198442,Right,-0.5015534,0.8041973,0.5200366,-0.8207007,0.7165327,0.4648939,-0.4865952,0.750699,0.5534281,-0.8010745,0.6494938,0.495015,-0.231395,1.276984,0.7266095,-1.167164,0.5134286,0.3784152,False,0,1,19
6/25/2025 12:09:58 PM,1750846198456,Right,-0.4962101,0.8017488,0.5246192,-0.8167688,0.7132947,0.4818505,-0.4793276,0.7468346,0.5569372,-0.7965776,0.6473086,0.5140983,-0.2293284,1.276829,0.7248399,-1.168798,0.5127613,0.4157271,False,0,1,19
6/25/2025 12:09:58 PM,1750846198484,Right,-0.4841782,0.7953739,0.5323609,-0.8073674,0.7066725,0.5173194,-0.4649566,0.741864,0.5646366,-0.7851984,0.6441063,0.5447801,-0.2250299,1.275821,0.721043,-1.163995,0.5112652,0.4736987,False,0,1,19
6/25/2025 12:09:58 PM,1750846198498,Right,-0.4772471,0.7913612,0.5366694,-0.8006658,0.7028651,0.5367043,-0.4557592,0.7369173,0.5671026,-0.7773381,0.6421573,0.5646209,-0.2226596,1.275111,0.7192883,-1.160622,0.512225,0.5143566,False,0,1,19
6/25/2025 12:09:58 PM,1750846198525,Right,-0.4634795,0.7835781,0.5463254,-0.7857731,0.694353,0.5745952,-0.4392841,0.7287644,0.5724248,-0.761089,0.6367036,0.5960292,-0.2176471,1.273287,0.7165133,-1.14815,0.510612,0.5768307,False,0,1,19
6/25/2025 12:09:58 PM,1750846198539,Right,-0.4558025,0.7793904,0.552711,-0.7762973,0.6889219,0.5946417,-0.43014,0.7237718,0.5738547,-0.7506117,0.6334177,0.6156178,-0.2150221,1.272128,0.7153208,-1.139144,0.5105461,0.6179991,False,0,1,19
6/25/2025 12:09:58 PM,1750846198567,Right,-0.4383569,0.7704268,0.5633206,-0.7535553,0.6752445,0.6336873,-0.410511,0.7123128,0.5749382,-0.7278447,0.6248729,0.6449417,-0.2095026,1.268903,0.712898,-1.115932,0.5090911,0.6806839,False,0,1,19
6/25/2025 12:09:58 PM,1750846198581,Right,-0.4289774,0.7661772,0.5692114,-0.7397009,0.668629,0.6511624,-0.4006907,0.707041,0.5741324,-0.7125379,0.6204717,0.6635398,-0.2067308,1.267244,0.7119178,-1.099482,0.5081233,0.723204,False,0,1,19
6/25/2025 12:09:58 PM,1750846198608,Right,-0.4075733,0.7575829,0.5789971,-0.7088246,0.6564737,0.6859797,-0.3802758,0.7003571,0.573921,-0.6816459,0.6122214,0.6913041,-0.2010096,1.263728,0.7105657,-1.063212,0.5039124,0.7863055,False,0,1,19
6/25/2025 12:09:58 PM,1750846198622,Right,-0.3950388,0.7530282,0.5829311,-0.6908807,0.6489241,0.7025522,-0.3690204,0.6937835,0.5718499,-0.6636193,0.6050262,0.7058135,-0.1981151,1.262138,0.7103277,-1.040226,0.5018098,0.8223082,False,0,1,19
6/25/2025 12:09:58 PM,1750846198636,Right,-0.38205,0.7485989,0.5855838,-0.6691048,0.6412261,0.7143554,-0.358846,0.6921191,0.5685108,-0.6478646,0.601033,0.712376,-0.1949388,1.260609,0.7103933,-1.020214,0.498079,0.8424456,False,0,1,19
6/25/2025 12:09:58 PM,1750846198663,Right,-0.3558246,0.7408299,0.5876237,-0.6282833,0.6277605,0.7379217,-0.3380729,0.6882461,0.5591605,-0.6012263,0.5904114,0.7345873,-0.1886326,1.257782,0.7105334,-0.9566311,0.4882002,0.9161863,False,0,1,19
6/25/2025 12:09:58 PM,1750846198678,Right,-0.3413858,0.7370039,0.5871685,-0.6073548,0.6212842,0.7482862,-0.3291833,0.684683,0.5519171,-0.5862563,0.5847651,0.736845,-0.1856393,1.256735,0.7110695,-0.9336596,0.4829082,0.9313846,False,0,1,19
6/25/2025 12:09:58 PM,1750846198705,Right,-0.3162438,0.7288034,0.5782222,-0.5645385,0.6086941,0.7629547,-0.3163078,0.6839129,0.5325741,-0.5446259,0.5776707,0.7487227,-0.1788747,1.254717,0.7129409,-0.8594254,0.4768676,0.9932862,False,0,1,19
6/25/2025 12:09:58 PM,1750846198719,Right,-0.3045554,0.7257436,0.5714886,-0.5410436,0.6024976,0.766903,-0.3089,0.68289,0.5238993,-0.528591,0.5731207,0.747824,-0.1755402,1.253691,0.714416,-0.8321247,0.4705015,1.00476,False,0,1,19
6/25/2025 12:09:58 PM,1750846198747,Right,-0.2799124,0.7174729,0.5540963,-0.4932781,0.5877928,0.7674204,-0.2981813,0.6817353,0.5018149,-0.4799457,0.5638325,0.7485585,-0.1689942,1.251353,0.7181848,-0.7410254,0.4527523,1.050956,False,0,1,19
6/25/2025 12:09:58 PM,1750846198761,Right,-0.2673591,0.7123659,0.5431172,-0.4695467,0.580619,0.7647136,-0.292344,0.6796157,0.4892114,-0.46429,0.5577957,0.7417403,-0.1656468,1.249853,0.7201062,-0.7115272,0.4435026,1.05369,False,0,1,19
6/25/2025 12:09:58 PM,1750846198789,Right,-0.2483528,0.707442,0.5166616,-0.4246038,0.5659952,0.7541052,-0.2844259,0.682054,0.4637986,-0.4211763,0.5504057,0.7309261,-0.1591271,1.246329,0.7235938,-0.6213773,0.4256935,1.072767,False,0,1,19
6/25/2025 12:09:58 PM,1750846198803,Right,-0.2389118,0.7030086,0.5012886,-0.4020561,0.5584769,0.7451862,-0.2784644,0.6825465,0.4514093,-0.4055987,0.5458363,0.7214083,-0.1558571,1.244032,0.7254583,-0.5913688,0.4159815,1.06877,False,0,1,19
6/25/2025 12:09:58 PM,1750846198817,Right,-0.2303765,0.6984581,0.4863048,-0.3807021,0.5507228,0.7362975,-0.2731542,0.6830746,0.4385808,-0.3839061,0.5415758,0.7116369,-0.1524737,1.24157,0.7274089,-0.5468151,0.4053015,1.069494,False,0,1,19
6/25/2025 12:09:58 PM,1750846198845,Right,-0.218474,0.6910634,0.454995,-0.3399641,0.5382583,0.7131863,-0.2666125,0.6848925,0.4121535,-0.3508742,0.533547,0.6870087,-0.1461788,1.235734,0.7314563,-0.4767785,0.3830861,1.056237,False,0,1,19
6/25/2025 12:09:58 PM,1750846198858,Right,-0.2113315,0.6891857,0.4396696,-0.320344,0.53127,0.7016315,-0.2622649,0.685135,0.3992741,-0.331687,0.5286154,0.6750527,-0.1426952,1.232355,0.7338104,-0.4362541,0.371191,1.048325,False,0,1,19
6/25/2025 12:09:58 PM,1750846198886,Right,-0.1992619,0.6904519,0.4113363,-0.2864725,0.5188153,0.6770427,-0.2541218,0.6871227,0.3756886,-0.3022248,0.5189341,0.654801,-0.136026,1.224965,0.7382327,-0.3742012,0.3517451,1.026229,False,0,1,19
6/25/2025 12:09:58 PM,1750846198900,Right,-0.1937559,0.690773,0.3967093,-0.2685994,0.5124023,0.6633121,-0.2508291,0.6890937,0.3641802,-0.285681,0.5155319,0.6417361,-0.1329708,1.220706,0.7402977,-0.3397698,0.3409716,1.013026,False,0,1,19
6/25/2025 12:09:58 PM,1750846198928,Right,-0.1855303,0.695583,0.3727989,-0.238362,0.5043773,0.6355179,-0.2460523,0.6942819,0.3437489,-0.2597735,0.5097861,0.6176516,-0.1274159,1.211788,0.7442962,-0.284796,0.322344,0.9842653,False,0,1,19
6/25/2025 12:09:58 PM,1750846198942,Right,-0.1826633,0.6977257,0.3608324,-0.2238803,0.5004472,0.621875,-0.2437521,0.6980975,0.3349997,-0.2462296,0.5085919,0.6047509,-0.1247075,1.207294,0.7460834,-0.2560093,0.3132974,0.9689387,False,0,1,19
6/25/2025 12:09:58 PM,1750846198956,Right,-0.1779959,0.7042615,0.3509865,-0.2106674,0.4978067,0.6101767,-0.2428504,0.701435,0.3276646,-0.2350252,0.505531,0.5965551,-0.1219105,1.202747,0.7476984,-0.2307564,0.3059134,0.9549736,False,0,1,19
6/25/2025 12:09:58 PM,1750846198983,Right,-0.1741849,0.7111259,0.3343761,-0.1882703,0.493442,0.5857549,-0.2402061,0.7074967,0.315135,-0.2158285,0.5025899,0.5761569,-0.1162832,1.193412,0.7508997,-0.1882404,0.2909745,0.926616,False,0,1,19
6/25/2025 12:09:58 PM,1750846198998,Right,-0.1716503,0.7141414,0.3284295,-0.1806327,0.4926118,0.5739406,-0.2395011,0.710004,0.3106108,-0.2074495,0.5024296,0.5662013,-0.1136849,1.189088,0.7524692,-0.1690871,0.2844071,0.9139426,False,0,1,19
6/25/2025 12:09:59 PM,1750846199025,Right,-0.1674524,0.7168675,0.3188702,-0.1637055,0.4892751,0.5569761,-0.237963,0.7133062,0.3044819,-0.1930519,0.5000305,0.5514681,-0.1086324,1.180659,0.7549893,-0.1367404,0.2720557,0.8919784,False,0,1,19
6/25/2025 12:09:59 PM,1750846199039,Right,-0.1676438,0.7180849,0.3167597,-0.1564536,0.4871136,0.5516595,-0.2374093,0.7136527,0.3035033,-0.1867513,0.4978575,0.5474327,-0.1061022,1.176654,0.7564079,-0.1229905,0.2666749,0.8842092,False,0,1,19
6/25/2025 12:09:59 PM,1750846199067,Right,-0.1662973,0.7179556,0.3165074,-0.1442214,0.4816583,0.5454245,-0.2364543,0.7123151,0.3051077,-0.1760506,0.4918763,0.5427305,-0.1008756,1.168446,0.7596298,-0.09936765,0.2543886,0.872215,False,0,1,19
6/25/2025 12:09:59 PM,1750846199081,Right,-0.1653414,0.7159948,0.3192857,-0.1404235,0.4766371,0.5448702,-0.2361717,0.7102771,0.3082442,-0.1720428,0.4883133,0.5436254,-0.09835267,1.163905,0.7611569,-0.09055287,0.2488669,0.8703794,False,0,1,19
6/25/2025 12:09:59 PM,1750846199109,Right,-0.1647793,0.7110676,0.3282638,-0.1334066,0.4668278,0.5490831,-0.2330983,0.7061146,0.3175576,-0.1630773,0.4801177,0.5486309,-0.09438992,1.15429,0.7642328,-0.07377903,0.2365229,0.8691019,False,0,1,19
6/25/2025 12:09:59 PM,1750846199122,Right,-0.1635727,0.7064275,0.33573,-0.1303514,0.4607553,0.555654,-0.2339711,0.6999528,0.3255249,-0.1615616,0.4730037,0.5558373,-0.09246123,1.149052,0.7654651,-0.06922364,0.2291328,0.8744209,False,0,1,19
6/25/2025 12:09:59 PM,1750846199136,Right,-0.1627648,0.7008913,0.345317,-0.1283152,0.454225,0.5642914,-0.2332888,0.6952305,0.3339785,-0.1576914,0.4663091,0.5619643,-0.09064412,1.143573,0.7664663,-0.06124565,0.2204566,0.8772013,False,0,1,19
6/25/2025 12:09:59 PM,1750846199164,Right,-0.16339,0.6896592,0.3683911,-0.1253842,0.4400449,0.5859205,-0.2327847,0.6828287,0.3596211,-0.1560275,0.4518783,0.5872226,-0.08858263,1.13235,0.768139,-0.05819693,0.2056021,0.8998747,False,0,1,19
6/25/2025 12:09:59 PM,1750846199178,Right,-0.1620918,0.6823547,0.3847654,-0.1241039,0.4324571,0.6015903,-0.2319958,0.6763661,0.3741701,-0.1536768,0.4439105,0.6002442,-0.08812892,1.12659,0.7685765,-0.05346946,0.1962236,0.910539,False,0,1,19
6/25/2025 12:09:59 PM,1750846199205,Right,-0.161284,0.6674233,0.4217527,-0.1223657,0.4183809,0.637569,-0.2316073,0.6621751,0.4122366,-0.1557595,0.4306253,0.6375582,-0.08701229,1.115358,0.7694198,-0.05630696,0.1814962,0.9491888,False,0,1,19
6/25/2025 12:09:59 PM,1750846199219,Right,-0.1638287,0.6611206,0.4436894,-0.1222536,0.412644,0.6593318,-0.2316273,0.6543744,0.4321351,-0.1552119,0.422375,0.6566842,-0.08638012,1.110023,0.7700669,-0.0545785,0.1725177,0.9674556,False,0,1,19
6/25/2025 12:09:59 PM,1750846199247,Right,-0.1634713,0.6484251,0.4892754,-0.1255099,0.4016221,0.7048551,-0.231724,0.6407596,0.4763969,-0.1588373,0.411774,0.7024884,-0.08593941,1.100631,0.7714673,-0.06159341,0.1630665,1.017659,False,0,1,19
6/25/2025 12:09:59 PM,1750846199261,Right,-0.1639414,0.6427938,0.5128737,-0.1267284,0.3986284,0.7299295,-0.2316727,0.6341861,0.4992111,-0.1593838,0.4055969,0.7257557,-0.08570063,1.096924,0.7722465,-0.06251261,0.1573072,1.041495,False,0,1,19
6/25/2025 12:09:59 PM,1750846199275,Right,-0.1623287,0.6382899,0.5359147,-0.1280851,0.3964316,0.753618,-0.233017,0.6281853,0.5223283,-0.1638736,0.4031872,0.7497479,-0.08574915,1.093737,0.7732512,-0.06960151,0.155726,1.070213,False,0,1,19
6/25/2025 12:09:59 PM,1750846199302,Right,-0.1634033,0.6303347,0.5811349,-0.1375012,0.393647,0.8045293,-0.2367022,0.6181914,0.5671268,-0.171051,0.3965896,0.7990941,-0.08610165,1.088536,0.7762185,-0.08092974,0.1541882,1.124384,False,0,1,19
6/25/2025 12:09:59 PM,1750846199317,Right,-0.1633514,0.6276721,0.6042393,-0.1421142,0.393828,0.8306576,-0.2382444,0.6150068,0.5895917,-0.176326,0.3966331,0.8239164,-0.08614922,1.086807,0.7788922,-0.09045646,0.1568029,1.15378,False,0,1,19
6/25/2025 12:09:59 PM,1750846199344,Right,-0.164579,0.6260974,0.6445916,-0.152499,0.3987179,0.8771672,-0.2385249,0.6127634,0.6303383,-0.1840479,0.398465,0.8695279,-0.08706808,1.083531,0.7836033,-0.1077951,0.1635779,1.205875,False,0,1,19
6/25/2025 12:09:59 PM,1750846199359,Right,-0.1681471,0.62522,0.665341,-0.1588697,0.401555,0.8998986,-0.2393663,0.6132808,0.6490138,-0.1904866,0.4021424,0.8902391,-0.08805323,1.082394,0.785839,-0.1214773,0.1694189,1.231413,False,0,1,19
6/25/2025 12:09:59 PM,1750846199386,Right,-0.1736671,0.6262994,0.7017421,-0.1736917,0.4103005,0.940416,-0.2431497,0.6157395,0.6836947,-0.2033417,0.4089199,0.9286611,-0.09092736,1.081799,0.790393,-0.1469411,0.1804096,1.276427,False,0,1,19
6/25/2025 12:09:59 PM,1750846199400,Right,-0.1772829,0.6283693,0.7194148,-0.1816531,0.4153719,0.9596284,-0.2458949,0.6184611,0.6984441,-0.2119248,0.4148704,0.9444598,-0.09336734,1.082504,0.7931274,-0.1632943,0.1879873,1.29675,False,0,1,19
6/25/2025 12:09:59 PM,1750846199428,Right,-0.1835502,0.6369827,0.7463255,-0.1991061,0.4266964,0.9907077,-0.2520664,0.6250643,0.7236679,-0.226615,0.4240647,0.9751432,-0.09874797,1.085713,0.800265,-0.1912936,0.2036112,1.330944,False,0,1,19
6/25/2025 12:09:59 PM,1750846199442,Right,-0.1872641,0.641623,0.7594125,-0.2084398,0.433024,1.005334,-0.2551608,0.6286615,0.733842,-0.2348748,0.4296876,0.9876283,-0.1017663,1.087782,0.8039275,-0.2073487,0.2123704,1.345819,False,0,1,19
6/25/2025 12:09:59 PM,1750846199456,Right,-0.1911955,0.6463414,0.7694008,-0.2177387,0.439356,1.016703,-0.2590318,0.6318256,0.7426406,-0.2435667,0.4348447,0.9988348,-0.1054051,1.090536,0.80802,-0.2235651,0.2209276,1.359086,False,0,1,19
6/25/2025 12:09:59 PM,1750846199483,Right,-0.1994604,0.6554885,0.7869601,-0.2364069,0.4518707,1.037222,-0.2676562,0.6288149,0.7532344,-0.2611683,0.4380019,1.015846,-0.113176,1.097216,0.8162521,-0.2551126,0.2343016,1.381169,False,0,1,19
6/25/2025 12:09:59 PM,1750846199498,Right,-0.2026807,0.6540552,0.7917593,-0.2465441,0.4579239,1.045282,-0.2715453,0.6301954,0.7580932,-0.2701015,0.4435535,1.022343,-0.1168661,1.101179,0.8203222,-0.2720675,0.2439928,1.391297,False,0,1,19
6/25/2025 12:09:59 PM,1750846199525,Right,-0.2129514,0.6626972,0.8030384,-0.2659928,0.468246,1.058893,-0.2756467,0.6363312,0.7678471,-0.2853288,0.4539671,1.037443,-0.123407,1.109225,0.8280717,-0.3040378,0.2630822,1.408143,False,0,1,19
6/25/2025 12:09:59 PM,1750846199539,Right,-0.2182425,0.6648064,0.8064324,-0.276218,0.4720615,1.064166,-0.2780745,0.6442491,0.7740372,-0.29368,0.4624183,1.045273,-0.1268041,1.113078,0.8319684,-0.3208579,0.2739264,1.415232,False,0,1,19
6/25/2025 12:09:59 PM,1750846199567,Right,-0.2268135,0.664116,0.8087074,-0.2937309,0.4787734,1.0712,-0.2841879,0.6490618,0.7784778,-0.3106951,0.4703231,1.052424,-0.13434,1.118845,0.8398596,-0.3523312,0.2876712,1.422569,False,0,1,19
6/25/2025 12:09:59 PM,1750846199580,Right,-0.2302075,0.6640132,0.8083615,-0.3025922,0.4816459,1.070973,-0.2880844,0.6489503,0.7777491,-0.3192889,0.4727006,1.052361,-0.1382463,1.121367,0.8436142,-0.3664429,0.2930177,1.423715,False,0,1,19
6/25/2025 12:09:59 PM,1750846199609,Right,-0.2386616,0.6625186,0.8066363,-0.3192179,0.4850322,1.069802,-0.2963094,0.6502988,0.7759122,-0.3350856,0.4772663,1.051239,-0.1466506,1.124709,0.8502799,-0.3908744,0.3016686,1.423689,False,0,1,19
6/25/2025 12:09:59 PM,1750846199622,Right,-0.243214,0.661972,0.804623,-0.3256567,0.4851645,1.06703,-0.3005418,0.6495211,0.7733815,-0.3420821,0.477561,1.04839,-0.1507139,1.125533,0.8534962,-0.4000285,0.3028765,1.421486,False,0,1,19
6/25/2025 12:09:59 PM,1750846199637,Right,-0.2466621,0.6620145,0.8022418,-0.33092,0.4848204,1.063377,-0.3043849,0.6497194,0.7710816,-0.3492838,0.4787433,1.046665,-0.1545308,1.12574,0.8571345,-0.4108173,0.3059171,1.419597,False,0,1,19
6/25/2025 12:09:59 PM,1750846199664,Right,-0.2523543,0.662461,0.7966021,-0.3379894,0.4829256,1.054439,-0.3102786,0.6514254,0.7650092,-0.3558261,0.4784077,1.037147,-0.1617359,1.124631,0.8645197,-0.4165127,0.3006397,1.409807,False,0,1,19
6/25/2025 12:09:59 PM,1750846199678,Right,-0.2553466,0.6634085,0.7929562,-0.3391619,0.4812628,1.048773,-0.3132067,0.6523013,0.7615368,-0.3598777,0.4789165,1.032626,-0.1652505,1.122849,0.867925,-0.4220334,0.2999799,1.405063,False,0,1,19
6/25/2025 12:09:59 PM,1750846199705,Right,-0.2601469,0.6645364,0.7842349,-0.3393395,0.4761643,1.036024,-0.3180057,0.6529485,0.751683,-0.3593562,0.4729851,1.01827,-0.1713803,1.117474,0.8746945,-0.4152766,0.2838703,1.387623,False,0,1,19
6/25/2025 12:09:59 PM,1750846199720,Right,-0.2615794,0.6650067,0.778155,-0.3372236,0.4730731,1.027679,-0.3201782,0.6534926,0.7463099,-0.3608769,0.4719615,1.011472,-0.1741302,1.113822,0.8775741,-0.4164026,0.2801776,1.379932,False,0,1,19
6/25/2025 12:09:59 PM,1750846199747,Right,-0.2641563,0.6639337,0.7647424,-0.3318464,0.4656551,1.009427,-0.3209344,0.6559376,0.7345746,-0.3533789,0.4661561,0.992892,-0.1786368,1.106041,0.8820988,-0.4000243,0.2604301,1.357004,False,0,1,19
6/25/2025 12:09:59 PM,1750846199761,Right,-0.2636738,0.6640759,0.7567422,-0.3281085,0.4609558,0.9983695,-0.3213331,0.6563802,0.7274971,-0.3520746,0.4644701,0.9835747,-0.1803849,1.101951,0.8840109,-0.3969861,0.2547323,1.346412,False,0,1,19
6/25/2025 12:09:59 PM,1750846199775,Right,-0.2631623,0.6633395,0.7481252,-0.3238403,0.4562683,0.9878922,-0.3210914,0.6550797,0.7182359,-0.3476054,0.4585086,0.9725838,-0.1820786,1.097711,0.8857824,-0.3870979,0.2437065,1.331844,False,0,1,19
6/25/2025 12:09:59 PM,1750846199803,Right,-0.2562785,0.6596892,0.7259125,-0.3137316,0.4453878,0.9616163,-0.3194723,0.6509744,0.6981772,-0.3390989,0.4486766,0.9478362,-0.1834018,1.088831,0.8897876,-0.3698367,0.2247999,1.303106,False,0,1,19
6/25/2025 12:09:59 PM,1750846199817,Right,-0.2523642,0.6586751,0.7140061,-0.3079976,0.4395898,0.948042,-0.3172953,0.6484163,0.6871696,-0.3330408,0.440804,0.9370621,-0.1836492,1.084111,0.8919111,-0.3581091,0.2145043,1.287298,False,0,1,19
6/25/2025 12:09:59 PM,1750846199845,Right,-0.2461004,0.6485268,0.6888586,-0.2949742,0.4274742,0.9183171,-0.3122572,0.642828,0.6638039,-0.3216442,0.4315174,0.9068545,-0.1836164,1.074559,0.8959607,-0.337811,0.1952001,1.254631,False,0,1,19
6/25/2025 12:09:59 PM,1750846199859,Right,-0.2452405,0.6423978,0.6763685,-0.2897297,0.4210986,0.9021946,-0.3094246,0.6403278,0.6517153,-0.3151963,0.4275845,0.8899084,-0.1834704,1.069475,0.8972193,-0.3262818,0.1847078,1.236717,False,0,1,19
6/25/2025 12:09:59 PM,1750846199886,Right,-0.2337523,0.6387841,0.6488599,-0.2767639,0.4098462,0.8726508,-0.3025963,0.6346811,0.6269319,-0.3031201,0.4152474,0.8635169,-0.182395,1.05892,0.8992528,-0.3058757,0.1680886,1.203457,False,0,1,19
6/25/2025 12:09:59 PM,1750846199900,Right,-0.230204,0.6362871,0.6357818,-0.2698942,0.4043803,0.8580899,-0.2989074,0.6310771,0.6145168,-0.2965364,0.4091644,0.8500381,-0.1812539,1.053661,0.8998946,-0.2945529,0.1600006,1.187376,False,0,1,19
6/25/2025 12:09:59 PM,1750846199928,Right,-0.2231545,0.6296624,0.6119803,-0.2559569,0.3947574,0.8307458,-0.2910224,0.6225379,0.5895725,-0.2839341,0.3982535,0.8218196,-0.1788342,1.043108,0.9007503,-0.2750607,0.1445691,1.156486,False,0,1,19
6/25/2025 12:09:59 PM,1750846199942,Right,-0.2189716,0.6268345,0.6002272,-0.2490406,0.390077,0.8175702,-0.2862231,0.6210581,0.579446,-0.2768646,0.3952107,0.8098671,-0.1771667,1.03785,0.9006256,-0.2652605,0.1389844,1.142709,False,0,1,19
6/25/2025 12:09:59 PM,1750846199956,Right,-0.2145109,0.6245201,0.59073,-0.2424365,0.3864432,0.806189,-0.2816999,0.6189869,0.5702198,-0.2704065,0.3920164,0.7987911,-0.1752236,1.032594,0.9001299,-0.2564913,0.1333479,1.130237,False,0,1,19
6/25/2025 12:09:59 PM,1750846199983,Right,-0.206986,0.6204207,0.5736486,-0.2298396,0.3783298,0.7832247,-0.276268,0.6149261,0.5549696,-0.2601677,0.386125,0.7796245,-0.1711717,1.022849,0.8989242,-0.2395588,0.1225842,1.10846,True,0,1,20
6/25/2025 12:09:59 PM,1750846199998,Right,-0.2037578,0.617966,0.5672091,-0.2239767,0.3741224,0.7710752,-0.273919,0.6115201,0.5483472,-0.2550101,0.383652,0.7701802,-0.1686199,1.017878,0.8978406,-0.2300811,0.1170954,1.099458,True,0,1,20
6/25/2025 12:10:00 PM,1750846200024,Right,-0.1975096,0.6138632,0.5576805,-0.2131756,0.3655494,0.7461278,-0.2684932,0.6058868,0.538651,-0.2456594,0.380968,0.7542288,-0.1631491,1.009216,0.895507,-0.2141134,0.1076935,1.085411,True,0,1,20
6/25/2025 12:10:00 PM,1750846200038,Right,-0.1957951,0.6113594,0.5554736,-0.2086303,0.3615408,0.7343531,-0.265673,0.6036265,0.5363768,-0.2418556,0.3816684,0.7482947,-0.160496,1.005672,0.8941509,-0.207929,0.1045603,1.081995,True,0,1,20
6/25/2025 12:10:00 PM,1750846200066,Right,-0.1913061,0.6054713,0.553236,-0.2032111,0.3563551,0.7189951,-0.2621539,0.5966982,0.5341839,-0.2356934,0.3802198,0.7395438,-0.1544487,0.9982072,0.8917862,-0.1960683,0.09638679,1.077711,True,0,1,20
6/25/2025 12:10:00 PM,1750846200080,Right,-0.1899547,0.6016222,0.5542227,-0.2032111,0.3563551,0.7189951,-0.2602746,0.5939886,0.5363011,-0.2326884,0.3800564,0.73895,-0.1515601,0.9947585,0.8903848,-0.1900568,0.0935514,1.079194,True,0,1,20
6/25/2025 12:10:00 PM,1750846200107,Right,-0.1868419,0.5936179,0.5596527,-0.2032111,0.3563551,0.7189951,-0.2575214,0.5859937,0.5421712,-0.2284838,0.3788978,0.7387513,-0.1463456,0.9880608,0.8871447,-0.1805557,0.08658648,1.085097,True,0,1,20
6/25/2025 12:10:00 PM,1750846200121,Right,-0.1856075,0.5893062,0.5644512,-0.2032111,0.3563551,0.7189951,-0.2563902,0.5812889,0.5477024,-0.227298,0.37911,0.7404659,-0.1437688,0.9848111,0.8855327,-0.1771868,0.08323818,1.091552,True,0,1,20
6/25/2025 12:10:00 PM,1750846200135,Right,-0.184362,0.5849614,0.568866,-0.2032111,0.3563551,0.7189951,-0.2553158,0.576709,0.5530149,-0.2262386,0.3793643,0.741614,-0.1413009,0.981775,0.8837913,-0.1741054,0.07944667,1.09729,True,0,1,20
6/25/2025 12:10:00 PM,1750846200162,Right,-0.1826978,0.5754808,0.5835384,-0.2032111,0.3563551,0.7189951,-0.253674,0.5670902,0.5685597,-0.2262606,0.3822578,0.7477918,-0.1358975,0.9756524,0.8809386,-0.1717917,0.07382023,1.116355,True,0,1,20
6/25/2025 12:10:00 PM,1750846200177,Right,-0.1817192,0.5708567,0.5917534,-0.2032111,0.3563551,0.7189951,-0.2530513,0.5623138,0.5774157,-0.2264385,0.383783,0.7515492,-0.1332448,0.9729506,0.8794566,-0.1706208,0.07066453,1.126585,True,0,1,20
6/25/2025 12:10:00 PM,1750846200205,Right,-0.1815716,0.5625483,0.6123097,-0.2032111,0.3563551,0.7189951,-0.2526567,0.5547289,0.5986674,-0.2288871,0.3895633,0.7622675,-0.1287991,0.9671391,0.8753468,-0.1726005,0.06708193,1.151742,True,0,1,20
6/25/2025 12:10:00 PM,1750846200219,Right,-0.1816434,0.5590526,0.6231773,-0.2032111,0.3563551,0.7189951,-0.2521145,0.551787,0.6102578,-0.2295123,0.3925493,0.7687428,-0.1269186,0.9646947,0.8733922,-0.1728753,0.0653733,1.164535,True,0,1,20
6/25/2025 12:10:00 PM,1750846200247,Right,-0.1822115,0.5537195,0.645506,-0.2032111,0.3563551,0.7189951,-0.2540598,0.5471436,0.6331795,-0.2337341,0.3988171,0.7833924,-0.123807,0.9612287,0.8695689,-0.1766237,0.06530732,1.191693,True,0,1,20
6/25/2025 12:10:00 PM,1750846200261,Right,-0.1812669,0.5516681,0.6566787,-0.2032111,0.3563551,0.7189951,-0.2552614,0.5448874,0.6441017,-0.2356834,0.4009914,0.7910122,-0.1227913,0.9609988,0.8678938,-0.1781873,0.06524456,1.20455,True,0,1,20
6/25/2025 12:10:00 PM,1750846200288,Right,-0.1833826,0.5490924,0.6742536,-0.2032111,0.3563551,0.7189951,-0.2572934,0.5423824,0.6623244,-0.2391636,0.4053669,0.8056083,-0.1216011,0.9627119,0.8656889,-0.183072,0.06930536,1.228707,True,0,1,20
6/25/2025 12:10:00 PM,1750846200302,Right,-0.1846219,0.5483247,0.6825643,-0.2032111,0.3563551,0.7189951,-0.258483,0.5414448,0.6708357,-0.2408157,0.4069296,0.8129086,-0.121011,0.9649669,0.8653451,-0.1849575,0.07111824,1.239595,True,0,1,20
6/25/2025 12:10:00 PM,1750846200316,Right,-0.1851368,0.547975,0.6892028,-0.2032111,0.3563551,0.7189951,-0.2598307,0.5403847,0.6771724,-0.2427631,0.4082317,0.8193939,-0.1210887,0.9682499,0.8658603,-0.1881321,0.07528985,1.250449,True,0,1,20
6/25/2025 12:10:00 PM,1750846200343,Right,-0.1889291,0.5473012,0.7007171,-0.2032111,0.3563551,0.7189951,-0.2631838,0.5394555,0.6886235,-0.2471261,0.4113362,0.8312841,-0.1210856,0.9758505,0.8685609,-0.1948053,0.08397442,1.269968,True,0,1,20
6/25/2025 12:10:00 PM,1750846200358,Right,-0.191422,0.5473269,0.7052823,-0.2032111,0.3563551,0.7189951,-0.265085,0.5390895,0.6929363,-0.2496075,0.4128857,0.8366222,-0.1216133,0.9808663,0.8705961,-0.1991973,0.08994585,1.279476,True,0,1,20
6/25/2025 12:10:00 PM,1750846200385,Right,-0.1958382,0.5472273,0.7137746,-0.2032111,0.3563551,0.7189951,-0.2689697,0.5385069,0.7001244,-0.2545774,0.4157287,0.8458502,-0.1244578,0.9916761,0.8746015,-0.2076497,0.1013289,1.296124,True,0,1,20
6/25/2025 12:10:00 PM,1750846200399,Right,-0.1977153,0.5476862,0.7172354,-0.2032111,0.3563551,0.7189951,-0.2709582,0.537818,0.7025217,-0.2573176,0.4166511,0.850063,-0.1267172,0.9978162,0.8766199,-0.2133155,0.108044,1.304246,True,0,1,20
6/25/2025 12:10:00 PM,1750846200427,Right,-0.2014439,0.5494121,0.7236861,-0.2032111,0.3563551,0.7189951,-0.2750509,0.5387318,0.7069141,-0.2627995,0.419686,0.8584185,-0.1328773,1.01066,0.8807703,-0.2239949,0.1217928,1.318187,True,0,1,20
6/25/2025 12:10:00 PM,1750846200441,Right,-0.2034903,0.5509141,0.7265903,-0.2032111,0.3563551,0.7189951,-0.2768125,0.5405121,0.7091666,-0.2655731,0.4220872,0.8632047,-0.1364157,1.017582,0.882825,-0.2306153,0.1299028,1.325094,True,0,1,20
6/25/2025 12:10:00 PM,1750846200455,Right,-0.2057424,0.5532812,0.7297579,-0.2032111,0.3563551,0.7189951,-0.2779348,0.5435703,0.71167,-0.2678712,0.4250079,0.8687805,-0.1401508,1.024778,0.8849431,-0.2372952,0.1383319,1.331533,True,0,1,20
6/25/2025 12:10:00 PM,1750846200483,Right,-0.2126735,0.5574641,0.7374989,-0.2032111,0.3563551,0.7189951,-0.2810515,0.5489757,0.7161198,-0.2734749,0.4302679,0.879391,-0.1483016,1.039687,0.8889276,-0.2517893,0.1545742,1.343568,True,0,1,20
6/25/2025 12:10:00 PM,1750846200497,Right,-0.2124015,0.5626704,0.7408873,-0.2032111,0.3563551,0.7189951,-0.2828394,0.5522134,0.7181572,-0.2767844,0.4321255,0.8871294,-0.1530805,1.047421,0.8907136,-0.2607883,0.1644764,1.350039,True,0,1,20
6/25/2025 12:10:00 PM,1750846200525,Right,-0.2150095,0.5727296,0.7483304,-0.2032111,0.3563551,0.7189951,-0.2857754,0.5599637,0.7226353,-0.2834313,0.4370668,0.9030285,-0.1634703,1.063607,0.8935395,-0.2797281,0.1846268,1.362312,True,0,1,20
6/25/2025 12:10:00 PM,1750846200539,Right,-0.2183806,0.5786883,0.7528616,-0.2032111,0.3563551,0.7189951,-0.2873879,0.5648882,0.7253214,-0.2877433,0.4401044,0.9125655,-0.1689225,1.071932,0.8948601,-0.2920316,0.1960239,1.368763,True,0,1,20
6/25/2025 12:10:00 PM,1750846200566,Right,-0.2246241,0.5918352,0.7622682,-0.2032111,0.3563551,0.7189951,-0.2911846,0.5749976,0.7306095,-0.2978713,0.4465131,0.9331326,-0.1805379,1.089289,0.8964249,-0.3182019,0.2206978,1.381641,True,0,1,20
6/25/2025 12:10:00 PM,1750846200580,Right,-0.2298112,0.6000324,0.7670748,-0.2032111,0.3563551,0.7189951,-0.2936592,0.5810866,0.7337107,-0.3047711,0.4502828,0.9456167,-0.1869043,1.098475,0.8968786,-0.3349892,0.2349237,1.388358,True,0,1,20
6/25/2025 12:10:00 PM,1750846200607,Right,-0.2435137,0.6144093,0.7766991,-0.2032111,0.3563551,0.7189951,-0.2990403,0.5932223,0.7397817,-0.320582,0.4594555,0.969739,-0.2005081,1.117369,0.8977448,-0.3704824,0.2648351,1.400961,True,0,1,20
6/25/2025 12:10:00 PM,1750846200622,Right,-0.24851,0.6255075,0.7808,-0.2032111,0.3563551,0.7189951,-0.3021722,0.6005926,0.7428191,-0.3312072,0.4648939,0.9850516,-0.2076468,1.127184,0.8976899,-0.3929613,0.2834978,1.40713,True,0,1,20
6/25/2025 12:10:00 PM,1750846200636,Right,-0.2558323,0.6341783,0.7847971,-0.2032111,0.3563551,0.7189951,-0.3056222,0.6078062,0.7456315,-0.3423408,0.4718543,0.9987382,-0.2156489,1.137192,0.8975197,-0.414926,0.3032496,1.413013,True,0,1,20
6/25/2025 12:10:00 PM,1750846200663,Right,-0.2728454,0.6517282,0.7926716,-0.2032111,0.3563551,0.7189951,-0.3147621,0.6230062,0.7513297,-0.3716739,0.4879109,1.026216,-0.2330503,1.15778,0.8962413,-0.469244,0.3449602,1.421349,True,0,1,20
6/25/2025 12:10:00 PM,1750846200677,Right,-0.2817432,0.6615103,0.7963956,-0.2032111,0.3563551,0.7189951,-0.3209389,0.6301827,0.7533324,-0.3896227,0.496497,1.040013,-0.2424964,1.168511,0.8947512,-0.4987813,0.3674642,1.423744,True,0,1,20
6/25/2025 12:10:00 PM,1750846200705,Right,-0.2979642,0.6841411,0.8038439,-0.4166718,0.5538333,1.064956,-0.3348438,0.6475017,0.7563823,-0.4147955,0.5194368,1.032883,-0.2621948,1.190164,0.8912941,-0.5479963,0.3881156,1.417733,True,0,1,20
6/25/2025 12:10:00 PM,1750846200719,Right,-0.3062989,0.6961601,0.8076489,-0.4369368,0.5676243,1.06408,-0.3416453,0.6556468,0.7580224,-0.4294841,0.5297556,1.033633,-0.2730831,1.200945,0.8888279,-0.5748215,0.4011407,1.414495,True,0,1,20
6/25/2025 12:10:00 PM,1750846200746,Right,-0.3270071,0.719951,0.8103287,-0.4746896,0.5926118,1.059567,-0.3558175,0.6769353,0.7616217,-0.4618232,0.55442,1.033374,-0.2966986,1.222045,0.8815762,-0.6344646,0.4294354,1.40287,True,0,1,20
6/25/2025 12:10:00 PM,1750846200761,Right,-0.3390962,0.7330893,0.8098401,-0.4948521,0.6047905,1.056462,-0.3639606,0.6869559,0.7624116,-0.4798248,0.5659878,1.033349,-0.3099989,1.232825,0.8774196,-0.6651483,0.4441835,1.395221,True,0,1,20
6/25/2025 12:10:00 PM,1750846200788,Right,-0.3661128,0.7603663,0.8080319,-0.5367912,0.6326769,1.046894,-0.3791015,0.7015319,0.760545,-0.515151,0.5875227,1.02687,-0.3388445,1.254567,0.8674446,-0.7284731,0.4737377,1.373855,True,0,1,20
6/25/2025 12:10:00 PM,1750846200802,Right,-0.380226,0.7731829,0.8051829,-0.558448,0.6469991,1.040277,-0.3892151,0.7106067,0.7598473,-0.5347602,0.5983636,1.023394,-0.3545187,1.265119,0.8609372,-0.7604541,0.4863529,1.361505,True,0,1,20
6/25/2025 12:10:00 PM,1750846200816,Right,-0.3943359,0.7845334,0.8023178,-0.5801678,0.660492,1.033414,-0.3999989,0.7208528,0.7599403,-0.5551773,0.610114,1.018658,-0.3701684,1.275266,0.8536528,-0.7944689,0.4982505,1.347258,True,0,1,20
6/25/2025 12:10:00 PM,1750846200844,Right,-0.4223409,0.8061465,0.7913986,-0.6240947,0.6878207,1.015483,-0.417538,0.7402874,0.7534898,-0.5934991,0.6332482,1.003329,-0.4029496,1.294328,0.8339339,-0.8579023,0.5244026,1.309883,True,0,1,20
6/25/2025 12:10:00 PM,1750846200858,Right,-0.4358315,0.8185247,0.7840962,-0.646602,0.701323,1.003264,-0.4272479,0.754918,0.7506757,-0.6154996,0.6492637,0.9945821,-0.4188702,1.30357,0.8233005,-0.8930724,0.5419384,1.287097,True,0,1,20
6/25/2025 12:10:00 PM,1750846200886,Right,-0.4618362,0.8423176,0.7691579,-0.6900082,0.7294974,0.97742,-0.4466138,0.7792329,0.7451888,-0.6578006,0.6751578,0.9745705,-0.448518,1.321543,0.8004087,-0.9591402,0.5691992,1.238446,True,0,1,20
6/25/2025 12:10:00 PM,1750846200900,Right,-0.4744527,0.8549719,0.7608849,-0.7114715,0.7444137,0.9614101,-0.4570421,0.7924626,0.7408216,-0.6788199,0.6896058,0.9616091,-0.4621741,1.33017,0.7876803,-0.991629,0.5834672,1.210543,True,0,1,20
6/25/2025 12:10:00 PM,1750846200927,Right,-0.4991856,0.8808113,0.7444818,-0.7531533,0.7709421,0.9271248,-0.4743989,0.8194164,0.7363032,-0.716728,0.7171668,0.9378957,-0.487309,1.346609,0.7610193,-1.049633,0.6076378,1.153862,True,0,1,20
6/25/2025 12:10:00 PM,1750846200941,Right,-0.5115195,0.8941531,0.7348022,-0.7756982,0.7882757,0.9102598,-0.483694,0.8302692,0.7323247,-0.7389791,0.7301407,0.9231682,-0.4988756,1.354658,0.7469579,-1.081264,0.6222041,1.11926,True,0,1,20
6/25/2025 12:10:00 PM,1750846200955,Right,-0.5230364,0.9056766,0.724261,-0.7978647,0.8019626,0.8920698,-0.4953419,0.8406634,0.7240361,-0.7637008,0.7437404,0.9052216,-0.5099036,1.362724,0.7326316,-1.112815,0.6391799,1.082131,True,0,1,20
6/25/2025 12:10:00 PM,1750846200983,Right,-0.5441618,0.9262321,0.6998262,-0.8329186,0.8263622,0.8479729,-0.5141774,0.8639791,0.7105289,-0.7988162,0.7687025,0.8689628,-0.5283542,1.378469,0.7023741,-1.160302,0.6616229,1.013307,True,0,1,20
6/25/2025 12:10:00 PM,1750846200997,Right,-0.5540039,0.9368117,0.686344,-0.8487979,0.8401514,0.8234718,-0.5239414,0.8748859,0.7022858,-0.8155219,0.7803405,0.8472971,-0.5361001,1.386129,0.6876791,-1.183288,0.6717243,0.9744766,True,0,1,20
6/25/2025 12:10:01 PM,1750846201025,Right,-0.5721105,0.9550761,0.6578894,-0.8776956,0.8672945,0.7736169,-0.5431222,0.8925901,0.6804203,-0.8443387,0.79918,0.8027683,-0.5495968,1.40127,0.6581968,-1.220202,0.6857834,0.9015402,True,0,1,20
6/25/2025 12:10:01 PM,1750846201039,Right,-0.5790181,0.9622241,0.6422085,-0.8909007,0.880312,0.7468865,-0.5516458,0.9021361,0.6710178,-0.859228,0.8105299,0.7799389,-0.5552037,1.40862,0.643762,-1.238213,0.6961349,0.8615143,True,0,1,20
6/25/2025 12:10:01 PM,1750846201066,Right,-0.5911481,0.9730675,0.6115528,-0.9139324,0.9071227,0.6908063,-0.5673612,0.9190645,0.6505026,-0.8825879,0.8269221,0.7332048,-0.5653908,1.423287,0.6154019,-1.264976,0.7052475,0.7836056,True,0,1,20
6/25/2025 12:10:01 PM,1750846201079,Right,-0.5960276,0.9775447,0.5964571,-0.9284841,0.9165737,0.6619774,-0.5743606,0.9245023,0.6398522,-0.900535,0.8372872,0.7051712,-0.5694709,1.430053,0.6020529,-1.281523,0.7212535,0.7331913,True,0,1,20
6/25/2025 12:10:01 PM,1750846201108,Right,-0.6045339,0.9855797,0.5665275,-0.9599797,0.9268938,0.6050841,-0.5879394,0.9346461,0.6141126,-0.9410347,0.8603321,0.6383516,-0.5777493,1.443116,0.5754024,-1.309325,0.7623426,0.6180049,True,0,1,20
6/25/2025 12:10:01 PM,1750846201122,Right,-0.6083782,0.9896903,0.5524611,-0.9776996,0.9278997,0.5752304,-0.5942167,0.9405889,0.601608,-0.9631308,0.8777276,0.5976771,-0.5813127,1.449541,0.5619642,-1.31938,0.7939484,0.5493124,True,0,1,20
6/25/2025 12:10:01 PM,1750846201135,Right,-0.6120476,0.9925962,0.5381402,-0.9958187,0.9258733,0.5457737,-0.6002086,0.9453993,0.5904416,-0.983344,0.8929152,0.554803,-0.5848556,1.455599,0.5483201,-1.322918,0.8209169,0.4795563,False,0,1,20
6/25/2025 12:10:01 PM,1750846201163,Right,-0.6184602,0.9967546,0.5145018,-1.010419,0.9221296,0.5226294,-0.6101169,0.9520519,0.570398,-0.9988776,0.9089906,0.4902636,-0.5909805,1.466096,0.5209516,-1.319308,0.8452519,0.3813434,False,0,1,20
6/25/2025 12:10:01 PM,1750846201177,Right,-0.6221812,0.9998143,0.5020846,-1.010419,0.9221296,0.5226294,-0.6162715,0.9558374,0.5613744,-0.9984607,0.9093741,0.465629,-0.5940044,1.470694,0.5079474,-1.315937,0.8407218,0.3438491,False,0,1,20
6/25/2025 12:10:01 PM,1750846201205,Right,-0.6274134,1.003578,0.4827689,-1.010419,0.9221296,0.5226294,-0.6253595,0.9612541,0.5432678,-0.9964477,0.909523,0.4223931,-0.599196,1.47853,0.4826471,-1.306703,0.8345913,0.2790181,False,0,1,20
6/25/2025 12:10:01 PM,1750846201219,Right,-0.6298102,1.003998,0.4735589,-1.010419,0.9221296,0.5226294,-0.6304442,0.964465,0.5355131,-0.995358,0.9066825,0.4030488,-0.6007257,1.481675,0.470062,-1.300727,0.8252528,0.2501337,False,0,1,20
6/25/2025 12:10:01 PM,1750846201246,Right,-0.6379249,1.011978,0.4575475,-0.9656578,0.939698,0.3999055,-0.637814,0.9728851,0.5201706,-0.9502782,0.8601861,0.4440917,-0.6026468,1.487425,0.4459237,-1.29691,0.697417,0.3206465,False,0,1,20
6/25/2025 12:10:01 PM,1750846201260,Right,-0.6416011,1.015277,0.4489429,-0.9663597,0.9401131,0.3839941,-0.6409795,0.9760068,0.5110614,-0.9487625,0.8579062,0.4288971,-0.6031199,1.489602,0.4354481,-1.290523,0.6872879,0.2993194,False,0,1,20
6/25/2025 12:10:01 PM,1750846201288,Right,-0.6432315,1.020923,0.4314792,-0.9678048,0.9393904,0.3608653,-0.6435939,0.9833875,0.4935921,-0.9508787,0.8611523,0.4064223,-0.6041873,1.493112,0.4164245,-1.286788,0.6871921,0.2729796,False,0,1,20
6/25/2025 12:10:01 PM,1750846201302,Right,-0.6433272,1.023075,0.4225719,-0.9680113,0.9396979,0.3512971,-0.6447989,0.9867232,0.4849271,-0.9497325,0.8605737,0.3925561,-0.6045611,1.495031,0.4076949,-1.280624,0.6820605,0.2546942,False,0,1,20
6/25/2025 12:10:01 PM,1750846201316,Right,-0.6427136,1.025235,0.4145751,-0.9678236,0.9402762,0.345735,-0.6446765,0.99023,0.4778624,-0.9496657,0.862128,0.3872588,-0.6050346,1.496803,0.3993019,-1.280012,0.6814803,0.25176,False,0,1,20
6/25/2025 12:10:01 PM,1750846201344,Right,-0.6405326,1.029186,0.401706,-0.9673756,0.941875,0.3371499,-0.6437829,0.9967956,0.465972,-0.9484331,0.8642941,0.3752944,-0.6055162,1.499645,0.3841245,-1.27528,0.6791353,0.2414649,False,0,1,20
6/25/2025 12:10:01 PM,1750846201358,Right,-0.6394627,1.031366,0.3971337,-0.9671697,0.9422657,0.3358872,-0.642854,0.9987714,0.4614842,-0.9490784,0.8660491,0.373952,-0.6055548,1.500825,0.3773016,-1.276798,0.6812719,0.2437481,False,0,1,20
6/25/2025 12:10:01 PM,1750846201386,Right,-0.6371369,1.035541,0.3902171,-0.9665282,0.9432132,0.3366324,-0.640038,1.003541,0.4543036,-0.9477519,0.8687973,0.3704979,-0.6050854,1.502524,0.3653618,-1.275141,0.6827075,0.2449937,False,0,1,20
6/25/2025 12:10:01 PM,1750846201399,Right,-0.6358452,1.037517,0.3882654,-0.9660227,0.9439032,0.3391443,-0.6380076,1.005057,0.4521483,-0.9480485,0.8712214,0.3738623,-0.6043904,1.503338,0.3604521,-1.277965,0.6867163,0.2541212,False,0,1,20
6/25/2025 12:10:01 PM,1750846201427,Right,-0.6331727,1.040039,0.3859606,-0.9633526,0.9483471,0.3451182,-0.633388,1.007246,0.4488162,-0.9435229,0.8723605,0.3799183,-0.6029637,1.504857,0.351899,-1.277181,0.6855581,0.2695173,False,0,1,20
6/25/2025 12:10:01 PM,1750846201441,Right,-0.6313671,1.040767,0.3860407,-0.9617876,0.9500829,0.349382,-0.6306266,1.007726,0.4482339,-0.9423697,0.874364,0.3865966,-0.6021385,1.505716,0.3486791,-1.27983,0.6892233,0.2833349,False,0,1,20
6/25/2025 12:10:01 PM,1750846201455,Right,-0.629347,1.041655,0.3866763,-0.9602669,0.9513735,0.3547214,-0.6275263,1.00814,0.4483864,-0.9413205,0.8769028,0.3935918,-0.6012199,1.50649,0.345547,-1.282373,0.6943986,0.2972512,False,0,1,20
6/25/2025 12:10:01 PM,1750846201483,Right,-0.6246681,1.042965,0.3890989,-0.9560035,0.9542901,0.3661424,-0.620386,1.008166,0.4490954,-0.9357338,0.8789559,0.4038093,-0.5989294,1.508673,0.340198,-1.281232,0.6982391,0.3174592,False,0,1,20
6/25/2025 12:10:01 PM,1750846201497,Right,-0.6212144,1.043498,0.3912762,-0.9531794,0.9550044,0.3737566,-0.6166621,1.009032,0.4521792,-0.9340848,0.8824082,0.4128419,-0.5974684,1.510149,0.3383919,-1.28258,0.7051264,0.3326193,False,0,1,20
6/25/2025 12:10:01 PM,1750846201524,Right,-0.6152937,1.045186,0.3969289,-0.9453799,0.9559824,0.3900471,-0.6056939,1.006378,0.4548441,-0.9232845,0.882399,0.4271752,-0.5937219,1.51402,0.3368616,-1.277647,0.7075714,0.3584396,False,0,1,20
6/25/2025 12:10:01 PM,1750846201538,Right,-0.6130744,1.045971,0.4034967,-0.9400185,0.9556465,0.3999428,-0.5991211,1.004733,0.4568912,-0.9151429,0.8823649,0.439445,-0.59109,1.516361,0.3372384,-1.27483,0.7085906,0.3806206,False,0,1,20
6/25/2025 12:10:01 PM,1750846201566,Right,-0.6036943,1.047607,0.4148127,-0.9266724,0.9551513,0.4198345,-0.5853222,1.001866,0.462338,-0.8989141,0.8810439,0.4581392,-0.5852084,1.521736,0.3398347,-1.265008,0.709281,0.4121249,False,0,1,20
6/25/2025 12:10:01 PM,1750846201580,Right,-0.5960572,1.047507,0.420296,-0.9194771,0.9562275,0.4292266,-0.5769322,1.001842,0.4667003,-0.891279,0.8825719,0.4686365,-0.5815897,1.524455,0.342634,-1.259986,0.7154232,0.4279419,False,0,1,20
6/25/2025 12:10:01 PM,1750846201608,Right,-0.5814847,1.046105,0.431802,-0.9062979,0.9567612,0.4473079,-0.5594771,0.9975106,0.4743927,-0.8756934,0.8809594,0.4852664,-0.5732412,1.530324,0.3493439,-1.247427,0.7211587,0.4530818,False,0,1,20
6/25/2025 12:10:01 PM,1750846201621,Right,-0.5748546,1.047307,0.4396425,-0.8997369,0.9562811,0.4564862,-0.5492344,0.9948563,0.4767044,-0.8666168,0.880787,0.495388,-0.5680666,1.533014,0.3533949,-1.240692,0.7266093,0.4712837,False,0,1,20
6/25/2025 12:10:01 PM,1750846201635,Right,-0.5682094,1.049376,0.447745,-0.8931736,0.9553481,0.4657294,-0.538916,0.992284,0.4792739,-0.857399,0.8790438,0.5010121,-0.5618629,1.535204,0.3577139,-1.231838,0.7277859,0.4798688,False,0,1,20
6/25/2025 12:10:01 PM,1750846201663,Right,-0.5480701,1.0504,0.4627476,-0.8801998,0.952134,0.484175,-0.5160669,0.9911186,0.4881494,-0.8438133,0.8820442,0.5184246,-0.5480261,1.539018,0.3665681,-1.216231,0.7469531,0.5040795,False,0,1,20
6/25/2025 12:10:01 PM,1750846201677,Right,-0.5374027,1.051128,0.4701762,-0.8736815,0.9498093,0.4935264,-0.5036639,0.9906611,0.4916819,-0.8371537,0.8831364,0.5219148,-0.5404387,1.540868,0.370976,-1.206722,0.7548707,0.5062339,False,0,1,20
6/25/2025 12:10:01 PM,1750846201705,Right,-0.5113794,1.054244,0.4839791,-0.8181887,0.9314183,0.5293118,-0.4769773,0.9916538,0.4957286,-0.7812321,0.871656,0.5574106,-0.5246646,1.544248,0.3798021,-1.161812,0.7208122,0.5837411,False,0,1,20
6/25/2025 12:10:01 PM,1750846201719,Right,-0.497656,1.055183,0.4907843,-0.8181887,0.9314183,0.5293118,-0.4628119,0.9920036,0.4971536,-0.7820868,0.8752655,0.555749,-0.5162145,1.545367,0.3839141,-1.156286,0.7403113,0.5736078,False,0,1,20
6/25/2025 12:10:01 PM,1750846201746,Right,-0.4667522,1.055879,0.5002345,-0.768458,0.9176847,0.560509,-0.4331514,0.9933,0.4981892,-0.7346463,0.8666763,0.5804432,-0.4991434,1.547109,0.3916631,-1.109593,0.7197071,0.631132,False,0,1,20
6/25/2025 12:10:01 PM,1750846201761,Right,-0.4504141,1.055942,0.5044127,-0.7498482,0.9125651,0.570784,-0.4176073,0.9934364,0.4982654,-0.7183397,0.8645441,0.5849316,-0.490189,1.547594,0.3949727,-1.091314,0.7179676,0.6408714,False,0,1,20
6/25/2025 12:10:01 PM,1750846201788,Right,-0.4158518,1.056619,0.5094753,-0.7109249,0.9023192,0.5878012,-0.3863907,0.9958503,0.4974969,-0.6825963,0.8593347,0.6002415,-0.470639,1.547778,0.4009466,-1.048502,0.7135754,0.6764649,False,0,1,20
6/25/2025 12:10:01 PM,1750846201802,Right,-0.3976712,1.0561,0.5111101,-0.6907915,0.896161,0.5958129,-0.3715063,0.9979655,0.4978507,-0.6675959,0.8582093,0.6044525,-0.4608459,1.547603,0.403767,-1.030196,0.7129689,0.6849468,False,0,1,20
6/25/2025 12:10:01 PM,1750846201816,Right,-0.3790996,1.055899,0.5113559,-0.6697812,0.891665,0.6025986,-0.3575018,0.9974909,0.4938124,-0.649917,0.8534827,0.6098186,-0.4512236,1.547547,0.4066854,-1.00745,0.7071854,0.7021149,False,0,1,20
6/25/2025 12:10:01 PM,1750846201843,Right,-0.3421637,1.053913,0.5117677,-0.627907,0.8800491,0.6145264,-0.3281596,0.9957635,0.4859294,-0.6150665,0.8449852,0.617399,-0.4315597,1.546184,0.4130338,-0.9626863,0.6975313,0.7278664,False,0,1,20
6/25/2025 12:10:01 PM,1750846201858,Right,-0.3238915,1.05021,0.5090373,-0.6058084,0.8745599,0.6184107,-0.3143383,0.9946386,0.4785377,-0.5936271,0.8398063,0.6208609,-0.4217248,1.545443,0.4162556,-0.9349721,0.6890902,0.7460333,False,0,1,20
6/25/2025 12:10:01 PM,1750846201885,Right,-0.2916764,1.043881,0.4997953,-0.5627081,0.8622912,0.6242685,-0.2867547,0.993899,0.4647055,-0.552139,0.8313679,0.6229736,-0.40104,1.542404,0.4222856,-0.8816586,0.6741831,0.7712526,False,0,1,20
6/25/2025 12:10:01 PM,1750846201899,Right,-0.2754933,1.039748,0.4946355,-0.5412976,0.8564193,0.6257879,-0.2737235,0.9923701,0.4557995,-0.5300808,0.8264658,0.6237468,-0.3904507,1.539853,0.4255445,-0.8519453,0.6658385,0.7861582,False,0,1,20
6/25/2025 12:10:01 PM,1750846201928,Right,-0.2449063,1.030058,0.4826442,-0.4994747,0.8461586,0.6261014,-0.251016,0.9936233,0.4426966,-0.4880386,0.8206525,0.6247194,-0.3694603,1.534068,0.4319612,-0.7951574,0.6500195,0.811406,False,0,1,20
6/25/2025 12:10:01 PM,1750846201941,Right,-0.2305754,1.025366,0.4745711,-0.4780222,0.8420752,0.625621,-0.2385421,0.9933367,0.4351151,-0.4641311,0.8171029,0.6241771,-0.3586907,1.530704,0.4352729,-0.7623937,0.6408114,0.8242239,False,0,1,20
6/25/2025 12:10:01 PM,1750846201955,Right,-0.2185448,1.021528,0.4655629,-0.4576125,0.8372971,0.6251637,-0.2266529,0.9903905,0.4255834,-0.4418063,0.8123415,0.6220674,-0.3478,1.526925,0.4383432,-0.7310488,0.6322951,0.8347931,False,0,1,20
6/25/2025 12:10:01 PM,1750846201982,Right,-0.1965829,1.015018,0.4479312,-0.4177905,0.8233715,0.6245658,-0.2082804,0.9867975,0.4069342,-0.4071385,0.8040972,0.6163666,-0.3257674,1.51869,0.4445668,-0.6781929,0.6193184,0.8476627,False,0,1,20
6/25/2025 12:10:01 PM,1750846201997,Right,-0.186829,1.013397,0.4381585,-0.3978115,0.8144242,0.6240561,-0.2007664,0.9845919,0.3978514,-0.3936194,0.799824,0.6150743,-0.3148905,1.514097,0.4472198,-0.6548303,0.6161364,0.8541043,False,0,1,20
6/25/2025 12:10:02 PM,1750846202024,Right,-0.1724412,1.009434,0.4189617,-0.360542,0.7938216,0.6225098,-0.190791,0.9826703,0.3799338,-0.3728507,0.7920492,0.6114297,-0.2929442,1.503953,0.4521888,-0.6143608,0.6104944,0.861778,False,0,1,20
6/25/2025 12:10:02 PM,1750846202039,Right,-0.1666336,1.006356,0.4103419,-0.3668156,0.816736,0.6106296,-0.1870576,0.9810867,0.3716716,-0.3513704,0.7914292,0.6036191,-0.2821982,1.498599,0.4544723,-0.5823924,0.6008676,0.8709151,False,0,1,20
6/25/2025 12:10:02 PM,1750846202066,Right,-0.157926,0.9998142,0.3927237,-0.3274713,0.8071723,0.6019227,-0.1804148,0.9758151,0.3552614,-0.3199177,0.7872474,0.5893465,-0.2603002,1.487608,0.458329,-0.5306733,0.5862576,0.8802986,False,0,1,20
6/25/2025 12:10:02 PM,1750846202080,Right,-0.1537166,0.9961343,0.383683,-0.319258,0.8049966,0.5982534,-0.1779579,0.9716002,0.3466871,-0.3100466,0.7831529,0.5855985,-0.2492323,1.481959,0.4605173,-0.5108443,0.5831858,0.8837355,False,0,1,20
6/25/2025 12:10:02 PM,1750846202108,Right,-0.1451723,0.9876152,0.3664914,-0.2977219,0.7957371,0.5892268,-0.1750849,0.9634008,0.3306048,-0.2922992,0.774991,0.5764959,-0.2274703,1.468902,0.4644537,-0.4739641,0.5752404,0.8874735,False,0,1,20
6/25/2025 12:10:02 PM,1750846202121,Right,-0.1419354,0.9804962,0.3572316,-0.2874812,0.7909926,0.5848089,-0.1734467,0.9582382,0.3225641,-0.2832472,0.7709514,0.5710946,-0.2163213,1.461771,0.4664713,-0.4557478,0.5716292,0.8890795,False,0,1,20
6/25/2025 12:10:02 PM,1750846202136,Right,-0.1386854,0.9737195,0.3476313,-0.2776649,0.7853153,0.5800143,-0.1711777,0.951789,0.3141399,-0.2741491,0.7644513,0.5653394,-0.2050228,1.453974,0.4684201,-0.4374033,0.5653231,0.8884814,False,0,1,20
6/25/2025 12:10:02 PM,1750846202163,Right,-0.1344506,0.9597602,0.3289364,-0.2610853,0.7731037,0.5702907,-0.1691544,0.935777,0.2963106,-0.2607264,0.7518955,0.5549434,-0.182842,1.43658,0.47146,-0.4074866,0.5588194,0.8889325,False,0,1,20
6/25/2025 12:10:02 PM,1750846202177,Right,-0.1318198,0.9523186,0.3190693,-0.254076,0.7660678,0.5667713,-0.1682417,0.9274711,0.287245,-0.2548251,0.743148,0.5507075,-0.1717429,1.426377,0.4729296,-0.3926472,0.5534762,0.8871368,False,0,1,20
6/25/2025 12:10:02 PM,1750846202205,Right,-0.1284966,0.933604,0.2995277,-0.2383517,0.7522247,0.5544297,-0.1671955,0.910207,0.2716549,-0.2422494,0.7301544,0.5397604,-0.149794,1.404872,0.475179,-0.3642186,0.5451959,0.8865117,False,0,1,20
6/25/2025 12:10:02 PM,1750846202219,Right,-0.1271892,0.924134,0.2896893,-0.2307843,0.744742,0.5480031,-0.1676442,0.9014437,0.2638137,-0.2362962,0.7221301,0.5335521,-0.1389427,1.392754,0.4762915,-0.3492272,0.5380361,0.8843478,False,0,1,20
6/25/2025 12:10:02 PM,1750846202247,Right,-0.1239794,0.9057971,0.2718914,-0.2175742,0.7279115,0.535692,-0.1679566,0.8818284,0.2471405,-0.2261182,0.7056671,0.5219936,-0.1176729,1.365972,0.4778292,-0.3231239,0.5272197,0.8798141,False,0,1,20
6/25/2025 12:10:02 PM,1750846202261,Right,-0.123494,0.8961149,0.2627882,-0.2110098,0.7186856,0.5295466,-0.1687275,0.8719357,0.2391888,-0.2209907,0.6962127,0.5160294,-0.1073396,1.351885,0.4783585,-0.3091547,0.5192724,0.8763771,False,0,1,20
6/25/2025 12:10:02 PM,1750846202288,Right,-0.1222447,0.8685638,0.2466348,-0.1985937,0.6988323,0.5172814,-0.169376,0.8510584,0.2256456,-0.2104771,0.6783531,0.502044,-0.08774889,1.321641,0.4792215,-0.2833923,0.5016862,0.8698812,False,0,1,20
6/25/2025 12:10:02 PM,1750846202302,Right,-0.1219707,0.8563931,0.2380762,-0.1926771,0.6881342,0.5114228,-0.1687224,0.8399305,0.2188342,-0.2046458,0.6673981,0.4962521,-0.07821822,1.304896,0.4795359,-0.2695845,0.4915015,0.8657687,False,0,1,20
6/25/2025 12:10:02 PM,1750846202316,Right,-0.1212732,0.8441661,0.2304898,-0.1868255,0.6767693,0.5059987,-0.1679294,0.8281319,0.2127331,-0.2000665,0.6560928,0.4912527,-0.06952822,1.28734,0.4795107,-0.2584885,0.4816202,0.8622167,False,0,1,20
6/25/2025 12:10:02 PM,1750846202344,Right,-0.1212327,0.8183518,0.2156074,-0.1756478,0.6522558,0.4944207,-0.1684702,0.8033455,0.2016822,-0.1917113,0.6315197,0.4813163,-0.05421066,1.250265,0.4775369,-0.2363337,0.4579438,0.8545162,False,0,1,20
6/25/2025 12:10:02 PM,1750846202358,Right,-0.1208826,0.8029777,0.2083381,-0.169979,0.6384386,0.4890546,-0.1679927,0.7891416,0.196201,-0.1873117,0.6174921,0.4762452,-0.04801166,1.230777,0.4756401,-0.2259409,0.4443341,0.8503034,False,0,1,20
6/25/2025 12:10:02 PM,1750846202385,Right,-0.1167665,0.7735214,0.1972624,-0.1605354,0.6088775,0.479245,-0.1667051,0.7605296,0.1861562,-0.1787996,0.5891082,0.4671915,-0.03833008,1.190147,0.4697037,-0.2058862,0.4171081,0.8423776,False,0,1,20
6/25/2025 12:10:02 PM,1750846202399,Right,-0.1141304,0.7563938,0.1916575,-0.155906,0.5931421,0.4747838,-0.1660162,0.7439064,0.1816575,-0.1752182,0.573094,0.4632085,-0.03404558,1.169409,0.4666085,-0.1972665,0.4021571,0.8391763,False,0,1,20
6/25/2025 12:10:02 PM,1750846202427,Right,-0.1118898,0.7209975,0.1794948,-0.1482308,0.5600275,0.467045,-0.1654989,0.7099844,0.1736636,-0.1690626,0.5397667,0.4580283,-0.02664185,1.127858,0.4602232,-0.181273,0.372355,0.8338587,False,0,1,20
6/25/2025 12:10:02 PM,1750846202441,Right,-0.1105487,0.7012603,0.1739343,-0.1447689,0.5423929,0.4638717,-0.165187,0.6921899,0.1701258,-0.1664412,0.5224339,0.455772,-0.0234015,1.107118,0.4570339,-0.1748625,0.3567277,0.8315423,False,0,1,20
6/25/2025 12:10:02 PM,1750846202469,Right,-0.1081635,0.6624924,0.1630081,-0.1392301,0.5067521,0.4580803,-0.1642577,0.6548176,0.1636884,-0.1614318,0.4860369,0.4530095,-0.01801407,1.067768,0.4501572,-0.1629662,0.3249047,0.8279593,False,0,1,20
6/25/2025 12:10:02 PM,1750846202482,Right,-0.1062382,0.6434618,0.1582542,-0.1370927,0.4873812,0.4565339,-0.1636868,0.6347682,0.1603059,-0.1596979,0.4668491,0.4534699,-0.01554036,1.047805,0.4460777,-0.1591789,0.3102024,0.8271919,False,0,1,20
6/25/2025 12:10:02 PM,1750846202496,Right,-0.1061304,0.6212059,0.1524538,-0.1353596,0.4691834,0.4553939,-0.1641545,0.6151681,0.1579993,-0.1587159,0.449015,0.4546066,-0.01421249,1.028538,0.4418629,-0.1552603,0.2970834,0.8279569,False,0,1,20
6/25/2025 12:10:02 PM,1750846202524,Right,-0.1046292,0.5816928,0.1458635,-0.1327118,0.4337362,0.4531747,-0.1641521,0.5754868,0.1547721,-0.1560425,0.4141415,0.4563394,-0.01228321,0.9918002,0.4340891,-0.1477406,0.2705546,0.8306768,False,0,1,20
6/25/2025 12:10:02 PM,1750846202538,Right,-0.1038464,0.5606741,0.1434599,-0.1318253,0.4163868,0.4525545,-0.1639153,0.5551786,0.1534026,-0.1553605,0.397657,0.4570685,-0.01077282,0.9736924,0.4300013,-0.1457883,0.2589176,0.8331091,False,0,1,20
6/25/2025 12:10:02 PM,1750846202566,Right,-0.1039684,0.5201076,0.1382644,-0.1304111,0.3837469,0.4522884,-0.1649247,0.5158226,0.1507839,-0.1547978,0.3657538,0.459394,-0.008890033,0.9389029,0.4209635,-0.1423409,0.2373237,0.8378271,False,0,1,20
6/25/2025 12:10:02 PM,1750846202579,Right,-0.1036237,0.500946,0.1365888,-0.129469,0.3684004,0.4531148,-0.1655361,0.4964838,0.1498536,-0.1551944,0.3511001,0.4615235,-0.00861454,0.9217944,0.4161363,-0.1421507,0.2291152,0.8412777,False,0,1,20
6/25/2025 12:10:02 PM,1750846202608,Right,-0.1030886,0.4652129,0.134066,-0.1289566,0.3394463,0.4552408,-0.165002,0.4597593,0.1487011,-0.154299,0.3230883,0.4661821,-0.008745909,0.8888658,0.406379,-0.1401501,0.2132147,0.8477707,False,0,1,20
6/25/2025 12:10:02 PM,1750846202621,Right,-0.1024218,0.4466771,0.1340157,-0.1285535,0.3252782,0.4568957,-0.1640476,0.4419209,0.1485912,-0.1539559,0.3102674,0.4682964,-0.009333849,0.8733249,0.4015411,-0.1403571,0.2064834,0.8515193,False,0,1,20
6/25/2025 12:10:02 PM,1750846202635,Right,-0.1013698,0.4286592,0.1340601,-0.1282671,0.3121421,0.457377,-0.1633441,0.4243612,0.148747,-0.1530807,0.2971743,0.4689953,-0.01004696,0.8579867,0.3974041,-0.1389613,0.1977868,0.8545584,False,0,1,20
6/25/2025 12:10:02 PM,1750846202662,Right,-0.0989951,0.3941694,0.1357845,-0.1266077,0.28758,0.4610838,-0.1607859,0.3926904,0.1496866,-0.1520271,0.2742669,0.4719394,-0.01162302,0.829205,0.3899314,-0.1399962,0.1844369,0.8612331,False,0,1,20
6/25/2025 12:10:02 PM,1750846202677,Right,-0.09831873,0.3781641,0.1365915,-0.1267129,0.2751818,0.463062,-0.1597011,0.3772025,0.1507176,-0.1511563,0.2624142,0.4743471,-0.01252449,0.8159527,0.3864923,-0.1392319,0.1770082,0.8645827,False,0,1,20
6/25/2025 12:10:02 PM,1750846202705,Right,-0.09705782,0.3510847,0.1408028,-0.1256103,0.2521271,0.4677017,-0.1569941,0.3484158,0.1533516,-0.1497361,0.2409001,0.4785026,-0.0135715,0.7906961,0.3805243,-0.1389917,0.1635843,0.8714138,False,0,1,20
6/25/2025 12:10:02 PM,1750846202719,Right,-0.09532657,0.3374639,0.1421049,-0.1248538,0.2409752,0.470245,-0.1559897,0.3346182,0.1550019,-0.1491969,0.230584,0.4820569,-0.01385546,0.7796488,0.378388,-0.1389105,0.1579532,0.8751393,False,0,1,20
6/25/2025 12:10:02 PM,1750846202746,Right,-0.09223652,0.3138707,0.1463914,-0.1234823,0.2218825,0.4744548,-0.152061,0.3097631,0.1585027,-0.1471146,0.2120741,0.4863824,-0.01282597,0.7594864,0.3747683,-0.1389171,0.1463585,0.8818464,False,0,1,20
6/25/2025 12:10:02 PM,1750846202761,Right,-0.09117978,0.3012224,0.1484722,-0.1220245,0.212646,0.4765898,-0.1504902,0.2971615,0.1602358,-0.1458817,0.2029498,0.488235,-0.01144052,0.7505323,0.3738362,-0.1380543,0.1408976,0.8851682,False,0,1,20
6/25/2025 12:10:02 PM,1750846202789,Right,-0.0870527,0.2783828,0.1521847,-0.1202474,0.1961999,0.4810937,-0.1464682,0.2762435,0.1639377,-0.1434408,0.1874245,0.4927972,-0.008154273,0.7338557,0.3721347,-0.1375372,0.1315261,0.8913146,False,0,1,20
6/25/2025 12:10:02 PM,1750846202802,Right,-0.08474123,0.2683012,0.1545565,-0.1194337,0.1879787,0.4832515,-0.1450069,0.2653078,0.1658008,-0.1424565,0.1795544,0.4949644,-0.00636816,0.7261847,0.3716303,-0.1370395,0.1270887,0.8944517,False,0,1,20
6/25/2025 12:10:02 PM,1750846202816,Right,-0.08351073,0.2573171,0.1550391,-0.1184936,0.1806315,0.4851488,-0.143645,0.2555225,0.1673234,-0.1415803,0.1722487,0.4976764,-0.004539728,0.7192736,0.3709528,-0.1368652,0.1230839,0.8970591,False,0,1,20
6/25/2025 12:10:02 PM,1750846202843,Right,-0.07952345,0.2391922,0.157898,-0.1158235,0.1671329,0.488821,-0.140107,0.2381015,0.1701455,-0.1390336,0.1594158,0.501539,-0.00130856,0.7067659,0.3696978,-0.1358393,0.1157629,0.9016611,False,0,1,20
6/25/2025 12:10:02 PM,1750846202857,Right,-0.07834742,0.2310544,0.159364,-0.1145882,0.1604331,0.4906145,-0.1389914,0.2298746,0.1714205,-0.1380593,0.1531294,0.5032818,6.198883E-05,0.7013535,0.368981,-0.1353315,0.1118347,0.9036454,False,0,1,20
6/25/2025 12:10:02 PM,1750846202885,Right,-0.07718179,0.2165582,0.1620884,-0.1129056,0.1484448,0.493816,-0.136888,0.215297,0.1736698,-0.1360206,0.1420352,0.5062243,0.002441049,0.6915948,0.367321,-0.1336604,0.1049051,0.9070887,False,0,1,20
6/25/2025 12:10:02 PM,1750846202898,Right,-0.07714808,0.2092459,0.1634878,-0.112298,0.1428185,0.494622,-0.1370142,0.2079669,0.1744955,-0.1355612,0.1363182,0.5064369,0.003489733,0.6872029,0.3667241,-0.1326103,0.1006976,0.9083714,False,0,1,20
6/25/2025 12:10:02 PM,1750846202927,Right,-0.07789913,0.1960646,0.1656649,-0.1120444,0.1313038,0.496182,-0.1373693,0.1948655,0.1758539,-0.1347406,0.1261747,0.5073636,0.005712748,0.6793662,0.3654878,-0.1304018,0.09367421,0.9105728,False,0,1,20
6/25/2025 12:10:02 PM,1750846202941,Right,-0.07952842,0.1891408,0.165852,-0.1119473,0.1257792,0.4966454,-0.1378704,0.1888791,0.1762687,-0.1343695,0.1212079,0.5078032,0.006768465,0.6758273,0.3651756,-0.1288105,0.08986682,0.9112616,False,0,1,20
6/25/2025 12:10:02 PM,1750846202969,Right,-0.08194813,0.1788176,0.1681187,-0.1118925,0.1160663,0.4978373,-0.1394513,0.1778388,0.1770031,-0.1342543,0.1126363,0.507599,0.009074688,0.6689485,0.3646455,-0.126219,0.08369392,0.9125721,False,0,1,20
6/25/2025 12:10:02 PM,1750846202982,Right,-0.08349646,0.1734407,0.1683325,-0.111893,0.1116062,0.4980614,-0.1402197,0.1731794,0.1771142,-0.1339007,0.1088894,0.5075632,0.01018262,0.6657994,0.3644706,-0.1241721,0.08092619,0.9128668,False,0,1,20
6/25/2025 12:10:02 PM,1750846202996,Right,-0.08364339,0.1689586,0.1681372,-0.1111881,0.1085033,0.4980056,-0.1411185,0.1680205,0.1772756,-0.1338085,0.1048218,0.5077198,0.01165438,0.6626878,0.3646863,-0.1225745,0.07810491,0.9132589,False,0,1,20
6/25/2025 12:10:03 PM,1750846203024,Right,-0.08483159,0.1596859,0.1674834,-0.1110081,0.1009663,0.4980452,-0.1416951,0.1584469,0.1770418,-0.13297,0.0976409,0.5081474,0.01456904,0.6566595,0.365817,-0.1195414,0.07393345,0.9135653,False,0,1,20
6/25/2025 12:10:03 PM,1750846203038,Right,-0.08514642,0.1561342,0.1672797,-0.1102526,0.09810691,0.4979997,-0.1412574,0.1533239,0.1768565,-0.1320184,0.0942248,0.508213,0.01579642,0.653545,0.3665419,-0.1175052,0.07256314,0.9137511,False,0,1,20
6/25/2025 12:10:03 PM,1750846203066,Right,-0.08538464,0.1478415,0.1660673,-0.1088496,0.09295759,0.4971777,-0.1417728,0.1458464,0.1760304,-0.1314131,0.08885026,0.5074602,0.01723671,0.6473234,0.3672777,-0.1150273,0.06963105,0.9133065,False,0,1,20
6/25/2025 12:10:03 PM,1750846203080,Right,-0.08523538,0.1438397,0.16523,-0.1083765,0.08993496,0.4969201,-0.1416916,0.1423145,0.1756789,-0.1307946,0.08606189,0.5075967,0.01737154,0.6445923,0.3672355,-0.1135842,0.067877,0.9130859,False,0,1,20
6/25/2025 12:10:03 PM,1750846203108,Right,-0.08428575,0.1365684,0.162622,-0.1078517,0.08444817,0.496612,-0.1413458,0.135472,0.1749424,-0.1295106,0.08061486,0.5090592,0.01765943,0.6393152,0.3672589,-0.1110195,0.06481954,0.9126339,False,0,1,20
6/25/2025 12:10:03 PM,1750846203122,Right,-0.08400318,0.1332512,0.1618725,-0.1075316,0.08167292,0.4966941,-0.1407206,0.1325662,0.1744663,-0.1286876,0.07797381,0.5093603,0.01780653,0.6364956,0.3673434,-0.1100253,0.06275848,0.9122229,False,0,1,20
6/25/2025 12:10:03 PM,1750846203136,Right,-0.08361953,0.1303208,0.1607394,-0.1066922,0.07914919,0.4967526,-0.1399675,0.1300614,0.1739921,-0.1276976,0.07571439,0.5100031,0.01799464,0.6337272,0.3675363,-0.1088162,0.06116913,0.9118156,False,0,1,20
6/25/2025 12:10:03 PM,1750846203163,Right,-0.08217828,0.1246788,0.1612402,-0.1057676,0.07422279,0.4962294,-0.1392171,0.1244873,0.1734109,-0.1268405,0.0705906,0.5084699,0.01822209,0.6284676,0.3673514,-0.1079519,0.05624919,0.9112904,False,0,1,20
6/25/2025 12:10:03 PM,1750846203177,Right,-0.08174345,0.1220066,0.1615129,-0.1052936,0.07171413,0.4959614,-0.1386636,0.121899,0.1731596,-0.1261743,0.06835082,0.5077196,0.01824141,0.6259133,0.3668191,-0.1071445,0.05424241,0.9110818,False,0,1,20
6/25/2025 12:10:03 PM,1750846203205,Right,-0.08053108,0.1183833,0.1613821,-0.1049433,0.06704982,0.496063,-0.1390861,0.1162018,0.1726112,-0.1263322,0.06306024,0.5076543,0.01819754,0.6214085,0.3668178,-0.1073537,0.04961337,0.9106215,False,0,1,20
6/25/2025 12:10:03 PM,1750846203219,Right,-0.07991692,0.116573,0.1611692,-0.1044859,0.06518964,0.4960488,-0.13897,0.1112412,0.1728227,-0.1261172,0.05986236,0.508349,0.01850057,0.6194655,0.3668453,-0.1071976,0.04861593,0.9111781,False,0,1,20
6/25/2025 12:10:03 PM,1750846203247,Right,-0.07875118,0.1109512,0.1609127,-0.1036553,0.06269673,0.4962368,-0.1387034,0.1066075,0.1724047,-0.1255973,0.05837828,0.5084145,0.01963902,0.6161789,0.3668883,-0.1065353,0.05092996,0.9112995,False,0,1,20
6/25/2025 12:10:03 PM,1750846203261,Right,-0.07805081,0.1085672,0.1610029,-0.1030001,0.06195459,0.4961903,-0.1382578,0.1043109,0.17228,-0.1251214,0.05726476,0.5080954,0.02023649,0.614869,0.3671429,-0.106049,0.0511295,0.9113567,False,0,1,20
6/25/2025 12:10:03 PM,1750846203288,Right,-0.07596159,0.1037343,0.1605766,-0.1015942,0.06067694,0.4957086,-0.1369807,0.09985868,0.1718908,-0.1242781,0.05548202,0.5076106,0.02174473,0.612742,0.3680204,-0.1057148,0.05241691,0.9113986,False,0,1,20
6/25/2025 12:10:03 PM,1750846203302,Right,-0.07506461,0.1021245,0.1603625,-0.1012043,0.06001047,0.4953792,-0.1359289,0.09656482,0.1714061,-0.12349,0.05369239,0.5071288,0.02245665,0.611764,0.3683281,-0.1052034,0.05237851,0.9111382,False,0,1,20
6/25/2025 12:10:03 PM,1750846203316,Right,-0.0743803,0.1002096,0.1601603,-0.1009407,0.05946682,0.4952296,-0.1347107,0.09333895,0.1709704,-0.1229436,0.0523756,0.5068699,0.02321649,0.6110517,0.3686352,-0.1052696,0.05332279,0.910992,False,0,1,20
6/25/2025 12:10:03 PM,1750846203344,Right,-0.07322936,0.09662192,0.1600043,-0.1008146,0.05730679,0.4950156,-0.1331503,0.09142608,0.1705557,-0.1221967,0.05230257,0.5065547,0.02459919,0.60982,0.3697039,-0.1054766,0.05542435,0.9108517,False,0,1,20
6/25/2025 12:10:03 PM,1750846203358,Right,-0.07321086,0.09483051,0.1595459,-0.1001248,0.05719847,0.4948083,-0.1325066,0.08936777,0.1701729,-0.1219574,0.05113437,0.506286,0.02534902,0.6093271,0.3701713,-0.1058214,0.05533348,0.9105983,False,0,1,20
6/25/2025 12:10:03 PM,1750846203386,Right,-0.07209355,0.0908747,0.1591484,-0.09985815,0.05573555,0.4940909,-0.1313836,0.08680079,0.1693094,-0.1214887,0.05000658,0.505092,0.02710259,0.6082598,0.371151,-0.1062012,0.05582112,0.9099215,False,0,1,20
6/25/2025 12:10:03 PM,1750846203400,Right,-0.07176241,0.08891787,0.1592567,-0.09932947,0.05525532,0.4936026,-0.1308154,0.08496311,0.1687951,-0.1212827,0.04915488,0.5039448,0.02796209,0.6076998,0.3716117,-0.1062689,0.05597543,0.9095092,False,0,1,20
6/25/2025 12:10:03 PM,1750846203428,Right,-0.07100925,0.08710779,0.159079,-0.09879646,0.05449831,0.4929786,-0.1298743,0.08262282,0.1678318,-0.1208168,0.0482366,0.5026063,0.02924275,0.6069247,0.372149,-0.1061125,0.05664015,0.9086829,False,0,1,20
6/25/2025 12:10:03 PM,1750846203442,Right,-0.07045873,0.0856837,0.158377,-0.09862113,0.0538238,0.4920597,-0.1292166,0.0812412,0.1669088,-0.1204378,0.04758534,0.5015082,0.02975917,0.606648,0.3721625,-0.1058979,0.05680609,0.9078267,False,0,1,20
6/25/2025 12:10:03 PM,1750846203455,Right,-0.07020184,0.08403908,0.1577757,-0.09835123,0.05353068,0.4905665,-0.1287796,0.08002071,0.1657523,-0.1201952,0.04719439,0.499444,0.03023624,0.6063211,0.3721684,-0.1056303,0.0571915,0.9067267,False,0,1,20
6/25/2025 12:10:03 PM,1750846203483,Right,-0.06985191,0.08143271,0.155444,-0.09738456,0.05291943,0.4876994,-0.1274957,0.07759174,0.1627437,-0.1194773,0.0462986,0.4958227,0.03160501,0.6054167,0.3724574,-0.1052908,0.05798367,0.9038392,False,0,1,20
6/25/2025 12:10:03 PM,1750846203497,Right,-0.06908352,0.07962599,0.1537171,-0.09697202,0.05262998,0.4855678,-0.1269595,0.07587101,0.160513,-0.1192156,0.0454593,0.4931834,0.03226995,0.6050436,0.3724557,-0.1053445,0.0581242,0.9016728,False,0,1,20
6/25/2025 12:10:03 PM,1750846203525,Right,-0.06869938,0.07710914,0.1498731,-0.09459373,0.05188785,0.4817091,-0.1260779,0.07337696,0.1556071,-0.1187136,0.04444227,0.4880801,0.03351343,0.6044005,0.372476,-0.1052785,0.0588542,0.8968605,False,0,1,20
6/25/2025 12:10:03 PM,1750846203539,Right,-0.06850864,0.0757211,0.1470325,-0.09413854,0.05120505,0.4788825,-0.125816,0.07190941,0.1523482,-0.1185747,0.04364525,0.4848243,0.03423476,0.6040082,0.3725091,-0.105449,0.05888459,0.8936415,False,0,1,20
6/25/2025 12:10:03 PM,1750846203566,Right,-0.06799769,0.07262641,0.141047,-0.09295232,0.05035146,0.4734351,-0.1252496,0.06844836,0.1456251,-0.1181601,0.04184167,0.4785452,0.03583026,0.6030099,0.372239,-0.1053836,0.05918456,0.8869884,False,0,1,20
6/25/2025 12:10:03 PM,1750846203580,Right,-0.06827301,0.07060298,0.1375924,-0.09306342,0.04981276,0.4693318,-0.1251971,0.06670545,0.141847,-0.1180932,0.04087716,0.4741039,0.03649497,0.6023926,0.3719943,-0.1055136,0.05907005,0.8832338,False,0,1,20
6/25/2025 12:10:03 PM,1750846203608,Right,-0.06842621,0.06674456,0.1310101,-0.09382743,0.04893044,0.4616949,-0.1253458,0.06255813,0.1349352,-0.1181186,0.03881472,0.4661903,0.03773403,0.6009003,0.3714182,-0.1057307,0.05941936,0.8763565,False,0,1,20
6/25/2025 12:10:03 PM,1750846203622,Right,-0.06859364,0.06551531,0.128049,-0.09422548,0.04871333,0.4582124,-0.1252548,0.06041586,0.131526,-0.117995,0.03786095,0.4623007,0.03834307,0.5999567,0.3709681,-0.1058332,0.05987086,0.8729588,False,0,1,20
6/25/2025 12:10:03 PM,1750846203636,Right,-0.06828581,0.06351788,0.1248033,-0.09375461,0.0482381,0.4550886,-0.1252804,0.05832946,0.1282665,-0.1180288,0.03680908,0.4591231,0.03882968,0.59897,0.3702008,-0.1060631,0.06011631,0.8697027,False,0,1,20
6/25/2025 12:10:03 PM,1750846203664,Right,-0.0681495,0.06081426,0.1195211,-0.09373949,0.04771981,0.448702,-0.1247456,0.05379765,0.1223611,-0.1173689,0.03486317,0.4521981,0.03922808,0.5966904,0.3683178,-0.1059545,0.06126702,0.8637727,False,0,1,20
6/25/2025 12:10:03 PM,1750846203678,Right,-0.06771708,0.05899292,0.1168761,-0.09372456,0.04740774,0.4456,-0.1246171,0.05190838,0.1194024,-0.1172074,0.03402791,0.4488181,0.03931463,0.595486,0.3671401,-0.1060897,0.06170314,0.8607936,False,0,1,20
6/25/2025 12:10:03 PM,1750846203704,Right,-0.0674734,0.05689409,0.1123794,-0.09438452,0.04662185,0.4403864,-0.1244849,0.04861709,0.11382,-0.1170219,0.03262518,0.4426357,0.03944159,0.593282,0.3644645,-0.1068029,0.06261268,0.8551645,False,0,1,20
6/25/2025 12:10:03 PM,1750846203720,Right,-0.06723285,0.05589379,0.1103322,-0.09455651,0.04662059,0.4372491,-0.1244573,0.04730453,0.1109968,-0.1169628,0.03213255,0.4387899,0.03969061,0.5920973,0.3631021,-0.107119,0.06304404,0.8523144,False,0,1,20
6/25/2025 12:10:03 PM,1750846203746,Right,-0.06581116,0.05307326,0.105488,-0.0952475,0.04570176,0.4322359,-0.1241188,0.04397092,0.1059944,-0.1164754,0.03045797,0.4337872,0.04014397,0.5893817,0.3603156,-0.1077153,0.06344911,0.8472444,False,0,1,20
6/25/2025 12:10:03 PM,1750846203761,Right,-0.06530909,0.05205735,0.1032788,-0.09567042,0.0456443,0.4294722,-0.1239666,0.04234868,0.1033339,-0.1163594,0.02972796,0.4307075,0.04056334,0.588111,0.3586781,-0.1080953,0.06379413,0.8445412,False,0,1,20
6/25/2025 12:10:03 PM,1750846203788,Right,-0.06445506,0.04952303,0.09881116,-0.09622277,0.04461303,0.4255511,-0.1236983,0.03845704,0.09865655,-0.1162406,0.02784583,0.4266917,0.04084158,0.5854387,0.3547956,-0.1093381,0.06445036,0.8397492,False,0,1,20
6/25/2025 12:10:03 PM,1750846203802,Right,-0.06393884,0.04814981,0.09630565,-0.09653739,0.04429991,0.4234971,-0.1235413,0.03638794,0.09625696,-0.1161962,0.02678864,0.4248421,0.04073584,0.5841992,0.3526881,-0.1099895,0.06467207,0.8372809,False,0,1,20
6/25/2025 12:10:03 PM,1750846203816,Right,-0.06351656,0.04697698,0.09443116,-0.09676766,0.04376573,0.4218239,-0.1236305,0.03408835,0.09442099,-0.1163016,0.02569401,0.4232978,0.04062259,0.5828052,0.3506209,-0.1107878,0.06506029,0.83535,False,0,1,20
6/25/2025 12:10:03 PM,1750846203844,Right,-0.06306233,0.04454601,0.09207696,-0.09742378,0.04223495,0.4193851,-0.1234257,0.03077176,0.09142055,-0.1164549,0.02429274,0.4203947,0.04029608,0.5804815,0.3467662,-0.1124869,0.0659674,0.8321916,False,0,1,20
6/25/2025 12:10:03 PM,1750846203858,Right,-0.06302549,0.04314498,0.09139664,-0.09757634,0.04199748,0.4185348,-0.1235466,0.02882107,0.09072773,-0.1165862,0.02333553,0.419574,0.04017937,0.5792932,0.3444391,-0.1133621,0.06617211,0.831404,False,0,1,20
6/25/2025 12:10:03 PM,1750846203885,Right,-0.0625401,0.04174225,0.09150413,-0.09824267,0.04122725,0.4179156,-0.1229316,0.02701136,0.09035244,-0.1166497,0.0227894,0.4186361,0.03991568,0.5773667,0.3401459,-0.1153619,0.06705532,0.8309193,False,0,1,20
6/25/2025 12:10:03 PM,1750846203899,Right,-0.06182002,0.04189766,0.09229114,-0.09909093,0.04013288,0.4181994,-0.1225161,0.02618586,0.09048714,-0.1168314,0.02234877,0.4184717,0.04001701,0.5766436,0.3381599,-0.1167172,0.06702967,0.8310263,False,0,1,20
6/25/2025 12:10:03 PM,1750846203926,Right,-0.06116896,0.04188169,0.09298633,-0.09899735,0.03983024,0.4185096,-0.122202,0.02597594,0.09049241,-0.1167849,0.02241928,0.4181536,0.04042006,0.5755551,0.3347598,-0.116947,0.0674516,0.8310005,False,0,1,20
6/25/2025 12:10:03 PM,1750846203941,Right,-0.06043294,0.04061743,0.09217404,-0.09933178,0.0395191,0.4183846,-0.1221898,0.02593944,0.09048133,-0.1166294,0.02234793,0.4189166,0.04071045,0.5748982,0.3330008,-0.1161675,0.06741999,0.8309833,False,0,1,20
6/25/2025 12:10:03 PM,1750846203969,Right,-0.05967435,0.03947455,0.09169093,-0.1000186,0.03898676,0.4176698,-0.1218633,0.02580407,0.09044982,-0.1162364,0.02230731,0.4188479,0.04165041,0.5744675,0.3296309,-0.1152867,0.06754865,0.8309323,False,0,1,20
6/25/2025 12:10:03 PM,1750846203982,Right,-0.05943244,0.0394253,0.09168547,-0.09961507,0.03930413,0.4174378,-0.1218806,0.02570473,0.09043562,-0.1162109,0.02216976,0.4185958,0.04227388,0.5746876,0.3280122,-0.115024,0.06737854,0.8309195,False,0,1,20
6/25/2025 12:10:03 PM,1750846203997,Right,-0.05931476,0.03934036,0.09148397,-0.09975776,0.03932081,0.4173685,-0.1219047,0.02569182,0.09045463,-0.1162175,0.02210003,0.4187672,0.04273081,0.5747616,0.3264549,-0.1149649,0.06724712,0.8309444,False,0,1,20
6/25/2025 12:10:04 PM,1750846204024,Right,-0.05906425,0.03898249,0.09098864,-0.100047,0.03930288,0.4173689,-0.1219019,0.02587114,0.09045745,-0.1162465,0.02223733,0.419314,0.04427719,0.5753525,0.3233157,-0.115191,0.06732889,0.8309548,False,0,1,20
6/25/2025 12:10:04 PM,1750846204038,Right,-0.05870574,0.03831108,0.09032625,-0.1002745,0.03936892,0.4172806,-0.1219376,0.02598656,0.09045247,-0.1162864,0.02226129,0.4199395,0.04507899,0.5759628,0.3217226,-0.1153347,0.06724538,0.8309619,False,0,1,20
6/25/2025 12:10:04 PM,1750846204066,Right,-0.05827119,0.03766986,0.08930753,-0.1014953,0.03941721,0.416911,-0.1220785,0.02597321,0.09047417,-0.1164318,0.02222782,0.4208195,0.04655266,0.577364,0.3184583,-0.1156287,0.06719504,0.830987,False,0,1,20
6/25/2025 12:10:04 PM,1750846204080,Right,-0.05801171,0.03759722,0.08879535,-0.1025519,0.03906626,0.4167989,-0.122049,0.02604575,0.09049496,-0.1164341,0.02223019,0.4214089,0.04731929,0.5781665,0.3168006,-0.1157307,0.06712012,0.8310171,False,0,1,20
6/25/2025 12:10:04 PM,1750846204108,Right,-0.05768285,0.03668875,0.0885594,-0.1037724,0.03944477,0.4168177,-0.1219832,0.0261934,0.09055156,-0.1164975,0.02229438,0.4219538,0.04896307,0.5800855,0.3135433,-0.1161028,0.06707719,0.8310879,False,0,1,20
6/25/2025 12:10:04 PM,1750846204122,Right,-0.05766957,0.0365665,0.0888193,-0.1040692,0.03948306,0.4171035,-0.1219231,0.02633774,0.09060743,-0.1165553,0.02232864,0.4220879,0.04969466,0.5809355,0.3118489,-0.1163758,0.06696901,0.8311602,False,0,1,20
6/25/2025 12:10:04 PM,1750846204136,Right,-0.05779432,0.03637289,0.08897657,-0.1046139,0.03956668,0.4178954,-0.1219051,0.02655169,0.09066066,-0.1165928,0.02246624,0.4226428,0.05034947,0.5817593,0.3101333,-0.1165707,0.06701691,0.8312241,False,0,1,20
6/25/2025 12:10:04 PM,1750846204164,Right,-0.05781329,0.03568814,0.08933603,-0.1045883,0.0403032,0.4187503,-0.1219723,0.02756855,0.09065213,-0.1166494,0.02290076,0.4233086,0.0514816,0.5835242,0.3062905,-0.1168482,0.06672798,0.8312872,False,0,1,20
6/25/2025 12:10:04 PM,1750846204178,Right,-0.05802161,0.03536808,0.08960923,-0.104708,0.04063305,0.4193001,-0.122145,0.0277779,0.09071343,-0.1168204,0.02303688,0.4234772,0.05223989,0.5843205,0.3044404,-0.1170686,0.06677122,0.8313577,False,0,1,20
6/25/2025 12:10:04 PM,1750846204205,Right,-0.05802961,0.03481422,0.0898932,-0.105955,0.04064069,0.4205017,-0.1226158,0.02771559,0.09069729,-0.1170916,0.02293141,0.4246989,0.05350351,0.5853383,0.3007665,-0.1170906,0.06665926,0.8313409,False,0,1,20
6/25/2025 12:10:04 PM,1750846204219,Right,-0.05807331,0.03452517,0.08996607,-0.1062078,0.04092824,0.4208404,-0.1229005,0.02781548,0.09070903,-0.1173035,0.02299296,0.4250219,0.05384827,0.5857401,0.298905,-0.1172233,0.06668442,0.8313555,False,0,1,20
6/25/2025 12:10:04 PM,1750846204247,Right,-0.05849143,0.03303791,0.09101172,-0.105914,0.04206291,0.4205722,-0.1235809,0.02799044,0.09068169,-0.1175815,0.02301181,0.4237154,0.05416942,0.5863786,0.2949181,-0.1168774,0.06648287,0.8313391,False,0,1,20
6/25/2025 12:10:04 PM,1750846204261,Right,-0.0584562,0.03205999,0.09128015,-0.1065325,0.0427275,0.4202275,-0.1238298,0.02944217,0.09035416,-0.1177569,0.0240242,0.4224967,0.05424714,0.5866472,0.2928441,-0.1169048,0.06692841,0.8310612,False,0,1,20
6/25/2025 12:10:04 PM,1750846204288,Right,-0.06038437,0.0299105,0.09120563,-0.1072113,0.04244312,0.4202727,-0.1276388,0.03163602,0.0899636,-0.1197096,0.02499565,0.4224339,0.05422163,0.5865441,0.2886995,-0.1165162,0.06642346,0.8307512,False,0,1,20
6/25/2025 12:10:04 PM,1750846204302,Right,-0.06182059,0.02903301,0.0910683,-0.1076027,0.04238103,0.4202661,-0.1292918,0.03177304,0.08998168,-0.1206814,0.02500638,0.4224394,0.05396116,0.5862123,0.2865016,-0.116597,0.06628661,0.8307568,False,0,1,20
6/25/2025 12:10:04 PM,1750846204316,Right,-0.06324282,0.02838429,0.09102599,-0.1083166,0.04197009,0.4206985,-0.1306366,0.03103083,0.09014379,-0.1210765,0.02449199,0.4229467,0.05362952,0.5858998,0.2842886,-0.115672,0.0660909,0.8308508,False,0,1,20
6/25/2025 12:10:04 PM,1750846204344,Right,-0.06435997,0.02784366,0.09117897,-0.1085545,0.04216099,0.4202556,-0.132883,0.03067613,0.09019663,-0.1218601,0.02440635,0.4223095,0.05285406,0.5851713,0.2798084,-0.1141097,0.06636941,0.8307867,False,0,1,20
6/25/2025 12:10:04 PM,1750846204359,Right,-0.06517565,0.02790337,0.09103704,-0.1089787,0.04193063,0.4201607,-0.1333747,0.03045247,0.09019131,-0.1217982,0.02441637,0.4222656,0.0527339,0.5847205,0.2772937,-0.1130514,0.06670153,0.8307135,False,0,1,20
6/25/2025 12:10:04 PM,1750846204386,Right,-0.06638367,0.02740277,0.0914674,-0.109458,0.04075385,0.4202137,-0.1341288,0.03000147,0.09018872,-0.1218602,0.02432445,0.4217499,0.05260193,0.5840883,0.2719194,-0.1116397,0.06709322,0.8306066,False,0,1,20
6/25/2025 12:10:04 PM,1750846204400,Right,-0.06692573,0.02714005,0.09096774,-0.1091312,0.04064168,0.4204666,-0.1346215,0.0296964,0.09019189,-0.1220624,0.02426922,0.4223564,0.05267072,0.5841144,0.2689587,-0.1112702,0.06739366,0.8305525,False,0,1,20
6/25/2025 12:10:04 PM,1750846204427,Right,-0.06859355,0.02640296,0.09066828,-0.1095134,0.0402176,0.4204607,-0.1362102,0.02919498,0.09023932,-0.1227268,0.02415388,0.4225246,0.05247664,0.5842186,0.2632842,-0.1104409,0.06779106,0.8304733,False,0,1,20
6/25/2025 12:10:04 PM,1750846204441,Right,-0.0700201,0.02588152,0.08940016,-0.1097595,0.04002388,0.4204944,-0.1374299,0.02879661,0.09031192,-0.1232354,0.02403351,0.423707,0.05244029,0.5844114,0.2610133,-0.1099628,0.06806649,0.8304495,False,0,1,20
6/25/2025 12:10:04 PM,1750846204456,Right,-0.0716166,0.02486151,0.08973141,-0.109787,0.040051,0.4204894,-0.1390449,0.02825563,0.0905557,-0.124045,0.02377383,0.4234815,0.05266297,0.5848275,0.2586746,-0.1094517,0.06815992,0.8305774,False,0,1,20
6/25/2025 12:10:04 PM,1750846204483,Right,-0.07491253,0.02373946,0.08874844,-0.1104515,0.0396768,0.4206826,-0.1424307,0.02738012,0.09119791,-0.1252435,0.02347417,0.4249258,0.05356705,0.5861369,0.2538226,-0.107775,0.0686096,0.8309271,False,0,1,20
6/25/2025 12:10:04 PM,1750846204497,Right,-0.07685009,0.02355613,0.08818992,-0.1111639,0.03919369,0.4211808,-0.1444012,0.02691509,0.09140045,-0.1259702,0.02332271,0.4259526,0.05392241,0.5869645,0.2515607,-0.1066858,0.06888725,0.8309381,False,0,1,20
6/25/2025 12:10:04 PM,1750846204525,Right,-0.07886732,0.02344977,0.08819555,-0.1125288,0.03850276,0.4201616,-0.1472743,0.02633813,0.09147853,-0.1273698,0.02302593,0.4248857,0.05475593,0.5889979,0.2474196,-0.1052139,0.06895477,0.830745,False,0,1,20
6/25/2025 12:10:04 PM,1750846204538,Right,-0.07977027,0.02376119,0.08766342,-0.1130527,0.03877566,0.4204578,-0.1481179,0.02647065,0.09142148,-0.1275741,0.0231716,0.4255454,0.0550313,0.5906499,0.2452573,-0.104336,0.06914812,0.8305845,False,0,1,20
6/25/2025 12:10:04 PM,1750846204566,Right,-0.08074915,0.02488218,0.0879932,-0.1149321,0.04002892,0.4211418,-0.1500266,0.02500463,0.0922015,-0.1280921,0.02234403,0.4267014,0.0555346,0.5950041,0.2408438,-0.1028149,0.06911464,0.8310692,False,0,1,20
6/25/2025 12:10:04 PM,1750846204581,Right,-0.08116868,0.02553429,0.08818354,-0.1163609,0.04139379,0.420915,-0.1505115,0.02542969,0.0922608,-0.1281417,0.02272347,0.4264699,0.05594146,0.5978964,0.2384374,-0.1023149,0.06943388,0.8310712,False,0,1,20
6/25/2025 12:10:04 PM,1750846204609,Right,-0.0825946,0.02939158,0.08574156,-0.1167153,0.04444265,0.4217918,-0.1512779,0.02485953,0.09238854,-0.1280234,0.02238081,0.4296045,0.05711401,0.6048498,0.2329248,-0.1016906,0.06941362,0.831074,False,0,1,20
6/25/2025 12:10:04 PM,1750846204622,Right,-0.08141918,0.03157303,0.08640635,-0.117092,0.04625649,0.4230944,-0.1512616,0.02499575,0.092348,-0.1280077,0.02244526,0.4303589,0.0581274,0.6093161,0.2299305,-0.1019607,0.06940094,0.8310615,False,0,1,20
6/25/2025 12:10:04 PM,1750846204636,Right,-0.07967404,0.03386633,0.08680025,-0.118215,0.04861882,0.4238028,-0.1513376,0.0249766,0.09234713,-0.1278369,0.02245952,0.4312433,0.05902207,0.6142043,0.2268201,-0.1016869,0.06946771,0.8310321,False,0,1,20
6/25/2025 12:10:04 PM,1750846204664,Right,-0.0755824,0.04044305,0.08747409,-0.119319,0.05553699,0.4241747,-0.151517,0.02507319,0.09237754,-0.1282859,0.02242997,0.4313967,0.06224036,0.6264248,0.2199768,-0.1030781,0.06926823,0.8311607,False,0,1,20
6/25/2025 12:10:04 PM,1750846204677,Right,-0.07342532,0.04398976,0.08732555,-0.1199512,0.05929318,0.4248566,-0.1515761,0.02543074,0.09234982,-0.1281657,0.02269653,0.4325422,0.06459498,0.633579,0.2160742,-0.1031159,0.0694394,0.8311427,False,0,1,20
6/25/2025 12:10:04 PM,1750846204705,Right,-0.06926502,0.05193714,0.08501182,-0.1259261,0.06688002,0.4271454,-0.1517755,0.02695356,0.0922877,-0.1280206,0.02342352,0.4383627,0.06860197,0.6486438,0.2081172,-0.1044128,0.06930842,0.8312485,False,0,1,20
6/25/2025 12:10:04 PM,1750846204719,Right,-0.06742737,0.05600157,0.08339857,-0.1285739,0.07166807,0.4280218,-0.1519373,0.02757818,0.09225011,-0.1278444,0.02382485,0.4415439,0.0701654,0.6575629,0.2037146,-0.1046882,0.06950478,0.8312425,False,0,1,20
6/25/2025 12:10:04 PM,1750846204747,Right,-0.06440192,0.06643686,0.07982489,-0.1352699,0.08321753,0.4337936,-0.1528056,0.0296394,0.09186949,-0.1281024,0.02449693,0.4519403,0.07356334,0.6768339,0.1938728,-0.1068308,0.06886745,0.8310904,False,0,1,20
6/25/2025 12:10:04 PM,1750846204761,Right,-0.06293883,0.07192161,0.07762599,-0.1388493,0.09006853,0.4358427,-0.1530097,0.03094487,0.09175263,-0.127874,0.02519722,0.4571128,0.07538402,0.687917,0.1880951,-0.1073534,0.06905593,0.8310518,False,0,1,20
6/25/2025 12:10:04 PM,1750846204774,Right,-0.06208685,0.07860256,0.07568265,-0.1421129,0.1031997,0.4338386,-0.1534464,0.03147605,0.09191567,-0.1283736,0.0250791,0.4585466,0.07732224,0.6994693,0.18251,-0.1088107,0.06823766,0.8313454,False,0,1,20
6/25/2025 12:10:04 PM,1750846204801,Right,-0.05981701,0.09263329,0.07066049,-0.1514971,0.1212819,0.4358353,-0.1542996,0.0316271,0.09234884,-0.1284491,0.02488882,0.4686778,0.08077466,0.7241001,0.1699495,-0.1106257,0.06789484,0.8318604,False,0,1,20
6/25/2025 12:10:04 PM,1750846204815,Right,-0.06036738,0.101338,0.06813905,-0.1572541,0.1311055,0.4377657,-0.1537975,0.03248621,0.09216092,-0.1277648,0.02540223,0.4741754,0.08230186,0.7371571,0.1632597,-0.1105316,0.06828058,0.8317195,False,0,1,20
6/25/2025 12:10:04 PM,1750846204843,Right,-0.06371124,0.116784,0.0597872,-0.1679916,0.1541827,0.438859,-0.1540273,0.03207281,0.09216756,-0.1267712,0.02503991,0.4857166,0.08517766,0.7654464,0.147848,-0.1099622,0.06836315,0.8316548,False,0,1,20
6/25/2025 12:10:04 PM,1750846204857,Right,-0.0637923,0.1264804,0.05479629,-0.1736004,0.1667522,0.4415191,-0.1545259,0.03282979,0.09196052,-0.1262012,0.02545358,0.4943801,0.08615339,0.780705,0.1401083,-0.1095081,0.06879927,0.831406,False,0,1,20
6/25/2025 12:10:04 PM,1750846204885,Right,-0.06395369,0.1473501,0.046091,-0.184041,0.1940287,0.4463104,-0.1535371,0.03462507,0.09081236,-0.1242183,0.02601808,0.5096472,0.08810973,0.8126403,0.1236913,-0.1087808,0.06895638,0.8303517,False,0,1,20
6/25/2025 12:10:04 PM,1750846204899,Right,-0.06380448,0.1597474,0.04283685,-0.1904064,0.2089433,0.4512371,-0.154164,0.0354065,0.09095892,-0.1239945,0.02606235,0.5196356,0.08895779,0.8298155,0.1149132,-0.1091743,0.0688097,0.8305265,False,0,1,20
6/25/2025 12:10:04 PM,1750846204927,Right,-0.06387778,0.1857251,0.03551054,-0.2012101,0.2384057,0.457477,-0.1541984,0.03561279,0.0910474,-0.1227562,0.02557217,0.5361688,0.08906126,0.8655635,0.09643602,-0.1090814,0.06844598,0.8306328,False,0,1,20
6/25/2025 12:10:04 PM,1750846204941,Right,-0.06411047,0.2004635,0.03223183,-0.2073993,0.253919,0.4598001,-0.1544956,0.03455634,0.09058111,-0.1225002,0.02486493,0.5429549,0.08861864,0.884945,0.08699441,-0.1091929,0.06824442,0.8301167,False,0,1,20
6/25/2025 12:10:04 PM,1750846204955,Right,-0.06437247,0.2161396,0.02864241,-0.2134237,0.2701194,0.4653536,-0.1561769,0.0333848,0.0914601,-0.1225118,0.02427312,0.5540764,0.08823633,0.905462,0.07707703,-0.1093341,0.06835688,0.8308401,False,0,1,20
6/25/2025 12:10:04 PM,1750846204982,Right,-0.06463212,0.2478174,0.02411184,-0.2239441,0.3053212,0.4727915,-0.1567844,0.03309518,0.09132139,-0.1214575,0.02398891,0.5690026,0.08853102,0.9480348,0.05671358,-0.1090587,0.06853758,0.8306226,False,0,1,20
6/25/2025 12:10:04 PM,1750846204997,Right,-0.06534616,0.2653382,0.02214275,-0.2296322,0.3244353,0.4772049,-0.1577944,0.03179398,0.09117495,-0.1213691,0.02302774,0.5772734,0.08804679,0.9705828,0.04649234,-0.1094293,0.06798679,0.8303982,False,0,1,20
6/25/2025 12:10:05 PM,1750846205025,Right,-0.06789501,0.3018469,0.01592412,-0.2421652,0.3645829,0.4847216,-0.1583566,0.03127488,0.0916504,-0.1197706,0.0230944,0.5935373,0.08559322,1.016743,0.02605045,-0.1087561,0.06872271,0.8307293,False,0,1,20
6/25/2025 12:10:05 PM,1750846205038,Right,-0.06963277,0.3206589,0.01220846,-0.2493901,0.3858907,0.4885852,-0.1582899,0.03134522,0.09164331,-0.1190116,0.0230074,0.6027614,0.08473253,1.039616,0.01599252,-0.1086849,0.06878738,0.8307222,False,0,1,20
6/25/2025 12:10:05 PM,1750846205066,Right,-0.07292677,0.3578861,0.005407323,-0.2649501,0.4285592,0.4958539,-0.1583588,0.03129438,0.09162724,-0.1176631,0.02267329,0.6206818,0.07937455,1.089157,-0.001817584,-0.1086913,0.06875083,0.8307012,False,0,1,20
6/25/2025 12:10:05 PM,1750846205080,Right,-0.07439281,0.3767403,0.001040959,-0.2734682,0.4501074,0.4989562,-0.1583132,0.03129417,0.09165297,-0.1169407,0.02248942,0.6305634,0.07680643,1.113902,-0.0100292,-0.108739,0.06872142,0.8307347,False,0,1,20
6/25/2025 12:10:05 PM,1750846205108,Right,-0.07917492,0.4146316,-0.009417402,-0.2899446,0.4932356,0.50393,-0.1583999,0.03124571,0.09164703,-0.1154867,0.02214598,0.6497291,0.07005274,1.164287,-0.02515054,-0.1087424,0.06869615,0.8307219,False,0,1,20
6/25/2025 12:10:05 PM,1750846205122,Right,-0.0833749,0.4331938,-0.0161532,-0.2981015,0.5151198,0.5053339,-0.1583408,0.03129655,0.09166813,-0.1147003,0.02204812,0.6591584,0.06662488,1.189419,-0.03168821,-0.1086987,0.06875017,0.8307439,False,0,1,20
6/25/2025 12:10:05 PM,1750846205136,Right,-0.0875816,0.4522934,-0.02220232,-0.3058895,0.5364293,0.5052568,-0.1583658,0.03126591,0.09165341,-0.1140638,0.02191202,0.6672423,0.06325531,1.21462,-0.0376159,-0.1086877,0.0687517,0.8307251,False,0,1,20
6/25/2025 12:10:05 PM,1750846205164,Right,-0.09687816,0.4890578,-0.03450893,-0.3176829,0.5808133,0.4993257,-0.1583122,0.03130835,0.09168133,-0.1134925,0.02182947,0.6744618,0.05556369,1.264121,-0.04730356,-0.1086752,0.06878439,0.8307563,False,0,1,20
6/25/2025 12:10:05 PM,1750846205177,Right,-0.1026167,0.5078679,-0.04090998,-0.3240215,0.6010058,0.4957009,-0.1583052,0.03129268,0.09168804,-0.1131661,0.02175831,0.6784834,0.05127227,1.288341,-0.05149257,-0.1086623,0.06878,0.830762,False,0,1,20
