ts_datetime,ts_unix_ms,primary_grab_hand,pt_x,pt_y,pt_z,st_x,st_y,st_z,pv_x,pv_y,pv_z,sv_x,sv_y,sv_z,hmd_x,hmd_y,hmd_z,ee_x,ee_y,ee_z,shovel_loaded_state,cube_max_target_reached,grab_count,collision_or_load_count
6/24/2025 11:22:12 AM,1750756932943,Right,-0.9743373,0.1297268,0.4752765,-0.7771396,0.5557341,0.3923367,-0.9743373,0.1297268,0.4752765,0.7261176,0.5665607,0.3851043,-1.081012,0.8190877,0.3912354,-0.9780631,0.06000001,0.5001206,False,1,1,0
6/24/2025 11:22:12 AM,1750756932958,Right,-0.973685,0.1284333,0.4748524,-0.777521,0.555276,0.3923625,-0.9742817,0.1286642,0.4751013,0.7261176,0.5665607,0.3851043,-1.081479,0.8185205,0.3916776,-0.9781597,0.05898743,0.5000622,False,1,1,0
6/24/2025 11:22:12 AM,1750756932971,Right,-0.9734859,0.1284932,0.4757,-0.7778952,0.554913,0.3923624,-0.9748628,0.1289043,0.475852,0.7261176,0.5665607,0.3851043,-1.082231,0.8176983,0.3921568,-0.9792375,0.05927678,0.5008681,False,1,1,0
6/24/2025 11:22:12 AM,1750756932999,Right,-0.9735309,0.1242699,0.4758549,-0.7787423,0.5543138,0.3926979,-0.9743631,0.1249411,0.4761918,0.7261176,0.5665607,0.3851043,-1.083554,0.8163161,0.392676,-0.9801798,0.05552179,0.5014914,False,1,1,0
6/24/2025 11:22:13 AM,1750756933013,Right,-0.9736881,0.123025,0.4766165,-0.7792729,0.5539089,0.3928361,-0.9741017,0.124369,0.4765269,0.7261176,0.5665607,0.3851043,-1.084065,0.8158261,0.3928847,-0.9800423,0.05506527,0.5021128,False,1,1,0
6/24/2025 11:22:13 AM,1750756933041,Right,-0.9735777,0.1204849,0.4784364,-0.7802746,0.5532287,0.3928488,-0.9732581,0.1215885,0.4786167,0.7261176,0.5665607,0.3851043,-1.08503,0.8150638,0.3933655,-0.9779255,0.05265187,0.5054289,False,1,1,0
6/24/2025 11:22:13 AM,1750756933055,Right,-0.9738193,0.1193203,0.478996,-0.7812563,0.5528916,0.3930799,-0.9742634,0.1204845,0.4788418,0.7261176,0.5665607,0.3851043,-1.085738,0.8145656,0.3935636,-0.9792953,0.05171482,0.5060143,False,1,1,0
6/24/2025 11:22:13 AM,1750756933082,Right,-0.9747342,0.1177845,0.4795088,-0.7826453,0.5526094,0.3932487,-0.9753422,0.1190894,0.4793658,0.7261176,0.5665607,0.3851043,-1.08721,0.8136769,0.3940936,-0.9806218,0.05030616,0.5064569,False,1,1,0
6/24/2025 11:22:13 AM,1750756933096,Right,-0.9746354,0.1176193,0.4796829,-0.7833572,0.5525235,0.3931798,-0.9745165,0.1187953,0.4797152,0.7261176,0.5665607,0.3851043,-1.0878,0.8133195,0.3944407,-0.9795527,0.0500107,0.5068492,False,1,1,0
6/24/2025 11:22:13 AM,1750756933124,Right,-0.9753827,0.1170302,0.4803216,-0.7851576,0.5524644,0.3933405,-0.9752414,0.1183579,0.4805541,0.7261176,0.5665607,0.3851043,-1.088892,0.81248,0.3944975,-0.9793174,0.04962369,0.5079755,False,1,1,0
6/24/2025 11:22:13 AM,1750756933138,Right,-0.9760075,0.1172805,0.4800764,-0.786336,0.5524592,0.3935748,-0.9765077,0.1184348,0.4799373,0.7261176,0.5665607,0.3851043,-1.089371,0.8124444,0.3944675,-0.9799245,0.04968946,0.5074208,False,1,1,0
6/24/2025 11:22:13 AM,1750756933151,Right,-0.9766795,0.1170822,0.4797072,-0.7868109,0.5524556,0.3935827,-0.9772665,0.1181314,0.4796729,0.7261176,0.5665607,0.3851043,-1.089946,0.8121467,0.3945603,-0.9805406,0.04930202,0.5069628,False,1,1,0
6/24/2025 11:22:13 AM,1750756933179,Right,-0.9779099,0.117132,0.4791046,-0.7878219,0.5523497,0.3935812,-0.9780489,0.1184523,0.4791844,0.7261176,0.5665607,0.3851043,-1.091409,0.8115776,0.395419,-0.9822411,0.04959493,0.5062774,False,1,1,0
6/24/2025 11:22:13 AM,1750756933194,Right,-0.9788116,0.117318,0.4790194,-0.7884253,0.5522293,0.3936592,-0.9795818,0.1181697,0.4789883,0.7261176,0.5665607,0.3851043,-1.092086,0.8110862,0.3955919,-0.9843208,0.04928736,0.5059273,False,1,1,0
6/24/2025 11:22:13 AM,1750756933221,Right,-0.9798623,0.1182423,0.4790897,-0.7896448,0.5517399,0.3937955,-0.9803789,0.118763,0.4790342,0.7261176,0.5665607,0.3851043,-1.092782,0.8103628,0.395207,-0.9847455,0.04988285,0.5060416,False,1,1,0
6/24/2025 11:22:13 AM,1750756933235,Right,-0.980589,0.1182894,0.4790179,-0.7899373,0.551481,0.3937956,-0.9809151,0.1187845,0.478931,0.7261176,0.5665607,0.3851043,-1.092906,0.8105112,0.3951619,-0.9852817,0.04990432,0.5059383,False,1,1,0
6/24/2025 11:22:13 AM,1750756933263,Right,-0.9826452,0.1190387,0.4787596,-0.7907798,0.5507001,0.3939372,-0.9831975,0.1193446,0.4785471,0.7261176,0.5665607,0.3851043,-1.093543,0.8110562,0.3957793,-0.9876568,0.05040818,0.5053953,False,1,1,0
6/24/2025 11:22:13 AM,1750756933277,Right,-0.9827127,0.1193002,0.4788625,-0.7910495,0.5504819,0.3940625,-0.9833208,0.1197714,0.4788488,0.7261176,0.5665607,0.3851043,-1.094278,0.8112109,0.3959986,-0.9879614,0.05072477,0.5053812,False,1,1,0
6/24/2025 11:22:13 AM,1750756933291,Right,-0.9831274,0.1193436,0.479134,-0.7914218,0.5501978,0.3942728,-0.9834412,0.1197853,0.4790629,0.7261176,0.5665607,0.3851043,-1.095259,0.8111249,0.3958704,-0.9875352,0.05074257,0.5056953,False,1,1,0
6/24/2025 11:22:13 AM,1750756933319,Right,-0.983866,0.1200234,0.4797038,-0.7921948,0.5497746,0.394905,-0.984419,0.1202169,0.4796815,0.7261176,0.5665607,0.3851043,-1.096681,0.8110149,0.3951902,-0.9878097,0.05127027,0.5066595,False,1,1,0
6/24/2025 11:22:13 AM,1750756933332,Right,-0.984127,0.1204611,0.4796418,-0.7925022,0.5497325,0.3951839,-0.9847047,0.1206613,0.4795596,0.7261176,0.5665607,0.3851043,-1.096949,0.8114483,0.3949051,-0.9885412,0.05170709,0.5064583,False,1,1,0
6/24/2025 11:22:13 AM,1750756933361,Right,-0.9850553,0.122089,0.4787533,-0.7939342,0.5498074,0.396455,-0.9856869,0.1221672,0.4788177,0.7261176,0.5665607,0.3851043,-1.097135,0.8129762,0.3945662,-0.9895682,0.05319864,0.5056731,False,1,1,0
6/24/2025 11:22:13 AM,1750756933374,Right,-0.985752,0.1249729,0.4765575,-0.7951661,0.5500112,0.3974668,-0.9861426,0.1237386,0.4773441,0.7261176,0.5665607,0.3851043,-1.097242,0.8139954,0.3941133,-0.9900858,0.05466393,0.5039163,False,1,1,0
6/24/2025 11:22:13 AM,1750756933402,Right,-0.9869573,0.1314538,0.4722953,-0.7965432,0.5503279,0.3983629,-0.9876211,0.1302731,0.4721196,0.7261176,0.5665607,0.3851043,-1.09721,0.8168758,0.3922544,-0.9919766,0.0608036,0.4975746,False,1,1,0
6/24/2025 11:22:13 AM,1750756933416,Right,-0.9882551,0.1360631,0.4699743,-0.7971078,0.55051,0.3984284,-0.9881704,0.1344968,0.4698187,0.7261176,0.5665607,0.3851043,-1.097061,0.8189751,0.3912933,-0.9924331,0.06484206,0.4947785,False,1,1,0
6/24/2025 11:22:13 AM,1750756933429,Right,-0.9896792,0.1404828,0.4676715,-0.7975095,0.5506683,0.3982986,-0.9893702,0.1384528,0.4675252,0.7261176,0.5665607,0.3851043,-1.096955,0.8212552,0.390626,-0.9934953,0.06860386,0.4919598,False,1,1,0
6/24/2025 11:22:13 AM,1750756933458,Right,-0.9922895,0.1535027,0.4624394,-0.8021531,0.5531234,0.3983003,-0.9918237,0.1497503,0.46254,0.7261176,0.5665607,0.3851043,-1.096522,0.8278658,0.3889103,-0.9957009,0.07941836,0.4855904,False,1,1,0
6/24/2025 11:22:13 AM,1750756933472,Right,-0.9927593,0.1614782,0.4597238,-0.8039063,0.5550307,0.3981524,-0.9927381,0.1562528,0.4603405,0.7261176,0.5665607,0.3851043,-1.096245,0.8321158,0.3879442,-0.9966249,0.08558107,0.4823255,False,1,1,0
6/24/2025 11:22:13 AM,1750756933499,Right,-0.9923944,0.1780461,0.4545649,-0.8075179,0.5595466,0.3983862,-0.9923217,0.172547,0.4559254,0.7261176,0.5665607,0.3851043,-1.09639,0.8420641,0.3859519,-0.9972268,0.1009891,0.4745894,False,1,1,0
6/24/2025 11:22:13 AM,1750756933513,Right,-0.9923247,0.1875844,0.45245,-0.8092964,0.562189,0.3986646,-0.992111,0.1809379,0.4540135,0.7261176,0.5665607,0.3851043,-1.0967,0.8477897,0.3848628,-0.9974025,0.1090785,0.4713675,False,1,1,0
6/24/2025 11:22:13 AM,1750756933541,Right,-0.9939745,0.2089848,0.4493066,-0.813036,0.5689844,0.3991363,-0.9933854,0.2006425,0.4505408,0.7261176,0.5665607,0.3851043,-1.097905,0.8611392,0.3809515,-0.9986275,0.1283751,0.4661256,False,1,1,0
6/24/2025 11:22:13 AM,1750756933555,Right,-0.9953277,0.2196736,0.4480393,-0.8149288,0.5723799,0.3990899,-0.9945977,0.2114549,0.448987,0.7261176,0.5665607,0.3851043,-1.098181,0.8685868,0.3786751,-0.9994923,0.1390255,0.4639192,False,1,1,0
6/24/2025 11:22:13 AM,1750756933568,Right,-0.9973637,0.2319147,0.4473045,-0.817138,0.5767311,0.3985671,-0.9956522,0.2225242,0.4475104,0.7261176,0.5665607,0.3851043,-1.098473,0.8770072,0.3761332,-0.9998565,0.1499402,0.4618923,False,1,1,0
6/24/2025 11:22:13 AM,1750756933596,Right,-1.000394,0.2564439,0.4458634,-0.8212958,0.5856985,0.3969426,-0.9968485,0.2437338,0.4449403,0.7261176,0.5665607,0.3851043,-1.098944,0.8952182,0.3706956,-0.9990865,0.1708345,0.458117,False,1,1,0
6/24/2025 11:22:13 AM,1750756933610,Right,-1.001004,0.2689136,0.4451133,-0.82323,0.5904269,0.3957429,-0.9969484,0.2559432,0.443997,0.7261176,0.5665607,0.3851043,-1.0987,0.9050989,0.3675212,-0.9979419,0.1828928,0.4564703,False,1,1,0
6/24/2025 11:22:13 AM,1750756933638,Right,-1.001593,0.2955911,0.4441936,-0.8270814,0.6005553,0.3918365,-0.9982648,0.2836476,0.442347,0.7261176,0.5665607,0.3851043,-1.096876,0.9271423,0.3598894,-0.9963595,0.2102777,0.4526509,False,1,1,0
6/24/2025 11:22:13 AM,1750756933652,Right,-1.002584,0.3103463,0.4439104,-0.8289582,0.6060335,0.3892764,-0.9996356,0.2974744,0.4421091,0.7261176,0.5665607,0.3851043,-1.095825,0.9392459,0.3555503,-0.9961318,0.2240135,0.4512832,False,1,1,0
6/24/2025 11:22:13 AM,1750756933679,Right,-1.00492,0.3401579,0.4432913,-0.8326319,0.6179981,0.3835768,-1.003129,0.3270653,0.4421224,0.7261176,0.5665607,0.3851043,-1.093717,0.9640635,0.3475574,-0.9955099,0.2536841,0.4491996,False,1,1,0
6/24/2025 11:22:13 AM,1750756933694,Right,-1.005832,0.3550903,0.4426998,-0.834601,0.6247671,0.3803091,-1.003776,0.3415146,0.4412,0.7261176,0.5665607,0.3851043,-1.091908,0.9777178,0.3431215,-0.9949173,0.2681903,0.4473653,False,1,1,0
6/24/2025 11:22:13 AM,1750756933722,Right,-1.007435,0.3863239,0.4403189,-0.8384174,0.6390201,0.3728809,-1.004653,0.3724598,0.4377811,0.7261176,0.5665607,0.3851043,-1.08779,1.006331,0.3335844,-0.9928178,0.299429,0.442183,False,1,1,0
6/24/2025 11:22:13 AM,1750756933736,Right,-1.007785,0.4027362,0.4382181,-0.8400071,0.6469296,0.3683147,-1.004705,0.3884415,0.4355266,0.7261176,0.5665607,0.3851043,-1.086887,1.021419,0.3283302,-0.9910963,0.3156555,0.4386818,False,1,1,0
6/24/2025 11:22:13 AM,1750756933763,Right,-1.007414,0.4336731,0.4331554,-0.8428391,0.6625828,0.3593779,-1.004481,0.4191837,0.43015,0.7261176,0.5665607,0.3851043,-1.08395,1.050896,0.3178422,-0.989049,0.346709,0.4316335,False,1,1,0
6/24/2025 11:22:13 AM,1750756933776,Right,-1.00754,0.4495517,0.4306041,-0.843777,0.6706602,0.3544224,-1.004188,0.4347259,0.4273079,0.7261176,0.5665607,0.3851043,-1.080776,1.065923,0.3128121,-0.9882953,0.3623461,0.4285456,False,1,1,0
6/24/2025 11:22:13 AM,1750756933790,Right,-1.008478,0.466548,0.4280118,-0.8443069,0.6790057,0.349043,-1.004328,0.4510475,0.4245418,0.7261176,0.5665607,0.3851043,-1.076336,1.081298,0.3078853,-0.9877764,0.3788069,0.4250672,False,1,1,0
6/24/2025 11:22:13 AM,1750756933819,Right,-1.010682,0.4991473,0.4224828,-0.8446346,0.6955121,0.3385118,-1.005332,0.4839573,0.418377,0.7261176,0.5665607,0.3851043,-1.068771,1.112172,0.2978727,-0.9867004,0.4122262,0.4177179,False,1,1,0
6/24/2025 11:22:13 AM,1750756933833,Right,-1.011352,0.5153282,0.4187899,-0.8440154,0.7037883,0.3333626,-1.005065,0.5000772,0.4141599,0.7261176,0.5665607,0.3851043,-1.065245,1.127278,0.2921348,-0.9852305,0.4286849,0.4125271,False,1,1,0
6/24/2025 11:22:13 AM,1750756933860,Right,-1.012184,0.548155,0.4097663,-0.8412886,0.7194967,0.3232231,-1.006219,0.5301055,0.4062589,0.7261176,0.5665607,0.3851043,-1.057471,1.156493,0.2812883,-0.9840074,0.4595264,0.4019973,False,1,1,0
6/24/2025 11:22:13 AM,1750756933874,Right,-1.012245,0.5645143,0.4050018,-0.8388141,0.7268714,0.3180505,-1.005815,0.5462004,0.4012056,0.7261176,0.5665607,0.3851043,-1.052103,1.171004,0.2765856,-0.9826115,0.4760337,0.3956209,False,1,1,0
6/24/2025 11:22:13 AM,1750756933902,Right,-1.012131,0.5947865,0.3953224,-0.8338807,0.7417136,0.3081994,-1.004231,0.5779834,0.3908254,0.7261176,0.5665607,0.3851043,-1.039145,1.200216,0.2672399,-0.9795557,0.5084405,0.3839074,False,1,1,0
6/24/2025 11:22:13 AM,1750756933916,Right,-1.011441,0.6093808,0.3905441,-0.8306431,0.7489578,0.3033766,-1.002529,0.5927562,0.3854329,0.7261176,0.5665607,0.3851043,-1.033349,1.214534,0.2617051,-0.9772363,0.5234603,0.3782718,False,1,1,0
6/24/2025 11:22:13 AM,1750756933944,Right,-1.00948,0.6369912,0.3806071,-0.8235613,0.7627268,0.2937077,-1.000202,0.6201522,0.3757672,0.7261176,0.5665607,0.3851043,-1.021315,1.24241,0.2502386,-0.9733506,0.5515069,0.3680346,False,1,1,0
6/24/2025 11:22:13 AM,1750756933958,Right,-1.008046,0.6500733,0.3753833,-0.8190129,0.7691055,0.2889223,-0.9988805,0.6333197,0.3704579,0.7261176,0.5665607,0.3851043,-1.013976,1.256011,0.2453737,-0.9717087,0.5648282,0.3624872,False,1,1,0
6/24/2025 11:22:13 AM,1750756933972,Right,-1.006782,0.663226,0.3702294,-0.8144508,0.7754053,0.2840572,-0.9966798,0.646656,0.3652477,0.7261176,0.5665607,0.3851043,-1.005885,1.269819,0.2406951,-0.9693497,0.5782592,0.3570088,False,1,1,0
6/24/2025 11:22:14 AM,1750756934000,Right,-1.002657,0.6893703,0.3591588,-0.8024055,0.7866723,0.2741678,-0.9904864,0.6735566,0.3544132,0.7261176,0.5665607,0.3851043,-0.9886692,1.297212,0.2304637,-0.962524,0.605478,0.3456744,False,1,1,0
6/24/2025 11:22:14 AM,1750756934013,Right,-1.000258,0.701972,0.3534462,-0.7967421,0.7924448,0.2692813,-0.9878355,0.6857297,0.3489437,0.7261176,0.5665607,0.3851043,-0.9803877,1.31055,0.225451,-0.9593681,0.617874,0.3401035,False,1,1,0
6/24/2025 11:22:14 AM,1750756934041,Right,-0.9932182,0.7243046,0.3414035,-0.7816829,0.8021646,0.2595273,-0.9805327,0.7082303,0.3375142,0.7261176,0.5665607,0.3851043,-0.9622896,1.335631,0.2173202,-0.950704,0.6409509,0.3287582,False,1,1,0
6/24/2025 11:22:14 AM,1750756934055,Right,-0.9894196,0.734623,0.3352937,-0.7735247,0.8067596,0.2547722,-0.9763559,0.7190363,0.3318612,0.7261176,0.5665607,0.3851043,-0.9519443,1.347607,0.2142776,-0.9464123,0.6517917,0.3232313,False,1,1,0
6/24/2025 11:22:14 AM,1750756934083,Right,-0.9810951,0.7549512,0.3231208,-0.7551982,0.815022,0.2464457,-0.9662783,0.739815,0.3204142,0.7261176,0.5665607,0.3851043,-0.9297846,1.370935,0.2089081,-0.9363933,0.6724878,0.3122369,False,1,1,0
6/24/2025 11:22:14 AM,1750756934096,Right,-0.9761598,0.7647082,0.3167401,-0.7457313,0.818996,0.2429491,-0.9609783,0.750082,0.3148048,0.7261176,0.5665607,0.3851043,-0.9184429,1.382638,0.2062541,-0.9313661,0.6825872,0.3070259,False,1,1,0
6/24/2025 11:22:14 AM,1750756934111,Right,-0.97118,0.7745878,0.3105197,-0.7362517,0.8229295,0.2397376,-0.9550849,0.7601702,0.3087982,0.7261176,0.5665607,0.3851043,-0.9071875,1.394229,0.2038969,-0.9256986,0.6925403,0.3013427,False,1,1,0
6/24/2025 11:22:14 AM,1750756934138,Right,-0.9595742,0.7933498,0.297907,-0.7154366,0.8300201,0.2345653,-0.9427823,0.7796277,0.2975098,0.7261176,0.5665607,0.3851043,-0.8849656,1.416418,0.2012508,-0.9141937,0.7115759,0.2908326,False,1,1,0
6/24/2025 11:22:14 AM,1750756934152,Right,-0.9531879,0.8026376,0.2921275,-0.7047625,0.83334,0.2324178,-0.9359093,0.7894428,0.2916487,0.7261176,0.5665607,0.3851043,-0.8734314,1.427279,0.200276,-0.9075369,0.721279,0.2851956,False,1,1,0
6/24/2025 11:22:14 AM,1750756934180,Right,-0.9401504,0.8206802,0.2811719,-0.6825922,0.8395615,0.229452,-0.9212824,0.8080579,0.281522,0.7261176,0.5665607,0.3851043,-0.8487368,1.448923,0.1983826,-0.8933436,0.739665,0.2756256,False,1,1,0
6/24/2025 11:22:14 AM,1750756934194,Right,-0.9334494,0.8291761,0.2757959,-0.6707956,0.8424792,0.2288929,-0.9135391,0.8171342,0.27681,0.7261176,0.5665607,0.3851043,-0.8358603,1.459523,0.1982284,-0.885727,0.7486631,0.27123,False,1,1,0
6/24/2025 11:22:14 AM,1750756934222,Right,-0.9195538,0.8453078,0.2656865,-0.646727,0.848802,0.2285101,-0.8983147,0.834691,0.2674206,0.7261176,0.5665607,0.3851043,-0.8113324,1.480262,0.2017415,-0.8701496,0.7663609,0.2618826,False,1,1,0
6/24/2025 11:22:14 AM,1750756934236,Right,-0.9121792,0.8530111,0.261166,-0.6347317,0.8521872,0.2285996,-0.8899487,0.8427663,0.264124,0.7261176,0.5665607,0.3851043,-0.7990296,1.490695,0.2051881,-0.8612275,0.7746406,0.2589354,False,1,1,0
6/24/2025 11:22:14 AM,1750756934263,Right,-0.8956545,0.8678886,0.2530014,-0.6102672,0.8587741,0.2319816,-0.8727503,0.8587993,0.2575741,0.7261176,0.5665607,0.3851043,-0.7725629,1.511971,0.2149246,-0.8430997,0.7909557,0.2542554,False,1,1,0
6/24/2025 11:22:14 AM,1750756934277,Right,-0.8864387,0.8749366,0.2498013,-0.5982752,0.8621815,0.2349451,-0.8633806,0.8664272,0.2553677,0.7261176,0.5665607,0.3851043,-0.7599824,1.522324,0.2213536,-0.8336328,0.79859,0.2528946,False,1,1,0
6/24/2025 11:22:14 AM,1750756934291,Right,-0.8774008,0.8822145,0.2470961,-0.5866377,0.8656995,0.2390823,-0.8538432,0.8744863,0.2536199,0.7261176,0.5665607,0.3851043,-0.7495255,1.531951,0.2285116,-0.8234852,0.8069047,0.2516038,False,1,1,0
6/24/2025 11:22:14 AM,1750756934319,Right,-0.8584438,0.8959367,0.2423485,-0.5642607,0.8725764,0.2487058,-0.8350148,0.8889663,0.2509917,0.7261176,0.5665607,0.3851043,-0.7310761,1.550405,0.2445153,-0.8025024,0.8223755,0.2497521,False,1,1,0
6/24/2025 11:22:14 AM,1750756934333,Right,-0.8488716,0.9024267,0.2403121,-0.5535288,0.875903,0.2545403,-0.8255439,0.895977,0.2499625,0.7261176,0.5665607,0.3851043,-0.722061,1.559605,0.2533649,-0.792213,0.8297844,0.249241,False,1,1,0
6/24/2025 11:22:14 AM,1750756934361,Right,-0.8293553,0.9133723,0.2400724,-0.5346976,0.8827397,0.2698715,-0.8065684,0.9079183,0.2513125,0.7261176,0.5665607,0.3851043,-0.7083201,1.57316,0.2732853,-0.7720734,0.8423234,0.2518974,False,1,1,0
6/24/2025 11:22:14 AM,1750756934375,Right,-0.8200104,0.9184182,0.2405404,-0.5256462,0.886364,0.2774511,-0.7972796,0.9129987,0.253598,0.7261176,0.5665607,0.3851043,-0.7032074,1.578513,0.2831882,-0.7622848,0.8476844,0.2551311,False,1,1,0
6/24/2025 11:22:14 AM,1750756934402,Right,-0.8019829,0.9266806,0.2435437,-0.5088443,0.8937172,0.2954814,-0.780406,0.9213099,0.2577363,0.7261176,0.5665607,0.3851043,-0.6964886,1.586101,0.3022733,-0.7443777,0.8566815,0.261987,False,1,1,0
6/24/2025 11:22:14 AM,1750756934417,Right,-0.7935624,0.9304993,0.2460261,-0.5011562,0.8975244,0.3054401,-0.7725088,0.92484,0.2612823,0.7261176,0.5665607,0.3851043,-0.6935194,1.589682,0.3116775,-0.7360879,0.8605691,0.2672577,False,1,1,0
6/24/2025 11:22:14 AM,1750756934431,Right,-0.7854896,0.9345943,0.2485561,-0.4937739,0.9013547,0.3155794,-0.765319,0.9284759,0.2642649,0.7261176,0.5665607,0.3851043,-0.6907372,1.593266,0.3210243,-0.7282879,0.8647599,0.2721327,False,1,1,0
6/24/2025 11:22:14 AM,1750756934457,Right,-0.7709294,0.9432861,0.2550578,-0.4807119,0.9091603,0.3384799,-0.7517884,0.9367008,0.2718914,0.7261176,0.5665607,0.3851043,-0.6863046,1.599598,0.3393763,-0.7141323,0.8738137,0.2828535,False,1,1,0
6/24/2025 11:22:14 AM,1750756934472,Right,-0.764133,0.948148,0.2586062,-0.4747885,0.9130884,0.3508143,-0.7455423,0.9410976,0.2759617,0.7261176,0.5665607,0.3851043,-0.6849394,1.602264,0.348115,-0.7076025,0.8786951,0.2885887,False,1,1,0
6/24/2025 11:22:14 AM,1750756934500,Right,-0.7519601,0.9581507,0.26695,-0.4646181,0.9205226,0.3768628,-0.734496,0.9501578,0.2851897,0.7261176,0.5665607,0.3851043,-0.6832944,1.607775,0.365258,-0.6965963,0.8885271,0.3012584,False,1,1,0
6/24/2025 11:22:14 AM,1750756934513,Right,-0.7461808,0.9636192,0.2716765,-0.4600907,0.9239003,0.3907042,-0.72896,0.9548721,0.2897516,0.7261176,0.5665607,0.3851043,-0.6821393,1.610715,0.3732562,-0.6912779,0.8935102,0.3072935,False,1,1,0
6/24/2025 11:22:14 AM,1750756934541,Right,-0.7358291,0.9757875,0.2814337,-0.453198,0.9284141,0.4202393,-0.7195326,0.9659379,0.300504,0.7261176,0.5665607,0.3851043,-0.6791709,1.616161,0.3888705,-0.68216,0.9051608,0.3205635,False,1,1,0
6/24/2025 11:22:14 AM,1750756934555,Right,-0.7313905,0.9818349,0.2860247,-0.4506896,0.9295169,0.4352227,-0.7151895,0.9712528,0.3054363,0.7261176,0.5665607,0.3851043,-0.6781036,1.618492,0.3968081,-0.6777524,0.9109644,0.326807,False,1,1,0
6/24/2025 11:22:14 AM,1750756934583,Right,-0.7232407,0.9924421,0.2945483,-0.4476482,0.9296978,0.4662789,-0.7079384,0.980565,0.3146936,0.7261176,0.5665607,0.3851043,-0.6769314,1.622425,0.4119573,-0.6703628,0.921371,0.3387162,False,1,1,0
6/24/2025 11:22:14 AM,1750756934596,Right,-0.7197035,0.9968406,0.2983857,-0.4467973,0.9290099,0.4823995,-0.7045971,0.9845281,0.3189214,0.7261176,0.5665607,0.3851043,-0.6767332,1.623938,0.4192997,-0.6666307,0.9262161,0.3444401,False,1,1,0
6/24/2025 11:22:14 AM,1750756934611,Right,-0.7156672,1.001011,0.3018808,-0.446016,0.9281667,0.4986268,-0.700933,0.9881064,0.3227201,0.7261176,0.5665607,0.3851043,-0.6762924,1.625557,0.4267226,-0.6629957,0.9302382,0.3492716,False,1,1,0
6/24/2025 11:22:14 AM,1750756934639,Right,-0.7075774,1.007904,0.3085724,-0.4466828,0.9240098,0.5321978,-0.6938244,0.9940134,0.3301355,0.7261176,0.5665607,0.3851043,-0.6742268,1.62843,0.4415799,-0.6560725,0.9368877,0.3584973,False,1,1,0
6/24/2025 11:22:14 AM,1750756934653,Right,-0.7035704,1.011197,0.3123095,-0.4478914,0.922253,0.5493034,-0.6904235,0.9966146,0.3344005,0.7261176,0.5665607,0.3851043,-0.6736696,1.629343,0.4492158,-0.6529432,0.939715,0.3635655,False,1,1,0
6/24/2025 11:22:14 AM,1750756934680,Right,-0.6952172,1.017894,0.3184815,-0.4531986,0.917796,0.5833851,-0.6825671,1.003006,0.3426027,0.7261176,0.5665607,0.3851043,-0.6741043,1.630365,0.4632347,-0.6452968,0.9470999,0.3738819,False,1,1,0
6/24/2025 11:22:14 AM,1750756934694,Right,-0.6906237,1.021859,0.3209467,-0.4557421,0.9152725,0.5995173,-0.6776379,1.007418,0.3461376,0.7261176,0.5665607,0.3851043,-0.6742343,1.630816,0.469793,-0.6400771,0.9524647,0.3787304,False,1,1,0
6/24/2025 11:22:14 AM,1750756934722,Right,-0.6811133,1.02863,0.3266448,-0.4637987,0.909687,0.6316453,-0.6690515,1.013264,0.352647,0.7261176,0.5665607,0.3851043,-0.6726198,1.631354,0.482422,-0.6307564,0.9606978,0.3881886,False,1,1,0
6/24/2025 11:22:14 AM,1750756934736,Right,-0.6761869,1.031208,0.3296082,-0.4687558,0.9065121,0.6475672,-0.6649609,1.014436,0.3550614,0.7261176,0.5665607,0.3851043,-0.671663,1.631263,0.4882367,-0.6262006,0.9633112,0.3921673,False,1,1,0
6/24/2025 11:22:14 AM,1750756934764,Right,-0.6647969,1.035503,0.3353501,-0.4771586,0.899229,0.6795052,-0.6547456,1.016703,0.3601995,0.7261176,0.5665607,0.3851043,-0.6698115,1.630501,0.4999104,-0.6162345,0.9677148,0.4003246,False,1,1,0
6/24/2025 11:22:14 AM,1750756934778,Right,-0.6586214,1.038154,0.338321,-0.482034,0.8951507,0.6956948,-0.6488963,1.019405,0.3640769,0.7261176,0.5665607,0.3851043,-0.6683474,1.630724,0.5049474,-0.6102849,0.9714182,0.4053002,False,1,1,0
6/24/2025 11:22:14 AM,1750756934791,Right,-0.652101,1.040853,0.3410888,-0.4873255,0.8907117,0.7121513,-0.6426821,1.022218,0.3674198,0.7261176,0.5665607,0.3851043,-0.6664255,1.631202,0.5094188,-0.6039614,0.97542,0.4098882,False,1,1,0
6/24/2025 11:22:14 AM,1750756934819,Right,-0.6367465,1.045197,0.3465106,-0.4986153,0.8808619,0.7462319,-0.6289701,1.026884,0.3739308,0.7261176,0.5665607,0.3851043,-0.6625082,1.630867,0.5175211,-0.5902516,0.9826475,0.4190635,False,1,1,0
6/24/2025 11:22:14 AM,1750756934833,Right,-0.6286131,1.046988,0.3494196,-0.5045664,0.8755915,0.7639308,-0.6215121,1.027985,0.3765408,0.7261176,0.5665607,0.3851043,-0.6610231,1.630388,0.5217516,-0.5828413,0.9852747,0.42316,False,1,1,0
6/24/2025 11:22:14 AM,1750756934860,Right,-0.6092803,1.050498,0.3553401,-0.5181295,0.8663838,0.800596,-0.6040031,1.028456,0.3812842,0.7261176,0.5665607,0.3851043,-0.6571205,1.629914,0.5298288,-0.5660431,0.9878244,0.4302845,False,1,1,0
6/24/2025 11:22:14 AM,1750756934875,Right,-0.5988377,1.053062,0.3583544,-0.5255918,0.8620893,0.8191549,-0.5939276,1.03052,0.3841238,0.7261176,0.5665607,0.3851043,-0.6544022,1.629902,0.5326355,-0.5564341,0.9905585,0.4340264,False,1,1,0
6/24/2025 11:22:14 AM,1750756934902,Right,-0.5765283,1.059271,0.3666644,-0.5410289,0.8527407,0.8560252,-0.5731354,1.035405,0.392131,0.7261176,0.5665607,0.3851043,-0.6493074,1.629312,0.5372858,-0.5363031,0.9970134,0.4437295,False,1,1,0
6/24/2025 11:22:14 AM,1750756934916,Right,-0.5641728,1.063535,0.3709908,-0.5504417,0.8485453,0.8740195,-0.5623773,1.038389,0.3962124,0.7261176,0.5665607,0.3851043,-0.6468698,1.628786,0.5404445,-0.5259826,1.000578,0.4485447,False,1,1,0
6/24/2025 11:22:14 AM,1750756934930,Right,-0.5520816,1.067658,0.374984,-0.5601868,0.8447774,0.8913277,-0.5508705,1.041764,0.400206,0.7261176,0.5665607,0.3851043,-0.6434495,1.628649,0.5434861,-0.5149877,1.004333,0.4531617,False,1,1,0
6/24/2025 11:22:14 AM,1750756934958,Right,-0.5267432,1.074997,0.3831891,-0.5800257,0.8385012,0.9234493,-0.5273964,1.0479,0.4081318,0.7261176,0.5665607,0.3851043,-0.6345839,1.628443,0.5479355,-0.4924282,1.010556,0.4617563,False,1,1,0
6/24/2025 11:22:14 AM,1750756934972,Right,-0.5141109,1.077767,0.3871194,-0.5899715,0.8364909,0.9378626,-0.5152314,1.050004,0.4118391,0.7261176,0.5665607,0.3851043,-0.6301565,1.627857,0.5499773,-0.4809362,1.012716,0.4659345,False,1,1,0
6/24/2025 11:22:15 AM,1750756935000,Right,-0.4877593,1.083341,0.3940839,-0.6092766,0.8335215,0.9648768,-0.490498,1.053966,0.4185359,0.7261176,0.5665607,0.3851043,-0.6218523,1.625837,0.5545604,-0.4570341,1.016539,0.4730551,False,1,1,0
6/24/2025 11:22:15 AM,1750756935013,Right,-0.4743789,1.085704,0.3969669,-0.6187558,0.8327355,0.9767311,-0.47823,1.055655,0.4215241,0.7261176,0.5665607,0.3851043,-0.6169592,1.624783,0.5569178,-0.4449259,1.018563,0.4763691,False,1,1,0
6/24/2025 11:22:15 AM,1750756935042,Right,-0.4480351,1.090488,0.4035926,-0.6365523,0.8323174,0.9972126,-0.4539017,1.058636,0.4278867,0.7261176,0.5665607,0.3851043,-0.6060669,1.622278,0.5609268,-0.4208697,1.021816,0.4830784,False,1,1,0
6/24/2025 11:22:15 AM,1750756935055,Right,-0.4342054,1.093521,0.40701,-0.6444164,0.8326961,1.005935,-0.4410493,1.060338,0.4309418,0.7261176,0.5665607,0.3851043,-0.6005676,1.620807,0.5625311,-0.4081813,1.023432,0.486174,False,1,1,0
6/24/2025 11:22:15 AM,1750756935083,Right,-0.4069616,1.098202,0.4128457,-0.657113,0.8335696,1.020496,-0.4152955,1.063401,0.4365243,0.7261176,0.5665607,0.3851043,-0.5888513,1.617123,0.5657151,-0.382915,1.026071,0.4917594,False,1,1,0
6/24/2025 11:22:15 AM,1750756935097,Right,-0.3934851,1.099962,0.4149017,-0.6619172,0.8337864,1.026245,-0.4021954,1.064901,0.4387877,0.7261176,0.5665607,0.3851043,-0.5826197,1.615216,0.5677593,-0.3701893,1.027337,0.4940824,False,1,1,0
6/24/2025 11:22:15 AM,1750756935111,Right,-0.3798997,1.10191,0.4169037,-0.6660802,0.8337768,1.031686,-0.3889134,1.066447,0.4407368,0.7261176,0.5665607,0.3851043,-0.5761923,1.613452,0.5701692,-0.3570203,1.028585,0.4958931,False,1,1,0
6/24/2025 11:22:15 AM,1750756935139,Right,-0.3515121,1.10521,0.4203744,-0.6705993,0.8334534,1.039378,-0.3617772,1.068302,0.4440494,0.7261176,0.5665607,0.3851043,-0.5620639,1.609638,0.5732338,-0.3294528,1.030684,0.4991219,False,1,1,0
6/24/2025 11:22:15 AM,1750756935153,Right,-0.3373575,1.105578,0.421249,-0.6714445,0.8328828,1.041876,-0.3481695,1.068577,0.4451137,0.7261176,0.5665607,0.3851043,-0.5552716,1.60747,0.5743699,-0.3156531,1.031336,0.5003294,False,1,1,0
6/24/2025 11:22:15 AM,1750756935180,Right,-0.3097936,1.10634,0.4246792,-0.6726442,0.8314357,1.046592,-0.3223371,1.067781,0.4483684,0.7261176,0.5665607,0.3851043,-0.5418893,1.602862,0.5774258,-0.2895606,1.03104,0.5037647,False,1,1,0
6/24/2025 11:22:15 AM,1750756935194,Right,-0.2961888,1.106825,0.4269043,-0.6714813,0.8305801,1.047765,-0.3095695,1.067623,0.4506357,0.7261176,0.5665607,0.3851043,-0.5344393,1.600547,0.579314,-0.2767931,1.030883,0.506032,False,1,1,0
6/24/2025 11:22:15 AM,1750756935222,Right,-0.2694446,1.107405,0.4304976,-0.6683103,0.8286603,1.050423,-0.283595,1.06737,0.4542635,0.7261176,0.5665607,0.3851043,-0.5177148,1.595572,0.5827922,-0.2508598,1.030744,0.5097598,False,1,1,0
6/24/2025 11:22:15 AM,1750756935236,Right,-0.256319,1.107893,0.4321557,-0.6639469,0.8268557,1.050395,-0.2706752,1.067166,0.4557621,0.7261176,0.5665607,0.3851043,-0.5085763,1.594063,0.58517,-0.2377473,1.030636,0.5112079,False,1,1,0
6/24/2025 11:22:15 AM,1750756935264,Right,-0.2299984,1.108885,0.4358982,-0.6569329,0.8231168,1.051559,-0.2450297,1.067079,0.4592605,0.7261176,0.5665607,0.3851043,-0.4898614,1.592117,0.591262,-0.2116716,1.029562,0.5137828,False,1,1,0
6/24/2025 11:22:15 AM,1750756935277,Right,-0.2171512,1.109074,0.4378421,-0.6496915,0.820127,1.050283,-0.2324907,1.067043,0.4614109,0.7261176,0.5665607,0.3851043,-0.4801076,1.59121,0.595463,-0.198845,1.028932,0.515341,False,1,1,0
6/24/2025 11:22:15 AM,1750756935292,Right,-0.204451,1.109398,0.4397566,-0.6437786,0.8176422,1.049768,-0.2202778,1.067748,0.4641284,0.7261176,0.5665607,0.3851043,-0.4703237,1.589917,0.5992099,-0.1862199,1.029462,0.5176747,False,1,1,0
6/24/2025 11:22:15 AM,1750756935319,Right,-0.1785839,1.109968,0.444768,-0.6281282,0.8120514,1.048378,-0.1948224,1.067617,0.4690746,0.7261176,0.5665607,0.3851043,-0.4499384,1.586601,0.6066588,-0.1605433,1.029703,0.522744,False,1,1,0
6/24/2025 11:22:15 AM,1750756935333,Right,-0.1656092,1.109773,0.4475902,-0.6191395,0.8090992,1.04818,-0.1820707,1.066356,0.4717919,0.7261176,0.5665607,0.3851043,-0.4391055,1.584691,0.6108997,-0.1477283,1.028291,0.5253137,False,1,1,0
6/24/2025 11:22:15 AM,1750756935360,Right,-0.1398487,1.108735,0.451769,-0.6015494,0.8028626,1.048514,-0.1563361,1.063638,0.4753447,0.7261176,0.5665607,0.3851043,-0.4169386,1.580541,0.6192517,-0.121759,1.024773,0.5281357,False,1,1,0
6/24/2025 11:22:15 AM,1750756935375,Right,-0.1270897,1.108289,0.4539558,-0.592256,0.7994274,1.048794,-0.1437352,1.062915,0.4777669,0.7261176,0.5665607,0.3851043,-0.4056656,1.578561,0.6238741,-0.1089696,1.023444,0.5299809,False,1,1,0
6/24/2025 11:22:15 AM,1750756935402,Right,-0.1013445,1.10676,0.4599663,-0.5688667,0.7918686,1.049505,-0.1185723,1.061233,0.4843544,0.7261176,0.5665607,0.3851043,-0.3823785,1.574628,0.633032,-0.0833952,1.019985,0.5348927,False,1,1,0
6/24/2025 11:22:15 AM,1750756935416,Right,-0.08840352,1.105738,0.4629493,-0.5569008,0.7878901,1.050136,-0.1058717,1.060298,0.4878784,0.7261176,0.5665607,0.3851043,-0.3699041,1.573347,0.6376612,-0.07055748,1.01798,0.5374262,False,1,1,0
6/24/2025 11:22:15 AM,1750756935430,Right,-0.07544738,1.104456,0.4662993,-0.5442625,0.7839984,1.050946,-0.09310872,1.059705,0.4918562,0.7261176,0.5665607,0.3851043,-0.3563277,1.572899,0.6426361,-0.0577697,1.016207,0.5403532,False,1,1,0
6/24/2025 11:22:15 AM,1750756935458,Right,-0.0503062,1.101368,0.4731549,-0.5152233,0.7787734,1.052713,-0.06794912,1.056565,0.4988123,0.7261176,0.5665607,0.3851043,-0.3300171,1.571746,0.6529527,-0.03288309,1.010967,0.5455473,False,1,1,0
6/24/2025 11:22:15 AM,1750756935472,Right,-0.03806776,1.098805,0.4768982,-0.4994423,0.7775465,1.053776,-0.05570478,1.053337,0.501211,0.7261176,0.5665607,0.3851043,-0.3171832,1.5718,0.6581632,-0.02090128,1.006556,0.5469615,False,1,1,0
6/24/2025 11:22:15 AM,1750756935500,Right,-0.01400459,1.094214,0.483689,-0.4665872,0.7776183,1.056799,-0.03195133,1.047014,0.5050569,0.7261176,0.5665607,0.3851043,-0.2925745,1.571544,0.6684302,0.002226353,0.997246,0.5480449,False,1,1,0
6/24/2025 11:22:15 AM,1750756935514,Right,-0.002340317,1.092436,0.4870437,-0.4489384,0.7789224,1.058322,-0.02047042,1.045877,0.5084814,0.7261176,0.5665607,0.3851043,-0.280694,1.571961,0.6733364,0.01336338,0.9943687,0.5496526,False,1,1,0
6/24/2025 11:22:15 AM,1750756935541,Right,0.02097338,1.089125,0.4937897,-0.4084328,0.7840963,1.061615,0.002838623,1.045281,0.5176488,0.7261176,0.5665607,0.3851043,-0.2567203,1.574115,0.6831697,0.03566924,0.9903444,0.5550254,False,1,1,0
6/24/2025 11:22:15 AM,1750756935555,Right,0.03252965,1.087972,0.4964905,-0.3883277,0.7861482,1.063332,0.01477271,1.045894,0.5220296,0.7261176,0.5665607,0.3851043,-0.2451283,1.574809,0.6882435,0.04681744,0.9890383,0.5571513,False,1,1,0
6/24/2025 11:22:15 AM,1750756935583,Right,0.05473161,1.086239,0.5025543,-0.3459874,0.7923447,1.065815,0.03772915,1.046523,0.5302784,0.7261176,0.5665607,0.3851043,-0.2229647,1.577329,0.6971124,0.06859332,0.9861896,0.5602829,False,1,1,0
6/24/2025 11:22:15 AM,1750756935596,Right,0.06557411,1.085128,0.5068806,-0.32399,0.7967436,1.066828,0.04843482,1.045819,0.5343995,0.7261176,0.5665607,0.3851043,-0.2122066,1.578567,0.7011398,0.07860465,0.9841149,0.5622447,False,1,1,0
6/24/2025 11:22:15 AM,1750756935611,Right,0.07635373,1.083918,0.5110639,-0.3027926,0.8005776,1.068116,0.05902971,1.045072,0.5386117,0.7261176,0.5665607,0.3851043,-0.2007965,1.580247,0.7051686,0.08824729,0.9820594,0.5644698,False,1,1,0
6/24/2025 11:22:15 AM,1750756935638,Right,0.09724867,1.082047,0.5172517,-0.2593954,0.81015,1.071407,0.08034468,1.04436,0.5452345,0.7261176,0.5665607,0.3851043,-0.1785042,1.58298,0.7130374,0.1081452,0.9795278,0.5679699,False,1,1,0
6/24/2025 11:22:15 AM,1750756935652,Right,0.1072675,1.081151,0.5191394,-0.2369462,0.8163528,1.073096,0.09057827,1.043824,0.5475697,0.7261176,0.5665607,0.3851043,-0.1679559,1.583841,0.7167823,0.1182783,0.9785604,0.5691626,False,1,1,0
6/24/2025 11:22:15 AM,1750756935680,Right,0.1274658,1.078523,0.5232922,-0.1939492,0.8282527,1.076406,0.1107118,1.041797,0.5511419,0.7261176,0.5665607,0.3851043,-0.1475537,1.584878,0.7239523,0.138337,0.9755849,0.5697362,False,1,1,0
6/24/2025 11:22:15 AM,1750756935694,Right,0.1367904,1.076556,0.5261052,-0.1739907,0.8341382,1.078252,0.1198921,1.03993,0.5522974,0.7261176,0.5665607,0.3851043,-0.1375546,1.585537,0.7271693,0.1475126,0.9732304,0.5690675,False,1,1,0
6/24/2025 11:22:15 AM,1750756935722,Right,0.1545686,1.071371,0.5318325,-0.1360195,0.845975,1.082168,0.1365849,1.035271,0.5554572,0.7261176,0.5665607,0.3851043,-0.1176326,1.587025,0.7331965,0.1637069,0.9676417,0.5690099,False,1,1,0
6/24/2025 11:22:15 AM,1750756935735,Right,0.1630026,1.068455,0.5338892,-0.1177375,0.8517139,1.084259,0.1448886,1.033115,0.5575546,0.7261176,0.5665607,0.3851043,-0.1077497,1.587774,0.7360781,0.1715164,0.9650064,0.5696009,False,1,1,0
6/24/2025 11:22:15 AM,1750756935749,Right,0.1715749,1.065912,0.5356357,-0.09975481,0.8571073,1.086362,0.1536829,1.031451,0.5597963,0.7261176,0.5665607,0.3851043,-0.09788573,1.588547,0.73874,0.179681,0.9628083,0.5700504,False,1,1,0
6/24/2025 11:22:15 AM,1750756935777,Right,0.1874455,1.059048,0.5383134,-0.06727856,0.8665017,1.091055,0.1701751,1.026767,0.5636458,0.7261176,0.5665607,0.3851043,-0.07865238,1.58969,0.7437402,0.1945388,0.9570514,0.5698999,False,1,1,0
6/24/2025 11:22:15 AM,1750756935791,Right,0.1955056,1.055181,0.5401121,-0.05128992,0.8710691,1.09338,0.1781496,1.023673,0.5655221,0.7261176,0.5665607,0.3851043,-0.06911349,1.590127,0.7460798,0.2016284,0.9534978,0.5696546,False,1,1,0
6/24/2025 11:22:15 AM,1750756935819,Right,0.2107206,1.046011,0.5448924,-0.02160484,0.8788533,1.097862,0.1939503,1.016859,0.569491,0.7261176,0.5665607,0.3851043,-0.04947329,1.590848,0.7505306,0.2159271,0.9460803,0.5688781,False,1,1,0
6/24/2025 11:22:15 AM,1750756935833,Right,0.2182026,1.040894,0.5476128,-0.007856607,0.881637,1.100098,0.2015177,1.012937,0.5720313,0.7261176,0.5665607,0.3851043,-0.03912604,1.590765,0.7526866,0.2227219,0.9419755,0.5692318,False,1,1,0
6/24/2025 11:22:15 AM,1750756935861,Right,0.2340833,1.031756,0.5523167,0.01854646,0.8859782,1.10476,0.2186502,1.005403,0.5799197,0.7261176,0.5665607,0.3851043,-0.01796639,1.589943,0.7567184,0.2379743,0.9341367,0.5735505,False,1,1,0
6/24/2025 11:22:15 AM,1750756935874,Right,0.2422926,1.027066,0.5543963,0.03077978,0.8871139,1.10692,0.2277301,1.001513,0.5835336,0.7261176,0.5665607,0.3851043,-0.00747627,1.589143,0.7583392,0.24524,0.9298446,0.5764595,False,1,1,0
6/24/2025 11:22:15 AM,1750756935902,Right,0.2591341,1.017017,0.5581594,0.05266643,0.8875334,1.110566,0.2448671,0.9931981,0.5867514,0.7261176,0.5665607,0.3851043,0.0140059,1.586061,0.7608912,0.2604128,0.920949,0.5811536,False,1,1,0
6/24/2025 11:22:15 AM,1750756935916,Right,0.2677929,1.011416,0.5598583,0.06165451,0.8863727,1.112367,0.2536168,0.9882602,0.5874701,0.7261176,0.5665607,0.3851043,0.02504033,1.583849,0.7621102,0.2689089,0.9160175,0.5811395,False,1,1,0
6/24/2025 11:22:15 AM,1750756935943,Right,0.2851095,1.000491,0.5637883,0.07900238,0.8839656,1.115823,0.2714615,0.9784544,0.5900176,0.7261176,0.5665607,0.3851043,0.04722601,1.57815,0.7639685,0.2867947,0.9063561,0.582293,False,1,1,0
6/24/2025 11:22:15 AM,1750756935958,Right,0.2943553,0.9952901,0.5655798,0.08633929,0.8818025,1.117318,0.2807631,0.9734118,0.5924461,0.7261176,0.5665607,0.3851043,0.058065,1.574722,0.7645792,0.2958534,0.9013332,0.5840859,False,1,1,0
6/24/2025 11:22:15 AM,1750756935972,Right,0.3035782,0.9901258,0.5673494,0.09385681,0.8796176,1.118889,0.2902678,0.9683834,0.5953057,0.7261176,0.5665607,0.3851043,0.06896842,1.571152,0.7651871,0.3047603,0.8962386,0.5864723,False,1,1,0
6/24/2025 11:22:15 AM,1750756935999,Right,0.3233547,0.9782058,0.5699922,0.1058233,0.8730297,1.121847,0.3107445,0.9574412,0.5980123,0.7261176,0.5665607,0.3851043,0.09134793,1.56385,0.7655923,0.3234883,0.8848021,0.5906569,False,1,1,0
6/24/2025 11:22:16 AM,1750756936013,Right,0.3334926,0.9718857,0.5711184,0.1110612,0.8685957,1.123172,0.320114,0.9521338,0.5988657,0.7261176,0.5665607,0.3851043,0.1030706,1.55969,0.7652923,0.3324055,0.8794565,0.5911285,False,1,1,0
6/24/2025 11:22:16 AM,1750756936041,Right,0.3542319,0.9598215,0.5739709,0.120271,0.8573457,1.125453,0.3421343,0.9402638,0.6014093,0.7261176,0.5665607,0.3851043,0.1265439,1.551401,0.7643152,0.3538039,0.8676726,0.5920669,False,1,1,0
6/24/2025 11:22:16 AM,1750756936054,Right,0.3652823,0.9538074,0.5756501,0.1226389,0.8504494,1.126124,0.3530754,0.9346902,0.6027247,0.7261176,0.5665607,0.3851043,0.1384054,1.547663,0.7635485,0.3644881,0.862019,0.5936921,False,1,1,0
6/24/2025 11:22:16 AM,1750756936083,Right,0.3881058,0.9422461,0.5794997,0.1274404,0.8368114,1.127685,0.3759548,0.9240433,0.6066035,0.7261176,0.5665607,0.3851043,0.164014,1.541185,0.7609612,0.3864844,0.8511193,0.5985938,False,1,1,0
6/24/2025 11:22:16 AM,1750756936096,Right,0.4004435,0.9366818,0.5815858,0.1296285,0.8296395,1.129326,0.3882934,0.9190725,0.6082694,0.7261176,0.5665607,0.3851043,0.178928,1.538987,0.759442,0.3981711,0.845968,0.601121,False,1,1,0
6/24/2025 11:22:16 AM,1750756936110,Right,0.4125809,0.9313771,0.5832682,0.1319488,0.8236762,1.131612,0.401032,0.914615,0.6094845,0.7261176,0.5665607,0.3851043,0.193774,1.536553,0.7581413,0.4103892,0.841365,0.603175,False,1,1,0
6/24/2025 11:22:16 AM,1750756936138,Right,0.4378281,0.9213523,0.585125,0.1367447,0.8139468,1.138036,0.4270744,0.9057035,0.6106572,0.7261176,0.5665607,0.3851043,0.2233123,1.532445,0.7567418,0.4364854,0.832454,0.6044209,False,1,1,0
6/24/2025 11:22:16 AM,1750756936152,Right,0.4503621,0.9162923,0.5856628,0.1397492,0.8094394,1.142906,0.4397255,0.9012714,0.6111845,0.7261176,0.5665607,0.3851043,0.2379822,1.530715,0.7561361,0.4487882,0.8280193,0.6044818,False,1,1,0
6/24/2025 11:22:16 AM,1750756936180,Right,0.4755848,0.9064092,0.5869448,0.1463857,0.8020007,1.152107,0.4653316,0.893023,0.6125078,0.7261176,0.5665607,0.3851043,0.2680233,1.529069,0.7553298,0.4737457,0.8196324,0.6065106,False,1,1,0
6/24/2025 11:22:16 AM,1750756936194,Right,0.4879326,0.9012206,0.5874557,0.1495025,0.8000116,1.15652,0.4780008,0.8888714,0.6130316,0.7261176,0.5665607,0.3851043,0.2840829,1.529062,0.7549343,0.485892,0.8153654,0.6077848,False,1,1,0
6/24/2025 11:22:16 AM,1750756936222,Right,0.5114849,0.8913606,0.5884091,0.1556274,0.7962288,1.164745,0.502173,0.8808812,0.6139004,0.7261176,0.5665607,0.3851043,0.3154499,1.528555,0.7548401,0.5083899,0.807102,0.6105974,False,1,1,0
6/24/2025 11:22:16 AM,1750756936236,Right,0.5227999,0.8870344,0.5885024,0.1588076,0.7947608,1.16865,0.5139359,0.8774549,0.6138832,0.7261176,0.5665607,0.3851043,0.3304487,1.528649,0.7555817,0.5192629,0.8035666,0.6116289,False,1,1,0
6/24/2025 11:22:16 AM,1750756936264,Right,0.5448193,0.8782413,0.5869271,0.1664609,0.7946783,1.17524,0.5362905,0.8703184,0.6124442,0.7261176,0.5665607,0.3851043,0.357839,1.528149,0.7574621,0.5396889,0.7963029,0.6106815,False,1,1,0
6/24/2025 11:22:16 AM,1750756936277,Right,0.5555305,0.8743919,0.5861529,0.1716768,0.7949222,1.178361,0.5473158,0.8672681,0.6120008,0.7261176,0.5665607,0.3851043,0.3707861,1.528207,0.7589939,0.5494783,0.793193,0.610937,False,1,1,0
6/24/2025 11:22:16 AM,1750756936291,Right,0.5662408,0.8711418,0.5853636,0.1789526,0.7951242,1.181612,0.5584379,0.8645199,0.6115665,0.7261176,0.5665607,0.3851043,0.3834158,1.528116,0.7606918,0.5594846,0.790413,0.6116395,False,1,1,0
6/24/2025 11:22:16 AM,1750756936318,Right,0.5873979,0.8655706,0.5829709,0.1953328,0.794583,1.188015,0.5800051,0.8600729,0.6103084,0.7261176,0.5665607,0.3851043,0.4093658,1.527802,0.7641063,0.5794212,0.7860214,0.613304,False,1,1,0
6/24/2025 11:22:16 AM,1750756936333,Right,0.5976392,0.8629791,0.5813907,0.2054828,0.7944468,1.191159,0.5904735,0.8580422,0.6096809,0.7261176,0.5665607,0.3851043,0.4229538,1.527728,0.7661334,0.5891422,0.7840945,0.6144657,False,1,1,0
6/24/2025 11:22:16 AM,1750756936361,Right,0.6171954,0.8596688,0.5777898,0.2285385,0.7940913,1.197819,0.6113877,0.8556661,0.6094526,0.7261176,0.5665607,0.3851043,0.4500296,1.527798,0.7706119,0.6091419,0.7821384,0.6184846,False,1,1,0
6/24/2025 11:22:16 AM,1750756936374,Right,0.6264623,0.8583057,0.5761901,0.2409786,0.7940649,1.200948,0.6210697,0.8551731,0.6086315,0.7261176,0.5665607,0.3851043,0.4626086,1.528071,0.7731358,0.6185843,0.7819862,0.6200531,False,1,1,0
6/24/2025 11:22:16 AM,1750756936402,Right,0.6440216,0.8565183,0.5738089,0.2669959,0.7944841,1.20594,0.6395026,0.8538691,0.6055337,0.7261176,0.5665607,0.3851043,0.487194,1.529348,0.7785839,0.6368644,0.7814819,0.6212202,False,1,1,0
6/24/2025 11:22:16 AM,1750756936416,Right,0.6521019,0.855781,0.5727785,0.2817984,0.7955406,1.207815,0.6480622,0.853082,0.6038011,0.7261176,0.5665607,0.3851043,0.499684,1.529976,0.781365,0.645406,0.7811891,0.621614,False,1,1,0
6/24/2025 11:22:16 AM,1750756936443,Right,0.6679636,0.8548858,0.5694747,0.3126441,0.7982525,1.211454,0.6647246,0.8526751,0.6010088,0.7261176,0.5665607,0.3851043,0.5255247,1.531082,0.7868117,0.6626074,0.7819136,0.6229466,False,1,1,0
6/24/2025 11:22:16 AM,1750756936458,Right,0.6761289,0.8545677,0.5672969,0.3300243,0.7999888,1.213258,0.6738464,0.8523422,0.5993637,0.7261176,0.5665607,0.3851043,0.5384934,1.530956,0.7896992,0.6725675,0.7821167,0.6230212,False,1,1,0
6/24/2025 11:22:16 AM,1750756936471,Right,0.6842839,0.8536778,0.5656172,0.3470697,0.8012572,1.215237,0.6821206,0.8513672,0.5970624,0.7261176,0.5665607,0.3851043,0.5514227,1.530581,0.7922884,0.6819769,0.7816143,0.6221113,False,1,1,0
6/24/2025 11:22:16 AM,1750756936500,Right,0.6997444,0.850754,0.5645919,0.3832652,0.8027869,1.218379,0.6982431,0.8488166,0.5960151,0.7261176,0.5665607,0.3851043,0.5770845,1.529385,0.797428,0.6985042,0.7790029,0.6208931,False,1,1,0
6/24/2025 11:22:16 AM,1750756936513,Right,0.707606,0.848804,0.5643647,0.4010405,0.8029932,1.219488,0.7065318,0.8468515,0.5963281,0.7261176,0.5665607,0.3851043,0.5901556,1.528411,0.7999634,0.7065522,0.7769979,0.6210955,False,1,1,0
6/24/2025 11:22:16 AM,1750756936541,Right,0.7231023,0.8435455,0.563504,0.4371469,0.8020782,1.219937,0.7229593,0.8421159,0.5960611,0.7261176,0.5665607,0.3851043,0.6166753,1.525777,0.8051243,0.722636,0.7723459,0.6210608,False,1,1,0
6/24/2025 11:22:16 AM,1750756936555,Right,0.7305192,0.8401869,0.5621346,0.4553918,0.8012505,1.219695,0.7310722,0.839172,0.5950858,0.7261176,0.5665607,0.3851043,0.6300092,1.52391,0.8076956,0.7306442,0.7693554,0.6199535,False,1,1,0
6/24/2025 11:22:16 AM,1750756936583,Right,0.7455152,0.8334395,0.5594853,0.4922251,0.7996338,1.220652,0.7472541,0.832822,0.5929856,0.7261176,0.5665607,0.3851043,0.6567103,1.519288,0.8122767,0.7466716,0.7627892,0.6172346,False,1,1,0
6/24/2025 11:22:16 AM,1750756936596,Right,0.7530273,0.8299157,0.5585033,0.5109397,0.7986432,1.221763,0.7553027,0.8294117,0.5923328,0.7261176,0.5665607,0.3851043,0.6697987,1.516436,0.8145719,0.7545206,0.7592342,0.616154,False,1,1,0
6/24/2025 11:22:16 AM,1750756936610,Right,0.7606386,0.8261321,0.5574611,0.5300401,0.7970459,1.223203,0.7635586,0.8259098,0.5918425,0.7261176,0.5665607,0.3851043,0.683254,1.513433,0.8169426,0.7627767,0.7555427,0.6150976,False,1,1,0
6/24/2025 11:22:16 AM,1750756936638,Right,0.7758151,0.8181748,0.5556906,0.5674646,0.7928473,1.225836,0.779923,0.8180089,0.5906743,0.7261176,0.5665607,0.3851043,0.7101789,1.506673,0.8214288,0.7791844,0.7473646,0.613075,False,1,1,0
6/24/2025 11:22:16 AM,1750756936652,Right,0.7833174,0.813703,0.5553752,0.5860696,0.7904727,1.227009,0.7880015,0.813732,0.5903087,0.7261176,0.5665607,0.3851043,0.7237076,1.503089,0.8235017,0.7868989,0.7428708,0.6119977,False,1,1,0
6/24/2025 11:22:16 AM,1750756936680,Right,0.7982581,0.8050252,0.5544609,0.6226897,0.7853495,1.229366,0.8042527,0.8052638,0.5901806,0.7261176,0.5665607,0.3851043,0.7509962,1.495066,0.8263731,0.8027422,0.7339665,0.6103637,False,1,1,0
6/24/2025 11:22:16 AM,1750756936694,Right,0.8057497,0.8003745,0.5540885,0.6406955,0.7824048,1.230663,0.8125134,0.8006344,0.5901439,0.7261176,0.5665607,0.3851043,0.7644396,1.490628,0.8275496,0.8111228,0.7293258,0.6102954,False,1,1,0
6/24/2025 11:22:16 AM,1750756936722,Right,0.8207073,0.7910638,0.5534134,0.676298,0.7764446,1.233782,0.8287576,0.7912524,0.5891948,0.7261176,0.5665607,0.3851043,0.7923554,1.481596,0.8286889,0.8277723,0.7198311,0.608968,False,1,1,0
6/24/2025 11:22:16 AM,1750756936736,Right,0.8276024,0.7867545,0.5529624,0.6935989,0.7741804,1.23585,0.8363803,0.7867264,0.5881865,0.7261176,0.5665607,0.3851043,0.8064352,1.477005,0.8284812,0.8358166,0.7151873,0.6075458,False,1,1,0
6/24/2025 11:22:16 AM,1750756936763,Right,0.8400157,0.7787952,0.5528625,0.72789,0.7714778,1.239605,0.8497557,0.7784762,0.5881659,0.7261176,0.5665607,0.3851043,0.8321884,1.467177,0.8265257,0.8489965,0.7065298,0.6059443,False,1,1,0
6/24/2025 11:22:16 AM,1750756936777,Right,0.8456364,0.7744061,0.5534275,0.7441158,0.7710414,1.241544,0.8564097,0.7743066,0.5889612,0.7261176,0.5665607,0.3851043,0.8448659,1.463076,0.8252883,0.8552628,0.7021928,0.6060265,False,1,1,0
6/24/2025 11:22:16 AM,1750756936791,Right,0.8510994,0.7700516,0.5540413,0.7600586,0.77095,1.243274,0.8627222,0.769942,0.5898659,0.7261176,0.5665607,0.3851043,0.8571765,1.458341,0.8237412,0.8618144,0.697889,0.6072,False,1,1,0
6/24/2025 11:22:16 AM,1750756936819,Right,0.8611163,0.7614778,0.5549291,0.7909529,0.771926,1.246215,0.874902,0.7613605,0.5906,0.7261176,0.5665607,0.3851043,0.879339,1.449254,0.8200822,0.8748553,0.6894456,0.6085216,False,1,1,0
6/24/2025 11:22:16 AM,1750756936832,Right,0.8657998,0.7569875,0.5554384,0.8057429,0.7733972,1.247287,0.8799522,0.7569272,0.5905201,0.7261176,0.5665607,0.3851043,0.8895251,1.445263,0.8177899,0.8802588,0.6850369,0.6085375,False,1,1,0
6/24/2025 11:22:16 AM,1750756936860,Right,0.8751411,0.7470564,0.5564866,0.8361331,0.7766351,1.248889,0.8900883,0.7472796,0.5910449,0.7261176,0.5665607,0.3851043,0.9088294,1.436563,0.8110417,0.8909439,0.6754004,0.6090892,False,1,1,0
6/24/2025 11:22:16 AM,1750756936874,Right,0.8796808,0.7416177,0.5566635,0.8516926,0.778456,1.249066,0.8956372,0.7419777,0.5909167,0.7261176,0.5665607,0.3851043,0.9185381,1.431479,0.8069499,0.8972023,0.6702397,0.609468,False,1,1,0
6/24/2025 11:22:16 AM,1750756936902,Right,0.8888786,0.7292725,0.5579723,0.8834661,0.7806935,1.248797,0.9053383,0.7304927,0.5908916,0.7261176,0.5665607,0.3851043,0.9364254,1.421738,0.7992469,0.908408,0.6590921,0.610525,False,1,1,0
6/24/2025 11:22:16 AM,1750756936915,Right,0.892932,0.7227829,0.559147,0.8993298,0.7818997,1.247925,0.9089385,0.7238727,0.591458,0.7261176,0.5665607,0.3851043,0.9451495,1.417103,0.7949433,0.9121931,0.6526699,0.6117686,False,1,1,0
6/24/2025 11:22:16 AM,1750756936930,Right,0.895996,0.7173644,0.5599643,0.9146827,0.7834967,1.246403,0.9126111,0.7184565,0.5914351,0.7261176,0.5665607,0.3851043,0.953528,1.412558,0.7902868,0.9159407,0.647347,0.6120576,False,1,1,0
6/24/2025 11:22:16 AM,1750756936958,Right,0.9015191,0.7069775,0.5599627,0.9437547,0.787017,1.243399,0.9190654,0.7082721,0.5904083,0.7261176,0.5665607,0.3851043,0.9698902,1.402776,0.7801479,0.9227924,0.6371351,0.6108676,False,1,1,0
6/24/2025 11:22:16 AM,1750756936971,Right,0.9029514,0.7010434,0.5597284,0.9559054,0.788798,1.240987,0.9211986,0.7025198,0.5897965,0.7261176,0.5665607,0.3851043,0.9770501,1.397497,0.7746812,0.9252881,0.6315134,0.6106362,False,1,1,0
6/24/2025 11:22:16 AM,1750756936999,Right,0.9063503,0.6888381,0.5608199,0.9791201,0.7908543,1.237136,0.9256748,0.6908619,0.5898039,0.7261176,0.5665607,0.3851043,0.9907219,1.388007,0.7650977,0.9303008,0.6202148,0.6117247,False,1,1,0
6/24/2025 11:22:17 AM,1750756937013,Right,0.9080763,0.6830552,0.56102,0.9900246,0.7913091,1.235301,0.9277916,0.6852328,0.5893287,0.7261176,0.5665607,0.3851043,0.9964584,1.383825,0.7602079,0.9327781,0.6147835,0.6118005,False,1,1,0
6/24/2025 11:22:17 AM,1750756937041,Right,0.9111321,0.6723901,0.5606363,1.01071,0.79186,1.231189,0.931586,0.6750908,0.5881059,0.7261176,0.5665607,0.3851043,1.007411,1.374994,0.7500354,0.9374033,0.6047693,0.6107771,False,1,1,0
6/24/2025 11:22:17 AM,1750756937055,Right,0.9126275,0.6671816,0.5603464,1.020456,0.7921478,1.228998,0.9336069,0.6700248,0.5874477,0.7261176,0.5665607,0.3851043,1.013036,1.370578,0.7449504,0.9398407,0.5998474,0.6104525,False,1,1,0
6/24/2025 11:22:17 AM,1750756937082,Right,0.9149098,0.6564452,0.5579681,1.037632,0.7919179,1.224405,0.9365352,0.6596003,0.5841116,0.7261176,0.5665607,0.3851043,1.023925,1.361583,0.7346321,0.9439384,0.5897077,0.607631,False,1,1,0
6/24/2025 11:22:17 AM,1750756937097,Right,0.9160305,0.6506711,0.5563633,1.045653,0.7912744,1.221989,0.9378449,0.6540402,0.5818912,0.7261176,0.5665607,0.3851043,1.029545,1.357285,0.7292912,0.945633,0.584221,0.605504,False,1,1,0
6/24/2025 11:22:17 AM,1750756937110,Right,0.9170842,0.6449466,0.5544109,1.052652,0.790018,1.219115,0.9395269,0.6486186,0.5799627,0.7261176,0.5665607,0.3851043,1.03432,1.35276,0.7239871,0.9475815,0.5788026,0.6034953,False,1,1,0
6/24/2025 11:22:17 AM,1750756937138,Right,0.919898,0.6344589,0.5499755,1.066571,0.787523,1.212923,0.9428115,0.6382103,0.5747979,0.7261176,0.5665607,0.3851043,1.043381,1.342684,0.7133539,0.9509953,0.5680544,0.5972503,False,1,1,0
6/24/2025 11:22:17 AM,1750756937152,Right,0.9219728,0.6286552,0.5476342,1.073138,0.786277,1.209682,0.9450439,0.6326592,0.5722997,0.7261176,0.5665607,0.3851043,1.04751,1.337207,0.7081414,0.9536715,0.5624403,0.5943862,False,1,1,0
6/24/2025 11:22:17 AM,1750756937180,Right,0.9261129,0.6158839,0.5428712,1.08593,0.7832842,1.20298,0.9498035,0.6201097,0.5668288,0.7261176,0.5665607,0.3851043,1.05549,1.326125,0.6977109,0.959926,0.5500064,0.5886464,False,1,1,0
6/24/2025 11:22:17 AM,1750756937194,Right,0.9277263,0.6097049,0.5402822,1.092111,0.7815944,1.199453,0.951538,0.6139876,0.5639614,0.7261176,0.5665607,0.3851043,1.058965,1.320408,0.6922207,0.9621166,0.5438408,0.5854197,False,1,1,0
6/24/2025 11:22:17 AM,1750756937222,Right,0.9309368,0.5979681,0.5350151,1.103099,0.7781692,1.192063,0.9549991,0.6021037,0.557959,0.7261176,0.5665607,0.3851043,1.06584,1.30816,0.6809484,0.964806,0.5315226,0.5783325,False,1,1,0
6/24/2025 11:22:17 AM,1750756937235,Right,0.9326648,0.5918937,0.5321631,1.10804,0.7763309,1.188306,0.9570915,0.5959302,0.5548349,0.7261176,0.5665607,0.3851043,1.06977,1.301453,0.6751115,0.9664666,0.5251189,0.5746038,False,1,1,0
6/24/2025 11:22:17 AM,1750756937263,Right,0.9371344,0.5779741,0.5266845,1.116513,0.7720217,1.180773,0.9616663,0.5819826,0.5485328,0.7261176,0.5665607,0.3851043,1.077432,1.287618,0.66198,0.9712749,0.5111984,0.5682866,False,1,1,0
6/24/2025 11:22:17 AM,1750756937277,Right,0.9395962,0.5704932,0.5241292,1.120584,0.7697484,1.177233,0.964222,0.5745415,0.5455357,0.7261176,0.5665607,0.3851043,1.081347,1.280403,0.6552433,0.9738275,0.5037544,0.5652805,False,1,1,0
6/24/2025 11:22:17 AM,1750756937291,Right,0.9423484,0.5626804,0.5213124,1.124162,0.7673714,1.173881,0.9670014,0.5668517,0.5423465,0.7261176,0.5665607,0.3851043,1.085058,1.272644,0.6484579,0.9765363,0.4959557,0.5617315,False,1,1,0
6/24/2025 11:22:17 AM,1750756937319,Right,0.9478862,0.5469323,0.5156555,1.129566,0.762337,1.16746,0.972382,0.5510513,0.5363046,0.7261176,0.5665607,0.3851043,1.091282,1.256749,0.6348398,0.9806941,0.4798898,0.5552755,False,1,1,0
6/24/2025 11:22:17 AM,1750756937333,Right,0.950297,0.5387844,0.512709,1.131295,0.7596666,1.164263,0.9750384,0.5429922,0.5330141,0.7261176,0.5665607,0.3851043,1.094407,1.24833,0.6277918,0.9827042,0.4717612,0.5519961,False,1,1,0
6/24/2025 11:22:17 AM,1750756937360,Right,0.9540675,0.5225723,0.5065275,1.133459,0.7537524,1.157827,0.9792559,0.5265564,0.5262899,0.7261176,0.5665607,0.3851043,1.100795,1.230755,0.6122766,0.9859946,0.4553285,0.545632,False,1,1,0
6/24/2025 11:22:17 AM,1750756937374,Right,0.9558759,0.5145624,0.5032022,1.134261,0.7504295,1.154811,0.9816268,0.5180808,0.5217669,0.7261176,0.5665607,0.3851043,1.10396,1.221297,0.604093,0.9882932,0.4468241,0.5410278,False,1,1,0
6/24/2025 11:22:17 AM,1750756937402,Right,0.9592237,0.4965224,0.4958289,1.134939,0.7427147,1.149211,0.9848198,0.4998465,0.5135615,0.7261176,0.5665607,0.3851043,1.109576,1.201959,0.5889426,0.9917731,0.4286656,0.5330002,False,1,1,0
6/24/2025 11:22:17 AM,1750756937416,Right,0.960676,0.486936,0.4923891,1.134481,0.7379618,1.146474,0.9861224,0.4900884,0.5097,0.7261176,0.5665607,0.3851043,1.112319,1.192327,0.5820409,0.9927424,0.418837,0.5289966,False,1,1,0
6/24/2025 11:22:17 AM,1750756937444,Right,0.9634147,0.466643,0.4856118,1.134286,0.7284279,1.14066,0.9895616,0.4701095,0.5026731,0.7261176,0.5665607,0.3851043,1.117672,1.172748,0.5681378,0.9953629,0.3987567,0.5218579,False,1,1,0
6/24/2025 11:22:17 AM,1750756937457,Right,0.9645178,0.4564508,0.4820076,1.134589,0.7241611,1.137,0.9905474,0.4600402,0.4989699,0.7261176,0.5665607,0.3851043,1.120011,1.162703,0.5613848,0.9960616,0.388739,0.5184296,False,1,1,0
6/24/2025 11:22:17 AM,1750756937472,Right,0.9655901,0.4467326,0.4784685,1.135499,0.720186,1.133355,0.9914623,0.4501532,0.4949813,0.7261176,0.5665607,0.3851043,1.122339,1.152671,0.554633,0.9965793,0.3789371,0.5148565,False,1,1,0
6/24/2025 11:22:17 AM,1750756937499,Right,0.9678569,0.4273798,0.4721384,1.139115,0.7109965,1.126898,0.9943703,0.4306647,0.4874748,0.7261176,0.5665607,0.3851043,1.126316,1.133352,0.5422516,0.9979025,0.3595796,0.5081479,False,1,1,0
6/24/2025 11:22:17 AM,1750756937513,Right,0.9692546,0.4176632,0.4691706,1.140851,0.7066309,1.123846,0.995903,0.421138,0.4843061,0.7261176,0.5665607,0.3851043,1.129022,1.124406,0.5364857,0.9992285,0.3501797,0.5054437,False,1,1,0
6/24/2025 11:22:17 AM,1750756937541,Right,0.9717004,0.3985988,0.4638193,1.144216,0.6987906,1.117901,0.9985349,0.4021927,0.478311,0.7261176,0.5665607,0.3851043,1.132802,1.106334,0.5251337,1.001291,0.3314917,0.5003726,False,1,1,0
6/24/2025 11:22:17 AM,1750756937555,Right,0.972702,0.3902589,0.4614477,1.146562,0.695101,1.115167,0.9994313,0.3939357,0.475846,0.7261176,0.5665607,0.3851043,1.134045,1.097708,0.5193582,1.002187,0.3232347,0.4979076,False,1,1,0
6/24/2025 11:22:17 AM,1750756937583,Right,0.9743635,0.3743833,0.4566188,1.151985,0.6894661,1.108663,1.001355,0.3778363,0.4701324,0.7261176,0.5665607,0.3851043,1.137843,1.081018,0.507545,1.003773,0.3072127,0.4924797,False,1,1,0
6/24/2025 11:22:17 AM,1750756937597,Right,0.9754022,0.3660388,0.4546824,1.154499,0.6872435,1.104834,1.002501,0.3694926,0.4677774,0.7261176,0.5665607,0.3851043,1.13971,1.072731,0.5016756,1.004813,0.298999,0.4905424,False,1,1,0
6/24/2025 11:22:17 AM,1750756937611,Right,0.9765114,0.3581014,0.453282,1.157217,0.6854584,1.100768,1.003634,0.3614689,0.4658166,0.7261176,0.5665607,0.3851043,1.140931,1.064766,0.4957552,1.005894,0.2911236,0.4890409,False,1,1,0
6/24/2025 11:22:17 AM,1750756937638,Right,0.9790005,0.3427574,0.4509064,1.162951,0.6814253,1.093443,1.006047,0.3460804,0.4625385,0.7261176,0.5665607,0.3851043,1.142888,1.049067,0.4842767,1.008748,0.2760247,0.4865769,False,1,1,0
6/24/2025 11:22:17 AM,1750756937652,Right,0.9797791,0.3351378,0.4497423,1.165356,0.679458,1.089497,1.006802,0.3384575,0.4611223,0.7261176,0.5665607,0.3851043,1.143999,1.041101,0.4785224,1.009046,0.2684972,0.4854833,False,1,1,0
6/24/2025 11:22:17 AM,1750756937680,Right,0.9811935,0.3202034,0.4468784,1.169571,0.6748993,1.08135,1.008231,0.3233282,0.4574469,0.7261176,0.5665607,0.3851043,1.14486,1.025196,0.468519,1.009106,0.2535324,0.4823611,False,1,1,0
6/24/2025 11:22:17 AM,1750756937694,Right,0.9822003,0.3126124,0.445701,1.171517,0.6722774,1.077569,1.009288,0.3157389,0.4561628,0.7261176,0.5665607,0.3851043,1.145207,1.017214,0.464089,1.010163,0.245943,0.481077,False,1,1,0
6/24/2025 11:22:17 AM,1750756937721,Right,0.9847044,0.2971553,0.4440411,1.175034,0.6667624,1.070488,1.012049,0.3003305,0.4541202,0.7261176,0.5665607,0.3851043,1.146457,1.001352,0.4554119,1.013286,0.2307336,0.4795699,False,2,1,0
6/24/2025 11:22:17 AM,1750756937735,Right,0.9860973,0.2894098,0.4440733,1.176911,0.6641254,1.06733,1.013938,0.2925847,0.4538299,0.7261176,0.5665607,0.3851043,1.146888,0.9933308,0.4515704,1.015736,0.2231548,0.4796987,False,2,1,0
6/24/2025 11:22:17 AM,1750756937763,Right,0.9881394,0.2753188,0.443499,1.180989,0.6588205,1.061421,1.014738,0.2777988,0.4520086,0.7261176,0.5665607,0.3851043,1.147368,0.977607,0.4443859,1.017442,0.2087385,0.4787726,False,2,1,0
6/24/2025 11:22:17 AM,1750756937777,Right,0.9884688,0.2682142,0.443279,1.183502,0.656377,1.058644,1.015152,0.2706876,0.4516687,0.7261176,0.5665607,0.3851043,1.147658,0.9698834,0.4410292,1.017856,0.2016274,0.4784327,False,2,1,0
6/24/2025 11:22:17 AM,1750756937791,Right,0.9882022,0.2610707,0.4431205,1.186254,0.6540199,1.055885,1.01458,0.2635937,0.451426,0.7261176,0.5665607,0.3851043,1.148449,0.9624611,0.4378722,1.017157,0.1945673,0.4782898,False,2,1,0
6/24/2025 11:22:17 AM,1750756937818,Right,0.9868672,0.2472032,0.4427329,1.191479,0.6490744,1.050449,1.013598,0.2495895,0.4502245,0.7261176,0.5665607,0.3851043,1.149034,0.9482749,0.4323372,1.015927,0.1808087,0.477733,False,2,1,0
6/24/2025 11:22:17 AM,1750756937832,Right,0.9859581,0.2407509,0.4425778,1.193892,0.6466516,1.047888,1.012514,0.2432241,0.4499114,0.7261176,0.5665607,0.3851043,1.149027,0.9420847,0.4299818,1.014321,0.1745121,0.4776302,False,2,1,0
6/24/2025 11:22:17 AM,1750756937860,Right,0.983895,0.2293723,0.4425657,1.198256,0.6429189,1.042396,1.011093,0.2317238,0.4492502,0.7261176,0.5665607,0.3851043,1.149192,0.9305756,0.425347,1.011993,0.1633242,0.4777743,False,2,1,0
6/24/2025 11:22:17 AM,1750756937874,Right,0.9830388,0.2251842,0.4426222,1.200135,0.6415771,1.039969,1.010339,0.2274384,0.4491899,0.7261176,0.5665607,0.3851043,1.149156,0.9256102,0.423239,1.011239,0.1590388,0.477714,False,2,1,0
6/24/2025 11:22:17 AM,1750756937902,Right,0.9820918,0.2195587,0.4432629,1.202788,0.6393719,1.037203,1.009141,0.2214043,0.449338,0.7261176,0.5665607,0.3851043,1.149437,0.9179029,0.418722,1.009686,0.1530463,0.4779707,False,2,1,0
6/24/2025 11:22:17 AM,1750756937916,Right,0.9818864,0.2166361,0.443805,1.204444,0.6389095,1.035786,1.009136,0.2183729,0.4495428,0.7261176,0.5665607,0.3851043,1.149616,0.9154989,0.416063,1.009507,0.1501054,0.4783933,False,2,1,0
6/24/2025 11:22:17 AM,1750756937944,Right,0.9812797,0.2113274,0.4448444,1.207457,0.6388735,1.032271,1.008803,0.2136511,0.4498882,0.7261176,0.5665607,0.3851043,1.148737,0.9122142,0.410799,1.009113,0.1459052,0.4799436,False,2,1,0
6/24/2025 11:22:17 AM,1750756937958,Right,0.9805547,0.2103306,0.4447595,1.208448,0.6392719,1.030171,1.007963,0.2126864,0.4495572,0.7261176,0.5665607,0.3851043,1.148079,0.911381,0.4082547,1.00882,0.1450463,0.4798395,False,2,1,0
6/24/2025 11:22:17 AM,1750756937972,Right,0.9794878,0.2105179,0.4441373,1.209223,0.6397573,1.028008,1.007081,0.212473,0.4488885,0.7261176,0.5665607,0.3851043,1.147548,0.9115398,0.4061447,1.007938,0.1448328,0.4791707,False,2,1,0
6/24/2025 11:22:17 AM,1750756937999,Right,0.9783167,0.2149756,0.4427297,1.211442,0.6421559,1.021031,1.005783,0.21658,0.4466986,0.7261176,0.5665607,0.3851043,1.146405,0.9130504,0.401464,1.006627,0.1488751,0.4768361,False,2,1,0
6/24/2025 11:22:18 AM,1750756938013,Right,0.9773437,0.2164673,0.4420754,1.212147,0.6432078,1.018014,1.005198,0.2180255,0.4462262,0.7261176,0.5665607,0.3851043,1.145298,0.9148123,0.3992089,1.006124,0.1502375,0.4761739,False,2,1,0
6/24/2025 11:22:18 AM,1750756938041,Right,0.9746851,0.2233184,0.4401977,1.213461,0.64551,1.012124,1.002821,0.2248579,0.4441497,0.7261176,0.5665607,0.3851043,1.143237,0.9203803,0.3942136,1.005086,0.1572189,0.474362,False,2,1,0
6/24/2025 11:22:18 AM,1750756938055,Right,0.9740256,0.227852,0.4392968,1.214725,0.647157,1.007826,1.002192,0.2288854,0.4429717,0.7261176,0.5665607,0.3851043,1.14201,0.9240823,0.3913331,1.005386,0.1613478,0.4733267,False,2,1,0
6/24/2025 11:22:18 AM,1750756938083,Right,0.9724526,0.2388352,0.4364694,1.217436,0.650359,0.9997737,1.000582,0.239884,0.439408,0.7261176,0.5665607,0.3851043,1.139104,0.9339029,0.3852756,1.00561,0.1724441,0.4697317,False,2,1,0
6/24/2025 11:22:18 AM,1750756938096,Right,0.9718952,0.2462976,0.434392,1.218831,0.6517811,0.9965613,1.000258,0.2471254,0.4370848,0.7261176,0.5665607,0.3851043,1.137234,0.9402764,0.3819152,1.006144,0.1796262,0.4671208,False,2,1,0
6/24/2025 11:22:18 AM,1750756938110,Right,0.9717449,0.2537847,0.4322736,1.220447,0.6534297,0.9929218,0.9999583,0.2541479,0.4349618,0.7261176,0.5665607,0.3851043,1.13561,0.9471046,0.3786608,1.00694,0.1865464,0.4645289,False,2,1,0
6/24/2025 11:22:18 AM,1750756938138,Right,0.9722826,0.2698473,0.4285955,1.224745,0.6578416,0.983898,0.9991174,0.2702878,0.4315108,0.7261176,0.5665607,0.3851043,1.132409,0.9627947,0.3730651,1.009103,0.2025174,0.459802,False,2,1,0
6/24/2025 11:22:18 AM,1750756938152,Right,0.9721744,0.278512,0.427056,1.227149,0.6603909,0.9792221,0.9987044,0.2792374,0.4297801,0.7261176,0.5665607,0.3851043,1.130671,0.9717742,0.3704246,1.009332,0.2114825,0.4578736,False,2,1,0
6/24/2025 11:22:18 AM,1750756938180,Right,0.9716939,0.2983427,0.424827,1.232029,0.6663645,0.969167,0.9979903,0.2991516,0.4271706,0.7261176,0.5665607,0.3851043,1.126927,0.9916855,0.3642552,1.008297,0.2312737,0.4550865,False,2,1,0
6/24/2025 11:22:18 AM,1750756938194,Right,0.9706834,0.309089,0.4237012,1.234365,0.6697396,0.9638654,0.997165,0.3099913,0.4259387,0.7261176,0.5665607,0.3851043,1.124894,1.002478,0.3611128,1.007613,0.2419669,0.4534425,False,2,1,0
6/24/2025 11:22:18 AM,1750756938222,Right,0.966234,0.3324146,0.4211181,1.238884,0.6780586,0.9517417,0.9925754,0.3331082,0.4229383,0.7261176,0.5665607,0.3851043,1.119998,1.026696,0.3550811,1.005433,0.2651735,0.449631,False,2,1,0
6/24/2025 11:22:18 AM,1750756938236,Right,0.9635699,0.3442646,0.4198676,1.241199,0.6824693,0.9452182,0.9897467,0.3448822,0.4215799,0.7261176,0.5665607,0.3851043,1.117442,1.039695,0.3521418,1.003084,0.2768881,0.447883,False,2,1,0
6/24/2025 11:22:18 AM,1750756938249,Right,0.9603838,0.3567721,0.4190764,1.243642,0.6871191,0.9382461,0.9864371,0.3582193,0.4204656,0.7261176,0.5665607,0.3851043,1.114203,1.053377,0.3489261,0.9999061,0.2901385,0.4464758,False,2,1,0
6/24/2025 11:22:18 AM,1750756938276,Right,0.9544589,0.3818763,0.4180821,1.248911,0.696947,0.9238958,0.9810531,0.3823215,0.4189501,0.7261176,0.5665607,0.3851043,1.106848,1.082337,0.3425588,0.9949945,0.3142519,0.4447397,False,2,1,0
6/24/2025 11:22:18 AM,1750756938290,Right,0.951328,0.3955546,0.4176344,1.251809,0.7019429,0.9168086,0.9780434,0.3955421,0.418276,0.7261176,0.5665607,0.3851043,1.102883,1.097618,0.3397021,0.992102,0.327481,0.4440246,False,2,1,0
6/24/2025 11:22:18 AM,1750756938318,Right,0.9441589,0.4240215,0.416016,1.258004,0.7117082,0.9021696,0.9704454,0.4271464,0.4158696,0.7261176,0.5665607,0.3851043,1.09433,1.129146,0.3348193,0.9852059,0.3590503,0.4411281,False,2,1,0
6/24/2025 11:22:18 AM,1750756938332,Right,0.9402933,0.439004,0.4151667,1.261421,0.7164778,0.8944054,0.966432,0.4423214,0.4148324,0.7261176,0.5665607,0.3851043,1.089178,1.145208,0.3328329,0.981757,0.3741937,0.4396657,False,2,1,0
6/24/2025 11:22:18 AM,1750756938360,Right,0.9330873,0.4693831,0.4134998,1.268797,0.7252691,0.8794597,0.9583431,0.472792,0.4135612,0.7261176,0.5665607,0.3851043,1.07807,1.177169,0.330055,0.9744272,0.4043603,0.4370419,False,2,1,0
6/24/2025 11:22:18 AM,1750756938374,Right,0.9293579,0.4843334,0.4125893,1.272536,0.7295322,0.8719616,0.9543872,0.4878683,0.4127509,0.7261176,0.5665607,0.3851043,1.072071,1.193178,0.3298518,0.9708259,0.4193557,0.435745,False,2,1,0
6/24/2025 11:22:18 AM,1750756938402,Right,0.9211236,0.5160332,0.4108019,1.280372,0.7381421,0.8547182,0.9457899,0.519653,0.4111526,0.7261176,0.5665607,0.3851043,1.059933,1.225054,0.3304172,0.9630567,0.4510054,0.433114,False,2,1,0
6/24/2025 11:22:18 AM,1750756938416,Right,0.9170803,0.531865,0.4099293,1.284368,0.7423921,0.846696,0.9414127,0.5357372,0.4103278,0.7261176,0.5665607,0.3851043,1.05381,1.240751,0.3309541,0.9583994,0.4668635,0.4317944,False,2,1,0
6/24/2025 11:22:18 AM,1750756938444,Right,0.9091213,0.564216,0.4082123,1.292156,0.7508252,0.8306394,0.9325951,0.5675482,0.4085383,0.7261176,0.5665607,0.3851043,1.041149,1.271602,0.3336534,0.9487017,0.4981418,0.4289411,False,2,1,0
6/24/2025 11:22:18 AM,1750756938458,Right,0.9053736,0.5802665,0.4074371,1.295834,0.7550753,0.822297,0.9284034,0.5833637,0.4078206,0.7261176,0.5665607,0.3851043,1.034517,1.286882,0.3355337,0.9439614,0.5136651,0.4276445,False,2,1,0
6/24/2025 11:22:18 AM,1750756938472,Right,0.9017298,0.596431,0.4068725,1.299299,0.7592313,0.8134608,0.9239954,0.5991439,0.407266,0.7261176,0.5665607,0.3851043,1.028021,1.301912,0.3380735,0.9387675,0.5290978,0.4264562,False,2,1,0
6/24/2025 11:22:18 AM,1750756938499,Right,0.890923,0.6271117,0.4066248,1.305643,0.7666956,0.7970586,0.9142916,0.6300173,0.4080408,0.7261176,0.5665607,0.3851043,1.014541,1.330973,0.3434283,0.9290373,0.5593681,0.4248986,False,2,1,0
6/24/2025 11:22:18 AM,1750756938514,Right,0.884771,0.6415291,0.4068941,1.308468,0.7701849,0.7885033,0.907931,0.6444847,0.4092389,0.7261176,0.5665607,0.3851043,1.007642,1.344931,0.3473778,0.9235003,0.5737079,0.424769,False,2,1,0
6/24/2025 11:22:18 AM,1750756938541,Right,0.8724425,0.6696886,0.4079061,1.313771,0.7764999,0.770942,0.8955109,0.6722822,0.4111316,0.7261176,0.5665607,0.3851043,0.9942379,1.370749,0.3578326,0.9105342,0.6010361,0.4249605,False,2,1,0
6/24/2025 11:22:18 AM,1750756938555,Right,0.8659467,0.6835981,0.408375,1.316187,0.7789972,0.7625636,0.8888525,0.6857479,0.4121592,0.7261176,0.5665607,0.3851043,0.9877329,1.383232,0.3633966,0.9034678,0.6142176,0.4249165,False,2,1,0
6/24/2025 11:22:18 AM,1750756938583,Right,0.8513025,0.709801,0.4103184,1.320998,0.7828714,0.7461728,0.8750176,0.711697,0.4143972,0.7261176,0.5665607,0.3851043,0.9746643,1.40739,0.3739341,0.8897776,0.6399106,0.4254333,False,2,1,0
6/24/2025 11:22:18 AM,1750756938596,Right,0.8435709,0.7221131,0.4117326,1.323513,0.7843384,0.738077,0.8676633,0.7236225,0.41594,0.7261176,0.5665607,0.3851043,0.968573,1.418764,0.3803682,0.8827965,0.6518307,0.4264218,False,2,1,0
6/24/2025 11:22:18 AM,1750756938611,Right,0.835584,0.73338,0.4139702,1.326136,0.7850295,0.7300147,0.8602863,0.7349395,0.4182174,0.7261176,0.5665607,0.3851043,0.9634125,1.430073,0.3870914,0.875855,0.6631541,0.4280872,False,2,1,0
6/24/2025 11:22:18 AM,1750756938639,Right,0.8216584,0.7548016,0.4191297,1.331441,0.7860403,0.7139039,0.8462057,0.7562625,0.4238977,0.7261176,0.5665607,0.3851043,0.9546224,1.451705,0.4001391,0.86241,0.6844172,0.4321808,False,2,1,0
6/24/2025 11:22:18 AM,1750756938652,Right,0.815433,0.7644712,0.4225688,1.334209,0.7857392,0.7059767,0.8401048,0.7660251,0.4276022,0.7261176,0.5665607,0.3851043,0.9508797,1.461867,0.4062812,0.8564959,0.6941209,0.4349546,False,2,1,0
6/24/2025 11:22:18 AM,1750756938680,Right,0.8044424,0.7833731,0.4304897,1.33958,0.7845706,0.6902642,0.8293598,0.7851731,0.4362619,0.7261176,0.5665607,0.3851043,0.9442675,1.480453,0.4206862,0.8462291,0.7131824,0.4413331,False,2,1,0
6/24/2025 11:22:18 AM,1750756938694,Right,0.7995459,0.7926746,0.4346565,1.342189,0.7840099,0.682472,0.824716,0.7941691,0.4413456,0.7261176,0.5665607,0.3851043,0.9415478,1.489396,0.4285096,0.8419259,0.7221754,0.4450422,False,2,1,0
6/24/2025 11:22:18 AM,1750756938722,Right,0.7902697,0.8098118,0.4440351,1.347241,0.7813222,0.6674936,0.8157067,0.8112175,0.4524404,0.7261176,0.5665607,0.3851043,0.9380771,1.506068,0.4440596,0.8330612,0.7391649,0.4528693,False,2,1,0
6/24/2025 11:22:18 AM,1750756938736,Right,0.7855263,0.818244,0.4491017,1.349596,0.7798954,0.6601566,0.811246,0.8196156,0.4575952,0.7261176,0.5665607,0.3851043,0.9367813,1.513582,0.4516541,0.8283649,0.7475081,0.4569673,False,2,1,0
6/24/2025 11:22:18 AM,1750756938764,Right,0.7768567,0.8341665,0.4603122,1.353727,0.7769395,0.6456069,0.8031187,0.8352891,0.4690438,0.7261176,0.5665607,0.3851043,0.9354327,1.527547,0.4670641,0.8198658,0.7631475,0.4662021,False,2,1,0
6/24/2025 11:22:18 AM,1750756938777,Right,0.7729514,0.8420288,0.4661056,1.355643,0.775803,0.6383752,0.7998528,0.8425936,0.4753618,0.7261176,0.5665607,0.3851043,0.9352543,1.534221,0.4746222,0.8161408,0.7703971,0.4714492,False,2,1,0
6/24/2025 11:22:18 AM,1750756938791,Right,0.7695056,0.8494927,0.4726154,1.357445,0.7749607,0.631277,0.7966534,0.8499315,0.4817684,0.7261176,0.5665607,0.3851043,0.935694,1.540419,0.4817226,0.8125388,0.7777151,0.476729,False,2,1,0
6/24/2025 11:22:18 AM,1750756938819,Right,0.7635946,0.863208,0.4862506,1.360796,0.7742501,0.6167938,0.791625,0.8629878,0.4955654,0.7261176,0.5665607,0.3851043,0.9371864,1.551475,0.4953531,0.8070729,0.7908615,0.488347,False,2,1,0
6/24/2025 11:22:18 AM,1750756938833,Right,0.7607229,0.8693495,0.4936324,1.362249,0.7744374,0.6092497,0.7891772,0.8690899,0.5024043,0.7261176,0.5665607,0.3851043,0.9380403,1.556182,0.5018103,0.8048576,0.7971221,0.4941765,False,2,1,0
6/24/2025 11:22:18 AM,1750756938861,Right,0.7545691,0.8812405,0.5091206,1.364744,0.7754875,0.5940653,0.7841469,0.8802714,0.5166568,0.7261176,0.5665607,0.3851043,0.940539,1.563527,0.5149482,0.8005996,0.8087776,0.5061268,False,2,1,0
6/24/2025 11:22:18 AM,1750756938875,Right,0.7518389,0.8868319,0.5169536,1.366018,0.7760826,0.5863458,0.7816607,0.8851388,0.5243219,0.7261176,0.5665607,0.3851043,0.9423877,1.566382,0.5207009,0.7982137,0.813868,0.5125139,False,2,1,0
6/24/2025 11:22:18 AM,1750756938902,Right,0.7477067,0.8961208,0.5330212,1.368615,0.7786601,0.5697705,0.7788562,0.8937748,0.53908,0.7261176,0.5665607,0.3851043,0.9459157,1.570402,0.5316497,0.7962257,0.8232933,0.524127,False,2,1,0
6/24/2025 11:22:18 AM,1750756938917,Right,0.7459927,0.8996744,0.5409701,1.370205,0.7799487,0.5615789,0.777538,0.8970575,0.5466118,0.7261176,0.5665607,0.3851043,0.9472008,1.571877,0.5369855,0.7955003,0.8271143,0.5299312,False,2,1,0
6/24/2025 11:22:18 AM,1750756938930,Right,0.7444295,0.9021364,0.5489906,1.372001,0.7813522,0.5534886,0.7763589,0.8993753,0.5542355,0.7261176,0.5665607,0.3851043,0.9483886,1.572902,0.5422553,0.7950566,0.8301293,0.5355722,False,2,1,0
6/24/2025 11:22:18 AM,1750756938958,Right,0.7416016,0.9051939,0.5647596,1.375994,0.7850023,0.5369545,0.7751731,0.9033461,0.5683472,0.7261176,0.5665607,0.3851043,0.9498448,1.575292,0.551584,0.796296,0.8361179,0.5453877,False,2,1,0
6/24/2025 11:22:18 AM,1750756938972,Right,0.7404957,0.9056494,0.5728351,1.377855,0.7870067,0.5285478,0.7747308,0.9046369,0.5754296,0.7261176,0.5665607,0.3851043,0.9502963,1.576537,0.5556257,0.7973571,0.8387213,0.5502082,False,2,1,0
6/24/2025 11:22:19 AM,1750756939000,Right,0.7368089,0.9055773,0.5897663,1.380604,0.7909093,0.5124619,0.7693335,0.9036192,0.5922946,0.7261176,0.5665607,0.3851043,0.9503744,1.577286,0.5640364,0.7937351,0.8404622,0.5621501,False,2,1,0
6/24/2025 11:22:19 AM,1750756939013,Right,0.7344875,0.9047172,0.5983847,1.381408,0.7928046,0.5045875,0.7664977,0.9020433,0.6022824,0.7261176,0.5665607,0.3851043,0.9501683,1.577542,0.568664,0.7904035,0.839833,0.5698581,False,2,1,0
6/24/2025 11:22:19 AM,1750756939041,Right,0.7299713,0.9011039,0.6142287,1.381788,0.7963054,0.4895585,0.7625777,0.8989581,0.618936,0.7261176,0.5665607,0.3851043,0.9485819,1.578104,0.5767359,0.7866007,0.8396419,0.5815539,False,2,1,0
6/24/2025 11:22:19 AM,1750756939055,Right,0.7275766,0.8985047,0.6211987,1.381326,0.7977769,0.4829627,0.7604351,0.8969622,0.6254405,0.7261176,0.5665607,0.3851043,0.947681,1.577586,0.5799327,0.7852733,0.8398532,0.5852588,False,2,1,0
6/24/2025 11:22:19 AM,1750756939082,Right,0.7236776,0.8928474,0.6332206,1.379643,0.7999592,0.4712348,0.7565371,0.8914778,0.6369084,0.7261176,0.5665607,0.3851043,0.9455608,1.575368,0.5860555,0.7821513,0.8380208,0.5924202,False,2,1,0
6/24/2025 11:22:19 AM,1750756939097,Right,0.7213396,0.890511,0.639094,1.378697,0.8008428,0.4656715,0.7545366,0.8894664,0.6421354,0.7261176,0.5665607,0.3851043,0.9439527,1.57386,0.589608,0.7793483,0.8363334,0.5968121,False,2,1,0
6/24/2025 11:22:19 AM,1750756939111,Right,0.7187715,0.8878124,0.6442754,1.377231,0.8014632,0.4607725,0.7517229,0.886878,0.6475319,0.7261176,0.5665607,0.3851043,0.9415772,1.572508,0.5927982,0.7755195,0.833515,0.6019351,False,2,1,0
6/24/2025 11:22:19 AM,1750756939138,Right,0.7128906,0.8823758,0.6549217,1.373856,0.8028494,0.4508265,0.7453533,0.8834013,0.6556475,0.7261176,0.5665607,0.3851043,0.9356613,1.568847,0.5976387,0.7688224,0.8312109,0.6085486,False,2,1,0
6/24/2025 11:22:19 AM,1750756939152,Right,0.7091209,0.8788546,0.660288,1.371476,0.8034456,0.4462889,0.7414847,0.881611,0.6591317,0.7261176,0.5665607,0.3851043,0.9327246,1.566054,0.5998237,0.764881,0.8301319,0.6112208,False,2,1,0
6/24/2025 11:22:19 AM,1750756939180,Right,0.7022811,0.8721684,0.6705359,1.366306,0.8047913,0.4373803,0.73426,0.8771483,0.667131,0.7261176,0.5665607,0.3851043,0.9254755,1.560267,0.604048,0.7574191,0.8274981,0.6172165,False,2,1,0
6/24/2025 11:22:19 AM,1750756939194,Right,0.6989471,0.868835,0.6750294,1.362808,0.8054335,0.4334209,0.7304503,0.874241,0.6715263,0.7261176,0.5665607,0.3851043,0.9202649,1.557589,0.6061603,0.7534029,0.8256364,0.6204997,False,2,1,0
6/24/2025 11:22:19 AM,1750756939222,Right,0.6903129,0.8633339,0.685161,1.355263,0.8070602,0.4258595,0.7199857,0.8688557,0.6804427,0.7261176,0.5665607,0.3851043,0.9093252,1.551901,0.6100127,0.7419587,0.8225092,0.6269438,False,2,1,0
6/24/2025 11:22:19 AM,1750756939235,Right,0.6845071,0.860529,0.6903149,1.35015,0.8079759,0.4228058,0.7133226,0.8661605,0.6852772,0.7261176,0.5665607,0.3851043,0.9037751,1.548576,0.6116819,0.7345166,0.8210527,0.6304225,False,2,1,0
6/24/2025 11:22:19 AM,1750756939263,Right,0.6730146,0.8534636,0.699041,1.338224,0.8095883,0.4176124,0.7004672,0.8606698,0.6929064,0.7261176,0.5665607,0.3851043,0.8923203,1.540836,0.6139458,0.7195867,0.8184317,0.6350849,False,2,1,0
6/24/2025 11:22:19 AM,1750756939277,Right,0.6671728,0.8501087,0.7029167,1.331755,0.8102319,0.4153662,0.6944094,0.8580943,0.6963784,0.7261176,0.5665607,0.3851043,0.8862032,1.536525,0.6152219,0.7124583,0.8175016,0.6370537,False,2,1,0
6/24/2025 11:22:19 AM,1750756939291,Right,0.6605694,0.8469149,0.7063724,1.324304,0.8106392,0.4137084,0.6879358,0.8550847,0.7002625,0.7261176,0.5665607,0.3851043,0.8792495,1.532075,0.6163685,0.7046415,0.8164402,0.6392669,False,2,1,0
6/24/2025 11:22:19 AM,1750756939318,Right,0.647456,0.8382989,0.7141739,1.30835,0.8112211,0.4115777,0.6730872,0.846923,0.7076834,0.7261176,0.5665607,0.3851043,0.8640844,1.522856,0.6180885,0.6867948,0.8125127,0.6434886,False,2,1,0
6/24/2025 11:22:19 AM,1750756939333,Right,0.6410395,0.8325487,0.7175393,1.300152,0.8114579,0.4109564,0.6658106,0.8407529,0.7117617,0.7261176,0.5665607,0.3851043,0.8563049,1.517627,0.6193138,0.6777149,0.8084278,0.6461391,False,2,1,0
6/24/2025 11:22:19 AM,1750756939360,Right,0.6276837,0.8206318,0.7233568,1.283622,0.8113766,0.4100416,0.6535959,0.8258426,0.7191767,0.7261176,0.5665607,0.3851043,0.8405834,1.50674,0.6220801,0.6608643,0.7981302,0.6508237,False,2,1,0
6/24/2025 11:22:19 AM,1750756939374,Right,0.6208889,0.8133973,0.7261809,1.275024,0.8109655,0.4099596,0.6475702,0.818239,0.722636,0.7261176,0.5665607,0.3851043,0.8319761,1.501541,0.6229572,0.652262,0.792915,0.6531405,False,2,1,0
6/24/2025 11:22:19 AM,1750756939402,Right,0.6075364,0.7985756,0.7308315,1.257607,0.8104665,0.4101636,0.6354716,0.8024032,0.7279645,0.7261176,0.5665607,0.3851043,0.8136038,1.491038,0.6252565,0.6348343,0.782433,0.6565941,False,2,1,0
6/24/2025 11:22:19 AM,1750756939416,Right,0.6004609,0.7915004,0.7333291,1.248837,0.8103991,0.4105841,0.6294814,0.7946929,0.7308174,0.7261176,0.5665607,0.3851043,0.803765,1.485437,0.6265318,0.6258122,0.7776166,0.6587905,False,2,1,0
6/24/2025 11:22:19 AM,1750756939444,Right,0.5857698,0.7767721,0.7389848,1.231286,0.810015,0.411437,0.6163881,0.7783585,0.7364604,0.7261176,0.5665607,0.3851043,0.7843139,1.47362,0.6293441,0.6061731,0.7664651,0.6640233,False,2,1,0
6/24/2025 11:22:19 AM,1750756939458,Right,0.5778375,0.7693206,0.7407541,1.222186,0.809289,0.4115064,0.6084691,0.7712494,0.7384568,0.7261176,0.5665607,0.3851043,0.7748011,1.467932,0.6307116,0.5954399,0.7609187,0.6662318,False,2,1,0
6/24/2025 11:22:19 AM,1750756939471,Right,0.5701355,0.7626996,0.7421077,1.213031,0.8085127,0.4115891,0.6004233,0.764643,0.7398595,0.7261176,0.5665607,0.3851043,0.7646675,1.462112,0.6320646,0.5864641,0.7554029,0.6676604,False,2,1,0
6/24/2025 11:22:19 AM,1750756939499,Right,0.5547777,0.7490193,0.7436479,1.194381,0.8072973,0.412303,0.5841737,0.7514903,0.74115,0.7261176,0.5665607,0.3851043,0.7431422,1.450459,0.6344224,0.5672396,0.7435164,0.6694381,False,2,1,0
6/24/2025 11:22:19 AM,1750756939513,Right,0.5469888,0.7419521,0.7433842,1.184256,0.8066905,0.4128448,0.5760805,0.7445951,0.7410148,0.7261176,0.5665607,0.3851043,0.7311982,1.444534,0.6356444,0.5584747,0.7371001,0.6694131,False,2,1,0
6/24/2025 11:22:19 AM,1750756939541,Right,0.5288107,0.726662,0.7429287,1.162763,0.8046668,0.4124371,0.5572281,0.7295752,0.7407706,0.7261176,0.5665607,0.3851043,0.7066251,1.431209,0.6370773,0.5379855,0.7220745,0.669592,False,2,1,0
6/24/2025 11:22:19 AM,1750756939554,Right,0.5182678,0.7199228,0.7425277,1.151809,0.8032297,0.4121621,0.546755,0.7233191,0.7409419,0.7261176,0.5665607,0.3851043,0.6939936,1.422947,0.6371948,0.5269822,0.7169582,0.6697975,False,2,1,0
6/24/2025 11:22:19 AM,1750756939582,Right,0.4967645,0.7067401,0.7407098,1.130422,0.7999402,0.4119267,0.5246997,0.7090673,0.7389153,0.7261176,0.5665607,0.3851043,0.6694067,1.407743,0.6387194,0.5038397,0.7053297,0.6678954,False,2,1,0
6/24/2025 11:22:19 AM,1750756939596,Right,0.4852896,0.7005807,0.7391891,1.119577,0.7976095,0.4117901,0.5131121,0.7026786,0.7376114,0.7261176,0.5665607,0.3851043,0.6567173,1.400422,0.6393615,0.4926499,0.6989685,0.6664744,False,2,1,0
6/24/2025 11:22:19 AM,1750756939611,Right,0.4733981,0.693707,0.7378956,1.10887,0.7953869,0.4119575,0.5013766,0.6957455,0.7363417,0.7261176,0.5665607,0.3851043,0.6433823,1.392974,0.6392227,0.4809144,0.6920354,0.6652046,False,2,1,0
6/24/2025 11:22:19 AM,1750756939638,Right,0.4497211,0.6796948,0.7371551,1.087334,0.791918,0.4135106,0.476546,0.6811931,0.735871,0.7261176,0.5665607,0.3851043,0.6157897,1.376365,0.6388113,0.4559366,0.6774819,0.6647765,False,2,1,0
6/24/2025 11:22:19 AM,1750756939652,Right,0.4366163,0.6722066,0.7373339,1.076556,0.7899351,0.4138244,0.4629979,0.6741953,0.7360486,0.7261176,0.5665607,0.3851043,0.6006474,1.367749,0.6384478,0.4421422,0.6706594,0.6650171,False,2,1,0
6/24/2025 11:22:19 AM,1750756939679,Right,0.4097965,0.6569664,0.737886,1.054806,0.7862656,0.4142283,0.4353989,0.6595381,0.73658,0.7261176,0.5665607,0.3851043,0.5707087,1.349169,0.6376212,0.4137235,0.6568024,0.6657588,False,2,1,0
6/24/2025 11:22:19 AM,1750756939693,Right,0.3968016,0.6495053,0.7386007,1.043828,0.7845681,0.4148756,0.4211848,0.6522635,0.7376303,0.7261176,0.5665607,0.3851043,0.5569639,1.340434,0.6375057,0.3989505,0.6501235,0.6669621,False,2,1,0
6/24/2025 11:22:19 AM,1750756939721,Right,0.3701084,0.6342934,0.7408278,1.021333,0.7807056,0.4184538,0.3947166,0.6355402,0.7397221,0.7261176,0.5665607,0.3851043,0.5303997,1.322955,0.638653,0.3709138,0.634551,0.669541,False,2,1,0
6/24/2025 11:22:19 AM,1750756939735,Right,0.357011,0.6275161,0.7415979,1.010004,0.7789907,0.420946,0.3818593,0.6278489,0.740375,0.7261176,0.5665607,0.3851043,0.5170207,1.315706,0.6385792,0.3569632,0.627195,0.6705704,False,2,1,0
6/24/2025 11:22:19 AM,1750756939762,Right,0.3318937,0.6165552,0.7426527,0.9872735,0.7759699,0.4272368,0.35835,0.6156838,0.7407184,0.7261176,0.5665607,0.3851043,0.4902955,1.302487,0.638889,0.3315146,0.6157852,0.671633,False,2,1,0
6/24/2025 11:22:19 AM,1750756939777,Right,0.3201407,0.6114832,0.7433661,0.975713,0.7747191,0.4302711,0.3466899,0.6108552,0.741233,0.7261176,0.5665607,0.3851043,0.4776216,1.296959,0.6384094,0.3198544,0.6109566,0.6721476,False,2,1,0
6/24/2025 11:22:19 AM,1750756939791,Right,0.3087932,0.606414,0.744709,0.9641329,0.7735116,0.432863,0.3348212,0.6060106,0.7423526,0.7261176,0.5665607,0.3851043,0.4653712,1.291532,0.638523,0.3080291,0.6062666,0.6732509,False,2,1,0
6/24/2025 11:22:19 AM,1750756939819,Right,0.2868419,0.597371,0.7476263,0.9415804,0.771873,0.4377,0.3123161,0.5964203,0.7453039,0.7261176,0.5665607,0.3851043,0.4401179,1.282208,0.6389532,0.2853184,0.5969049,0.6762834,False,2,1,0
6/24/2025 11:22:19 AM,1750756939833,Right,0.2762156,0.5936498,0.7485729,0.9308229,0.7716208,0.4402329,0.3017623,0.5923081,0.7461687,0.7261176,0.5665607,0.3851043,0.4273733,1.277771,0.6396796,0.2744108,0.5926111,0.6772866,False,2,1,0
6/24/2025 11:22:19 AM,1750756939861,Right,0.2544085,0.5854825,0.7499443,0.9092868,0.7712137,0.4448533,0.2801515,0.5844312,0.7474136,0.7261176,0.5665607,0.3851043,0.4033107,1.269897,0.6412295,0.2526941,0.5838245,0.6785756,False,2,1,0
6/24/2025 11:22:19 AM,1750756939874,Right,0.2438078,0.5808453,0.7501947,0.8985282,0.7713941,0.4468702,0.2698478,0.5797406,0.7475501,0.7261176,0.5665607,0.3851043,0.3918438,1.266468,0.6418579,0.2425869,0.578841,0.6786373,False,2,1,0
6/24/2025 11:22:19 AM,1750756939902,Right,0.2244016,0.5727721,0.7498409,0.8771394,0.7739369,0.4496932,0.2499471,0.5715985,0.7474631,0.7261176,0.5665607,0.3851043,0.3686187,1.259717,0.6436927,0.2235292,0.5697165,0.6782425,False,2,1,0
6/24/2025 11:22:19 AM,1750756939916,Right,0.2146991,0.5685573,0.7504891,0.8663146,0.7757173,0.4506569,0.2400999,0.568405,0.748288,0.7261176,0.5665607,0.3851043,0.3566431,1.256137,0.6447991,0.2141733,0.5659323,0.6789004,False,2,1,0
6/24/2025 11:22:19 AM,1750756939944,Right,0.1954716,0.5600685,0.752022,0.8448468,0.7801087,0.4515879,0.220008,0.5598811,0.7498762,0.7261176,0.5665607,0.3851043,0.3341267,1.2485,0.6465174,0.1930403,0.5575228,0.6808826,False,2,1,0
6/24/2025 11:22:19 AM,1750756939958,Right,0.1859023,0.5567229,0.7516934,0.8342121,0.7825003,0.451867,0.2099735,0.5562366,0.7499379,0.7261176,0.5665607,0.3851043,0.3232253,1.244139,0.6471996,0.1829728,0.5537308,0.6809624,False,2,1,0
6/24/2025 11:22:19 AM,1750756939971,Right,0.1760042,0.5535532,0.751067,0.8235629,0.784613,0.452517,0.2002031,0.5529853,0.7492029,0.7261176,0.5665607,0.3851043,0.3125744,1.239706,0.6478977,0.173082,0.5504737,0.6802748,False,2,1,0
6/24/2025 11:22:19 AM,1750756939999,Right,0.155631,0.5468376,0.7486904,0.8025855,0.7885494,0.4542152,0.1805268,0.5455379,0.7469673,0.7261176,0.5665607,0.3851043,0.2926175,1.23047,0.6493652,0.1538756,0.5430958,0.6778537,False,2,1,0
6/24/2025 11:22:20 AM,1750756940013,Right,0.1457597,0.5441846,0.7465374,0.7928231,0.7901072,0.4548298,0.1709593,0.5425955,0.7451417,0.7261176,0.5665607,0.3851043,0.283026,1.225925,0.6497815,0.1448124,0.5401746,0.675835,False,2,1,0
6/24/2025 11:22:20 AM,1750756940041,Right,0.1266501,0.5403248,0.7430092,0.7748974,0.7923681,0.4550457,0.1514329,0.5383338,0.7419533,0.7261176,0.5665607,0.3851043,0.2650627,1.216748,0.6502889,0.1266929,0.536599,0.6721116,False,2,1,0
6/24/2025 11:22:20 AM,1750756940054,Right,0.1176376,0.5380791,0.742619,0.7665499,0.7931812,0.4546261,0.141858,0.5351739,0.741734,0.7261176,0.5665607,0.3851043,0.2563674,1.212482,0.6502208,0.1174391,0.5346118,0.6717601,False,2,1,0
6/24/2025 11:22:20 AM,1750756940082,Right,0.1004211,0.5341178,0.7427179,0.7504125,0.7943177,0.4530522,0.1237303,0.5306957,0.7423354,0.7261176,0.5665607,0.3851043,0.2391264,1.204591,0.650363,0.09897538,0.5305807,0.6724775,False,2,1,0
6/24/2025 11:22:20 AM,1750756940096,Right,0.09229577,0.533532,0.7427636,0.7428586,0.7945274,0.4517114,0.1152581,0.5297936,0.7423819,0.7261176,0.5665607,0.3851043,0.2303762,1.201197,0.6501634,0.09011512,0.5298954,0.6726627,False,2,1,0
6/24/2025 11:22:20 AM,1750756940124,Right,0.0758993,0.532793,0.7417387,0.7282898,0.7947275,0.4492623,0.09975819,0.5286233,0.74122,0.7261176,0.5665607,0.3851043,0.2142785,1.194673,0.6496897,0.0735598,0.5298651,0.6719016,False,2,1,0
6/24/2025 11:22:20 AM,1750756940138,Right,0.06747097,0.5326948,0.7401769,0.721479,0.7945053,0.4481279,0.09228191,0.5271398,0.7395785,0.7261176,0.5665607,0.3851043,0.2071342,1.191639,0.6498029,0.06596908,0.5294746,0.6703317,False,2,1,0
6/24/2025 11:22:20 AM,1750756940152,Right,0.05903,0.533034,0.7384355,0.7147048,0.794154,0.447188,0.08395104,0.5262016,0.7380311,0.7261176,0.5665607,0.3851043,0.2001967,1.189175,0.649933,0.05847345,0.5294044,0.6685072,False,2,1,0
6/24/2025 11:22:20 AM,1750756940179,Right,0.04221714,0.5347217,0.7364106,0.7015538,0.7931358,0.4450897,0.06738453,0.5267575,0.7359591,0.7261176,0.5665607,0.3851043,0.1858409,1.185304,0.6495293,0.04320499,0.5297965,0.6659658,False,2,1,0
6/24/2025 11:22:20 AM,1750756940193,Right,0.03379261,0.5352518,0.7363074,0.6951098,0.7926147,0.4438599,0.05901443,0.5271249,0.7359897,0.7261176,0.5665607,0.3851043,0.1782954,1.183843,0.6494199,0.03483489,0.5301639,0.6659965,False,2,1,0
6/24/2025 11:22:20 AM,1750756940221,Right,0.01705849,0.5380751,0.7363144,0.682422,0.7914792,0.4413126,0.04239904,0.5292194,0.7359778,0.7261176,0.5665607,0.3851043,0.163794,1.181672,0.6492426,0.01820735,0.5323827,0.6659942,False,2,1,0
6/24/2025 11:22:20 AM,1750756940235,Right,0.008545578,0.539833,0.7360089,0.6761757,0.7908304,0.4397913,0.03418942,0.5307932,0.735673,0.7261176,0.5665607,0.3851043,0.1564276,1.181137,0.6489384,0.01005994,0.5341811,0.6656785,False,2,1,0
6/24/2025 11:22:20 AM,1750756940263,Right,-0.008798778,0.5427814,0.735831,0.6633954,0.790086,0.4364516,0.01717875,0.5328837,0.7353005,0.7261176,0.5665607,0.3851043,0.1418377,1.180365,0.6480074,-0.006717859,0.5371401,0.6652735,False,2,1,0
6/24/2025 11:22:20 AM,1750756940277,Right,-0.01763391,0.5439228,0.7357877,0.6568983,0.7896253,0.4345992,0.008083468,0.5334879,0.7354583,0.7261176,0.5665607,0.3851043,0.1347461,1.180154,0.6472241,-0.01552982,0.5385006,0.6653852,False,2,1,0
6/24/2025 11:22:20 AM,1750756940291,Right,-0.02622408,0.5449345,0.7353845,0.6502888,0.7890378,0.4328601,-0.0003596582,0.5341262,0.7349308,0.7261176,0.5665607,0.3851043,0.1278924,1.179957,0.646015,-0.02402568,0.5393884,0.6648939,False,2,1,0
6/24/2025 11:22:20 AM,1750756940318,Right,-0.04362917,0.5465295,0.733395,0.6369392,0.7876454,0.4290688,-0.01698458,0.5350186,0.7327766,0.7261176,0.5665607,0.3851043,0.114441,1.179823,0.6436615,-0.04045819,0.5392727,0.6626065,False,2,1,0
6/24/2025 11:22:20 AM,1750756940333,Right,-0.05220288,0.5472467,0.7324028,0.630228,0.7869136,0.4269623,-0.02546739,0.5358705,0.7318336,0.7261176,0.5665607,0.3851043,0.1076106,1.180003,0.6423663,-0.04855962,0.5397756,0.6615169,False,2,1,0
6/24/2025 11:22:20 AM,1750756940361,Right,-0.06925416,0.5494424,0.729916,0.6163719,0.785549,0.4224298,-0.04231102,0.5378876,0.7293569,0.7261176,0.5665607,0.3851043,0.09352398,1.1812,0.6398449,-0.06470707,0.5419681,0.6588253,False,2,1,0
6/24/2025 11:22:20 AM,1750756940374,Right,-0.07750785,0.5502878,0.7284153,0.6092013,0.7849305,0.4199388,-0.05047902,0.5387567,0.7279166,0.7261176,0.5665607,0.3851043,0.08628941,1.181938,0.6387891,-0.07274851,0.5431532,0.6573639,False,2,1,0
6/24/2025 11:22:20 AM,1750756940402,Right,-0.09314275,0.5509856,0.7236569,0.5943761,0.7838563,0.4148364,-0.06549611,0.5391995,0.7235608,0.7261176,0.5665607,0.3851043,0.07131749,1.183366,0.6359111,-0.08737008,0.5434228,0.6528739,False,2,1,0
6/24/2025 11:22:20 AM,1750756940416,Right,-0.1008093,0.5517284,0.7210085,0.5867655,0.7832292,0.412378,-0.07221115,0.5390849,0.720368,0.7261176,0.5665607,0.3851043,0.06422442,1.184178,0.6342933,-0.09374365,0.543029,0.6495603,False,2,1,0
6/24/2025 11:22:20 AM,1750756940444,Right,-0.1156471,0.5531232,0.7190062,0.5708905,0.7822909,0.4074836,-0.08853457,0.5420007,0.7184696,0.7261176,0.5665607,0.3851043,0.0496546,1.186745,0.6312847,-0.109117,0.5449632,0.6473322,False,2,1,0
6/24/2025 11:22:20 AM,1750756940458,Right,-0.1227779,0.5538789,0.7187077,0.5625575,0.7819818,0.4050204,-0.0958284,0.5429485,0.7181678,0.7261176,0.5665607,0.3851043,0.04192317,1.18836,0.6299119,-0.1171476,0.5461056,0.6472561,False,2,1,0
6/24/2025 11:22:20 AM,1750756940472,Right,-0.129943,0.554805,0.7177982,0.5540066,0.7816841,0.4025006,-0.1028739,0.544062,0.7172793,0.7261176,0.5665607,0.3851043,0.03403842,1.190458,0.6285635,-0.1246889,0.5473473,0.6465244,False,2,1,0
6/24/2025 11:22:20 AM,1750756940499,Right,-0.1443952,0.5576321,0.714702,0.5365454,0.7805338,0.3977592,-0.1174473,0.5472882,0.7141627,0.7261176,0.5665607,0.3851043,0.01834935,1.195287,0.625271,-0.1387785,0.5498633,0.6432311,False,2,1,0
6/24/2025 11:22:20 AM,1750756940513,Right,-0.1515839,0.5589824,0.7133425,0.5277838,0.7797056,0.3953612,-0.1246165,0.5487323,0.7126629,0.7261176,0.5665607,0.3851043,0.01009202,1.198176,0.6231726,-0.1459478,0.5513073,0.6417314,False,2,1,0
6/24/2025 11:22:20 AM,1750756940541,Right,-0.1660609,0.5616795,0.710539,0.5098684,0.7777776,0.389854,-0.1387759,0.5511796,0.7095686,0.7261176,0.5665607,0.3851043,-0.007971227,1.204604,0.6193848,-0.1597815,0.5533362,0.638526,False,2,1,0
6/24/2025 11:22:20 AM,1750756940555,Right,-0.1735859,0.5632703,0.7096324,0.5002853,0.7767382,0.3867325,-0.1466713,0.5529266,0.7085526,0.7261176,0.5665607,0.3851043,-0.01740408,1.20808,0.6174549,-0.1673886,0.5545837,0.637412,False,2,1,0
6/24/2025 11:22:20 AM,1750756940582,Right,-0.1895438,0.5669798,0.7095246,0.4800265,0.7743605,0.3795111,-0.1634203,0.5587786,0.708137,0.7261176,0.5665607,0.3851043,-0.03619021,1.215035,0.6119386,-0.1840344,0.5591479,0.6369481,False,2,1,0
6/24/2025 11:22:20 AM,1750756940596,Right,-0.1981144,0.5685239,0.7097511,0.4694999,0.773124,0.3756244,-0.1718848,0.5606492,0.7079089,0.7261176,0.5665607,0.3851043,-0.04541814,1.218226,0.6088108,-0.1926984,0.5604639,0.6367773,False,2,1,0
6/24/2025 11:22:20 AM,1750756940610,Right,-0.2069833,0.5700293,0.709708,0.4589352,0.7718686,0.371796,-0.1809786,0.5625271,0.7076694,0.7261176,0.5665607,0.3851043,-0.05521363,1.221689,0.60574,-0.201891,0.5618458,0.6365699,False,2,1,0
6/24/2025 11:22:20 AM,1750756940638,Right,-0.2265375,0.5740413,0.7091489,0.4365725,0.7692119,0.3640718,-0.2004239,0.5666517,0.7064878,0.7261176,0.5665607,0.3851043,-0.07649797,1.22768,0.5992184,-0.2214801,0.565123,0.6354439,False,2,1,0
6/24/2025 11:22:20 AM,1750756940652,Right,-0.2364323,0.5760674,0.70885,0.4249472,0.7681703,0.3605828,-0.2105678,0.5686429,0.7058387,0.7261176,0.5665607,0.3851043,-0.0871042,1.230432,0.5952497,-0.2315756,0.5664853,0.6347968,False,2,1,0
6/24/2025 11:22:20 AM,1750756940680,Right,-0.2569869,0.5816599,0.7084788,0.4005222,0.7661084,0.353779,-0.2318089,0.5744497,0.7049354,0.7261176,0.5665607,0.3851043,-0.1081516,1.235214,0.5863498,-0.2532677,0.5714234,0.6340601,False,2,1,0
6/24/2025 11:22:20 AM,1750756940694,Right,-0.2675528,0.5851043,0.7074888,0.3885318,0.7649294,0.3502202,-0.2426611,0.5780976,0.7036079,0.7261176,0.5665607,0.3851043,-0.1203961,1.237882,0.5816621,-0.2643484,0.5752896,0.6327932,False,2,1,0
6/24/2025 11:22:20 AM,1750756940722,Right,-0.2890829,0.5915263,0.7047356,0.3638289,0.7634081,0.342342,-0.2638761,0.5836516,0.6999354,0.7261176,0.5665607,0.3851043,-0.1443076,1.243011,0.5727212,-0.2857146,0.5803219,0.6291898,False,2,1,0
6/24/2025 11:22:20 AM,1750756940735,Right,-0.3004126,0.595063,0.7034885,0.3513,0.7626972,0.3381842,-0.2751134,0.5867625,0.6983346,0.7261176,0.5665607,0.3851043,-0.1547228,1.245273,0.5677983,-0.2968149,0.5826603,0.6275874,False,2,1,0
6/24/2025 11:22:20 AM,1750756940763,Right,-0.3232546,0.6020761,0.7019929,0.3265837,0.7603796,0.3302212,-0.2974895,0.5938246,0.6960512,0.7261176,0.5665607,0.3851043,-0.1726175,1.24976,0.5586839,-0.3193192,0.5889186,0.6253948,False,2,1,0
6/24/2025 11:22:20 AM,1750756940777,Right,-0.3342634,0.605647,0.7013897,0.3134086,0.7591644,0.3266833,-0.3082705,0.5966302,0.6951056,0.7261176,0.5665607,0.3851043,-0.1807852,1.251691,0.5545653,-0.3301001,0.5917242,0.6244491,False,2,1,0
6/24/2025 11:22:20 AM,1750756940791,Right,-0.3447056,0.6094143,0.7005663,0.3000002,0.7582567,0.3231813,-0.3185869,0.5996172,0.6940668,0.7261176,0.5665607,0.3851043,-0.1894139,1.254248,0.5506423,-0.3404248,0.5944992,0.6234279,False,2,1,0
6/24/2025 11:22:20 AM,1750756940819,Right,-0.3647346,0.6192634,0.6979111,0.2726418,0.7581087,0.3167639,-0.3379355,0.6089366,0.6907756,0.7261176,0.5665607,0.3851043,-0.2071727,1.261752,0.5427632,-0.3596401,0.6028666,0.6201711,False,2,1,0
6/24/2025 11:22:20 AM,1750756940832,Right,-0.3746821,0.6244874,0.6961358,0.2593257,0.7588863,0.3133964,-0.3475037,0.6135704,0.6888264,0.7261176,0.5665607,0.3851043,-0.2166096,1.26649,0.5388691,-0.3689339,0.6068918,0.618193,False,2,1,0
6/24/2025 11:22:20 AM,1750756940860,Right,-0.3949909,0.6339313,0.6923213,0.2313946,0.7617216,0.3067113,-0.3664453,0.6217871,0.6845801,0.7261176,0.5665607,0.3851043,-0.2357148,1.276201,0.5326719,-0.3869604,0.6137196,0.6138201,False,2,1,0
6/24/2025 11:22:20 AM,1750756940874,Right,-0.405468,0.6381837,0.6911081,0.2173844,0.7630497,0.3037369,-0.3769551,0.6258772,0.6833532,0.7261176,0.5665607,0.3851043,-0.2445246,1.280879,0.5298115,-0.396899,0.6168352,0.6125476,False,2,1,0
6/24/2025 11:22:20 AM,1750756940902,Right,-0.426609,0.646248,0.6899996,0.1897133,0.7660949,0.2990403,-0.3981765,0.6333832,0.6822839,0.7261176,0.5665607,0.3851043,-0.2612688,1.289815,0.5250162,-0.4169137,0.6214826,0.6115716,False,2,1,0
6/24/2025 11:22:20 AM,1750756940915,Right,-0.4373053,0.6498871,0.6886467,0.1758713,0.7677848,0.2972137,-0.4079071,0.635432,0.6813853,0.7261176,0.5665607,0.3851043,-0.2698386,1.293843,0.5228833,-0.4259239,0.6217207,0.6108139,False,2,1,0
6/24/2025 11:22:20 AM,1750756940943,Right,-0.4578457,0.6589138,0.6848867,0.1492737,0.7716282,0.294839,-0.4266366,0.6429549,0.6779309,0.7261176,0.5665607,0.3851043,-0.2868512,1.301473,0.5184023,-0.4428338,0.625146,0.607835,False,2,1,0
6/24/2025 11:22:20 AM,1750756940958,Right,-0.4678898,0.6646333,0.6831473,0.136959,0.7734292,0.2942449,-0.4365675,0.6499988,0.6757517,0.7261176,0.5665607,0.3851043,-0.2947083,1.305066,0.5160464,-0.4516481,0.6302521,0.6059263,False,2,1,0
6/24/2025 11:22:20 AM,1750756940971,Right,-0.4779218,0.6715305,0.6813489,0.1245411,0.7750142,0.2936144,-0.4469268,0.6578089,0.6735538,0.7261176,0.5665607,0.3851043,-0.3021414,1.308611,0.513577,-0.4607276,0.6364148,0.6039494,False,2,1,0
6/24/2025 11:22:20 AM,1750756940999,Right,-0.4983712,0.6835121,0.6760819,0.09941626,0.7780605,0.2933941,-0.4662434,0.6687154,0.66865,0.7261176,0.5665607,0.3851043,-0.3169186,1.315973,0.5092062,-0.4770423,0.6444193,0.5994689,False,2,1,0
6/24/2025 11:22:21 AM,1750756941013,Right,-0.5084944,0.688727,0.6728334,0.08684355,0.7794682,0.2933896,-0.4752861,0.6720014,0.6663798,0.7261176,0.5665607,0.3851043,-0.3245879,1.319734,0.5072242,-0.4845284,0.6457811,0.5976774,False,2,1,0
6/24/2025 11:22:21 AM,1750756941041,Right,-0.5278373,0.6981319,0.6648473,0.06200027,0.7818743,0.2944326,-0.4922285,0.6782205,0.6611223,0.7261176,0.5665607,0.3851043,-0.3401518,1.327555,0.5032129,-0.498068,0.6474652,0.5939438,False,2,1,0
6/24/2025 11:22:21 AM,1750756941055,Right,-0.5374414,0.703127,0.6615896,0.04939407,0.7830142,0.2949867,-0.5014259,0.6834934,0.6581002,0.7261176,0.5665607,0.3851043,-0.3474665,1.331429,0.5010948,-0.5054913,0.6505063,0.5918562,False,2,1,0
6/24/2025 11:22:21 AM,1750756941083,Right,-0.5564883,0.7148412,0.6558805,0.02474833,0.7848509,0.2969045,-0.5214364,0.6957864,0.6525903,0.7261176,0.5665607,0.3851043,-0.3619162,1.33949,0.4970771,-0.5220056,0.6580911,0.5887806,False,2,1,0
6/24/2025 11:22:21 AM,1750756941096,Right,-0.5661384,0.7200708,0.6535182,0.01273549,0.7854109,0.2981607,-0.5314974,0.7010201,0.6505477,0.7261176,0.5665607,0.3851043,-0.3694841,1.343573,0.495368,-0.530397,0.6609323,0.5882204,False,2,1,0
6/24/2025 11:22:21 AM,1750756941111,Right,-0.5757993,0.7244743,0.6512805,0.0007136464,0.7858966,0.2997569,-0.5415744,0.7046982,0.6494731,0.7261176,0.5665607,0.3851043,-0.3772828,1.34751,0.4935557,-0.5389162,0.6618212,0.589079,False,2,1,0
6/24/2025 11:22:21 AM,1750756941138,Right,-0.595073,0.7307344,0.6477482,-0.02374613,0.7871181,0.3035853,-0.5615382,0.7096736,0.6489644,0.7261176,0.5665607,0.3851043,-0.3917136,1.354398,0.4899689,-0.5563358,0.6605144,0.5937445,False,2,1,0
6/24/2025 11:22:21 AM,1750756941152,Right,-0.6041098,0.7326675,0.6464045,-0.0358566,0.7874647,0.3059775,-0.5710953,0.712742,0.6479313,0.7261176,0.5665607,0.3851043,-0.3984261,1.357492,0.4884048,-0.5648363,0.6601533,0.5960835,False,2,1,0
6/24/2025 11:22:21 AM,1750756941180,Right,-0.6213318,0.7387523,0.6429931,-0.05958956,0.7871678,0.3117675,-0.5888657,0.7223577,0.6409078,0.7261176,0.5665607,0.3851043,-0.4133241,1.363511,0.4850017,-0.5812788,0.6631999,0.596911,False,2,1,0
6/24/2025 11:22:21 AM,1750756941194,Right,-0.630516,0.7420899,0.6417695,-0.07153702,0.7868446,0.3151655,-0.5980143,0.7275234,0.6365173,0.7261176,0.5665607,0.3851043,-0.4212759,1.366006,0.4833641,-0.5905286,0.6654966,0.5966477,False,2,1,0
6/24/2025 11:22:21 AM,1750756941221,Right,-0.6495351,0.7467715,0.6414375,-0.09545159,0.7857828,0.3224946,-0.6175048,0.7337344,0.6335698,0.7261176,0.5665607,0.3851043,-0.4354349,1.370002,0.4805032,-0.6127313,0.6674222,0.6008155,False,2,1,0
6/24/2025 11:22:21 AM,1750756941236,Right,-0.6578767,0.7480485,0.6411483,-0.1074684,0.7850652,0.3265946,-0.6253608,0.7348284,0.6336966,0.7261176,0.5665607,0.3851043,-0.4422893,1.371981,0.4792309,-0.620844,0.667576,0.6028801,False,2,1,0
6/24/2025 11:22:21 AM,1750756941264,Right,-0.6733584,0.7484842,0.6375332,-0.1316028,0.7838358,0.3357102,-0.6399443,0.7350063,0.6328892,0.7261176,0.5665607,0.3851043,-0.4581962,1.375802,0.4762616,-0.6346777,0.6665669,0.6049384,False,2,1,0
6/24/2025 11:22:21 AM,1750756941278,Right,-0.6817273,0.7485314,0.6358961,-0.1437473,0.7835632,0.3401815,-0.6481653,0.7348969,0.6328489,0.7261176,0.5665607,0.3851043,-0.4668618,1.377315,0.4747434,-0.6426225,0.6658547,0.6064786,False,2,1,0
6/24/2025 11:22:21 AM,1750756941292,Right,-0.690664,0.7478882,0.6348621,-0.1560317,0.7831284,0.3449315,-0.6574477,0.7343804,0.6329042,0.7261176,0.5665607,0.3851043,-0.4757736,1.378171,0.4733286,-0.6518629,0.6646512,0.6084175,False,2,1,0
6/24/2025 11:22:21 AM,1750756941319,Right,-0.7084723,0.7468092,0.633365,-0.1803532,0.7814571,0.3533701,-0.6774514,0.733923,0.6310285,0.7261176,0.5665607,0.3851043,-0.4926568,1.37865,0.4711834,-0.6725338,0.6626995,0.6111297,False,2,1,0
6/24/2025 11:22:21 AM,1750756941333,Right,-0.7168404,0.7454926,0.6317515,-0.192423,0.7798901,0.3573316,-0.6856035,0.7332905,0.6281685,0.7261176,0.5665607,0.3851043,-0.5012245,1.378534,0.4701535,-0.6814057,0.6613827,0.6107161,False,2,1,0
6/24/2025 11:22:21 AM,1750756941360,Right,-0.7342973,0.7413535,0.6273081,-0.2167286,0.7763628,0.3650851,-0.7022097,0.7306427,0.6213628,0.7261176,0.5665607,0.3851043,-0.5207178,1.37851,0.4673222,-0.6989059,0.6577232,0.6085263,False,2,1,0
6/24/2025 11:22:21 AM,1750756941375,Right,-0.7438511,0.7380529,0.625145,-0.2288125,0.7742398,0.3692975,-0.7118679,0.7281185,0.6179997,0.7261176,0.5665607,0.3851043,-0.5310571,1.377868,0.4660715,-0.7086512,0.6548411,0.6073695,False,2,1,0
6/24/2025 11:22:21 AM,1750756941402,Right,-0.7633572,0.7317972,0.6214979,-0.2521217,0.7708436,0.3783588,-0.7316425,0.7225751,0.6141954,0.7261176,0.5665607,0.3851043,-0.5521054,1.375095,0.4638379,-0.7298988,0.6488687,0.6066274,False,2,1,0
6/24/2025 11:22:21 AM,1750756941416,Right,-0.7728872,0.7277852,0.6192448,-0.2634067,0.7685896,0.3824035,-0.7414578,0.7189587,0.6126944,0.7261176,0.5665607,0.3851043,-0.5628412,1.373216,0.462677,-0.7406046,0.6450866,0.606768,False,2,1,0
6/24/2025 11:22:21 AM,1750756941430,Right,-0.7820362,0.7230548,0.6162251,-0.2748255,0.76613,0.386005,-0.7508383,0.7148256,0.6106418,0.7261176,0.5665607,0.3851043,-0.5745525,1.371639,0.4612446,-0.7506624,0.6408359,0.6063479,False,2,1,0
6/24/2025 11:22:21 AM,1750756941458,Right,-0.8003889,0.7089773,0.6079527,-0.2978289,0.7598009,0.3916001,-0.7698061,0.7026815,0.603895,0.7261176,0.5665607,0.3851043,-0.6015266,1.366914,0.4574795,-0.7697864,0.6285836,0.6023316,False,2,1,0
6/24/2025 11:22:21 AM,1750756941471,Right,-0.810423,0.7015966,0.6041216,-0.3094455,0.7562414,0.3940415,-0.7800002,0.6965792,0.5993291,0.7261176,0.5665607,0.3851043,-0.615458,1.363503,0.455601,-0.7798983,0.6224654,0.599079,False,2,1,0
6/24/2025 11:22:21 AM,1750756941499,Right,-0.8311997,0.6884747,0.5976075,-0.3320634,0.7495687,0.3997504,-0.8017286,0.6840991,0.5914393,0.7261176,0.5665607,0.3851043,-0.6431995,1.355966,0.4518774,-0.8019585,0.6100219,0.5937727,False,2,1,0
6/24/2025 11:22:21 AM,1750756941514,Right,-0.8411865,0.681289,0.5938901,-0.3426054,0.7463279,0.4031887,-0.8122253,0.677601,0.5885167,0.7261176,0.5665607,0.3851043,-0.6578998,1.35204,0.4491682,-0.8127413,0.603567,0.5919279,False,2,1,0
6/24/2025 11:22:21 AM,1750756941541,Right,-0.8595985,0.6648899,0.5848159,-0.3619626,0.7400105,0.4118785,-0.8321328,0.6627413,0.5807269,0.7261176,0.5665607,0.3851043,-0.6895569,1.342093,0.4439766,-0.8329676,0.5888175,0.5859715,False,2,1,0
6/24/2025 11:22:21 AM,1750756941555,Right,-0.8686048,0.6575065,0.5808465,-0.3707239,0.7371579,0.4168768,-0.8417367,0.6555861,0.5766993,0.7261176,0.5665607,0.3851043,-0.7036049,1.336519,0.4419621,-0.8428158,0.5817513,0.5830404,False,2,1,0
6/24/2025 11:22:21 AM,1750756941583,Right,-0.8857657,0.6437936,0.5728228,-0.3874018,0.7328406,0.4273348,-0.8595493,0.6421814,0.5677764,0.7261176,0.5665607,0.3851043,-0.730316,1.325101,0.438315,-0.8610461,0.5685051,0.5756823,False,2,1,0
6/24/2025 11:22:21 AM,1750756941597,Right,-0.8936569,0.6366412,0.5688076,-0.3954744,0.7316756,0.4323785,-0.8677238,0.63529,0.5639235,0.7261176,0.5665607,0.3851043,-0.7436133,1.319328,0.4371089,-0.8693449,0.5616325,0.5719784,False,2,1,0
6/24/2025 11:22:21 AM,1750756941611,Right,-0.9014677,0.6291804,0.5649735,-0.4039701,0.7303712,0.4371501,-0.876139,0.6282169,0.5603986,0.7261176,0.5665607,0.3851043,-0.7572438,1.31377,0.4354761,-0.8775925,0.5546052,0.5688926,False,2,1,0
6/24/2025 11:22:21 AM,1750756941638,Right,-0.9150369,0.6131233,0.5578196,-0.421622,0.7291422,0.4468523,-0.8911867,0.613179,0.5538268,0.7261176,0.5665607,0.3851043,-0.7842492,1.30266,0.4313996,-0.891553,0.5397209,0.5636614,False,2,1,0
6/24/2025 11:22:21 AM,1750756941653,Right,-0.921931,0.606132,0.5546072,-0.4307901,0.7290481,0.4516566,-0.8989643,0.6063979,0.5505103,0.7261176,0.5665607,0.3851043,-0.7974934,1.297189,0.4288673,-0.8993646,0.5330675,0.5612537,False,2,1,0
6/24/2025 11:22:21 AM,1750756941680,Right,-0.9341691,0.5931087,0.5482523,-0.4495751,0.7291598,0.4605744,-0.9128845,0.5939466,0.5453541,0.7261176,0.5665607,0.3851043,-0.8228975,1.285592,0.4238508,-0.9143674,0.5208972,0.5577848,False,2,1,0
6/24/2025 11:22:21 AM,1750756941694,Right,-0.9403921,0.5860738,0.5450727,-0.4590204,0.7292904,0.4649628,-0.9195546,0.5871335,0.542488,0.7261176,0.5665607,0.3851043,-0.8345879,1.279346,0.421294,-0.9213086,0.5142494,0.5558212,False,2,1,0
6/24/2025 11:22:21 AM,1750756941722,Right,-0.9529797,0.5698532,0.5399218,-0.4771273,0.7300833,0.4741231,-0.9321405,0.5712814,0.5356764,0.7261176,0.5665607,0.3851043,-0.8563961,1.265912,0.4161515,-0.9327914,0.4988584,0.5514063,False,2,1,0
6/24/2025 11:22:21 AM,1750756941735,Right,-0.9591555,0.5622993,0.5377887,-0.485444,0.7304002,0.4789571,-0.9393598,0.5636358,0.5335853,0.7261176,0.5665607,0.3851043,-0.8663228,1.259048,0.4138309,-0.9381316,0.4912337,0.5493767,False,2,1,0
6/24/2025 11:22:21 AM,1750756941764,Right,-0.9707443,0.5497316,0.5326041,-0.5012766,0.7304863,0.4877515,-0.9516388,0.5510309,0.5286788,0.7261176,0.5665607,0.3851043,-0.8860173,1.245529,0.4086316,-0.950255,0.4785208,0.5439531,False,2,1,0
6/24/2025 11:22:21 AM,1750756941778,Right,-0.9753113,0.5435548,0.5299994,-0.50856,0.7302257,0.4911716,-0.9575276,0.5447292,0.526358,0.7261176,0.5665607,0.3851043,-0.8954493,1.238326,0.4053202,-0.9562802,0.4722515,0.5417974,False,2,1,0
6/24/2025 11:22:21 AM,1750756941792,Right,-0.9795259,0.5366245,0.5271522,-0.5158437,0.7298697,0.4943762,-0.9619313,0.5377699,0.5239187,0.7261176,0.5665607,0.3851043,-0.9045216,1.230799,0.4022608,-0.9609566,0.4653422,0.5396101,False,2,1,0
6/24/2025 11:22:21 AM,1750756941819,Right,-0.9856132,0.5214747,0.520386,-0.5296218,0.7291698,0.4994265,-0.9682618,0.5226122,0.5169832,0.7261176,0.5665607,0.3851043,-0.9213282,1.21583,0.3962948,-0.9671345,0.4502576,0.5329983,False,2,1,0
6/24/2025 11:22:21 AM,1750756941833,Right,-0.9877731,0.5131693,0.5168346,-0.5361746,0.72873,0.5014071,-0.9705161,0.5144335,0.5134367,0.7261176,0.5665607,0.3851043,-0.9287583,1.208237,0.3940458,-0.9691392,0.4421148,0.5295939,False,2,1,0
6/24/2025 11:22:21 AM,1750756941861,Right,-0.9919185,0.4969205,0.5106217,-0.5481349,0.7272494,0.5055221,-0.9769648,0.4983711,0.5077902,0.7261176,0.5665607,0.3851043,-0.9425158,1.192648,0.3899709,-0.9749656,0.4261362,0.524254,False,2,1,0
6/24/2025 11:22:21 AM,1750756941874,Right,-0.994067,0.4891482,0.50793,-0.5530826,0.7261904,0.5076538,-0.9802669,0.4906872,0.5055935,0.7261176,0.5665607,0.3851043,-0.9484356,1.184776,0.3877625,-0.9788603,0.4185319,0.5224629,False,2,1,0
6/24/2025 11:22:21 AM,1750756941902,Right,-0.998292,0.4740299,0.5030226,-0.5623716,0.7238955,0.5115302,-0.9854866,0.4754773,0.5008059,0.7261176,0.5665607,0.3851043,-0.9599288,1.168833,0.3833815,-0.9852652,0.4035299,0.5185955,False,2,1,0
6/24/2025 11:22:21 AM,1750756941917,Right,-1.000343,0.4660068,0.5011714,-0.5662107,0.7222344,0.512813,-0.9869878,0.4673998,0.4985087,0.7261176,0.5665607,0.3851043,-0.9656164,1.161136,0.3810558,-0.9870249,0.3955514,0.5166953,False,2,1,0
6/24/2025 11:22:21 AM,1750756941930,Right,-1.00246,0.4579633,0.4994323,-0.5698797,0.7203506,0.5139437,-0.9884566,0.4593057,0.4960107,0.7261176,0.5665607,0.3851043,-0.9709793,1.153528,0.3786045,-0.9885564,0.3875501,0.5145596,False,2,1,0
6/24/2025 11:22:21 AM,1750756941958,Right,-1.006738,0.4423433,0.4964365,-0.5763242,0.7161255,0.516203,-0.9936057,0.4435354,0.4925019,0.7261176,0.5665607,0.3851043,-0.9812914,1.137547,0.3740939,-0.9928212,0.3719854,0.5118129,False,2,1,0
6/24/2025 11:22:21 AM,1750756941972,Right,-1.008091,0.4345031,0.4951015,-0.5791125,0.7139632,0.5174894,-0.9953222,0.4356335,0.4911534,0.7261176,0.5665607,0.3851043,-0.9856235,1.129538,0.3720216,-0.9940976,0.364197,0.5108579,False,2,1,0
6/24/2025 11:22:22 AM,1750756942000,Right,-1.009053,0.4194983,0.4913346,-0.5842279,0.7095622,0.5200061,-0.9966583,0.4204504,0.487366,0.7261176,0.5665607,0.3851043,-0.9941289,1.113609,0.3676806,-0.9950081,0.3490804,0.5072793,False,2,1,0
6/24/2025 11:22:22 AM,1750756942014,Right,-1.008883,0.4120704,0.4893421,-0.5861915,0.7068591,0.5212027,-0.9970239,0.4128714,0.4853472,0.7261176,0.5665607,0.3851043,-0.998627,1.105421,0.3653272,-0.9954129,0.3415126,0.505304,False,2,1,0
6/24/2025 11:22:22 AM,1750756942041,Right,-1.009133,0.3957389,0.4861978,-0.5901944,0.7008739,0.5234963,-0.9978379,0.3966544,0.4820651,0.7261176,0.5665607,0.3851043,-1.006948,1.089019,0.3610012,-0.9954833,0.3253739,0.5022266,False,2,1,0
6/24/2025 11:22:22 AM,1750756942055,Right,-1.00938,0.3871638,0.4848318,-0.591831,0.6974863,0.5243025,-0.9981941,0.3880412,0.480733,0.7261176,0.5665607,0.3851043,-1.0106,1.080639,0.3589112,-0.9950691,0.3167823,0.5008664,False,2,1,0
6/24/2025 11:22:22 AM,1750756942083,Right,-1.009869,0.37072,0.4823256,-0.5949058,0.6900963,0.5261519,-0.9998974,0.3714191,0.478019,0.7261176,0.5665607,0.3851043,-1.017095,1.063575,0.3551924,-0.9961267,0.3002755,0.4984471,False,2,1,0
6/24/2025 11:22:22 AM,1750756942097,Right,-1.010262,0.362418,0.481068,-0.5967125,0.6864355,0.5272481,-1.000603,0.3631748,0.476634,0.7261176,0.5665607,0.3851043,-1.020137,1.055022,0.3534983,-0.996774,0.2921011,0.4972931,False,2,1,0
6/24/2025 11:22:22 AM,1750756942111,Right,-1.010757,0.353711,0.4801577,-0.5984809,0.6825858,0.5280254,-1.001153,0.3544652,0.4756022,0.7261176,0.5665607,0.3851043,-1.022635,1.046275,0.351927,-0.9971099,0.283529,0.4966888,False,2,1,0
6/24/2025 11:22:22 AM,1750756942139,Right,-1.012884,0.337654,0.4787865,-0.6021418,0.6749838,0.528973,-1.003683,0.3380826,0.4742554,0.7261176,0.5665607,0.3851043,-1.02756,1.029165,0.3494291,-0.9997942,0.2673774,0.4961322,False,2,1,0
6/24/2025 11:22:22 AM,1750756942153,Right,-1.014066,0.3301838,0.4783411,-0.6039193,0.6711819,0.5293674,-1.004694,0.3304976,0.4739487,0.7261176,0.5665607,0.3851043,-1.029595,1.020715,0.34822,-1.000805,0.2597924,0.4958255,False,2,1,0
6/24/2025 11:22:22 AM,1750756942180,Right,-1.015855,0.3164454,0.4767085,-0.6075845,0.6638882,0.5300316,-1.006801,0.3162116,0.4721023,0.7261176,0.5665607,0.3851043,-1.033017,1.00451,0.3456885,-1.002364,0.2455559,0.4940345,False,2,1,0
6/24/2025 11:22:22 AM,1750756942194,Right,-1.01632,0.3106036,0.4755483,-0.6094494,0.6602835,0.5301558,-1.007599,0.3097678,0.4707696,0.7261176,0.5665607,0.3851043,-1.034486,0.9967341,0.3444965,-1.003162,0.2391121,0.4927018,False,3,1,0
6/24/2025 11:22:22 AM,1750756942222,Right,-1.016392,0.2982843,0.4737246,-0.6133457,0.6537131,0.5303363,-1.008115,0.2971602,0.4689168,0.7261176,0.5665607,0.3851043,-1.036862,0.9823025,0.3421407,-1.003843,0.2264944,0.4908494,False,3,1,0
6/24/2025 11:22:22 AM,1750756942235,Right,-1.016075,0.2920052,0.4731175,-0.6152731,0.6506425,0.5303855,-1.007281,0.2908477,0.468284,0.7261176,0.5665607,0.3851043,-1.038184,0.9755524,0.3409345,-1.002976,0.2201764,0.4901926,False,3,1,0
6/24/2025 11:22:22 AM,1750756942264,Right,-1.015728,0.2803154,0.4719948,-0.6190408,0.644928,0.5302268,-1.007637,0.2790508,0.4672499,0.7261176,0.5665607,0.3851043,-1.040025,0.9630603,0.3383005,-1.002899,0.2085339,0.4895629,False,3,1,0
6/24/2025 11:22:22 AM,1750756942277,Right,-1.016016,0.2754226,0.4717245,-0.6207044,0.6423329,0.5301284,-1.0078,0.27384,0.4666076,0.7261176,0.5665607,0.3851043,-1.040847,0.9573079,0.3370614,-1.003143,0.2033949,0.4891626,False,3,1,0
6/24/2025 11:22:22 AM,1750756942291,Right,-1.016412,0.2708602,0.4716008,-0.6221218,0.6398059,0.5300732,-1.008202,0.2689554,0.4663554,0.7261176,0.5665607,0.3851043,-1.041627,0.9516819,0.3360087,-1.003155,0.198462,0.4886746,False,3,1,0
6/24/2025 11:22:22 AM,1750756942319,Right,-1.017123,0.2618954,0.4719647,-0.6248018,0.6351916,0.5292319,-1.009147,0.2601117,0.466633,0.7261176,0.5665607,0.3851043,-1.042428,0.9422749,0.3338169,-1.00436,0.18966,0.48914,False,3,1,0
6/24/2025 11:22:22 AM,1750756942332,Right,-1.017087,0.2571918,0.4724158,-0.6261423,0.6331301,0.5284871,-1.009046,0.2554617,0.466769,0.7261176,0.5665607,0.3851043,-1.043095,0.9381862,0.3325801,-1.00398,0.1851631,0.4896903,False,3,1,0
6/24/2025 11:22:22 AM,1750756942361,Right,-1.016813,0.248902,0.4734251,-0.6289726,0.6296238,0.5264937,-1.008845,0.2473011,0.4678036,0.7261176,0.5665607,0.3851043,-1.044394,0.9307213,0.3309879,-1.002672,0.1771894,0.4910237,False,3,1,0
6/24/2025 11:22:22 AM,1750756942374,Right,-1.01707,0.2461455,0.4737306,-0.6302719,0.6281258,0.5252948,-1.009153,0.244487,0.4680896,0.7261176,0.5665607,0.3851043,-1.044591,0.9275988,0.3301773,-1.003274,0.1744012,0.4914639,False,3,1,0
6/24/2025 11:22:22 AM,1750756942402,Right,-1.017404,0.2401218,0.4739847,-0.6323172,0.6255112,0.5233353,-1.009568,0.2387324,0.4680113,0.7261176,0.5665607,0.3851043,-1.045299,0.9222761,0.3285474,-1.004052,0.1688179,0.4919794,False,3,1,0
6/24/2025 11:22:22 AM,1750756942416,Right,-1.017517,0.2384503,0.4739786,-0.6330555,0.624921,0.5227566,-1.00968,0.2368237,0.4679174,0.7261176,0.5665607,0.3851043,-1.04606,0.9202723,0.3277326,-1.003783,0.1669373,0.4918768,False,3,1,0
6/24/2025 11:22:22 AM,1750756942444,Right,-1.017588,0.2343215,0.474085,-0.634761,0.6241915,0.5222051,-1.009248,0.2331752,0.4679898,0.7261176,0.5665607,0.3851043,-1.047107,0.9172764,0.3263313,-1.003166,0.163335,0.4920376,False,3,1,0
6/24/2025 11:22:22 AM,1750756942458,Right,-1.017428,0.2326114,0.474102,-0.6356011,0.6242209,0.5219787,-1.008855,0.2315723,0.4678414,0.7261176,0.5665607,0.3851043,-1.047656,0.9166756,0.3255401,-1.002364,0.1618039,0.4919905,False,3,1,0
6/24/2025 11:22:22 AM,1750756942471,Right,-1.017438,0.2311691,0.4740622,-0.6365597,0.6242988,0.5217177,-1.008964,0.2302661,0.4676266,0.7261176,0.5665607,0.3851043,-1.048515,0.9161854,0.3250024,-1.001786,0.1605845,0.4918318,False,3,1,0
6/24/2025 11:22:22 AM,1750756942500,Right,-1.018055,0.2327251,0.4735328,-0.6385939,0.6250604,0.5213432,-1.010462,0.2312474,0.4669484,0.7261176,0.5665607,0.3851043,-1.050135,0.9164508,0.3239058,-1.00287,0.1616305,0.4912133,False,3,1,0
6/24/2025 11:22:22 AM,1750756942514,Right,-1.017752,0.2350074,0.473489,-0.6391502,0.6255049,0.5213898,-1.010479,0.2335271,0.4667267,0.7261176,0.5665607,0.3851043,-1.05039,0.9173027,0.323312,-1.003184,0.1638637,0.4909491,False,3,1,0
6/24/2025 11:22:22 AM,1750756942541,Right,-1.017774,0.2358142,0.4723659,-0.6388895,0.6265429,0.5221971,-1.010282,0.2346029,0.4659473,0.7261176,0.5665607,0.3851043,-1.050692,0.9207732,0.3220384,-1.002983,0.1648421,0.4898866,False,3,1,0
6/24/2025 11:22:22 AM,1750756942555,Right,-1.017439,0.2378192,0.4716166,-0.638675,0.6268352,0.5224826,-1.010108,0.2367124,0.465039,0.7261176,0.5665607,0.3851043,-1.051259,0.922844,0.3215099,-1.002546,0.1669729,0.4889593,False,3,1,0
6/24/2025 11:22:22 AM,1750756942582,Right,-1.016956,0.2428757,0.471166,-0.6387908,0.6277539,0.5229897,-1.009791,0.2421633,0.4644976,0.7261176,0.5665607,0.3851043,-1.051871,0.9286901,0.3204376,-1.002505,0.1723768,0.4883658,False,3,1,0
6/24/2025 11:22:22 AM,1750756942597,Right,-1.01714,0.2463306,0.4713918,-0.6390666,0.6289943,0.5234017,-1.009983,0.2456616,0.4646095,0.7261176,0.5665607,0.3851043,-1.051946,0.9323716,0.319527,-1.002872,0.1758783,0.4885402,False,3,1,0
6/24/2025 11:22:22 AM,1750756942611,Right,-1.017626,0.249596,0.4716898,-0.6394978,0.6304552,0.5236821,-1.01044,0.2491246,0.46491,0.7261176,0.5665607,0.3851043,-1.052127,0.9364159,0.3186335,-1.003329,0.1793413,0.4888408,False,3,1,0
6/24/2025 11:22:22 AM,1750756942638,Right,-1.020411,0.2587355,0.4723647,-0.6407555,0.6345456,0.5241218,-1.012733,0.2579762,0.465269,0.7261176,0.5665607,0.3851043,-1.052398,0.9465041,0.3163068,-1.005623,0.1881929,0.4891998,False,3,1,0
6/24/2025 11:22:22 AM,1750756942652,Right,-1.021974,0.2638134,0.4725358,-0.6411727,0.637161,0.5244035,-1.01399,0.263133,0.4651986,0.7261176,0.5665607,0.3851043,-1.052373,0.9521707,0.314963,-1.006828,0.1933567,0.4891342,False,3,1,0
6/24/2025 11:22:22 AM,1750756942680,Right,-1.026316,0.2760395,0.471441,-0.6418723,0.6416767,0.5246572,-1.017583,0.2757351,0.4629815,0.7261176,0.5665607,0.3851043,-1.052419,0.9650859,0.3123319,-1.010111,0.2058793,0.4865885,False,3,1,0
6/24/2025 11:22:22 AM,1750756942694,Right,-1.029305,0.2839094,0.4698743,-0.6424139,0.6441467,0.5246379,-1.019879,0.2829017,0.4607883,0.7261176,0.5665607,0.3851043,-1.052147,0.9725813,0.3108833,-1.012233,0.2129556,0.4840699,False,3,1,0
6/24/2025 11:22:22 AM,1750756942722,Right,-1.033457,0.3004586,0.4660023,-0.6429657,0.6491932,0.5245589,-1.024193,0.2995321,0.4561137,0.7261176,0.5665607,0.3851043,-1.051472,0.9887781,0.3076023,-1.016251,0.2292385,0.47822,False,3,1,0
6/24/2025 11:22:22 AM,1750756942735,Right,-1.034116,0.3100251,0.4633025,-0.6429597,0.6516811,0.5245541,-1.025389,0.3086709,0.4537482,0.7261176,0.5665607,0.3851043,-1.050955,0.9975418,0.3062437,-1.017453,0.2380857,0.4749064,False,3,1,0
6/24/2025 11:22:22 AM,1750756942764,Right,-1.033895,0.3299712,0.4578028,-0.6428582,0.6564719,0.5243912,-1.025128,0.3289653,0.4490027,0.7261176,0.5665607,0.3851043,-1.049259,1.016763,0.3038207,-1.017542,0.257684,0.4678272,False,3,1,0
6/24/2025 11:22:22 AM,1750756942777,Right,-1.03344,0.3411902,0.4553564,-0.6424935,0.6578192,0.5243976,-1.025027,0.3401685,0.4469677,0.7261176,0.5665607,0.3851043,-1.048239,1.027648,0.3026461,-1.017867,0.2686345,0.464983,False,3,1,0
6/24/2025 11:22:22 AM,1750756942791,Right,-1.033138,0.3531904,0.4533391,-0.6422408,0.6616837,0.5241774,-1.025147,0.351734,0.4452343,0.7261176,0.5665607,0.3851043,-1.047161,1.038985,0.3014074,-1.018766,0.2799642,0.462593,False,3,1,0
6/24/2025 11:22:22 AM,1750756942819,Right,-1.034045,0.3790725,0.4507643,-0.6417068,0.6671613,0.523505,-1.026391,0.3764828,0.4426615,0.7261176,0.5665607,0.3851043,-1.045037,1.063737,0.2984122,-1.021847,0.3043421,0.4590324,False,3,1,0
6/24/2025 11:22:22 AM,1750756942833,Right,-1.035228,0.3918449,0.450179,-0.6412138,0.6698143,0.5234506,-1.027313,0.3904933,0.4419698,0.7261176,0.5665607,0.3851043,-1.044301,1.077105,0.2968321,-1.023986,0.3181669,0.4578052,False,3,1,0
6/24/2025 11:22:22 AM,1750756942860,Right,-1.038362,0.4176771,0.4501669,-0.6396469,0.6751871,0.5239724,-1.029221,0.4170162,0.4421244,0.7261176,0.5665607,0.3851043,-1.042216,1.105116,0.293043,-1.028628,0.3443956,0.4569177,False,3,1,0
6/24/2025 11:22:22 AM,1750756942874,Right,-1.03969,0.4305943,0.4502573,-0.638759,0.6779349,0.5242012,-1.029728,0.4304213,0.442271,0.7261176,0.5665607,0.3851043,-1.040218,1.119956,0.2909544,-1.030639,0.3577008,0.4565485,False,3,1,0
6/24/2025 11:22:22 AM,1750756942902,Right,-1.041648,0.4558242,0.4502704,-0.6371043,0.6835425,0.5237452,-1.030373,0.4568715,0.4423583,0.7261176,0.5665607,0.3851043,-1.035616,1.150429,0.2871048,-1.032768,0.383959,0.455434,False,3,1,0
6/24/2025 11:22:22 AM,1750756942916,Right,-1.042482,0.4681346,0.4505969,-0.6364864,0.6865661,0.5227753,-1.030886,0.4697755,0.4423988,0.7261176,0.5665607,0.3851043,-1.033278,1.166033,0.2856393,-1.0338,0.3967896,0.4549488,False,3,1,0
6/24/2025 11:22:22 AM,1750756942944,Right,-1.045514,0.4918346,0.4519266,-0.6348447,0.69275,0.5194156,-1.033258,0.4949347,0.4433286,0.7261176,0.5665607,0.3851043,-1.026541,1.196692,0.2830064,-1.037817,0.421919,0.4551972,False,3,1,0
6/24/2025 11:22:22 AM,1750756942957,Right,-1.047841,0.5036461,0.4526232,-0.6334153,0.695742,0.5168552,-1.034768,0.5074494,0.4437364,0.7261176,0.5665607,0.3851043,-1.021691,1.211676,0.2818261,-1.040172,0.4344022,0.4550435,False,3,1,0
6/24/2025 11:22:22 AM,1750756942972,Right,-1.050641,0.5148695,0.4535172,-0.6317984,0.6987447,0.5138023,-1.036743,0.5194358,0.4444621,0.7261176,0.5665607,0.3851043,-1.016426,1.226395,0.2810988,-1.043155,0.4463849,0.4552046,False,3,1,0
6/24/2025 11:22:22 AM,1750756942999,Right,-1.056242,0.5360081,0.4557351,-0.6288878,0.7056977,0.5064262,-1.040511,0.5420685,0.4466495,0.7261176,0.5665607,0.3851043,-1.004973,1.255664,0.2811198,-1.048122,0.4690785,0.457016,False,3,1,0
6/24/2025 11:22:23 AM,1750756943013,Right,-1.059497,0.5456012,0.457032,-0.627471,0.7096638,0.5022053,-1.042829,0.5525858,0.4478923,0.7261176,0.5665607,0.3851043,-0.998917,1.269879,0.2818536,-1.050591,0.4796108,0.4582524,False,3,1,0
6/24/2025 11:22:23 AM,1750756943041,Right,-1.065896,0.5635267,0.4596,-0.6249213,0.718838,0.4934053,-1.047095,0.5726604,0.4502982,0.7261176,0.5665607,0.3851043,-0.9852709,1.29764,0.2831127,-1.05563,0.4998367,0.461105,False,3,1,0
6/24/2025 11:22:23 AM,1750756943055,Right,-1.069129,0.5726016,0.4607282,-0.6240328,0.7241782,0.4892738,-1.049295,0.5824395,0.4514849,0.7261176,0.5665607,0.3851043,-0.9774955,1.31116,0.2842547,-1.058504,0.509673,0.4621229,False,3,1,0
6/24/2025 11:22:23 AM,1750756943083,Right,-1.075426,0.5900541,0.4627997,-0.6221955,0.736019,0.4820405,-1.053636,0.6020007,0.4537203,0.7261176,0.5665607,0.3851043,-0.9636202,1.337929,0.2879962,-1.064693,0.5294489,0.4640599,False,3,1,0
6/24/2025 11:22:23 AM,1750756943096,Right,-1.078474,0.5979545,0.4638598,-0.6211726,0.7419751,0.4788926,-1.055597,0.6107531,0.4548898,0.7261176,0.5665607,0.3851043,-0.9563882,1.351312,0.2900916,-1.067319,0.5383772,0.4657182,False,3,1,0
6/24/2025 11:22:23 AM,1750756943111,Right,-1.081482,0.6050547,0.4647423,-0.6204309,0.7488492,0.4764079,-1.057539,0.6191043,0.4559101,0.7261176,0.5665607,0.3851043,-0.9487602,1.364671,0.2923716,-1.069516,0.5468804,0.4674507,False,3,1,0
6/24/2025 11:22:23 AM,1750756943138,Right,-1.086245,0.6206461,0.4655406,-0.6195245,0.7628288,0.472379,-1.060179,0.6367898,0.4573235,0.7261176,0.5665607,0.3851043,-0.9324668,1.390723,0.2982728,-1.072353,0.5646653,0.4692719,False,3,1,0
6/24/2025 11:22:23 AM,1750756943152,Right,-1.087998,0.6289207,0.4653572,-0.618827,0.7697243,0.4709185,-1.061305,0.6459306,0.457113,0.7261176,0.5665607,0.3851043,-0.9243671,1.40326,0.3019458,-1.073524,0.5737866,0.4688984,False,3,1,0
6/24/2025 11:22:23 AM,1750756943180,Right,-1.08957,0.6446251,0.4644965,-0.6169321,0.7830342,0.4691648,-1.061162,0.663378,0.4570825,0.7261176,0.5665607,0.3851043,-0.9069373,1.427528,0.3103312,-1.074205,0.5912459,0.468027,False,3,1,0
6/24/2025 11:22:23 AM,1750756943193,Right,-1.089285,0.6523219,0.4638305,-0.6156619,0.7893195,0.4685669,-1.059791,0.6718246,0.4572818,0.7261176,0.5665607,0.3851043,-0.8975868,1.439105,0.3147976,-1.073367,0.5997218,0.4677604,False,3,1,0
6/24/2025 11:22:23 AM,1750756943221,Right,-1.086867,0.6675104,0.4621781,-0.6118317,0.8009167,0.4687715,-1.055429,0.6882223,0.4565108,0.7261176,0.5665607,0.3851043,-0.8774714,1.460531,0.3254693,-1.069525,0.6161016,0.4661456,False,3,1,0
6/24/2025 11:22:23 AM,1750756943235,Right,-1.085238,0.6746088,0.4611526,-0.6091064,0.8060366,0.4694973,-1.053141,0.6959603,0.4563254,0.7261176,0.5665607,0.3851043,-0.8668044,1.470154,0.3318116,-1.067575,0.6238443,0.4654846,False,3,1,0
6/24/2025 11:22:23 AM,1750756943263,Right,-1.08097,0.6893899,0.4583406,-0.6033663,0.8157189,0.4715858,-1.046958,0.7112997,0.4556682,0.7261176,0.5665607,0.3851043,-0.845449,1.488323,0.3465986,-1.061228,0.6390063,0.4636034,False,3,1,0
6/24/2025 11:22:23 AM,1750756943277,Right,-1.078066,0.6969367,0.4566723,-0.5999599,0.8199787,0.4734694,-1.043379,0.7190559,0.4549755,0.7261176,0.5665607,0.3851043,-0.8351045,1.496669,0.3549683,-1.0577,0.6466776,0.4619919,False,3,1,0
6/24/2025 11:22:23 AM,1750756943291,Right,-1.074273,0.7037961,0.4550872,-0.5962173,0.8237885,0.475926,-1.038654,0.7260975,0.4543476,0.7261176,0.5665607,0.3851043,-0.8248144,1.504677,0.3637305,-1.052712,0.6535929,0.4605431,False,3,1,0
6/24/2025 11:22:23 AM,1750756943319,Right,-1.06487,0.716392,0.4519392,-0.5884518,0.8303817,0.4829768,-1.028479,0.7392358,0.4533958,0.7261176,0.5665607,0.3851043,-0.804778,1.519285,0.3824437,-1.04172,0.6664879,0.4584328,False,3,1,0
6/24/2025 11:22:23 AM,1750756943333,Right,-1.05936,0.7223243,0.450483,-0.584417,0.8331866,0.4876684,-1.022881,0.7454686,0.4530261,0.7261176,0.5665607,0.3851043,-0.7950162,1.526582,0.3917586,-1.036068,0.6726758,0.457526,False,3,1,0
6/24/2025 11:22:23 AM,1750756943361,Right,-1.046894,0.7340542,0.4479417,-0.5760787,0.8381079,0.4991401,-1.009237,0.7574017,0.4521015,0.7261176,0.5665607,0.3851043,-0.7753453,1.540107,0.4111358,-1.023033,0.6846472,0.4551675,False,3,1,0
6/24/2025 11:22:23 AM,1750756943374,Right,-1.039583,0.7392147,0.4467394,-0.5715215,0.8399395,0.506642,-1.002187,0.762882,0.4520802,0.7261176,0.5665607,0.3851043,-0.7665437,1.545855,0.4212878,-1.01603,0.6901065,0.4543242,False,3,1,0
6/24/2025 11:22:23 AM,1750756943402,Right,-1.024211,0.7491584,0.4446002,-0.5620262,0.8429875,0.5234814,-0.9863676,0.7728963,0.4526685,0.7261176,0.5665607,0.3851043,-0.750135,1.556673,0.443486,-0.9997212,0.6999979,0.4533385,False,3,1,0
6/24/2025 11:22:23 AM,1750756943415,Right,-1.015182,0.7535679,0.444104,-0.5573375,0.8442931,0.5325178,-0.9771083,0.7773165,0.4535286,0.7261176,0.5665607,0.3851043,-0.7422375,1.561773,0.4544917,-0.9898974,0.7043139,0.4535629,False,3,1,0
6/24/2025 11:22:23 AM,1750756943429,Right,-1.006201,0.7583293,0.4438071,-0.552571,0.8450543,0.542938,-0.9683391,0.7820932,0.4543728,0.7261176,0.5665607,0.3851043,-0.7342965,1.566518,0.4654177,-0.9803421,0.7089599,0.4537582,False,3,1,0
6/24/2025 11:22:23 AM,1750756943457,Right,-0.9876929,0.7697608,0.4428222,-0.5429769,0.8453925,0.566317,-0.9505823,0.7926896,0.4556697,0.7261176,0.5665607,0.3851043,-0.7195039,1.574523,0.4873879,-0.9624025,0.7195793,0.4528224,False,3,1,0
6/24/2025 11:22:23 AM,1750756943471,Right,-0.9782838,0.7757649,0.4424735,-0.5381131,0.8448439,0.5798192,-0.9413209,0.7982666,0.4563555,0.7261176,0.5665607,0.3851043,-0.7125862,1.578045,0.4978403,-0.9532006,0.7252263,0.452243,False,3,1,0
6/24/2025 11:22:23 AM,1750756943499,Right,-0.9606417,0.7865083,0.4430745,-0.5283996,0.8437128,0.6081449,-0.9238624,0.8083276,0.4590406,0.7261176,0.5665607,0.3851043,-0.699219,1.585033,0.5194556,-0.9348621,0.7352455,0.4534778,False,3,1,0
6/24/2025 11:22:23 AM,1750756943513,Right,-0.9516683,0.7921872,0.4436344,-0.5232584,0.8426735,0.6239135,-0.9151572,0.813585,0.4607389,0.7261176,0.5665607,0.3851043,-0.6932703,1.588545,0.5306352,-0.9255167,0.7404641,0.4544986,False,3,1,0
6/24/2025 11:22:23 AM,1750756943541,Right,-0.9329737,0.8034547,0.4452384,-0.5128893,0.8403326,0.6574048,-0.897274,0.8236861,0.4644198,0.7261176,0.5665607,0.3851043,-0.6829436,1.593871,0.5533992,-0.9069861,0.7506235,0.456643,False,3,1,0
6/24/2025 11:22:23 AM,1750756943555,Right,-0.9236394,0.8089246,0.4462789,-0.5080525,0.8392642,0.6743958,-0.8884225,0.8284259,0.4664963,0.7261176,0.5665607,0.3851043,-0.6782234,1.595806,0.5643476,-0.89758,0.7553688,0.458027,False,3,1,0
6/24/2025 11:22:23 AM,1750756943582,Right,-0.903495,0.8203602,0.4492905,-0.4991397,0.8362511,0.7136118,-0.8695933,0.8385921,0.4709923,0.7261176,0.5665607,0.3851043,-0.671427,1.600808,0.5819761,-0.8766199,0.765439,0.4613901,False,3,1,0
6/24/2025 11:22:23 AM,1750756943596,Right,-0.8931417,0.8263851,0.450642,-0.4949425,0.8347154,0.7330583,-0.8600399,0.8440845,0.4728163,0.7261176,0.5665607,0.3851043,-0.6679713,1.604052,0.5899105,-0.8659601,0.7709423,0.4624189,False,3,1,0
6/24/2025 11:22:23 AM,1750756943623,Right,-0.8730699,0.8379614,0.4534729,-0.4869869,0.831887,0.7715274,-0.8413581,0.8540202,0.4771667,0.7261176,0.5665607,0.3851043,-0.6628514,1.607465,0.6064171,-0.8451977,0.7810191,0.4649591,False,3,1,0
6/24/2025 11:22:23 AM,1750756943638,Right,-0.8631616,0.8435132,0.4553498,-0.483043,0.8307872,0.7909908,-0.8323163,0.8588687,0.4794562,0.7261176,0.5665607,0.3851043,-0.6613023,1.60933,0.6145281,-0.8352116,0.7859584,0.4664696,False,3,1,0
6/24/2025 11:22:23 AM,1750756943651,Right,-0.8531471,0.8489666,0.4574844,-0.4787804,0.8300971,0.8102431,-0.8231187,0.8635485,0.4823177,0.7261176,0.5665607,0.3851043,-0.6597292,1.611226,0.6219831,-0.8251474,0.7907539,0.4685417,False,3,1,0
6/24/2025 11:22:23 AM,1750756943679,Right,-0.8337428,0.8589002,0.4625571,-0.469505,0.8295808,0.8484256,-0.8052762,0.8724519,0.4880866,0.7261176,0.5665607,0.3851043,-0.6564357,1.615587,0.6345818,-0.805338,0.7997736,0.4735676,False,3,1,0
6/24/2025 11:22:23 AM,1750756943693,Right,-0.8245823,0.8636712,0.4650706,-0.4646326,0.8295442,0.8669953,-0.7969711,0.8765463,0.4909839,0.7261176,0.5665607,0.3851043,-0.6551856,1.617415,0.6401581,-0.7958348,0.8038819,0.4764397,False,3,1,0
6/24/2025 11:22:23 AM,1750756943721,Right,-0.8072156,0.8732965,0.4699672,-0.4550454,0.8305605,0.9036086,-0.7811794,0.884833,0.4964702,0.7261176,0.5665607,0.3851043,-0.653621,1.620293,0.6508999,-0.778142,0.8123696,0.4812137,False,3,1,0
6/24/2025 11:22:23 AM,1750756943734,Right,-0.798705,0.8778737,0.4725128,-0.4509296,0.8316194,0.9217592,-0.7733802,0.8888524,0.499188,0.7261176,0.5665607,0.3851043,-0.6531375,1.621903,0.6556411,-0.7696216,0.8164774,0.4836741,False,3,1,0
6/24/2025 11:22:23 AM,1750756943763,Right,-0.782028,0.887548,0.4773734,-0.4450669,0.8341536,0.9576966,-0.7583028,0.8972065,0.5043843,0.7261176,0.5665607,0.3851043,-0.6521968,1.62532,0.6634305,-0.753078,0.8250499,0.488289,False,3,1,0
6/24/2025 11:22:23 AM,1750756943777,Right,-0.7739323,0.892413,0.4799241,-0.443446,0.8357473,0.9752628,-0.7509784,0.9013854,0.506985,0.7261176,0.5665607,0.3851043,-0.6515085,1.626549,0.6668731,-0.7449788,0.8293677,0.4905411,False,3,1,0
6/24/2025 11:22:23 AM,1750756943791,Right,-0.765802,0.8971455,0.4826547,-0.4419191,0.837206,0.9926528,-0.7435645,0.9053885,0.5097551,0.7261176,0.5665607,0.3851043,-0.6508117,1.627585,0.670867,-0.7369807,0.833549,0.4927646,False,3,1,0
6/24/2025 11:22:23 AM,1750756943819,Right,-0.7500423,0.9070592,0.4897964,-0.4427537,0.8407265,1.024644,-0.7289749,0.9140468,0.5161144,0.7261176,0.5665607,0.3851043,-0.6508035,1.629971,0.6775725,-0.7217101,0.842639,0.4976459,False,3,1,0
6/24/2025 11:22:23 AM,1750756943832,Right,-0.7423288,0.9126142,0.4934266,-0.4449028,0.8423811,1.038978,-0.7216097,0.9187821,0.5196055,0.7261176,0.5665607,0.3851043,-0.6510409,1.631088,0.6803941,-0.713673,0.8476371,0.5004135,False,3,1,0
6/24/2025 11:22:23 AM,1750756943860,Right,-0.7293722,0.923876,0.4996459,-0.4501744,0.8458787,1.066567,-0.7095223,0.928081,0.5262896,0.7261176,0.5665607,0.3851043,-0.651709,1.632873,0.6845925,-0.6987478,0.8576491,0.5058886,False,3,1,0
6/24/2025 11:22:23 AM,1750756943873,Right,-0.7235952,0.9289694,0.5026636,-0.4548662,0.8476431,1.078205,-0.7048303,0.9321856,0.5293338,0.7261176,0.5665607,0.3851043,-0.6525199,1.633271,0.6861032,-0.6924186,0.8620821,0.508733,False,3,1,0
6/24/2025 11:22:23 AM,1750756943901,Right,-0.7125872,0.9396833,0.5094364,-0.4652508,0.8507143,1.099395,-0.6957569,0.9409443,0.5356348,0.7261176,0.5665607,0.3851043,-0.6534637,1.634844,0.6889369,-0.6807055,0.8716116,0.5142017,False,3,1,0
6/24/2025 11:22:23 AM,1750756943915,Right,-0.7088793,0.9450591,0.5131789,-0.4724376,0.8520715,1.107576,-0.6923361,0.9452973,0.5391663,0.7261176,0.5665607,0.3851043,-0.6538158,1.635413,0.6901482,-0.6759542,0.8765141,0.5169528,False,3,1,0
6/24/2025 11:22:23 AM,1750756943943,Right,-0.70183,0.9556023,0.5203778,-0.4866664,0.8546381,1.122437,-0.6862267,0.9537465,0.5459781,0.7261176,0.5665607,0.3851043,-0.6553728,1.635617,0.6922076,-0.6676035,0.886205,0.5218066,False,3,1,0
6/24/2025 11:22:23 AM,1750756943957,Right,-0.6985711,0.9609221,0.523501,-0.493863,0.8558322,1.12867,-0.6834719,0.9579034,0.5490284,0.7261176,0.5665607,0.3851043,-0.656698,1.635364,0.6930248,-0.663435,0.8906888,0.5250775,False,3,1,0
6/24/2025 11:22:23 AM,1750756943971,Right,-0.6959935,0.9662108,0.5259776,-0.5015514,0.8567896,1.133348,-0.6815554,0.9620674,0.5512106,0.7261176,0.5665607,0.3851043,-0.6581239,1.635014,0.693561,-0.6600147,0.8949749,0.5282425,False,3,1,0
6/24/2025 11:22:23 AM,1750756943998,Right,-0.6922572,0.9761591,0.5306338,-0.5178917,0.8575421,1.139324,-0.6780618,0.9699635,0.5553523,0.7261176,0.5665607,0.3851043,-0.6596405,1.633975,0.6943709,-0.6543732,0.9035765,0.5324491,False,3,1,0
6/24/2025 11:22:24 AM,1750756944012,Right,-0.6910735,0.9809578,0.5326231,-0.5260316,0.8573056,1.14096,-0.6765239,0.973912,0.5570368,0.7261176,0.5665607,0.3851043,-0.6601607,1.633314,0.6944047,-0.6519144,0.9080367,0.5336325,False,3,1,0
6/24/2025 11:22:24 AM,1750756944040,Right,-0.6878555,0.9906359,0.5343977,-0.5418412,0.8557729,1.141887,-0.6740915,0.9810742,0.558835,0.7261176,0.5665607,0.3851043,-0.662262,1.630432,0.6951419,-0.6465653,0.9166569,0.5346347,False,3,1,0
6/24/2025 11:22:24 AM,1750756944055,Right,-0.686232,0.9949843,0.5346378,-0.5499091,0.85434,1.141083,-0.6733283,0.9837496,0.5591677,0.7261176,0.5665607,0.3851043,-0.6639072,1.628179,0.6958916,-0.6443586,0.9199252,0.5350814,False,3,1,0
6/24/2025 11:22:24 AM,1750756944082,Right,-0.682704,1.003615,0.5337725,-0.5661053,0.8506606,1.136714,-0.6704196,0.989673,0.5587327,0.7261176,0.5665607,0.3851043,-0.6680736,1.623026,0.6971904,-0.6394737,0.9264832,0.5354446,False,3,1,0
6/24/2025 11:22:24 AM,1750756944096,Right,-0.6806793,1.008233,0.5341971,-0.5740767,0.8488134,1.133586,-0.66876,0.9929045,0.5589046,0.7261176,0.5665607,0.3851043,-0.6698343,1.620485,0.6974926,-0.6365457,0.9304263,0.5354176,False,3,1,0
6/24/2025 11:22:24 AM,1750756944124,Right,-0.6769527,1.017921,0.5352211,-0.5896841,0.8458433,1.125984,-0.6653012,0.9999357,0.5596603,0.7261176,0.5665607,0.3851043,-0.6717815,1.615592,0.6975887,-0.6304479,0.9395001,0.5346459,False,3,1,0
6/24/2025 11:22:24 AM,1750756944138,Right,-0.6749559,1.022658,0.5352942,-0.5970197,0.8445623,1.122243,-0.6640353,1.002828,0.559898,0.7261176,0.5665607,0.3851043,-0.6733046,1.612566,0.6975284,-0.6276057,0.9434991,0.5344825,False,3,1,0
6/24/2025 11:22:24 AM,1750756944151,Right,-0.6725503,1.02727,0.5349098,-0.6032164,0.8429915,1.116857,-0.6622175,1.005847,0.5596009,0.7261176,0.5665607,0.3851043,-0.6759072,1.609621,0.697659,-0.6247677,0.947059,0.5344126,False,3,1,0
6/24/2025 11:22:24 AM,1750756944179,Right,-0.6675619,1.037524,0.5343286,-0.6144682,0.8396649,1.10752,-0.6580759,1.013278,0.5591129,0.7261176,0.5665607,0.3851043,-0.679417,1.60566,0.6981274,-0.6181735,0.9561385,0.5338978,False,3,1,0
6/24/2025 11:22:24 AM,1750756944193,Right,-0.6649172,1.042604,0.5340024,-0.6201848,0.8380328,1.103181,-0.655784,1.017029,0.5587994,0.7261176,0.5665607,0.3851043,-0.6802996,1.604094,0.6979288,-0.6147108,0.9606508,0.5337505,False,3,1,0
6/24/2025 11:22:24 AM,1750756944221,Right,-0.6594611,1.052874,0.5331316,-0.6302784,0.8351542,1.093556,-0.6511935,1.024562,0.5580829,0.7261176,0.5665607,0.3851043,-0.6827932,1.600633,0.6976167,-0.6078048,0.9700089,0.5328978,False,3,1,0
6/24/2025 11:22:24 AM,1750756944235,Right,-0.6566202,1.057896,0.5327939,-0.6349562,0.8340909,1.088678,-0.6487648,1.028277,0.5577413,0.7261176,0.5665607,0.3851043,-0.6847807,1.599172,0.6982197,-0.6044114,0.9743206,0.5329545,False,3,1,0
6/24/2025 11:22:24 AM,1750756944263,Right,-0.6506434,1.068018,0.5315458,-0.6432756,0.8326159,1.07959,-0.643628,1.035923,0.5568981,0.7261176,0.5665607,0.3851043,-0.6880906,1.596724,0.6983099,-0.5975189,0.9829117,0.5333046,False,3,1,0
6/24/2025 11:22:24 AM,1750756944276,Right,-0.6473588,1.073098,0.5302633,-0.6471906,0.8319416,1.075444,-0.6403722,1.039828,0.5563007,0.7261176,0.5665607,0.3851043,-0.688978,1.595765,0.6979628,-0.5938205,0.9867789,0.5336806,False,3,1,0
6/24/2025 11:22:24 AM,1750756944290,Right,-0.6437979,1.07828,0.5283703,-0.6503974,0.8315793,1.071481,-0.6369219,1.043658,0.5556387,0.7261176,0.5665607,0.3851043,-0.6899003,1.594648,0.6977335,-0.5899869,0.9905172,0.5340495,False,3,1,0
6/24/2025 11:22:24 AM,1750756944318,Right,-0.6362377,1.090042,0.5225008,-0.6561058,0.8311323,1.064696,-0.6293232,1.052569,0.555501,0.7261176,0.5665607,0.3851043,-0.6928851,1.593619,0.6982067,-0.581737,0.9990432,0.5364357,False,3,1,0
6/24/2025 11:22:24 AM,1750756944332,Right,-0.6322121,1.095039,0.5195841,-0.6584381,0.8310463,1.06219,-0.6259476,1.056481,0.5538563,0.7261176,0.5665607,0.3851043,-0.6940934,1.593835,0.6984226,-0.578129,1.002701,0.5361375,False,3,1,0
6/24/2025 11:22:24 AM,1750756944360,Right,-0.6246902,1.105631,0.5146883,-0.6621154,0.8315555,1.057728,-0.6186126,1.065839,0.5531458,0.7261176,0.5665607,0.3851043,-0.6949645,1.59448,0.6986636,-0.5702137,1.011648,0.5385231,False,3,1,0
6/24/2025 11:22:24 AM,1750756944373,Right,-0.6207421,1.111148,0.5115906,-0.6635597,0.8319063,1.055882,-0.6144515,1.071444,0.5551761,0.7261176,0.5665607,0.3851043,-0.6951694,1.594719,0.6987199,-0.5657429,1.01708,0.5423315,False,3,1,0
6/24/2025 11:22:24 AM,1750756944402,Right,-0.61149,1.118991,0.5045962,-0.6648468,0.8327004,1.054591,-0.6068812,1.080127,0.5566553,0.7261176,0.5665607,0.3851043,-0.6960378,1.595286,0.6992089,-0.5578224,1.025284,0.5478,False,3,1,0
6/24/2025 11:22:24 AM,1750756944415,Right,-0.608119,1.123688,0.4992714,-0.665116,0.8333784,1.053813,-0.603416,1.08617,0.5549552,0.7261176,0.5665607,0.3851043,-0.6965867,1.59547,0.6997056,-0.5541891,1.031194,0.5480754,False,3,1,0
6/24/2025 11:22:24 AM,1750756944443,Right,-0.6022138,1.131615,0.4852194,-0.6646304,0.8348107,1.05339,-0.5948089,1.101247,0.5459532,0.7261176,0.5665607,0.3851043,-0.6970647,1.59615,0.7007999,-0.5449761,1.046463,0.5430589,False,3,1,0
6/24/2025 11:22:24 AM,1750756944457,Right,-0.5989637,1.133241,0.4771528,-0.6643444,0.835262,1.053873,-0.5900797,1.108301,0.5395244,0.7261176,0.5665607,0.3851043,-0.6970696,1.596591,0.7012647,-0.5399263,1.053743,0.5384985,False,3,1,0
6/24/2025 11:22:24 AM,1750756944471,Right,-0.5956478,1.13415,0.4703271,-0.6640741,0.8357345,1.054531,-0.5861058,1.114542,0.534747,0.7261176,0.5665607,0.3851043,-0.6968133,1.597045,0.7014394,-0.5356215,1.060288,0.5356034,False,3,1,0
6/24/2025 11:22:24 AM,1750756944499,Right,-0.5878808,1.131703,0.4623739,-0.6635925,0.8374574,1.055457,-0.5785143,1.12265,0.5288163,0.7261176,0.5665607,0.3851043,-0.6961055,1.597486,0.7019444,-0.527371,1.069208,0.533428,False,3,1,0
6/24/2025 11:22:24 AM,1750756944513,Right,-0.5839906,1.131098,0.4606631,-0.66337,0.8383851,1.056369,-0.574824,1.125825,0.5261334,0.7261176,0.5665607,0.3851043,-0.6956537,1.597735,0.702397,-0.5233174,1.072923,0.5325666,False,3,1,0
6/24/2025 11:22:24 AM,1750756944540,Right,-0.5773835,1.132161,0.4562559,-0.6632412,0.8401388,1.058213,-0.5679587,1.12879,0.5165955,0.7261176,0.5665607,0.3851043,-0.6943703,1.598365,0.7031277,-0.5152184,1.077731,0.5268139,False,3,1,0
6/24/2025 11:22:24 AM,1750756944554,Right,-0.5727056,1.130669,0.4555069,-0.6632063,0.8410835,1.059192,-0.5643786,1.126435,0.5139028,0.7261176,0.5665607,0.3851043,-0.693758,1.598684,0.7038664,-0.5108699,1.076623,0.5260881,False,3,1,0
6/24/2025 11:22:24 AM,1750756944582,Right,-0.5628462,1.126826,0.4533031,-0.6633007,0.8428466,1.061231,-0.5574608,1.126211,0.507557,0.7261176,0.5665607,0.3851043,-0.6926969,1.59887,0.7051605,-0.5022232,1.07962,0.5240209,False,3,1,0
6/24/2025 11:22:24 AM,1750756944596,Right,-0.557574,1.124754,0.4526227,-0.6634941,0.8436784,1.062618,-0.5532508,1.126544,0.5061154,0.7261176,0.5665607,0.3851043,-0.6916649,1.59902,0.7056665,-0.4971458,1.081818,0.5246812,False,3,1,0
6/24/2025 11:22:24 AM,1750756944624,Right,-0.5473508,1.121166,0.4513201,-0.6644295,0.8452194,1.06525,-0.5450579,1.121929,0.5001788,0.7261176,0.5665607,0.3851043,-0.6895086,1.599657,0.7063054,-0.4869919,1.081733,0.5226632,False,3,1,0
6/24/2025 11:22:24 AM,1750756944637,Right,-0.5425619,1.119927,0.4507719,-0.665221,0.8458949,1.066661,-0.5411782,1.116099,0.4966621,0.7261176,0.5665607,0.3851043,-0.6883188,1.599968,0.7069111,-0.4817903,1.078933,0.520842,False,3,1,0
6/24/2025 11:22:24 AM,1750756944652,Right,-0.5374468,1.118096,0.4501088,-0.6660175,0.8463443,1.068433,-0.5372828,1.111291,0.4934924,0.7261176,0.5665607,0.3851043,-0.68713,1.600229,0.7082063,-0.4764506,1.077679,0.5192329,False,3,1,0
6/24/2025 11:22:24 AM,1750756944679,Right,-0.5270045,1.115948,0.4499266,-0.6675608,0.8473768,1.071855,-0.5301499,1.106173,0.4896859,0.7261176,0.5665607,0.3851043,-0.684161,1.600979,0.710447,-0.4663687,1.081368,0.5181399,False,3,1,0
6/24/2025 11:22:24 AM,1750756944693,Right,-0.5213591,1.117003,0.451215,-0.6684946,0.8479837,1.073582,-0.526715,1.103672,0.4898748,0.7261176,0.5665607,0.3851043,-0.6822777,1.601586,0.7115623,-0.4614247,1.084323,0.5191275,False,3,1,0
6/24/2025 11:22:24 AM,1750756944721,Right,-0.5093896,1.1182,0.4542274,-0.6703119,0.8487397,1.07793,-0.518862,1.095506,0.4923114,0.7261176,0.5665607,0.3851043,-0.6785006,1.60241,0.7139362,-0.4511721,1.089835,0.521957,False,3,1,0
6/24/2025 11:22:24 AM,1750756944735,Right,-0.5032377,1.118382,0.4563842,-0.6713441,0.8488805,1.080335,-0.5132116,1.089007,0.4948223,0.7261176,0.5665607,0.3851043,-0.6765073,1.602759,0.7154678,-0.44538,1.090774,0.5246331,False,3,1,0
6/24/2025 11:22:24 AM,1750756944763,Right,-0.4916585,1.118686,0.4606266,-0.6738717,0.8488774,1.084531,-0.4990456,1.077747,0.4947552,0.7261176,0.5665607,0.3851043,-0.6717272,1.603736,0.7193568,-0.4343228,1.091899,0.5279761,False,3,1,0
6/24/2025 11:22:24 AM,1750756944776,Right,-0.4856967,1.119459,0.4631957,-0.6751133,0.8486567,1.086725,-0.4933565,1.078645,0.4972688,0.7261176,0.5665607,0.3851043,-0.6693875,1.604243,0.7212955,-0.4289192,1.094011,0.5305054,False,3,1,0
6/24/2025 11:22:24 AM,1750756944790,Right,-0.4789822,1.121092,0.4671658,-0.6763354,0.8483275,1.089132,-0.4871995,1.079839,0.5009147,0.7261176,0.5665607,0.3851043,-0.6666316,1.604925,0.7232594,-0.4231523,1.096336,0.5343624,False,3,1,0
6/24/2025 11:22:24 AM,1750756944818,Right,-0.4658061,1.124087,0.4749538,-0.6792851,0.8472871,1.094026,-0.4747041,1.082592,0.5084475,0.7261176,0.5665607,0.3851043,-0.6606792,1.606148,0.7272708,-0.4115427,1.100085,0.5430538,False,3,1,0
6/24/2025 11:22:24 AM,1750756944832,Right,-0.4591945,1.124965,0.4786966,-0.6808905,0.8466706,1.096556,-0.4684159,1.083413,0.5121768,0.7261176,0.5665607,0.3851043,-0.6573814,1.6066,0.7296951,-0.4055081,1.100851,0.5472686,False,3,1,0
6/24/2025 11:22:24 AM,1750756944860,Right,-0.4460329,1.12704,0.4865252,-0.683443,0.8450961,1.102437,-0.4558773,1.085176,0.5195506,0.7261176,0.5665607,0.3851043,-0.6504957,1.607905,0.7352872,-0.393196,1.102325,0.5551864,False,3,1,0
6/24/2025 11:22:24 AM,1750756944874,Right,-0.4395059,1.12828,0.4906017,-0.6844416,0.844178,1.105532,-0.4496498,1.08615,0.523782,0.7261176,0.5665607,0.3851043,-0.6468559,1.608429,0.7380152,-0.3869685,1.103299,0.5594178,False,3,1,0
6/24/2025 11:22:24 AM,1750756944902,Right,-0.425692,1.13027,0.4991112,-0.6859511,0.8420026,1.111871,-0.4366621,1.087804,0.5326573,0.7261176,0.5665607,0.3851043,-0.6391131,1.609351,0.7435237,-0.3741459,1.104727,0.5686892,False,3,1,0
6/24/2025 11:22:24 AM,1750756944916,Right,-0.4180465,1.131007,0.5040567,-0.6863276,0.8405866,1.115482,-0.4295901,1.088183,0.5376986,0.7261176,0.5665607,0.3851043,-0.6348553,1.609889,0.7465287,-0.3672152,1.104863,0.5740869,False,3,1,0
6/24/2025 11:22:24 AM,1750756944943,Right,-0.4038032,1.132314,0.5121801,-0.6870628,0.8376264,1.122712,-0.4154977,1.089605,0.5450749,0.7261176,0.5665607,0.3851043,-0.6258065,1.610485,0.752436,-0.353493,1.105304,0.5825166,False,3,1,0
6/24/2025 11:22:24 AM,1750756944957,Right,-0.3964271,1.132481,0.5156603,-0.6872349,0.8361775,1.126253,-0.4083152,1.090282,0.5481473,0.7261176,0.5665607,0.3851043,-0.6209617,1.610415,0.7557139,-0.3465642,1.1056,0.5861623,False,3,1,0
6/24/2025 11:22:24 AM,1750756944971,Right,-0.3889578,1.132903,0.5192108,-0.6873441,0.8348051,1.129758,-0.4012343,1.090647,0.5518453,0.7261176,0.5665607,0.3851043,-0.6161235,1.610598,0.7588569,-0.3394833,1.105964,0.5898603,False,3,1,0
6/24/2025 11:22:24 AM,1750756944998,Right,-0.3736818,1.132613,0.525592,-0.6863874,0.8318077,1.137428,-0.3862041,1.090041,0.5580491,0.7261176,0.5665607,0.3851043,-0.6059893,1.610753,0.7653809,-0.3244753,1.104801,0.5963194,False,3,1,0
6/24/2025 11:22:25 AM,1750756945012,Right,-0.3656904,1.131817,0.5284677,-0.6856902,0.8305191,1.14107,-0.3783811,1.089317,0.5607986,0.7261176,0.5665607,0.3851043,-0.6008767,1.610736,0.7687515,-0.3165406,1.103694,0.5990344,False,3,1,0
6/24/2025 11:22:25 AM,1750756945040,Right,-0.3486554,1.130597,0.534176,-0.6834039,0.8283024,1.148248,-0.3621839,1.088461,0.566915,0.7261176,0.5665607,0.3851043,-0.5897189,1.610412,0.7757653,-0.2998282,1.101369,0.6048371,False,3,1,0
6/24/2025 11:22:25 AM,1750756945055,Right,-0.3406009,1.130279,0.5366632,-0.682065,0.8272287,1.151693,-0.3542419,1.088365,0.5693277,0.7261176,0.5665607,0.3851043,-0.5838569,1.610515,0.7792006,-0.2916269,1.100606,0.6070431,False,3,1,0
6/24/2025 11:22:25 AM,1750756945081,Right,-0.3256246,1.129891,0.5408905,-0.6789154,0.8253331,1.158185,-0.3391817,1.088763,0.5727847,0.7261176,0.5665607,0.3851043,-0.5723845,1.610471,0.7856296,-0.2763836,1.10122,0.6101232,False,3,1,0
6/24/2025 11:22:25 AM,1750756945095,Right,-0.3172643,1.130102,0.543859,-0.6766904,0.824647,1.161541,-0.3318657,1.088529,0.5758329,0.7261176,0.5665607,0.3851043,-0.566392,1.610168,0.7889194,-0.2688984,1.101142,0.6128327,False,3,1,0
6/24/2025 11:22:25 AM,1750756945123,Right,-0.3006572,1.130442,0.5497751,-0.6717625,0.8234443,1.16854,-0.3152935,1.088372,0.5825555,0.7261176,0.5665607,0.3851043,-0.5546004,1.60934,0.7956116,-0.2518669,1.100442,0.6189469,False,3,1,0
6/24/2025 11:22:25 AM,1750756945137,Right,-0.2923821,1.130748,0.5527011,-0.6685041,0.8230365,1.172192,-0.3072572,1.088557,0.5855471,0.7261176,0.5665607,0.3851043,-0.548758,1.608796,0.7989626,-0.2437512,1.100624,0.6218005,False,3,1,0
6/24/2025 11:22:25 AM,1750756945150,Right,-0.2843068,1.131398,0.5556427,-0.6643632,0.8227079,1.175932,-0.2993809,1.089078,0.5883591,0.7261176,0.5665607,0.3851043,-0.5428613,1.607981,0.8021872,-0.2357941,1.101385,0.6243896,False,3,1,0
6/24/2025 11:22:25 AM,1750756945178,Right,-0.267369,1.132716,0.5621737,-0.6559482,0.8216247,1.183092,-0.2830902,1.089447,0.5952224,0.7261176,0.5665607,0.3851043,-0.5313542,1.606373,0.8082548,-0.2196597,1.10284,0.6311409,False,3,1,0
6/24/2025 11:22:25 AM,1750756945192,Right,-0.258872,1.132946,0.5649955,-0.6510251,0.8210236,1.186535,-0.2749458,1.089726,0.5981123,0.7261176,0.5665607,0.3851043,-0.52571,1.605762,0.8112128,-0.2115049,1.103064,0.6340327,False,3,1,0
6/24/2025 11:22:25 AM,1750756945220,Right,-0.2423529,1.133669,0.5700487,-0.6412706,0.8198426,1.193229,-0.2586782,1.090104,0.6027782,0.7261176,0.5665607,0.3851043,-0.5140896,1.604643,0.8168794,-0.1952393,1.103521,0.6386729,False,3,1,0
6/24/2025 11:22:25 AM,1750756945233,Right,-0.2338989,1.134094,0.5729065,-0.6360437,0.8193691,1.196531,-0.2505406,1.090149,0.6058096,0.7261176,0.5665607,0.3851043,-0.5081246,1.604094,0.8195356,-0.1870465,1.103498,0.6416318,False,3,1,0
6/24/2025 11:22:25 AM,1750756945262,Right,-0.2179638,1.134073,0.5772656,-0.6249612,0.8189427,1.202998,-0.2351499,1.090191,0.6102834,0.7261176,0.5665607,0.3851043,-0.4969001,1.602543,0.8252884,-0.1714132,1.104429,0.6453243,False,3,1,0
6/24/2025 11:22:25 AM,1750756945275,Right,-0.2101268,1.134276,0.5794116,-0.6191073,0.8190469,1.20615,-0.2276155,1.089973,0.6126849,0.7261176,0.5665607,0.3851043,-0.4917644,1.602154,0.8281468,-0.163666,1.104128,0.6473697,False,3,1,0
6/24/2025 11:22:25 AM,1750756945289,Right,-0.2022103,1.134083,0.5815839,-0.6130052,0.8195503,1.209137,-0.2198153,1.089728,0.6148406,0.7261176,0.5665607,0.3851043,-0.4865339,1.602184,0.8309406,-0.1558658,1.103884,0.6495253,False,3,1,0
6/24/2025 11:22:25 AM,1750756945317,Right,-0.1873124,1.132927,0.5856746,-0.6006945,0.8213968,1.214729,-0.2052136,1.089399,0.618611,0.7261176,0.5665607,0.3851043,-0.4761276,1.602458,0.8363781,-0.1411062,1.103707,0.6529395,False,3,1,0
6/24/2025 11:22:25 AM,1750756945331,Right,-0.1801196,1.132653,0.5878512,-0.594418,0.8226167,1.217319,-0.1983196,1.089043,0.620832,0.7261176,0.5665607,0.3851043,-0.4710541,1.602612,0.8389949,-0.1340712,1.103515,0.6548267,False,3,1,0
6/24/2025 11:22:25 AM,1750756945359,Right,-0.1665061,1.132808,0.592087,-0.5809737,0.8256893,1.221924,-0.1852943,1.088908,0.6257457,0.7261176,0.5665607,0.3851043,-0.4611027,1.602675,0.8446312,-0.1205338,1.103782,0.6585753,False,3,1,0
6/24/2025 11:22:25 AM,1750756945373,Right,-0.1597545,1.133156,0.5942259,-0.5736433,0.827314,1.223992,-0.1786495,1.089038,0.6278397,0.7261176,0.5665607,0.3851043,-0.4561624,1.602684,0.8471142,-0.113889,1.103912,0.6606693,False,3,1,0
6/24/2025 11:22:25 AM,1750756945400,Right,-0.1463411,1.133412,0.5984455,-0.5588031,0.830098,1.228138,-0.1654901,1.088975,0.6320994,0.7261176,0.5665607,0.3851043,-0.4465179,1.602177,0.8516898,-0.1006222,1.103565,0.6648445,False,3,1,0
6/24/2025 11:22:25 AM,1750756945414,Right,-0.1397093,1.133354,0.6003793,-0.5510172,0.831261,1.230044,-0.1590559,1.089021,0.634164,0.7261176,0.5665607,0.3851043,-0.4416936,1.601663,0.8539301,-0.09397268,1.103405,0.6665713,False,3,1,0
6/24/2025 11:22:25 AM,1750756945441,Right,-0.1264725,1.133708,0.6036689,-0.5349472,0.8328111,1.233635,-0.1462624,1.089062,0.637624,0.7261176,0.5665607,0.3851043,-0.431992,1.600046,0.8582011,-0.08094106,1.103953,0.6693151,False,3,1,0
6/24/2025 11:22:25 AM,1750756945456,Right,-0.1197875,1.133965,0.6053531,-0.5271785,0.8333284,1.235514,-0.1398432,1.089177,0.6392561,0.7261176,0.5665607,0.3851043,-0.4269666,1.599291,0.8602335,-0.07444489,1.10393,0.6708527,False,3,1,0
6/24/2025 11:22:25 AM,1750756945483,Right,-0.1059385,1.133681,0.6088613,-0.5115302,0.8343964,1.239172,-0.126381,1.088867,0.6427463,0.7261176,0.5665607,0.3851043,-0.4162313,1.597792,0.8638791,-0.0609827,1.103621,0.6743429,False,3,1,0
6/24/2025 11:22:25 AM,1750756945497,Right,-0.09884882,1.13326,0.6106894,-0.5037938,0.8351722,1.241026,-0.1194133,1.088211,0.6447299,0.7261176,0.5665607,0.3851043,-0.4105828,1.597036,0.8656881,-0.05407425,1.10302,0.6764231,False,3,1,0
6/24/2025 11:22:25 AM,1750756945511,Right,-0.09205574,1.132625,0.6123382,-0.4964947,0.8358365,1.243023,-0.1126854,1.087414,0.6463071,0.7261176,0.5665607,0.3851043,-0.4049907,1.596269,0.8675191,-0.04734633,1.102222,0.6780003,False,3,1,0
6/24/2025 11:22:25 AM,1750756945539,Right,-0.07891679,1.130119,0.6152347,-0.4833973,0.8371143,1.246922,-0.09949943,1.085158,0.6489358,0.7261176,0.5665607,0.3851043,-0.39289,1.595361,0.8705051,-0.03408268,1.099914,0.6804925,False,3,1,0
6/24/2025 11:22:25 AM,1750756945553,Right,-0.07182968,1.129257,0.6170138,-0.4776886,0.8382983,1.248359,-0.0926287,1.084154,0.6509941,0.7261176,0.5665607,0.3851043,-0.3866686,1.594852,0.8717846,-0.02709574,1.098606,0.6824504,False,3,1,0
6/24/2025 11:22:25 AM,1750756945569,Right,-0.06469047,1.128443,0.6186579,-0.4719886,0.839236,1.249701,-0.08568551,1.083758,0.652651,0.7261176,0.5665607,0.3851043,-0.3802978,1.59446,0.8732646,-0.02009856,1.097645,0.6842493,False,3,1,0
6/24/2025 11:22:25 AM,1750756945596,Right,-0.05095321,1.126838,0.6203825,-0.4625072,0.8399452,1.251512,-0.07245283,1.082502,0.6542028,0.7261176,0.5665607,0.3851043,-0.3668229,1.593635,0.8757558,-0.006865881,1.096389,0.6858011,False,3,1,0
6/24/2025 11:22:25 AM,1750756945610,Right,-0.04367554,1.126259,0.6206725,-0.4584658,0.8395996,1.251686,-0.06471571,1.081831,0.6546918,0.7261176,0.5665607,0.3851043,-0.3599599,1.593013,0.8768003,0.0008712336,1.095718,0.6862901,False,3,1,0
6/24/2025 11:22:25 AM,1750756945624,Right,-0.03600824,1.125677,0.6212004,-0.4543121,0.8391827,1.251734,-0.05707133,1.081194,0.655172,0.7261176,0.5665607,0.3851043,-0.3528954,1.592349,0.8777494,0.008543707,1.095004,0.6867453,False,3,1,0
6/24/2025 11:22:25 AM,1750756945653,Right,-0.01239419,1.123627,0.6224012,-0.4428434,0.8367144,1.251464,-0.04714298,1.080273,0.6557308,0.7261176,0.5665607,0.3851043,-0.3306285,1.589767,0.8799448,0.01876851,1.093887,0.6867676,False,3,1,0
6/24/2025 11:22:25 AM,1750756945679,Right,0.005125701,1.122895,0.6228284,-0.4388822,0.8316826,1.250059,-0.03265977,1.079127,0.6563105,0.7261176,0.5665607,0.3851043,-0.3137831,1.587116,0.8804721,0.03341376,1.092776,0.6869853,False,3,1,0
6/24/2025 11:22:25 AM,1750756945693,Right,0.006470084,1.123349,0.6229296,-0.4402943,0.8301916,1.249755,-0.02341783,1.078613,0.6567546,0.7261176,0.5665607,0.3851043,-0.3134858,1.586692,0.8800248,0.04260675,1.092396,0.6874745,False,3,1,0
6/24/2025 11:22:25 AM,1750756945720,Right,0.02537024,1.123124,0.6242356,-0.4354591,0.8252988,1.249778,-0.0005107448,1.077384,0.6582686,0.7261176,0.5665607,0.3851043,-0.2966492,1.583451,0.88,0.06532954,1.091217,0.6893596,False,3,1,0
6/24/2025 11:22:25 AM,1750756945734,Right,0.03530473,1.123026,0.6242659,-0.4335561,0.8221071,1.25009,0.01297113,1.076823,0.6583307,0.7261176,0.5665607,0.3851043,-0.2877194,1.58129,0.8797063,0.07864173,1.090651,0.6897804,False,3,1,0
6/24/2025 11:22:25 AM,1750756945762,Right,0.05638736,1.122967,0.6246579,-0.4285614,0.8156081,1.251509,0.03452501,1.075849,0.6584965,0.7261176,0.5665607,0.3851043,-0.2689468,1.576747,0.8789953,0.09987614,1.089727,0.6905838,False,3,1,0
6/24/2025 11:22:25 AM,1750756945775,Right,0.06731611,1.123025,0.6247486,-0.425821,0.8122578,1.252335,0.0450623,1.075268,0.6587669,0.7261176,0.5665607,0.3851043,-0.2590347,1.574517,0.8788924,0.1102661,1.089523,0.6909877,False,3,1,0
6/24/2025 11:22:25 AM,1750756945802,Right,0.08973521,1.123357,0.6246837,-0.4203976,0.8055828,1.253852,0.06711449,1.074354,0.6592579,0.7261176,0.5665607,0.3851043,-0.2398641,1.569354,0.8784562,0.1320233,1.088875,0.6919522,False,3,1,0
6/24/2025 11:22:25 AM,1750756945817,Right,0.1013649,1.123312,0.6244991,-0.4174367,0.8021798,1.254797,0.07837144,1.073881,0.6591066,0.7261176,0.5665607,0.3851043,-0.2304222,1.566529,0.8775367,0.1431142,1.088383,0.6921368,False,3,1,0
6/24/2025 11:22:25 AM,1750756945831,Right,0.1128668,1.122905,0.6238749,-0.4144481,0.7989799,1.255667,0.09001513,1.073414,0.6577996,0.7261176,0.5665607,0.3851043,-0.220638,1.564333,0.8761464,0.1545301,1.088047,0.6912156,False,3,1,0
6/24/2025 11:22:25 AM,1750756945858,Right,0.1364842,1.120346,0.6212883,-0.4083814,0.7938596,1.256857,0.1133716,1.070793,0.6548272,0.7261176,0.5665607,0.3851043,-0.199071,1.560775,0.8709029,0.1778511,1.086681,0.6877347,False,3,1,0
6/24/2025 11:22:25 AM,1750756945872,Right,0.1484421,1.118797,0.6205586,-0.4053767,0.7919213,1.257202,0.1254776,1.068988,0.6536115,0.7261176,0.5665607,0.3851043,-0.1887542,1.558659,0.8691375,0.1899571,1.084876,0.686519,False,3,1,0
6/24/2025 11:22:25 AM,1750756945900,Right,0.1728722,1.11444,0.6200533,-0.3993093,0.7884525,1.257848,0.1495431,1.064608,0.6529348,0.7261176,0.5665607,0.3851043,-0.1683306,1.554397,0.8674318,0.2140715,1.080384,0.6858003,False,3,1,0
6/24/2025 11:22:25 AM,1750756945914,Right,0.1849165,1.112219,0.6197495,-0.3961219,0.7871901,1.257641,0.1614218,1.062727,0.6525074,0.7261176,0.5665607,0.3851043,-0.1574959,1.552528,0.8665522,0.2259653,1.078598,0.6852975,False,3,1,0
6/24/2025 11:22:25 AM,1750756945942,Right,0.2089219,1.108175,0.6194139,-0.3888018,0.7842197,1.257035,0.1852725,1.058856,0.6522181,0.7261176,0.5665607,0.3851043,-0.1340665,1.549901,0.8649659,0.249773,1.075353,0.6847832,False,3,1,0
6/24/2025 11:22:25 AM,1750756945955,Right,0.2207396,1.106163,0.6196138,-0.3847254,0.7828969,1.256704,0.1971497,1.057075,0.6525289,0.7261176,0.5665607,0.3851043,-0.1213964,1.549547,0.8643355,0.2615949,1.073708,0.6851336,False,3,1,0
6/24/2025 11:22:25 AM,1750756945983,Right,0.243332,1.101331,0.6202369,-0.375277,0.7823199,1.255909,0.2200747,1.053152,0.6528369,0.7261176,0.5665607,0.3851043,-0.0959568,1.549809,0.8621911,0.2843663,1.06945,0.6859112,False,3,1,0
6/24/2025 11:22:25 AM,1750756945997,Right,0.2534631,1.098592,0.6203685,-0.3700621,0.7834777,1.255476,0.2304246,1.051095,0.6528597,0.7261176,0.5665607,0.3851043,-0.08358669,1.550542,0.8611373,0.2948725,1.066976,0.6858324,False,3,1,0
6/24/2025 11:22:26 AM,1750756946011,Right,0.2634267,1.095988,0.6204922,-0.3643305,0.7858869,1.254788,0.2407523,1.04918,0.6528063,0.7261176,0.5665607,0.3851043,-0.0715,1.551082,0.8598348,0.3052766,1.064853,0.6857291,False,3,1,0
6/24/2025 11:22:26 AM,1750756946039,Right,0.2835476,1.092318,0.6218508,-0.3517224,0.7915328,1.252533,0.2611753,1.045961,0.653958,0.7261176,0.5665607,0.3851043,-0.04752767,1.552186,0.8576375,0.3254839,1.060512,0.687805,False,3,1,0
6/24/2025 11:22:26 AM,1750756946053,Right,0.2935603,1.090953,0.6224492,-0.3439978,0.7945949,1.250744,0.2712324,1.045011,0.654601,0.7261176,0.5665607,0.3851043,-0.03659403,1.553018,0.856971,0.3353695,1.058703,0.6891248,False,3,1,0
6/24/2025 11:22:26 AM,1750756946081,Right,0.3125825,1.088315,0.622074,-0.3271013,0.7991595,1.246408,0.2903421,1.043987,0.6539885,0.7261176,0.5665607,0.3851043,-0.01603168,1.555696,0.8565035,0.3544213,1.056263,0.6891466,False,3,1,0
6/24/2025 11:22:26 AM,1750756946094,Right,0.321922,1.08772,0.621371,-0.3174384,0.8011104,1.243534,0.2999825,1.043411,0.6536078,0.7261176,0.5665607,0.3851043,-0.005356669,1.557073,0.8562431,0.3641269,1.055433,0.6887348,False,3,1,0
6/24/2025 11:22:26 AM,1750756946122,Right,0.341502,1.087071,0.6199495,-0.296375,0.8040843,1.236879,0.3197405,1.043608,0.6520101,0.7261176,0.5665607,0.3851043,0.01723415,1.559691,0.8552701,0.3836588,1.055252,0.6876724,False,3,1,0
6/24/2025 11:22:26 AM,1750756946136,Right,0.3511765,1.086837,0.6189135,-0.285521,0.8053162,1.233784,0.3295122,1.043667,0.650982,0.7261176,0.5665607,0.3851043,0.028018,1.560588,0.8550396,0.3934305,1.055312,0.6866442,False,3,1,0
6/24/2025 11:22:26 AM,1750756946164,Right,0.3704122,1.086858,0.6176198,-0.2626406,0.807179,1.22832,0.3487675,1.043583,0.6499708,0.7261176,0.5665607,0.3851043,0.04754025,1.561828,0.8553283,0.412678,1.055055,0.6857027,False,3,1,0
6/24/2025 11:22:26 AM,1750756946178,Right,0.3801166,1.08691,0.6171199,-0.2504653,0.8078005,1.226452,0.3583564,1.043534,0.6496906,0.7261176,0.5665607,0.3851043,0.05629146,1.562108,0.8559953,0.4222415,1.054684,0.6855696,False,3,1,0
6/24/2025 11:22:26 AM,1750756946191,Right,0.3897501,1.086681,0.6163404,-0.2388904,0.8085089,1.224922,0.3679509,1.043606,0.6490363,0.7261176,0.5665607,0.3851043,0.06486744,1.562633,0.8566469,0.4318115,1.054194,0.6851286,False,3,1,0
6/24/2025 11:22:26 AM,1750756946220,Right,0.4077229,1.085888,0.6152416,-0.2163737,0.8101298,1.222089,0.3858395,1.043672,0.6479449,0.7261176,0.5665607,0.3851043,0.08235598,1.563962,0.8580248,0.4498999,1.053174,0.6839856,False,3,1,0
6/24/2025 11:22:26 AM,1750756946234,Right,0.4160553,1.085815,0.6154625,-0.205321,0.8109755,1.220704,0.3941405,1.043683,0.6483489,0.7261176,0.5665607,0.3851043,0.09113139,1.564723,0.8585869,0.4582371,1.052885,0.6844029,False,3,1,0
6/24/2025 11:22:26 AM,1750756946261,Right,0.4327796,1.085653,0.6160083,-0.1835411,0.8128799,1.216748,0.4109019,1.043842,0.649003,0.7261176,0.5665607,0.3851043,0.1085029,1.566177,0.8596659,0.4750471,1.052386,0.6851323,False,3,1,0
6/24/2025 11:22:26 AM,1750756946275,Right,0.4409745,1.085803,0.6162207,-0.1728466,0.8138766,1.214232,0.4192853,1.04404,0.6490871,0.7261176,0.5665607,0.3851043,0.1171759,1.566824,0.8604722,0.4833962,1.052606,0.685272,False,3,1,0
6/24/2025 11:22:26 AM,1750756946303,Right,0.457426,1.087082,0.617092,-0.1523594,0.8151328,1.209648,0.4355963,1.045019,0.6502648,0.7261176,0.5665607,0.3851043,0.133751,1.567725,0.8617144,0.4997169,1.053319,0.6864946,False,3,1,0
6/24/2025 11:22:26 AM,1750756946317,Right,0.4657239,1.087486,0.6174915,-0.142445,0.8151053,1.207591,0.4438667,1.045311,0.6507136,0.7261176,0.5665607,0.3851043,0.1418722,1.567784,0.8623804,0.5079169,1.053404,0.6871142,False,3,1,0
6/24/2025 11:22:26 AM,1750756946331,Right,0.4740024,1.087561,0.6176599,-0.1325966,0.8148745,1.205824,0.4522442,1.045589,0.6507314,0.7261176,0.5665607,0.3851043,0.1498673,1.567684,0.8630342,0.516185,1.053292,0.6874081,False,3,1,0
6/24/2025 11:22:26 AM,1750756946358,Right,0.4898227,1.087573,0.6175125,-0.1119704,0.8142169,1.203937,0.4682189,1.045497,0.6504306,0.7261176,0.5665607,0.3851043,0.1659652,1.567035,0.8634869,0.5321817,1.052627,0.6871846,False,3,1,0
6/24/2025 11:22:26 AM,1750756946372,Right,0.4978846,1.087797,0.6175421,-0.1012231,0.8140625,1.203435,0.4761921,1.045443,0.6507112,0.7261176,0.5665607,0.3851043,0.1743839,1.566739,0.8642359,0.5401686,1.052408,0.6874731,False,3,1,0
6/24/2025 11:22:26 AM,1750756946400,Right,0.5141541,1.087927,0.6171327,-0.08059847,0.8125119,1.203946,0.4924876,1.043639,0.6509079,0.7261176,0.5665607,0.3851043,0.1918485,1.566026,0.8661892,0.5564585,1.04978,0.687826,False,3,1,0
6/24/2025 11:22:26 AM,1750756946414,Right,0.5223125,1.088025,0.6169242,-0.07040524,0.8111623,1.205504,0.5006504,1.042482,0.6509803,0.7261176,0.5665607,0.3851043,0.2006598,1.565441,0.867584,0.5646242,1.047984,0.6879941,False,3,1,0
6/24/2025 11:22:26 AM,1750756946441,Right,0.5392728,1.088825,0.6173255,-0.04991156,0.8085116,1.208056,0.5169869,1.040626,0.6523767,0.7261176,0.5665607,0.3851043,0.2174953,1.563878,0.8704718,0.5808777,1.0444,0.6897488,False,3,1,0
6/24/2025 11:22:26 AM,1750756946456,Right,0.5479146,1.089154,0.6177738,-0.03972548,0.8067225,1.209582,0.5252019,1.039309,0.6533258,0.7261176,0.5665607,0.3851043,0.2258598,1.563067,0.871959,0.5889908,1.042102,0.6909571,False,3,1,0
6/24/2025 11:22:26 AM,1750756946484,Right,0.5648689,1.089238,0.619101,-0.0190993,0.8028452,1.212927,0.5413761,1.035663,0.6550349,0.7261176,0.5665607,0.3851043,0.2432379,1.561113,0.8756841,0.6048644,1.036006,0.6932718,False,3,1,0
6/24/2025 11:22:26 AM,1750756946498,Right,0.5733215,1.089125,0.6202599,-0.008607745,0.800951,1.214776,0.5492424,1.032377,0.6560361,0.7261176,0.5665607,0.3851043,0.2521053,1.559912,0.8778306,0.6125523,1.031266,0.6945532,False,3,1,0
6/24/2025 11:22:26 AM,1750756946511,Right,0.5819725,1.08888,0.6218706,0.001888871,0.7990019,1.216772,0.5570782,1.029078,0.6571669,0.7261176,0.5665607,0.3851043,0.2611335,1.558834,0.8801335,0.6201695,1.026252,0.6959541,False,3,1,0
6/24/2025 11:22:26 AM,1750756946539,Right,0.6001484,1.08812,0.6270599,0.0228557,0.7945881,1.221566,0.5721765,1.02108,0.6605444,0.7261176,0.5665607,0.3851043,0.2793313,1.557135,0.8849298,0.6347064,1.014443,0.6997732,False,3,1,0
6/24/2025 11:22:26 AM,1750756946553,Right,0.6091077,1.086696,0.6292839,0.03345484,0.7924615,1.224094,0.5797284,1.01816,0.6620793,0.7261176,0.5665607,0.3851043,0.2884991,1.556355,0.887313,0.6418639,1.009346,0.7015057,False,3,1,0
6/24/2025 11:22:26 AM,1750756946581,Right,0.6258467,1.083329,0.6319051,0.0551039,0.7877131,1.230589,0.5956351,1.014789,0.6625796,0.7261176,0.5665607,0.3851043,0.3078138,1.55498,0.8926331,0.6567467,1.001003,0.7021808,False,3,1,0
6/24/2025 11:22:26 AM,1750756946594,Right,0.6341178,1.082805,0.6337684,0.06595963,0.785294,1.233955,0.6032648,1.012316,0.6612622,0.7261176,0.5665607,0.3851043,0.3176887,1.554003,0.8955498,0.6638183,0.9958118,0.700681,False,3,1,0
6/24/2025 11:22:26 AM,1750756946623,Right,0.6511292,1.081436,0.6391066,0.08880526,0.780898,1.241065,0.6183996,1.008593,0.6597629,0.7261176,0.5665607,0.3851043,0.3378284,1.551749,0.9019175,0.6776279,0.985865,0.6980826,False,3,1,0
6/24/2025 11:22:26 AM,1750756946636,Right,0.6596346,1.079608,0.6406202,0.101069,0.7787569,1.24507,0.6266431,1.008117,0.6602967,0.7261176,0.5665607,0.3851043,0.34791,1.550609,0.9052618,0.68512,0.9822714,0.6977848,False,3,1,0
6/24/2025 11:22:26 AM,1750756946650,Right,0.6678287,1.077991,0.6417538,0.1133294,0.7764447,1.249135,0.635489,1.008835,0.6609064,0.7261176,0.5665607,0.3851043,0.3581419,1.549579,0.9085978,0.6931025,0.9796777,0.6972856,False,3,1,0
6/24/2025 11:22:26 AM,1750756946678,Right,0.6845465,1.073934,0.6451759,0.1387686,0.7718676,1.257556,0.6530155,1.009127,0.6630796,0.7261176,0.5665607,0.3851043,0.3788044,1.547495,0.9152545,0.708674,0.9734713,0.6966019,False,3,1,0
6/24/2025 11:22:26 AM,1750756946692,Right,0.6931181,1.071608,0.6471516,0.1521119,0.7699347,1.261754,0.6619028,1.008733,0.6643697,0.7261176,0.5665607,0.3851043,0.3892771,1.546413,0.918619,0.7164994,0.9700446,0.6962346,False,3,1,0
6/24/2025 11:22:26 AM,1750756946720,Right,0.7101667,1.065006,0.653613,0.1798201,0.7664186,1.270223,0.6782503,1.005565,0.6630676,0.7261176,0.5665607,0.3851043,0.4110174,1.54552,0.9251711,0.7302924,0.9604548,0.6904463,False,3,1,0
6/24/2025 11:22:26 AM,1750756946734,Right,0.7180803,1.060914,0.6570455,0.1936889,0.7649577,1.275165,0.6858946,1.004294,0.6643968,0.7261176,0.5665607,0.3851043,0.421609,1.545648,0.9284171,0.7365734,0.9562228,0.6891702,False,3,1,0
6/24/2025 11:22:26 AM,1750756946761,Right,0.7324384,1.054126,0.6623265,0.2212141,0.7637385,1.284738,0.7018226,1.003602,0.6736609,0.7261176,0.5665607,0.3851043,0.4430556,1.547295,0.9344999,0.7494152,0.9499327,0.6923012,False,3,1,0
6/24/2025 11:22:26 AM,1750756946775,Right,0.7383072,1.049579,0.665096,0.2350185,0.765183,1.289822,0.7087331,1.002457,0.677218,0.7261176,0.5665607,0.3851043,0.4537457,1.54904,0.9379641,0.7547499,0.9465094,0.692879,False,3,1,0
6/24/2025 11:22:26 AM,1750756946803,Right,0.7499264,1.038983,0.6720597,0.2630153,0.7693549,1.300139,0.7198252,0.9982834,0.6799716,0.7261176,0.5665607,0.3851043,0.4755709,1.552625,0.9443365,0.76226,0.9382256,0.6892066,False,3,1,0
6/24/2025 11:22:26 AM,1750756946816,Right,0.754941,1.033189,0.6756203,0.2780191,0.7724246,1.305421,0.724979,0.996507,0.6815261,0.7261176,0.5665607,0.3851043,0.4864319,1.554686,0.9473807,0.7655687,0.9347687,0.6873411,False,3,1,0
6/24/2025 11:22:26 AM,1750756946831,Right,0.7595216,1.027763,0.6789027,0.2937811,0.7755325,1.310483,0.7308199,0.9952515,0.6847082,0.7261176,0.5665607,0.3851043,0.4969028,1.556957,0.950217,0.7693306,0.9319521,0.6864539,False,3,1,0
6/24/2025 11:22:26 AM,1750756946859,Right,0.7681312,1.019522,0.6837335,0.3271037,0.7813352,1.319529,0.7422808,0.9904403,0.6960806,0.7261176,0.5665607,0.3851043,0.5165728,1.560673,0.9553093,0.7775169,0.9254064,0.6913951,False,3,1,0
6/24/2025 11:22:26 AM,1750756946872,Right,0.7728654,1.016508,0.6850214,0.3443023,0.7840527,1.323252,0.748372,0.9879815,0.7018887,0.7261176,0.5665607,0.3851043,0.5260917,1.56209,0.9573451,0.7820049,0.9223557,0.6944715,False,3,1,0
6/24/2025 11:22:26 AM,1750756946900,Right,0.7823917,1.009734,0.6864471,0.3787681,0.7886614,1.329701,0.7601305,0.983018,0.7094508,0.7261176,0.5665607,0.3851043,0.5451855,1.564241,0.9604872,0.7900956,0.916473,0.6965355,False,3,1,0
6/24/2025 11:22:26 AM,1750756946914,Right,0.7868418,1.00617,0.6872379,0.3959122,0.7907826,1.3332,0.7654445,0.9804696,0.7116377,0.7261176,0.5665607,0.3851043,0.5542181,1.564585,0.9617118,0.7936382,0.9136787,0.6962417,False,3,1,0
6/24/2025 11:22:26 AM,1750756946942,Right,0.7949274,1.000672,0.6887722,0.4304571,0.7951286,1.341642,0.7767823,0.9764963,0.7165657,0.7261176,0.5665607,0.3851043,0.5714961,1.564757,0.9638119,0.8011007,0.9096212,0.6958466,False,3,1,0
6/24/2025 11:22:26 AM,1750756946956,Right,0.799113,0.9980004,0.6892495,0.447645,0.7972625,1.346262,0.7829219,0.9743494,0.7193654,0.7261176,0.5665607,0.3851043,0.5800908,1.56487,0.9647334,0.8051241,0.9076501,0.6958877,False,3,1,0
6/24/2025 11:22:26 AM,1750756946984,Right,0.8066029,0.9926112,0.6890512,0.4834692,0.8013763,1.357186,0.7955883,0.9687036,0.7258318,0.7261176,0.5665607,0.3851043,0.5964696,1.564819,0.9651699,0.8113259,0.9020909,0.6974061,False,3,1,0
6/24/2025 11:22:26 AM,1750756946998,Right,0.8097942,0.9896266,0.6890315,0.5007426,0.8037372,1.362397,0.7999503,0.9668363,0.7250617,0.7261176,0.5665607,0.3851043,0.6046439,1.565044,0.9652891,0.8138633,0.8991497,0.6982682,False,3,1,0
6/24/2025 11:22:27 AM,1750756947012,Right,0.8127408,0.9863665,0.6893609,0.5177304,0.8063176,1.367202,0.8035231,0.9642509,0.725356,0.7261176,0.5665607,0.3851043,0.6125503,1.565098,0.9652915,0.8165766,0.8963896,0.6985719,False,3,1,0
6/24/2025 11:22:27 AM,1750756947039,Right,0.8182038,0.979607,0.6905029,0.551026,0.8114033,1.375362,0.8099089,0.9588078,0.7264006,0.7261176,0.5665607,0.3851043,0.6281816,1.56518,0.9646451,0.8218967,0.890337,0.7006909,False,3,1,0
6/24/2025 11:22:27 AM,1750756947054,Right,0.8209094,0.9761112,0.6908222,0.5673012,0.8140261,1.37863,0.8129463,0.9558887,0.7270212,0.7261176,0.5665607,0.3851043,0.6359529,1.56499,0.9640592,0.8244088,0.8869847,0.7022463,False,3,1,0
6/24/2025 11:22:27 AM,1750756947081,Right,0.8271332,0.9678155,0.6893011,0.5992629,0.8184518,1.384041,0.8198062,0.949254,0.7252814,0.7261176,0.5665607,0.3851043,0.6518642,1.564285,0.9621736,0.8292781,0.8794081,0.7023735,False,3,1,0
6/24/2025 11:22:27 AM,1750756947095,Right,0.8305319,0.9630883,0.6881135,0.6146703,0.8204148,1.385895,0.8235977,0.9453639,0.7238775,0.7261176,0.5665607,0.3851043,0.6598334,1.563439,0.9612005,0.8323435,0.8754142,0.7009977,False,3,1,0
6/24/2025 11:22:27 AM,1750756947123,Right,0.8369872,0.9526985,0.6864408,0.6447951,0.8245714,1.388449,0.8315375,0.9365054,0.7220596,0.7261176,0.5665607,0.3851043,0.6757851,1.561101,0.9585871,0.838379,0.8664978,0.6987129,False,3,1,0
6/24/2025 11:22:27 AM,1750756947136,Right,0.8402825,0.9469974,0.68546,0.659009,0.826378,1.388872,0.835297,0.931614,0.7210259,0.7261176,0.5665607,0.3851043,0.683925,1.559469,0.9570065,0.8413882,0.8613265,0.698321,False,3,1,0
6/24/2025 11:22:27 AM,1750756947151,Right,0.8437642,0.9407452,0.6839836,0.6726481,0.8277605,1.389301,0.8391621,0.9262307,0.719577,0.7261176,0.5665607,0.3851043,0.6920645,1.557726,0.9549344,0.8445539,0.8556255,0.6976962,False,3,1,0
6/24/2025 11:22:27 AM,1750756947178,Right,0.8507717,0.9286876,0.680598,0.6983773,0.8299392,1.389265,0.8468829,0.9158224,0.716103,0.7261176,0.5665607,0.3851043,0.7084483,1.55401,0.9502915,0.8509368,0.8447731,0.695403,False,3,1,0
6/24/2025 11:22:27 AM,1750756947192,Right,0.8540325,0.9220431,0.6787758,0.7107219,0.8309291,1.388946,0.8507169,0.9101853,0.7139586,0.7261176,0.5665607,0.3851043,0.7166511,1.551963,0.9476122,0.8536814,0.8391573,0.6930022,False,3,1,0
6/24/2025 11:22:27 AM,1750756947220,Right,0.8601093,0.9084547,0.6757084,0.7327642,0.8321322,1.386811,0.8581393,0.8984407,0.7106782,0.7261176,0.5665607,0.3851043,0.7336974,1.547753,0.9413619,0.8584997,0.8275571,0.6890373,False,3,1,0
6/24/2025 11:22:27 AM,1750756947234,Right,0.8632032,0.9022866,0.67451,0.742397,0.8323479,1.384983,0.8617666,0.8930435,0.7092268,0.7261176,0.5665607,0.3851043,0.7421396,1.545441,0.9375685,0.8614663,0.8220996,0.6877833,False,3,1,0
6/24/2025 11:22:27 AM,1750756947261,Right,0.8699118,0.8901703,0.6717324,0.7611429,0.832706,1.381047,0.8692152,0.8823133,0.7061474,0.7261176,0.5665607,0.3851043,0.758652,1.540537,0.9295641,0.8676105,0.8109101,0.6863496,False,3,1,0
6/24/2025 11:22:27 AM,1750756947276,Right,0.8735631,0.8840601,0.6699011,0.769692,0.8324169,1.378415,0.8731471,0.8768098,0.7045366,0.7261176,0.5665607,0.3851043,0.7665673,1.538013,0.9250787,0.8708633,0.805107,0.6859239,False,3,1,0
6/24/2025 11:22:27 AM,1750756947303,Right,0.8821598,0.8729925,0.6633291,0.7852796,0.830581,1.37178,0.8826796,0.8664603,0.6997935,0.7261176,0.5665607,0.3851043,0.78286,1.532732,0.9158387,0.8794491,0.7941894,0.683687,False,3,1,0
6/24/2025 11:22:27 AM,1750756947318,Right,0.8863687,0.8674207,0.6593651,0.792694,0.829196,1.368376,0.8875294,0.8614038,0.6962278,0.7261176,0.5665607,0.3851043,0.7911783,1.529876,0.9109228,0.8841311,0.7889525,0.6809897,False,3,1,0
6/24/2025 11:22:27 AM,1750756947332,Right,0.8905265,0.8614919,0.6547402,0.8001304,0.8277102,1.364946,0.8918446,0.8560745,0.6923312,0.7261176,0.5665607,0.3851043,0.7996617,1.52697,0.9055398,0.8882784,0.7834635,0.677914,False,3,1,0
6/24/2025 11:22:27 AM,1750756947359,Right,0.8985404,0.8491068,0.6462375,0.8137498,0.8235125,1.357221,0.9002643,0.8452045,0.6822174,0.7261176,0.5665607,0.3851043,0.8167123,1.520603,0.8944144,0.896418,0.7723988,0.6688954,False,3,1,0
6/24/2025 11:22:27 AM,1750756947372,Right,0.9022642,0.8422796,0.6423993,0.8202579,0.8209999,1.353245,0.9039463,0.8393282,0.6773112,0.7261176,0.5665607,0.3851043,0.8251967,1.517194,0.8883431,0.8996837,0.7664593,0.6644703,False,3,1,0
6/24/2025 11:22:27 AM,1750756947401,Right,0.909498,0.8279887,0.634202,0.8334225,0.8161775,1.345521,0.9118452,0.8265786,0.6674374,0.7261176,0.5665607,0.3851043,0.8420178,1.509932,0.8757631,0.9057041,0.7537088,0.6553863,False,3,1,0
6/24/2025 11:22:27 AM,1750756947414,Right,0.9131321,0.8214992,0.6299863,0.8395503,0.8133325,1.341408,0.9166922,0.8204908,0.663268,0.7261176,0.5665607,0.3851043,0.8508626,1.506048,0.8692144,0.9097009,0.7475558,0.6521078,False,3,1,0
6/24/2025 11:22:27 AM,1750756947442,Right,0.9200931,0.8085034,0.6207083,0.8518549,0.8081227,1.333344,0.925439,0.8084146,0.653623,0.7261176,0.5665607,0.3851043,0.8689021,1.497898,0.8552645,0.9177729,0.7351992,0.6450397,False,3,1,0
6/24/2025 11:22:27 AM,1750756947456,Right,0.9234832,0.8018358,0.61634,0.857855,0.8054146,1.329412,0.9295409,0.8023443,0.6485649,0.7261176,0.5665607,0.3851043,0.8782539,1.493685,0.84804,0.9215108,0.7290431,0.6411228,False,3,1,0
6/24/2025 11:22:27 AM,1750756947484,Right,0.9301717,0.7878303,0.6077585,0.8702928,0.8004095,1.321564,0.9375915,0.7893737,0.6386747,0.7261176,0.5665607,0.3851043,0.8977923,1.484918,0.8325667,0.9287077,0.7159631,0.633684,False,3,1,0
6/24/2025 11:22:27 AM,1750756947497,Right,0.9334735,0.7807208,0.6032774,0.8767783,0.7982823,1.317643,0.9415582,0.7827423,0.6339112,0.7261176,0.5665607,0.3851043,0.907554,1.480217,0.824895,0.9326693,0.7092605,0.6301224,False,3,1,0
6/24/2025 11:22:27 AM,1750756947511,Right,0.9365938,0.7733162,0.5986346,0.8834984,0.796342,1.313885,0.9453393,0.7759519,0.6289513,0.7261176,0.5665607,0.3851043,0.9175408,1.475869,0.8172035,0.9362203,0.7024493,0.6262763,False,3,1,0
6/24/2025 11:22:27 AM,1750756947539,Right,0.9417878,0.7576184,0.5889479,0.8976291,0.793399,1.306955,0.9522187,0.7616543,0.6185229,0.7261176,0.5665607,0.3851043,0.9379235,1.46698,0.8001764,0.9413918,0.6883454,0.6172848,False,3,1,0
6/24/2025 11:22:27 AM,1750756947554,Right,0.94348,0.7505586,0.5837839,0.9046155,0.7925058,1.303554,0.9545731,0.7550625,0.6130731,0.7261176,0.5665607,0.3851043,0.9484192,1.462428,0.7917573,0.9432489,0.6818214,0.6124117,False,3,1,0
6/24/2025 11:22:27 AM,1750756947581,Right,0.9453942,0.7371231,0.5729252,0.9181722,0.7925575,1.297136,0.9585851,0.7423074,0.6030214,0.7261176,0.5665607,0.3851043,0.9687749,1.452638,0.7754234,0.9467317,0.6691663,0.6046967,False,3,1,0
6/24/2025 11:22:27 AM,1750756947595,Right,0.9455851,0.7309803,0.5658575,0.9248688,0.7930729,1.293943,0.9609235,0.7365049,0.5987632,0.7261176,0.5665607,0.3851043,0.9779356,1.44738,0.7680556,0.9493953,0.6633667,0.6020575,False,3,1,0
6/24/2025 11:22:27 AM,1750756947622,Right,0.9454861,0.7185248,0.5516303,0.9390563,0.7932716,1.287375,0.965532,0.724934,0.5878686,0.7261176,0.5665607,0.3851043,0.9956238,1.436784,0.753718,0.9550725,0.6518906,0.5948113,False,3,1,0
6/24/2025 11:22:27 AM,1750756947637,Right,0.9452158,0.7117224,0.5451921,0.9471554,0.7925466,1.283624,0.9673675,0.7186878,0.5820298,0.7261176,0.5665607,0.3851043,1.004508,1.431226,0.7466155,0.9575569,0.645749,0.5907828,False,3,1,0
6/24/2025 11:22:27 AM,1750756947651,Right,0.9454045,0.7047591,0.5392057,0.9554049,0.7917386,1.279743,0.9693905,0.7121831,0.5757781,0.7261176,0.5665607,0.3851043,1.013136,1.425377,0.7388636,0.960342,0.6393803,0.5863051,False,3,1,0
6/24/2025 11:22:27 AM,1750756947679,Right,0.9459625,0.6908491,0.5283583,0.9730397,0.7899591,1.271686,0.9739695,0.69889,0.5638185,0.7261176,0.5665607,0.3851043,1.0295,1.41304,0.7223092,0.9666921,0.6263385,0.5770951,False,3,1,0
6/24/2025 11:22:27 AM,1750756947692,Right,0.9458916,0.6834259,0.5244459,0.982181,0.7890599,1.267647,0.9759358,0.6922377,0.5589848,0.7261176,0.5665607,0.3851043,1.036786,1.407336,0.7150341,0.9696848,0.6198292,0.5735059,False,3,1,0
6/24/2025 11:22:27 AM,1750756947721,Right,0.9456421,0.6689927,0.5170817,0.9991529,0.7887949,1.259324,0.978513,0.6789391,0.5505546,0.7261176,0.5665607,0.3851043,1.049418,1.396528,0.6997111,0.9746867,0.6069166,0.567615,False,3,1,0
6/24/2025 11:22:27 AM,1750756947734,Right,0.9448086,0.6632715,0.5137655,1.007147,0.7895372,1.254965,0.9782934,0.6729611,0.5453827,0.7261176,0.5665607,0.3851043,1.055472,1.390976,0.691723,0.9757593,0.6011409,0.563504,False,3,1,0
6/24/2025 11:22:27 AM,1750756947762,Right,0.9433983,0.6529033,0.5089741,1.023328,0.7918833,1.246231,0.9778106,0.6620996,0.5372658,0.7261176,0.5665607,0.3851043,1.067665,1.378401,0.6756845,0.9783028,0.5907076,0.5571626,False,3,1,0
6/24/2025 11:22:27 AM,1750756947776,Right,0.9433622,0.6468835,0.5079292,1.032082,0.7931865,1.241812,0.9785256,0.6560815,0.5344321,0.7261176,0.5665607,0.3851043,1.073257,1.371857,0.6674726,0.9806834,0.5849289,0.5550621,False,3,1,0
6/24/2025 11:22:27 AM,1750756947804,Right,0.9444717,0.6337865,0.5074021,1.050494,0.7944645,1.232847,0.9797156,0.6434787,0.5309968,0.7261176,0.5665607,0.3851043,1.082575,1.361026,0.6534694,0.9857972,0.5729229,0.5528562,False,3,1,0
6/24/2025 11:22:27 AM,1750756947818,Right,0.9449171,0.6272835,0.5073719,1.059676,0.7951633,1.228183,0.9789397,0.6368161,0.5297455,0.7261176,0.5665607,0.3851043,1.086729,1.355173,0.6464167,0.9871499,0.5666171,0.552053,False,3,1,0
6/24/2025 11:22:27 AM,1750756947831,Right,0.9448688,0.6209513,0.5072862,1.068709,0.7958685,1.22363,0.9769336,0.6299908,0.528572,0.7261176,0.5665607,0.3851043,1.090327,1.349173,0.6386182,0.9871625,0.5601221,0.5510814,False,3,1,0
6/24/2025 11:22:27 AM,1750756947860,Right,0.9443607,0.608238,0.5064341,1.087298,0.7971054,1.214749,0.9745632,0.6167382,0.5256031,0.7261176,0.5665607,0.3851043,1.098505,1.336387,0.6213508,0.98883,0.5475233,0.5479345,False,3,1,0
6/24/2025 11:22:27 AM,1750756947873,Right,0.9437843,0.6012371,0.5060618,1.097234,0.797412,1.210106,0.9733633,0.6095116,0.5243125,0.7261176,0.5665607,0.3851043,1.10268,1.328702,0.6126333,0.9895972,0.5406065,0.5462554,False,3,1,0
6/24/2025 11:22:27 AM,1750756947901,Right,0.9422374,0.5877223,0.5048534,1.118613,0.7973672,1.199082,0.9695811,0.5951608,0.5225594,0.7261176,0.5665607,0.3851043,1.109082,1.314427,0.5987604,0.9896281,0.5265182,0.5420339,False,3,1,0
6/24/2025 11:22:27 AM,1750756947915,Right,0.9421579,0.5807869,0.5048479,1.13051,0.7975062,1.192343,0.9697198,0.5882624,0.5219195,0.7261176,0.5665607,0.3851043,1.111577,1.307263,0.5925837,0.9898739,0.5195721,0.5411133,False,3,1,0
6/24/2025 11:22:27 AM,1750756947943,Right,0.9420272,0.5667037,0.504985,1.154815,0.7972417,1.178503,0.9698321,0.5738534,0.520825,0.7261176,0.5665607,0.3851043,1.116383,1.292284,0.5796727,0.98895,0.5050151,0.5405412,False,3,1,0
6/24/2025 11:22:27 AM,1750756947957,Right,0.9414341,0.5602009,0.5047152,1.165876,0.796155,1.172505,0.969907,0.5671854,0.5199335,0.7261176,0.5665607,0.3851043,1.118899,1.284436,0.5728451,0.9883808,0.4981075,0.5394244,False,3,1,0
6/24/2025 11:22:27 AM,1750756947970,Right,0.9415565,0.5535624,0.5043309,1.17668,0.7942187,1.167308,0.9701122,0.56025,0.5189636,0.7261176,0.5665607,0.3851043,1.12138,1.276038,0.5663394,0.9881633,0.4910366,0.53837,False,3,1,0
6/24/2025 11:22:27 AM,1750756947998,Right,0.9435593,0.5395957,0.503283,1.198902,0.7882419,1.158401,0.9725723,0.5457513,0.5168762,0.7261176,0.5665607,0.3851043,1.127143,1.259567,0.5537993,0.9890035,0.4762053,0.5365307,False,3,1,0
6/24/2025 11:22:28 AM,1750756948012,Right,0.9446411,0.5331483,0.502833,1.210526,0.7842861,1.154251,0.97384,0.5390715,0.5158574,0.7261176,0.5665607,0.3851043,1.129894,1.252002,0.5478983,0.9894676,0.4693231,0.5354501,False,3,1,0
6/24/2025 11:22:28 AM,1750756948040,Right,0.9462538,0.5207145,0.5015619,1.233356,0.7770807,1.144968,0.9761034,0.5258735,0.5131553,0.7261176,0.5665607,0.3851043,1.135113,1.235786,0.5349222,0.9909505,0.4559149,0.5326055,False,3,1,0
6/24/2025 11:22:28 AM,1750756948053,Right,0.9469987,0.5140544,0.5004756,1.244517,0.7733582,1.139676,0.9772707,0.5188999,0.5114065,0.7261176,0.5665607,0.3851043,1.137488,1.227293,0.5278195,0.9921368,0.4489148,0.5307464,False,3,1,0
6/24/2025 11:22:28 AM,1750756948082,Right,0.9477716,0.5003814,0.4977109,1.265754,0.7658885,1.129283,0.9780271,0.5041519,0.5069448,0.7261176,0.5665607,0.3851043,1.142622,1.20911,0.5134978,0.9929166,0.4340491,0.5258349,False,3,1,0
6/24/2025 11:22:28 AM,1750756948095,Right,0.9482259,0.4926155,0.4961756,1.275842,0.7617534,1.124109,0.9781766,0.4959911,0.5048745,0.7261176,0.5665607,0.3851043,1.145012,1.199343,0.5063951,0.9929016,0.4257756,0.5234725,False,3,1,0
6/24/2025 11:22:28 AM,1750756948123,Right,0.950737,0.4745749,0.4932587,1.295818,0.7535268,1.112631,0.9810447,0.4776004,0.5015307,0.7261176,0.5665607,0.3851043,1.14876,1.179439,0.4935343,0.9950176,0.4071059,0.5196476,False,3,1,0
6/24/2025 11:22:28 AM,1750756948137,Right,0.9519391,0.4647296,0.4920297,1.305947,0.7500208,1.106071,0.9827229,0.4677756,0.4999391,0.7261176,0.5665607,0.3851043,1.14997,1.16914,0.4880465,0.996745,0.3972566,0.5179225,False,3,1,0
6/24/2025 11:22:28 AM,1750756948151,Right,0.953203,0.4552447,0.4909407,1.316353,0.7469961,1.099563,0.9835196,0.4581481,0.4984879,0.7261176,0.5665607,0.3851043,1.151342,1.158611,0.4823418,0.9980747,0.3877459,0.5165052,False,3,1,0
6/24/2025 11:22:28 AM,1750756948179,Right,0.9565037,0.4369182,0.4881849,1.336915,0.7415113,1.085748,0.9866951,0.4390357,0.4951643,0.7261176,0.5665607,0.3851043,1.153865,1.136818,0.4718612,1.000711,0.3685685,0.5133537,False,3,1,0
6/24/2025 11:22:28 AM,1750756948192,Right,0.9576924,0.4286952,0.4862649,1.346767,0.7390176,1.078445,0.9877996,0.4301463,0.4927777,0.7261176,0.5665607,0.3851043,1.155291,1.12608,0.4670254,1.00132,0.359588,0.5109898,False,3,1,0
6/24/2025 11:22:28 AM,1750756948220,Right,0.9601743,0.41309,0.483103,1.365415,0.7345676,1.063529,0.990765,0.4136146,0.4880667,0.7261176,0.5665607,0.3851043,1.157357,1.105972,0.4569362,1.00373,0.342864,0.5059329,False,3,1,0
6/24/2025 11:22:28 AM,1750756948234,Right,0.9622414,0.4045376,0.4816774,1.374565,0.732349,1.056309,0.9927529,0.4048853,0.4865674,0.7261176,0.5665607,0.3851043,1.158524,1.096236,0.4523005,1.005861,0.3340738,0.5040845,False,3,1,0
6/24/2025 11:22:28 AM,1750756948262,Right,0.9666369,0.3870862,0.4788067,1.391547,0.7285431,1.041806,0.9965606,0.3871972,0.4837297,0.7261176,0.5665607,0.3851043,1.160546,1.077113,0.4438018,1.009637,0.3163561,0.5011503,False,3,1,0
6/24/2025 11:22:28 AM,1750756948276,Right,0.9683722,0.3786635,0.4772178,1.398869,0.7269084,1.035099,0.998037,0.3786214,0.4819229,0.7261176,0.5665607,0.3851043,1.160826,1.068035,0.4401114,1.010961,0.3077458,0.4993168,False,3,1,0
6/24/2025 11:22:28 AM,1750756948303,Right,0.9705789,0.3619291,0.4751356,1.41259,0.7232389,1.022961,0.9998708,0.361791,0.4798347,0.7261176,0.5665607,0.3851043,1.161745,1.050706,0.4336454,1.012274,0.2908565,0.4973673,False,3,1,0
6/24/2025 11:22:28 AM,1750756948318,Right,0.9705321,0.3543974,0.4742799,1.418574,0.7212812,1.017284,0.9992815,0.3541406,0.478819,0.7261176,0.5665607,0.3851043,1.162198,1.042729,0.4302939,1.011231,0.2832027,0.4966507,False,3,1,0
6/24/2025 11:22:28 AM,1750756948332,Right,0.9698894,0.3476162,0.4733344,1.424575,0.7194155,1.011805,0.9990667,0.3467401,0.4770882,0.7261176,0.5665607,0.3851043,1.162483,1.034824,0.4267253,1.010388,0.2757959,0.4953005,False,3,1,0
6/24/2025 11:22:28 AM,1750756948359,Right,0.9697131,0.3335716,0.4726707,1.435631,0.7154725,1.001526,0.9997124,0.3328974,0.4756728,0.7261176,0.5665607,0.3851043,1.161669,1.019471,0.4186753,1.010569,0.2618425,0.4937357,False,3,1,0
6/24/2025 11:22:28 AM,1750756948373,Right,0.969722,0.3266267,0.4732075,1.440659,0.7133943,0.9964244,0.99963,0.325825,0.4757248,0.7261176,0.5665607,0.3851043,1.16101,1.012268,0.4150664,1.010769,0.2548292,0.4938479,False,3,1,0
6/24/2025 11:22:28 AM,1750756948401,Right,0.9706912,0.312196,0.4741061,1.449977,0.7081452,0.9872595,1.0003,0.3115579,0.4759692,0.7261176,0.5665607,0.3851043,1.160415,0.9983968,0.4086616,1.011601,0.2408329,0.4950271,False,3,1,0
6/24/2025 11:22:28 AM,1750756948415,Right,0.9714394,0.3046798,0.4743407,1.454733,0.7053182,0.9829746,1.000922,0.3041887,0.4758286,0.7261176,0.5665607,0.3851043,1.159555,0.991592,0.4051691,1.012371,0.2336276,0.4953989,False,4,1,0
6/24/2025 11:22:28 AM,1750756948443,Right,0.971769,0.2909289,0.4749078,1.463625,0.6984682,0.9762468,1.00106,0.2905852,0.4756518,0.7261176,0.5665607,0.3851043,1.156874,0.9784392,0.3979456,1.012482,0.220151,0.495689,False,4,1,0
6/24/2025 11:22:28 AM,1750756948456,Right,0.9713019,0.2846453,0.4748006,1.468174,0.6949964,0.9727497,1.000323,0.2842257,0.4752457,0.7261176,0.5665607,0.3851043,1.155889,0.9720211,0.3950149,1.011791,0.2137978,0.495279,False,4,1,0
6/24/2025 11:22:28 AM,1750756948471,Right,0.9709502,0.2781616,0.4745765,1.472355,0.6915666,0.9692353,0.999401,0.2777504,0.4749359,0.7261176,0.5665607,0.3851043,1.154608,0.9656873,0.3924131,1.010774,0.207387,0.4952482,False,4,1,0
6/24/2025 11:22:28 AM,1750756948498,Right,0.970047,0.2661492,0.4740304,1.479195,0.6851373,0.9624611,0.9983267,0.2656798,0.474,0.7261176,0.5665607,0.3851043,1.151848,0.9532975,0.387902,1.008327,0.1953372,0.4950915,False,4,1,0
6/24/2025 11:22:28 AM,1750756948512,Right,0.9696627,0.2601934,0.4741383,1.482158,0.6819524,0.9590273,0.9983752,0.2597135,0.4736996,0.7261176,0.5665607,0.3851043,1.15091,0.9472103,0.3856245,1.00853,0.1894167,0.4948697,False,4,1,0
6/24/2025 11:22:28 AM,1750756948539,Right,0.9690509,0.2492302,0.474671,1.486357,0.6755384,0.9525907,0.997691,0.2483272,0.4736845,0.7261176,0.5665607,0.3851043,1.148433,0.9348481,0.3806915,1.007264,0.178252,0.4958378,False,4,1,0
6/24/2025 11:22:28 AM,1750756948554,Right,0.9686852,0.244733,0.4746901,1.488075,0.6724806,0.9497414,0.9971543,0.2435725,0.4735275,0.7261176,0.5665607,0.3851043,1.147032,0.9290888,0.3786389,1.005851,0.1734831,0.4959952,False,4,1,0
6/24/2025 11:22:28 AM,1750756948582,Right,0.9683024,0.2350046,0.473877,1.491038,0.6663572,0.9444923,0.9968065,0.2336846,0.472194,0.7261176,0.5665607,0.3851043,1.144634,0.9180045,0.3752543,1.005636,0.163608,0.4946496,False,4,1,0
6/24/2025 11:22:28 AM,1750756948595,Right,0.9683958,0.2300499,0.4734881,1.491821,0.6632687,0.9421326,0.9976206,0.2287438,0.4715698,0.7261176,0.5665607,0.3851043,1.143376,0.9128391,0.3742596,1.006785,0.158679,0.4939282,False,4,1,0
6/24/2025 11:22:28 AM,1750756948623,Right,0.9682009,0.2215047,0.472994,1.493419,0.6576299,0.9374663,0.9968567,0.2199527,0.4711849,0.7261176,0.5665607,0.3851043,1.140855,0.9036039,0.3725431,1.007367,0.1499664,0.4931937,False,4,1,0
6/24/2025 11:22:28 AM,1750756948637,Right,0.9679686,0.2182091,0.4726429,1.494129,0.6552823,0.9351174,0.9959761,0.2164828,0.471116,0.7261176,0.5665607,0.3851043,1.139833,0.8995263,0.3716559,1.006487,0.1464965,0.4931248,False,4,1,0
6/24/2025 11:22:28 AM,1750756948651,Right,0.9676781,0.2153757,0.4723674,1.494963,0.6530837,0.9326241,0.9951839,0.2134067,0.470839,0.7261176,0.5665607,0.3851043,1.138738,0.8957138,0.3709443,1.00565,0.1434364,0.4929196,False,4,1,0
6/24/2025 11:22:28 AM,1750756948679,Right,0.9674556,0.2108035,0.4720459,1.496587,0.6496374,0.9271681,0.9949885,0.2084099,0.4702241,0.7261176,0.5665607,0.3851043,1.136824,0.8893598,0.3698074,1.005247,0.1383663,0.4921695,False,4,1,0
6/24/2025 11:22:28 AM,1750756948693,Right,0.9677339,0.2091663,0.4718308,1.497266,0.6483133,0.9242588,0.9952293,0.2068146,0.4698144,0.7261176,0.5665607,0.3851043,1.135878,0.8870611,0.3694942,1.005488,0.136771,0.4917599,False,4,1,0
6/24/2025 11:22:28 AM,1750756948721,Right,0.9687924,0.2063413,0.4719393,1.497156,0.6469802,0.91816,0.9964759,0.2040601,0.4699799,0.7261176,0.5665607,0.3851043,1.134011,0.8841448,0.3688799,1.007083,0.1339612,0.4915803,False,4,1,0
6/24/2025 11:22:28 AM,1750756948735,Right,0.9693959,0.2057405,0.4724183,1.496489,0.6468226,0.9151957,0.9967996,0.2034529,0.4704081,0.7261176,0.5665607,0.3851043,1.133003,0.8834201,0.3685998,1.007958,0.1334249,0.4919606,False,4,1,0
6/24/2025 11:22:28 AM,1750756948762,Right,0.9693453,0.2083725,0.4732895,1.494747,0.6474501,0.9095358,0.996077,0.2055038,0.4711852,0.7261176,0.5665607,0.3851043,1.130904,0.884077,0.3678974,1.007585,0.1355231,0.4927074,False,4,1,0
6/24/2025 11:22:28 AM,1750756948776,Right,0.9692942,0.2096085,0.4737182,1.493978,0.6477778,0.9067179,0.9959744,0.2068453,0.4714684,0.7261176,0.5665607,0.3851043,1.12991,0.8853332,0.3671693,1.007534,0.1368712,0.4929842,False,4,1,0
6/24/2025 11:22:28 AM,1750756948804,Right,0.9687085,0.2148297,0.4754325,1.491903,0.6492267,0.9009149,0.9963779,0.2119029,0.4720579,0.7261176,0.5665607,0.3851043,1.1271,0.8898414,0.365793,1.008527,0.141935,0.4932674,False,4,1,0
6/24/2025 11:22:28 AM,1750756948818,Right,0.9678873,0.2188658,0.4758284,1.491053,0.6499448,0.89807,0.9957459,0.2157624,0.4719709,0.7261176,0.5665607,0.3851043,1.125298,0.8930521,0.3650206,1.008373,0.1457886,0.4928797,False,4,1,0
6/24/2025 11:22:28 AM,1750756948832,Right,0.9669638,0.2235474,0.4761254,1.490172,0.6508576,0.8953806,0.9948591,0.220374,0.4721276,0.7261176,0.5665607,0.3851043,1.123716,0.8972815,0.3646071,1.008069,0.1504025,0.4926807,False,4,1,0
6/24/2025 11:22:28 AM,1750756948859,Right,0.9645075,0.2350516,0.4765456,1.488235,0.6528445,0.8903986,0.9923949,0.231513,0.4721452,0.7261176,0.5665607,0.3851043,1.120812,0.9074548,0.3635672,1.007002,0.1615296,0.491687,False,4,1,0
6/24/2025 11:22:28 AM,1750756948874,Right,0.9631977,0.242317,0.4763843,1.487232,0.6539481,0.8882625,0.9908613,0.2382177,0.4719665,0.7261176,0.5665607,0.3851043,1.11925,0.9137663,0.3626631,1.006147,0.1681894,0.490817,False,4,1,0
6/24/2025 11:22:28 AM,1750756948902,Right,0.9606931,0.2599241,0.4747257,1.485563,0.6564043,0.8843414,0.9880655,0.255228,0.4703038,0.7261176,0.5665607,0.3851043,1.115582,0.9282398,0.3601298,1.004933,0.1850013,0.4869359,False,4,1,0
6/24/2025 11:22:28 AM,1750756948915,Right,0.9592636,0.2696276,0.4737799,1.48456,0.6579558,0.8820637,0.9866109,0.2647806,0.4694706,0.7261176,0.5665607,0.3851043,1.113674,0.9366441,0.3589022,1.004534,0.1944724,0.4845859,False,4,1,0
6/24/2025 11:22:28 AM,1750756948943,Right,0.956274,0.2911948,0.4717475,1.48229,0.661822,0.8769244,0.9823914,0.2857217,0.4687564,0.7261176,0.5665607,0.3851043,1.110155,0.9550705,0.3572587,1.002752,0.2153962,0.4802761,False,4,1,0
6/24/2025 11:22:28 AM,1750756948957,Right,0.9547292,0.3029045,0.4707677,1.481145,0.6641201,0.8742502,0.9808408,0.2967601,0.4677931,0.7261176,0.5665607,0.3851043,1.107979,0.9652604,0.3563644,1.001325,0.2263386,0.4784771,False,4,1,0
6/24/2025 11:22:28 AM,1750756948971,Right,0.9529506,0.3146696,0.4699701,1.479962,0.6666226,0.8712877,0.9789131,0.309005,0.4669107,0.7261176,0.5665607,0.3851043,1.105942,0.9757348,0.3554497,0.9993204,0.2384567,0.4768812,False,4,1,0
6/24/2025 11:22:28 AM,1750756948998,Right,0.9478334,0.3398708,0.4695619,1.477297,0.6719589,0.8643662,0.9742394,0.3319206,0.4664236,0.7261176,0.5665607,0.3851043,1.10182,0.9978518,0.3541207,0.994519,0.2611784,0.4752108,False,4,1,0
6/24/2025 11:22:29 AM,1750756949012,Right,0.9445813,0.3531121,0.4697858,1.476081,0.6747199,0.8606801,0.9712132,0.3452241,0.4665246,0.7261176,0.5665607,0.3851043,1.099992,1.009594,0.3538784,0.9912403,0.2743414,0.4747396,False,4,1,0
6/24/2025 11:22:29 AM,1750756949040,Right,0.9371667,0.3808419,0.4711394,1.473923,0.6809112,0.8524079,0.964111,0.3731651,0.4675236,0.7261176,0.5665607,0.3851043,1.096222,1.034122,0.354349,0.9839782,0.3021162,0.4746146,False,4,1,0
6/24/2025 11:22:29 AM,1750756949054,Right,0.9330419,0.3948854,0.4723952,1.472813,0.6841433,0.8477746,0.9601474,0.3870334,0.4687134,0.7261176,0.5665607,0.3851043,1.09403,1.046854,0.3547407,0.9801105,0.3159468,0.4751247,False,4,1,0
6/24/2025 11:22:29 AM,1750756949082,Right,0.9240516,0.4233224,0.4749528,1.470881,0.690445,0.8383586,0.9512302,0.4153444,0.4715284,0.7261176,0.5665607,0.3851043,1.089123,1.0728,0.3566713,0.9715195,0.3442588,0.4768324,False,4,1,0
6/24/2025 11:22:29 AM,1750756949095,Right,0.9190976,0.4382713,0.4760585,1.470091,0.6935199,0.8334249,0.9466918,0.4297594,0.4726437,0.7261176,0.5665607,0.3851043,1.086806,1.085908,0.3583992,0.9669113,0.3586122,0.4773528,False,4,1,0
6/24/2025 11:22:29 AM,1750756949123,Right,0.9090772,0.4689904,0.477965,1.468608,0.6994987,0.8233181,0.9369822,0.4598517,0.4746138,0.7261176,0.5665607,0.3851043,1.08228,1.112838,0.3619822,0.9562936,0.3883826,0.4781041,False,4,1,0
6/24/2025 11:22:29 AM,1750756949137,Right,0.9039546,0.484638,0.4787532,1.467971,0.7025036,0.8178844,0.9321763,0.4751475,0.4755323,0.7261176,0.5665607,0.3851043,1.079954,1.126666,0.3639591,0.9509891,0.4035116,0.4782373,False,4,1,0
6/24/2025 11:22:29 AM,1750756949151,Right,0.8985713,0.5004831,0.4794098,1.467437,0.7054334,0.8123069,0.9271007,0.4906373,0.4763743,0.7261176,0.5665607,0.3851043,1.077522,1.140682,0.366003,0.9455526,0.4188793,0.4781781,False,4,1,0
6/24/2025 11:22:29 AM,1750756949179,Right,0.8874264,0.5322812,0.4808944,1.466719,0.7111498,0.8005873,0.9165176,0.521631,0.4785276,0.7261176,0.5665607,0.3851043,1.071627,1.168398,0.3731833,0.9336997,0.4495369,0.4789363,False,4,1,0
6/24/2025 11:22:29 AM,1750756949192,Right,0.8817717,0.5482204,0.4820451,1.466438,0.7140174,0.794325,0.9112828,0.537033,0.4798295,0.7261176,0.5665607,0.3851043,1.06851,1.182542,0.3773527,0.9277524,0.4647719,0.4796758,False,4,1,0
6/24/2025 11:22:29 AM,1750756949221,Right,0.8693194,0.5807751,0.4849657,1.466012,0.7193865,0.7822726,0.8992973,0.568826,0.4832307,0.7261176,0.5665607,0.3851043,1.06253,1.211059,0.3849463,0.9147401,0.4963602,0.4814515,False,4,1,0
6/24/2025 11:22:29 AM,1750756949235,Right,0.862819,0.5973144,0.4864539,1.465819,0.7218269,0.7764468,0.8932267,0.5849627,0.4848791,0.7261176,0.5665607,0.3851043,1.059287,1.225357,0.3889511,0.9085128,0.5124984,0.4820154,False,4,1,0
6/24/2025 11:22:29 AM,1750756949262,Right,0.8499725,0.6312359,0.4898962,1.465284,0.7267783,0.764255,0.8809165,0.6177603,0.4890442,0.7261176,0.5665607,0.3851043,1.052003,1.253637,0.3997542,0.8964618,0.5455022,0.4835626,False,4,1,0
6/24/2025 11:22:29 AM,1750756949277,Right,0.8437094,0.6482728,0.4917639,1.4648,0.7291529,0.7583604,0.8748122,0.6343658,0.4915342,0.7261176,0.5665607,0.3851043,1.048026,1.268106,0.4054215,0.8899639,0.5621204,0.4849038,False,4,1,0
6/24/2025 11:22:29 AM,1750756949290,Right,0.8375649,0.6655132,0.4937495,1.464027,0.7313681,0.7528263,0.868871,0.6511413,0.493842,0.7261176,0.5665607,0.3851043,1.043914,1.283022,0.4106308,0.8835059,0.5788825,0.4862638,False,4,1,0
6/24/2025 11:22:29 AM,1750756949318,Right,0.8257619,0.7000685,0.498125,1.462148,0.7357605,0.7420719,0.8574458,0.6847551,0.4986105,0.7261176,0.5665607,0.3851043,1.03581,1.312723,0.4209645,0.8716498,0.6126731,0.4888445,False,4,1,0
6/24/2025 11:22:29 AM,1750756949332,Right,0.8197523,0.7174218,0.5009134,1.460975,0.7377691,0.7367836,0.8517745,0.7016846,0.5011774,0.7261176,0.5665607,0.3851043,1.031529,1.327323,0.427072,0.8663331,0.6298629,0.4901036,False,4,1,0
6/24/2025 11:22:29 AM,1750756949359,Right,0.8086017,0.7516204,0.5075742,1.459251,0.7408942,0.7275667,0.8406904,0.7352718,0.508206,0.7261176,0.5665607,0.3851043,1.02182,1.358128,0.4396832,0.8557441,0.664103,0.4940166,False,4,1,0
6/24/2025 11:22:29 AM,1750756949373,Right,0.8037912,0.7677546,0.5116732,1.458697,0.7416509,0.7243994,0.8356946,0.7511878,0.5133103,0.7261176,0.5665607,0.3851043,1.016334,1.374035,0.4463081,0.8506467,0.6803874,0.4972893,False,4,1,0
6/24/2025 11:22:29 AM,1750756949401,Right,0.7944928,0.7988954,0.5209219,1.457586,0.7432571,0.7176584,0.8262051,0.7823947,0.5229186,0.7261176,0.5665607,0.3851043,1.007307,1.404247,0.4605292,0.8409674,0.7121809,0.5043436,False,4,1,0
6/24/2025 11:22:29 AM,1750756949415,Right,0.7903464,0.8135696,0.5257487,1.456568,0.7440901,0.7143643,0.8221732,0.7969121,0.5282651,0.7261176,0.5665607,0.3851043,1.003802,1.418661,0.4682696,0.837004,0.7269749,0.5087259,False,4,1,0
6/24/2025 11:22:29 AM,1750756949443,Right,0.7830788,0.8414907,0.5362831,1.453986,0.7464924,0.7064644,0.8149096,0.8247429,0.5393328,0.7261176,0.5665607,0.3851043,0.9960771,1.446008,0.4850606,0.829918,0.7553633,0.5180215,False,4,1,0
6/24/2025 11:22:29 AM,1750756949457,Right,0.7794442,0.8551532,0.5420597,1.452474,0.7478627,0.7019644,0.8112918,0.8382958,0.5451795,0.7261176,0.5665607,0.3851043,0.9925073,1.458859,0.4933598,0.8262216,0.7692248,0.522836,False,4,1,0
6/24/2025 11:22:29 AM,1750756949471,Right,0.7759557,0.8682454,0.5480255,1.450513,0.7493613,0.6970735,0.8078333,0.851211,0.5514632,0.7261176,0.5665607,0.3851043,0.9893401,1.470843,0.5016317,0.8225407,0.7824928,0.5279168,False,4,1,0
6/24/2025 11:22:29 AM,1750756949499,Right,0.7693256,0.8921324,0.5598699,1.445872,0.7523262,0.6873394,0.8013158,0.8749439,0.5640708,0.7261176,0.5665607,0.3851043,0.9835675,1.494127,0.5186378,0.8160648,0.8070754,0.5382002,False,4,1,0
6/24/2025 11:22:29 AM,1750756949513,Right,0.7663603,0.9033396,0.56572,1.442971,0.7538636,0.6822942,0.7983867,0.8860555,0.5702307,0.7261176,0.5665607,0.3851043,0.9808449,1.505218,0.5271811,0.8132796,0.8185833,0.5434232,False,4,1,0
6/24/2025 11:22:29 AM,1750756949541,Right,0.761039,0.9240706,0.577214,1.436034,0.7573575,0.6718378,0.7932987,0.9064426,0.5822594,0.7261176,0.5665607,0.3851043,0.97612,1.52501,0.5445228,0.8090411,0.8399558,0.5535433,False,4,1,0
6/24/2025 11:22:29 AM,1750756949554,Right,0.7584971,0.9341658,0.5829127,1.432153,0.7592891,0.6664208,0.7906859,0.9164602,0.5882193,0.7261176,0.5665607,0.3851043,0.9738218,1.533806,0.5529643,0.8068197,0.8506209,0.5582554,False,4,1,0
6/24/2025 11:22:29 AM,1750756949582,Right,0.7528717,0.9547955,0.5946769,1.423919,0.7635425,0.6549703,0.7852647,0.9362624,0.6001165,0.7261176,0.5665607,0.3851043,0.970093,1.550371,0.5694128,0.8012118,0.871794,0.5672159,False,4,1,0
6/24/2025 11:22:29 AM,1750756949596,Right,0.7500737,0.9647309,0.6003786,1.419351,0.765788,0.6489409,0.7826684,0.9459739,0.6057518,0.7261176,0.5665607,0.3851043,0.9684694,1.558159,0.5775164,0.7988599,0.8823901,0.5712862,False,4,1,0
6/24/2025 11:22:29 AM,1750756949610,Right,0.7476715,0.973674,0.6058141,1.414412,0.7682393,0.6427363,0.7802963,0.9543564,0.6118183,0.7261176,0.5665607,0.3851043,0.9668027,1.565393,0.5852712,0.7967624,0.8918248,0.5756022,False,4,1,0
6/24/2025 11:22:29 AM,1750756949638,Right,0.742928,0.9906305,0.6165274,1.404091,0.7733986,0.6306633,0.7756204,0.9704911,0.6234061,0.7261176,0.5665607,0.3851043,0.9631401,1.579301,0.6012726,0.7916846,0.909112,0.5850982,False,4,1,0
6/24/2025 11:22:29 AM,1750756949652,Right,0.7403287,0.9992139,0.6219454,1.398451,0.7760934,0.6246995,0.7730618,0.9786743,0.6290138,0.7261176,0.5665607,0.3851043,0.9612129,1.585522,0.6095728,0.7888498,0.9178771,0.5896771,False,4,1,0
6/24/2025 11:22:29 AM,1750756949679,Right,0.7337743,1.015903,0.6336727,1.386153,0.7817852,0.6130267,0.7669408,0.9956599,0.6394984,0.7261176,0.5665607,0.3851043,0.9576257,1.597546,0.6254203,0.7828864,0.9364341,0.5978932,False,4,1,0
6/24/2025 11:22:29 AM,1750756949694,Right,0.7303389,1.02409,0.6395016,1.37964,0.7846172,0.6073896,0.763642,1.003838,0.64503,0.7261176,0.5665607,0.3851043,0.9556117,1.603485,0.6330839,0.7796688,0.9455264,0.6021832,False,4,1,0
6/24/2025 11:22:29 AM,1750756949720,Right,0.7229505,1.0406,0.6508824,1.36579,0.7901747,0.5966973,0.7563456,1.019825,0.6562563,0.7261176,0.5665607,0.3851043,0.9510772,1.613774,0.6487197,0.7722677,0.963768,0.6104633,False,4,1,0
6/24/2025 11:22:29 AM,1750756949735,Right,0.718981,1.048514,0.6561658,1.358875,0.7928348,0.5916015,0.7523111,1.026896,0.6621465,0.7261176,0.5665607,0.3851043,0.9487092,1.618905,0.6569631,0.768056,0.9721203,0.6147681,False,4,1,0
6/24/2025 11:22:29 AM,1750756949763,Right,0.709832,1.063571,0.6668313,1.344716,0.798018,0.5817941,0.7436345,1.040345,0.6741379,0.7261176,0.5665607,0.3851043,0.9431261,1.628125,0.6734869,0.7589722,0.9886738,0.6232679,False,4,1,0
6/24/2025 11:22:29 AM,1750756949776,Right,0.7043965,1.071375,0.6726646,1.337878,0.8005521,0.5769032,0.7384521,1.04735,0.6801761,0.7261176,0.5665607,0.3851043,0.9406619,1.631388,0.6813724,0.753649,0.9973506,0.6276208,False,4,1,0
6/24/2025 11:22:29 AM,1750756949791,Right,0.6989549,1.079902,0.6786026,1.331217,0.8030084,0.5720284,0.7333385,1.054567,0.6863887,0.7261176,0.5665607,0.3851043,0.9388046,1.634121,0.6890839,0.748152,1.006376,0.6320644,False,4,1,0
6/24/2025 11:22:29 AM,1750756949818,Right,0.6879535,1.098039,0.6889325,1.318325,0.8070581,0.5631995,0.7230863,1.068803,0.6984428,0.7261176,0.5665607,0.3851043,0.9339801,1.638513,0.7043582,0.7365043,1.024956,0.6402159,False,4,1,0
6/24/2025 11:22:29 AM,1750756949832,Right,0.682139,1.107322,0.693312,1.311998,0.8086383,0.5590571,0.7177823,1.076028,0.7035342,0.7261176,0.5665607,0.3851043,0.9318156,1.640211,0.7114393,0.7307187,1.034099,0.6438055,False,4,1,0
6/24/2025 11:22:29 AM,1750756949860,Right,0.6705007,1.127505,0.7014924,1.298828,0.8111619,0.5515409,0.7068613,1.092716,0.712272,0.7261176,0.5665607,0.3851043,0.9268347,1.643707,0.7239966,0.718883,1.053081,0.6508107,False,4,1,0
6/24/2025 11:22:29 AM,1750756949874,Right,0.6646183,1.138009,0.705822,1.292277,0.8122146,0.5479559,0.7012467,1.101596,0.7166426,0.7261176,0.5665607,0.3851043,0.924415,1.645061,0.7302802,0.7125999,1.063018,0.6543871,False,4,1,0
6/24/2025 11:22:29 AM,1750756949902,Right,0.6524093,1.159702,0.7149777,1.27901,0.813803,0.542184,0.6897871,1.119401,0.7260654,0.7261176,0.5665607,0.3851043,0.9202611,1.647232,0.7422764,0.6991048,1.08314,0.6621025,False,4,1,0
6/24/2025 11:22:29 AM,1750756949916,Right,0.6466711,1.170991,0.7197015,1.272265,0.8145118,0.5397853,0.6845021,1.128741,0.7309303,0.7261176,0.5665607,0.3851043,0.9181007,1.649156,0.7478417,0.6929033,1.094089,0.665956,False,4,1,0
6/24/2025 11:22:29 AM,1750756949943,Right,0.6368178,1.193506,0.7285782,1.258865,0.8155225,0.5355935,0.6750408,1.147225,0.7399698,0.7261176,0.5665607,0.3851043,0.9138127,1.651477,0.7579948,0.6824019,1.115588,0.673353,False,4,1,0
6/24/2025 11:22:29 AM,1750756949957,Right,0.6326725,1.203862,0.7327466,1.252217,0.8159951,0.5338852,0.6710038,1.155953,0.7441214,0.7261176,0.5665607,0.3851043,0.9111197,1.653613,0.7619929,0.6777185,1.125315,0.676971,False,4,1,0
6/24/2025 11:22:29 AM,1750756949971,Right,0.628939,1.21393,0.7369184,1.245674,0.8165322,0.5323672,0.667612,1.164221,0.7482398,0.7261176,0.5665607,0.3851043,0.9089559,1.654756,0.7660874,0.6737286,1.134484,0.6806291,False,4,1,0
6/24/2025 11:22:29 AM,1750756949999,Right,0.6224465,1.233782,0.7456063,1.232768,0.8179517,0.5299083,0.6612346,1.180706,0.7568378,0.7261176,0.5665607,0.3851043,0.9056219,1.657735,0.7735538,0.6668128,1.154132,0.6878767,False,4,1,0
6/24/2025 11:22:30 AM,1750756950013,Right,0.6199358,1.243457,0.7498016,1.226757,0.8186944,0.5290056,0.6585231,1.189048,0.7609534,0.7261176,0.5665607,0.3851043,0.9035432,1.660548,0.7768631,0.6635455,1.163442,0.6915842,False,4,1,0
6/24/2025 11:22:30 AM,1750756950040,Right,0.6168701,1.26226,0.7580789,1.214994,0.8198515,0.5284599,0.6554074,1.205256,0.7689809,0.7261176,0.5665607,0.3851043,0.8994498,1.665544,0.7831374,0.6595086,1.181597,0.698864,False,4,1,0
6/24/2025 11:22:30 AM,1750756950054,Right,0.6159053,1.27138,0.7619687,1.208979,0.8200395,0.5281775,0.6545218,1.212881,0.7728276,0.7261176,0.5665607,0.3851043,0.8976367,1.66759,0.7858815,0.6583389,1.190456,0.7022907,False,4,1,0
6/24/2025 11:22:30 AM,1750756950082,Right,0.615068,1.286982,0.7692659,1.196934,0.8195523,0.5290949,0.6534787,1.225982,0.779927,0.7261176,0.5665607,0.3851043,0.8939267,1.670138,0.7914326,0.6572636,1.205152,0.7089009,False,4,1,0
6/24/2025 11:22:30 AM,1750756950096,Right,0.6140263,1.293977,0.7730279,1.191042,0.8191767,0.5298294,0.652504,1.231568,0.7835718,0.7261176,0.5665607,0.3851043,0.8920366,1.671311,0.7945299,0.6558673,1.211314,0.712358,False,4,1,0
6/24/2025 11:22:30 AM,1750756950110,Right,0.6131396,1.300467,0.7767007,1.185173,0.8185961,0.5311412,0.6515286,1.237002,0.7871917,0.7261176,0.5665607,0.3851043,0.8903201,1.672514,0.7975662,0.6541734,1.217212,0.7158175,False,4,1,0
6/24/2025 11:22:30 AM,1750756950138,Right,0.6123974,1.313145,0.7826989,1.174389,0.8165094,0.5340253,0.6502885,1.247788,0.7931883,0.7261176,0.5665607,0.3851043,0.8865992,1.675483,0.8020579,0.6513698,1.227865,0.7218103,False,4,1,0
6/24/2025 11:22:30 AM,1750756950152,Right,0.612025,1.319577,0.7854923,1.169388,0.8151225,0.5356228,0.6495892,1.253018,0.7959148,0.7261176,0.5665607,0.3851043,0.8848119,1.676416,0.8037276,0.649982,1.232719,0.7246353,False,4,1,0
6/24/2025 11:22:30 AM,1750756950179,Right,0.6103247,1.333337,0.7913225,1.159377,0.8122293,0.537985,0.6468678,1.263678,0.8016176,0.7261176,0.5665607,0.3851043,0.8811066,1.678026,0.8076649,0.6453869,1.242385,0.7306435,False,4,1,0
6/24/2025 11:22:30 AM,1750756950193,Right,0.609037,1.340511,0.7942238,1.154487,0.810744,0.5389149,0.6449693,1.269379,0.8045613,0.7261176,0.5665607,0.3851043,0.8793428,1.678674,0.8098468,0.6423094,1.247498,0.7338004,False,4,1,0
6/24/2025 11:22:30 AM,1750756950221,Right,0.6057233,1.356215,0.80056,1.145107,0.8075917,0.5406405,0.6392989,1.281574,0.8111804,0.7261176,0.5665607,0.3851043,0.8759758,1.680286,0.8129933,0.6335444,1.258335,0.7410393,False,4,1,0
6/24/2025 11:22:30 AM,1750756950235,Right,0.6044307,1.364849,0.8037895,1.140503,0.80611,0.541725,0.6360037,1.288405,0.8148338,0.7261176,0.5665607,0.3851043,0.8743054,1.681111,0.8141193,0.6284233,1.264466,0.7451028,False,4,1,0
6/24/2025 11:22:30 AM,1750756950262,Right,0.602469,1.383282,0.8096319,1.131977,0.8031026,0.5448436,0.6306829,1.303502,0.8216791,0.7261176,0.5665607,0.3851043,0.8709535,1.683457,0.8156682,0.6186618,1.278117,0.7530934,False,4,1,0
6/24/2025 11:22:30 AM,1750756950277,Right,0.6015651,1.392684,0.8123835,1.127957,0.8017069,0.5465494,0.6288942,1.311729,0.8248241,0.7261176,0.5665607,0.3851043,0.8689817,1.684747,0.816885,0.6143379,1.285728,0.756964,False,4,1,0
6/24/2025 11:22:30 AM,1750756950291,Right,0.6002505,1.402063,0.8151692,1.124268,0.8004777,0.5484517,0.628009,1.320542,0.827288,0.7261176,0.5665607,0.3851043,0.8671769,1.685812,0.8180202,0.610548,1.294075,0.7602989,False,4,1,0
6/24/2025 11:22:30 AM,1750756950318,Right,0.5966197,1.420337,0.8210014,1.117344,0.7984462,0.551962,0.6246741,1.336941,0.8331094,0.7261176,0.5665607,0.3851043,0.8642588,1.687682,0.8197067,0.600825,1.310078,0.7682821,False,4,1,0
6/24/2025 11:22:30 AM,1750756950332,Right,0.5950706,1.429472,0.8229697,1.113939,0.7975327,0.5532178,0.6224185,1.344531,0.8361093,0.7261176,0.5665607,0.3851043,0.8628981,1.688461,0.8201877,0.5952026,1.317566,0.7726653,False,4,1,0
6/24/2025 11:22:30 AM,1750756950360,Right,0.5923462,1.447839,0.8262538,1.106878,0.7958702,0.5549572,0.6184518,1.36027,0.8412768,0.7261176,0.5665607,0.3851043,0.8600757,1.689533,0.8206747,0.5840185,1.333295,0.7814468,False,4,1,0
6/24/2025 11:22:30 AM,1750756950373,Right,0.5912846,1.457366,0.8282499,1.103007,0.7953848,0.5547081,0.6173233,1.369462,0.843542,0.7261176,0.5665607,0.3851043,0.8586525,1.690009,0.8208004,0.5792602,1.342884,0.7857691,False,4,1,0
6/24/2025 11:22:30 AM,1750756950402,Right,0.5875564,1.475709,0.8327897,1.094915,0.7942029,0.5535305,0.6175553,1.386061,0.8457322,0.7261176,0.5665607,0.3851043,0.8558186,1.690846,0.8216445,0.5716583,1.361803,0.7928365,False,4,1,0
6/24/2025 11:22:30 AM,1750756950416,Right,0.584423,1.483612,0.8338394,1.090764,0.7937056,0.5524973,0.6163348,1.392085,0.8463802,0.7261176,0.5665607,0.3851043,0.8545093,1.691372,0.8220208,0.5666264,1.369551,0.7962382,False,4,1,0
6/24/2025 11:22:30 AM,1750756950443,Right,0.5771142,1.49833,0.8351872,1.081952,0.7925439,0.5494334,0.609637,1.403288,0.8488349,0.7261176,0.5665607,0.3851043,0.8519191,1.692339,0.8215706,0.5529032,1.384477,0.8050129,False,4,1,0
6/24/2025 11:22:30 AM,1750756950457,Right,0.5737612,1.506034,0.8365693,1.078193,0.7919875,0.5476109,0.607033,1.409995,0.8501614,0.7261176,0.5665607,0.3851043,0.850761,1.692655,0.8208928,0.5473928,1.393189,0.8094976,False,4,1,0
6/24/2025 11:22:30 AM,1750756950471,Right,0.5702296,1.513582,0.837809,1.07451,0.7914262,0.5446581,0.604758,1.415891,0.8506696,0.7261176,0.5665607,0.3851043,0.8494204,1.692982,0.8202372,0.5425443,1.40124,0.8131495,False,4,1,0
6/24/2025 11:22:30 AM,1750756950499,Right,0.5633924,1.528441,0.8395656,1.066675,0.7904493,0.5390054,0.6001605,1.426399,0.8497834,0.7261176,0.5665607,0.3851043,0.8466165,1.693437,0.8191081,0.5347666,1.415009,0.8168161,False,4,1,0
6/24/2025 11:22:30 AM,1750756950513,Right,0.5609139,1.536356,0.840593,1.062652,0.7900022,0.5360674,0.5983889,1.432362,0.8495355,0.7261176,0.5665607,0.3851043,0.8453418,1.693637,0.8183429,0.5320814,1.422119,0.8180497,False,4,1,0
6/24/2025 11:22:30 AM,1750756950541,Right,0.5556135,1.551533,0.8419735,1.054603,0.7888866,0.52918,0.5939417,1.444495,0.8501039,0.7261176,0.5665607,0.3851043,0.8433506,1.693755,0.8153906,0.5254225,1.437011,0.8228635,False,4,1,0
6/24/2025 11:22:30 AM,1750756950554,Right,0.5528029,1.558173,0.8420564,1.050509,0.7881801,0.5254765,0.5916063,1.450146,0.8495977,0.7261176,0.5665607,0.3851043,0.8423971,1.693604,0.8132364,0.5217845,1.444718,0.8253406,False,4,1,0
6/24/2025 11:22:30 AM,1750756950582,Right,0.5465219,1.567416,0.8377632,1.041396,0.7866241,0.5173246,0.5866208,1.457248,0.8451743,0.7261176,0.5665607,0.3851043,0.8400425,1.693816,0.809738,0.514533,1.458344,0.8279964,False,4,1,0
6/24/2025 11:22:30 AM,1750756950596,Right,0.5421555,1.571423,0.8344007,1.036896,0.7858072,0.5133353,0.5826091,1.458392,0.8406942,0.7261176,0.5665607,0.3851043,0.8388379,1.694059,0.8080328,0.509876,1.462747,0.8271344,False,4,1,0
6/24/2025 11:22:30 AM,1750756950610,Right,0.538088,1.575911,0.8318371,1.031926,0.7850808,0.5093726,0.5787281,1.461703,0.8376935,0.7261176,0.5665607,0.3851043,0.8377765,1.694238,0.8063574,0.505806,1.466349,0.8252956,False,4,1,0
6/24/2025 11:22:30 AM,1750756950638,Right,0.5314384,1.586229,0.8285296,1.021159,0.7837081,0.5010002,0.5725181,1.470162,0.8343341,0.7261176,0.5665607,0.3851043,0.8358965,1.694959,0.8023931,0.4996901,1.475287,0.8215759,False,4,1,0
6/24/2025 11:22:30 AM,1750756950651,Right,0.5281481,1.591059,0.8267307,1.015664,0.7831762,0.4967808,0.5695226,1.474244,0.8324515,0.7261176,0.5665607,0.3851043,0.8349667,1.695345,0.8001634,0.4967561,1.480173,0.8196913,False,4,1,0
6/24/2025 11:22:30 AM,1750756950679,Right,0.5176277,1.598044,0.821571,1.003933,0.7826145,0.4875214,0.5602548,1.482342,0.8299593,0.7261176,0.5665607,0.3851043,0.8335314,1.695499,0.7945064,0.487436,1.4898,0.8183522,False,4,1,0
6/24/2025 11:22:30 AM,1750756950694,Right,0.5120748,1.601183,0.8190452,0.9977361,0.7824811,0.4826449,0.5549027,1.485091,0.8281451,0.7261176,0.5665607,0.3851043,0.8327391,1.695708,0.7914405,0.4820447,1.493173,0.8172202,False,4,1,0
6/24/2025 11:22:30 AM,1750756950721,Right,0.5005819,1.6062,0.8135928,0.9847602,0.7825465,0.4726087,0.5444522,1.489041,0.8229764,0.7261176,0.5665607,0.3851043,0.8310076,1.696617,0.7857187,0.4715143,1.498171,0.8135079,False,4,1,0
6/24/2025 11:22:30 AM,1750756950735,Right,0.4948834,1.609222,0.8110172,0.9782453,0.7827513,0.4676127,0.5392038,1.491326,0.8200867,0.7261176,0.5665607,0.3851043,0.8302939,1.697262,0.7825762,0.4662346,1.500968,0.8113992,False,4,1,0
6/24/2025 11:22:30 AM,1750756950762,Right,0.4822977,1.61481,0.8061187,0.9642762,0.7834901,0.4576569,0.5277861,1.49601,0.8151647,0.7261176,0.5665607,0.3851043,0.8290116,1.69819,0.7760103,0.4547891,1.506862,0.8083376,False,4,1,0
6/24/2025 11:22:30 AM,1750756950776,Right,0.4760872,1.617178,0.8038229,0.9569755,0.7840285,0.4525418,0.5221922,1.498128,0.8128883,0.7261176,0.5665607,0.3851043,0.8281534,1.698823,0.7726036,0.4492054,1.509671,0.8071778,False,4,1,0
6/24/2025 11:22:30 AM,1750756950790,Right,0.4707465,1.619369,0.8013433,0.9498684,0.7845373,0.44748,0.5173046,1.499494,0.8096859,0.7261176,0.5665607,0.3851043,0.8272404,1.699357,0.7690336,0.4443558,1.511781,0.8051651,False,4,1,0
6/24/2025 11:22:30 AM,1750756950818,Right,0.4607935,1.624412,0.7959501,0.9359341,0.7859678,0.4370373,0.5080261,1.502738,0.8025019,0.7261176,0.5665607,0.3851043,0.8255752,1.700293,0.7609898,0.4352213,1.516442,0.8003563,False,4,1,0
6/24/2025 11:22:30 AM,1750756950832,Right,0.4558093,1.627409,0.7932475,0.929053,0.7868539,0.4316397,0.5033386,1.504493,0.7986503,0.7261176,0.5665607,0.3851043,0.8244715,1.700987,0.7569947,0.4306134,1.518743,0.7976974,False,4,1,0
6/24/2025 11:22:30 AM,1750756950860,Right,0.4445074,1.633202,0.7883521,0.9153084,0.7890612,0.4203143,0.4930624,1.509259,0.7927699,0.7261176,0.5665607,0.3851043,0.8219277,1.702778,0.7486613,0.4203781,1.523744,0.7931221,False,4,1,0
6/24/2025 11:22:30 AM,1750756950874,Right,0.4372712,1.635507,0.7860274,0.9085146,0.7904124,0.4144113,0.486492,1.511487,0.7915206,0.7261176,0.5665607,0.3851043,0.820814,1.703327,0.7443098,0.4138546,1.526162,0.7927012,False,4,1,0
6/24/2025 11:22:30 AM,1750756950902,Right,0.4263094,1.640751,0.7811899,0.8949817,0.7934858,0.402385,0.4762977,1.515835,0.7863774,0.7261176,0.5665607,0.3851043,0.8182674,1.704379,0.7354962,0.4038023,1.530901,0.7895963,False,4,1,0
6/24/2025 11:22:30 AM,1750756950916,Right,0.4225889,1.64391,0.7790321,0.8883587,0.7951596,0.3964397,0.4726925,1.51823,0.7827509,0.7261176,0.5665607,0.3851043,0.8168667,1.705012,0.7312291,0.400287,1.533377,0.7873253,False,4,1,0
6/24/2025 11:22:30 AM,1750756950943,Right,0.4152768,1.65041,0.7743386,0.8756365,0.7985274,0.3852452,0.4657615,1.523368,0.777603,0.7261176,0.5665607,0.3851043,0.8140869,1.70626,0.7230045,0.3932311,1.537922,0.7821267,False,4,1,0
6/24/2025 11:22:30 AM,1750756950957,Right,0.4109929,1.653222,0.7714566,0.8698307,0.800371,0.3801117,0.4617789,1.525865,0.7746145,0.7261176,0.5665607,0.3851043,0.8125532,1.706916,0.7188246,0.3891378,1.53985,0.7791584,False,4,1,0
6/24/2025 11:22:30 AM,1750756950971,Right,0.4058938,1.655567,0.768576,0.8641624,0.8022493,0.3750858,0.4571282,1.528099,0.7716258,0.7261176,0.5665607,0.3851043,0.8106409,1.707588,0.7146324,0.3844341,1.541661,0.7765824,False,4,1,0
6/24/2025 11:22:30 AM,1750756950999,Right,0.3950048,1.65975,0.7634575,0.8529078,0.8058758,0.3650751,0.4470019,1.531857,0.7662413,0.7261176,0.5665607,0.3851043,0.8066927,1.709096,0.7062389,0.3742734,1.544706,0.7724401,False,4,1,0
6/24/2025 11:22:31 AM,1750756951013,Right,0.388943,1.661139,0.7610269,0.8480648,0.8077208,0.3605337,0.4414546,1.533166,0.7635153,0.7261176,0.5665607,0.3851043,0.8047627,1.709411,0.7021214,0.3687159,1.545499,0.7705803,False,4,1,0
6/24/2025 11:22:31 AM,1750756951041,Right,0.3771542,1.661497,0.7561526,0.8403719,0.8105228,0.3524497,0.4301923,1.533245,0.7583903,0.7261176,0.5665607,0.3851043,0.8009137,1.709935,0.6944034,0.3573957,1.545202,0.7655045,False,4,1,0
6/24/2025 11:22:31 AM,1750756951054,Right,0.3712718,1.661991,0.7540256,0.8367693,0.8114815,0.348575,0.4247051,1.533821,0.7562776,0.7261176,0.5665607,0.3851043,0.7987013,1.710454,0.6907479,0.3518523,1.545409,0.7634272,False,4,1,0
6/24/2025 11:22:31 AM,1750756951082,Right,0.358043,1.663351,0.751232,0.8302059,0.812589,0.3416674,0.4125439,1.534587,0.753849,0.7261176,0.5665607,0.3851043,0.79434,1.710614,0.6835942,0.3396613,1.545654,0.7615039,False,4,1,0
6/24/2025 11:22:31 AM,1750756951096,Right,0.3510129,1.664085,0.7502443,0.8272035,0.8128299,0.3385577,0.4059453,1.534246,0.7533494,0.7261176,0.5665607,0.3851043,0.7920977,1.71026,0.6800104,0.3330597,1.544984,0.7614318,False,4,1,0
6/24/2025 11:22:31 AM,1750756951124,Right,0.3384798,1.665134,0.7478673,0.8220958,0.8121387,0.3329732,0.3939874,1.534259,0.7507364,0.7261176,0.5665607,0.3851043,0.787104,1.709494,0.6730844,0.3210928,1.543898,0.7600328,False,4,1,0
6/24/2025 11:22:31 AM,1750756951138,Right,0.3328794,1.665229,0.7464319,0.8199016,0.8114304,0.3303838,0.3887666,1.534737,0.7485753,0.7261176,0.5665607,0.3851043,0.7845194,1.709231,0.6697061,0.315876,1.543588,0.7586531,False,4,1,0
6/24/2025 11:22:31 AM,1750756951151,Right,0.3273529,1.665259,0.7449836,0.8177099,0.8107976,0.3278108,0.383519,1.535436,0.7462787,0.7261176,0.5665607,0.3851043,0.7818496,1.708888,0.6664551,0.310664,1.543427,0.7572888,False,4,1,0
6/24/2025 11:22:31 AM,1750756951179,Right,0.3159609,1.665153,0.7426069,0.8145119,0.8087801,0.3233193,0.3726264,1.535816,0.7427583,0.7261176,0.5665607,0.3851043,0.7759029,1.707837,0.660071,0.2999198,1.542662,0.7554007,False,4,1,0
6/24/2025 11:22:31 AM,1750756951193,Right,0.3098662,1.664996,0.7415187,0.813582,0.8074275,0.3212123,0.3668075,1.535429,0.741466,0.7261176,0.5665607,0.3851043,0.7726512,1.707111,0.6568704,0.2941802,1.541722,0.7548312,False,4,1,0
6/24/2025 11:22:31 AM,1750756951221,Right,0.2980694,1.664744,0.7390908,0.8121121,0.8048971,0.3172262,0.3555674,1.534974,0.7386694,0.7261176,0.5665607,0.3851043,0.766336,1.705261,0.6508298,0.2831838,1.541105,0.7533646,False,4,1,0
6/24/2025 11:22:31 AM,1750756951235,Right,0.2927336,1.664724,0.7376875,0.8118165,0.8038446,0.3152061,0.3504198,1.534881,0.7371393,0.7261176,0.5665607,0.3851043,0.7628242,1.70446,0.6482246,0.2780756,1.541121,0.7519824,False,4,1,0
6/24/2025 11:22:31 AM,1750756951263,Right,0.2817982,1.6646,0.7347852,0.8118625,0.8021743,0.3115457,0.3398466,1.53494,0.7341538,0.7261176,0.5665607,0.3851043,0.755007,1.703547,0.6435546,0.2675133,1.541234,0.7490277,False,4,1,0
6/24/2025 11:22:31 AM,1750756951276,Right,0.2756231,1.664398,0.7336398,0.8121599,0.801531,0.3101243,0.3339262,1.534499,0.7331827,0.7261176,0.5665607,0.3851043,0.7509223,1.702948,0.6413159,0.2616329,1.5409,0.748204,False,4,1,0
6/24/2025 11:22:31 AM,1750756951291,Right,0.2690886,1.664062,0.7326132,0.8126565,0.8008689,0.3090431,0.3277157,1.533785,0.732141,0.7261176,0.5665607,0.3851043,0.7467083,1.702379,0.6392761,0.2554828,1.540146,0.7474666,False,4,1,0
6/24/2025 11:22:31 AM,1750756951318,Right,0.2555334,1.663128,0.7305374,0.8138183,0.7988616,0.3075789,0.3145923,1.532637,0.7300364,0.7261176,0.5665607,0.3851043,0.7381058,1.700656,0.6354036,0.2425546,1.538667,0.7463812,False,4,1,0
6/24/2025 11:22:31 AM,1750756951332,Right,0.2487021,1.662336,0.7294272,0.8148994,0.7976107,0.3077942,0.3079612,1.53204,0.7286376,0.7261176,0.5665607,0.3851043,0.7334085,1.699719,0.6341124,0.2360644,1.538,0.7456163,False,4,1,0
6/24/2025 11:22:31 AM,1750756951360,Right,0.2352483,1.661233,0.7275823,0.8168811,0.7951049,0.3089526,0.2947605,1.53059,0.726394,0.7261176,0.5665607,0.3851043,0.7237533,1.697635,0.6318762,0.2229899,1.536709,0.7438434,False,4,1,0
6/24/2025 11:22:31 AM,1750756951374,Right,0.2280082,1.660389,0.7268037,0.8179586,0.7939682,0.3102987,0.2877247,1.529451,0.7256863,0.7261176,0.5665607,0.3851043,0.718538,1.696377,0.6310307,0.2159455,1.535411,0.7431551,False,4,1,0
6/24/2025 11:22:31 AM,1750756951401,Right,0.2127347,1.65797,0.7254481,0.8207456,0.7907256,0.3129428,0.2729337,1.526577,0.7246527,0.7261176,0.5665607,0.3851043,0.7075702,1.693627,0.6298939,0.2011407,1.531777,0.7423068,False,4,1,0
6/24/2025 11:22:31 AM,1750756951415,Right,0.2047534,1.656802,0.7251316,0.8220775,0.7888634,0.3144165,0.2653195,1.525376,0.724435,0.7261176,0.5665607,0.3851043,0.7017328,1.692147,0.6295029,0.193542,1.529998,0.7423115,False,4,1,0
6/24/2025 11:22:31 AM,1750756951443,Right,0.1894161,1.654757,0.7245317,0.8247271,0.7853881,0.3174541,0.2500967,1.523704,0.7236211,0.7261176,0.5665607,0.3851043,0.6889789,1.689103,0.6292892,0.1784304,1.526966,0.7422285,False,4,1,0
6/24/2025 11:22:31 AM,1750756951457,Right,0.1819611,1.653429,0.7239015,0.8260854,0.7838658,0.3187926,0.2426553,1.522081,0.7228822,0.7261176,0.5665607,0.3851043,0.682223,1.687472,0.6293387,0.1710012,1.525192,0.7415621,False,4,1,0
6/24/2025 11:22:31 AM,1750756951471,Right,0.1741681,1.651922,0.7234162,0.8272601,0.7822869,0.319922,0.2350748,1.520491,0.722366,0.7261176,0.5665607,0.3851043,0.6756463,1.685501,0.629451,0.1634179,1.523374,0.7410721,False,4,1,0
6/24/2025 11:22:31 AM,1750756951499,Right,0.1580168,1.649249,0.7233288,0.8290142,0.779346,0.3218662,0.2192428,1.517542,0.7228907,0.7261176,0.5665607,0.3851043,0.6623937,1.68112,0.6303176,0.1476212,1.519671,0.7418318,False,4,1,0
6/24/2025 11:22:31 AM,1750756951512,Right,0.150251,1.648252,0.723387,0.8293902,0.7779741,0.3227937,0.2114967,1.516399,0.7227919,0.7261176,0.5665607,0.3851043,0.6553535,1.678995,0.6306876,0.1399425,1.518149,0.7420236,False,4,1,0
6/24/2025 11:22:31 AM,1750756951541,Right,0.1352907,1.647018,0.7236098,0.8295905,0.7759045,0.3242839,0.196478,1.514595,0.7227637,0.7261176,0.5665607,0.3851043,0.6406322,1.675024,0.6318537,0.1249491,1.51599,0.7421185,False,4,1,0
6/24/2025 11:22:31 AM,1750756951554,Right,0.127584,1.646499,0.7239078,0.8291795,0.7749799,0.3249665,0.1887902,1.513631,0.7231017,0.7261176,0.5665607,0.3851043,0.6331723,1.673127,0.6325616,0.1172283,1.514578,0.7423613,False,4,1,0
6/24/2025 11:22:31 AM,1750756951582,Right,0.1118419,1.645777,0.7245964,0.8268497,0.774269,0.3259004,0.1731054,1.512166,0.7240093,0.7261176,0.5665607,0.3851043,0.61769,1.668693,0.6348971,0.1014806,1.512089,0.743057,False,4,1,0
6/24/2025 11:22:31 AM,1750756951596,Right,0.1038225,1.645156,0.7246155,0.8252194,0.7740405,0.3263556,0.1651002,1.511251,0.7241903,0.7261176,0.5665607,0.3851043,0.609844,1.66606,0.6362091,0.09345021,1.510907,0.7431404,False,4,1,0
6/24/2025 11:22:31 AM,1750756951624,Right,0.08702773,1.643571,0.724475,0.8200678,0.7734413,0.3268406,0.1484856,1.509212,0.7244082,0.7261176,0.5665607,0.3851043,0.5942141,1.661951,0.6394788,0.0767905,1.508498,0.7431763,False,4,1,0
6/24/2025 11:22:31 AM,1750756951638,Right,0.07832801,1.642622,0.7243,0.8166004,0.7727728,0.3268145,0.1398687,1.50802,0.7243389,0.7261176,0.5665607,0.3851043,0.5857788,1.660089,0.6413047,0.06817362,1.507305,0.743107,False,4,1,0
6/24/2025 11:22:31 AM,1750756951652,Right,0.06958348,1.641577,0.7240028,0.8127632,0.7727513,0.3269494,0.1310118,1.506658,0.7240816,0.7261176,0.5665607,0.3851043,0.5770154,1.658457,0.6430871,0.05929624,1.505767,0.742764,False,4,1,0
6/24/2025 11:22:31 AM,1750756951679,Right,0.05141878,1.639254,0.7233472,0.8036695,0.773139,0.3274376,0.1128415,1.504333,0.7239395,0.7261176,0.5665607,0.3851043,0.559311,1.6545,0.6468115,0.0409894,1.5029,0.7420548,False,4,1,0
6/24/2025 11:22:31 AM,1750756951693,Right,0.04190439,1.637945,0.7232246,0.7983629,0.773449,0.3278684,0.1033779,1.50301,0.7241215,0.7261176,0.5665607,0.3851043,0.5500907,1.652219,0.6487349,0.03152583,1.501577,0.7422369,False,4,1,0
6/24/2025 11:22:31 AM,1750756951721,Right,0.02257854,1.635191,0.7229546,0.787285,0.7738824,0.3290805,0.08411008,1.499538,0.7241241,0.7261176,0.5665607,0.3851043,0.5309987,1.647091,0.6526765,0.01226217,1.497966,0.7422444,False,4,1,0
6/24/2025 11:22:31 AM,1750756951735,Right,0.01295632,1.633758,0.7229019,0.7815527,0.7742013,0.3300414,0.07439495,1.498002,0.7242561,0.7261176,0.5665607,0.3851043,0.5211443,1.645263,0.6546638,0.002520479,1.496181,0.7422474,False,4,1,0
6/24/2025 11:22:31 AM,1750756951762,Right,-0.006242394,1.630436,0.7234374,0.7689136,0.7755269,0.3326787,0.05499634,1.494819,0.725417,0.7261176,0.5665607,0.3851043,0.4994323,1.641721,0.6591899,-0.01695361,1.492169,0.7429988,False,4,1,0
6/24/2025 11:22:31 AM,1750756951777,Right,-0.01576179,1.628475,0.7238218,0.7621716,0.7772684,0.3345031,0.04538555,1.492736,0.7259409,0.7261176,0.5665607,0.3851043,0.4887667,1.638999,0.6611257,-0.02661171,1.489503,0.7432291,False,4,1,0
6/24/2025 11:22:31 AM,1750756951790,Right,-0.02520025,1.626566,0.7240673,0.7556819,0.7776909,0.3364441,0.03579187,1.490622,0.7261153,0.7261176,0.5665607,0.3851043,0.4787457,1.636188,0.6631342,-0.03619158,1.487127,0.74341,False,4,1,0
6/24/2025 11:22:31 AM,1750756951818,Right,-0.04342198,1.622831,0.7244073,0.7398561,0.7792827,0.3422877,0.01739059,1.487056,0.726589,0.7261176,0.5665607,0.3851043,0.4591879,1.631764,0.666604,-0.05468416,1.483838,0.7435541,False,4,1,0
6/24/2025 11:22:31 AM,1750756951832,Right,-0.05263036,1.620864,0.7248514,0.7311483,0.7801952,0.3454619,0.008105263,1.485204,0.7273194,0.7261176,0.5665607,0.3851043,0.4487473,1.630325,0.6683682,-0.06401765,1.482348,0.7441441,False,4,1,0
6/24/2025 11:22:31 AM,1750756951860,Right,-0.07054842,1.61733,0.7260493,0.7126245,0.7826902,0.3525924,-0.01010504,1.481387,0.7290496,0.7261176,0.5665607,0.3851043,0.4271013,1.62765,0.6719464,-0.08241359,1.47832,0.7450186,False,4,1,0
6/24/2025 11:22:31 AM,1750756951873,Right,-0.07942593,1.615605,0.7269875,0.7033696,0.7841107,0.3567516,-0.01911128,1.47992,0.7299856,0.7261176,0.5665607,0.3851043,0.4174857,1.626591,0.673501,-0.09143763,1.476277,0.7457518,False,4,1,0
6/24/2025 11:22:31 AM,1750756951901,Right,-0.09793186,1.611482,0.7290101,0.6849439,0.7870409,0.3667376,-0.03752559,1.476187,0.7320498,0.7261176,0.5665607,0.3851043,0.3989466,1.625344,0.6764159,-0.1098643,1.471107,0.747355,False,4,1,0
6/24/2025 11:22:31 AM,1750756951915,Right,-0.108265,1.609069,0.7296485,0.6756027,0.7885091,0.3720248,-0.04755645,1.474299,0.7328893,0.7261176,0.5665607,0.3851043,0.3889225,1.624894,0.6776106,-0.1199271,1.468335,0.7477171,False,4,1,0
6/24/2025 11:22:31 AM,1750756951943,Right,-0.1297728,1.603317,0.730391,0.6555974,0.792153,0.3822081,-0.06894463,1.470038,0.7337955,0.7261176,0.5665607,0.3851043,0.3695732,1.623106,0.6794324,-0.1412127,1.462991,0.748648,False,4,1,0
6/24/2025 11:22:31 AM,1750756951957,Right,-0.1404831,1.600353,0.730806,0.6452475,0.794035,0.3870221,-0.07961912,1.46744,0.7344356,0.7261176,0.5665607,0.3851043,0.360567,1.621436,0.6801275,-0.1518353,1.459979,0.7493389,False,4,1,0
6/24/2025 11:22:31 AM,1750756951971,Right,-0.1510673,1.597681,0.7312821,0.6341631,0.7955794,0.3920224,-0.08994997,1.464848,0.7349527,0.7261176,0.5665607,0.3851043,0.3527122,1.619818,0.6810123,-0.1620944,1.456864,0.7499319,False,4,1,0
6/24/2025 11:22:31 AM,1750756951999,Right,-0.1717632,1.594537,0.7329757,0.6134142,0.7976657,0.4018533,-0.1103039,1.461703,0.736595,0.7261176,0.5665607,0.3851043,0.3365097,1.617487,0.6831849,-0.1822761,1.452643,0.7517891,False,4,1,0
6/24/2025 11:22:32 AM,1750756952013,Right,-0.1810128,1.593835,0.7341627,0.6030778,0.7981741,0.4070234,-0.1196005,1.460649,0.7377889,0.7261176,0.5665607,0.3851043,0.3276074,1.616862,0.6840979,-0.1915297,1.451866,0.7533452,False,4,1,0
6/24/2025 11:22:32 AM,1750756952040,Right,-0.1967388,1.593428,0.7364388,0.5838917,0.7986348,0.4177731,-0.1355885,1.459518,0.7395432,0.7261176,0.5665607,0.3851043,0.3100212,1.614866,0.6854571,-0.2074502,1.450548,0.7553033,False,4,1,0
6/24/2025 11:22:32 AM,1750756952054,Right,-0.2045615,1.592892,0.7374632,0.5747687,0.7987084,0.4231757,-0.1432671,1.458571,0.7403888,0.7261176,0.5665607,0.3851043,0.3016543,1.613381,0.6859668,-0.215123,1.449312,0.7560077,False,4,1,0
6/24/2025 11:22:32 AM,1750756952082,Right,-0.2194439,1.590102,0.7389702,0.5575867,0.7994925,0.4347355,-0.1581727,1.455654,0.7419978,0.7261176,0.5665607,0.3851043,0.2859294,1.610811,0.6872444,-0.2299113,1.445152,0.7573671,False,4,1,0
6/24/2025 11:22:32 AM,1750756952096,Right,-0.2263858,1.587842,0.7392337,0.5495929,0.8002869,0.4406654,-0.16539,1.454216,0.7424638,0.7261176,0.5665607,0.3851043,0.2779503,1.609768,0.6880064,-0.2370291,1.442821,0.75766,False,4,1,0
6/24/2025 11:22:32 AM,1750756952124,Right,-0.2408776,1.583162,0.7398028,0.5356876,0.8008806,0.4516485,-0.1799523,1.449999,0.7431871,0.7261176,0.5665607,0.3851043,0.2615701,1.607668,0.6886441,-0.2515767,1.438288,0.7582118,False,4,1,0
6/24/2025 11:22:32 AM,1750756952138,Right,-0.2482672,1.580394,0.7399261,0.5289888,0.8008873,0.4565934,-0.1873809,1.447316,0.7432557,0.7261176,0.5665607,0.3851043,0.2532183,1.606267,0.6890543,-0.2589784,1.435443,0.758281,False,4,1,0
6/24/2025 11:22:32 AM,1750756952151,Right,-0.2555643,1.577075,0.7397286,0.5224651,0.8009616,0.4609549,-0.194746,1.44439,0.7430209,0.7261176,0.5665607,0.3851043,0.2456066,1.604595,0.6889292,-0.2662856,1.432175,0.7580474,False,4,1,0
6/24/2025 11:22:32 AM,1750756952180,Right,-0.2707208,1.570378,0.7393802,0.5090987,0.8005675,0.4687628,-0.2099325,1.438615,0.7426748,0.7261176,0.5665607,0.3851043,0.2301348,1.601822,0.6885145,-0.2813058,1.425415,0.7576593,False,4,1,0
6/24/2025 11:22:32 AM,1750756952194,Right,-0.2785187,1.567229,0.7392654,0.5023729,0.80018,0.4722718,-0.2178359,1.43619,0.7426257,0.7261176,0.5665607,0.3851043,0.2218191,1.600455,0.6881447,-0.2890763,1.422336,0.7576528,False,4,1,0
6/24/2025 11:22:32 AM,1750756952221,Right,-0.2929345,1.5624,0.7391824,0.4894122,0.7987927,0.4773422,-0.232594,1.431698,0.7423839,0.7261176,0.5665607,0.3851043,0.2051347,1.597357,0.687149,-0.3038267,1.417877,0.7574778,False,4,1,0
6/24/2025 11:22:32 AM,1750756952235,Right,-0.2996856,1.560825,0.7394516,0.4830131,0.7981327,0.4794396,-0.2394463,1.430431,0.7425483,0.7261176,0.5665607,0.3851043,0.1970586,1.595331,0.6864295,-0.3107546,1.417098,0.7577238,False,4,1,0
6/24/2025 11:22:32 AM,1750756952262,Right,-0.3147493,1.558356,0.7406259,0.4712505,0.7957819,0.481873,-0.2544797,1.427064,0.7434557,0.7261176,0.5665607,0.3851043,0.1812515,1.591446,0.6852546,-0.3259385,1.414752,0.7587851,False,4,1,0
6/24/2025 11:22:32 AM,1750756952277,Right,-0.3226257,1.557246,0.7411784,0.4655653,0.7944227,0.4821215,-0.2623699,1.4257,0.743816,0.7261176,0.5665607,0.3851043,0.1728282,1.589916,0.6844954,-0.3337505,1.412929,0.7591351,False,4,1,0
6/24/2025 11:22:32 AM,1750756952291,Right,-0.3299941,1.555902,0.7415055,0.4596878,0.7932892,0.4821724,-0.2698054,1.424098,0.7440698,0.7261176,0.5665607,0.3851043,0.1645136,1.588138,0.6834933,-0.3411764,1.411223,0.7593461,False,4,1,0
6/24/2025 11:22:32 AM,1750756952318,Right,-0.3450028,1.553149,0.7421794,0.4477635,0.790694,0.481263,-0.2849901,1.421221,0.7445108,0.7261176,0.5665607,0.3851043,0.1479744,1.583996,0.6813617,-0.356294,1.407981,0.759788,False,4,1,0
6/24/2025 11:22:32 AM,1750756952332,Right,-0.3525749,1.551813,0.7424865,0.4418252,0.7892754,0.4805105,-0.2926335,1.419855,0.7446591,0.7261176,0.5665607,0.3851043,0.1398297,1.582041,0.6801227,-0.363923,1.406433,0.7598444,False,4,1,0
6/24/2025 11:22:32 AM,1750756952360,Right,-0.3681739,1.547951,0.7426363,0.4302373,0.7863357,0.47859,-0.3082195,1.416154,0.7445853,0.7261176,0.5665607,0.3851043,0.123404,1.579448,0.6775858,-0.3793904,1.402229,0.7598744,False,4,1,0
6/24/2025 11:22:32 AM,1750756952374,Right,-0.376337,1.545434,0.7423426,0.4244899,0.784758,0.4776734,-0.3162564,1.413786,0.7442524,0.7261176,0.5665607,0.3851043,0.1150743,1.578133,0.6761888,-0.3873225,1.399377,0.7595798,False,4,1,0
6/24/2025 11:22:32 AM,1750756952402,Right,-0.392801,1.54017,0.7412944,0.412972,0.7808502,0.4753398,-0.3328598,1.409246,0.7430993,0.7261176,0.5665607,0.3851043,0.09827864,1.575448,0.6730708,-0.4038165,1.394315,0.7584339,False,4,1,0
6/24/2025 11:22:32 AM,1750756952416,Right,-0.4011748,1.536847,0.7404166,0.4074578,0.7786629,0.4741908,-0.3411632,1.40642,0.7422911,0.7261176,0.5665607,0.3851043,0.09004277,1.574067,0.6711956,-0.4120852,1.391404,0.7577034,False,4,1,0
6/24/2025 11:22:32 AM,1750756952443,Right,-0.4179166,1.530813,0.7386361,0.3965382,0.7745023,0.4725055,-0.3579599,1.400603,0.7399568,0.7261176,0.5665607,0.3851043,0.07335931,1.571129,0.6671358,-0.4286419,1.384723,0.7556046,False,4,1,0
6/24/2025 11:22:32 AM,1750756952457,Right,-0.4264657,1.528299,0.7376295,0.3909975,0.7724377,0.4718156,-0.3665297,1.39797,0.7385623,0.7261176,0.5665607,0.3851043,0.06482899,1.569769,0.6650296,-0.4370554,1.381271,0.7540601,False,4,1,0
6/24/2025 11:22:32 AM,1750756952471,Right,-0.435047,1.52583,0.7365851,0.3853486,0.7703323,0.4712396,-0.3750913,1.395788,0.7373722,0.7261176,0.5665607,0.3851043,0.05615932,1.56842,0.662842,-0.4454098,1.37807,0.7526798,False,4,1,0
6/24/2025 11:22:32 AM,1750756952499,Right,-0.4522902,1.520708,0.7344197,0.3742552,0.7666978,0.4706011,-0.392381,1.391041,0.7346241,0.7261176,0.5665607,0.3851043,0.03886926,1.565764,0.6578829,-0.4622043,1.371028,0.7493588,False,4,1,0
6/24/2025 11:22:32 AM,1750756952512,Right,-0.4612464,1.518122,0.733209,0.3687191,0.7650027,0.4701221,-0.4012987,1.389108,0.7335296,0.7261176,0.5665607,0.3851043,0.03019828,1.564408,0.655118,-0.4708764,1.368029,0.747936,False,4,1,0
6/24/2025 11:22:32 AM,1750756952541,Right,-0.4793306,1.513386,0.7302376,0.3567008,0.7613284,0.4683884,-0.4193557,1.384875,0.7304996,0.7261176,0.5665607,0.3851043,0.01225835,1.56222,0.6497099,-0.4888212,1.363218,0.7445868,False,4,1,0
6/24/2025 11:22:32 AM,1750756952555,Right,-0.488387,1.511061,0.7286974,0.3504468,0.7596523,0.4673264,-0.4284546,1.382918,0.7289161,0.7261176,0.5665607,0.3851043,0.00268209,1.56167,0.646979,-0.4978584,1.361046,0.7429752,False,4,1,0
6/24/2025 11:22:32 AM,1750756952582,Right,-0.5065843,1.506738,0.7255185,0.3383887,0.7569557,0.4648248,-0.4467537,1.379282,0.7253859,0.7261176,0.5665607,0.3851043,-0.01589841,1.560611,0.6414601,-0.5159943,1.356815,0.7393117,False,4,1,0
6/24/2025 11:22:32 AM,1750756952596,Right,-0.5161563,1.504463,0.7237777,0.3329034,0.7561787,0.4635092,-0.4562385,1.377335,0.7235223,0.7261176,0.5665607,0.3851043,-0.02505052,1.560571,0.6383374,-0.5253649,1.35447,0.7373669,False,4,1,0
6/24/2025 11:22:32 AM,1750756952610,Right,-0.5258902,1.501953,0.7220205,0.3278333,0.7557493,0.4624279,-0.4657734,1.374855,0.7214702,0.7261176,0.5665607,0.3851043,-0.0344823,1.560973,0.6352227,-0.534718,1.351357,0.7351619,False,4,1,0
6/24/2025 11:22:32 AM,1750756952638,Right,-0.5456858,1.497185,0.7185796,0.320324,0.7574899,0.4619411,-0.4842591,1.368171,0.71579,0.7261176,0.5665607,0.3851043,-0.05349916,1.563484,0.6291714,-0.552719,1.342944,0.7288203,False,4,1,0
6/24/2025 11:22:32 AM,1750756952652,Right,-0.5556211,1.494434,0.7167794,0.3164045,0.7586478,0.4623523,-0.4939153,1.365373,0.7131633,0.7261176,0.5665607,0.3851043,-0.0628736,1.564712,0.6262108,-0.5620657,1.339121,0.7257839,False,4,1,0
6/24/2025 11:22:32 AM,1750756952679,Right,-0.5753817,1.485823,0.7119524,0.3100609,0.7635137,0.4662755,-0.5133771,1.359346,0.7085624,0.7261176,0.5665607,0.3851043,-0.0810203,1.567129,0.6203632,-0.5806857,1.330565,0.7201434,False,4,1,0
6/24/2025 11:22:32 AM,1750756952693,Right,-0.5840878,1.48135,0.7094638,0.3073135,0.7661706,0.4692006,-0.5223452,1.356663,0.7062253,0.7261176,0.5665607,0.3851043,-0.08959293,1.568246,0.6176256,-0.589154,1.326471,0.7170886,False,4,1,0
6/24/2025 11:22:32 AM,1750756952721,Right,-0.6013507,1.473309,0.7047725,0.3001361,0.7708541,0.4734904,-0.5395455,1.35127,0.7012148,0.7261176,0.5665607,0.3851043,-0.1064947,1.570532,0.6127293,-0.6051437,1.317895,0.7099301,False,4,1,0
6/24/2025 11:22:32 AM,1750756952734,Right,-0.6102474,1.469279,0.7024907,0.2964152,0.7730846,0.4752361,-0.548052,1.347949,0.6985575,0.7261176,0.5665607,0.3851043,-0.1146042,1.571343,0.6101831,-0.6128972,1.312832,0.7059628,False,4,1,0
6/24/2025 11:22:32 AM,1750756952763,Right,-0.6275178,1.460981,0.698894,0.2890226,0.7774283,0.4772431,-0.5649521,1.341929,0.6950448,0.7261176,0.5665607,0.3851043,-0.1302384,1.572481,0.6052276,-0.6277006,1.302743,0.6995196,False,4,1,0
6/24/2025 11:22:32 AM,1750756952777,Right,-0.6354873,1.457204,0.697997,0.2849425,0.7789877,0.4763707,-0.5731688,1.339441,0.6937826,0.7261176,0.5665607,0.3851043,-0.1381286,1.572982,0.602772,-0.6347147,1.298256,0.6967576,False,4,1,0
6/24/2025 11:22:32 AM,1750756952791,Right,-0.6438648,1.453332,0.6968881,0.2806578,0.7804023,0.4754243,-0.5819972,1.337566,0.6930444,0.7261176,0.5665607,0.3851043,-0.1462094,1.57345,0.6003875,-0.6422068,1.294369,0.6943417,False,4,1,0
6/24/2025 11:22:32 AM,1750756952819,Right,-0.6606072,1.442356,0.6934127,0.2715615,0.7813238,0.4697857,-0.5997667,1.330425,0.6915534,0.7261176,0.5665607,0.3851043,-0.1615795,1.573595,0.5959445,-0.657366,1.283819,0.6897981,False,4,1,0
6/24/2025 11:22:32 AM,1750756952832,Right,-0.6683151,1.436082,0.6913,0.2663074,0.7818847,0.4667207,-0.6077896,1.325804,0.6899495,0.7261176,0.5665607,0.3851043,-0.168691,1.573252,0.5938226,-0.6640787,1.277702,0.6866786,False,4,1,0
6/24/2025 11:22:32 AM,1750756952860,Right,-0.6827626,1.422302,0.6878641,0.254318,0.783363,0.4612846,-0.6220732,1.314531,0.6864678,0.7261176,0.5665607,0.3851043,-0.1825809,1.572816,0.5898566,-0.6759065,1.263919,0.6806943,False,4,1,0
6/24/2025 11:22:32 AM,1750756952874,Right,-0.6903865,1.414873,0.686342,0.2476037,0.7844358,0.45904,-0.6295837,1.308527,0.6848301,0.7261176,0.5665607,0.3851043,-0.1895042,1.57269,0.5878282,-0.6822279,1.256817,0.6779312,False,4,1,0
6/24/2025 11:22:32 AM,1750756952902,Right,-0.7063624,1.39774,0.6827961,0.2331682,0.7864341,0.4541091,-0.6450902,1.294624,0.6810799,0.7261176,0.5665607,0.3851043,-0.2031028,1.572598,0.5838692,-0.695027,1.240665,0.6717176,False,4,1,0
6/24/2025 11:22:32 AM,1750756952916,Right,-0.714693,1.387046,0.6814063,0.225029,0.7872239,0.4512484,-0.6513178,1.285428,0.6781356,0.7261176,0.5665607,0.3851043,-0.2099156,1.572674,0.5822786,-0.6997402,1.23039,0.6672276,False,4,1,0
6/24/2025 11:22:32 AM,1750756952930,Right,-0.7227936,1.376483,0.6802899,0.2175525,0.7881467,0.4487811,-0.6586204,1.276895,0.6758279,0.7261176,0.5665607,0.3851043,-0.2163662,1.572805,0.5803118,-0.705286,1.220727,0.663159,False,4,1,0
6/24/2025 11:22:32 AM,1750756952958,Right,-0.7386318,1.353363,0.6778095,0.2022433,0.7897032,0.4435804,-0.6741367,1.25842,0.6736409,0.7261176,0.5665607,0.3851043,-0.2301382,1.57342,0.5763704,-0.7163646,1.19973,0.6573532,False,4,1,0
6/24/2025 11:22:32 AM,1750756952971,Right,-0.7463685,1.341524,0.6767895,0.1947165,0.790287,0.4401523,-0.68173,1.249164,0.6722601,0.7261176,0.5665607,0.3851043,-0.2369977,1.573545,0.574447,-0.7215822,1.189412,0.6539727,False,4,1,0
6/24/2025 11:22:32 AM,1750756952999,Right,-0.7610672,1.316889,0.6751052,0.1795444,0.7907473,0.4319347,-0.6969851,1.230151,0.6706894,0.7261176,0.5665607,0.3851043,-0.2505729,1.573212,0.5704958,-0.731674,1.168865,0.647589,False,4,1,0
6/24/2025 11:22:33 AM,1750756953013,Right,-0.7682498,1.303395,0.6736273,0.1722522,0.7908827,0.4280381,-0.7050046,1.219439,0.6703897,0.7261176,0.5665607,0.3851043,-0.2570454,1.572738,0.5687591,-0.7365946,1.157417,0.6449301,False,4,1,0
6/24/2025 11:22:33 AM,1750756953041,Right,-0.7823241,1.275475,0.6695268,0.1583802,0.7915474,0.4217383,-0.7206874,1.197302,0.6676421,0.7261176,0.5665607,0.3851043,-0.2702538,1.571277,0.5652864,-0.7466914,1.13364,0.6400034,False,4,1,0
6/24/2025 11:22:33 AM,1750756953054,Right,-0.7891086,1.262169,0.6680388,0.1521124,0.7918564,0.4189399,-0.7267829,1.18698,0.6661364,0.7261176,0.5665607,0.3851043,-0.2770776,1.570395,0.5634191,-0.7512966,1.122762,0.6384223,False,4,1,0
6/24/2025 11:22:33 AM,1750756953082,Right,-0.8018803,1.237078,0.6680738,0.139286,0.792417,0.4139804,-0.7397763,1.165638,0.6650224,0.7261176,0.5665607,0.3851043,-0.2913588,1.568398,0.559786,-0.7619539,1.101732,0.6347377,False,4,1,0
6/24/2025 11:22:33 AM,1750756953095,Right,-0.8081015,1.223859,0.6678464,0.1317602,0.7924954,0.4125665,-0.745815,1.155208,0.6647652,0.7261176,0.5665607,0.3851043,-0.2986409,1.567166,0.5580689,-0.7667501,1.091402,0.6334052,False,4,1,0
6/24/2025 11:22:33 AM,1750756953124,Right,-0.8201372,1.196401,0.6655414,0.1169482,0.7923305,0.4107778,-0.7576762,1.133129,0.6629118,0.7261176,0.5665607,0.3851043,-0.3132531,1.564522,0.5547523,-0.7754166,1.068971,0.6303233,False,4,1,0
6/24/2025 11:22:33 AM,1750756953138,Right,-0.8257297,1.182908,0.663743,0.1100889,0.7922144,0.4100552,-0.7644691,1.121087,0.6610233,0.7261176,0.5665607,0.3851043,-0.3207443,1.563137,0.5532444,-0.7802723,1.056206,0.6288735,False,4,1,0
6/24/2025 11:22:33 AM,1750756953151,Right,-0.8314835,1.170201,0.6629432,0.1025222,0.7924871,0.4090829,-0.7704833,1.110606,0.6602497,0.7261176,0.5665607,0.3851043,-0.3281954,1.561596,0.5519648,-0.784552,1.046103,0.6265689,False,4,1,0
6/24/2025 11:22:33 AM,1750756953179,Right,-0.8436545,1.146345,0.6646576,0.08710182,0.7915725,0.4088775,-0.7817221,1.092654,0.6584312,0.7261176,0.5665607,0.3851043,-0.3436421,1.558624,0.5495602,-0.7935268,1.029708,0.6211298,False,4,1,0
6/24/2025 11:22:33 AM,1750756953193,Right,-0.8495404,1.13495,0.6666547,0.08095568,0.7902684,0.4098159,-0.7880834,1.084324,0.6586984,0.7261176,0.5665607,0.3851043,-0.3520138,1.556934,0.5489048,-0.7991878,1.022322,0.6196423,False,4,1,0
6/24/2025 11:22:33 AM,1750756953221,Right,-0.8602876,1.109924,0.6641415,0.06683165,0.7899472,0.4105216,-0.7997789,1.061159,0.6601478,0.7261176,0.5665607,0.3851043,-0.3695677,1.553594,0.5472256,-0.8092281,1.000494,0.6186326,False,4,1,0
6/24/2025 11:22:33 AM,1750756953235,Right,-0.8647359,1.097701,0.6594179,0.05929953,0.7905684,0.4106549,-0.8064842,1.04999,0.6580215,0.7261176,0.5665607,0.3851043,-0.3786389,1.551571,0.5463367,-0.8133437,0.9879892,0.6179992,False,4,1,0
6/24/2025 11:22:33 AM,1750756953263,Right,-0.874631,1.074892,0.6517599,0.04532731,0.7902687,0.4116451,-0.8161938,1.031478,0.6494393,0.7261176,0.5665607,0.3851043,-0.3969126,1.547149,0.5444992,-0.8215774,0.9671831,0.6129682,False,4,1,0
6/24/2025 11:22:33 AM,1750756953277,Right,-0.8804184,1.064056,0.6508503,0.0385533,0.789665,0.4126613,-0.8216062,1.02311,0.6468221,0.7261176,0.5665607,0.3851043,-0.4063513,1.544639,0.543792,-0.8260866,0.9597803,0.6085838,False,4,1,0
6/24/2025 11:22:33 AM,1750756953291,Right,-0.8864838,1.052924,0.6506504,0.03135484,0.7896712,0.4132814,-0.8278683,1.014996,0.645113,0.7261176,0.5665607,0.3851043,-0.415866,1.541905,0.5432169,-0.8314145,0.9528794,0.6048403,False,4,1,0
6/24/2025 11:22:33 AM,1750756953318,Right,-0.8987373,1.02997,0.6507109,0.01640606,0.7896386,0.4158604,-0.8406816,0.9955991,0.6468545,0.7261176,0.5665607,0.3851043,-0.4358875,1.536727,0.54204,-0.842436,0.9355571,0.6034399,False,4,1,0
6/24/2025 11:22:33 AM,1750756953332,Right,-0.9045076,1.018629,0.6494317,0.008565009,0.7896898,0.4172715,-0.8467985,0.9848272,0.6466613,0.7261176,0.5665607,0.3851043,-0.4462748,1.533986,0.5415102,-0.8482748,0.9246027,0.6034899,False,4,1,0
6/24/2025 11:22:33 AM,1750756953360,Right,-0.9159557,0.9971485,0.6465732,-0.00803268,0.7895392,0.4203246,-0.8604624,0.9654909,0.6443397,0.7261176,0.5665607,0.3851043,-0.4677915,1.5282,0.5402702,-0.8593958,0.9063092,0.5997379,False,4,1,0
6/24/2025 11:22:33 AM,1750756953374,Right,-0.9220205,0.9868394,0.6468223,-0.01664042,0.7893996,0.4222806,-0.8666807,0.9566875,0.6432915,0.7261176,0.5665607,0.3851043,-0.478892,1.525247,0.5396216,-0.8649997,0.8989036,0.5969111,False,4,1,0
6/24/2025 11:22:33 AM,1750756953402,Right,-0.9345587,0.9656742,0.6482347,-0.03364092,0.7892122,0.427074,-0.8809958,0.942555,0.6415625,0.7261176,0.5665607,0.3851043,-0.501319,1.518907,0.5385188,-0.8793042,0.8882517,0.5911518,False,4,1,0
6/24/2025 11:22:33 AM,1750756953416,Right,-0.940524,0.9543231,0.6474454,-0.04195911,0.7890332,0.4291962,-0.8867687,0.9324091,0.6422266,0.7261176,0.5665607,0.3851043,-0.5131192,1.515784,0.5378697,-0.8848749,0.8799553,0.5899012,False,4,1,0
6/24/2025 11:22:33 AM,1750756953443,Right,-0.9521053,0.932845,0.644442,-0.05804968,0.7879853,0.433634,-0.8998802,0.9102696,0.6420763,0.7261176,0.5665607,0.3851043,-0.5365669,1.509337,0.536739,-0.8961193,0.8597394,0.5879884,False,4,1,0
6/24/2025 11:22:33 AM,1750756953457,Right,-0.9580098,0.9224793,0.6430231,-0.06610012,0.787206,0.4364089,-0.9064004,0.901258,0.6407852,0.7261176,0.5665607,0.3851043,-0.5484928,1.506099,0.5361053,-0.9017573,0.8506661,0.5868237,False,4,1,0
6/24/2025 11:22:33 AM,1750756953471,Right,-0.9638724,0.9121268,0.6419841,-0.07432604,0.7861539,0.4396178,-0.9127576,0.8924087,0.6396476,0.7261176,0.5665607,0.3851043,-0.5605778,1.503057,0.5354569,-0.9074605,0.8427073,0.5849242,False,4,1,0
6/24/2025 11:22:33 AM,1750756953499,Right,-0.9758076,0.8921457,0.63984,-0.09122515,0.7841896,0.4457325,-0.9263051,0.877721,0.6357781,0.7261176,0.5665607,0.3851043,-0.5859097,1.49782,0.5338271,-0.9209661,0.8304004,0.5789872,False,4,1,0
6/24/2025 11:22:33 AM,1750756953513,Right,-0.9810424,0.8829216,0.6364747,-0.1000708,0.7842045,0.4490471,-0.9320791,0.868247,0.6342255,0.7261176,0.5665607,0.3851043,-0.5999901,1.496139,0.5322746,-0.9260185,0.8223866,0.5763202,False,4,1,0
6/24/2025 11:22:33 AM,1750756953541,Right,-0.9889433,0.8665164,0.6282549,-0.1163978,0.787674,0.4556565,-0.9396234,0.8517216,0.6288339,0.7261176,0.5665607,0.3851043,-0.6274992,1.49103,0.529399,-0.9306414,0.80431,0.5725809,False,4,1,0
6/24/2025 11:22:33 AM,1750756953554,Right,-0.9924739,0.8592407,0.6240145,-0.1236964,0.790673,0.4593861,-0.9432549,0.8442401,0.6263307,0.7261176,0.5665607,0.3851043,-0.6406177,1.488363,0.5275625,-0.9329479,0.7957339,0.5712503,False,4,1,0
6/24/2025 11:22:33 AM,1750756953582,Right,-1.001057,0.8465923,0.615931,-0.1387062,0.7981374,0.4681771,-0.9518856,0.8301238,0.6228451,0.7261176,0.5665607,0.3851043,-0.6655753,1.481827,0.5242391,-0.9391043,0.7788593,0.5708689,False,4,1,0
6/24/2025 11:22:33 AM,1750756953596,Right,-1.006448,0.8407312,0.6128961,-0.1476107,0.8016164,0.4729753,-0.9580648,0.824207,0.6212896,0.7261176,0.5665607,0.3851043,-0.6773476,1.478865,0.5226946,-0.9442104,0.7714458,0.5711174,False,4,1,0
6/24/2025 11:22:33 AM,1750756953624,Right,-1.016792,0.8303267,0.6083622,-0.1667806,0.8076104,0.4828643,-0.9716643,0.8133702,0.6201345,0.7261176,0.5665607,0.3851043,-0.7005818,1.472685,0.5195227,-0.956039,0.7572271,0.5743443,False,4,1,0
6/24/2025 11:22:33 AM,1750756953638,Right,-1.021235,0.8253084,0.6056626,-0.1760145,0.8102984,0.4877417,-0.978277,0.8074476,0.6214099,0.7261176,0.5665607,0.3851043,-0.7112853,1.468862,0.517803,-0.9620984,0.7493541,0.5783247,False,4,1,0
6/24/2025 11:22:33 AM,1750756953652,Right,-1.024942,0.8201466,0.6012503,-0.1852959,0.8131575,0.4928224,-0.9841132,0.8020264,0.6208507,0.7261176,0.5665607,0.3851043,-0.7219797,1.464513,0.5153044,-0.9675757,0.7418278,0.580906,False,4,1,0
6/24/2025 11:22:33 AM,1750756953680,Right,-1.030117,0.8076875,0.5897614,-0.2024091,0.8172153,0.502905,-0.9938374,0.7909482,0.6157381,0.7261176,0.5665607,0.3851043,-0.7440582,1.454418,0.5108497,-0.9771556,0.7268749,0.5824324,False,4,1,0
6/24/2025 11:22:33 AM,1750756953693,Right,-1.032142,0.801237,0.584745,-0.2103054,0.8183634,0.5077837,-0.9988278,0.7857468,0.6121165,0.7261176,0.5665607,0.3851043,-0.7538621,1.449823,0.508601,-0.9824307,0.7198768,0.5823639,False,4,1,0
6/24/2025 11:22:33 AM,1750756953721,Right,-1.034975,0.7871911,0.5762407,-0.2260616,0.8211234,0.5164013,-1.00455,0.7753726,0.6016462,0.7261176,0.5665607,0.3851043,-0.7708895,1.439855,0.5040237,-0.9894064,0.7062647,0.5795617,False,4,1,0
6/24/2025 11:22:33 AM,1750756953735,Right,-1.036188,0.7804003,0.572314,-0.2336247,0.8227472,0.5201415,-1.006112,0.7701567,0.5953138,0.7261176,0.5665607,0.3851043,-0.779579,1.434842,0.5009143,-0.9917337,0.6998181,0.57691,False,4,1,0
6/24/2025 11:22:33 AM,1750756953762,Right,-1.03973,0.7704811,0.5662,-0.2453539,0.8247514,0.5263561,-1.010784,0.7614348,0.5821259,0.7261176,0.5665607,0.3851043,-0.7978732,1.422757,0.4941349,-0.9983379,0.6893024,0.5705083,False,4,1,0
6/24/2025 11:22:33 AM,1750756953777,Right,-1.041462,0.7653272,0.5628417,-0.2501904,0.8254265,0.5291975,-1.012983,0.7566386,0.5763153,0.7261176,0.5665607,0.3851043,-0.8067505,1.416483,0.4904587,-1.00171,0.6838878,0.5677611,False,4,1,0
6/24/2025 11:22:33 AM,1750756953790,Right,-1.042406,0.7590451,0.5588924,-0.2548849,0.8259578,0.5320146,-1.014277,0.7510337,0.5703201,0.7261176,0.5665607,0.3851043,-0.814854,1.410217,0.4866763,-1.004293,0.6777998,0.5648364,False,4,1,0
6/24/2025 11:22:33 AM,1750756953818,Right,-1.042463,0.7446346,0.5505126,-0.2639544,0.8257422,0.537567,-1.013291,0.7374023,0.5577781,0.7261176,0.5665607,0.3851043,-0.8295946,1.398034,0.4795271,-1.005387,0.6637118,0.5573667,False,4,1,0
6/24/2025 11:22:33 AM,1750756953833,Right,-1.041023,0.7367096,0.5459862,-0.2682647,0.8252944,0.5402035,-1.012466,0.7299705,0.5517542,0.7261176,0.5665607,0.3851043,-0.8365303,1.391239,0.4758166,-1.005643,0.6561949,0.5536406,False,4,1,0
6/24/2025 11:22:33 AM,1750756953860,Right,-1.037525,0.7193084,0.5376058,-0.2782434,0.8259873,0.5447197,-1.009992,0.7136344,0.5408801,0.7261176,0.5665607,0.3851043,-0.8501229,1.376862,0.4678823,-1.005895,0.6399286,0.5474834,False,4,1,0
6/24/2025 11:22:33 AM,1750756953874,Right,-1.035749,0.7103237,0.5338234,-0.2828916,0.825996,0.5465915,-1.007574,0.7044962,0.5355882,0.7261176,0.5665607,0.3851043,-0.8569437,1.36955,0.4637483,-1.004795,0.6309747,0.5445213,False,4,1,0
6/24/2025 11:22:33 AM,1750756953901,Right,-1.032617,0.6925224,0.527118,-0.2908906,0.8237991,0.5499597,-1.005686,0.6871532,0.5282906,0.7261176,0.5665607,0.3851043,-0.869382,1.35445,0.4556664,-1.003171,0.6137795,0.5384355,False,4,1,0
6/24/2025 11:22:33 AM,1750756953916,Right,-1.031151,0.6829759,0.5241845,-0.2953939,0.8226286,0.550983,-1.004836,0.6778055,0.5253168,0.7261176,0.5665607,0.3851043,-0.8751062,1.346489,0.451508,-1.002344,0.6045376,0.5362044,False,4,1,0
6/24/2025 11:22:33 AM,1750756953943,Right,-1.028545,0.6631045,0.518888,-0.3049676,0.8207478,0.5522475,-1.003614,0.6585204,0.5197537,0.7261176,0.5665607,0.3851043,-0.885851,1.329533,0.4435706,-1.001432,0.5855476,0.532527,False,4,1,0
6/24/2025 11:22:33 AM,1750756953957,Right,-1.027612,0.6533937,0.5164902,-0.310029,0.8194103,0.5517024,-1.003212,0.6491938,0.5170895,0.7261176,0.5665607,0.3851043,-0.8909065,1.321545,0.4395013,-1.001363,0.5763489,0.5306227,False,4,1,0
6/24/2025 11:22:33 AM,1750756953971,Right,-1.02731,0.6441686,0.5145037,-0.3152639,0.8181488,0.5506817,-1.003466,0.6401184,0.5151448,0.7261176,0.5665607,0.3851043,-0.8954977,1.313121,0.4353019,-1.001617,0.5672735,0.528678,False,4,1,0
6/24/2025 11:22:33 AM,1750756953998,Right,-1.028424,0.6256062,0.5118976,-0.3265327,0.8164389,0.5476099,-1.004938,0.6218531,0.5120534,0.7261176,0.5665607,0.3851043,-0.9046605,1.295843,0.4262427,-1.002946,0.5490227,0.5256445,False,4,1,0
6/24/2025 11:22:34 AM,1750756954013,Right,-1.028664,0.6158988,0.5104977,-0.3317809,0.8154332,0.54664,-1.005286,0.6123726,0.5105139,0.7261176,0.5665607,0.3851043,-0.9090616,1.287017,0.4215895,-1.003025,0.5395779,0.524253,False,4,1,0
6/24/2025 11:22:34 AM,1750756954040,Right,-1.030516,0.5945119,0.508836,-0.3422344,0.8126116,0.5417988,-1.007302,0.591373,0.5079052,0.7261176,0.5665607,0.3851043,-0.9178221,1.26751,0.4122461,-1.003837,0.5186791,0.5219243,False,4,1,0
6/24/2025 11:22:34 AM,1750756954054,Right,-1.031153,0.5839391,0.5078139,-0.3475608,0.8114685,0.5400312,-1.009026,0.5810112,0.5067607,0.7261176,0.5665607,0.3851043,-0.9214681,1.258044,0.4084216,-1.005072,0.5084003,0.5210769,False,4,1,0
6/24/2025 11:22:34 AM,1750756954082,Right,-1.030476,0.5619228,0.5057003,-0.3581669,0.8091374,0.5366018,-1.009495,0.5595303,0.5036116,0.7261176,0.5665607,0.3851043,-0.9276863,1.239273,0.4003603,-1.004899,0.4873158,0.5196393,False,4,1,0
6/24/2025 11:22:34 AM,1750756954096,Right,-1.029782,0.5508991,0.5046585,-0.3632664,0.807718,0.5352056,-1.009256,0.5486566,0.5021994,0.7261176,0.5665607,0.3851043,-0.9308657,1.228917,0.3959347,-1.0043,0.4765902,0.5187765,False,4,1,0
6/24/2025 11:22:34 AM,1750756954124,Right,-1.02959,0.5298062,0.5030296,-0.3725942,0.8045454,0.5325986,-1.009629,0.5276881,0.5000399,0.7261176,0.5665607,0.3851043,-0.9364422,1.208495,0.3882836,-1.004788,0.4558068,0.5174346,False,4,1,0
6/24/2025 11:22:34 AM,1750756954138,Right,-1.029999,0.5190463,0.5023893,-0.3760337,0.8024583,0.5315422,-1.01035,0.517038,0.4992327,0.7261176,0.5665607,0.3851043,-0.9389156,1.198073,0.3841002,-1.005817,0.4453106,0.5173315,False,4,1,0
6/24/2025 11:22:34 AM,1750756954152,Right,-1.030384,0.5083206,0.501456,-0.3789092,0.8001666,0.5309507,-1.010765,0.5064268,0.497751,0.7261176,0.5665607,0.3851043,-0.941218,1.188145,0.3796778,-1.006505,0.4349025,0.5167002,False,4,1,0
6/24/2025 11:22:34 AM,1750756954180,Right,-1.030809,0.4873907,0.4987614,-0.3837654,0.7956541,0.5302949,-1.011397,0.485595,0.4944844,0.7261176,0.5665607,0.3851043,-0.946063,1.167714,0.3720707,-1.007068,0.414194,0.5138776,False,4,1,0
6/24/2025 11:22:34 AM,1750756954193,Right,-1.031191,0.4774285,0.4968601,-0.385448,0.7935764,0.5301144,-1.012024,0.475518,0.492503,0.7261176,0.5665607,0.3851043,-0.9482444,1.157382,0.3687039,-1.007669,0.4040707,0.5117193,False,4,1,0
6/24/2025 11:22:34 AM,1750756954221,Right,-1.031638,0.4562447,0.4933587,-0.3867189,0.7884377,0.5314288,-1.013004,0.4545209,0.4888019,0.7261176,0.5665607,0.3851043,-0.951191,1.13644,0.3621102,-1.008463,0.3832349,0.508566,False,4,1,0
6/24/2025 11:22:34 AM,1750756954235,Right,-1.031569,0.4455145,0.4916965,-0.3869666,0.7856355,0.5325541,-1.013069,0.4438338,0.4870136,0.7261176,0.5665607,0.3851043,-0.9527692,1.126129,0.3590982,-1.008426,0.3727016,0.5073012,False,4,1,0
6/24/2025 11:22:34 AM,1750756954263,Right,-1.031315,0.4247717,0.4883628,-0.3869413,0.7805542,0.534485,-1.012987,0.4228215,0.4832939,0.7261176,0.5665607,0.3851043,-0.9551033,1.105236,0.3535058,-1.008283,0.3519736,0.5045397,False,4,1,0
6/24/2025 11:22:34 AM,1750756954277,Right,-1.031328,0.4149099,0.4866873,-0.3857055,0.7778046,0.535785,-1.013213,0.41311,0.4814342,0.7261176,0.5665607,0.3851043,-0.9569929,1.095581,0.3501303,-1.008714,0.3423616,0.5030528,False,4,1,0
6/24/2025 11:22:34 AM,1750756954291,Right,-1.031539,0.4050953,0.4850433,-0.3836587,0.7745934,0.5376062,-1.013517,0.4031762,0.4797069,0.7261176,0.5665607,0.3851043,-0.9579425,1.085099,0.3475522,-1.009452,0.3325341,0.5017546,False,4,1,0
6/24/2025 11:22:34 AM,1750756954318,Right,-1.031858,0.3856739,0.4815874,-0.3792934,0.7685125,0.5416945,-1.013468,0.3837428,0.4759377,0.7261176,0.5665607,0.3851043,-0.9600363,1.065418,0.3424219,-1.008897,0.3131733,0.4981187,False,4,1,0
6/24/2025 11:22:34 AM,1750756954332,Right,-1.032084,0.3759453,0.4800936,-0.3768328,0.7657326,0.5440656,-1.013565,0.3740368,0.4742618,0.7261176,0.5665607,0.3851043,-0.961008,1.055918,0.3399335,-1.008173,0.3034915,0.4963348,False,4,1,0
6/24/2025 11:22:34 AM,1750756954359,Right,-1.031983,0.3572762,0.4771637,-0.3722444,0.7605738,0.5486357,-1.01387,0.3554069,0.4712957,0.7261176,0.5665607,0.3851043,-0.962843,1.037154,0.3352206,-1.007041,0.2849363,0.4932091,False,4,1,0
6/24/2025 11:22:34 AM,1750756954374,Right,-1.031528,0.3485011,0.4756341,-0.3696895,0.7583593,0.5504864,-1.014136,0.346496,0.4697763,0.7261176,0.5665607,0.3851043,-0.9637211,1.028225,0.3330255,-1.00717,0.2760737,0.4918018,False,4,1,0
6/24/2025 11:22:34 AM,1750756954401,Right,-1.02967,0.3301614,0.4730968,-0.3650051,0.754313,0.5529881,-1.012676,0.3284277,0.4672636,0.7261176,0.5665607,0.3851043,-0.9652353,1.010586,0.328687,-1.006296,0.2581653,0.4899665,False,4,1,0
6/24/2025 11:22:34 AM,1750756954415,Right,-1.028079,0.3209164,0.4720844,-0.3626316,0.7524133,0.5540922,-1.011225,0.3193902,0.466223,0.7261176,0.5665607,0.3851043,-0.9656485,1.002223,0.3266796,-1.004932,0.2492815,0.4894202,False,4,1,0
6/24/2025 11:22:34 AM,1750756954443,Right,-1.025119,0.3031272,0.4702783,-0.3581111,0.7491236,0.5564702,-1.00866,0.3018818,0.4641441,0.7261176,0.5665607,0.3851043,-0.9664494,0.986368,0.3231713,-1.002569,0.2321909,0.4886189,False,4,1,0
6/24/2025 11:22:34 AM,1750756954457,Right,-1.024275,0.2950793,0.4695703,-0.35602,0.7476177,0.5577285,-1.007883,0.2939419,0.4631478,0.7261176,0.5665607,0.3851043,-0.9670684,0.9787605,0.3212994,-1.002079,0.2245466,0.4885159,False,4,1,0
6/24/2025 11:22:34 AM,1750756954471,Right,-1.023824,0.2874763,0.4687358,-0.3540943,0.7462327,0.5590532,-1.00739,0.2862932,0.4621016,0.7261176,0.5665607,0.3851043,-0.9675744,0.971657,0.3194889,-1.00178,0.2170562,0.4879416,False,4,1,0
6/24/2025 11:22:34 AM,1750756954499,Right,-1.023588,0.2744027,0.466364,-0.3508154,0.7437387,0.5615023,-1.007623,0.2730606,0.459878,0.7261176,0.5665607,0.3851043,-0.9687111,0.9581833,0.3156605,-1.001515,0.2037895,0.4855127,False,4,1,0
6/24/2025 11:22:34 AM,1750756954513,Right,-1.023888,0.2681273,0.4654101,-0.3495881,0.7426516,0.5625746,-1.008153,0.2670028,0.4588304,0.7261176,0.5665607,0.3851043,-0.9692486,0.9516861,0.3136787,-1.002206,0.1977719,0.4846114,False,4,1,0
6/24/2025 11:22:34 AM,1750756954540,Right,-1.024759,0.256626,0.4636579,-0.3482839,0.7410308,0.5644318,-1.007847,0.255296,0.4565386,0.7261176,0.5665607,0.3851043,-0.9701377,0.9393198,0.3103571,-1.001412,0.1861087,0.4823192,False,4,1,0
6/24/2025 11:22:34 AM,1750756954554,Right,-1.024767,0.2513343,0.4624541,-0.347763,0.7402568,0.5654067,-1.008251,0.2500389,0.4555347,0.7261176,0.5665607,0.3851043,-0.9703606,0.9339836,0.308989,-1.00161,0.1808861,0.4813558,False,4,1,0
6/24/2025 11:22:34 AM,1750756954581,Right,-1.024808,0.2415504,0.4597642,-0.3471816,0.739015,0.5672808,-1.008626,0.2401606,0.4529464,0.7261176,0.5665607,0.3851043,-0.9709377,0.9244131,0.3061489,-1.001984,0.1710079,0.4787675,False,4,1,0
6/24/2025 11:22:34 AM,1750756954595,Right,-1.024972,0.2369447,0.4585545,-0.3470097,0.7384883,0.5680814,-1.008848,0.2355478,0.451618,0.7261176,0.5665607,0.3851043,-0.9715714,0.9199321,0.304527,-1.002106,0.1664227,0.4774867,False,4,1,0
6/24/2025 11:22:34 AM,1750756954609,Right,-1.025099,0.2325581,0.4574301,-0.3469327,0.7380328,0.5686816,-1.009207,0.2313684,0.4505729,0.7261176,0.5665607,0.3851043,-0.9722455,0.915678,0.3030421,-1.002186,0.1622716,0.4764434,False,4,1,0
6/24/2025 11:22:34 AM,1750756954638,Right,-1.025196,0.2253659,0.4552834,-0.3472796,0.7374601,0.5691938,-1.009313,0.2239722,0.4484163,0.7261176,0.5665607,0.3851043,-0.973043,0.9084035,0.3008381,-1.002196,0.1550145,0.4746295,False,4,1,0
6/24/2025 11:22:34 AM,1750756954651,Right,-1.025544,0.2223651,0.4542595,-0.3478988,0.7373402,0.5691611,-1.009611,0.2208103,0.4473979,0.7261176,0.5665607,0.3851043,-0.9734836,0.9053729,0.2997886,-1.002494,0.1518526,0.4736111,False,4,1,0
6/24/2025 11:22:34 AM,1750756954679,Right,-1.026095,0.2166875,0.4523357,-0.3493611,0.7371494,0.5689948,-1.010196,0.2155607,0.4454048,0.7261176,0.5665607,0.3851043,-0.9744385,0.9000812,0.2972564,-1.002873,0.1467943,0.4720597,False,4,1,0
6/24/2025 11:22:34 AM,1750756954693,Right,-1.026184,0.2142624,0.4513268,-0.3502154,0.737071,0.5686792,-1.010404,0.2131247,0.4442194,0.7261176,0.5665607,0.3851043,-0.975096,0.8979406,0.2962001,-1.002755,0.1444818,0.4711002,False,4,1,0
6/24/2025 11:22:34 AM,1750756954721,Right,-1.026884,0.2116892,0.4493494,-0.3521115,0.7369196,0.5678953,-1.010805,0.2103196,0.4421243,0.7261176,0.5665607,0.3851043,-0.9759981,0.8954254,0.2943987,-1.0031,0.1416634,0.4689552,False,4,1,0
6/24/2025 11:22:34 AM,1750756954735,Right,-1.02726,0.2105368,0.4483758,-0.3529745,0.7368328,0.567414,-1.011338,0.2094599,0.4412541,0.7261176,0.5665607,0.3851043,-0.976555,0.894558,0.2935454,-1.003535,0.1407814,0.4679992,False,4,1,0
6/24/2025 11:22:34 AM,1750756954762,Right,-1.026873,0.2098402,0.4467797,-0.354639,0.7368397,0.5660083,-1.011222,0.2086916,0.4398722,0.7261176,0.5665607,0.3851043,-0.9780059,0.8938925,0.2919217,-1.002775,0.1400887,0.4666163,False,4,1,0
6/24/2025 11:22:34 AM,1750756954776,Right,-1.026697,0.2099423,0.446161,-0.3558908,0.7369283,0.5653191,-1.011229,0.2090087,0.4393087,0.7261176,0.5665607,0.3851043,-0.9787702,0.8942139,0.2910724,-1.002471,0.1405002,0.4661941,False,4,1,0
6/24/2025 11:22:34 AM,1750756954791,Right,-1.026858,0.2108601,0.4458662,-0.35764,0.7370292,0.5644574,-1.011428,0.2095673,0.4387089,0.7261176,0.5665607,0.3851043,-0.9795058,0.8947247,0.2900242,-1.002739,0.1411643,0.4658839,False,4,1,0
6/24/2025 11:22:34 AM,1750756954818,Right,-1.027079,0.2131971,0.4457331,-0.3603935,0.7375049,0.5632746,-1.012037,0.2121153,0.438397,0.7261176,0.5665607,0.3851043,-0.9814147,0.8973276,0.2885733,-1.003348,0.1437123,0.4655721,False,4,1,0
6/24/2025 11:22:34 AM,1750756954833,Right,-1.027141,0.2139615,0.4452718,-0.3617025,0.7378467,0.5626409,-1.012172,0.2130404,0.4378547,0.7261176,0.5665607,0.3851043,-0.9825855,0.8990416,0.2879657,-1.003484,0.1446375,0.4650298,False,4,1,0
6/24/2025 11:22:34 AM,1750756954860,Right,-1.027585,0.2167433,0.4439299,-0.3645144,0.7386836,0.5615634,-1.012475,0.2160749,0.4364435,0.7261176,0.5665607,0.3851043,-0.9851043,0.9034005,0.2865742,-1.003831,0.147633,0.4635347,False,4,1,0
6/24/2025 11:22:34 AM,1750756954873,Right,-1.027841,0.2185254,0.4435138,-0.3672419,0.7394578,0.5604162,-1.01291,0.2181063,0.4360636,0.7261176,0.5665607,0.3851043,-0.9864098,0.9058973,0.2857653,-1.004111,0.1496841,0.4631546,False,4,1,0
6/24/2025 11:22:34 AM,1750756954901,Right,-1.028804,0.2233663,0.4430383,-0.3727331,0.7411143,0.5576108,-1.014004,0.2227444,0.4355727,0.7261176,0.5665607,0.3851043,-0.9893773,0.9112248,0.2846091,-1.004922,0.1543498,0.4626404,False,4,1,0
6/24/2025 11:22:34 AM,1750756954916,Right,-1.029814,0.2255022,0.4433622,-0.3749996,0.7418981,0.5563904,-1.014977,0.2251647,0.4357845,0.7261176,0.5665607,0.3851043,-0.9907593,0.9144233,0.2844924,-1.005895,0.1567702,0.4628521,False,4,1,0
6/24/2025 11:22:34 AM,1750756954944,Right,-1.033438,0.2333944,0.4437342,-0.3795002,0.7436813,0.5537552,-1.018444,0.2325923,0.4360059,0.7261176,0.5665607,0.3851043,-0.9934087,0.9211016,0.2840446,-1.009308,0.1641903,0.4630363,False,4,1,0
6/24/2025 11:22:34 AM,1750756954957,Right,-1.03482,0.2364019,0.4441063,-0.3817298,0.7446749,0.5521886,-1.019744,0.2361177,0.436222,0.7261176,0.5665607,0.3851043,-0.9946403,0.9245647,0.2836749,-1.010506,0.167703,0.4631855,False,4,1,0
6/24/2025 11:22:34 AM,1750756954971,Right,-1.03573,0.2394665,0.4446797,-0.3837691,0.7457386,0.5505505,-1.020464,0.2393084,0.4367054,0.7261176,0.5665607,0.3851043,-0.9955999,0.9282675,0.2834955,-1.010862,0.1709137,0.4635921,False,4,1,0
6/24/2025 11:22:34 AM,1750756954999,Right,-1.037156,0.2464196,0.4456292,-0.3871302,0.7477896,0.5477438,-1.022397,0.2462873,0.4376908,0.7261176,0.5665607,0.3851043,-0.9976159,0.9358544,0.2831629,-1.011507,0.1779899,0.4643331,False,4,1,0
6/24/2025 11:22:35 AM,1750756955012,Right,-1.03769,0.2504074,0.4458461,-0.3888149,0.7488235,0.5460733,-1.023206,0.2504071,0.4379821,0.7261176,0.5665607,0.3851043,-0.9987722,0.9398328,0.2831361,-1.012201,0.1820105,0.4643208,False,4,1,0
6/24/2025 11:22:35 AM,1750756955041,Right,-1.038247,0.2598961,0.4460189,-0.3922487,0.7509109,0.5422873,-1.023982,0.2593704,0.4378263,0.7261176,0.5665607,0.3851043,-1.000759,0.9482865,0.2830316,-1.013055,0.1909065,0.4640222,False,4,1,0
6/24/2025 11:22:35 AM,1750756955054,Right,-1.038972,0.2651834,0.4460402,-0.393975,0.7518401,0.540866,-1.024552,0.2646199,0.4376584,0.7261176,0.5665607,0.3851043,-1.001524,0.9526491,0.2829373,-1.013623,0.1960465,0.463566,False,4,1,0
6/24/2025 11:22:35 AM,1750756955082,Right,-1.040306,0.2758617,0.4459966,-0.3972145,0.7536139,0.5380381,-1.025503,0.2749162,0.4371533,0.7261176,0.5665607,0.3851043,-1.003075,0.9618856,0.2832117,-1.014199,0.2060719,0.4621657,False,4,1,0
6/24/2025 11:22:35 AM,1750756955096,Right,-1.040282,0.2806138,0.4463453,-0.3986241,0.7543852,0.5365216,-1.025545,0.2796887,0.4376647,0.7261176,0.5665607,0.3851043,-1.003814,0.9663314,0.2832442,-1.013883,0.2106721,0.4620292,False,4,1,0
6/24/2025 11:22:35 AM,1750756955124,Right,-1.03937,0.2896365,0.4478747,-0.4011233,0.7558032,0.5341443,-1.025239,0.2887694,0.439868,0.7261176,0.5665607,0.3851043,-1.004775,0.9746692,0.2837629,-1.0126,0.2195148,0.4630415,False,4,1,0
6/24/2025 11:22:35 AM,1750756955138,Right,-1.039136,0.2942408,0.4487337,-0.402267,0.7564473,0.5330584,-1.024939,0.2932338,0.4405953,0.7261176,0.5665607,0.3851043,-1.004773,0.978525,0.2839127,-1.01239,0.2238885,0.4635449,False,4,1,0
6/24/2025 11:22:35 AM,1750756955151,Right,-1.039374,0.2985416,0.4498062,-0.4036005,0.7570902,0.5316478,-1.025213,0.2974671,0.441425,0.7261176,0.5665607,0.3851043,-1.004889,0.9825827,0.2837207,-1.012663,0.2281218,0.4643747,False,4,1,0
6/24/2025 11:22:35 AM,1750756955179,Right,-1.041016,0.3065374,0.4519162,-0.4061983,0.7581435,0.5287253,-1.026608,0.3051879,0.4429797,0.7261176,0.5665607,0.3851043,-1.005557,0.9897453,0.2832419,-1.01389,0.2357632,0.4655935,False,4,1,0
6/24/2025 11:22:35 AM,1750756955194,Right,-1.042364,0.3095275,0.4532474,-0.4072136,0.7582267,0.5276314,-1.027683,0.3083673,0.4441684,0.7261176,0.5665607,0.3851043,-1.005672,0.9927568,0.2831348,-1.014837,0.2388982,0.4665729,False,4,1,0
6/24/2025 11:22:35 AM,1750756955221,Right,-1.04324,0.3133449,0.4557067,-0.4092279,0.7581505,0.5253692,-1.028918,0.3126611,0.4469213,0.7261176,0.5665607,0.3851043,-1.005224,0.997213,0.2837422,-1.015643,0.2432115,0.4691359,False,4,1,0
6/24/2025 11:22:35 AM,1750756955235,Right,-1.042862,0.314102,0.456344,-0.4101663,0.758103,0.524161,-1.028503,0.313223,0.4475042,0.7261176,0.5665607,0.3851043,-1.0051,0.9991173,0.2836541,-1.015483,0.2438058,0.469969,False,4,1,0
6/24/2025 11:22:35 AM,1750756955262,Right,-1.042169,0.3149058,0.4583414,-0.4108146,0.7571536,0.5226377,-1.027857,0.3143137,0.4491924,0.7261176,0.5665607,0.3851043,-1.005545,1.001214,0.2825226,-1.015619,0.2450536,0.4725636,False,4,1,0
6/24/2025 11:22:35 AM,1750756955277,Right,-1.042142,0.3133329,0.4592444,-0.4111291,0.7566303,0.5217649,-1.027816,0.3133609,0.4499276,0.7261176,0.5665607,0.3851043,-1.005696,1.001199,0.2819427,-1.016208,0.2441743,0.473832,False,4,1,0
6/24/2025 11:22:35 AM,1750756955291,Right,-1.042259,0.3114577,0.460088,-0.4115213,0.7561728,0.52062,-1.027903,0.3117707,0.4506739,0.7261176,0.5665607,0.3851043,-1.005448,1.000669,0.2817088,-1.016637,0.2426427,0.4749092,False,4,1,0
6/24/2025 11:22:35 AM,1750756955318,Right,-1.042925,0.3054849,0.4616306,-0.4118538,0.7551486,0.5186746,-1.028298,0.3066569,0.4523877,0.7261176,0.5665607,0.3851043,-1.004822,0.9975278,0.2808443,-1.016993,0.2375863,0.4767674,False,4,1,0
6/24/2025 11:22:35 AM,1750756955333,Right,-1.043437,0.301372,0.4622524,-0.4117823,0.754782,0.5178591,-1.028649,0.3024094,0.4529271,0.7261176,0.5665607,0.3851043,-1.004544,0.9948962,0.2803004,-1.017201,0.2334527,0.4775619,False,4,1,0
6/24/2025 11:22:35 AM,1750756955360,Right,-1.044364,0.2916689,0.4630451,-0.4110997,0.7541555,0.5160694,-1.029611,0.2930559,0.4531654,0.7261176,0.5665607,0.3851043,-1.004057,0.9876798,0.2794081,-1.017318,0.2245116,0.4785329,False,4,1,0
6/24/2025 11:22:35 AM,1750756955374,Right,-1.044757,0.2864899,0.4632291,-0.4106583,0.7538106,0.5154961,-1.029955,0.2879832,0.4532359,0.7261176,0.5665607,0.3851043,-1.003448,0.9833247,0.2792508,-1.017547,0.2195904,0.4789535,False,4,1,0
6/24/2025 11:22:35 AM,1750756955401,Right,-1.045108,0.2737291,0.4628893,-0.4098133,0.7530492,0.5154569,-1.030103,0.2759821,0.4529385,0.7261176,0.5665607,0.3851043,-1.001716,0.9731308,0.2793005,-1.017674,0.2077999,0.4791996,False,4,1,0
6/24/2025 11:22:35 AM,1750756955416,Right,-1.044922,0.2674021,0.462846,-0.4094186,0.7527682,0.5157287,-1.029809,0.2696869,0.4531289,0.7261176,0.5665607,0.3851043,-1.000891,0.9677198,0.2793638,-1.01738,0.2015046,0.47939,False,4,1,0
6/24/2025 11:22:35 AM,1750756955443,Right,-1.043852,0.2537156,0.4621488,-0.4077277,0.7519556,0.517269,-1.029011,0.2565525,0.452974,0.7261176,0.5665607,0.3851043,-1.000242,0.9561059,0.2796395,-1.01667,0.1885141,0.479646,False,4,1,0
6/24/2025 11:22:35 AM,1750756955457,Right,-1.0433,0.2469608,0.4615134,-0.4063153,0.7513052,0.5185552,-1.028541,0.2499444,0.4523949,0.7261176,0.5665607,0.3851043,-1.000293,0.9500307,0.2794171,-1.01632,0.1820317,0.4794401,False,4,1,0
6/24/2025 11:22:35 AM,1750756955471,Right,-1.04286,0.2402472,0.4608773,-0.4051281,0.7508541,0.520003,-1.028116,0.2432313,0.4516561,0.7261176,0.5665607,0.3851043,-0.9998909,0.9436173,0.2791891,-1.016109,0.1754783,0.4791933,False,4,1,0
6/24/2025 11:22:35 AM,1750756955499,Right,-1.042042,0.2276898,0.45996,-0.4031127,0.7499622,0.5232402,-1.027113,0.2304886,0.4503672,0.7261176,0.5665607,0.3851043,-0.998145,0.9309309,0.2788646,-1.015397,0.1629551,0.4785615,False,4,1,0
6/24/2025 11:22:35 AM,1750756955513,Right,-1.041221,0.2217883,0.4592758,-0.4019553,0.749501,0.5247867,-1.026323,0.2244685,0.4497955,0.7261176,0.5665607,0.3851043,-0.9972016,0.9243054,0.2787424,-1.014607,0.156935,0.4779897,False,4,1,0
6/24/2025 11:22:35 AM,1750756955541,Right,-1.039133,0.2104498,0.4581119,-0.3993267,0.7483917,0.5275404,-1.024071,0.2128625,0.4484882,0.7261176,0.5665607,0.3851043,-0.995994,0.9120326,0.2786785,-1.012355,0.145329,0.4766825,False,4,1,0
6/24/2025 11:22:35 AM,1750756955555,Right,-1.037787,0.204747,0.4580539,-0.3981696,0.7478313,0.5288882,-1.022658,0.2072126,0.4485562,0.7261176,0.5665607,0.3851043,-0.9954491,0.9061571,0.2785982,-1.010996,0.1396871,0.4767917,False,4,1,0
6/24/2025 11:22:35 AM,1750756955582,Right,-1.034045,0.1937557,0.4583535,-0.3950451,0.7463542,0.5317551,-1.019452,0.1961464,0.4489574,0.7261176,0.5665607,0.3851043,-0.9941099,0.8948209,0.2784856,-1.007592,0.1288066,0.4775514,False,4,1,0
6/24/2025 11:22:35 AM,1750756955596,Right,-1.031804,0.1886535,0.4586562,-0.3930641,0.7454146,0.5332291,-1.017371,0.1911363,0.4493599,0.7261176,0.5665607,0.3851043,-0.9936344,0.8897623,0.2783133,-1.005436,0.1239482,0.4782779,False,4,1,0
6/24/2025 11:22:35 AM,1750756955624,Right,-1.028108,0.180175,0.459776,-0.3899458,0.7436986,0.5359235,-1.013967,0.1819436,0.4500693,0.7261176,0.5665607,0.3851043,-0.9925775,0.8799361,0.2780638,-1.002496,0.1150465,0.479837,False,4,1,0
6/24/2025 11:22:35 AM,1750756955638,Right,-1.027088,0.1767953,0.4607477,-0.3886848,0.7428377,0.5370367,-1.012995,0.1784626,0.4507853,0.7261176,0.5665607,0.3851043,-0.9921817,0.8755571,0.2779366,-1.001658,0.1115797,0.4806363,False,4,1,0
6/24/2025 11:22:35 AM,1750756955652,Right,-1.026268,0.173639,0.4620507,-0.3871984,0.7418904,0.5381926,-1.012386,0.175256,0.4520609,0.7261176,0.5665607,0.3851043,-0.9916903,0.871407,0.2781264,-1.001283,0.108494,0.4822684,False,4,1,0
6/24/2025 11:22:35 AM,1750756955679,Right,-1.02564,0.1682755,0.4653226,-0.3849371,0.7402386,0.5406113,-1.01162,0.1696537,0.4550879,0.7261176,0.5665607,0.3851043,-0.990807,0.8646435,0.2789356,-1.000904,0.1031049,0.4858997,False,4,1,0
6/24/2025 11:22:35 AM,1750756955694,Right,-1.02556,0.1662267,0.4672245,-0.384508,0.7396855,0.5418864,-1.011289,0.1675029,0.4568588,0.7261176,0.5665607,0.3851043,-0.9905742,0.861855,0.2793747,-1.000054,0.101121,0.4878455,False,4,1,0
6/24/2025 11:22:35 AM,1750756955721,Right,-1.025897,0.1631868,0.4704206,-0.3844627,0.738893,0.5439788,-1.011506,0.1640613,0.4599739,0.7261176,0.5665607,0.3851043,-0.9902629,0.8575288,0.2799091,-1.00039,0.0978012,0.4912626,False,4,1,0
6/24/2025 11:22:35 AM,1750756955735,Right,-1.026158,0.1623,0.4714159,-0.3848248,0.7387162,0.5445679,-1.011917,0.1629628,0.4607769,0.7261176,0.5665607,0.3851043,-0.9906964,0.8559254,0.2797551,-1.000751,0.09671705,0.4920782,False,4,1,0
6/24/2025 11:22:35 AM,1750756955763,Right,-1.026447,0.1610224,0.4726086,-0.3864177,0.7387282,0.5448856,-1.012177,0.1614398,0.4616444,0.7261176,0.5665607,0.3851043,-0.9919667,0.8535331,0.2797608,-1.000785,0.09511057,0.4926858,False,4,1,0
6/24/2025 11:22:35 AM,1750756955777,Right,-1.026223,0.160568,0.4726828,-0.3871443,0.7388452,0.5446104,-1.012187,0.1609288,0.4617871,0.7261176,0.5665607,0.3851043,-0.9929002,0.8525229,0.2794665,-1.000584,0.09445573,0.4924406,False,4,1,0
6/24/2025 11:22:35 AM,1750756955791,Right,-1.025805,0.1604414,0.4724561,-0.3875844,0.7387975,0.5444839,-1.011931,0.1608308,0.4615536,0.7261176,0.5665607,0.3851043,-0.9937835,0.8517574,0.279388,-1.000256,0.09422567,0.4918912,False,4,1,0
6/24/2025 11:22:35 AM,1750756955819,Right,-1.025038,0.1598503,0.4720925,-0.389025,0.7385274,0.5444258,-1.011366,0.1602523,0.4611611,0.7261176,0.5665607,0.3851043,-0.9955534,0.850986,0.2791918,-0.9998221,0.09357873,0.4913985,False,4,1,0
6/24/2025 11:22:35 AM,1750756955833,Right,-1.024912,0.1592431,0.4722157,-0.3895708,0.7383925,0.5441419,-1.01135,0.1596768,0.4613054,0.7261176,0.5665607,0.3851043,-0.9964717,0.8507056,0.2791313,-0.999857,0.09299357,0.4915411,False,4,1,0
6/24/2025 11:22:35 AM,1750756955860,Right,-1.025179,0.1584778,0.4721326,-0.3902789,0.73795,0.5434239,-1.011828,0.1589777,0.4612769,0.7261176,0.5665607,0.3851043,-0.9982465,0.8503568,0.279529,-1.00042,0.09232697,0.4916162,False,4,1,0
6/24/2025 11:22:35 AM,1750756955874,Right,-1.02555,0.158102,0.4720924,-0.3904691,0.7377552,0.5430609,-1.012524,0.1587202,0.461462,0.7261176,0.5665607,0.3851043,-0.9990966,0.8503644,0.2798073,-1.001116,0.0920694,0.4918012,False,4,1,0
6/24/2025 11:22:35 AM,1750756955902,Right,-1.026588,0.1581908,0.4713874,-0.3921532,0.7371274,0.5415494,-1.013326,0.158926,0.4607925,0.7261176,0.5665607,0.3851043,-1.000571,0.8509032,0.2801577,-1.002011,0.09227256,0.491161,False,4,1,0
6/24/2025 11:22:35 AM,1750756955916,Right,-1.028031,0.1575201,0.4702264,-0.3933871,0.7366486,0.540212,-1.014271,0.1582536,0.4593858,0.7261176,0.5665607,0.3851043,-1.001426,0.8510385,0.2802683,-1.002896,0.09156957,0.4896642,False,4,1,0
6/24/2025 11:22:35 AM,1750756955944,Right,-1.028378,0.1570313,0.4684711,-0.3956371,0.7358072,0.5374507,-1.014507,0.1578484,0.4571574,0.7261176,0.5665607,0.3851043,-1.003268,0.8519257,0.2809213,-1.002658,0.09103179,0.486958,False,4,1,0
6/24/2025 11:22:35 AM,1750756955957,Right,-1.027737,0.1564092,0.4678854,-0.3966882,0.7355387,0.5361861,-1.013566,0.157424,0.4561274,0.7261176,0.5665607,0.3851043,-1.003984,0.8527271,0.2812347,-1.001333,0.09047229,0.4854662,False,4,1,0
