ts_datetime,ts_unix_ms,primary_grab_hand,pt_x,pt_y,pt_z,st_x,st_y,st_z,pv_x,pv_y,pv_z,sv_x,sv_y,sv_z,hmd_x,hmd_y,hmd_z,ee_x,ee_y,ee_z,shovel_loaded_state,cube_max_target_reached,grab_count,collision_or_load_count
6/26/2025 5:44:26 PM,1750952666079,Left,-0.9517722,0.1178815,0.4291081,-0.6100817,0.4370696,0.5007006,-0.9517694,0.1178671,0.4290993,0.1,3,0,-0.8278379,0.6794387,0.4228936,-0.9780631,0.06000001,0.5001206,False,1,1,0
6/26/2025 5:44:26 PM,1750952666093,Left,-0.9516275,0.1177497,0.4289013,-0.6101599,0.4370106,0.5008017,-0.9524329,0.1176109,0.4285529,0.1,3,0,-0.8279877,0.6792633,0.4229165,-0.9789377,0.05970257,0.4994619,False,1,1,0
6/26/2025 5:44:26 PM,1750952666121,Left,-0.9502931,0.1177449,0.4291788,-0.6103261,0.4369203,0.5009962,-0.9518674,0.1170425,0.4277015,0.1,3,0,-0.8283691,0.6790807,0.4230937,-0.9790343,0.05880304,0.4980869,False,1,1,0
6/26/2025 5:44:26 PM,1750952666134,Left,-0.9495282,0.1167014,0.4308329,-0.6104281,0.4368514,0.5010298,-0.9500492,0.116063,0.4288157,0.1,3,0,-0.8286483,0.6790829,0.4231439,-0.9769411,0.05743646,0.498985,False,1,1,0
6/26/2025 5:44:26 PM,1750952666162,Left,-0.9485638,0.1168587,0.4327163,-0.6106219,0.4367136,0.5011284,-0.9477773,0.1170186,0.4325768,0.1,3,0,-0.8291056,0.6789955,0.4229401,-0.9735531,0.05805982,0.5028865,False,1,1,0
6/26/2025 5:44:26 PM,1750952666175,Left,-0.9488244,0.1170247,0.4333808,-0.6107187,0.4366388,0.5012373,-0.9490315,0.1171332,0.4327458,0.1,3,0,-0.8293386,0.6789751,0.4228693,-0.9740815,0.05815851,0.5033041,False,1,1,0
6/26/2025 5:44:26 PM,1750952666203,Left,-0.9498434,0.118296,0.4333794,-0.6109347,0.4365304,0.501531,-0.9509324,0.1187585,0.4329588,0.1,3,0,-0.8296118,0.6790952,0.4229065,-0.9760158,0.05987597,0.5035821,False,1,1,0
6/26/2025 5:44:26 PM,1750952666218,Left,-0.9498065,0.1188288,0.4342307,-0.6109784,0.4364696,0.5016208,-0.9507084,0.1195036,0.4339357,0.1,3,0,-0.8296752,0.6790946,0.4228581,-0.9758072,0.06082745,0.5047251,False,1,1,0
6/26/2025 5:44:26 PM,1750952666231,Left,-0.9494939,0.1188969,0.4348572,-0.6109941,0.4364278,0.5016704,-0.9496158,0.1195121,0.434684,0.1,3,0,-0.8297279,0.6790313,0.4227619,-0.9745005,0.06111978,0.505783,False,1,1,0
6/26/2025 5:44:26 PM,1750952666259,Left,-0.9491522,0.1193448,0.4356256,-0.6110544,0.4361877,0.5017788,-0.9497647,0.118919,0.4346951,0.1,3,0,-0.8296947,0.6787378,0.4228085,-0.9736107,0.06125279,0.5067365,False,1,1,0
6/26/2025 5:44:26 PM,1750952666273,Left,-0.9494214,0.1195936,0.4352419,-0.611084,0.4360778,0.5018129,-0.9504118,0.1190747,0.4341697,0.1,3,0,-0.8296816,0.6786036,0.4228404,-0.9745268,0.06146982,0.5061706,False,1,1,0
6/26/2025 5:44:26 PM,1750952666301,Left,-0.9498825,0.1217759,0.4355797,-0.6111486,0.4359233,0.5019472,-0.950749,0.1202565,0.4344198,0.1,3,0,-0.8296788,0.6785967,0.4227229,-0.9749942,0.06291133,0.506584,False,1,1,0
6/26/2025 5:44:26 PM,1750952666315,Left,-0.9501116,0.12357,0.4354167,-0.6111906,0.4358619,0.5019921,-0.9507706,0.1222006,0.4349453,0.1,3,0,-0.8295968,0.678928,0.4227422,-0.9750193,0.06514736,0.5073394,False,1,1,0
6/26/2025 5:44:26 PM,1750952666343,Left,-0.9505548,0.1278489,0.4350426,-0.6112664,0.435806,0.5018014,-0.9514826,0.1262067,0.4347443,0.1,3,0,-0.8293376,0.6802627,0.4226022,-0.9758729,0.07003994,0.5077811,False,1,1,0
6/26/2025 5:44:26 PM,1750952666357,Left,-0.9505785,0.1303948,0.4348978,-0.6113124,0.4358212,0.5017258,-0.9515511,0.1282478,0.434147,0.1,3,0,-0.8288314,0.6819528,0.4221562,-0.97626,0.07269318,0.507544,False,1,1,0
6/26/2025 5:44:26 PM,1750952666384,Left,-0.9506173,0.1367403,0.4345702,-0.6115441,0.4362411,0.5014759,-0.9510062,0.1328139,0.4335408,0.1,3,0,-0.8279142,0.6840693,0.4222661,-0.976541,0.07894609,0.5079062,False,1,1,0
6/26/2025 5:44:26 PM,1750952666398,Left,-0.9506402,0.1407271,0.4343475,-0.611753,0.4368596,0.5011767,-0.9507905,0.1357209,0.4332537,0.1,3,0,-0.8273892,0.6855177,0.4226489,-0.9766471,0.08278805,0.5081772,False,1,1,0
6/26/2025 5:44:26 PM,1750952666412,Left,-0.9506273,0.1453048,0.4339255,-0.6119254,0.437692,0.5007948,-0.9506806,0.1394972,0.4329406,0.1,3,0,-0.8269393,0.6874927,0.4228271,-0.9769468,0.08705628,0.5080673,False,1,1,0
6/26/2025 5:44:26 PM,1750952666440,Left,-0.9501238,0.1543736,0.4334575,-0.6124301,0.4410028,0.4998467,-0.9502531,0.1473232,0.4327903,0.1,3,0,-0.8263774,0.6923441,0.423327,-0.976828,0.09533541,0.5081231,False,1,1,0
6/26/2025 5:44:26 PM,1750952666454,Left,-0.9499969,0.1586344,0.433235,-0.6127148,0.4431855,0.4994267,-0.9500757,0.151439,0.4327577,0.1,3,0,-0.8259795,0.6951314,0.4237391,-0.9767435,0.09947212,0.508072,False,1,1,0
6/26/2025 5:44:26 PM,1750952666481,Left,-0.9498663,0.1681786,0.4326451,-0.6132667,0.4487373,0.4984621,-0.9498109,0.1597866,0.4325089,0.1,3,0,-0.8253479,0.7018163,0.4250309,-0.976725,0.1082298,0.5080173,False,1,1,0
6/26/2025 5:44:26 PM,1750952666495,Left,-0.9499781,0.1731619,0.4322169,-0.6134088,0.4511,0.4978943,-0.9496452,0.1647656,0.4324143,0.1,3,0,-0.8251922,0.7056843,0.4256902,-0.9764021,0.1134863,0.5081671,False,1,1,0
6/26/2025 5:44:26 PM,1750952666523,Left,-0.9504659,0.1835132,0.4317318,-0.6134713,0.456535,0.4964358,-0.9501134,0.1740475,0.4320474,0.1,3,0,-0.8253655,0.7144355,0.4274373,-0.976493,0.1236877,0.5085458,False,1,1,0
6/26/2025 5:44:26 PM,1750952666537,Left,-0.9507196,0.188505,0.4315675,-0.6135178,0.4591961,0.4959131,-0.9504465,0.1791743,0.43219,0.1,3,0,-0.8253436,0.7188517,0.4284294,-0.9768262,0.1288146,0.5086883,False,1,1,0
6/26/2025 5:44:26 PM,1750952666564,Left,-0.9518344,0.1991497,0.4320304,-0.6135669,0.4657384,0.495101,-0.9516153,0.1894533,0.432915,0.1,3,0,-0.8249733,0.7283535,0.4308932,-0.9782081,0.1391139,0.5093528,False,1,1,0
6/26/2025 5:44:26 PM,1750952666579,Left,-0.9524133,0.2044767,0.4326291,-0.6135941,0.4691863,0.4948676,-0.9519675,0.1946084,0.4334013,0.1,3,0,-0.8245306,0.7333419,0.4321002,-0.9786533,0.1442628,0.5098027,False,1,1,0
6/26/2025 5:44:26 PM,1750952666593,Left,-0.9528732,0.2099154,0.4334899,-0.613584,0.4728889,0.4950068,-0.9521915,0.1998325,0.4343394,0.1,3,0,-0.8236439,0.738497,0.4334848,-0.9789804,0.1494204,0.5106608,False,1,1,0
6/26/2025 5:44:26 PM,1750952666620,Left,-0.9527583,0.220961,0.4357897,-0.6134067,0.4803105,0.4954054,-0.9500259,0.2103028,0.4371041,0.1,3,0,-0.8222351,0.7490472,0.4360462,-0.9767388,0.1596982,0.5133247,False,1,1,0
6/26/2025 5:44:26 PM,1750952666634,Left,-0.9532707,0.2267728,0.4367034,-0.6132519,0.4842486,0.4958248,-0.95065,0.2162446,0.4381781,0.1,3,0,-0.8214641,0.7544719,0.4373729,-0.9770136,0.1654932,0.5144227,False,1,1,0
6/26/2025 5:44:26 PM,1750952666662,Left,-0.9546945,0.2388365,0.4383116,-0.612818,0.4921453,0.4974149,-0.9524766,0.2284171,0.4399237,0.1,3,0,-0.8196728,0.7656561,0.4401957,-0.9787503,0.178061,0.5164609,False,1,1,0
6/26/2025 5:44:26 PM,1750952666676,Left,-0.9553258,0.245043,0.4391881,-0.6125162,0.4960502,0.4983122,-0.9527701,0.234386,0.4408514,0.1,3,0,-0.8187785,0.7714384,0.4416535,-0.9790323,0.1844352,0.5176576,False,1,1,0
6/26/2025 5:44:26 PM,1750952666704,Left,-0.9555922,0.2572736,0.4414407,-0.6118138,0.503705,0.4999106,-0.9526293,0.2467266,0.4434108,0.1,3,0,-0.816958,0.7829168,0.4443542,-0.9787647,0.1971614,0.5205095,False,1,1,0
6/26/2025 5:44:26 PM,1750952666718,Left,-0.9547124,0.2630548,0.443308,-0.6111331,0.507696,0.5009358,-0.9515783,0.2523736,0.4451528,0.1,3,0,-0.8162661,0.7887713,0.4457438,-0.977708,0.2028321,0.5222687,False,1,1,0
6/26/2025 5:44:26 PM,1750952666731,Left,-0.9538298,0.268563,0.4448203,-0.6105218,0.5115666,0.5017209,-0.9507869,0.2580512,0.4465635,0.1,3,0,-0.8152409,0.7946512,0.4470341,-0.9769026,0.2085454,0.523707,False,1,1,0
6/26/2025 5:44:26 PM,1750952666759,Left,-0.9522398,0.2790697,0.4474896,-0.6093736,0.5193885,0.5032195,-0.9484385,0.2685434,0.4493061,0.1,3,0,-0.8130295,0.8061421,0.4497546,-0.9742631,0.2189766,0.5265085,False,1,1,0
6/26/2025 5:44:26 PM,1750952666773,Left,-0.9508665,0.2845071,0.4487525,-0.6087751,0.5234796,0.5038947,-0.947155,0.2741644,0.4506611,0.1,3,0,-0.8113451,0.8118579,0.4510837,-0.9724615,0.2246529,0.5280702,False,1,1,0
6/26/2025 5:44:26 PM,1750952666801,Left,-0.9483385,0.2950295,0.4513814,-0.6075482,0.5318101,0.5053451,-0.9444709,0.2848843,0.453171,0.1,3,0,-0.8082409,0.8232555,0.4536623,-0.9684026,0.2352465,0.5309357,False,1,1,0
6/26/2025 5:44:26 PM,1750952666815,Left,-0.9472241,0.300393,0.4523691,-0.6068544,0.5362223,0.5060381,-0.9435666,0.290411,0.4542026,0.1,3,0,-0.8066475,0.8290052,0.4550751,-0.9669248,0.2406006,0.5320312,False,1,1,0
6/26/2025 5:44:26 PM,1750952666843,Left,-0.9455757,0.3111341,0.4539409,-0.6054816,0.5450526,0.5070621,-0.9420323,0.3014515,0.4560966,0.1,3,0,-0.803736,0.8402312,0.4579819,-0.9649153,0.2511648,0.53376,False,1,1,0
6/26/2025 5:44:26 PM,1750952666857,Left,-0.9449306,0.3164681,0.4546218,-0.6047168,0.5495024,0.5075511,-0.941487,0.3067136,0.4567139,0.1,3,0,-0.802284,0.8456417,0.4594933,-0.964633,0.2559752,0.5340046,False,1,1,0
6/26/2025 5:44:26 PM,1750952666884,Left,-0.9437349,0.3272796,0.4556893,-0.6029711,0.5585977,0.5085117,-0.9396684,0.3176395,0.4583179,0.1,3,0,-0.7991092,0.8566345,0.4626737,-0.9636481,0.2659047,0.5346885,False,1,1,0
6/26/2025 5:44:26 PM,1750952666898,Left,-0.941057,0.3330142,0.4575083,-0.6021564,0.5631879,0.5089229,-0.9370674,0.3222794,0.4593864,0.1,3,0,-0.7975423,0.8622558,0.4642216,-0.9613188,0.2702407,0.5354642,False,1,1,0
6/26/2025 5:44:26 PM,1750952666912,Left,-0.9369352,0.338988,0.4597975,-0.6012619,0.5676956,0.5094151,-0.9330151,0.3270743,0.4611704,0.1,3,0,-0.795841,0.8678653,0.4656188,-0.9574668,0.2748218,0.5370372,False,1,1,0
6/26/2025 5:44:26 PM,1750952666940,Left,-0.9309077,0.3501839,0.462927,-0.5989022,0.5764565,0.5109383,-0.9246813,0.3385574,0.4650448,0.1,3,0,-0.7924051,0.8790162,0.468701,-0.9493323,0.2860622,0.5406792,False,1,1,0
6/26/2025 5:44:26 PM,1750952666954,Left,-0.9309916,0.3558731,0.4631304,-0.5977337,0.5806882,0.5116054,-0.9245154,0.3446837,0.4658308,0.1,3,0,-0.7906532,0.884393,0.4701283,-0.9490979,0.2921965,0.5414931,False,1,1,0
6/26/2025 5:44:26 PM,1750952666981,Left,-0.9314747,0.3676727,0.4633732,-0.5954535,0.5888789,0.5127496,-0.9271439,0.3573913,0.4666496,0.1,3,0,-0.7867575,0.8948475,0.4729754,-0.9497835,0.3042818,0.5424837,False,1,1,0
6/26/2025 5:44:26 PM,1750952666996,Left,-0.929996,0.3732887,0.4642617,-0.5940037,0.5929421,0.5135163,-0.9258,0.3627258,0.4673724,0.1,3,0,-0.7846797,0.9003872,0.4743419,-0.9484406,0.309575,0.5431772,False,1,1,0
6/26/2025 5:44:27 PM,1750952667023,Left,-0.9262934,0.3839511,0.4661787,-0.5914001,0.6011756,0.5148387,-0.9219396,0.3722907,0.4685794,0.1,3,0,-0.7808976,0.9115447,0.4772239,-0.9446058,0.3188952,0.5442044,False,1,1,0
6/26/2025 5:44:27 PM,1750952667037,Left,-0.9235945,0.3892801,0.4672523,-0.5903668,0.6053402,0.5153114,-0.9197427,0.3772874,0.4693652,0.1,3,0,-0.7790883,0.9171304,0.4787575,-0.9424402,0.3237108,0.5448526,False,1,1,0
6/26/2025 5:44:27 PM,1750952667065,Left,-0.9180043,0.3997061,0.4694892,-0.5876882,0.6136653,0.5164918,-0.9135386,0.3874775,0.4716756,0.1,3,0,-0.775136,0.9283237,0.4815997,-0.9362999,0.3335184,0.5468708,False,1,1,0
6/26/2025 5:44:27 PM,1750952667078,Left,-0.9165258,0.4052899,0.470107,-0.5862055,0.6177348,0.5170476,-0.9117457,0.3935224,0.4727575,0.1,3,0,-0.7730393,0.9340621,0.4830347,-0.9345342,0.3393809,0.5478132,False,1,1,0
6/26/2025 5:44:27 PM,1750952667093,Left,-0.915988,0.4110834,0.4704238,-0.5848064,0.621776,0.5174654,-0.9106575,0.3997856,0.4737313,0.1,3,0,-0.7706971,0.9397094,0.4844452,-0.9334545,0.3454694,0.548658,False,1,1,0
6/26/2025 5:44:27 PM,1750952667120,Left,-0.9162214,0.4225677,0.4707819,-0.581867,0.6296414,0.5176473,-0.9111124,0.4121377,0.4748507,0.1,3,0,-0.7662597,0.9512343,0.4877329,-0.934046,0.3572326,0.5493051,False,1,1,0
6/26/2025 5:44:27 PM,1750952667134,Left,-0.9153991,0.4278474,0.4713763,-0.5802393,0.6336678,0.5178536,-0.9109237,0.41772,0.4756253,0.1,3,0,-0.7639191,0.9567507,0.489374,-0.9342203,0.3622872,0.5495743,False,1,1,0
6/26/2025 5:44:27 PM,1750952667162,Left,-0.9113429,0.4376259,0.4732957,-0.5767136,0.641779,0.518325,-0.9063936,0.428095,0.4781784,0.1,3,0,-0.7592726,0.967275,0.4929056,-0.930378,0.3719869,0.5513946,False,1,1,0
6/26/2025 5:44:27 PM,1750952667175,Left,-0.9091687,0.4423379,0.4744418,-0.5748687,0.645804,0.5185776,-0.9027834,0.432626,0.4796864,0.1,3,0,-0.7564867,0.9722657,0.4945369,-0.9267698,0.3766736,0.553021,False,1,1,0
6/26/2025 5:44:27 PM,1750952667204,Left,-0.9074717,0.4521698,0.4761459,-0.5710564,0.6535234,0.5189031,-0.9010174,0.4429268,0.4816726,0.1,3,0,-0.7512493,0.9829085,0.4976071,-0.9238139,0.3870473,0.555441,False,1,1,0
6/26/2025 5:44:27 PM,1750952667218,Left,-0.9075937,0.4571386,0.4769224,-0.5690856,0.6571994,0.5189084,-0.9009451,0.4482732,0.4826979,0.1,3,0,-0.7484961,0.9882755,0.4992409,-0.9236385,0.3923199,0.5564421,False,1,1,0
6/26/2025 5:44:27 PM,1750952667231,Left,-0.9071507,0.4620706,0.4779036,-0.5671575,0.6608921,0.5188164,-0.9000751,0.4534648,0.4837782,0.1,3,0,-0.7458568,0.9936757,0.5007437,-0.9228473,0.3976407,0.5575961,False,1,1,0
6/26/2025 5:44:27 PM,1750952667259,Left,-0.9043181,0.471678,0.4802001,-0.5630023,0.668093,0.5185269,-0.8959426,0.4631196,0.4865146,0.1,3,0,-0.7402494,1.004221,0.5045248,-0.9188936,0.407699,0.5605807,False,1,1,0
6/26/2025 5:44:27 PM,1750952667273,Left,-0.9025836,0.4764479,0.4813622,-0.5606856,0.6716166,0.5184124,-0.8937504,0.4681481,0.487882,0.1,3,0,-0.7369895,1.009601,0.5062608,-0.9165653,0.4127637,0.5620172,False,1,1,0
6/26/2025 5:44:27 PM,1750952667301,Left,-0.8998775,0.48612,0.4836597,-0.5559711,0.6786497,0.5184191,-0.889856,0.4784162,0.4905981,0.1,3,0,-0.7312911,1.020678,0.5091345,-0.9122427,0.4232754,0.5650448,False,1,1,0
6/26/2025 5:44:27 PM,1750952667315,Left,-0.8992612,0.4909571,0.4846443,-0.5535152,0.6821663,0.5184381,-0.8886811,0.4837276,0.4918666,0.1,3,0,-0.7286518,1.026665,0.5109125,-0.9109243,0.4287305,0.5664624,False,1,1,0
6/26/2025 5:44:27 PM,1750952667342,Left,-0.8981588,0.5009829,0.4862287,-0.5488234,0.6892543,0.5182452,-0.8862368,0.4950369,0.4945204,0.1,3,0,-0.7232597,1.038383,0.5144533,-0.9082378,0.4403582,0.5694215,False,1,1,0
6/26/2025 5:44:27 PM,1750952667356,Left,-0.897203,0.5057697,0.4871083,-0.5464022,0.6929554,0.5182548,-0.8842484,0.5003759,0.4959651,0.1,3,0,-0.720505,1.044183,0.5164826,-0.9061133,0.4459136,0.5710635,False,1,1,0
6/26/2025 5:44:27 PM,1750952667385,Left,-0.8936813,0.5148851,0.4890676,-0.5414543,0.700809,0.5183519,-0.8790504,0.5104821,0.4988078,0.1,3,0,-0.7149711,1.055742,0.5206401,-0.9005808,0.4565901,0.5744125,False,1,1,0
6/26/2025 5:44:27 PM,1750952667398,Left,-0.8909881,0.5196652,0.4901155,-0.5391929,0.7048717,0.518199,-0.8761628,0.5156903,0.5001035,0.1,3,0,-0.7121427,1.061724,0.5226671,-0.8974629,0.4621719,0.5760381,False,1,1,0
6/26/2025 5:44:27 PM,1750952667412,Left,-0.8892672,0.5244586,0.4909232,-0.5369596,0.7089235,0.5180598,-0.8742147,0.5210238,0.501201,0.1,3,0,-0.7093046,1.06774,0.5245157,-0.895256,0.4679316,0.577506,False,1,1,0
6/26/2025 5:44:27 PM,1750952667440,Left,-0.8862808,0.5338849,0.4924147,-0.5324762,0.7173423,0.5181878,-0.8704278,0.530888,0.5029687,0.1,3,0,-0.7020428,1.079285,0.5280902,-0.8909948,0.4786494,0.5799889,False,1,1,0
6/26/2025 5:44:27 PM,1750952667454,Left,-0.8842583,0.5386456,0.4934009,-0.5302892,0.721498,0.5180583,-0.8676974,0.5356231,0.5040138,0.1,3,0,-0.6977892,1.084789,0.5303634,-0.88801,0.4838557,0.5814186,False,1,1,0
6/26/2025 5:44:27 PM,1750952667482,Left,-0.8782995,0.5483671,0.4958719,-0.5261667,0.7296659,0.5168892,-0.861156,0.5445449,0.5061063,0.1,3,0,-0.688977,1.09581,0.53511,-0.8805407,0.4941556,0.58465,False,1,1,0
6/26/2025 5:44:27 PM,1750952667495,Left,-0.8750978,0.5530213,0.4975119,-0.5237808,0.7334772,0.5162878,-0.8585101,0.5487935,0.5070319,0.1,3,0,-0.6846225,1.10156,0.5376897,-0.877023,0.4993647,0.5863921,False,1,1,0
6/26/2025 5:44:27 PM,1750952667523,Left,-0.8700361,0.5616317,0.5002258,-0.5190301,0.7408878,0.5149029,-0.8556507,0.5585791,0.5104243,0.1,3,0,-0.6743958,1.111918,0.5439727,-0.8703254,0.5081344,0.5899476,False,1,1,0
6/26/2025 5:44:27 PM,1750952667536,Left,-0.8679788,0.5651536,0.5012599,-0.5167508,0.7443655,0.5143027,-0.8526764,0.562533,0.511853,0.1,3,0,-0.6678305,1.116591,0.5472363,-0.8671446,0.5120413,0.5913844,False,1,1,0
6/26/2025 5:44:27 PM,1750952667564,Left,-0.8633614,0.5719625,0.5034984,-0.5117967,0.7506496,0.513611,-0.8456532,0.5696289,0.5147915,0.1,3,0,-0.6541057,1.125625,0.5531284,-0.8597971,0.5192018,0.5944221,False,1,1,0
6/26/2025 5:44:27 PM,1750952667579,Left,-0.8610816,0.5753981,0.5046755,-0.5093677,0.7537248,0.5131477,-0.8423926,0.5734645,0.5162636,0.1,3,0,-0.6471844,1.13005,0.5557759,-0.856217,0.5230553,0.5959617,False,1,1,0
6/26/2025 5:44:27 PM,1750952667593,Left,-0.8588436,0.5787761,0.5058908,-0.5070329,0.7568915,0.5125144,-0.8393943,0.5771764,0.5177229,0.1,3,0,-0.6407228,1.134531,0.5583756,-0.8527703,0.5267669,0.5974972,False,1,1,0
6/26/2025 5:44:27 PM,1750952667621,Left,-0.8573246,0.5819421,0.5083284,-0.5032363,0.7611668,0.5096188,-0.8362448,0.5815293,0.5201283,0.1,3,0,-0.6281524,1.141753,0.5618106,-0.8488441,0.5307887,0.5998191,False,1,1,0
6/26/2025 5:44:27 PM,1750952667634,Left,-0.8566234,0.5842631,0.5095079,-0.5012293,0.7637887,0.509324,-0.8340605,0.5843555,0.5215226,0.1,3,0,-0.6213007,1.14503,0.5631216,-0.8463102,0.5336275,0.601276,False,1,1,0
6/26/2025 5:44:27 PM,1750952667661,Left,-0.8545735,0.5892709,0.5116881,-0.4969356,0.7692778,0.5085074,-0.8299389,0.5896432,0.5238642,0.1,3,0,-0.6073411,1.151701,0.5661231,-0.8421885,0.5389153,0.6036175,False,1,1,0
6/26/2025 5:44:27 PM,1750952667675,Left,-0.8546963,0.5894388,0.5124394,-0.4948792,0.7708758,0.508638,-0.8286801,0.5907939,0.524426,0.1,3,0,-0.6011403,1.154274,0.5660995,-0.8410282,0.5400901,0.6041796,False,1,1,0
6/26/2025 5:44:27 PM,1750952667703,Left,-0.8527031,0.5921044,0.5144261,-0.4908507,0.7748099,0.507154,-0.8241343,0.5939949,0.5264369,0.1,3,0,-0.5891798,1.159314,0.5678636,-0.8361477,0.5432672,0.6062263,False,1,1,0
6/26/2025 5:44:27 PM,1750952667718,Left,-0.8517556,0.5934374,0.5154246,-0.4888256,0.7767612,0.5065018,-0.8221191,0.5954027,0.5273296,0.1,3,0,-0.5830045,1.161543,0.5683899,-0.8339092,0.5446505,0.6071367,False,1,1,0
6/26/2025 5:44:27 PM,1750952667732,Left,-0.850754,0.5949025,0.5163436,-0.4868226,0.7785739,0.5059165,-0.8200831,0.5971398,0.5281683,0.1,3,0,-0.5769646,1.163863,0.5687579,-0.8316283,0.5464255,0.6080353,False,1,1,0
6/26/2025 5:44:27 PM,1750952667759,Left,-0.8497376,0.5973921,0.5179384,-0.482795,0.7808689,0.5047008,-0.8177427,0.6001025,0.5294175,0.1,3,0,-0.5665612,1.168101,0.5691803,-0.8283669,0.5499713,0.6097789,False,1,1,0
6/26/2025 5:44:27 PM,1750952667773,Left,-0.8491061,0.598268,0.5188646,-0.4806881,0.7818463,0.5039088,-0.8161128,0.6012189,0.5301682,0.1,3,0,-0.5619502,1.169956,0.5692652,-0.826737,0.5510877,0.6105297,False,1,1,0
6/26/2025 5:44:27 PM,1750952667801,Left,-0.8469424,0.5996864,0.5209329,-0.4767251,0.7831148,0.5021372,-0.8121248,0.603301,0.531952,0.1,3,0,-0.5538056,1.172671,0.5689812,-0.8220946,0.5531394,0.6123784,False,1,1,0
6/26/2025 5:44:27 PM,1750952667815,Left,-0.8457973,0.6004547,0.5219389,-0.4747977,0.7837792,0.5013101,-0.8100761,0.6041943,0.5327175,0.1,3,0,-0.5498817,1.174077,0.5685558,-0.8197127,0.5540803,0.6132141,False,1,1,0
6/26/2025 5:44:27 PM,1750952667843,Left,-0.8439641,0.6012644,0.5236685,-0.4708443,0.7850359,0.4997156,-0.8074625,0.6052394,0.5337369,0.1,3,0,-0.5428154,1.176238,0.5674691,-0.8160666,0.555104,0.6143371,False,1,1,0
6/26/2025 5:44:27 PM,1750952667857,Left,-0.843555,0.6014718,0.5243348,-0.4688144,0.7857322,0.4989374,-0.8067783,0.6057584,0.5341358,0.1,3,0,-0.5391438,1.177098,0.5669386,-0.8147244,0.5556145,0.6147982,False,1,1,0
6/26/2025 5:44:27 PM,1750952667884,Left,-0.8427851,0.6013528,0.5256599,-0.4645627,0.7875406,0.4975121,-0.8051066,0.6062309,0.5348715,0.1,3,0,-0.5318427,1.178637,0.5655601,-0.8124248,0.5560067,0.6155434,False,1,1,0
6/26/2025 5:44:27 PM,1750952667898,Left,-0.8419654,0.6012897,0.5263096,-0.4622536,0.7885028,0.4967846,-0.8035665,0.6058801,0.5350215,0.1,3,0,-0.528692,1.179407,0.564589,-0.8106868,0.5555624,0.6156529,False,1,1,0
6/26/2025 5:44:27 PM,1750952667912,Left,-0.8410878,0.6010501,0.5269475,-0.4598901,0.789601,0.4959173,-0.8021641,0.6057962,0.5352651,0.1,3,0,-0.5255651,1.180108,0.5639945,-0.809105,0.5553293,0.6158188,False,1,1,0
6/26/2025 5:44:27 PM,1750952667940,Left,-0.8387589,0.6008409,0.5286754,-0.4551086,0.792471,0.493626,-0.7991956,0.6056719,0.5361094,0.1,3,0,-0.5208616,1.181501,0.5625962,-0.805672,0.5546635,0.6163601,False,1,1,0
6/26/2025 5:44:27 PM,1750952667954,Left,-0.8371964,0.6010422,0.5298549,-0.4526625,0.7942125,0.4924462,-0.797443,0.6059885,0.5369017,0.1,3,0,-0.5188866,1.182214,0.5619471,-0.8035513,0.5546085,0.616944,False,1,1,0
6/26/2025 5:44:27 PM,1750952667981,Left,-0.8319373,0.6026832,0.5333124,-0.447525,0.7982669,0.4900531,-0.7929952,0.6075025,0.5390526,0.1,3,0,-0.5146384,1.184267,0.5602301,-0.7983105,0.5553426,0.6186458,False,1,1,0
6/26/2025 5:44:27 PM,1750952667995,Left,-0.8286457,0.603807,0.5353642,-0.4449492,0.8002636,0.4886993,-0.7896841,0.6084966,0.5404303,0.1,3,0,-0.5125556,1.18543,0.559512,-0.7946334,0.5560093,0.6198316,False,1,1,0
6/26/2025 5:44:28 PM,1750952668023,Left,-0.8197505,0.6074124,0.5408369,-0.4394667,0.8042983,0.4850062,-0.7804289,0.6117399,0.5445541,0.1,3,0,-0.5086627,1.188439,0.5587814,-0.7845564,0.5587459,0.6236653,False,1,1,0
6/26/2025 5:44:28 PM,1750952668037,Left,-0.8150356,0.6097144,0.5441291,-0.436676,0.8059834,0.482905,-0.7751397,0.6141182,0.5474402,0.1,3,0,-0.5069234,1.189946,0.5586019,-0.7788171,0.5609578,0.626462,False,1,1,0
6/26/2025 5:44:28 PM,1750952668064,Left,-0.8078852,0.6138772,0.5510781,-0.4301686,0.8095087,0.4794875,-0.7683895,0.6185754,0.5531999,0.1,3,0,-0.5033484,1.193048,0.5574259,-0.7705181,0.5652055,0.6321372,False,1,1,0
6/26/2025 5:44:28 PM,1750952668078,Left,-0.8036873,0.616446,0.5553546,-0.4264483,0.8113359,0.4779686,-0.7654085,0.6211947,0.5564505,0.1,3,0,-0.5008001,1.19506,0.5565702,-0.7659909,0.5676666,0.6353072,False,1,1,0
6/26/2025 5:44:28 PM,1750952668093,Left,-0.7985888,0.6190023,0.5599642,-0.4229908,0.8130072,0.4760522,-0.7615674,0.6238072,0.5601276,0.1,3,0,-0.4979503,1.197292,0.5559505,-0.7605525,0.5701109,0.6388655,False,1,1,0
6/26/2025 5:44:28 PM,1750952668120,Left,-0.7873464,0.6245908,0.5697745,-0.415704,0.8161178,0.4725883,-0.7525454,0.6297312,0.5681202,0.1,3,0,-0.4926336,1.202904,0.5551112,-0.7483065,0.5757657,0.6465659,False,1,1,0
6/26/2025 5:44:28 PM,1750952668134,Left,-0.7809291,0.6282851,0.5755609,-0.4113803,0.8179232,0.4712415,-0.7474563,0.6332591,0.5726694,0.1,3,0,-0.4895589,1.206064,0.5552295,-0.7415555,0.5794041,0.6510836,False,1,1,0
6/26/2025 5:44:28 PM,1750952668162,Left,-0.76805,0.636518,0.5879028,-0.4025142,0.8220007,0.468951,-0.7360232,0.6406572,0.5827018,0.1,3,0,-0.4831583,1.211649,0.5554233,-0.7273355,0.5878313,0.6615556,False,1,1,0
6/26/2025 5:44:28 PM,1750952668175,Left,-0.7614307,0.6410092,0.5943657,-0.398248,0.8241813,0.4678391,-0.7301971,0.6442613,0.5875473,0.1,3,0,-0.4801781,1.214113,0.5555178,-0.7207501,0.5918913,0.6666176,False,1,1,0
6/26/2025 5:44:28 PM,1750952668203,Left,-0.7473078,0.6498777,0.6074568,-0.389596,0.8285351,0.4658898,-0.7176933,0.6521789,0.5983379,0.1,3,0,-0.4756134,1.219055,0.5556964,-0.7062977,0.6007434,0.6777641,False,1,1,0
6/26/2025 5:44:28 PM,1750952668217,Left,-0.7398272,0.6541069,0.6140325,-0.3852723,0.8306999,0.4649847,-0.7112046,0.6559181,0.6036022,0.1,3,0,-0.4732101,1.221632,0.555721,-0.6985361,0.6048663,0.683083,False,1,1,0
6/26/2025 5:44:28 PM,1750952668231,Left,-0.7329526,0.6577302,0.6206596,-0.3813481,0.8327285,0.464054,-0.7052,0.6591524,0.6089537,0.1,3,0,-0.4703028,1.224039,0.5559877,-0.6911054,0.6087762,0.6886253,False,1,1,0
6/26/2025 5:44:28 PM,1750952668259,Left,-0.7191856,0.6649335,0.634021,-0.3732734,0.8365837,0.4623271,-0.6932486,0.6656718,0.6199359,0.1,3,0,-0.4650962,1.228929,0.5576882,-0.677444,0.6164883,0.7000307,False,1,1,0
6/26/2025 5:44:28 PM,1750952668273,Left,-0.7112095,0.6686774,0.6406544,-0.3689182,0.838408,0.4616541,-0.6860415,0.6691259,0.6254879,0.1,3,0,-0.462146,1.231485,0.5585866,-0.6693912,0.6204206,0.7057035,False,1,1,0
6/26/2025 5:44:28 PM,1750952668301,Left,-0.6941261,0.67518,0.6537834,-0.3599365,0.8417094,0.4606388,-0.6698882,0.6751003,0.6362944,0.1,3,0,-0.4533226,1.235159,0.5605947,-0.6513899,0.6271161,0.7165397,False,1,1,0
6/26/2025 5:44:28 PM,1750952668315,Left,-0.6856072,0.6781656,0.6602472,-0.3554728,0.8431025,0.4600534,-0.6616905,0.6776143,0.6417267,0.1,3,0,-0.4493361,1.23662,0.5622054,-0.6420174,0.6299756,0.7218984,False,1,1,0
6/26/2025 5:44:28 PM,1750952668343,Left,-0.6686492,0.6837502,0.6727504,-0.3462806,0.8447199,0.4592304,-0.6470397,0.6820989,0.652593,0.1,3,0,-0.4415429,1.238512,0.5661001,-0.6242636,0.6355703,0.732595,False,1,1,0
6/26/2025 5:44:28 PM,1750952668357,Left,-0.6609199,0.6860415,0.6789103,-0.3416929,0.8450418,0.4589536,-0.6406386,0.6835399,0.6579419,0.1,3,0,-0.4364133,1.239046,0.5680732,-0.616032,0.6377496,0.7378277,False,1,1,0
6/26/2025 5:44:28 PM,1750952668384,Left,-0.6458826,0.6895831,0.6907954,-0.3327725,0.8442676,0.4586706,-0.6263638,0.6861774,0.6683467,0.1,3,0,-0.4242961,1.239015,0.5720649,-0.5998011,0.6411916,0.748063,False,1,1,0
6/26/2025 5:44:28 PM,1750952668398,Left,-0.6375828,0.6910013,0.6964469,-0.3281167,0.8437674,0.4585129,-0.6185414,0.6873497,0.6733747,0.1,3,0,-0.4176748,1.238879,0.5740433,-0.5909264,0.6427919,0.7529737,False,1,1,0
6/26/2025 5:44:28 PM,1750952668412,Left,-0.6291323,0.6916962,0.7017142,-0.3233948,0.8424835,0.4585191,-0.6103683,0.6875255,0.6779573,0.1,3,0,-0.4108744,1.238323,0.5760766,-0.5817067,0.6432471,0.7573419,False,1,1,0
6/26/2025 5:44:28 PM,1750952668440,Left,-0.6119297,0.6929236,0.7121124,-0.3139174,0.8399693,0.4591057,-0.5939201,0.6879243,0.6870093,0.1,3,0,-0.3975244,1.237029,0.5800008,-0.5634941,0.6439815,0.7659224,False,1,1,0
6/26/2025 5:44:28 PM,1750952668454,Left,-0.6033461,0.6931152,0.7171406,-0.3091972,0.8384024,0.4593242,-0.5855199,0.6875934,0.6914005,0.1,3,0,-0.390264,1.236258,0.5822687,-0.5542917,0.6437346,0.7700465,False,1,1,0
6/26/2025 5:44:28 PM,1750952668481,Left,-0.586014,0.6919242,0.7268485,-0.2997146,0.8347481,0.4596975,-0.5686609,0.6866254,0.7002493,0.1,3,0,-0.3740442,1.234741,0.5873721,-0.5358049,0.643024,0.7783734,False,1,1,0
6/26/2025 5:44:28 PM,1750952668495,Left,-0.5769708,0.6911825,0.7318989,-0.2943125,0.8326037,0.460058,-0.5596323,0.685683,0.7047482,0.1,3,0,-0.3662949,1.233877,0.5901201,-0.5261217,0.642319,0.7827263,False,1,1,0
6/26/2025 5:44:28 PM,1750952668523,Left,-0.5583668,0.6898724,0.7414774,-0.2840405,0.8291373,0.4608576,-0.5413827,0.684139,0.7135605,0.1,3,0,-0.3505225,1.23181,0.5959743,-0.5064816,0.6409654,0.7910326,False,1,1,0
6/26/2025 5:44:28 PM,1750952668537,Left,-0.5483828,0.6889432,0.7456975,-0.2792478,0.8277706,0.4614044,-0.5312997,0.6830276,0.7173458,0.1,3,0,-0.3421035,1.230447,0.598948,-0.495721,0.6398252,0.794493,False,1,1,0
6/26/2025 5:44:28 PM,1750952668565,Left,-0.5271285,0.6880863,0.7536974,-0.2683809,0.8254272,0.4629024,-0.5100683,0.6816405,0.7244133,0.1,3,0,-0.3254457,1.228067,0.6048173,-0.4728474,0.6384564,0.800792,False,1,1,0
6/26/2025 5:44:28 PM,1750952668579,Left,-0.5161569,0.6882458,0.7574537,-0.2622645,0.8242513,0.4639914,-0.4997243,0.6815161,0.7281014,0.1,3,0,-0.3169026,1.227071,0.6077886,-0.461624,0.6383928,0.8040799,False,1,1,0
6/26/2025 5:44:28 PM,1750952668592,Left,-0.5059483,0.6884512,0.7611849,-0.2561603,0.8230893,0.465293,-0.4902951,0.6814455,0.7319463,0.1,3,0,-0.3077536,1.226229,0.6103603,-0.4512632,0.6384519,0.8075244,False,1,1,0
6/26/2025 5:44:28 PM,1750952668620,Left,-0.4850757,0.6885769,0.768553,-0.2440572,0.8207502,0.4677706,-0.4709571,0.6811039,0.7390195,0.1,3,0,-0.2907119,1.225315,0.6148133,-0.4301118,0.6383191,0.8137529,False,1,1,0
6/26/2025 5:44:28 PM,1750952668634,Left,-0.4736497,0.6887197,0.7719519,-0.237193,0.8198503,0.4692012,-0.4604894,0.6811759,0.7423325,0.1,3,0,-0.2824073,1.224979,0.6164274,-0.4183008,0.6382778,0.8162504,False,1,1,0
6/26/2025 5:44:28 PM,1750952668662,Left,-0.4517164,0.6887451,0.7787211,-0.2229469,0.819342,0.4727546,-0.4393403,0.6815331,0.7484064,0.1,3,0,-0.265213,1.226177,0.6202369,-0.3955844,0.6384512,0.821299,False,1,1,0
6/26/2025 5:44:28 PM,1750952668676,Left,-0.4412811,0.6887684,0.7820909,-0.2159741,0.8195385,0.4747627,-0.4294656,0.6820545,0.7515531,0.1,3,0,-0.2571843,1.227497,0.6221864,-0.3853476,0.638548,0.8239739,False,1,1,0
6/26/2025 5:44:28 PM,1750952668704,Left,-0.4184186,0.690296,0.7883866,-0.201498,0.8204591,0.478945,-0.4084006,0.6836753,0.7575294,0.1,3,0,-0.2415383,1.230082,0.626002,-0.3632818,0.6401473,0.8293179,False,1,1,0
6/26/2025 5:44:28 PM,1750952668718,Left,-0.4055161,0.6918496,0.7906339,-0.1940508,0.8215622,0.4811331,-0.39679,0.685333,0.7593803,0.1,3,0,-0.2335706,1.231772,0.6280272,-0.3510334,0.6420135,0.8308908,False,1,1,0
6/26/2025 5:44:28 PM,1750952668731,Left,-0.392941,0.6931455,0.7926784,-0.1868836,0.8228118,0.4832329,-0.3839667,0.6867422,0.7610601,0.1,3,0,-0.2256655,1.233464,0.6299102,-0.3375548,0.643626,0.8322704,False,1,1,0
6/26/2025 5:44:28 PM,1750952668759,Left,-0.3680992,0.6958091,0.7960951,-0.1719502,0.8264878,0.4876831,-0.3585608,0.6900524,0.7630096,0.1,3,0,-0.2106736,1.236985,0.6334841,-0.3106573,0.6474684,0.8335492,False,1,1,0
6/26/2025 5:44:28 PM,1750952668773,Left,-0.3560579,0.6971068,0.7976983,-0.1643705,0.828916,0.4899423,-0.3472469,0.6911766,0.7643506,0.1,3,0,-0.2041537,1.238936,0.6348553,-0.2985822,0.648829,0.8345104,False,1,1,0
6/26/2025 5:44:28 PM,1750952668801,Left,-0.3331401,0.7001699,0.8011401,-0.1497205,0.8336771,0.4940618,-0.3263579,0.6946303,0.7675112,0.1,3,0,-0.1903692,1.243262,0.6375763,-0.2759743,0.6528136,0.8367705,False,1,1,0
6/26/2025 5:44:28 PM,1750952668815,Left,-0.3222065,0.7020445,0.8031838,-0.1425823,0.8361018,0.4959741,-0.3164918,0.6967999,0.7694582,0.1,3,0,-0.1836653,1.245276,0.6385412,-0.2650242,0.6553901,0.8381626,False,1,1,0
6/26/2025 5:44:28 PM,1750952668843,Left,-0.3012447,0.7068846,0.807323,-0.1285163,0.8419403,0.4995146,-0.2987218,0.701474,0.7746353,0.1,3,0,-0.1702781,1.249054,0.6412029,-0.2436116,0.6613214,0.8412282,False,1,1,0
6/26/2025 5:44:28 PM,1750952668857,Left,-0.2910774,0.7090007,0.8096209,-0.1215087,0.8448113,0.5010753,-0.2902711,0.7031129,0.7774312,0.1,3,0,-0.1635357,1.250972,0.6425859,-0.2332693,0.6639134,0.8429917,False,1,1,0
6/26/2025 5:44:28 PM,1750952668884,Left,-0.2702417,0.712033,0.8129747,-0.1072924,0.8497306,0.5038351,-0.2707466,0.7065348,0.7805114,0.1,3,0,-0.1501007,1.254443,0.6449122,-0.2129624,0.6680934,0.8458354,False,1,1,0
6/26/2025 5:44:28 PM,1750952668898,Left,-0.2582726,0.7122415,0.8122945,-0.1001112,0.8518023,0.505083,-0.2593226,0.7070165,0.779596,0.1,3,0,-0.1438322,1.255971,0.6456604,-0.2013573,0.6686192,0.8447853,False,1,1,0
6/26/2025 5:44:28 PM,1750952668912,Left,-0.2463942,0.7124302,0.8105125,-0.0930264,0.8534523,0.5062413,-0.2469379,0.7074465,0.7767958,0.1,3,0,-0.1373215,1.257612,0.646529,-0.1887332,0.6691498,0.8418308,False,1,1,0
6/26/2025 5:44:28 PM,1750952668940,Left,-0.2254024,0.7141599,0.8115876,-0.07935417,0.8559977,0.5083508,-0.225336,0.7098789,0.7759124,0.1,3,0,-0.1238921,1.260766,0.6488279,-0.1662614,0.6721137,0.8404721,False,1,1,0
6/26/2025 5:44:28 PM,1750952668954,Left,-0.216472,0.7159095,0.8141522,-0.07298374,0.856802,0.5093046,-0.2167192,0.7117183,0.7781241,0.1,3,0,-0.1175823,1.261883,0.6501409,-0.1568504,0.6743,0.8421521,False,1,1,0
6/26/2025 5:44:28 PM,1750952668981,Left,-0.1981984,0.7191799,0.8192704,-0.06020236,0.8586481,0.5114123,-0.201885,0.7149609,0.7852537,0.1,3,0,-0.104758,1.263714,0.6527448,-0.1394337,0.6784517,0.8473093,False,1,1,0
6/26/2025 5:44:28 PM,1750952668995,Left,-0.1888126,0.7202654,0.8210835,-0.0539217,0.859418,0.5123481,-0.1945802,0.7155797,0.7882335,0.1,3,0,-0.09832585,1.26432,0.6540093,-0.1306198,0.6798857,0.8492169,False,1,1,0
6/26/2025 5:44:29 PM,1750952669023,Left,-0.1695828,0.7211422,0.822768,-0.04208112,0.861038,0.5141226,-0.1772717,0.7159644,0.7904594,0.1,3,0,-0.08572865,1.265113,0.656689,-0.1101168,0.6812403,0.8484976,False,1,1,0
6/26/2025 5:44:29 PM,1750952669037,Left,-0.1602011,0.7215186,0.8236575,-0.03667557,0.861894,0.5150621,-0.1688477,0.7161836,0.7917461,0.1,3,0,-0.07948303,1.265284,0.6579293,-0.1002114,0.681996,0.8483523,False,1,1,0
6/26/2025 5:44:29 PM,1750952669065,Left,-0.1421151,0.721956,0.8268523,-0.02655983,0.8627558,0.5169724,-0.15146,0.7165744,0.7947489,0.1,3,0,-0.06509185,1.265384,0.6607943,-0.08126234,0.6832635,0.8499454,False,1,1,0
6/26/2025 5:44:29 PM,1750952669078,Left,-0.1330683,0.7223097,0.8286507,-0.02136469,0.8630562,0.5179312,-0.1427729,0.7168854,0.7965173,0.1,3,0,-0.05824363,1.265297,0.6621606,-0.07207628,0.6841275,0.8514071,False,1,1,0
6/26/2025 5:44:29 PM,1750952669093,Left,-0.124027,0.7224893,0.8305047,-0.01630735,0.8632853,0.5189514,-0.1342449,0.7166053,0.7981309,0.1,3,0,-0.05171478,1.264973,0.6636765,-0.0628968,0.6844267,0.8525181,False,1,1,0
6/26/2025 5:44:29 PM,1750952669120,Left,-0.1058954,0.7222402,0.833988,-0.006350994,0.8634368,0.5209622,-0.1172669,0.7163551,0.8016112,0.1,3,0,-0.03955698,1.264308,0.6672821,-0.04446538,0.6846615,0.8543315,False,1,1,0
6/26/2025 5:44:29 PM,1750952669134,Left,-0.09702635,0.7219224,0.8361864,-0.001370788,0.8632694,0.5219306,-0.1087962,0.7159157,0.8035526,0.1,3,0,-0.03323293,1.264013,0.6692189,-0.03549641,0.6842482,0.8555938,False,1,1,0
6/26/2025 5:44:29 PM,1750952669162,Left,-0.07948053,0.7204647,0.8420103,0.00796175,0.8630496,0.5240407,-0.09157414,0.7139742,0.8077396,0.1,3,0,-0.02025032,1.263057,0.6734121,-0.01761217,0.682,0.858644,False,1,1,0
6/26/2025 5:44:29 PM,1750952669176,Left,-0.07081187,0.7193879,0.8450437,0.01234698,0.8628771,0.5251701,-0.08308188,0.7128693,0.8101494,0.1,3,0,-0.01359451,1.262548,0.6759045,-0.008889407,0.680615,0.8605391,False,1,1,0
6/26/2025 5:44:29 PM,1750952669204,Left,-0.05355191,0.7178126,0.8499,0.02107096,0.8606131,0.5273806,-0.06659412,0.7120857,0.8158267,0.1,3,0,0.0008759499,1.261278,0.6814032,0.008019313,0.6792909,0.8652363,False,1,1,0
6/26/2025 5:44:29 PM,1750952669218,Left,-0.04454207,0.7166635,0.8514166,0.02548671,0.8594989,0.5284866,-0.05792154,0.7108087,0.8174226,0.1,3,0,0.007930517,1.260883,0.6843171,0.01687154,0.6777055,0.8663527,False,1,1,0
6/26/2025 5:44:29 PM,1750952669232,Left,-0.03520989,0.7156259,0.8517921,0.02977502,0.8587008,0.5297217,-0.04855564,0.7097729,0.817116,0.1,3,0,0.01480889,1.260477,0.6868957,0.02652652,0.6765577,0.8655247,False,1,1,0
6/26/2025 5:44:29 PM,1750952669260,Left,-0.01550329,0.713576,0.8509271,0.03807616,0.8574628,0.5323324,-0.0304798,0.7085845,0.8184007,0.1,3,0,0.02895427,1.260275,0.6926268,0.04702833,0.674791,0.8623834,False,1,1,0
6/26/2025 5:44:29 PM,1750952669273,Left,-0.004970074,0.712475,0.8495526,0.0421989,0.8571675,0.5336851,-0.02114823,0.7082476,0.8191851,0.1,3,0,0.0362395,1.260416,0.695798,0.05781709,0.6737774,0.8599314,False,1,1,0
6/26/2025 5:44:29 PM,1750952669301,Left,0.01454067,0.712419,0.8489506,0.05095768,0.8579477,0.5368117,-0.002898753,0.7079804,0.8207214,0.1,3,0,0.05107844,1.259726,0.7018341,0.07758819,0.6742485,0.8590358,False,1,1,0
6/26/2025 5:44:29 PM,1750952669315,Left,0.02429616,0.7117836,0.849292,0.05602181,0.8581986,0.5383109,0.00646174,0.7076871,0.8213533,0.1,3,0,0.05844545,1.259603,0.704679,0.0871608,0.6738412,0.859117,False,1,1,0
6/26/2025 5:44:29 PM,1750952669343,Left,0.04431343,0.7096314,0.8490541,0.06721854,0.8574029,0.5407078,0.025677,0.7058212,0.820961,0.1,3,0,0.07254529,1.25903,0.7090702,0.1070432,0.6716961,0.8570028,False,1,1,0
6/26/2025 5:44:29 PM,1750952669357,Left,0.0542438,0.7085844,0.847995,0.07245171,0.8564281,0.5422418,0.03519721,0.7049584,0.8198372,0.1,3,0,0.07904267,1.259096,0.7107577,0.1169629,0.6706604,0.8547943,False,1,1,0
6/26/2025 5:44:29 PM,1750952669384,Left,0.07341361,0.7071559,0.846843,0.08140934,0.8552204,0.5459173,0.0534034,0.7033707,0.8183115,0.1,3,0,0.09320712,1.259638,0.7144382,0.1355747,0.6687711,0.851997,False,1,1,0
6/26/2025 5:44:29 PM,1750952669398,Left,0.08306837,0.7066684,0.846638,0.08566642,0.8549647,0.5478907,0.06270377,0.7028379,0.8179395,0.1,3,0,0.1012797,1.260295,0.7160436,0.1450305,0.6680219,0.8510172,False,1,1,0
6/26/2025 5:44:29 PM,1750952669412,Left,0.09280133,0.7061241,0.8465877,0.08999908,0.8552917,0.5498281,0.07178883,0.7019823,0.8179348,0.1,3,0,0.108924,1.260917,0.7173791,0.1542504,0.6667628,0.8502404,False,1,1,0
6/26/2025 5:44:29 PM,1750952669439,Left,0.1125455,0.7070412,0.845902,0.09933269,0.8581966,0.553916,0.09086432,0.7034286,0.8173692,0.1,3,0,0.1246586,1.262287,0.7180262,0.1737681,0.6672081,0.8473528,False,1,1,0
6/26/2025 5:44:29 PM,1750952669453,Left,0.122635,0.7081276,0.8449388,0.104238,0.8598313,0.5556452,0.1005249,0.7054456,0.8165516,0.1,3,0,0.1321688,1.262651,0.7172377,0.183908,0.6690276,0.8449235,False,1,1,0
6/26/2025 5:44:29 PM,1750952669482,Left,0.1431593,0.7090183,0.8423281,0.1138465,0.8623614,0.5580584,0.1198869,0.7067773,0.8151522,0.1,3,0,0.1473727,1.263375,0.7143079,0.2044702,0.6701882,0.8394606,False,1,1,0
6/26/2025 5:44:29 PM,1750952669495,Left,0.1530929,0.7090814,0.8402832,0.1180034,0.8629678,0.5589516,0.12932,0.7069551,0.8139615,0.1,3,0,0.1552885,1.263743,0.7124842,0.2143918,0.6702453,0.8363034,False,1,1,0
6/26/2025 5:44:29 PM,1750952669523,Left,0.1731075,0.7089764,0.836498,0.1267011,0.8635397,0.5603455,0.1480708,0.7068894,0.8098007,0.1,3,0,0.1713257,1.264566,0.7092423,0.2338069,0.6698278,0.8287675,False,1,1,0
6/26/2025 5:44:29 PM,1750952669537,Left,0.1833515,0.7091453,0.8344061,0.1311674,0.8635542,0.5604107,0.1581461,0.7071406,0.8079267,0.1,3,0,0.1793406,1.264612,0.7074902,0.2442436,0.6699584,0.8249179,False,1,1,0
6/26/2025 5:44:29 PM,1750952669564,Left,0.2035683,0.7100031,0.8314896,0.1397132,0.8638176,0.5606756,0.1771064,0.707878,0.8069068,0.1,3,0,0.1951783,1.264501,0.7027783,0.2640482,0.6708224,0.8192348,False,1,1,0
6/26/2025 5:44:29 PM,1750952669578,Left,0.2136946,0.7104195,0.8300748,0.1438143,0.8638644,0.5606434,0.1867345,0.7080795,0.8052982,0.1,3,0,0.2028453,1.264168,0.7000231,0.2738142,0.6710103,0.8165663,False,1,1,0
6/26/2025 5:44:29 PM,1750952669593,Left,0.2239115,0.7106283,0.828232,0.1479797,0.8637743,0.5601691,0.1964943,0.7080707,0.8028896,0.1,3,0,0.2106084,1.263672,0.6968976,0.2836806,0.6710353,0.8134209,False,1,1,0
6/26/2025 5:44:29 PM,1750952669620,Left,0.2443202,0.709886,0.8236425,0.1567943,0.8631374,0.5583787,0.2157521,0.7070088,0.7973456,0.1,3,0,0.2253608,1.262363,0.6904579,0.3030164,0.669603,0.8056967,False,1,1,0
6/26/2025 5:44:29 PM,1750952669634,Left,0.2544297,0.7094125,0.8212235,0.161429,0.8625684,0.5570843,0.2252865,0.7065377,0.7947485,0.1,3,0,0.2325315,1.261656,0.6869122,0.3126213,0.6689962,0.8016231,False,1,1,0
6/26/2025 5:44:29 PM,1750952669662,Left,0.2746592,0.7080425,0.8157623,0.1709797,0.8607406,0.5528873,0.2442048,0.7051229,0.7897004,0.1,3,0,0.2463157,1.259717,0.6790403,0.3317109,0.6675307,0.7933739,False,1,1,0
6/26/2025 5:44:29 PM,1750952669675,Left,0.2848114,0.7072754,0.81306,0.1757324,0.8597988,0.5505339,0.2536475,0.7043192,0.7867844,0.1,3,0,0.2528772,1.258508,0.6747471,0.3412291,0.6668386,0.7897277,False,1,1,0
6/26/2025 5:44:29 PM,1750952669703,Left,0.3047822,0.7045472,0.8067243,0.1850899,0.8575149,0.5446177,0.2723671,0.7015765,0.7798847,0.1,3,0,0.2666593,1.256194,0.6663566,0.3596695,0.6633618,0.7812707,False,1,1,0
6/26/2025 5:44:29 PM,1750952669718,Left,0.314665,0.7029431,0.8029454,0.189687,0.8561677,0.5415027,0.2816515,0.7000136,0.7758406,0.1,3,0,0.2736015,1.254806,0.6619542,0.36883,0.6614925,0.7759552,False,1,1,0
6/26/2025 5:44:29 PM,1750952669731,Left,0.324731,0.7017198,0.799387,0.194304,0.8546914,0.5386035,0.2911308,0.6988686,0.7725053,0.1,3,0,0.280755,1.253517,0.6576331,0.3782059,0.6601362,0.7711986,False,1,1,0
6/26/2025 5:44:29 PM,1750952669759,Left,0.3449831,0.6991229,0.7911491,0.2029607,0.8510861,0.5326396,0.3100972,0.6961244,0.7636867,0.1,3,0,0.2945784,1.250735,0.6484302,0.3971919,0.6576021,0.7598757,False,1,1,0
6/26/2025 5:44:29 PM,1750952669773,Left,0.3552105,0.6978605,0.7872264,0.2073548,0.8491029,0.5296117,0.3196753,0.6947845,0.7596458,0.1,3,0,0.3016239,1.249191,0.6437783,0.4067388,0.6562787,0.7550377,False,1,1,0
6/26/2025 5:44:29 PM,1750952669801,Left,0.375639,0.6953491,0.7790329,0.2168909,0.8447925,0.5230443,0.3387591,0.6918597,0.7509881,0.1,3,0,0.3152388,1.245293,0.6339601,0.4258062,0.6535351,0.7448225,False,1,1,0
6/26/2025 5:44:29 PM,1750952669815,Left,0.385772,0.6939778,0.7751613,0.2219473,0.8425353,0.5196533,0.3482205,0.6902683,0.7467077,0.1,3,0,0.3221234,1.243019,0.6288905,0.435238,0.6520119,0.739752,False,1,1,0
6/26/2025 5:44:29 PM,1750952669843,Left,0.4055188,0.6907231,0.767592,0.2322479,0.8371859,0.512434,0.3666585,0.6863714,0.7379066,0.1,3,0,0.3363301,1.238608,0.6191877,0.4535547,0.6480007,0.7301138,False,1,1,0
6/26/2025 5:44:29 PM,1750952669857,Left,0.4151955,0.6890292,0.7635839,0.2377496,0.8341396,0.5088356,0.3760155,0.6847202,0.7336717,0.1,3,0,0.3440834,1.236488,0.6144736,0.4628161,0.6462783,0.7251956,False,1,1,0
6/26/2025 5:44:29 PM,1750952669884,Left,0.4346403,0.685286,0.756093,0.2491232,0.8272098,0.5021291,0.3946016,0.6805189,0.7255289,0.1,3,0,0.3600847,1.232133,0.6046588,0.4812436,0.6419312,0.716141,False,1,1,0
6/26/2025 5:44:29 PM,1750952669899,Left,0.4441205,0.6833455,0.7524831,0.2549243,0.8233509,0.498863,0.4036835,0.6783472,0.7215159,0.1,3,0,0.3679307,1.229932,0.5997362,0.4901634,0.6395558,0.7114936,False,1,1,0
6/26/2025 5:44:29 PM,1750952669913,Left,0.4535588,0.6813645,0.7489271,0.260932,0.8194745,0.4956422,0.412766,0.6761324,0.7176807,0.1,3,0,0.3755163,1.227382,0.5946791,0.4989962,0.6370009,0.7068612,False,1,1,0
6/26/2025 5:44:29 PM,1750952669940,Left,0.4722693,0.6778039,0.7419481,0.2733161,0.8129185,0.4896014,0.4311698,0.6724612,0.7113576,0.1,3,0,0.3910017,1.222367,0.5853376,0.5166097,0.6322355,0.698477,False,1,1,0
6/26/2025 5:44:29 PM,1750952669954,Left,0.4815469,0.6758984,0.7385752,0.2796742,0.8100381,0.4867008,0.4403085,0.6707315,0.7081079,0.1,3,0,0.399177,1.220162,0.5805904,0.525377,0.6300182,0.694333,False,1,1,0
6/26/2025 5:44:29 PM,1750952669982,Left,0.49967,0.6721228,0.7320061,0.2926495,0.8051543,0.4811765,0.4581264,0.666759,0.701082,0.1,3,0,0.4156981,1.215755,0.5712537,0.5425103,0.6250721,0.6860638,False,1,1,0
6/26/2025 5:44:29 PM,1750952669995,Left,0.5086559,0.6703561,0.7283846,0.2992178,0.8029427,0.478524,0.4669305,0.6648492,0.697331,0.1,3,0,0.4238515,1.213669,0.5669488,0.5509441,0.6226788,0.6816034,False,1,1,0
6/26/2025 5:44:30 PM,1750952670023,Left,0.5258569,0.6679226,0.7213707,0.3122301,0.798702,0.4738412,0.4840117,0.6618185,0.6899805,0.1,3,0,0.4405932,1.209126,0.5582905,0.5676571,0.6193496,0.6731335,False,1,1,0
6/26/2025 5:44:30 PM,1750952670037,Left,0.5342387,0.6671103,0.7184025,0.3182648,0.7968373,0.4721599,0.4922764,0.6605741,0.6862782,0.1,3,0,0.4482396,1.20685,0.5540766,0.5759218,0.6181052,0.6694312,False,1,1,0
6/26/2025 5:44:30 PM,1750952670065,Left,0.5516297,0.6644951,0.7123946,0.3300704,0.7951968,0.4693156,0.5087441,0.6575372,0.6795709,0.1,3,0,0.4622841,1.203233,0.5460093,0.5922121,0.614973,0.662096,False,1,1,0
6/26/2025 5:44:30 PM,1750952670079,Left,0.5603416,0.6627817,0.709215,0.3361237,0.7956352,0.467702,0.5171055,0.6559665,0.6764376,0.1,3,0,0.4686476,1.201722,0.5424565,0.6003418,0.6132024,0.6583564,False,1,1,0
6/26/2025 5:44:30 PM,1750952670093,Left,0.5689695,0.6608698,0.7059693,0.3423104,0.7970312,0.4655552,0.5251138,0.6540134,0.6732625,0.1,3,0,0.4746938,1.200058,0.5392067,0.6082337,0.6112189,0.6547235,False,1,1,0
6/26/2025 5:44:30 PM,1750952670121,Left,0.5858853,0.6569447,0.6989386,0.354856,0.7993888,0.4604664,0.540943,0.6499225,0.6661952,0.1,3,0,0.4871447,1.197207,0.5331722,0.6237699,0.6069063,0.6468746,False,1,1,0
6/26/2025 5:44:30 PM,1750952670135,Left,0.5939451,0.6555564,0.6950098,0.3606275,0.800249,0.4581363,0.5486719,0.6484828,0.6621694,0.1,3,0,0.4933677,1.195919,0.5302005,0.6313796,0.6053488,0.6426023,False,1,1,0
6/26/2025 5:44:30 PM,1750952670162,Left,0.6095929,0.6534414,0.6873729,0.3712343,0.8003774,0.4540776,0.5633644,0.6466182,0.6535646,0.1,3,0,0.5065488,1.19401,0.5248245,0.6457484,0.6033018,0.6330572,False,1,1,0
6/26/2025 5:44:30 PM,1750952670175,Left,0.6174387,0.6524669,0.6839424,0.3764422,0.800442,0.451908,0.5708822,0.6456243,0.6501279,0.1,3,0,0.5132303,1.193109,0.5222988,0.6530192,0.6021793,0.6289141,False,1,1,0
6/26/2025 5:44:30 PM,1750952670203,Left,0.6324928,0.6509128,0.6774646,0.3866801,0.8014001,0.4472975,0.5853685,0.6441306,0.6441849,0.1,3,0,0.525737,1.191572,0.5166825,0.6667924,0.6003051,0.6210881,False,1,1,0
6/26/2025 5:44:30 PM,1750952670218,Left,0.6399195,0.6498025,0.67401,0.3918905,0.8019167,0.4448588,0.5926306,0.6431348,0.6411428,0.1,3,0,0.5310031,1.190705,0.5144399,0.6736242,0.59908,0.6169935,False,1,1,0
6/26/2025 5:44:30 PM,1750952670232,Left,0.6472747,0.6482477,0.6705927,0.3971596,0.8021276,0.4422309,0.5991203,0.6415213,0.637929,0.1,3,0,0.5362426,1.18984,0.512364,0.6795921,0.5971212,0.6126922,False,1,1,0
6/26/2025 5:44:30 PM,1750952670259,Left,0.6617129,0.6445706,0.6641679,0.407077,0.8017242,0.4375334,0.6126279,0.6381847,0.632132,0.1,3,0,0.5467439,1.187876,0.5085371,0.6916924,0.5927345,0.6044362,False,1,1,0
6/26/2025 5:44:30 PM,1750952670273,Left,0.6687295,0.6425698,0.6610923,0.4117912,0.8012089,0.4355808,0.6193528,0.6364529,0.6295351,0.1,3,0,0.552174,1.186826,0.5066503,0.6974735,0.5902584,0.6004283,False,1,1,0
6/26/2025 5:44:30 PM,1750952670301,Left,0.6829009,0.6388765,0.6548004,0.4211769,0.7994137,0.4321901,0.6333761,0.633592,0.6245156,0.1,3,0,0.5634699,1.184628,0.5029202,0.7091658,0.5857319,0.5921224,False,1,1,0
6/26/2025 5:44:30 PM,1750952670314,Left,0.690002,0.6372406,0.6515905,0.4257152,0.7981369,0.4309393,0.640718,0.6323886,0.6223022,0.1,3,0,0.5694532,1.183415,0.5014144,0.7151869,0.5837622,0.5880409,False,1,1,0
6/26/2025 5:44:30 PM,1750952670342,Left,0.7037878,0.6339561,0.645638,0.4344742,0.7957983,0.4289842,0.6545511,0.6295354,0.6173076,0.1,3,0,0.5815578,1.18077,0.4978161,0.7268722,0.5798582,0.5800811,False,1,1,0
6/26/2025 5:44:30 PM,1750952670357,Left,0.7110009,0.6321366,0.6431159,0.4391551,0.7945729,0.4279591,0.6614199,0.6277865,0.6148834,0.1,3,0,0.5874556,1.17913,0.4963232,0.7328684,0.577592,0.5766786,False,1,1,0
6/26/2025 5:44:30 PM,1750952670384,Left,0.7251496,0.628096,0.6381688,0.4485325,0.7923309,0.426119,0.6751127,0.6237895,0.6103093,0.1,3,0,0.5990961,1.174942,0.4935398,0.7450284,0.5728229,0.5703321,False,1,1,0
6/26/2025 5:44:30 PM,1750952670398,Left,0.7316978,0.6256948,0.6357969,0.4529326,0.7913111,0.4254315,0.6812689,0.6211567,0.6080552,0.1,3,0,0.6049751,1.17265,0.4923142,0.7503006,0.5696806,0.5672041,False,1,1,0
6/26/2025 5:44:30 PM,1750952670412,Left,0.7380255,0.6231041,0.6338347,0.4572713,0.7903,0.4250101,0.6876722,0.6187127,0.6064754,0.1,3,0,0.6106381,1.170187,0.4912387,0.7557073,0.5667206,0.5646181,False,1,1,0
6/26/2025 5:44:30 PM,1750952670440,Left,0.7513463,0.6180055,0.6303273,0.4664681,0.7882292,0.4241875,0.7007003,0.6138158,0.6032984,0.1,3,0,0.6219893,1.165493,0.4894589,0.7673994,0.5610509,0.5602743,False,1,1,0
6/26/2025 5:44:30 PM,1750952670454,Left,0.7580249,0.6151778,0.6291914,0.4710445,0.7870551,0.4240381,0.707128,0.6112685,0.6018802,0.1,3,0,0.6276172,1.163209,0.4884442,0.7732126,0.5580786,0.5584332,False,1,1,0
6/26/2025 5:44:30 PM,1750952670481,Left,0.770799,0.6095022,0.6271276,0.4798352,0.7846578,0.4239098,0.7196354,0.6055858,0.6003287,0.1,3,0,0.6391964,1.15893,0.4867948,0.784988,0.5518912,0.5563981,False,1,1,0
6/26/2025 5:44:30 PM,1750952670496,Left,0.7771353,0.6067084,0.6260399,0.4844984,0.7835028,0.4240594,0.7255305,0.6027957,0.5991997,0.1,3,0,0.6450611,1.157046,0.4861829,0.7907184,0.5489956,0.5551534,False,1,1,0
6/26/2025 5:44:30 PM,1750952670523,Left,0.7891499,0.6011139,0.623788,0.493878,0.7816079,0.4242402,0.7364606,0.5973194,0.5966641,0.1,3,0,0.6563042,1.153493,0.4851134,0.8010563,0.5430602,0.5523096,False,1,1,0
6/26/2025 5:44:30 PM,1750952670537,Left,0.7947547,0.5983524,0.6227653,0.4984344,0.7809265,0.4244583,0.7417677,0.5947655,0.5954925,0.1,3,0,0.6620207,1.15182,0.4847097,0.8059269,0.5402001,0.550881,False,1,1,0
6/26/2025 5:44:30 PM,1750952670565,Left,0.8060879,0.5925813,0.6214203,0.5072529,0.7797725,0.4254471,0.7539778,0.5901614,0.5943314,0.1,3,0,0.6754779,1.148896,0.4833225,0.816928,0.5347175,0.5490852,False,1,1,0
6/26/2025 5:44:30 PM,1750952670579,Left,0.8119051,0.5896015,0.6206875,0.5116043,0.7791708,0.4259744,0.7605559,0.5879772,0.5939179,0.1,3,0,0.6824427,1.147236,0.4823967,0.8226711,0.5319555,0.5482315,False,1,1,0
6/26/2025 5:44:30 PM,1750952670593,Left,0.8179659,0.5866741,0.61989,0.5160692,0.7785251,0.4262812,0.7675373,0.5857858,0.5934267,0.1,3,0,0.6897727,1.145261,0.4814,0.8288524,0.5292995,0.5472344,False,1,1,0
6/26/2025 5:44:30 PM,1750952670620,Left,0.8304007,0.5803732,0.6180211,0.5253849,0.7761315,0.4261101,0.7803093,0.5799044,0.5916208,0.1,3,0,0.7037921,1.14046,0.4796054,0.8416229,0.5236004,0.5452045,False,1,1,0
6/26/2025 5:44:30 PM,1750952670635,Left,0.835983,0.576938,0.6166137,0.5301864,0.7739653,0.4256902,0.7856076,0.576382,0.5901953,0.1,3,0,0.7099124,1.137336,0.4794583,0.8466734,0.5200335,0.5435069,False,1,1,0
6/26/2025 5:44:30 PM,1750952670662,Left,0.8459588,0.5702878,0.6133394,0.5394578,0.7685765,0.4255997,0.7939762,0.5688311,0.5861112,0.1,3,0,0.7219194,1.130802,0.479566,0.8544796,0.5122615,0.5389603,False,1,1,0
6/26/2025 5:44:30 PM,1750952670676,Left,0.8511099,0.5672012,0.6118085,0.5440341,0.7658423,0.4258392,0.7978896,0.5652431,0.5840083,0.1,3,0,0.727754,1.127533,0.479677,0.8579918,0.5084985,0.5365556,False,1,1,0
6/26/2025 5:44:30 PM,1750952670704,Left,0.8622094,0.5614125,0.6093864,0.5536693,0.7591826,0.4274268,0.8084171,0.5591754,0.5816024,0.1,3,0,0.7387125,1.120692,0.4796339,0.8674058,0.5019919,0.5332872,False,1,1,0
6/26/2025 5:44:30 PM,1750952670718,Left,0.8679947,0.5585256,0.6081892,0.5586413,0.7565472,0.4283224,0.8146962,0.5564016,0.5808873,0.1,3,0,0.7439778,1.117015,0.4793144,0.8729385,0.4989654,0.53197,False,1,1,0
6/26/2025 5:44:30 PM,1750952670732,Left,0.8730679,0.5555775,0.6065208,0.5635623,0.7542915,0.4293073,0.8200991,0.5534323,0.5797346,0.1,3,0,0.7490112,1.113433,0.4787526,0.8774323,0.4957227,0.5300709,False,1,1,0
6/26/2025 5:44:30 PM,1750952670760,Left,0.8824012,0.5481085,0.6026378,0.573545,0.7512012,0.4312211,0.8270559,0.5455559,0.5748322,0.1,3,0,0.7577807,1.105894,0.4773353,0.8824145,0.4873254,0.5235621,False,1,1,0
6/26/2025 5:44:30 PM,1750952670773,Left,0.8870348,0.5434911,0.601228,0.5783474,0.750066,0.4320192,0.831317,0.5413625,0.5735174,0.1,3,0,0.7616795,1.102086,0.4766027,0.885523,0.4828182,0.5213804,False,1,1,0
6/26/2025 5:44:30 PM,1750952670801,Left,0.8958464,0.5339876,0.598783,0.5873873,0.7474568,0.4329209,0.8398669,0.5315306,0.5720867,0.1,3,0,0.7696345,1.093543,0.4749777,0.891293,0.4720956,0.5181717,False,1,1,0
6/26/2025 5:44:30 PM,1750952670815,Left,0.9000645,0.52923,0.5976309,0.5917821,0.7457746,0.4327406,0.8444318,0.5268634,0.571509,0.1,3,0,0.7738492,1.08924,0.4739678,0.8942538,0.4668446,0.5167414,False,1,1,0
6/26/2025 5:44:30 PM,1750952670843,Left,0.9087075,0.5197582,0.596179,0.5997761,0.740953,0.4311957,0.855525,0.5180713,0.5712198,0.1,3,0,0.7828456,1.079918,0.4709846,0.9019685,0.4566984,0.5150028,False,1,1,0
6/26/2025 5:44:30 PM,1750952670857,Left,0.913661,0.5152353,0.5958946,0.603406,0.7376999,0.430558,0.8630373,0.5144666,0.5714988,0.1,3,0,0.7873443,1.074646,0.4692423,0.9072831,0.4520288,0.514685,False,1,1,0
6/26/2025 5:44:30 PM,1750952670884,Left,0.9235116,0.5065531,0.5946069,0.6102053,0.7303369,0.4297997,0.8732089,0.5052518,0.5701455,0.1,3,0,0.7959531,1.063765,0.4661294,0.9191964,0.4431778,0.5143248,False,1,1,0
6/26/2025 5:44:30 PM,1750952670899,Left,0.9281344,0.5021806,0.5936676,0.6123705,0.7249982,0.4299188,0.877912,0.5007181,0.5695147,0.1,3,0,0.7993522,1.057448,0.4648579,0.9247709,0.4388866,0.5141515,False,1,1,0
6/26/2025 5:44:30 PM,1750952670912,Left,0.9324718,0.4975945,0.5926552,0.6147738,0.7202089,0.4301376,0.8819556,0.4953226,0.5683031,0.1,3,0,0.8023865,1.051401,0.4637218,0.929998,0.4337011,0.5137255,False,1,1,0
6/26/2025 5:44:30 PM,1750952670940,Left,0.9403194,0.4879035,0.5904424,0.6196682,0.7106063,0.4302471,0.8890117,0.484785,0.5659227,0.1,3,0,0.8073301,1.03909,0.4612472,0.9381187,0.423301,0.5121434,False,1,1,0
6/26/2025 5:44:30 PM,1750952670954,Left,0.9436196,0.4827493,0.5895379,0.6219162,0.7061376,0.4300421,0.8921573,0.4793866,0.5649905,0.1,3,0,0.8097072,1.033136,0.4600379,0.9415294,0.417932,0.5114208,False,1,1,0
6/26/2025 5:44:30 PM,1750952670982,Left,0.950047,0.4719273,0.5891851,0.6259286,0.6975292,0.4292345,0.8991806,0.4685594,0.564872,0.1,3,0,0.8152016,1.022093,0.4573952,0.9494838,0.4071651,0.5121055,False,1,1,0
6/26/2025 5:44:30 PM,1750952670996,Left,0.9531573,0.4664037,0.5893546,0.6280684,0.6933765,0.4285773,0.9030423,0.4632149,0.5651435,0.1,3,0,0.8182764,1.016891,0.4557191,0.9538607,0.401847,0.5128419,False,1,1,0
6/26/2025 5:44:31 PM,1750952671024,Left,0.9588062,0.4555345,0.5886588,0.6322922,0.6850161,0.4268563,0.9091948,0.4525882,0.5646093,0.1,3,0,0.824665,1.006838,0.4525704,0.9614776,0.3913216,0.5136496,False,1,1,0
6/26/2025 5:44:31 PM,1750952671038,Left,0.9611597,0.4502247,0.5877177,0.6343956,0.6807142,0.4259359,0.9108333,0.4472648,0.5629418,0.1,3,0,0.8273616,1.00179,0.4512286,0.9639882,0.386014,0.5128731,False,1,1,0
6/26/2025 5:44:31 PM,1750952671065,Left,0.9648221,0.4402713,0.5850801,0.6384115,0.6720762,0.4234966,0.9135196,0.4372915,0.5591126,0.1,3,0,0.831558,0.9913674,0.4492615,0.9680899,0.3759876,0.5106574,False,1,1,0
6/26/2025 5:44:31 PM,1750952671078,Left,0.9667363,0.4354214,0.583949,0.6404805,0.6678379,0.4220886,0.9155405,0.43232,0.557879,0.1,3,0,0.833868,0.9857959,0.4480615,0.9703901,0.3709938,0.5097688,False,1,1,0
6/26/2025 5:44:31 PM,1750952671093,Left,0.9675169,0.4309447,0.5826828,0.6420528,0.663798,0.420193,0.9165515,0.4272591,0.5562527,0.1,3,0,0.83663,0.9795278,0.4465189,0.9715273,0.3659728,0.5082358,False,1,1,0
6/26/2025 5:44:31 PM,1750952671120,Left,0.9696178,0.4216892,0.5810564,0.644976,0.6555393,0.4170805,0.9201751,0.4178531,0.5552938,0.1,3,0,0.8408094,0.9681056,0.4439961,0.975805,0.3570279,0.5074442,False,1,1,0
6/26/2025 5:44:31 PM,1750952671134,Left,0.9707173,0.4166473,0.5803043,0.6463318,0.6516719,0.4153384,0.9218392,0.4125745,0.5547879,0.1,3,0,0.8427014,0.962191,0.4425933,0.9780912,0.3520574,0.507276,False,1,1,0
6/26/2025 5:44:31 PM,1750952671162,Left,0.9714808,0.4051722,0.5793444,0.6487118,0.6437626,0.4114664,0.9216697,0.4003415,0.5532312,0.1,3,0,0.8453166,0.9511606,0.4402179,0.979224,0.3401468,0.5068839,False,1,1,0
6/26/2025 5:44:31 PM,1750952671176,Left,0.9716082,0.3989705,0.5790353,0.649693,0.6398559,0.4092022,0.9215447,0.3941055,0.5523363,0.1,3,0,0.8468616,0.9455774,0.4391049,0.9792764,0.3338088,0.5063435,False,1,1,0
6/26/2025 5:44:31 PM,1750952671204,Left,0.9721614,0.387296,0.5781659,0.6517301,0.6322886,0.4043778,0.9226995,0.382556,0.5513568,0.1,3,0,0.8503245,0.9344902,0.4369531,0.9800095,0.3217127,0.5055569,False,1,1,0
6/26/2025 5:44:31 PM,1750952671218,Left,0.9725075,0.3817939,0.5777227,0.6525234,0.6286912,0.40157,0.9237079,0.377331,0.5507084,0.1,3,0,0.852239,0.9290142,0.4360588,0.9808484,0.3160582,0.5052706,False,1,1,0
6/26/2025 5:44:31 PM,1750952671232,Left,0.9731288,0.3766026,0.5773655,0.6534346,0.6248035,0.399333,0.9246721,0.3722921,0.5503271,0.1,3,0,0.8540595,0.9237483,0.4351275,0.982153,0.3110237,0.5053148,False,1,1,0
6/26/2025 5:44:31 PM,1750952671260,Left,0.9747105,0.3666893,0.5769683,0.654917,0.6169957,0.3957783,0.9267139,0.3623133,0.5496846,0.1,3,0,0.8570803,0.9132142,0.4336038,0.9852454,0.3012262,0.5057937,False,1,1,0
6/26/2025 5:44:31 PM,1750952671274,Left,0.9756057,0.3617377,0.5770173,0.6554942,0.6129677,0.3943458,0.9276569,0.3572139,0.5497044,0.1,3,0,0.8582646,0.9080834,0.4328487,0.9867425,0.2962011,0.5064572,False,1,1,0
6/26/2025 5:44:31 PM,1750952671301,Left,0.9771445,0.3520868,0.5771611,0.6566371,0.6052048,0.3909895,0.929309,0.3475114,0.5496228,0.1,3,0,0.8605154,0.8982198,0.4316556,0.9891929,0.2866412,0.5072824,False,1,1,0
6/26/2025 5:44:31 PM,1750952671315,Left,0.9774739,0.3473241,0.5768379,0.6571342,0.601595,0.3890897,0.9295889,0.3426692,0.5489596,0.1,3,0,0.8618014,0.893428,0.4310352,0.9898176,0.2818399,0.5070515,False,1,1,0
6/26/2025 5:44:31 PM,1750952671343,Left,0.9777921,0.337381,0.5757248,0.6581076,0.5950379,0.385571,0.9302846,0.3326399,0.5477554,0.1,3,0,0.864337,0.8833677,0.4296011,0.9907494,0.2717992,0.5062055,False,1,1,0
6/26/2025 5:44:31 PM,1750952671357,Left,0.9779784,0.3321854,0.5750073,0.6587293,0.591881,0.3838049,0.9302462,0.3273748,0.5467687,0.1,3,0,0.8655164,0.8785672,0.4289845,0.990697,0.2664548,0.5053146,False,1,1,0
6/26/2025 5:44:31 PM,1750952671385,Left,0.9783679,0.3219548,0.5734528,0.6600926,0.5854558,0.380574,0.9306115,0.317141,0.5450636,0.1,3,0,0.8673533,0.8689327,0.4277939,0.9904698,0.2558907,0.5032382,False,1,1,0
6/26/2025 5:44:31 PM,1750952671399,Left,0.9787745,0.3169103,0.5731566,0.6605868,0.5821438,0.3793006,0.9319848,0.3125197,0.5454971,0.1,3,0,0.8682226,0.8641756,0.427112,0.9915693,0.2510025,0.5036724,False,1,1,0
6/26/2025 5:44:31 PM,1750952671412,Left,0.9793515,0.3118094,0.572939,0.6609428,0.578729,0.378311,0.9324794,0.307628,0.5448765,0.1,3,0,0.868894,0.8595022,0.4264429,0.9919256,0.245658,0.5035262,False,1,1,0
6/26/2025 5:44:31 PM,1750952671440,Left,0.9802421,0.3017335,0.5717682,0.6618407,0.5717968,0.3758541,0.9332528,0.2978357,0.543686,0.1,3,0,0.869476,0.8503094,0.4254707,0.9925148,0.235439,0.5027148,False,2,1,0
6/26/2025 5:44:31 PM,1750952671454,Left,0.9800909,0.2965159,0.5708871,0.6621783,0.5683159,0.3747839,0.9329063,0.2927074,0.5426675,0.1,3,0,0.8695916,0.845859,0.4248594,0.991468,0.2299171,0.5012925,False,2,1,0
6/26/2025 5:44:31 PM,1750952671481,Left,0.9796348,0.2872749,0.5695523,0.6627157,0.5614514,0.3728822,0.932922,0.283651,0.5416088,0.1,3,0,0.870052,0.8370528,0.4235227,0.9913783,0.2207208,0.5002973,False,2,1,0
6/26/2025 5:44:31 PM,1750952671495,Left,0.9797051,0.2826754,0.5688717,0.6630049,0.5579546,0.371868,0.93313,0.2791502,0.5411576,0.1,3,0,0.8702582,0.8327028,0.4228404,0.9919637,0.2162617,0.5003213,False,2,1,0
6/26/2025 5:44:31 PM,1750952671523,Left,0.9801986,0.2737283,0.567679,0.6632891,0.5510156,0.3706059,0.9343501,0.2706539,0.5404094,0.1,3,0,0.870692,0.8241235,0.4214122,0.9936573,0.2078376,0.5001507,False,2,1,0
6/26/2025 5:44:31 PM,1750952671537,Left,0.9805112,0.2689725,0.5674174,0.6633987,0.5474852,0.370279,0.9347196,0.2660277,0.5403109,0.1,3,0,0.8707873,0.8198301,0.4206052,0.9941668,0.2032582,0.5001861,False,2,1,0
6/26/2025 5:44:31 PM,1750952671565,Left,0.9806916,0.2594872,0.5661066,0.6634284,0.5406327,0.3696575,0.9347798,0.2565282,0.5395656,0.1,3,0,0.8709211,0.8118308,0.4196374,0.9943886,0.193661,0.4998356,False,2,1,0
6/26/2025 5:44:31 PM,1750952671579,Left,0.9803811,0.2552091,0.5649683,0.6634363,0.5373269,0.3692907,0.9340546,0.2523778,0.5377201,0.1,3,0,0.8709525,0.8077306,0.4189271,0.9939557,0.1894206,0.4985766,False,2,1,0
6/26/2025 5:44:31 PM,1750952671592,Left,0.9799468,0.2511341,0.5638276,0.6635597,0.5341888,0.368986,0.9335461,0.2484097,0.5362138,0.1,3,0,0.8708209,0.8037286,0.4182434,0.9934308,0.1851946,0.4974625,False,2,1,0
6/26/2025 5:44:31 PM,1750952671621,Left,0.9793054,0.2430892,0.5620471,0.6638197,0.5283218,0.3684117,0.9325131,0.2404742,0.5342035,0.1,3,0,0.8704221,0.7965653,0.4171484,0.9923272,0.1772238,0.4954008,False,2,1,0
6/26/2025 5:44:31 PM,1750952671634,Left,0.9788809,0.238797,0.5610373,0.6639322,0.5254874,0.3681227,0.9316296,0.2360191,0.5331641,0.1,3,0,0.8705009,0.7930269,0.4167919,0.9913251,0.1726862,0.4943134,False,2,1,0
6/26/2025 5:44:31 PM,1750952671662,Left,0.9780232,0.2306249,0.5591501,0.6642053,0.5203774,0.3674887,0.9308344,0.2282066,0.5314553,0.1,3,0,0.8706404,0.7863489,0.4159129,0.9899241,0.1644542,0.4923656,False,2,1,0
6/26/2025 5:44:31 PM,1750952671676,Left,0.9779491,0.2268572,0.5585647,0.6644034,0.5181178,0.3670704,0.9313617,0.2248322,0.5312552,0.1,3,0,0.8707315,0.7830504,0.4152821,0.9901313,0.1607087,0.4922898,False,2,1,0
6/26/2025 5:44:31 PM,1750952671704,Left,0.9782106,0.2194528,0.557138,0.6644461,0.5137378,0.3663516,0.931891,0.2181417,0.5297645,0.1,3,0,0.870837,0.7766546,0.4144521,0.9902907,0.1534383,0.4912038,False,2,1,0
6/26/2025 5:44:31 PM,1750952671718,Left,0.9786496,0.2160023,0.5563055,0.6644242,0.5111155,0.3658549,0.9320064,0.2146809,0.5288272,0.1,3,0,0.8709679,0.7734421,0.4141828,0.990217,0.1499531,0.4900223,False,2,1,0
6/26/2025 5:44:31 PM,1750952671731,Left,0.9790924,0.2122179,0.5557517,0.6644782,0.5090008,0.3654462,0.932278,0.2109964,0.5283575,0.1,3,0,0.8709697,0.7702233,0.4139352,0.990193,0.1461998,0.4892265,False,2,1,0
6/26/2025 5:44:31 PM,1750952671760,Left,0.9805596,0.2047362,0.5554389,0.6642534,0.5053148,0.3647629,0.9344136,0.2041803,0.5287962,0.1,3,0,0.8709433,0.763858,0.4130456,0.992621,0.1393527,0.4901534,False,2,1,0
6/26/2025 5:44:31 PM,1750952671773,Left,0.9815924,0.2009415,0.555527,0.6640782,0.5029722,0.3643349,0.9356812,0.200728,0.5291882,0.1,3,0,0.8710253,0.7604964,0.4125049,0.9944772,0.1361003,0.491106,False,2,1,0
6/26/2025 5:44:31 PM,1750952671801,Left,0.984211,0.1923563,0.556206,0.6638898,0.4961597,0.3626477,0.9375983,0.1925002,0.5294247,0.1,3,0,0.8715983,0.7535827,0.4117432,0.9979262,0.128253,0.4931365,False,2,1,0
6/26/2025 5:44:31 PM,1750952671815,Left,0.9853936,0.1880001,0.5563508,0.6637812,0.4929354,0.3618,0.9379566,0.188205,0.5288528,0.1,3,0,0.8715057,0.7500185,0.411561,0.9987027,0.1239887,0.4932136,False,2,1,0
6/26/2025 5:44:31 PM,1750952671842,Left,0.9872418,0.179733,0.5559844,0.6634183,0.4868168,0.3603439,0.9387552,0.1798523,0.5279751,0.1,3,0,0.8710274,0.7425911,0.4114672,0.9993867,0.1155796,0.4922426,False,2,1,0
6/26/2025 5:44:31 PM,1750952671857,Left,0.9880233,0.1758421,0.5558497,0.6632429,0.4839104,0.3596389,0.9395083,0.1761585,0.527985,0.1,3,0,0.8706847,0.738842,0.4114419,0.9999606,0.1117994,0.4921044,False,2,1,0
6/26/2025 5:44:31 PM,1750952671884,Left,0.9894288,0.1694092,0.555813,0.6627306,0.4777374,0.3582078,0.9420299,0.1704923,0.5290595,0.1,3,0,0.8694953,0.7317315,0.4115359,1.002829,0.1062699,0.4935209,False,2,1,0
6/26/2025 5:44:31 PM,1750952671898,Left,0.9898874,0.1668056,0.5555896,0.6622516,0.4747664,0.3576348,0.9424683,0.1675919,0.5289648,0.1,3,0,0.8688313,0.7284929,0.411598,1.00362,0.1035775,0.4936575,False,2,1,0
6/26/2025 5:44:31 PM,1750952671912,Left,0.9905785,0.164886,0.555634,0.6618479,0.4719476,0.3570054,0.942867,0.1658104,0.5288216,0.1,3,0,0.8683758,0.7258545,0.4117315,1.004503,0.1021082,0.493792,False,2,1,0
6/26/2025 5:44:31 PM,1750952671940,Left,0.9925227,0.1635937,0.5562356,0.6612644,0.4667916,0.3552719,0.94497,0.1642075,0.529225,0.1,3,0,0.8679312,0.7226068,0.4115936,1.007673,0.1012953,0.4946645,False,2,1,0
6/26/2025 5:44:31 PM,1750952671954,Left,0.9932896,0.1638749,0.5563689,0.6609713,0.4645567,0.35449,0.9458127,0.1646888,0.5294076,0.1,3,0,0.8680927,0.7214299,0.411345,1.009082,0.1022469,0.4950268,False,2,1,0
6/26/2025 5:44:31 PM,1750952671981,Left,0.9938562,0.1671282,0.5562285,0.660346,0.4609185,0.3532809,0.9476109,0.1670339,0.5302343,0.1,3,0,0.8689709,0.7200276,0.4105947,1.012457,0.1058224,0.4965868,False,2,1,0
6/26/2025 5:44:31 PM,1750952671996,Left,0.9940554,0.1686135,0.5558777,0.6600503,0.4593402,0.3527348,0.9479529,0.1685846,0.5299904,0.1,3,0,0.8692374,0.7197482,0.4101948,1.01378,0.1081536,0.4968405,False,2,1,0
6/26/2025 5:44:32 PM,1750952672024,Left,0.99277,0.1741177,0.5541168,0.6597822,0.4587672,0.3522851,0.9450982,0.1714652,0.5270352,0.1,3,0,0.8687984,0.7212695,0.409372,1.013053,0.1130031,0.494657,False,2,1,0
6/26/2025 5:44:32 PM,1750952672037,Left,0.9919338,0.1767668,0.5530075,0.6597928,0.4589775,0.3523159,0.9429951,0.1728062,0.5252853,0.1,3,0,0.8683625,0.7224721,0.40912,1.011885,0.115604,0.4926352,False,2,1,0
6/26/2025 5:44:32 PM,1750952672065,Left,0.9895966,0.1856716,0.5501894,0.660172,0.4621284,0.3535304,0.9401764,0.1795224,0.5231034,0.1,3,0,0.866238,0.7266886,0.4082577,1.008816,0.1233195,0.4882643,False,2,1,0
6/26/2025 5:44:32 PM,1750952672079,Left,0.9890195,0.1894348,0.5493242,0.6602228,0.4625603,0.3536688,0.9395055,0.1828599,0.522366,0.1,3,0,0.8650678,0.7290097,0.4078406,1.00853,0.1272101,0.4873992,False,2,1,0
6/26/2025 5:44:32 PM,1750952672093,Left,0.9881852,0.1963191,0.5485214,0.660485,0.4654344,0.3543216,0.938845,0.1878359,0.5213428,0.1,3,0,0.8639041,0.7334406,0.4063724,1.008022,0.1322263,0.4866149,False,2,1,0
6/26/2025 5:44:32 PM,1750952672121,Left,0.9866002,0.2094756,0.5468185,0.661395,0.474427,0.3554755,0.9368156,0.1999354,0.5191077,0.1,3,0,0.8618472,0.7420511,0.4041981,1.005738,0.1444197,0.4837284,False,2,1,0
6/26/2025 5:44:32 PM,1750952672135,Left,0.9860892,0.2160971,0.5459129,0.6618685,0.4791839,0.3558378,0.9360163,0.2071785,0.5177553,0.1,3,0,0.8613083,0.747702,0.4025198,1.004613,0.1516506,0.4817677,False,2,1,0
6/26/2025 5:44:32 PM,1750952672162,Left,0.9856534,0.2313019,0.5441009,0.6627722,0.4903113,0.3572024,0.93567,0.2217579,0.5157682,0.1,3,0,0.8607019,0.7609051,0.3983982,1.003667,0.1662978,0.4785591,False,2,1,0
6/26/2025 5:44:32 PM,1750952672176,Left,0.9857877,0.2393493,0.543401,0.6632509,0.496416,0.3579445,0.9359605,0.2287014,0.5151941,0.1,3,0,0.8609808,0.7682576,0.3958453,1.004027,0.1736428,0.4775188,False,2,1,0
6/26/2025 5:44:32 PM,1750952672204,Left,0.9870765,0.2566812,0.5425376,0.663849,0.5097552,0.3589199,0.9369813,0.2465115,0.5133722,0.1,3,0,0.8605508,0.7843299,0.3905383,1.005653,0.1921287,0.475813,False,2,1,0
6/26/2025 5:44:32 PM,1750952672218,Left,0.9877818,0.2649842,0.5420932,0.6640365,0.5165457,0.3592693,0.9373668,0.2547302,0.5124618,0.1,3,0,0.8599272,0.7929361,0.3881063,1.006039,0.2003475,0.4749026,False,2,1,0
6/26/2025 5:44:32 PM,1750952672232,Left,0.9884993,0.2735684,0.5415431,0.6641576,0.5237395,0.359718,0.9376106,0.2631145,0.5116097,0.1,3,0,0.8591126,0.8020517,0.385615,1.006282,0.2087317,0.4740504,False,2,1,0
6/26/2025 5:44:32 PM,1750952672260,Left,0.9892432,0.2906711,0.5391474,0.6641845,0.5380988,0.3600841,0.9364114,0.2806,0.507365,0.1,3,0,0.8566757,0.8218879,0.3804998,1.004689,0.2259412,0.4694889,False,2,1,0
6/26/2025 5:44:32 PM,1750952672273,Left,0.9893488,0.2998494,0.5374235,0.664085,0.5457909,0.3599763,0.9358339,0.2900943,0.5049662,0.1,3,0,0.8554392,0.8324922,0.3779154,1.003757,0.2352488,0.4667251,False,2,1,0
6/26/2025 5:44:32 PM,1750952672301,Left,0.989979,0.3193127,0.534554,0.663756,0.5621133,0.3599511,0.9356456,0.3091781,0.5016345,0.1,3,0,0.8527298,0.8541399,0.3724928,1.002593,0.2538306,0.4624078,False,2,1,0
6/26/2025 5:44:32 PM,1750952672315,Left,0.9906551,0.3301193,0.5336154,0.6634703,0.571155,0.3598865,0.9364296,0.3202574,0.5007005,0.1,3,0,0.8513362,0.8656219,0.3695763,1.002732,0.2645908,0.4608363,False,2,1,0
6/26/2025 5:44:32 PM,1750952672343,Left,0.9917449,0.3505355,0.5318606,0.6627834,0.5887777,0.3597898,0.938343,0.3434184,0.4992181,0.1,3,0,0.848688,0.8883609,0.3624769,1.003439,0.2869476,0.4585053,False,2,1,0
6/26/2025 5:44:32 PM,1750952672357,Left,0.991519,0.3607641,0.5303296,0.6623397,0.5980777,0.3597264,0.9379413,0.3539607,0.4974034,0.1,3,0,0.8465438,0.9001213,0.3585368,1.002549,0.2971961,0.4563225,False,2,1,0
6/26/2025 5:44:32 PM,1750952672371,Left,0.99112,0.3709883,0.5285285,0.6618594,0.6071751,0.3596683,0.9363676,0.3644416,0.494592,0.1,3,0,0.8445157,0.9120085,0.3548992,1.000367,0.3073298,0.4530438,False,2,1,0
6/26/2025 5:44:32 PM,1750952672399,Left,0.9899927,0.3922463,0.5249195,0.6604273,0.6252629,0.3596199,0.9341902,0.385907,0.4898988,0.1,3,0,0.840618,0.9359629,0.3479832,0.9965717,0.3280098,0.4469985,False,2,1,0
6/26/2025 5:44:32 PM,1750952672413,Left,0.9897091,0.4033959,0.5239213,0.6593111,0.6340313,0.3599373,0.9345905,0.3976228,0.4893079,0.1,3,0,0.8378218,0.9474349,0.3444468,0.9965775,0.3396848,0.4458939,False,2,1,0
6/26/2025 5:44:32 PM,1750952672440,Left,0.9874952,0.423144,0.5202454,0.6562108,0.6512235,0.3605171,0.9300368,0.4179974,0.4841384,0.1,3,0,0.8305951,0.9701333,0.3374377,0.9916558,0.3599726,0.4403183,False,2,1,0
6/26/2025 5:44:32 PM,1750952672454,Left,0.9855224,0.4323867,0.5176601,0.6542819,0.6595494,0.3609202,0.9251357,0.4266608,0.4795983,0.1,3,0,0.8258438,0.9805648,0.3337753,0.9865114,0.3685282,0.4355803,False,2,1,0
6/26/2025 5:44:32 PM,1750952672482,Left,0.9824703,0.4514931,0.5137504,0.6504351,0.6758,0.3622427,0.9166729,0.444427,0.4727608,0.1,3,0,0.814935,1.00051,0.3268524,0.9772996,0.3859406,0.4281769,False,2,1,0
6/26/2025 5:44:32 PM,1750952672496,Left,0.9806062,0.4613596,0.5122796,0.6481392,0.6842341,0.3629894,0.9132711,0.4542437,0.4706776,0.1,3,0,0.8080943,1.010964,0.3244317,0.9733703,0.3955139,0.4257014,False,2,1,0
6/26/2025 5:44:32 PM,1750952672523,Left,0.9770933,0.4797923,0.5092332,0.6431725,0.7019762,0.3643942,0.9063356,0.4732884,0.4668067,0.1,3,0,0.7967815,1.033695,0.3189842,0.9650415,0.4139006,0.4208645,False,2,1,0
6/26/2025 5:44:32 PM,1750952672536,Left,0.9748956,0.488817,0.5070744,0.6403022,0.7113303,0.3653191,0.9021194,0.482399,0.4636818,0.1,3,0,0.7921851,1.044102,0.3156239,0.9599677,0.4226289,0.4171513,False,2,1,0
6/26/2025 5:44:32 PM,1750952672565,Left,0.9688216,0.5067889,0.5013939,0.6341515,0.7309372,0.3675584,0.8897507,0.4990075,0.4551885,0.1,3,0,0.7837802,1.063542,0.3075147,0.9456745,0.438462,0.4073266,False,2,1,0
6/26/2025 5:44:32 PM,1750952672579,Left,0.9653369,0.5158471,0.4985843,0.6306245,0.740986,0.3684325,0.882132,0.5077457,0.4509254,0.1,3,0,0.7778541,1.072701,0.3036596,0.936982,0.4468109,0.4023209,False,2,1,0
6/26/2025 5:44:32 PM,1750952672593,Left,0.9622062,0.5245265,0.4961368,0.6270466,0.7504395,0.3689344,0.875079,0.5169055,0.4476257,0.1,3,0,0.771597,1.082308,0.3007816,0.9286785,0.4555386,0.3981771,False,2,1,0
6/26/2025 5:44:32 PM,1750952672621,Left,0.9560779,0.5405968,0.4917772,0.6186296,0.7687135,0.3692378,0.8624645,0.5336496,0.4428089,0.1,3,0,0.7571958,1.100967,0.2958347,0.9133643,0.4714276,0.3916072,False,2,1,0
6/26/2025 5:44:32 PM,1750952672635,Left,0.9528457,0.5482407,0.4896493,0.6141698,0.7775025,0.3693346,0.8568741,0.5419648,0.4408308,0.1,3,0,0.7494944,1.109813,0.2934545,0.9062566,0.4793063,0.3886843,False,2,1,0
6/26/2025 5:44:32 PM,1750952672663,Left,0.94524,0.5622923,0.4843848,0.604187,0.7932151,0.3695867,0.8424901,0.5573224,0.4363125,0.1,3,0,0.7327701,1.127828,0.288847,0.8884625,0.4937985,0.3821346,False,2,1,0
6/26/2025 5:44:32 PM,1750952672676,Left,0.9407232,0.5686315,0.4809341,0.5985898,0.8002807,0.3699821,0.8334695,0.5647866,0.4336643,0.1,3,0,0.7250688,1.137101,0.2858032,0.8776235,0.5008712,0.3784446,False,2,1,0
6/26/2025 5:44:32 PM,1750952672703,Left,0.932005,0.5814112,0.4736967,0.5877029,0.8140931,0.3714136,0.8139464,0.5809081,0.4278685,0.1,3,0,0.7106693,1.15506,0.2796804,0.854416,0.5163692,0.3705891,False,2,1,0
6/26/2025 5:44:32 PM,1750952672718,Left,0.9282614,0.5875213,0.4705145,0.5822597,0.8203545,0.3725094,0.807243,0.588898,0.4255095,0.1,3,0,0.7031695,1.163513,0.2760143,0.8458538,0.5241295,0.3672152,False,2,1,0
6/26/2025 5:44:32 PM,1750952672731,Left,0.9252959,0.593545,0.4680173,0.5769,0.8264812,0.3736991,0.8044651,0.5958672,0.4238355,0.1,3,0,0.6949909,1.171636,0.2729288,0.8409709,0.5308701,0.3644497,False,2,1,0
6/26/2025 5:44:32 PM,1750952672759,Left,0.9202704,0.6045847,0.4638389,0.5668331,0.8374755,0.3760736,0.8017242,0.6089902,0.4214648,0.1,3,0,0.6789694,1.187604,0.2674688,0.8335174,0.5435334,0.3599133,False,2,1,0
6/26/2025 5:44:32 PM,1750952672774,Left,0.9171017,0.60975,0.4612272,0.5622386,0.8426228,0.377141,0.7983276,0.6150923,0.4201989,0.1,3,0,0.6714735,1.195081,0.2653284,0.8276203,0.5494452,0.3576179,False,2,1,0
6/26/2025 5:44:32 PM,1750952672801,Left,0.9118129,0.6187727,0.4564919,0.5536166,0.8519078,0.3793119,0.7924688,0.6268965,0.4177904,0.1,3,0,0.6566266,1.208213,0.262272,0.8162318,0.5609793,0.3531823,False,2,1,0
6/26/2025 5:44:32 PM,1750952672815,Left,0.9101274,0.6222438,0.4547436,0.5497823,0.8557265,0.3802667,0.7915291,0.6312523,0.4175309,0.1,3,0,0.6494726,1.214502,0.2617773,0.8124226,0.5652108,0.3520637,False,2,1,0
6/26/2025 5:44:32 PM,1750952672842,Left,0.9071271,0.6302102,0.4517024,0.5423779,0.8635994,0.3809658,0.7925046,0.6400396,0.4172067,0.1,3,0,0.6354142,1.226443,0.261387,0.8070103,0.5737091,0.35032,False,2,1,0
6/26/2025 5:44:32 PM,1750952672857,Left,0.9058143,0.6341699,0.4504731,0.5386124,0.8674733,0.3808786,0.79374,0.6444212,0.4168633,0.1,3,0,0.6291494,1.23217,0.2609462,0.8048393,0.5779145,0.3495012,False,2,1,0
6/26/2025 5:44:32 PM,1750952672884,Left,0.9035766,0.6420428,0.4482803,0.531265,0.8754452,0.3796166,0.79853,0.6531511,0.4154072,0.1,3,0,0.6173183,1.242802,0.2597432,0.8016273,0.5861872,0.3476559,False,2,1,0
6/26/2025 5:44:32 PM,1750952672899,Left,0.9025725,0.6455992,0.4469595,0.5282801,0.8800105,0.3782194,0.8010365,0.6573915,0.4140882,0.1,3,0,0.6117594,1.248018,0.2585524,0.7996995,0.5901588,0.346546,False,2,1,0
6/26/2025 5:44:32 PM,1750952672912,Left,0.9009236,0.6494566,0.4453205,0.5248159,0.8845689,0.3776444,0.8028192,0.6617472,0.4122888,0.1,3,0,0.6062002,1.253251,0.2574714,0.7967791,0.5942521,0.3452672,False,2,1,0
6/26/2025 5:44:32 PM,1750952672940,Left,0.8958492,0.656056,0.4404362,0.5195947,0.8943913,0.3754075,0.8021033,0.6695841,0.4070417,0.1,3,0,0.5968232,1.26276,0.2533823,0.7873467,0.6018707,0.3416115,False,2,1,0
6/26/2025 5:44:32 PM,1750952672954,Left,0.8935345,0.6594815,0.4377191,0.5169556,0.898685,0.3742886,0.8015962,0.6735808,0.4040265,0.1,3,0,0.5920072,1.267241,0.2512662,0.7830445,0.6059008,0.3395345,False,2,1,0
6/26/2025 5:44:32 PM,1750952672982,Left,0.8899721,0.66654,0.4326243,0.5118358,0.906015,0.3718301,0.8031683,0.6807837,0.3969991,0.1,3,0,0.582022,1.275473,0.2475588,0.7764526,0.6134852,0.3350219,False,2,1,0
6/26/2025 5:44:32 PM,1750952672996,Left,0.8881345,0.6700821,0.4300537,0.5092739,0.9090414,0.3705899,0.801097,0.6844133,0.3945087,0.1,3,0,0.5778004,1.279335,0.2458639,0.7737225,0.6171829,0.3327456,False,2,1,0
6/26/2025 5:44:33 PM,1750952673023,Left,0.8841652,0.6768888,0.4243252,0.5045521,0.9143642,0.3675909,0.7958332,0.6912312,0.3897992,0.1,3,0,0.569713,1.28606,0.2436509,0.7678894,0.6240511,0.3282366,False,2,1,0
6/26/2025 5:44:33 PM,1750952673037,Left,0.8817808,0.6802759,0.4211708,0.5023848,0.9170242,0.3658837,0.7920835,0.6945058,0.3875032,0.1,3,0,0.5660648,1.289125,0.2427268,0.7641745,0.6273049,0.3259475,False,2,1,0
6/26/2025 5:44:33 PM,1750952673065,Left,0.8766828,0.6868517,0.4140961,0.4986954,0.9223657,0.362879,0.7845389,0.7011685,0.3821127,0.1,3,0,0.5594224,1.294905,0.2403861,0.7564905,0.6339577,0.3206311,False,2,1,0
6/26/2025 5:44:33 PM,1750952673079,Left,0.8741162,0.6898459,0.4100584,0.4973395,0.9248982,0.3615606,0.7807246,0.7045267,0.3786756,0.1,3,0,0.5566038,1.297753,0.2382998,0.7525334,0.6373473,0.3172251,False,2,1,0
6/26/2025 5:44:33 PM,1750952673093,Left,0.8722446,0.6926228,0.4058579,0.4964145,0.9272649,0.36008,0.7779514,0.7076691,0.3749132,0.1,3,0,0.5539976,1.3003,0.2363778,0.7495669,0.6405645,0.31347,False,2,1,0
6/26/2025 5:44:33 PM,1750952673121,Left,0.8689306,0.6969453,0.3972057,0.495235,0.9304442,0.3569326,0.7735087,0.7121546,0.3674906,0.1,3,0,0.5480649,1.304249,0.2333778,0.7445382,0.6453027,0.3060455,False,2,1,0
6/26/2025 5:44:33 PM,1750952673135,Left,0.8667139,0.6984817,0.3928012,0.4948215,0.9311514,0.3559079,0.7709067,0.7137086,0.3639246,0.1,3,0,0.5453187,1.305655,0.2324013,0.7415493,0.6470187,0.3024869,False,2,1,0
6/26/2025 5:44:33 PM,1750952673162,Left,0.8612871,0.699991,0.3830541,0.4944651,0.9318178,0.353631,0.7646878,0.7158182,0.3564376,0.1,3,0,0.541483,1.30794,0.2316436,0.7341238,0.64958,0.2950998,False,2,1,0
6/26/2025 5:44:33 PM,1750952673176,Left,0.8579967,0.7006041,0.3779627,0.4939539,0.9323112,0.3520414,0.7614951,0.7171023,0.3529041,0.1,3,0,0.5404364,1.309095,0.2316967,0.7302267,0.6511293,0.2916357,False,2,1,0
6/26/2025 5:44:33 PM,1750952673204,Left,0.8523771,0.7012293,0.368368,0.4925849,0.9330298,0.3489571,0.7557457,0.7184798,0.3450665,0.1,3,0,0.5398009,1.310665,0.2297261,0.7223226,0.6532652,0.2841245,False,2,1,0
6/26/2025 5:44:33 PM,1750952673218,Left,0.8502371,0.7017112,0.363585,0.4918457,0.9333577,0.3472003,0.7541309,0.7189071,0.3409322,0.1,3,0,0.5389688,1.311173,0.2288266,0.7193801,0.6541088,0.2802895,False,2,1,0
6/26/2025 5:44:33 PM,1750952673232,Left,0.8484061,0.702263,0.3588074,0.4912839,0.9335642,0.34508,0.7532932,0.7192667,0.3365859,0.1,3,0,0.5383265,1.311491,0.2273951,0.7171048,0.654937,0.276286,False,2,1,0
6/26/2025 5:44:33 PM,1750952673260,Left,0.8452839,0.7030008,0.3496352,0.4908338,0.9334576,0.3417166,0.7521595,0.7193306,0.3284103,0.1,3,0,0.5374562,1.311832,0.2241781,0.7131609,0.6558852,0.2689312,False,2,1,0
6/26/2025 5:44:33 PM,1750952673274,Left,0.8438345,0.7032406,0.3453476,0.4914167,0.9326653,0.3407626,0.7514651,0.7193135,0.3246899,0.1,3,0,0.5369868,1.312007,0.2227838,0.7110944,0.6562709,0.2656999,False,2,1,0
6/26/2025 5:44:33 PM,1750952673301,Left,0.8433818,0.7039444,0.3368692,0.4937463,0.9309798,0.3393126,0.7527184,0.7192634,0.316794,0.1,3,0,0.5353532,1.311944,0.2207541,0.7093998,0.6572567,0.2588056,False,2,1,0
6/26/2025 5:44:33 PM,1750952673315,Left,0.8436669,0.7038175,0.3324333,0.4953636,0.9296956,0.3386637,0.7540655,0.7186146,0.3126385,0.1,3,0,0.5345669,1.311821,0.2197745,0.709076,0.6572274,0.2552665,False,2,1,0
6/26/2025 5:44:33 PM,1750952673342,Left,0.8427995,0.7029316,0.3233063,0.4971933,0.9273219,0.3368528,0.7561216,0.7170467,0.3034028,0.1,3,0,0.5334394,1.311376,0.2178029,0.7071177,0.6564995,0.248479,False,2,1,0
6/26/2025 5:44:33 PM,1750952673356,Left,0.8421323,0.7018294,0.3185258,0.4981244,0.9263957,0.3357751,0.755614,0.7163441,0.2992794,0.1,3,0,0.5327935,1.310736,0.2169602,0.7056051,0.6557245,0.2453502,False,2,1,0
6/26/2025 5:44:33 PM,1750952673384,Left,0.8407669,0.7002594,0.3086942,0.4999502,0.9255693,0.3335772,0.7545232,0.7145382,0.2908269,0.1,3,0,0.5321773,1.308991,0.2147248,0.7026489,0.6537955,0.238833,False,2,1,0
6/26/2025 5:44:33 PM,1750952673399,Left,0.8399792,0.6992803,0.3035775,0.5010273,0.9255028,0.3326139,0.7539552,0.7134998,0.2864437,0.1,3,0,0.5326365,1.307754,0.2133552,0.7011915,0.6527352,0.2353789,False,2,1,0
6/26/2025 5:44:33 PM,1750952673412,Left,0.8392214,0.698294,0.2983706,0.5021567,0.9253366,0.3317754,0.7533475,0.7123529,0.282151,0.1,3,0,0.5331526,1.306466,0.2118555,0.6997634,0.6515427,0.2320028,False,2,1,0
6/26/2025 5:44:33 PM,1750952673440,Left,0.8379117,0.6951488,0.287984,0.5048326,0.9249544,0.3305122,0.7524175,0.7092034,0.2735518,0.1,3,0,0.534394,1.303546,0.2096486,0.6969727,0.6483774,0.2254888,False,2,1,0
6/26/2025 5:44:33 PM,1750952673454,Left,0.8371325,0.6933098,0.2827042,0.5060413,0.9246824,0.3298023,0.7520401,0.7074194,0.2690737,0.1,3,0,0.5356215,1.30189,0.2083809,0.6957074,0.6463994,0.2223065,False,2,1,0
6/26/2025 5:44:33 PM,1750952673482,Left,0.8343563,0.68974,0.2717823,0.5080833,0.9238766,0.3284594,0.7503005,0.7038456,0.2602043,0.1,3,0,0.5381181,1.298371,0.2063026,0.6924353,0.6423739,0.2159682,False,2,1,0
6/26/2025 5:44:33 PM,1750952673496,Left,0.8325473,0.6881643,0.2661803,0.5089267,0.9233867,0.3281589,0.7490253,0.7021891,0.2557496,0.1,3,0,0.539767,1.296691,0.2055093,0.6905179,0.6404335,0.2127716,False,2,1,0
6/26/2025 5:44:33 PM,1750952673523,Left,0.8294231,0.6849051,0.2548828,0.5103867,0.9224948,0.3282661,0.7469497,0.6989809,0.246741,0.1,3,0,0.5437572,1.293593,0.2033813,0.6871774,0.636847,0.2061131,False,2,1,0
6/26/2025 5:44:33 PM,1750952673537,Left,0.8287451,0.683376,0.2490431,0.5111365,0.9218645,0.3285389,0.7466983,0.697498,0.2419706,0.1,3,0,0.5459168,1.292252,0.2023925,0.6861666,0.6353848,0.2024505,False,2,1,0
6/26/2025 5:44:33 PM,1750952673565,Left,0.827776,0.6808781,0.236861,0.5131383,0.9198028,0.3297437,0.7472022,0.694874,0.2310925,0.1,3,0,0.5495763,1.289455,0.2007208,0.6842816,0.6335008,0.1942374,False,2,1,0
6/26/2025 5:44:33 PM,1750952673578,Left,0.826899,0.6797758,0.2307017,0.5143325,0.9184659,0.3304894,0.7470191,0.693813,0.2258585,0.1,3,0,0.5515988,1.288189,0.1998641,0.6831928,0.6328917,0.1898199,False,2,1,0
6/26/2025 5:44:33 PM,1750952673592,Left,0.8254973,0.6787319,0.2247016,0.5154897,0.9172001,0.3311421,0.7461492,0.6927847,0.2210131,0.1,3,0,0.5534968,1.286861,0.1993173,0.6817071,0.6319565,0.1859258,False,2,1,0
6/26/2025 5:44:33 PM,1750952673620,Left,0.8204502,0.676217,0.2136737,0.5188227,0.9141052,0.3336778,0.7423887,0.6903409,0.2133145,0.1,3,0,0.5577149,1.284578,0.1991793,0.6769628,0.6296253,0.1798923,False,2,1,0
6/26/2025 5:44:33 PM,1750952673634,Left,0.8176411,0.6748092,0.2089036,0.5207734,0.9127124,0.3350537,0.7402619,0.6890336,0.2103577,0.1,3,0,0.559958,1.283615,0.1993637,0.6743476,0.6283856,0.1777832,False,2,1,0
6/26/2025 5:44:33 PM,1750952673662,Left,0.8123351,0.6718187,0.2002594,0.5254651,0.909886,0.3380324,0.7364125,0.6864131,0.2042324,0.1,3,0,0.5635654,1.281568,0.1990955,0.6692048,0.6259832,0.173978,False,2,1,0
6/26/2025 5:44:33 PM,1750952673676,Left,0.8099213,0.6701395,0.1962985,0.5278257,0.9084327,0.3395087,0.7349371,0.684795,0.2009358,0.1,3,0,0.5652883,1.280128,0.1986045,0.6669616,0.6244113,0.1723505,False,2,1,0
6/26/2025 5:44:33 PM,1750952673704,Left,0.805057,0.6675031,0.1893409,0.5307937,0.9053288,0.3421457,0.7323641,0.6821179,0.1944615,0.1,3,0,0.5693388,1.277382,0.1994845,0.662729,0.6219434,0.1696829,False,2,1,0
6/26/2025 5:44:33 PM,1750952673717,Left,0.8026944,0.6661215,0.1862594,0.531863,0.9041284,0.3432857,0.7313105,0.6806946,0.1914542,0.1,3,0,0.5720295,1.276141,0.2008181,0.6608809,0.6205841,0.1688627,False,2,1,0
6/26/2025 5:44:33 PM,1750952673732,Left,0.8000773,0.6648638,0.1836296,0.5333524,0.9035358,0.3444648,0.7300939,0.6794048,0.1893636,0.1,3,0,0.5750537,1.27495,0.202502,0.6589738,0.6193728,0.1688191,False,2,1,0
6/26/2025 5:44:33 PM,1750952673759,Left,0.7947007,0.6622999,0.1782174,0.537087,0.9039002,0.3469884,0.7269186,0.677108,0.1856178,0.1,3,0,0.5798409,1.273528,0.2069337,0.6545338,0.6175044,0.1685353,False,2,1,0
6/26/2025 5:44:33 PM,1750952673773,Left,0.7917293,0.6613104,0.1761417,0.5394657,0.9045232,0.3484336,0.7250131,0.6762402,0.1840989,0.1,3,0,0.5814369,1.273278,0.2094244,0.6521857,0.616742,0.1686032,False,2,1,0
6/26/2025 5:44:33 PM,1750952673801,Left,0.7850488,0.6596807,0.1731114,0.5447333,0.9057237,0.3520019,0.7197586,0.6748798,0.1831072,0.1,3,0,0.5829939,1.271952,0.2138802,0.646504,0.6152561,0.1703503,False,2,1,0
6/26/2025 5:44:33 PM,1750952673815,Left,0.7811255,0.6591997,0.1728369,0.5473911,0.9062551,0.3544102,0.716509,0.6743991,0.1836132,0.1,3,0,0.582448,1.271669,0.2154012,0.6431553,0.6146311,0.1721669,False,2,1,0
6/26/2025 5:44:33 PM,1750952673843,Left,0.773183,0.6584562,0.1729066,0.55108,0.9063128,0.3596553,0.7100106,0.6739038,0.1855279,0.1,3,0,0.5812063,1.272347,0.2206717,0.6365584,0.6138029,0.176775,False,2,1,0
6/26/2025 5:44:33 PM,1750952673856,Left,0.7698281,0.6582237,0.1730486,0.5527563,0.9061583,0.3628327,0.7072223,0.6738175,0.1860722,0.1,3,0,0.5806965,1.272997,0.2239646,0.6337383,0.6135711,0.1786931,False,2,1,0
6/26/2025 5:44:33 PM,1750952673884,Left,0.7632189,0.6578761,0.173414,0.5564705,0.9068112,0.369957,0.7016712,0.674243,0.1867266,0.1,3,0,0.5788808,1.274528,0.2307565,0.6285793,0.6131772,0.1831891,False,2,1,0
6/26/2025 5:44:33 PM,1750952673898,Left,0.7597128,0.6580836,0.1738657,0.5585831,0.907423,0.3738314,0.6986105,0.6745358,0.1871407,0.1,3,0,0.5773225,1.275233,0.2341695,0.6258036,0.6130562,0.1852996,False,2,1,0
6/26/2025 5:44:33 PM,1750952673911,Left,0.7560147,0.6589488,0.1744764,0.5609341,0.9083365,0.3782816,0.6952119,0.67538,0.1882556,0.1,3,0,0.5754025,1.275985,0.2377765,0.6225469,0.6137057,0.1880087,False,2,1,0
6/26/2025 5:44:33 PM,1750952673939,Left,0.7485317,0.6607518,0.1746893,0.5658157,0.9093097,0.3869641,0.6881368,0.6772612,0.1898445,0.1,3,0,0.5707746,1.277148,0.2453396,0.6154873,0.6156114,0.1921529,False,2,1,0
6/26/2025 5:44:33 PM,1750952673953,Left,0.7449723,0.6621479,0.1745744,0.5689275,0.9083882,0.3920987,0.6848114,0.6782165,0.1907333,0.1,3,0,0.5681984,1.277413,0.2495981,0.6120238,0.6167638,0.1938195,False,2,1,0
6/26/2025 5:44:33 PM,1750952673981,Left,0.7381756,0.6645142,0.1743351,0.5749975,0.9053649,0.4016975,0.6785115,0.6800054,0.1925409,0.1,3,0,0.5639197,1.277696,0.2592695,0.6055544,0.6188522,0.1971806,False,2,1,0
6/26/2025 5:44:33 PM,1750952673995,Left,0.7346773,0.6650562,0.174196,0.5776544,0.9034997,0.4064919,0.6752988,0.680354,0.1936586,0.1,3,0,0.5615282,1.277516,0.2645099,0.6023118,0.619284,0.1988865,False,2,1,0
6/26/2025 5:44:34 PM,1750952674023,Left,0.7275156,0.6654202,0.1750127,0.5825629,0.899525,0.416414,0.6687655,0.6803967,0.1967934,0.1,3,0,0.5575035,1.276935,0.2760777,0.5958736,0.6193571,0.2034954,False,2,1,0
6/26/2025 5:44:34 PM,1750952674036,Left,0.7236657,0.6653585,0.1766535,0.584826,0.8970371,0.4218673,0.6656134,0.6802915,0.1995648,0.1,3,0,0.5564998,1.276635,0.2825633,0.5928338,0.619193,0.2069192,False,2,1,0
6/26/2025 5:44:34 PM,1750952674065,Left,0.715839,0.6653124,0.1803508,0.5899546,0.8930271,0.4323772,0.6593267,0.6798827,0.2066572,0.1,3,0,0.554575,1.276465,0.2957257,0.5868562,0.6185828,0.215279,False,2,1,0
6/26/2025 5:44:34 PM,1750952674078,Left,0.7123164,0.6649551,0.1816459,0.5924619,0.8915589,0.4377162,0.6564053,0.6796618,0.2093499,0.1,3,0,0.5540421,1.276313,0.3022715,0.5840859,0.618274,0.2185925,False,2,1,0
6/26/2025 5:44:34 PM,1750952674092,Left,0.7089907,0.664978,0.1828462,0.594618,0.8902105,0.4433221,0.6537215,0.6794685,0.211711,0.1,3,0,0.5532955,1.275905,0.3086743,0.5815354,0.6180334,0.2216549,False,2,1,0
6/26/2025 5:44:34 PM,1750952674120,Left,0.7022564,0.6654932,0.1862234,0.5979053,0.8883131,0.4550755,0.6479759,0.6796793,0.2166963,0.1,3,0,0.5524035,1.27459,0.3213657,0.5762342,0.6181419,0.2289544,False,2,1,0
6/26/2025 5:44:34 PM,1750952674134,Left,0.6987784,0.6659067,0.1884415,0.5997303,0.8873774,0.4607029,0.6450081,0.6797745,0.2192415,0.1,3,0,0.5522244,1.273597,0.3279779,0.5735464,0.6182148,0.2329389,False,2,1,0
6/26/2025 5:44:34 PM,1750952674161,Left,0.6918622,0.6670107,0.1943721,0.6040947,0.8850828,0.4720342,0.639666,0.6803008,0.226114,0.1,3,0,0.5538062,1.27241,0.3402839,0.5688305,0.6187218,0.2426774,False,2,1,0
6/26/2025 5:44:34 PM,1750952674176,Left,0.6887428,0.6678283,0.1975486,0.606784,0.8838051,0.4776828,0.6372786,0.6807666,0.2296623,0.1,3,0,0.555022,1.271766,0.3469251,0.5667943,0.6191873,0.2476602,False,2,1,0
6/26/2025 5:44:34 PM,1750952674203,Left,0.6838007,0.6700212,0.2027055,0.613803,0.8822801,0.4885477,0.6339271,0.6820261,0.235217,0.1,3,0,0.5591862,1.27128,0.3604493,0.5636893,0.6211464,0.2562952,False,2,1,0
6/26/2025 5:44:34 PM,1750952674217,Left,0.6815649,0.6713533,0.205431,0.6174423,0.8816849,0.4939179,0.6328003,0.682836,0.2390736,0.1,3,0,0.5616946,1.271177,0.3674734,0.5624429,0.6222909,0.2607095,False,2,1,0
6/26/2025 5:44:34 PM,1750952674245,Left,0.6783259,0.6744296,0.2108412,0.6249683,0.8810714,0.5051126,0.6312586,0.6850634,0.2460817,0.1,3,0,0.5680312,1.271814,0.3811859,0.5609117,0.6249937,0.2690362,False,2,1,0
6/26/2025 5:44:34 PM,1750952674259,Left,0.6768742,0.6758987,0.2138951,0.6287252,0.8812835,0.5107641,0.6310946,0.6863563,0.2500601,0.1,3,0,0.5717992,1.272352,0.388337,0.5607619,0.6264949,0.2735954,False,2,1,0
6/26/2025 5:44:34 PM,1750952674272,Left,0.6756387,0.6775336,0.2174391,0.6323574,0.8815754,0.5164096,0.6308572,0.6877768,0.2543591,0.1,3,0,0.5756803,1.273021,0.3951005,0.5606973,0.6279832,0.2785725,False,2,1,0
6/26/2025 5:44:34 PM,1750952674300,Left,0.6740941,0.6817884,0.2258044,0.6395146,0.8826248,0.528101,0.6315003,0.6915473,0.2640598,0.1,3,0,0.5844717,1.275494,0.4080027,0.561525,0.6321481,0.2897342,False,2,1,0
6/26/2025 5:44:34 PM,1750952674315,Left,0.6733252,0.6840609,0.229862,0.6433456,0.8826818,0.5336437,0.6317917,0.6936135,0.2685604,0.1,3,0,0.5890075,1.277177,0.4147013,0.5619326,0.6344433,0.2950667,False,2,1,0
6/26/2025 5:44:34 PM,1750952674342,Left,0.6729827,0.6896805,0.2381715,0.6512316,0.8829243,0.5440968,0.6333226,0.6984271,0.2773162,0.1,3,0,0.5999694,1.281023,0.4281882,0.5636684,0.6397032,0.3053119,False,2,1,0
6/26/2025 5:44:34 PM,1750952674356,Left,0.6726471,0.692541,0.2426012,0.6548172,0.8830437,0.5493785,0.6345416,0.7011203,0.2823647,0.1,3,0,0.6059282,1.282676,0.4347724,0.564986,0.6426086,0.3110419,False,2,1,0
6/26/2025 5:44:34 PM,1750952674384,Left,0.6732367,0.6997979,0.2512507,0.6616807,0.8830801,0.5593226,0.6374192,0.7071558,0.2917493,0.1,3,0,0.6187193,1.286186,0.4474623,0.5678616,0.6494607,0.3220312,False,2,1,0
6/26/2025 5:44:34 PM,1750952674398,Left,0.6740656,0.703355,0.2548193,0.6654236,0.8823918,0.5636969,0.6392685,0.710196,0.2958853,0.1,3,0,0.6251209,1.288235,0.453743,0.569533,0.6529807,0.3266642,False,2,1,0
6/26/2025 5:44:34 PM,1750952674412,Left,0.6751558,0.7069729,0.2587082,0.6691359,0.8808039,0.5675434,0.6414723,0.713383,0.3001301,0.1,3,0,0.6318284,1.290331,0.4598809,0.5715656,0.6565547,0.3312358,False,2,1,0
6/26/2025 5:44:34 PM,1750952674440,Left,0.6773067,0.7148042,0.2678249,0.6763116,0.8772291,0.5745856,0.6463547,0.7202447,0.3100583,0.1,3,0,0.6458863,1.294439,0.4713519,0.5765366,0.6636931,0.3418597,False,2,1,0
6/26/2025 5:44:34 PM,1750952674453,Left,0.6790318,0.7188357,0.2729373,0.679868,0.8758399,0.5778363,0.6492813,0.7236076,0.3154603,0.1,3,0,0.6529661,1.296291,0.4766669,0.5795622,0.6671526,0.3476481,False,2,1,0
6/26/2025 5:44:34 PM,1750952674481,Left,0.6828038,0.7265305,0.2818316,0.6852866,0.8741297,0.5853057,0.6549408,0.7300369,0.3244047,0.1,3,0,0.6671145,1.299575,0.4873762,0.5855786,0.674018,0.3580905,False,2,1,0
6/26/2025 5:44:34 PM,1750952674494,Left,0.684697,0.7309164,0.2854807,0.6870971,0.873748,0.5888021,0.657631,0.7334825,0.3281756,0.1,3,0,0.6736287,1.301277,0.4923651,0.58824,0.677897,0.3625139,False,2,1,0
6/26/2025 5:44:34 PM,1750952674522,Left,0.6882834,0.7393494,0.2931478,0.6913898,0.8748402,0.5946484,0.6628971,0.7405416,0.3362189,0.1,3,0,0.6852632,1.304635,0.5016862,0.5934507,0.6855177,0.3713408,False,2,1,0
6/26/2025 5:44:34 PM,1750952674537,Left,0.6903064,0.7433272,0.297104,0.6933632,0.8754397,0.5969908,0.6656403,0.7437028,0.3404519,0.1,3,0,0.6905098,1.305873,0.5062748,0.5962329,0.6889296,0.3760397,False,2,1,0
6/26/2025 5:44:34 PM,1750952674564,Left,0.6948211,0.7512406,0.3045847,0.6981184,0.8748859,0.5997998,0.6709943,0.749779,0.3478442,0.1,3,0,0.6996379,1.307917,0.514707,0.601917,0.6955385,0.3848612,False,2,1,0
6/26/2025 5:44:34 PM,1750952674579,Left,0.6977024,0.7552637,0.308239,0.6992803,0.8733148,0.6015404,0.6742385,0.7528104,0.3517213,0.1,3,0,0.7043213,1.308767,0.5189638,0.605395,0.6986917,0.3893472,False,2,1,0
6/26/2025 5:44:34 PM,1750952674592,Left,0.7005748,0.7594875,0.3119082,0.7004689,0.8718129,0.6035572,0.6774279,0.7559154,0.3555668,0.1,3,0,0.7092282,1.309483,0.5233132,0.608702,0.7020048,0.3937033,False,2,1,0
6/26/2025 5:44:34 PM,1750952674620,Left,0.7062105,0.7677458,0.3184276,0.7035121,0.8699115,0.6077861,0.6838229,0.7623789,0.3624624,0.1,3,0,0.7185752,1.310509,0.5311887,0.6151676,0.7086498,0.40098,False,2,1,0
6/26/2025 5:44:34 PM,1750952674634,Left,0.7089825,0.7716753,0.3207337,0.7046639,0.8683785,0.6095767,0.6867912,0.7655107,0.365294,0.1,3,0,0.7225647,1.310999,0.5349469,0.6181137,0.7118694,0.4038944,False,2,1,0
6/26/2025 5:44:34 PM,1750952674662,Left,0.7142131,0.7794593,0.3258524,0.7073985,0.8658789,0.6136658,0.6926421,0.7717431,0.3715684,0.1,3,0,0.7305654,1.312259,0.5425432,0.6238787,0.7185376,0.4106163,False,2,1,0
6/26/2025 5:44:34 PM,1750952674675,Left,0.7167153,0.783441,0.3293395,0.708845,0.8651714,0.6157657,0.6955638,0.7746139,0.3752477,0.1,3,0,0.7342314,1.312925,0.5461917,0.6268368,0.7217526,0.4148239,False,2,1,0
6/26/2025 5:44:34 PM,1750952674703,Left,0.7216835,0.7917055,0.3366627,0.7112668,0.8643169,0.6187295,0.7013349,0.7804329,0.3823528,0.1,3,0,0.7413687,1.314106,0.552147,0.6328458,0.7281854,0.4231378,False,2,1,0
6/26/2025 5:44:34 PM,1750952674718,Left,0.7240357,0.7955828,0.340147,0.7115302,0.863572,0.6200399,0.7041432,0.7832257,0.3859974,0.1,3,0,0.7445281,1.314737,0.555089,0.6358065,0.7311995,0.4273176,False,2,1,0
6/26/2025 5:44:34 PM,1750952674745,Left,0.7286623,0.8030388,0.3466163,0.7130127,0.8624203,0.6225085,0.7089831,0.788975,0.3923817,0.1,3,0,0.7504158,1.316156,0.5606105,0.6412553,0.7374561,0.4353087,False,2,1,0
6/26/2025 5:44:34 PM,1750952674758,Left,0.7310696,0.8066587,0.3493983,0.7145443,0.8614089,0.6229956,0.7113063,0.79158,0.3948735,0.1,3,0,0.7531497,1.316505,0.5632751,0.6440183,0.7403752,0.4388549,False,2,1,0
6/26/2025 5:44:34 PM,1750952674772,Left,0.733462,0.8102574,0.3520296,0.7158977,0.8600973,0.623561,0.7134662,0.7940506,0.3967523,0.1,3,0,0.7558948,1.316936,0.5658013,0.6466449,0.7432635,0.4419138,False,2,1,0
6/26/2025 5:44:34 PM,1750952674800,Left,0.7376479,0.816207,0.3551884,0.7189552,0.8577162,0.6234713,0.7174814,0.7982837,0.3996246,0.1,3,0,0.7605162,1.317526,0.5703427,0.6510142,0.74825,0.4461297,False,2,1,0
6/26/2025 5:44:34 PM,1750952674815,Left,0.7398324,0.8191213,0.3574326,0.7198236,0.8568154,0.6236991,0.7196353,0.8002493,0.4016871,0.1,3,0,0.7627971,1.317761,0.5725279,0.6533786,0.7504114,0.4487001,False,2,1,0
6/26/2025 5:44:34 PM,1750952674842,Left,0.7446657,0.8245446,0.3621917,0.7214562,0.8553898,0.6234567,0.7244957,0.8042615,0.4066538,0.1,3,0,0.7671472,1.318012,0.5767553,0.6587453,0.754647,0.4546044,False,2,1,0
6/26/2025 5:44:34 PM,1750952674856,Left,0.746874,0.8267227,0.3641425,0.722538,0.8553357,0.623028,0.7268047,0.80584,0.4086646,0.1,3,0,0.7696254,1.318014,0.5787517,0.6613498,0.7564913,0.4572891,False,2,1,0
6/26/2025 5:44:34 PM,1750952674884,Left,0.7509896,0.8305383,0.3677087,0.7241043,0.8550325,0.6226034,0.7308425,0.8084919,0.4119356,0.1,3,0,0.7741466,1.318287,0.5824111,0.665944,0.7594581,0.461613,False,2,1,0
6/26/2025 5:44:34 PM,1750952674898,Left,0.7530243,0.8320192,0.3692918,0.7249672,0.8552119,0.6222825,0.7328012,0.8095288,0.413506,0.1,3,0,0.7759562,1.318566,0.5842748,0.6682218,0.7603561,0.4634611,False,2,1,0
6/26/2025 5:44:34 PM,1750952674911,Left,0.755025,0.833308,0.3707982,0.7262902,0.8555305,0.6219709,0.7347351,0.8105175,0.4150573,0.1,3,0,0.7776716,1.318843,0.5860392,0.6704833,0.7611967,0.4652882,False,2,1,0
6/26/2025 5:44:34 PM,1750952674939,Left,0.7587641,0.8355898,0.3735881,0.7279079,0.8549388,0.6211514,0.7383048,0.8122737,0.4179978,0.1,3,0,0.7800239,1.319031,0.5887185,0.6746936,0.7626978,0.4687896,False,2,1,0
6/26/2025 5:44:34 PM,1750952674954,Left,0.7604694,0.8369336,0.3747751,0.7287378,0.8545002,0.6207092,0.7400047,0.8133902,0.419484,0.1,3,0,0.7811682,1.319229,0.5900043,0.6764432,0.7637909,0.4703155,False,2,1,0
6/26/2025 5:44:34 PM,1750952674981,Left,0.7635965,0.8397409,0.3774207,0.7297318,0.8539576,0.6197742,0.7433897,0.8157029,0.4224927,0.1,3,0,0.7841369,1.319823,0.5923756,0.6800681,0.7662358,0.4737505,False,2,1,0
6/26/2025 5:44:34 PM,1750952674995,Left,0.7652359,0.8410352,0.3788822,0.7299407,0.8540009,0.619463,0.7450055,0.8164773,0.4238107,0.1,3,0,0.7857584,1.320029,0.5936028,0.6818565,0.767096,0.4753632,False,2,1,0
6/26/2025 5:44:35 PM,1750952675023,Left,0.7683583,0.8430457,0.3818147,0.7300024,0.8539976,0.6185242,0.7481594,0.8177266,0.4265112,0.1,3,0,0.7887836,1.320116,0.5960221,0.6856291,0.7684821,0.4789414,False,2,1,0
6/26/2025 5:44:35 PM,1750952675037,Left,0.7697891,0.844109,0.3833791,0.7302525,0.8544899,0.6181825,0.7493759,0.8185896,0.4279043,0.1,3,0,0.7897971,1.320366,0.5973407,0.6873221,0.7694485,0.4809934,False,2,1,0
6/26/2025 5:44:35 PM,1750952675065,Left,0.7722375,0.8462471,0.385936,0.7294383,0.8556879,0.6177458,0.751294,0.8202013,0.4298857,0.1,3,0,0.791777,1.320834,0.5996487,0.6901905,0.7711928,0.4841858,False,2,1,0
6/26/2025 5:44:35 PM,1750952675078,Left,0.7733064,0.8471927,0.3868234,0.7289255,0.8565117,0.6176618,0.7526141,0.8208631,0.4309758,0.1,3,0,0.792794,1.321162,0.600513,0.6914343,0.7718886,0.4852207,False,2,1,0
6/26/2025 5:44:35 PM,1750952675092,Left,0.7742122,0.8482803,0.387908,0.7283016,0.8572757,0.6177443,0.7535837,0.8217542,0.4320648,0.1,3,0,0.793817,1.321606,0.6013855,0.692493,0.772762,0.4863941,False,2,1,0
6/26/2025 5:44:35 PM,1750952675119,Left,0.7760613,0.8505486,0.3904909,0.7279706,0.8591529,0.6177216,0.7558063,0.8236872,0.4348583,0.1,3,0,0.7956258,1.322706,0.602963,0.6953037,0.7746833,0.4898313,False,2,1,0
6/26/2025 5:44:35 PM,1750952675134,Left,0.7772201,0.8519708,0.3917593,0.7280028,0.8601648,0.6172147,0.7570308,0.8248463,0.4360569,0.1,3,0,0.7965952,1.323435,0.6036092,0.6968434,0.7758145,0.49135,False,2,1,0
6/26/2025 5:44:35 PM,1750952675161,Left,0.7787755,0.8561071,0.3937638,0.728083,0.8622429,0.6163157,0.7584504,0.8284468,0.4380142,0.1,3,0,0.7987307,1.324723,0.6054387,0.699054,0.7798292,0.4945154,False,2,1,0
6/26/2025 5:44:35 PM,1750952675176,Left,0.7791935,0.8580786,0.3950716,0.7278243,0.8625129,0.6156895,0.7589768,0.8297232,0.4388063,0.1,3,0,0.799532,1.325315,0.6064088,0.7002759,0.7812569,0.4961578,False,2,1,0
6/26/2025 5:44:35 PM,1750952675203,Left,0.7803338,0.8616745,0.3968065,0.7273898,0.8625447,0.6146401,0.7600039,0.8325642,0.4406848,0.1,3,0,0.8011175,1.326413,0.6087908,0.701914,0.7840174,0.4985876,False,2,1,0
6/26/2025 5:44:35 PM,1750952675217,Left,0.7807923,0.8631592,0.3974384,0.7272348,0.8627612,0.6146032,0.7606834,0.8336805,0.4415111,0.1,3,0,0.8016869,1.326704,0.6096786,0.7026776,0.7851111,0.4994794,False,2,1,0
6/26/2025 5:44:35 PM,1750952675245,Left,0.7818676,0.8658066,0.3990444,0.7276793,0.8633858,0.6144191,0.7620602,0.8358049,0.4433933,0.1,3,0,0.8035241,1.327655,0.6119045,0.7044724,0.7871618,0.5017154,False,2,1,0
6/26/2025 5:44:35 PM,1750952675258,Left,0.7823574,0.8668961,0.399935,0.7281408,0.8634582,0.6139951,0.7628559,0.8368475,0.4446188,0.1,3,0,0.8045895,1.328203,0.6133548,0.7056409,0.7882591,0.503352,False,2,1,0
6/26/2025 5:44:35 PM,1750952675273,Left,0.7828265,0.8677894,0.4010804,0.7291176,0.8633384,0.6135266,0.7636123,0.8376168,0.4459404,0.1,3,0,0.8055946,1.328813,0.6148417,0.7069774,0.7890078,0.5052164,False,2,1,0
6/26/2025 5:44:35 PM,1750952675301,Left,0.783506,0.8695528,0.4029448,0.731492,0.8625435,0.6119522,0.7644203,0.8389913,0.4479485,0.1,3,0,0.8072318,1.330103,0.6184847,0.7088879,0.790208,0.5081176,False,2,1,0
6/26/2025 5:44:35 PM,1750952675315,Left,0.7833651,0.8701329,0.4031483,0.7321696,0.8618984,0.6112036,0.7640638,0.8395181,0.4481102,0.1,3,0,0.8077556,1.330608,0.6202233,0.7091498,0.7904301,0.5085983,False,2,1,0
6/26/2025 5:44:35 PM,1750952675342,Left,0.7831063,0.8715627,0.4032125,0.7331648,0.8611389,0.6106797,0.7635886,0.8412489,0.4488135,0.1,3,0,0.8078932,1.331717,0.6232284,0.70952,0.791668,0.50966,False,2,1,0
6/26/2025 5:44:35 PM,1750952675356,Left,0.7827684,0.8724248,0.4028276,0.7336253,0.8608712,0.6109101,0.7634993,0.8422026,0.4491985,0.1,3,0,0.807357,1.332239,0.6246693,0.7094964,0.7926986,0.5101659,False,2,1,0
6/26/2025 5:44:35 PM,1750952675383,Left,0.7822442,0.8742975,0.4027759,0.7353679,0.8604695,0.61147,0.7626649,0.843558,0.4493968,0.1,3,0,0.8065052,1.332911,0.6276042,0.70925,0.7943012,0.5110782,False,2,1,0
6/26/2025 5:44:35 PM,1750952675398,Left,0.7817295,0.8749225,0.4026841,0.7361844,0.8600096,0.6116103,0.7622157,0.8439267,0.4493937,0.1,3,0,0.8062713,1.333018,0.6286948,0.7091168,0.7947262,0.5113921,False,2,1,0
6/26/2025 5:44:35 PM,1750952675412,Left,0.7811842,0.8754619,0.4026448,0.7366318,0.8594522,0.6117281,0.7618042,0.8440658,0.4495479,0.1,3,0,0.8060484,1.332878,0.6297461,0.7087052,0.7948653,0.5115462,False,2,1,0
6/26/2025 5:44:35 PM,1750952675440,Left,0.7798744,0.8760334,0.4034278,0.7358918,0.8576791,0.6125352,0.7610294,0.8444328,0.4507563,0.1,3,0,0.8056811,1.332422,0.6313896,0.7084638,0.7950833,0.5130898,False,2,1,0
6/26/2025 5:44:35 PM,1750952675453,Left,0.7793198,0.8761607,0.404048,0.73507,0.8574114,0.6129551,0.7608004,0.8445344,0.4517117,0.1,3,0,0.8058344,1.331971,0.6318668,0.7087147,0.795149,0.5144184,False,2,1,0
6/26/2025 5:44:35 PM,1750952675481,Left,0.7786589,0.8763742,0.4055963,0.7338068,0.8564534,0.6133484,0.7605848,0.8443919,0.4534601,0.1,3,0,0.8054997,1.330708,0.6327465,0.7094734,0.7950903,0.5170287,False,2,1,0
6/26/2025 5:44:35 PM,1750952675495,Left,0.7778617,0.8763042,0.4060217,0.7332203,0.8555898,0.6138043,0.7594507,0.8440112,0.453481,0.1,3,0,0.8046149,1.330056,0.6329706,0.7088698,0.7946993,0.5174643,False,2,1,0
6/26/2025 5:44:35 PM,1750952675522,Left,0.7760386,0.8762839,0.4059662,0.7314247,0.8527667,0.6144861,0.7566863,0.8435497,0.4526363,0.1,3,0,0.8032462,1.328482,0.6328899,0.7074698,0.7942931,0.5177171,False,2,1,0
6/26/2025 5:44:35 PM,1750952675537,Left,0.7753537,0.8763844,0.4058847,0.73083,0.8517553,0.6143761,0.7561012,0.8432549,0.4525044,0.1,3,0,0.8025947,1.327611,0.6325999,0.7071952,0.7941934,0.5179654,False,2,1,0
6/26/2025 5:44:35 PM,1750952675564,Left,0.7741574,0.8766594,0.4061848,0.7290515,0.8486318,0.6139363,0.7551647,0.8429276,0.4527068,0.1,3,0,0.8022575,1.325783,0.632001,0.7073352,0.7941608,0.5191756,False,2,1,0
6/26/2025 5:44:35 PM,1750952675578,Left,0.7736754,0.8770651,0.4073302,0.7276118,0.8478271,0.6131089,0.7550309,0.8430309,0.453649,0.1,3,0,0.8025459,1.325123,0.6312672,0.7076337,0.7943693,0.5205036,False,2,1,0
6/26/2025 5:44:35 PM,1750952675592,Left,0.7731205,0.8772689,0.4080012,0.7269371,0.8476738,0.612041,0.7543017,0.8429919,0.4537373,0.1,3,0,0.802181,1.324534,0.6303215,0.7074848,0.794346,0.5210109,False,2,1,0
6/26/2025 5:44:35 PM,1750952675620,Left,0.7719679,0.8773993,0.4089427,0.7262732,0.8476211,0.6098897,0.7528628,0.8428379,0.4539405,0.1,3,0,0.80133,1.323517,0.6281556,0.7067069,0.7942315,0.5216977,False,2,1,0
6/26/2025 5:44:35 PM,1750952675634,Left,0.7714515,0.8773351,0.4093294,0.7262603,0.8476779,0.6088347,0.7525694,0.8427784,0.4542658,0.1,3,0,0.8008581,1.323076,0.6269987,0.7064136,0.7941721,0.522023,False,2,1,0
6/26/2025 5:44:35 PM,1750952675662,Left,0.7702737,0.8771096,0.4093966,0.7264887,0.8483357,0.6066905,0.7515614,0.8422884,0.4538251,0.1,3,0,0.8000125,1.322231,0.6245114,0.7055581,0.7939377,0.5218683,False,2,1,0
6/26/2025 5:44:35 PM,1750952675675,Left,0.7696912,0.8771877,0.4092207,0.7261242,0.8487823,0.6059823,0.7509903,0.8423446,0.4534044,0.1,3,0,0.799776,1.321974,0.623073,0.7050922,0.7943038,0.5217376,False,2,1,0
6/26/2025 5:44:35 PM,1750952675704,Left,0.768986,0.8767326,0.4090267,0.7254912,0.8485541,0.6037273,0.7503831,0.8416165,0.452579,0.1,3,0,0.7995346,1.321202,0.6203315,0.7047274,0.7938751,0.5212834,False,2,1,0
6/26/2025 5:44:35 PM,1750952675717,Left,0.7688348,0.8764277,0.4090552,0.7257314,0.8481257,0.6026514,0.750353,0.8413562,0.452381,0.1,3,0,0.7993597,1.321073,0.6188416,0.7047974,0.7936012,0.5211423,False,2,1,0
6/26/2025 5:44:35 PM,1750952675745,Left,0.7685201,0.8760916,0.4095373,0.7259424,0.8470594,0.6004032,0.7501488,0.8412304,0.4523119,0.1,3,0,0.7985536,1.321272,0.6157318,0.705086,0.7934683,0.5213923,False,2,1,0
6/26/2025 5:44:35 PM,1750952675759,Left,0.7684821,0.8759751,0.4095933,0.7265204,0.8466932,0.5993485,0.7498296,0.8411479,0.4519263,0.1,3,0,0.7981395,1.321421,0.6137537,0.7050639,0.7933652,0.5211854,False,2,1,0
6/26/2025 5:44:35 PM,1750952675773,Left,0.768261,0.87595,0.4092134,0.7266535,0.8464931,0.5984087,0.7491969,0.8412076,0.4510356,0.1,3,0,0.7977835,1.321518,0.6117886,0.7047324,0.7934991,0.5205394,False,2,1,0
6/26/2025 5:44:35 PM,1750952675800,Left,0.7682855,0.8759211,0.4084816,0.7257769,0.8467274,0.5987871,0.7491744,0.8411276,0.4496909,0.1,3,0,0.7974913,1.321512,0.6086156,0.7043114,0.7936147,0.5190725,False,2,1,0
6/26/2025 5:44:35 PM,1750952675815,Left,0.7680539,0.8757811,0.4079924,0.7250261,0.8468536,0.5981576,0.7489491,0.8410424,0.4489846,0.1,3,0,0.7974833,1.321408,0.6069078,0.7040861,0.7935295,0.5183662,False,2,1,0
6/26/2025 5:44:35 PM,1750952675842,Left,0.7676657,0.8754644,0.4059045,0.723442,0.8462186,0.5958375,0.748914,0.8410405,0.446829,0.1,3,0,0.7973309,1.321639,0.6033798,0.7041306,0.7938244,0.5164642,False,2,1,0
6/26/2025 5:44:35 PM,1750952675856,Left,0.7676914,0.8756456,0.4052383,0.7239506,0.8458895,0.5955079,0.7488313,0.8412852,0.4460944,0.1,3,0,0.79713,1.321829,0.6017443,0.7041721,0.7940251,0.5157794,False,2,1,0
6/26/2025 5:44:35 PM,1750952675884,Left,0.7675905,0.8761436,0.4043298,0.7244618,0.8451434,0.5939741,0.7485321,0.8418502,0.4446988,0.1,3,0,0.7969992,1.322283,0.5983551,0.7038271,0.7946063,0.5143655,False,2,1,0
6/26/2025 5:44:35 PM,1750952675898,Left,0.7675192,0.87634,0.4034742,0.7242811,0.8450489,0.5931798,0.7484493,0.8420901,0.4434242,0.1,3,0,0.7970289,1.322675,0.5965781,0.7036409,0.7949827,0.513117,False,2,1,0
6/26/2025 5:44:35 PM,1750952675912,Left,0.7674258,0.8764339,0.4026045,0.7235252,0.8452941,0.5924852,0.7482829,0.8423226,0.4423022,0.1,3,0,0.7970775,1.323115,0.5946578,0.7034745,0.7952151,0.5119949,False,2,1,0
6/26/2025 5:44:35 PM,1750952675940,Left,0.7669792,0.8765606,0.399648,0.7201006,0.8482893,0.5940747,0.7477732,0.8425858,0.4389638,0.1,3,0,0.7969425,1.324085,0.5906037,0.7026387,0.7957014,0.5085965,False,2,1,0
6/26/2025 5:44:35 PM,1750952675953,Left,0.766907,0.8761354,0.3978909,0.7180339,0.8510528,0.5959004,0.7478557,0.8424656,0.4375604,0.1,3,0,0.7970055,1.324878,0.5883996,0.7024345,0.7956984,0.5070854,False,2,1,0
6/26/2025 5:44:35 PM,1750952675981,Left,0.7665613,0.8748467,0.3942596,0.7149678,0.8569418,0.5999739,0.747537,0.8421039,0.4333139,0.1,3,0,0.7967466,1.326959,0.5836933,0.7012328,0.7951556,0.5021308,False,2,1,0
6/26/2025 5:44:35 PM,1750952675995,Left,0.7662603,0.8738781,0.3930802,0.7141156,0.8605986,0.6028327,0.7473503,0.8418382,0.4318553,0.1,3,0,0.7963177,1.328095,0.5809633,0.7005106,0.7946821,0.5001658,False,2,1,0
6/26/2025 5:44:36 PM,1750952676023,Left,0.7658629,0.8717685,0.3914757,0.7138184,0.8670204,0.6081513,0.7469166,0.8408728,0.4294485,0.1,3,0,0.7950053,1.330398,0.5749862,0.6994871,0.7928165,0.4967167,False,2,1,0
6/26/2025 5:44:36 PM,1750952676037,Left,0.7655605,0.8704949,0.3909217,0.7150501,0.8702682,0.6109823,0.7466119,0.8405141,0.4282671,0.1,3,0,0.7943923,1.331333,0.5720389,0.6990024,0.7921008,0.4951511,False,2,1,0
6/26/2025 5:44:36 PM,1750952676064,Left,0.7644365,0.8677917,0.3897182,0.7185659,0.8760391,0.6164579,0.745582,0.8390127,0.4263012,0.1,3,0,0.7942622,1.333454,0.566692,0.6973908,0.7897788,0.4921616,False,2,1,0
6/26/2025 5:44:36 PM,1750952676079,Left,0.76363,0.8660547,0.3892949,0.7217973,0.8785776,0.6188055,0.7450094,0.8380719,0.4254856,0.1,3,0,0.7945197,1.334318,0.5640959,0.6963722,0.7883449,0.490644,False,2,1,0
6/26/2025 5:44:36 PM,1750952676093,Left,0.7625014,0.8640187,0.3885149,0.7249727,0.8805368,0.6200629,0.744306,0.8370382,0.4244651,0.1,3,0,0.7948204,1.335012,0.5620462,0.6953571,0.7869512,0.4891124,False,2,1,0
6/26/2025 5:44:36 PM,1750952676120,Left,0.7606582,0.8596767,0.3874089,0.7308135,0.8838018,0.6211498,0.7427399,0.8339826,0.4224958,0.1,3,0,0.795176,1.336286,0.5576191,0.6941934,0.7836297,0.48724,False,2,1,0
6/26/2025 5:44:36 PM,1750952676134,Left,0.760107,0.8570652,0.3876591,0.7344083,0.8848159,0.6206534,0.7424031,0.8324193,0.4224457,0.1,3,0,0.7952275,1.336863,0.5556612,0.6942156,0.7817456,0.4872077,False,2,1,0
6/26/2025 5:44:36 PM,1750952676162,Left,0.7585,0.8530654,0.3872074,0.7421584,0.8887013,0.6217551,0.7408811,0.8301529,0.4212353,0.1,3,0,0.7951326,1.338069,0.5515893,0.6921179,0.7789541,0.4851478,False,2,1,0
6/26/2025 5:44:36 PM,1750952676175,Left,0.7572199,0.8508542,0.3867928,0.7466182,0.8912554,0.6222513,0.7400899,0.828808,0.420624,0.1,3,0,0.7949429,1.338633,0.5497146,0.6907911,0.7775377,0.4840665,False,2,1,0
6/26/2025 5:44:36 PM,1750952676203,Left,0.754788,0.8459541,0.3861034,0.755623,0.8970224,0.6227328,0.7383549,0.8253906,0.4197487,0.1,3,0,0.7945499,1.339479,0.5472029,0.6885195,0.7742457,0.4828725,False,2,1,0
6/26/2025 5:44:36 PM,1750952676217,Left,0.7534218,0.8428752,0.3859259,0.7591503,0.8989914,0.6225598,0.7371716,0.8236267,0.4192099,0.1,3,0,0.7944016,1.340064,0.5467892,0.687587,0.7723844,0.4824521,False,2,1,0
6/26/2025 5:44:36 PM,1750952676245,Left,0.7502558,0.8367589,0.3852211,0.7662389,0.9024129,0.6225121,0.733835,0.8191583,0.4180648,0.1,3,0,0.7932542,1.340936,0.5457709,0.6842422,0.7678122,0.4812163,False,2,1,0
6/26/2025 5:44:36 PM,1750952676259,Left,0.7480152,0.8333147,0.3844579,0.7704093,0.9040107,0.6223226,0.7316856,0.8167791,0.4171288,0.1,3,0,0.792441,1.340963,0.5448474,0.6818037,0.7653651,0.4799968,False,2,1,0
6/26/2025 5:44:36 PM,1750952676273,Left,0.7452284,0.8290929,0.3834634,0.775458,0.9058425,0.6216892,0.7293634,0.8138551,0.416241,0.1,3,0,0.7918923,1.340454,0.5444112,0.6793128,0.7622783,0.4788409,False,2,1,0
6/26/2025 5:44:36 PM,1750952676301,Left,0.7396673,0.820115,0.3823087,0.7859523,0.9100833,0.6202697,0.7247158,0.8070887,0.4151977,0.1,3,0,0.7909013,1.339255,0.5435371,0.6743157,0.7551175,0.4771881,False,2,1,0
6/26/2025 5:44:36 PM,1750952676315,Left,0.7369723,0.815116,0.3822187,0.7902495,0.9112052,0.6195444,0.7228327,0.8032788,0.4153859,0.1,3,0,0.790172,1.338292,0.5432322,0.6723332,0.7508503,0.4769085,False,2,1,0
6/26/2025 5:44:36 PM,1750952676342,Left,0.7316455,0.806033,0.3817347,0.7977951,0.9113628,0.617396,0.7181563,0.7966277,0.4149309,0.1,3,0,0.7883743,1.335915,0.5417824,0.6675712,0.7435071,0.4757859,False,2,1,0
6/26/2025 5:44:36 PM,1750952676356,Left,0.7287062,0.8013259,0.3815578,0.8019208,0.9117498,0.6166543,0.7156433,0.7925974,0.4145322,0.1,3,0,0.7873263,1.3344,0.5410583,0.6650582,0.7394768,0.4753872,False,2,1,0
6/26/2025 5:44:36 PM,1750952676384,Left,0.7223341,0.7916934,0.3810275,0.8105165,0.9121816,0.6148204,0.7104344,0.7845633,0.4139496,0.1,3,0,0.7853767,1.330387,0.5402019,0.659972,0.7310818,0.47459,False,2,1,0
6/26/2025 5:44:36 PM,1750952676398,Left,0.7191169,0.787357,0.3806789,0.814082,0.9116312,0.6134056,0.707621,0.7809333,0.4138372,0.1,3,0,0.7842137,1.328043,0.5398873,0.6572011,0.7272708,0.4743529,False,2,1,0
6/26/2025 5:44:36 PM,1750952676412,Left,0.7158415,0.7833261,0.3806548,0.8175112,0.9108344,0.6117679,0.7045918,0.7776034,0.4137046,0.1,3,0,0.7829039,1.325852,0.5393156,0.6545722,0.7237944,0.4744221,False,2,1,0
6/26/2025 5:44:36 PM,1750952676440,Left,0.709132,0.7757983,0.3811216,0.8238366,0.908787,0.6086357,0.6988158,0.7706817,0.4137179,0.1,3,0,0.7801119,1.321046,0.53812,0.6488162,0.7168376,0.4744207,False,2,1,0
6/26/2025 5:44:36 PM,1750952676454,Left,0.7053885,0.7719168,0.3810016,0.8270613,0.9078966,0.6071388,0.6956006,0.7670962,0.4135653,0.1,3,0,0.7786123,1.318179,0.5375201,0.645667,0.7131569,0.4742379,False,2,1,0
6/26/2025 5:44:36 PM,1750952676481,Left,0.6971895,0.7636617,0.3797808,0.8317751,0.9047019,0.604236,0.688022,0.759534,0.4121548,0.1,3,0,0.7755479,1.312378,0.5367198,0.6386293,0.7051167,0.4728433,False,2,1,0
6/26/2025 5:44:36 PM,1750952676495,Left,0.6934404,0.7595638,0.3793941,0.8341066,0.9030594,0.6026073,0.6848115,0.7557991,0.4117832,0.1,3,0,0.7738966,1.309484,0.5361284,0.6354641,0.7012638,0.4724027,False,2,1,0
6/26/2025 5:44:36 PM,1750952676523,Left,0.686295,0.7514268,0.3787218,0.837704,0.8989485,0.5982146,0.6788297,0.7482005,0.4110379,0.1,3,0,0.770719,1.303364,0.5339175,0.6298662,0.693298,0.4716372,False,2,1,0
6/26/2025 5:44:36 PM,1750952676537,Left,0.6825632,0.747679,0.3780516,0.8389833,0.8967507,0.5957295,0.6755276,0.7444632,0.4102672,0.1,3,0,0.7692452,1.299773,0.5323954,0.626855,0.6893091,0.4708723,False,2,1,0
6/26/2025 5:44:36 PM,1750952676565,Left,0.6748846,0.7403569,0.376693,0.8415759,0.8932436,0.5905615,0.6682009,0.7376219,0.4086399,0.1,3,0,0.7647047,1.292958,0.5299282,0.6204441,0.6819887,0.469535,False,2,1,0
6/26/2025 5:44:36 PM,1750952676579,Left,0.6709789,0.7368291,0.376103,0.8424194,0.8917339,0.5878897,0.6645029,0.7341047,0.4078492,0.1,3,0,0.7622144,1.289441,0.5285631,0.6172501,0.6783143,0.4689931,False,2,1,0
6/26/2025 5:44:36 PM,1750952676593,Left,0.6671207,0.7334469,0.3757107,0.8434641,0.8902599,0.5853896,0.661101,0.7307233,0.4073206,0.1,3,0,0.7596605,1.286041,0.5267591,0.6142282,0.6749042,0.4687304,False,2,1,0
6/26/2025 5:44:36 PM,1750952676621,Left,0.6594903,0.7273825,0.3750452,0.8447443,0.8873476,0.5794449,0.6541253,0.7244201,0.4059508,0.1,3,0,0.7544207,1.279539,0.5219477,0.6083019,0.6685631,0.4681134,False,2,1,0
6/26/2025 5:44:36 PM,1750952676634,Left,0.6556524,0.7244976,0.3746605,0.8449867,0.8856489,0.576135,0.6504775,0.7216014,0.4051614,0.1,3,0,0.751637,1.276309,0.5193832,0.6052764,0.6657746,0.4678049,False,2,1,0
6/26/2025 5:44:36 PM,1750952676661,Left,0.6474855,0.7198797,0.3732458,0.843923,0.8811811,0.5683678,0.642378,0.7161921,0.4027389,0.1,3,0,0.7454007,1.269975,0.5136586,0.5986454,0.660826,0.4668172,False,2,1,0
6/26/2025 5:44:36 PM,1750952676676,Left,0.6434149,0.7175288,0.3723902,0.8441246,0.8791552,0.5646632,0.6383754,0.7138855,0.4012392,0.1,3,0,0.7421669,1.266933,0.5104609,0.5950823,0.6588152,0.4658685,False,2,1,0
6/26/2025 5:44:36 PM,1750952676703,Left,0.6353779,0.7125264,0.3701544,0.8433898,0.8746067,0.556861,0.6308568,0.7085677,0.3980137,0.1,3,0,0.7367162,1.26088,0.503274,0.5886026,0.6537391,0.46353,False,2,1,0
6/26/2025 5:44:36 PM,1750952676717,Left,0.6316026,0.709903,0.3689579,0.8427818,0.8721949,0.5528507,0.6272037,0.7057982,0.3963515,0.1,3,0,0.733232,1.257841,0.4996356,0.5854615,0.6509834,0.4622067,False,2,1,0
6/26/2025 5:44:36 PM,1750952676745,Left,0.6253004,0.7052728,0.3673322,0.8420584,0.8675482,0.5453603,0.6206702,0.7008979,0.3936895,0.1,3,0,0.725289,1.252389,0.492401,0.5804195,0.6462302,0.4605871,False,2,1,0
6/26/2025 5:44:36 PM,1750952676759,Left,0.6225386,0.703115,0.3665484,0.841894,0.8655231,0.5416536,0.61799,0.6985832,0.392416,0.1,3,0,0.7215298,1.249761,0.4886732,0.5785663,0.6438184,0.4597255,False,2,1,0
6/26/2025 5:44:36 PM,1750952676773,Left,0.6199479,0.7012483,0.3655246,0.8416296,0.8632717,0.5374613,0.615357,0.6965628,0.390913,0.1,3,0,0.7183688,1.246948,0.4846352,0.5768909,0.6416802,0.458679,False,2,1,0
6/26/2025 5:44:36 PM,1750952676800,Left,0.6141148,0.698351,0.36307,0.8409753,0.8585092,0.5290437,0.6092542,0.6931323,0.3869087,0.1,3,0,0.7131962,1.242863,0.4757292,0.5727473,0.6383592,0.4558371,False,2,1,0
6/26/2025 5:44:36 PM,1750952676813,Left,0.6111732,0.6968467,0.3619148,0.840591,0.8561177,0.525008,0.6065007,0.6916531,0.3850835,0.1,3,0,0.7107702,1.24129,0.4713167,0.5704747,0.6369081,0.4542868,False,2,1,0
6/26/2025 5:44:36 PM,1750952676842,Left,0.6057247,0.6947945,0.3595716,0.8390903,0.8507264,0.5149022,0.60071,0.6898102,0.3813097,0.1,3,0,0.7038974,1.240232,0.4618394,0.5659212,0.6347486,0.4508938,False,2,1,0
6/26/2025 5:44:36 PM,1750952676856,Left,0.6032543,0.6939548,0.3584107,0.8383937,0.8481929,0.5099536,0.5979075,0.6891791,0.3796774,0.1,3,0,0.6997924,1.23966,0.4583313,0.5639152,0.633925,0.4495021,False,2,1,0
6/26/2025 5:44:36 PM,1750952676883,Left,0.5977669,0.6930112,0.3555211,0.8370742,0.8445107,0.5010624,0.5919193,0.6882747,0.3762228,0.1,3,0,0.691671,1.238101,0.4516883,0.5587903,0.6330155,0.4464571,False,2,1,0
6/26/2025 5:44:36 PM,1750952676897,Left,0.5947075,0.6924527,0.3535539,0.8364291,0.8437907,0.4968958,0.5890533,0.6876117,0.3740674,0.1,3,0,0.688998,1.236983,0.4482667,0.5559992,0.6324201,0.4443901,False,2,1,0
6/26/2025 5:44:36 PM,1750952676925,Left,0.5892947,0.6908545,0.3506598,0.8351567,0.8435984,0.4894544,0.5844817,0.6856756,0.3705472,0.1,3,0,0.6858585,1.234179,0.4412999,0.5518742,0.630731,0.4412708,False,2,1,0
6/26/2025 5:44:36 PM,1750952676939,Left,0.5868149,0.6897931,0.3495103,0.8348132,0.8437367,0.4855189,0.5822103,0.6845731,0.3688322,0.1,3,0,0.6849458,1.233245,0.4379352,0.5499972,0.6297046,0.4397952,False,2,1,0
6/26/2025 5:44:36 PM,1750952676953,Left,0.5846332,0.6885321,0.3483005,0.8342109,0.8438052,0.4811374,0.5806156,0.6831049,0.3669482,0.1,3,0,0.6845765,1.232449,0.434168,0.5487753,0.6281869,0.4380411,False,2,1,0
6/26/2025 5:44:36 PM,1750952676980,Left,0.5801126,0.6865262,0.3451025,0.8322433,0.8434758,0.4711175,0.5761487,0.6812605,0.3628661,0.1,3,0,0.6824322,1.231916,0.4270886,0.545244,0.6257836,0.4339378,False,2,1,0
6/26/2025 5:44:36 PM,1750952676995,Left,0.5774965,0.6860285,0.3431462,0.8317202,0.8433304,0.4660187,0.5733304,0.6813532,0.3606689,0.1,3,0,0.6807039,1.231863,0.4243363,0.5422251,0.6255094,0.4313648,False,2,1,0
6/26/2025 5:44:37 PM,1750952677022,Left,0.571816,0.6856375,0.3392042,0.8308805,0.8440796,0.4559196,0.5683838,0.6810521,0.3566391,0.1,3,0,0.6773658,1.232169,0.4199677,0.5366881,0.6256537,0.4274231,False,2,1,0
6/26/2025 5:44:37 PM,1750952677036,Left,0.5691409,0.685484,0.3374155,0.8303185,0.84475,0.4512489,0.5658199,0.6810495,0.3547682,0.1,3,0,0.6757724,1.232403,0.4178659,0.5342054,0.6259603,0.4258293,False,2,1,0
6/26/2025 5:44:37 PM,1750952677064,Left,0.5638804,0.6842155,0.3339921,0.8296264,0.846128,0.4422854,0.5607065,0.6803286,0.3510924,0.1,3,0,0.6736393,1.232342,0.4135313,0.529132,0.6254699,0.4223494,False,2,1,0
6/26/2025 5:44:37 PM,1750952677078,Left,0.5613936,0.6829903,0.3323252,0.8293673,0.8463472,0.4380193,0.5584224,0.6793318,0.3491774,0.1,3,0,0.6730481,1.232052,0.411225,0.5267442,0.6244817,0.4203949,False,2,1,0
6/26/2025 5:44:37 PM,1750952677092,Left,0.5587227,0.6809123,0.3304415,0.8294411,0.8464747,0.4340315,0.5561996,0.677417,0.3469669,0.1,3,0,0.6728476,1.23136,0.4088054,0.524273,0.6224748,0.4180024,False,2,1,0
6/26/2025 5:44:37 PM,1750952677119,Left,0.5534722,0.675101,0.3262436,0.830007,0.8464156,0.4273494,0.551909,0.6723515,0.3423784,0.1,3,0,0.6725278,1.229697,0.4047621,0.5193949,0.6168808,0.4127333,False,2,1,0
6/26/2025 5:44:37 PM,1750952677133,Left,0.5513775,0.6723275,0.3245821,0.830548,0.8464923,0.4244142,0.5503126,0.6706052,0.3408493,0.1,3,0,0.6722851,1.228865,0.4029144,0.5175374,0.6147006,0.4107381,False,2,1,0
6/26/2025 5:44:37 PM,1750952677161,Left,0.5467275,0.6666049,0.3213179,0.8324413,0.846827,0.4214283,0.5472143,0.6659743,0.3383149,0.1,3,0,0.6723961,1.226202,0.3999779,0.5145761,0.6097277,0.4079931,False,2,1,0
6/26/2025 5:44:37 PM,1750952677175,Left,0.5431319,0.6641919,0.3192745,0.8330556,0.8465509,0.4202417,0.5441889,0.6639544,0.3363467,0.1,3,0,0.6724799,1.224778,0.3984172,0.5111099,0.6078185,0.4059061,False,2,1,0
6/26/2025 5:44:37 PM,1750952677203,Left,0.536196,0.6592218,0.3159988,0.8346177,0.8443156,0.4179745,0.5389799,0.6592857,0.3332006,0.1,3,0,0.6729262,1.221224,0.3955677,0.5049103,0.6032327,0.4023476,False,2,1,0
6/26/2025 5:44:37 PM,1750952677217,Left,0.5330765,0.6568068,0.3149393,0.8361449,0.8420357,0.4138297,0.536567,0.6569386,0.3319118,0.1,3,0,0.673862,1.218795,0.39432,0.5024974,0.6008855,0.4010587,False,2,1,0
6/26/2025 5:44:37 PM,1750952677244,Left,0.5267601,0.6520484,0.3134243,0.839143,0.8373169,0.4085611,0.5323139,0.6518474,0.3304784,0.1,3,0,0.6760943,1.213184,0.3916732,0.4983471,0.5957756,0.3996607,False,2,1,0
6/26/2025 5:44:37 PM,1750952677259,Left,0.5230644,0.6499639,0.3128358,0.8408239,0.8344826,0.4065433,0.5293812,0.6494194,0.3294661,0.1,3,0,0.6775947,1.209774,0.3898196,0.4955213,0.5933598,0.3987106,False,2,1,0
6/26/2025 5:44:37 PM,1750952677272,Left,0.5194806,0.6479648,0.3121943,0.8424254,0.8320083,0.4044567,0.5264152,0.647276,0.3287145,0.1,3,0,0.6793863,1.205904,0.3880992,0.4923603,0.5912791,0.3979141,False,2,1,0
6/26/2025 5:44:37 PM,1750952677300,Left,0.5119586,0.6434571,0.3110875,0.8459417,0.8271214,0.4007739,0.5211068,0.6419637,0.3272486,0.1,3,0,0.6828318,1.198456,0.3844227,0.4865591,0.5862295,0.3964161,False,2,1,0
6/26/2025 5:44:37 PM,1750952677314,Left,0.5083758,0.6410822,0.3109909,0.8480318,0.8240958,0.3991064,0.5187207,0.6391928,0.3270007,0.1,3,0,0.6848377,1.194201,0.3827184,0.4841749,0.5836338,0.39631,False,2,1,0
6/26/2025 5:44:37 PM,1750952677342,Left,0.5016665,0.636044,0.3104526,0.8518529,0.8182563,0.3938322,0.5141525,0.6330769,0.3255976,0.1,3,0,0.6885719,1.186534,0.3793162,0.4795259,0.5781474,0.3953666,False,2,1,0
6/26/2025 5:44:37 PM,1750952677355,Left,0.4986095,0.6336873,0.3105804,0.8537638,0.8154193,0.3910131,0.5120935,0.6299027,0.325089,0.1,3,0,0.6901239,1.182768,0.3773859,0.477392,0.5753242,0.3950959,False,2,1,0
6/26/2025 5:44:37 PM,1750952677383,Left,0.4927483,0.6294796,0.3113748,0.8575772,0.8102136,0.3845835,0.5079744,0.6249228,0.3250752,0.1,3,0,0.6931294,1.1755,0.3734568,0.4733529,0.5703965,0.3951625,False,2,1,0
6/26/2025 5:44:37 PM,1750952677397,Left,0.4897449,0.6272946,0.3116412,0.8595732,0.8077993,0.3805692,0.5059632,0.6225221,0.3251231,0.1,3,0,0.6944009,1.171999,0.3716003,0.4713417,0.5679958,0.3952103,False,2,1,0
6/26/2025 5:44:37 PM,1750952677425,Left,0.4847721,0.6231606,0.3131205,0.8636507,0.8040028,0.3725158,0.5031959,0.617756,0.3261143,0.1,3,0,0.6964409,1.16535,0.3682581,0.4688121,0.5633847,0.3964384,False,2,1,0
6/26/2025 5:44:37 PM,1750952677438,Left,0.4821926,0.6207697,0.3137286,0.865606,0.8023106,0.3688219,0.5014982,0.6148063,0.3261191,0.1,3,0,0.6970881,1.161957,0.3666738,0.467415,0.5604786,0.3966231,False,2,1,0
6/26/2025 5:44:37 PM,1750952677453,Left,0.4795672,0.6190507,0.3142052,0.8675057,0.8006719,0.3651302,0.4992455,0.6123276,0.3259762,0.1,3,0,0.6975739,1.158859,0.3651283,0.4654435,0.5580174,0.3966289,False,2,1,0
6/26/2025 5:44:37 PM,1750952677480,Left,0.4734689,0.6159434,0.3144771,0.8710662,0.7968968,0.3575162,0.4936362,0.6085488,0.3254107,0.1,3,0,0.6977844,1.152672,0.362561,0.4606209,0.5546416,0.3967409,False,2,1,0
6/26/2025 5:44:37 PM,1750952677494,Left,0.4703659,0.6143929,0.3145926,0.8728318,0.7949785,0.3537346,0.4911594,0.6064382,0.325206,0.1,3,0,0.697525,1.149595,0.3613286,0.4582429,0.5528591,0.3968284,False,2,1,0
6/26/2025 5:44:37 PM,1750952677522,Left,0.464986,0.6109373,0.3151214,0.8761816,0.7900432,0.3456259,0.4867161,0.6024743,0.3253894,0.1,3,0,0.6967816,1.143477,0.359037,0.4545083,0.5487754,0.3972439,False,2,1,0
6/26/2025 5:44:37 PM,1750952677536,Left,0.4622808,0.6092192,0.3152999,0.8776855,0.7868868,0.3414057,0.4844851,0.6002623,0.3252492,0.1,3,0,0.6963482,1.140269,0.3577574,0.4524556,0.5466624,0.3972571,False,2,1,0
6/26/2025 5:44:37 PM,1750952677564,Left,0.4571439,0.6051625,0.3160225,0.8803533,0.780194,0.3331182,0.4804069,0.5954481,0.3251553,0.1,3,0,0.6949829,1.134291,0.355005,0.4486578,0.5419573,0.3973683,False,2,1,0
6/26/2025 5:44:37 PM,1750952677578,Left,0.454262,0.6028531,0.3162973,0.881507,0.7769187,0.3290536,0.477873,0.5928004,0.3251557,0.1,3,0,0.6936312,1.131283,0.3537235,0.4466636,0.539223,0.3975394,False,2,1,0
6/26/2025 5:44:37 PM,1750952677605,Left,0.4470403,0.5985532,0.3167646,0.8831679,0.7705036,0.3209192,0.471162,0.5879909,0.3248006,0.1,3,0,0.6896362,1.125251,0.3503617,0.4409513,0.5347638,0.3978633,False,2,1,0
6/26/2025 5:44:37 PM,1750952677619,Left,0.4433641,0.5966251,0.3170714,0.8838155,0.7676971,0.3165668,0.4675528,0.5857341,0.3245813,0.1,3,0,0.6879203,1.121892,0.3484459,0.437992,0.5326176,0.3979895,False,2,1,0
6/26/2025 5:44:37 PM,1750952677633,Left,0.4397216,0.5947308,0.317324,0.8842928,0.7651846,0.3120933,0.464173,0.5834044,0.3243758,0.1,3,0,0.6860527,1.118476,0.3462772,0.4350595,0.5303974,0.3980415,False,2,1,0
6/26/2025 5:44:37 PM,1750952677661,Left,0.4324632,0.590742,0.3183869,0.8843263,0.7597418,0.3037227,0.4576673,0.578761,0.3241482,0.1,3,0,0.6810739,1.112373,0.3405224,0.429287,0.5259306,0.3982258,False,2,1,0
6/26/2025 5:44:37 PM,1750952677675,Left,0.4286258,0.588827,0.3189797,0.8836852,0.7570077,0.2994573,0.4541139,0.5765327,0.3241404,0.1,3,0,0.6779866,1.109295,0.3375294,0.4264804,0.5238528,0.3986065,False,2,1,0
6/26/2025 5:44:37 PM,1750952677703,Left,0.4221945,0.5858696,0.3199842,0.8827635,0.7513655,0.2912135,0.4473489,0.5729041,0.3234256,0.1,3,0,0.67185,1.104178,0.3309731,0.4217862,0.5209821,0.399153,False,2,1,0
6/26/2025 5:44:37 PM,1750952677716,Left,0.4192904,0.584652,0.3202815,0.882138,0.7487227,0.2870419,0.4443929,0.5713245,0.3229223,0.1,3,0,0.6687536,1.101775,0.3273128,0.419691,0.5197585,0.3991768,False,2,1,0
6/26/2025 5:44:37 PM,1750952677744,Left,0.4123316,0.5815498,0.319381,0.879573,0.7439352,0.2777945,0.4377525,0.567863,0.3205974,0.1,3,0,0.6627188,1.097402,0.319085,0.4140922,0.5161907,0.3971097,False,2,1,0
6/26/2025 5:44:37 PM,1750952677758,Left,0.4091973,0.5799676,0.3181446,0.8779545,0.7415299,0.2728108,0.434488,0.566088,0.3189972,0.1,3,0,0.6595877,1.095571,0.3149821,0.4112347,0.5141885,0.3954805,False,2,1,0
6/26/2025 5:44:37 PM,1750952677772,Left,0.4062874,0.5785465,0.317041,0.8762678,0.7388162,0.268024,0.4319695,0.5645426,0.3171315,0.1,3,0,0.6566701,1.093635,0.3109552,0.4089646,0.5125633,0.3936358,False,2,1,0
6/26/2025 5:44:37 PM,1750952677800,Left,0.4008832,0.5761255,0.314885,0.8720315,0.7334855,0.2579368,0.4263386,0.5621662,0.3141142,0.1,3,0,0.6495179,1.091397,0.3039964,0.4044025,0.5099481,0.3907696,False,2,1,0
6/26/2025 5:44:37 PM,1750952677814,Left,0.3987451,0.5754054,0.3142035,0.8696098,0.731251,0.2527328,0.4244902,0.5615013,0.3130851,0.1,3,0,0.6457787,1.090667,0.3010435,0.4028819,0.5092866,0.389836,False,2,1,0
6/26/2025 5:44:37 PM,1750952677842,Left,0.3956928,0.5743681,0.3138411,0.8646348,0.7276343,0.2432197,0.4219055,0.5601735,0.3119663,0.1,3,0,0.639251,1.088503,0.2952979,0.4012116,0.5079612,0.3889703,False,2,1,0
6/26/2025 5:44:37 PM,1750952677855,Left,0.3945459,0.5735496,0.314176,0.8620334,0.7263962,0.2387645,0.4210824,0.5592937,0.311694,0.1,3,0,0.6371952,1.087122,0.2922196,0.4008642,0.5071341,0.38886,False,2,1,0
6/26/2025 5:44:37 PM,1750952677883,Left,0.3904557,0.5703529,0.3139569,0.8568029,0.7241306,0.229827,0.4180841,0.5560668,0.3102727,0.1,3,0,0.634331,1.083745,0.2850186,0.3996827,0.503976,0.3879382,False,2,1,0
6/26/2025 5:44:37 PM,1750952677897,Left,0.389091,0.5684534,0.3137586,0.8540372,0.7231178,0.2252566,0.4163246,0.5539107,0.3090127,0.1,3,0,0.633558,1.081681,0.2809316,0.399148,0.5017216,0.3868923,False,2,1,0
6/26/2025 5:44:37 PM,1750952677925,Left,0.3878814,0.5657215,0.3127517,0.8482082,0.7207801,0.2154176,0.4152154,0.5505395,0.3062042,0.1,3,0,0.632421,1.078858,0.2732823,0.4000751,0.4980396,0.3842971,False,2,1,0
6/26/2025 5:44:37 PM,1750952677939,Left,0.3874115,0.5651951,0.3117253,0.84531,0.7200269,0.2100977,0.4144078,0.5499972,0.3046476,0.1,3,0,0.631574,1.078026,0.2697688,0.4003834,0.497294,0.382812,False,2,1,0
6/26/2025 5:44:37 PM,1750952677953,Left,0.3866479,0.5650926,0.3104626,0.8425069,0.7200544,0.2046814,0.4129308,0.5497239,0.3032688,0.1,3,0,0.6303796,1.077562,0.2674931,0.4001627,0.496822,0.3815143,False,2,1,0
6/26/2025 5:44:37 PM,1750952677981,Left,0.3823054,0.5645145,0.3075945,0.837551,0.7206243,0.1950293,0.4070896,0.5494618,0.299981,0.1,3,0,0.627062,1.076523,0.2635605,0.3959207,0.4969985,0.3787645,False,2,1,0
6/26/2025 5:44:37 PM,1750952677994,Left,0.3805059,0.5639995,0.3064867,0.8353471,0.7211747,0.190443,0.4048016,0.5492651,0.2988367,0.1,3,0,0.6252644,1.07624,0.2618387,0.3943277,0.4965899,0.3775742,False,2,1,0
6/26/2025 5:44:38 PM,1750952678022,Left,0.3779466,0.5627577,0.304589,0.8309939,0.7216474,0.1815622,0.4022876,0.5483147,0.2965295,0.1,3,0,0.6230005,1.075555,0.2573404,0.3920974,0.4955556,0.3752481,False,2,1,0
6/26/2025 5:44:38 PM,1750952678036,Left,0.3763962,0.5619687,0.3034464,0.8284797,0.7211014,0.1770052,0.4011573,0.5475612,0.2950825,0.1,3,0,0.6218673,1.075349,0.255022,0.390967,0.4948021,0.3738011,False,2,1,0
6/26/2025 5:44:38 PM,1750952678063,Left,0.3728962,0.5608528,0.3008871,0.8240766,0.7196074,0.1680284,0.397747,0.5468073,0.2922313,0.1,3,0,0.6192372,1.075058,0.2506806,0.3879575,0.4939895,0.3709613,False,2,1,0
6/26/2025 5:44:38 PM,1750952678078,Left,0.3704655,0.560688,0.2994519,0.8223027,0.71886,0.1638591,0.3951859,0.5469918,0.2908372,0.1,3,0,0.6177399,1.075015,0.2486061,0.3855726,0.494195,0.3696031,False,2,1,0
6/26/2025 5:44:38 PM,1750952678106,Left,0.3643979,0.5594407,0.296677,0.8189287,0.7181057,0.1557876,0.3894345,0.5463315,0.2879176,0.1,3,0,0.6148735,1.074789,0.2445921,0.3800006,0.4937222,0.3668305,False,2,1,0
6/26/2025 5:44:38 PM,1750952678120,Left,0.361837,0.5583953,0.2955164,0.8173519,0.7178848,0.1521879,0.3871281,0.5452151,0.2865254,0.1,3,0,0.6138986,1.074455,0.2430514,0.3777016,0.4927796,0.3655547,False,2,1,0
6/26/2025 5:44:38 PM,1750952678133,Left,0.359531,0.5573978,0.2943684,0.8159618,0.7177185,0.1490315,0.3852782,0.5441876,0.2850586,0.1,3,0,0.6128976,1.074211,0.2410365,0.3758313,0.4920065,0.3642537,False,2,1,0
6/26/2025 5:44:38 PM,1750952678161,Left,0.3544579,0.5549937,0.2918859,0.8130587,0.7173308,0.1425897,0.3809087,0.5421339,0.2822161,0.1,3,0,0.6104999,1.073124,0.2369778,0.3716712,0.4898999,0.3614011,False,2,1,0
6/26/2025 5:44:38 PM,1750952678175,Left,0.3517792,0.5539622,0.2906766,0.8112973,0.7169906,0.1388605,0.3783175,0.541212,0.2807795,0.1,3,0,0.609107,1.07262,0.2347127,0.3691694,0.4889555,0.35996,False,2,1,0
6/26/2025 5:44:38 PM,1750952678203,Left,0.3456675,0.5518807,0.2884099,0.8077635,0.7164404,0.1313561,0.3725963,0.5393479,0.277761,0.1,3,0,0.6063838,1.071454,0.2290418,0.3635871,0.4870095,0.3569033,False,2,1,0
6/26/2025 5:44:38 PM,1750952678217,Left,0.342876,0.5510877,0.2874564,0.8059741,0.716173,0.1276596,0.3706043,0.5385209,0.2764378,0.1,3,0,0.6051221,1.070697,0.2261016,0.3613032,0.4863842,0.3556795,False,2,1,0
6/26/2025 5:44:38 PM,1750952678244,Left,0.3370087,0.5495436,0.2856789,0.8021604,0.7156299,0.119868,0.3654038,0.5374531,0.2737837,0.1,3,0,0.6020967,1.069889,0.2190506,0.3566311,0.4851924,0.3530039,False,2,1,0
6/26/2025 5:44:38 PM,1750952678259,Left,0.3338581,0.548945,0.2845899,0.7999573,0.7154075,0.1153475,0.362489,0.5369192,0.2722336,0.1,3,0,0.6003432,1.069302,0.2152995,0.3539477,0.4847176,0.351518,False,2,1,0
6/26/2025 5:44:38 PM,1750952678272,Left,0.3308952,0.5484937,0.2834934,0.7975291,0.7151791,0.1105545,0.3596819,0.5364854,0.2705402,0.1,3,0,0.5985289,1.068804,0.2113346,0.3511619,0.4845239,0.3499845,False,2,1,0
6/26/2025 5:44:38 PM,1750952678300,Left,0.3244838,0.5479475,0.2811098,0.7927788,0.7151094,0.1010344,0.3540304,0.5355017,0.2669596,0.1,3,0,0.5949671,1.067717,0.2029938,0.3455544,0.4838977,0.3466413,False,2,1,0
6/26/2025 5:44:38 PM,1750952678313,Left,0.3212712,0.5477275,0.2798774,0.790466,0.7151832,0.09633267,0.3511954,0.5354153,0.2651003,0.1,3,0,0.5931987,1.067265,0.1986275,0.3428251,0.4838893,0.3448435,False,2,1,0
6/26/2025 5:44:38 PM,1750952678341,Left,0.3146319,0.5467668,0.2771534,0.7856054,0.7154926,0.08661497,0.3454138,0.5344225,0.260968,0.1,3,0,0.5897501,1.066414,0.1886959,0.3377356,0.4831897,0.3409694,False,2,1,0
6/26/2025 5:44:38 PM,1750952678356,Left,0.3106377,0.546464,0.2754681,0.7829503,0.7154022,0.08159387,0.341803,0.5340088,0.2587444,0.1,3,0,0.5877781,1.065957,0.1840024,0.3341248,0.4827761,0.3387459,False,2,1,0
6/26/2025 5:44:38 PM,1750952678383,Left,0.3022835,0.5459877,0.2720295,0.7775983,0.7149287,0.07134926,0.3337053,0.5335318,0.2538474,0.1,3,0,0.5837797,1.065848,0.1737506,0.3259291,0.4822999,0.33384,False,2,1,0
6/26/2025 5:44:38 PM,1750952678397,Left,0.2976518,0.5456142,0.2701674,0.7748002,0.7144262,0.06614161,0.3289873,0.5327478,0.2508764,0.1,3,0,0.5816529,1.065314,0.1688967,0.3210347,0.4814272,0.3307947,False,2,1,0
6/26/2025 5:44:38 PM,1750952678424,Left,0.289098,0.5457665,0.2667809,0.7687538,0.7131307,0.05584085,0.3218329,0.5329748,0.2465498,0.1,3,0,0.5761765,1.064577,0.1593,0.3132455,0.4817396,0.3264572,False,2,1,0
6/26/2025 5:44:38 PM,1750952678439,Left,0.2849406,0.5454251,0.265303,0.7654651,0.7121344,0.0506953,0.3183581,0.5322908,0.2443835,0.1,3,0,0.5737926,1.063499,0.1545924,0.3095387,0.4811451,0.324323,False,2,1,0
6/26/2025 5:44:38 PM,1750952678453,Left,0.2808051,0.5453297,0.2637908,0.762126,0.7111097,0.04543042,0.3139508,0.5320807,0.2422751,0.1,3,0,0.571362,1.062514,0.1499401,0.3054895,0.4808596,0.3222049,False,2,1,0
6/26/2025 5:44:38 PM,1750952678480,Left,0.272917,0.544915,0.2616106,0.7543324,0.7078897,0.03387427,0.3069503,0.5307094,0.2388229,0.1,3,0,0.566348,1.058412,0.1407577,0.2982599,0.4796554,0.318835,False,2,1,0
6/26/2025 5:44:38 PM,1750952678494,Left,0.2692419,0.5442236,0.2607095,0.7506735,0.7061378,0.02796876,0.3034976,0.5295609,0.2370003,0.1,3,0,0.5637071,1.056107,0.1356804,0.2950124,0.4786025,0.3170953,False,2,1,0
6/26/2025 5:44:38 PM,1750952678522,Left,0.2617352,0.5421922,0.2591114,0.7426093,0.7021411,0.01629639,0.2968473,0.5263216,0.2334916,0.1,3,0,0.5588603,1.050804,0.1245812,0.2890485,0.4753988,0.313679,False,2,1,0
6/26/2025 5:44:38 PM,1750952678536,Left,0.2576005,0.5417652,0.257738,0.7385179,0.7002223,0.01094711,0.2928173,0.5252587,0.2314379,0.1,3,0,0.5561996,1.048697,0.1196687,0.2853562,0.4742796,0.3116217,False,2,1,0
6/26/2025 5:44:38 PM,1750952678564,Left,0.2489303,0.5421736,0.253962,0.7306014,0.6967492,-0.0003051758,0.2845263,0.5244771,0.2268836,0.1,3,0,0.5506976,1.044623,0.1117439,0.2763292,0.4736652,0.3071017,False,2,1,0
6/26/2025 5:44:38 PM,1750952678578,Left,0.2448517,0.5422139,0.2521753,0.7266539,0.6951253,-0.00614202,0.2805032,0.5241314,0.2247331,0.1,3,0,0.5480002,1.042746,0.1081834,0.2725639,0.4733337,0.304986,False,2,1,0
6/26/2025 5:44:38 PM,1750952678591,Left,0.2411104,0.5425546,0.2502457,0.7222849,0.6937136,-0.01218772,0.2770601,0.5238711,0.2225472,0.1,3,0,0.5452334,1.041228,0.1048974,0.2691208,0.4730733,0.3028001,False,2,1,0
6/26/2025 5:44:38 PM,1750952678619,Left,0.2341111,0.543191,0.2467383,0.7125306,0.6901336,-0.02424943,0.2706273,0.5233762,0.2184826,0.1,3,0,0.5402558,1.038277,0.09869933,0.2627995,0.4726241,0.2987754,False,2,1,0
6/26/2025 5:44:38 PM,1750952678633,Left,0.2305524,0.5433413,0.2448555,0.707242,0.6878723,-0.03034353,0.2673841,0.5231587,0.2163906,0.1,3,0,0.5381804,1.037231,0.095963,0.2594356,0.4724343,0.296689,False,2,1,0
6/26/2025 5:44:38 PM,1750952678661,Left,0.2232246,0.5428527,0.2411755,0.6962043,0.6826782,-0.04255211,0.2608891,0.5220355,0.2123801,0.1,3,0,0.5340185,1.035068,0.09093654,0.2529406,0.4713111,0.2926785,False,2,1,0
6/26/2025 5:44:38 PM,1750952678675,Left,0.2197818,0.5423449,0.2395744,0.6904882,0.6802242,-0.04869962,0.2578872,0.5211822,0.2105448,0.1,3,0,0.5317125,1.033978,0.08860767,0.2500321,0.4704364,0.2908389,False,2,1,0
6/26/2025 5:44:38 PM,1750952678703,Left,0.2135572,0.5411437,0.2366652,0.6791227,0.6766256,-0.06085348,0.2525917,0.5192097,0.2072108,0.1,3,0,0.5283558,1.031373,0.08456016,0.2451084,0.4682657,0.2874148,False,2,1,0
6/26/2025 5:44:38 PM,1750952678716,Left,0.2104545,0.5407338,0.2353343,0.6733892,0.6759739,-0.06662345,0.2496624,0.5185257,0.2058215,0.1,3,0,0.5267478,1.029944,0.08312178,0.2423641,0.4674364,0.2859501,False,2,1,0
6/26/2025 5:44:38 PM,1750952678745,Left,0.203531,0.5396252,0.2329385,0.6625013,0.6751691,-0.0770489,0.2434009,0.5171007,0.2034449,0.1,3,0,0.5233327,1.026837,0.07978702,0.2369694,0.4656221,0.2833984,False,2,1,0
6/26/2025 5:44:38 PM,1750952678759,Left,0.1997874,0.5388432,0.2316818,0.6574934,0.6752472,-0.08162785,0.2396004,0.5161847,0.2021046,0.1,3,0,0.5217317,1.025015,0.07769716,0.2340438,0.4645256,0.2820072,False,2,1,0
6/26/2025 5:44:38 PM,1750952678772,Left,0.1961948,0.5378444,0.2304866,0.6527967,0.6753177,-0.08578277,0.2363961,0.5150205,0.2007433,0.1,3,0,0.5199046,1.023358,0.07573056,0.2312372,0.4632617,0.2806081,False,2,1,0
6/26/2025 5:44:38 PM,1750952678800,Left,0.1886194,0.5360159,0.2284694,0.6437974,0.6752313,-0.09355009,0.2295798,0.5126024,0.1983453,0.1,3,0,0.5157009,1.020172,0.07220912,0.2244518,0.4608094,0.27819,False,2,1,0
6/26/2025 5:44:38 PM,1750952678814,Left,0.1845084,0.5354089,0.2276169,0.6390638,0.6749069,-0.09760666,0.225912,0.5118604,0.1973091,0.1,3,0,0.5129285,1.018855,0.07060587,0.2208394,0.4600466,0.2771438,False,2,1,0
6/26/2025 5:44:38 PM,1750952678842,Left,0.1752472,0.5346313,0.2264678,0.6290917,0.6739655,-0.105786,0.2170877,0.5109176,0.1956559,0.1,3,0,0.5076486,1.016575,0.06592429,0.2123435,0.4598615,0.2759973,False,2,1,0
6/26/2025 5:44:38 PM,1750952678855,Left,0.1711434,0.5342493,0.2262232,0.6240529,0.6733294,-0.1096088,0.2135237,0.5104785,0.1949742,0.1,3,0,0.5056286,1.015484,0.06269407,0.2091608,0.4599491,0.2756695,False,2,1,0
6/26/2025 5:44:38 PM,1750952678883,Left,0.1630224,0.5330316,0.2251307,0.6129056,0.6714319,-0.1172329,0.2059855,0.508989,0.1925608,0.1,3,0,0.5014069,1.0143,0.05609822,0.2027589,0.4591743,0.2737523,False,2,1,0
6/26/2025 5:44:38 PM,1750952678897,Left,0.1587949,0.5321043,0.2243251,0.6063675,0.6702404,-0.1212544,0.2020333,0.508072,0.1913674,0.1,3,0,0.4989431,1.014246,0.05409765,0.1988649,0.4577937,0.272275,False,2,1,0
6/26/2025 5:44:38 PM,1750952678911,Left,0.1545162,0.5312895,0.2235355,0.5993387,0.6692311,-0.125478,0.1980667,0.5075301,0.1904049,0.1,3,0,0.4966688,1.014638,0.05280495,0.194737,0.4566592,0.2709346,False,2,1,0
6/26/2025 5:44:38 PM,1750952678939,Left,0.1466917,0.5313192,0.2226095,0.5856504,0.6685565,-0.1332065,0.1918285,0.5083832,0.1893863,0.1,3,0,0.4933395,1.015344,0.04920626,0.1886333,0.4575862,0.2699682,False,2,1,0
6/26/2025 5:44:38 PM,1750952678953,Left,0.1431326,0.5314471,0.2224035,0.5793462,0.6686766,-0.1365467,0.189011,0.5086982,0.1888206,0.1,3,0,0.4915763,1.015358,0.04648101,0.1861032,0.4580485,0.269506,False,2,1,0
6/26/2025 5:44:38 PM,1750952678981,Left,0.137516,0.532689,0.2226009,0.5670587,0.669585,-0.1417416,0.1842355,0.5091399,0.187162,0.1,3,0,0.4876089,1.01437,0.03783977,0.182155,0.4588151,0.2680759,False,2,1,0
6/26/2025 5:44:38 PM,1750952678994,Left,0.1346072,0.5331418,0.2223397,0.5604663,0.6694555,-0.1448065,0.1813981,0.508965,0.1857786,0.1,3,0,0.4855398,1.014414,0.03356564,0.1796757,0.4586397,0.2667007,False,2,1,0
6/26/2025 5:44:39 PM,1750952679022,Left,0.1278186,0.5352912,0.2208415,0.5453545,0.6679378,-0.151554,0.1741075,0.5104342,0.1829063,0.1,3,0,0.4817034,1.014207,0.0252012,0.1739479,0.4601918,0.263898,False,2,1,0
6/26/2025 5:44:39 PM,1750952679036,Left,0.1246209,0.5367776,0.2199373,0.5378859,0.667434,-0.1549476,0.1712637,0.5112005,0.1815361,0.1,3,0,0.4802778,1.014576,0.02222395,0.1713623,0.4611915,0.2626722,False,2,1,0
6/26/2025 5:44:39 PM,1750952679064,Left,0.1204135,0.5384378,0.2192397,0.5251762,0.6670896,-0.1608019,0.1673374,0.5130484,0.1798655,0.1,3,0,0.4777812,1.013851,0.01606286,0.1693418,0.4636012,0.2613207,False,2,1,0
6/26/2025 5:44:39 PM,1750952679078,Left,0.1185383,0.5383387,0.2190382,0.519455,0.6669537,-0.1635373,0.166241,0.5125587,0.1789267,0.1,3,0,0.4766958,1.012839,0.01199937,0.1689341,0.4632514,0.2604468,False,2,1,0
6/26/2025 5:44:39 PM,1750952679092,Left,0.1165067,0.5377114,0.2187797,0.5137053,0.6665212,-0.1653944,0.1643625,0.5116337,0.1777439,0.1,3,0,0.4754689,1.011747,0.007487893,0.1678933,0.462317,0.2592263,False,2,1,0
6/26/2025 5:44:39 PM,1750952679120,Left,0.1102822,0.5366126,0.2169809,0.5004529,0.6640416,-0.1701852,0.1586404,0.5104064,0.1746709,0.1,3,0,0.4721378,1.009742,-0.003573179,0.1628841,0.460133,0.2555323,False,2,1,0
6/26/2025 5:44:39 PM,1750952679133,Left,0.1074307,0.5364947,0.2156554,0.4932859,0.6623554,-0.1735855,0.1551776,0.5095185,0.1717849,0.1,3,0,0.4698757,1.008949,-0.009083271,0.1594213,0.4592452,0.2526463,False,2,1,0
6/26/2025 5:44:39 PM,1750952679161,Left,0.1028633,0.5375441,0.2136544,0.4783541,0.6591665,-0.1807318,0.1513577,0.5098733,0.1682015,0.1,3,0,0.4659424,1.007471,-0.01905227,0.1558875,0.4595164,0.2489953,False,2,1,0
6/26/2025 5:44:39 PM,1750952679175,Left,0.1005025,0.538226,0.2129349,0.4712089,0.6583462,-0.1842828,0.1492525,0.5102867,0.1668054,0.1,3,0,0.4641318,1.006785,-0.02348661,0.1541127,0.4599346,0.247583,False,2,1,0
6/26/2025 5:44:39 PM,1750952679203,Left,0.09600425,0.5396789,0.2118392,0.4586473,0.6588565,-0.1913075,0.1439995,0.5114683,0.1647462,0.1,3,0,0.4595678,1.007238,-0.0297296,0.1499251,0.461711,0.2458207,False,2,1,0
6/26/2025 5:44:39 PM,1750952679217,Left,0.09397936,0.5395805,0.2113538,0.4534261,0.6593851,-0.1942532,0.1420773,0.5115092,0.1637701,0.1,3,0,0.4571267,1.007431,-0.03275728,0.148003,0.4617519,0.2448446,False,2,1,0
6/26/2025 5:44:39 PM,1750952679245,Left,0.09139919,0.5390427,0.2100966,0.4435608,0.6598406,-0.1996533,0.1392242,0.5109134,0.1609899,0.1,3,0,0.4529748,1.007436,-0.04088593,0.1454756,0.4610589,0.2419802,False,2,1,0
6/26/2025 5:44:39 PM,1750952679259,Left,0.08992183,0.5387439,0.2093055,0.4382255,0.6598445,-0.2027447,0.1378193,0.5105932,0.1594046,0.1,3,0,0.4508135,1.00733,-0.04534805,0.1442823,0.4606204,0.2403053,False,2,1,0
6/26/2025 5:44:39 PM,1750952679273,Left,0.08889627,0.5382436,0.208329,0.4331177,0.6599839,-0.2060617,0.136643,0.5103111,0.1578246,0.1,3,0,0.4485494,1.007428,-0.04940701,0.1433793,0.4602234,0.2386319,False,2,1,0
6/26/2025 5:44:39 PM,1750952679300,Left,0.08628011,0.5376437,0.206519,0.423382,0.6608002,-0.2129785,0.1330764,0.5102332,0.1547834,0.1,3,0,0.4424317,1.007597,-0.05838549,0.1403603,0.4600144,0.2354617,False,2,1,0
6/26/2025 5:44:39 PM,1750952679315,Left,0.08484399,0.5373852,0.2057992,0.4186976,0.6610906,-0.2162565,0.1314574,0.5100572,0.1532757,0.1,3,0,0.4394307,1.007693,-0.06289816,0.1388516,0.4598658,0.2339611,False,2,1,0
6/26/2025 5:44:39 PM,1750952679342,Left,0.08263469,0.5364564,0.2045527,0.4096489,0.6607427,-0.222532,0.1283891,0.5092689,0.150465,0.1,3,0,0.4329228,1.007659,-0.07154858,0.1363407,0.459039,0.2310734,False,2,1,0
6/26/2025 5:44:39 PM,1750952679355,Left,0.08157194,0.5355751,0.2041754,0.40494,0.6603115,-0.2259626,0.1265958,0.5087034,0.1492763,0.1,3,0,0.4290613,1.007438,-0.0757798,0.1351097,0.4583719,0.2297638,False,2,1,0
6/26/2025 5:44:39 PM,1750952679384,Left,0.07959795,0.533729,0.2037457,0.3948298,0.6595761,-0.2332258,0.12329,0.5073012,0.1470957,0.1,3,0,0.4217131,1.006635,-0.08481312,0.1327584,0.4568408,0.2273956,False,2,1,0
6/26/2025 5:44:39 PM,1750952679398,Left,0.07859731,0.5328833,0.2035427,0.389524,0.6591753,-0.2367237,0.1216229,0.5064278,0.1460831,0.1,3,0,0.417676,1.006247,-0.08992743,0.1314816,0.4556884,0.22616,False,2,1,0
6/26/2025 5:44:39 PM,1750952679412,Left,0.07703066,0.5324045,0.2033776,0.3841746,0.6587839,-0.240337,0.1196518,0.5059141,0.1448995,0.1,3,0,0.4132228,1.005987,-0.09484732,0.1295105,0.4551747,0.2249763,False,2,1,0
6/26/2025 5:44:39 PM,1750952679439,Left,0.07416582,0.5321304,0.2029865,0.3739297,0.6578407,-0.2475457,0.1156057,0.5062745,0.1429611,0.1,3,0,0.4035138,1.005502,-0.1049483,0.1255824,0.4558081,0.2231956,False,2,1,0
6/26/2025 5:44:39 PM,1750952679453,Left,0.07265282,0.531954,0.2029067,0.3688643,0.6572757,-0.2511764,0.1136393,0.5061564,0.1418097,0.1,3,0,0.3986421,1.005341,-0.1103426,0.1237749,0.4559591,0.222193,False,2,1,0
6/26/2025 5:44:39 PM,1750952679481,Left,0.06928921,0.531799,0.2025231,0.358416,0.6564138,-0.2583861,0.1083906,0.5052821,0.1390151,0.1,3,0,0.3877926,1.005026,-0.1210004,0.1189678,0.4557973,0.2197824,False,2,1,0
6/26/2025 5:44:39 PM,1750952679495,Left,0.06699324,0.5319384,0.2018664,0.3528802,0.656185,-0.2620912,0.1054032,0.5055012,0.1377175,0.1,3,0,0.3823173,1.004961,-0.1260132,0.1159804,0.4560163,0.2184848,False,2,1,0
6/26/2025 5:44:39 PM,1750952679523,Left,0.06214631,0.5323213,0.2008067,0.3418889,0.6561544,-0.2694913,0.09948792,0.5063893,0.1350615,0.1,3,0,0.3716352,1.004612,-0.1364805,0.110103,0.4571417,0.2159687,False,2,1,0
6/26/2025 5:44:39 PM,1750952679537,Left,0.06021667,0.5326861,0.2003772,0.3364706,0.6561695,-0.2730745,0.09713361,0.5066074,0.1336764,0.1,3,0,0.3663391,1.003891,-0.1420245,0.107859,0.4576417,0.21474,False,2,1,0
6/26/2025 5:44:39 PM,1750952679564,Left,0.05662775,0.5335435,0.1999313,0.3258228,0.6560738,-0.2800187,0.09211397,0.5065581,0.1311347,0.1,3,0,0.3540641,1.00209,-0.1520882,0.1036292,0.4586049,0.2126937,False,2,1,0
6/26/2025 5:44:39 PM,1750952679578,Left,0.05403948,0.5339836,0.1996146,0.3204213,0.6556121,-0.2835041,0.08848453,0.5063012,0.1298889,0.1,3,0,0.3477919,1.000765,-0.1569692,0.1003382,0.4590374,0.2118011,False,2,1,0
6/26/2025 5:44:39 PM,1750952679592,Left,0.05148172,0.5342463,0.1990225,0.3148896,0.654783,-0.286987,0.08489531,0.5056887,0.1283029,0.1,3,0,0.3413923,0.9994837,-0.1619685,0.09697666,0.4593056,0.2106839,False,2,1,0
6/26/2025 5:44:39 PM,1750952679620,Left,0.04654622,0.5336101,0.1969047,0.3029003,0.6517617,-0.2942278,0.07829507,0.504653,0.124786,0.1,3,0,0.327879,0.9976104,-0.1704723,0.09048717,0.4583193,0.2071784,False,2,1,0
6/26/2025 5:44:39 PM,1750952679634,Left,0.04410696,0.5331668,0.1960896,0.2970538,0.650565,-0.2976651,0.07533159,0.5036129,0.1230248,0.1,3,0,0.321281,0.9970224,-0.1742606,0.08778089,0.4571772,0.2053213,False,2,1,0
6/26/2025 5:44:39 PM,1750952679662,Left,0.03896523,0.5325943,0.1952213,0.2857997,0.6488264,-0.303845,0.06869502,0.5028788,0.1210116,0.1,3,0,0.3084395,0.9960196,-0.1806833,0.08194648,0.4561093,0.2029933,False,2,1,0
6/26/2025 5:44:39 PM,1750952679676,Left,0.03632498,0.5323529,0.1952169,0.2801852,0.6481926,-0.3065876,0.06523113,0.502748,0.1204871,0.1,3,0,0.3021259,0.9958162,-0.1836358,0.07880129,0.4558608,0.2023493,False,2,1,0
6/26/2025 5:44:39 PM,1750952679703,Left,0.02921391,0.5328018,0.1961462,0.2677941,0.6468471,-0.3122076,0.05653087,0.5030821,0.1200703,0.1,3,0,0.2892203,0.9956557,-0.1897275,0.07061667,0.4559649,0.2017131,False,2,1,0
6/26/2025 5:44:39 PM,1750952679717,Left,0.02500808,0.5339222,0.1967167,0.260848,0.6459876,-0.3150334,0.05197126,0.5038534,0.1200976,0.1,3,0,0.2831959,0.9956331,-0.1922698,0.06619695,0.4572037,0.2019842,False,2,1,0
6/26/2025 5:44:39 PM,1750952679745,Left,0.01746058,0.5365456,0.197469,0.2468297,0.6448293,-0.3205808,0.04360485,0.5057672,0.1199605,0.1,3,0,0.2721329,0.9954975,-0.1962476,0.05847629,0.4605156,0.2025142,False,2,1,0
6/26/2025 5:44:39 PM,1750952679759,Left,0.01362658,0.537172,0.1979382,0.2395619,0.6448847,-0.3233286,0.03958141,0.5064667,0.1202724,0.1,3,0,0.2668824,0.9955819,-0.1970174,0.05471157,0.4611731,0.202756,False,2,1,0
6/26/2025 5:44:39 PM,1750952679773,Left,0.01042783,0.5374016,0.1984832,0.2323825,0.6451905,-0.3259273,0.03623687,0.5064763,0.1203076,0.1,3,0,0.2611067,0.9956748,-0.1976721,0.05110902,0.4612476,0.2028737,False,2,1,0
6/26/2025 5:44:39 PM,1750952679801,Left,0.003942013,0.5384015,0.1994053,0.2183192,0.6450908,-0.3307205,0.02991781,0.5067763,0.1203095,0.1,3,0,0.2493869,0.9950974,-0.2001941,0.04467226,0.4616045,0.2029279,False,2,1,0
6/26/2025 5:44:39 PM,1750952679814,Left,-0.0001475811,0.5390603,0.199692,0.2112802,0.6447937,-0.3328336,0.0251315,0.5072844,0.1201729,0.1,3,0,0.2430657,0.995266,-0.2022225,0.04031412,0.4620627,0.2026863,False,2,1,0
6/26/2025 5:44:39 PM,1750952679842,Left,-0.008923054,0.5409904,0.1998773,0.1963954,0.6434991,-0.3366956,0.01474036,0.5085642,0.1199817,0.1,3,0,0.2298381,0.9952705,-0.2048633,0.03114503,0.463065,0.2021078,False,2,1,0
6/26/2025 5:44:39 PM,1750952679855,Left,-0.01286829,0.5419942,0.200213,0.1885284,0.6429072,-0.3385061,0.009848716,0.5097353,0.1201748,0.1,3,0,0.2233303,0.9961225,-0.2057768,0.0269862,0.464173,0.202116,False,2,1,0
6/26/2025 5:44:39 PM,1750952679884,Left,-0.01939583,0.5424899,0.202003,0.1728551,0.6431848,-0.3416666,0.002316779,0.5102049,0.1210922,0.1,3,0,0.2116894,0.9975952,-0.2073716,0.02074251,0.4633954,0.202045,False,2,1,0
6/26/2025 5:44:39 PM,1750952679898,Left,-0.0238632,0.5435712,0.2031136,0.165257,0.6443608,-0.3425606,-0.002087308,0.5116055,0.1221067,0.1,3,0,0.2063178,0.9989828,-0.2076869,0.0169253,0.4642919,0.2026294,False,2,1,0
6/26/2025 5:44:39 PM,1750952679911,Left,-0.02908134,0.5453375,0.2043164,0.1579288,0.645758,-0.3429692,-0.006805299,0.5131736,0.1229951,0.1,3,0,0.2007935,1.000369,-0.2076585,0.01220731,0.46586,0.2035179,False,2,1,0
6/26/2025 5:44:39 PM,1750952679940,Left,-0.04035258,0.5503166,0.2069591,0.1429106,0.6484153,-0.3435454,-0.01824272,0.5183462,0.125799,0.1,3,0,0.1890725,1.002561,-0.2073791,0.0007731953,0.4714004,0.206536,False,2,1,0
6/26/2025 5:44:39 PM,1750952679953,Left,-0.04566896,0.5517946,0.2082272,0.1352751,0.6496582,-0.3438624,-0.02455072,0.5200642,0.126924,0.1,3,0,0.1831837,1.003624,-0.2076534,-0.005490148,0.4734792,0.2078592,False,2,1,0
6/26/2025 5:44:39 PM,1750952679981,Left,-0.05596721,0.5522937,0.2098331,0.120625,0.6540448,-0.3431271,-0.03568166,0.52023,0.1275738,0.1,3,0,0.1702013,1.006515,-0.208132,-0.0160677,0.4743367,0.2087716,False,2,1,0
6/26/2025 5:44:39 PM,1750952679995,Left,-0.06027627,0.5520823,0.2103701,0.1133093,0.6562257,-0.3424083,-0.04036502,0.5201452,0.1277681,0.1,3,0,0.1638218,1.007868,-0.2083032,-0.02056058,0.4738531,0.2086928,False,2,1,0
6/26/2025 5:44:40 PM,1750952680023,Left,-0.07034123,0.5529284,0.2116517,0.09798598,0.660178,-0.3410168,-0.05025933,0.521778,0.1288418,0.1,3,0,0.15184,1.010559,-0.2082313,-0.03026938,0.475182,0.2095461,False,2,1,0
6/26/2025 5:44:40 PM,1750952680036,Left,-0.07572556,0.5529231,0.2128628,0.08998668,0.6616791,-0.3400285,-0.05567297,0.522261,0.1298463,0.1,3,0,0.1457461,1.011846,-0.2075719,-0.03563768,0.4757386,0.2105818,False,2,1,0
6/26/2025 5:44:40 PM,1750952680064,Left,-0.08447671,0.5533553,0.216184,0.07368898,0.6638933,-0.3377109,-0.065117,0.5233693,0.1325289,0.1,3,0,0.1316657,1.014403,-0.2075036,-0.04405448,0.4770888,0.213142,False,2,1,0
6/26/2025 5:44:40 PM,1750952680079,Left,-0.08892488,0.553537,0.2177734,0.0656302,0.6652293,-0.3364322,-0.07040764,0.5237845,0.1336904,0.1,3,0,0.124248,1.01563,-0.2076424,-0.04861823,0.477476,0.2140939,False,2,1,0
6/26/2025 5:44:40 PM,1750952680093,Left,-0.09403944,0.5538937,0.2191682,0.05775869,0.6666884,-0.3344603,-0.07620216,0.52425,0.1347494,0.1,3,0,0.1161391,1.017408,-0.2078035,-0.05413979,0.4777701,0.2149794,False,2,1,0
6/26/2025 5:44:40 PM,1750952680120,Left,-0.1040748,0.5548754,0.2218972,0.04224253,0.6704893,-0.3300869,-0.08806822,0.525892,0.1371162,0.1,3,0,0.0993948,1.01988,-0.2079712,-0.06493526,0.4789437,0.2167698,False,2,1,0
6/26/2025 5:44:40 PM,1750952680134,Left,-0.1082789,0.5555043,0.2232631,0.03469312,0.6725097,-0.3274685,-0.09266278,0.5267387,0.1380641,0.1,3,0,0.09130943,1.02103,-0.2082919,-0.06902209,0.4798731,0.2176173,False,2,1,0
6/26/2025 5:44:40 PM,1750952680162,Left,-0.1170678,0.5565935,0.2260293,0.01985598,0.6756805,-0.3213819,-0.1032353,0.5280285,0.1403868,0.1,3,0,0.07473719,1.022843,-0.2080423,-0.07820662,0.4814402,0.2196778,False,2,1,0
6/26/2025 5:44:40 PM,1750952680176,Left,-0.121417,0.5573236,0.2268062,0.01195526,0.6763366,-0.3185067,-0.1086781,0.5287666,0.1412499,0.1,3,0,0.06630754,1.023672,-0.2071822,-0.08308367,0.4821378,0.2203363,False,2,1,0
6/26/2025 5:44:40 PM,1750952680204,Left,-0.131039,0.5602922,0.2266073,-0.005636454,0.6766673,-0.3134386,-0.1191367,0.5317124,0.1414189,0.1,3,0,0.04923534,1.025589,-0.2053261,-0.09345166,0.4851863,0.2205365,False,2,1,0
6/26/2025 5:44:40 PM,1750952680218,Left,-0.1354718,0.5620309,0.2256624,-0.01483405,0.6770287,-0.3109017,-0.1238297,0.5332158,0.1405277,0.1,3,0,0.04111314,1.026784,-0.2049611,-0.09781788,0.4868848,0.219653,False,2,1,0
6/26/2025 5:44:40 PM,1750952680231,Left,-0.1388447,0.5642459,0.2236521,-0.02348316,0.6778178,-0.3077611,-0.1279135,0.5351229,0.1391363,0.1,3,0,0.03273058,1.029159,-0.204897,-0.1012018,0.4888592,0.2180675,False,2,1,0
6/26/2025 5:44:40 PM,1750952680258,Left,-0.1486157,0.5670571,0.220878,-0.03939605,0.6806327,-0.3013229,-0.1389974,0.5390328,0.1368653,0.1,3,0,0.01638639,1.034894,-0.2036095,-0.1103161,0.4927346,0.2150819,False,2,1,0
6/26/2025 5:44:40 PM,1750952680273,Left,-0.1548918,0.5679804,0.22026,-0.04697978,0.6823086,-0.2982123,-0.1459672,0.5403786,0.1366969,0.1,3,0,0.009043574,1.03797,-0.2024539,-0.1166833,0.4940189,0.2146534,False,2,1,0
6/26/2025 5:44:40 PM,1750952680301,Left,-0.1690912,0.5695502,0.2201517,-0.06108582,0.6864184,-0.292113,-0.1608453,0.5433677,0.1376657,0.1,3,0,-0.003875017,1.043824,-0.1984633,-0.1315898,0.4962439,0.2151734,False,2,1,0
6/26/2025 5:44:40 PM,1750952680315,Left,-0.1757872,0.5701638,0.2208993,-0.06787312,0.688603,-0.289225,-0.167419,0.544831,0.1386172,0.1,3,0,-0.01000953,1.047103,-0.1961651,-0.1384864,0.4971895,0.2159293,False,2,1,0
6/26/2025 5:44:40 PM,1750952680343,Left,-0.1881046,0.5722929,0.2244778,-0.08164525,0.692795,-0.2839022,-0.1798225,0.5476708,0.142025,0.1,3,0,-0.02368224,1.052271,-0.1915774,-0.1513989,0.5001137,0.2195776,False,2,1,0
6/26/2025 5:44:40 PM,1750952680356,Left,-0.1939732,0.5737394,0.2263457,-0.08855963,0.6947472,-0.2813384,-0.1857552,0.5497136,0.1443169,0.1,3,0,-0.03092432,1.054579,-0.1898057,-0.1573378,0.5023026,0.2219611,False,2,1,0
6/26/2025 5:44:40 PM,1750952680384,Left,-0.2063074,0.5779537,0.23151,-0.1020998,0.6974378,-0.276602,-0.1990578,0.5535482,0.1490459,0.1,3,0,-0.04656649,1.057494,-0.1868497,-0.1702834,0.5069214,0.2270328,False,2,1,0
6/26/2025 5:44:40 PM,1750952680398,Left,-0.2123476,0.580202,0.2335277,-0.1086739,0.6982516,-0.2743744,-0.2056422,0.5554233,0.151086,0.1,3,0,-0.05457854,1.05849,-0.1855431,-0.1770593,0.5093622,0.2294784,False,2,1,0
6/26/2025 5:44:40 PM,1750952680412,Left,-0.2180972,0.5822995,0.2349938,-0.1148752,0.6985915,-0.2721748,-0.2117593,0.5574032,0.1526207,0.1,3,0,-0.06307518,1.059576,-0.1838818,-0.1832397,0.511355,0.2310438,False,2,1,0
6/26/2025 5:44:40 PM,1750952680440,Left,-0.2287004,0.5861676,0.2367194,-0.1260254,0.6985245,-0.2677388,-0.2232799,0.5609134,0.1546464,0.1,3,0,-0.08017182,1.062446,-0.1798332,-0.1944947,0.5151339,0.2331297,False,2,1,0
6/26/2025 5:44:40 PM,1750952680453,Left,-0.234406,0.5876927,0.2376487,-0.1318444,0.6986288,-0.2653695,-0.229655,0.5623661,0.1558787,0.1,3,0,-0.08872557,1.064087,-0.1772513,-0.2004599,0.5168017,0.2343357,False,2,1,0
6/26/2025 5:44:40 PM,1750952680481,Left,-0.2462869,0.5902394,0.2395734,-0.1427255,0.6976748,-0.2606145,-0.2424999,0.5650809,0.1586859,0.1,3,0,-0.1053921,1.067828,-0.1703647,-0.2129542,0.5194691,0.236984,False,2,1,0
6/26/2025 5:44:40 PM,1750952680495,Left,-0.2524436,0.5918035,0.240811,-0.1483527,0.6974832,-0.2584047,-0.2487167,0.5666321,0.1603345,0.1,3,0,-0.1130706,1.069488,-0.1665754,-0.218972,0.5210096,0.238551,False,2,1,0
6/26/2025 5:44:40 PM,1750952680523,Left,-0.2660155,0.5946464,0.2441304,-0.1589726,0.6976947,-0.2532665,-0.2634915,0.5697345,0.1645295,0.1,3,0,-0.1293684,1.073094,-0.1601291,-0.2333362,0.5241616,0.2426176,False,2,1,0
6/26/2025 5:44:40 PM,1750952680537,Left,-0.2734241,0.5958835,0.2463614,-0.1637428,0.6979353,-0.2502352,-0.2710133,0.5710852,0.1668665,0.1,3,0,-0.1378679,1.075048,-0.1567138,-0.2411579,0.5255763,0.245107,False,2,1,0
6/26/2025 5:44:40 PM,1750952680565,Left,-0.2896705,0.5990429,0.2510949,-0.1737244,0.6980914,-0.2443721,-0.288066,0.5749088,0.1724489,0.1,3,0,-0.1546004,1.079005,-0.150444,-0.2584631,0.5295132,0.250851,False,2,1,0
6/26/2025 5:44:40 PM,1750952680579,Left,-0.2976565,0.600244,0.2533233,-0.1788743,0.698026,-0.2413843,-0.2961462,0.5763686,0.1749622,0.1,3,0,-0.1631067,1.080956,-0.1467761,-0.2667958,0.5310902,0.2535268,False,2,1,0
6/26/2025 5:44:40 PM,1750952680593,Left,-0.304981,0.6013889,0.255251,-0.1840223,0.6980956,-0.238327,-0.303496,0.5775179,0.1771258,0.1,3,0,-0.1717309,1.082949,-0.1425892,-0.2745208,0.532392,0.2559172,False,2,1,0
6/26/2025 5:44:40 PM,1750952680620,Left,-0.316987,0.602907,0.2582325,-0.1945254,0.6986648,-0.2322856,-0.3160419,0.579511,0.1810353,0.1,3,0,-0.1893342,1.086726,-0.1333163,-0.2865617,0.5341281,0.2594908,False,2,1,0
6/26/2025 5:44:40 PM,1750952680635,Left,-0.3240485,0.6037084,0.2600905,-0.1998885,0.699068,-0.2294123,-0.3230703,0.5805142,0.1832925,0.1,3,0,-0.198464,1.088354,-0.1287731,-0.2933151,0.535044,0.2615936,False,2,1,0
6/26/2025 5:44:40 PM,1750952680662,Left,-0.3414779,0.6069974,0.2651986,-0.2109069,0.6999571,-0.2230687,-0.3392389,0.5839743,0.1890801,0.1,3,0,-0.2177761,1.09167,-0.1195297,-0.309134,0.538478,0.2672323,False,2,1,0
6/26/2025 5:44:40 PM,1750952680676,Left,-0.3504908,0.6087675,0.2680212,-0.2166054,0.7003261,-0.2198273,-0.348001,0.5858441,0.1922935,0.1,3,0,-0.2275681,1.093156,-0.1148118,-0.3179426,0.5404481,0.2705219,False,2,1,0
6/26/2025 5:44:40 PM,1750952680704,Left,-0.3660629,0.6109838,0.2723731,-0.2276068,0.7015101,-0.2131841,-0.3674128,0.5887158,0.1984947,0.1,3,0,-0.2465904,1.096132,-0.1058722,-0.337786,0.54391,0.2772264,False,2,1,0
6/26/2025 5:44:40 PM,1750952680718,Left,-0.3727887,0.6114354,0.2738471,-0.2327693,0.7024816,-0.2095562,-0.3747198,0.589008,0.2003374,0.1,3,0,-0.2564633,1.097585,-0.1011908,-0.344935,0.5445232,0.2791914,False,2,1,0
6/26/2025 5:44:40 PM,1750952680732,Left,-0.3804781,0.612471,0.2753135,-0.2380691,0.7033672,-0.2060907,-0.3823241,0.5898852,0.2021043,0.1,3,0,-0.2663527,1.098942,-0.09656453,-0.3524641,0.5453083,0.2808777,False,2,1,0
6/26/2025 5:44:40 PM,1750952680759,Left,-0.4001811,0.6153634,0.2789453,-0.2487965,0.7052929,-0.1993484,-0.3995509,0.5922257,0.2063063,0.1,3,0,-0.2852533,1.102012,-0.08782113,-0.3697054,0.547621,0.2850695,False,2,1,0
6/26/2025 5:44:40 PM,1750952680773,Left,-0.4104586,0.6174322,0.2809086,-0.2541194,0.7062667,-0.1959229,-0.4092318,0.5941624,0.2088003,0.1,3,0,-0.2947118,1.103754,-0.08365333,-0.3794569,0.5495528,0.2875874,False,2,1,0
6/26/2025 5:44:40 PM,1750952680801,Left,-0.4309683,0.6207292,0.2850267,-0.2648187,0.7086377,-0.1893897,-0.4314974,0.5978679,0.214424,0.1,3,0,-0.3128941,1.106497,-0.07535219,-0.4022245,0.5533252,0.2934367,False,2,1,0
6/26/2025 5:44:40 PM,1750952680815,Left,-0.4401655,0.6219978,0.2869787,-0.270211,0.7097076,-0.1861653,-0.4432683,0.5994441,0.2173701,0.1,3,0,-0.3217998,1.107797,-0.0711596,-0.4146228,0.5549736,0.296653,False,2,1,0
6/26/2025 5:44:40 PM,1750952680843,Left,-0.4571471,0.623426,0.2910278,-0.2804632,0.7117835,-0.1796526,-0.4584781,0.6010883,0.2217919,0.1,3,0,-0.3381608,1.110242,-0.06212103,-0.4315535,0.5562661,0.301479,False,2,1,0
6/26/2025 5:44:40 PM,1750952680856,Left,-0.465656,0.6244575,0.2931443,-0.2854514,0.7127237,-0.1761402,-0.4669247,0.6020764,0.224344,0.1,3,0,-0.3461349,1.111199,-0.05745685,-0.44024,0.556983,0.3039587,False,2,1,0
6/26/2025 5:44:40 PM,1750952680884,Left,-0.4825139,0.6272399,0.2973412,-0.2951446,0.7147351,-0.1687964,-0.4825993,0.6042066,0.2290294,0.1,3,0,-0.3613219,1.112573,-0.04915285,-0.4567237,0.5593162,0.309025,False,2,1,0
6/26/2025 5:44:40 PM,1750952680898,Left,-0.4906762,0.6290731,0.2994707,-0.2995558,0.7156109,-0.1647098,-0.4909293,0.6056705,0.2316055,0.1,3,0,-0.3685648,1.112964,-0.04544926,-0.4648479,0.5607508,0.3115177,False,2,1,0
6/26/2025 5:44:40 PM,1750952680912,Left,-0.4990511,0.6308572,0.301687,-0.3038843,0.7162277,-0.1606137,-0.4992346,0.6071745,0.234308,0.1,3,0,-0.375603,1.11338,-0.04158604,-0.4729213,0.5625673,0.3143192,False,2,1,0
6/26/2025 5:44:40 PM,1750952680939,Left,-0.5167911,0.633707,0.306933,-0.3126562,0.7164869,-0.1530056,-0.516102,0.6093818,0.2401744,0.1,3,0,-0.3885715,1.113588,-0.03323889,-0.4904757,0.5652731,0.3206834,False,2,1,0
6/26/2025 5:44:40 PM,1750952680954,Left,-0.5254593,0.6346302,0.3095332,-0.3169694,0.716168,-0.1492804,-0.5243315,0.6099319,0.243157,0.1,3,0,-0.3952661,1.113671,-0.02885425,-0.4992197,0.5660515,0.3239523,False,2,1,0
6/26/2025 5:44:40 PM,1750952680981,Left,-0.5427752,0.6348968,0.3147149,-0.3252966,0.7155686,-0.1416177,-0.5406944,0.610176,0.2490436,0.1,3,0,-0.4077163,1.113247,-0.01994717,-0.5167099,0.5659578,0.3299972,False,2,1,0
6/26/2025 5:44:40 PM,1750952680996,Left,-0.5514791,0.6349746,0.317132,-0.3292456,0.7155245,-0.1377507,-0.5487351,0.6098977,0.251799,0.1,3,0,-0.4136684,1.11291,-0.01576436,-0.5255899,0.565616,0.3329619,False,2,1,0
6/26/2025 5:44:41 PM,1750952681023,Left,-0.569304,0.6347921,0.3222641,-0.3369319,0.7150571,-0.1296535,-0.5652182,0.6096519,0.2575886,0.1,3,0,-0.4249053,1.111978,-0.007388353,-0.5433479,0.5654725,0.3391597,False,2,1,0
6/26/2025 5:44:41 PM,1750952681037,Left,-0.578934,0.6345064,0.3250405,-0.3409095,0.7145894,-0.1256075,-0.5747368,0.609277,0.2608545,0.1,3,0,-0.4305317,1.11136,-0.003123879,-0.5533924,0.5651829,0.3426109,False,2,1,0
6/26/2025 5:44:41 PM,1750952681065,Left,-0.5958815,0.6334932,0.3297454,-0.3485014,0.7133614,-0.1171529,-0.5899805,0.6082617,0.266456,0.1,3,0,-0.4404273,1.110398,0.006355882,-0.5699929,0.5644943,0.3487293,False,2,1,0
6/26/2025 5:44:41 PM,1750952681079,Left,-0.6044033,0.6324119,0.331758,-0.3520372,0.7126235,-0.1126494,-0.5973661,0.607281,0.2689937,0.1,3,0,-0.4450226,1.109831,0.01171398,-0.5783494,0.5635869,0.3515357,False,2,1,0
6/26/2025 5:44:41 PM,1750952681093,Left,-0.6131089,0.6311342,0.3338617,-0.3556066,0.7119876,-0.1080918,-0.6053611,0.60617,0.2717011,0.1,3,0,-0.4498591,1.109376,0.01669002,-0.5871937,0.562326,0.3543547,False,2,1,0
6/26/2025 5:44:41 PM,1750952681121,Left,-0.6305702,0.6271954,0.3384184,-0.362555,0.7108006,-0.09855521,-0.6210435,0.6029478,0.2774502,0.1,3,0,-0.4595711,1.108013,0.02759612,-0.6047094,0.5588475,0.3603498,False,2,1,0
6/26/2025 5:44:41 PM,1750952681134,Left,-0.6391044,0.6241401,0.3409712,-0.3658826,0.710366,-0.09335315,-0.6288816,0.6007262,0.28058,0.1,3,0,-0.4644527,1.107279,0.03311789,-0.6133282,0.5561795,0.363391,False,2,1,0
6/26/2025 5:44:41 PM,1750952681162,Left,-0.6554446,0.6190066,0.3461664,-0.37251,0.7096888,-0.08279538,-0.6442236,0.5967298,0.286894,0.1,3,0,-0.4734075,1.105211,0.04407251,-0.6298732,0.5515181,0.3695617,False,2,1,0
6/26/2025 5:44:41 PM,1750952681176,Left,-0.6634841,0.6166435,0.3487215,-0.3757422,0.7094035,-0.07739437,-0.6515603,0.594482,0.2902546,0.1,3,0,-0.4776835,1.103955,0.04954588,-0.637722,0.5490056,0.3728644,False,2,1,0
6/26/2025 5:44:41 PM,1750952681204,Left,-0.6803727,0.6114205,0.3537711,-0.3818531,0.7087033,-0.06548917,-0.6669254,0.5898719,0.296622,0.1,3,0,-0.4866171,1.101409,0.06203628,-0.6546266,0.5442923,0.3794183,False,2,1,0
6/26/2025 5:44:41 PM,1750952681218,Left,-0.6887331,0.6086577,0.3563739,-0.3850019,0.7082655,-0.05951118,-0.6747115,0.5875804,0.2999677,0.1,3,0,-0.491159,1.099991,0.06870592,-0.6630034,0.5418633,0.3827737,False,2,1,0
6/26/2025 5:44:41 PM,1750952681231,Left,-0.6966333,0.6055483,0.3591975,-0.3880322,0.7078082,-0.05320847,-0.6816487,0.5848838,0.3037319,0.1,3,0,-0.4954789,1.098474,0.07604158,-0.6705691,0.5389835,0.3865231,False,2,1,0
6/26/2025 5:44:41 PM,1750952681259,Left,-0.7121491,0.6005469,0.3648241,-0.394521,0.7068752,-0.04031873,-0.6953686,0.5802802,0.3110895,0.1,3,0,-0.5041664,1.094611,0.09016514,-0.6855981,0.5343795,0.3940451,False,2,1,0
6/26/2025 5:44:41 PM,1750952681273,Left,-0.7202384,0.5982633,0.3674616,-0.3980091,0.7062715,-0.03384757,-0.7028584,0.5781277,0.3147028,0.1,3,0,-0.5085647,1.092569,0.09730172,-0.6935923,0.5322786,0.3977448,False,2,1,0
6/26/2025 5:44:41 PM,1750952681301,Left,-0.7362869,0.5924996,0.3731403,-0.4046307,0.7043495,-0.01998711,-0.7171207,0.5727866,0.3222331,0.1,3,0,-0.5163181,1.088031,0.1127775,-0.7091753,0.526966,0.4054276,False,2,1,0
6/26/2025 5:44:41 PM,1750952681315,Left,-0.7442555,0.5891153,0.3761823,-0.4078929,0.703072,-0.01282036,-0.7240447,0.5695681,0.3262808,0.1,3,0,-0.5203536,1.085669,0.1207356,-0.7166631,0.523671,0.409485,False,2,1,0
6/26/2025 5:44:41 PM,1750952681342,Left,-0.7603014,0.5820497,0.3831936,-0.4154499,0.6994271,0.001831412,-0.7389335,0.5630013,0.3352714,0.1,3,0,-0.5287597,1.080583,0.1377409,-0.7315157,0.5171749,0.4185115,False,2,1,0
6/26/2025 5:44:41 PM,1750952681357,Left,-0.768445,0.5786104,0.3869591,-0.419435,0.6974099,0.009045601,-0.7466559,0.5599489,0.3398001,0.1,3,0,-0.5334301,1.078178,0.146493,-0.739348,0.5140855,0.4230294,False,2,1,0
6/26/2025 5:44:41 PM,1750952681385,Left,-0.7860341,0.5722308,0.3939,-0.4278269,0.693709,0.02334023,-0.7637473,0.5540422,0.3491782,0.1,3,0,-0.5419993,1.072907,0.1634982,-0.7573608,0.5082065,0.4324985,False,2,1,0
6/26/2025 5:44:41 PM,1750952681398,Left,-0.7948997,0.5687864,0.3971546,-0.4324238,0.6920884,0.03073835,-0.7720328,0.5505719,0.3533691,0.1,3,0,-0.5459769,1.070217,0.1718382,-0.7660955,0.5046825,0.4366932,False,2,1,0
6/26/2025 5:44:41 PM,1750952681412,Left,-0.8032596,0.5655587,0.4001815,-0.4367354,0.6907225,0.03808558,-0.7794312,0.5475451,0.3574075,0.1,3,0,-0.5500488,1.067666,0.1801111,-0.7740689,0.5016109,0.4407458,False,2,1,0
6/26/2025 5:44:41 PM,1750952681440,Left,-0.8181772,0.5596274,0.4059596,-0.4457874,0.6886788,0.0533396,-0.792031,0.5423556,0.3655614,0.1,3,0,-0.5586956,1.062901,0.1970145,-0.7879547,0.4966032,0.4490723,False,2,1,0
6/26/2025 5:44:41 PM,1750952681453,Left,-0.8254368,0.5565485,0.4089137,-0.4502652,0.6878332,0.06088972,-0.7979085,0.5393203,0.36942,0.1,3,0,-0.5631468,1.060574,0.2051681,-0.7946987,0.493602,0.4529874,False,2,1,0
6/26/2025 5:44:41 PM,1750952681481,Left,-0.8415561,0.5511584,0.4138495,-0.4591253,0.6862596,0.07581282,-0.8131081,0.5342702,0.3764639,0.1,3,0,-0.5719357,1.055725,0.2201252,-0.8110629,0.4890535,0.4603403,False,2,1,0
6/26/2025 5:44:41 PM,1750952681496,Left,-0.8505173,0.5480452,0.4162705,-0.4638793,0.6855196,0.08307791,-0.8212352,0.5313245,0.3798669,0.1,3,0,-0.5764709,1.053202,0.2275211,-0.8200949,0.4863339,0.463882,False,2,1,0
6/26/2025 5:44:41 PM,1750952681523,Left,-0.8683727,0.5406231,0.4205168,-0.4732261,0.6841355,0.09735322,-0.8376136,0.5241938,0.3859939,0.1,3,0,-0.5859969,1.047622,0.2419394,-0.8378278,0.4792315,0.4700315,False,2,1,0
6/26/2025 5:44:41 PM,1750952681537,Left,-0.8761258,0.5363894,0.4223889,-0.4776108,0.6837547,0.1041294,-0.8443342,0.5202406,0.3888486,0.1,3,0,-0.5912886,1.044254,0.2486625,-0.8455082,0.4752825,0.4728805,False,2,1,0
6/26/2025 5:44:41 PM,1750952681565,Left,-0.8909519,0.5268172,0.4260421,-0.4864836,0.6823925,0.1178222,-0.8583969,0.5113009,0.3942959,0.1,3,0,-0.6021411,1.036356,0.260971,-0.860778,0.466204,0.4782279,False,2,1,0
6/26/2025 5:44:41 PM,1750952681578,Left,-0.8986194,0.5210049,0.4274678,-0.4909558,0.681169,0.1243216,-0.8657148,0.5062706,0.3966882,0.1,3,0,-0.6077547,1.031831,0.266271,-0.8687991,0.461099,0.4805571,False,2,1,0
6/26/2025 5:44:41 PM,1750952681592,Left,-0.9062901,0.5146737,0.4285966,-0.4953117,0.6795949,0.130589,-0.8731499,0.4996845,0.3981719,0.1,3,0,-0.6133816,1.027248,0.2712739,-0.8769873,0.4541634,0.4818204,False,2,1,0
6/26/2025 5:44:41 PM,1750952681620,Left,-0.9214122,0.5013974,0.4295253,-0.5041175,0.6748614,0.1419336,-0.887727,0.4871392,0.4004872,0.1,3,0,-0.6246173,1.017552,0.2802632,-0.8933977,0.4406905,0.4835194,False,2,1,0
6/26/2025 5:44:41 PM,1750952681634,Left,-0.9283979,0.4950192,0.429625,-0.5085061,0.6725051,0.1474125,-0.8946171,0.4815236,0.4019607,0.1,3,0,-0.6301358,1.012252,0.2848911,-0.9011584,0.4345914,0.4846563,False,2,1,0
6/26/2025 5:44:41 PM,1750952681662,Left,-0.9409587,0.481585,0.4303185,-0.516675,0.6676917,0.1576648,-0.9061073,0.4693475,0.4041505,0.1,3,0,-0.641288,1.001766,0.2927345,-0.9141716,0.4212734,0.4860518,False,2,1,0
6/26/2025 5:44:41 PM,1750952681676,Left,-0.9465747,0.4746912,0.4305884,-0.5206397,0.6651708,0.1625572,-0.911653,0.4627532,0.4049662,0.1,3,0,-0.6470356,0.9964741,0.296355,-0.9200335,0.4139284,0.4863903,False,2,1,0
6/26/2025 5:44:41 PM,1750952681704,Left,-0.9580507,0.4616584,0.4302872,-0.5285952,0.6597496,0.1717219,-0.923173,0.4505157,0.4062145,0.1,3,0,-0.6588986,0.9861654,0.3029792,-0.9333159,0.4004348,0.4866695,False,2,1,0
6/26/2025 5:44:41 PM,1750952681718,Left,-0.9636595,0.4553578,0.4302022,-0.5327218,0.6569989,0.175984,-0.928591,0.4445369,0.4066522,0.1,3,0,-0.6643643,0.9808375,0.3062805,-0.939274,0.3939206,0.4867012,False,2,1,0
6/26/2025 5:44:41 PM,1750952681745,Left,-0.9734745,0.4430296,0.4302752,-0.5409837,0.651094,0.1834236,-0.9384648,0.4323808,0.4079436,0.1,3,0,-0.6751347,0.9699441,0.3131788,-0.9493747,0.3816301,0.4878768,False,2,1,0
6/26/2025 5:44:41 PM,1750952681760,Left,-0.9780562,0.4367233,0.4303572,-0.5449977,0.6480934,0.1870773,-0.9434999,0.4261927,0.4086101,0.1,3,0,-0.6804802,0.9644286,0.316774,-0.9543506,0.3753124,0.4884689,False,2,1,0
6/26/2025 5:44:41 PM,1750952681773,Left,-0.9822493,0.4299924,0.4304138,-0.5487294,0.6450568,0.1906145,-0.9482929,0.4197696,0.4092644,0.1,3,0,-0.6856923,0.9588112,0.3201394,-0.9592145,0.3686762,0.4889774,False,2,1,0
6/26/2025 5:44:41 PM,1750952681801,Left,-0.9894443,0.4166064,0.4309087,-0.5555985,0.6389309,0.1979786,-0.9555466,0.4070475,0.411013,0.1,3,0,-0.6957612,0.9477658,0.3267494,-0.9666368,0.3551635,0.4901903,False,2,1,0
6/26/2025 5:44:41 PM,1750952681815,Left,-0.9917297,0.4100695,0.4313127,-0.5587938,0.6356662,0.2015781,-0.9582369,0.4008571,0.4120266,0.1,3,0,-0.700197,0.9423087,0.3298891,-0.9690864,0.3484848,0.4909152,False,2,1,0
6/26/2025 5:44:41 PM,1750952681843,Left,-0.997227,0.3969552,0.4311043,-0.5651088,0.62854,0.2083875,-0.96451,0.3888262,0.4134712,0.1,3,0,-0.7096903,0.9314077,0.3367672,-0.9750666,0.3351236,0.4915005,False,2,1,0
6/26/2025 5:44:41 PM,1750952681857,Left,-1.000412,0.3904568,0.4310718,-0.5682988,0.6247784,0.2115099,-0.9679284,0.3826473,0.4141905,0.1,3,0,-0.7141857,0.9259982,0.3404987,-0.9788315,0.328767,0.4920495,False,2,1,0
6/26/2025 5:44:41 PM,1750952681884,Left,-1.006087,0.3762954,0.431989,-0.5745523,0.6171632,0.2177635,-0.9741381,0.3688665,0.4161614,0.1,3,0,-0.7229517,0.9147927,0.3483986,-0.9848225,0.3148256,0.4939393,False,2,1,0
6/26/2025 5:44:41 PM,1750952681899,Left,-1.008236,0.3684798,0.4329805,-0.5772314,0.6135064,0.2209517,-0.9765466,0.3615177,0.4176301,0.1,3,0,-0.7269294,0.9088937,0.3526089,-0.987114,0.3072397,0.4952587,False,2,1,0
6/26/2025 5:44:41 PM,1750952681912,Left,-1.010743,0.3610173,0.4337893,-0.5800562,0.6100368,0.224306,-0.9792508,0.3541915,0.4189553,0.1,3,0,-0.7308075,0.9028727,0.3565288,-0.989702,0.2995656,0.4963553,False,2,1,0
6/26/2025 5:44:41 PM,1750952681940,Left,-1.01544,0.3465918,0.4359679,-0.5855911,0.6029361,0.2308357,-0.9845629,0.3409575,0.4225179,0.1,3,0,-0.7377121,0.8908068,0.3640488,-0.9947411,0.2853189,0.49923,False,2,1,0
6/26/2025 5:44:41 PM,1750952681954,Left,-1.017325,0.3395187,0.4375519,-0.5881736,0.5991361,0.2340777,-0.9870245,0.3345098,0.4245812,0.1,3,0,-0.7407913,0.8843511,0.3670017,-0.9971183,0.2782743,0.5008678,False,2,1,0
6/26/2025 5:44:41 PM,1750952681981,Left,-1.020543,0.3262143,0.4400284,-0.5934873,0.591273,0.2404059,-0.9907235,0.3210679,0.4276079,0.1,3,0,-0.7462709,0.8720803,0.3731219,-1.000832,0.2647277,0.5038154,False,2,1,0
6/26/2025 5:44:41 PM,1750952681996,Left,-1.021886,0.3197753,0.44084,-0.5961924,0.5870633,0.2431476,-0.9920931,0.3147697,0.428722,0.1,3,0,-0.7484515,0.866537,0.3762823,-1.002232,0.2582118,0.504764,False,2,1,0
6/26/2025 5:44:42 PM,1750952682023,Left,-1.02304,0.3075297,0.4416956,-0.601671,0.5784893,0.2477103,-0.9938343,0.3032188,0.4308495,0.1,3,0,-0.7523174,0.8566133,0.3821898,-1.00381,0.2458141,0.5062761,False,2,1,0
6/26/2025 5:44:42 PM,1750952682038,Left,-1.023387,0.301199,0.4421225,-0.6043115,0.5746108,0.2498693,-0.994135,0.2978481,0.4320227,0.1,3,0,-0.7545266,0.851878,0.3856291,-1.003759,0.2398017,0.5070025,False,3,1,0
6/26/2025 5:44:42 PM,1750952682051,Left,-1.023022,0.2946246,0.4427543,-0.6066647,0.5714286,0.251877,-0.9948829,0.2920747,0.4332581,0.1,3,0,-0.7565193,0.8475577,0.3894328,-1.003874,0.2335753,0.5079639,False,3,1,0
6/26/2025 5:44:42 PM,1750952682079,Left,-1.024551,0.2818577,0.44408,-0.6110544,0.5657561,0.2565645,-0.9967209,0.2801527,0.4356522,0.1,3,0,-0.7603335,0.8390318,0.3974926,-1.005323,0.2205614,0.5095363,False,3,1,0
6/26/2025 5:44:42 PM,1750952682093,Left,-1.026123,0.2768129,0.4442089,-0.6130338,0.5637208,0.2588228,-0.9983506,0.2752239,0.4368337,0.1,3,0,-0.7624416,0.8350437,0.4012357,-1.006953,0.2156326,0.5107178,False,3,1,0
6/26/2025 5:44:42 PM,1750952682121,Left,-1.028241,0.2679187,0.4451271,-0.6174812,0.559305,0.2625508,-1.001091,0.2672715,0.4388669,0.1,3,0,-0.7660291,0.8271493,0.4077742,-1.010107,0.2076634,0.512688,False,3,1,0
6/26/2025 5:44:42 PM,1750952682135,Left,-1.029155,0.2637616,0.4457499,-0.6198082,0.5571897,0.2639844,-1.001733,0.2630888,0.4397241,0.1,3,0,-0.7674217,0.8236876,0.4102898,-1.010955,0.2033406,0.5134065,False,3,1,0
6/26/2025 5:44:42 PM,1750952682162,Left,-1.030584,0.2566482,0.4468763,-0.6241171,0.5528708,0.2669845,-1.003701,0.2559311,0.4414809,0.1,3,0,-0.7700183,0.8175067,0.4140191,-1.013313,0.196224,0.5151469,False,3,1,0
6/26/2025 5:44:42 PM,1750952682176,Left,-1.030819,0.253477,0.4477626,-0.6259246,0.5506367,0.2686116,-1.003807,0.2533458,0.4425966,0.1,3,0,-0.7712486,0.814931,0.4157045,-1.013418,0.1936388,0.5162625,False,3,1,0
6/26/2025 5:44:42 PM,1750952682204,Left,-1.03128,0.2470194,0.4495724,-0.6294863,0.5461766,0.2716312,-1.004215,0.2476079,0.4448766,0.1,3,0,-0.7735255,0.8102502,0.4193895,-1.013755,0.1880931,0.5187071,False,3,1,0
6/26/2025 5:44:42 PM,1750952682217,Left,-1.03096,0.2433926,0.4505169,-0.6310229,0.5441605,0.272941,-1.004327,0.244174,0.4458742,0.1,3,0,-0.774982,0.8082848,0.4216973,-1.013556,0.1846026,0.5196986,False,3,1,0
6/26/2025 5:44:42 PM,1750952682245,Left,-1.030517,0.2364299,0.4520395,-0.6339707,0.5415573,0.2750475,-1.004105,0.2372956,0.4474851,0.1,3,0,-0.7779839,0.8040693,0.4264786,-1.013349,0.1775427,0.5211608,False,3,1,0
6/26/2025 5:44:42 PM,1750952682259,Left,-1.030054,0.2335218,0.4533395,-0.6353986,0.5406629,0.2762494,-1.003474,0.2346027,0.448977,0.1,3,0,-0.7794642,0.8024113,0.4288049,-1.012481,0.17468,0.5225442,False,3,1,0
6/26/2025 5:44:42 PM,1750952682273,Left,-1.029954,0.2311284,0.4546911,-0.6367214,0.5400346,0.2775127,-1.003423,0.2330231,0.4508104,0.1,3,0,-0.7806857,0.8010357,0.4308439,-1.01211,0.1729534,0.5242962,False,3,1,0
6/26/2025 5:44:42 PM,1750952682300,Left,-1.030998,0.2300255,0.4584466,-0.6370082,0.5404741,0.2783574,-1.005415,0.2324817,0.4550056,0.1,3,0,-0.7827868,0.799234,0.4340671,-1.013036,0.1724787,0.5286639,False,3,1,0
6/26/2025 5:44:42 PM,1750952682314,Left,-1.032417,0.2309854,0.4603525,-0.6377146,0.5399364,0.2792181,-1.007467,0.2328829,0.4564782,0.1,3,0,-0.7834821,0.7988299,0.4347966,-1.014793,0.1735278,0.5306892,False,3,1,0
6/26/2025 5:44:42 PM,1750952682343,Left,-1.03498,0.2313659,0.462779,-0.6400604,0.5381286,0.2818546,-1.00981,0.2331311,0.4585896,0.1,3,0,-0.7850895,0.798799,0.4356066,-1.018028,0.1742032,0.5330473,False,3,1,0
6/26/2025 5:44:42 PM,1750952682356,Left,-1.035838,0.2309806,0.4631548,-0.6414855,0.5369814,0.2836014,-1.010729,0.2328421,0.4589951,0.1,3,0,-0.7863426,0.7987345,0.4361842,-1.019347,0.1735521,0.5331194,False,3,1,0
6/26/2025 5:44:42 PM,1750952682384,Left,-1.035495,0.2296385,0.4636432,-0.6439602,0.535772,0.2862282,-1.010904,0.2315626,0.4594829,0.1,3,0,-0.789705,0.7988186,0.4380488,-1.019263,0.1713715,0.5329074,False,3,1,0
6/26/2025 5:44:42 PM,1750952682398,Left,-1.035019,0.2294967,0.4639411,-0.6449099,0.5361869,0.2863812,-1.010875,0.231532,0.4600884,0.1,3,0,-0.7909853,0.7993008,0.4391555,-1.019005,0.1709976,0.5332559,False,3,1,0
6/26/2025 5:44:42 PM,1750952682412,Left,-1.035027,0.2298249,0.4646251,-0.6457002,0.5367343,0.2864647,-1.011013,0.2324767,0.4609075,0.1,3,0,-0.791893,0.8003803,0.4399807,-1.018735,0.1717913,0.5339941,False,3,1,0
6/26/2025 5:44:42 PM,1750952682440,Left,-1.035647,0.2326961,0.4669037,-0.6480949,0.5382747,0.2872734,-1.01215,0.2353766,0.4630652,0.1,3,0,-0.7929051,0.8030078,0.4414482,-1.018917,0.174662,0.536222,False,3,1,0
6/26/2025 5:44:42 PM,1750952682454,Left,-1.036756,0.2364511,0.4678584,-0.6493738,0.5398939,0.2878988,-1.012553,0.2376257,0.4635554,0.1,3,0,-0.7930112,0.8051829,0.4415011,-1.01988,0.1773065,0.5369849,False,3,1,0
6/26/2025 5:44:42 PM,1750952682481,Left,-1.038156,0.2463731,0.4686315,-0.6520526,0.5441254,0.2896193,-1.014039,0.245382,0.4646148,0.1,3,0,-0.7925181,0.8106563,0.441698,-1.022298,0.185764,0.5385165,False,3,1,0
6/26/2025 5:44:42 PM,1750952682495,Left,-1.037763,0.2521846,0.4689527,-0.6527503,0.5458996,0.2901742,-1.013893,0.2505478,0.4650706,0.1,3,0,-0.7920966,0.81419,0.4423274,-1.022453,0.1912767,0.5392168,False,3,1,0
6/26/2025 5:44:42 PM,1750952682523,Left,-1.034488,0.2640075,0.4707712,-0.6558416,0.5542223,0.2927951,-1.010415,0.2626452,0.4665789,0.1,3,0,-0.7916515,0.8227667,0.4440432,-1.018414,0.2048464,0.5419399,False,3,1,0
6/26/2025 5:44:42 PM,1750952682536,Left,-1.031942,0.2708654,0.4724184,-0.6565068,0.5579352,0.2936603,-1.008556,0.269602,0.4682721,0.1,3,0,-0.7911081,0.8283223,0.4455278,-1.015136,0.2120318,0.5439449,False,3,1,0
6/26/2025 5:44:42 PM,1750952682565,Left,-1.028098,0.2848545,0.4764607,-0.6580265,0.5658939,0.2953476,-1.005468,0.2827709,0.472073,0.1,3,0,-0.7902856,0.8406253,0.4491622,-1.010606,0.2256936,0.5482292,False,3,1,0
6/26/2025 5:44:42 PM,1750952682578,Left,-1.026907,0.2920591,0.4786022,-0.6589706,0.5701125,0.2962269,-1.004265,0.290174,0.4743046,0.1,3,0,-0.7897456,0.8473238,0.4509418,-1.008901,0.2334935,0.5507887,False,3,1,0
6/26/2025 5:44:42 PM,1750952682592,Left,-1.025906,0.2999808,0.4811157,-0.6600175,0.5750973,0.2971452,-1.003319,0.2973429,0.476547,0.1,3,0,-0.7886612,0.8545666,0.4529595,-1.007527,0.2409749,0.5532863,False,3,1,0
6/26/2025 5:44:42 PM,1750952682620,Left,-1.022959,0.3174761,0.4874427,-0.6617281,0.5860556,0.2993505,-0.9993513,0.314998,0.4826894,0.1,3,0,-0.7850556,0.8700165,0.4565476,-1.002567,0.2592123,0.5599008,False,3,1,0
6/26/2025 5:44:42 PM,1750952682634,Left,-1.0215,0.3264508,0.4908832,-0.6623261,0.5918531,0.3005724,-0.9976859,0.3234015,0.4855257,0.1,3,0,-0.7827823,0.8782328,0.4580858,-1.000145,0.2679135,0.562979,False,3,1,0
6/26/2025 5:44:42 PM,1750952682662,Left,-1.017189,0.3464329,0.4995377,-0.6634777,0.6054224,0.3030014,-0.9929968,0.3415676,0.4925457,0.1,3,0,-0.7784157,0.895771,0.4610162,-0.9939443,0.286513,0.5703408,False,3,1,0
6/26/2025 5:44:42 PM,1750952682676,Left,-1.016088,0.3561542,0.5034491,-0.6641421,0.6123493,0.3041511,-0.9907266,0.3516437,0.4963242,0.1,3,0,-0.7761452,0.9048088,0.462005,-0.990877,0.2969361,0.5743693,False,3,1,0
6/26/2025 5:44:42 PM,1750952682703,Left,-1.016216,0.3750444,0.5107274,-0.665422,0.6272741,0.3064977,-0.9912698,0.3714747,0.5025548,0.1,3,0,-0.7725873,0.9241183,0.4624635,-0.9889757,0.3178907,0.5813422,False,3,1,0
6/26/2025 5:44:42 PM,1750952682717,Left,-1.016871,0.3841088,0.5143217,-0.6659808,0.6352201,0.3074853,-0.9923236,0.3805004,0.5051306,0.1,3,0,-0.771383,0.9337564,0.4622875,-0.9897993,0.3273458,0.5842015,False,3,1,0
6/26/2025 5:44:42 PM,1750952682745,Left,-1.014758,0.4027975,0.5228267,-0.6664596,0.6522423,0.3098066,-0.9896395,0.3995313,0.5121213,0.1,3,0,-0.7679212,0.9543986,0.4638083,-0.9864052,0.3462297,0.5910672,False,3,1,0
6/26/2025 5:44:42 PM,1750952682759,Left,-1.012673,0.4124298,0.5273416,-0.6665676,0.6610061,0.3110696,-0.986827,0.4096672,0.5160464,0.1,3,0,-0.7655773,0.9650623,0.4654282,-0.9832727,0.3564039,0.5950044,False,3,1,0
6/26/2025 5:44:42 PM,1750952682773,Left,-1.010618,0.4223999,0.5318046,-0.6665521,0.6701294,0.3122092,-0.983847,0.420228,0.5201584,0.1,3,0,-0.7631497,0.97584,0.4671718,-0.9799492,0.3670592,0.5991638,False,3,1,0
6/26/2025 5:44:42 PM,1750952682800,Left,-1.007888,0.4428976,0.5405028,-0.6663713,0.6882891,0.3133883,-0.9800789,0.4414155,0.5273659,0.1,3,0,-0.7580006,0.9980001,0.4681526,-0.975331,0.388697,0.6066262,False,3,1,0
6/26/2025 5:44:42 PM,1750952682814,Left,-1.007229,0.4527498,0.5446291,-0.6662343,0.6969131,0.3132917,-0.9798273,0.4516638,0.530722,0.1,3,0,-0.7545986,1.009274,0.4681482,-0.9738296,0.3991683,0.6100456,False,3,1,0
6/26/2025 5:44:42 PM,1750952682841,Left,-1.004495,0.4718974,0.55265,-0.665868,0.7135115,0.3120441,-0.9779162,0.4710866,0.5369248,0.1,3,0,-0.7470822,1.030665,0.4676477,-0.969537,0.418768,0.6161494,False,3,1,0
6/26/2025 5:44:42 PM,1750952682856,Left,-1.001934,0.4819185,0.5567584,-0.6654592,0.721643,0.3114589,-0.9759523,0.4793594,0.5395089,0.1,3,0,-0.7435284,1.040961,0.4666489,-0.9668384,0.4268877,0.6185509,False,3,1,0
6/26/2025 5:44:42 PM,1750952682883,Left,-0.9962497,0.503149,0.5644677,-0.6640902,0.7377684,0.3100609,-0.9694703,0.499697,0.5448247,0.1,3,0,-0.7354736,1.060575,0.4625003,-0.9587519,0.447327,0.6237327,False,3,1,0
6/26/2025 5:44:42 PM,1750952682897,Left,-0.9951227,0.5132837,0.568051,-0.6630268,0.7462063,0.3089898,-0.967298,0.5108672,0.5472844,0.1,3,0,-0.7311566,1.070495,0.4591764,-0.9555362,0.4591226,0.6264559,False,3,1,0
6/26/2025 5:44:42 PM,1750952682912,Left,-0.9936006,0.522968,0.5716707,-0.6621392,0.7546892,0.3080902,-0.9647391,0.5217595,0.5498841,0.1,3,0,-0.7265904,1.080441,0.4567195,-0.9522101,0.4698219,0.6288113,False,3,1,0
6/26/2025 5:44:42 PM,1750952682939,Left,-0.9884841,0.5427828,0.578638,-0.6601818,0.7716088,0.305778,-0.9579132,0.5411906,0.5544047,0.1,3,0,-0.7182229,1.099713,0.4531341,-0.9447861,0.489123,0.6331488,False,3,1,0
6/26/2025 5:44:42 PM,1750952682953,Left,-0.985425,0.553139,0.5817007,-0.6590931,0.7801188,0.304363,-0.9541013,0.5514516,0.5565305,0.1,3,0,-0.7141616,1.109377,0.4512546,-0.9409233,0.4994431,0.635305,False,3,1,0
6/26/2025 5:44:42 PM,1750952682981,Left,-0.9795654,0.5735935,0.5871938,-0.6568718,0.796904,0.3010968,-0.9472779,0.5725792,0.5603136,0.1,3,0,-0.7058771,1.129693,0.4468756,-0.9330749,0.5207674,0.6390396,False,3,1,0
6/26/2025 5:44:42 PM,1750952682995,Left,-0.9764838,0.5824878,0.5895156,-0.6557968,0.8050466,0.2990488,-0.9440176,0.5821128,0.5618855,0.1,3,0,-0.7020459,1.140795,0.4458064,-0.9290658,0.5304335,0.64056,False,3,1,0
6/26/2025 5:44:43 PM,1750952683023,Left,-0.9689736,0.5993682,0.5937313,-0.6532013,0.8203873,0.2941897,-0.9360484,0.599768,0.5646583,0.1,3,0,-0.6935308,1.161522,0.4445972,-0.9193734,0.5482434,0.6430876,False,3,1,0
6/26/2025 5:44:43 PM,1750952683037,Left,-0.9645863,0.6072063,0.5953892,-0.6514728,0.8271099,0.2914085,-0.93181,0.6084723,0.565818,0.1,3,0,-0.6886973,1.171348,0.4425597,-0.9140367,0.5569834,0.644029,False,3,1,0
6/26/2025 5:44:43 PM,1750952683064,Left,-0.955981,0.6235275,0.598323,-0.6482086,0.8400971,0.2862977,-0.9226609,0.6256102,0.5662559,0.1,3,0,-0.6800866,1.191572,0.4355259,-0.9022363,0.5741333,0.6438249,False,3,1,0
6/26/2025 5:44:43 PM,1750952683078,Left,-0.9516065,0.630984,0.5992966,-0.6466193,0.8459393,0.2832458,-0.9182594,0.6335014,0.5659035,0.1,3,0,-0.6760268,1.200686,0.4304868,-0.8965504,0.5820757,0.6431569,False,3,1,0
6/26/2025 5:44:43 PM,1750952683092,Left,-0.9477656,0.6381707,0.6003281,-0.644819,0.8519639,0.2800702,-0.9149723,0.6411986,0.5658364,0.1,3,0,-0.672086,1.209898,0.425711,-0.8916901,0.5897582,0.6426206,False,3,1,0
6/26/2025 5:44:43 PM,1750952683120,Left,-0.940851,0.6514846,0.6018871,-0.6404443,0.86415,0.2739563,-0.9101429,0.6558636,0.5658083,0.1,3,0,-0.6649091,1.227858,0.4161003,-0.8837593,0.6040912,0.6413563,False,3,1,0
6/26/2025 5:44:43 PM,1750952683134,Left,-0.9373918,0.6576133,0.6021069,-0.638195,0.8701717,0.2710623,-0.9070066,0.6631591,0.5653573,0.1,3,0,-0.6621583,1.23732,0.4120606,-0.8799299,0.6114746,0.64072,False,3,1,0
6/26/2025 5:44:43 PM,1750952683161,Left,-0.9310775,0.6690519,0.6025194,-0.633358,0.8823581,0.2652773,-0.8998662,0.676979,0.5640779,0.1,3,0,-0.6561348,1.25548,0.4043725,-0.8723235,0.6252779,0.6392602,False,3,1,0
6/26/2025 5:44:43 PM,1750952683175,Left,-0.9278517,0.674735,0.6026371,-0.6309617,0.8883364,0.2623742,-0.8968166,0.6834695,0.5633847,0.1,3,0,-0.6531799,1.264355,0.4008172,-0.8688259,0.6318751,0.6384747,False,3,1,0
6/26/2025 5:44:43 PM,1750952683203,Left,-0.9206808,0.6839095,0.6012098,-0.6257899,0.8993503,0.2564946,-0.8903235,0.6950042,0.5607343,0.1,3,0,-0.6482112,1.280541,0.392272,-0.8612353,0.6436449,0.635568,False,3,1,0
6/26/2025 5:44:43 PM,1750952683217,Left,-0.9168501,0.688467,0.6005731,-0.6234195,0.9048783,0.253605,-0.8867511,0.6999453,0.5588945,0.1,3,0,-0.6462746,1.288607,0.3879101,-0.8571686,0.6485177,0.6334871,False,3,1,0
6/26/2025 5:44:43 PM,1750952683245,Left,-0.9082756,0.6957609,0.5975273,-0.6186323,0.9151675,0.247152,-0.87912,0.7092242,0.5544462,0.1,3,0,-0.6427803,1.303541,0.3788439,-0.8485092,0.6571332,0.6281583,False,3,1,0
6/26/2025 5:44:43 PM,1750952683259,Left,-0.9045177,0.6998429,0.5961015,-0.6166368,0.9198579,0.2441597,-0.875993,0.7141588,0.5522276,0.1,3,0,-0.6413863,1.310809,0.3739067,-0.8447047,0.6615779,0.6253048,False,3,1,0
6/26/2025 5:44:43 PM,1750952683273,Left,-0.9008656,0.704336,0.5947943,-0.6146996,0.9245886,0.2412238,-0.8732372,0.7197654,0.5506451,0.1,3,0,-0.640013,1.317811,0.3689774,-0.8410318,0.6667084,0.6229758,False,3,1,0
6/26/2025 5:44:43 PM,1750952683300,Left,-0.8935719,0.7136948,0.5924408,-0.6110578,0.9337736,0.2353283,-0.8668072,0.7302788,0.5467997,0.1,3,0,-0.6372881,1.330759,0.3590084,-0.8340322,0.6769764,0.6186929,False,3,1,0
6/26/2025 5:44:43 PM,1750952683314,Left,-0.8896599,0.71804,0.591534,-0.6094055,0.9382386,0.2323902,-0.8633548,0.7347347,0.5448655,0.1,3,0,-0.6362214,1.336543,0.3544291,-0.8304805,0.6813289,0.6166366,False,3,1,0
6/26/2025 5:44:43 PM,1750952683342,Left,-0.8812013,0.7267168,0.5901423,-0.6063902,0.9476236,0.2264558,-0.855774,0.7439737,0.5417535,0.1,3,0,-0.63413,1.347942,0.3464185,-0.8223909,0.6901043,0.6129408,False,3,1,0
6/26/2025 5:44:43 PM,1750952683356,Left,-0.8766017,0.7319422,0.5894308,-0.6051145,0.9523469,0.2236551,-0.8518459,0.7498262,0.5409129,0.1,3,0,-0.633112,1.353326,0.3430007,-0.8177226,0.6958853,0.6116939,False,3,1,0
6/26/2025 5:44:43 PM,1750952683384,Left,-0.8676102,0.7435103,0.5880419,-0.6032414,0.9613884,0.2179512,-0.844524,0.7613127,0.5388808,0.1,3,0,-0.630569,1.363194,0.3358991,-0.8089256,0.7083017,0.6096379,False,3,1,0
6/26/2025 5:44:43 PM,1750952683398,Left,-0.8636904,0.749427,0.5876231,-0.6021066,0.9654323,0.2150762,-0.8413471,0.7665801,0.5376954,0.1,3,0,-0.6299829,1.367615,0.3319269,-0.805104,0.7143154,0.60868,False,3,1,0
6/26/2025 5:44:43 PM,1750952683426,Left,-0.8558459,0.7597937,0.5865649,-0.5989816,0.973576,0.2096868,-0.8352933,0.7761632,0.535338,0.1,3,0,-0.6295142,1.375987,0.324541,-0.7986646,0.7247957,0.6067782,False,3,1,0
6/26/2025 5:44:43 PM,1750952683440,Left,-0.8514731,0.764212,0.5855963,-0.5971742,0.9772363,0.2072552,-0.8317994,0.7803494,0.5337656,0.1,3,0,-0.6294456,1.379947,0.3209544,-0.7951034,0.728967,0.6051605,False,3,1,0
6/26/2025 5:44:43 PM,1750952683453,Left,-0.8471448,0.7688807,0.5844238,-0.5955298,0.9809196,0.2045826,-0.8280029,0.7847543,0.5319542,0.1,3,0,-0.6286337,1.384177,0.3174119,-0.7911451,0.7332686,0.6031912,False,3,1,0
6/26/2025 5:44:43 PM,1750952683481,Left,-0.8382597,0.7790254,0.5817939,-0.5926881,0.9871576,0.1987876,-0.8200679,0.7946755,0.5284771,0.1,3,0,-0.6269772,1.392148,0.3103248,-0.7826874,0.7432474,0.599483,False,3,1,0
6/26/2025 5:44:43 PM,1750952683494,Left,-0.8336396,0.7847739,0.5804207,-0.5914326,0.990227,0.195847,-0.8161204,0.8,0.5267894,0.1,3,0,-0.6261432,1.395863,0.306963,-0.7783448,0.7487558,0.5977191,False,3,1,0
6/26/2025 5:44:43 PM,1750952683523,Left,-0.8246479,0.7969726,0.5779296,-0.5891302,0.9954511,0.1899399,-0.8089778,0.8105892,0.5235823,0.1,3,0,-0.6247962,1.402971,0.3003783,-0.7699316,0.7599911,0.5942875,False,3,1,0
6/26/2025 5:44:43 PM,1750952683537,Left,-0.8202789,0.8032477,0.5768712,-0.5879529,0.9978712,0.1867944,-0.8056219,0.8157871,0.5221354,0.1,3,0,-0.6239872,1.406184,0.2971191,-0.7657942,0.7658772,0.5928937,False,3,1,0
6/26/2025 5:44:43 PM,1750952683564,Left,-0.8110187,0.8147361,0.5748032,-0.5859113,1.00235,0.1806778,-0.7979701,0.8250462,0.5188011,0.1,3,0,-0.6223164,1.412031,0.2903932,-0.7575785,0.7748382,0.5890268,False,3,1,0
6/26/2025 5:44:43 PM,1750952683578,Left,-0.806478,0.8218813,0.5735385,-0.5851409,1.004513,0.1775453,-0.7945251,0.8304941,0.5175322,0.1,3,0,-0.6219988,1.414526,0.2867737,-0.7538708,0.7804775,0.5877429,False,3,1,0
6/26/2025 5:44:43 PM,1750952683592,Left,-0.8020639,0.8290451,0.5723029,-0.5842526,1.006806,0.1743541,-0.7908707,0.8367356,0.5158569,0.1,3,0,-0.6219187,1.417406,0.2830073,-0.7496635,0.7873449,0.5861883,False,3,1,0
6/26/2025 5:44:43 PM,1750952683620,Left,-0.7934678,0.8427066,0.5696446,-0.5828695,1.011241,0.167703,-0.7835231,0.8484997,0.5119354,0.1,3,0,-0.6207128,1.423131,0.2750409,-0.740868,0.8005664,0.5824118,False,3,1,0
6/26/2025 5:44:43 PM,1750952683634,Left,-0.7896304,0.8483039,0.5684571,-0.5825233,1.013416,0.1643521,-0.7799937,0.8531467,0.5100044,0.1,3,0,-0.6196916,1.42585,0.2712109,-0.7373385,0.8052134,0.5804808,False,3,1,0
6/26/2025 5:44:43 PM,1750952683661,Left,-0.7818174,0.8577147,0.5658092,-0.5815477,1.017196,0.1575663,-0.7732597,0.859789,0.5055429,0.1,3,0,-0.6179714,1.430783,0.2635573,-0.7303666,0.811497,0.5756289,False,3,1,0
6/26/2025 5:44:43 PM,1750952683675,Left,-0.7774885,0.8637309,0.5641266,-0.5812509,1.018932,0.153988,-0.7697623,0.8647146,0.5038397,0.1,3,0,-0.6170549,1.433752,0.2595251,-0.726341,0.8163274,0.5735337,False,3,1,0
6/26/2025 5:44:43 PM,1750952683703,Left,-0.7688382,0.8762035,0.5609477,-0.5809178,1.02242,0.1466591,-0.7620121,0.8771071,0.4999669,0.1,3,0,-0.6151938,1.439145,0.2508303,-0.7172138,0.8291814,0.569106,False,3,1,0
6/26/2025 5:44:43 PM,1750952683717,Left,-0.7644293,0.8817813,0.5595878,-0.5807862,1.024211,0.1427585,-0.7587677,0.8814073,0.498009,0.1,3,0,-0.6146848,1.441379,0.246459,-0.713366,0.8336506,0.5668708,False,3,1,0
6/26/2025 5:44:43 PM,1750952683744,Left,-0.7549682,0.8928192,0.5564313,-0.5804567,1.027842,0.1345177,-0.7517233,0.8900906,0.4939529,0.1,3,0,-0.6145408,1.445005,0.23751,-0.7052502,0.8425722,0.5622627,False,3,1,0
6/26/2025 5:44:43 PM,1750952683759,Left,-0.7499716,0.8982372,0.55481,-0.5801435,1.029637,0.1304463,-0.747745,0.8944576,0.4917303,0.1,3,0,-0.61461,1.447136,0.2329928,-0.7004229,0.8472548,0.559675,False,3,1,0
6/26/2025 5:44:43 PM,1750952683772,Left,-0.7448003,0.9031702,0.5532416,-0.5797822,1.031328,0.1262861,-0.7433674,0.8984933,0.4893329,0.1,3,0,-0.6145248,1.449275,0.228279,-0.6951784,0.8516933,0.5569463,False,3,1,0
6/26/2025 5:44:43 PM,1750952683800,Left,-0.7341814,0.913062,0.550005,-0.5791426,1.033937,0.117887,-0.7349058,0.9066885,0.4850193,0.1,3,0,-0.6138532,1.453367,0.2189063,-0.6850397,0.8602603,0.5516659,False,3,1,0
6/26/2025 5:44:43 PM,1750952683814,Left,-0.728708,0.9183338,0.5482427,-0.578835,1.034854,0.1136214,-0.730468,0.9109119,0.4826612,0.1,3,0,-0.6136477,1.455149,0.2143391,-0.6802434,0.8649433,0.5493574,False,3,1,0
6/26/2025 5:44:43 PM,1750952683842,Left,-0.7181211,0.9285982,0.5450265,-0.5780251,1.035571,0.1054466,-0.7219495,0.9192311,0.4781491,0.1,3,0,-0.6131537,1.458866,0.2044164,-0.6710251,0.8742783,0.5450067,False,3,1,0
6/26/2025 5:44:43 PM,1750952683856,Left,-0.7127717,0.933061,0.5432521,-0.5772955,1.035816,0.1013993,-0.7174796,0.9227785,0.4755629,0.1,3,0,-0.6128924,1.460435,0.1991462,-0.6661239,0.8779984,0.542206,False,3,1,0
6/26/2025 5:44:43 PM,1750952683884,Left,-0.7020459,0.9399276,0.5391064,-0.575129,1.035999,0.09355021,-0.7083031,0.9282104,0.4695946,0.1,3,0,-0.6121843,1.463541,0.1887678,-0.6563936,0.8830599,0.5355553,False,3,1,0
6/26/2025 5:44:43 PM,1750952683898,Left,-0.69642,0.9430425,0.5365999,-0.5737743,1.036091,0.08976734,-0.7033067,0.9308739,0.4662065,0.1,3,0,-0.6116488,1.465318,0.1836641,-0.6510066,0.8855959,0.5317701,False,3,1,0
6/26/2025 5:44:43 PM,1750952683925,Left,-0.685611,0.9507483,0.5310801,-0.5714262,1.036231,0.0826292,-0.6946003,0.9380583,0.4604037,0.1,3,0,-0.6110435,1.468694,0.173371,-0.6415229,0.8928344,0.5253773,False,3,1,0
6/26/2025 5:44:43 PM,1750952683939,Left,-0.6802208,0.954486,0.528142,-0.5702741,1.036384,0.07913649,-0.6901582,0.9411641,0.4568477,0.1,3,0,-0.6106901,1.470467,0.1682348,-0.636788,0.8961015,0.5216933,False,3,1,0
6/26/2025 5:44:43 PM,1750952683953,Left,-0.6748753,0.9578065,0.5248889,-0.5687985,1.036624,0.07576084,-0.6858362,0.9438286,0.4531775,0.1,3,0,-0.6104536,1.472031,0.1633912,-0.6319869,0.898881,0.517706,False,3,1,0
6/26/2025 5:44:43 PM,1750952683980,Left,-0.664573,0.9634474,0.5180688,-0.5654366,1.037442,0.06912458,-0.6778972,0.9483745,0.445811,0.1,3,0,-0.6101515,1.475327,0.1537876,-0.6227722,0.9031882,0.5090835,False,3,1,0
6/26/2025 5:44:43 PM,1750952683995,Left,-0.6595786,0.9661801,0.5144972,-0.5638945,1.037724,0.06589675,-0.6741402,0.9508958,0.4421953,0.1,3,0,-0.6099102,1.477142,0.1485136,-0.6183161,0.9052856,0.504544,False,3,1,0
6/26/2025 5:44:44 PM,1750952684023,Left,-0.6505005,0.9717366,0.5079889,-0.5615401,1.038273,0.05950165,-0.666841,0.9557342,0.4346826,0.1,3,0,-0.6094398,1.480882,0.1373092,-0.6103143,0.9098684,0.4962052,False,3,1,0
6/26/2025 5:44:44 PM,1750952684037,Left,-0.6457901,0.974853,0.5047694,-0.5610497,1.038545,0.05633163,-0.6634294,0.9585033,0.4313438,0.1,3,0,-0.60941,1.482721,0.1316309,-0.606606,0.9124121,0.4924231,False,3,1,0
6/26/2025 5:44:44 PM,1750952684064,Left,-0.6345291,0.9821882,0.4972768,-0.5604072,1.039937,0.04928124,-0.6543909,0.9649895,0.4233703,0.1,3,0,-0.6091659,1.486054,0.1201563,-0.5975533,0.9189211,0.4844536,False,3,1,0
6/26/2025 5:44:44 PM,1750952684078,Left,-0.6283965,0.9855244,0.4932517,-0.5595262,1.041184,0.04542387,-0.6489872,0.9677848,0.4184099,0.1,3,0,-0.608937,1.487965,0.1143376,-0.5921385,0.9217202,0.4794858,False,3,1,0
6/26/2025 5:44:44 PM,1750952684092,Left,-0.6221504,0.9888966,0.4890722,-0.558378,1.042457,0.04160762,-0.6437889,0.9707003,0.4136349,0.1,3,0,-0.6086781,1.490145,0.1083577,-0.5869192,0.9246436,0.4746971,False,3,1,0
6/26/2025 5:44:44 PM,1750952684120,Left,-0.6103683,0.9952021,0.4803559,-0.5552409,1.044593,0.03340852,-0.6332841,0.9761527,0.4031395,0.1,3,0,-0.6082511,1.494349,0.09647989,-0.5757744,0.9299697,0.463503,False,3,1,0
6/26/2025 5:44:44 PM,1750952684134,Left,-0.604912,0.9986377,0.4761103,-0.5537133,1.045374,0.02893245,-0.6293563,0.9793671,0.399056,0.1,3,0,-0.6084001,1.496438,0.09044921,-0.5710685,0.9330513,0.4585654,False,3,1,0
6/26/2025 5:44:44 PM,1750952684161,Left,-0.5942483,1.006305,0.4678614,-0.5505514,1.046547,0.01941383,-0.6218183,0.9861963,0.3911035,0.1,3,0,-0.6086047,1.50057,0.07805812,-0.5629059,0.9400902,0.4501589,False,3,1,0
6/26/2025 5:44:44 PM,1750952684175,Left,-0.5883033,1.009718,0.4636477,-0.5491662,1.047395,0.01426852,-0.6176775,0.988619,0.3869061,0.1,3,0,-0.6083717,1.50301,0.07173359,-0.558764,0.942479,0.4459339,False,3,1,0
6/26/2025 5:44:44 PM,1750952684203,Left,-0.5750947,1.015691,0.454706,-0.5462193,1.049618,0.003661871,-0.6061503,0.9940355,0.3760931,0.1,3,0,-0.6071398,1.506867,0.05883968,-0.5468827,0.9477426,0.4346448,False,3,1,0
6/26/2025 5:44:44 PM,1750952684217,Left,-0.5690756,1.018141,0.4508789,-0.5448132,1.050647,-0.001578927,-0.5999953,0.9961084,0.3704437,0.1,3,0,-0.6062806,1.508544,0.0522784,-0.5404032,0.9496117,0.4285026,False,3,1,0
6/26/2025 5:44:44 PM,1750952684245,Left,-0.5586464,1.022552,0.4452425,-0.5424469,1.052394,-0.01255596,-0.5920762,1.000543,0.3646856,0.1,3,0,-0.604085,1.511108,0.03911316,-0.5323375,0.9530597,0.421787,False,3,1,0
6/26/2025 5:44:44 PM,1750952684259,Left,-0.55229,1.024368,0.4414442,-0.5414872,1.053294,-0.01838803,-0.5882417,1.002126,0.3618398,0.1,3,0,-0.6024303,1.512262,0.03248549,-0.52848,0.9538665,0.4182624,False,3,1,0
6/26/2025 5:44:44 PM,1750952684273,Left,-0.5455766,1.026414,0.4374374,-0.5405085,1.054238,-0.02424347,-0.5834786,1.003562,0.3581514,0.1,3,0,-0.6005383,1.51342,0.02597117,-0.5235221,0.9550104,0.4141149,False,3,1,0
6/26/2025 5:44:44 PM,1750952684300,Left,-0.5317714,1.029782,0.4301507,-0.5384359,1.055972,-0.0368669,-0.5720861,1.00624,0.3496734,0.1,3,0,-0.5965247,1.514857,0.01282036,-0.5113192,0.9574527,0.4045474,False,3,1,0
6/26/2025 5:44:44 PM,1750952684314,Left,-0.5252416,1.031295,0.427184,-0.5369744,1.056342,-0.04336214,-0.5643202,1.00774,0.34413,0.1,3,0,-0.5941763,1.515895,0.005999684,-0.5033302,0.9589007,0.3987091,False,3,1,0
6/26/2025 5:44:44 PM,1750952684341,Left,-0.5124979,1.036368,0.4221563,-0.532711,1.056119,-0.05677593,-0.553041,1.012124,0.3380293,0.1,3,0,-0.5884726,1.516727,-0.007453203,-0.4921201,0.9633004,0.3926997,False,3,1,0
6/26/2025 5:44:44 PM,1750952684356,Left,-0.5057693,1.039056,0.4193501,-0.5300698,1.055847,-0.063676,-0.5466833,1.014324,0.3344964,0.1,3,0,-0.5850124,1.517256,-0.01355803,-0.486083,0.9655768,0.3895902,False,3,1,0
6/26/2025 5:44:44 PM,1750952684383,Left,-0.493453,1.045325,0.4138796,-0.5235629,1.054939,-0.0787046,-0.5339504,1.020068,0.3279027,0.1,3,0,-0.5753496,1.518722,-0.02359855,-0.4733899,0.9717449,0.3834117,False,3,1,0
6/26/2025 5:44:44 PM,1750952684398,Left,-0.4887333,1.047686,0.4105514,-0.5198157,1.053805,-0.08629239,-0.5293957,1.021777,0.3240075,0.1,3,0,-0.5714772,1.518982,-0.03063285,-0.4686435,0.9738275,0.3796317,False,3,1,0
6/26/2025 5:44:44 PM,1750952684411,Left,-0.4828024,1.048995,0.4072305,-0.516355,1.052572,-0.09400129,-0.5245635,1.022162,0.3196038,0.1,3,0,-0.5683141,1.519216,-0.03804505,-0.4637353,0.9744142,0.3753178,False,3,1,0
6/26/2025 5:44:44 PM,1750952684438,Left,-0.4667499,1.052723,0.401504,-0.5112593,1.052784,-0.1102568,-0.5118545,1.024366,0.3123302,0.1,3,0,-0.561456,1.519827,-0.05279863,-0.450173,0.9776812,0.3680066,False,3,1,0
6/26/2025 5:44:44 PM,1750952684453,Left,-0.4584415,1.055192,0.3993825,-0.5085006,1.054359,-0.1186333,-0.5047023,1.026097,0.3092033,0.1,3,0,-0.5575178,1.520623,-0.06000638,-0.4419848,0.9800934,0.3642866,False,3,1,0
6/26/2025 5:44:44 PM,1750952684480,Left,-0.4439776,1.060633,0.3962755,-0.5013418,1.058049,-0.1351261,-0.4897206,1.030672,0.3036567,0.1,3,0,-0.5485585,1.522284,-0.07323277,-0.4266967,0.9857335,0.3592668,False,3,1,0
6/26/2025 5:44:44 PM,1750952684508,Left,-0.4374404,1.063268,0.3953154,-0.4966729,1.059538,-0.1438304,-0.4836753,1.032931,0.3018933,0.1,3,0,-0.5439112,1.523214,-0.07932889,-0.4209333,0.9880616,0.3578767,False,3,1,0
6/26/2025 5:44:44 PM,1750952684523,Left,-0.4307265,1.065182,0.3945407,-0.4928892,1.059507,-0.152953,-0.4776093,1.034574,0.3002819,0.1,3,0,-0.5393438,1.523975,-0.08513522,-0.4146132,0.9896911,0.3559682,False,3,1,0
6/26/2025 5:44:44 PM,1750952684536,Left,-0.4163003,1.069509,0.391152,-0.4862814,1.060667,-0.1695538,-0.4727712,1.035624,0.2982891,0.1,3,0,-0.5302675,1.525392,-0.09708357,-0.4096825,0.9910344,0.3541063,False,3,1,0
6/26/2025 5:44:44 PM,1750952684563,Left,-0.400285,1.073098,0.3886057,-0.4790745,1.06164,-0.186298,-0.4629484,1.037359,0.2950914,0.1,3,0,-0.5209651,1.525449,-0.1065627,-0.3990183,0.9935684,0.3505828,False,3,1,0
6/26/2025 5:44:44 PM,1750952684578,Left,-0.3924203,1.074304,0.3881481,-0.4751828,1.061994,-0.1944054,-0.4557626,1.038729,0.2931919,0.1,3,0,-0.5162644,1.525132,-0.1106522,-0.3918324,0.9949383,0.3486833,False,3,1,0
6/26/2025 5:44:44 PM,1750952684605,Left,-0.3771935,1.076002,0.3882101,-0.4674392,1.061251,-0.2095445,-0.4379838,1.040929,0.2898805,0.1,3,0,-0.5067201,1.524022,-0.1192918,-0.3740534,0.9971363,0.3453698,False,3,1,0
6/26/2025 5:44:44 PM,1750952684620,Left,-0.3703523,1.076474,0.3892381,-0.4633005,1.05997,-0.216482,-0.4271449,1.041989,0.2889937,0.1,3,0,-0.5014038,1.523878,-0.1235486,-0.3633195,0.9980279,0.3444705,False,3,1,0
6/26/2025 5:44:44 PM,1750952684633,Left,-0.3640115,1.076866,0.3903092,-0.4590156,1.058411,-0.2230285,-0.4153342,1.042725,0.2880596,0.1,3,0,-0.4960115,1.523627,-0.1279854,-0.3521016,0.9988649,0.3442905,False,3,1,0
6/26/2025 5:44:44 PM,1750952684661,Left,-0.3510518,1.077972,0.3915522,-0.4508948,1.055917,-0.2360916,-0.4026525,1.042878,0.2871582,0.1,3,0,-0.4856205,1.522642,-0.1359093,-0.3403941,0.9991063,0.3445337,False,3,1,0
6/26/2025 5:44:44 PM,1750952684675,Left,-0.3444827,1.078363,0.3919811,-0.4471393,1.05456,-0.241735,-0.3963001,1.043007,0.2866548,0.1,3,0,-0.4804821,1.522192,-0.1397368,-0.3342176,0.9994157,0.3443572,False,3,1,0
6/26/2025 5:44:44 PM,1750952684703,Left,-0.3295116,1.078946,0.3912197,-0.4394672,1.052861,-0.2528589,-0.3817622,1.043229,0.2842375,0.1,3,0,-0.4685783,1.521321,-0.1480982,-0.3195975,0.9996378,0.3418514,False,3,1,0
6/26/2025 5:44:44 PM,1750952684716,Left,-0.3222461,1.079442,0.3909272,-0.4352541,1.052573,-0.258355,-0.3746813,1.043501,0.2831409,0.1,3,0,-0.4628317,1.521102,-0.1516981,-0.3124308,0.9999206,0.3406698,False,3,1,0
6/26/2025 5:44:44 PM,1750952684745,Left,-0.3091774,1.080172,0.3918724,-0.4260664,1.052809,-0.2681115,-0.3623305,1.043915,0.2830006,0.1,3,0,-0.4506586,1.52129,-0.1585326,-0.2999724,1.000189,0.3403023,False,3,1,0
6/26/2025 5:44:44 PM,1750952684758,Left,-0.3032885,1.080934,0.3932618,-0.4212141,1.053141,-0.2728226,-0.3562518,1.044438,0.2833206,0.1,3,0,-0.4444807,1.52125,-0.1613601,-0.2941642,1.000785,0.3409709,False,3,1,0
6/26/2025 5:44:44 PM,1750952684773,Left,-0.297308,1.081538,0.3947059,-0.4163535,1.053369,-0.2771083,-0.3503582,1.044683,0.2840851,0.1,3,0,-0.4378438,1.520823,-0.1643671,-0.2883606,1.000994,0.3418048,False,3,1,0
6/26/2025 5:44:44 PM,1750952684800,Left,-0.2854543,1.08185,0.3973968,-0.4075184,1.053374,-0.2848952,-0.3381273,1.044779,0.2849683,0.1,3,0,-0.4251599,1.519873,-0.1705544,-0.2762534,1.001123,0.3428456,False,3,1,0
6/26/2025 5:44:44 PM,1750952684814,Left,-0.279839,1.081588,0.3988832,-0.4032536,1.053418,-0.2879733,-0.3325117,1.044518,0.2857443,0.1,3,0,-0.4192317,1.519176,-0.1734511,-0.2704516,1.000814,0.3433857,False,3,1,0
6/26/2025 5:44:44 PM,1750952684842,Left,-0.2692173,1.081532,0.4029826,-0.3938162,1.0538,-0.2923635,-0.3215037,1.044417,0.2883042,0.1,3,0,-0.4064753,1.517678,-0.1780168,-0.2595047,1.001022,0.3462434,False,3,1,0
6/26/2025 5:44:44 PM,1750952684856,Left,-0.2642088,1.080964,0.4054868,-0.3890631,1.05397,-0.2946014,-0.3162612,1.043304,0.2895467,0.1,3,0,-0.4002337,1.516525,-0.1801715,-0.2545367,0.9998152,0.3477085,False,3,1,0
6/26/2025 5:44:44 PM,1750952684884,Left,-0.2546389,1.080975,0.4110918,-0.3797483,1.053884,-0.298573,-0.3064924,1.042664,0.2936985,0.1,3,0,-0.3881121,1.514264,-0.1844609,-0.2456748,0.9992184,0.3528394,False,3,1,0
6/26/2025 5:44:44 PM,1750952684897,Left,-0.249887,1.080915,0.4139092,-0.3749492,1.053365,-0.2998328,-0.3012268,1.042257,0.2952331,0.1,3,0,-0.3819165,1.51316,-0.1864388,-0.2407703,0.9990885,0.3549448,False,3,1,0
6/26/2025 5:44:44 PM,1750952684925,Left,-0.2402467,1.080178,0.4187535,-0.3652074,1.052242,-0.3023387,-0.2908832,1.041088,0.2983184,0.1,3,0,-0.3698845,1.511187,-0.1894497,-0.2310601,0.9984428,0.3590357,False,3,1,0
6/26/2025 5:44:44 PM,1750952684939,Left,-0.2354264,1.07915,0.4211502,-0.3601561,1.051409,-0.3028638,-0.2861391,1.039962,0.3001755,0.1,3,0,-0.3635001,1.510171,-0.1907494,-0.226316,0.9973173,0.3608928,False,3,1,0
6/26/2025 5:44:44 PM,1750952684953,Left,-0.2303526,1.077729,0.4235508,-0.3551111,1.050738,-0.3034856,-0.2811672,1.037838,0.3017814,0.1,3,0,-0.3571677,1.509058,-0.1917728,-0.2214425,0.9950767,0.3625133,False,3,1,0
6/26/2025 5:44:44 PM,1750952684981,Left,-0.2190267,1.074812,0.4273651,-0.3440945,1.04993,-0.3037503,-0.2697753,1.034853,0.3043996,0.1,3,0,-0.344811,1.506207,-0.1939435,-0.2105388,0.991498,0.3651891,False,3,1,0
6/26/2025 5:44:44 PM,1750952684995,Left,-0.2135485,1.074048,0.4292847,-0.3385415,1.049947,-0.3041625,-0.2640066,1.034405,0.3059908,0.1,3,0,-0.3385885,1.50513,-0.1947069,-0.2051381,0.9906093,0.3668222,False,3,1,0
6/26/2025 5:44:45 PM,1750952685023,Left,-0.2033775,1.073094,0.4334103,-0.3269029,1.050603,-0.3045746,-0.2528603,1.033753,0.309297,0.1,3,0,-0.3249598,1.503164,-0.1953466,-0.1944519,0.9900675,0.3706487,False,3,1,0
6/26/2025 5:44:45 PM,1750952685036,Left,-0.1982287,1.072141,0.4349456,-0.3211088,1.050721,-0.3047165,-0.2472012,1.032602,0.3104056,0.1,3,0,-0.317924,1.501886,-0.195304,-0.1889633,0.9889027,0.3719092,False,3,1,0
6/26/2025 5:44:45 PM,1750952685064,Left,-0.1877955,1.070487,0.4370505,-0.3091395,1.050841,-0.3046408,-0.2361242,1.029923,0.3117699,0.1,3,0,-0.3045859,1.49835,-0.1947346,-0.1779294,0.9861252,0.3732446,False,3,1,0
6/26/2025 5:44:45 PM,1750952685078,Left,-0.1827774,1.070057,0.4379625,-0.3031595,1.05116,-0.3045479,-0.2308379,1.029001,0.3128414,0.1,3,0,-0.2984531,1.496428,-0.1947759,-0.1727113,0.9850606,0.3742785,False,3,1,0
6/26/2025 5:44:45 PM,1750952685092,Left,-0.1780021,1.069678,0.4389781,-0.2972562,1.051528,-0.3043532,-0.2261528,1.028541,0.3138205,0.1,3,0,-0.2925024,1.494391,-0.1948321,-0.1681199,0.9844335,0.3752264,False,3,1,0
6/26/2025 5:44:45 PM,1750952685119,Left,-0.1684965,1.069195,0.4392772,-0.2859356,1.051394,-0.3032554,-0.2166857,1.027292,0.3145529,0.1,3,0,-0.2823906,1.490445,-0.1948558,-0.1587502,0.9833156,0.3761449,False,3,1,0
6/26/2025 5:44:45 PM,1750952685133,Left,-0.1634579,1.068563,0.4389663,-0.2805586,1.051083,-0.3025792,-0.2110138,1.02624,0.3135295,0.1,3,0,-0.2773805,1.488886,-0.1944602,-0.1531122,0.9824367,0.3752763,False,3,1,0
6/26/2025 5:44:45 PM,1750952685161,Left,-0.1547915,1.066654,0.4393961,-0.2699652,1.050389,-0.3011945,-0.2019851,1.023685,0.3138236,0.1,3,0,-0.2663751,1.486334,-0.193579,-0.1441138,0.9797329,0.3754932,False,3,1,0
6/26/2025 5:44:45 PM,1750952685175,Left,-0.1510478,1.065648,0.4400656,-0.2644844,1.050122,-0.3006825,-0.1983331,1.022507,0.3148636,0.1,3,0,-0.2602372,1.485396,-0.1928874,-0.1406753,0.978367,0.3765988,False,3,1,0
6/26/2025 5:44:45 PM,1750952685202,Left,-0.1428058,1.064254,0.4409761,-0.2533581,1.049812,-0.3003089,-0.1892935,1.021363,0.3159035,0.1,3,0,-0.2479556,1.484188,-0.1921217,-0.1324938,0.9767572,0.3780973,False,3,1,0
6/26/2025 5:44:45 PM,1750952685217,Left,-0.1385231,1.063806,0.4408822,-0.2478697,1.04941,-0.3002131,-0.184276,1.021074,0.3156401,0.1,3,0,-0.2421504,1.483356,-0.1920884,-0.1279768,0.9761729,0.3780766,False,3,1,0
6/26/2025 5:44:45 PM,1750952685244,Left,-0.1297501,1.063308,0.4386567,-0.2369287,1.048008,-0.2999513,-0.1745471,1.020392,0.3134335,0.1,3,0,-0.2305391,1.481082,-0.1937302,-0.1185416,0.9754838,0.376128,False,3,1,0
6/26/2025 5:44:45 PM,1750952685259,Left,-0.1250141,1.063074,0.4370713,-0.2313704,1.046976,-0.2997064,-0.1695817,1.019874,0.3119967,0.1,3,0,-0.224426,1.479877,-0.195297,-0.1135762,0.9749654,0.3746913,False,3,1,0
6/26/2025 5:44:45 PM,1750952685272,Left,-0.1203644,1.06248,0.4358224,-0.225634,1.045851,-0.2994288,-0.164994,1.018671,0.3105087,0.1,3,0,-0.2183002,1.478966,-0.1969962,-0.1089885,0.9737622,0.3732032,False,3,1,0
6/26/2025 5:44:45 PM,1750952685300,Left,-0.1109519,1.061752,0.4324616,-0.2142808,1.043453,-0.2983799,-0.1552697,1.017524,0.3073377,0.1,3,0,-0.2060289,1.47635,-0.2019839,-0.09964649,0.9724329,0.3702411,False,3,1,0
6/26/2025 5:44:45 PM,1750952685314,Left,-0.1060033,1.061445,0.4305778,-0.2084639,1.04267,-0.2979683,-0.149851,1.017052,0.3050328,0.1,3,0,-0.2000941,1.475325,-0.204029,-0.09463689,0.9717025,0.3681108,False,3,1,0
6/26/2025 5:44:45 PM,1750952685342,Left,-0.0952878,1.061695,0.4255617,-0.1957123,1.042257,-0.2978946,-0.1389273,1.01693,0.3003537,0.1,3,0,-0.1876304,1.473793,-0.2076216,-0.08384069,0.9716709,0.3636077,False,3,1,0
6/26/2025 5:44:45 PM,1750952685356,Left,-0.08985603,1.061995,0.4228613,-0.1890287,1.042224,-0.2981063,-0.1326068,1.01711,0.2975625,0.1,3,0,-0.1816331,1.472799,-0.2092675,-0.07740282,0.9719361,0.3607749,False,3,1,0
6/26/2025 5:44:45 PM,1750952685384,Left,-0.08030844,1.062328,0.4185715,-0.1756492,1.041173,-0.2985206,-0.1232486,1.016837,0.2940732,0.1,3,0,-0.1689529,1.470711,-0.2132778,-0.06783403,0.9725293,0.3577133,False,3,1,0
6/26/2025 5:44:45 PM,1750952685398,Left,-0.07557023,1.061433,0.4168344,-0.1690354,1.040206,-0.298723,-0.1179884,1.015339,0.2917686,0.1,3,0,-0.161902,1.469783,-0.2152785,-0.06334643,0.9707793,0.3558983,False,3,1,0
6/26/2025 5:44:45 PM,1750952685425,Left,-0.0654856,1.060421,0.4123045,-0.1551415,1.038217,-0.2997732,-0.1066847,1.014243,0.2874075,0.1,3,0,-0.147223,1.467858,-0.2190968,-0.05247388,0.969035,0.35145,False,3,1,0
6/26/2025 5:44:45 PM,1750952685439,Left,-0.06044471,1.059988,0.4099166,-0.1480277,1.037388,-0.3004855,-0.100942,1.013593,0.2848425,0.1,3,0,-0.1396115,1.466978,-0.2209924,-0.04666225,0.9683602,0.3488089,False,3,1,0
6/26/2025 5:44:45 PM,1750952685453,Left,-0.05569386,1.059661,0.4077992,-0.1407233,1.036751,-0.3014376,-0.09588283,1.013095,0.2829799,0.1,3,0,-0.1321517,1.465917,-0.2230041,-0.04154193,0.9678346,0.3468744,False,3,1,0
6/26/2025 5:44:45 PM,1750952685480,Left,-0.04544854,1.05929,0.404673,-0.1258423,1.035753,-0.3036253,-0.08484939,1.012166,0.2798243,0.1,3,0,-0.1168811,1.463556,-0.2272638,-0.03141074,0.967088,0.3446026,False,3,1,0
6/26/2025 5:44:45 PM,1750952685495,Left,-0.04015827,1.059155,0.4034269,-0.1185663,1.035425,-0.304936,-0.07888448,1.011659,0.2783289,0.1,3,0,-0.1088555,1.462159,-0.2292575,-0.02600913,0.9667822,0.3437065,False,3,1,0
6/26/2025 5:44:45 PM,1750952685522,Left,-0.02961445,1.059086,0.4006944,-0.1039183,1.035571,-0.3080137,-0.06668152,1.010626,0.275032,0.1,3,0,-0.09164953,1.459257,-0.2331167,-0.01437635,0.9661172,0.3411162,False,3,1,0
6/26/2025 5:44:45 PM,1750952685537,Left,-0.02443528,1.059387,0.3991473,-0.09637761,1.035892,-0.309849,-0.06063356,1.010504,0.2734009,0.1,3,0,-0.08241403,1.458182,-0.2348284,-0.008461963,0.9662853,0.3397846,False,3,1,0
6/26/2025 5:44:45 PM,1750952685564,Left,-0.01397419,1.060164,0.3960222,-0.08083248,1.036508,-0.3140683,-0.04888917,1.010581,0.2704223,0.1,3,0,-0.06458426,1.456432,-0.2381643,0.002815876,0.9669133,0.337532,False,3,1,0
6/26/2025 5:44:45 PM,1750952685578,Left,-0.008137465,1.060355,0.3944687,-0.07280946,1.036987,-0.316565,-0.04241329,1.010397,0.2688253,0.1,3,0,-0.05578578,1.455422,-0.2397099,0.008835182,0.9668799,0.3363815,False,3,1,0
6/26/2025 5:44:45 PM,1750952685592,Left,-0.002029419,1.060271,0.3929048,-0.06481409,1.037567,-0.31911,-0.035649,1.010149,0.2672985,0.1,3,0,-0.04649043,1.454811,-0.2410008,0.01510131,0.9662928,0.3350113,False,3,1,0
6/26/2025 5:44:45 PM,1750952685620,Left,0.01086998,1.061647,0.3896629,-0.04747808,1.039556,-0.3253949,-0.02150766,1.010816,0.2645386,0.1,3,0,-0.02638602,1.45343,-0.2427938,0.02882366,0.9675621,0.3329482,False,3,1,0
6/26/2025 5:44:45 PM,1750952685634,Left,0.01720345,1.062341,0.387923,-0.0384264,1.04053,-0.3286834,-0.01441154,1.011043,0.2628788,0.1,3,0,-0.0164088,1.453016,-0.2436233,0.0357477,0.9682863,0.3317254,False,3,1,0
6/26/2025 5:44:45 PM,1750952685662,Left,0.02922189,1.063577,0.3842772,-0.01953733,1.042154,-0.3352492,-0.0008777902,1.011583,0.2596905,0.1,3,0,0.002675653,1.451811,-0.2448294,0.04867254,0.9696826,0.3294983,False,3,1,0
6/26/2025 5:44:45 PM,1750952685676,Left,0.03529274,1.064032,0.3822377,-0.009778023,1.042678,-0.3383452,0.005703203,1.011773,0.2580188,0.1,3,0,0.01135421,1.451372,-0.2450793,0.05468798,0.9703811,0.3285253,False,3,1,0
6/26/2025 5:44:45 PM,1750952685703,Left,0.04806697,1.06325,0.3788402,0.008597612,1.043244,-0.3432048,0.01961174,1.010918,0.2550589,0.1,3,0,0.02904046,1.450489,-0.2456447,0.06805666,0.9694712,0.3259052,False,3,1,0
6/26/2025 5:44:45 PM,1750952685717,Left,0.05418086,1.06261,0.3776445,0.01749635,1.043529,-0.3450865,0.02628953,1.010417,0.2542102,0.1,3,0,0.03825521,1.450243,-0.2453606,0.07460809,0.9690797,0.3252068,False,3,1,0
6/26/2025 5:44:45 PM,1750952685745,Left,0.0654186,1.062203,0.3748858,0.03554392,1.044241,-0.3487911,0.03903763,1.009833,0.2522804,0.1,3,0,0.05680501,1.44914,-0.2447442,0.08641975,0.9690401,0.3242169,False,3,1,0
6/26/2025 5:44:45 PM,1750952685759,Left,0.07045841,1.062098,0.3729496,0.04482579,1.044444,-0.3504453,0.04460589,1.009608,0.2507171,0.1,3,0,0.06531596,1.448618,-0.2445452,0.09134203,0.9691253,0.3232491,False,3,1,0
6/26/2025 5:44:45 PM,1750952685773,Left,0.07553601,1.061983,0.3705982,0.05399311,1.044672,-0.352151,0.05017225,1.009268,0.2488642,0.1,3,0,0.07297432,1.447762,-0.2444813,0.09651028,0.9690988,0.3218244,False,3,1,0
6/26/2025 5:44:45 PM,1750952685800,Left,0.08659065,1.060883,0.3645648,0.07211769,1.045432,-0.3551078,0.06188409,1.008665,0.2444561,0.1,3,0,0.086923,1.44662,-0.2439636,0.108266,0.9685982,0.3174449,False,3,1,0
6/26/2025 5:44:45 PM,1750952685814,Left,0.09250259,1.059122,0.3615381,0.0811255,1.046033,-0.3563202,0.06839941,1.006887,0.2414695,0.1,3,0,0.09345615,1.44637,-0.243607,0.1149374,0.9667813,0.3143374,False,3,1,0
6/26/2025 5:44:45 PM,1750952685842,Left,0.1043339,1.054983,0.3565351,0.09904599,1.04702,-0.3586397,0.08028786,1.003429,0.2374887,0.1,3,0,0.1073649,1.445999,-0.24332,0.1269154,0.9632218,0.3102436,False,3,1,0
6/26/2025 5:44:45 PM,1750952685856,Left,0.1102054,1.052215,0.3544668,0.1078775,1.047402,-0.3592552,0.08632408,1.001738,0.2358293,0.1,3,0,0.1147953,1.446473,-0.2429074,0.1328816,0.9613504,0.308529,False,3,1,0
6/26/2025 5:44:45 PM,1750952685884,Left,0.1216426,1.046955,0.3506643,0.1264478,1.048041,-0.3602735,0.09853774,0.9981058,0.2332043,0.1,3,0,0.1304886,1.447704,-0.2413249,0.1449764,0.9568844,0.3055108,False,3,1,0
6/26/2025 5:44:45 PM,1750952685897,Left,0.1271666,1.044531,0.3492807,0.1368115,1.048373,-0.3608551,0.1046932,0.9969538,0.2323393,0.1,3,0,0.139029,1.448314,-0.2403643,0.1509711,0.9551625,0.3044213,False,3,1,0
6/26/2025 5:44:45 PM,1750952685926,Left,0.1378167,1.040892,0.3466878,0.1575503,1.049177,-0.3617477,0.1161226,0.9947267,0.230939,0.1,3,0,0.155242,1.448977,-0.2390999,0.1622936,0.9529037,0.3030712,False,3,1,0
6/26/2025 5:44:45 PM,1750952685939,Left,0.1432086,1.039384,0.3458073,0.1681156,1.049448,-0.3616698,0.1217814,0.9938701,0.2304689,0.1,3,0,0.1630915,1.449108,-0.2383685,0.1677729,0.9520653,0.3027262,False,3,1,0
6/26/2025 5:44:45 PM,1750952685953,Left,0.1490208,1.037563,0.3450444,0.178496,1.04975,-0.3613768,0.1279914,0.9927626,0.2302313,0.1,3,0,0.1706297,1.449084,-0.2375381,0.1736702,0.9510769,0.3027554,False,3,1,0
6/26/2025 5:44:45 PM,1750952685981,Left,0.1617875,1.033017,0.3436042,0.1989805,1.050473,-0.3603604,0.1417136,0.9892752,0.2290484,0.1,3,0,0.1864408,1.448524,-0.2354302,0.1867952,0.9473917,0.3018317,False,3,1,0
6/26/2025 5:44:45 PM,1750952685995,Left,0.1689303,1.030616,0.3424888,0.2092617,1.050744,-0.3594326,0.1490133,0.9872481,0.2280504,0.1,3,0,0.1948817,1.448148,-0.2344307,0.1939444,0.9454033,0.3009489,False,3,1,0
6/26/2025 5:44:46 PM,1750952686023,Left,0.1826584,1.026154,0.34096,0.2293229,1.051079,-0.3571112,0.1638138,0.9838603,0.2274053,0.1,3,0,0.2114952,1.447261,-0.2319648,0.2088109,0.9418376,0.3001606,False,3,1,0
6/26/2025 5:44:46 PM,1750952686036,Left,0.1892697,1.024192,0.3406872,0.2391522,1.050815,-0.3555133,0.1705047,0.9824989,0.2277578,0.1,3,0,0.2197549,1.44676,-0.2303574,0.2155018,0.9404762,0.3005131,False,3,1,0
6/26/2025 5:44:46 PM,1750952686065,Left,0.2024806,1.021495,0.3407106,0.2589624,1.049737,-0.3515694,0.1840723,0.981236,0.2290445,0.1,3,0,0.2361178,1.445584,-0.2275871,0.2288665,0.9395457,0.3021156,False,3,1,0
6/26/2025 5:44:46 PM,1750952686078,Left,0.2095695,1.020121,0.3406941,0.2688693,1.049118,-0.3494676,0.1914599,0.9804459,0.2293824,0.1,3,0,0.2444196,1.44489,-0.2261289,0.2362071,0.9390885,0.3026711,False,3,1,0
6/26/2025 5:44:46 PM,1750952686092,Left,0.2170608,1.018315,0.3409852,0.2786291,1.048226,-0.3469799,0.1993496,0.9787579,0.2298463,0.1,3,0,0.2522289,1.443685,-0.2242726,0.2441182,0.9378831,0.3033921,False,3,1,0
6/26/2025 5:44:46 PM,1750952686120,Left,0.2322788,1.014347,0.3415747,0.2974985,1.046443,-0.3411682,0.2145823,0.973944,0.2306702,0.1,3,0,0.267697,1.441162,-0.2190424,0.2594215,0.9344676,0.3049335,False,3,1,0
6/26/2025 5:44:46 PM,1750952686134,Left,0.2388781,1.012815,0.3412542,0.3067849,1.045658,-0.3379416,0.2212545,0.9723637,0.2311817,0.1,3,0,0.2753315,1.439418,-0.215734,0.2656821,0.9329638,0.3057324,False,3,1,0
6/26/2025 5:44:46 PM,1750952686161,Left,0.2510803,1.009907,0.3398247,0.3255084,1.044699,-0.3305993,0.2344027,0.969318,0.2316035,0.1,3,0,0.2916901,1.435306,-0.2081925,0.2781559,0.9309496,0.3070853,False,3,1,0
6/26/2025 5:44:46 PM,1750952686176,Left,0.2580787,1.007438,0.339082,0.3353158,1.044525,-0.32679,0.241093,0.9667028,0.2316389,0.1,3,0,0.2997903,1.432726,-0.2042077,0.2851771,0.9290839,0.3073053,False,3,1,0
6/26/2025 5:44:46 PM,1750952686203,Left,0.2740411,0.9994912,0.3378643,0.3554842,1.043551,-0.3187038,0.2566973,0.9599166,0.2324512,0.1,3,0,0.3154541,1.427742,-0.1951714,0.3011037,0.9227406,0.3081479,False,3,1,0
6/26/2025 5:44:46 PM,1750952686217,Left,0.2821009,0.9949667,0.337648,0.3660052,1.042131,-0.3142822,0.2647841,0.9559308,0.2331684,0.1,3,0,0.3237116,1.424998,-0.1905551,0.3091184,0.9187606,0.3089102,False,3,1,0
6/26/2025 5:44:46 PM,1750952686244,Left,0.2980413,0.9842835,0.338165,0.3871944,1.038003,-0.3047181,0.2819848,0.946614,0.2355433,0.1,3,0,0.341713,1.420268,-0.1811167,0.3252707,0.9085746,0.3114598,False,3,1,0
6/26/2025 5:44:46 PM,1750952686259,Left,0.3061841,0.9788688,0.3388221,0.3979135,1.036153,-0.2997266,0.2903571,0.9418945,0.2369369,0.1,3,0,0.3517817,1.41825,-0.1764052,0.3336429,0.9038551,0.3128535,False,3,1,0
6/26/2025 5:44:46 PM,1750952686273,Left,0.3148428,0.9734368,0.3402015,0.4090176,1.034899,-0.2945433,0.2994113,0.9375884,0.2388058,0.1,3,0,0.3618491,1.41619,-0.1713358,0.3426912,0.8993911,0.3146464,False,3,1,0
6/26/2025 5:44:46 PM,1750952686300,Left,0.3324858,0.9642531,0.3446012,0.4316714,1.034102,-0.2844871,0.3179528,0.9305151,0.2450192,0.1,3,0,0.3832514,1.411985,-0.1602001,0.3615517,0.8923643,0.3207003,False,3,1,0
6/26/2025 5:44:46 PM,1750952686314,Left,0.3408817,0.9606902,0.3475128,0.4437144,1.034454,-0.2791636,0.3265781,0.9278769,0.2487782,0.1,3,0,0.394563,1.410085,-0.1541357,0.3700933,0.8899722,0.3246309,False,3,1,0
6/26/2025 5:44:46 PM,1750952686342,Left,0.3575308,0.953873,0.3533059,0.4662055,1.033873,-0.2685111,0.3437894,0.9228773,0.2568462,0.1,3,0,0.4178083,1.406702,-0.141765,0.3868826,0.885704,0.3332995,False,3,1,0
6/26/2025 5:44:46 PM,1750952686356,Left,0.3666184,0.950152,0.3563,0.4770133,1.033045,-0.2628385,0.3533261,0.9194216,0.2603005,0.1,3,0,0.4308281,1.405556,-0.1348367,0.3960738,0.8825982,0.3371162,False,3,1,0
6/26/2025 5:44:46 PM,1750952686384,Left,0.3867939,0.9426921,0.361721,0.498769,1.031094,-0.2516458,0.3755216,0.9127487,0.2666131,0.1,3,0,0.4567895,1.403219,-0.1208048,0.4176168,0.876865,0.3442296,False,3,1,0
6/26/2025 5:44:46 PM,1750952686398,Left,0.3977201,0.9394624,0.3648064,0.5098821,1.030154,-0.2462077,0.3872684,0.9101382,0.2704318,0.1,3,0,0.4696392,1.402201,-0.113485,0.4296124,0.8752922,0.3483852,False,3,1,0
6/26/2025 5:44:46 PM,1750952686425,Left,0.4190502,0.9342632,0.3710736,0.5321376,1.02892,-0.2359964,0.4095016,0.9061254,0.2787574,0.1,3,0,0.4949435,1.400799,-0.0972532,0.4525077,0.873849,0.3574511,False,3,1,0
6/26/2025 5:44:46 PM,1750952686439,Left,0.4297318,0.9325853,0.372555,0.5441618,1.028255,-0.2309673,0.4202428,0.9041847,0.2816796,0.1,3,0,0.5063207,1.399271,-0.08973682,0.4634915,0.8734028,0.3608377,False,3,1,0
6/26/2025 5:44:46 PM,1750952686453,Left,0.4398676,0.9298982,0.3741587,0.5557796,1.027465,-0.2259305,0.4305618,0.9017711,0.284106,0.1,3,0,0.5171585,1.397674,-0.08292699,0.4742773,0.8715014,0.3632052,False,3,1,0
6/26/2025 5:44:46 PM,1750952686481,Left,0.4601184,0.9236967,0.3776292,0.5766877,1.025635,-0.2156303,0.4507917,0.8965624,0.2893373,0.1,3,0,0.5375822,1.394771,-0.07010007,0.4949741,0.8656474,0.3679259,False,3,1,0
6/26/2025 5:44:46 PM,1750952686495,Left,0.4702283,0.920332,0.3801883,0.5863363,1.024621,-0.2102026,0.4608716,0.8935068,0.2921881,0.1,3,0,0.5466282,1.393343,-0.06459737,0.505054,0.8625919,0.3707767,False,3,1,0
6/26/2025 5:44:46 PM,1750952686522,Left,0.4886961,0.9151127,0.3859347,0.6055222,1.023019,-0.1993626,0.4788989,0.8892919,0.2994239,0.1,3,0,0.5643146,1.390802,-0.05317008,0.5228047,0.8583047,0.3781389,False,3,1,0
6/26/2025 5:44:46 PM,1750952686536,Left,0.4973401,0.9129593,0.3885752,0.6153105,1.022423,-0.1941872,0.4871521,0.887868,0.3030754,0.1,3,0,0.5726516,1.389586,-0.04710674,0.5308679,0.8570411,0.381959,False,3,1,0
6/26/2025 5:44:46 PM,1750952686565,Left,0.5144774,0.9085132,0.3926883,0.6355531,1.021359,-0.1838658,0.504019,0.884145,0.3092978,0.1,3,0,0.5901682,1.387914,-0.03344047,0.5472687,0.8535748,0.3885373,False,3,1,0
6/26/2025 5:44:46 PM,1750952686578,Left,0.5240877,0.9058734,0.39413,0.6458092,1.020721,-0.1787767,0.5135216,0.8818263,0.3112207,0.1,3,0,0.5986209,1.387002,-0.02666569,0.5564975,0.8511931,0.3905849,False,3,1,0
6/26/2025 5:44:46 PM,1750952686592,Left,0.5347757,0.9029262,0.394461,0.656208,1.019782,-0.1737316,0.523808,0.87946,0.3124938,0.1,3,0,0.6064895,1.385998,-0.02065277,0.5672214,0.8479649,0.3912804,False,3,1,0
6/26/2025 5:44:46 PM,1750952686620,Left,0.5552989,0.8980193,0.3957468,0.6755027,1.01719,-0.1637315,0.5437295,0.8754881,0.3159234,0.1,3,0,0.6214204,1.384663,-0.009839892,0.5884867,0.8427658,0.3934477,False,3,1,0
6/26/2025 5:44:46 PM,1750952686634,Left,0.5649774,0.8959456,0.3967824,0.6847143,1.016082,-0.1586486,0.5528732,0.873782,0.3179498,0.1,3,0,0.6285865,1.384024,-0.004407763,0.5978472,0.8408484,0.3952589,False,3,1,0
6/26/2025 5:44:46 PM,1750952686661,Left,0.5844326,0.8922191,0.3992866,0.7017453,1.015225,-0.1486579,0.5713096,0.8712455,0.3221329,0.1,3,0,0.6426002,1.383408,0.007522225,0.6160673,0.8383666,0.3995906,False,3,1,0
6/26/2025 5:44:46 PM,1750952686676,Left,0.5940646,0.8899707,0.4007596,0.7101735,1.015183,-0.1438632,0.5808044,0.8695564,0.3243645,0.1,3,0,0.649802,1.382855,0.01360023,0.6256675,0.836732,0.4017844,False,3,1,0
6/26/2025 5:44:46 PM,1750952686703,Left,0.613555,0.8848003,0.4038388,0.727546,1.014992,-0.1341686,0.5997361,0.8654863,0.3289382,0.1,3,0,0.66494,1.381157,0.02516186,0.6450609,0.8328294,0.4061597,False,3,1,0
6/26/2025 5:44:46 PM,1750952686717,Left,0.6237423,0.8822513,0.4051276,0.7362602,1.014493,-0.1295606,0.6092938,0.8633626,0.3311113,0.1,3,0,0.6725522,1.380116,0.03071988,0.6549481,0.8306255,0.4081045,False,3,1,0
6/26/2025 5:44:46 PM,1750952686745,Left,0.6438429,0.8782261,0.4076171,0.7536964,1.012111,-0.1204865,0.6289326,0.85961,0.3352524,0.1,3,0,0.6879886,1.376868,0.04173374,0.6753333,0.826867,0.4117955,False,3,1,0
6/26/2025 5:44:46 PM,1750952686758,Left,0.6531202,0.8764601,0.4089601,0.7621808,1.009354,-0.1161242,0.6378933,0.8582237,0.3377478,0.1,3,0,0.6962732,1.374544,0.04782844,0.6845208,0.8256645,0.4142315,False,3,1,0
6/26/2025 5:44:46 PM,1750952686773,Left,0.6617657,0.8741353,0.410614,0.771004,1.006655,-0.1115631,0.6463855,0.8558744,0.340254,0.1,3,0,0.7046194,1.372299,0.05371547,0.6933567,0.8236661,0.416676,False,3,1,0
6/26/2025 5:44:46 PM,1750952686801,Left,0.6771735,0.8681421,0.4148132,0.7885856,0.999404,-0.1027132,0.6615494,0.8500422,0.3460157,0.1,3,0,0.7212834,1.366845,0.06447971,0.7086661,0.8187511,0.4227286,False,3,1,0
6/26/2025 5:44:46 PM,1750952686815,Left,0.6856644,0.8646834,0.4166363,0.7973562,0.9952532,-0.09822309,0.6695704,0.846058,0.3487009,0.1,3,0,0.7298459,1.363688,0.07008016,0.7166047,0.8148913,0.4255149,False,3,1,0
6/26/2025 5:44:46 PM,1750952686842,Left,0.7030146,0.8568432,0.4200867,0.8144994,0.9856546,-0.08866775,0.686875,0.838345,0.3538194,0.1,3,0,0.7473471,1.356119,0.081756,0.7337755,0.8074618,0.4308295,False,3,1,0
6/26/2025 5:44:46 PM,1750952686856,Left,0.7110081,0.8523092,0.42212,0.8230999,0.9808406,-0.08388555,0.6954162,0.8343185,0.3563235,0.1,3,0,0.7563824,1.352245,0.08722162,0.7419719,0.8035083,0.4335716,False,3,1,0
6/26/2025 5:44:46 PM,1750952686884,Left,0.7255301,0.8413315,0.4268601,0.8399312,0.9714596,-0.07415283,0.710184,0.8235276,0.3626097,0.1,3,0,0.7741506,1.343728,0.09908485,0.7565447,0.7925715,0.4399167,False,3,1,0
6/26/2025 5:44:46 PM,1750952686898,Left,0.7324014,0.8349233,0.4290793,0.8479411,0.9668128,-0.06865752,0.7173092,0.8178517,0.3658674,0.1,3,0,0.7828099,1.338814,0.1056864,0.7635773,0.7868801,0.4432237,False,3,1,0
6/26/2025 5:44:46 PM,1750952686926,Left,0.74672,0.821663,0.4329978,0.864646,0.9577621,-0.05766654,0.7325514,0.8051369,0.3714927,0.1,3,0,0.8007762,1.32813,0.1189866,0.7784247,0.7735463,0.4488339,False,3,1,0
6/26/2025 5:44:46 PM,1750952686940,Left,0.7536668,0.8145406,0.4348996,0.8733616,0.9532079,-0.05219316,0.7400895,0.7986851,0.3743384,0.1,3,0,0.809764,1.322484,0.125697,0.785672,0.7664786,0.4515974,False,3,1,0
6/26/2025 5:44:46 PM,1750952686954,Left,0.7604531,0.8071356,0.437095,0.8818347,0.9485692,-0.04620206,0.7470876,0.791586,0.3775729,0.1,3,0,0.8185571,1.31632,0.1333691,0.7924469,0.758899,0.4547615,False,3,1,0
6/26/2025 5:44:46 PM,1750952686981,Left,0.7715571,0.7928749,0.4428245,0.8986562,0.9387397,-0.03393519,0.7595947,0.7776599,0.385217,0.1,3,0,0.8357058,1.303702,0.1486063,0.8042231,0.7448837,0.4627928,False,3,1,0
6/26/2025 5:44:46 PM,1750952686995,Left,0.7754595,0.7857426,0.4462419,0.907342,0.9332367,-0.02804875,0.764325,0.770819,0.3894702,0.1,3,0,0.8437185,1.297139,0.1559471,0.8089521,0.7380041,0.4670304,False,3,1,0
6/26/2025 5:44:47 PM,1750952687022,Left,0.7823279,0.7712901,0.4525794,0.9234744,0.9222791,-0.01626229,0.7723951,0.7564074,0.3978097,0.1,3,0,0.8593541,1.283566,0.1712414,0.8162768,0.7232823,0.4756627,False,3,1,0
6/26/2025 5:44:47 PM,1750952687036,Left,0.7849133,0.7634631,0.4555269,0.9306815,0.9172046,-0.01025164,0.7758908,0.7493066,0.4014834,0.1,3,0,0.866287,1.27618,0.177743,0.8189712,0.7157978,0.4796192,False,3,1,0
6/26/2025 5:44:47 PM,1750952687064,Left,0.791678,0.7458868,0.4613479,0.9444014,0.9073856,0.001080632,0.7841985,0.7319337,0.4083582,0.1,3,0,0.8788552,1.26083,0.189525,0.8251983,0.6968969,0.4869421,False,3,1,0
6/26/2025 5:44:47 PM,1750952687078,Left,0.7952919,0.7365568,0.4640955,0.9511315,0.9025807,0.00646472,0.7884069,0.7231974,0.4115533,0.1,3,0,0.8848218,1.253576,0.1952118,0.8288549,0.6876383,0.4901885,False,3,1,0
6/26/2025 5:44:47 PM,1750952687092,Left,0.7988215,0.7266799,0.4662895,0.9572618,0.8978536,0.01152122,0.7923622,0.7139747,0.4143557,0.1,3,0,0.8904769,1.245877,0.2004468,0.8327439,0.677897,0.4927884,False,3,1,0
6/26/2025 5:44:47 PM,1750952687120,Left,0.8054206,0.7074917,0.4697466,0.9691331,0.8885474,0.02101648,0.7998002,0.6956294,0.419472,0.1,3,0,0.9017177,1.230219,0.2124923,0.8398337,0.6581513,0.4974251,False,3,1,0
6/26/2025 5:44:47 PM,1750952687134,Left,0.8084651,0.6983169,0.4713622,0.9750019,0.8838621,0.02557707,0.803236,0.6868221,0.4221237,0.1,3,0,0.9073596,1.222253,0.218969,0.842593,0.6485099,0.5000159,False,3,1,0
6/26/2025 5:44:47 PM,1750952687161,Left,0.8150195,0.6795535,0.4738489,0.9865187,0.8737408,0.03358138,0.810917,0.6691693,0.426773,0.1,3,0,0.9184586,1.20649,0.2322985,0.8495024,0.628869,0.5040455,False,3,1,0
6/26/2025 5:44:47 PM,1750952687176,Left,0.818781,0.670196,0.4741912,0.9921972,0.8679447,0.03709197,0.8149199,0.6602495,0.4284543,0.1,3,0,0.9234102,1.19844,0.2384232,0.8536604,0.6192192,0.5052636,False,3,1,0
6/26/2025 5:44:47 PM,1750952687203,Left,0.82658,0.6515204,0.4746993,1.002191,0.855379,0.04460704,0.8229451,0.6421884,0.4312605,0.1,3,0,0.9323144,1.181655,0.2500048,0.8622053,0.5997656,0.5070425,False,3,1,0
6/26/2025 5:44:47 PM,1750952687217,Left,0.8304849,0.642043,0.4749846,1.006701,0.8490037,0.04820824,0.8268646,0.6328429,0.4323131,0.1,3,0,0.9363343,1.172925,0.2554555,0.8662884,0.589715,0.5076107,False,3,1,0
6/26/2025 5:44:47 PM,1750952687245,Left,0.8385888,0.6217022,0.4745861,1.014173,0.8352754,0.05449498,0.8346777,0.6132597,0.4341349,0.1,3,0,0.9430631,1.154814,0.265767,0.8742973,0.5688609,0.5085863,False,3,1,0
6/26/2025 5:44:47 PM,1750952687259,Left,0.8427198,0.610736,0.4742688,1.017321,0.828496,0.0578444,0.8386298,0.6028053,0.4347669,0.1,3,0,0.9463789,1.145685,0.2704935,0.8784074,0.5576453,0.5086743,False,3,1,0
6/26/2025 5:44:47 PM,1750952687273,Left,0.8470567,0.5994321,0.4738437,1.02009,0.8218256,0.06116736,0.8427092,0.5920752,0.4353294,0.1,3,0,0.9492716,1.136457,0.275099,0.8830338,0.5461856,0.5084871,False,3,1,0
6/26/2025 5:44:47 PM,1750952687300,Left,0.855713,0.5764587,0.4732285,1.025082,0.8085444,0.06780672,0.8505528,0.5703109,0.4364838,0.1,3,0,0.9537137,1.117507,0.2833629,0.8917789,0.5233552,0.508453,False,3,1,0
6/26/2025 5:44:47 PM,1750952687314,Left,0.8598807,0.5645622,0.4727041,1.026562,0.8018901,0.07086897,0.8543617,0.5591508,0.436608,0.1,3,0,0.9557688,1.10836,0.2866098,0.8959513,0.5118213,0.5081216,False,3,1,0
6/26/2025 5:44:47 PM,1750952687342,Left,0.8676016,0.5422295,0.4715031,1.030097,0.7884963,0.07716203,0.8613577,0.5379834,0.4368433,0.1,3,0,0.9600434,1.090132,0.2927338,0.9035555,0.4893958,0.5071468,False,3,1,0
6/26/2025 5:44:47 PM,1750952687356,Left,0.8707203,0.5312067,0.4705957,1.030937,0.7816169,0.07970846,0.8643482,0.5276461,0.4368995,0.1,3,0,0.9623992,1.080817,0.2957895,0.906844,0.4784224,0.5065782,False,3,1,0
6/26/2025 5:44:47 PM,1750952687384,Left,0.8765269,0.5097834,0.4690048,1.03294,0.7684407,0.08451843,0.8699423,0.5071263,0.4370248,0.1,3,0,0.9672935,1.062411,0.3022244,0.9131734,0.4577063,0.5061097,False,3,1,0
6/26/2025 5:44:47 PM,1750952687398,Left,0.8802639,0.4989703,0.4683089,1.034309,0.7621482,0.08712733,0.8737931,0.4968302,0.4368771,0.1,3,0,0.9700106,1.052964,0.3057069,0.9175279,0.4473487,0.5056,False,3,1,0
6/26/2025 5:44:47 PM,1750952687426,Left,0.8875138,0.4773445,0.4671396,1.03707,0.7500852,0.09171784,0.8807276,0.4755523,0.4368074,0.1,3,0,0.9735682,1.034268,0.3129834,0.9248123,0.4259083,0.5051887,False,3,1,0
6/26/2025 5:44:47 PM,1750952687439,Left,0.8906424,0.4666103,0.4666343,1.038721,0.7438346,0.09387457,0.8831936,0.4650763,0.437162,0.1,3,0,0.9752368,1.02457,0.3161761,0.9274731,0.4152168,0.5052599,False,3,1,0
6/26/2025 5:44:47 PM,1750952687453,Left,0.8934711,0.4562061,0.4660034,1.040283,0.7372824,0.09585261,0.8856075,0.455218,0.437492,0.1,3,0,0.9769742,1.014839,0.3184489,0.9304059,0.4050389,0.5050133,False,3,1,0
6/26/2025 5:44:47 PM,1750952687481,Left,0.9002948,0.4356599,0.463603,1.042173,0.7238457,0.09865963,0.8916714,0.435454,0.4364279,0.1,3,0,0.9804178,0.9960784,0.3218013,0.9373756,0.3849404,0.5030873,False,3,1,0
6/26/2025 5:44:47 PM,1750952687495,Left,0.9041066,0.4252883,0.4623058,1.042504,0.7171971,0.09959769,0.8955711,0.4250399,0.4350241,0.1,3,0,0.9820269,0.9870605,0.3232958,0.941582,0.3743801,0.5013608,False,3,1,0
6/26/2025 5:44:47 PM,1750952687523,Left,0.9109619,0.4052606,0.4611495,1.042062,0.7045889,0.1001247,0.9019693,0.4058562,0.4347955,0.1,3,0,0.985429,0.9690249,0.3267995,0.9491988,0.3549392,0.5000703,False,3,1,0
6/26/2025 5:44:47 PM,1750952687537,Left,0.9141782,0.3951185,0.4611934,1.04237,0.6984884,0.1006199,0.904552,0.3961883,0.4355209,0.1,3,0,0.9875987,0.9603418,0.3285981,0.9527312,0.3452012,0.5000427,False,3,1,0
6/26/2025 5:44:47 PM,1750952687564,Left,0.9190999,0.3742108,0.4624543,1.043223,0.686563,0.1007143,0.9088615,0.3763085,0.4375767,0.1,3,0,0.9916477,0.9427857,0.3320978,0.9577107,0.324804,0.5011771,False,3,1,0
6/26/2025 5:44:47 PM,1750952687578,Left,0.9214897,0.363739,0.4631494,1.043653,0.6803814,0.100449,0.9111366,0.3665026,0.4384426,0.1,3,0,0.9936369,0.9345461,0.333433,0.9599305,0.3143528,0.5015579,False,3,1,0
6/26/2025 5:44:47 PM,1750952687591,Left,0.9242628,0.3540063,0.4633833,1.044028,0.6741775,0.1000769,0.9138001,0.3571773,0.4388391,0.1,3,0,0.9958311,0.9261848,0.3346193,0.9627666,0.3046705,0.5015231,False,3,1,0
6/26/2025 5:44:47 PM,1750952687619,Left,0.9273536,0.3353988,0.4646081,1.044162,0.6617956,0.09810007,0.9173002,0.3394961,0.4401274,0.1,3,0,0.9998929,0.9107679,0.3367425,0.9657893,0.2857022,0.502087,False,3,1,0
6/26/2025 5:44:47 PM,1750952687633,Left,0.9275443,0.3261543,0.4657292,1.044068,0.6557165,0.0970484,0.9172442,0.3308082,0.4413273,0.1,3,0,1.001846,0.9029055,0.3380098,0.9651875,0.2764145,0.503188,False,3,1,0
6/26/2025 5:44:47 PM,1750952687662,Left,0.9279999,0.3094693,0.4676131,1.04451,0.6444826,0.09516537,0.9184328,0.3144404,0.4434891,0.1,3,0,1.004805,0.8888129,0.3410885,0.9648101,0.2585241,0.5051859,False,3,1,0
6/26/2025 5:44:47 PM,1750952687675,Left,0.9288915,0.3015705,0.4683659,1.045024,0.6392844,0.0944066,0.9196425,0.3071182,0.4444265,0.1,3,0,1.006186,0.8820523,0.3426299,0.9652901,0.2502957,0.5058389,False,3,1,0
6/26/2025 5:44:47 PM,1750952687702,Left,0.9296604,0.2855831,0.4712235,1.046407,0.6292418,0.09319031,0.9199509,0.2917201,0.4473326,0.1,3,0,1.008175,0.8692575,0.3457376,0.9644094,0.2336742,0.5084726,False,4,1,0
6/26/2025 5:44:47 PM,1750952687717,Left,0.9297851,0.2778194,0.472864,1.047039,0.6247004,0.09269023,0.9199334,0.2841524,0.4487573,0.1,3,0,1.009274,0.8632983,0.3468711,0.9635687,0.2253658,0.5097824,False,4,1,0
6/26/2025 5:44:47 PM,1750952687744,Left,0.9317145,0.2649201,0.4747394,1.047768,0.616534,0.09187663,0.9227394,0.2728034,0.4507971,0.1,3,0,1.011195,0.8517551,0.3488411,0.9645669,0.2124719,0.5115799,False,4,1,0
6/26/2025 5:44:47 PM,1750952687759,Left,0.9331915,0.2587484,0.4755068,1.048007,0.6126736,0.09155416,0.9239819,0.2659146,0.4514734,0.1,3,0,1.012282,0.8461858,0.3501062,0.9659283,0.2055557,0.5121468,False,4,1,0
6/26/2025 5:44:47 PM,1750952687772,Left,0.934489,0.2521143,0.476235,1.048241,0.6086878,0.0911895,0.9254045,0.2597346,0.4519787,0.1,3,0,1.013296,0.8407766,0.3511758,0.9673951,0.1992591,0.5125055,False,4,1,0
6/26/2025 5:44:47 PM,1750952687800,Left,0.9377596,0.239587,0.4774002,1.04914,0.6015941,0.09079516,0.9288276,0.2476971,0.4528905,0.1,3,0,1.015332,0.8304216,0.3533806,0.9709914,0.1867766,0.5128479,False,4,1,0
6/26/2025 5:44:47 PM,1750952687814,Left,0.9391465,0.2351137,0.4785008,1.050032,0.5985774,0.09095418,0.9299125,0.2429454,0.4541555,0.1,3,0,1.015921,0.8256321,0.3542446,0.9721529,0.1817491,0.5137771,False,4,1,0
6/26/2025 5:44:47 PM,1750952687841,Left,0.9421521,0.2258377,0.4811878,1.051884,0.5920143,0.09137106,0.932631,0.2342036,0.457006,0.1,3,0,1.017169,0.8163086,0.3555952,0.9749663,0.1730178,0.516571,False,4,1,0
6/26/2025 5:44:47 PM,1750952687856,Left,0.9436052,0.2211141,0.4821537,1.052675,0.5887346,0.0917269,0.9340218,0.2298416,0.4578689,0.1,3,0,1.017915,0.8124848,0.3562204,0.9764855,0.1686164,0.517302,False,4,1,0
6/26/2025 5:44:47 PM,1750952687883,Left,0.9464139,0.2123499,0.4834275,1.053536,0.5823424,0.09227908,0.93612,0.221516,0.4594673,0.1,3,0,1.018837,0.8054596,0.3579566,0.9788888,0.159864,0.5182366,False,4,1,0
6/26/2025 5:44:47 PM,1750952687898,Left,0.9482596,0.2078803,0.4836919,1.053872,0.5794085,0.09260345,0.937812,0.217504,0.4594926,0.1,3,0,1.018871,0.8024917,0.3589172,0.9807873,0.1555765,0.5178199,False,4,1,0
6/26/2025 5:44:47 PM,1750952687925,Left,0.9514004,0.2015352,0.4834762,1.054218,0.5747443,0.09364581,0.9404493,0.211957,0.4596981,0.1,3,0,1.018596,0.7979438,0.3601596,0.9843887,0.1496652,0.5169086,False,4,1,0
6/26/2025 5:44:47 PM,1750952687939,Left,0.9523286,0.200624,0.4838067,1.054221,0.5727292,0.09429979,0.9410988,0.2106766,0.4603327,0.1,3,0,1.018465,0.796478,0.3606993,0.9858205,0.148721,0.5173016,False,4,1,0
6/26/2025 5:44:47 PM,1750952687953,Left,0.9525207,0.2011264,0.4849763,1.054286,0.5711561,0.09519088,0.940975,0.210624,0.4613254,0.1,3,0,1.017811,0.795804,0.3613471,0.9863665,0.1494589,0.5186178,False,4,1,0
6/26/2025 5:44:47 PM,1750952687981,Left,0.9512974,0.2043385,0.4889525,1.054466,0.5685889,0.09705555,0.9397491,0.2128738,0.4644989,0.1,3,0,1.01665,0.79544,0.3628032,0.9849383,0.153049,0.5233454,False,4,1,0
6/26/2025 5:44:47 PM,1750952687994,Left,0.9489478,0.2085077,0.4919997,1.054209,0.5691099,0.09813559,0.9383792,0.2149803,0.4667222,0.1,3,0,1.016067,0.7965184,0.3637487,0.983125,0.1556582,0.5264105,False,4,1,0
6/26/2025 5:44:48 PM,1750952688023,Left,0.9459576,0.2172503,0.4957093,1.053567,0.5711673,0.09976304,0.9349418,0.2227492,0.4714574,0.1,3,0,1.014368,0.7993282,0.3649561,0.9789225,0.1646989,0.5329377,False,4,1,0
6/26/2025 5:44:48 PM,1750952688037,Left,0.9453959,0.222217,0.4964834,1.053272,0.5721983,0.1003077,0.9345205,0.2282349,0.4718933,0.1,3,0,1.013153,0.8015337,0.3655396,0.9787058,0.1713057,0.5342688,False,4,1,0
6/26/2025 5:44:48 PM,1750952688064,Left,0.9457135,0.2346952,0.4965101,1.051676,0.5756921,0.1058443,0.9337051,0.2378266,0.4716941,0.1,3,0,1.009709,0.807231,0.3662393,0.9800255,0.1829755,0.5343819,False,4,1,0
6/26/2025 5:44:48 PM,1750952688078,Left,0.9455258,0.242073,0.4965067,1.049765,0.5799253,0.109331,0.9331673,0.2440909,0.4717675,0.1,3,0,1.007557,0.8114895,0.3662503,0.9800547,0.1897189,0.5344511,False,4,1,0
6/26/2025 5:44:48 PM,1750952688092,Left,0.9449558,0.2492595,0.4965684,1.048218,0.5831971,0.1113572,0.9323173,0.2509232,0.4718105,0.1,3,0,1.005711,0.8163507,0.3666052,0.9795906,0.1970554,0.5346394,False,4,1,0
6/26/2025 5:44:48 PM,1750952688120,Left,0.9427974,0.2661939,0.4968768,1.044177,0.5918638,0.1156327,0.9300697,0.2648271,0.4723334,0.1,3,0,1.001784,0.8284775,0.3683815,0.9781175,0.2122367,0.5356551,False,4,1,0
6/26/2025 5:44:48 PM,1750952688133,Left,0.9415023,0.2758324,0.4972504,1.042206,0.5967017,0.1179477,0.9286677,0.2731045,0.4728585,0.1,3,0,0.9996908,0.8357097,0.3697743,0.9770467,0.2209046,0.5362511,False,4,1,0
6/26/2025 5:44:48 PM,1750952688162,Left,0.9387712,0.2970413,0.498031,1.038144,0.607983,0.1232212,0.9257625,0.2931725,0.4742552,0.1,3,0,0.9957582,0.8523649,0.3734797,0.9749248,0.242015,0.5378945,False,4,1,0
6/26/2025 5:44:48 PM,1750952688175,Left,0.9368213,0.3078048,0.4987202,1.036079,0.6135342,0.1258498,0.923682,0.3037183,0.4751321,0.1,3,0,0.993308,0.861409,0.3752625,0.9731167,0.2533169,0.5391625,False,4,1,0
6/26/2025 5:44:48 PM,1750952688203,Left,0.9288374,0.332255,0.5017447,1.030966,0.6267734,0.1315836,0.9158622,0.3279976,0.478853,0.1,3,0,0.9869752,0.8829525,0.3791083,0.9650316,0.2784832,0.5437735,False,4,1,0
6/26/2025 5:44:48 PM,1750952688216,Left,0.9257115,0.3438181,0.5027301,1.028439,0.6336536,0.1346157,0.9124695,0.3406389,0.4798316,0.1,3,0,0.9839324,0.8942585,0.3811386,0.9613729,0.2917342,0.5454118,False,4,1,0
6/26/2025 5:44:48 PM,1750952688245,Left,0.9194264,0.3699068,0.504233,1.024224,0.649881,0.1416762,0.9061593,0.3663664,0.4815858,0.1,3,0,0.977451,0.9192888,0.3841194,0.9551067,0.3179169,0.5474704,False,4,1,0
6/26/2025 5:44:48 PM,1750952688259,Left,0.9152831,0.3826257,0.5054697,1.021945,0.6579469,0.145225,0.901798,0.3790959,0.4831098,0.1,3,0,0.9744354,0.9320486,0.3851749,0.950667,0.3306574,0.5490607,False,4,1,0
6/26/2025 5:44:48 PM,1750952688272,Left,0.9100926,0.3954507,0.5069461,1.019547,0.6670434,0.1489779,0.89668,0.3917631,0.4844788,0.1,3,0,0.9713929,0.945087,0.3852735,0.945272,0.3433368,0.5506429,False,4,1,0
6/26/2025 5:44:48 PM,1750952688300,Left,0.9011051,0.4234056,0.5080867,1.0155,0.6869939,0.1570293,0.8883772,0.4193652,0.4854403,0.1,3,0,0.9645545,0.9733273,0.3854171,0.9365894,0.370929,0.5518745,False,4,1,0
6/26/2025 5:44:48 PM,1750952688314,Left,0.8966896,0.4381245,0.5085741,1.01351,0.6974854,0.1609341,0.8845351,0.4348231,0.4857225,0.1,3,0,0.960289,0.9882457,0.3859949,0.9326145,0.3865561,0.5523757,False,4,1,0
6/26/2025 5:44:48 PM,1750952688342,Left,0.8843271,0.467211,0.511214,1.008725,0.7199317,0.1682373,0.872974,0.464529,0.4882525,0.1,3,0,0.9509615,1.018855,0.3875947,0.9209097,0.4168232,0.5554113,False,4,1,0
6/26/2025 5:44:48 PM,1750952688356,Left,0.8767653,0.4814962,0.5124228,1.006532,0.7317088,0.1716859,0.8646287,0.479453,0.4899336,0.1,3,0,0.9465529,1.034723,0.387712,0.9123601,0.431864,0.5573204,False,4,1,0
6/26/2025 5:44:48 PM,1750952688383,Left,0.861883,0.508531,0.5134706,1.002239,0.7548094,0.1783444,0.8487099,0.5073619,0.4914467,0.1,3,0,0.9363712,1.067765,0.3880092,0.8957086,0.4596315,0.5592473,False,4,1,0
6/26/2025 5:44:48 PM,1750952688397,Left,0.8554448,0.521263,0.5130913,0.9997765,0.7661994,0.1810694,0.842732,0.520236,0.4902215,0.1,3,0,0.9309937,1.08428,0.3880004,0.8886339,0.4720181,0.5584273,False,4,1,0
6/26/2025 5:44:48 PM,1750952688411,Left,0.8498145,0.5349043,0.512309,0.9971491,0.7769398,0.1837004,0.8379132,0.5349635,0.4892098,0.1,3,0,0.9255508,1.101109,0.3875899,0.8825164,0.4859551,0.5577131,False,4,1,0
6/26/2025 5:44:48 PM,1750952688439,Left,0.8382022,0.5639135,0.5099988,0.9909788,0.7975366,0.1879786,0.82822,0.5669512,0.4863473,0.1,3,0,0.9135824,1.135638,0.3848066,0.8705895,0.5170161,0.5555953,False,4,1,0
6/26/2025 5:44:48 PM,1750952688453,Left,0.8315609,0.5786408,0.5090575,0.9878137,0.807615,0.1900451,0.8217281,0.581477,0.4856248,0.1,3,0,0.9071643,1.153119,0.382593,0.8641162,0.5315522,0.5548689,False,4,1,0
6/26/2025 5:44:48 PM,1750952688481,Left,0.8172024,0.6070298,0.5066739,0.9813763,0.8272097,0.1936363,0.8059092,0.61248,0.4831106,0.1,3,0,0.8945615,1.187395,0.3768263,0.8481573,0.5625234,0.5524172,False,4,1,0
6/26/2025 5:44:48 PM,1750952688495,Left,0.810535,0.6207157,0.5049973,0.9781159,0.8366737,0.1951139,0.798703,0.6266432,0.4812682,0.1,3,0,0.8881125,1.20422,0.3740308,0.8408359,0.5765558,0.5505505,False,4,1,0
6/26/2025 5:44:48 PM,1750952688522,Left,0.797942,0.6489972,0.5007812,0.9714112,0.8547237,0.1975923,0.7854522,0.6558345,0.4762266,0.1,3,0,0.8745793,1.236604,0.3663193,0.8266581,0.6053882,0.5458055,False,4,1,0
6/26/2025 5:44:48 PM,1750952688537,Left,0.7922696,0.6632475,0.4988544,0.9678606,0.8631685,0.198876,0.7801072,0.6708133,0.4736013,0.1,3,0,0.8677827,1.252177,0.3614346,0.8205976,0.6201771,0.5434617,False,4,1,0
6/26/2025 5:44:48 PM,1750952688564,Left,0.7802747,0.6916968,0.4949933,0.9601604,0.8787148,0.2000024,0.7689022,0.7002641,0.4680185,0.1,3,0,0.8540753,1.282491,0.3510466,0.8079899,0.6493449,0.5384697,False,4,1,0
6/26/2025 5:44:48 PM,1750952688578,Left,0.7736192,0.7058363,0.4927784,0.9560239,0.8854097,0.1992291,0.7617258,0.7146909,0.4653634,0.1,3,0,0.8467979,1.296995,0.3448242,0.8000088,0.6637213,0.5362188,False,4,1,0
6/26/2025 5:44:48 PM,1750952688592,Left,0.7671604,0.7185186,0.4912207,0.9521701,0.8924829,0.1990778,0.7546099,0.7278594,0.4628016,0.1,3,0,0.8398032,1.310886,0.3387675,0.7917486,0.6766891,0.5341198,False,4,1,0
6/26/2025 5:44:48 PM,1750952688620,Left,0.7570555,0.7436267,0.4878427,0.9448575,0.906524,0.1986301,0.7444943,0.7528712,0.4573429,0.1,3,0,0.8271561,1.336885,0.3260911,0.7790076,0.7011579,0.5295824,False,4,1,0
6/26/2025 5:44:48 PM,1750952688634,Left,0.7545855,0.7558894,0.4859004,0.9412286,0.9130881,0.198058,0.7431625,0.7653868,0.4539432,0.1,3,0,0.8216074,1.349091,0.3198527,0.7763368,0.7137778,0.5268812,False,4,1,0
6/26/2025 5:44:48 PM,1750952688662,Left,0.750984,0.7789916,0.482547,0.9336771,0.9248406,0.1959046,0.7386177,0.78839,0.4487156,0.1,3,0,0.8113474,1.371822,0.3080162,0.7733637,0.7371287,0.5211654,False,4,1,0
6/26/2025 5:44:48 PM,1750952688675,Left,0.7489648,0.7898607,0.4812232,0.9297788,0.930018,0.1943358,0.7354108,0.7990307,0.4467334,0.1,3,0,0.8065075,1.38193,0.3018907,0.7707065,0.7478052,0.5189425,False,4,1,0
6/26/2025 5:44:48 PM,1750952688703,Left,0.7419921,0.8108612,0.4801509,0.9220926,0.9398624,0.1910686,0.7270375,0.8199843,0.4433524,0.1,3,0,0.798234,1.401225,0.2889415,0.7616172,0.7687526,0.5159026,False,4,1,0
6/26/2025 5:44:48 PM,1750952688717,Left,0.738873,0.8202661,0.4794586,0.9186578,0.9440848,0.1891224,0.7239868,0.828998,0.4416344,0.1,3,0,0.7946241,1.409976,0.2823924,0.7579177,0.7777408,0.5144724,False,4,1,0
6/26/2025 5:44:48 PM,1750952688745,Left,0.7334656,0.8377355,0.4770975,0.9124733,0.9526369,0.1851138,0.719689,0.8458921,0.436686,0.1,3,0,0.7877952,1.427021,0.2697901,0.7529854,0.7942752,0.5095627,False,4,1,0
6/26/2025 5:44:48 PM,1750952688759,Left,0.7310441,0.8460859,0.4761797,0.909748,0.9566871,0.1833634,0.7176315,0.8540468,0.434486,0.1,3,0,0.7848099,1.434987,0.2638708,0.7511787,0.8024141,0.5072364,False,4,1,0
6/26/2025 5:44:48 PM,1750952688773,Left,0.728071,0.8550737,0.4756408,0.9071957,0.9608365,0.1816586,0.7138914,0.8627744,0.43342,0.1,3,0,0.7820234,1.442413,0.2580768,0.7477466,0.8111241,0.5060151,False,4,1,0
6/26/2025 5:44:48 PM,1750952688801,Left,0.7204814,0.8732908,0.474703,0.902519,0.9690264,0.1780828,0.7049141,0.8804795,0.4317738,0.1,3,0,0.7766745,1.456366,0.2470175,0.7377592,0.8290438,0.5049827,False,4,1,0
6/26/2025 5:44:48 PM,1750952688814,Left,0.7164513,0.8804842,0.4744581,0.9006967,0.9726751,0.1761844,0.7005837,0.8873525,0.4305915,0.1,3,0,0.7740313,1.462789,0.2416519,0.7326673,0.8360403,0.5042235,False,4,1,0
6/26/2025 5:44:48 PM,1750952688842,Left,0.7113838,0.8944004,0.4729942,0.8966817,0.978955,0.1730474,0.6976967,0.9001972,0.4262407,0.1,3,0,0.7702943,1.474608,0.2309626,0.7279755,0.8491614,0.500823,False,4,1,0
6/26/2025 5:44:48 PM,1750952688856,Left,0.709331,0.901095,0.4720303,0.8947113,0.9820306,0.1713523,0.6963505,0.9063209,0.4240777,0.1,3,0,0.7686142,1.480111,0.2260493,0.7266293,0.8552851,0.49866,False,4,1,0
6/26/2025 5:44:48 PM,1750952688884,Left,0.7037971,0.9140316,0.4702461,0.8913854,0.9877027,0.1683236,0.691345,0.918339,0.4206174,0.1,3,0,0.7657408,1.490723,0.2166393,0.7217896,0.8671662,0.4950382,False,4,1,0
6/26/2025 5:44:48 PM,1750952688897,Left,0.6996305,0.9217203,0.4697253,0.8897825,0.9905208,0.1671484,0.6878163,0.924635,0.4198357,0.1,3,0,0.7642142,1.496223,0.2119502,0.71784,0.8735462,0.4944849,False,4,1,0
6/26/2025 5:44:48 PM,1750952688925,Left,0.6921308,0.9358817,0.4686748,0.8869451,0.9963578,0.164928,0.6807383,0.9385848,0.4168419,0.1,3,0,0.7612519,1.506047,0.2024163,0.7092632,0.8877446,0.4922447,False,4,1,0
6/26/2025 5:44:48 PM,1750952688940,Left,0.688553,0.9421913,0.4682444,0.8857934,0.9992748,0.1639851,0.6780577,0.9443775,0.415451,0.1,3,0,0.7600317,1.511029,0.198105,0.7063076,0.8931356,0.4906852,False,4,1,0
6/26/2025 5:44:48 PM,1750952688953,Left,0.6850339,0.9485667,0.467752,0.8844376,1.00229,0.1629611,0.6749372,0.9501388,0.4140694,0.1,3,0,0.7586891,1.516419,0.19419,0.7035223,0.8988621,0.4891532,False,4,1,0
6/26/2025 5:44:48 PM,1750952688981,Left,0.6780312,0.961526,0.467268,0.881694,1.008474,0.1614069,0.6694844,0.9620879,0.411687,0.1,3,0,0.7573429,1.526024,0.1850753,0.6989176,0.9104788,0.4862134,False,4,1,0
6/26/2025 5:44:48 PM,1750952688995,Left,0.6740602,0.968529,0.4675126,0.8805668,1.011349,0.1605992,0.6659501,0.9686775,0.4111013,0.1,3,0,0.7565807,1.531364,0.180755,0.6958844,0.9167607,0.4852131,False,4,1,0
6/26/2025 5:44:49 PM,1750952689023,Left,0.6655413,0.9847488,0.4686664,0.8783265,1.016788,0.1590953,0.6589463,0.9827434,0.4106822,0.1,3,0,0.7548687,1.542508,0.1722782,0.6889731,0.9302729,0.4843654,False,4,1,0
6/26/2025 5:44:49 PM,1750952689037,Left,0.6598337,0.9943959,0.4700699,0.8772345,1.019297,0.1588295,0.6549619,0.9900258,0.4108673,0.1,3,0,0.7543154,1.547416,0.1682297,0.684633,0.9381217,0.4850938,False,4,1,0
6/26/2025 5:44:49 PM,1750952689064,Left,0.6466399,1.014488,0.4741687,0.8751652,1.02352,0.1585257,0.6446682,1.006635,0.4122177,0.1,3,0,0.7541912,1.555808,0.1606396,0.6732175,0.9556068,0.4874839,False,4,1,0
6/26/2025 5:44:49 PM,1750952689079,Left,0.6407782,1.024419,0.4758385,0.8741446,1.025438,0.1582218,0.6386353,1.016616,0.4132402,0.1,3,0,0.7542307,1.559668,0.1562992,0.6671847,0.9655873,0.4885064,False,4,1,0
6/26/2025 5:44:49 PM,1750952689092,Left,0.6350849,1.035108,0.4775822,0.8728544,1.027027,0.1581993,0.6342726,1.025492,0.4137728,0.1,3,0,0.754183,1.563976,0.1520272,0.6628354,0.9745051,0.4890621,False,4,1,0
6/26/2025 5:44:49 PM,1750952689120,Left,0.6229964,1.057391,0.4813148,0.8701017,1.029646,0.1581016,0.6258143,1.043235,0.4150665,0.1,3,0,0.7547027,1.57206,0.1445671,0.6544704,0.9924213,0.4904375,False,4,1,0
6/26/2025 5:44:49 PM,1750952689134,Left,0.6149751,1.069495,0.4836404,0.8688288,1.030828,0.1578599,0.6196917,1.052369,0.4162512,0.1,3,0,0.7550775,1.575503,0.1404788,0.6485257,1.001949,0.4918185,False,4,1,0
6/26/2025 5:44:49 PM,1750952689162,Left,0.5988456,1.092377,0.4880363,0.8662525,1.033177,0.1573739,0.6054538,1.070929,0.418097,0.1,3,0,0.7558415,1.582432,0.1321663,0.6328989,1.02107,0.4945483,False,4,1,0
6/26/2025 5:44:49 PM,1750952689176,Left,0.5910752,1.10424,0.4901254,0.8650987,1.034549,0.1571872,0.5992767,1.080152,0.4190048,0.1,3,0,0.7561466,1.585531,0.1283443,0.6263339,1.030342,0.4956261,False,4,1,0
6/26/2025 5:44:49 PM,1750952689204,Left,0.5757971,1.127452,0.4938256,0.8628659,1.03701,0.1569717,0.5872288,1.098126,0.4207624,0.1,3,0,0.7570326,1.59078,0.1217331,0.6142861,1.048316,0.4973837,False,4,1,0
6/26/2025 5:44:49 PM,1750952689217,Left,0.5685074,1.139032,0.4953426,0.8616896,1.038049,0.1567253,0.5818261,1.106899,0.4211417,0.1,3,0,0.7574753,1.593089,0.1183555,0.6088833,1.057088,0.497763,False,4,1,0
6/26/2025 5:44:49 PM,1750952689244,Left,0.5515337,1.16337,0.4980272,0.8595493,1.039594,0.1557306,0.5665605,1.125013,0.4227307,0.1,3,0,0.7581831,1.59715,0.111755,0.593069,1.075363,0.4996473,False,4,1,0
6/26/2025 5:44:49 PM,1750952689259,Left,0.5426985,1.175732,0.4989424,0.8582686,1.040448,0.1550658,0.5589783,1.134348,0.4232429,0.1,3,0,0.7584207,1.598924,0.1090952,0.5848694,1.084752,0.5004044,False,4,1,0
6/26/2025 5:44:49 PM,1750952689273,Left,0.5348614,1.188162,0.4997137,0.8569334,1.041505,0.1545001,0.5530916,1.143612,0.4229778,0.1,3,0,0.7587454,1.600469,0.1064287,0.5781404,1.094111,0.5004777,False,4,1,0
6/26/2025 5:44:49 PM,1750952689300,Left,0.5199509,1.212674,0.5010934,0.8544261,1.043721,0.1530695,0.5429596,1.161531,0.4222489,0.1,3,0,0.7588798,1.60349,0.1004816,0.5670263,1.11311,0.5007358,False,4,1,0
6/26/2025 5:44:49 PM,1750952689315,Left,0.5126883,1.224551,0.5017983,0.8530064,1.044569,0.1523027,0.5370588,1.170308,0.4223881,0.1,3,0,0.7585276,1.605,0.09814632,0.5611255,1.121887,0.5008751,False,4,1,0
6/26/2025 5:44:49 PM,1750952689342,Left,0.4968008,1.249756,0.5029706,0.8493836,1.045799,0.1498587,0.5223546,1.188451,0.423391,0.1,3,0,0.7575742,1.60752,0.09356189,0.5461274,1.140078,0.5019969,False,4,1,0
6/26/2025 5:44:49 PM,1750952689355,Left,0.4883177,1.262541,0.5034119,0.8471718,1.046133,0.1484027,0.5141027,1.19813,0.4235662,0.1,3,0,0.7570816,1.608855,0.09054828,0.5374922,1.149831,0.5023321,False,4,1,0
6/26/2025 5:44:49 PM,1750952689384,Left,0.4726998,1.288347,0.5038316,0.8426028,1.047131,0.1453929,0.5004556,1.218433,0.4232571,0.1,3,0,0.7553457,1.612336,0.08582854,0.5225034,1.170539,0.5026547,False,4,1,0
6/26/2025 5:44:49 PM,1750952689398,Left,0.4656355,1.30135,0.503727,0.8404247,1.04795,0.1438723,0.4950248,1.228172,0.4229056,0.1,3,0,0.7543096,1.613769,0.08435118,0.516257,1.180752,0.502809,False,4,1,0
6/26/2025 5:44:49 PM,1750952689411,Left,0.4581985,1.314472,0.503722,0.8383507,1.048835,0.1425195,0.489426,1.237577,0.4221282,0.1,3,0,0.7531948,1.615051,0.08217084,0.5097164,1.190768,0.5026343,False,4,1,0
6/26/2025 5:44:49 PM,1750952689439,Left,0.4426012,1.343706,0.5028701,0.834204,1.050249,0.1402595,0.4783195,1.256008,0.4206007,0.1,3,0,0.7499579,1.617638,0.07626665,0.4962175,1.210899,0.5026302,False,4,1,0
6/26/2025 5:44:49 PM,1750952689453,Left,0.4351386,1.358348,0.5021131,0.8319643,1.050888,0.1388228,0.4725839,1.266109,0.4194317,0.1,3,0,0.7482616,1.618898,0.07319427,0.489139,1.222087,0.5023294,False,4,1,0
6/26/2025 5:44:49 PM,1750952689481,Left,0.4207242,1.386989,0.4997355,0.8271009,1.052103,0.1357329,0.4599218,1.290386,0.4161728,0.1,3,0,0.7440635,1.621592,0.06728208,0.4742931,1.249086,0.500859,False,4,1,0
6/26/2025 5:44:49 PM,1750952689495,Left,0.4143125,1.400634,0.4981308,0.8248174,1.052888,0.1341976,0.4540442,1.301317,0.413838,0.1,3,0,0.7414743,1.622917,0.06426489,0.4677964,1.261443,0.4993068,False,4,1,0
6/26/2025 5:44:49 PM,1750952689523,Left,0.4025044,1.425861,0.4936117,0.8197838,1.054881,0.1310215,0.4437835,1.318242,0.4085491,0.1,3,0,0.7353067,1.625541,0.05937636,0.4563246,1.281918,0.4957688,False,4,1,0
6/26/2025 5:44:49 PM,1750952689536,Left,0.3962762,1.437961,0.4914422,0.81698,1.055934,0.1295077,0.4384789,1.326255,0.4058398,0.1,3,0,0.7319372,1.627,0.05707181,0.4502832,1.291554,0.4938198,False,4,1,0
6/26/2025 5:44:49 PM,1750952689564,Left,0.3827645,1.459267,0.4868827,0.8107835,1.058119,0.1265945,0.4264564,1.341813,0.4009932,0.1,3,0,0.7251763,1.629302,0.0512625,0.4373181,1.308548,0.4896468,False,4,1,0
6/26/2025 5:44:49 PM,1750952689579,Left,0.3756411,1.46858,0.4844825,0.8072602,1.059136,0.1250392,0.4200884,1.348807,0.3984983,0.1,3,0,0.7216885,1.629875,0.04819727,0.4303258,1.316241,0.4874852,False,4,1,0
6/26/2025 5:44:49 PM,1750952689592,Left,0.3682187,1.477472,0.4823471,0.8034859,1.060054,0.1233162,0.4131315,1.354875,0.3961116,0.1,3,0,0.7177279,1.630838,0.04514873,0.4228599,1.322495,0.4852231,False,4,1,0
6/26/2025 5:44:49 PM,1750952689620,Left,0.3530906,1.493476,0.4782161,0.7956666,1.061794,0.1196749,0.3992385,1.366859,0.3915901,0.1,3,0,0.7090473,1.633523,0.03909361,0.4078849,1.334785,0.4809237,False,4,1,0
6/26/2025 5:44:49 PM,1750952689634,Left,0.3453217,1.500622,0.4761704,0.7914762,1.062517,0.1178966,0.3921034,1.372369,0.3894773,0.1,3,0,0.7047116,1.634419,0.03634381,0.4001637,1.340472,0.4789286,False,4,1,0
6/26/2025 5:44:49 PM,1750952689661,Left,0.3294014,1.514529,0.4719532,0.7827444,1.063645,0.1144433,0.3776778,1.382425,0.3849163,0.1,3,0,0.695725,1.63504,0.03016365,0.3845841,1.351286,0.4747307,False,4,1,0
6/26/2025 5:44:49 PM,1750952689676,Left,0.3216568,1.520902,0.4700793,0.7779362,1.064004,0.1127999,0.3706833,1.386837,0.3826705,0.1,3,0,0.6906497,1.634918,0.02715218,0.3771282,1.356214,0.4726963,False,4,1,0
6/26/2025 5:44:49 PM,1750952689703,Left,0.3064229,1.532912,0.4664966,0.7679533,1.064418,0.1093652,0.3565727,1.395303,0.3785588,0.1,3,0,0.6799071,1.635166,0.02083302,0.3620999,1.36506,0.4687743,False,4,1,0
6/26/2025 5:44:49 PM,1750952689717,Left,0.2984213,1.538824,0.4646511,0.7627584,1.064445,0.107527,0.3496951,1.398847,0.3769054,0.1,3,0,0.6742556,1.634936,0.01831186,0.3548007,1.368785,0.4672062,False,4,1,0
6/26/2025 5:44:49 PM,1750952689745,Left,0.2826152,1.549186,0.4612309,0.7512152,1.063639,0.1038125,0.3337975,1.406111,0.3727853,0.1,3,0,0.6625215,1.633357,0.01260161,0.3380665,1.37642,0.4632519,False,4,1,0
6/26/2025 5:44:49 PM,1750952689759,Left,0.2751226,1.55429,0.4597412,0.7450206,1.063124,0.1019372,0.326889,1.409504,0.3709511,0.1,3,0,0.6568367,1.632269,0.009204626,0.330837,1.379958,0.46148,False,4,1,0
6/26/2025 5:44:49 PM,1750952689773,Left,0.2677162,1.559425,0.4584014,0.7385777,1.062628,0.1000054,0.3199055,1.413157,0.3692771,0.1,3,0,0.6512029,1.631124,0.005900741,0.3237288,1.383827,0.4598815,False,4,1,0
6/26/2025 5:44:49 PM,1750952689801,Left,0.2531387,1.569278,0.4556328,0.7258953,1.06192,0.09590685,0.3056336,1.42003,0.3658651,0.1,3,0,0.6391854,1.630246,-0.0003950596,0.3095487,1.391437,0.4567007,False,4,1,0
6/26/2025 5:44:49 PM,1750952689814,Left,0.2459689,1.573664,0.454031,0.7194818,1.06152,0.09389699,0.2985197,1.42288,0.3639701,0.1,3,0,0.6332448,1.630644,-0.002846956,0.3024891,1.39488,0.4549876,False,4,1,0
6/26/2025 5:44:49 PM,1750952689842,Left,0.2314816,1.580939,0.4505198,0.7059232,1.060258,0.08951759,0.2847688,1.4276,0.36006,0.1,3,0,0.6216156,1.631423,-0.008021116,0.2887467,1.400282,0.4512846,False,4,1,0
6/26/2025 5:44:49 PM,1750952689856,Left,0.2243853,1.583897,0.4486395,0.6989987,1.059565,0.08716667,0.2776926,1.429714,0.3579018,0.1,3,0,0.6155894,1.631399,-0.01129878,0.2816706,1.402397,0.4491264,False,4,1,0
6/26/2025 5:44:49 PM,1750952689883,Left,0.2111521,1.589244,0.4451559,0.6850314,1.059364,0.0816803,0.2647725,1.433156,0.3536773,0.1,3,0,0.6049794,1.629954,-0.01838911,0.2686949,1.40572,0.4448688,False,4,1,0
6/26/2025 5:44:49 PM,1750952689898,Left,0.2044877,1.591995,0.4435105,0.678139,1.059996,0.07865059,0.2584793,1.434857,0.3516259,0.1,3,0,0.5999672,1.630023,-0.02202559,0.2623076,1.407272,0.4427761,False,4,1,0
6/26/2025 5:44:49 PM,1750952689911,Left,0.1979096,1.594184,0.4417423,0.6711291,1.060854,0.07543111,0.2521637,1.436586,0.3495579,0.1,3,0,0.5948695,1.63037,-0.0252825,0.2557675,1.408709,0.4406286,False,4,1,0
6/26/2025 5:44:49 PM,1750952689939,Left,0.185136,1.598653,0.4378512,0.6569482,1.062162,0.06860602,0.2400792,1.440209,0.3452986,0.1,3,0,0.5849379,1.632042,-0.03112781,0.2431591,1.412029,0.436295,False,4,1,0
6/26/2025 5:44:49 PM,1750952689953,Left,0.1795828,1.599863,0.4361244,0.6494381,1.063038,0.06449318,0.2348912,1.441582,0.3431573,0.1,3,0,0.5803748,1.633307,-0.03445816,0.2379694,1.413371,0.4341441,False,4,1,0
6/26/2025 5:44:49 PM,1750952689980,Left,0.1669384,1.60174,0.4331008,0.6348963,1.065537,0.05609834,0.2231291,1.442972,0.3392757,0.1,3,0,0.5711707,1.635419,-0.04152942,0.2265019,1.414538,0.430183,False,4,1,0
6/26/2025 5:44:49 PM,1750952689994,Left,0.1609786,1.602479,0.4315858,0.6286819,1.067013,0.05210304,0.2172694,1.443437,0.337173,0.1,3,0,0.5663753,1.636237,-0.04535377,0.2206736,1.414864,0.4280353,False,4,1,0
6/26/2025 5:44:50 PM,1750952690023,Left,0.1479378,1.606297,0.4276639,0.6170515,1.070531,0.04362679,0.2051727,1.44679,0.3328248,0.1,3,0,0.557749,1.63765,-0.05328262,0.2081336,1.41772,0.4235452,False,4,1,0
6/26/2025 5:44:50 PM,1750952690037,Left,0.1410569,1.608713,0.4255589,0.6109259,1.072355,0.03880417,0.1987518,1.449019,0.3303537,0.1,3,0,0.5535421,1.638206,-0.057307,0.2012591,1.419969,0.421094,False,4,1,0
6/26/2025 5:44:50 PM,1750952690064,Left,0.1279161,1.613186,0.4216264,0.5996906,1.075097,0.02959454,0.1865295,1.452626,0.3255825,0.1,3,0,0.544903,1.639592,-0.06468105,0.1887793,1.424552,0.4166363,False,4,1,0
6/26/2025 5:44:50 PM,1750952690078,Left,0.1215498,1.614772,0.4197081,0.5949891,1.076168,0.0251919,0.1804156,1.454161,0.3234191,0.1,3,0,0.5408659,1.64008,-0.06810296,0.1826654,1.426087,0.4144728,False,4,1,0
6/26/2025 5:44:50 PM,1750952690092,Left,0.1150534,1.616018,0.4174136,0.5903146,1.077155,0.02082503,0.1745043,1.454714,0.3208474,0.1,3,0,0.5371618,1.640442,-0.07135367,0.1767541,1.426641,0.4119012,False,4,1,0
6/26/2025 5:44:50 PM,1750952690119,Left,0.1016943,1.619206,0.4126699,0.5821953,1.078282,0.01231241,0.1618326,1.457342,0.3156817,0.1,3,0,0.5291965,1.64133,-0.07843304,0.1636269,1.429252,0.4067408,False,4,1,0
6/26/2025 5:44:50 PM,1750952690134,Left,0.09502077,1.621203,0.4104879,0.5787485,1.078207,0.00829041,0.1553142,1.458931,0.313232,0.1,3,0,0.5249734,1.641774,-0.08203661,0.1565765,1.430862,0.4043063,False,4,1,0
6/26/2025 5:44:50 PM,1750952690162,Left,0.08133686,1.626426,0.4056469,0.5721941,1.077009,0.000156045,0.1428794,1.463549,0.3081892,0.1,3,0,0.5170679,1.642782,-0.0888176,0.1431223,1.436085,0.399456,False,4,1,0
6/26/2025 5:44:50 PM,1750952690175,Left,0.07517922,1.628689,0.4031389,0.5688745,1.075926,-0.003999591,0.1374496,1.465242,0.305554,0.1,3,0,0.5134153,1.642804,-0.09208524,0.1373769,1.438211,0.3969505,False,4,1,0
6/26/2025 5:44:50 PM,1750952690203,Left,0.06425381,1.630005,0.3998852,0.5626515,1.07351,-0.01214433,0.127678,1.465605,0.3012376,0.1,3,0,0.5063206,1.642843,-0.09912634,0.1267351,1.438493,0.392605,False,4,1,0
6/26/2025 5:44:50 PM,1750952690217,Left,0.05888355,1.630076,0.3983706,0.5597544,1.072539,-0.0161581,0.1226593,1.465734,0.2994203,0.1,3,0,0.5026426,1.643024,-0.1025728,0.121251,1.437972,0.3905864,False,4,1,0
6/26/2025 5:44:50 PM,1750952690245,Left,0.04758012,1.632068,0.3938289,0.5545651,1.070927,-0.02449608,0.1124402,1.467074,0.2944557,0.1,3,0,0.4956849,1.643685,-0.1091903,0.1103502,1.439378,0.3856287,False,4,1,0
6/26/2025 5:44:50 PM,1750952690259,Left,0.0414989,1.633943,0.3914227,0.5520484,1.070073,-0.02843153,0.1067297,1.468866,0.292026,0.1,3,0,0.4923836,1.644013,-0.1122576,0.104468,1.441574,0.3833167,False,4,1,0
6/26/2025 5:44:50 PM,1750952690272,Left,0.0353322,1.635959,0.3892051,0.5494285,1.069231,-0.03242815,0.1008325,1.470704,0.2897368,0.1,3,0,0.4889399,1.644242,-0.115291,0.09830534,1.443895,0.3811639,False,4,1,0
6/26/2025 5:44:50 PM,1750952690301,Left,0.02569246,1.638723,0.3850889,0.5447943,1.068073,-0.04071558,0.09206475,1.472034,0.2849886,0.1,3,0,0.4822903,1.644373,-0.1216383,0.08891453,1.446568,0.3767794,False,4,1,0
6/26/2025 5:44:50 PM,1750952690314,Left,0.02158642,1.639643,0.3831123,0.5424889,1.067507,-0.04472303,0.08834253,1.472492,0.2826667,0.1,3,0,0.4790653,1.644244,-0.1251189,0.08519232,1.447026,0.3744576,False,4,1,0
6/26/2025 5:44:50 PM,1750952690342,Left,0.01374769,1.642125,0.3792202,0.5373836,1.065858,-0.05249858,0.08096845,1.473908,0.2782223,0.1,3,0,0.4729044,1.642988,-0.1322345,0.07817005,1.448486,0.3700367,False,4,1,0
6/26/2025 5:44:50 PM,1750952690356,Left,0.01024246,1.64367,0.3759757,0.5350145,1.065002,-0.05639565,0.07718337,1.474772,0.2752675,0.1,3,0,0.4696711,1.642374,-0.1356549,0.07464283,1.44967,0.3671772,False,4,1,0
6/26/2025 5:44:50 PM,1750952690384,Left,0.002778292,1.647036,0.368632,0.5303277,1.063542,-0.06430316,0.06976579,1.476852,0.2675973,0.1,3,0,0.4627123,1.640383,-0.143033,0.06646226,1.452804,0.3597644,False,4,1,0
6/26/2025 5:44:50 PM,1750952690397,Left,-0.001266122,1.648225,0.3658566,0.5275668,1.062786,-0.06810832,0.06587256,1.477023,0.264547,0.1,3,0,0.4590147,1.638765,-0.1474564,0.06238327,1.453516,0.3568465,False,4,1,0
6/26/2025 5:44:50 PM,1750952690425,Left,-0.007840395,1.649944,0.3597748,0.5219421,1.061291,-0.07591307,0.05925312,1.477645,0.258113,0.1,3,0,0.4521202,1.636557,-0.155897,0.05607828,1.45439,0.3504879,False,4,1,0
6/26/2025 5:44:50 PM,1750952690439,Left,-0.01079392,1.650179,0.3562046,0.5189898,1.060422,-0.07982004,0.0562791,1.477462,0.2543406,0.1,3,0,0.4482486,1.635463,-0.1601111,0.05321855,1.454208,0.3467197,False,4,1,0
6/26/2025 5:44:50 PM,1750952690453,Left,-0.01416111,1.65068,0.3532088,0.5158441,1.059603,-0.08385134,0.05263407,1.477318,0.2508879,0.1,3,0,0.4445573,1.634504,-0.1645426,0.04962363,1.453914,0.3432305,False,4,1,0
6/26/2025 5:44:50 PM,1750952690481,Left,-0.02126253,1.652202,0.3469409,0.5087994,1.058745,-0.09271002,0.04522547,1.477911,0.244055,0.1,3,0,0.4367657,1.633388,-0.1733222,0.04179584,1.454448,0.336368,False,4,1,0
6/26/2025 5:44:50 PM,1750952690495,Left,-0.02489579,1.653281,0.3430984,0.5054458,1.058785,-0.09722817,0.04160841,1.478669,0.2401636,0.1,3,0,0.4327555,1.633376,-0.1774755,0.03781162,1.455391,0.332509,False,4,1,0
6/26/2025 5:44:50 PM,1750952690523,Left,-0.03121161,1.655832,0.3357937,0.4995365,1.059611,-0.106089,0.03547981,1.481121,0.2328825,0.1,3,0,0.4248966,1.633501,-0.1855479,0.03175705,1.457961,0.3252605,False,4,1,0
6/26/2025 5:44:50 PM,1750952690537,Left,-0.03451252,1.657031,0.3330194,0.4969577,1.06016,-0.1101798,0.03228518,1.482204,0.229825,0.1,3,0,0.4209658,1.634018,-0.1892812,0.02876056,1.459252,0.3222629,False,4,1,0
6/26/2025 5:44:50 PM,1750952690564,Left,-0.04108858,1.658644,0.3275883,0.4905386,1.059874,-0.1187689,0.02470967,1.48322,0.2240072,0.1,3,0,0.4128864,1.635096,-0.1965853,0.02191776,1.460653,0.3165649,False,4,1,0
6/26/2025 5:44:50 PM,1750952690578,Left,-0.04413712,1.658073,0.3251921,0.4865713,1.058991,-0.1231351,0.02101805,1.483013,0.221307,0.1,3,0,0.4088275,1.636075,-0.2001395,0.01800607,1.459976,0.3137418,False,4,1,0
6/26/2025 5:44:50 PM,1750952690592,Left,-0.04761779,1.65747,0.3230277,0.4823184,1.058057,-0.1276023,0.01755583,1.482543,0.2187941,0.1,3,0,0.4045813,1.636656,-0.2039396,0.01418405,1.459002,0.3110896,False,4,1,0
6/26/2025 5:44:50 PM,1750952690620,Left,-0.0546664,1.656774,0.3182528,0.473582,1.056968,-0.1364121,0.01045682,1.48281,0.21357,0.1,3,0,0.3953388,1.6378,-0.2115659,0.006701434,1.458748,0.3057161,False,4,1,0
6/26/2025 5:44:50 PM,1750952690634,Left,-0.05842543,1.657008,0.3155559,0.4692487,1.057549,-0.14044,0.006917764,1.483796,0.2107746,0.1,3,0,0.3902011,1.638605,-0.2155879,0.003212941,1.459826,0.3029469,False,4,1,0
6/26/2025 5:44:50 PM,1750952690662,Left,-0.06503701,1.657615,0.3105901,0.4606726,1.059488,-0.1481168,0.0002048737,1.484942,0.2052728,0.1,3,0,0.3799882,1.640174,-0.2235951,-0.003082335,1.461458,0.2975856,False,4,1,0
6/26/2025 5:44:50 PM,1750952690676,Left,-0.06848752,1.657656,0.3084781,0.4557058,1.061303,-0.1519989,-0.003806748,1.485377,0.2027355,0.1,3,0,0.3749187,1.641321,-0.2273887,-0.006757267,1.462307,0.2951642,False,4,1,0
6/26/2025 5:44:50 PM,1750952690703,Left,-0.07439387,1.656494,0.3036369,0.4454688,1.064189,-0.1598824,-0.01130186,1.484199,0.1972722,0.1,3,0,0.3649731,1.64374,-0.2343545,-0.01301778,1.462254,0.2900054,False,4,1,0
6/26/2025 5:44:50 PM,1750952690717,Left,-0.07754135,1.654959,0.3017149,0.4398447,1.065703,-0.1637442,-0.01484822,1.483636,0.1950559,0.1,3,0,0.3598773,1.645436,-0.2377511,-0.01662732,1.461184,0.2876665,False,4,1,0
6/26/2025 5:44:50 PM,1750952690745,Left,-0.08514321,1.65138,0.2996118,0.4280645,1.068885,-0.170953,-0.02308136,1.481869,0.1919155,0.1,3,0,0.3489575,1.647771,-0.2448632,-0.02437194,1.458318,0.2842609,False,4,1,0
6/26/2025 5:44:50 PM,1750952690759,Left,-0.08880305,1.650645,0.297762,0.4222811,1.070671,-0.1742055,-0.0270095,1.481934,0.18987,0.1,3,0,0.3435395,1.648791,-0.2482699,-0.02830008,1.458383,0.2822154,False,4,1,0
6/26/2025 5:44:50 PM,1750952690773,Left,-0.09266782,1.650058,0.2959173,0.4163831,1.072612,-0.1771038,-0.03099365,1.481833,0.1877953,0.1,3,0,0.3382003,1.649743,-0.2513028,-0.03221418,1.458382,0.2801672,False,4,1,0
6/26/2025 5:44:50 PM,1750952690800,Left,-0.1011436,1.648709,0.2936519,0.4041011,1.076046,-0.1829373,-0.0405001,1.481036,0.1846956,0.1,3,0,0.3270581,1.651221,-0.2573354,-0.04166935,1.457676,0.2770912,False,4,1,0
6/26/2025 5:44:50 PM,1750952690814,Left,-0.1053152,1.647857,0.2927504,0.3980052,1.077428,-0.1860414,-0.04500537,1.480546,0.1833673,0.1,3,0,0.3214934,1.652018,-0.2601967,-0.0462587,1.457228,0.2757724,False,4,1,0
6/26/2025 5:44:50 PM,1750952690842,Left,-0.1126993,1.644826,0.2915645,0.3847816,1.078611,-0.1911323,-0.05264699,1.478456,0.1814797,0.1,3,0,0.3099303,1.6529,-0.2646266,-0.05377594,1.45486,0.2738157,False,4,1,0
6/26/2025 5:44:50 PM,1750952690856,Left,-0.1163803,1.643465,0.2908579,0.3779427,1.078207,-0.1934959,-0.05645814,1.477908,0.1805314,0.1,3,0,0.3043255,1.653023,-0.2670079,-0.05705579,1.454338,0.2728789,False,4,1,0
6/26/2025 5:44:50 PM,1750952690883,Left,-0.12454,1.640588,0.2896343,0.3638957,1.076761,-0.1982366,-0.06568468,1.47572,0.1786393,0.1,3,0,0.2920609,1.653141,-0.2714733,-0.06506924,1.452824,0.2711561,False,4,1,0
6/26/2025 5:44:50 PM,1750952690897,Left,-0.1284064,1.639276,0.288788,0.3564829,1.075996,-0.2005315,-0.07018499,1.475373,0.1776613,0.1,3,0,0.2857742,1.653345,-0.2734284,-0.06895643,1.452184,0.2700992,False,4,1,0
6/26/2025 5:44:50 PM,1750952690925,Left,-0.1367623,1.636029,0.2877264,0.3409996,1.07539,-0.2053009,-0.07926434,1.473091,0.1759918,0.1,3,0,0.2728313,1.653556,-0.2771111,-0.07776871,1.449927,0.2684318,False,4,1,0
6/26/2025 5:44:50 PM,1750952690940,Left,-0.1409659,1.633996,0.2877262,0.3332222,1.075643,-0.2076632,-0.08387959,1.471169,0.1755752,0.1,3,0,0.266176,1.653454,-0.2789047,-0.08228402,1.447962,0.2680028,False,4,1,0
6/26/2025 5:44:50 PM,1750952690953,Left,-0.1447328,1.631508,0.2879553,0.3250916,1.076425,-0.2101399,-0.0882496,1.468808,0.1752462,0.1,3,0,0.2592782,1.653236,-0.2807407,-0.08652635,1.445398,0.2676202,False,4,1,0
6/26/2025 5:44:50 PM,1750952690981,Left,-0.1525873,1.627628,0.2878675,0.3087463,1.079254,-0.2144161,-0.09712199,1.465265,0.1742705,0.1,3,0,0.2450576,1.652172,-0.2847854,-0.09510816,1.441214,0.266474,False,4,1,0
6/26/2025 5:44:50 PM,1750952690995,Left,-0.1573809,1.626714,0.2874805,0.3008649,1.080686,-0.2160099,-0.1023998,1.465231,0.1737986,0.1,3,0,0.2381284,1.65154,-0.2867294,-0.09971612,1.440793,0.2658831,False,4,1,0
6/26/2025 5:44:51 PM,1750952691023,Left,-0.1676919,1.625551,0.2864817,0.2842238,1.082753,-0.2189415,-0.1139728,1.464463,0.1723453,0.1,3,0,0.2236092,1.650593,-0.29013,-0.1099209,1.441271,0.2647015,False,4,1,0
6/26/2025 5:44:51 PM,1750952691037,Left,-0.1725597,1.624423,0.2863758,0.2751195,1.083415,-0.2203753,-0.1195562,1.463925,0.1720001,0.1,3,0,0.2157464,1.650635,-0.2917731,-0.1151725,1.440582,0.2643031,False,4,1,0
6/26/2025 5:44:51 PM,1750952691064,Left,-0.1816195,1.62096,0.2872031,0.2561774,1.084351,-0.2226728,-0.1292188,1.461039,0.1717617,0.1,3,0,0.1993144,1.650296,-0.2947038,-0.1244261,1.437567,0.2640117,False,4,1,0
6/26/2025 5:44:51 PM,1750952691078,Left,-0.1864021,1.61917,0.2877791,0.2467408,1.084815,-0.2234462,-0.1345529,1.45922,0.1719831,0.1,3,0,0.191108,1.649836,-0.2961321,-0.1294741,1.435578,0.2641744,False,4,1,0
6/26/2025 5:44:51 PM,1750952691092,Left,-0.1918302,1.617791,0.288263,0.2370499,1.085306,-0.223694,-0.1404251,1.458085,0.1720179,0.1,3,0,0.1826545,1.649028,-0.2978163,-0.1349232,1.434229,0.2641296,False,4,1,0
6/26/2025 5:44:51 PM,1750952691120,Left,-0.2037282,1.61598,0.2890183,0.2176248,1.085892,-0.2240374,-0.1543288,1.45692,0.1722351,0.1,3,0,0.1650631,1.647981,-0.3006579,-0.1476101,1.433625,0.2644098,False,4,1,0
6/26/2025 5:44:51 PM,1750952691134,Left,-0.2101419,1.615235,0.2897437,0.2073309,1.085752,-0.223722,-0.1614381,1.456188,0.1726214,0.1,3,0,0.1555933,1.647138,-0.3016784,-0.1542925,1.433132,0.264824,False,4,1,0
6/26/2025 5:44:51 PM,1750952691161,Left,-0.2212026,1.613264,0.2912377,0.1863581,1.085617,-0.2228098,-0.1744057,1.454689,0.1735459,0.1,3,0,0.1366221,1.646084,-0.3031192,-0.1661165,1.43149,0.2656171,False,4,1,0
6/26/2025 5:44:51 PM,1750952691175,Left,-0.2267325,1.611625,0.2921432,0.1757408,1.085679,-0.2221358,-0.1806684,1.453319,0.1742236,0.1,3,0,0.1266932,1.645741,-0.3034483,-0.1719489,1.429844,0.2661849,False,4,1,0
6/26/2025 5:44:51 PM,1750952691203,Left,-0.2376592,1.607391,0.2943372,0.1538008,1.085776,-0.2202206,-0.1936572,1.449858,0.1757948,0.1,3,0,0.1057048,1.6441,-0.3039278,-0.1839949,1.425482,0.2674267,False,4,1,0
6/26/2025 5:44:51 PM,1750952691217,Left,-0.2433549,1.605494,0.2954237,0.1426584,1.085898,-0.2191199,-0.2001405,1.448268,0.1766458,0.1,3,0,0.09511387,1.643426,-0.3040928,-0.1901325,1.423537,0.2681456,False,4,1,0
6/26/2025 5:44:51 PM,1750952691245,Left,-0.2567,1.602657,0.2969368,0.1195815,1.086356,-0.2158654,-0.2151648,1.445947,0.1780771,0.1,3,0,0.07316756,1.642056,-0.3032325,-0.2044431,1.421639,0.2696093,False,4,1,0
6/26/2025 5:44:51 PM,1750952691259,Left,-0.2629416,1.601374,0.2977028,0.108225,1.086516,-0.2144188,-0.2226034,1.444993,0.1788659,0.1,3,0,0.06229186,1.641524,-0.3026537,-0.2111634,1.420809,0.2703438,False,4,1,0
6/26/2025 5:44:51 PM,1750952691272,Left,-0.26964,1.599978,0.2985179,0.09601617,1.08662,-0.2123785,-0.2302382,1.443862,0.1797373,0.1,3,0,0.05111372,1.641054,-0.3014325,-0.2183058,1.42029,0.2713122,False,4,1,0
6/26/2025 5:44:51 PM,1750952691301,Left,-0.280678,1.594441,0.3002856,0.07128906,1.086829,-0.2083524,-0.2434981,1.439472,0.1816181,0.1,3,0,0.02900028,1.63974,-0.2986991,-0.2306703,1.415211,0.2728915,False,4,1,0
6/26/2025 5:44:51 PM,1750952691314,Left,-0.2861226,1.591309,0.3011891,0.05905962,1.087237,-0.206331,-0.2495778,1.436807,0.1825223,0.1,3,0,0.01776481,1.638986,-0.2974424,-0.2363404,1.412283,0.2736667,False,4,1,0
6/26/2025 5:44:51 PM,1750952691342,Left,-0.2993646,1.585752,0.3023815,0.03475296,1.088839,-0.2022924,-0.2648904,1.432631,0.1842161,0.1,3,0,-0.004257441,1.6373,-0.2942543,-0.2498161,1.408526,0.275187,False,4,1,0
6/26/2025 5:44:51 PM,1750952691356,Left,-0.3063819,1.583001,0.3027549,0.02259743,1.089799,-0.2003814,-0.272785,1.430706,0.184971,0.1,3,0,-0.01525402,1.63668,-0.2924638,-0.2570627,1.40708,0.2759578,False,4,1,0
6/26/2025 5:44:51 PM,1750952691384,Left,-0.3194489,1.575708,0.3043729,-0.001537323,1.09225,-0.1971167,-0.287576,1.424862,0.1869213,0.1,3,0,-0.03726339,1.634809,-0.2887141,-0.2717518,1.401186,0.2778773,False,4,1,0
6/26/2025 5:44:51 PM,1750952691398,Left,-0.3261812,1.570479,0.3056318,-0.01325488,1.094006,-0.1960362,-0.2950344,1.420921,0.1881004,0.1,3,0,-0.04836535,1.633835,-0.2867719,-0.2791033,1.397081,0.2789952,False,4,1,0
6/26/2025 5:44:51 PM,1750952691425,Left,-0.340421,1.559878,0.3075756,-0.03606117,1.097714,-0.1937941,-0.3108747,1.412683,0.1905903,0.1,3,0,-0.07010996,1.631967,-0.2827914,-0.2946392,1.388044,0.2812175,False,4,1,0
6/26/2025 5:44:51 PM,1750952691440,Left,-0.3478236,1.554522,0.3082987,-0.04726171,1.099527,-0.1929166,-0.3191792,1.409034,0.1917526,0.1,3,0,-0.08067322,1.631123,-0.2805949,-0.3026426,1.383806,0.2821631,False,4,1,0
6/26/2025 5:44:51 PM,1750952691453,Left,-0.3553956,1.549162,0.3092059,-0.05817866,1.101062,-0.1923454,-0.3273818,1.404798,0.1928665,0.1,3,0,-0.09144855,1.630079,-0.2784294,-0.3108452,1.37957,0.2832769,False,4,1,0
6/26/2025 5:44:51 PM,1750952691481,Left,-0.370265,1.538377,0.3110049,-0.07942212,1.103322,-0.1913779,-0.343521,1.39703,0.1953052,0.1,3,0,-0.1123538,1.62885,-0.2736759,-0.3270268,1.371738,0.2857054,False,4,1,0
6/26/2025 5:44:51 PM,1750952691494,Left,-0.3772919,1.53137,0.3120315,-0.0889852,1.103934,-0.1906512,-0.3512668,1.392122,0.1966185,0.1,3,0,-0.122357,1.628121,-0.2707935,-0.3348418,1.366398,0.2869095,False,4,1,0
6/26/2025 5:44:51 PM,1750952691523,Left,-0.3912177,1.518028,0.3139108,-0.1075538,1.105222,-0.1883637,-0.3662192,1.382282,0.1992917,0.1,3,0,-0.1422744,1.62709,-0.2653573,-0.3497792,1.355573,0.2892935,False,4,1,0
6/26/2025 5:44:51 PM,1750952691537,Left,-0.3986156,1.510132,0.3147888,-0.1158001,1.105797,-0.1870506,-0.3741296,1.376923,0.2005486,0.1,3,0,-0.1520152,1.626775,-0.2623668,-0.3578671,1.349882,0.2904836,False,4,1,0
6/26/2025 5:44:51 PM,1750952691564,Left,-0.4117975,1.493664,0.3162069,-0.1320189,1.10794,-0.1844615,-0.3885144,1.365162,0.2029878,0.1,3,0,-0.1714301,1.626875,-0.2560602,-0.3724017,1.336606,0.2924801,False,4,1,0
6/26/2025 5:44:51 PM,1750952691578,Left,-0.4188111,1.485496,0.3168141,-0.1399825,1.109255,-0.1831162,-0.3962983,1.359303,0.2041427,0.1,3,0,-0.1808918,1.626853,-0.2527525,-0.3798135,1.330568,0.2935102,False,4,1,0
6/26/2025 5:44:51 PM,1750952691592,Left,-0.4256253,1.476111,0.3173422,-0.1469505,1.1109,-0.1815623,-0.4035747,1.352536,0.2052819,0.1,3,0,-0.1894138,1.626606,-0.2490828,-0.3867655,1.32354,0.2945045,False,4,1,0
6/26/2025 5:44:51 PM,1750952691620,Left,-0.4378762,1.455858,0.3193469,-0.1600864,1.114266,-0.1782428,-0.4164685,1.338156,0.2076867,0.1,3,0,-0.2069921,1.625054,-0.2420909,-0.3994501,1.308355,0.2966038,False,4,1,0
6/26/2025 5:44:51 PM,1750952691634,Left,-0.4443972,1.445885,0.3206435,-0.1662452,1.115816,-0.1762544,-0.4233644,1.329873,0.2096505,0.1,3,0,-0.215749,1.624198,-0.2381959,-0.4063638,1.299532,0.2983881,False,4,1,0
6/26/2025 5:44:51 PM,1750952691661,Left,-0.4578643,1.423242,0.323591,-0.1775024,1.118269,-0.1716316,-0.4383866,1.312781,0.2134507,0.1,3,0,-0.2340561,1.622318,-0.2305532,-0.4217129,1.280981,0.3017386,False,4,1,0
6/26/2025 5:44:51 PM,1750952691676,Left,-0.46455,1.412298,0.3247322,-0.1834161,1.119197,-0.1692891,-0.4456566,1.304768,0.2151651,0.1,3,0,-0.2429389,1.621184,-0.2265565,-0.4292851,1.27214,0.3032066,False,4,1,0
6/26/2025 5:44:51 PM,1750952691703,Left,-0.4812787,1.387373,0.3289226,-0.1939945,1.118888,-0.1635855,-0.4592651,1.290308,0.2192642,0.1,3,0,-0.2588282,1.618486,-0.2169589,-0.4438494,1.255556,0.3066636,False,4,1,0
6/26/2025 5:44:51 PM,1750952691717,Left,-0.4894955,1.375368,0.330851,-0.199339,1.118527,-0.1608093,-0.4664445,1.282469,0.2220186,0.1,3,0,-0.2658885,1.616792,-0.2117425,-0.4515798,1.246637,0.3090763,False,4,1,0
6/26/2025 5:44:51 PM,1750952691745,Left,-0.5049317,1.350357,0.3339142,-0.2083648,1.117393,-0.1545075,-0.4828938,1.263125,0.2277801,0.1,3,0,-0.27988,1.613338,-0.2001135,-0.4692234,1.225259,0.3141705,False,4,1,0
6/26/2025 5:44:51 PM,1750952691759,Left,-0.5113182,1.336923,0.3352933,-0.2119465,1.116935,-0.150735,-0.4905323,1.252138,0.2304164,0.1,3,0,-0.287184,1.611085,-0.1940644,-0.4773226,1.213287,0.31644,False,4,1,0
6/26/2025 5:44:51 PM,1750952691773,Left,-0.5175474,1.32395,0.3367289,-0.2158713,1.116614,-0.1471511,-0.4976703,1.240979,0.2330195,0.1,3,0,-0.2942095,1.60893,-0.1879898,-0.4846807,1.201411,0.3187497,False,4,1,0
6/26/2025 5:44:51 PM,1750952691801,Left,-0.5301557,1.298453,0.3399972,-0.222765,1.11487,-0.1388627,-0.5107157,1.22083,0.2376574,0.1,3,0,-0.3086188,1.603325,-0.1757424,-0.4977498,1.181132,0.3233311,False,4,1,0
6/26/2025 5:44:51 PM,1750952691815,Left,-0.5371859,1.285825,0.3417617,-0.2267213,1.113993,-0.1349802,-0.5178885,1.210489,0.2402121,0.1,3,0,-0.3151944,1.600864,-0.1690974,-0.5049753,1.170566,0.3257887,False,4,1,0
6/26/2025 5:44:51 PM,1750952691842,Left,-0.5510597,1.26182,0.3451157,-0.2345648,1.110699,-0.1266397,-0.532549,1.19266,0.246214,0.1,3,0,-0.3276982,1.596207,-0.1541073,-0.5198405,1.152268,0.3316011,False,4,1,0
6/26/2025 5:44:51 PM,1750952691856,Left,-0.5572598,1.249852,0.3469592,-0.238513,1.108873,-0.1221802,-0.5389803,1.183605,0.2492176,0.1,3,0,-0.3340631,1.593606,-0.1468982,-0.5264521,1.14291,0.3344876,False,4,1,0
6/26/2025 5:44:51 PM,1750952691884,Left,-0.5686922,1.225883,0.3506423,-0.2464595,1.104903,-0.1126888,-0.5503029,1.165846,0.2554717,0.1,3,0,-0.3456419,1.58795,-0.1318439,-0.5385257,1.124595,0.3405813,False,4,1,0
6/26/2025 5:44:51 PM,1750952691898,Left,-0.5742097,1.213683,0.3522502,-0.2506986,1.102812,-0.1078429,-0.5551211,1.156484,0.2582054,0.1,3,0,-0.3513114,1.584807,-0.1244044,-0.5442616,1.115186,0.343414,False,4,1,0
6/26/2025 5:44:51 PM,1750952691926,Left,-0.5856836,1.18749,0.3552756,-0.2589669,1.098662,-0.09731662,-0.5658066,1.135915,0.2634984,0.1,3,0,-0.3615432,1.57786,-0.1087304,-0.5566285,1.093048,0.3481279,False,4,1,0
6/26/2025 5:44:51 PM,1750952691940,Left,-0.5913503,1.174687,0.3566766,-0.2629523,1.096649,-0.09170473,-0.5714568,1.125836,0.2663568,0.1,3,0,-0.3667595,1.57403,-0.100714,-0.5631974,1.082021,0.3505948,False,4,1,0
6/26/2025 5:44:51 PM,1750952691953,Left,-0.5968513,1.161915,0.3574432,-0.2672343,1.094635,-0.08555174,-0.5765836,1.115939,0.2688198,0.1,3,0,-0.3714311,1.570123,-0.09264946,-0.5694008,1.071223,0.3526821,False,4,1,0
6/26/2025 5:44:51 PM,1750952691981,Left,-0.607295,1.137155,0.3584603,-0.2761009,1.09104,-0.07279706,-0.5867668,1.096285,0.2728931,0.1,3,0,-0.3796892,1.562631,-0.07625508,-0.5800258,1.05027,0.3560865,False,4,1,0
6/26/2025 5:44:51 PM,1750952691995,Left,-0.6121173,1.124826,0.3590415,-0.280381,1.089327,-0.06595957,-0.5913004,1.086494,0.2748536,0.1,3,0,-0.3838043,1.558824,-0.06790149,-0.5848479,1.039921,0.3577591,False,4,1,0
6/26/2025 5:44:52 PM,1750952692023,Left,-0.6217544,1.100706,0.360355,-0.289381,1.085779,-0.05253196,-0.6005875,1.067714,0.2794048,0.1,3,0,-0.3914175,1.552566,-0.0503546,-0.5953529,1.019854,0.3616602,False,4,1,0
6/26/2025 5:44:52 PM,1750952692036,Left,-0.6264458,1.089897,0.3609033,-0.2941635,1.083848,-0.04586422,-0.604975,1.059377,0.2817478,0.1,3,0,-0.3951406,1.549711,-0.04104745,-0.6004265,1.011278,0.3639052,False,4,1,0
6/26/2025 5:44:52 PM,1750952692064,Left,-0.6362841,1.069513,0.361877,-0.304024,1.079395,-0.03230369,-0.6145985,1.044019,0.2868852,0.1,3,0,-0.4038584,1.545753,-0.0195446,-0.610056,0.9959479,0.369059,False,4,1,0
6/26/2025 5:44:52 PM,1750952692078,Left,-0.6425445,1.058665,0.3626584,-0.3091257,1.076611,-0.0252955,-0.6200073,1.035582,0.2889937,0.1,3,0,-0.4080827,1.542757,-0.00864923,-0.6152303,0.9872954,0.3710276,False,4,1,0
6/26/2025 5:44:52 PM,1750952692092,Left,-0.6488504,1.047963,0.3635243,-0.3141475,1.073707,-0.01824403,-0.6267758,1.026627,0.2916109,0.1,3,0,-0.4122133,1.539058,0.001772642,-0.6217935,0.9780695,0.3734727,False,4,1,0
6/26/2025 5:44:52 PM,1750952692119,Left,-0.6604891,1.026971,0.3665762,-0.3237712,1.067714,-0.003974795,-0.638982,1.007653,0.2975582,0.1,3,0,-0.4192252,1.530197,0.02082264,-0.633938,0.9582875,0.3789315,False,4,1,0
6/26/2025 5:44:52 PM,1750952692133,Left,-0.6660626,1.017117,0.3681852,-0.3282466,1.065406,0.002679944,-0.6443092,0.9996716,0.3010394,0.1,3,0,-0.4227765,1.525209,0.03022921,-0.6397542,0.9498814,0.3821822,False,4,1,0
6/26/2025 5:44:52 PM,1750952692162,Left,-0.677407,0.9974253,0.3709823,-0.3361092,1.061944,0.01591039,-0.6541072,0.9833018,0.307279,0.1,3,0,-0.4296761,1.514461,0.04853463,-0.6511696,0.9326483,0.3879609,False,4,1,0
6/26/2025 5:44:52 PM,1750952692176,Left,-0.6836638,0.9865686,0.3723038,-0.3394504,1.060376,0.0227592,-0.6594512,0.9742363,0.3099166,0.1,3,0,-0.4333844,1.509661,0.05810189,-0.6573187,0.922919,0.3902034,False,4,1,0
6/26/2025 5:44:52 PM,1750952692203,Left,-0.6961641,0.9653696,0.3743134,-0.3464282,1.05566,0.03574955,-0.6716741,0.9562861,0.315427,0.1,3,0,-0.441196,1.500603,0.07779014,-0.6713169,0.9034354,0.3947406,False,4,1,0
6/26/2025 5:44:52 PM,1750952692217,Left,-0.700947,0.9546735,0.3751599,-0.349889,1.052432,0.04134166,-0.6759618,0.9479077,0.3184862,0.1,3,0,-0.4453549,1.496215,0.08828795,-0.6765416,0.8942626,0.3972634,False,4,1,0
6/26/2025 5:44:52 PM,1750952692245,Left,-0.7087307,0.9333827,0.3764594,-0.3563042,1.046417,0.05196881,-0.6827139,0.9309633,0.3242449,0.1,3,0,-0.4539201,1.486902,0.1090335,-0.683247,0.8754631,0.4017266,False,4,1,0
6/26/2025 5:44:52 PM,1750952692259,Left,-0.713053,0.9233615,0.3770357,-0.3592567,1.043926,0.05698216,-0.6865663,0.9224746,0.326726,0.1,3,0,-0.4586458,1.481702,0.1190355,-0.6870993,0.8669744,0.4042078,False,4,1,0
6/26/2025 5:44:52 PM,1750952692273,Left,-0.7181647,0.9129432,0.3776737,-0.3617444,1.041897,0.06191337,-0.6917756,0.9131021,0.3287386,0.1,3,0,-0.4630952,1.476256,0.128786,-0.6922868,0.8574725,0.4061277,False,4,1,0
6/26/2025 5:44:52 PM,1750952692301,Left,-0.7312024,0.890986,0.3793088,-0.365386,1.038793,0.07243705,-0.7052543,0.8933226,0.3319712,0.1,3,0,-0.4710646,1.464634,0.1464695,-0.706126,0.8372226,0.4090167,False,4,1,0
6/26/2025 5:44:52 PM,1750952692315,Left,-0.7374105,0.8800966,0.3803854,-0.3671043,1.037115,0.07775116,-0.7125195,0.8825879,0.3344354,0.1,3,0,-0.4752302,1.458222,0.1551709,-0.7137244,0.8261675,0.411242,False,4,1,0
6/26/2025 5:44:52 PM,1750952692342,Left,-0.7477825,0.8588111,0.3835037,-0.3696485,1.033305,0.08648086,-0.7215645,0.8638767,0.3408126,0.1,3,0,-0.4836164,1.444869,0.1732179,-0.7235018,0.8065434,0.4169251,False,4,1,0
6/26/2025 5:44:52 PM,1750952692356,Left,-0.7528727,0.8493169,0.3852698,-0.3711693,1.030752,0.09032238,-0.7260356,0.8564408,0.3450403,0.1,3,0,-0.4880402,1.438128,0.1822956,-0.7283594,0.7986798,0.4208178,False,4,1,0
6/26/2025 5:44:52 PM,1750952692384,Left,-0.7637117,0.83025,0.389424,-0.3740203,1.023782,0.09465146,-0.7352433,0.8406951,0.3512817,0.1,3,0,-0.4963713,1.42343,0.1990063,-0.7391382,0.7820335,0.4262992,False,4,1,0
6/26/2025 5:44:52 PM,1750952692398,Left,-0.7703187,0.8195609,0.3912494,-0.3757515,1.019742,0.09638,-0.740793,0.8314439,0.3535957,0.1,3,0,-0.5000327,1.416061,0.2075509,-0.7455501,0.7718443,0.4278199,False,4,1,0
6/26/2025 5:44:52 PM,1750952692412,Left,-0.7771952,0.8098886,0.3931282,-0.3773866,1.015612,0.09820509,-0.747203,0.8223519,0.3570043,0.1,3,0,-0.5042017,1.408386,0.2162349,-0.7531217,0.7620072,0.4305398,False,4,1,0
6/26/2025 5:44:52 PM,1750952692439,Left,-0.7893937,0.7898113,0.3987945,-0.3795791,1.007439,0.1007097,-0.7589985,0.8018059,0.3666786,0.1,3,0,-0.5133934,1.391588,0.2323639,-0.7667363,0.7402967,0.4390715,False,4,1,0
6/26/2025 5:44:52 PM,1750952692453,Left,-0.7947907,0.7793747,0.402262,-0.3806472,1.003984,0.1013347,-0.7641205,0.7916338,0.3708544,0.1,3,0,-0.5180814,1.382338,0.2402891,-0.7718583,0.7301246,0.4432473,False,4,1,0
6/26/2025 5:44:52 PM,1750952692481,Left,-0.8066137,0.7594922,0.4083911,-0.3831403,0.9984832,0.1032823,-0.7765848,0.7721764,0.3789715,0.1,3,0,-0.5276666,1.362881,0.2556971,-0.784617,0.7107282,0.4513841,False,4,1,0
6/26/2025 5:44:52 PM,1750952692494,Left,-0.8123789,0.7488502,0.4110305,-0.384078,0.9957405,0.1048931,-0.7823024,0.7616585,0.3824209,0.1,3,0,-0.5326178,1.353214,0.2630144,-0.7906495,0.7001608,0.4547558,False,4,1,0
6/26/2025 5:44:52 PM,1750952692522,Left,-0.8255336,0.7265181,0.4149674,-0.385987,0.9883227,0.1089661,-0.7952344,0.739101,0.3874666,0.1,3,0,-0.5429645,1.332782,0.2758963,-0.8044446,0.677304,0.4594408,False,4,1,0
6/26/2025 5:44:52 PM,1750952692537,Left,-0.8328395,0.7153445,0.4165766,-0.3877726,0.9833934,0.1104898,-0.8020424,0.7284898,0.3902254,0.1,3,0,-0.5483806,1.323116,0.2823484,-0.8114896,0.6664725,0.461979,False,4,1,0
6/26/2025 5:44:52 PM,1750952692565,Left,-0.8471274,0.6943597,0.4189975,-0.3927047,0.9730501,0.1124703,-0.8171242,0.7082265,0.3947082,0.1,3,0,-0.5602834,1.303367,0.2950544,-0.8270977,0.6458551,0.4660827,False,4,1,0
6/26/2025 5:44:52 PM,1750952692578,Left,-0.8539882,0.6853509,0.4202147,-0.395484,0.9680951,0.1137127,-0.8246125,0.6999118,0.3976392,0.1,3,0,-0.5664923,1.293295,0.3012091,-0.8350765,0.6376304,0.469022,False,4,1,0
6/26/2025 5:44:52 PM,1750952692591,Left,-0.8603604,0.6774561,0.4218822,-0.3986595,0.9629672,0.1155689,-0.8311088,0.6931427,0.4016083,0.1,3,0,-0.5730066,1.28328,0.3073443,-0.8423107,0.6313712,0.4733214,False,4,1,0
6/26/2025 5:44:52 PM,1750952692619,Left,-0.8717279,0.6609521,0.4252183,-0.4053714,0.9523047,0.1205262,-0.842074,0.6780191,0.4080156,0.1,3,0,-0.5860395,1.264525,0.3181571,-0.8544475,0.6178812,0.4809149,False,4,1,0
6/26/2025 5:44:52 PM,1750952692633,Left,-0.8769789,0.6522248,0.4261743,-0.409498,0.9466471,0.1229696,-0.8476316,0.668963,0.4097248,0.1,3,0,-0.5926566,1.255527,0.3234129,-0.8606479,0.609848,0.4833453,False,4,1,0
6/26/2025 5:44:52 PM,1750952692661,Left,-0.8886745,0.6312523,0.4273645,-0.4185953,0.9357643,0.1277988,-0.8562514,0.6479906,0.4095303,0.1,3,0,-0.6064386,1.237971,0.3340844,-0.8721535,0.5890381,0.482713,False,4,1,0
6/26/2025 5:44:52 PM,1750952692676,Left,-0.8947024,0.622082,0.4273487,-0.4235706,0.9306822,0.1307058,-0.8622541,0.6380742,0.4107983,0.1,3,0,-0.6133571,1.229292,0.3398391,-0.880183,0.5783223,0.4828555,False,4,1,0
6/26/2025 5:44:52 PM,1750952692703,Left,-0.9050226,0.6048424,0.4280334,-0.4330959,0.9204739,0.1379554,-0.8736372,0.6183487,0.4135624,0.1,3,0,-0.6273537,1.21232,0.3490747,-0.8929964,0.5592662,0.4858013,False,4,1,0
6/26/2025 5:44:52 PM,1750952692716,Left,-0.9092598,0.5970726,0.428877,-0.4380367,0.9158239,0.1421045,-0.8784387,0.6100245,0.4149343,0.1,3,0,-0.6336479,1.203947,0.3527815,-0.8972417,0.5516808,0.4879168,False,4,1,0
6/26/2025 5:44:52 PM,1750952692744,Left,-0.9173717,0.5827177,0.4314004,-0.447866,0.9065065,0.150862,-0.8881784,0.595588,0.4182713,0.1,3,0,-0.6459501,1.18768,0.3600409,-0.9057746,0.5392678,0.4931204,False,4,1,0
6/26/2025 5:44:52 PM,1750952692758,Left,-0.9217694,0.5747635,0.4326481,-0.4528143,0.9015344,0.155064,-0.8926525,0.5877396,0.4200711,0.1,3,0,-0.6522341,1.179565,0.3635896,-0.9101576,0.5316114,0.4950856,False,4,1,0
6/26/2025 5:44:52 PM,1750952692772,Left,-0.9264975,0.5660059,0.4335977,-0.4579608,0.8964487,0.1591115,-0.8976191,0.5793799,0.4216324,0.1,3,0,-0.6581883,1.171577,0.3673056,-0.9150977,0.5228385,0.4963423,False,4,1,0
6/26/2025 5:44:52 PM,1750952692800,Left,-0.9362819,0.5485132,0.4347323,-0.4680777,0.8857813,0.1666479,-0.9082292,0.5613018,0.4233157,0.1,3,0,-0.6693532,1.155011,0.3748939,-0.9261961,0.5037401,0.497125,False,4,1,0
6/26/2025 5:44:52 PM,1750952692813,Left,-0.9411013,0.5404534,0.4351414,-0.4728327,0.8803595,0.1705012,-0.9129164,0.5536426,0.4247453,0.1,3,0,-0.6743634,1.146567,0.3781817,-0.93163,0.495797,0.498146,False,4,1,0
6/26/2025 5:44:52 PM,1750952692842,Left,-0.9495234,0.5244856,0.4363531,-0.4807625,0.8690411,0.1787113,-0.9215569,0.5375617,0.427293,0.1,3,0,-0.6837797,1.128447,0.3837878,-0.9415634,0.4801548,0.5006971,False,4,1,0
6/26/2025 5:44:52 PM,1750952692855,Left,-0.953686,0.5163754,0.4369802,-0.4845152,0.8632641,0.1826447,-0.9259251,0.5294329,0.4284812,0.1,3,0,-0.6883054,1.119292,0.386549,-0.9463291,0.4722224,0.5019292,False,4,1,0
6/26/2025 5:44:52 PM,1750952692884,Left,-0.9608564,0.4988847,0.4379079,-0.4905257,0.8505601,0.1896751,-0.9332727,0.5111265,0.4299741,0.1,3,0,-0.6964915,1.100636,0.3920523,-0.9544936,0.4543069,0.503494,False,4,1,0
6/26/2025 5:44:52 PM,1750952692897,Left,-0.9644804,0.4903298,0.438458,-0.4939504,0.8444949,0.1930859,-0.9366386,0.5021703,0.4309696,0.1,3,0,-0.7005663,1.091226,0.3949255,-0.9582114,0.4452147,0.5042816,False,4,1,0
6/26/2025 5:44:52 PM,1750952692925,Left,-0.9702342,0.4739181,0.439073,-0.4997847,0.8312708,0.1976311,-0.9424624,0.4848668,0.4326921,0.1,3,0,-0.7079272,1.071832,0.4006937,-0.9646046,0.4282519,0.5060982,False,4,1,0
6/26/2025 5:44:52 PM,1750952692939,Left,-0.9732685,0.4664187,0.4388975,-0.5027511,0.8244043,0.1986783,-0.9458694,0.4769353,0.4332036,0.1,3,0,-0.7109747,1.062329,0.4038706,-0.9682487,0.4205177,0.5066897,False,4,1,0
6/26/2025 5:44:52 PM,1750952692953,Left,-0.9757075,0.4588223,0.438759,-0.505991,0.817484,0.1990024,-0.9483575,0.4687703,0.4336719,0.1,3,0,-0.7139261,1.052979,0.4068139,-0.9715247,0.4128919,0.5073255,False,4,1,0
6/26/2025 5:44:52 PM,1750952692980,Left,-0.9786644,0.4401147,0.4392869,-0.5123625,0.8043718,0.1992432,-0.9513723,0.4526567,0.4345142,0.1,3,0,-0.7198563,1.033748,0.4118185,-0.9744941,0.3966763,0.5081046,False,4,1,0
6/26/2025 5:44:52 PM,1750952692994,Left,-0.9792001,0.4300613,0.4397571,-0.5149431,0.7983463,0.1997137,-0.9516276,0.4428903,0.4348964,0.1,3,0,-0.7229958,1.024137,0.4146726,-0.9746368,0.3867294,0.5083845,False,4,1,0
6/26/2025 5:44:53 PM,1750952693022,Left,-0.9801123,0.4101463,0.440848,-0.5185599,0.7873843,0.2018645,-0.9525446,0.4199871,0.4365366,0.1,3,0,-0.7280893,1.005154,0.4197547,-0.9750878,0.3632355,0.5097147,False,4,1,0
6/26/2025 5:44:53 PM,1750952693036,Left,-0.9815116,0.4006724,0.4412595,-0.5203264,0.7816936,0.2033324,-0.9542774,0.4088622,0.4376177,0.1,3,0,-0.7302628,0.9957383,0.4218158,-0.9764366,0.3516992,0.5105926,False,4,1,0
6/26/2025 5:44:53 PM,1750952693063,Left,-0.9846277,0.3821519,0.4420552,-0.5229225,0.7698284,0.2057997,-0.9583483,0.3907063,0.4392819,0.1,3,0,-0.7343254,0.9768045,0.4253207,-0.9796534,0.332469,0.5116593,False,4,1,0
6/26/2025 5:44:53 PM,1750952693077,Left,-0.9863815,0.3731763,0.4421618,-0.5239792,0.7637487,0.2068276,-0.9608514,0.3819755,0.4395439,0.1,3,0,-0.7359705,0.967547,0.4269085,-0.9819416,0.3230278,0.5114073,False,4,1,0
6/26/2025 5:44:53 PM,1750952693106,Left,-0.9901214,0.3545445,0.4420505,-0.5262394,0.7510526,0.2088742,-0.9646155,0.36367,0.4400634,0.1,3,0,-0.7384896,0.9494174,0.4298165,-0.9856934,0.3027736,0.5102869,False,4,1,0
6/26/2025 5:44:53 PM,1750952693120,Left,-0.9918456,0.3454869,0.4417156,-0.5270247,0.7446246,0.2099059,-0.9661964,0.3554019,0.4408336,0.1,3,0,-0.7395215,0.940382,0.4313967,-0.9872125,0.29334,0.5100479,False,4,1,0
6/26/2025 5:44:53 PM,1750952693133,Left,-0.9931333,0.336014,0.4415709,-0.5275006,0.7381967,0.2109942,-0.9673975,0.3462276,0.4410786,0.1,3,0,-0.7405014,0.9316085,0.4329381,-0.9881056,0.283628,0.5099005,False,4,1,0
6/26/2025 5:44:53 PM,1750952693161,Left,-0.9954348,0.3172792,0.4415375,-0.5273273,0.7255416,0.2140217,-0.9694443,0.3281274,0.4416075,0.1,3,0,-0.7415307,0.9149903,0.4357179,-0.990398,0.2645628,0.5094637,False,4,1,0
6/26/2025 5:44:53 PM,1750952693174,Left,-0.9960318,0.3081289,0.4418135,-0.527174,0.7194492,0.2157582,-0.9701644,0.3191655,0.4419927,0.1,3,0,-0.7421484,0.9066441,0.4369764,-0.9911926,0.2551798,0.5094287,False,4,1,0
6/26/2025 5:44:53 PM,1750952693203,Left,-0.9964926,0.2904334,0.4425215,-0.5260921,0.7083231,0.2199403,-0.9706485,0.3021051,0.4431436,0.1,3,0,-0.7433207,0.8908879,0.4394599,-0.9908097,0.23706,0.5098267,False,4,1,0
6/26/2025 5:44:53 PM,1750952693217,Left,-0.9969089,0.2817145,0.4427567,-0.5255754,0.7030997,0.2222311,-0.9710921,0.2937344,0.4435795,0.1,3,0,-0.743875,0.8833305,0.4406995,-0.9906983,0.2281137,0.509863,False,4,1,0
6/26/2025 5:44:53 PM,1750952693244,Left,-0.9981887,0.2644018,0.4429491,-0.5245481,0.6944305,0.2276428,-0.9724388,0.2760715,0.4427833,0.1,3,0,-0.7445767,0.8688488,0.4428664,-0.9916802,0.2092089,0.5079226,False,4,1,0
6/26/2025 5:44:53 PM,1750952693257,Left,-0.9991436,0.2579034,0.4432114,-0.5240819,0.6904845,0.2304579,-0.9735197,0.2694759,0.4434647,0.1,3,0,-0.7449603,0.8616495,0.4436378,-0.9931406,0.2019531,0.5078049,False,4,1,0
6/26/2025 5:44:53 PM,1750952693271,Left,-0.9996929,0.2529461,0.4441385,-0.5236211,0.6867424,0.2333043,-0.9736539,0.2649673,0.4454442,0.1,3,0,-0.7455449,0.8545658,0.444495,-0.9939977,0.1971021,0.509197,False,4,1,0
6/26/2025 5:44:53 PM,1750952693300,Left,-1.000319,0.2423413,0.445599,-0.5229952,0.6791049,0.2389557,-0.9745185,0.2534536,0.4471826,0.1,3,0,-0.7466586,0.8414607,0.4461591,-0.9943326,0.185988,0.5115237,False,4,1,0
6/26/2025 5:44:53 PM,1750952693314,Left,-1.000218,0.2382781,0.4463772,-0.5226979,0.6757095,0.2419318,-0.9744064,0.249983,0.4489383,0.1,3,0,-0.7467003,0.8356913,0.4470707,-0.9939612,0.1825438,0.5133864,False,4,1,0
6/26/2025 5:44:53 PM,1750952693341,Left,-0.9994056,0.2311225,0.4481163,-0.5217631,0.6685421,0.2467444,-0.974335,0.242251,0.4509273,0.1,3,0,-0.7465556,0.8253964,0.4485343,-0.9940161,0.1753412,0.5158866,False,4,1,0
6/26/2025 5:44:53 PM,1750952693355,Left,-0.9986467,0.2260973,0.4488049,-0.5214553,0.6649389,0.2488023,-0.9732257,0.2379922,0.4509109,0.1,3,0,-0.7467513,0.8209981,0.4490578,-0.9928279,0.1713964,0.5162159,False,4,1,0
6/26/2025 5:44:53 PM,1750952693383,Left,-0.9977045,0.2176508,0.4494038,-0.520987,0.6582657,0.2523553,-0.9719419,0.2271425,0.4502218,0.1,3,0,-0.7463973,0.8131568,0.4503005,-0.9910938,0.1599459,0.5150432,False,4,1,0
6/26/2025 5:44:53 PM,1750952693397,Left,-0.9972534,0.2163446,0.4501675,-0.5207739,0.6553603,0.2537318,-0.9715527,0.2254934,0.4514318,0.1,3,0,-0.7458651,0.8102891,0.450718,-0.9905037,0.1581846,0.5161957,False,4,1,0
6/26/2025 5:44:53 PM,1750952693425,Left,-0.9979455,0.2176314,0.452565,-0.5204086,0.650483,0.2563044,-0.9720798,0.2259598,0.4543942,0.1,3,0,-0.745558,0.8055284,0.451781,-0.990774,0.1601367,0.5207404,False,4,1,0
6/26/2025 5:44:53 PM,1750952693439,Left,-0.9988968,0.2184653,0.4536002,-0.5202708,0.6485617,0.2576636,-0.9731493,0.2261942,0.4551341,0.1,3,0,-0.7456145,0.8036869,0.4522703,-0.9920365,0.1613791,0.5224116,False,4,1,0
6/26/2025 5:44:53 PM,1750952693453,Left,-1.000303,0.2207503,0.4546211,-0.5202837,0.6474993,0.2586699,-0.9744296,0.2274457,0.4559764,0.1,3,0,-0.745285,0.8026589,0.4529754,-0.9937814,0.1635697,0.5240157,False,4,1,0
6/26/2025 5:44:53 PM,1750952693480,Left,-1.002306,0.2274308,0.4564204,-0.5209224,0.6469572,0.2594545,-0.9760105,0.2322419,0.4579772,0.1,3,0,-0.744616,0.8018541,0.4541261,-0.9964469,0.1704188,0.5275778,False,4,1,0
6/26/2025 5:44:53 PM,1750952693494,Left,-1.002203,0.2307163,0.4572152,-0.521028,0.6467247,0.2597601,-0.9756162,0.2349941,0.4590481,0.1,3,0,-0.7445316,0.801994,0.4547237,-0.9962839,0.174463,0.5297079,False,4,1,0
6/26/2025 5:44:53 PM,1750952693521,Left,-0.9997585,0.236906,0.4589361,-0.521666,0.646723,0.2602699,-0.9734344,0.2385392,0.4595621,0.1,3,0,-0.7441859,0.8038982,0.4558935,-0.9934235,0.1801493,0.5321916,False,4,1,0
6/26/2025 5:44:53 PM,1750952693536,Left,-0.9974363,0.2410242,0.4599648,-0.5225506,0.6468661,0.260816,-0.9722171,0.241742,0.4604059,0.1,3,0,-0.7439227,0.80594,0.4562573,-0.9916755,0.1830515,0.532937,False,4,1,0
6/26/2025 5:44:53 PM,1750952693564,Left,-0.9950027,0.2492806,0.4613452,-0.5242047,0.6480375,0.2617928,-0.9695284,0.2492338,0.4617932,0.1,3,0,-0.7436779,0.8106713,0.4574109,-0.9890026,0.190944,0.5346426,False,4,1,0
6/26/2025 5:44:53 PM,1750952693577,Left,-0.9948893,0.2539473,0.461555,-0.5249567,0.6489764,0.2621018,-0.9695369,0.2538047,0.4623857,0.1,3,0,-0.7437282,0.8137196,0.4581189,-0.9891163,0.195894,0.5355088,False,4,1,0
6/26/2025 5:44:53 PM,1750952693605,Left,-0.9946125,0.2655498,0.4625965,-0.5273964,0.6518401,0.2627999,-0.9694003,0.2645292,0.4640057,0.1,3,0,-0.7441754,0.8204775,0.4597304,-0.9891336,0.2076934,0.5379264,False,4,1,0
6/26/2025 5:44:53 PM,1750952693620,Left,-0.9937925,0.2717227,0.4634695,-0.5298398,0.6549935,0.2633476,-0.9686512,0.2694526,0.4646775,0.1,3,0,-0.744319,0.8246962,0.4605376,-0.9882873,0.2134426,0.5392515,False,4,1,0
6/26/2025 5:44:53 PM,1750952693633,Left,-0.9930692,0.2772772,0.4640698,-0.531383,0.6574443,0.2636658,-0.9681159,0.2743492,0.4647438,0.1,3,0,-0.744314,0.8292298,0.4612911,-0.9875011,0.2191593,0.5399919,False,4,1,0
6/26/2025 5:44:53 PM,1750952693660,Left,-0.9917536,0.2888749,0.4648076,-0.5343125,0.6635644,0.2649403,-0.9668416,0.2859568,0.4658742,0.1,3,0,-0.7438779,0.8397767,0.4628083,-0.985916,0.231015,0.5413828,False,4,1,0
6/26/2025 5:44:53 PM,1750952693675,Left,-0.9914272,0.2946222,0.4648137,-0.5357032,0.6666983,0.2658511,-0.9665958,0.2918403,0.4660785,0.1,3,0,-0.743669,0.8455864,0.4634582,-0.9856468,0.2370006,0.5416672,False,4,1,0
6/26/2025 5:44:53 PM,1750952693703,Left,-0.9914601,0.3069137,0.4637393,-0.5379906,0.6743078,0.2673377,-0.9671808,0.3041251,0.4652952,0.1,3,0,-0.7440333,0.8580323,0.4645615,-0.9864902,0.2496531,0.5410839,False,4,1,0
6/26/2025 5:44:53 PM,1750952693716,Left,-0.9914312,0.3129721,0.4633586,-0.5391288,0.6781905,0.2680897,-0.9669654,0.3098401,0.4652815,0.1,3,0,-0.7439525,0.8641324,0.4651512,-0.9865053,0.255578,0.5411616,False,4,1,0
6/26/2025 5:44:53 PM,1750952693744,Left,-0.9910202,0.3255639,0.4632058,-0.5421085,0.686089,0.2694157,-0.9662435,0.322732,0.4651753,0.1,3,0,-0.7437143,0.8769491,0.4659755,-0.9861601,0.2688286,0.541213,False,4,1,0
6/26/2025 5:44:53 PM,1750952693757,Left,-0.990308,0.3319981,0.4632879,-0.5436897,0.6904793,0.2695894,-0.9653713,0.3292932,0.4653817,0.1,3,0,-0.7437177,0.883783,0.4662688,-0.9851658,0.2754415,0.5414879,False,4,1,0
6/26/2025 5:44:53 PM,1750952693772,Left,-0.9898195,0.3388147,0.4630607,-0.5451963,0.6946515,0.2699652,-0.9650365,0.3362808,0.4653707,0.1,3,0,-0.7437527,0.8909397,0.4664756,-0.9846461,0.282595,0.5416417,False,4,1,0
6/26/2025 5:44:53 PM,1750952693799,Left,-0.9904623,0.3513839,0.4614756,-0.5479767,0.7033958,0.2712709,-0.9662417,0.3494709,0.4639383,0.1,3,0,-0.7437456,0.9053413,0.4667846,-0.9858575,0.2962362,0.5405233,False,4,1,0
6/26/2025 5:44:53 PM,1750952693813,Left,-0.9905405,0.3572934,0.4607278,-0.5491819,0.7078282,0.2720433,-0.9665411,0.3556351,0.4631998,0.1,3,0,-0.743705,0.9124935,0.4666549,-0.9862635,0.3024808,0.5398133,False,4,1,0
6/26/2025 5:44:53 PM,1750952693842,Left,-0.9911263,0.3700958,0.4590189,-0.5514572,0.7159566,0.2726177,-0.9664547,0.3685889,0.461733,0.1,3,0,-0.7427928,0.9260328,0.4660895,-0.9869912,0.316068,0.5385692,False,4,1,0
6/26/2025 5:44:53 PM,1750952693855,Left,-0.9923112,0.3768729,0.4575145,-0.5527523,0.7202353,0.2722863,-0.967376,0.3753986,0.4604964,0.1,3,0,-0.7422056,0.9328136,0.4659549,-0.9883986,0.3232803,0.537475,False,4,1,0
6/26/2025 5:44:53 PM,1750952693883,Left,-0.9938064,0.3891432,0.4543968,-0.5552847,0.729079,0.2721256,-0.9681237,0.3878319,0.457895,0.1,3,0,-0.7411838,0.9460549,0.4656693,-0.9901913,0.3366604,0.5352156,False,4,1,0
6/26/2025 5:44:53 PM,1750952693897,Left,-0.9935212,0.3945416,0.4534525,-0.5561905,0.7335272,0.2722234,-0.9675122,0.3934784,0.4571541,0.1,3,0,-0.7407477,0.9525502,0.4654449,-0.9895799,0.3423069,0.5344747,False,4,1,0
6/26/2025 5:44:53 PM,1750952693925,Left,-0.9914174,0.4040176,0.4519196,-0.5573285,0.7417898,0.2728416,-0.9651028,0.4031282,0.4556011,0.1,3,0,-0.7401056,0.964466,0.4648467,-0.9870709,0.3518551,0.5328828,False,4,1,0
6/26/2025 5:44:53 PM,1750952693939,Left,-0.9897337,0.408585,0.4512527,-0.5579212,0.7455157,0.2728376,-0.9636265,0.408084,0.4549058,0.1,3,0,-0.7396493,0.9702536,0.4643972,-0.9854736,0.3567004,0.5321484,False,4,1,0
6/26/2025 5:44:53 PM,1750952693953,Left,-0.9882827,0.4134887,0.4505147,-0.5586877,0.7491521,0.2726642,-0.961574,0.4131093,0.4543997,0.1,3,0,-0.7390022,0.9762133,0.4640119,-0.9832162,0.3616003,0.5316163,False,4,1,0
6/26/2025 5:44:53 PM,1750952693980,Left,-0.9868526,0.4227072,0.4477921,-0.5602043,0.7560847,0.2717172,-0.9611698,0.4235899,0.4521584,0.1,3,0,-0.7378531,0.9878582,0.4632448,-0.9815395,0.3716938,0.5294619,False,4,1,0
6/26/2025 5:44:53 PM,1750952693994,Left,-0.9861238,0.4270734,0.4465096,-0.560827,0.7595678,0.2713314,-0.9609711,0.428497,0.451015,0.1,3,0,-0.7372012,0.9934566,0.4627539,-0.9806142,0.3762891,0.5282967,False,4,1,0
6/26/2025 5:44:54 PM,1750952694022,Left,-0.9826753,0.4354584,0.4453813,-0.5617499,0.7653276,0.270076,-0.9573156,0.4373978,0.4499197,0.1,3,0,-0.735842,1.003654,0.4611925,-0.9759753,0.3850508,0.5273508,False,4,1,0
6/26/2025 5:44:54 PM,1750952694036,Left,-0.9809124,0.4395143,0.4450548,-0.5621927,0.7678011,0.2693211,-0.9558047,0.4417965,0.4494293,0.1,3,0,-0.7351491,1.008198,0.4603776,-0.9738178,0.3894033,0.5269822,False,4,1,0
6/26/2025 5:44:54 PM,1750952694064,Left,-0.9776862,0.4467623,0.4438413,-0.5627401,0.7719415,0.2678734,-0.9531904,0.4493532,0.4482014,0.1,3,0,-0.7335548,1.016757,0.4593167,-0.969927,0.3967331,0.5258866,False,4,1,0
6/26/2025 5:44:54 PM,1750952694077,Left,-0.9759107,0.4501031,0.4432414,-0.5629015,0.7739733,0.2672474,-0.9521089,0.4529277,0.4475701,0.1,3,0,-0.7326109,1.020584,0.4587494,-0.9678757,0.4002771,0.5254374,False,4,1,0
6/26/2025 5:44:54 PM,1750952694105,Left,-0.9712362,0.4561951,0.4426057,-0.5631721,0.7776678,0.2662199,-0.9479607,0.4593299,0.446737,0.1,3,0,-0.7308042,1.028175,0.4570899,-0.961683,0.4065027,0.5248712,False,4,1,0
6/26/2025 5:44:54 PM,1750952694120,Left,-0.9678092,0.4589653,0.4427207,-0.5631137,0.7789819,0.2658217,-0.9451118,0.462429,0.4465788,0.1,3,0,-0.7299168,1.031554,0.4563967,-0.957828,0.4095093,0.5248206,False,4,1,0
6/26/2025 5:44:54 PM,1750952694133,Left,-0.9647698,0.4619977,0.4425833,-0.5631454,0.7805336,0.2654054,-0.9417357,0.4653936,0.4464965,0.1,3,0,-0.7290044,1.035102,0.455732,-0.9533941,0.4123738,0.5248353,False,4,1,0
6/26/2025 5:44:54 PM,1750952694161,Left,-0.9583426,0.4675902,0.4418312,-0.5627968,0.7825118,0.2645742,-0.9367889,0.4713379,0.4455446,0.1,3,0,-0.726438,1.041582,0.4541962,-0.9456779,0.4179939,0.5240263,False,4,1,0
6/26/2025 5:44:54 PM,1750952694174,Left,-0.9555893,0.4705887,0.441366,-0.562542,0.7836334,0.2641062,-0.9341685,0.4743207,0.4450144,0.1,3,0,-0.7249746,1.044634,0.4534477,-0.9423538,0.4211677,0.523702,False,4,1,0
6/26/2025 5:44:54 PM,1750952694203,Left,-0.9482563,0.476824,0.4410435,-0.5618691,0.7858166,0.2632812,-0.9267496,0.4805232,0.4445942,0.1,3,0,-0.7211332,1.050824,0.4524143,-0.9332045,0.4273168,0.5234067,False,4,1,0
6/26/2025 5:44:54 PM,1750952694216,Left,-0.9427247,0.4799547,0.4415188,-0.5614181,0.786916,0.2629439,-0.9216488,0.4832124,0.4446791,0.1,3,0,-0.7191358,1.054077,0.4517386,-0.9272741,0.4299334,0.523506,False,4,1,0
6/26/2025 5:44:54 PM,1750952694244,Left,-0.9280386,0.4872259,0.4435128,-0.5605886,0.7894463,0.2622271,-0.9077922,0.4888685,0.4456313,0.1,3,0,-0.7153583,1.060595,0.4509468,-0.9116423,0.4354424,0.5244653,False,4,1,0
6/26/2025 5:44:54 PM,1750952694258,Left,-0.9188576,0.4911991,0.4443923,-0.560163,0.7908785,0.2617762,-0.899272,0.4920839,0.4460297,0.1,3,0,-0.7135341,1.063773,0.4507893,-0.9022114,0.4386508,0.5248982,False,4,1,0
6/26/2025 5:44:54 PM,1750952694272,Left,-0.9108479,0.4946467,0.4445727,-0.5597239,0.7925324,0.261373,-0.8903908,0.4950422,0.4459563,0.1,3,0,-0.7114441,1.066978,0.4506587,-0.8924713,0.4416245,0.5248626,False,4,1,0
6/26/2025 5:44:54 PM,1750952694300,Left,-0.8987551,0.5015841,0.443753,-0.5587242,0.7960865,0.2612082,-0.8699785,0.5037826,0.4442017,0.1,3,0,-0.7067764,1.073839,0.450192,-0.8702177,0.450547,0.523258,False,4,1,0
6/26/2025 5:44:54 PM,1750952694314,Left,-0.89362,0.5052715,0.4431874,-0.5579314,0.7981584,0.2616512,-0.864466,0.5074684,0.4433724,0.1,3,0,-0.7040308,1.077475,0.4503604,-0.8637429,0.4543954,0.5225349,False,4,1,0
6/26/2025 5:44:54 PM,1750952694342,Left,-0.8828571,0.5120591,0.4420006,-0.5563197,0.802348,0.2618918,-0.8544405,0.514235,0.4414991,0.1,3,0,-0.6983237,1.084759,0.4505136,-0.8499785,0.461032,0.5204517,False,4,1,0
6/26/2025 5:44:54 PM,1750952694355,Left,-0.8765061,0.5151801,0.4410961,-0.5555766,0.8045081,0.2618868,-0.8483061,0.5171908,0.4399621,0.1,3,0,-0.6951377,1.088114,0.4502364,-0.8415361,0.4638477,0.5186555,False,4,1,0
6/26/2025 5:44:54 PM,1750952694383,Left,-0.8636568,0.52139,0.4388314,-0.5540884,0.8087628,0.26184,-0.8349538,0.5235311,0.4359957,0.1,3,0,-0.6879277,1.095042,0.4496243,-0.8229063,0.4697574,0.5137596,False,4,1,0
6/26/2025 5:44:54 PM,1750952694397,Left,-0.8578901,0.5243358,0.4374169,-0.5532439,0.8108292,0.261705,-0.8299624,0.5265329,0.4339341,0.1,3,0,-0.6843331,1.098765,0.449275,-0.8151011,0.4724698,0.5110075,False,4,1,0
6/26/2025 5:44:54 PM,1750952694424,Left,-0.8477576,0.5303978,0.4345633,-0.5514362,0.8151442,0.2613647,-0.8224641,0.5327685,0.4309208,0.1,3,0,-0.6764982,1.106095,0.4491309,-0.8018458,0.4780558,0.5061896,False,4,1,0
6/26/2025 5:44:54 PM,1750952694438,Left,-0.8434591,0.5339263,0.4333165,-0.5505815,0.8173724,0.2611006,-0.8194705,0.5365624,0.4300064,0.1,3,0,-0.6724992,1.109607,0.4487197,-0.7960839,0.4815571,0.5042456,False,4,1,0
6/26/2025 5:44:54 PM,1750952694452,Left,-0.8398051,0.5376334,0.4324404,-0.5496886,0.8195943,0.2608045,-0.8175879,0.540648,0.4298245,0.1,3,0,-0.6684086,1.113093,0.4480083,-0.7910308,0.4853574,0.5027741,False,4,1,0
6/26/2025 5:44:54 PM,1750952694480,Left,-0.8326976,0.5442941,0.4311637,-0.5478332,0.8241912,0.260048,-0.8145281,0.54794,0.4302034,0.1,3,0,-0.6609707,1.120492,0.4474133,-0.7813658,0.4920797,0.4999448,False,4,1,0
6/26/2025 5:44:54 PM,1750952694494,Left,-0.8292954,0.5478295,0.4305649,-0.5470064,0.8266144,0.2596074,-0.8134423,0.5517519,0.4308837,0.1,3,0,-0.657337,1.124146,0.4469711,-0.7770038,0.495614,0.498742,False,4,1,0
6/26/2025 5:44:54 PM,1750952694521,Left,-0.822974,0.5550885,0.4300506,-0.5452359,0.8315932,0.2589056,-0.8124865,0.5593709,0.4338819,0.1,3,0,-0.6500607,1.131247,0.4457073,-0.7695311,0.5027263,0.4973657,False,4,1,0
6/26/2025 5:44:54 PM,1750952694536,Left,-0.8199198,0.5588892,0.4299531,-0.5442667,0.8340371,0.2585855,-0.8101194,0.5632979,0.4342998,0.1,3,0,-0.6465163,1.135028,0.4450612,-0.7663746,0.5068069,0.4973802,False,4,1,0
6/26/2025 5:44:54 PM,1750952694564,Left,-0.8148537,0.567325,0.4306986,-0.5423317,0.8388683,0.2580314,-0.8045527,0.571412,0.4344865,0.1,3,0,-0.6399007,1.142685,0.4439719,-0.760662,0.5159685,0.4983897,False,4,1,0
6/26/2025 5:44:54 PM,1750952694578,Left,-0.8114409,0.571152,0.4305624,-0.5413723,0.841119,0.2578201,-0.8013353,0.5751973,0.4343791,0.1,3,0,-0.6368327,1.146161,0.4431424,-0.7566934,0.5201117,0.4980709,False,4,1,0
6/26/2025 5:44:54 PM,1750952694606,Left,-0.8034596,0.5779244,0.4294403,-0.5392332,0.8455288,0.2572984,-0.7928265,0.5820664,0.4323732,0.1,3,0,-0.6300697,1.153275,0.4407058,-0.7466844,0.5270367,0.4950359,False,4,1,0
6/26/2025 5:44:54 PM,1750952694619,Left,-0.7994368,0.581362,0.4286647,-0.5382285,0.8477942,0.2570685,-0.7887713,0.585481,0.4313171,0.1,3,0,-0.6268237,1.157015,0.4398211,-0.7420563,0.5303774,0.4934886,False,4,1,0
6/26/2025 5:44:54 PM,1750952694633,Left,-0.79614,0.5851097,0.428367,-0.5373337,0.8501878,0.2567972,-0.7857777,0.5893227,0.4312484,0.1,3,0,-0.6236362,1.16083,0.4393045,-0.7384478,0.5341731,0.4929119,False,4,1,0
6/26/2025 5:44:54 PM,1750952694661,Left,-0.7909813,0.5925878,0.4288275,-0.5352705,0.855103,0.2563963,-0.7806208,0.5970107,0.4317528,0.1,3,0,-0.6176174,1.168358,0.4383509,-0.7328384,0.5419473,0.4931438,False,4,1,0
6/26/2025 5:44:54 PM,1750952694674,Left,-0.7887259,0.5963336,0.4292525,-0.5341535,0.8573717,0.2562706,-0.7780132,0.600881,0.4320039,0.1,3,0,-0.614742,1.17199,0.4372112,-0.7300436,0.5458829,0.4933073,False,4,1,0
6/26/2025 5:44:54 PM,1750952694703,Left,-0.7840648,0.6042621,0.4301988,-0.5317523,0.8618853,0.2556653,-0.7731724,0.6098127,0.4332007,0.1,3,0,-0.6091893,1.179021,0.4350039,-0.7249486,0.5552189,0.4946659,False,4,1,0
6/26/2025 5:44:54 PM,1750952694716,Left,-0.7820792,0.6077638,0.430787,-0.5306752,0.8638582,0.2552674,-0.7712023,0.6133283,0.4336549,0.1,3,0,-0.6067901,1.182446,0.4345442,-0.7228519,0.5590482,0.4952982,False,4,1,0
6/26/2025 5:44:54 PM,1750952694744,Left,-0.7785113,0.6142621,0.4318271,-0.5285723,0.8677457,0.2547637,-0.7687101,0.6193488,0.4347684,0.1,3,0,-0.6023328,1.189108,0.4333299,-0.7205633,0.5658786,0.4972728,False,4,1,0
6/26/2025 5:44:54 PM,1750952694758,Left,-0.777467,0.6173065,0.4328276,-0.5273602,0.8694863,0.2543612,-0.7681466,0.622192,0.4356411,0.1,3,0,-0.6004951,1.19241,0.4326146,-0.720449,0.569012,0.4987347,False,4,1,0
6/26/2025 5:44:54 PM,1750952694772,Left,-0.7763679,0.620266,0.4336843,-0.5262039,0.871159,0.2538449,-0.7671359,0.6252586,0.4362256,0.1,3,0,-0.5988162,1.195566,0.4316349,-0.7199472,0.5723405,0.4999193,False,4,1,0
6/26/2025 5:44:54 PM,1750952694800,Left,-0.7729094,0.6251439,0.434016,-0.5243099,0.8741154,0.253342,-0.7630416,0.6303675,0.4354191,0.1,3,0,-0.5957789,1.202357,0.4300767,-0.7168505,0.5779908,0.5002808,False,4,1,0
6/26/2025 5:44:54 PM,1750952694813,Left,-0.7712445,0.6273369,0.4340696,-0.5235281,0.8755248,0.2531246,-0.7611558,0.6327025,0.434987,0.1,3,0,-0.5948782,1.205331,0.4296778,-0.7154068,0.5806188,0.5003957,False,4,1,0
6/26/2025 5:44:54 PM,1750952694841,Left,-0.7684793,0.6312535,0.4343008,-0.5215387,0.8787817,0.2527695,-0.7583314,0.6365582,0.4345903,0.1,3,0,-0.593483,1.210434,0.429312,-0.7137861,0.5844713,0.5008222,False,4,1,0
6/26/2025 5:44:54 PM,1750952694855,Left,-0.7685897,0.6327591,0.4349965,-0.5206933,0.880442,0.2528812,-0.7583471,0.6384432,0.435335,0.1,3,0,-0.5929964,1.212132,0.429311,-0.7147262,0.5861987,0.5020561,False,4,1,0
6/26/2025 5:44:54 PM,1750952694883,Left,-0.7712603,0.6348056,0.4372525,-0.5193827,0.8833055,0.2533994,-0.7615614,0.6403698,0.4374958,0.1,3,0,-0.5933437,1.214624,0.4292874,-0.7203515,0.587887,0.5055494,False,4,1,0
6/26/2025 5:44:54 PM,1750952694897,Left,-0.7739506,0.6357111,0.4389369,-0.518733,0.8843266,0.2537203,-0.7645872,0.6413509,0.4394469,0.1,3,0,-0.5945363,1.215265,0.4293224,-0.7239677,0.588889,0.5078704,False,4,1,0
6/26/2025 5:44:54 PM,1750952694925,Left,-0.7839031,0.6367165,0.4428771,-0.5175481,0.8853016,0.254356,-0.7734894,0.6436173,0.4443024,0.1,3,0,-0.5967593,1.214882,0.430146,-0.7341359,0.5916379,0.5138253,False,4,1,0
6/26/2025 5:44:54 PM,1750952694939,Left,-0.7895966,0.635648,0.4441825,-0.5171247,0.885144,0.2546169,-0.7795777,0.6429088,0.4462295,0.1,3,0,-0.597981,1.213972,0.4307951,-0.7410164,0.5911421,0.5163524,False,4,1,0
6/26/2025 5:44:54 PM,1750952694953,Left,-0.7955275,0.6329341,0.4450023,-0.5169005,0.884118,0.2547963,-0.7866848,0.6405832,0.4476517,0.1,3,0,-0.5994582,1.212329,0.4315746,-0.7491238,0.5889339,0.5184013,False,4,1,0
6/26/2025 5:44:54 PM,1750952694981,Left,-0.8062463,0.6252252,0.4452022,-0.5156832,0.8825225,0.255425,-0.8015792,0.6320323,0.4484463,0.1,3,0,-0.6029882,1.207235,0.4330165,-0.7668466,0.5803183,0.5205801,False,4,1,0
6/26/2025 5:44:54 PM,1750952694995,Left,-0.8127778,0.6200712,0.4448566,-0.5150299,0.8812006,0.2557396,-0.8093207,0.6262564,0.4479277,0.1,3,0,-0.6052237,1.204034,0.4336598,-0.7763087,0.5743863,0.5207541,False,4,1,0
6/26/2025 5:44:55 PM,1750952695022,Left,-0.8263113,0.6090297,0.4433221,-0.5141947,0.8772173,0.256138,-0.8236842,0.6150334,0.4463286,0.1,3,0,-0.6095755,1.195631,0.4351251,-0.7944431,0.5627729,0.5204755,False,4,1,0
6/26/2025 5:44:55 PM,1750952695036,Left,-0.8318729,0.6022229,0.4413313,-0.5133624,0.8706163,0.2564691,-0.8284971,0.6090609,0.4446068,0.1,3,0,-0.6115704,1.190428,0.4360963,-0.8013909,0.5565451,0.519382,False,4,1,0
6/26/2025 5:44:55 PM,1750952695063,Left,-0.8416197,0.5892743,0.43786,-0.5135322,0.8631375,0.2564825,-0.8350349,0.5960009,0.4406085,0.1,3,0,-0.6160047,1.179305,0.4377372,-0.8124433,0.5429006,0.5164633,False,4,1,0
6/26/2025 5:44:55 PM,1750952695077,Left,-0.8467135,0.5820289,0.435563,-0.5137956,0.8588566,0.2564981,-0.8386179,0.589445,0.4386362,0.1,3,0,-0.6184578,1.173064,0.4385926,-0.8187102,0.5360097,0.5150058,False,4,1,0
6/26/2025 5:44:55 PM,1750952695105,Left,-0.8582141,0.5662935,0.4312096,-0.5140419,0.8492134,0.2567443,-0.8469366,0.5746585,0.4346929,0.1,3,0,-0.6235318,1.159734,0.4409981,-0.8324343,0.5205311,0.5117895,False,4,1,0
6/26/2025 5:44:55 PM,1750952695119,Left,-0.8638051,0.5585463,0.4288622,-0.5142865,0.8447005,0.2566968,-0.851098,0.5669332,0.4325375,0.1,3,0,-0.6263061,1.153276,0.4423504,-0.839386,0.5123023,0.5097533,False,4,1,0
6/26/2025 5:44:55 PM,1750952695133,Left,-0.8690126,0.5508748,0.4261508,-0.5147531,0.8397906,0.2565533,-0.8548108,0.5596675,0.4304836,0.1,3,0,-0.6291559,1.146702,0.4436471,-0.8460569,0.5044439,0.5076698,False,4,1,0
6/26/2025 5:44:55 PM,1750952695161,Left,-0.8787115,0.5366395,0.4210801,-0.516114,0.829396,0.2557286,-0.8591967,0.5458776,0.4266191,0.1,3,0,-0.6348033,1.13215,0.4460526,-0.8573617,0.4892478,0.5032591,False,4,1,0
6/26/2025 5:44:55 PM,1750952695175,Left,-0.8832903,0.5302244,0.4188083,-0.516861,0.8241777,0.2552768,-0.8608718,0.5398321,0.4254608,0.1,3,0,-0.6378825,1.124697,0.44725,-0.8626938,0.4827418,0.5017586,False,4,1,0
6/26/2025 5:44:55 PM,1750952695203,Left,-0.891438,0.5163835,0.4145923,-0.5180848,0.8134238,0.2548767,-0.8667891,0.5256843,0.4228363,0.1,3,0,-0.6444612,1.108948,0.4496396,-0.8718981,0.4682136,0.498698,False,4,1,0
6/26/2025 5:44:55 PM,1750952695217,Left,-0.8955429,0.5093768,0.4125491,-0.5186896,0.8079587,0.2547742,-0.8709631,0.5183545,0.4214029,0.1,3,0,-0.6477389,1.100758,0.4506072,-0.8767314,0.4607102,0.4970854,False,4,1,0
6/26/2025 5:44:55 PM,1750952695244,Left,-0.9051306,0.495096,0.4081787,-0.5210068,0.7960613,0.2538735,-0.8801968,0.5033966,0.4180966,0.1,3,0,-0.6544185,1.084101,0.4515191,-0.8874597,0.4454198,0.4933954,False,4,1,0
6/26/2025 5:44:55 PM,1750952695258,Left,-0.9102104,0.4876976,0.4058164,-0.5222006,0.7902052,0.2533654,-0.8852838,0.4956879,0.4161772,0.1,3,0,-0.6578932,1.075771,0.4517322,-0.8932009,0.4377353,0.4914287,False,4,1,0
6/26/2025 5:44:55 PM,1750952695272,Left,-0.9151065,0.4798914,0.4034458,-0.5236745,0.784114,0.2527732,-0.8897625,0.4878138,0.4142494,0.1,3,0,-0.6612117,1.067579,0.4515135,-0.8984516,0.4298154,0.4893804,False,4,1,0
6/26/2025 5:44:55 PM,1750952695300,Left,-0.923558,0.4646229,0.3989066,-0.5264506,0.7721733,0.2520221,-0.8980238,0.4724356,0.4104789,0.1,3,0,-0.6678815,1.051913,0.4507859,-0.9076751,0.4131159,0.484452,False,4,1,0
6/26/2025 5:44:55 PM,1750952695313,Left,-0.9272184,0.4574529,0.3968093,-0.5278528,0.7663732,0.251792,-0.9022567,0.4652466,0.4088068,0.1,3,0,-0.6716425,1.044383,0.450886,-0.9122807,0.4051595,0.4821078,False,4,1,0
6/26/2025 5:44:55 PM,1750952695341,Left,-0.9354074,0.4433866,0.3919306,-0.5310082,0.755721,0.2514056,-0.9089492,0.4507003,0.4049556,0.1,3,0,-0.6791637,1.029314,0.450883,-0.9214039,0.3899819,0.4773582,False,4,1,0
6/26/2025 5:44:55 PM,1750952695355,Left,-0.9419172,0.4376525,0.3884594,-0.5329061,0.7511717,0.2513374,-0.9155893,0.4446589,0.402578,0.1,3,0,-0.6828256,1.021926,0.4515071,-0.9282188,0.3842163,0.4751808,False,4,1,0
6/26/2025 5:44:55 PM,1750952695383,Left,-0.9518247,0.4260637,0.3828661,-0.5363622,0.7421623,0.2519571,-0.9246705,0.4322943,0.3977234,0.1,3,0,-0.6900716,1.007877,0.4507611,-0.9388327,0.3726002,0.4706619,False,4,1,0
6/26/2025 5:44:55 PM,1750952695397,Left,-0.9558709,0.4207809,0.3800966,-0.5379639,0.7379604,0.2527261,-0.9282944,0.4264079,0.395434,0.1,3,0,-0.6937814,1.001729,0.4499987,-0.9435723,0.3668844,0.4682867,False,4,1,0
6/26/2025 5:44:55 PM,1750952695424,Left,-0.9632349,0.4091836,0.3743626,-0.541604,0.7295479,0.2536021,-0.9360764,0.4147183,0.3900523,0.1,3,0,-0.7005799,0.9900507,0.4484247,-0.9525606,0.3542244,0.4618349,False,4,1,0
6/26/2025 5:44:55 PM,1750952695438,Left,-0.9660866,0.4036163,0.371601,-0.5435843,0.7256178,0.2539918,-0.9387821,0.4090085,0.3876559,0.1,3,0,-0.7035937,0.9845395,0.4480059,-0.9557297,0.347932,0.4588346,False,4,1,0
6/26/2025 5:44:55 PM,1750952695453,Left,-0.9674554,0.3994203,0.3693484,-0.5458887,0.7229658,0.254357,-0.9398764,0.4047976,0.3861399,0.1,3,0,-0.7069502,0.9796841,0.4478484,-0.9568688,0.3432511,0.456902,False,4,1,0
6/26/2025 5:44:55 PM,1750952695480,Left,-0.9746318,0.3935705,0.3633903,-0.5488689,0.7188113,0.2561646,-0.9482914,0.3987142,0.3818569,0.1,3,0,-0.7135432,0.9705072,0.4469596,-0.9646819,0.3370966,0.4526989,False,4,1,0
6/26/2025 5:44:55 PM,1750952695494,Left,-0.9801364,0.3913081,0.3594067,-0.5503726,0.7165954,0.2577368,-0.9543344,0.397168,0.3789781,0.1,3,0,-0.7166603,0.9664638,0.4461049,-0.9706441,0.3355837,0.4498678,False,4,1,0
6/26/2025 5:44:55 PM,1750952695522,Left,-0.990792,0.3871359,0.3501139,-0.5538838,0.7123183,0.2603943,-0.9676006,0.3929968,0.3705558,0.1,3,0,-0.7226896,0.9606052,0.4436028,-0.9842921,0.331566,0.4414898,False,4,1,0
6/26/2025 5:44:55 PM,1750952695536,Left,-0.9936371,0.3844135,0.3459922,-0.5559895,0.7105476,0.2609282,-0.9726884,0.3892349,0.3655173,0.1,3,0,-0.7259278,0.9586771,0.4424096,-0.9898469,0.3278804,0.4364059,False,4,1,0
6/26/2025 5:44:55 PM,1750952695564,Left,-0.9963849,0.379124,0.33866,-0.5599833,0.7090015,0.2623481,-0.9754196,0.3830616,0.358573,0.1,3,0,-0.7316232,0.9545429,0.4419672,-0.9941229,0.3217728,0.4291269,False,4,1,0
6/26/2025 5:44:55 PM,1750952695577,Left,-0.9970217,0.3771445,0.3355228,-0.5617728,0.7086173,0.2635483,-0.9736348,0.3811244,0.356479,0.1,3,0,-0.7345366,0.9527966,0.4419923,-0.9931895,0.3197806,0.4267538,False,4,1,0
6/26/2025 5:44:55 PM,1750952695605,Left,-0.9993861,0.3764008,0.3296932,-0.5647917,0.7088357,0.2671499,-0.975233,0.3802332,0.3527773,0.1,3,0,-0.7402151,0.950424,0.4415315,-0.9969263,0.3190866,0.4225947,False,4,1,0
6/26/2025 5:44:55 PM,1750952695619,Left,-1.001516,0.3766511,0.3262858,-0.5665355,0.7091185,0.2688649,-0.9772322,0.3801574,0.3501636,0.1,3,0,-0.74301,0.9498594,0.4412742,-0.9999471,0.3191642,0.41979,False,4,1,0
6/26/2025 5:44:55 PM,1750952695633,Left,-1.002992,0.3770677,0.323169,-0.568377,0.7092414,0.2702136,-0.9793798,0.3802524,0.3472816,0.1,3,0,-0.745841,0.9495241,0.440954,-1.003249,0.319448,0.4166867,False,4,1,0
6/26/2025 5:44:55 PM,1750952695661,Left,-1.003629,0.377449,0.3191438,-0.5720122,0.709486,0.2725486,-0.9779722,0.3806071,0.3444721,0.1,3,0,-0.750967,0.949481,0.4397206,-1.004505,0.3200087,0.4130856,False,4,1,0
6/26/2025 5:44:55 PM,1750952695675,Left,-1.003001,0.3779406,0.3179353,-0.5737097,0.7096366,0.2735605,-0.9782931,0.380715,0.3429396,0.1,3,0,-0.753129,0.9499106,0.4390084,-1.004826,0.3201166,0.4115531,False,4,1,0
6/26/2025 5:44:55 PM,1750952695703,Left,-0.9995894,0.3823332,0.3165576,-0.5766706,0.7118117,0.2758456,-0.9748043,0.384452,0.3437905,0.1,3,0,-0.7569888,0.9518042,0.4383435,-1.001015,0.3239399,0.4126038,False,4,1,0
6/26/2025 5:44:55 PM,1750952695717,Left,-0.9984796,0.3847187,0.3154467,-0.5781279,0.7129755,0.2771902,-0.9732939,0.3880018,0.3428613,0.1,3,0,-0.7587488,0.9532953,0.4377252,-0.9991631,0.3276672,0.4119591,False,4,1,0
6/26/2025 5:44:55 PM,1750952695744,Left,-0.9965374,0.390216,0.3139907,-0.5810168,0.715543,0.2796737,-0.9726509,0.3927793,0.3413583,0.1,3,0,-0.7620008,0.9565774,0.4369638,-0.9975433,0.3329993,0.4112919,False,4,1,0
6/26/2025 5:44:55 PM,1750952695758,Left,-0.9952455,0.3928237,0.31352,-0.5823441,0.7170286,0.2807531,-0.9729488,0.3941592,0.340074,0.1,3,0,-0.763402,0.9585522,0.4368534,-0.9972165,0.3347585,0.4105483,False,4,1,0
6/26/2025 5:44:55 PM,1750952695772,Left,-0.9925354,0.3958618,0.3137616,-0.5833633,0.7189223,0.2814628,-0.9710371,0.3960325,0.3399991,0.1,3,0,-0.7642722,0.9606364,0.437077,-0.9949941,0.3367022,0.4106388,False,4,1,0
6/26/2025 5:44:55 PM,1750952695800,Left,-0.9901195,0.4010862,0.3131467,-0.5856035,0.7220789,0.2831649,-0.9674671,0.4015733,0.339922,0.1,3,0,-0.766453,0.9645922,0.4370654,-0.9900252,0.3422823,0.4110535,False,4,1,0
6/26/2025 5:44:55 PM,1750952695814,Left,-0.9896226,0.403675,0.312619,-0.5865743,0.7236336,0.2840353,-0.9688026,0.4040487,0.339107,0.1,3,0,-0.7674575,0.9666327,0.4371424,-0.9901635,0.3448442,0.4106788,False,4,1,0
6/26/2025 5:44:55 PM,1750952695841,Left,-0.9875197,0.4099041,0.311963,-0.5882325,0.7265465,0.2860368,-0.9684337,0.4101452,0.3385882,0.1,3,0,-0.7689316,0.9714108,0.4376553,-0.9890789,0.3511935,0.4105774,False,4,1,0
6/26/2025 5:44:55 PM,1750952695855,Left,-0.9860384,0.4128599,0.312323,-0.5888531,0.727834,0.2868476,-0.9672343,0.4129969,0.3387482,0.1,3,0,-0.7694597,0.974136,0.4375879,-0.9877912,0.354079,0.4107904,False,4,1,0
6/26/2025 5:44:55 PM,1750952695883,Left,-0.9822993,0.4174933,0.3138522,-0.5900209,0.7298801,0.288318,-0.9625654,0.4175573,0.3405012,0.1,3,0,-0.7704587,0.9790915,0.4378538,-0.9829371,0.3586926,0.4126394,False,4,1,0
6/26/2025 5:44:55 PM,1750952695897,Left,-0.9807625,0.4192451,0.3144438,-0.59056,0.731075,0.2888695,-0.9608331,0.4197775,0.3411847,0.1,3,0,-0.7708991,0.9814953,0.4380435,-0.9808015,0.3609308,0.4134502,False,4,1,0
6/26/2025 5:44:55 PM,1750952695925,Left,-0.9787989,0.4225976,0.3156093,-0.5915515,0.7337422,0.2900311,-0.9598289,0.4232968,0.3419841,0.1,3,0,-0.7715814,0.9860845,0.4380381,-0.9786174,0.3645332,0.4146326,False,4,1,0
6/26/2025 5:44:55 PM,1750952695939,Left,-0.9779162,0.4246216,0.3168402,-0.5918906,0.7353292,0.2908278,-0.9594877,0.4254766,0.3427102,0.1,3,0,-0.771729,0.9881663,0.4376342,-0.9775508,0.3668038,0.4156157,False,4,1,0
6/26/2025 5:44:55 PM,1750952695953,Left,-0.9768107,0.4266637,0.3183219,-0.592207,0.7369128,0.2916639,-0.9589516,0.4275845,0.3439683,0.1,3,0,-0.7719462,0.9902718,0.4373127,-0.9761592,0.3690592,0.4171985,False,4,1,0
6/26/2025 5:44:55 PM,1750952695980,Left,-0.9743207,0.4304348,0.3225988,-0.592535,0.7403378,0.2929504,-0.9575004,0.4313653,0.3468666,0.1,3,0,-0.7725446,0.9945561,0.4365417,-0.9726495,0.3730996,0.4207557,False,4,1,0
6/26/2025 5:44:55 PM,1750952695995,Left,-0.9730587,0.4325573,0.3250953,-0.592788,0.7420934,0.2932287,-0.9560264,0.4333797,0.348888,0.1,3,0,-0.7727323,0.9965981,0.4361161,-0.9698736,0.3752469,0.4231362,False,4,1,0
6/26/2025 5:44:56 PM,1750952696022,Left,-0.9713466,0.4380063,0.3297126,-0.5930572,0.7453803,0.2939987,-0.9553367,0.4385091,0.3522959,0.1,3,0,-0.7732208,1.000721,0.4350922,-0.9661677,0.381682,0.4280412,False,4,1,0
6/26/2025 5:44:56 PM,1750952696036,Left,-0.9705567,0.4404266,0.3316625,-0.5931613,0.746886,0.2945006,-0.9558202,0.4406579,0.3534476,0.1,3,0,-0.7735684,1.002799,0.4343953,-0.9650989,0.3844526,0.4298599,False,4,1,0
6/26/2025 5:44:56 PM,1750952696063,Left,-0.9702451,0.4456948,0.3356401,-0.5930538,0.7492667,0.2947253,-0.9563081,0.4461588,0.3565725,0.1,3,0,-0.774682,1.007174,0.4326127,-0.9659903,0.390113,0.433052,False,4,1,0
6/26/2025 5:44:56 PM,1750952696077,Left,-0.9702477,0.4481543,0.337531,-0.5930536,0.7499757,0.29456,-0.9565542,0.4484465,0.3577661,0.1,3,0,-0.775146,1.009419,0.4315238,-0.9665022,0.392658,0.4343994,False,4,1,0
6/26/2025 5:44:56 PM,1750952696105,Left,-0.9704204,0.453589,0.3408607,-0.5929081,0.7525275,0.2941567,-0.9564147,0.4533061,0.3600119,0.1,3,0,-0.7765617,1.013887,0.429426,-0.9672267,0.3984548,0.4372026,False,4,1,0
6/26/2025 5:44:56 PM,1750952696119,Left,-0.9706261,0.4562189,0.342327,-0.5929759,0.7537814,0.2938762,-0.9568992,0.4559625,0.3609102,0.1,3,0,-0.7774715,1.016135,0.4283328,-0.9675713,0.4015375,0.4384215,False,4,1,0
6/26/2025 5:44:56 PM,1750952696134,Left,-0.9709342,0.4588974,0.3435898,-0.5931714,0.7551278,0.2935072,-0.9572484,0.4584334,0.3617516,0.1,3,0,-0.7785668,1.018398,0.4272128,-0.968018,0.4045793,0.4396473,False,4,1,0
6/26/2025 5:44:56 PM,1750952696161,Left,-0.9707127,0.4639623,0.3464357,-0.5935514,0.7575643,0.2928985,-0.9575474,0.463374,0.3633131,0.1,3,0,-0.7806635,1.023574,0.4247614,-0.967907,0.4102755,0.441781,False,4,1,0
6/26/2025 5:44:56 PM,1750952696175,Left,-0.9700902,0.4666917,0.3480763,-0.5938492,0.7589729,0.2926122,-0.9572572,0.4660181,0.3644099,0.1,3,0,-0.7819459,1.026188,0.4235394,-0.9671776,0.4130315,0.4430101,False,4,1,0
6/26/2025 5:44:56 PM,1750952696203,Left,-0.968668,0.4720984,0.3502131,-0.5948701,0.7621077,0.2921624,-0.9570135,0.4716292,0.3656569,0.1,3,0,-0.7850313,1.03185,0.4211918,-0.9660742,0.418819,0.4444794,False,4,1,0
6/26/2025 5:44:56 PM,1750952696217,Left,-0.9681354,0.4747191,0.3512361,-0.5953887,0.7634316,0.2920176,-0.956594,0.4742665,0.3661861,0.1,3,0,-0.7863998,1.03475,0.419813,-0.9655802,0.4217389,0.4452056,False,4,1,0
6/26/2025 5:44:56 PM,1750952696245,Left,-0.9669054,0.4801344,0.3531717,-0.5971992,0.7673787,0.2919266,-0.9562567,0.4800203,0.3672126,0.1,3,0,-0.7894027,1.041272,0.4172057,-0.96442,0.4277238,0.4464743,False,4,1,0
6/26/2025 5:44:56 PM,1750952696258,Left,-0.9660068,0.4826121,0.3535686,-0.5982044,0.7693066,0.2917891,-0.9560227,0.4828501,0.3673885,0.1,3,0,-0.7908211,1.04489,0.4158046,-0.9637995,0.4305984,0.4467186,False,4,1,0
6/26/2025 5:44:56 PM,1750952696272,Left,-0.9647219,0.4846926,0.3543549,-0.5992296,0.7714043,0.2915758,-0.955365,0.4855387,0.3676343,0.1,3,0,-0.7923155,1.04832,0.4145445,-0.9624677,0.4333492,0.4470684,False,4,1,0
6/26/2025 5:44:56 PM,1750952696300,Left,-0.9615929,0.4889509,0.3563441,-0.601423,0.7759243,0.2915342,-0.9497865,0.4898489,0.3684412,0.1,3,0,-0.7948937,1.055099,0.411209,-0.9549534,0.4375338,0.4479422,False,4,1,0
6/26/2025 5:44:56 PM,1750952696314,Left,-0.9602623,0.491931,0.3567725,-0.6026847,0.7784763,0.2915739,-0.9493733,0.4931406,0.3686333,0.1,3,0,-0.7960601,1.058643,0.4096793,-0.9532031,0.4407379,0.4481523,False,4,1,0
6/26/2025 5:44:56 PM,1750952696342,Left,-0.9586711,0.4980259,0.3560472,-0.6054673,0.783702,0.2915728,-0.951242,0.4998169,0.3675035,0.1,3,0,-0.7983241,1.065829,0.4063176,-0.9527283,0.4471964,0.4469569,False,4,1,0
