ts_datetime,ts_unix_ms,primary_grab_hand,pt_x,pt_y,pt_z,st_x,st_y,st_z,pv_x,pv_y,pv_z,sv_x,sv_y,sv_z,hmd_x,hmd_y,hmd_z,ee_x,ee_y,ee_z,shovel_loaded_state,cube_max_target_reached,grab_count,collision_or_load_count
6/25/2025 12:05:22 PM,1750845922857,Right,0.01757634,0.05706715,-0.01288307,0.02212989,0.09095078,0.3201649,0.01757634,0.05706715,-0.01288307,0.02212989,0.09095078,0.3201649,0.08192182,0.6192073,0.16737,-2.479354E-08,0.07,0.7400005,False,0,1,0
6/25/2025 12:05:22 PM,1750845922871,Right,0.01831508,0.0588281,-0.01050258,0.01910686,0.08866771,0.3222227,0.0004777333,0.02089084,-0.0002582466,0.0005162712,0.02132757,0.2672698,0.08133566,0.6195933,0.1705018,0.0004858773,0.07209869,0.7396592,False,0,1,0
6/25/2025 12:05:22 PM,1750845922898,Right,0.01882696,0.0620026,-0.005685925,0.01834738,0.08640788,0.3248278,0.002823815,0.02553961,-0.0008250812,0.002583994,0.02676514,0.2643031,0.080459,0.6205022,0.1763318,0.001454387,0.07895471,0.7389351,False,0,1,0
6/25/2025 12:05:22 PM,1750845922912,Right,0.01926541,0.06432328,-0.004757643,0.01906562,0.08674237,0.3258218,0.004327772,0.0287537,-0.0008943454,0.004104939,0.02964593,0.264184,0.08020449,0.6214166,0.1787859,0.002604484,0.08123204,0.7389321,False,0,1,0
6/25/2025 12:05:22 PM,1750845922939,Right,0.0210433,0.06840959,-0.00653708,0.02155113,0.08776435,0.328787,0.008710273,0.03829122,-0.001135292,0.008679079,0.03729761,0.2674265,0.07968009,0.6234124,0.1829309,0.006360828,0.08550183,0.7390442,False,0,1,0
6/25/2025 12:05:22 PM,1750845922954,Right,0.02177382,0.07153506,-0.00592804,0.02315032,0.08915361,0.3303171,0.01122358,0.04421901,-0.001161379,0.01147989,0.04175433,0.2682047,0.07919216,0.6248758,0.1846399,0.008931507,0.08735639,0.7392669,False,0,1,0
6/25/2025 12:05:22 PM,1750845922981,Right,0.02515352,0.07978646,-0.00416398,0.02459526,0.09259564,0.3316038,0.01745259,0.06011706,0.0003524186,0.01733717,0.05311967,0.2691876,0.07715201,0.6277863,0.187898,0.01207345,0.09058883,0.741394,False,0,1,0
6/25/2025 12:05:22 PM,1750845922995,Right,0.02660108,0.08258647,-0.003922582,0.02439952,0.0945841,0.3314167,0.02015249,0.06700239,0.001320636,0.0191949,0.0589275,0.2696463,0.07626605,0.629868,0.1896002,0.01132153,0.09433675,0.7424515,False,0,1,0
6/25/2025 12:05:23 PM,1750845923023,Right,0.02973557,0.08983563,-0.003714204,0.02416968,0.1002647,0.3286948,0.02225041,0.07358655,0.002137076,0.02053512,0.06445446,0.2682119,0.0743438,0.63529,0.1930521,0.008549108,0.0973725,0.7433163,False,0,1,0
6/25/2025 12:05:23 PM,1750845923037,Right,0.03092527,0.09406447,-0.002729177,0.02444041,0.1042666,0.3281558,0.02297782,0.07763356,0.003303969,0.02106528,0.06822173,0.2680144,0.07310987,0.6385019,0.1948061,0.007213721,0.1002137,0.7444798,False,0,1,0
6/25/2025 12:05:23 PM,1750845923051,Right,0.0318526,0.09821094,-0.001436472,0.0249927,0.1089056,0.3283168,0.02348732,0.08153342,0.004646312,0.02117899,0.07140914,0.2684417,0.07190204,0.642174,0.1966937,0.004911311,0.1016354,0.7458284,False,0,1,0
6/25/2025 12:05:23 PM,1750845923079,Right,0.03407741,0.106952,0.0003541708,0.02602923,0.1193725,0.3307452,0.0247472,0.09013079,0.006825697,0.0218815,0.07894567,0.2710055,0.06947279,0.6504909,0.2000406,0.001183707,0.1063165,0.7479619,False,0,1,0
6/25/2025 12:05:23 PM,1750845923093,Right,0.03543854,0.1119414,0.0009975433,0.02636909,0.1251683,0.3323705,0.0256478,0.09524592,0.007674204,0.02253587,0.08373225,0.2726995,0.0684644,0.6555467,0.2017168,-0.0003354251,0.1100049,0.7487593,False,0,1,0
6/25/2025 12:05:23 PM,1750845923120,Right,0.03840256,0.1229016,0.002676129,0.02670503,0.1375245,0.3349683,0.0277429,0.1063871,0.009766947,0.02319945,0.09338848,0.2756662,0.06702614,0.6670604,0.2054998,-0.006067894,0.1155134,0.750627,False,0,1,0
6/25/2025 12:05:23 PM,1750845923135,Right,0.03985381,0.1287589,0.003436208,0.02660191,0.1440421,0.3359284,0.02886552,0.1123652,0.01076783,0.02316879,0.09825955,0.2768188,0.06683421,0.6733206,0.2074639,-0.01009952,0.1174767,0.7514133,False,0,1,0
6/25/2025 12:05:23 PM,1750845923162,Right,0.04232061,0.1419262,0.00573957,0.02641225,0.157206,0.3381323,0.03084106,0.1255358,0.01341182,0.02440322,0.1104257,0.2794843,0.06656849,0.6871253,0.2118367,-0.01428133,0.1254772,0.7537253,False,0,1,0
6/25/2025 12:05:23 PM,1750845923176,Right,0.04312515,0.1490727,0.007257342,0.02675581,0.1649685,0.3400903,0.03142709,0.132709,0.01509162,0.02486003,0.117225,0.2813048,0.06620395,0.6943548,0.2140428,-0.01604303,0.1302707,0.7552543,False,0,1,0
6/25/2025 12:05:23 PM,1750845923190,Right,0.0438236,0.1564936,0.008853316,0.0271852,0.1730763,0.3421777,0.03184661,0.1403937,0.0168064,0.02506025,0.1241061,0.2835444,0.06589174,0.7021894,0.2159817,-0.01824576,0.1342602,0.7567748,False,0,1,0
6/25/2025 12:05:23 PM,1750845923217,Right,0.04542017,0.1720933,0.01225948,0.02783918,0.18954,0.3471206,0.03305935,0.1562964,0.02031231,0.02558345,0.1371761,0.2881474,0.06558537,0.7190411,0.2200257,-0.02290089,0.1389355,0.7596818,False,0,1,0
6/25/2025 12:05:23 PM,1750845923231,Right,0.0463587,0.1803798,0.01396537,0.02804208,0.1979699,0.3501012,0.03377294,0.1649062,0.02218987,0.02576603,0.143821,0.2909201,0.06535172,0.7280085,0.2224574,-0.02547258,0.1403397,0.7610989,False,0,1,0
6/25/2025 12:05:23 PM,1750845923259,Right,0.04783869,0.1969807,0.01725078,0.02811718,0.2152105,0.3566176,0.03492493,0.1820872,0.02582544,0.02644117,0.1595376,0.2970136,0.06502008,0.7469897,0.2277449,-0.02918769,0.1493174,0.7640096,False,0,1,0
6/25/2025 12:05:23 PM,1750845923274,Right,0.04836595,0.2054021,0.01909745,0.02815855,0.223712,0.3601063,0.03535734,0.1909504,0.02782441,0.02673791,0.1679237,0.3003013,0.06511366,0.7570995,0.2306204,-0.030646,0.1546847,0.7656783,False,0,1,0
6/25/2025 12:05:23 PM,1750845923301,Right,0.0493027,0.2231684,0.02320492,0.02837217,0.2411114,0.3685405,0.03610529,0.2096414,0.03244711,0.02696852,0.1842867,0.308111,0.06488788,0.7779464,0.2374901,-0.03169863,0.1667269,0.7697809,False,0,1,0
6/25/2025 12:05:23 PM,1750845923315,Right,0.04968345,0.2320844,0.02530253,0.02876079,0.2501163,0.3728027,0.0362575,0.2193113,0.03497358,0.02687523,0.1921638,0.3123674,0.06447554,0.7887145,0.2410274,-0.0319662,0.1722103,0.772013,False,0,1,0
6/25/2025 12:05:23 PM,1750845923343,Right,0.05046487,0.2504573,0.02958918,0.03038478,0.2692732,0.3813161,0.03690149,0.2386586,0.03982831,0.02757693,0.2075753,0.3202265,0.06448793,0.8105235,0.2482035,-0.03087777,0.1820788,0.7762418,False,0,1,0
6/25/2025 12:05:23 PM,1750845923357,Right,0.05093503,0.2595688,0.03175545,0.03100145,0.2784919,0.3850265,0.03724417,0.2483644,0.04228669,0.02787993,0.2171489,0.323878,0.06440258,0.8214282,0.2517812,-0.03053509,0.1917847,0.7787002,False,0,1,0
6/25/2025 12:05:23 PM,1750845923370,Right,0.05138826,0.2691588,0.03379309,0.03169024,0.2877698,0.3881638,0.03755359,0.2582531,0.04457806,0.02817944,0.2264808,0.3270818,0.06406093,0.8322085,0.2549851,-0.03021023,0.2004273,0.7808962,False,0,1,0
6/25/2025 12:05:23 PM,1750845923398,Right,0.05153024,0.2885882,0.03773856,0.03326309,0.3056124,0.3934941,0.03749757,0.2780832,0.04896182,0.02833521,0.2440842,0.3322143,0.06284881,0.8530072,0.2611917,-0.02980245,0.2144619,0.7848443,False,0,1,0
6/25/2025 12:05:23 PM,1750845923412,Right,0.05089402,0.2986186,0.04010153,0.03400481,0.3142113,0.395818,0.03675158,0.2882609,0.05147988,0.0279431,0.2525713,0.3342673,0.06210363,0.8633,0.2643628,-0.02971262,0.2200505,0.7870272,False,0,1,0
6/25/2025 12:05:23 PM,1750845923440,Right,0.04930079,0.3179331,0.04486299,0.03579414,0.3310431,0.4000558,0.03506431,0.3077531,0.05652395,0.02749929,0.2676649,0.3381373,0.06004024,0.8832068,0.2705374,-0.02808418,0.228087,0.7912114,False,0,1,0
6/25/2025 12:05:23 PM,1750845923454,Right,0.04856658,0.3274676,0.04709303,0.03669155,0.3395142,0.4022629,0.0344573,0.3174119,0.05900367,0.02777793,0.2744649,0.3402724,0.05919409,0.8929025,0.2737867,-0.02624601,0.2305328,0.7930794,False,0,1,0
6/25/2025 12:05:23 PM,1750845923482,Right,0.04392385,0.3450038,0.04993331,0.03924024,0.3529202,0.4026306,0.03025374,0.3345371,0.06267668,0.0271769,0.2852049,0.3405688,0.05749512,0.909322,0.2810197,-0.02062129,0.2307148,0.7952971,False,0,1,0
6/25/2025 12:05:23 PM,1750845923496,Right,0.04187214,0.3534509,0.05125439,0.04041982,0.3591223,0.4030356,0.02868646,0.3422115,0.06429937,0.02749448,0.2897479,0.3409266,0.05659223,0.9173558,0.284392,-0.01706543,0.2300472,0.7960274,False,0,1,0
6/25/2025 12:05:23 PM,1750845923523,Right,0.03690088,0.3704508,0.05465937,0.04229951,0.3696449,0.4038962,0.02413263,0.3593032,0.06835984,0.02657157,0.300451,0.3415762,0.05415857,0.9321778,0.2907726,-0.01243014,0.2283108,0.7974718,False,0,1,0
6/25/2025 12:05:23 PM,1750845923537,Right,0.03361797,0.3782388,0.05680621,0.04294181,0.3740873,0.4048101,0.0213287,0.3667341,0.07076512,0.02556735,0.3050864,0.3423694,0.05318713,0.9385888,0.2941859,-0.01060164,0.2273685,0.7985411,False,0,1,0
6/25/2025 12:05:23 PM,1750845923551,Right,0.02972758,0.385192,0.05901933,0.04335237,0.3782604,0.4062864,0.01822037,0.3736924,0.07318965,0.02431207,0.3095513,0.3437011,0.05215383,0.944898,0.2978096,-0.008796547,0.2272186,0.7997676,False,0,1,0
6/25/2025 12:05:23 PM,1750845923579,Right,0.02032888,0.3978182,0.06479132,0.04419148,0.3840526,0.4110701,0.009982552,0.385737,0.07923397,0.02090665,0.3169124,0.3480232,0.04955864,0.9562533,0.3051472,-0.004032826,0.2263516,0.8034576,False,0,1,0
6/25/2025 12:05:23 PM,1750845923593,Right,0.01543975,0.4042847,0.06829965,0.04452014,0.3867372,0.4141259,0.005575124,0.3915918,0.08290447,0.01899895,0.3199646,0.3511748,0.04803848,0.9611822,0.3086933,-0.001549552,0.2251895,0.8056489,False,0,1,0
6/25/2025 12:05:23 PM,1750845923621,Right,0.004373789,0.4161304,0.07719541,0.04359913,0.3895526,0.4205004,-0.003730781,0.4024225,0.09144765,0.01431959,0.3249877,0.3570492,0.04577279,0.9696448,0.3158262,0.002097273,0.220347,0.8104154,False,0,1,0
6/25/2025 12:05:23 PM,1750845923635,Right,-0.001846075,0.4212369,0.08193123,0.04268026,0.3903052,0.4234457,-0.008720072,0.4072971,0.09575763,0.01168988,0.3272023,0.3598214,0.04442894,0.973462,0.3192816,0.003518537,0.2174468,0.8126308,False,0,1,0
6/25/2025 12:05:23 PM,1750845923662,Right,-0.0164125,0.4310381,0.09381998,0.03840137,0.3897666,0.429848,-0.02085617,0.4159791,0.1065717,0.004069606,0.3298568,0.366104,0.04206312,0.9795315,0.3263439,0.004871262,0.2089885,0.8183253,False,0,1,0
6/25/2025 12:05:23 PM,1750845923676,Right,-0.02438533,0.4349555,0.1012514,0.03558302,0.3891732,0.4333348,-0.02736994,0.4191962,0.1131801,-0.0001757517,0.3306481,0.3692785,0.04108071,0.9820988,0.3298476,0.00578565,0.2043794,0.8223025,False,0,1,0
6/25/2025 12:05:23 PM,1750845923703,Right,-0.04062545,0.4419103,0.1184675,0.02921283,0.3880576,0.441841,-0.04088105,0.4255884,0.1283225,-0.009795757,0.332569,0.3781327,0.03935456,0.986546,0.3370597,0.006138392,0.1968997,0.8323045,False,0,1,0
6/25/2025 12:05:23 PM,1750845923718,Right,-0.0480783,0.4462555,0.1281108,0.02597928,0.3876413,0.4464978,-0.04716605,0.4291933,0.1371693,-0.01457821,0.3336402,0.3829202,0.03840482,0.9885886,0.3407729,0.006171588,0.1919683,0.8378686,False,0,1,0
6/25/2025 12:05:23 PM,1750845923732,Right,-0.05560827,0.4495792,0.1402212,0.02124166,0.3864395,0.4539217,-0.05332857,0.4321576,0.1472243,-0.01972973,0.3343062,0.3893974,0.03740239,0.9903668,0.344647,0.005177192,0.1874427,0.8449289,False,0,1,0
6/25/2025 12:05:23 PM,1750845923760,Right,-0.07058406,0.4542212,0.162928,0.01250744,0.3856885,0.4703019,-0.06574939,0.436033,0.1673343,-0.02988028,0.3354579,0.4050084,0.03551114,0.9928011,0.3523291,0.003612712,0.183372,0.8612013,False,0,1,0
6/25/2025 12:05:23 PM,1750845923773,Right,-0.07857466,0.4559679,0.17528,0.007979155,0.3861141,0.4801058,-0.0722767,0.4377077,0.1776052,-0.03502733,0.3362364,0.4136295,0.03424644,0.9938557,0.3561143,0.003382303,0.1828656,0.870015,False,0,1,0
6/25/2025 12:05:23 PM,1750845923800,Right,-0.0954355,0.4591807,0.2041656,-0.001197815,0.388729,0.502381,-0.08601189,0.4401913,0.2014992,-0.04586654,0.3381276,0.4334539,0.03123367,0.9950453,0.3639152,0.003765821,0.1830726,0.8913761,False,0,1,0
6/25/2025 12:05:23 PM,1750845923815,Right,-0.1035144,0.4602644,0.2192583,-0.005579233,0.3903139,0.5137386,-0.09284112,0.4410187,0.2146838,-0.05139976,0.3392454,0.4442372,0.02967072,0.9954889,0.3678161,0.00409691,0.1836795,0.9035087,True,0,1,1
6/25/2025 12:05:23 PM,1750845923842,Right,-0.1183583,0.4633345,0.2503383,-0.01549089,0.3945846,0.539531,-0.09716583,0.4399879,0.2262148,-0.05964549,0.3439808,0.4384152,0.02578187,0.9962267,0.3753222,-0.001121193,0.1783382,0.9135394,True,0,1,1
6/25/2025 12:05:23 PM,1750845923857,Right,-0.124845,0.4656271,0.2669787,-0.02131605,0.3972292,0.5538893,-0.09988552,0.4403877,0.2326829,-0.06295028,0.3437524,0.4431329,0.02355695,0.9965517,0.3789258,-0.003934853,0.1753678,0.9187281,True,0,1,1
6/25/2025 12:05:23 PM,1750845923884,Right,-0.136857,0.4700919,0.2998512,-0.03369391,0.4033189,0.5813544,-0.1061637,0.441864,0.2485296,-0.07072297,0.3436897,0.4538952,0.01870286,0.9973427,0.3866937,-0.01039455,0.1672719,0.9308254,True,0,1,1
6/25/2025 12:05:23 PM,1750845923898,Right,-0.1427286,0.4729809,0.316842,-0.04061556,0.4070147,0.5943025,-0.109604,0.4428481,0.2573079,-0.07509098,0.3439563,0.4593288,0.01603186,0.9980141,0.3903967,-0.01402783,0.1624186,0.9372525,True,0,1,1
6/25/2025 12:05:23 PM,1750845923912,Right,-0.1485409,0.4768403,0.3340262,-0.04762101,0.4108271,0.6067808,-0.1136756,0.4443358,0.2680313,-0.08042644,0.344982,0.4656438,0.01329494,0.9987313,0.394248,-0.01858035,0.1572121,0.945244,True,0,1,1
6/25/2025 12:05:23 PM,1750845923940,Right,-0.156258,0.4892441,0.3664522,-0.06058908,0.4218952,0.6298766,-0.1207439,0.448493,0.2884944,-0.09027289,0.3485407,0.4777403,0.007685542,1.000902,0.4022692,-0.02793546,0.1485845,0.9604629,True,0,1,1
6/25/2025 12:05:23 PM,1750845923954,Right,-0.1574724,0.4959105,0.3798831,-0.06676221,0.4284622,0.6413213,-0.1242995,0.4515422,0.300226,-0.09556467,0.3513089,0.4866083,0.004671097,1.002412,0.4066548,-0.03426845,0.1468377,0.9704123,True,0,1,1
6/25/2025 12:05:23 PM,1750845923981,Right,-0.1570283,0.5088385,0.4024265,-0.07927227,0.4435732,0.6644611,-0.1306623,0.4599183,0.3261517,-0.1060197,0.359376,0.5097364,-0.002332091,1.006593,0.4159915,-0.04940831,0.1502109,0.9951653,True,0,1,1
6/25/2025 12:05:23 PM,1750845923996,Right,-0.1565304,0.5150003,0.4119943,-0.08574462,0.4523464,0.6755162,-0.1332407,0.4653179,0.3397197,-0.111059,0.3646803,0.5228727,-0.006287575,1.00935,0.4204233,-0.05819447,0.154532,1.008958,True,0,1,1
6/25/2025 12:05:24 PM,1750845924023,Right,-0.1555942,0.5258778,0.4259549,-0.100355,0.471642,0.6939287,-0.1383344,0.4794534,0.3690012,-0.1210699,0.3798873,0.5519592,-0.01512337,1.017026,0.4281807,-0.07548847,0.1708992,1.040525,True,0,1,1
6/25/2025 12:05:24 PM,1750845924037,Right,-0.1558304,0.5308756,0.4328605,-0.1078565,0.4807006,0.7024441,-0.1409774,0.4878741,0.3833627,-0.1259447,0.3888429,0.5663456,-0.01995409,1.02157,0.4319487,-0.08549499,0.1805789,1.056112,True,0,1,1
6/25/2025 12:05:24 PM,1750845924051,Right,-0.1557045,0.5354815,0.4367278,-0.1162274,0.4914647,0.7096654,-0.1434862,0.4978747,0.3946451,-0.1306622,0.3996303,0.5791808,-0.02490962,1.027241,0.4357666,-0.09656588,0.1949317,1.070015,True,0,1,1
6/25/2025 12:05:24 PM,1750845924079,Right,-0.1562622,0.5439875,0.4418187,-0.1325812,0.5135318,0.72282,-0.1463044,0.507987,0.4009439,-0.138167,0.4113522,0.590008,-0.03428471,1.040102,0.4434026,-0.1177974,0.2159704,1.082129,True,0,1,1
6/25/2025 12:05:24 PM,1750845924092,Right,-0.1564273,0.5473893,0.4423662,-0.1412003,0.52513,0.7290494,-0.1475658,0.5126585,0.4017981,-0.1415054,0.4166091,0.59513,-0.03889859,1.047394,0.4474602,-0.1275672,0.2283056,1.08652,True,0,1,1
6/25/2025 12:05:24 PM,1750845924121,Right,-0.1559405,0.5536726,0.4411179,-0.1586175,0.5502077,0.7401857,-0.1497476,0.5223755,0.4028808,-0.1486453,0.428196,0.6064752,-0.04924703,1.06346,0.4555392,-0.1495253,0.2569644,1.095454,True,0,1,1
6/25/2025 12:05:24 PM,1750845924135,Right,-0.1558378,0.5569267,0.4397672,-0.1676414,0.5634921,0.7447865,-0.1510288,0.5274091,0.4032222,-0.1526044,0.4343538,0.6125617,-0.05494595,1.071792,0.4591026,-0.1611096,0.2723069,1.099585,True,0,1,1
6/25/2025 12:05:24 PM,1750845924162,Right,-0.1566515,0.5643489,0.4368943,-0.1870661,0.5892884,0.7530422,-0.154683,0.5382387,0.4022332,-0.1629526,0.4485845,0.62356,-0.06685579,1.088955,0.4656194,-0.1891788,0.3062966,1.105876,True,0,1,1
6/25/2025 12:05:24 PM,1750845924177,Right,-0.1579546,0.5686443,0.4336869,-0.198385,0.6028395,0.755029,-0.1572722,0.5438713,0.4004269,-0.1694365,0.4561262,0.6280542,-0.07363963,1.097594,0.4677818,-0.2051601,0.3237371,1.107072,True,0,1,1
6/25/2025 12:05:24 PM,1750845924204,Right,-0.1608963,0.5788674,0.4283549,-0.2207193,0.6295827,0.7589083,-0.1629771,0.5569065,0.3974071,-0.1846806,0.474199,0.6373051,-0.08756745,1.115702,0.4713218,-0.2419279,0.3618359,1.108613,True,0,1,1
6/25/2025 12:05:24 PM,1750845924217,Right,-0.1623262,0.5847717,0.4261926,-0.2324076,0.6435532,0.7598681,-0.1657895,0.5638953,0.3962344,-0.1930682,0.4840916,0.6418935,-0.09484792,1.125088,0.4726008,-0.2619337,0.3812979,1.108635,True,0,1,1
6/25/2025 12:05:24 PM,1750845924232,Right,-0.1636961,0.5908366,0.4242431,-0.2443672,0.6569141,0.7608552,-0.1688892,0.5713826,0.3948814,-0.2028585,0.4945776,0.6454793,-0.1025469,1.134461,0.4741657,-0.28506,0.4004153,1.107184,True,0,1,1
6/25/2025 12:05:24 PM,1750845924260,Right,-0.1669958,0.6041656,0.4197774,-0.2706499,0.6823542,0.7600198,-0.1750273,0.5855644,0.3923122,-0.2206626,0.5124118,0.6514769,-0.1191863,1.153322,0.4764895,-0.3216156,0.4310151,1.102753,True,0,1,1
6/25/2025 12:05:24 PM,1750845924273,Right,-0.1692792,0.6110969,0.4176174,-0.2848947,0.6944689,0.7585752,-0.1788358,0.5932904,0.3908392,-0.2306382,0.5226007,0.6540787,-0.1282059,1.162658,0.4771203,-0.3402588,0.4484275,1.100105,True,0,1,1
6/25/2025 12:05:24 PM,1750845924301,Right,-0.1749712,0.6253519,0.4140936,-0.3147558,0.7176412,0.7524433,-0.1883986,0.6099458,0.3879891,-0.2536719,0.5438048,0.6557742,-0.1470842,1.180612,0.4769323,-0.3824892,0.4810196,1.092125,True,0,1,1
6/25/2025 12:05:24 PM,1750845924315,Right,-0.1779673,0.6322629,0.4121562,-0.3301411,0.7286246,0.748558,-0.193112,0.6174775,0.3862812,-0.2651903,0.5531654,0.6556759,-0.1566632,1.189249,0.4759582,-0.4035867,0.4948135,1.08682,True,0,1,1
6/25/2025 12:05:24 PM,1750845924343,Right,-0.1852368,0.64629,0.4082335,-0.361979,0.7501771,0.7381349,-0.2034944,0.6325083,0.382215,-0.2894933,0.5719278,0.6538689,-0.1764895,1.206263,0.471473,-0.4467399,0.5220039,1.074111,True,0,1,1
6/25/2025 12:05:24 PM,1750845924357,Right,-0.1898797,0.6536344,0.4062347,-0.3783005,0.76103,0.7318256,-0.2095873,0.6403039,0.3798981,-0.3023595,0.5814343,0.6519567,-0.1868808,1.214742,0.4680977,-0.4683613,0.5352389,1.066992,True,0,1,1
6/25/2025 12:05:24 PM,1750845924384,Right,-0.2010123,0.6679729,0.4017956,-0.413406,0.7817089,0.7174233,-0.2230932,0.6554232,0.3746983,-0.3302408,0.5997908,0.6469346,-0.2074144,1.231324,0.4607761,-0.5137366,0.560823,1.050477,True,0,1,1
6/25/2025 12:05:24 PM,1750845924398,Right,-0.2073121,0.674798,0.3991134,-0.4319742,0.7914827,0.7091081,-0.23009,0.6626379,0.3717073,-0.3449086,0.6087258,0.6439919,-0.2172939,1.239126,0.4562982,-0.5371162,0.5735688,1.040962,True,0,1,1
6/25/2025 12:05:24 PM,1750845924412,Right,-0.2139924,0.6815519,0.3960222,-0.4510255,0.8007922,0.6998639,-0.2375967,0.6697956,0.3681057,-0.3602844,0.6173416,0.6398774,-0.2269588,1.247007,0.4513148,-0.5612984,0.5854846,1.030079,True,0,1,1
6/25/2025 12:05:24 PM,1750845924440,Right,-0.2279704,0.6953932,0.3888599,-0.4895958,0.8177198,0.6784704,-0.2529902,0.684269,0.35989,-0.391527,0.6334674,0.6288232,-0.2461278,1.262817,0.4403498,-0.6102483,0.605943,1.005128,True,0,1,1
6/25/2025 12:05:24 PM,1750845924454,Right,-0.2357407,0.7023123,0.3849323,-0.5090868,0.8250946,0.6655489,-0.2611127,0.6914867,0.3555112,-0.407172,0.6407713,0.6217781,-0.2553072,1.270589,0.4346178,-0.6347195,0.6140414,0.9915304,True,0,1,1
6/25/2025 12:05:24 PM,1750845924482,Right,-0.2521427,0.7160983,0.3760166,-0.5473731,0.8383679,0.6358275,-0.2781097,0.705715,0.3456476,-0.4382746,0.6540006,0.6046454,-0.2740891,1.285639,0.4219099,-0.6835431,0.6266334,0.961659,True,0,1,1
6/25/2025 12:05:24 PM,1750845924496,Right,-0.2606654,0.7230594,0.3710589,-0.565829,0.844964,0.6201304,-0.2868108,0.7127777,0.3400561,-0.4536091,0.6604459,0.5951585,-0.2836939,1.293104,0.4141802,-0.7072419,0.6325434,0.9457791,True,0,1,1
6/25/2025 12:05:24 PM,1750845924524,Right,-0.2783357,0.7362396,0.360462,-0.5996301,0.8594509,0.5847368,-0.3047787,0.726486,0.3275918,-0.4827609,0.6732407,0.5733292,-0.3021734,1.307578,0.3962792,-0.7530187,0.6437989,0.9126934,True,0,1,1
6/25/2025 12:05:24 PM,1750845924538,Right,-0.2874957,0.7425814,0.3547193,-0.6163578,0.868089,0.5664032,-0.3139076,0.7332437,0.3210857,-0.497686,0.6804386,0.5628891,-0.3116176,1.314957,0.387092,-0.7754034,0.6518226,0.8959704,True,0,1,1
6/25/2025 12:05:24 PM,1750845924551,Right,-0.2966322,0.7490337,0.3490332,-0.6338284,0.8767086,0.5481836,-0.3231231,0.7399039,0.3145478,-0.5135248,0.6877095,0.5524273,-0.3211694,1.321981,0.3779248,-0.7987252,0.6604874,0.8781042,True,0,1,1
6/25/2025 12:05:24 PM,1750845924579,Right,-0.3155986,0.7611496,0.3367814,-0.6694751,0.8919384,0.507828,-0.3417975,0.7522637,0.3001497,-0.5457673,0.7006199,0.5287308,-0.3384725,1.334968,0.3576241,-0.8465856,0.675054,0.8380417,True,0,1,1
6/25/2025 12:05:24 PM,1750845924593,Right,-0.3253182,0.7670204,0.3301449,-0.6869249,0.8976176,0.4843566,-0.3508884,0.7583071,0.292622,-0.5618317,0.7061589,0.5155222,-0.3463292,1.341097,0.3464003,-0.8709847,0.6802186,0.8155963,True,0,1,1
6/25/2025 12:05:24 PM,1750845924621,Right,-0.3448451,0.7796031,0.3161011,-0.7190528,0.908622,0.4381998,-0.3694057,0.7706922,0.2765372,-0.5928004,0.7159081,0.4859515,-0.3612419,1.353268,0.3248805,-0.9190615,0.6863359,0.7673147,True,0,1,1
6/25/2025 12:05:24 PM,1750845924634,Right,-0.354495,0.7861278,0.308678,-0.7339008,0.9139356,0.4146737,-0.378503,0.7770234,0.2681631,-0.6082755,0.7201021,0.4692695,-0.3685536,1.359326,0.3140683,-0.9439301,0.6874384,0.7397208,True,0,1,1
6/25/2025 12:05:24 PM,1750845924662,Right,-0.3733187,0.7993266,0.2933513,-0.7614548,0.9234938,0.3647761,-0.3954114,0.7892163,0.2519065,-0.6364174,0.7277828,0.4374447,-0.3829944,1.371331,0.2917476,-0.988127,0.6886625,0.6862764,True,0,1,1
6/25/2025 12:05:24 PM,1750845924676,Right,-0.3822242,0.8061752,0.2857091,-0.7742448,0.9276901,0.3393259,-0.404837,0.7961721,0.2426806,-0.6523001,0.7321882,0.4197252,-0.3902757,1.376961,0.2802601,-1.011743,0.6897761,0.6555308,True,0,1,1
6/25/2025 12:05:24 PM,1750845924704,Right,-0.39937,0.8200558,0.2706392,-0.7989829,0.9374167,0.2913179,-0.4210215,0.8091071,0.225596,-0.6811705,0.7398057,0.3847622,-0.4046102,1.388299,0.2572539,-1.054427,0.6909,0.592917,True,0,1,1
6/25/2025 12:05:24 PM,1750845924717,Right,-0.4070035,0.8267159,0.2625791,-0.8073959,0.9422741,0.2675328,-0.4287681,0.81552,0.2165544,-0.693083,0.7437415,0.3677601,-0.4118078,1.393857,0.2456152,-1.071862,0.6914248,0.5645924,True,0,1,1
6/25/2025 12:05:24 PM,1750845924731,Right,-0.4148023,0.8331808,0.2547175,-0.8162198,0.9468498,0.2448615,-0.4362983,0.8216047,0.2077057,-0.7042968,0.7473178,0.3513015,-0.4188641,1.399313,0.23404,-1.087859,0.6915883,0.5373481,True,0,1,1
6/25/2025 12:05:24 PM,1750845924759,Right,-0.4297336,0.8456539,0.2390326,-0.8333495,0.9546617,0.2027388,-0.4508126,0.8328644,0.1903403,-0.727296,0.7537329,0.3191147,-0.4319718,1.408157,0.2115561,-1.117919,0.69263,0.4825792,True,0,1,1
6/25/2025 12:05:24 PM,1750845924773,Right,-0.4365023,0.851034,0.2306886,-0.8407898,0.9577637,0.1832476,-0.4576107,0.8379794,0.181368,-0.7376717,0.7564431,0.3033357,-0.4380289,1.412023,0.2003419,-1.130843,0.6927599,0.4566303,True,0,1,1
6/25/2025 12:05:24 PM,1750845924801,Right,-0.450044,0.8605815,0.2134193,-0.852731,0.9641286,0.1471924,-0.4704186,0.8463301,0.1625991,-0.7536384,0.7606788,0.274114,-0.4495947,1.419075,0.1775476,-1.15108,0.6914232,0.4132077,True,0,1,1
6/25/2025 12:05:24 PM,1750845924815,Right,-0.4564188,0.865124,0.2038324,-0.8570259,0.9688122,0.1321449,-0.4764947,0.8503292,0.1527112,-0.7595,0.7636009,0.2612885,-0.4544158,1.421838,0.1660593,-1.158725,0.6922024,0.3969599,True,0,1,1
6/25/2025 12:05:24 PM,1750845924842,Right,-0.4698827,0.8754333,0.1835361,-0.8673701,0.9785309,0.1030414,-0.4886728,0.8586966,0.1318201,-0.771093,0.7702802,0.2363084,-0.4631958,1.426858,0.1439106,-1.172896,0.6953551,0.3668914,True,0,1,1
6/25/2025 12:05:24 PM,1750845924857,Right,-0.4762946,0.880373,0.1714439,-0.8714061,0.9828198,0.09198272,-0.4943479,0.8625887,0.1202577,-0.7741573,0.7736264,0.2254305,-0.4668964,1.428894,0.1336884,-1.176919,0.6963965,0.3581164,True,0,1,1
6/25/2025 12:05:24 PM,1750845924884,Right,-0.4881339,0.8900417,0.1455789,-0.8787427,0.9880638,0.07154894,-0.5052342,0.8701496,0.09601183,-0.7784591,0.7794803,0.2029616,-0.4746134,1.432414,0.1146803,-1.183273,0.6958159,0.340902,True,0,1,1
6/25/2025 12:05:24 PM,1750845924898,Right,-0.4931972,0.8944049,0.1320359,-0.8822296,0.9895293,0.06151271,-0.5099077,0.8734632,0.08359171,-0.7798657,0.7817072,0.1918656,-0.4781175,1.433779,0.1056288,-1.185175,0.6944929,0.3327593,True,0,1,1
6/25/2025 12:05:24 PM,1750845924912,Right,-0.4952813,0.8960894,0.1172276,-0.8852901,0.9890684,0.0536015,-0.5136932,0.8760822,0.07107411,-0.780761,0.7830545,0.1812483,-0.4812751,1.434941,0.09755147,-1.185778,0.692338,0.3253191,True,0,1,1
6/25/2025 12:05:24 PM,1750845924940,Right,-0.4965639,0.8948954,0.0951649,-0.8914964,0.9884171,0.03833294,-0.5147124,0.8747999,0.05001529,-0.7833304,0.7823885,0.1673829,-0.487236,1.436687,0.081936,-1.183142,0.6941184,0.3158274,True,0,1,1
6/25/2025 12:05:24 PM,1750845924954,Right,-0.497059,0.8933325,0.08824527,-0.8939357,0.9885123,0.03207505,-0.515721,0.8740802,0.04294948,-0.786553,0.7830693,0.1605825,-0.4897954,1.437453,0.07467401,-1.18608,0.6973306,0.3065372,True,0,1,1
6/25/2025 12:05:24 PM,1750845924981,Right,-0.5014389,0.8927923,0.08219802,-0.8973911,0.9872493,0.02194166,-0.5201522,0.8741054,0.03518926,-0.7907503,0.7830223,0.1523612,-0.4943702,1.438608,0.0615325,-1.191349,0.6952071,0.2951708,True,0,1,1
6/25/2025 12:05:24 PM,1750845924995,Right,-0.5053507,0.8941261,0.07997835,-0.8980772,0.9857967,0.0180788,-0.5226272,0.8748242,0.03298034,-0.7908106,0.7838672,0.1489261,-0.4961979,1.438945,0.05608654,-1.193897,0.6933728,0.290996,True,0,1,1
6/25/2025 12:05:25 PM,1750845925023,Right,-0.5146685,0.8987437,0.0733726,-0.897994,0.9824422,0.01262546,-0.5291606,0.8773767,0.02675943,-0.7892079,0.7865852,0.1399031,-0.4989566,1.439321,0.04564297,-1.199013,0.6878478,0.2826422,True,0,1,1
6/25/2025 12:05:25 PM,1750845925037,Right,-0.5180151,0.9004326,0.06817019,-0.8971648,0.9806909,0.01121998,-0.5322224,0.8786448,0.02224938,-0.7880237,0.7877079,0.1345248,-0.5004981,1.439746,0.04095781,-1.200619,0.6843461,0.2783625,True,0,1,1
6/25/2025 12:05:25 PM,1750845925051,Right,-0.5203978,0.9009911,0.06440997,-0.8961015,0.9792843,0.01065433,-0.5355708,0.8797681,0.01668807,-0.7877079,0.7882082,0.1287442,-0.5016834,1.439864,0.03696585,-1.201956,0.6799302,0.2737801,True,0,1,1
6/25/2025 12:05:25 PM,1750845925078,Right,-0.5250943,0.9016324,0.06374431,-0.8939874,0.9781194,0.0101639,-0.5401308,0.880141,0.01353274,-0.7851322,0.7864691,0.1260126,-0.5033185,1.439436,0.0302676,-1.200989,0.6669339,0.2741275,True,0,1,1
6/25/2025 12:05:25 PM,1750845925092,Right,-0.5285447,0.9028327,0.06567132,-0.8924007,0.9773951,0.01081991,-0.5426979,0.8806779,0.01393487,-0.7830791,0.7859782,0.1262777,-0.5034287,1.438878,0.02774835,-1.200165,0.6596364,0.2765706,True,0,1,1
6/25/2025 12:05:25 PM,1750845925120,Right,-0.5343959,0.905023,0.06678593,-0.8895254,0.9755622,0.01203203,-0.547256,0.8819245,0.01432697,-0.7780164,0.7843458,0.1268172,-0.5039928,1.438335,0.0244019,-1.195965,0.6420513,0.2821665,True,0,1,1
6/25/2025 12:05:25 PM,1750845925133,Right,-0.5354564,0.9050044,0.0684756,-0.8878579,0.9745458,0.01322305,-0.5484262,0.8820347,0.01493602,-0.7751784,0.782561,0.1279687,-0.5039304,1.438222,0.02346039,-1.192132,0.6321875,0.2857108,True,0,1,1
6/25/2025 12:05:25 PM,1750845925161,Right,-0.5367124,0.9052608,0.07062149,-0.8841329,0.9728951,0.01492786,-0.5489541,0.8819727,0.01618387,-0.7678381,0.7774191,0.1310959,-0.5023142,1.437841,0.02223468,-1.179952,0.6085262,0.2939763,True,0,1,1
6/25/2025 12:05:25 PM,1750845925175,Right,-0.5363061,0.9052714,0.07339168,-0.8831196,0.972053,0.01554644,-0.5487587,0.8820381,0.0176433,-0.7642513,0.7740229,0.1336619,-0.5015301,1.437827,0.02267706,-1.172286,0.5948391,0.2984106,True,0,1,1
6/25/2025 12:05:25 PM,1750845925203,Right,-0.535671,0.9063921,0.07685018,-0.8818219,0.9689165,0.01667082,-0.547057,0.8826486,0.02191709,-0.7601159,0.7688289,0.1371823,-0.4992932,1.437761,0.02448738,-1.161896,0.5731105,0.2980677,True,0,1,1
6/25/2025 12:05:25 PM,1750845925217,Right,-0.5359147,0.9079202,0.07855392,-0.8805962,0.9668925,0.01733172,-0.546872,0.8836418,0.02358918,-0.7580092,0.768602,0.1379549,-0.4978222,1.437761,0.02606452,-1.158305,0.5658938,0.2979722,True,0,1,1
6/25/2025 12:05:25 PM,1750845925231,Right,-0.535681,0.9096403,0.08110869,-0.8793201,0.9641517,0.01863277,-0.5462883,0.8847904,0.02603085,-0.7556765,0.7680197,0.1393182,-0.496184,1.437855,0.02827322,-1.1538,0.5575018,0.2978981,True,0,1,1
6/25/2025 12:05:25 PM,1750845925259,Right,-0.5335743,0.9126481,0.08860195,-0.8771219,0.9586783,0.02241039,-0.543878,0.8869294,0.03287043,-0.7514016,0.7655013,0.1434802,-0.4926767,1.43848,0.03357291,-1.143639,0.5394681,0.2967967,True,0,1,1
6/25/2025 12:05:25 PM,1750845925273,Right,-0.5323679,0.9144024,0.09314537,-0.8760016,0.9557688,0.02474272,-0.5423307,0.8880891,0.03712876,-0.7491631,0.764002,0.1459382,-0.4902972,1.438429,0.03644848,-1.138066,0.5299521,0.2958521,True,0,1,1
6/25/2025 12:05:25 PM,1750845925301,Right,-0.5306876,0.9189981,0.1014787,-0.8734171,0.9514733,0.03007126,-0.5400425,0.8914017,0.04613978,-0.7616469,0.7583622,0.1570768,-0.4853357,1.438646,0.04267693,-1.13496,0.5235496,0.2928351,False,0,1,1
6/25/2025 12:05:25 PM,1750845925314,Right,-0.5298235,0.9217361,0.1058396,-0.8724453,0.9507065,0.03293645,-0.538872,0.8933695,0.05111241,-0.7628343,0.7621111,0.1590372,-0.4829404,1.438984,0.04610872,-1.13784,0.5273306,0.2905971,False,0,1,1
6/25/2025 12:05:25 PM,1750845925342,Right,-0.5270605,0.9254907,0.115948,-0.8702652,0.9497274,0.03888035,-0.535334,0.8981553,0.06424448,-0.7653511,0.7695607,0.1643478,-0.4778286,1.439481,0.05226517,-1.14367,0.5352838,0.284135,False,0,1,1
6/25/2025 12:05:25 PM,1750845925356,Right,-0.5246106,0.9263915,0.1214526,-0.8688326,0.9497615,0.04269552,-0.5322604,0.9001661,0.07225451,-0.7659457,0.7725035,0.1677451,-0.4752144,1.439568,0.05519378,-1.147671,0.5414189,0.2788243,False,0,1,1
6/25/2025 12:05:25 PM,1750845925384,Right,-0.5187303,0.9273157,0.132719,-0.8656533,0.9510587,0.05143261,-0.5255135,0.9013524,0.08489238,-0.7677494,0.7762856,0.170316,-0.4707247,1.439979,0.06095529,-1.156251,0.5537568,0.262226,False,0,1,1
6/25/2025 12:05:25 PM,1750845925398,Right,-0.5139313,0.9263235,0.1379905,-0.8639922,0.9525781,0.05718982,-0.5216523,0.901017,0.08965176,-0.767767,0.7775518,0.1735556,-0.4682297,1.439995,0.06357014,-1.158131,0.5609388,0.2609478,False,0,1,1
6/25/2025 12:05:25 PM,1750845925411,Right,-0.5095116,0.9257252,0.1423342,-0.8623412,0.9535635,0.06300831,-0.5172478,0.90034,0.09369224,-0.766508,0.7788723,0.1785861,-0.4653804,1.44001,0.06605816,-1.158008,0.5686768,0.2655252,False,0,1,1
6/25/2025 12:05:25 PM,1750845925439,Right,-0.4993129,0.9238501,0.1477835,-0.8584256,0.9557394,0.07734513,-0.5077823,0.8989452,0.09922609,-0.7618059,0.7809014,0.1881057,-0.4597383,1.440041,0.07236588,-1.154105,0.5818634,0.2776235,False,0,1,1
6/25/2025 12:05:25 PM,1750845925453,Right,-0.4933885,0.9226679,0.1496127,-0.8562717,0.9572693,0.08497858,-0.5024885,0.8982124,0.1013191,-0.7591677,0.782313,0.1929754,-0.4569665,1.440357,0.07551444,-1.151688,0.5899302,0.2846293,False,0,1,1
6/25/2025 12:05:25 PM,1750845925480,Right,-0.4784144,0.920168,0.1558436,-0.8499203,0.962531,0.1050789,-0.4900187,0.8968399,0.1071749,-0.7531811,0.7867208,0.2054033,-0.4515538,1.441312,0.08066559,-1.146123,0.6109673,0.3018661,False,0,1,1
6/25/2025 12:05:25 PM,1750845925495,Right,-0.4692169,0.918156,0.1602614,-0.8457985,0.9656068,0.1167284,-0.4828351,0.8957511,0.1107753,-0.7507739,0.7888698,0.2124535,-0.4491029,1.442071,0.08323848,-1.143093,0.6230958,0.3103216,False,0,1,1
6/25/2025 12:05:25 PM,1750845925522,Right,-0.4469553,0.9127724,0.1713893,-0.8363559,0.9716164,0.1413728,-0.4653553,0.8928643,0.1200333,-0.7448872,0.7945318,0.2288949,-0.4441997,1.443879,0.08908141,-1.135348,0.6525172,0.3284639,False,0,1,1
6/25/2025 12:05:25 PM,1750845925537,Right,-0.4342082,0.9095559,0.1809833,-0.8313649,0.9745106,0.1538839,-0.4562344,0.8911555,0.1266774,-0.7442882,0.7976071,0.2380028,-0.4410582,1.444782,0.09260225,-1.132559,0.6692398,0.3350964,False,0,1,1
6/25/2025 12:05:25 PM,1750845925565,Right,-0.4056816,0.8993696,0.2016761,-0.8198497,0.9800664,0.1806214,-0.4366211,0.886189,0.1412382,-0.7437181,0.8035279,0.2556605,-0.4340069,1.446444,0.09944332,-1.125937,0.7031021,0.344765,False,0,1,1
6/25/2025 12:05:25 PM,1750845925578,Right,-0.3870453,0.8907437,0.2128018,-0.8116207,0.9817793,0.1959294,-0.4255739,0.8825244,0.148467,-0.7442349,0.805977,0.2644456,-0.4296867,1.447497,0.103047,-1.12113,0.7202832,0.3484157,False,0,1,1
6/25/2025 12:05:25 PM,1750845925592,Right,-0.3686879,0.8822538,0.220665,-0.8019996,0.9829323,0.2115203,-0.4126178,0.8781219,0.155793,-0.741323,0.8097485,0.2729546,-0.4249451,1.448585,0.1068885,-1.114092,0.7396142,0.3528981,False,0,1,1
6/25/2025 12:05:25 PM,1750845925619,Right,-0.3326814,0.8707802,0.2339624,-0.7793519,0.9870896,0.2427771,-0.3832872,0.8696002,0.1693814,-0.7291664,0.8210267,0.2897994,-0.414649,1.451094,0.1156965,-1.093437,0.7823948,0.3647846,False,0,1,1
6/25/2025 12:05:25 PM,1750845925634,Right,-0.3144689,0.8670608,0.2390556,-0.7664225,0.9886706,0.2586946,-0.3677748,0.8663026,0.1755117,-0.7203695,0.8285909,0.2983451,-0.408734,1.452321,0.1204736,-1.080165,0.8050644,0.3726159,False,0,1,1
6/25/2025 12:05:25 PM,1750845925662,Right,-0.2781111,0.8626307,0.2440286,-0.7373171,0.9879109,0.2902321,-0.3296641,0.8617781,0.1853402,-0.6877836,0.8491228,0.3193489,-0.3958678,1.455263,0.1303759,-1.039062,0.8570303,0.4017488,False,0,1,1
6/25/2025 12:05:25 PM,1750845925675,Right,-0.2607467,0.8613842,0.2429066,-0.7211802,0.9856609,0.3057858,-0.3101443,0.8606764,0.1872151,-0.6665782,0.8560728,0.3322256,-0.3882641,1.456819,0.1354257,-1.012567,0.8745958,0.4249312,False,0,1,1
6/25/2025 12:05:25 PM,1750845925703,Right,-0.228955,0.8585107,0.2374837,-0.685442,0.9812238,0.3354257,-0.2739033,0.8593273,0.1856949,-0.621128,0.8581287,0.3547325,-0.3717742,1.46044,0.1459093,-0.9569929,0.8865478,0.473354,False,0,1,1
6/25/2025 12:05:25 PM,1750845925717,Right,-0.2139094,0.8571585,0.2333034,-0.6660187,0.9797063,0.3493679,-0.2600538,0.8588799,0.1834547,-0.6013188,0.8583229,0.3639778,-0.3627095,1.462103,0.1514295,-0.9318328,0.89068,0.4961876,False,0,1,1
6/25/2025 12:05:25 PM,1750845925731,Right,-0.1996762,0.8563794,0.2275268,-0.6435864,0.9778986,0.3623958,-0.2467397,0.8588553,0.1798953,-0.5789289,0.8569664,0.3718719,-0.3530722,1.463839,0.156739,-0.9047473,0.8916011,0.5205621,False,0,1,1
6/25/2025 12:05:25 PM,1750845925759,Right,-0.1730082,0.855278,0.2188737,-0.6002457,0.9723523,0.3875214,-0.2212758,0.8591388,0.1749349,-0.5346973,0.8533369,0.389136,-0.3322812,1.467327,0.1666607,-0.8475288,0.890352,0.5710828,False,0,1,1
6/25/2025 12:05:25 PM,1750845925772,Right,-0.1610342,0.8560327,0.2150275,-0.5784771,0.9688452,0.399279,-0.2092743,0.8599746,0.1730395,-0.5107428,0.8495394,0.3979194,-0.3213787,1.468923,0.1718831,-0.8170116,0.8837637,0.5975271,False,0,1,1
6/25/2025 12:05:25 PM,1750845925800,Right,-0.1389284,0.8578634,0.2077733,-0.534483,0.9602053,0.4208264,-0.1875072,0.8622069,0.1693491,-0.4654868,0.8418226,0.4106007,-0.2999005,1.471549,0.1830217,-0.7627404,0.8653809,0.6375336,False,0,1,1
6/25/2025 12:05:25 PM,1750845925814,Right,-0.1293647,0.8582637,0.2040604,-0.5126052,0.9547514,0.4313434,-0.1777096,0.8627351,0.1675454,-0.443043,0.8370564,0.4164566,-0.289167,1.472376,0.1888547,-0.7343478,0.8547065,0.6576368,False,0,1,1
6/25/2025 12:05:25 PM,1750845925842,Right,-0.1099672,0.8567567,0.1962621,-0.4653656,0.940978,0.449017,-0.157334,0.8619421,0.1637485,-0.3956244,0.8253294,0.4262037,-0.2658191,1.472306,0.2001855,-0.6726,0.8298003,0.6962594,False,0,1,1
6/25/2025 12:05:25 PM,1750845925856,Right,-0.09927392,0.8550605,0.1923845,-0.4414743,0.9344249,0.4571884,-0.146634,0.8603063,0.161518,-0.3715737,0.8190454,0.4290121,-0.2541527,1.471754,0.2054218,-0.6413264,0.8170832,0.7124367,False,0,1,1
6/25/2025 12:05:25 PM,1750845925884,Right,-0.08056879,0.8511828,0.1833786,-0.3939505,0.9203843,0.471135,-0.1265662,0.8571162,0.1568251,-0.3278241,0.8085757,0.4335947,-0.2316639,1.469387,0.2167232,-0.5810186,0.796239,0.7398064,False,0,1,1
6/25/2025 12:05:25 PM,1750845925897,Right,-0.07347715,0.8491468,0.1784261,-0.3708138,0.9128134,0.477919,-0.1185233,0.8551105,0.15417,-0.3073685,0.8027946,0.4345281,-0.2204707,1.467509,0.2232395,-0.5509086,0.7851502,0.7527088,False,0,1,1
6/25/2025 12:05:25 PM,1750845925912,Right,-0.06648993,0.8471876,0.1735564,-0.3471339,0.9042891,0.4832332,-0.1110711,0.8529288,0.1514939,-0.2865053,0.7962576,0.4347824,-0.2090682,1.465109,0.2302167,-0.5190562,0.7723507,0.7656238,False,0,1,1
6/25/2025 12:05:25 PM,1750845925939,Right,-0.05103302,0.8421752,0.1643993,-0.2988422,0.8846477,0.4896164,-0.09460096,0.8476257,0.1470374,-0.2424449,0.7806109,0.4339072,-0.1863495,1.458511,0.2453668,-0.4508201,0.740809,0.7887524,False,0,1,1
6/25/2025 12:05:25 PM,1750845925953,Right,-0.04134262,0.8389498,0.1602038,-0.2757097,0.8742932,0.4925209,-0.08506108,0.8440964,0.1454579,-0.2224825,0.7724933,0.4331945,-0.175473,1.454276,0.2534809,-0.4216954,0.7249668,0.7955238,False,0,1,1
6/25/2025 12:05:25 PM,1750845925981,Right,-0.02270317,0.8311105,0.1498411,-0.2309539,0.8527201,0.4954933,-0.06559537,0.8352886,0.1405865,-0.1851106,0.7564355,0.430743,-0.154002,1.443718,0.2706102,-0.3665172,0.6966499,0.8041566,False,0,1,1
6/25/2025 12:05:25 PM,1750845925995,Right,-0.01521838,0.8266854,0.1433524,-0.2094795,0.8417112,0.4963529,-0.05727275,0.8301936,0.1371115,-0.167839,0.7480001,0.4287718,-0.1434505,1.437417,0.2795398,-0.3389643,0.6830167,0.8072524,False,0,1,1
6/25/2025 12:05:26 PM,1750845926022,Right,-0.004344821,0.8172726,0.1285776,-0.1692226,0.8167249,0.4968461,-0.04383624,0.8196906,0.1294218,-0.1367041,0.7306308,0.4256999,-0.1231918,1.42353,0.2984494,-0.2846363,0.6568968,0.8117806,False,0,1,1
6/25/2025 12:05:26 PM,1750845926037,Right,0.001076221,0.8124909,0.1213558,-0.1494193,0.8039458,0.497171,-0.03818475,0.8137512,0.1252105,-0.1225814,0.7210275,0.4238964,-0.1133068,1.415899,0.3079988,-0.259013,0.643051,0.8123759,False,0,1,1
6/25/2025 12:05:26 PM,1750845926050,Right,0.005938053,0.8063483,0.1136419,-0.1309365,0.7900375,0.4959913,-0.03251123,0.8068678,0.1210534,-0.1091385,0.7107638,0.4220767,-0.1043866,1.407287,0.3180692,-0.2351359,0.6289974,0.8119987,False,0,1,1
6/25/2025 12:05:26 PM,1750845926078,Right,0.01424289,0.7943122,0.09855831,-0.0977124,0.7603454,0.4922811,-0.02228962,0.7929393,0.1133366,-0.08522306,0.6893038,0.4188661,-0.08786261,1.388687,0.3398734,-0.1928625,0.5997143,0.8087997,False,0,1,1
6/25/2025 12:05:26 PM,1750845926092,Right,0.01793921,0.7893028,0.09164357,-0.08172393,0.7455691,0.4907041,-0.01799653,0.7863998,0.1100992,-0.07407184,0.6781956,0.4177483,-0.07997751,1.378726,0.351323,-0.1726645,0.5840421,0.8066832,False,0,1,1
6/25/2025 12:05:26 PM,1750845926120,Right,0.02304077,0.7792743,0.08015084,-0.05325055,0.714946,0.4861081,-0.01083398,0.7729532,0.1059097,-0.05371909,0.6549979,0.4158995,-0.06441116,1.357411,0.3763146,-0.1358644,0.5504493,0.8023,False,0,1,1
6/25/2025 12:05:26 PM,1750845926134,Right,0.02450669,0.7743739,0.0757004,-0.04041266,0.6991332,0.4841105,-0.007917106,0.7661103,0.1046908,-0.04440864,0.6430573,0.4157832,-0.05738366,1.345762,0.3892306,-0.1184972,0.533574,0.8002474,False,0,1,1
6/25/2025 12:05:26 PM,1750845926161,Right,0.02490938,0.765033,0.06984138,-0.01811314,0.6666766,0.4807957,-0.005244523,0.7519035,0.1055695,-0.02961386,0.6174237,0.4166687,-0.04393828,1.320475,0.4158514,-0.08884324,0.4961997,0.7967474,False,0,1,1
6/25/2025 12:05:26 PM,1750845926175,Right,0.02540267,0.760004,0.06707025,-0.006725311,0.6510376,0.4792712,-0.003556974,0.7445149,0.1060051,-0.02176653,0.6047298,0.4176627,-0.03747368,1.307581,0.4291141,-0.07353126,0.4788354,0.7949305,False,0,1,1
6/25/2025 12:05:26 PM,1750845926203,Right,0.02094424,0.7469185,0.07036173,0.006468654,0.6199067,0.4778043,-0.00514596,0.7271739,0.1132266,-0.01313959,0.5779178,0.420886,-0.02920246,1.279735,0.4545747,-0.05247352,0.4405323,0.7956464,False,0,1,1
6/25/2025 12:05:26 PM,1750845926217,Right,0.01857388,0.7399966,0.07340717,0.01218295,0.6048528,0.4782308,-0.006445852,0.7184317,0.1179801,-0.009860345,0.5649223,0.4234631,-0.02626979,1.266605,0.4666739,-0.04350648,0.4222733,0.7969623,False,0,1,1
6/25/2025 12:05:26 PM,1750845926231,Right,0.01552224,0.7323996,0.07795024,0.01679337,0.5900638,0.4798108,-0.008644191,0.7089769,0.124516,-0.007932125,0.5518488,0.4272241,-0.02347636,1.253278,0.4784112,-0.0362271,0.4040967,0.8000805,False,0,1,1
6/25/2025 12:05:26 PM,1750845926258,Right,0.007238746,0.7143327,0.09255421,0.02393782,0.5614242,0.4871893,-0.01376842,0.6890106,0.1395124,-0.004370322,0.526069,0.4369888,-0.01836598,1.226208,0.5008301,-0.02081932,0.3698745,0.8089916,False,0,1,1
6/25/2025 12:05:26 PM,1750845926272,Right,0.002467394,0.7039275,0.1039163,0.0267601,0.5478922,0.4931934,-0.01686294,0.67953,0.1492441,-0.003467634,0.5152587,0.4421242,-0.01651788,1.213281,0.5111102,-0.01378367,0.3543167,0.8158226,False,0,1,1
6/25/2025 12:05:26 PM,1750845926300,Right,-0.004919767,0.6830573,0.1293763,0.03045416,0.5227965,0.5084382,-0.02215403,0.658177,0.1719429,-0.002987197,0.4918427,0.456836,-0.01344919,1.186861,0.5304408,-0.002693545,0.3231205,0.8333494,False,0,1,1
6/25/2025 12:05:26 PM,1750845926314,Right,-0.007796764,0.6703688,0.145933,0.02960086,0.5128936,0.5187162,-0.0242015,0.6471901,0.1848407,-0.004257225,0.4824501,0.4644264,-0.01286674,1.174541,0.5391376,-0.0008341148,0.3101997,0.8451373,False,0,1,1
6/25/2025 12:05:26 PM,1750845926342,Right,-0.01374412,0.6443398,0.1791729,0.0271337,0.4966401,0.5436693,-0.02878375,0.6234048,0.2134584,-0.008946814,0.4632895,0.4855423,-0.01316047,1.153327,0.5549722,-0.003803607,0.2870688,0.8740295,False,0,1,1
6/25/2025 12:05:26 PM,1750845926356,Right,-0.01724935,0.6303133,0.1988062,0.02554417,0.4919877,0.562815,-0.03144055,0.6113613,0.2288844,-0.01124605,0.4533843,0.4987957,-0.01415324,1.143508,0.5624943,-0.005145665,0.2766291,0.8902186,True,0,1,2
6/25/2025 12:05:26 PM,1750845926384,Right,-0.02495182,0.6033355,0.2440276,0.02317643,0.4882575,0.6071137,-0.03439926,0.6030903,0.2419408,-0.01486054,0.4579605,0.4893989,-0.0174551,1.126472,0.576915,-0.005209716,0.2679493,0.9029465,True,0,1,2
6/25/2025 12:05:26 PM,1750845926398,Right,-0.02876067,0.5910295,0.2682365,0.02127206,0.4878643,0.6287707,-0.03587576,0.5986624,0.249349,-0.01618801,0.4566436,0.4938937,-0.01942849,1.118824,0.5833502,-0.005342655,0.2664756,0.9117837,True,0,1,2
6/25/2025 12:05:26 PM,1750845926412,Right,-0.0324471,0.5799781,0.2948332,0.01830268,0.4891051,0.6506563,-0.03754364,0.5938218,0.2582799,-0.01797236,0.4560109,0.4989812,-0.02195024,1.112934,0.5892868,-0.006041814,0.265855,0.9227688,True,0,1,2
6/25/2025 12:05:26 PM,1750845926440,Right,-0.0397296,0.5633087,0.3511811,0.006968498,0.498417,0.6944491,-0.04091718,0.584931,0.2773735,-0.02226383,0.4573703,0.5081475,-0.02824867,1.104939,0.6000676,-0.008788325,0.2672016,0.9467881,True,0,1,2
6/25/2025 12:05:26 PM,1750845926453,Right,-0.04354811,0.5587003,0.3817182,-0.001126289,0.5050365,0.7151996,-0.04290855,0.5803254,0.2890995,-0.02517455,0.4590698,0.5137488,-0.03122926,1.102597,0.6053096,-0.01146702,0.269398,0.9617329,True,0,1,2
6/25/2025 12:05:26 PM,1750845926481,Right,-0.05250084,0.5581079,0.4403861,-0.02155519,0.5201406,0.7510982,-0.04705263,0.5731001,0.3134311,-0.03298344,0.465089,0.523248,-0.03782082,1.102228,0.6154552,-0.02215539,0.2755351,0.9923533,True,0,1,2
6/25/2025 12:05:26 PM,1750845926494,Right,-0.05785048,0.5620663,0.4674906,-0.03363681,0.5276669,0.7668614,-0.04949696,0.5701858,0.3270426,-0.03871499,0.4673287,0.5291359,-0.04137826,1.103704,0.6205738,-0.03281388,0.2759145,1.00765,True,0,1,2
6/25/2025 12:05:26 PM,1750845926523,Right,-0.06950831,0.5771229,0.5179538,-0.06322384,0.5446985,0.7976847,-0.05533534,0.5665072,0.3572267,-0.05053998,0.4677871,0.5438374,-0.04783225,1.109771,0.629761,-0.05519732,0.2620524,1.033546,True,0,1,2
6/25/2025 12:05:26 PM,1750845926536,Right,-0.07515895,0.5858341,0.5408849,-0.07864785,0.552955,0.8127646,-0.05870276,0.5659614,0.3734697,-0.05642319,0.4677522,0.553869,-0.05086172,1.114126,0.6336832,-0.06650038,0.2536784,1.046165,True,0,1,2
6/25/2025 12:05:26 PM,1750845926564,Right,-0.08548856,0.6090149,0.577787,-0.1130444,0.5705838,0.839536,-0.06644476,0.5679537,0.4082864,-0.0696746,0.468206,0.5810178,-0.05789638,1.126704,0.6408129,-0.09394041,0.2392302,1.072579,True,0,1,2
6/25/2025 12:05:26 PM,1750845926578,Right,-0.09003282,0.6209231,0.5920235,-0.1317787,0.5811634,0.8517299,-0.07089622,0.5706506,0.4269538,-0.07776322,0.4695339,0.5981511,-0.0623709,1.134607,0.6444378,-0.1120658,0.2357066,1.087422,True,0,1,2
6/25/2025 12:05:26 PM,1750845926592,Right,-0.09441018,0.6316723,0.6045951,-0.150226,0.5925516,0.8636134,-0.07563668,0.5744582,0.4457918,-0.08670482,0.4717394,0.6173356,-0.06683922,1.142801,0.6479764,-0.1324298,0.2359949,1.1033,True,0,1,2
6/25/2025 12:05:26 PM,1750845926620,Right,-0.1029688,0.6516467,0.6227367,-0.1877329,0.6176315,0.884901,-0.0864099,0.5857757,0.4845941,-0.1074813,0.4800839,0.6612947,-0.07693434,1.160571,0.6540127,-0.1783252,0.2492185,1.139102,True,0,1,2
6/25/2025 12:05:26 PM,1750845926634,Right,-0.1078442,0.6605995,0.6299076,-0.2066356,0.6306248,0.8947172,-0.09255629,0.5932425,0.5035654,-0.1191989,0.4859363,0.6858169,-0.08286428,1.169833,0.6564131,-0.2021651,0.2622668,1.158196,True,0,1,2
6/25/2025 12:05:26 PM,1750845926662,Right,-0.1193607,0.6767809,0.6359683,-0.2467706,0.6603233,0.9096484,-0.1082665,0.6132852,0.5425116,-0.1474192,0.504838,0.7373374,-0.09655476,1.188918,0.6594771,-0.2552618,0.3007224,1.198863,True,0,1,2
6/25/2025 12:05:26 PM,1750845926675,Right,-0.1251967,0.6848097,0.63901,-0.2665311,0.6749147,0.9164667,-0.1181073,0.6260073,0.5608887,-0.164115,0.5177598,0.7627786,-0.1039892,1.198261,0.6602314,-0.2841628,0.3251998,1.218187,True,0,1,2
6/25/2025 12:05:26 PM,1750845926703,Right,-0.1380446,0.7003608,0.6404679,-0.3075733,0.7064626,0.9222808,-0.1428892,0.6577675,0.5921366,-0.2038574,0.5520779,0.8065006,-0.1204281,1.217305,0.6586655,-0.349369,0.3825262,1.249182,True,0,1,2
6/25/2025 12:05:26 PM,1750845926717,Right,-0.1463137,0.7068486,0.6390226,-0.3280637,0.7223308,0.923435,-0.1598278,0.6762476,0.6004216,-0.2287613,0.5727374,0.8217166,-0.1285961,1.226483,0.6568593,-0.3860192,0.4160772,1.257117,True,0,1,2
6/25/2025 12:05:26 PM,1750845926731,Right,-0.1547427,0.7132328,0.6378419,-0.3484728,0.7383397,0.9231625,-0.1707191,0.6863111,0.6001612,-0.2480659,0.5865848,0.8267224,-0.1367264,1.235521,0.6544884,-0.4182695,0.4429668,1.255602,True,0,1,2
6/25/2025 12:05:26 PM,1750845926759,Right,-0.1696925,0.7267491,0.6346526,-0.3887988,0.7691198,0.9176519,-0.1859999,0.7016587,0.5964416,-0.2814054,0.6094968,0.8327635,-0.1528139,1.254079,0.6479878,-0.4741073,0.4913979,1.246737,True,0,1,2
6/25/2025 12:05:26 PM,1750845926773,Right,-0.1764765,0.7335985,0.6336567,-0.4087973,0.7837334,0.9139247,-0.1931853,0.7093614,0.5947654,-0.298706,0.6214052,0.8340414,-0.1614296,1.26332,0.6441222,-0.5036233,0.5151398,1.239751,True,0,1,2
6/25/2025 12:05:26 PM,1750845926800,Right,-0.1900079,0.7472343,0.6311212,-0.4481794,0.8116078,0.9006009,-0.2076825,0.7246698,0.5903221,-0.3319234,0.6431422,0.832821,-0.1787965,1.281861,0.6344229,-0.5584519,0.5542967,1.221221,True,0,1,2
6/25/2025 12:05:26 PM,1750845926814,Right,-0.1968338,0.7542959,0.6299549,-0.4675503,0.8251709,0.8911567,-0.214898,0.7324902,0.5878738,-0.3478495,0.6535178,0.8302771,-0.1873293,1.291203,0.6284622,-0.584855,0.5707761,1.210032,True,0,1,2
6/25/2025 12:05:26 PM,1750845926842,Right,-0.2121141,0.7684987,0.6274421,-0.5065508,0.8517066,0.8710508,-0.2303841,0.7479135,0.5825579,-0.3806486,0.673904,0.8233568,-0.2047646,1.309898,0.6147163,-0.6378266,0.6020622,1.184902,True,0,1,2
6/25/2025 12:05:26 PM,1750845926856,Right,-0.2212429,0.775774,0.6254339,-0.5262787,0.8650007,0.8598385,-0.2390522,0.7557245,0.5792833,-0.3979161,0.6843371,0.818958,-0.2138141,1.319304,0.6066941,-0.6643797,0.6179029,1.171062,True,0,1,2
6/25/2025 12:05:26 PM,1750845926884,Right,-0.2415011,0.7909043,0.6205945,-0.5655997,0.8915509,0.8336811,-0.2591332,0.7720018,0.5706568,-0.4334193,0.705348,0.8062526,-0.2322613,1.337345,0.5872726,-0.7168616,0.6476905,1.14086,True,0,1,2
6/25/2025 12:05:26 PM,1750845926898,Right,-0.2526509,0.7988801,0.6176503,-0.5851815,0.9042803,0.8180346,-0.2697505,0.780188,0.5656925,-0.4514624,0.7153724,0.7976721,-0.2417859,1.346145,0.5759459,-0.743699,0.6609454,1.123594,True,0,1,2
6/25/2025 12:05:26 PM,1750845926912,Right,-0.2649786,0.807189,0.6136463,-0.6045785,0.9164956,0.8021386,-0.2812432,0.7884882,0.5597868,-0.4693724,0.7250678,0.7881796,-0.2517586,1.354845,0.5637057,-0.7690064,0.6733177,1.106525,True,0,1,2
6/25/2025 12:05:26 PM,1750845926940,Right,-0.2904849,0.8240142,0.6044632,-0.6419439,0.9400626,0.7673686,-0.3059325,0.8058161,0.5459049,-0.5055335,0.7443237,0.765821,-0.2710217,1.371554,0.5372096,-0.8196452,0.696006,1.06949,True,0,1,2
6/25/2025 12:05:26 PM,1750845926953,Right,-0.304419,0.8329238,0.5985787,-0.6590862,0.9514981,0.7468231,-0.317934,0.8142385,0.5388416,-0.5230596,0.753667,0.7543751,-0.2806739,1.379263,0.5221243,-0.8441396,0.7068703,1.050388,True,0,1,2
6/25/2025 12:05:26 PM,1750845926981,Right,-0.3323245,0.8510396,0.5851622,-0.6914253,0.9739416,0.7039584,-0.3431558,0.8303248,0.520864,-0.553344,0.7686224,0.7240837,-0.2998527,1.393643,0.4898512,-0.8898783,0.7173927,1.009168,True,0,1,2
6/25/2025 12:05:26 PM,1750845926995,Right,-0.3471355,0.8604483,0.575951,-0.7063587,0.9843186,0.6809387,-0.3566538,0.8389796,0.5100374,-0.5688408,0.7765312,0.7077109,-0.3089162,1.400417,0.4726173,-0.9122531,0.7227165,0.9874182,True,0,1,2
6/25/2025 12:05:27 PM,1750845927023,Right,-0.3764002,0.8792884,0.5538628,-0.733747,1.004647,0.6322131,-0.382445,0.8554412,0.4857074,-0.5961222,0.7906517,0.6723431,-0.3258474,1.413559,0.4383028,-0.9524817,0.7293435,0.9431543,True,0,1,2
6/25/2025 12:05:27 PM,1750845927037,Right,-0.3907088,0.8888333,0.5418167,-0.7465181,1.014282,0.6069105,-0.3954918,0.8639579,0.4722078,-0.6095901,0.7976819,0.6532205,-0.3336525,1.419516,0.420907,-0.9723586,0.7318672,0.9192836,True,0,1,2
6/25/2025 12:05:27 PM,1750845927065,Right,-0.4189339,0.9083089,0.5130011,-0.7692194,1.031363,0.5526881,-0.4209872,0.8808533,0.4405774,-0.6327597,0.8097584,0.6100934,-0.3476061,1.4303,0.3851779,-1.007583,0.7301291,0.868698,True,0,1,2
6/25/2025 12:05:27 PM,1750845927078,Right,-0.4324139,0.9180273,0.4968951,-0.7794497,1.038741,0.5251409,-0.4332452,0.8893248,0.4227012,-0.6433954,0.8155438,0.5870725,-0.3536477,1.435105,0.3675452,-1.023297,0.7282115,0.842203,True,0,1,2
6/25/2025 12:05:27 PM,1750845927092,Right,-0.4451472,0.9273754,0.4787407,-0.7891796,1.045073,0.4976827,-0.4443893,0.8970897,0.4058096,-0.6527847,0.8202889,0.5648867,-0.3592169,1.439854,0.3500584,-1.037689,0.7242646,0.8159642,True,0,1,2
6/25/2025 12:05:27 PM,1750845927120,Right,-0.4692993,0.9440445,0.4416125,-0.8079252,1.055291,0.4436389,-0.4626478,0.9094115,0.3724534,-0.6673769,0.8270241,0.523326,-0.3693972,1.44837,0.3165225,-1.059218,0.71469,0.7677863,True,0,1,2
6/25/2025 12:05:27 PM,1750845927134,Right,-0.4797447,0.9506687,0.421371,-0.8164175,1.059317,0.4168078,-0.4716643,0.9151155,0.353793,-0.6753854,0.8305814,0.5013123,-0.3739986,1.452135,0.3008432,-1.070049,0.7116708,0.741924,True,0,1,2
6/25/2025 12:05:27 PM,1750845927161,Right,-0.4956613,0.9592193,0.3817985,-0.8312223,1.065785,0.3642235,-0.4884689,0.9252206,0.3126432,-0.694211,0.8381279,0.4540922,-0.3816113,1.459062,0.2717338,-1.094698,0.7116439,0.6827389,True,0,1,2
6/25/2025 12:05:27 PM,1750845927176,Right,-0.5041813,0.9636617,0.3635045,-0.8392348,1.0696,0.3383095,-0.4967347,0.9302128,0.2955089,-0.702978,0.8415244,0.4334548,-0.3854212,1.462313,0.2577472,-1.106467,0.71009,0.6558877,True,0,1,2
6/25/2025 12:05:27 PM,1750845927203,Right,-0.5156386,0.9651231,0.3258733,-0.8519163,1.074535,0.2885138,-0.5051422,0.9312752,0.2607797,-0.7185531,0.8433731,0.3944091,-0.3917313,1.467622,0.2328688,-1.127099,0.7137501,0.6012979,True,0,1,2
6/25/2025 12:05:27 PM,1750845927217,Right,-0.5192597,0.9638368,0.3077887,-0.8565233,1.077043,0.2654016,-0.5089325,0.9317116,0.2442391,-0.7261086,0.8449774,0.3761914,-0.3944484,1.470354,0.2213874,-1.13679,0.717593,0.5759738,True,0,1,2
6/25/2025 12:05:27 PM,1750845927231,Right,-0.5226456,0.9629649,0.2911131,-0.8609498,1.080259,0.2428302,-0.5117835,0.9317542,0.2289404,-0.7336634,0.846781,0.3592361,-0.3972753,1.472999,0.2097915,-1.146406,0.7227918,0.5509474,True,0,1,2
6/25/2025 12:05:27 PM,1750845927259,Right,-0.5324411,0.9650399,0.2576886,-0.8712344,1.086951,0.1979017,-0.5204958,0.9348961,0.1989491,-0.7493722,0.8513052,0.3241077,-0.4029942,1.478081,0.1868161,-1.166128,0.7280474,0.4997351,True,0,1,2
6/25/2025 12:05:27 PM,1750845927273,Right,-0.5344763,0.9639356,0.2433705,-0.8749101,1.089324,0.1783882,-0.5238625,0.935688,0.1839682,-0.7562991,0.8532516,0.3071621,-0.4060283,1.479838,0.1768329,-1.174334,0.7310009,0.4756695,True,0,1,2
6/25/2025 12:05:27 PM,1750845927301,Right,-0.5366495,0.9564156,0.2203636,-0.8815248,1.093507,0.1399149,-0.5265231,0.9316794,0.1619401,-0.7707806,0.851977,0.2831384,-0.4120353,1.483052,0.1582736,-1.187372,0.7355752,0.4356595,True,0,1,2
6/25/2025 12:05:27 PM,1750845927314,Right,-0.5379956,0.9523158,0.2120479,-0.8849576,1.094632,0.1211718,-0.5279407,0.9290195,0.1538794,-0.7789532,0.8503219,0.2735894,-0.4151788,1.484295,0.1491656,-1.194081,0.7365593,0.4171585,True,0,1,2
6/25/2025 12:05:27 PM,1750845927342,Right,-0.5432982,0.9477194,0.1898738,-0.8924441,1.097809,0.08199787,-0.5328395,0.9268409,0.1349812,-0.7958313,0.8512002,0.2485662,-0.4212213,1.487033,0.1311527,-1.210427,0.7420445,0.3733625,True,0,1,2
6/25/2025 12:05:27 PM,1750845927356,Right,-0.5450127,0.9442606,0.1824931,-0.8953128,1.098155,0.06426835,-0.5354106,0.9259426,0.1248311,-0.8045299,0.8519574,0.2348994,-0.4241772,1.487945,0.122852,-1.218643,0.7457985,0.350312,True,0,1,2
6/25/2025 12:05:27 PM,1750845927384,Right,-0.5455651,0.9422903,0.1893669,-0.8925333,1.086414,0.04914939,-0.5366411,0.9232144,0.1274005,-0.8114559,0.8498451,0.2251484,-0.4280024,1.487213,0.110584,-1.229008,0.7405081,0.3206517,True,0,1,2
6/25/2025 12:05:27 PM,1750845927398,Right,-0.5476747,0.9408138,0.182373,-0.894716,1.085946,0.03309977,-0.5386617,0.9225469,0.1212754,-0.8182468,0.8476648,0.2126705,-0.430403,1.487664,0.1032236,-1.234575,0.735125,0.2964274,True,0,1,2
6/25/2025 12:05:27 PM,1750845927411,Right,-0.5498796,0.9400825,0.1756972,-0.896899,1.085479,0.01705027,-0.5408516,0.9217463,0.114201,-0.8254538,0.845733,0.1985375,-0.4326115,1.488009,0.0958904,-1.240261,0.7302988,0.2700021,False,0,1,2
6/25/2025 12:05:27 PM,1750845927439,Right,-0.5524244,0.9457185,0.1682234,-0.8917849,1.074246,0.02077496,-0.545212,0.9286358,0.1188664,-0.8421741,0.8572922,0.1889823,-0.4344406,1.487984,0.08880818,-1.254081,0.745382,0.2372856,False,0,1,2
6/25/2025 12:05:27 PM,1750845927454,Right,-0.5522077,0.9444337,0.1681906,-0.8928385,1.071681,0.01538205,-0.5456818,0.9279398,0.1173551,-0.8468363,0.8583955,0.1794884,-0.4364079,1.488198,0.08456361,-1.257925,0.7465625,0.2169131,False,0,1,2
6/25/2025 12:05:27 PM,1750845927481,Right,-0.5518129,0.9426607,0.1716052,-0.8949435,1.06598,0.007620215,-0.5457306,0.9265959,0.1190981,-0.8554524,0.859085,0.1616485,-0.4394636,1.48805,0.07738709,-1.262686,0.7449259,0.1745218,False,0,1,2
6/25/2025 12:05:27 PM,1750845927495,Right,-0.5516596,0.941592,0.1725662,-0.8953183,1.063451,0.006139994,-0.5458739,0.9256297,0.119483,-0.8578115,0.8583981,0.1509471,-0.4407771,1.487562,0.07462513,-1.265177,0.7470394,0.1479311,False,0,1,2
6/25/2025 12:05:27 PM,1750845927523,Right,-0.552664,0.9416134,0.1768699,-0.8954813,1.058964,0.006756186,-0.5470275,0.9249284,0.121024,-0.8585352,0.8542625,0.1447914,-0.44327,1.486212,0.07020628,-1.26611,0.7434067,0.129392,False,0,1,2
6/25/2025 12:05:27 PM,1750845927537,Right,-0.5528629,0.9416545,0.1813073,-0.894872,1.057146,0.007973552,-0.5472865,0.9249787,0.123338,-0.8586202,0.8525838,0.1447,-0.4439492,1.485286,0.06828201,-1.266132,0.7423368,0.1251192,False,0,1,2
6/25/2025 12:05:27 PM,1750845927551,Right,-0.5515714,0.9409871,0.1883246,-0.8938553,1.055375,0.009515166,-0.5470256,0.9246128,0.1269676,-0.8599714,0.8510447,0.1447345,-0.444662,1.484387,0.06654716,-1.265703,0.7414398,0.1198313,False,0,1,2
6/25/2025 12:05:27 PM,1750845927579,Right,-0.5446296,0.9369448,0.2019349,-0.8908527,1.050416,0.01548278,-0.5441145,0.922657,0.1349291,-0.8628737,0.8486336,0.1452131,-0.4455411,1.482703,0.06358874,-1.262934,0.7415946,0.1101302,False,0,1,2
6/25/2025 12:05:27 PM,1750845927592,Right,-0.5406523,0.9353822,0.2057272,-0.8885596,1.047274,0.02015722,-0.5408912,0.9209744,0.1397494,-0.8606161,0.8472442,0.1451787,-0.4453797,1.481972,0.06255245,-1.259831,0.7423176,0.1035963,False,0,1,2
6/25/2025 12:05:27 PM,1750845927620,Right,-0.5336051,0.9340107,0.2098498,-0.8819916,1.042066,0.03294516,-0.532329,0.9183879,0.1468045,-0.8476211,0.8420832,0.1593978,-0.4444122,1.481423,0.06166434,-1.250693,0.7349829,0.1264167,False,0,1,2
6/25/2025 12:05:27 PM,1750845927634,Right,-0.5292242,0.9338229,0.2131835,-0.8780143,1.040134,0.04109573,-0.5289595,0.918114,0.1491703,-0.8423734,0.8402624,0.1661159,-0.4436275,1.481418,0.0617919,-1.246887,0.7321891,0.138561,False,0,1,2
6/25/2025 12:05:27 PM,1750845927662,Right,-0.5176553,0.9327737,0.2244378,-0.8689632,1.036068,0.06013274,-0.5211161,0.9179593,0.1565172,-0.831159,0.8385153,0.1821164,-0.4424055,1.482178,0.06256223,-1.238763,0.7308831,0.1657704,False,0,1,2
6/25/2025 12:05:27 PM,1750845927676,Right,-0.5090593,0.931572,0.2314478,-0.8638306,1.033654,0.07133853,-0.5161026,0.9174953,0.1607827,-0.8268796,0.8384435,0.1890013,-0.4415114,1.482571,0.06322503,-1.234568,0.7339705,0.1758486,False,0,1,2
6/25/2025 12:05:27 PM,1750845927703,Right,-0.4887379,0.9296423,0.2476194,-0.8526123,1.028663,0.09544539,-0.502991,0.916389,0.171339,-0.8170264,0.8375573,0.2024432,-0.4388866,1.48322,0.06550395,-1.223164,0.7403176,0.1925398,False,0,1,2
6/25/2025 12:05:27 PM,1750845927718,Right,-0.482471,0.9288307,0.2529715,-0.8483362,1.026295,0.1043379,-0.4954969,0.9158826,0.1775559,-0.8096322,0.8370947,0.2091567,-0.4377629,1.48362,0.06642103,-1.216314,0.7426487,0.200193,False,0,1,2
6/25/2025 12:05:27 PM,1750845927731,Right,-0.4743303,0.928675,0.2589035,-0.8434219,1.023928,0.1145502,-0.4868443,0.9156019,0.1842417,-0.8015407,0.8366843,0.2169149,-0.4360238,1.483895,0.06761014,-1.208247,0.7452164,0.2096885,False,0,1,2
6/25/2025 12:05:27 PM,1750845927759,Right,-0.4513576,0.9320657,0.2719126,-0.8286469,1.019731,0.1428587,-0.4662232,0.9179304,0.1970521,-0.7809605,0.8384626,0.2331796,-0.4311243,1.485599,0.07205176,-1.188312,0.7521666,0.2318412,False,0,1,2
6/25/2025 12:05:27 PM,1750845927773,Right,-0.4435447,0.9320301,0.2777176,-0.8234377,1.017409,0.1533492,-0.457087,0.9185325,0.2034253,-0.7718116,0.8385868,0.2419691,-0.429334,1.486245,0.07362592,-1.179271,0.7546858,0.244722,False,0,1,2
6/25/2025 12:05:27 PM,1750845927801,Right,-0.4164728,0.9344685,0.2885895,-0.807831,1.012442,0.1809474,-0.4378368,0.9205732,0.2121357,-0.7550325,0.8390042,0.257559,-0.4237128,1.488584,0.07943988,-1.159727,0.7608402,0.2709541,False,0,1,2
6/25/2025 12:05:27 PM,1750845927815,Right,-0.379547,0.9285275,0.2762942,-0.7851355,1.009803,0.2075402,-0.426572,0.9195963,0.2098193,-0.7480755,0.8378316,0.2596626,-0.4169461,1.491269,0.08747554,-1.14864,0.7647919,0.2787662,False,0,1,2
6/25/2025 12:05:27 PM,1750845927842,Right,-0.3416091,0.9197842,0.2676888,-0.7574823,1.003913,0.2409648,-0.399736,0.916182,0.2052613,-0.7248127,0.8362043,0.2652926,-0.4067175,1.493588,0.0967325,-1.121412,0.773385,0.2995623,False,0,1,2
6/25/2025 12:05:27 PM,1750845927857,Right,-0.323323,0.916755,0.2645067,-0.7425988,1.000504,0.2572104,-0.3858123,0.9143655,0.2031233,-0.7121768,0.8354934,0.2686623,-0.401047,1.494711,0.1017834,-1.106713,0.777499,0.3111528,False,0,1,2
6/25/2025 12:05:27 PM,1750845927884,Right,-0.2882491,0.9110592,0.2587051,-0.7125099,0.9931936,0.2886143,-0.353087,0.910454,0.1994352,-0.6818153,0.8343815,0.278422,-0.388202,1.49725,0.1128886,-1.070633,0.786736,0.3405809,False,0,1,2
6/25/2025 12:05:27 PM,1750845927898,Right,-0.2712612,0.9080843,0.2528493,-0.6916215,0.9878445,0.30507,-0.3359784,0.9085099,0.1968258,-0.6617067,0.8343074,0.2822756,-0.3792032,1.498579,0.119705,-1.050652,0.7900926,0.3559448,False,0,1,2
6/25/2025 12:05:27 PM,1750845927912,Right,-0.2548934,0.9054276,0.2493658,-0.6746917,0.9837765,0.3205836,-0.3165131,0.9063803,0.1941384,-0.6418781,0.8335012,0.2878856,-0.3715392,1.499822,0.1254765,-1.027217,0.79343,0.3736984,False,0,1,2
6/25/2025 12:05:27 PM,1750845927939,Right,-0.2227768,0.900995,0.2395608,-0.6342638,0.9757457,0.350691,-0.2775198,0.9025896,0.1880559,-0.5994071,0.8323849,0.2982565,-0.3544154,1.502194,0.1373833,-0.9785346,0.79772,0.4064151,False,0,1,2
6/25/2025 12:05:27 PM,1750845927953,Right,-0.207814,0.8989732,0.2346426,-0.6104138,0.9721414,0.3640256,-0.2563846,0.9009175,0.1838261,-0.5715725,0.8325508,0.3015456,-0.3453652,1.503428,0.1432506,-0.9513881,0.7982872,0.4216019,False,0,1,2
6/25/2025 12:05:27 PM,1750845927981,Right,-0.177243,0.8940954,0.2273417,-0.5689492,0.9648488,0.3915329,-0.2237515,0.8978365,0.1793835,-0.5322996,0.8312757,0.3173066,-0.3278636,1.505773,0.1549203,-0.903109,0.7994521,0.4602645,False,0,1,2
6/25/2025 12:05:27 PM,1750845927994,Right,-0.1636796,0.8919872,0.2235862,-0.5441217,0.9608734,0.4030012,-0.2118802,0.8966905,0.1777443,-0.5143158,0.8313051,0.3232688,-0.318511,1.506609,0.1605614,-0.8833233,0.7997222,0.4775133,False,0,1,2
6/25/2025 12:05:28 PM,1750845928022,Right,-0.1410128,0.888181,0.214107,-0.4921182,0.9524906,0.421345,-0.1888173,0.8940794,0.1723748,-0.4710498,0.8312282,0.3332189,-0.2998211,1.507094,0.172314,-0.8381089,0.7978549,0.5177174,False,0,1,2
6/25/2025 12:05:28 PM,1750845928036,Right,-0.130501,0.8863134,0.2090998,-0.4676924,0.9484821,0.4300612,-0.179324,0.8928022,0.1697769,-0.452,0.8303126,0.3383155,-0.2903911,1.506812,0.1783102,-0.8158518,0.7954763,0.5378261,False,0,1,2
6/25/2025 12:05:28 PM,1750845928050,Right,-0.1188675,0.8842511,0.204585,-0.4444687,0.9444799,0.4399114,-0.1683504,0.8913336,0.1672525,-0.4328824,0.8285896,0.3452979,-0.2810572,1.506772,0.1845323,-0.7900398,0.7926534,0.5595083,False,0,1,2
6/25/2025 12:05:28 PM,1750845928077,Right,-0.09301722,0.8798912,0.1960611,-0.3994,0.9366348,0.4624714,-0.1436692,0.8883436,0.162761,-0.3934062,0.8242372,0.3654509,-0.2623308,1.50711,0.1965642,-0.7278594,0.7877133,0.6085139,False,0,1,2
6/25/2025 12:05:28 PM,1750845928091,Right,-0.08009243,0.8777113,0.1917994,-0.3768666,0.9327124,0.4737509,-0.1312877,0.8868474,0.1605243,-0.3740724,0.8222072,0.3751382,-0.2529669,1.507277,0.2025803,-0.6962928,0.7860094,0.6303127,False,0,1,2
6/25/2025 12:05:28 PM,1750845928119,Right,-0.0749619,0.8768265,0.1857891,-0.3337874,0.9189584,0.4695646,-0.1230356,0.8836101,0.1584091,-0.3305604,0.820724,0.3786979,-0.2334085,1.498646,0.2162589,-0.6425642,0.776695,0.6768291,False,0,1,2
6/25/2025 12:05:28 PM,1750845928132,Right,-0.06462395,0.8751096,0.1819044,-0.3116658,0.9142515,0.4774867,-0.1176702,0.8827317,0.1574385,-0.3148438,0.817196,0.3871845,-0.2239898,1.49711,0.2226123,-0.6121693,0.7696369,0.6985304,False,0,1,2
6/25/2025 12:05:28 PM,1750845928148,Right,-0.05528545,0.873517,0.1784165,-0.2906054,0.9090295,0.4840505,-0.1108992,0.8814514,0.1563105,-0.2956974,0.8132179,0.3955281,-0.214448,1.49451,0.2290946,-0.5764462,0.761763,0.7211475,False,0,1,2
6/25/2025 12:05:28 PM,1750845928173,Right,-0.03489172,0.8701359,0.1707431,-0.2466449,0.899482,0.4995301,-0.09550103,0.8787268,0.1536302,-0.2569412,0.8053722,0.4124528,-0.1955652,1.491032,0.241858,-0.5018335,0.748518,0.760293,False,0,1,2
6/25/2025 12:05:28 PM,1750845928201,Right,-0.03669047,0.8638312,0.1596829,-0.2290499,0.8805379,0.4907017,-0.08316027,0.8675887,0.1479009,-0.2151032,0.7887612,0.4131636,-0.1796272,1.471563,0.2648274,-0.4277794,0.7199393,0.787852,False,0,1,2
6/25/2025 12:05:28 PM,1750845928215,Right,-0.03009152,0.8609187,0.1549875,-0.211465,0.8735877,0.4944781,-0.07430999,0.8631089,0.1452482,-0.1912946,0.7802902,0.418139,-0.1712515,1.466291,0.2733259,-0.3812218,0.7069169,0.8021418,False,0,1,2
6/25/2025 12:05:28 PM,1750845928242,Right,-0.01874781,0.8517736,0.1435887,-0.1854994,0.8508314,0.4944898,-0.06246573,0.8521654,0.1404635,-0.1528393,0.7604539,0.4235312,-0.1568992,1.450346,0.2932302,-0.3043336,0.6758306,0.8190694,False,0,1,2
6/25/2025 12:05:28 PM,1750845928256,Right,-0.01250172,0.8478022,0.1372805,-0.1702807,0.8404987,0.4952557,-0.05614534,0.8466563,0.1371778,-0.1421202,0.752229,0.4230327,-0.1492653,1.442639,0.3033346,-0.2864637,0.6651071,0.8184218,False,0,1,2
6/25/2025 12:05:28 PM,1750845928284,Right,-0.001243114,0.8393518,0.122553,-0.1402078,0.8176568,0.4939924,-0.04411164,0.8357469,0.1295066,-0.1202521,0.735614,0.4213728,-0.1341767,1.426048,0.3236291,-0.2488444,0.6438063,0.8160511,False,0,1,2
6/25/2025 12:05:28 PM,1750845928298,Right,0.003590584,0.8348949,0.11426,-0.1256852,0.8055972,0.4919218,-0.0387405,0.8298021,0.124913,-0.109741,0.7265043,0.419694,-0.1269548,1.416753,0.3340206,-0.2305678,0.6320191,0.8135234,False,0,1,2
6/25/2025 12:05:28 PM,1750845928311,Right,0.008397698,0.8304428,0.1063619,-0.1110864,0.7940018,0.4896756,-0.03375717,0.8237522,0.1205455,-0.09952394,0.7173848,0.4178373,-0.1205615,1.40732,0.3447176,-0.2127468,0.6202253,0.8109365,False,0,1,2
6/25/2025 12:05:28 PM,1750845928339,Right,0.0158329,0.8206722,0.09049571,-0.08355474,0.7705757,0.4845988,-0.02539259,0.8107762,0.1123097,-0.08052403,0.6987213,0.415188,-0.1083727,1.386893,0.3669353,-0.1784974,0.5975714,0.8059975,False,0,1,2
6/25/2025 12:05:28 PM,1750845928353,Right,0.01844871,0.8156108,0.08288765,-0.0709095,0.7584305,0.4820625,-0.02200671,0.8040762,0.1084519,-0.07181983,0.68901,0.4141629,-0.1019065,1.376369,0.3780786,-0.1623069,0.5859955,0.8033308,False,0,1,2
6/25/2025 12:05:28 PM,1750845928380,Right,0.02063894,0.8042895,0.07013798,-0.04829526,0.7326406,0.4774464,-0.01773289,0.7893802,0.1028418,-0.05649174,0.6678832,0.413066,-0.08929837,1.353799,0.4010268,-0.1321779,0.5603976,0.798952,False,0,1,2
6/25/2025 12:05:28 PM,1750845928394,Right,0.02083123,0.7981251,0.06602001,-0.03908372,0.7189814,0.4756514,-0.01586822,0.7815762,0.1011354,-0.0496391,0.6566198,0.4131589,-0.08380437,1.341053,0.4120457,-0.1191002,0.546483,0.7969618,False,0,1,2
6/25/2025 12:05:28 PM,1750845928422,Right,0.02161109,0.7855271,0.05985296,-0.01962709,0.6928874,0.4726702,-0.01382466,0.7647533,0.1009489,-0.03716192,0.6332188,0.4136829,-0.07364583,1.315489,0.4327024,-0.09439768,0.5162938,0.7951218,False,0,1,2
6/25/2025 12:05:28 PM,1750845928436,Right,0.02352333,0.7800582,0.05463493,-0.008084774,0.6804935,0.4711334,-0.01121242,0.7572334,0.09893475,-0.02924149,0.6225233,0.4144238,-0.06823361,1.303183,0.4435036,-0.08007351,0.5044059,0.792791,False,0,1,2
6/25/2025 12:05:28 PM,1750845928464,Right,0.01627243,0.7625513,0.06866241,-0.001514196,0.6530918,0.4748672,-0.01154559,0.7447363,0.1036579,-0.0219589,0.6056893,0.4103003,-0.06244338,1.278098,0.4603096,-0.06482364,0.4758104,0.7928171,False,0,1,2
6/25/2025 12:05:28 PM,1750845928477,Right,0.01407957,0.7544378,0.07303548,0.003952146,0.639995,0.4773643,-0.01382138,0.7376887,0.1100399,-0.01954645,0.5947793,0.4143758,-0.059093,1.26563,0.4691451,-0.05666787,0.4594521,0.796224,False,0,1,2
6/25/2025 12:05:28 PM,1750845928492,Right,0.009381771,0.743983,0.08472824,0.005443215,0.6263314,0.484127,-0.01629676,0.7298042,0.1175909,-0.01846634,0.5850211,0.4175813,-0.05709028,1.253455,0.4774233,-0.05067094,0.4445733,0.8013758,False,0,1,2
6/25/2025 12:05:28 PM,1750845928519,Right,0.007359743,0.7291591,0.08827877,0.01967716,0.6003921,0.4867191,-0.0194622,0.7089735,0.1307652,-0.01265394,0.5586238,0.430199,-0.05055845,1.228752,0.495458,-0.03375772,0.4129039,0.8106465,False,0,1,2
6/25/2025 12:05:28 PM,1750845928533,Right,-0.003068447,0.7114503,0.1201751,0.01328814,0.5861946,0.503438,-0.02255744,0.7007728,0.1408164,-0.01373455,0.5517627,0.427697,-0.05261934,1.216853,0.5007107,-0.03107706,0.3957618,0.816831,False,0,1,2
6/25/2025 12:05:28 PM,1750845928560,Right,-0.01255846,0.687838,0.15052,0.01592612,0.5602564,0.519814,-0.02914378,0.6817097,0.1637914,-0.01440811,0.5318863,0.438663,-0.05033338,1.192951,0.5154827,-0.02083338,0.36457,0.8342043,False,0,1,2
6/25/2025 12:05:28 PM,1750845928574,Right,-0.01630068,0.6771033,0.1625676,0.01861441,0.5473651,0.5264375,-0.03243165,0.6709506,0.1758533,-0.01455393,0.5202011,0.4464905,-0.04944706,1.180726,0.5226139,-0.01483165,0.3485388,0.8435665,False,0,1,2
6/25/2025 12:05:28 PM,1750845928602,Right,-0.02683306,0.6482756,0.21111,0.01039505,0.5232781,0.5537803,-0.03733753,0.6566201,0.1953426,-0.02115166,0.519087,0.4329165,-0.04992223,1.15839,0.5352006,-0.0164653,0.3243904,0.8581305,True,0,1,3
6/25/2025 12:05:28 PM,1750845928615,Right,-0.03107607,0.6350264,0.2301486,0.007172465,0.5114616,0.5645565,-0.03882401,0.6525951,0.2008313,-0.02311404,0.5167459,0.4323764,-0.0506897,1.147993,0.5407265,-0.01761051,0.3168157,0.8618172,True,0,1,3
6/25/2025 12:05:28 PM,1750845928643,Right,-0.03914571,0.6105042,0.2631001,0.005068898,0.4872487,0.5830905,-0.04227478,0.6424687,0.2140882,-0.02669876,0.5079603,0.4352364,-0.05162752,1.126663,0.5526173,-0.01814938,0.296999,0.8699607,True,0,1,3
6/25/2025 12:05:28 PM,1750845928657,Right,-0.04306042,0.5986172,0.2785596,0.005016804,0.4748728,0.5917623,-0.04413286,0.6367242,0.2214236,-0.02823588,0.5023737,0.437733,-0.05189657,1.115752,0.5587476,-0.01733897,0.2855741,0.8741684,True,0,1,3
6/25/2025 12:05:28 PM,1750845928684,Right,-0.059093,0.5753359,0.3508464,-0.02316546,0.4738044,0.6302096,-0.04862949,0.6255415,0.239305,-0.03639135,0.5030947,0.4272192,-0.0594883,1.103962,0.566404,-0.02512956,0.2610906,0.8848462,True,0,1,3
6/25/2025 12:05:28 PM,1750845928698,Right,-0.0652473,0.5667645,0.3775392,-0.02941847,0.4712714,0.6462033,-0.05114775,0.6197797,0.2493785,-0.03940496,0.5022891,0.4296866,-0.06155062,1.097519,0.5706532,-0.02620876,0.2557831,0.8951219,True,0,1,3
6/25/2025 12:05:28 PM,1750845928712,Right,-0.0716176,0.5614712,0.4069653,-0.03619242,0.4729595,0.6644679,-0.05390883,0.6139126,0.260491,-0.04266858,0.5014502,0.4330826,-0.06427789,1.092162,0.5746636,-0.02741728,0.2503607,0.9064231,True,0,1,3
6/25/2025 12:05:28 PM,1750845928740,Right,-0.08419037,0.5531988,0.4607677,-0.0494622,0.4799808,0.7022506,-0.06004558,0.6024544,0.2851871,-0.04973412,0.4984884,0.4451254,-0.06947494,1.083433,0.581955,-0.0305907,0.2404117,0.9318382,True,0,1,3
6/25/2025 12:05:28 PM,1750845928753,Right,-0.09023166,0.5468134,0.4852209,-0.05568409,0.4816886,0.7198341,-0.06337781,0.596744,0.2984221,-0.05351457,0.4967192,0.4530723,-0.07215667,1.079044,0.5856158,-0.03263375,0.2365003,0.9460171,True,0,1,3
6/25/2025 12:05:28 PM,1750845928781,Right,-0.1047792,0.5427321,0.5306021,-0.07100916,0.4962068,0.7592058,-0.07154262,0.5852715,0.3287565,-0.06226398,0.490676,0.4778228,-0.0795151,1.076338,0.5925529,-0.04205973,0.2305267,0.9794385,True,0,1,3
6/25/2025 12:05:28 PM,1750845928795,Right,-0.1162592,0.5516049,0.5442458,-0.08581543,0.5147252,0.7789855,-0.07590587,0.5808681,0.3429983,-0.06666256,0.4855178,0.4950001,-0.08451498,1.081894,0.5972614,-0.04736315,0.2294719,0.9955365,True,0,1,3
6/25/2025 12:05:28 PM,1750845928823,Right,-0.1328837,0.5606768,0.571167,-0.1108595,0.5350162,0.809844,-0.08730374,0.5722558,0.377132,-0.07898062,0.4785018,0.531495,-0.09154797,1.089512,0.6052915,-0.06353943,0.2300885,1.034747,True,0,1,3
6/25/2025 12:05:28 PM,1750845928837,Right,-0.1402525,0.5620354,0.5875219,-0.1224024,0.5434371,0.8249717,-0.09371839,0.5687191,0.3950871,-0.08631538,0.4770592,0.5488159,-0.09511137,1.092551,0.6091164,-0.07406635,0.2317462,1.055514,True,0,1,3
6/25/2025 12:05:28 PM,1750845928864,Right,-0.1470633,0.5826256,0.5946363,-0.1539866,0.5708776,0.8422146,-0.1087337,0.5653209,0.4345524,-0.1047888,0.4719314,0.5953189,-0.1024499,1.112801,0.6177064,-0.105765,0.2353753,1.098802,True,0,1,3
6/25/2025 12:05:28 PM,1750845928878,Right,-0.1494007,0.5898063,0.5997945,-0.1682281,0.582885,0.8502007,-0.1164931,0.5654876,0.4544418,-0.1147469,0.4716058,0.6177821,-0.1063669,1.122147,0.6228381,-0.123396,0.2383617,1.120055,True,0,1,3
6/25/2025 12:05:28 PM,1750845928893,Right,-0.1515034,0.5970356,0.6036212,-0.183074,0.5943999,0.8570247,-0.1250001,0.567012,0.4757167,-0.1258453,0.4723871,0.6422299,-0.1112821,1.132171,0.6271991,-0.143199,0.2429238,1.142602,True,0,1,3
6/25/2025 12:05:28 PM,1750845928919,Right,-0.1573777,0.6129239,0.6081535,-0.2150959,0.6158059,0.8681672,-0.1446311,0.5770617,0.5199162,-0.1519018,0.4802233,0.6944929,-0.1233172,1.153465,0.634482,-0.1891301,0.2595879,1.188744,True,0,1,3
6/25/2025 12:05:28 PM,1750845928933,Right,-0.1612611,0.6218107,0.6092138,-0.2318277,0.6267224,0.8727379,-0.1546596,0.5856377,0.5386117,-0.1652834,0.4874737,0.7178555,-0.1300097,1.164761,0.6372339,-0.2118514,0.2717706,1.208176,True,0,1,3
6/25/2025 12:05:28 PM,1750845928962,Right,-0.1696508,0.6410931,0.6084955,-0.2649605,0.6514187,0.881104,-0.1802721,0.6182626,0.5715171,-0.1996217,0.5174464,0.7623935,-0.1436036,1.188666,0.6423377,-0.2677281,0.3148597,1.242634,True,0,1,3
6/25/2025 12:05:28 PM,1750845928976,Right,-0.1739798,0.6500341,0.6066319,-0.2814021,0.6661146,0.8846228,-0.1887212,0.6329789,0.5752184,-0.2130928,0.5312675,0.7725719,-0.1515045,1.201067,0.6437484,-0.2920588,0.3367219,1.24727,True,0,1,3
6/25/2025 12:05:29 PM,1750845929003,Right,-0.1826105,0.6661249,0.6036426,-0.314826,0.696753,0.891798,-0.1993323,0.6523919,0.5723092,-0.234646,0.5494761,0.7849787,-0.1675756,1.226095,0.6456786,-0.3333353,0.3742291,1.246675,True,0,1,3
6/25/2025 12:05:29 PM,1750845929017,Right,-0.1870624,0.6740436,0.6021175,-0.3321782,0.7128155,0.8941774,-0.2046178,0.6621654,0.571357,-0.2463637,0.5599676,0.7915493,-0.1753622,1.239313,0.6464449,-0.3555991,0.3957587,1.246881,True,0,1,3
6/25/2025 12:05:29 PM,1750845929031,Right,-0.1918999,0.6822235,0.6008375,-0.3503129,0.729698,0.8943131,-0.209701,0.6712075,0.5705714,-0.257506,0.5700386,0.7973627,-0.1831965,1.252633,0.6467266,-0.3758857,0.4157944,1.246772,True,0,1,3
6/25/2025 12:05:29 PM,1750845929059,Right,-0.2036982,0.7000967,0.5979903,-0.3873717,0.7631596,0.8927641,-0.2225096,0.6918927,0.5681723,-0.2843141,0.5950618,0.806697,-0.2001643,1.279152,0.6450322,-0.4227876,0.4619105,1.244262,True,0,1,3
6/25/2025 12:05:29 PM,1750845929073,Right,-0.2161225,0.7177017,0.5969359,-0.4236023,0.7947218,0.8927612,-0.2304662,0.7040359,0.5672995,-0.3022586,0.6082231,0.8171852,-0.2165985,1.305142,0.6430151,-0.4501469,0.4889112,1.242253,True,0,1,3
6/25/2025 12:05:29 PM,1750845929100,Right,-0.2334584,0.7361103,0.5959945,-0.4641724,0.8262618,0.8834958,-0.2473583,0.7260432,0.5650731,-0.3349822,0.637969,0.8211443,-0.2339356,1.329691,0.6357646,-0.5035539,0.5379882,1.235222,True,0,1,3
6/25/2025 12:05:29 PM,1750845929114,Right,-0.2447468,0.7459833,0.5944161,-0.4863112,0.8405082,0.8766372,-0.2578326,0.7374641,0.5631155,-0.3543732,0.6537769,0.821121,-0.2433085,1.341412,0.6305832,-0.534358,0.5634351,1.228959,True,0,1,3
6/25/2025 12:05:29 PM,1750845929142,Right,-0.2690454,0.765447,0.5905378,-0.5322545,0.8677163,0.861804,-0.2830444,0.7611614,0.5568641,-0.3997025,0.6868954,0.8159391,-0.261712,1.363908,0.6180381,-0.604895,0.6155156,1.209014,True,0,1,3
6/25/2025 12:05:29 PM,1750845929156,Right,-0.2817801,0.7751114,0.5882359,-0.555491,0.8808891,0.8531923,-0.2959436,0.7720163,0.553046,-0.4227142,0.7018642,0.8117571,-0.2710917,1.374239,0.6105306,-0.6397913,0.6386616,1.196541,True,0,1,3
6/25/2025 12:05:29 PM,1750845929184,Right,-0.3078524,0.7951707,0.581935,-0.6040683,0.9043466,0.8301954,-0.3237236,0.7948717,0.5429863,-0.4729674,0.7316948,0.7968844,-0.2894156,1.393524,0.5935098,-0.7171038,0.6815882,1.161468,True,0,1,3
6/25/2025 12:05:29 PM,1750845929197,Right,-0.3201671,0.8050255,0.5786196,-0.6289992,0.9148588,0.8158193,-0.3353262,0.804446,0.5380881,-0.4961644,0.7430661,0.7879827,-0.2988818,1.402577,0.5838633,-0.754131,0.6965547,1.140635,True,0,1,3
6/25/2025 12:05:29 PM,1750845929211,Right,-0.3325861,0.814545,0.5751829,-0.6529903,0.9258919,0.8012938,-0.346861,0.8137222,0.5331177,-0.5208687,0.7544433,0.7783129,-0.3084377,1.411184,0.5733391,-0.7933605,0.7122111,1.116585,True,0,1,3
6/25/2025 12:05:29 PM,1750845929239,Right,-0.3581332,0.8327008,0.5667992,-0.6991389,0.9482955,0.7698269,-0.3701035,0.8303254,0.5213443,-0.5617038,0.7725668,0.7581271,-0.3268645,1.426538,0.5509185,-0.8532404,0.7339146,1.075766,True,0,1,3
6/25/2025 12:05:29 PM,1750845929253,Right,-0.370932,0.8415489,0.5616071,-0.7207251,0.9586637,0.7505212,-0.3825581,0.8388597,0.5141473,-0.5815689,0.7812579,0.7458616,-0.3355148,1.433073,0.5391376,-0.8818177,0.7431671,1.054224,True,0,1,3
6/25/2025 12:05:29 PM,1750845929281,Right,-0.3952332,0.8584987,0.5496641,-0.7593617,0.9779786,0.7089312,-0.4048868,0.8541541,0.4989073,-0.6173363,0.7964311,0.7198325,-0.3515923,1.444628,0.5126133,-0.9338868,0.7584814,1.009892,True,0,1,3
6/25/2025 12:05:29 PM,1750845929295,Right,-0.4065371,0.8668758,0.5433841,-0.7766206,0.987353,0.6870764,-0.4153118,0.86137,0.4906798,-0.6331999,0.8027025,0.7046769,-0.3596561,1.450366,0.4988142,-0.9587361,0.762711,0.9857118,True,0,1,3
6/25/2025 12:05:29 PM,1750845929323,Right,-0.4279453,0.8831621,0.5307223,-0.8066089,1.005081,0.6411985,-0.4350748,0.8753999,0.4739378,-0.6632043,0.8149912,0.6744094,-0.3745418,1.460191,0.4709541,-1.005273,0.77111,0.9366453,True,0,1,3
6/25/2025 12:05:29 PM,1750845929337,Right,-0.4369304,0.8905604,0.5225389,-0.8169193,1.012005,0.6149647,-0.4436152,0.8815158,0.4642955,-0.6745274,0.8189147,0.6568631,-0.3817477,1.463926,0.4569349,-1.025309,0.7700659,0.9107381,True,0,1,3
6/25/2025 12:05:29 PM,1750845929364,Right,-0.4564166,0.9061352,0.5075518,-0.8409634,1.027235,0.5664632,-0.4613221,0.8937153,0.4468479,-0.7007136,0.8280473,0.6250643,-0.3960302,1.470776,0.4299014,-1.066598,0.7725048,0.8580032,True,0,1,3
6/25/2025 12:05:29 PM,1750845929378,Right,-0.4652863,0.9135464,0.4985721,-0.8507252,1.033305,0.5403916,-0.4694866,0.8995021,0.4369386,-0.7126025,0.8317785,0.6078411,-0.4020793,1.473623,0.4149506,-1.085393,0.7720131,0.8300108,True,0,1,3
6/25/2025 12:05:29 PM,1750845929392,Right,-0.4744925,0.9211434,0.4901237,-0.8626044,1.040091,0.516361,-0.4790643,0.9062053,0.426846,-0.7288693,0.837478,0.5908235,-0.4079566,1.476265,0.4000252,-1.107355,0.7763574,0.7989895,True,0,1,3
6/25/2025 12:05:29 PM,1750845929420,Right,-0.4897009,0.9330627,0.4678218,-0.8762329,1.044533,0.4626806,-0.4927456,0.9152246,0.402581,-0.7447481,0.8373751,0.5494534,-0.418054,1.479981,0.3724108,-1.13636,0.7577727,0.7358522,True,0,1,3
6/25/2025 12:05:29 PM,1750845929434,Right,-0.4974325,0.9384655,0.4572595,-0.8831644,1.047045,0.4367712,-0.4992657,0.9188747,0.3909425,-0.7533528,0.8376206,0.5302233,-0.4228435,1.481699,0.3593609,-1.149885,0.7511071,0.7050256,True,0,1,3
6/25/2025 12:05:29 PM,1750845929462,Right,-0.5113053,0.9470848,0.4341602,-0.89448,1.050468,0.3851278,-0.5112826,0.9252006,0.367895,-0.7697347,0.8375053,0.4922504,-0.4298232,1.483968,0.3353894,-1.174206,0.7376539,0.6425937,True,0,1,3
6/25/2025 12:05:29 PM,1750845929476,Right,-0.5159199,0.9490282,0.4199598,-0.8975024,1.049071,0.3600643,-0.516578,0.9279934,0.3552462,-0.7767074,0.8368624,0.4727862,-0.4324772,1.485634,0.3239495,-1.183804,0.7299885,0.6115726,True,0,1,3
6/25/2025 12:05:29 PM,1750845929503,Right,-0.5249691,0.9535576,0.3946767,-0.9028783,1.045982,0.3134624,-0.5238619,0.9310493,0.3297025,-0.7853373,0.8330994,0.4358424,-0.4384907,1.488401,0.3021985,-1.195419,0.7112203,0.5550599,True,0,1,3
6/25/2025 12:05:29 PM,1750845929517,Right,-0.5295215,0.955923,0.3827662,-0.9062586,1.045419,0.2907135,-0.5279543,0.9330078,0.3181934,-0.7903012,0.8315943,0.4181798,-0.4413308,1.489658,0.2918444,-1.201266,0.7021894,0.5266978,True,0,1,3
6/25/2025 12:05:29 PM,1750845929532,Right,-0.5313923,0.9558379,0.3703947,-0.9062073,1.043043,0.2703041,-0.5302294,0.933449,0.3067719,-0.7932698,0.8292506,0.4015407,-0.4434297,1.490253,0.2832451,-1.204582,0.6931874,0.5007376,True,0,1,3
6/25/2025 12:05:29 PM,1750845929559,Right,-0.5358641,0.9560605,0.3466294,-0.9100931,1.041909,0.2292179,-0.5341899,0.9341322,0.2843591,-0.8026502,0.8271212,0.368942,-0.4472452,1.492615,0.2649179,-1.21305,0.6841081,0.4478748,True,0,1,3
6/25/2025 12:05:29 PM,1750845929573,Right,-0.5370216,0.9552734,0.3350154,-0.9113219,1.040531,0.2101007,-0.5355823,0.933955,0.2732898,-0.8069434,0.8257127,0.352783,-0.4493425,1.493571,0.2554824,-1.216235,0.6794879,0.4218101,True,0,1,3
6/25/2025 12:05:29 PM,1750845929600,Right,-0.5363615,0.9506808,0.312747,-0.9117351,1.035412,0.1766797,-0.536795,0.9321995,0.2523116,-0.813611,0.8221702,0.3233924,-0.4533432,1.495057,0.239785,-1.219377,0.6697937,0.3761055,True,0,1,3
6/25/2025 12:05:29 PM,1750845929615,Right,-0.5362613,0.9481535,0.3027754,-0.911463,1.033529,0.1611954,-0.5366936,0.9303042,0.2430544,-0.815824,0.8201647,0.3107672,-0.4546797,1.495338,0.232505,-1.219971,0.6654138,0.3573571,True,0,1,3
6/25/2025 12:05:29 PM,1750845929643,Right,-0.5333941,0.9399252,0.2853358,-0.9090059,1.02905,0.1357553,-0.5350708,0.9252259,0.2264941,-0.8183516,0.8164065,0.2894846,-0.4563537,1.496005,0.2185415,-1.219441,0.6579913,0.3280963,True,0,1,3
6/25/2025 12:05:29 PM,1750845929657,Right,-0.5297472,0.934408,0.2780075,-0.9073663,1.025691,0.125572,-0.5319592,0.9213006,0.2196491,-0.8192558,0.8133493,0.281091,-0.4566733,1.496166,0.2119435,-1.217273,0.6547544,0.3165921,False,0,1,3
6/25/2025 12:05:29 PM,1750845929670,Right,-0.5244526,0.927415,0.274841,-0.9057007,1.021786,0.1159284,-0.5284353,0.9191158,0.2259551,-0.8399945,0.8050553,0.2894323,-0.4573568,1.496322,0.2060663,-1.21546,0.6550045,0.3172957,False,0,1,3
6/25/2025 12:05:29 PM,1750845929697,Right,-0.5174179,0.9172884,0.2754269,-0.9010313,1.013352,0.1018612,-0.5221707,0.9112615,0.226196,-0.8442059,0.8001243,0.2837275,-0.4591951,1.496355,0.1967622,-1.213282,0.6534151,0.3035306,False,0,1,3
6/25/2025 12:05:29 PM,1750845929711,Right,-0.5161164,0.9171521,0.2800347,-0.8978782,1.008454,0.1006896,-0.5210483,0.9104795,0.2277726,-0.8455578,0.801311,0.2814797,-0.4599171,1.496375,0.1931634,-1.213895,0.6551755,0.2976502,False,0,1,3
6/25/2025 12:05:29 PM,1750845929740,Right,-0.5173848,0.9230097,0.2770917,-0.892611,1.000834,0.1002839,-0.5219755,0.9137407,0.2259891,-0.8412142,0.8116676,0.267212,-0.4607826,1.496042,0.1868114,-1.218105,0.6624926,0.2747523,False,0,1,3
6/25/2025 12:05:29 PM,1750845929753,Right,-0.5173937,0.9247898,0.2766021,-0.890218,0.9978756,0.102897,-0.5224571,0.9162743,0.2246097,-0.83956,0.8164621,0.2588378,-0.4607885,1.495612,0.1840097,-1.22107,0.6694115,0.2577481,False,0,1,3
6/25/2025 12:05:29 PM,1750845929782,Right,-0.5140898,0.9235297,0.2880002,-0.886647,0.9930322,0.1112099,-0.5204107,0.9154546,0.2301727,-0.8386835,0.816817,0.2488812,-0.4600161,1.494249,0.1807746,-1.221964,0.6748034,0.2269192,False,0,1,3
6/25/2025 12:05:29 PM,1750845929795,Right,-0.5111438,0.9215046,0.2952363,-0.8848696,0.990762,0.1176113,-0.5189226,0.9144393,0.2340169,-0.8394303,0.8161727,0.2447169,-0.4593533,1.493322,0.1799119,-1.221537,0.677915,0.2118997,False,0,1,3
6/25/2025 12:05:29 PM,1750845929823,Right,-0.5019542,0.9180988,0.3121049,-0.8794539,0.9871314,0.1370645,-0.5137527,0.9118904,0.2444444,-0.8372657,0.8157868,0.2483091,-0.4578261,1.491684,0.1805375,-1.219324,0.6866559,0.2052203,False,0,1,3
6/25/2025 12:05:29 PM,1750845929836,Right,-0.4970397,0.9175848,0.3184339,-0.8762407,0.9855282,0.1470563,-0.5101375,0.9109352,0.250156,-0.8335186,0.8148926,0.2560183,-0.4567294,1.491113,0.1815501,-1.216708,0.6882455,0.2145603,False,0,1,3
6/25/2025 12:05:29 PM,1750845929851,Right,-0.4910212,0.9176599,0.3251066,-0.8726983,0.9846933,0.1594164,-0.5049666,0.9103197,0.2570067,-0.8285921,0.8144583,0.2656308,-0.4553338,1.490592,0.1831518,-1.212855,0.6910492,0.2267765,False,0,1,3
6/25/2025 12:05:29 PM,1750845929878,Right,-0.4746896,0.9174736,0.3403957,-0.8647287,0.9837289,0.1864663,-0.4918013,0.9097977,0.2713636,-0.817467,0.8153847,0.2866377,-0.4525839,1.490561,0.1878022,-1.20321,0.7006976,0.2547901,False,0,1,3
6/25/2025 12:05:29 PM,1750845929892,Right,-0.464329,0.9168375,0.3476381,-0.8599169,0.9835105,0.2014487,-0.4835934,0.9094994,0.2782067,-0.811727,0.8165036,0.2970813,-0.4513962,1.490922,0.1906385,-1.197271,0.707799,0.2691761,False,0,1,3
6/25/2025 12:05:29 PM,1750845929920,Right,-0.4397137,0.9143625,0.3596612,-0.8476532,0.9827462,0.2360129,-0.461867,0.9079319,0.2917707,-0.7944826,0.8191293,0.3197349,-0.4475919,1.490736,0.1976974,-1.180372,0.7242591,0.3024694,False,0,1,3
6/25/2025 12:05:29 PM,1750845929934,Right,-0.4272438,0.9125741,0.3646947,-0.8397088,0.9821886,0.255841,-0.449929,0.9065824,0.2980522,-0.7830895,0.8198804,0.3312597,-0.4449106,1.490486,0.2018638,-1.170187,0.7310324,0.3206708,False,0,1,3
6/25/2025 12:05:29 PM,1750845929962,Right,-0.401389,0.9090833,0.3743026,-0.8229172,0.9803361,0.2939694,-0.425273,0.9038429,0.3081404,-0.7601957,0.8213722,0.3542258,-0.4388872,1.490822,0.2108608,-1.14803,0.7457637,0.3604273,False,0,1,3
6/25/2025 12:05:29 PM,1750845929976,Right,-0.3869917,0.9066871,0.3809131,-0.8106232,0.9790312,0.317273,-0.4144469,0.9025412,0.3138922,-0.7484381,0.8223819,0.3670211,-0.4351461,1.491497,0.2170033,-1.137554,0.7528505,0.3832386,False,0,1,3
6/25/2025 12:05:30 PM,1750845930004,Right,-0.3577543,0.9047369,0.3883767,-0.7854781,0.976053,0.3608207,-0.3883716,0.9012517,0.3229971,-0.7203867,0.8249671,0.3920917,-0.427222,1.492285,0.229373,-1.109721,0.7671857,0.4315418,False,0,1,3
6/25/2025 12:05:30 PM,1750845930017,Right,-0.3423052,0.9034263,0.391204,-0.7713814,0.9741341,0.3826993,-0.3752251,0.9004562,0.3269844,-0.7055954,0.8258078,0.404657,-0.4224904,1.492689,0.2364806,-1.09426,0.773315,0.4570792,False,0,1,3
6/25/2025 12:05:30 PM,1750845930031,Right,-0.3289994,0.9020308,0.3948538,-0.7597747,0.9724286,0.4023266,-0.3633192,0.8996419,0.330968,-0.693411,0.8265953,0.4185705,-0.4186764,1.493275,0.242794,-1.078909,0.7802107,0.4851331,False,0,1,3
6/25/2025 12:05:30 PM,1750845930059,Right,-0.2899673,0.8958399,0.394019,-0.7066221,0.9619646,0.4520291,-0.3361654,0.8968117,0.3336447,-0.652505,0.826517,0.4387393,-0.4049373,1.495693,0.2646739,-1.040026,0.7854271,0.5392511,False,0,1,3
6/25/2025 12:05:30 PM,1750845930073,Right,-0.2734817,0.89244,0.3944554,-0.6836982,0.957121,0.472849,-0.3220007,0.8949582,0.336274,-0.6336516,0.8252251,0.4508626,-0.3980544,1.496159,0.2752458,-1.018151,0.7864481,0.5680066,False,0,1,3
6/25/2025 12:05:30 PM,1750845930101,Right,-0.2422054,0.8853514,0.3943787,-0.637115,0.9470872,0.5112879,-0.2889151,0.8893993,0.3413476,-0.5859833,0.8206462,0.4755879,-0.3833035,1.49683,0.2981756,-0.9647905,0.7824857,0.6274632,False,0,1,3
6/25/2025 12:05:30 PM,1750845930115,Right,-0.2264087,0.8812734,0.392785,-0.6109576,0.9412431,0.5285347,-0.2725818,0.8860099,0.3428584,-0.5617219,0.8175652,0.4858645,-0.374469,1.496147,0.3106036,-0.9378359,0.7783058,0.6525954,False,0,1,3
6/25/2025 12:05:30 PM,1750845930142,Right,-0.196021,0.8729097,0.3895003,-0.5609756,0.9284844,0.5604376,-0.245956,0.879686,0.345141,-0.5187765,0.8108755,0.5087077,-0.355525,1.493348,0.3357784,-0.8835651,0.7691743,0.7075523,False,0,1,3
6/25/2025 12:05:30 PM,1750845930156,Right,-0.181848,0.8677031,0.3863392,-0.5347364,0.920706,0.5739065,-0.2322202,0.8753783,0.3453297,-0.4956312,0.8063181,0.5181268,-0.3446602,1.491004,0.3487594,-0.8542788,0.7629088,0.7332652,False,0,1,3
6/25/2025 12:05:30 PM,1750845930184,Right,-0.1530523,0.8569436,0.3818854,-0.4825212,0.9054897,0.5991424,-0.2029498,0.8656359,0.3468382,-0.4461839,0.7953979,0.5394319,-0.3206177,1.485125,0.3740188,-0.7871606,0.7482986,0.7884599,False,0,1,3
6/25/2025 12:05:30 PM,1750845930198,Right,-0.1381582,0.8501235,0.3793211,-0.4552963,0.89725,0.6089187,-0.1887543,0.8601552,0.3474456,-0.4217856,0.7892175,0.5497754,-0.3087248,1.481737,0.386248,-0.7520937,0.740399,0.8147863,False,0,1,3
6/25/2025 12:05:30 PM,1750845930212,Right,-0.1232986,0.8434315,0.3764733,-0.4292368,0.8892292,0.6189147,-0.1744477,0.854094,0.3474706,-0.3948698,0.7824432,0.5599401,-0.2971222,1.47818,0.3988295,-0.7125856,0.7313242,0.8428849,False,0,1,3
6/25/2025 12:05:30 PM,1750845930240,Right,-0.09476244,0.8302397,0.3687444,-0.3774173,0.8711615,0.6339943,-0.1467344,0.841922,0.3462543,-0.3420844,0.7682987,0.5778803,-0.2727002,1.468388,0.4236637,-0.6311111,0.7125732,0.892833,False,0,1,3
6/25/2025 12:05:30 PM,1750845930254,Right,-0.08179009,0.8238256,0.362761,-0.3520445,0.8610197,0.6390564,-0.1338031,0.8359749,0.3447245,-0.3170704,0.7611521,0.5851014,-0.2597721,1.462278,0.4361118,-0.5908533,0.7032281,0.9135685,False,0,1,3
6/25/2025 12:05:30 PM,1750845930281,Right,-0.05853653,0.8115187,0.3501978,-0.3041481,0.8402215,0.6493192,-0.1100755,0.8226896,0.3386378,-0.2642429,0.7440858,0.5964212,-0.2343093,1.447962,0.4597676,-0.5009631,0.6795045,0.9524823,False,0,1,3
6/25/2025 12:05:30 PM,1750845930295,Right,-0.04889202,0.8052447,0.3426833,-0.281364,0.829634,0.6539626,-0.09984253,0.8159615,0.3349358,-0.2399009,0.7352239,0.6011052,-0.2217227,1.440175,0.4713155,-0.4569548,0.6678051,0.9678818,False,0,1,3
6/25/2025 12:05:30 PM,1750845930323,Right,-0.03324485,0.7930225,0.3256769,-0.2395387,0.8066566,0.660639,-0.08183424,0.8019623,0.326206,-0.1974044,0.7168781,0.6066571,-0.1966217,1.421371,0.4935836,-0.3778693,0.6455455,0.9880195,False,0,1,3
6/25/2025 12:05:30 PM,1750845930337,Right,-0.03590631,0.792888,0.3236951,-0.2415938,0.80496,0.6582825,-0.0844996,0.8012146,0.3241228,-0.1998183,0.7163156,0.6039637,-0.1969509,1.41985,0.493203,-0.3799169,0.6451157,0.9862872,False,0,1,3
6/25/2025 12:05:30 PM,1750845930351,Right,-0.02979803,0.7867479,0.3146807,-0.222698,0.7912761,0.6607407,-0.08141153,0.7981548,0.3221845,-0.197262,0.7123402,0.6046233,-0.1855224,1.408633,0.5040034,-0.3751375,0.6419337,0.9850722,False,0,1,3
6/25/2025 12:05:30 PM,1750845930379,Right,-0.01631236,0.7743382,0.298135,-0.1837568,0.7630285,0.6655471,-0.07405061,0.7904155,0.3175236,-0.1899078,0.702283,0.6060203,-0.1632794,1.385328,0.5256362,-0.3619587,0.632969,0.9826699,False,0,1,3
6/25/2025 12:05:30 PM,1750845930393,Right,-0.009881258,0.7676015,0.2894572,-0.1652836,0.7468631,0.6661804,-0.06938571,0.7854427,0.3146594,-0.1847415,0.6957392,0.6069664,-0.1528509,1.372258,0.5352939,-0.3529108,0.6268001,0.9814023,False,0,1,3
6/25/2025 12:05:30 PM,1750845930420,Right,0.003978968,0.7539211,0.2723858,-0.1296101,0.7143358,0.6668557,-0.05866631,0.7730298,0.3075475,-0.1716625,0.6793504,0.6083274,-0.1334809,1.343674,0.5530614,-0.3304082,0.6104901,0.9782467,False,0,1,3
6/25/2025 12:05:30 PM,1750845930435,Right,0.01089954,0.7468836,0.2639202,-0.1121578,0.698307,0.666734,-0.05256529,0.7657412,0.3034421,-0.1637763,0.6696035,0.609117,-0.1243556,1.329188,0.5615093,-0.3169126,0.6006156,0.9764608,False,0,1,3
6/25/2025 12:05:30 PM,1750845930462,Right,0.02333522,0.7307127,0.2467172,-0.08140993,0.6661038,0.6577381,-0.03943589,0.7484447,0.2938102,-0.1438492,0.6478934,0.6049389,-0.1102692,1.299654,0.5752231,-0.2860026,0.5762455,0.9717869,False,0,1,3
6/25/2025 12:05:30 PM,1750845930476,Right,0.02937269,0.72292,0.2384816,-0.0661509,0.6512797,0.6544447,-0.03276285,0.7390018,0.2886173,-0.1334907,0.6357183,0.6033349,-0.1037762,1.285538,0.582129,-0.2694755,0.5627523,0.9690608,False,0,1,3
6/25/2025 12:05:30 PM,1750845930504,Right,0.04334462,0.708673,0.2221936,-0.03128481,0.6215937,0.6531253,-0.01695698,0.7172481,0.2767292,-0.1092215,0.6065382,0.6030687,-0.08857036,1.256623,0.5969058,-0.2296303,0.5319345,0.9626804,False,0,1,3
6/25/2025 12:05:30 PM,1750845930518,Right,0.04043555,0.6965699,0.21561,-0.03097963,0.6072192,0.6466603,-0.01122922,0.703662,0.2701728,-0.09694937,0.5905482,0.597504,-0.08863258,1.244568,0.6016122,-0.2106944,0.5130866,0.9586456,False,0,1,3
6/25/2025 12:05:30 PM,1750845930532,Right,0.03781259,0.6864013,0.2121191,-0.02656364,0.5930458,0.6473229,-0.006352813,0.6882283,0.263678,-0.08563719,0.5714165,0.5954442,-0.08580899,1.232575,0.6077023,-0.1912718,0.4921421,0.9546593,False,0,1,3
6/25/2025 12:05:30 PM,1750845930559,Right,0.03267014,0.6677037,0.2097361,-0.01536524,0.566993,0.6515685,-0.005210511,0.6518686,0.2576882,-0.06902919,0.5287732,0.5949068,-0.07867539,1.206866,0.619087,-0.1581591,0.4447778,0.9532601,False,0,1,3
6/25/2025 12:05:30 PM,1750845930573,Right,0.02881992,0.6579569,0.2106467,-0.009187937,0.5535911,0.653854,-0.008429483,0.6390258,0.2598177,-0.06364977,0.513159,0.5985223,-0.07550526,1.19406,0.6238711,-0.1439263,0.4266021,0.957397,False,0,1,3
6/25/2025 12:05:30 PM,1750845930601,Right,0.01576054,0.6371444,0.2205248,-0.000194788,0.5251333,0.6575595,-0.01798025,0.6168646,0.2694307,-0.05295671,0.4861363,0.6042725,-0.07102156,1.168752,0.6324239,-0.1126841,0.3911043,0.9695475,False,0,1,3
6/25/2025 12:05:30 PM,1750845930615,Right,0.007365465,0.626563,0.2294742,0.002737999,0.511723,0.6578089,-0.02357075,0.6062427,0.2763472,-0.04832761,0.4734019,0.6055248,-0.06907701,1.156723,0.636614,-0.09731654,0.3720577,0.9762179,False,0,1,3
6/25/2025 12:05:30 PM,1750845930643,Right,-0.009309173,0.6038836,0.2513529,0.00272274,0.4919374,0.655448,-0.03608919,0.5841796,0.2946161,-0.04042162,0.448128,0.6029569,-0.06647956,1.133536,0.6436411,-0.06563395,0.3274917,0.9898416,False,0,1,3
6/25/2025 12:05:30 PM,1750845930657,Right,-0.01762152,0.5922928,0.2630247,0.001573801,0.4841448,0.6553124,-0.04309335,0.5726386,0.3053977,-0.03742645,0.4356599,0.6011946,-0.06603312,1.123022,0.646579,-0.04898363,0.3036485,0.9965632,False,0,1,3
6/25/2025 12:05:30 PM,1750845930684,Right,-0.03641844,0.5704004,0.2941695,-0.005688906,0.4758674,0.6643236,-0.05858983,0.5518227,0.3313665,-0.04295773,0.421544,0.608487,-0.06763387,1.106138,0.6512374,-0.03778578,0.2796053,1.020979,False,0,1,3
6/25/2025 12:05:30 PM,1750845930699,Right,-0.04605103,0.5604264,0.3121002,-0.01023364,0.4752055,0.6745476,-0.06671696,0.5422285,0.3460301,-0.04886515,0.4170851,0.6173728,-0.06910539,1.099752,0.6534206,-0.03873734,0.2754208,1.0375,False,0,1,3
6/25/2025 12:05:30 PM,1750845930712,Right,-0.05557084,0.5515389,0.3321424,-0.01509595,0.4765654,0.6878068,-0.07482625,0.5343732,0.3623756,-0.05513554,0.4149989,0.6288806,-0.07102287,1.094448,0.6554959,-0.04061196,0.275477,1.056567,False,0,1,3
6/25/2025 12:05:30 PM,1750845930740,Right,-0.07334328,0.5369938,0.375096,-0.02572441,0.4832278,0.7151104,-0.09033801,0.5223424,0.398419,-0.0681476,0.4150444,0.6539309,-0.07650149,1.087315,0.6593364,-0.04630996,0.2802289,1.098092,False,0,1,3
6/25/2025 12:05:30 PM,1750845930753,Right,-0.08228171,0.5324132,0.398827,-0.03340447,0.4887595,0.7277418,-0.09796798,0.5189753,0.4172532,-0.075899,0.4167528,0.6643372,-0.08013964,1.08643,0.661656,-0.05174305,0.2807393,1.118115,False,0,1,3
6/25/2025 12:05:30 PM,1750845930781,Right,-0.1006721,0.5260658,0.446,-0.04943931,0.4969082,0.7489958,-0.1142778,0.5142493,0.45651,-0.09283106,0.4195652,0.6835674,-0.0867784,1.085885,0.6659197,-0.0633775,0.2745199,1.156538,False,0,1,3
6/25/2025 12:05:30 PM,1750845930796,Right,-0.1106762,0.5293366,0.4746587,-0.06347358,0.5035722,0.7594707,-0.121726,0.5170615,0.4764989,-0.1022231,0.426571,0.6890955,-0.0904876,1.089259,0.6686299,-0.07211933,0.2723572,1.174896,False,0,1,3
6/25/2025 12:05:30 PM,1750845930823,Right,-0.129429,0.5411867,0.527455,-0.09563065,0.5152685,0.780287,-0.137017,0.5266094,0.5171914,-0.1213918,0.4430662,0.7041012,-0.09618568,1.099103,0.6733619,-0.09223709,0.2695681,1.211471,False,0,1,3
6/25/2025 12:05:30 PM,1750845930837,Right,-0.1373188,0.5529925,0.5512006,-0.1155416,0.5246263,0.7930436,-0.1439222,0.5362881,0.5365586,-0.1302016,0.4549248,0.7138792,-0.09914374,1.106545,0.6754545,-0.103345,0.2723601,1.228509,False,0,1,3
6/25/2025 12:05:30 PM,1750845930851,Right,-0.1449454,0.5626589,0.5728886,-0.1338174,0.533011,0.8060517,-0.1523166,0.5466123,0.5590277,-0.1406026,0.4664678,0.728258,-0.1025882,1.114107,0.6778131,-0.117418,0.2742132,1.247999,False,0,1,3
6/25/2025 12:05:30 PM,1750845930879,Right,-0.1603622,0.5848408,0.6095279,-0.1742463,0.5519364,0.8331401,-0.1669999,0.5682876,0.5909876,-0.1593397,0.4872793,0.7518954,-0.1115372,1.13119,0.6813524,-0.1474358,0.2789822,1.273644,False,0,1,3
6/25/2025 12:05:30 PM,1750845930893,Right,-0.1680872,0.5963998,0.6240159,-0.196099,0.5623947,0.8463244,-0.1742017,0.5787407,0.6037965,-0.1689026,0.4960428,0.7629906,-0.1165476,1.140821,0.6830199,-0.1647971,0.2805612,1.28284,False,0,1,3
6/25/2025 12:05:30 PM,1750845930920,Right,-0.1826924,0.6176215,0.6496344,-0.2390094,0.5826637,0.8700266,-0.1879514,0.6007507,0.6234037,-0.1891702,0.5119874,0.7847049,-0.1270654,1.160593,0.6858504,-0.2071258,0.286019,1.294728,False,0,1,3
6/25/2025 12:05:30 PM,1750845930934,Right,-0.1884971,0.6288899,0.6565992,-0.262508,0.5950898,0.8801053,-0.1936433,0.6115973,0.6288823,-0.1985105,0.5187215,0.7948896,-0.1333308,1.171757,0.6863705,-0.2277864,0.2921648,1.297386,False,0,1,3
6/25/2025 12:05:30 PM,1750845930962,Right,-0.1951559,0.64874,0.6650019,-0.3093833,0.6279817,0.8953269,-0.2046703,0.6309795,0.6432378,-0.2195813,0.5323613,0.8162838,-0.147186,1.194517,0.6861273,-0.2773674,0.3069418,1.306423,False,0,1,3
6/25/2025 12:05:30 PM,1750845930976,Right,-0.1983488,0.6585684,0.6695281,-0.3316181,0.6453001,0.901619,-0.20619,0.6429317,0.6400161,-0.2278413,0.5381895,0.8252488,-0.1544838,1.206032,0.6853838,-0.2995793,0.3218934,1.302068,False,0,1,3
6/25/2025 12:05:31 PM,1750845931004,Right,-0.2061851,0.680402,0.6755302,-0.3751411,0.6784213,0.9124095,-0.2151968,0.6646072,0.643338,-0.2521149,0.5541083,0.8448588,-0.1701764,1.228322,0.6821069,-0.3529762,0.3548192,1.302996,False,0,1,3
6/25/2025 12:05:31 PM,1750845931018,Right,-0.2103599,0.691962,0.6769652,-0.3960586,0.695379,0.9146857,-0.2203652,0.6761441,0.6446972,-0.2657952,0.5640208,0.8534212,-0.1780977,1.238827,0.6794348,-0.3809765,0.3738544,1.302668,False,0,1,3
6/25/2025 12:05:31 PM,1750845931032,Right,-0.2144585,0.7031459,0.6779597,-0.4160395,0.711642,0.9167237,-0.225068,0.6871871,0.644169,-0.2800256,0.5739288,0.8602478,-0.1855841,1.249157,0.6763756,-0.4097585,0.3938466,1.299868,False,0,1,3
6/25/2025 12:05:31 PM,1750845931059,Right,-0.2195708,0.7225323,0.672452,-0.4474292,0.7418009,0.912468,-0.2319479,0.7064748,0.6382118,-0.3076348,0.5940586,0.866179,-0.1995344,1.268215,0.6686206,-0.4666868,0.434959,1.28727,False,0,1,3
6/25/2025 12:05:31 PM,1750845931073,Right,-0.2211556,0.7306949,0.6702967,-0.4571106,0.755492,0.9062877,-0.2344957,0.7147326,0.6356529,-0.3197128,0.6055831,0.8647654,-0.2058973,1.276541,0.6643761,-0.4943057,0.4553073,1.280089,False,0,1,3
6/25/2025 12:05:31 PM,1750845931101,Right,-0.2207696,0.7433721,0.6642913,-0.4712429,0.7778097,0.8931351,-0.2364648,0.7279415,0.6291849,-0.342584,0.6269553,0.8593318,-0.2173235,1.291144,0.656129,-0.5498916,0.4964352,1.26027,False,0,1,3
6/25/2025 12:05:31 PM,1750845931115,Right,-0.2179142,0.7470992,0.6595218,-0.475148,0.7842821,0.887027,-0.2352262,0.7325138,0.6244841,-0.3525358,0.6358428,0.8552476,-0.2225524,1.297688,0.6517025,-0.5753924,0.5160875,1.247017,False,0,1,3
6/25/2025 12:05:31 PM,1750845931143,Right,-0.2116019,0.75077,0.6491897,-0.4777212,0.7931097,0.8785901,-0.2318235,0.7386274,0.6145571,-0.3726224,0.6538768,0.845088,-0.2307882,1.309502,0.6433965,-0.625745,0.5598744,1.21703,False,0,1,3
6/25/2025 12:05:31 PM,1750845931157,Right,-0.2081006,0.7502765,0.6425675,-0.4734464,0.7955329,0.8738785,-0.2300099,0.7403591,0.6089996,-0.375346,0.6599271,0.8400025,-0.2338531,1.314308,0.6397898,-0.6333799,0.5742407,1.208831,False,0,1,3
6/25/2025 12:05:31 PM,1750845931171,Right,-0.2043905,0.7484013,0.6344599,-0.465676,0.7970555,0.8690786,-0.2275875,0.7397777,0.6022785,-0.3695192,0.6610627,0.8348653,-0.2366143,1.318448,0.6364719,-0.6230258,0.5776265,1.208443,False,0,1,3
6/25/2025 12:05:31 PM,1750845931198,Right,-0.1963193,0.7410989,0.6132073,-0.4437119,0.7967816,0.8599534,-0.2225209,0.7370566,0.586105,-0.3582281,0.6624335,0.8242418,-0.2406734,1.324739,0.6309172,-0.6006548,0.5861822,1.206066,False,0,1,3
6/25/2025 12:05:31 PM,1750845931212,Right,-0.1915674,0.7351401,0.5998744,-0.430599,0.7948683,0.8557906,-0.2196118,0.7343883,0.5771893,-0.3513452,0.6613727,0.8181891,-0.2417195,1.326859,0.6288462,-0.5871304,0.5878497,1.20453,False,0,1,3
6/25/2025 12:05:31 PM,1750845931240,Right,-0.1801583,0.7236617,0.5724981,-0.4001849,0.7868902,0.8464234,-0.2115403,0.727591,0.5561362,-0.3340835,0.6577405,0.8047102,-0.2411877,1.328102,0.6259232,-0.5531696,0.5904087,1.200008,False,0,1,3
6/25/2025 12:05:31 PM,1750845931254,Right,-0.1734505,0.7185188,0.5585495,-0.38357,0.781225,0.8404088,-0.2065528,0.7239846,0.5455279,-0.3239925,0.6550297,0.7977918,-0.2398676,1.327576,0.624754,-0.5339645,0.5897039,1.197349,False,0,1,3
6/25/2025 12:05:31 PM,1750845931281,Right,-0.158356,0.7075661,0.5278199,-0.3435209,0.7627478,0.8244817,-0.1940954,0.7153245,0.5213708,-0.2969843,0.6448617,0.7756659,-0.2348473,1.323146,0.6235495,-0.4870636,0.5749436,1.188126,False,0,1,3
6/25/2025 12:05:31 PM,1750845931296,Right,-0.1508983,0.7023069,0.5114875,-0.3220279,0.7513272,0.8150198,-0.1873676,0.7105401,0.5082685,-0.2826478,0.638176,0.7630823,-0.2311685,1.319403,0.6235118,-0.4617721,0.5640737,1.181581,False,0,1,3
6/25/2025 12:05:31 PM,1750845931324,Right,-0.1350198,0.6924587,0.4766784,-0.2768776,0.7252735,0.7925899,-0.1718062,0.6999583,0.4781027,-0.2504738,0.6218928,0.7333624,-0.2225519,1.310068,0.6239685,-0.4044896,0.536078,1.163013,False,0,1,3
6/25/2025 12:05:31 PM,1750845931338,Right,-0.1261405,0.6877276,0.4580561,-0.2525358,0.7106423,0.7789016,-0.1635828,0.6946828,0.4628761,-0.2341713,0.6131821,0.7178333,-0.2179815,1.30463,0.6247057,-0.3756221,0.520395,1.151907,False,0,1,3
6/25/2025 12:05:31 PM,1750845931351,Right,-0.1177981,0.6831213,0.4399499,-0.229318,0.6971909,0.7652099,-0.1546546,0.689007,0.4462509,-0.2167171,0.6035841,0.7013211,-0.2128057,1.298755,0.6253048,-0.3441814,0.5034323,1.138885,False,0,1,3
6/25/2025 12:05:31 PM,1750845931379,Right,-0.101578,0.6747759,0.4005839,-0.1807544,0.6685818,0.7314341,-0.1378078,0.6781122,0.412614,-0.1812254,0.5839587,0.664293,-0.2008049,1.285104,0.6281042,-0.2785221,0.4650249,1.108957,False,0,1,3
6/25/2025 12:05:31 PM,1750845931393,Right,-0.09342933,0.6707916,0.3804095,-0.1567893,0.6545202,0.7118336,-0.1308276,0.6736165,0.3984618,-0.1658866,0.575249,0.6485991,-0.1944225,1.277674,0.6298972,-0.2489117,0.4476644,1.094954,False,0,1,3
6/25/2025 12:05:31 PM,1750845931421,Right,-0.07511163,0.662016,0.3389329,-0.111877,0.627646,0.666697,-0.1134029,0.662534,0.3652205,-0.1300872,0.5542505,0.6072433,-0.1815054,1.261839,0.632326,-0.1820948,0.4023535,1.05637,False,0,1,3
6/25/2025 12:05:31 PM,1750845931435,Right,-0.06574845,0.6574758,0.3186129,-0.09093308,0.6154462,0.6455957,-0.1039598,0.6565504,0.3480206,-0.1153132,0.5453003,0.5877253,-0.1748834,1.253598,0.6330209,-0.1581577,0.3862383,1.036566,False,0,1,3
6/25/2025 12:05:31 PM,1750845931463,Right,-0.0467416,0.6494141,0.2764668,-0.05488133,0.5958777,0.6001403,-0.08597293,0.6457729,0.3143008,-0.08959333,0.5302132,0.5500101,-0.1609764,1.236484,0.6330062,-0.1189897,0.3601388,0.9979843,False,0,1,3
6/25/2025 12:05:31 PM,1750845931477,Right,-0.03815317,0.6459785,0.2559228,-0.03974533,0.5874007,0.5793552,-0.07772985,0.6406772,0.297946,-0.07807645,0.5230154,0.5331888,-0.1543939,1.227846,0.6329007,-0.1016352,0.3494006,0.9796253,False,0,1,3
6/25/2025 12:05:31 PM,1750845931504,Right,-0.02342844,0.641354,0.2165638,-0.01942325,0.5754278,0.5442252,-0.06351709,0.6327206,0.2661521,-0.06155535,0.5116685,0.5045763,-0.1419499,1.211783,0.6318748,-0.08181427,0.3368888,0.9460409,False,0,1,3
6/25/2025 12:05:31 PM,1750845931518,Right,-0.01702094,0.6396687,0.1981928,-0.00943327,0.5697161,0.5291065,-0.05724311,0.6292233,0.2513579,-0.05485271,0.5066951,0.4926714,-0.13621,1.204058,0.6313878,-0.07493493,0.3331124,0.9311413,False,0,1,3
6/25/2025 12:05:31 PM,1750845931532,Right,-0.01281035,0.6393382,0.1825162,-0.005762815,0.5671945,0.5191523,-0.05208062,0.6263832,0.2379258,-0.04884061,0.5021877,0.4832836,-0.1309493,1.196998,0.6306252,-0.06804958,0.3308688,0.9180114,False,0,1,3
6/25/2025 12:05:31 PM,1750845931560,Right,-0.006369591,0.638011,0.1543889,0.003652096,0.5600446,0.4993737,-0.04563008,0.6219731,0.2157299,-0.04165829,0.4951366,0.468753,-0.1207502,1.183758,0.6284634,-0.06043511,0.3288407,0.8968718,False,0,1,3
6/25/2025 12:05:31 PM,1750845931574,Right,-0.005502224,0.6372705,0.143922,0.004427075,0.5583006,0.4941099,-0.04308295,0.6195987,0.2058668,-0.03890131,0.4910136,0.4632702,-0.1159819,1.178292,0.6273055,-0.05758704,0.3273729,0.8874046,False,0,1,3
6/25/2025 12:05:31 PM,1750845931601,Right,-0.004720092,0.6341505,0.1263349,0.004719257,0.554646,0.4878482,-0.04178022,0.6149176,0.1926852,-0.03722525,0.4845443,0.4586312,-0.1080989,1.169248,0.6254559,-0.05580427,0.3277203,0.8763672,False,0,1,3
6/25/2025 12:05:31 PM,1750845931615,Right,-0.005722523,0.6316001,0.1224012,0.003479958,0.5532799,0.4877193,-0.04148304,0.6122234,0.1884595,-0.03694108,0.4818351,0.4584472,-0.1044903,1.166042,0.6244369,-0.0557059,0.3290431,0.873811,False,0,1,3
6/25/2025 12:05:31 PM,1750845931643,Right,-0.006786466,0.6246729,0.1169518,-0.001318336,0.550445,0.4931359,-0.041278,0.6058379,0.184687,-0.03743771,0.4769954,0.4630743,-0.09732234,1.161097,0.622997,-0.05763368,0.3338824,0.8745223,False,0,1,3
6/25/2025 12:05:31 PM,1750845931657,Right,-0.007831931,0.6197258,0.1188545,-0.005092621,0.5484234,0.4982067,-0.0411645,0.6021312,0.1851624,-0.03836306,0.4753318,0.466827,-0.09381723,1.159694,0.6226218,-0.06031825,0.3372956,0.8776906,False,0,1,3
6/25/2025 12:05:31 PM,1750845931671,Right,-0.009408593,0.6141887,0.1233313,-0.009888172,0.5458161,0.5044838,-0.04159372,0.5987397,0.1880004,-0.04052175,0.4740957,0.4727493,-0.09019268,1.158528,0.6227007,-0.06521397,0.3409943,0.8830612,False,0,1,3
6/25/2025 12:05:31 PM,1750845931699,Right,-0.01441407,0.6026536,0.1360542,-0.02155137,0.5397267,0.5192133,-0.04378112,0.5912625,0.1967388,-0.04751034,0.4718197,0.4835233,-0.08346701,1.157437,0.6219324,-0.07886933,0.3461996,0.8958905,False,0,1,3
6/25/2025 12:05:31 PM,1750845931712,Right,-0.01838517,0.5961508,0.1467639,-0.02904963,0.5357506,0.5303344,-0.04553045,0.5875388,0.2027699,-0.05104563,0.4697432,0.4906755,-0.08011198,1.157402,0.6208919,-0.08449265,0.3471482,0.9033371,False,0,1,3
6/25/2025 12:05:31 PM,1750845931741,Right,-0.02770936,0.5828875,0.1741678,-0.04355657,0.528114,0.5542004,-0.05011807,0.5803014,0.2185706,-0.05831293,0.4668328,0.5041759,-0.07392514,1.157765,0.6196007,-0.09450434,0.3478361,0.9214858,False,0,1,3
6/25/2025 12:05:31 PM,1750845931754,Right,-0.03260052,0.5765082,0.1901091,-0.0519377,0.5248303,0.5698965,-0.05265681,0.5766633,0.2277399,-0.06223591,0.4650011,0.5138107,-0.07091439,1.15792,0.6188589,-0.09993136,0.3487461,0.931955,False,0,1,3
6/25/2025 12:05:31 PM,1750845931782,Right,-0.0422256,0.5653211,0.2267424,-0.06841016,0.5198963,0.6019398,-0.0580819,0.5696653,0.2496692,-0.07137546,0.4627317,0.5332549,-0.06522512,1.158816,0.6177844,-0.1137087,0.3506158,0.9560848,False,0,1,3
6/25/2025 12:05:31 PM,1750845931796,Right,-0.04698265,0.5606358,0.2459704,-0.07706916,0.5174342,0.6183895,-0.06086673,0.5666266,0.2618451,-0.07611739,0.461189,0.5432516,-0.06285727,1.159171,0.6167806,-0.1210388,0.3494467,0.9684654,False,0,1,3
6/25/2025 12:05:31 PM,1750845931810,Right,-0.0524466,0.5577122,0.2700495,-0.0864234,0.5158274,0.6372602,-0.064031,0.5637963,0.2763006,-0.08114376,0.4593106,0.5544693,-0.0603838,1.159031,0.61607,-0.1287056,0.3464236,0.9824637,False,0,1,3
6/25/2025 12:05:31 PM,1750845931837,Right,-0.0627749,0.5534084,0.3137594,-0.1042812,0.5148197,0.6746976,-0.07042388,0.559437,0.3058986,-0.0909006,0.4565594,0.5787162,-0.05625868,1.158713,0.6147169,-0.1434361,0.3418626,1.011186,False,0,1,3
6/25/2025 12:05:31 PM,1750845931851,Right,-0.06811142,0.5530902,0.337255,-0.1129026,0.5159457,0.6940012,-0.07420735,0.5579263,0.3237508,-0.09609309,0.4555637,0.5933084,-0.05417466,1.158434,0.6140715,-0.1508523,0.3390805,1.028259,False,0,1,3
6/25/2025 12:05:31 PM,1750845931879,Right,-0.07777166,0.5575907,0.3853946,-0.1277262,0.5220437,0.7306463,-0.0811367,0.5573226,0.3584672,-0.1049299,0.4548788,0.6188022,-0.05021834,1.15766,0.6136281,-0.163387,0.3307337,1.059889,False,0,1,3
6/25/2025 12:05:31 PM,1750845931893,Right,-0.08177078,0.5618993,0.4079664,-0.1339301,0.5258552,0.747304,-0.08472124,0.5581846,0.3777451,-0.1092377,0.4551337,0.6331359,-0.04881859,1.157247,0.6131828,-0.1693745,0.3258561,1.077,False,0,1,3
6/25/2025 12:05:31 PM,1750845931920,Right,-0.08980334,0.5717883,0.4510875,-0.1435367,0.5348961,0.7775693,-0.09231699,0.5630651,0.4202965,-0.1168166,0.4583839,0.6643193,-0.04661036,1.156098,0.6123126,-0.1782582,0.316076,1.11435,False,0,1,3
6/25/2025 12:05:31 PM,1750845931934,Right,-0.09368253,0.5780845,0.4707255,-0.146669,0.5398148,0.7904754,-0.09624255,0.56692,0.4419608,-0.1200681,0.461264,0.6798099,-0.04586554,1.155568,0.6120898,-0.1809398,0.3112682,1.133024,False,0,1,3
6/25/2025 12:05:31 PM,1750845931963,Right,-0.1008691,0.5889977,0.5010315,-0.1502699,0.54939,0.8108373,-0.1057806,0.5787519,0.4890435,-0.1271122,0.4704672,0.7166665,-0.04430985,1.154741,0.6122433,-0.1831712,0.3055938,1.174241,False,0,1,3
6/25/2025 12:05:31 PM,1750845931977,Right,-0.1034331,0.5938528,0.5135669,-0.1492212,0.554034,0.8167906,-0.1080691,0.5821638,0.5005305,-0.127609,0.4735993,0.7221237,-0.04371595,1.154512,0.6126286,-0.1800783,0.3012799,1.183186,False,0,1,3
6/25/2025 12:05:31 PM,1750845931990,Right,-0.1041813,0.5982674,0.5235679,-0.1472435,0.5582654,0.8218551,-0.1086236,0.5852522,0.5086516,-0.1263166,0.4764603,0.7246713,-0.04284167,1.15421,0.6131358,-0.1745553,0.2970381,1.188862,False,0,1,3
6/25/2025 12:05:32 PM,1750845932018,Right,-0.1027684,0.6034991,0.5389344,-0.1400502,0.5649285,0.8277254,-0.1075473,0.5890601,0.5221201,-0.1223763,0.4814073,0.7294599,-0.04101408,1.153394,0.6136982,-0.1639301,0.2925932,1.199636,False,0,1,3
6/25/2025 12:05:32 PM,1750845932032,Right,-0.1021863,0.6050929,0.5457488,-0.1361063,0.5672624,0.8294027,-0.1061375,0.5896892,0.5259063,-0.1195327,0.482899,0.7297759,-0.04002047,1.152954,0.6139058,-0.1578822,0.290743,1.202703,False,0,1,3
6/25/2025 12:05:32 PM,1750845932059,Right,-0.1007123,0.6051309,0.5498918,-0.1261983,0.5696459,0.827642,-0.1047302,0.5895303,0.5292639,-0.1145617,0.4843822,0.7278631,-0.03887975,1.152336,0.6141216,-0.1446763,0.2874351,1.205461,False,0,1,3
6/25/2025 12:05:32 PM,1750845932074,Right,-0.1016173,0.6049304,0.5506225,-0.1213207,0.5693817,0.8250523,-0.1052422,0.5894507,0.5307197,-0.11314,0.4849549,0.7261385,-0.03821945,1.15191,0.6145663,-0.1388034,0.2844812,1.205973,False,0,1,3
6/25/2025 12:05:32 PM,1750845932101,Right,-0.1059947,0.6039229,0.5479586,-0.1119304,0.5687498,0.8201008,-0.1081328,0.5886612,0.5300313,-0.1108436,0.4847174,0.7222144,-0.03718162,1.150991,0.6153064,-0.1236237,0.2803106,1.204405,False,0,1,3
6/25/2025 12:05:32 PM,1750845932116,Right,-0.1083698,0.6035815,0.546338,-0.1070838,0.5684965,0.8171012,-0.1098397,0.5880789,0.5275584,-0.1095438,0.4841859,0.7196917,-0.0366261,1.15047,0.6157119,-0.114847,0.279758,1.202105,False,0,1,3
6/25/2025 12:05:32 PM,1750845932144,Right,-0.1117511,0.6013595,0.5379026,-0.09661031,0.5667978,0.8067012,-0.1129398,0.5861539,0.5209342,-0.1073098,0.4826402,0.7115895,-0.03543663,1.149379,0.6170671,-0.09941284,0.2767721,1.194878,False,0,1,3
6/25/2025 12:05:32 PM,1750845932157,Right,-0.1117994,0.5994868,0.5319412,-0.09177232,0.5652578,0.7998672,-0.1128515,0.5848148,0.5166587,-0.1054064,0.4815109,0.7069778,-0.0350287,1.14868,0.6175935,-0.0930942,0.2755746,1.190513,False,0,1,3
6/25/2025 12:05:32 PM,1750845932171,Right,-0.1107352,0.5972543,0.5247663,-0.08731806,0.5630423,0.7918372,-0.1121705,0.5832731,0.511702,-0.1034871,0.4803481,0.7016501,-0.03480601,1.14807,0.6181972,-0.0882479,0.2745646,1.185666,False,0,1,3
6/25/2025 12:05:32 PM,1750845932199,Right,-0.1071832,0.591822,0.5077674,-0.07902145,0.5578455,0.7748635,-0.1095541,0.5793138,0.4990015,-0.1005826,0.4763599,0.6893281,-0.03465033,1.14684,0.6193261,-0.08491166,0.2710757,1.173154,False,0,1,3
6/25/2025 12:05:32 PM,1750845932213,Right,-0.1041101,0.5873616,0.4941272,-0.07547855,0.5536636,0.7630281,-0.1078659,0.5769396,0.4913093,-0.09841361,0.4736233,0.6833833,-0.03478217,1.146277,0.6201121,-0.08190991,0.2703002,1.166142,False,0,1,3
6/25/2025 12:05:32 PM,1750845932241,Right,-0.09940076,0.5784765,0.4669131,-0.06887603,0.5458875,0.7402487,-0.104396,0.5713317,0.4730259,-0.09385098,0.4683795,0.668938,-0.03473425,1.145026,0.6215581,-0.07573922,0.2712186,1.150677,False,0,1,3
6/25/2025 12:05:32 PM,1750845932255,Right,-0.0967629,0.5730003,0.4494915,-0.06606317,0.5415138,0.7275194,-0.1026893,0.5682093,0.4627027,-0.09153115,0.4656177,0.6613078,-0.03459024,1.144384,0.6222727,-0.07279575,0.2728362,1.14238,False,0,1,3
6/25/2025 12:05:32 PM,1750845932282,Right,-0.09120691,0.562456,0.4124757,-0.06098008,0.5325695,0.6992509,-0.09883868,0.5613807,0.4383611,-0.08691643,0.4592941,0.6460266,-0.03378654,1.142778,0.6235266,-0.06919781,0.2793846,1.123708,False,0,1,3
6/25/2025 12:05:32 PM,1750845932296,Right,-0.08817863,0.5576585,0.3922765,-0.05843472,0.5284536,0.684441,-0.09678504,0.5580775,0.4254416,-0.08470306,0.456876,0.6374952,-0.03318393,1.14176,0.6239091,-0.06820374,0.283879,1.11399,False,0,1,3
6/25/2025 12:05:32 PM,1750845932324,Right,-0.08243442,0.5506548,0.3518786,-0.05360126,0.5214075,0.6534081,-0.09209476,0.5516974,0.395149,-0.08010423,0.4533665,0.6175351,-0.03195214,1.139359,0.6246011,-0.06782247,0.2969149,1.091279,False,0,1,3
6/25/2025 12:05:32 PM,1750845932338,Right,-0.07975459,0.5488603,0.3287643,-0.05215049,0.5178787,0.6369728,-0.08970068,0.5490739,0.3783039,-0.07799774,0.4506757,0.6057584,-0.03127408,1.137954,0.6246098,-0.06870663,0.2994002,1.076389,False,0,1,3
6/25/2025 12:05:32 PM,1750845932352,Right,-0.07743716,0.5466937,0.3079665,-0.05057681,0.5144483,0.621146,-0.08747856,0.5468758,0.361084,-0.07596511,0.4478027,0.593358,-0.03070521,1.136605,0.6245519,-0.06945864,0.300232,1.060328,False,0,1,3
6/25/2025 12:05:32 PM,1750845932379,Right,-0.0741154,0.5465987,0.2632301,-0.0473206,0.5096301,0.588267,-0.08347029,0.5437723,0.3232066,-0.07167107,0.4420217,0.5647967,-0.02928138,1.133218,0.6238326,-0.06967263,0.2989244,1.023178,False,0,1,3
6/25/2025 12:05:32 PM,1750845932393,Right,-0.07265806,0.5472608,0.2414826,-0.04561639,0.5078817,0.5726093,-0.08173221,0.5432267,0.3023962,-0.06964272,0.439822,0.5489617,-0.02857625,1.131445,0.6232544,-0.06978466,0.2985795,1.002471,False,0,1,3
6/25/2025 12:05:32 PM,1750845932421,Right,-0.07012343,0.551662,0.1976429,-0.04311609,0.5063039,0.5434232,-0.07834759,0.5439395,0.2578029,-0.06556649,0.4379795,0.5159293,-0.02660632,1.127627,0.6215763,-0.06847372,0.3033758,0.9593239,False,0,1,3
6/25/2025 12:05:32 PM,1750845932435,Right,-0.06882167,0.5542626,0.1765594,-0.04282939,0.5050417,0.5308821,-0.0765802,0.5455287,0.2339228,-0.06399618,0.437964,0.4992674,-0.02537298,1.125759,0.6205305,-0.06900585,0.3075404,0.9363502,False,0,1,3
6/25/2025 12:05:32 PM,1750845932463,Right,-0.06628537,0.5611305,0.1362432,-0.0427469,0.5030466,0.509711,-0.07394382,0.5493533,0.1989516,-0.06097877,0.4362329,0.4789353,-0.02282596,1.121913,0.6177442,-0.06857392,0.3113484,0.9013938,False,0,1,3
6/25/2025 12:05:32 PM,1750845932476,Right,-0.06492352,0.5646814,0.1172068,-0.0423007,0.5026514,0.5003037,-0.0725869,0.551312,0.1833286,-0.05975061,0.4357498,0.4714922,-0.02130747,1.120106,0.6162034,-0.06905968,0.3147132,0.8862572,False,0,1,3
6/25/2025 12:05:32 PM,1750845932505,Right,-0.06191874,0.5734615,0.08229458,-0.04136956,0.5032585,0.4870126,-0.06956709,0.5563042,0.154256,-0.05749327,0.437066,0.4600506,-0.01821172,1.116665,0.6121963,-0.07080831,0.3255717,0.8591397,False,0,1,3
6/25/2025 12:05:32 PM,1750845932518,Right,-0.06029868,0.5779873,0.06464601,-0.04112005,0.5030587,0.4809537,-0.06792098,0.5592036,0.1399206,-0.05640531,0.4382711,0.4564373,-0.01670015,1.115129,0.6099241,-0.07197677,0.3327982,0.8461955,False,0,1,3
6/25/2025 12:05:32 PM,1750845932532,Right,-0.05881107,0.582022,0.0487802,-0.04125583,0.5029804,0.4777176,-0.06645876,0.5616841,0.1267276,-0.05582323,0.4400737,0.4536014,-0.01505685,1.113753,0.6075388,-0.07395275,0.3408979,0.8347511,False,0,1,3
6/25/2025 12:05:32 PM,1750845932559,Right,-0.05617797,0.5894831,0.02246225,-0.04169512,0.5028422,0.4752344,-0.06370505,0.566459,0.1050723,-0.05484436,0.4443326,0.4531339,-0.01189148,1.111943,0.6028821,-0.07780435,0.3576187,0.8166108,False,0,1,3
6/25/2025 12:05:32 PM,1750845932573,Right,-0.05473137,0.5926672,0.0102669,-0.04201198,0.5026716,0.475399,-0.06217135,0.5684901,0.09477419,-0.05418726,0.4463695,0.4536231,-0.01000941,1.111284,0.6001729,-0.07910655,0.3658686,0.8080468,False,0,1,3
6/25/2025 12:05:32 PM,1750845932601,Right,-0.05102229,0.5978175,-0.01352143,-0.04298878,0.502739,0.4835428,-0.05885371,0.5721875,0.07265705,-0.05222489,0.4494123,0.4579153,-0.006422997,1.11036,0.5947003,-0.08043693,0.3825357,0.7893623,False,0,1,3
6/25/2025 12:05:32 PM,1750845932615,Right,-0.04781055,0.5990592,-0.02109802,-0.04480612,0.5016801,0.4843426,-0.05558735,0.5728197,0.06808132,-0.05140791,0.4517247,0.4616473,-0.004772663,1.110801,0.5921682,-0.08236216,0.3898917,0.7863574,False,0,1,3
6/25/2025 12:05:32 PM,1750845932643,Right,-0.04266679,0.6025237,-0.03949261,-0.04689074,0.5010118,0.4889389,-0.05169759,0.5750673,0.05414564,-0.05321816,0.4589783,0.4689423,-0.001164436,1.111053,0.5868229,-0.09000549,0.4093786,0.7760735,False,0,1,3
6/25/2025 12:05:32 PM,1750845932656,Right,-0.0403713,0.6046465,-0.05021477,-0.04779768,0.5007021,0.4905202,-0.04941573,0.5763968,0.04614493,-0.05411747,0.4638176,0.4720397,0.0004799366,1.1113,0.5843971,-0.09374066,0.4205044,0.769908,False,0,1,3
6/25/2025 12:05:32 PM,1750845932684,Right,-0.03186059,0.6003259,-0.03377426,-0.05271149,0.5003562,0.5077807,-0.04112197,0.5746299,0.05420381,-0.05610019,0.4663747,0.4821898,0.004027605,1.113251,0.579097,-0.1029831,0.4264052,0.7782913,False,0,1,3
6/25/2025 12:05:32 PM,1750845932698,Right,-0.02811527,0.5990528,-0.02937877,-0.05415726,0.5004971,0.5130199,-0.03848094,0.5739301,0.05745015,-0.0572994,0.4668784,0.4853777,0.005490065,1.113897,0.5764521,-0.1071067,0.4273883,0.7812707,False,0,1,3
6/25/2025 12:05:32 PM,1750845932712,Right,-0.02318072,0.597689,-0.02404404,-0.05552602,0.5006418,0.5180097,-0.03453171,0.5731891,0.06118324,-0.05790138,0.4671789,0.4889205,0.006850481,1.114621,0.57406,-0.1112843,0.4278736,0.7844346,False,0,1,3
6/25/2025 12:05:32 PM,1750845932740,Right,-0.01141596,0.5957416,-0.01090491,-0.05806792,0.5011243,0.5282829,-0.02477487,0.5721505,0.07062026,-0.05836378,0.467167,0.4961032,0.009291172,1.116006,0.5694357,-0.1201713,0.4265382,0.7915895,False,0,1,3
6/25/2025 12:05:32 PM,1750845932754,Right,-0.006388187,0.5942547,0.001931667,-0.059057,0.5017051,0.5340749,-0.02094233,0.5715486,0.07787596,-0.05853404,0.4660396,0.4981371,0.0103786,1.116734,0.5674778,-0.1245356,0.4222464,0.7969569,False,0,1,3
6/25/2025 12:05:32 PM,1750845932781,Right,-0.0007612705,0.5906889,0.02262878,-0.06010938,0.5033345,0.5445343,-0.0143945,0.5693442,0.09624515,-0.05623956,0.4640487,0.5074911,0.01277184,1.118057,0.5633053,-0.1283379,0.4146329,0.812612,False,0,1,3
6/25/2025 12:05:32 PM,1750845932795,Right,0.001559019,0.588511,0.03267193,-0.06036401,0.504191,0.5495217,-0.01236654,0.5678154,0.1049175,-0.05375012,0.4636813,0.511628,0.01385307,1.118733,0.5612695,-0.1271799,0.4118151,0.8208658,False,0,1,3
6/25/2025 12:05:32 PM,1750845932824,Right,0.004754066,0.5836349,0.05278611,-0.05970228,0.5065384,0.5590349,-0.009399232,0.5647898,0.1203059,-0.05167338,0.4623067,0.5180463,0.01590943,1.120025,0.5577544,-0.129135,0.404876,0.8345824,False,0,1,3
6/25/2025 12:05:32 PM,1750845932837,Right,0.00541544,0.5810559,0.0607456,-0.05921078,0.5077427,0.5633072,-0.008706529,0.5631785,0.1263375,-0.05064074,0.4615196,0.5208795,0.01672745,1.120672,0.5560745,-0.1281766,0.4037407,0.8407649,False,0,1,3
6/25/2025 12:05:32 PM,1750845932851,Right,0.004965544,0.5780638,0.06681359,-0.05856013,0.5088221,0.566887,-0.008920345,0.5612555,0.1308566,-0.05095932,0.4607421,0.5230657,0.01745796,1.121243,0.5543983,-0.1287173,0.403346,0.8455687,False,0,1,3
6/25/2025 12:05:32 PM,1750845932879,Right,0.003212214,0.5714556,0.07269907,-0.05732203,0.5105749,0.5721569,-0.009822425,0.5570156,0.1354988,-0.05111325,0.4599431,0.5266827,0.01900923,1.122247,0.5516466,-0.1277875,0.4058999,0.8519822,False,0,1,3
6/25/2025 12:05:32 PM,1750845932893,Right,0.0005460978,0.5676488,0.07338893,-0.05670357,0.5113839,0.5743572,-0.01197811,0.5543721,0.1353151,-0.05238761,0.459277,0.52783,0.01984692,1.1226,0.5503894,-0.1277105,0.4079459,0.853135,False,0,1,3
6/25/2025 12:05:32 PM,1750845932921,Right,-0.01353264,0.5590381,0.07786131,-0.05496752,0.5127876,0.5777775,-0.02026982,0.5498234,0.1376381,-0.05568741,0.4597972,0.5290328,0.02071762,1.12339,0.5479254,-0.1261708,0.4132102,0.8589022,False,0,1,3
6/25/2025 12:05:32 PM,1750845932934,Right,-0.02104592,0.5554361,0.08237433,-0.05413139,0.5134717,0.5797652,-0.025655,0.5475803,0.1402054,-0.05710687,0.4601735,0.5294778,0.02131033,1.12387,0.5467755,-0.1251118,0.4139872,0.8629511,False,0,1,3
6/25/2025 12:05:32 PM,1750845932962,Right,-0.04734445,0.5511723,0.1090735,-0.05167842,0.514164,0.5813224,-0.03784019,0.545152,0.1500275,-0.05782926,0.462061,0.5203013,0.02238595,1.124578,0.5449498,-0.1189822,0.4098841,0.8747472,False,0,1,3
6/25/2025 12:05:32 PM,1750845932976,Right,-0.05211639,0.551011,0.1228946,-0.05079663,0.5142652,0.5821015,-0.04271857,0.5445917,0.1574161,-0.05717168,0.46194,0.5162789,0.02317309,1.124714,0.5440844,-0.1135353,0.4056967,0.8825321,False,0,1,3
6/25/2025 12:05:33 PM,1750845933003,Right,-0.04773295,0.5526536,0.1383342,-0.049191,0.5137829,0.5822372,-0.0484601,0.5444614,0.1778958,-0.05357439,0.4561219,0.5232222,0.02459931,1.12491,0.5425884,-0.09936534,0.3899083,0.9015132,False,0,1,3
6/25/2025 12:05:33 PM,1750845933018,Right,-0.04611969,0.5522208,0.1399578,-0.04875159,0.5134764,0.5816915,-0.04826058,0.5442722,0.1868841,-0.04989057,0.4506173,0.5290443,0.02509773,1.124933,0.5419589,-0.09087412,0.3788777,0.9086381,False,0,1,3
6/25/2025 12:05:33 PM,1750845933031,Right,-0.04702497,0.5519536,0.1383197,-0.048159,0.5128999,0.5807656,-0.04872366,0.5439585,0.1859275,-0.05035472,0.4502425,0.5283107,0.02558541,1.124702,0.5415308,-0.09077172,0.3792402,0.9078693,False,0,1,3
6/25/2025 12:05:33 PM,1750845933060,Right,-0.05724764,0.5508109,0.1456558,-0.04712296,0.5120826,0.5793267,-0.05303565,0.5435004,0.1885332,-0.05317046,0.4509639,0.5244314,0.02647793,1.124268,0.5405406,-0.09250685,0.3769054,0.9101897,False,0,1,3
6/25/2025 12:05:33 PM,1750845933073,Right,-0.06387758,0.5499727,0.1494864,-0.04589558,0.5111716,0.57803,-0.05647869,0.5430748,0.1907729,-0.05512644,0.4509476,0.5227924,0.02702451,1.124064,0.5401071,-0.09287008,0.37497,0.9122412,False,0,1,3
6/25/2025 12:05:33 PM,1750845933101,Right,-0.07719636,0.5492886,0.1565552,-0.04470003,0.5091261,0.5747268,-0.06579972,0.5421885,0.1962115,-0.06034242,0.4501786,0.5206208,0.02798748,1.123495,0.5388889,-0.09354573,0.3693328,0.916941,False,0,1,3
6/25/2025 12:05:33 PM,1750845933115,Right,-0.08580983,0.549688,0.1626239,-0.04441857,0.5079941,0.5730009,-0.07148864,0.5419837,0.1995503,-0.06358324,0.4500539,0.5186572,0.02840829,1.122961,0.5383979,-0.09352258,0.366192,0.9197669,False,0,1,3
6/25/2025 12:05:33 PM,1750845933142,Right,-0.0998261,0.5514813,0.1794887,-0.04471111,0.5055724,0.5692226,-0.08396877,0.5424895,0.2109737,-0.0705983,0.4506009,0.5140939,0.02946293,1.121965,0.5375808,-0.09161761,0.3575972,0.9292051,False,0,1,3
6/25/2025 12:05:33 PM,1750845933157,Right,-0.1054635,0.5526397,0.1884931,-0.0453887,0.5043476,0.5671072,-0.08984011,0.5430396,0.2184935,-0.0738861,0.4507353,0.5130624,0.03002071,1.12138,0.5373132,-0.08987061,0.35217,0.9352005,False,0,1,3
6/25/2025 12:05:33 PM,1750845933184,Right,-0.1179054,0.5540395,0.2012755,-0.04719615,0.5021389,0.5631827,-0.1044788,0.5440281,0.2348498,-0.08264199,0.4486192,0.5162202,0.03114939,1.119875,0.5365168,-0.08664903,0.3385253,0.9472758,False,0,1,3
6/25/2025 12:05:33 PM,1750845933199,Right,-0.1223561,0.5544729,0.2080674,-0.04866683,0.5008217,0.5614383,-0.1082629,0.5441383,0.2400922,-0.08344012,0.4468129,0.5144816,0.03127193,1.119171,0.5364078,-0.08061779,0.3299811,0.9496502,False,0,1,3
6/25/2025 12:05:33 PM,1750845933213,Right,-0.1272275,0.5550053,0.2159364,-0.0500921,0.4994031,0.5598698,-0.1119816,0.5442567,0.2463649,-0.08433031,0.4448955,0.5127465,0.0312078,1.118414,0.5362976,-0.07411699,0.3201179,0.9523593,False,0,1,3
6/25/2025 12:05:33 PM,1750845933240,Right,-0.1373073,0.5558314,0.2327877,-0.05318856,0.4967944,0.5570406,-0.1200419,0.5443981,0.26001,-0.08737782,0.4406376,0.5094406,0.03094149,1.116928,0.5362687,-0.061287,0.2975647,0.9569471,False,0,1,3
6/25/2025 12:05:33 PM,1750845933254,Right,-0.1427419,0.5560474,0.2406336,-0.05478835,0.4958026,0.5557603,-0.124427,0.5443373,0.2663001,-0.08924352,0.4379475,0.5076964,0.03075445,1.116221,0.5363356,-0.05433971,0.2849401,0.9576039,False,0,1,3
6/25/2025 12:05:33 PM,1750845933282,Right,-0.1530544,0.5569614,0.2557667,-0.05741096,0.493752,0.5529721,-0.1327001,0.544532,0.2784502,-0.09236595,0.4324073,0.5037159,0.03063893,1.114737,0.5365534,-0.0374494,0.2575138,0.9556857,False,0,1,3
6/25/2025 12:05:33 PM,1750845933296,Right,-0.1546834,0.5568854,0.2615334,-0.05964828,0.4932337,0.5521741,-0.1339821,0.5442032,0.2832135,-0.09387018,0.4311442,0.5024031,0.03074491,1.113818,0.5373037,-0.03365354,0.2492084,0.9562755,False,0,1,3
6/25/2025 12:05:33 PM,1750845933324,Right,-0.149672,0.5553608,0.2702444,-0.06320488,0.4927777,0.5517595,-0.1307956,0.542835,0.2906384,-0.0952819,0.4315942,0.5012838,0.03013802,1.112523,0.5386811,-0.03274856,0.2433698,0.9620605,False,0,1,3
6/25/2025 12:05:33 PM,1750845933338,Right,-0.1496611,0.5552956,0.2760612,-0.06471515,0.4926855,0.5515424,-0.1301414,0.5424824,0.2952569,-0.09630941,0.4320788,0.5010794,0.0298593,1.111792,0.5394092,-0.03396729,0.2387935,0.9650506,False,0,1,3
6/25/2025 12:05:33 PM,1750845933351,Right,-0.1490033,0.5558133,0.2819899,-0.06626105,0.492858,0.5514305,-0.1296941,0.5426241,0.3001635,-0.09744089,0.4328594,0.5008934,0.02946424,1.111056,0.5402275,-0.03503301,0.2336743,0.9677633,False,0,1,3
6/25/2025 12:05:33 PM,1750845933379,Right,-0.1466746,0.5564702,0.2917769,-0.06935668,0.4933403,0.5519991,-0.1279787,0.5427154,0.3081993,-0.09891679,0.4343508,0.5008832,0.02872705,1.109828,0.5412582,-0.03733353,0.2259743,0.9726981,False,0,1,3
6/25/2025 12:05:33 PM,1750845933393,Right,-0.1442499,0.5563074,0.2951034,-0.07095122,0.4934163,0.5528859,-0.1267284,0.5425285,0.3115389,-0.0993249,0.4349071,0.5010402,0.02815998,1.109337,0.5418581,-0.03906728,0.2229403,0.9750742,False,0,1,3
6/25/2025 12:05:33 PM,1750845933421,Right,-0.1378927,0.5558302,0.2993256,-0.07361937,0.4935036,0.5556114,-0.1215952,0.5419131,0.315034,-0.09799846,0.4353462,0.5023398,0.02678895,1.10852,0.5435584,-0.04584958,0.2211441,0.9794661,False,0,1,3
6/25/2025 12:05:33 PM,1750845933435,Right,-0.1346238,0.555571,0.3002005,-0.07409143,0.4934974,0.5572051,-0.1190145,0.5416285,0.3158159,-0.09684911,0.4353068,0.5032387,0.02610826,1.108248,0.5442951,-0.0483258,0.2214267,0.9810783,False,0,1,3
6/25/2025 12:05:33 PM,1750845933463,Right,-0.1288115,0.5550624,0.3020022,-0.0772469,0.4930761,0.5614641,-0.1145282,0.5412161,0.3174167,-0.09549629,0.4351391,0.5053717,0.02495813,1.108044,0.5454326,-0.05534839,0.2219043,0.9842284,False,0,1,3
6/25/2025 12:05:33 PM,1750845933476,Right,-0.1262596,0.5549119,0.3034798,-0.07927895,0.4927962,0.5641239,-0.1125251,0.5411128,0.3186474,-0.09526876,0.4349764,0.5073571,0.02453041,1.108108,0.5461116,-0.06007777,0.2224769,0.9863454,False,0,1,3
6/25/2025 12:05:33 PM,1750845933504,Right,-0.1221189,0.5547926,0.3068476,-0.08286512,0.492191,0.5697564,-0.1092913,0.5410711,0.3215136,-0.09495877,0.4346422,0.5116016,0.02372932,1.108223,0.5472896,-0.06836611,0.2232018,0.9903816,False,0,1,3
6/25/2025 12:05:33 PM,1750845933518,Right,-0.1204438,0.554598,0.3086834,-0.08428729,0.4920903,0.5725853,-0.1080985,0.5409291,0.3230444,-0.09485222,0.4344914,0.5138458,0.0232048,1.108242,0.5478582,-0.07148442,0.2239188,0.9925697,False,0,1,3
6/25/2025 12:05:33 PM,1750845933532,Right,-0.11917,0.5544543,0.3105805,-0.0856061,0.4919335,0.5759038,-0.1071125,0.5408804,0.3246999,-0.09481648,0.4343302,0.5163203,0.02274919,1.108346,0.5484695,-0.07414803,0.2246594,0.9947878,False,0,1,3
6/25/2025 12:05:33 PM,1750845933559,Right,-0.1163857,0.5540345,0.3154001,-0.08814621,0.491909,0.5824846,-0.1050984,0.5406625,0.3287577,-0.09470444,0.4341404,0.5215751,0.0217824,1.108612,0.5499293,-0.0790624,0.2260946,0.9999278,False,0,1,3
6/25/2025 12:05:33 PM,1750845933574,Right,-0.1150668,0.5536039,0.3182462,-0.08939672,0.4922386,0.5859272,-0.1041479,0.5403943,0.3312427,-0.09467013,0.4341974,0.5244321,0.02144957,1.108779,0.5505978,-0.0812107,0.2271914,1.003164,False,0,1,3
6/25/2025 12:05:33 PM,1750845933601,Right,-0.114516,0.5525115,0.3243008,-0.09140801,0.49371,0.5933356,-0.1038456,0.5397356,0.3363415,-0.09455291,0.4335754,0.5300457,0.02075791,1.109132,0.5518738,-0.08168659,0.2273575,1.008672,False,0,1,3
6/25/2025 12:05:33 PM,1750845933615,Right,-0.1148559,0.5521468,0.3281339,-0.09199834,0.4945796,0.5972252,-0.1042347,0.5395267,0.3395522,-0.09526044,0.4339332,0.533375,0.02016342,1.109277,0.5525494,-0.08294848,0.2288527,1.012701,False,0,1,3
6/25/2025 12:05:33 PM,1750845933643,Right,-0.115083,0.5514259,0.3371651,-0.09271407,0.4970388,0.6059959,-0.1045218,0.5391632,0.3469158,-0.09633844,0.4355851,0.5410247,0.01907539,1.109674,0.5539782,-0.08511677,0.2344162,1.022825,False,0,1,3
6/25/2025 12:05:33 PM,1750845933656,Right,-0.1155732,0.5510201,0.3419716,-0.09297204,0.4985077,0.6111351,-0.1051209,0.5388959,0.3510563,-0.09693874,0.4353333,0.545136,0.01861012,1.109813,0.5547644,-0.08571585,0.2341489,1.026965,False,0,1,3
6/25/2025 12:05:33 PM,1750845933671,Right,-0.1167767,0.5506659,0.34777,-0.09363055,0.4998446,0.6165311,-0.1059852,0.5387133,0.3556167,-0.09773666,0.4357264,0.5493305,0.01843345,1.110068,0.5553912,-0.08622769,0.2350131,1.031986,False,0,1,3
6/25/2025 12:05:33 PM,1750845933699,Right,-0.1190703,0.5510598,0.3603294,-0.09514856,0.503071,0.6276525,-0.1080893,0.5390502,0.3661401,-0.09970941,0.4372838,0.5588807,0.01775646,1.110235,0.5567524,-0.08726204,0.2373556,1.043375,False,0,1,3
6/25/2025 12:05:33 PM,1750845933713,Right,-0.1200323,0.5513281,0.3667346,-0.09599829,0.5048109,0.6336802,-0.1089506,0.5392647,0.3713786,-0.1004666,0.4379916,0.5638175,0.01729786,1.110324,0.5573242,-0.08733204,0.2385521,1.049025,False,0,1,3
6/25/2025 12:05:33 PM,1750845933741,Right,-0.1218029,0.5517212,0.3788195,-0.09687424,0.5099754,0.6476778,-0.1105292,0.5395718,0.3812212,-0.1015977,0.4393101,0.5752395,0.01648736,1.110431,0.5581975,-0.08647263,0.2440922,1.061084,False,0,1,3
6/25/2025 12:05:33 PM,1750845933754,Right,-0.1224129,0.5522388,0.3855219,-0.09556973,0.5144578,0.6566842,-0.1111518,0.5398606,0.3863373,-0.101751,0.4400615,0.582166,0.01616073,1.110625,0.5586166,-0.08506902,0.2483286,1.067827,False,0,1,3
6/25/2025 12:05:33 PM,1750845933782,Right,-0.1229595,0.5535094,0.3994424,-0.09302688,0.5244708,0.676811,-0.1116013,0.5410769,0.3979741,-0.1008709,0.4425431,0.5992857,0.01575351,1.111275,0.5594703,-0.08199324,0.2606134,1.083951,False,0,1,3
6/25/2025 12:05:33 PM,1750845933796,Right,-0.1230135,0.5550761,0.4070184,-0.09265673,0.5301871,0.6875437,-0.1116525,0.5422794,0.4041303,-0.1003419,0.4448559,0.608413,0.01571321,1.111627,0.5599471,-0.08108961,0.2687609,1.092864,False,0,1,3
6/25/2025 12:05:33 PM,1750845933823,Right,-0.1276364,0.5571008,0.4157389,-0.09300637,0.539513,0.7026634,-0.115391,0.5438783,0.4113119,-0.1019225,0.4494134,0.6223779,0.0155127,1.112233,0.5609732,-0.08048614,0.2869264,1.106191,False,0,1,3
6/25/2025 12:05:33 PM,1750845933838,Right,-0.129125,0.5570543,0.4181042,-0.09295428,0.5446825,0.7082831,-0.1166695,0.5440042,0.413547,-0.1020666,0.4515319,0.6283676,0.01541317,1.112535,0.5614125,-0.07905394,0.2970317,1.111895,False,0,1,3
6/25/2025 12:05:33 PM,1750845933852,Right,-0.1292784,0.5569491,0.421502,-0.0927763,0.5495049,0.7142814,-0.1167535,0.543949,0.4160726,-0.1018624,0.4533129,0.6335863,0.01526809,1.112823,0.5617245,-0.07928762,0.3050236,1.117222,False,0,1,3
6/25/2025 12:05:33 PM,1750845933879,Right,-0.1261909,0.5544838,0.4266226,-0.09273541,0.559025,0.7245615,-0.1142857,0.5424765,0.4202285,-0.1003329,0.4563473,0.6436739,0.01525712,1.113667,0.5620217,-0.08198233,0.3221111,1.127686,False,0,1,3
6/25/2025 12:05:33 PM,1750845933893,Right,-0.1255441,0.5538777,0.4302127,-0.09302413,0.5635933,0.7302535,-0.1137799,0.5421931,0.4231285,-0.1000382,0.4579987,0.6491733,0.01540637,1.114107,0.5621091,-0.08293504,0.3297476,1.133069,False,0,1,3
6/25/2025 12:05:33 PM,1750845933921,Right,-0.1267474,0.5536332,0.4367634,-0.09452677,0.5730253,0.743742,-0.1146782,0.5421826,0.4283587,-0.1007171,0.4613787,0.6617936,0.0155201,1.114672,0.5621096,-0.08408047,0.3463553,1.143072,False,0,1,3
6/25/2025 12:05:33 PM,1750845933935,Right,-0.1280265,0.5535017,0.4386759,-0.09485316,0.5793256,0.7517347,-0.1154956,0.5422489,0.4302818,-0.1009921,0.4632422,0.6690473,0.01573181,1.115025,0.5621167,-0.08382127,0.356286,1.147579,False,0,1,3
6/25/2025 12:05:33 PM,1750845933962,Right,-0.128667,0.5534283,0.4414926,-0.09548438,0.5943521,0.7704124,-0.1161126,0.542334,0.4323797,-0.1004374,0.4672247,0.6869895,0.0166012,1.115475,0.5621437,-0.08396827,0.3798004,1.155325,False,0,1,3
6/25/2025 12:05:33 PM,1750845933977,Right,-0.1276056,0.5524246,0.4419297,-0.0965426,0.6030356,0.7813659,-0.115182,0.5417389,0.4326785,-0.09934801,0.4690123,0.6972637,0.01726067,1.1157,0.5621297,-0.08463592,0.3925279,1.158559,False,0,1,3
6/25/2025 12:05:34 PM,1750845934004,Right,-0.1254119,0.5516902,0.4437351,-0.0988729,0.6229365,0.8024399,-0.1130376,0.541199,0.4339411,-0.09748062,0.4752387,0.7193442,0.01838136,1.115927,0.5621346,-0.08726396,0.4215502,1.16546,False,0,1,3
6/25/2025 12:05:34 PM,1750845934018,Right,-0.1242975,0.5523421,0.4443023,-0.1014034,0.6345265,0.8126364,-0.1120711,0.541649,0.4343763,-0.09704301,0.4802024,0.7300389,0.01876235,1.11587,0.5620111,-0.08937144,0.4380858,1.168447,False,0,1,3
6/25/2025 12:05:34 PM,1750845934032,Right,-0.1235472,0.5529288,0.4446886,-0.1041681,0.6461442,0.8218541,-0.1113866,0.5420399,0.4346425,-0.09721646,0.4862578,0.7404716,0.01916075,1.115857,0.5618832,-0.09236203,0.4562939,1.171111,False,0,1,3
6/25/2025 12:05:34 PM,1750845934060,Right,-0.1229312,0.5522264,0.4432923,-0.1109748,0.6637873,0.834404,-0.1107421,0.541609,0.4336947,-0.09933104,0.5001635,0.7565906,0.01981449,1.115837,0.5616056,-0.1006008,0.494441,1.173811,False,0,1,3
6/25/2025 12:05:34 PM,1750845934074,Right,-0.1226181,0.5521265,0.4423975,-0.1140302,0.6706238,0.8386652,-0.1104354,0.5415049,0.4327362,-0.1010431,0.5085615,0.7619146,0.02021742,1.115929,0.5614609,-0.1057616,0.5148211,1.173929,False,0,1,3
6/25/2025 12:05:34 PM,1750845934102,Right,-0.1216651,0.5522286,0.4393463,-0.117764,0.6766627,0.8398967,-0.1095449,0.5416048,0.4302412,-0.1060098,0.5283717,0.7655228,0.02085781,1.116023,0.5611904,-0.1191378,0.5592573,1.171656,False,0,1,3
6/25/2025 12:05:34 PM,1750845934115,Right,-0.1209853,0.551846,0.4369646,-0.1178226,0.6757352,0.8386884,-0.1090052,0.5414348,0.4287483,-0.1072739,0.5325837,0.7653842,0.02097607,1.11601,0.5611882,-0.1228376,0.5687525,1.169803,False,0,1,3
6/25/2025 12:05:34 PM,1750845934144,Right,-0.1196359,0.5500834,0.4308515,-0.114778,0.6700054,0.8335195,-0.1078317,0.5400895,0.4234215,-0.1056704,0.5294328,0.7601217,0.02127624,1.115983,0.5610778,-0.120798,0.5634102,1.164629,False,0,1,3
6/25/2025 12:05:34 PM,1750845934157,Right,-0.1189022,0.5484642,0.4261484,-0.1117623,0.6655801,0.8286252,-0.1072804,0.5390756,0.4199433,-0.1048165,0.5280918,0.7555469,0.02120519,1.11601,0.5609871,-0.1195905,0.561588,1.161187,False,0,1,3
6/25/2025 12:05:34 PM,1750845934171,Right,-0.1181235,0.546774,0.4215331,-0.1087855,0.6616086,0.8243141,-0.1066154,0.537823,0.4159096,-0.1034466,0.5260597,0.7508363,0.02134347,1.116179,0.5607547,-0.1174117,0.5585421,1.157229,False,0,1,3
6/25/2025 12:05:34 PM,1750845934199,Right,-0.1159382,0.5422648,0.4102043,-0.1002786,0.6484149,0.8116963,-0.1048485,0.5347927,0.4067965,-0.09954828,0.5204155,0.7395675,0.02142131,1.116577,0.5605435,-0.111081,0.5494436,1.148313,False,0,1,3
6/25/2025 12:05:34 PM,1750845934212,Right,-0.1143504,0.5400487,0.4036657,-0.09542978,0.6433621,0.8035948,-0.1036583,0.5333447,0.4018273,-0.09691314,0.5171481,0.7324687,0.02138662,1.11672,0.5606101,-0.1067633,0.5436488,1.143437,False,0,1,3
6/25/2025 12:05:34 PM,1750845934241,Right,-0.1105925,0.5361471,0.3901595,-0.08504152,0.6371398,0.785886,-0.1005653,0.5306149,0.3907849,-0.08932765,0.510032,0.7173109,0.0214653,1.116914,0.5606558,-0.09384915,0.5303285,1.132442,False,0,1,3
6/25/2025 12:05:34 PM,1750845934254,Right,-0.1081412,0.5342771,0.3826703,-0.07892513,0.6338813,0.7751117,-0.09870857,0.5293297,0.3850328,-0.08463376,0.5063583,0.7088648,0.02158058,1.116889,0.5605571,-0.0856099,0.5231048,1.126578,False,0,1,3
6/25/2025 12:05:34 PM,1750845934282,Right,-0.1025668,0.5307266,0.365994,-0.06767678,0.6285422,0.7531829,-0.09402929,0.5267735,0.3713199,-0.07423776,0.4995203,0.690246,0.02206159,1.116746,0.5599614,-0.06762742,0.5097427,1.112342,False,0,1,3
6/25/2025 12:05:34 PM,1750845934297,Right,-0.09937739,0.529533,0.3572345,-0.06182003,0.6250132,0.7402935,-0.09153017,0.5258089,0.3644257,-0.0704196,0.4964804,0.6798757,0.02240956,1.116562,0.5594676,-0.06176504,0.5031877,1.10517,False,0,1,3
6/25/2025 12:05:34 PM,1750845934324,Right,-0.09227037,0.5291773,0.3390565,-0.05040896,0.6188043,0.7130319,-0.08568476,0.5249779,0.3494784,-0.06261151,0.4900607,0.6562963,0.02343225,1.114802,0.5573784,-0.05050197,0.4868938,1.089351,False,0,1,3
6/25/2025 12:05:34 PM,1750845934338,Right,-0.08811259,0.5296816,0.3292201,-0.04564428,0.615505,0.7001529,-0.08223518,0.5251353,0.3414348,-0.05909288,0.4871721,0.6444873,0.02391851,1.114213,0.5564523,-0.04678435,0.4784673,1.080803,False,0,1,3
6/25/2025 12:05:34 PM,1750845934351,Right,-0.08397448,0.5305265,0.3186477,-0.04162586,0.6133677,0.688092,-0.07871479,0.525682,0.3325048,-0.05586355,0.4855085,0.6337636,0.02424586,1.113585,0.5553027,-0.04428193,0.4728615,1.071507,False,0,1,3
6/25/2025 12:05:34 PM,1750845934379,Right,-0.07512558,0.5330346,0.2951472,-0.03410721,0.6113002,0.6680025,-0.0715819,0.5270376,0.3136538,-0.0487718,0.4862329,0.6162,0.0251956,1.112741,0.5533866,-0.03815497,0.4727943,1.052599,False,0,1,3
6/25/2025 12:05:34 PM,1750845934394,Right,-0.07024503,0.5345151,0.282136,-0.03021348,0.609228,0.6579318,-0.06773826,0.5279561,0.3035515,-0.04513106,0.4860778,0.607739,0.02569556,1.112512,0.5526611,-0.03531162,0.4715785,1.042382,False,0,1,3
6/25/2025 12:05:34 PM,1750845934421,Right,-0.06161284,0.5379621,0.2538996,-0.0217346,0.6034129,0.6330807,-0.06040236,0.5302801,0.2801995,-0.03835608,0.4850797,0.5852301,0.02623641,1.111919,0.5509279,-0.0298152,0.4661498,1.018476,False,0,1,3
6/25/2025 12:05:34 PM,1750845934435,Right,-0.05810642,0.5398347,0.2392701,-0.01748955,0.6001156,0.6194316,-0.05735708,0.5314236,0.2687029,-0.03534852,0.483882,0.5737592,0.02654982,1.111841,0.5500345,-0.02712446,0.461664,1.006483,False,0,1,3
6/25/2025 12:05:34 PM,1750845934462,Right,-0.05304503,0.5436985,0.207914,-0.009233475,0.5937313,0.5933142,-0.05332378,0.5344478,0.2424749,-0.03003802,0.4804094,0.5497687,0.02748311,1.11207,0.5480881,-0.02128259,0.4500166,0.978644,False,0,1,3
6/25/2025 12:05:34 PM,1750845934476,Right,-0.05184925,0.5457048,0.1911191,-0.005374551,0.5907755,0.5825628,-0.0522065,0.535904,0.2288178,-0.02661848,0.4779402,0.5398386,0.02828634,1.112243,0.546982,-0.0160927,0.4437437,0.9638704,False,0,1,3
6/25/2025 12:05:34 PM,1750845934491,Right,-0.04887128,0.5472056,0.177124,-0.001282454,0.587871,0.5711051,-0.04973532,0.5369611,0.2174308,-0.02344349,0.4769213,0.5294613,0.02874494,1.112272,0.5460286,-0.01274815,0.440249,0.9518549,False,0,1,3
6/25/2025 12:05:34 PM,1750845934518,Right,-0.04986024,0.5534214,0.142705,0.005926132,0.5815696,0.5581253,-0.05019366,0.5407998,0.1928377,-0.01803404,0.4781394,0.5214494,0.03060412,1.112361,0.5440764,-0.003746092,0.4452172,0.9268723,False,0,1,3
6/25/2025 12:05:34 PM,1750845934532,Right,-0.04996598,0.5567339,0.128036,0.009269476,0.5788167,0.5501708,-0.0499217,0.5431401,0.1795143,-0.01545711,0.4784344,0.5129011,0.03130662,1.112153,0.5429593,0.0004911721,0.4452267,0.9129798,False,0,1,3
6/25/2025 12:05:34 PM,1750845934560,Right,-0.05136812,0.5637927,0.1004199,0.01456904,0.5717366,0.5341052,-0.05100952,0.5483896,0.154971,-0.01167333,0.4778051,0.4965358,0.03234673,1.111656,0.5405452,0.008080401,0.4419908,0.8866047,False,0,1,3
6/25/2025 12:05:34 PM,1750845934574,Right,-0.05249619,0.5675683,0.08770716,0.01590157,0.5667024,0.5271633,-0.05168343,0.5508897,0.144382,-0.01027138,0.4766232,0.489635,0.03284323,1.11134,0.539297,0.01090736,0.438759,0.8748676,False,0,1,3
6/25/2025 12:05:34 PM,1750845934602,Right,-0.05402839,0.5749602,0.06446385,0.0173285,0.5566244,0.5149816,-0.05286682,0.5558078,0.1254018,-0.008827511,0.4733865,0.4782233,0.0336889,1.110268,0.5364839,0.01312082,0.4310477,0.8535368,False,0,1,3
6/25/2025 12:05:34 PM,1750845934616,Right,-0.05505514,0.5792247,0.05496192,0.01732612,0.5518841,0.509474,-0.05348979,0.5585008,0.1170991,-0.008525301,0.4716733,0.47295,0.03413653,1.109596,0.5351682,0.01349972,0.4266739,0.8438963,False,0,1,3
6/25/2025 12:05:34 PM,1750845934644,Right,-0.05836916,0.5876796,0.04061317,0.01595521,0.542602,0.4995675,-0.05590514,0.56397,0.1048938,-0.00935008,0.4672447,0.4631628,0.0350585,1.107917,0.5322098,0.01352542,0.4147803,0.8280964,False,0,1,3
6/25/2025 12:05:34 PM,1750845934657,Right,-0.06112456,0.5914319,0.03691971,0.01474202,0.537941,0.495607,-0.05782889,0.5663786,0.1010827,-0.01035627,0.4645717,0.4590569,0.03572357,1.107022,0.5306576,0.01356155,0.4077883,0.8220907,False,0,1,3
6/25/2025 12:05:34 PM,1750845934671,Right,-0.06346285,0.5949036,0.03215945,0.01318026,0.5332754,0.4920982,-0.05973812,0.5685366,0.09752303,-0.01139895,0.4618624,0.4551817,0.03645658,1.10609,0.5290469,0.01361058,0.4010647,0.8163229,False,0,1,3
6/25/2025 12:05:34 PM,1750845934699,Right,-0.06841636,0.6009506,0.02533591,0.009846926,0.5251485,0.4856645,-0.06330105,0.5722907,0.09103549,-0.01395464,0.457287,0.4489944,0.03820586,1.104133,0.5261273,0.01202754,0.3901597,0.8060558,False,0,1,3
6/25/2025 12:05:34 PM,1750845934713,Right,-0.07101953,0.6034301,0.02340376,0.00808835,0.5216321,0.4829559,-0.0653782,0.5735736,0.09018722,-0.0155835,0.4550835,0.4464573,0.03910899,1.103116,0.5246906,0.01122403,0.3843139,0.803218,False,0,1,3
6/25/2025 12:05:34 PM,1750845934741,Right,-0.07724679,0.6078038,0.02423441,0.003682375,0.515703,0.4798598,-0.06974362,0.5761643,0.08914393,-0.01902435,0.4512797,0.4427048,0.04120076,1.100936,0.5219295,0.009533294,0.3742017,0.7983875,False,0,1,3
6/25/2025 12:05:34 PM,1750845934755,Right,-0.08050203,0.6097683,0.02627528,0.001196384,0.5129595,0.479249,-0.07227036,0.5771273,0.09111762,-0.02123799,0.4491115,0.4416256,0.04223037,1.099813,0.5206618,0.008674584,0.3679395,0.7980748,False,0,1,3
6/25/2025 12:05:34 PM,1750845934783,Right,-0.08651352,0.6124922,0.0322994,-0.003947973,0.5072333,0.479233,-0.07666393,0.5783013,0.09597358,-0.0256237,0.4447629,0.4407285,0.04465628,1.097729,0.5180399,0.006202951,0.3559281,0.7986708,False,0,1,3
6/25/2025 12:05:34 PM,1750845934796,Right,-0.08907998,0.6130294,0.036852,-0.006513834,0.5047912,0.4804956,-0.07853618,0.5785075,0.09890094,-0.02767569,0.4426954,0.4409451,0.04579735,1.0966,0.5171155,0.004769199,0.3503687,0.7996955,False,0,1,3
6/25/2025 12:05:34 PM,1750845934824,Right,-0.09229326,0.6124771,0.05012763,-0.01036978,0.5005925,0.4852939,-0.08077137,0.577432,0.1088585,-0.03110983,0.4385124,0.4434473,0.04739106,1.094059,0.5153607,0.001997076,0.3384895,0.8061073,False,0,1,3
6/25/2025 12:05:34 PM,1750845934838,Right,-0.09388161,0.6114593,0.05830491,-0.01225162,0.4983825,0.4886402,-0.08181341,0.5763493,0.1150088,-0.03282369,0.4362084,0.4453986,0.04809713,1.092663,0.5147294,0.0008297339,0.3321931,0.810464,False,0,1,3
6/25/2025 12:05:34 PM,1750845934852,Right,-0.09581995,0.6098577,0.06742644,-0.01429844,0.4961235,0.4919432,-0.08324034,0.5748422,0.1224802,-0.03487936,0.4337789,0.4481241,0.04868901,1.091437,0.5142252,-0.0002976507,0.3255758,0.8160845,False,0,1,3
6/25/2025 12:05:34 PM,1750845934880,Right,-0.1003295,0.6061289,0.08535028,-0.01900959,0.4912376,0.4995273,-0.08669802,0.571206,0.1375547,-0.03953491,0.4286704,0.4536667,0.04974985,1.088926,0.5137417,-0.002594493,0.3121857,0.8274352,True,0,1,4
6/25/2025 12:05:34 PM,1750845934894,Right,-0.1025133,0.6023715,0.09602034,-0.02167237,0.4889878,0.5044934,-0.08644183,0.5700092,0.1404778,-0.04316464,0.4372227,0.4324634,0.05005717,1.087885,0.5138196,-0.002897322,0.3088202,0.8296083,True,0,1,4
6/25/2025 12:05:34 PM,1750845934921,Right,-0.1053464,0.5925636,0.1182863,-0.02710378,0.4848177,0.5158008,-0.08650107,0.5666749,0.1486167,-0.04556773,0.4346654,0.4314361,0.04981303,1.085664,0.5141919,-0.005121313,0.2987486,0.8354157,True,0,1,4
6/25/2025 12:05:34 PM,1750845934935,Right,-0.1062489,0.5874185,0.1296721,-0.02979648,0.4830423,0.5218567,-0.08668739,0.5645955,0.1535859,-0.04732481,0.432921,0.4311752,0.04967308,1.084641,0.5144075,-0.007164724,0.292419,0.8389297,True,0,1,4
6/25/2025 12:05:34 PM,1750845934963,Right,-0.1082891,0.5777985,0.1556423,-0.03601372,0.479343,0.5353153,-0.08732152,0.5595659,0.1661631,-0.0522209,0.4282146,0.4326044,0.04931736,1.082961,0.5151147,-0.01413979,0.2770236,0.8480095,True,0,1,4
6/25/2025 12:05:34 PM,1750845934977,Right,-0.10987,0.5734376,0.1702393,-0.0398016,0.4773247,0.5423036,-0.08783329,0.5568244,0.1736498,-0.05542171,0.4258495,0.4336898,0.04896903,1.082211,0.5155293,-0.01905339,0.2684126,0.853494,True,0,1,4
6/25/2025 12:05:34 PM,1750845934991,Right,-0.1114994,0.5695155,0.1849388,-0.04412222,0.4757105,0.5497483,-0.0884598,0.5540848,0.1816767,-0.05901171,0.4234939,0.4355327,0.04878259,1.081535,0.5160474,-0.02496386,0.2598222,0.8595247,True,0,1,4
6/25/2025 12:05:35 PM,1750845935018,Right,-0.113976,0.5629013,0.2164533,-0.05179143,0.4744881,0.5648136,-0.08998477,0.5483804,0.2002251,-0.06501663,0.4212072,0.4411356,0.04843223,1.080042,0.5173969,-0.03344779,0.2470187,0.8755656,True,0,1,4
6/25/2025 12:05:35 PM,1750845935032,Right,-0.1150476,0.5598434,0.2311181,-0.05523705,0.4736449,0.5717617,-0.09080131,0.5455537,0.2107034,-0.06733337,0.4204508,0.4457814,0.04816628,1.079419,0.518213,-0.03660111,0.2418996,0.8852082,True,0,1,4
6/25/2025 12:05:35 PM,1750845935060,Right,-0.1170762,0.555131,0.2617909,-0.06207848,0.4737485,0.5863194,-0.09264072,0.5397509,0.2348025,-0.07196777,0.4191474,0.4577289,0.04770017,1.078093,0.5197892,-0.0427646,0.2314333,0.907523,True,0,1,4
6/25/2025 12:05:35 PM,1750845935074,Right,-0.1175206,0.5566981,0.2789614,-0.06468153,0.4762231,0.5939182,-0.09350438,0.5374048,0.2470661,-0.07410516,0.4188603,0.4634332,0.04749167,1.078173,0.5212616,-0.04561343,0.225488,0.9182699,True,0,1,4
6/25/2025 12:05:35 PM,1750845935102,Right,-0.1188037,0.5601223,0.3071618,-0.06831551,0.4807533,0.6074827,-0.0952191,0.5348049,0.2759281,-0.07746892,0.4183645,0.4804694,0.04715753,1.07792,0.523857,-0.049253,0.2120065,0.9421026,True,0,1,4
6/25/2025 12:05:35 PM,1750845935116,Right,-0.1193007,0.5619349,0.3201531,-0.07005739,0.4834018,0.6136408,-0.0960695,0.5342207,0.2910301,-0.07922707,0.4183886,0.4900787,0.0468142,1.077787,0.5250152,-0.05143328,0.2051253,0.9542073,True,0,1,4
6/25/2025 12:05:35 PM,1750845935144,Right,-0.1199117,0.565254,0.3425865,-0.07411659,0.4873167,0.6252831,-0.09784423,0.5344965,0.3252028,-0.08288345,0.4197376,0.5154826,0.04582524,1.078199,0.5275304,-0.05687732,0.1950358,0.9833732,True,0,1,4
6/25/2025 12:05:35 PM,1750845935158,Right,-0.1204362,0.5673379,0.3505237,-0.07594395,0.4893427,0.6302601,-0.09883203,0.5356435,0.3422508,-0.08446364,0.421338,0.5296959,0.0452373,1.07859,0.5288674,-0.05890553,0.1929857,0.9988265,True,0,1,4
6/25/2025 12:05:35 PM,1750845935171,Right,-0.1211389,0.5691552,0.358436,-0.07799625,0.4911114,0.6354256,-0.1001798,0.5379246,0.3595599,-0.08634485,0.4237478,0.545038,0.04461956,1.079132,0.5303011,-0.06133133,0.1925343,1.014767,True,0,1,4
6/25/2025 12:05:35 PM,1750845935200,Right,-0.1233237,0.5728996,0.3696575,-0.0821631,0.4947188,0.6436098,-0.1021003,0.5408406,0.3692046,-0.08854161,0.4278517,0.552302,0.04328322,1.080627,0.5333897,-0.06305236,0.1948159,1.024065,True,0,1,4
6/25/2025 12:05:35 PM,1750845935213,Right,-0.124669,0.5739331,0.3737087,-0.08398724,0.4963282,0.6473978,-0.1032585,0.5418957,0.3732101,-0.0899731,0.4289018,0.5554612,0.04250455,1.081466,0.5350685,-0.06480628,0.1945097,1.027385,True,0,1,4
6/25/2025 12:05:35 PM,1750845935241,Right,-0.1271889,0.5747637,0.3790005,-0.08745193,0.499303,0.6544429,-0.1057267,0.543082,0.3770186,-0.0923541,0.4293467,0.5604654,0.04058194,1.083452,0.5384421,-0.06708514,0.1957257,1.031198,True,0,1,4
6/25/2025 12:05:35 PM,1750845935254,Right,-0.1286769,0.5745879,0.3783958,-0.0890522,0.5006019,0.6573547,-0.1070274,0.5435032,0.3779851,-0.09373021,0.4291418,0.5628063,0.03945446,1.084619,0.5402001,-0.06896797,0.1967077,1.032496,True,0,1,4
6/25/2025 12:05:35 PM,1750845935283,Right,-0.1314006,0.5742983,0.3781986,-0.09182692,0.5035633,0.6635982,-0.1096891,0.5442344,0.3778207,-0.09638993,0.4284901,0.5673965,0.03736734,1.087609,0.5440564,-0.07272317,0.2013059,1.034428,True,0,1,4
6/25/2025 12:05:35 PM,1750845935296,Right,-0.1324666,0.5741618,0.3779824,-0.09281611,0.5052161,0.6662934,-0.1107857,0.5446724,0.3781796,-0.09746181,0.4288785,0.5698284,0.03617859,1.089113,0.5461408,-0.07424444,0.2047601,1.036378,True,0,1,4
6/25/2025 12:05:35 PM,1750845935324,Right,-0.1340951,0.572975,0.3729016,-0.09463143,0.5092376,0.6706332,-0.112583,0.5451007,0.3756848,-0.09902917,0.4289783,0.5738949,0.03368688,1.09245,0.5503868,-0.07691914,0.2140433,1.038429,True,0,1,4
6/25/2025 12:05:35 PM,1750845935338,Right,-0.134825,0.5726331,0.3705567,-0.09559965,0.5118535,0.6728203,-0.1135636,0.5455608,0.3744458,-0.09990931,0.4296555,0.5760437,0.03224945,1.094527,0.5523601,-0.07839055,0.2198756,1.039872,True,0,1,4
6/25/2025 12:05:35 PM,1750845935352,Right,-0.1355472,0.572515,0.3678133,-0.09629226,0.5155217,0.6748419,-0.1144867,0.5462785,0.3730753,-0.1007031,0.4309848,0.5782806,0.03051662,1.097011,0.5543522,-0.07974098,0.2271336,1.041685,True,0,1,4
6/25/2025 12:05:35 PM,1750845935380,Right,-0.1369305,0.5727682,0.3629425,-0.09799337,0.5243584,0.6799561,-0.1164774,0.5486587,0.3703035,-0.1023718,0.4351429,0.5836895,0.02700567,1.103238,0.558996,-0.0826295,0.2448269,1.046055,True,0,1,4
6/25/2025 12:05:35 PM,1750845935394,Right,-0.1372459,0.5731646,0.3596947,-0.09912062,0.5311018,0.6830175,-0.1172919,0.5503926,0.3684824,-0.1030829,0.4378901,0.5868302,0.02458763,1.107606,0.56146,-0.08429389,0.2553572,1.048163,True,0,1,4
6/25/2025 12:05:35 PM,1750845935422,Right,-0.1369884,0.5746427,0.3538061,-0.1019999,0.5464961,0.6902231,-0.1184303,0.5549537,0.3652481,-0.1045396,0.4454454,0.5946188,0.01916575,1.117596,0.5669435,-0.08901829,0.280364,1.053605,True,0,1,4
6/25/2025 12:05:35 PM,1750845935435,Right,-0.1365097,0.5761361,0.3513478,-0.103955,0.5560575,0.6940821,-0.118974,0.5578879,0.3640969,-0.1055505,0.4504293,0.5989727,0.0156703,1.123704,0.5697312,-0.09219752,0.2944003,1.056886,True,0,1,4
6/25/2025 12:05:35 PM,1750845935464,Right,-0.1358688,0.580191,0.3481764,-0.1092622,0.5774197,0.7029932,-0.1204647,0.565944,0.3631682,-0.1088544,0.4641463,0.6095843,0.007669568,1.138693,0.5755135,-0.1012684,0.3280723,1.065414,True,0,1,4
6/25/2025 12:05:35 PM,1750845935477,Right,-0.1355407,0.5833421,0.3477533,-0.1133997,0.5898952,0.7081356,-0.1213369,0.5707287,0.3632928,-0.1111824,0.4722959,0.6155936,0.002970934,1.148134,0.57853,-0.1072802,0.3465749,1.070157,True,0,1,4
6/25/2025 12:05:35 PM,1750845935491,Right,-0.1353962,0.5866158,0.347581,-0.1184855,0.6023542,0.713464,-0.122303,0.5761034,0.3640991,-0.1143561,0.4812647,0.6220618,-0.001595616,1.157752,0.5814358,-0.1152771,0.3656693,1.075273,True,0,1,4
6/25/2025 12:05:35 PM,1750845935519,Right,-0.1359288,0.5955824,0.349465,-0.1326902,0.6276449,0.7255117,-0.125158,0.5889776,0.366684,-0.1235128,0.5010595,0.6358175,-0.01215982,1.179071,0.587348,-0.1361976,0.4044036,1.084953,True,0,1,4
6/25/2025 12:05:35 PM,1750845935533,Right,-0.1369189,0.6014546,0.351994,-0.1418238,0.6406158,0.7322971,-0.1271368,0.5963356,0.3688189,-0.1291459,0.5109578,0.6429579,-0.01790237,1.190579,0.5900354,-0.1476773,0.421761,1.089376,True,0,1,4
6/25/2025 12:05:35 PM,1750845935561,Right,-0.1399508,0.6142119,0.3594245,-0.1650226,0.6659837,0.74734,-0.1324226,0.6128109,0.3752422,-0.1436945,0.5332646,0.6583198,-0.03057194,1.214159,0.5933061,-0.1753228,0.4589671,1.099529,True,0,1,4
6/25/2025 12:05:35 PM,1750845935575,Right,-0.1416005,0.6215351,0.3645798,-0.1790575,0.6780143,0.7551088,-0.1354504,0.6218646,0.3790683,-0.1525772,0.5448455,0.6661608,-0.03740358,1.226287,0.5940669,-0.1920514,0.4769944,1.104264,True,0,1,4
6/25/2025 12:05:35 PM,1750845935602,Right,-0.143368,0.6352654,0.3747509,-0.211565,0.7014237,0.7711725,-0.141092,0.6408414,0.3878606,-0.1718342,0.5681722,0.6829879,-0.05231583,1.250429,0.5945516,-0.2292023,0.511832,1.112908,True,0,1,4
6/25/2025 12:05:35 PM,1750845935616,Right,-0.1438532,0.6419268,0.3802245,-0.2290313,0.713276,0.779191,-0.1434435,0.6493379,0.3917701,-0.1819068,0.578982,0.6918548,-0.06029272,1.262309,0.5937766,-0.2487703,0.5289023,1.115995,True,0,1,4
6/25/2025 12:05:35 PM,1750845935644,Right,-0.1445079,0.6556496,0.392821,-0.2692909,0.7379395,0.7950668,-0.1482918,0.6665394,0.4002692,-0.2049735,0.6016893,0.7103704,-0.07772183,1.28597,0.5899835,-0.2928157,0.5648121,1.120592,True,0,1,4
6/25/2025 12:05:35 PM,1750845935658,Right,-0.1452863,0.6626354,0.3989441,-0.2910278,0.7506142,0.802078,-0.1510617,0.675124,0.4041795,-0.2172587,0.6130828,0.7195941,-0.08649838,1.297596,0.587301,-0.314716,0.5827031,1.121658,True,0,1,4
6/25/2025 12:05:35 PM,1750845935671,Right,-0.1470138,0.6702797,0.4057475,-0.3143712,0.7638509,0.8075743,-0.1544275,0.683929,0.4080684,-0.2310882,0.6251559,0.7280746,-0.09601331,1.308978,0.5830932,-0.3387223,0.6013557,1.121733,True,0,1,4
6/25/2025 12:05:35 PM,1750845935700,Right,-0.1520058,0.6857626,0.4185594,-0.3605747,0.7922153,0.8140082,-0.1630855,0.7019587,0.4154274,-0.2622525,0.6508638,0.7420456,-0.115422,1.33172,0.5738503,-0.3905423,0.6400654,1.118658,True,0,1,4
6/25/2025 12:05:35 PM,1750845935714,Right,-0.1548277,0.6939864,0.4248782,-0.3836173,0.8075889,0.8148708,-0.1678293,0.7113151,0.4188054,-0.2789195,0.6645158,0.7474726,-0.1258037,1.342996,0.5677937,-0.4175505,0.6600868,1.115307,True,0,1,4
6/25/2025 12:05:35 PM,1750845935741,Right,-0.1604718,0.7102703,0.4365677,-0.4291762,0.8405322,0.8125963,-0.1768176,0.7285506,0.4238102,-0.3136993,0.6919937,0.7549013,-0.1469307,1.365662,0.5543307,-0.4727769,0.7012187,1.10334,True,0,1,4
6/25/2025 12:05:35 PM,1750845935755,Right,-0.1636047,0.7186708,0.4421765,-0.4518497,0.8581345,0.8082561,-0.1821046,0.7384251,0.4262722,-0.3328794,0.707859,0.7575146,-0.1577685,1.37659,0.5462176,-0.5019636,0.7243381,1.095295,True,0,1,4
6/25/2025 12:05:35 PM,1750845935783,Right,-0.1698073,0.7358611,0.4536698,-0.4962766,0.8932469,0.7937078,-0.1925957,0.7579193,0.4302187,-0.3713168,0.7400819,0.7569017,-0.1794481,1.398397,0.527159,-0.560849,0.7704197,1.073906,True,0,1,4
6/25/2025 12:05:35 PM,1750845935796,Right,-0.1731304,0.7446526,0.4594698,-0.5177281,0.9107134,0.7835557,-0.1974663,0.7666941,0.4318334,-0.3895731,0.7547381,0.7555791,-0.1902673,1.408777,0.5164551,-0.5879655,0.7910955,1.061925,True,0,1,4
6/25/2025 12:05:35 PM,1750845935824,Right,-0.1820388,0.7632109,0.4703307,-0.5589502,0.9462859,0.7606349,-0.2093436,0.785481,0.4342118,-0.4302973,0.7869081,0.746215,-0.2119455,1.428803,0.4935993,-0.6490414,0.8359812,1.029372,True,0,1,4
6/25/2025 12:05:35 PM,1750845935838,Right,-0.1885439,0.7734805,0.4748145,-0.5783668,0.9642358,0.7448306,-0.2162005,0.7957445,0.4351718,-0.4525733,0.804293,0.7407863,-0.222114,1.437905,0.4811727,-0.680226,0.8597246,1.010226,True,0,1,4
6/25/2025 12:05:35 PM,1750845935852,Right,-0.1925365,0.7823268,0.4801986,-0.599297,0.9813915,0.7368488,-0.2230848,0.8055254,0.4357486,-0.4750199,0.8215682,0.733542,-0.2328081,1.447816,0.4697683,-0.7113223,0.8833801,0.9886165,True,0,1,4
6/25/2025 12:05:35 PM,1750845935880,Right,-0.2125318,0.8062323,0.48498,-0.6362038,1.014726,0.696488,-0.2403425,0.8239479,0.4328274,-0.5166521,0.8499918,0.7040426,-0.251152,1.463661,0.4426361,-0.7766183,0.9206741,0.9359698,True,0,1,4
6/25/2025 12:05:35 PM,1750845935893,Right,-0.2240632,0.8181334,0.4856714,-0.6536937,1.029544,0.6735326,-0.2500314,0.8333753,0.430429,-0.5373355,0.8626251,0.6862037,-0.259522,1.470277,0.4287279,-0.8097377,0.9363958,0.9060504,True,0,1,4
6/25/2025 12:05:35 PM,1750845935922,Right,-0.2450751,0.8405674,0.4872837,-0.6889825,1.056442,0.6323467,-0.2716042,0.8541495,0.4243404,-0.583886,0.8876356,0.6485096,-0.2756566,1.48289,0.4008998,-0.8773962,0.9650245,0.8376477,True,0,1,4
6/25/2025 12:05:35 PM,1750845935936,Right,-0.2562866,0.8515999,0.4866891,-0.7051666,1.067635,0.6098889,-0.2829365,0.8647586,0.4205388,-0.6052849,0.8988494,0.6305285,-0.2827216,1.488341,0.387158,-0.9068015,0.9766291,0.8057368,True,0,1,4
6/25/2025 12:05:35 PM,1750845935964,Right,-0.2784171,0.8724378,0.4839815,-0.7358665,1.08929,0.5648282,-0.3030751,0.8816157,0.4110463,-0.6376865,0.9129504,0.5978354,-0.2950301,1.497825,0.359812,-0.9526458,0.988322,0.7527653,True,0,1,4
6/25/2025 12:05:35 PM,1750845935978,Right,-0.2900425,0.8825117,0.4813372,-0.7498767,1.098392,0.5414704,-0.3131383,0.8896129,0.4057708,-0.6533335,0.9188917,0.5806938,-0.3005037,1.502008,0.3464414,-0.9747181,0.9923272,0.7249292,True,0,1,4
6/25/2025 12:05:35 PM,1750845935991,Right,-0.3021395,0.8920708,0.4776491,-0.7624743,1.105997,0.5179141,-0.3230558,0.8972164,0.400336,-0.6685721,0.9246207,0.5636766,-0.3051584,1.505398,0.333203,-0.9955879,0.9961769,0.6969966,True,0,1,4
6/25/2025 12:05:36 PM,1750845936019,Right,-0.3257501,0.9092196,0.4690263,-0.7860711,1.119243,0.4734695,-0.3428231,0.9101107,0.3875968,-0.694352,0.9306746,0.5306299,-0.3143694,1.511168,0.3082042,-1.032792,0.9955732,0.6459355,True,0,1,4
6/25/2025 12:05:36 PM,1750845936033,Right,-0.3375264,0.9168305,0.4638814,-0.7964675,1.124035,0.4519542,-0.3529875,0.9158625,0.3803717,-0.7057604,0.9317831,0.5145567,-0.3185511,1.513718,0.2964284,-1.049913,0.992125,0.6224031,True,0,1,4
6/25/2025 12:05:36 PM,1750845936061,Right,-0.3616731,0.9303532,0.4512297,-0.8146541,1.131442,0.4105074,-0.3731929,0.9264216,0.3655874,-0.7276248,0.9336815,0.4832948,-0.3260983,1.517618,0.2746056,-1.08191,0.9849743,0.5762814,True,0,1,4
6/25/2025 12:05:36 PM,1750845936074,Right,-0.3733988,0.93599,0.4432482,-0.8218334,1.134262,0.391341,-0.3829308,0.9303116,0.3567036,-0.735861,0.9330865,0.4691474,-0.3296666,1.518996,0.264496,-1.095087,0.9794941,0.5579851,True,0,1,4
6/25/2025 12:05:36 PM,1750845936102,Right,-0.3954322,0.9453214,0.4229798,-0.8316543,1.137796,0.3568244,-0.4011515,0.9374097,0.3372403,-0.746554,0.9293782,0.4443067,-0.3361957,1.521263,0.2456542,-1.116588,0.9632712,0.5311031,True,0,1,4
6/25/2025 12:05:36 PM,1750845936116,Right,-0.4059387,0.9495182,0.4112502,-0.8341811,1.139154,0.3412311,-0.4099126,0.9406384,0.3266735,-0.7498894,0.927251,0.4329893,-0.3390698,1.522074,0.2365369,-1.125524,0.9542524,0.5211344,True,0,1,4
6/25/2025 12:05:36 PM,1750845936144,Right,-0.4246712,0.9571465,0.3869908,-0.8376746,1.140361,0.3143708,-0.4253195,0.9456821,0.303723,-0.7502884,0.9231933,0.412892,-0.344425,1.523047,0.2200651,-1.137642,0.9362556,0.5101396,True,0,1,4
6/25/2025 12:05:36 PM,1750845936158,Right,-0.4317905,0.9595287,0.3742012,-0.8391745,1.140456,0.3026696,-0.4313257,0.9473525,0.2921354,-0.7505977,0.9203675,0.4037935,-0.346607,1.523125,0.2123368,-1.141327,0.9259942,0.5055419,True,0,1,4
6/25/2025 12:05:36 PM,1750845936172,Right,-0.4380025,0.9614787,0.3619248,-0.840121,1.140789,0.2917826,-0.4365898,0.9485372,0.2811071,-0.7490598,0.917329,0.3961723,-0.3491156,1.523155,0.2053503,-1.143192,0.9150487,0.5040253,True,0,1,4
6/25/2025 12:05:36 PM,1750845936200,Right,-0.4470193,0.963748,0.3385608,-0.8407488,1.141786,0.2724503,-0.4445919,0.9500557,0.260137,-0.7478679,0.9150025,0.3804014,-0.3534466,1.522941,0.1925619,-1.146026,0.9021148,0.4963384,True,0,1,4
6/25/2025 12:05:36 PM,1750845936214,Right,-0.4494323,0.9632627,0.329518,-0.8408251,1.141301,0.2645906,-0.4469961,0.9497762,0.2517274,-0.7469009,0.913839,0.3739943,-0.3556819,1.522936,0.1868476,-1.146442,0.8967123,0.4926835,True,0,1,4
6/25/2025 12:05:36 PM,1750845936242,Right,-0.4538231,0.9619665,0.3168062,-0.841238,1.139526,0.249929,-0.4507639,0.9482666,0.2400916,-0.7484224,0.9122418,0.3616539,-0.3596643,1.522031,0.1773173,-1.150734,0.8887039,0.4779874,True,0,1,4
6/25/2025 12:05:36 PM,1750845936255,Right,-0.4573181,0.96298,0.3101611,-0.8405285,1.137891,0.2449088,-0.4539111,0.948647,0.2339934,-0.7483152,0.9124017,0.3547246,-0.3613368,1.521441,0.173267,-1.153664,0.8846841,0.4713838,True,0,1,4
6/25/2025 12:05:36 PM,1750845936283,Right,-0.4637883,0.9645308,0.2927593,-0.8406258,1.136329,0.2330968,-0.4594812,0.9495364,0.2193712,-0.7469737,0.9122971,0.3395553,-0.3646514,1.520943,0.1666157,-1.157445,0.8746612,0.4588289,True,0,1,4
6/25/2025 12:05:36 PM,1750845936297,Right,-0.4642229,0.9629234,0.2866411,-0.8409755,1.135488,0.2279357,-0.4606388,0.9486837,0.2136991,-0.7470904,0.9105198,0.335077,-0.3662655,1.520668,0.1639204,-1.157148,0.8681544,0.4555466,True,0,1,4
6/25/2025 12:05:36 PM,1750845936311,Right,-0.4623539,0.9593303,0.2857803,-0.841552,1.134323,0.2232509,-0.4599796,0.9464414,0.2116519,-0.7475599,0.9068196,0.3356994,-0.3680018,1.520272,0.1621,-1.154431,0.8593795,0.4571251,True,0,1,4
6/25/2025 12:05:36 PM,1750845936339,Right,-0.4614019,0.9549208,0.2861667,-0.8436675,1.131093,0.2149274,-0.459536,0.9427359,0.2125953,-0.7513607,0.9025723,0.3380326,-0.3720163,1.519314,0.1592507,-1.153544,0.848112,0.4565188,True,0,1,4
6/25/2025 12:05:36 PM,1750845936353,Right,-0.4614507,0.953407,0.2866724,-0.8448164,1.130469,0.2103913,-0.4601598,0.9416374,0.2126164,-0.7538048,0.9013576,0.338029,-0.3744303,1.518945,0.1579833,-1.154299,0.8440218,0.4549834,False,0,1,4
6/25/2025 12:05:36 PM,1750845936380,Right,-0.459929,0.9496283,0.290256,-0.8481936,1.130658,0.200205,-0.4602232,0.941334,0.218494,-0.7810735,0.8996011,0.3524973,-0.3793495,1.517183,0.1566775,-1.156205,0.8444582,0.4558225,False,0,1,4
6/25/2025 12:05:36 PM,1750845936394,Right,-0.4575138,0.9466012,0.2923,-0.8497391,1.130324,0.1946765,-0.4597616,0.9402509,0.2222814,-0.7860416,0.899256,0.3564923,-0.3811632,1.515736,0.1562018,-1.157271,0.8457274,0.4560456,False,0,1,4
6/25/2025 12:05:36 PM,1750845936422,Right,-0.4499538,0.9384017,0.2961016,-0.8519475,1.127527,0.1848285,-0.4556628,0.9339481,0.2311063,-0.7940843,0.8956427,0.3640652,-0.3839146,1.512868,0.1554153,-1.157639,0.8469195,0.4541672,False,0,1,4
6/25/2025 12:05:36 PM,1750845936435,Right,-0.444737,0.9335015,0.2986571,-0.8529127,1.125232,0.1805742,-0.451949,0.9299992,0.23422,-0.7984793,0.892995,0.3669866,-0.3852947,1.51144,0.1552746,-1.156219,0.8469913,0.4515061,False,0,1,4
6/25/2025 12:05:36 PM,1750845936463,Right,-0.4352345,0.9253895,0.3033174,-0.8544855,1.120254,0.1740915,-0.4422053,0.920616,0.2403121,-0.802649,0.8882577,0.3688297,-0.3881662,1.508685,0.1556605,-1.152457,0.8486513,0.4414693,False,0,1,4
6/25/2025 12:05:36 PM,1750845936477,Right,-0.4312907,0.9223783,0.305683,-0.8546698,1.11781,0.1714163,-0.4393329,0.9180908,0.2423231,-0.8057038,0.8887305,0.3672706,-0.3895799,1.507294,0.1562529,-1.152878,0.8526218,0.4338116,False,0,1,4
6/25/2025 12:05:36 PM,1750845936491,Right,-0.4275751,0.9196064,0.307852,-0.8546004,1.115542,0.1688195,-0.4367375,0.915702,0.2439798,-0.8089136,0.8895792,0.3648379,-0.3909541,1.506078,0.1568525,-1.153575,0.857101,0.4251144,False,0,1,4
6/25/2025 12:05:36 PM,1750845936519,Right,-0.4175241,0.915181,0.3161848,-0.8520305,1.108847,0.1730645,-0.4300154,0.9123778,0.2501653,-0.811572,0.8939976,0.3597995,-0.3926479,1.503881,0.1588584,-1.153692,0.869508,0.4068646,False,0,1,4
6/25/2025 12:05:36 PM,1750845936533,Right,-0.4122696,0.9129,0.3208339,-0.850909,1.106319,0.1755942,-0.4258066,0.9104968,0.2542082,-0.8126837,0.8963062,0.3576841,-0.393186,1.502652,0.1597304,-1.152692,0.8760763,0.397571,False,0,1,4
6/25/2025 12:05:36 PM,1750845936561,Right,-0.4009917,0.9081233,0.3312867,-0.8476512,1.10028,0.182853,-0.4159339,0.9060637,0.2640299,-0.8132814,0.9019462,0.3519324,-0.3937637,1.50049,0.162388,-1.14905,0.891521,0.3755159,False,0,1,4
6/25/2025 12:05:36 PM,1750845936575,Right,-0.3944681,0.9053093,0.3372269,-0.8457034,1.097262,0.1877164,-0.4111491,0.9038877,0.2687091,-0.8132332,0.9050188,0.3483543,-0.3939722,1.499589,0.1641722,-1.146696,0.8995697,0.3638496,False,0,1,4
6/25/2025 12:05:36 PM,1750845936603,Right,-0.3796357,0.8990301,0.348132,-0.8411198,1.091859,0.19751,-0.3990276,0.8991208,0.278416,-0.8122296,0.9126212,0.3392253,-0.3937224,1.498308,0.1675948,-1.138153,0.9185672,0.3368535,False,0,1,4
6/25/2025 12:05:36 PM,1750845936617,Right,-0.3718596,0.896165,0.3526076,-0.8384161,1.088991,0.2035712,-0.3925222,0.8969527,0.2824932,-0.8100911,0.9173638,0.3329272,-0.3932507,1.497998,0.1694051,-1.132456,0.9296457,0.3216009,False,0,1,4
6/25/2025 12:05:36 PM,1750845936644,Right,-0.3555558,0.8923349,0.3600979,-0.8321035,1.082448,0.2196625,-0.3791319,0.8942711,0.2893696,-0.8025633,0.9306073,0.3162928,-0.3914684,1.498001,0.1739042,-1.118077,0.9579136,0.2862557,False,0,1,4
6/25/2025 12:05:36 PM,1750845936658,Right,-0.3470368,0.8908542,0.3636063,-0.8285098,1.079059,0.2292603,-0.3722849,0.8931996,0.2927634,-0.7968493,0.9381383,0.3076779,-0.3904967,1.498205,0.1765934,-1.109181,0.9738563,0.268699,False,0,1,4
6/25/2025 12:05:36 PM,1750845936672,Right,-0.3377123,0.889558,0.366991,-0.8234951,1.07575,0.2420366,-0.3648292,0.8923172,0.296181,-0.7893618,0.9478618,0.297918,-0.389439,1.498584,0.1798487,-1.09802,0.9940687,0.249518,False,0,1,4
6/25/2025 12:05:36 PM,1750845936700,Right,-0.318347,0.8866728,0.3734578,-0.8109553,1.07054,0.2699324,-0.348419,0.8907098,0.3025079,-0.7709106,0.963418,0.2987053,-0.3867853,1.499337,0.1860781,-1.075066,1.028814,0.2476291,False,0,1,4
6/25/2025 12:05:36 PM,1750845936714,Right,-0.3083301,0.8851622,0.3772632,-0.8028471,1.068653,0.2871848,-0.339997,0.8897317,0.3062178,-0.7618862,0.9621398,0.3104462,-0.3847427,1.499601,0.189406,-1.066958,1.031289,0.2663473,False,0,1,4
6/25/2025 12:05:36 PM,1750845936741,Right,-0.2869141,0.8827009,0.3819396,-0.7829456,1.064395,0.3240254,-0.3220878,0.8882317,0.3114578,-0.7406197,0.9588658,0.3342623,-0.3799976,1.50062,0.195859,-1.048959,1.03569,0.3076021,False,0,1,4
6/25/2025 12:05:36 PM,1750845936755,Right,-0.2761222,0.8826112,0.3826189,-0.7704291,1.06158,0.343532,-0.3130071,0.8882208,0.3128588,-0.72895,0.956986,0.3451114,-0.3775458,1.501293,0.1994762,-1.039485,1.036874,0.3281148,False,0,1,4
6/25/2025 12:05:36 PM,1750845936783,Right,-0.2550964,0.8826348,0.3864809,-0.7435477,1.055647,0.381116,-0.2949456,0.8887618,0.3171035,-0.7013425,0.95118,0.3701647,-0.3724205,1.502265,0.2069634,-1.019389,1.036053,0.377003,False,0,1,4
6/25/2025 12:05:36 PM,1750845936797,Right,-0.2438494,0.8827428,0.3894784,-0.7276776,1.052244,0.4009949,-0.2856506,0.888945,0.3202503,-0.6866782,0.9477869,0.3835304,-0.3694575,1.502643,0.211207,-1.008288,1.03401,0.4030228,False,0,1,4
6/25/2025 12:05:36 PM,1750845936811,Right,-0.2317855,0.8825716,0.3923509,-0.7111313,1.048354,0.4209805,-0.2750405,0.889024,0.3235031,-0.6707568,0.9439557,0.3980664,-0.3661387,1.503287,0.2154814,-0.995122,1.030406,0.4311792,False,0,1,4
6/25/2025 12:05:36 PM,1750845936838,Right,-0.2051649,0.8814689,0.3943651,-0.6691923,1.03942,0.4622679,-0.2523067,0.8887129,0.3274527,-0.6337637,0.9350201,0.4246876,-0.3578292,1.504767,0.2256986,-0.9659759,1.017731,0.482794,False,0,1,4
6/25/2025 12:05:36 PM,1750845936852,Right,-0.1917542,0.8805399,0.3931588,-0.6467729,1.034679,0.4815167,-0.2411978,0.8883344,0.3277122,-0.6157053,0.9307716,0.4356469,-0.3529583,1.505693,0.2320042,-0.9506906,1.011149,0.5055797,False,0,1,4
6/25/2025 12:05:36 PM,1750845936881,Right,-0.1655626,0.8787959,0.3883809,-0.5988684,1.022501,0.5166781,-0.2173922,0.8876144,0.3268223,-0.572576,0.9205702,0.4576865,-0.3424046,1.507381,0.2464765,-0.914373,0.994776,0.5566796,False,0,1,4
6/25/2025 12:05:36 PM,1750845936894,Right,-0.1524925,0.8779019,0.3853452,-0.5735617,1.014624,0.5323848,-0.2057553,0.8871956,0.325973,-0.5499481,0.9149942,0.4671428,-0.3365705,1.508043,0.2546419,-0.8950737,0.9854228,0.5814955,False,0,1,4
6/25/2025 12:05:36 PM,1750845936922,Right,-0.1264579,0.8751125,0.3794765,-0.5211518,0.9955749,0.5604147,-0.183241,0.8854238,0.3244723,-0.5047865,0.901839,0.4865839,-0.323019,1.5083,0.271312,-0.8527934,0.9624123,0.6341051,False,0,1,4
6/25/2025 12:05:36 PM,1750845936936,Right,-0.1137586,0.8732947,0.3753313,-0.4938326,0.9843004,0.5717908,-0.1713271,0.8841544,0.3232011,-0.4812089,0.894619,0.4945386,-0.3153708,1.507878,0.28009,-0.8295392,0.949394,0.6587614,False,0,1,4
6/25/2025 12:05:36 PM,1750845936964,Right,-0.08976269,0.8702936,0.3650706,-0.4402108,0.9621044,0.5892615,-0.1479397,0.8812008,0.3181765,-0.4312581,0.8779438,0.5076048,-0.2987258,1.505858,0.2979696,-0.7771022,0.9176511,0.709234,False,0,1,4
6/25/2025 12:05:36 PM,1750845936977,Right,-0.07841682,0.8685209,0.3588332,-0.4136513,0.9507566,0.5940516,-0.1368711,0.8795502,0.3155858,-0.4072214,0.8692909,0.513495,-0.2895926,1.503907,0.3073828,-0.749263,0.9004503,0.7334846,False,0,1,4
6/25/2025 12:05:36 PM,1750845936991,Right,-0.06708872,0.8668523,0.3529488,-0.3878576,0.9398324,0.5992415,-0.12613,0.8775966,0.3121776,-0.3821694,0.8599578,0.5176408,-0.2803732,1.501874,0.3164623,-0.7195925,0.8814278,0.7570235,False,0,1,4
6/25/2025 12:05:37 PM,1750845937019,Right,-0.04551482,0.8628331,0.338961,-0.3377954,0.9169042,0.6030707,-0.1050436,0.8731332,0.3047626,-0.3329097,0.8403369,0.5242825,-0.2612368,1.496374,0.3353384,-0.6553743,0.8401852,0.8008983,False,0,1,4
6/25/2025 12:05:37 PM,1750845937033,Right,-0.03507984,0.8605368,0.3308938,-0.3136201,0.9049273,0.6026218,-0.09466219,0.8706397,0.3005021,-0.3078535,0.8296107,0.5269067,-0.2513754,1.492845,0.3452206,-0.6194085,0.8170115,0.8219092,False,0,1,4
6/25/2025 12:05:37 PM,1750845937061,Right,-0.0139389,0.8548026,0.3128043,-0.2664496,0.8817787,0.599591,-0.07381757,0.864061,0.2901607,-0.257458,0.8066205,0.5283923,-0.2316889,1.484469,0.3653497,-0.5421256,0.7679554,0.8572156,False,0,1,4
6/25/2025 12:05:37 PM,1750845937075,Right,-0.003279328,0.8520044,0.3030092,-0.2449461,0.8703428,0.5962989,-0.06332986,0.860599,0.2843846,-0.2329398,0.7949438,0.5284575,-0.2217118,1.479377,0.3756843,-0.5013456,0.743405,0.8713326,False,0,1,4
6/25/2025 12:05:37 PM,1750845937103,Right,0.01798022,0.8448258,0.2793062,-0.2061265,0.8475623,0.5892944,-0.04333877,0.8524957,0.2702609,-0.1834037,0.7684143,0.5286528,-0.2013526,1.467364,0.3957044,-0.4099474,0.6906598,0.8943661,False,0,1,4
6/25/2025 12:05:37 PM,1750845937116,Right,0.02879751,0.8404954,0.2668418,-0.187994,0.8361543,0.5853798,-0.03303231,0.8477068,0.2625935,-0.1580515,0.7548373,0.5283513,-0.1908305,1.46063,0.4052196,-0.3615301,0.665902,0.9022311,False,0,1,4
6/25/2025 12:05:37 PM,1750845937144,Right,0.04864895,0.8317031,0.237846,-0.1523366,0.8134838,0.575732,-0.01197949,0.8363038,0.2418007,-0.1226759,0.7354169,0.518749,-0.1707112,1.445497,0.4228901,-0.300606,0.640148,0.8962606,False,0,1,4
6/25/2025 12:05:37 PM,1750845937158,Right,0.05651927,0.8275912,0.2201831,-0.135774,0.8019457,0.5686228,-0.003489897,0.8306642,0.228923,-0.110059,0.727198,0.5112815,-0.1616048,1.437042,0.4312521,-0.2790384,0.6316293,0.8881333,False,0,1,4
6/25/2025 12:05:37 PM,1750845937172,Right,0.06350684,0.8235848,0.2019155,-0.1195892,0.7902662,0.5612643,0.00418435,0.8252355,0.2165979,-0.09803759,0.7190677,0.504723,-0.1530299,1.427953,0.439805,-0.2577773,0.6234347,0.8804898,False,0,1,4
6/25/2025 12:05:37 PM,1750845937199,Right,0.07369816,0.8165378,0.1624203,-0.08957291,0.7668728,0.5440879,0.01632749,0.814694,0.189936,-0.0772558,0.7028445,0.490556,-0.1362472,1.409018,0.4570577,-0.2190743,0.6078039,0.8621581,False,0,1,4
6/25/2025 12:05:37 PM,1750845937214,Right,0.07725215,0.8138459,0.14245,-0.07593274,0.755025,0.5347812,0.02011913,0.8097407,0.1746331,-0.06850584,0.6944904,0.4822168,-0.1279507,1.398809,0.4653758,-0.2010062,0.5996352,0.8506947,False,0,1,4
6/25/2025 12:05:37 PM,1750845937241,Right,0.08142662,0.8100832,0.10281,-0.05168045,0.7314593,0.5141373,0.02640675,0.8007026,0.1450472,-0.05207446,0.6772245,0.4646893,-0.111751,1.378022,0.4813657,-0.1675122,0.5808328,0.8263348,False,0,1,4
6/25/2025 12:05:37 PM,1750845937255,Right,0.08216476,0.8089219,0.08332407,-0.04042637,0.719723,0.5032619,0.02853675,0.7966931,0.130965,-0.04457926,0.6686379,0.4562786,-0.1040535,1.367366,0.4888982,-0.1516587,0.5712625,0.8142005,False,0,1,4
6/25/2025 12:05:37 PM,1750845937284,Right,0.08432853,0.8065102,0.04570436,-0.01737928,0.6964197,0.4822547,0.03329659,0.7885048,0.1037634,-0.0294068,0.6514308,0.4408464,-0.08890939,1.345699,0.5033689,-0.121094,0.5532945,0.7900138,False,0,1,4
6/25/2025 12:05:37 PM,1750845937297,Right,0.07722843,0.8088129,0.02754736,-0.01273561,0.6853752,0.4671957,0.02890405,0.7866759,0.09028354,-0.02847172,0.6439486,0.4293624,-0.08247161,1.33423,0.5085979,-0.1138196,0.5422659,0.7758445,False,0,1,4
6/25/2025 12:05:37 PM,1750845937311,Right,0.07219446,0.8105547,0.01171029,-0.008197308,0.6757833,0.4535645,0.02656807,0.7844216,0.07839927,-0.02460334,0.6353147,0.4192615,-0.07664168,1.323371,0.5137597,-0.1029879,0.5295181,0.7627527,False,0,1,4
6/25/2025 12:05:37 PM,1750845937339,Right,0.06084013,0.8138064,-0.01390457,0.0003448725,0.6598591,0.4293958,0.02186835,0.7797168,0.05756852,-0.01588066,0.6187111,0.4013861,-0.06609297,1.302188,0.5234381,-0.0799123,0.5057101,0.7392291,False,0,1,4
6/25/2025 12:05:37 PM,1750845937353,Right,0.05537534,0.8146236,-0.02593088,0.005414963,0.6517746,0.4181728,0.01577565,0.7780173,0.05145237,-0.01537289,0.6122646,0.3925564,-0.06070125,1.29181,0.528355,-0.07290046,0.4938251,0.7307693,False,0,1,4
6/25/2025 12:05:37 PM,1750845937381,Right,0.03936303,0.8150901,-0.04228449,0.00885582,0.6388437,0.3984945,0.004826307,0.772457,0.04015484,-0.01415518,0.5989042,0.3782939,-0.05139875,1.272187,0.5372818,-0.05934362,0.4728675,0.7156017,False,0,1,4
6/25/2025 12:05:37 PM,1750845937394,Right,0.03496599,0.8153115,-0.05509746,0.01446867,0.6303279,0.3877319,0.00246736,0.7697177,0.03135815,-0.01039449,0.5913647,0.3714999,-0.04629469,1.262006,0.5419794,-0.04933083,0.4639325,0.7050884,False,0,1,4
6/25/2025 12:05:37 PM,1750845937422,Right,0.007547498,0.8062124,-0.04665577,0.005543709,0.6143584,0.3833073,-0.00789758,0.7628621,0.02926059,-0.009230535,0.5800311,0.3585726,-0.03957951,1.243637,0.5488102,-0.0366079,0.4410043,0.6968558,False,0,1,4
6/25/2025 12:05:37 PM,1750845937436,Right,-0.003408074,0.799859,-0.04349816,0.004057884,0.6053143,0.3816528,-0.0165163,0.7570388,0.03528453,-0.01195966,0.5724177,0.3606068,-0.03606462,1.234244,0.5520588,-0.03250245,0.429338,0.7004587,False,0,1,4
6/25/2025 12:05:37 PM,1750845937464,Right,-0.02365792,0.7844151,-0.03415966,-0.0003123283,0.5880154,0.3834417,-0.03575836,0.740185,0.04641163,-0.02153869,0.5539124,0.3659936,-0.03034985,1.217184,0.5576166,-0.03040891,0.4056873,0.7083654,False,0,1,4
6/25/2025 12:05:37 PM,1750845937478,Right,-0.03372324,0.7750092,-0.02624035,-0.00270772,0.5799963,0.3848594,-0.04447257,0.7303734,0.05375676,-0.02601332,0.5451741,0.3675677,-0.02830768,1.208556,0.5601168,-0.0292802,0.3927264,0.7139566,False,0,1,4
6/25/2025 12:05:37 PM,1750845937492,Right,-0.04353464,0.7646121,-0.01600337,-0.005989552,0.5719198,0.3881813,-0.05370127,0.7195719,0.06181422,-0.03142072,0.5348395,0.371522,-0.02618933,1.200596,0.5625199,-0.02948672,0.379323,0.720407,False,0,1,4
6/25/2025 12:05:37 PM,1750845937520,Right,-0.06168699,0.7412524,0.01109684,-0.01287377,0.5558243,0.399253,-0.06792766,0.6979911,0.08506993,-0.04021003,0.5180724,0.3789748,-0.02142417,1.184995,0.5677135,-0.02812022,0.3512936,0.7395287,False,0,1,4
6/25/2025 12:05:37 PM,1750845937533,Right,-0.06946301,0.7280548,0.02891767,-0.01645207,0.5474671,0.4073082,-0.07433621,0.6865523,0.09897476,-0.04482719,0.509096,0.386556,-0.01971531,1.177671,0.5698647,-0.02851576,0.3380641,0.7520877,False,0,1,4
6/25/2025 12:05:37 PM,1750845937561,Right,-0.08342814,0.7016324,0.06595147,-0.02309096,0.5313811,0.4287986,-0.08558155,0.6627573,0.1309948,-0.05353174,0.4915599,0.4045018,-0.01688242,1.163992,0.5740899,-0.02931203,0.3110408,0.7815556,False,0,1,4
6/25/2025 12:05:37 PM,1750845937574,Right,-0.0897193,0.6876954,0.08749855,-0.02660286,0.5234605,0.4418906,-0.09071648,0.6510154,0.1481499,-0.05772229,0.4830556,0.4147969,-0.01592541,1.15782,0.575875,-0.02966515,0.2979211,0.7975321,False,0,1,4
6/25/2025 12:05:37 PM,1750845937602,Right,-0.1016738,0.6602315,0.1345046,-0.03585744,0.5082585,0.4707909,-0.09668551,0.6349574,0.1752217,-0.06749534,0.4856615,0.4116513,-0.0140655,1.146641,0.578989,-0.03483607,0.2814681,0.8243135,True,0,1,5
6/25/2025 12:05:37 PM,1750845937616,Right,-0.1073301,0.6472192,0.1597582,-0.04246163,0.5008729,0.488296,-0.09800636,0.6308726,0.1831623,-0.06971072,0.4847316,0.4134,-0.01368046,1.142165,0.5803292,-0.03637147,0.2759232,0.8314772,True,0,1,5
6/25/2025 12:05:37 PM,1750845937645,Right,-0.1183369,0.624872,0.2133845,-0.05677342,0.4878005,0.523723,-0.101308,0.6219683,0.2015819,-0.07526217,0.482126,0.4179317,-0.01251745,1.134015,0.5826559,-0.04096097,0.2617995,0.8471335,True,0,1,5
6/25/2025 12:05:37 PM,1750845937659,Right,-0.1236968,0.6160156,0.2418483,-0.06350374,0.4836355,0.5419265,-0.1031021,0.6177189,0.2116147,-0.07842542,0.4814609,0.4198737,-0.01222527,1.130712,0.5837107,-0.04376838,0.2540313,0.8552846,True,0,1,5
6/25/2025 12:05:37 PM,1750845937673,Right,-0.1280078,0.6094598,0.2707224,-0.06964564,0.4827301,0.5635784,-0.1051,0.6132408,0.2231922,-0.08179674,0.4795578,0.4244003,-0.01174212,1.128134,0.5845453,-0.04719327,0.2450863,0.8644482,True,0,1,5
6/25/2025 12:05:37 PM,1750845937700,Right,-0.1344509,0.6019338,0.3266594,-0.08086348,0.4815354,0.6071814,-0.1090533,0.605059,0.2484154,-0.08866489,0.4739285,0.438943,-0.01085043,1.124739,0.5866954,-0.05585254,0.2265688,0.8840371,True,0,1,5
6/25/2025 12:05:37 PM,1750845937714,Right,-0.1373277,0.6003355,0.3530868,-0.08684134,0.4821008,0.6288569,-0.1110359,0.6014287,0.2625338,-0.09250203,0.4708119,0.448734,-0.01078892,1.123937,0.5880886,-0.06184906,0.2172951,0.8950858,True,0,1,5
6/25/2025 12:05:37 PM,1750845937742,Right,-0.1438398,0.6040663,0.4003899,-0.1002381,0.4889747,0.6724827,-0.1151524,0.5956914,0.2924082,-0.1009098,0.465028,0.4738712,-0.01043034,1.124417,0.5907899,-0.07702382,0.2037505,0.9209213,True,0,1,5
6/25/2025 12:05:37 PM,1750845937756,Right,-0.1476343,0.6073539,0.4197658,-0.1071599,0.4945684,0.6933447,-0.1176065,0.5934439,0.3093081,-0.1044173,0.4638947,0.4908171,-0.01079166,1.125968,0.5922712,-0.08187901,0.2042,0.9396356,True,0,1,5
6/25/2025 12:05:37 PM,1750845937783,Right,-0.1536403,0.6142223,0.4505671,-0.1203284,0.5098437,0.7313054,-0.1230754,0.5908289,0.3447368,-0.1115341,0.4619211,0.5305712,-0.01191354,1.130636,0.5950596,-0.09378837,0.2098509,0.9804239,True,0,1,5
6/25/2025 12:05:37 PM,1750845937797,Right,-0.1550255,0.6185622,0.4603359,-0.1268361,0.5192937,0.7479391,-0.126079,0.5903999,0.3638126,-0.1156351,0.4627014,0.5512438,-0.01287556,1.134089,0.5967842,-0.1009157,0.2146175,1.002761,True,0,1,5
6/25/2025 12:05:37 PM,1750845937825,Right,-0.1586443,0.6248033,0.4796048,-0.1404557,0.5403209,0.7777004,-0.1324331,0.5920152,0.4027424,-0.1241394,0.4650381,0.5972514,-0.01568758,1.14242,0.6018617,-0.1161902,0.2285539,1.049064,True,0,1,5
6/25/2025 12:05:37 PM,1750845937839,Right,-0.1599634,0.628823,0.4854016,-0.1477435,0.550894,0.7907348,-0.1360915,0.5943614,0.423623,-0.129169,0.4680088,0.6221566,-0.01758742,1.147263,0.6048037,-0.1252947,0.2381975,1.074108,True,0,1,5
6/25/2025 12:05:37 PM,1750845937853,Right,-0.1609066,0.6330825,0.4910504,-0.1553853,0.5612042,0.8025906,-0.1401072,0.5985363,0.4454439,-0.134901,0.4727567,0.6486682,-0.02004552,1.152591,0.6077814,-0.1357867,0.2503642,1.100316,True,0,1,5
6/25/2025 12:05:37 PM,1750845937881,Right,-0.1611478,0.6424196,0.4996513,-0.1712475,0.5826876,0.8231602,-0.1478219,0.6153698,0.4862817,-0.1471402,0.4908789,0.700066,-0.02626443,1.16453,0.6134552,-0.1589852,0.2846462,1.150057,True,0,1,5
6/25/2025 12:05:37 PM,1750845937895,Right,-0.1605268,0.6471854,0.5019192,-0.1793969,0.5939005,0.8317676,-0.1484,0.6208111,0.4887072,-0.150517,0.4975685,0.7073489,-0.03009772,1.171037,0.6164411,-0.1683704,0.2993957,1.156834,True,0,1,5
6/25/2025 12:05:37 PM,1750845937922,Right,-0.1584911,0.6552291,0.50363,-0.1966836,0.6153401,0.8461008,-0.1492898,0.6311167,0.491514,-0.158285,0.5102441,0.7222492,-0.03999996,1.185707,0.6226065,-0.1895244,0.3304986,1.168352,True,0,1,5
6/25/2025 12:05:37 PM,1750845937936,Right,-0.1575482,0.6585895,0.504137,-0.205665,0.6261934,0.8529446,-0.1499902,0.636001,0.4926007,-0.162866,0.5168253,0.7291627,-0.04539442,1.193258,0.6253613,-0.2010807,0.3463347,1.17347,True,0,1,5
6/25/2025 12:05:37 PM,1750845937964,Right,-0.1561049,0.6644881,0.5025802,-0.2255528,0.6508443,0.8646564,-0.1520117,0.6455805,0.4927414,-0.1738491,0.5305218,0.7434316,-0.05781031,1.209673,0.6305946,-0.2266977,0.3813527,1.18173,True,0,1,5
6/25/2025 12:05:37 PM,1750845937978,Right,-0.1555662,0.6672269,0.5009685,-0.236721,0.6638533,0.8691599,-0.1533136,0.6504642,0.4920677,-0.1802002,0.5380642,0.7501563,-0.06463373,1.218541,0.632735,-0.2406817,0.4000608,1.184718,True,0,1,5
6/25/2025 12:05:37 PM,1750845937992,Right,-0.1551063,0.67014,0.4999669,-0.2478704,0.6770772,0.8738308,-0.1547687,0.6554775,0.491756,-0.1871799,0.5463119,0.7573175,-0.07183409,1.227454,0.634493,-0.2556314,0.4198236,1.18774,True,0,1,5
6/25/2025 12:05:38 PM,1750845938019,Right,-0.1546135,0.6769354,0.4993193,-0.2713474,0.7050601,0.8811383,-0.1583834,0.6664636,0.4920213,-0.2030312,0.5655081,0.7714082,-0.08799982,1.246684,0.6370417,-0.2879859,0.4619406,1.193073,True,0,1,5
6/25/2025 12:05:38 PM,1750845938034,Right,-0.1543665,0.6809271,0.5001848,-0.2839594,0.7189973,0.8828812,-0.1603642,0.6725981,0.4927484,-0.2118016,0.5766272,0.7776063,-0.09618711,1.256609,0.6378459,-0.3055046,0.483996,1.195218,True,0,1,5
6/25/2025 12:05:38 PM,1750845938062,Right,-0.1538191,0.6901587,0.5036949,-0.3095472,0.7452747,0.886142,-0.1642647,0.6857055,0.4954309,-0.2321514,0.6013026,0.7885045,-0.1138372,1.277014,0.6381333,-0.3461019,0.53045,1.197521,True,0,1,5
6/25/2025 12:05:38 PM,1750845938075,Right,-0.1546882,0.6959879,0.5071112,-0.3242114,0.7584116,0.8854017,-0.1672812,0.6930347,0.4974824,-0.2445839,0.614484,0.7924348,-0.1237395,1.28719,0.636595,-0.3701189,0.5532731,1.197071,True,0,1,5
6/25/2025 12:05:38 PM,1750845938103,Right,-0.159023,0.7080379,0.5141108,-0.3532205,0.7849814,0.8842061,-0.1752747,0.7077328,0.5019028,-0.2717395,0.6398412,0.798002,-0.1432862,1.307839,0.6332637,-0.4207071,0.5951413,1.192689,True,0,1,5
6/25/2025 12:05:38 PM,1750845938117,Right,-0.1628002,0.7153338,0.5183042,-0.3691159,0.798283,0.8812428,-0.1805198,0.7161794,0.5042708,-0.2874647,0.6531318,0.7989471,-0.153682,1.318439,0.630523,-0.4495997,0.6153373,1.18803,True,0,1,5
6/25/2025 12:05:38 PM,1750845938144,Right,-0.1729516,0.7309695,0.5275607,-0.4032269,0.8253136,0.8741286,-0.1934486,0.7341273,0.5095371,-0.3149126,0.6758604,0.800171,-0.1743417,1.339676,0.6233693,-0.4955372,0.6446689,1.180983,True,0,1,5
6/25/2025 12:05:38 PM,1750845938159,Right,-0.1787065,0.7387353,0.5322534,-0.4216343,0.838765,0.8700695,-0.2003576,0.742905,0.5120111,-0.3295085,0.6872423,0.8009407,-0.1848207,1.350341,0.6191519,-0.5191183,0.6599293,1.176546,True,0,1,5
6/25/2025 12:05:38 PM,1750845938173,Right,-0.1854385,0.7468871,0.5371903,-0.4410727,0.8520788,0.8655362,-0.2083246,0.7518753,0.5145408,-0.3455256,0.6983174,0.8007821,-0.1949652,1.360325,0.6139809,-0.5448987,0.6740189,1.170861,True,0,1,5
6/25/2025 12:05:38 PM,1750845938201,Right,-0.200492,0.7634341,0.5465121,-0.481725,0.8788085,0.8543866,-0.2240331,0.7691307,0.5183906,-0.3783267,0.720502,0.8000109,-0.2159047,1.380597,0.601742,-0.5963656,0.7036704,1.1565,True,0,1,5
6/25/2025 12:05:38 PM,1750845938214,Right,-0.209252,0.7717738,0.5504158,-0.5025578,0.8924531,0.8472004,-0.2330341,0.7779247,0.5196612,-0.3960345,0.7318938,0.7982913,-0.2265263,1.390476,0.5945891,-0.6235721,0.7187809,1.147421,True,0,1,5
6/25/2025 12:05:38 PM,1750845938242,Right,-0.2285444,0.7886257,0.5567905,-0.544697,0.9189918,0.8297102,-0.2536546,0.7962387,0.5204642,-0.4332787,0.7546709,0.7919202,-0.2470635,1.409584,0.5788552,-0.6789834,0.747749,1.126141,True,0,1,5
6/25/2025 12:05:38 PM,1750845938255,Right,-0.2402182,0.7976277,0.5589308,-0.566009,0.9320514,0.817946,-0.2645495,0.8051398,0.5199325,-0.4522357,0.7654376,0.7865152,-0.256968,1.418669,0.5696895,-0.7073976,0.7609371,1.113255,True,0,1,5
6/25/2025 12:05:38 PM,1750845938284,Right,-0.2632565,0.8157407,0.5624592,-0.6078339,0.9574845,0.792928,-0.2872128,0.8232446,0.5177562,-0.4898135,0.7860883,0.7737621,-0.2771597,1.436388,0.5510168,-0.7630086,0.7847307,1.085414,True,0,1,5
6/25/2025 12:05:38 PM,1750845938297,Right,-0.2758565,0.8251967,0.5634083,-0.6286099,0.9697729,0.7783604,-0.2990763,0.8322662,0.5159647,-0.5086064,0.7958006,0.7659839,-0.2868141,1.444602,0.5410035,-0.7908655,0.7950999,1.069916,True,0,1,5
6/25/2025 12:05:38 PM,1750845938312,Right,-0.2893225,0.8350669,0.5637414,-0.6491652,0.981518,0.7619534,-0.3103189,0.8411705,0.5144268,-0.5277215,0.8059849,0.7589018,-0.2957646,1.452439,0.5305253,-0.8184363,0.8069768,1.053637,True,0,1,5
6/25/2025 12:05:38 PM,1750845938339,Right,-0.3157496,0.8546695,0.5633533,-0.6893351,1.004101,0.7285794,-0.3354959,0.8591332,0.5078094,-0.5642363,0.822157,0.7374461,-0.3128128,1.46663,0.5085473,-0.8736325,0.8198029,1.016693,True,0,1,5
6/25/2025 12:05:38 PM,1750845938352,Right,-0.3290377,0.8643923,0.562157,-0.7089651,1.015083,0.7110256,-0.3469326,0.8673902,0.5042493,-0.5812907,0.8302776,0.7281509,-0.3208791,1.473291,0.4972157,-0.8976489,0.827636,0.9994574,True,0,1,5
6/25/2025 12:05:38 PM,1750845938381,Right,-0.3576965,0.8846541,0.5545243,-0.7458532,1.033072,0.6673471,-0.3723795,0.8848317,0.4926862,-0.6163988,0.8435231,0.7001669,-0.3345066,1.484369,0.4745413,-0.9508151,0.8341423,0.9541436,True,0,1,5
6/25/2025 12:05:38 PM,1750845938394,Right,-0.3703783,0.8941878,0.5536653,-0.7654283,1.044001,0.6506932,-0.3838004,0.8932619,0.4892325,-0.636124,0.8521109,0.6900958,-0.342145,1.490749,0.4633038,-0.9770156,0.8434625,0.9316303,True,0,1,5
6/25/2025 12:05:38 PM,1750845938423,Right,-0.3966569,0.9135892,0.5495969,-0.8034558,1.064049,0.6136044,-0.4070882,0.9099568,0.4805238,-0.6749707,0.8683718,0.666625,-0.3564602,1.502418,0.4406739,-1.028307,0.8597636,0.8826029,True,0,1,5
6/25/2025 12:05:38 PM,1750845938436,Right,-0.4115007,0.9237692,0.5415659,-0.819716,1.070023,0.5874112,-0.4187371,0.9183359,0.4761262,-0.6953565,0.8767623,0.6539249,-0.3620403,1.506775,0.4297646,-1.054287,0.8686203,0.8552097,True,0,1,5
6/25/2025 12:05:38 PM,1750845938464,Right,-0.4380966,0.9405171,0.5081047,-0.8364546,1.063448,0.5189497,-0.4346417,0.9260431,0.450615,-0.6968469,0.8660597,0.6102387,-0.3690907,1.508848,0.4104488,-1.074741,0.8270755,0.8119721,True,0,1,5
6/25/2025 12:05:38 PM,1750845938478,Right,-0.4498073,0.9487919,0.4963458,-0.8452034,1.06017,0.491774,-0.4449943,0.9320953,0.4384398,-0.7053243,0.8629927,0.5894693,-0.373607,1.510582,0.4002055,-1.089525,0.80905,0.784186,True,0,1,5
6/25/2025 12:05:38 PM,1750845938492,Right,-0.4614329,0.9570065,0.4856166,-0.8546009,1.05797,0.4662366,-0.4560646,0.9387717,0.4257428,-0.7139865,0.860354,0.5679541,-0.3783408,1.51286,0.3902044,-1.104031,0.790334,0.7546903,True,0,1,5
6/25/2025 12:05:38 PM,1750845938520,Right,-0.4815823,0.9713743,0.4585571,-0.8587642,1.048027,0.4160826,-0.4769333,0.9515705,0.3975811,-0.7206347,0.8548881,0.5241868,-0.3864508,1.51634,0.3718203,-1.121061,0.7458111,0.7023147,True,0,1,5
6/25/2025 12:05:38 PM,1750845938534,Right,-0.4907687,0.9777758,0.4451969,-0.8611424,1.048553,0.3933653,-0.4861013,0.9569986,0.3828522,-0.7223666,0.850951,0.5029498,-0.3901772,1.51762,0.3631878,-1.124981,0.7205175,0.6761262,True,0,1,5
6/25/2025 12:05:38 PM,1750845938561,Right,-0.505173,0.9876867,0.4177549,-0.8689039,1.055719,0.3523984,-0.4988865,0.9643151,0.3583507,-0.731596,0.8527133,0.4708776,-0.3966013,1.519473,0.3467021,-1.138169,0.7061962,0.6318332,True,0,1,5
6/25/2025 12:05:38 PM,1750845938576,Right,-0.5108874,0.9912527,0.404323,-0.8747694,1.058452,0.3313106,-0.5038956,0.9668716,0.3462296,-0.7386779,0.8540926,0.455689,-0.3993222,1.519881,0.3389411,-1.146459,0.7051603,0.6083745,True,0,1,5
6/25/2025 12:05:38 PM,1750845938603,Right,-0.5185342,0.9936321,0.3789042,-0.8863463,1.059603,0.2891394,-0.5110994,0.9689668,0.3234661,-0.7536913,0.8533278,0.4266137,-0.4048753,1.521043,0.3251491,-1.161628,0.7018551,0.5591862,True,0,1,5
6/25/2025 12:05:38 PM,1750845938617,Right,-0.5209935,0.9932842,0.3681896,-0.891144,1.058752,0.2692525,-0.5131086,0.9684392,0.3140384,-0.7610946,0.8515356,0.4140682,-0.4075837,1.521565,0.3190215,-1.168096,0.700284,0.5358158,True,0,1,5
6/25/2025 12:05:38 PM,1750845938631,Right,-0.5217985,0.9913885,0.3609325,-0.8943768,1.056077,0.2514985,-0.5151283,0.9679818,0.3062068,-0.7677894,0.8497815,0.4019876,-0.4100889,1.521752,0.3136617,-1.174314,0.697485,0.5121341,True,0,1,5
6/25/2025 12:05:38 PM,1750845938659,Right,-0.5304344,0.9950734,0.3506491,-0.8971238,1.049625,0.2195176,-0.5208886,0.9691121,0.2968906,-0.7773329,0.8471879,0.3818767,-0.4142432,1.521888,0.303568,-1.184135,0.6858754,0.470042,True,0,1,5
6/25/2025 12:05:38 PM,1750845938673,Right,-0.5379746,1.000084,0.3429971,-0.8984134,1.046497,0.2047709,-0.5253924,0.9715131,0.2926123,-0.7770296,0.8471544,0.371673,-0.4163356,1.521702,0.2987469,-1.185892,0.6742412,0.4522061,True,0,1,5
6/25/2025 12:05:38 PM,1750845938701,Right,-0.5499647,1.011775,0.3147222,-0.8985209,1.039089,0.1845732,-0.5332172,0.9767122,0.2788993,-0.7689703,0.8449057,0.3524622,-0.4198788,1.520344,0.2906506,-1.176535,0.6394895,0.4289759,True,0,1,5
6/25/2025 12:05:38 PM,1750845938715,Right,-0.5484776,1.009895,0.3049423,-0.8987694,1.037142,0.1759325,-0.5348063,0.977465,0.2708223,-0.7681788,0.8394222,0.3448847,-0.4214573,1.519671,0.2873389,-1.168326,0.6219162,0.4202824,True,0,1,5
6/25/2025 12:05:38 PM,1750845938743,Right,-0.5401466,0.9944068,0.3068571,-0.8992319,1.033865,0.1620748,-0.53234,0.9687157,0.2572815,-0.7776779,0.828019,0.3264831,-0.4244908,1.518233,0.280907,-1.170168,0.612491,0.3852654,True,0,1,5
6/25/2025 12:05:38 PM,1750845938756,Right,-0.5361755,0.9874646,0.3116982,-0.898603,1.031409,0.1577219,-0.5290896,0.963212,0.261478,-0.7821823,0.8215237,0.328256,-0.4259095,1.517406,0.2782767,-1.169975,0.6088487,0.3789219,True,0,1,5
6/25/2025 12:05:38 PM,1750845938784,Right,-0.5317094,0.9819789,0.3158389,-0.8957984,1.025013,0.1553671,-0.5262367,0.9590604,0.2636968,-0.7859473,0.8199379,0.3210342,-0.4278966,1.515705,0.27464,-1.1722,0.6065601,0.3562976,True,0,1,5
6/25/2025 12:05:38 PM,1750845938798,Right,-0.5290835,0.9799807,0.3168108,-0.8936651,1.021159,0.1576519,-0.5247988,0.9574714,0.2636877,-0.7854943,0.8187214,0.3175862,-0.429029,1.514746,0.2730794,-1.170194,0.6019776,0.348478,False,0,1,5
6/25/2025 12:05:38 PM,1750845938811,Right,-0.524483,0.9762337,0.3200833,-0.8909106,1.017329,0.1620681,-0.5242795,0.9576309,0.2666977,-0.8044162,0.8119677,0.3213107,-0.4298989,1.513822,0.2715153,-1.171302,0.6038221,0.3459515,False,0,1,5
6/25/2025 12:05:38 PM,1750845938840,Right,-0.5137777,0.9670014,0.3307456,-0.8850362,1.01056,0.1745795,-0.5202742,0.9551827,0.2741459,-0.8078934,0.8140169,0.3229616,-0.4309564,1.511834,0.2697203,-1.173646,0.6105949,0.3409627,False,0,1,5
6/25/2025 12:05:38 PM,1750845938853,Right,-0.507183,0.9621167,0.3401469,-0.8824286,1.007866,0.1834978,-0.5170352,0.9529445,0.2791418,-0.8097384,0.8147004,0.3245734,-0.4312289,1.510852,0.2695651,-1.176802,0.6190325,0.3366827,False,0,1,5
6/25/2025 12:05:38 PM,1750845938881,Right,-0.4950132,0.9532508,0.3555608,-0.8762782,1.003851,0.2038186,-0.5094669,0.9476871,0.2899418,-0.810802,0.8172435,0.3290959,-0.4310349,1.509128,0.2701299,-1.181883,0.6374239,0.3310918,False,0,1,5
6/25/2025 12:05:38 PM,1750845938895,Right,-0.4870611,0.9482425,0.3642358,-0.8728111,1.002258,0.2146465,-0.5045081,0.9444504,0.2963466,-0.811204,0.8189581,0.3327397,-0.4307091,1.508421,0.2710558,-1.183965,0.6489857,0.3300926,False,0,1,5
6/25/2025 12:05:38 PM,1750845938922,Right,-0.4706969,0.9382106,0.3798016,-0.8651247,0.9991548,0.2380203,-0.4920135,0.9369293,0.3106447,-0.8098453,0.8240821,0.3431661,-0.4295141,1.507528,0.2739321,-1.186188,0.6767465,0.333592,False,0,1,5
6/25/2025 12:05:38 PM,1750845938937,Right,-0.4593458,0.9328339,0.3880659,-0.8600588,0.9979119,0.2533714,-0.4842448,0.932843,0.318339,-0.8077536,0.8276718,0.3507593,-0.4284294,1.507279,0.2766148,-1.185764,0.6930516,0.3400266,False,0,1,5
6/25/2025 12:05:38 PM,1750845938965,Right,-0.4364823,0.9220843,0.4017507,-0.8496335,0.9948493,0.2829096,-0.4647104,0.9238615,0.3341175,-0.8002047,0.8359092,0.3712596,-0.4263331,1.507025,0.2827766,-1.179731,0.7290046,0.3637109,False,0,1,5
6/25/2025 12:05:38 PM,1750845938979,Right,-0.4234276,0.9162062,0.4079554,-0.8436477,0.9935242,0.2986802,-0.4535926,0.9192114,0.3415732,-0.7944268,0.8400254,0.3833424,-0.4249395,1.507055,0.2867073,-1.173926,0.746722,0.3798862,False,0,1,5
6/25/2025 12:05:38 PM,1750845938992,Right,-0.4094877,0.9102799,0.4137762,-0.8360665,0.9920086,0.316907,-0.4399098,0.9138804,0.3495353,-0.785621,0.84446,0.3983424,-0.4231454,1.507223,0.2910435,-1.164823,0.7658979,0.4015234,False,0,1,5
6/25/2025 12:05:39 PM,1750845939020,Right,-0.3791939,0.8995157,0.4246321,-0.8188841,0.98771,0.353336,-0.4109518,0.9043766,0.3628935,-0.7641983,0.8516427,0.4292026,-0.4183023,1.507144,0.2998099,-1.140028,0.7987887,0.4489127,False,0,1,5
6/25/2025 12:05:39 PM,1750845939034,Right,-0.3640623,0.8945648,0.4306755,-0.8082507,0.9850823,0.3726035,-0.3948516,0.8998054,0.370156,-0.7495836,0.8515007,0.4443726,-0.415354,1.507316,0.3047998,-1.123678,0.8072178,0.4718375,False,0,1,5
6/25/2025 12:05:39 PM,1750845939062,Right,-0.3321621,0.8875216,0.43931,-0.7831097,0.9797024,0.4128393,-0.3639279,0.8939276,0.3812402,-0.7187352,0.8512744,0.4724847,-0.4090691,1.508082,0.316331,-1.089266,0.8209287,0.517829,False,0,1,5
6/25/2025 12:05:39 PM,1750845939075,Right,-0.3156645,0.8847214,0.4431336,-0.7678702,0.9758834,0.4332203,-0.3503073,0.8919533,0.3856972,-0.7034731,0.8506105,0.4864956,-0.4055262,1.508596,0.3225936,-1.072155,0.8256238,0.5426576,False,0,1,5
6/25/2025 12:05:39 PM,1750845939103,Right,-0.2798715,0.879442,0.4492307,-0.7317884,0.9664996,0.4737523,-0.320765,0.8886315,0.3933044,-0.6669383,0.8474718,0.5145828,-0.3970613,1.509252,0.336722,-1.031753,0.8307866,0.5964061,False,0,1,5
6/25/2025 12:05:39 PM,1750845939117,Right,-0.2599679,0.876307,0.45127,-0.7118571,0.9616209,0.4935904,-0.3051293,0.8868327,0.3960724,-0.6477845,0.8455483,0.5278977,-0.3920668,1.509696,0.3447381,-1.009133,0.8327779,0.6231345,False,0,1,5
6/25/2025 12:05:39 PM,1750845939131,Right,-0.2392737,0.8728343,0.4529058,-0.6889181,0.9561212,0.5130124,-0.2874292,0.8845403,0.3991196,-0.6249404,0.8429545,0.5423111,-0.3861861,1.510019,0.3534184,-0.982412,0.8339223,0.6531607,False,0,1,5
6/25/2025 12:05:39 PM,1750845939159,Right,-0.192636,0.8650674,0.4527608,-0.6381669,0.9433112,0.5486641,-0.2499529,0.879504,0.4028107,-0.5773216,0.83733,0.5698261,-0.3724575,1.51016,0.3717228,-0.9223186,0.8352723,0.7127595,False,0,1,5
6/25/2025 12:05:39 PM,1750845939173,Right,-0.1670611,0.8608592,0.4503101,-0.608299,0.9349195,0.5635939,-0.2293386,0.8766982,0.4030163,-0.5493474,0.8325415,0.5818187,-0.3642642,1.509953,0.3815025,-0.887226,0.8314431,0.7424808,False,0,1,5
6/25/2025 12:05:39 PM,1750845939200,Right,-0.1163274,0.8529391,0.4428554,-0.5478964,0.9161053,0.5886178,-0.1852491,0.8706648,0.401905,-0.4930414,0.8219863,0.6004546,-0.3462063,1.508409,0.4012748,-0.8186795,0.8175731,0.7840663,False,0,1,5
6/25/2025 12:05:39 PM,1750845939214,Right,-0.09140873,0.8499449,0.4378526,-0.517397,0.9065868,0.5993901,-0.1638924,0.8682004,0.3997949,-0.4643465,0.8156551,0.604388,-0.3365518,1.507284,0.4114407,-0.7870578,0.806663,0.7972597,False,0,1,5
6/25/2025 12:05:39 PM,1750845939242,Right,-0.04128325,0.8456259,0.4227191,-0.4521508,0.8871192,0.6142582,-0.1138822,0.8633026,0.3911527,-0.3978589,0.8016905,0.6106582,-0.3145748,1.503221,0.4311633,-0.7103258,0.7824147,0.824526,False,0,1,5
6/25/2025 12:05:39 PM,1750845939256,Right,-0.0154959,0.8441266,0.4104165,-0.4167271,0.8776699,0.6151351,-0.08989397,0.8610401,0.3851319,-0.3647133,0.7950219,0.61139,-0.3022981,1.500127,0.4402857,-0.6718463,0.7703063,0.8359078,False,0,1,5
6/25/2025 12:05:39 PM,1750845939284,Right,0.03606594,0.841467,0.3823245,-0.3490366,0.8604953,0.6057377,-0.0429925,0.8570092,0.3644269,-0.2973699,0.7794459,0.6021095,-0.2767611,1.492517,0.4565762,-0.5938734,0.7391097,0.846848,False,0,1,5
6/25/2025 12:05:39 PM,1750845939298,Right,0.06107068,0.8400266,0.3692015,-0.3182412,0.8519598,0.6051146,-0.02033755,0.8548662,0.3548264,-0.2689503,0.7736243,0.5985135,-0.2640487,1.488699,0.4646955,-0.5593666,0.7289875,0.8484887,False,0,1,5
6/25/2025 12:05:39 PM,1750845939312,Right,0.08505476,0.8398068,0.349171,-0.2895045,0.8437416,0.5951113,0.0008807578,0.8533558,0.3406595,-0.2435151,0.7683079,0.5887471,-0.2508742,1.484034,0.4719669,-0.5293636,0.719171,0.8415941,False,0,1,5
6/25/2025 12:05:39 PM,1750845939339,Right,0.1227388,0.8400817,0.3061786,-0.2362731,0.8282038,0.5802519,0.03856629,0.8502126,0.3107501,-0.1962256,0.7593505,0.5705073,-0.2247252,1.474126,0.4853222,-0.4701469,0.7037263,0.8302236,False,0,1,5
6/25/2025 12:05:39 PM,1750845939354,Right,0.1367639,0.8412192,0.2822266,-0.2110391,0.8207354,0.5724885,0.05069908,0.849768,0.2906269,-0.17813,0.7561277,0.5561028,-0.2116781,1.468837,0.491446,-0.4452127,0.6977662,0.8207846,False,0,1,5
6/25/2025 12:05:39 PM,1750845939381,Right,0.1518726,0.8432192,0.2266797,-0.1655753,0.8066304,0.5520535,0.06904849,0.847522,0.2492349,-0.1456901,0.7485051,0.5274445,-0.1861069,1.456855,0.5026066,-0.3963167,0.6855824,0.8035913,False,0,1,5
6/25/2025 12:05:39 PM,1750845939396,Right,0.1583178,0.8440362,0.1998676,-0.1434915,0.7997224,0.5417732,0.07552534,0.8462771,0.2279713,-0.1311525,0.7445281,0.513104,-0.1737584,1.450735,0.5078197,-0.3722328,0.6795878,0.7952697,False,0,1,5
6/25/2025 12:05:39 PM,1750845939423,Right,0.161952,0.8478423,0.1465003,-0.1037031,0.7875682,0.5173105,0.08300065,0.844903,0.1870344,-0.1054152,0.7375957,0.4844842,-0.1508831,1.437252,0.5165403,-0.3268058,0.6679797,0.7793662,False,0,1,5
6/25/2025 12:05:39 PM,1750845939437,Right,0.1597288,0.8505653,0.1214621,-0.08660913,0.7818016,0.5039011,0.08542095,0.8444453,0.1679576,-0.09272711,0.7337816,0.4716285,-0.1404102,1.430059,0.5206039,-0.3030273,0.6613668,0.7726809,False,0,1,5
6/25/2025 12:05:39 PM,1750845939464,Right,0.1532977,0.8552884,0.07390928,-0.05621731,0.7709079,0.4785175,0.08281867,0.8435344,0.1311531,-0.07284845,0.725563,0.4465458,-0.121649,1.415416,0.5276492,-0.259423,0.6468384,0.7590715,False,0,1,5
6/25/2025 12:05:39 PM,1750845939479,Right,0.1506466,0.8572413,0.05037391,-0.04138637,0.7654018,0.4668813,0.08158736,0.8425887,0.1130953,-0.06269874,0.7205223,0.4360606,-0.1127278,1.407606,0.5313504,-0.2357089,0.6396448,0.7520295,False,0,1,5
6/25/2025 12:05:39 PM,1750845939492,Right,0.1441122,0.8590218,0.02746892,-0.02971292,0.7599352,0.4556588,0.077935,0.8414145,0.09551463,-0.05315167,0.7151056,0.4269139,-0.1048522,1.399538,0.5350671,-0.2107847,0.6324466,0.7459556,False,0,1,5
6/25/2025 12:05:39 PM,1750845939520,Right,0.1258062,0.862193,-0.01446509,-0.01002574,0.7472741,0.4365096,0.06618081,0.838513,0.0633845,-0.03784297,0.7042171,0.4115877,-0.09051275,1.382398,0.5420965,-0.1648523,0.6198144,0.7333806,False,0,1,5
6/25/2025 12:05:39 PM,1750845939534,Right,0.1138042,0.8637494,-0.03202748,-0.002486348,0.7398635,0.4283881,0.05783363,0.8369499,0.04993924,-0.03103306,0.6981799,0.4062986,-0.08430648,1.373593,0.5451857,-0.1420349,0.6129352,0.7281502,False,0,1,5
6/25/2025 12:05:39 PM,1750845939562,Right,0.0904541,0.8668196,-0.06281018,0.01170456,0.7255602,0.4125006,0.04139213,0.8337855,0.02643824,-0.01321844,0.6851689,0.3955716,-0.07293391,1.355913,0.5508015,-0.09151068,0.5968076,0.7165675,False,0,1,5
6/25/2025 12:05:39 PM,1750845939576,Right,0.07634139,0.8679895,-0.07343328,0.01609731,0.7176912,0.4064316,0.03167796,0.8319314,0.0175465,-0.008351933,0.678242,0.3907674,-0.06828022,1.346772,0.5528409,-0.07317682,0.5882784,0.7101783,False,0,1,5
6/25/2025 12:05:39 PM,1750845939604,Right,0.04792356,0.8690379,-0.08757997,0.02282524,0.6986219,0.3972558,0.0105703,0.8273201,0.007098168,-0.005693749,0.6624987,0.3838548,-0.05905199,1.328923,0.5584229,-0.04903191,0.5678231,0.6993474,False,0,1,5
6/25/2025 12:05:39 PM,1750845939618,Right,0.03486264,0.8690028,-0.09230626,0.02553153,0.6884255,0.393815,0.0006027222,0.8245907,0.00499633,-0.005713845,0.6534544,0.3829359,-0.05451512,1.32017,0.5615762,-0.04019641,0.5563157,0.69526,False,0,1,5
6/25/2025 12:05:39 PM,1750845939632,Right,0.02240229,0.868064,-0.0929873,0.02682614,0.6774883,0.3921256,-0.008541927,0.8215315,0.003840536,-0.005144097,0.6444095,0.381989,-0.05109215,1.311728,0.5646727,-0.03155008,0.5444224,0.6914314,False,0,1,5
6/25/2025 12:05:39 PM,1750845939659,Right,0.0009496212,0.8634332,-0.08800995,0.0268749,0.6567261,0.3912753,-0.02466141,0.8133494,0.01004538,-0.007022239,0.6256567,0.3832122,-0.04518366,1.295694,0.5696363,-0.02153039,0.5175407,0.6901833,False,0,1,5
6/25/2025 12:05:39 PM,1750845939673,Right,-0.007818699,0.8587089,-0.08163166,0.02470589,0.6470169,0.3925109,-0.03158151,0.8085216,0.01344082,-0.008212715,0.616805,0.3838542,-0.0428412,1.288333,0.5716971,-0.01773162,0.5052319,0.6901413,False,0,1,5
6/25/2025 12:05:39 PM,1750845939701,Right,-0.02553189,0.8459629,-0.06593752,0.01887989,0.6284007,0.3969485,-0.04324202,0.7961335,0.02735668,-0.01356724,0.6002775,0.3871401,-0.03773308,1.274665,0.5762347,-0.0158858,0.4797602,0.697625,False,0,1,5
6/25/2025 12:05:39 PM,1750845939715,Right,-0.03409696,0.8370582,-0.0528295,0.0143683,0.6192009,0.4011629,-0.04847145,0.7893996,0.03634099,-0.01655306,0.5926746,0.3885754,-0.03480244,1.26817,0.5788696,-0.01523619,0.4664233,0.7031857,False,0,1,5
6/25/2025 12:05:39 PM,1750845939743,Right,-0.04780471,0.8156647,-0.01786816,0.004101276,0.6004356,0.4203473,-0.05744047,0.7749277,0.05795379,-0.02377531,0.5784212,0.3970581,-0.02844357,1.256735,0.583843,-0.01700027,0.4427015,0.7198378,False,0,1,5
6/25/2025 12:05:39 PM,1750845939757,Right,-0.05140948,0.8028929,0.004131436,0.002271175,0.5915577,0.4337758,-0.05997929,0.7671748,0.07068167,-0.02612828,0.5724007,0.4010114,-0.02501082,1.250429,0.5863818,-0.01721038,0.4302849,0.7300572,False,0,1,5
6/25/2025 12:05:39 PM,1750845939784,Right,-0.05578804,0.7765835,0.04863,0.004601002,0.5787197,0.4644697,-0.06343677,0.749526,0.09954448,-0.02662815,0.5620651,0.4188802,-0.01933634,1.237664,0.5904821,-0.01179092,0.4145175,0.759243,False,0,1,5
6/25/2025 12:05:39 PM,1750845939798,Right,-0.05676746,0.7625872,0.07283318,0.005749464,0.5736236,0.4804198,-0.0641043,0.7401431,0.1151973,-0.02821038,0.5573407,0.4265974,-0.01750803,1.230961,0.5922039,-0.01219381,0.4052573,0.7749373,False,0,1,5
6/25/2025 12:05:39 PM,1750845939811,Right,-0.05760384,0.7487524,0.09721458,0.005196333,0.5680344,0.4961882,-0.06462608,0.7305775,0.1312468,-0.02961172,0.5522546,0.4350163,-0.01611018,1.224102,0.594027,-0.01237952,0.3958451,0.7910382,True,0,1,6
6/25/2025 12:05:39 PM,1750845939840,Right,-0.05623949,0.720113,0.1518114,-0.002829313,0.5539311,0.5320747,-0.06497905,0.7234117,0.1445121,-0.03450979,0.5644387,0.4133535,-0.01457083,1.210128,0.5965776,-0.01374272,0.3866833,0.8033664,True,0,1,6
6/25/2025 12:05:39 PM,1750845939854,Right,-0.05464733,0.7061259,0.18127,-0.010517,0.544559,0.5528302,-0.0649932,0.7194447,0.1519161,-0.03608637,0.5641696,0.4129635,-0.01494348,1.20322,0.5974674,-0.01526596,0.3810597,0.8100368,True,0,1,6
6/25/2025 12:05:39 PM,1750845939882,Right,-0.05282831,0.6807441,0.2407948,-0.0287025,0.5283801,0.5947952,-0.06495012,0.7102953,0.1694245,-0.0399882,0.561033,0.4166014,-0.01681924,1.190441,0.5994204,-0.02093576,0.3676133,0.8257261,True,0,1,6
6/25/2025 12:05:39 PM,1750845939895,Right,-0.05270231,0.6701858,0.2714496,-0.03893256,0.5227206,0.6167109,-0.06492236,0.7053788,0.179481,-0.04245234,0.5592939,0.4193687,-0.01831686,1.185089,0.6006333,-0.02519157,0.3602934,0.8347959,True,0,1,6
6/25/2025 12:05:39 PM,1750845939923,Right,-0.0566752,0.6532225,0.3327096,-0.06044674,0.5170524,0.6599569,-0.06520431,0.6954199,0.2014877,-0.04828754,0.5556009,0.4269675,-0.02124596,1.176451,0.6031356,-0.03634128,0.3451768,0.8546315,True,0,1,6
6/25/2025 12:05:39 PM,1750845939937,Right,-0.0624547,0.6488513,0.3638506,-0.07153034,0.5186595,0.6822419,-0.06575849,0.6902207,0.2144333,-0.05200699,0.5533376,0.4327837,-0.02248847,1.173656,0.6049321,-0.04388483,0.3368858,0.8661817,True,0,1,6
6/25/2025 12:05:39 PM,1750845939951,Right,-0.06931973,0.6454352,0.3937083,-0.08159864,0.52104,0.7038938,-0.06662887,0.6853962,0.2274967,-0.05598627,0.5512033,0.4391307,-0.02398229,1.171552,0.6070597,-0.05208652,0.3288481,0.8776982,True,0,1,6
6/25/2025 12:05:39 PM,1750845939979,Right,-0.0904839,0.6467034,0.4507655,-0.09982431,0.5334712,0.7446179,-0.06987676,0.6765364,0.2558648,-0.06546657,0.5473564,0.453667,-0.02821505,1.169977,0.610822,-0.07132748,0.3116852,0.9016059,True,0,1,6
6/25/2025 12:05:39 PM,1750845939993,Right,-0.1022612,0.6498799,0.47574,-0.1077684,0.5439903,0.7625296,-0.07232792,0.672639,0.2709723,-0.07088646,0.5456731,0.4617274,-0.03099346,1.170757,0.6125858,-0.0820394,0.3024433,0.9135927,True,0,1,6
6/25/2025 12:05:40 PM,1750845940020,Right,-0.1252968,0.6573203,0.5177376,-0.1245165,0.5645193,0.7962604,-0.07945255,0.6656492,0.3049307,-0.07920105,0.5427829,0.4876444,-0.03606009,1.17433,0.6162484,-0.09078242,0.2929495,0.9460754,True,0,1,6
6/25/2025 12:05:40 PM,1750845940034,Right,-0.1378137,0.6628773,0.530162,-0.1337193,0.5780724,0.8099954,-0.08401914,0.6629385,0.3223009,-0.08308592,0.5417885,0.5051238,-0.03844881,1.178419,0.6182256,-0.09325175,0.2945273,0.9659531,True,0,1,6
6/25/2025 12:05:40 PM,1750845940061,Right,-0.1572573,0.670157,0.5512995,-0.1538501,0.6018572,0.8355918,-0.09573746,0.6585395,0.3604839,-0.09452663,0.540904,0.5455606,-0.04391837,1.187966,0.6235782,-0.104728,0.3022856,1.010947,True,0,1,6
6/25/2025 12:05:40 PM,1750845940076,Right,-0.1651735,0.6744355,0.5603423,-0.1645886,0.6142273,0.8470633,-0.1024696,0.6571751,0.3799703,-0.1017206,0.5415579,0.5663323,-0.04722834,1.194126,0.6262907,-0.1132571,0.3079945,1.034231,True,0,1,6
6/25/2025 12:05:40 PM,1750845940104,Right,-0.1792134,0.6861247,0.5756269,-0.1874075,0.639895,0.8674343,-0.1184993,0.6568896,0.4217508,-0.1201107,0.5446196,0.6128805,-0.05491447,1.207923,0.6325016,-0.1369188,0.3237678,1.084164,True,0,1,6
6/25/2025 12:05:40 PM,1750845940118,Right,-0.185725,0.6927347,0.5816153,-0.1993688,0.6527165,0.8762922,-0.1273805,0.6582797,0.4426068,-0.130709,0.5477279,0.6362519,-0.05977798,1.215553,0.635245,-0.151188,0.3335122,1.108985,True,0,1,6
6/25/2025 12:05:40 PM,1750845940132,Right,-0.1922303,0.6992126,0.5874947,-0.2114198,0.6658875,0.8845935,-0.1377024,0.6611265,0.4649032,-0.1432286,0.5524042,0.6614518,-0.06511259,1.223668,0.6380191,-0.1684902,0.3455386,1.135393,True,0,1,6
6/25/2025 12:05:40 PM,1750845940160,Right,-0.2041471,0.7134365,0.5941774,-0.2368014,0.695201,0.8970261,-0.1608673,0.6717376,0.5080186,-0.1714122,0.5668648,0.7110504,-0.07786083,1.241116,0.6424493,-0.2077569,0.3757083,1.186449,True,0,1,6
6/25/2025 12:05:40 PM,1750845940174,Right,-0.2102077,0.7197688,0.5975751,-0.2495301,0.7103787,0.9026549,-0.1741822,0.6799832,0.528743,-0.1874482,0.5775116,0.7350453,-0.08495843,1.25035,0.6443061,-0.229832,0.3948827,1.21118,True,0,1,6
6/25/2025 12:05:40 PM,1750845940201,Right,-0.2213155,0.731765,0.6012238,-0.2766321,0.7429835,0.9107969,-0.2071173,0.7065835,0.5663773,-0.2269035,0.6096157,0.7806323,-0.09940147,1.269468,0.6462787,-0.2836644,0.4466231,1.256784,True,0,1,6
6/25/2025 12:05:40 PM,1750845940215,Right,-0.2264712,0.7375961,0.6032481,-0.2909589,0.7599521,0.9143634,-0.2170957,0.7174996,0.5722548,-0.2404659,0.6233482,0.7905566,-0.1070473,1.279385,0.6466446,-0.3048289,0.4701184,1.265945,True,0,1,6
6/25/2025 12:05:40 PM,1750845940242,Right,-0.2361251,0.7498391,0.6073085,-0.3218988,0.7946908,0.9198818,-0.2282123,0.7326855,0.5753065,-0.2608169,0.6451574,0.8022495,-0.1225522,1.300036,0.6466699,-0.3435657,0.5133875,1.274379,True,0,1,6
6/25/2025 12:05:40 PM,1750845940257,Right,-0.2408189,0.7564118,0.6093626,-0.3390505,0.8119826,0.9213943,-0.2332644,0.7396258,0.5769529,-0.270652,0.6550444,0.808393,-0.1308005,1.310695,0.6463404,-0.3617734,0.5333252,1.277685,True,0,1,6
6/25/2025 12:05:40 PM,1750845940285,Right,-0.2503735,0.7705075,0.6135936,-0.3754394,0.8463795,0.9223561,-0.2453401,0.7571836,0.5793397,-0.2955486,0.6791964,0.8181369,-0.1483049,1.331862,0.64323,-0.4082768,0.5772666,1.280183,True,0,1,6
6/25/2025 12:05:40 PM,1750845940298,Right,-0.255461,0.7777423,0.6159546,-0.3941991,0.8635685,0.9224911,-0.2514358,0.7657229,0.5804502,-0.3088864,0.6913344,0.8233318,-0.1574384,1.342608,0.6413065,-0.4325511,0.6000192,1.280336,True,0,1,6
6/25/2025 12:05:40 PM,1750845940313,Right,-0.2606688,0.7843261,0.6187856,-0.4112155,0.8803564,0.9243779,-0.2575412,0.7737786,0.5822631,-0.322455,0.7036363,0.8299165,-0.1662369,1.353398,0.640065,-0.4562427,0.6242344,1.281015,True,0,1,6
6/25/2025 12:05:40 PM,1750845940340,Right,-0.2729607,0.8017536,0.6214885,-0.4625804,0.9159584,0.9115152,-0.2708987,0.7914377,0.5822061,-0.353504,0.7282357,0.8357702,-0.1861944,1.374131,0.630432,-0.5119431,0.6670874,1.272521,True,0,1,6
6/25/2025 12:05:40 PM,1750845940354,Right,-0.2796407,0.8096969,0.6229924,-0.4867476,0.932543,0.9044838,-0.278677,0.8007142,0.5820768,-0.3711881,0.7407168,0.8379002,-0.1958547,1.38435,0.6256074,-0.5426075,0.6877147,1.265942,True,0,1,6
6/25/2025 12:05:40 PM,1750845940382,Right,-0.2936933,0.82517,0.6250627,-0.5353327,0.9639012,0.8869812,-0.2945807,0.8181471,0.5805838,-0.4087771,0.7651699,0.8386279,-0.2159014,1.404328,0.6137328,-0.6070622,0.7281678,1.247186,True,0,1,6
6/25/2025 12:05:40 PM,1750845940395,Right,-0.3012514,0.8329151,0.6255752,-0.5597627,0.9788427,0.8767161,-0.3028227,0.8265468,0.5791026,-0.428762,0.7771478,0.8374552,-0.225822,1.414014,0.6068747,-0.6403474,0.7478622,1.234836,True,0,1,6
6/25/2025 12:05:40 PM,1750845940423,Right,-0.3185207,0.8488234,0.6247298,-0.6104624,1.006983,0.849164,-0.3203719,0.8432913,0.5747467,-0.4717689,0.8014302,0.8314101,-0.2446178,1.432115,0.5912808,-0.7100168,0.7871754,1.203339,True,0,1,6
6/25/2025 12:05:40 PM,1750845940437,Right,-0.3272616,0.8567142,0.6240854,-0.6353645,1.020987,0.8354216,-0.3291648,0.8512098,0.5720508,-0.4932487,0.8127507,0.8275821,-0.2538725,1.440786,0.5830342,-0.7428128,0.8051073,1.185948,True,0,1,6
6/25/2025 12:05:40 PM,1750845940451,Right,-0.3372569,0.8648041,0.6219572,-0.6608093,1.034171,0.8172741,-0.3391298,0.8595415,0.5681038,-0.5171084,0.8249035,0.8203019,-0.2627934,1.448914,0.5738186,-0.7797164,0.8239005,1.163682,True,0,1,6
6/25/2025 12:05:40 PM,1750845940479,Right,-0.3562628,0.8808312,0.6186731,-0.7096937,1.061362,0.7844982,-0.3578489,0.8755916,0.5609844,-0.5650837,0.8491071,0.8067815,-0.2806852,1.465068,0.555288,-0.8487569,0.8616816,1.116786,True,0,1,6
6/25/2025 12:05:40 PM,1750845940493,Right,-0.3667612,0.8890136,0.6157862,-0.7337298,1.074012,0.7648985,-0.3673174,0.8835319,0.5571237,-0.5908852,0.8623266,0.7977066,-0.2893678,1.472565,0.5452836,-0.8848072,0.8826315,1.088446,True,0,1,6
6/25/2025 12:05:40 PM,1750845940521,Right,-0.3939091,0.9065102,0.6011412,-0.7769978,1.093457,0.7084063,-0.3856265,0.8950312,0.5442202,-0.6318567,0.8774236,0.7635657,-0.3040161,1.484642,0.5234787,-0.9518904,0.9017484,1.023178,True,0,1,6
6/25/2025 12:05:40 PM,1750845940534,Right,-0.4060946,0.9150095,0.5948894,-0.7985823,1.104465,0.6845912,-0.3957081,0.9019216,0.5373642,-0.6553584,0.8864852,0.7464355,-0.3114569,1.490898,0.5125527,-0.9855897,0.9135205,0.986814,True,0,1,6
6/25/2025 12:05:40 PM,1750845940562,Right,-0.4311638,0.9319596,0.5782979,-0.8360739,1.12175,0.6278828,-0.41762,0.916661,0.5207037,-0.702419,0.9033586,0.7035614,-0.3249333,1.5014,0.4897181,-1.053487,0.9321992,0.9021904,True,0,1,6
6/25/2025 12:05:40 PM,1750845940576,Right,-0.443482,0.94048,0.5694553,-0.854486,1.129887,0.6005318,-0.4287403,0.9240298,0.5110111,-0.7219727,0.9094489,0.6828977,-0.3309877,1.506126,0.4782991,-1.080492,0.9359387,0.8648167,True,0,1,6
6/25/2025 12:05:40 PM,1750845940604,Right,-0.46778,0.9575806,0.5464444,-0.8833196,1.138349,0.5388653,-0.4517255,0.9392458,0.487455,-0.7567348,0.9171633,0.6374763,-0.3412822,1.513633,0.4561448,-1.129274,0.9323494,0.7890842,True,0,1,6
6/25/2025 12:05:40 PM,1750845940618,Right,-0.479232,0.9658995,0.5342592,-0.8967667,1.141276,0.5087962,-0.462795,0.9466289,0.4744963,-0.7720666,0.9189529,0.6134717,-0.3462361,1.517039,0.4453992,-1.150921,0.9260455,0.7504644,True,0,1,6
6/25/2025 12:05:40 PM,1750845940631,Right,-0.4902589,0.9738778,0.5208503,-0.907799,1.141694,0.4780825,-0.4741122,0.9541461,0.459863,-0.7860482,0.9194065,0.5880243,-0.3508773,1.52009,0.4350548,-1.17089,0.9162605,0.7111892,True,0,1,6
6/25/2025 12:05:40 PM,1750845940659,Right,-0.5095572,0.9879027,0.4931438,-0.9249306,1.137041,0.4173586,-0.4923373,0.9661489,0.4318129,-0.8063205,0.9152619,0.5395991,-0.3586769,1.524997,0.4152926,-1.200845,0.8882087,0.6368542,True,0,1,6
6/25/2025 12:05:40 PM,1750845940673,Right,-0.5176902,0.9936557,0.4798201,-0.9325042,1.132554,0.3881718,-0.4993335,0.9706724,0.4194496,-0.814543,0.9113539,0.5168708,-0.3623415,1.527196,0.4057077,-1.21188,0.8718594,0.6000411,True,0,1,6
6/25/2025 12:05:40 PM,1750845940702,Right,-0.5263152,0.999009,0.4538033,-0.9413629,1.115597,0.3329129,-0.50781,0.9753127,0.3954577,-0.8249954,0.8970919,0.4707221,-0.3683943,1.52955,0.3880053,-1.223884,0.8301363,0.5229829,True,0,1,6
6/25/2025 12:05:40 PM,1750845940715,Right,-0.5305026,1.002267,0.4427726,-0.9419117,1.104741,0.3071388,-0.5111871,0.9774693,0.3851817,-0.8262768,0.8878187,0.4495513,-0.3713191,1.530623,0.3797786,-1.224933,0.8035349,0.4872302,True,0,1,6
6/25/2025 12:05:40 PM,1750845940743,Right,-0.5405962,1.013616,0.4208241,-0.9420977,1.087551,0.2601374,-0.5194667,0.9847737,0.3664584,-0.8255815,0.8738505,0.4140542,-0.3771656,1.532513,0.3639853,-1.221768,0.7548013,0.4295903,True,0,1,6
6/25/2025 12:05:40 PM,1750845940757,Right,-0.5456564,1.021887,0.4069575,-0.9377205,1.080215,0.2434032,-0.5237959,0.9895919,0.3557935,-0.8183855,0.8666005,0.4009065,-0.3794734,1.532977,0.3564847,-1.213636,0.7234583,0.4140453,True,0,1,6
6/25/2025 12:05:40 PM,1750845940785,Right,-0.5492628,1.028032,0.3833504,-0.9310868,1.069239,0.215124,-0.5295484,0.9962731,0.330431,-0.8090489,0.8578939,0.373307,-0.3835592,1.533445,0.342456,-1.198381,0.6801308,0.3835032,True,0,1,6
6/25/2025 12:05:40 PM,1750845940799,Right,-0.5466936,1.024803,0.3795543,-0.9257612,1.064598,0.2071569,-0.5275608,0.9937299,0.3260344,-0.8066038,0.8539428,0.3660589,-0.3858232,1.533409,0.3362161,-1.193678,0.6707412,0.3714865,True,0,1,6
6/25/2025 12:05:40 PM,1750845940813,Right,-0.5444067,1.022103,0.3779571,-0.9211698,1.060345,0.2011162,-0.5258146,0.9911881,0.3242844,-0.8042048,0.8501705,0.3617218,-0.3881745,1.533035,0.330657,-1.189046,0.6614639,0.3630906,True,0,1,6
6/25/2025 12:05:40 PM,1750845940841,Right,-0.5435464,1.02346,0.3734322,-0.9134169,1.05468,0.1955743,-0.5264425,0.9916297,0.3175796,-0.7971728,0.8467732,0.3550869,-0.3925449,1.531795,0.320346,-1.178133,0.6397973,0.3577521,True,0,1,6
6/25/2025 12:05:40 PM,1750845940855,Right,-0.5439894,1.025167,0.3697695,-0.9105887,1.052618,0.1941216,-0.5272104,0.9923535,0.3141038,-0.793147,0.8464755,0.3530131,-0.3945833,1.530403,0.3153822,-1.173038,0.6304411,0.3591126,True,0,1,6
6/25/2025 12:05:40 PM,1750845940882,Right,-0.5415845,1.022212,0.3664573,-0.9055448,1.047034,0.1937326,-0.5263984,0.9899237,0.3089814,-0.7856444,0.8402637,0.3525523,-0.3975261,1.527953,0.306024,-1.158872,0.6071205,0.3684682,False,0,1,6
6/25/2025 12:05:40 PM,1750845940895,Right,-0.539104,1.018991,0.3665974,-0.9030955,1.043456,0.1934005,-0.52674,0.990456,0.3126552,-0.8056895,0.8332673,0.3557093,-0.398881,1.526736,0.3020905,-1.161347,0.6102486,0.3657231,False,0,1,6
6/25/2025 12:05:40 PM,1750845940924,Right,-0.5290785,1.007357,0.3734802,-0.8978155,1.036922,0.203281,-0.5227953,0.9858726,0.3206681,-0.8086109,0.8342227,0.3565776,-0.4010253,1.524147,0.2960169,-1.163361,0.6142071,0.3611786,False,0,1,6
6/25/2025 12:05:40 PM,1750845940938,Right,-0.5239172,1.002249,0.376662,-0.8953474,1.035098,0.2089319,-0.5190593,0.9819643,0.3238364,-0.808604,0.8339243,0.356409,-0.4019953,1.522985,0.2934793,-1.166255,0.6210837,0.3555196,False,0,1,6
6/25/2025 12:05:40 PM,1750845940952,Right,-0.5172904,0.9963829,0.3804896,-0.8929143,1.033837,0.2152377,-0.5139667,0.9770971,0.3270579,-0.8088195,0.8332719,0.3564426,-0.4030125,1.521877,0.2913086,-1.168876,0.6297248,0.3499997,False,0,1,6
6/25/2025 12:05:40 PM,1750845940979,Right,-0.5001628,0.9820683,0.3893648,-0.888351,1.032166,0.2289826,-0.5010222,0.9659912,0.3333249,-0.8085956,0.8323309,0.3577607,-0.4049678,1.519782,0.2875924,-1.172313,0.6507283,0.3421242,False,0,1,6
6/25/2025 12:05:40 PM,1750845940993,Right,-0.4904218,0.9743789,0.3941375,-0.8860819,1.030976,0.2366617,-0.4925519,0.959778,0.3376847,-0.8101638,0.8317311,0.3601218,-0.405411,1.518393,0.2866609,-1.172902,0.6644518,0.3401286,False,0,1,6
6/25/2025 12:05:41 PM,1750845941021,Right,-0.4663273,0.9573047,0.404521,-0.8806148,1.028452,0.2556088,-0.4750997,0.9479264,0.345396,-0.8115619,0.8319967,0.3649969,-0.405545,1.515987,0.2855777,-1.171088,0.6916949,0.3386369,False,0,1,6
6/25/2025 12:05:41 PM,1750845941034,Right,-0.4540653,0.948981,0.4091438,-0.8774445,1.027498,0.2657686,-0.4646675,0.9414068,0.3494411,-0.8107592,0.8332736,0.368134,-0.405498,1.514751,0.2856213,-1.168461,0.7075827,0.3394046,False,0,1,6
6/25/2025 12:05:41 PM,1750845941063,Right,-0.4224198,0.9299379,0.419427,-0.8681178,1.026902,0.2938591,-0.4399086,0.9272814,0.3581372,-0.8070545,0.8383164,0.3765453,-0.4046154,1.512298,0.2880417,-1.158623,0.7445956,0.3449039,False,0,1,6
6/25/2025 12:05:41 PM,1750845941076,Right,-0.4052335,0.9205827,0.4244713,-0.8622415,1.026399,0.3091724,-0.4262079,0.9201655,0.3626545,-0.8038635,0.8422554,0.3815382,-0.4038928,1.511329,0.2896441,-1.151315,0.7647972,0.3492306,False,0,1,6
6/25/2025 12:05:41 PM,1750845941091,Right,-0.3873056,0.9113349,0.4296271,-0.855377,1.025827,0.3254533,-0.4102369,0.9126973,0.3675274,-0.7986954,0.8479722,0.3874971,-0.4027441,1.510237,0.2914758,-1.141282,0.7881172,0.3551424,False,0,1,6
6/25/2025 12:05:41 PM,1750845941118,Right,-0.3481444,0.89372,0.4391502,-0.8380187,1.025294,0.3612622,-0.3769092,0.8989947,0.3766818,-0.785167,0.8626645,0.4001952,-0.3995008,1.507977,0.2963582,-1.1159,0.8362443,0.3692363,False,0,1,6
6/25/2025 12:05:41 PM,1750845941132,Right,-0.3277202,0.8858712,0.4424801,-0.827548,1.024554,0.3800031,-0.3593307,0.8929294,0.3802043,-0.7764425,0.8716761,0.4066946,-0.3974848,1.507101,0.2997448,-1.100324,0.8609701,0.3774818,False,0,1,6
6/25/2025 12:05:41 PM,1750845941160,Right,-0.2866113,0.8714714,0.4485022,-0.8024225,1.02111,0.4187289,-0.3245843,0.8817177,0.3870018,-0.7534829,0.895799,0.423857,-0.3929359,1.505407,0.3076168,-1.065237,0.9179217,0.4019328,False,0,1,6
6/25/2025 12:05:41 PM,1750845941174,Right,-0.2657683,0.8649685,0.4505631,-0.7877359,1.018574,0.4388511,-0.306999,0.8770787,0.3894275,-0.7387454,0.9095924,0.4351912,-0.3899997,1.504543,0.3122549,-1.044692,0.9477031,0.4197862,False,0,1,6
6/25/2025 12:05:41 PM,1750845941202,Right,-0.2225451,0.8555537,0.4494866,-0.7490051,1.010301,0.4821329,-0.2711013,0.8698812,0.3911304,-0.7008089,0.9298195,0.467213,-0.3823297,1.503362,0.3228031,-0.997794,0.9927163,0.4743734,False,0,1,6
6/25/2025 12:05:41 PM,1750845941215,Right,-0.201512,0.8512893,0.4469498,-0.7275214,1.005872,0.5027013,-0.2532514,0.8666821,0.3903112,-0.6791534,0.9326809,0.4866136,-0.3774953,1.502604,0.3289099,-0.9725269,1.003076,0.5092218,False,0,1,6
6/25/2025 12:05:41 PM,1750845941243,Right,-0.1605294,0.844325,0.439086,-0.6817141,0.9968663,0.5405184,-0.2186177,0.8617721,0.3863257,-0.6339405,0.928694,0.52179,-0.3666925,1.501484,0.3423297,-0.9204155,1.007632,0.5768641,False,0,1,6
6/25/2025 12:05:41 PM,1750845941256,Right,-0.1406164,0.8422132,0.4328246,-0.6560073,0.9910125,0.5574116,-0.2008747,0.8594779,0.3837413,-0.6109236,0.9251426,0.5353885,-0.3600323,1.500639,0.3501582,-0.8930379,1.007281,0.6054721,False,0,1,6
6/25/2025 12:05:41 PM,1750845941270,Right,-0.1210501,0.8398284,0.426996,-0.6312377,0.9847343,0.5736867,-0.1842017,0.8580595,0.3799117,-0.5874525,0.9194772,0.5454815,-0.3529782,1.499698,0.3585058,-0.8671716,1.00256,0.6304545,False,0,1,6
6/25/2025 12:05:41 PM,1750845941298,Right,-0.08328366,0.8363128,0.4109794,-0.5761182,0.9672772,0.6018192,-0.1503066,0.8548844,0.3703963,-0.5363606,0.9045831,0.5659087,-0.3364766,1.497425,0.3754332,-0.8109554,0.9844663,0.6816065,False,0,1,6
6/25/2025 12:05:41 PM,1750845941312,Right,-0.06480908,0.8341951,0.402344,-0.5474775,0.9575282,0.6147441,-0.1352683,0.8531514,0.3656907,-0.5124425,0.89685,0.5743483,-0.3272837,1.495983,0.3839751,-0.7856233,0.9729543,0.7015268,False,0,1,6
6/25/2025 12:05:41 PM,1750845941340,Right,-0.03112292,0.831026,0.3800055,-0.4838425,0.9349915,0.6330057,-0.1023352,0.849494,0.3513013,-0.4543554,0.8767589,0.5862647,-0.3066242,1.492221,0.4013526,-0.7258615,0.9422859,0.7420758,False,0,1,6
6/25/2025 12:05:41 PM,1750845941354,Right,-0.01545548,0.8298632,0.368215,-0.4522114,0.9244663,0.640221,-0.08793813,0.8481501,0.3430762,-0.4266599,0.8674049,0.5896696,-0.2958287,1.489918,0.4097548,-0.6964167,0.9273127,0.7597142,False,0,1,6
6/25/2025 12:05:41 PM,1750845941382,Right,0.0121429,0.8281941,0.3405095,-0.3884571,0.9026343,0.6471763,-0.06128222,0.8453174,0.3242398,-0.3674684,0.8454046,0.5938549,-0.2730608,1.484479,0.4265305,-0.6310701,0.8904623,0.7968959,False,0,1,6
6/25/2025 12:05:41 PM,1750845941396,Right,0.02348018,0.8274172,0.3239759,-0.3570904,0.8909648,0.6468885,-0.05005778,0.8438526,0.3136924,-0.3406056,0.8350574,0.5930967,-0.2610061,1.48091,0.4343188,-0.5993667,0.8725326,0.8112235,False,0,1,6
6/25/2025 12:05:41 PM,1750845941424,Right,0.05128002,0.8249684,0.297478,-0.2969505,0.8698261,0.6552939,-0.02291214,0.8400953,0.2946683,-0.283058,0.814194,0.5987915,-0.237759,1.474599,0.450799,-0.5221953,0.8366573,0.8431249,False,0,1,6
6/25/2025 12:05:41 PM,1750845941438,Right,0.05835533,0.8248791,0.2769874,-0.2664949,0.8575107,0.6463202,-0.008697093,0.8382291,0.2866172,-0.2535334,0.8045361,0.6050274,-0.2250992,1.469256,0.4579972,-0.4789641,0.8204257,0.8598815,False,0,1,6
6/25/2025 12:05:41 PM,1750845941451,Right,0.06327844,0.825137,0.2553439,-0.2390441,0.8460039,0.6349832,-0.008343266,0.8370342,0.2687249,-0.2281886,0.7923498,0.5860353,-0.2124317,1.462929,0.4655166,-0.4490255,0.7958941,0.8638777,False,0,1,6
6/25/2025 12:05:41 PM,1750845941479,Right,0.07129765,0.8269577,0.2157522,-0.1886902,0.8237537,0.6174573,0.004359871,0.8338415,0.2357004,-0.1767241,0.7670887,0.5670108,-0.1879755,1.449865,0.4800537,-0.3691065,0.7486733,0.870814,False,0,1,6
6/25/2025 12:05:41 PM,1750845941493,Right,0.07509744,0.8282487,0.1972762,-0.1652378,0.8123641,0.6083258,0.008509099,0.8328311,0.2217971,-0.1528343,0.7549865,0.5582085,-0.1758302,1.442551,0.4872266,-0.3295217,0.7250838,0.8731232,False,0,1,6
6/25/2025 12:05:41 PM,1750845941521,Right,0.0775373,0.8323773,0.160524,-0.1219745,0.7894732,0.586369,0.01519556,0.8307467,0.1951209,-0.1122553,0.7333459,0.5371484,-0.1522496,1.426149,0.500878,-0.2601982,0.6827423,0.8676929,False,0,1,6
6/25/2025 12:05:41 PM,1750845941535,Right,0.07647204,0.8349894,0.1425663,-0.1024499,0.7778935,0.5735501,0.01785861,0.8296229,0.1821354,-0.0960764,0.7241348,0.525499,-0.1405716,1.416971,0.5076885,-0.2318148,0.6649884,0.8608539,False,0,1,6
6/25/2025 12:05:41 PM,1750845941563,Right,0.07247162,0.8404323,0.1078614,-0.06776261,0.7546288,0.545128,0.01784363,0.8276223,0.1569312,-0.0691224,0.7049177,0.4993862,-0.1188271,1.396797,0.5204947,-0.1800375,0.6268228,0.8429507,False,0,1,6
6/25/2025 12:05:41 PM,1750845941577,Right,0.06864679,0.8434078,0.09121585,-0.05298567,0.7426385,0.5302621,0.01739806,0.8264223,0.1447366,-0.05802479,0.6952751,0.486501,-0.1089371,1.386219,0.5266966,-0.1574948,0.6084656,0.8317645,False,0,1,6
6/25/2025 12:05:41 PM,1750845941591,Right,0.06371069,0.8463646,0.07539797,-0.03971732,0.731083,0.5149063,0.01478052,0.8251789,0.1333711,-0.04903961,0.6855303,0.4730832,-0.09901834,1.374953,0.5326329,-0.1371233,0.5893689,0.8199706,False,0,1,6
6/25/2025 12:05:41 PM,1750845941618,Right,0.05104208,0.8517894,0.04812217,-0.01661491,0.7115025,0.4829071,0.009276867,0.8218287,0.113068,-0.03219366,0.6676967,0.4474837,-0.0806644,1.351184,0.5441185,-0.0981897,0.5546145,0.79655,False,0,1,6
6/25/2025 12:05:41 PM,1750845941632,Right,0.0448693,0.8541458,0.0360564,-0.00696516,0.7024739,0.4675492,0.005121842,0.8198069,0.1053387,-0.02622309,0.6591544,0.4352018,-0.07194614,1.33889,0.5498374,-0.0824959,0.5369632,0.7853553,False,0,1,6
6/25/2025 12:05:41 PM,1750845941660,Right,0.03043997,0.8579613,0.01855016,0.00808394,0.6844345,0.4411187,-0.002856597,0.8146743,0.09275594,-0.01599178,0.641515,0.4153843,-0.05573225,1.312562,0.5603893,-0.05424422,0.5035872,0.7640861,False,0,1,6
6/25/2025 12:05:41 PM,1750845941674,Right,0.02317357,0.8587043,0.01176333,0.01459622,0.6751968,0.4293628,-0.007572703,0.8110413,0.08890185,-0.01268576,0.6323772,0.4071176,-0.04863596,1.299035,0.5648254,-0.04281984,0.4867821,0.7550203,False,0,1,6
6/25/2025 12:05:41 PM,1750845941702,Right,0.005690098,0.8555486,0.008277535,0.02008069,0.6543282,0.4101431,-0.01900767,0.8006307,0.0877172,-0.01057257,0.6120366,0.3939269,-0.03591418,1.271674,0.5728525,-0.02524917,0.4499126,0.7412139,False,0,1,6
6/25/2025 12:05:41 PM,1750845941715,Right,-0.002786756,0.8531474,0.008527756,0.02085114,0.642594,0.4027641,-0.02477942,0.7949975,0.0885956,-0.011003,0.6012597,0.3893891,-0.03082824,1.258521,0.5762366,-0.01886893,0.4316264,0.7351453,False,0,1,6
6/25/2025 12:05:41 PM,1750845941744,Right,-0.01964223,0.8439031,0.01873136,0.01973653,0.6174475,0.3927,-0.03632022,0.7809123,0.09783925,-0.01384843,0.5787991,0.3841326,-0.02186489,1.232494,0.5822058,-0.008759908,0.3917714,0.7286403,False,0,1,6
6/25/2025 12:05:41 PM,1750845941757,Right,-0.02739191,0.835537,0.02945077,0.01713693,0.6043373,0.3921882,-0.0405911,0.7734914,0.1049204,-0.01557033,0.569272,0.3830529,-0.01814699,1.220257,0.5849495,-0.005645048,0.373279,0.7283857,False,0,1,6
6/25/2025 12:05:41 PM,1750845941771,Right,-0.0346086,0.8262012,0.04021394,0.01574683,0.5917581,0.3919655,-0.04523819,0.7645975,0.1129734,-0.01739261,0.5592225,0.3832176,-0.01505709,1.208296,0.5873624,-0.002275024,0.3547399,0.7296346,False,0,1,6
6/25/2025 12:05:41 PM,1750845941799,Right,-0.04772639,0.8030995,0.06602299,0.01092124,0.5658932,0.3999329,-0.05425189,0.7450389,0.1309362,-0.02273739,0.5394762,0.3884633,-0.0120827,1.186283,0.5913274,0.0005150884,0.3216406,0.7374299,False,0,1,6
6/25/2025 12:05:41 PM,1750845941813,Right,-0.053792,0.7894969,0.08148873,0.007774353,0.5531347,0.4055564,-0.05821857,0.7346029,0.1415327,-0.02577123,0.5304794,0.391881,-0.01111007,1.176295,0.5941068,0.0009555705,0.3053807,0.7435018,False,0,1,6
6/25/2025 12:05:41 PM,1750845941841,Right,-0.06593215,0.7594686,0.1187689,-0.002146721,0.5292152,0.4216582,-0.06334974,0.7198529,0.1580828,-0.03421038,0.5347147,0.3792584,-0.009440064,1.157689,0.599897,-0.00265139,0.2832482,0.7545661,True,0,1,7
6/25/2025 12:05:41 PM,1750845941855,Right,-0.07220054,0.7429708,0.1413649,-0.00848186,0.5181116,0.4328473,-0.06462634,0.7157521,0.1632481,-0.03686437,0.5350653,0.3769247,-0.009294152,1.149619,0.6026559,-0.004871499,0.2762064,0.757663,True,0,1,7
6/25/2025 12:05:41 PM,1750845941882,Right,-0.08410347,0.7105606,0.1858543,-0.02077532,0.4973744,0.4636698,-0.06776601,0.7059956,0.1759403,-0.04305547,0.5316975,0.3765511,-0.01019335,1.135842,0.6085123,-0.01145438,0.2585885,0.7648002,True,0,1,7
6/25/2025 12:05:41 PM,1750845941896,Right,-0.08896744,0.6939053,0.2098716,-0.02620542,0.4882936,0.4832851,-0.06952389,0.7005633,0.1832203,-0.04537287,0.5302118,0.3792887,-0.0114485,1.130742,0.6109642,-0.01248886,0.2533345,0.7721461,True,0,1,7
6/25/2025 12:05:41 PM,1750845941924,Right,-0.09838724,0.6623646,0.2607957,-0.03677642,0.4749897,0.5315711,-0.07341642,0.688639,0.1998662,-0.05046297,0.5252526,0.3892145,-0.01479387,1.121868,0.6156328,-0.015687,0.2437289,0.7904781,True,0,1,7
6/25/2025 12:05:41 PM,1750845941938,Right,-0.1026518,0.6484751,0.2886063,-0.04254889,0.4705431,0.5558087,-0.07545762,0.6824663,0.2091325,-0.053237,0.5233553,0.3947941,-0.0166508,1.118542,0.6182086,-0.01787381,0.2396341,0.8013182,True,0,1,7
6/25/2025 12:05:41 PM,1750845941952,Right,-0.1071919,0.6350297,0.3143449,-0.04867601,0.4668428,0.5803292,-0.07774035,0.6756728,0.219577,-0.0563046,0.5209275,0.4019048,-0.01867604,1.115319,0.6208048,-0.02063584,0.2357236,0.8139539,True,0,1,7
6/25/2025 12:05:41 PM,1750845941979,Right,-0.1154444,0.6225864,0.3799559,-0.06925416,0.4811961,0.6484067,-0.08252326,0.6631109,0.2436444,-0.06325171,0.5169334,0.4202735,-0.02578616,1.117228,0.6259276,-0.03034242,0.2302071,0.8436208,True,0,1,7
6/25/2025 12:05:41 PM,1750845941993,Right,-0.1206257,0.617039,0.407845,-0.07951355,0.4865538,0.67557,-0.0850411,0.6574357,0.2561542,-0.06698447,0.5153714,0.430332,-0.0292263,1.117762,0.628565,-0.03600524,0.2286234,0.8593254,True,0,1,7
6/25/2025 12:05:42 PM,1750845942021,Right,-0.1325362,0.6203374,0.4605186,-0.1048695,0.5098814,0.7284795,-0.09119285,0.646576,0.2854875,-0.07610188,0.5119541,0.4565878,-0.03626394,1.122898,0.6332002,-0.05117152,0.2279155,0.8964064,True,0,1,7
6/25/2025 12:05:42 PM,1750845942035,Right,-0.1387279,0.6228604,0.4844267,-0.117421,0.521641,0.7529817,-0.09467469,0.6419809,0.3011321,-0.08118032,0.5101478,0.4720825,-0.04016829,1.126421,0.6353412,-0.06005182,0.2290381,0.9162577,True,0,1,7
6/25/2025 12:05:42 PM,1750845942063,Right,-0.1518005,0.634742,0.5244912,-0.1454422,0.5492875,0.7981949,-0.1029858,0.6343539,0.3358567,-0.0932092,0.5071749,0.508602,-0.04837394,1.137347,0.6406577,-0.08156808,0.2347792,0.9603417,True,0,1,7
6/25/2025 12:05:42 PM,1750845942077,Right,-0.1580446,0.6417901,0.5411867,-0.160464,0.5641477,0.819047,-0.1076159,0.6318535,0.353674,-0.09984076,0.5056827,0.5292966,-0.0524497,1.144152,0.6434944,-0.09374224,0.2393758,0.9828552,True,0,1,7
6/25/2025 12:05:42 PM,1750845942091,Right,-0.1636931,0.6498005,0.5545137,-0.1762093,0.5808367,0.8383403,-0.1131644,0.6299496,0.374096,-0.1078289,0.5050076,0.5531455,-0.05669212,1.151821,0.6462914,-0.1084194,0.2459391,1.008614,True,0,1,7
6/25/2025 12:05:42 PM,1750845942118,Right,-0.1725231,0.6637108,0.5764952,-0.2082253,0.6131512,0.8744454,-0.1252304,0.62932,0.4154885,-0.1253292,0.5044222,0.6059545,-0.0662477,1.169297,0.652213,-0.1405329,0.2634257,1.060459,True,0,1,7
6/25/2025 12:05:42 PM,1750845942132,Right,-0.175982,0.6706138,0.5853056,-0.2248559,0.6296806,0.8906274,-0.1316596,0.6306455,0.436205,-0.1348796,0.5052949,0.6336892,-0.07204878,1.178584,0.6554462,-0.1577727,0.2742509,1.086129,True,0,1,7
6/25/2025 12:05:42 PM,1750845942160,Right,-0.183479,0.6896129,0.5959736,-0.2607667,0.6663533,0.9160695,-0.1471094,0.6384574,0.480893,-0.1582855,0.5129392,0.6938736,-0.08569717,1.198158,0.6607703,-0.1984785,0.3037327,1.140757,True,0,1,7
6/25/2025 12:05:42 PM,1750845942174,Right,-0.1883796,0.6995322,0.6012354,-0.2787917,0.6844904,0.9271898,-0.1554607,0.6449205,0.5015546,-0.1709944,0.5197569,0.721967,-0.09318197,1.208156,0.6628096,-0.2195035,0.3210459,1.165711,True,0,1,7
6/25/2025 12:05:42 PM,1750845942201,Right,-0.197808,0.7176942,0.6091045,-0.3149916,0.7215724,0.9442072,-0.1763788,0.6656448,0.5442346,-0.2025753,0.5432581,0.779402,-0.1107515,1.228758,0.6657331,-0.2693489,0.3671353,1.216803,True,0,1,7
6/25/2025 12:05:42 PM,1750845942216,Right,-0.2016512,0.7253188,0.6124512,-0.3328197,0.7399894,0.9512908,-0.1886517,0.680016,0.5637058,-0.2209384,0.559657,0.8064011,-0.1203883,1.239153,0.6667719,-0.2969742,0.3953447,1.239967,True,0,1,7
6/25/2025 12:05:42 PM,1750845942243,Right,-0.2083143,0.7381618,0.6159316,-0.3689868,0.7761861,0.9580216,-0.2120853,0.7109909,0.5867869,-0.2578668,0.596314,0.8435256,-0.1414765,1.259738,0.6667224,-0.3526261,0.4555898,1.268783,True,0,1,7
6/25/2025 12:05:42 PM,1750845942257,Right,-0.2121432,0.7442797,0.6172549,-0.3873115,0.7932479,0.9585156,-0.2177293,0.718637,0.5875835,-0.2709177,0.6074737,0.8509115,-0.1526073,1.270193,0.6657819,-0.3751104,0.4784814,1.271438,True,0,1,7
6/25/2025 12:05:42 PM,1750845942271,Right,-0.2164955,0.7504317,0.6185054,-0.4056506,0.8093545,0.9571376,-0.2237427,0.7264106,0.5884914,-0.2850565,0.6201839,0.8565062,-0.1638579,1.280739,0.6645206,-0.4000772,0.5027906,1.273327,True,0,1,7
6/25/2025 12:05:42 PM,1750845942299,Right,-0.2265847,0.7632824,0.6212015,-0.4420912,0.8386086,0.9491966,-0.2371459,0.7419774,0.5894012,-0.3158445,0.646844,0.8632041,-0.1873465,1.301558,0.6605804,-0.4542371,0.5510728,1.272429,True,0,1,7
6/25/2025 12:05:42 PM,1750845942313,Right,-0.2321916,0.7699968,0.6226237,-0.4603951,0.8519475,0.942982,-0.2442484,0.7499319,0.5898148,-0.3321977,0.6606886,0.8645229,-0.1994185,1.311656,0.6574111,-0.4833965,0.5747927,1.269693,True,0,1,7
6/25/2025 12:05:42 PM,1750845942341,Right,-0.2448579,0.7835385,0.6256722,-0.4973949,0.8765937,0.9264736,-0.2594245,0.7650687,0.5897195,-0.3671312,0.6875649,0.8618087,-0.2239394,1.331793,0.6490682,-0.547225,0.6191077,1.257527,True,0,1,7
6/25/2025 12:05:42 PM,1750845942355,Right,-0.2524384,0.7903823,0.626835,-0.5161929,0.8878006,0.9163983,-0.2679493,0.7727666,0.5892928,-0.3860647,0.7002092,0.8590045,-0.2362852,1.341664,0.6437476,-0.5812057,0.6389897,1.248136,True,0,1,7
6/25/2025 12:05:42 PM,1750845942382,Right,-0.269554,0.8051037,0.6283411,-0.5542085,0.9078253,0.8932176,-0.2878286,0.7897783,0.5871356,-0.4278849,0.7248061,0.846252,-0.2611501,1.360777,0.6308368,-0.657606,0.6728395,1.219346,True,0,1,7
6/25/2025 12:05:42 PM,1750845942396,Right,-0.2800928,0.8131884,0.6279486,-0.5735307,0.9155052,0.8784683,-0.2986632,0.7981193,0.5849231,-0.4490686,0.7343556,0.836346,-0.2732668,1.369794,0.6229976,-0.6966876,0.682596,1.200009,True,0,1,7
6/25/2025 12:05:42 PM,1750845942424,Right,-0.3031151,0.8293644,0.6257206,-0.612242,0.9294679,0.8478823,-0.3211444,0.8145639,0.5795135,-0.4843974,0.7477167,0.8168814,-0.2970876,1.387636,0.6066811,-0.7579235,0.6877285,1.165378,True,0,1,7
6/25/2025 12:05:42 PM,1750845942438,Right,-0.3154885,0.8375438,0.6238014,-0.6319728,0.9362189,0.8313451,-0.3330222,0.8225153,0.5759416,-0.5006242,0.7537524,0.8071754,-0.3088188,1.395671,0.597345,-0.7842924,0.6889121,1.149183,True,0,1,7
6/25/2025 12:05:42 PM,1750845942452,Right,-0.3282654,0.8457451,0.6213399,-0.6520059,0.9431527,0.8147194,-0.3460366,0.8308327,0.5713515,-0.5180637,0.760112,0.7965889,-0.3202415,1.403586,0.5876954,-0.811643,0.6903912,1.13134,True,0,1,7
6/25/2025 12:05:42 PM,1750845942480,Right,-0.355186,0.8620526,0.6140682,-0.6950228,0.9563581,0.777235,-0.372289,0.8469906,0.5601858,-0.5552874,0.7729903,0.7746071,-0.3416764,1.418226,0.5659083,-0.8677074,0.6961274,1.091129,True,0,1,7
6/25/2025 12:05:42 PM,1750845942494,Right,-0.3691994,0.8700975,0.6088395,-0.7181196,0.9627054,0.75632,-0.3852653,0.8546451,0.5534961,-0.5749335,0.779009,0.7628896,-0.3515413,1.425155,0.5548353,-0.8961728,0.6995032,1.068282,True,0,1,7
6/25/2025 12:05:42 PM,1750845942522,Right,-0.3982248,0.8864646,0.5949233,-0.7633786,0.9723199,0.7081852,-0.4118592,0.869806,0.5372064,-0.6146275,0.7896296,0.7347285,-0.3708248,1.438046,0.5313905,-0.9531165,0.7027651,1.015994,True,0,1,7
6/25/2025 12:05:42 PM,1750845942535,Right,-0.4135267,0.8947435,0.5856321,-0.7822199,0.9750499,0.6814224,-0.4250358,0.8771557,0.5286356,-0.6325483,0.7937951,0.7186861,-0.3797586,1.443472,0.5193912,-0.9796183,0.7007408,0.9884359,True,0,1,7
6/25/2025 12:05:42 PM,1750845942563,Right,-0.4433008,0.9102772,0.5645286,-0.8068573,0.9781812,0.6295446,-0.4510146,0.8903715,0.507074,-0.6556782,0.795866,0.6776223,-0.3966448,1.453562,0.4947864,-1.019203,0.6744106,0.9320711,True,0,1,7
6/25/2025 12:05:42 PM,1750845942577,Right,-0.4573269,0.9168946,0.5522416,-0.8136139,0.9798728,0.605896,-0.4634397,0.8962047,0.4947043,-0.6598274,0.7966213,0.6580896,-0.4044747,1.458168,0.4826928,-1.026919,0.6574416,0.9137316,True,0,1,7
6/25/2025 12:05:42 PM,1750845942605,Right,-0.4822739,0.9268356,0.5250341,-0.8256569,0.981775,0.5606948,-0.4868873,0.9060674,0.4667152,-0.6724954,0.8013813,0.6204957,-0.4186746,1.466581,0.459151,-1.044429,0.6378984,0.875779,True,0,1,7
6/25/2025 12:05:42 PM,1750845942618,Right,-0.4931562,0.9303905,0.5106182,-0.8328068,0.9804303,0.538295,-0.4966067,0.9095618,0.4529853,-0.6781045,0.8025922,0.602474,-0.4250363,1.470087,0.447456,-1.051893,0.6279341,0.8560275,True,0,1,7
6/25/2025 12:05:42 PM,1750845942632,Right,-0.5032324,0.9333521,0.4958026,-0.8403306,0.9782127,0.5158297,-0.5056003,0.9125036,0.438891,-0.6846276,0.8025575,0.5842819,-0.4307821,1.472992,0.4355257,-1.059762,0.6169583,0.8334266,True,0,1,7
6/25/2025 12:05:42 PM,1750845942661,Right,-0.5216217,0.9384466,0.465694,-0.8554964,0.9750639,0.4713088,-0.5217951,0.9174829,0.4105634,-0.6983995,0.8020899,0.5482966,-0.4403934,1.477757,0.4125414,-1.076039,0.597651,0.7855594,True,0,1,7
6/25/2025 12:05:42 PM,1750845942674,Right,-0.5285258,0.9392461,0.4499093,-0.8620479,0.9739444,0.4501114,-0.5284435,0.919012,0.3962441,-0.7051392,0.8020328,0.5313104,-0.4446654,1.479815,0.4018393,-1.083922,0.5916348,0.7628058,True,0,1,7
6/25/2025 12:05:42 PM,1750845942702,Right,-0.539346,0.9389306,0.4189345,-0.875319,0.9733052,0.4089656,-0.5385978,0.9199139,0.3678262,-0.7192433,0.8013065,0.499238,-0.4525571,1.482931,0.3813002,-1.100854,0.5860348,0.7178152,True,0,1,7
6/25/2025 12:05:42 PM,1750845942716,Right,-0.5436628,0.9384363,0.4034683,-0.8808756,0.9738752,0.3892245,-0.5423047,0.9196246,0.3536923,-0.7259814,0.8009386,0.4839242,-0.4563086,1.483896,0.3717339,-1.109035,0.5854698,0.6961205,True,0,1,7
6/25/2025 12:05:42 PM,1750845942744,Right,-0.5461209,0.935591,0.3724576,-0.8900661,0.975767,0.3529243,-0.5473738,0.9187958,0.3260333,-0.7380555,0.8005798,0.4549302,-0.4629517,1.485131,0.3536549,-1.123067,0.5868578,0.6554186,True,0,1,7
6/25/2025 12:05:42 PM,1750845942758,Right,-0.5461199,0.9339459,0.3582485,-0.8940055,0.9767774,0.3368924,-0.5470309,0.9173218,0.313112,-0.7428841,0.7990266,0.4428793,-0.4656646,1.4849,0.3457098,-1.127052,0.588142,0.6376364,True,0,1,7
6/25/2025 12:05:42 PM,1750845942771,Right,-0.5452149,0.9317993,0.3457503,-0.897856,0.9776284,0.3210589,-0.5469814,0.915804,0.3016942,-0.7481928,0.797673,0.431643,-0.4683295,1.48454,0.3383306,-1.131993,0.5894004,0.6200051,True,0,1,7
6/25/2025 12:05:42 PM,1750845942799,Right,-0.5421529,0.9259894,0.3281853,-0.9040554,0.9795622,0.2920364,-0.5456694,0.9114022,0.2849748,-0.7586923,0.7935713,0.4141503,-0.4728563,1.482924,0.3252286,-1.141983,0.591242,0.5883034,True,0,1,7
6/25/2025 12:05:42 PM,1750845942813,Right,-0.5405984,0.9232986,0.3203082,-0.9066987,0.9803112,0.2789663,-0.5449963,0.9093196,0.2776351,-0.7639565,0.7919686,0.405769,-0.4748359,1.482235,0.3188399,-1.147895,0.5939254,0.5728295,True,0,1,7
6/25/2025 12:05:42 PM,1750845942841,Right,-0.5357645,0.9186238,0.3046253,-0.9090602,0.9805319,0.2596421,-0.5419167,0.9056361,0.2635839,-0.7722618,0.7913822,0.3883455,-0.4784515,1.480723,0.3078294,-1.16086,0.6065745,0.5420996,True,0,1,7
6/25/2025 12:05:42 PM,1750845942855,Right,-0.5335577,0.916468,0.298043,-0.9094837,0.9810851,0.252063,-0.5406787,0.9039589,0.2575656,-0.7762505,0.792432,0.3804405,-0.4801201,1.479935,0.3035028,-1.167988,0.6154913,0.5284347,True,0,1,7
6/25/2025 12:05:42 PM,1750845942882,Right,-0.5295222,0.9110123,0.2890719,-0.9103518,0.983506,0.2376549,-0.5383956,0.8998746,0.2488621,-0.784703,0.7943006,0.3680679,-0.4830942,1.478397,0.2956023,-1.181985,0.6345737,0.5048077,True,0,1,7
6/25/2025 12:05:42 PM,1750845942896,Right,-0.5276108,0.9079187,0.2853838,-0.9112878,0.9843975,0.2300404,-0.5372949,0.8975297,0.2451247,-0.7888817,0.7939478,0.3625655,-0.4844252,1.477443,0.2917169,-1.187619,0.64174,0.4936206,True,0,1,7
6/25/2025 12:05:42 PM,1750845942925,Right,-0.515784,0.8945699,0.3044727,-0.9082835,0.9859549,0.2323604,-0.5320007,0.8913052,0.253655,-0.7987027,0.7908213,0.3673548,-0.4863346,1.475865,0.2873998,-1.195638,0.6517206,0.4823132,True,0,1,7
6/25/2025 12:05:42 PM,1750845942938,Right,-0.5110365,0.890272,0.3074545,-0.907557,0.9866331,0.2311307,-0.5279518,0.8873587,0.2574872,-0.8017085,0.7895113,0.3689615,-0.4871632,1.474878,0.285336,-1.198096,0.6570008,0.4764427,True,0,1,7
6/25/2025 12:05:42 PM,1750845942952,Right,-0.5065756,0.8866808,0.3109096,-0.9067445,0.9874776,0.2314718,-0.5229236,0.8829973,0.2618008,-0.8033929,0.7888092,0.3704569,-0.4877565,1.473945,0.2838078,-1.200019,0.6637449,0.4705342,True,0,1,7
6/25/2025 12:05:42 PM,1750845942980,Right,-0.4979138,0.8802363,0.3203793,-0.9051678,0.9886582,0.2336689,-0.515976,0.8776324,0.269076,-0.8099155,0.7916388,0.3707624,-0.4882405,1.472004,0.282536,-1.20716,0.6835918,0.4553924,True,0,1,7
6/25/2025 12:05:42 PM,1750845942994,Right,-0.4928062,0.8764225,0.3270384,-0.9045353,0.9887935,0.2341955,-0.5122259,0.8748766,0.2739165,-0.8139799,0.7924839,0.371194,-0.4883193,1.471085,0.282235,-1.210027,0.6921151,0.4464622,True,0,1,7
6/25/2025 12:05:43 PM,1750845943022,Right,-0.4785984,0.8676978,0.3442823,-0.9024177,0.9880376,0.238488,-0.5025963,0.8692394,0.2857488,-0.8226248,0.7946221,0.3723142,-0.4883163,1.469597,0.2826507,-1.213103,0.709397,0.426215,True,0,1,7
6/25/2025 12:05:43 PM,1750845943036,Right,-0.470993,0.8638285,0.3536516,-0.9008629,0.9875652,0.2411636,-0.497278,0.8666388,0.2923489,-0.8266028,0.795949,0.3727624,-0.4881566,1.469008,0.283313,-1.213279,0.7175981,0.4157547,True,0,1,7
6/25/2025 12:05:43 PM,1750845943064,Right,-0.4567344,0.8584004,0.3722602,-0.8976417,0.9844714,0.2494323,-0.4851496,0.8621089,0.3084631,-0.8296493,0.7997646,0.3733419,-0.4873372,1.467926,0.2859404,-1.210461,0.7329732,0.3941821,True,0,1,7
6/25/2025 12:05:43 PM,1750845943077,Right,-0.449667,0.8561991,0.3804091,-0.8960555,0.9813819,0.2554455,-0.4793808,0.8604369,0.315406,-0.8289913,0.7994637,0.3765516,-0.4865046,1.467481,0.2878292,-1.206471,0.7355286,0.391814,True,0,1,7
6/25/2025 12:05:43 PM,1750845943091,Right,-0.4424611,0.8547164,0.387763,-0.8937154,0.9783288,0.2629024,-0.4737867,0.8592487,0.3214124,-0.8277777,0.7995198,0.3797385,-0.4855697,1.467268,0.2898817,-1.202305,0.7386276,0.3907826,True,0,1,7
6/25/2025 12:05:43 PM,1750845943119,Right,-0.4284213,0.8532007,0.4030892,-0.8880103,0.9740982,0.2787842,-0.4627642,0.8583198,0.3339562,-0.8214426,0.7980444,0.3926272,-0.4838712,1.467034,0.2939271,-1.191561,0.738938,0.4025348,True,0,1,7
6/25/2025 12:05:43 PM,1750845943133,Right,-0.4212964,0.8536338,0.4116069,-0.8847864,0.9718709,0.289143,-0.4574191,0.8585672,0.3406897,-0.8181378,0.798302,0.3988954,-0.4828436,1.46697,0.2965949,-1.186446,0.7397009,0.4077042,True,0,1,7
6/25/2025 12:05:43 PM,1750845943161,Right,-0.4077209,0.8561653,0.4280199,-0.8774738,0.9684654,0.3118157,-0.4464798,0.86017,0.3547888,-0.8096734,0.7999647,0.4120679,-0.4808345,1.466815,0.3024651,-1.175778,0.7415297,0.4191972,True,0,1,7
6/25/2025 12:05:43 PM,1750845943174,Right,-0.4015296,0.8586121,0.4342364,-0.8726971,0.9673983,0.3238239,-0.4416044,0.8617601,0.3602841,-0.8041444,0.8014151,0.4178333,-0.4799622,1.46682,0.3059878,-1.170691,0.7422037,0.4253948,True,0,1,7
6/25/2025 12:05:43 PM,1750845943203,Right,-0.3905082,0.86356,0.4449736,-0.8625166,0.9657685,0.3487874,-0.432704,0.8648574,0.3701264,-0.7924529,0.8039235,0.4292498,-0.4776686,1.466797,0.3126262,-1.161061,0.7430761,0.4391589,True,0,1,7
6/25/2025 12:05:43 PM,1750845943216,Right,-0.3845477,0.8654442,0.4509808,-0.8570848,0.9647276,0.3602958,-0.4280558,0.8662038,0.3754216,-0.7862811,0.8046708,0.435921,-0.4766581,1.466822,0.3161138,-1.155854,0.7429307,0.4476297,True,0,1,7
6/25/2025 12:05:43 PM,1750845943244,Right,-0.3688383,0.8676286,0.4619782,-0.8461103,0.9628865,0.3854948,-0.4157609,0.8675142,0.3852773,-0.7738544,0.8039731,0.4505253,-0.4743584,1.466519,0.3227134,-1.141997,0.7408725,0.4667851,True,0,1,7
6/25/2025 12:05:43 PM,1750845943258,Right,-0.3590863,0.8677006,0.4668511,-0.8399119,0.9623069,0.3986166,-0.4087751,0.8675284,0.3894829,-0.7677916,0.8031498,0.4577639,-0.4731672,1.46642,0.3264049,-1.134213,0.7400296,0.4765651,True,0,1,7
6/25/2025 12:05:43 PM,1750845943272,Right,-0.3496238,0.8677267,0.4719069,-0.8341372,0.962241,0.4119513,-0.4006484,0.8675086,0.394612,-0.7607288,0.8025149,0.4668158,-0.4718003,1.466311,0.330097,-1.125161,0.7398818,0.4889154,True,0,1,7
6/25/2025 12:05:43 PM,1750845943300,Right,-0.327817,0.8656573,0.4825082,-0.8218534,0.9648799,0.4377474,-0.3843265,0.866213,0.4043859,-0.7488073,0.8018188,0.4860425,-0.4693505,1.465706,0.3380167,-1.107303,0.7432224,0.5151975,True,0,1,7
6/25/2025 12:05:43 PM,1750845943313,Right,-0.3154204,0.8632905,0.4867326,-0.8169279,0.9669299,0.4495381,-0.3744602,0.86434,0.4085589,-0.7442769,0.8020611,0.4955869,-0.4678036,1.465216,0.3422241,-1.097315,0.7483794,0.5274489,True,0,1,7
6/25/2025 12:05:43 PM,1750845943341,Right,-0.2929124,0.8580644,0.489958,-0.8077362,0.9710768,0.4708875,-0.3562578,0.8605783,0.4133071,-0.7360575,0.806334,0.5096679,-0.4643722,1.464454,0.3507236,-1.079795,0.7653729,0.54571,True,0,1,7
6/25/2025 12:05:43 PM,1750845943355,Right,-0.2840031,0.855516,0.4883075,-0.8038437,0.9737269,0.480922,-0.3488322,0.8588241,0.41386,-0.7326514,0.809589,0.5146177,-0.4625878,1.463887,0.3551019,-1.072598,0.7753744,0.5527846,True,0,1,7
6/25/2025 12:05:43 PM,1750845943383,Right,-0.2658843,0.8514877,0.4895884,-0.7990916,0.9791265,0.4985569,-0.3349772,0.8558592,0.4162426,-0.7292749,0.8195345,0.5258754,-0.4590188,1.462998,0.3634156,-1.059142,0.8013642,0.5669616,True,0,1,7
6/25/2025 12:05:43 PM,1750845943397,Right,-0.2553002,0.8488702,0.4900087,-0.7981167,0.9835863,0.5049092,-0.3272241,0.8542189,0.4174639,-0.7302413,0.8254346,0.5302259,-0.456899,1.46261,0.3671736,-1.052046,0.8160672,0.5700355,True,0,1,7
6/25/2025 12:05:43 PM,1750845943410,Right,-0.2453187,0.8468587,0.4913547,-0.7958639,0.9868856,0.5129642,-0.3181724,0.8524781,0.4194096,-0.7283494,0.8337516,0.5342565,-0.4548118,1.462121,0.370944,-1.043587,0.8346508,0.5728891,True,0,1,7
6/25/2025 12:05:43 PM,1750845943438,Right,-0.2307074,0.8466885,0.4874897,-0.8017466,0.9979988,0.5172081,-0.3056749,0.8522941,0.4179779,-0.7342656,0.8519894,0.5335147,-0.4509947,1.462443,0.3767027,-1.032305,0.8699572,0.5656143,True,0,1,7
6/25/2025 12:05:43 PM,1750845943452,Right,-0.2222942,0.8453271,0.488013,-0.8006361,1.001528,0.524042,-0.2994658,0.8515435,0.4191824,-0.7346517,0.8620653,0.5336448,-0.4490198,1.462292,0.3800677,-1.026123,0.8889194,0.5629607,True,0,1,7
6/25/2025 12:05:43 PM,1750845943480,Right,-0.2289664,0.8494179,0.4874758,-0.8128061,1.009575,0.5192121,-0.3032212,0.8544919,0.4195492,-0.7441775,0.888377,0.5258167,-0.4461875,1.463412,0.3828081,-1.029135,0.9337026,0.5494545,True,0,1,7
6/25/2025 12:05:43 PM,1750845943494,Right,-0.2302498,0.8501924,0.4873285,-0.819484,1.012277,0.5152963,-0.3039656,0.8553256,0.4195669,-0.7499173,0.9001099,0.5184876,-0.4452362,1.464368,0.3836204,-1.030316,0.9507356,0.53538,True,0,1,7
6/25/2025 12:05:43 PM,1750845943521,Right,-0.2371806,0.8524138,0.4874696,-0.8317623,1.016685,0.5075986,-0.3078628,0.8573213,0.419926,-0.7595438,0.9122063,0.5064458,-0.4440677,1.466954,0.384776,-1.035581,0.966058,0.5132118,True,0,1,7
6/25/2025 12:05:43 PM,1750845943535,Right,-0.2441885,0.8542526,0.4878225,-0.8376942,1.01872,0.5035152,-0.3110257,0.8584306,0.4200777,-0.7631205,0.9127697,0.5029349,-0.443821,1.468596,0.3849649,-1.039412,0.967208,0.5079484,True,0,1,7
6/25/2025 12:05:43 PM,1750845943563,Right,-0.2621093,0.8587517,0.4887893,-0.8504114,1.023305,0.4914629,-0.3194804,0.8612091,0.4204393,-0.7688886,0.9113739,0.4979731,-0.4443601,1.472627,0.3838574,-1.0492,0.9660124,0.5018421,True,0,1,7
6/25/2025 12:05:43 PM,1750845943577,Right,-0.2719952,0.860968,0.4890138,-0.8574033,1.025946,0.4828995,-0.3251211,0.8629163,0.4205014,-0.773073,0.9110053,0.4944757,-0.4451125,1.474655,0.3826597,-1.055662,0.965551,0.4971549,True,0,1,7
6/25/2025 12:05:43 PM,1750845943591,Right,-0.2824078,0.8632437,0.4893411,-0.8644989,1.028616,0.47356,-0.3310808,0.8646443,0.4204894,-0.7771114,0.9103338,0.490742,-0.4462197,1.477072,0.3811469,-1.062736,0.963328,0.4914976,True,0,1,7
6/25/2025 12:05:43 PM,1750845943619,Right,-0.3050283,0.8687325,0.4902322,-0.8794088,1.033846,0.4529074,-0.3458576,0.868917,0.4204279,-0.7892634,0.910202,0.4810709,-0.448941,1.481188,0.3777204,-1.079825,0.9599807,0.476098,True,0,1,7
6/25/2025 12:05:43 PM,1750845943633,Right,-0.3189143,0.8724569,0.4899817,-0.8872139,1.036188,0.4408273,-0.3541596,0.871304,0.4201519,-0.7941426,0.9082849,0.4763068,-0.4506381,1.483293,0.3756163,-1.089463,0.9552311,0.4689956,True,0,1,7
6/25/2025 12:05:43 PM,1750845943661,Right,-0.3483927,0.8808888,0.4863617,-0.9023254,1.040516,0.4140567,-0.373229,0.8769138,0.4183138,-0.8058792,0.9032893,0.4660004,-0.4550296,1.487695,0.3689065,-1.111067,0.9432532,0.4542812,True,0,1,7
6/25/2025 12:05:43 PM,1750845943674,Right,-0.3631494,0.8856755,0.4837518,-0.9094732,1.042841,0.4009752,-0.3833195,0.8800115,0.4165472,-0.811819,0.8999704,0.4607871,-0.4576714,1.489737,0.3646648,-1.122297,0.9353909,0.4472958,True,0,1,7
6/25/2025 12:05:43 PM,1750845943702,Right,-0.3941205,0.8970827,0.4754337,-0.9234691,1.046672,0.3736966,-0.4062662,0.8875425,0.4108771,-0.824319,0.892008,0.4501331,-0.4636396,1.493791,0.356347,-1.147056,0.9154089,0.4344106,True,0,1,7
6/25/2025 12:05:43 PM,1750845943716,Right,-0.4096744,0.903244,0.4697628,-0.9297214,1.048465,0.3590727,-0.4183097,0.891689,0.4070493,-0.8303131,0.8879886,0.4443893,-0.4661635,1.495242,0.3521379,-1.159594,0.9043943,0.4279286,True,0,1,7
6/25/2025 12:05:43 PM,1750845943744,Right,-0.4404479,0.9168273,0.4568104,-0.9416382,1.049341,0.3292444,-0.4444053,0.9012371,0.3968004,-0.8430845,0.8799579,0.4312532,-0.471894,1.497745,0.3428441,-1.185579,0.8795621,0.4138931,True,0,1,7
6/25/2025 12:05:43 PM,1750845943758,Right,-0.4555709,0.923939,0.4498056,-0.9469585,1.049183,0.3143197,-0.4574173,0.9062617,0.3909354,-0.8489101,0.8764205,0.4240651,-0.4747288,1.498641,0.3381095,-1.197898,0.8668576,0.4062963,True,0,1,7
6/25/2025 12:05:43 PM,1750845943772,Right,-0.4708698,0.931962,0.4405907,-0.9512136,1.047568,0.2993826,-0.471441,0.911927,0.3836937,-0.854054,0.8729845,0.4161988,-0.4779381,1.499499,0.3328665,-1.210609,0.8527389,0.3988002,True,0,1,7
6/25/2025 12:05:43 PM,1750845943800,Right,-0.4994626,0.9467772,0.4222131,-0.9578717,1.042826,0.2730169,-0.4996946,0.9238791,0.3663894,-0.8628867,0.8673006,0.3995167,-0.4839301,1.500955,0.3219204,-1.234278,0.8231578,0.3848774,True,0,1,7
6/25/2025 12:05:43 PM,1750845943814,Right,-0.5121956,0.9537261,0.4123186,-0.9599521,1.039665,0.2622277,-0.5134515,0.930025,0.356056,-0.8658997,0.8652884,0.3905337,-0.4869015,1.501683,0.3158754,-1.244693,0.8080573,0.3786465,True,0,1,7
6/25/2025 12:05:43 PM,1750845943841,Right,-0.5351551,0.9672157,0.3906857,-0.9615123,1.033711,0.2431804,-0.5421922,0.9434028,0.3308442,-0.8727632,0.8621476,0.3694822,-0.4924051,1.502767,0.304678,-1.263668,0.7749363,0.3653636,True,0,1,7
6/25/2025 12:05:43 PM,1750845943855,Right,-0.5464215,0.9741231,0.3795708,-0.9613729,1.033093,0.2324426,-0.5542586,0.9495543,0.3179139,-0.8730647,0.8611122,0.3589834,-0.494904,1.50318,0.2991095,-1.269555,0.75801,0.359894,True,0,1,7
6/25/2025 12:05:43 PM,1750845943882,Right,-0.5656638,0.9877963,0.3561789,-0.9599504,1.033085,0.2125255,-0.5696644,0.9586265,0.2972823,-0.8653281,0.8557703,0.3443201,-0.4997442,1.503661,0.287962,-1.268471,0.7175801,0.3578324,True,0,1,7
6/25/2025 12:05:43 PM,1750845943897,Right,-0.5730333,0.9940885,0.3447181,-0.959527,1.032166,0.203742,-0.5765358,0.9629045,0.28749,-0.8615128,0.8532738,0.3377137,-0.5020176,1.503879,0.2825996,-1.265395,0.6972654,0.3582622,True,0,1,7
6/25/2025 12:05:43 PM,1750845943911,Right,-0.5801075,0.9998962,0.3342099,-0.9587171,1.031436,0.1958407,-0.5816317,0.9665719,0.2781423,-0.8563048,0.84989,0.3320028,-0.5042825,1.503891,0.2773088,-1.258738,0.6752847,0.3604805,True,0,1,7
6/25/2025 12:05:43 PM,1750845943938,Right,-0.5905201,1.009383,0.3147243,-0.9563885,1.030303,0.1826711,-0.5903963,0.9726795,0.2609513,-0.8445431,0.8425273,0.322765,-0.5081029,1.503724,0.267002,-1.239187,0.6300585,0.3694935,False,0,1,7
6/25/2025 12:05:43 PM,1750845943952,Right,-0.593549,1.012751,0.3060224,-0.9555058,1.029592,0.1772039,-0.5931711,0.9802402,0.2638842,-0.8650414,0.8464146,0.3170556,-0.5097374,1.503588,0.2627007,-1.248884,0.6430628,0.3442049,False,0,1,7
6/25/2025 12:05:43 PM,1750845943981,Right,-0.5986886,1.017974,0.2908792,-0.953661,1.028276,0.1669062,-0.5983953,0.9840352,0.2497669,-0.8612427,0.8483294,0.3016663,-0.5127958,1.503188,0.2540622,-1.243745,0.6280059,0.3326366,False,0,1,7
6/25/2025 12:05:43 PM,1750845943995,Right,-0.5987418,1.017939,0.2862935,-0.952539,1.027789,0.1635978,-0.5986118,0.9839925,0.2451568,-0.8590659,0.8468567,0.2991706,-0.5142583,1.503219,0.2503619,-1.238534,0.6200748,0.3355076,False,0,1,7
6/25/2025 12:05:44 PM,1750845944022,Right,-0.5986648,1.015901,0.2797493,-0.9508414,1.026477,0.1549039,-0.5986995,0.9822839,0.2389228,-0.859028,0.8449703,0.2918296,-0.5169556,1.503095,0.2430446,-1.234352,0.6115164,0.331537,False,0,1,7
6/25/2025 12:05:44 PM,1750845944035,Right,-0.5981297,1.014159,0.2773893,-0.9500554,1.025587,0.1512759,-0.5984625,0.9810221,0.2363779,-0.8589402,0.8436298,0.289315,-0.5178717,1.50291,0.2397021,-1.232172,0.6076432,0.3317767,False,0,1,7
6/25/2025 12:05:44 PM,1750845944063,Right,-0.5942421,1.008041,0.2769951,-0.9489119,1.022714,0.1468341,-0.595996,0.9769898,0.2343833,-0.8595121,0.8390576,0.2867206,-0.5192403,1.502516,0.2340281,-1.230872,0.6050383,0.327574,False,0,1,7
6/25/2025 12:05:44 PM,1750845944077,Right,-0.592346,1.005163,0.277833,-0.9484499,1.021365,0.1462868,-0.5942596,0.9745412,0.2350862,-0.8600128,0.8363882,0.2869534,-0.5199924,1.502298,0.2314684,-1.23196,0.6063761,0.323931,False,0,1,7
6/25/2025 12:05:44 PM,1750845944091,Right,-0.589082,1.001154,0.2813129,-0.9479949,1.020248,0.1463276,-0.5917703,0.9716222,0.2374499,-0.8611041,0.8331172,0.2885803,-0.5206016,1.501921,0.229367,-1.233306,0.6088389,0.3206403,False,0,1,7
6/25/2025 12:05:44 PM,1750845944119,Right,-0.5812039,0.9925966,0.2902138,-0.9466305,1.019914,0.1505189,-0.5862042,0.9658793,0.2434248,-0.8637354,0.8279756,0.2923062,-0.5217787,1.501152,0.2265775,-1.237458,0.6180879,0.3142058,False,0,1,7
6/25/2025 12:05:44 PM,1750845944132,Right,-0.5759747,0.9876546,0.2957093,-0.9457245,1.020872,0.1543306,-0.5825916,0.9626749,0.2471797,-0.8651904,0.8253711,0.294946,-0.5223699,1.500765,0.2254503,-1.23917,0.6238879,0.312208,False,0,1,7
6/25/2025 12:05:44 PM,1750845944160,Right,-0.56212,0.9760047,0.3068882,-0.942395,1.024454,0.1660562,-0.5725014,0.9547352,0.2554183,-0.8667273,0.8202492,0.301138,-0.5231245,1.499761,0.2237513,-1.241213,0.6386549,0.3103606,False,0,1,7
6/25/2025 12:05:44 PM,1750845944174,Right,-0.5532596,0.969074,0.3130417,-0.9402561,1.026228,0.1736196,-0.5665692,0.9503917,0.2595911,-0.8676882,0.8175818,0.3045307,-0.5234573,1.499298,0.2231605,-1.24137,0.6468204,0.3104632,False,0,1,7
6/25/2025 12:05:44 PM,1750845944202,Right,-0.5304871,0.9523554,0.3274728,-0.9342911,1.029351,0.1930155,-0.5509856,0.9397469,0.2698788,-0.868977,0.8123621,0.31336,-0.5240303,1.498528,0.2232708,-1.239546,0.6675788,0.3135731,False,0,1,7
6/25/2025 12:05:44 PM,1750845944216,Right,-0.5176837,0.9435624,0.3345594,-0.9305639,1.030696,0.2043805,-0.5422975,0.9343407,0.2750177,-0.8702282,0.8099447,0.318108,-0.5242032,1.498099,0.2240927,-1.237291,0.6786258,0.3161748,False,0,1,7
6/25/2025 12:05:44 PM,1750845944244,Right,-0.4857541,0.9244676,0.3483539,-0.9204888,1.032678,0.2343497,-0.520088,0.9221327,0.2858679,-0.8690209,0.8073979,0.328882,-0.5246323,1.497962,0.2265481,-1.228359,0.7054645,0.3246946,False,0,1,7
6/25/2025 12:05:44 PM,1750845944258,Right,-0.4669608,0.9151334,0.3540684,-0.9135642,1.032201,0.2529652,-0.5078147,0.9162009,0.2906897,-0.8671989,0.8073547,0.3341385,-0.5243344,1.497779,0.2284768,-1.221904,0.7195978,0.3297329,False,0,1,7
6/25/2025 12:05:44 PM,1750845944272,Right,-0.4488597,0.9066842,0.3589997,-0.9063766,1.031475,0.2705809,-0.4933835,0.9099302,0.2954927,-0.863149,0.8086857,0.3397521,-0.523833,1.497672,0.2307081,-1.213223,0.7358557,0.3358565,False,0,1,7
6/25/2025 12:05:44 PM,1750845944300,Right,-0.4092871,0.8923159,0.3665266,-0.8884859,1.027819,0.3096451,-0.4616911,0.8986776,0.3037604,-0.8510331,0.8152757,0.35112,-0.5220556,1.497726,0.2368643,-1.190863,0.7711377,0.3500415,False,0,1,7
6/25/2025 12:05:44 PM,1750845944314,Right,-0.388622,0.8861604,0.3695284,-0.8768618,1.024278,0.3317714,-0.444928,0.8937939,0.3074102,-0.8421938,0.8205101,0.3573359,-0.5206914,1.497695,0.2410114,-1.177466,0.789668,0.3588471,False,0,1,7
6/25/2025 12:05:44 PM,1750845944341,Right,-0.3471205,0.8783496,0.3732796,-0.8495471,1.015234,0.3770522,-0.4041557,0.8855124,0.3143875,-0.8137361,0.8374395,0.3734691,-0.5172122,1.497827,0.2511876,-1.140783,0.8346797,0.384362,False,0,1,7
6/25/2025 12:05:44 PM,1750845944355,Right,-0.3272574,0.8751605,0.3753948,-0.8345871,1.010231,0.3991287,-0.3845422,0.882654,0.3176965,-0.7982606,0.8463936,0.3831519,-0.5148501,1.497703,0.2571254,-1.121143,0.8555956,0.4000774,False,0,1,7
6/25/2025 12:05:44 PM,1750845944383,Right,-0.2872097,0.8707522,0.3787802,-0.7989357,0.9978015,0.4435626,-0.3479916,0.8786817,0.3237728,-0.764169,0.8671567,0.4086797,-0.5085356,1.497281,0.2702739,-1.07958,0.899671,0.4439319,False,0,1,7
6/25/2025 12:05:44 PM,1750845944397,Right,-0.2669996,0.8690531,0.3798738,-0.7776806,0.9903821,0.4656715,-0.3308525,0.8776439,0.3260019,-0.7447362,0.8765733,0.4246959,-0.5043423,1.496896,0.277884,-1.056676,0.9188226,0.4729214,False,0,1,7
6/25/2025 12:05:44 PM,1750845944411,Right,-0.2466475,0.8678159,0.3796735,-0.751797,0.981537,0.4872854,-0.3139196,0.8765846,0.3277722,-0.722387,0.8819663,0.4411492,-0.4996357,1.496754,0.2867222,-1.032336,0.9306993,0.5039811,False,0,1,7
6/25/2025 12:05:44 PM,1750845944439,Right,-0.2076862,0.8659501,0.3765223,-0.6986992,0.9635822,0.5265422,-0.2802226,0.8751494,0.3291647,-0.6728438,0.8831088,0.4753426,-0.4886645,1.496716,0.3051313,-0.980086,0.9346066,0.5674006,False,0,1,7
6/25/2025 12:05:44 PM,1750845944452,Right,-0.1894512,0.8664567,0.3728396,-0.6701419,0.9540311,0.5436966,-0.2643491,0.8757093,0.3277823,-0.6457694,0.8800992,0.4912786,-0.4818108,1.496417,0.3149257,-0.95242,0.9287597,0.5995255,False,0,1,7
6/25/2025 12:05:44 PM,1750845944480,Right,-0.1564354,0.8686022,0.3622478,-0.6093996,0.9347367,0.5719714,-0.2347149,0.8769444,0.3234087,-0.5900139,0.8693593,0.5130585,-0.4659111,1.495617,0.3354219,-0.8982157,0.9082243,0.653391,False,0,1,7
6/25/2025 12:05:44 PM,1750845944494,Right,-0.141564,0.8698995,0.3556224,-0.577347,0.9247526,0.5831641,-0.221056,0.877682,0.3202351,-0.5615587,0.8619521,0.5231049,-0.4569604,1.494979,0.3460504,-0.8685715,0.8936778,0.6815771,False,0,1,7
6/25/2025 12:05:44 PM,1750845944522,Right,-0.1137803,0.8722306,0.3409617,-0.5104773,0.9036516,0.599524,-0.1948721,0.8787329,0.3127589,-0.5003611,0.8453852,0.5356916,-0.4373176,1.493112,0.3673171,-0.8054233,0.8593324,0.7334144,False,0,1,7
6/25/2025 12:05:44 PM,1750845944536,Right,-0.1007111,0.8729202,0.332607,-0.4767699,0.8928634,0.6035761,-0.1819823,0.8788546,0.3086233,-0.4699549,0.8363125,0.5404001,-0.4264336,1.491897,0.3781569,-0.7711604,0.8398766,0.757455,False,0,1,7
6/25/2025 12:05:44 PM,1750845944564,Right,-0.07727575,0.8728187,0.3121735,-0.4111085,0.8694183,0.6037937,-0.1584654,0.877777,0.2965592,-0.4084493,0.8166717,0.5415892,-0.4024451,1.488081,0.3992749,-0.6985897,0.7957331,0.7981912,False,0,1,7
6/25/2025 12:05:44 PM,1750845944578,Right,-0.0652529,0.8717705,0.3015575,-0.3799249,0.8571191,0.6019903,-0.1465339,0.8762164,0.2896643,-0.3778986,0.8056914,0.5402079,-0.3894989,1.48561,0.4093453,-0.6593188,0.771129,0.8151245,False,0,1,7
6/25/2025 12:05:44 PM,1750845944592,Right,-0.05390656,0.8695448,0.2890747,-0.3501194,0.8449176,0.5969161,-0.1342727,0.8740638,0.2824352,-0.346837,0.7935618,0.5388482,-0.3757606,1.482499,0.4189646,-0.6161522,0.7444111,0.831145,False,0,1,7
6/25/2025 12:05:44 PM,1750845944620,Right,-0.03317177,0.8645264,0.2623248,-0.2950842,0.824716,0.5803422,-0.1118818,0.868429,0.2648522,-0.2855173,0.769276,0.5299238,-0.3481573,1.47526,0.4373722,-0.5246475,0.6902771,0.854756,False,0,1,7
6/25/2025 12:05:44 PM,1750845944633,Right,-0.02534151,0.8611107,0.2465304,-0.2710031,0.8169019,0.5681765,-0.1031053,0.8644319,0.2534521,-0.2564964,0.7575176,0.5211724,-0.3339148,1.470538,0.4461406,-0.4776059,0.6642761,0.8615533,False,0,1,7
6/25/2025 12:05:44 PM,1750845944661,Right,-0.01181579,0.8538266,0.2146972,-0.2266886,0.8010507,0.5450979,-0.08536652,0.8564278,0.2322283,-0.20282,0.7378173,0.5040883,-0.3052706,1.45914,0.4635848,-0.3857154,0.6223704,0.8687091,False,0,1,7
6/25/2025 12:05:44 PM,1750845944674,Right,-0.008725643,0.8500981,0.1980394,-0.2086718,0.7935008,0.5326122,-0.08097547,0.8511594,0.219603,-0.1889398,0.7313789,0.4905089,-0.2910349,1.452137,0.4718668,-0.3620764,0.6110336,0.862582,False,0,1,7
6/25/2025 12:05:44 PM,1750845944703,Right,-0.005533695,0.8436409,0.1669476,-0.1748854,0.7788645,0.5109712,-0.07297677,0.84156,0.1976006,-0.1631863,0.7187545,0.4688331,-0.2608273,1.435912,0.4875821,-0.3144338,0.5904933,0.8524014,False,0,1,7
6/25/2025 12:05:44 PM,1750845944717,Right,-0.005834818,0.8405791,0.1521546,-0.1613156,0.7727089,0.5010638,-0.06964114,0.8368564,0.1872616,-0.1510964,0.7126691,0.459577,-0.245352,1.427167,0.494957,-0.2902119,0.5817207,0.8478329,False,0,1,7
6/25/2025 12:05:44 PM,1750845944731,Right,-0.005303741,0.8374434,0.1376723,-0.1471505,0.7664942,0.4916737,-0.06619079,0.8319252,0.1770453,-0.1406853,0.7067808,0.4510574,-0.2299457,1.417868,0.5017694,-0.269474,0.5747468,0.8423537,False,0,1,7
6/25/2025 12:05:44 PM,1750845944759,Right,-0.006460309,0.8306378,0.1094806,-0.1227071,0.7540797,0.4728096,-0.06120577,0.8210372,0.1568743,-0.1225035,0.6940181,0.4345389,-0.200314,1.397691,0.5139613,-0.2316245,0.5605298,0.8300707,False,0,1,7
6/25/2025 12:05:44 PM,1750845944773,Right,-0.008584857,0.8274396,0.09594941,-0.1134202,0.7474395,0.4639102,-0.05967481,0.8155715,0.1470662,-0.1146336,0.6872605,0.4268769,-0.1864444,1.386962,0.5195917,-0.2143039,0.5531322,0.8233173,False,0,1,7
6/25/2025 12:05:44 PM,1750845944800,Right,-0.013515,0.8216007,0.07053924,-0.09348524,0.7331007,0.4482341,-0.05933534,0.8048494,0.1290263,-0.1013748,0.6731374,0.4137802,-0.1606948,1.36497,0.530344,-0.1821609,0.5377426,0.809958,False,0,1,7
6/25/2025 12:05:44 PM,1750845944814,Right,-0.01599932,0.8183742,0.05898511,-0.08429337,0.7255635,0.4417013,-0.0589624,0.7991568,0.1207086,-0.0954078,0.6656304,0.4089484,-0.1491112,1.353528,0.5349277,-0.1678316,0.530772,0.8035095,False,0,1,7
6/25/2025 12:05:44 PM,1750845944841,Right,-0.02299273,0.8121301,0.04084158,-0.0695715,0.7090433,0.4327118,-0.06038463,0.7874269,0.1078995,-0.08573707,0.6494348,0.4024925,-0.1280304,1.328993,0.5435005,-0.1423401,0.5147402,0.7927537,False,0,1,7
6/25/2025 12:05:44 PM,1750845944855,Right,-0.02742362,0.8091999,0.03416812,-0.06380701,0.6999688,0.4296702,-0.06180397,0.7814447,0.1029478,-0.08157235,0.6407452,0.400325,-0.118839,1.315813,0.5477487,-0.1304159,0.5056685,0.7880316,False,0,1,7
6/25/2025 12:05:44 PM,1750845944884,Right,-0.03583086,0.8020014,0.02343118,-0.0531683,0.6796835,0.4256195,-0.06525119,0.7684587,0.09579673,-0.07448242,0.621698,0.3980798,-0.1020719,1.289218,0.5551972,-0.1094742,0.4851725,0.779824,False,0,1,7
6/25/2025 12:05:44 PM,1750845944898,Right,-0.0403136,0.7977677,0.01982701,-0.04872143,0.6686925,0.4249296,-0.06742135,0.7614844,0.09356451,-0.07199584,0.6112763,0.3988791,-0.09489167,1.275657,0.5584912,-0.1010303,0.474506,0.776656,False,0,1,7
6/25/2025 12:05:44 PM,1750845944912,Right,-0.04471147,0.7934462,0.01609373,-0.04419124,0.657735,0.4239879,-0.06979218,0.7543306,0.09181774,-0.06949739,0.600766,0.3995301,-0.08819318,1.262268,0.5620834,-0.09254633,0.4634277,0.7736959,False,0,1,7
6/25/2025 12:05:44 PM,1750845944938,Right,-0.054546,0.781702,0.01631093,-0.0407145,0.6314025,0.4276857,-0.07545615,0.7385243,0.09285149,-0.06722577,0.577576,0.404325,-0.07759953,1.236269,0.56958,-0.08103947,0.4381233,0.7709578,False,0,1,7
6/25/2025 12:05:44 PM,1750845944953,Right,-0.05957973,0.7738891,0.01888704,-0.04106903,0.6169556,0.4316151,-0.07812405,0.7301659,0.09577525,-0.06705312,0.5659043,0.4080362,-0.07233286,1.22303,0.5729917,-0.07768051,0.4248855,0.7717218,True,0,1,8
6/25/2025 12:05:44 PM,1750845944981,Right,-0.07073438,0.7566253,0.02586937,-0.0443908,0.5867056,0.4425887,-0.08042599,0.724397,0.1015767,-0.06939494,0.563879,0.3989184,-0.06344855,1.197487,0.577493,-0.07866243,0.4120445,0.7742824,True,0,1,8
6/25/2025 12:05:44 PM,1750845944994,Right,-0.07763267,0.7453743,0.03417826,-0.04849303,0.569638,0.4517752,-0.08198776,0.7202139,0.1047133,-0.07027033,0.5561064,0.4036317,-0.0595572,1.184961,0.5791529,-0.07862783,0.4032656,0.7752599,True,0,1,8
6/25/2025 12:05:45 PM,1750845945022,Right,-0.09030581,0.7213063,0.05376911,-0.06066513,0.5355539,0.4834619,-0.0857086,0.7098708,0.1120996,-0.07192848,0.5359251,0.4162078,-0.05216265,1.162969,0.5819737,-0.07756827,0.381737,0.7772026,True,0,1,8
6/25/2025 12:05:45 PM,1750845945036,Right,-0.09629583,0.7083296,0.06594908,-0.06683242,0.5193956,0.502478,-0.0877905,0.7038144,0.116498,-0.07252292,0.5233237,0.42461,-0.04882634,1.152784,0.5829664,-0.07628489,0.3691786,0.7783035,True,0,1,8
6/25/2025 12:05:45 PM,1750845945064,Right,-0.1082231,0.6811121,0.09736443,-0.08210278,0.4869273,0.5462358,-0.09234036,0.6902086,0.1275158,-0.0777899,0.5059873,0.4449757,-0.04311633,1.13403,0.5842367,-0.08096602,0.3590913,0.791091,True,0,1,8
6/25/2025 12:05:45 PM,1750845945078,Right,-0.113608,0.6661559,0.1249657,-0.09520864,0.4731745,0.5761683,-0.0945539,0.6834213,0.1341074,-0.08037657,0.4991527,0.4519482,-0.04163766,1.126629,0.5847344,-0.08460221,0.3523384,0.7977226,True,0,1,8
6/25/2025 12:05:45 PM,1750845945091,Right,-0.1187866,0.6538234,0.1491307,-0.1065593,0.462082,0.6002542,-0.09694055,0.6761228,0.1419743,-0.08359236,0.4920399,0.460055,-0.03984165,1.119366,0.5857205,-0.08887413,0.3454603,0.8058246,True,0,1,8
6/25/2025 12:05:45 PM,1750845945120,Right,-0.1285063,0.6371733,0.2065667,-0.1316017,0.4526753,0.6456536,-0.1018354,0.6618519,0.1611155,-0.09188092,0.4831824,0.4702744,-0.03720355,1.108578,0.5872515,-0.0998641,0.331625,0.8252288,True,0,1,8
6/25/2025 12:05:45 PM,1750845945133,Right,-0.1334491,0.6328776,0.2359568,-0.1418948,0.4541859,0.6658484,-0.1044869,0.6547893,0.1726931,-0.09693775,0.4796168,0.4753402,-0.03592777,1.104154,0.5881166,-0.1069526,0.3242026,0.8366257,True,0,1,8
6/25/2025 12:05:45 PM,1750845945161,Right,-0.1440858,0.629629,0.2910104,-0.1581748,0.4590371,0.7035471,-0.1098351,0.6426252,0.1973571,-0.1075796,0.4738089,0.486679,-0.03423715,1.09769,0.5900087,-0.1226535,0.3099905,0.8601466,True,0,1,8
6/25/2025 12:05:45 PM,1750845945175,Right,-0.149713,0.6283547,0.3163404,-0.1654537,0.4638012,0.7206295,-0.1126324,0.6371244,0.2103992,-0.1132169,0.4709434,0.4934727,-0.03384757,1.095786,0.5912606,-0.1313457,0.3029284,0.8722625,True,0,1,8
6/25/2025 12:05:45 PM,1750845945203,Right,-0.1649293,0.6396221,0.3598303,-0.1793798,0.4851219,0.7466698,-0.1199358,0.6271127,0.2419956,-0.126252,0.4651562,0.5092968,-0.03385317,1.098461,0.5937867,-0.1511689,0.2843261,0.898975,True,0,1,8
6/25/2025 12:05:45 PM,1750845945217,Right,-0.1705403,0.643768,0.3769563,-0.187701,0.4943363,0.7604373,-0.1238839,0.6235006,0.2578963,-0.1315105,0.4637813,0.5219678,-0.03348053,1.100592,0.5952438,-0.1577758,0.2814854,0.9151459,True,0,1,8
6/25/2025 12:05:45 PM,1750845945244,Right,-0.1815015,0.6523256,0.4060372,-0.2053232,0.5132772,0.7879024,-0.1335423,0.6175099,0.2949845,-0.1439005,0.4622197,0.5571935,-0.03355813,1.106401,0.5988802,-0.1725341,0.2822156,0.9554067,True,0,1,8
6/25/2025 12:05:45 PM,1750845945259,Right,-0.1877785,0.6571742,0.4181074,-0.2148829,0.5229189,0.800909,-0.1390168,0.6157188,0.3142883,-0.150869,0.4623954,0.5771307,-0.03435159,1.110463,0.6007209,-0.1806206,0.2851373,0.9769232,True,0,1,8
6/25/2025 12:05:45 PM,1750845945273,Right,-0.1945997,0.6625276,0.4288359,-0.2250513,0.533031,0.8128395,-0.1451278,0.6147742,0.3344347,-0.1585446,0.4636131,0.5973487,-0.03553009,1.115268,0.6028895,-0.1894305,0.2887101,0.9991298,True,0,1,8
6/25/2025 12:05:45 PM,1750845945300,Right,-0.2083827,0.6749482,0.4468136,-0.2446382,0.5525456,0.8341601,-0.1600746,0.617113,0.3754903,-0.1762499,0.468474,0.6423382,-0.03963101,1.127122,0.607451,-0.2080137,0.3007416,1.044602,True,0,1,8
6/25/2025 12:05:45 PM,1750845945314,Right,-0.2149887,0.6829093,0.4534063,-0.2535266,0.5630533,0.841392,-0.1688387,0.6208956,0.3960211,-0.1860491,0.4732531,0.6634089,-0.04205132,1.133842,0.6101016,-0.2177276,0.3072684,1.066355,True,0,1,8
6/25/2025 12:05:45 PM,1750845945342,Right,-0.2271274,0.6991559,0.4657979,-0.2690103,0.5857857,0.8550115,-0.1903474,0.636544,0.4383742,-0.2090726,0.4914806,0.7067657,-0.04802155,1.148921,0.6159613,-0.2413127,0.3292165,1.111466,True,0,1,8
6/25/2025 12:05:45 PM,1750845945355,Right,-0.232223,0.7076182,0.4690359,-0.27562,0.5979324,0.8597488,-0.2018855,0.6488916,0.4562837,-0.2213085,0.5051661,0.725673,-0.05177569,1.157261,0.6192096,-0.2547992,0.345241,1.130892,True,0,1,8
6/25/2025 12:05:45 PM,1750845945383,Right,-0.2394923,0.721823,0.4742228,-0.2883966,0.6227636,0.869803,-0.2153244,0.670777,0.4702253,-0.2368733,0.5300498,0.7433892,-0.06089878,1.175185,0.6256026,-0.2741472,0.3769351,1.148677,True,0,1,8
6/25/2025 12:05:45 PM,1750845945398,Right,-0.2405149,0.7273658,0.4746685,-0.2940611,0.637323,0.8731594,-0.217795,0.6778538,0.4717672,-0.2406973,0.5391208,0.7469156,-0.06622505,1.184755,0.628598,-0.2804683,0.3899621,1.152422,True,0,1,8
6/25/2025 12:05:45 PM,1750845945411,Right,-0.2407491,0.7320594,0.4756609,-0.3001648,0.6521849,0.8758562,-0.219267,0.6842169,0.4730532,-0.2438962,0.5478439,0.7501615,-0.07135201,1.194028,0.6308634,-0.2867944,0.4029794,1.156021,True,0,1,8
6/25/2025 12:05:45 PM,1750845945439,Right,-0.239694,0.7395942,0.4772129,-0.3134809,0.682345,0.87886,-0.2214158,0.6958753,0.4753009,-0.2502818,0.5659691,0.754316,-0.0826,1.213664,0.635018,-0.3011076,0.4296084,1.162943,True,0,1,8
6/25/2025 12:05:45 PM,1750845945453,Right,-0.2390707,0.7427404,0.4778184,-0.3211136,0.6972109,0.8787274,-0.2221147,0.7015358,0.4756922,-0.2536424,0.5749828,0.7560525,-0.08942294,1.22421,0.6365678,-0.3091704,0.443475,1.165566,True,0,1,8
6/25/2025 12:05:45 PM,1750845945481,Right,-0.2374781,0.7484143,0.4793649,-0.3398495,0.7246626,0.8758719,-0.2246058,0.7126243,0.4773138,-0.2627154,0.5936794,0.7584669,-0.1040671,1.245364,0.6385301,-0.3301253,0.4714116,1.170698,True,0,1,8
6/25/2025 12:05:45 PM,1750845945494,Right,-0.2361634,0.7513267,0.4806502,-0.3509319,0.7384517,0.8738623,-0.2257748,0.7184133,0.4784696,-0.2679285,0.603021,0.7603618,-0.112065,1.256201,0.6389266,-0.3422855,0.4855901,1.172961,True,0,1,8
6/25/2025 12:05:45 PM,1750845945522,Right,-0.2317708,0.7581073,0.4852358,-0.3773389,0.7670319,0.8703995,-0.2268804,0.7304353,0.4815595,-0.2795218,0.6219233,0.7659816,-0.1296728,1.278376,0.638281,-0.3706229,0.5152181,1.176628,True,0,1,8
6/25/2025 12:05:45 PM,1750845945536,Right,-0.2296004,0.762128,0.4885346,-0.3933153,0.7817104,0.8684869,-0.2274033,0.7368478,0.4836833,-0.2859429,0.6311977,0.7698789,-0.1389651,1.289765,0.6368045,-0.3855584,0.529783,1.178098,True,0,1,8
6/25/2025 12:05:45 PM,1750845945564,Right,-0.225123,0.7709664,0.4969828,-0.4313655,0.8105619,0.8638153,-0.2291257,0.7513347,0.4889572,-0.3021239,0.6507422,0.7805977,-0.1592927,1.314223,0.6321999,-0.4197416,0.5610803,1.180021,True,0,1,8
6/25/2025 12:05:45 PM,1750845945578,Right,-0.2231933,0.7762719,0.5017463,-0.4534651,0.8244911,0.8612928,-0.2303041,0.7589474,0.4916621,-0.3116262,0.6601767,0.7874357,-0.1699286,1.326967,0.62927,-0.4376669,0.5767457,1.180068,True,0,1,8
6/25/2025 12:05:45 PM,1750845945592,Right,-0.2218286,0.7825007,0.5069079,-0.4788539,0.8383235,0.8581185,-0.2320495,0.767512,0.4945976,-0.3230378,0.670274,0.7955334,-0.1811823,1.340256,0.6256948,-0.4575,0.5935669,1.179444,True,0,1,8
6/25/2025 12:05:45 PM,1750845945619,Right,-0.2207711,0.7945988,0.5177299,-0.5367136,0.8679992,0.8463025,-0.2374612,0.7851479,0.4999124,-0.3510995,0.6906751,0.8129834,-0.2061034,1.367003,0.6140238,-0.5012761,0.6282308,1.1751,True,0,1,8
6/25/2025 12:05:45 PM,1750845945634,Right,-0.2207322,0.8004604,0.5233475,-0.5655386,0.8826893,0.8382797,-0.2405205,0.7934521,0.5022271,-0.3677153,0.7008865,0.8213221,-0.218706,1.379914,0.6066948,-0.5259817,0.6460872,1.17073,True,0,1,8
6/25/2025 12:05:45 PM,1750845945662,Right,-0.2220666,0.8139858,0.5348183,-0.6263978,0.912805,0.8143353,-0.2477018,0.8102156,0.5063838,-0.4029897,0.7210995,0.8370567,-0.2446157,1.405412,0.5893886,-0.5742609,0.6801729,1.15949,True,0,1,8
6/25/2025 12:05:45 PM,1750845945675,Right,-0.2251598,0.8216286,0.5399945,-0.6555455,0.9286492,0.799798,-0.2530083,0.8193479,0.5077951,-0.4234938,0.7327216,0.8425093,-0.257611,1.417981,0.5793587,-0.6012737,0.6984233,1.15137,True,0,1,8
6/25/2025 12:05:45 PM,1750845945703,Right,-0.2369832,0.8389536,0.5486009,-0.7117717,0.9622959,0.760236,-0.2674327,0.8381976,0.5085981,-0.4690276,0.7584362,0.8455703,-0.2830783,1.441192,0.5558614,-0.6606262,0.7362885,1.129173,True,0,1,8
6/25/2025 12:05:45 PM,1750845945717,Right,-0.2460908,0.8495241,0.5515914,-0.7375748,0.9790723,0.7356007,-0.2756636,0.8474302,0.5079516,-0.4923666,0.7714766,0.8437011,-0.295272,1.451741,0.5424591,-0.6906193,0.7546504,1.115655,True,0,1,8
6/25/2025 12:05:45 PM,1750845945745,Right,-0.2688061,0.8718113,0.5542014,-0.7860224,1.011259,0.6868392,-0.2958299,0.867429,0.5040659,-0.5438274,0.8008548,0.830798,-0.318188,1.471471,0.5135355,-0.757571,0.7942511,1.079861,True,0,1,8
6/25/2025 12:05:45 PM,1750845945759,Right,-0.2814895,0.8833798,0.5541534,-0.807694,1.026084,0.6597167,-0.3071596,0.8778929,0.5010116,-0.5718386,0.816143,0.8219493,-0.3285449,1.480681,0.4983046,-0.7925835,0.8145732,1.058196,True,0,1,8
6/25/2025 12:05:45 PM,1750845945772,Right,-0.2942046,0.8951725,0.5535398,-0.827642,1.039856,0.6313533,-0.3186443,0.8875244,0.4967132,-0.5950234,0.8309376,0.8059959,-0.3383121,1.489463,0.4830225,-0.8264912,0.8327469,1.034478,True,0,1,8
6/25/2025 12:05:45 PM,1750845945800,Right,-0.322736,0.9201001,0.5474786,-0.8619123,1.064526,0.572328,-0.3440935,0.9091655,0.4855358,-0.6490519,0.861904,0.7717822,-0.3555183,1.504814,0.451677,-0.8984652,0.8710608,0.9767793,True,0,1,8
6/25/2025 12:05:45 PM,1750845945814,Right,-0.3376091,0.9320605,0.5420296,-0.8773277,1.076152,0.5425355,-0.3569311,0.9193458,0.4783429,-0.6732669,0.8762259,0.7501767,-0.3631613,1.511377,0.4362141,-0.932884,0.8880339,0.9446024,True,0,1,8
6/25/2025 12:05:45 PM,1750845945842,Right,-0.3673315,0.9540294,0.5267376,-0.9003274,1.094944,0.4787498,-0.3846992,0.9394715,0.4591444,-0.7238997,0.9034276,0.6987051,-0.3765209,1.521713,0.4059473,-1.003348,0.9196566,0.8677773,True,0,1,8
6/25/2025 12:05:45 PM,1750845945856,Right,-0.3819225,0.9641038,0.5174786,-0.9097857,1.102164,0.4461759,-0.3988224,0.948797,0.4474486,-0.7468305,0.9153709,0.6684815,-0.3818946,1.525676,0.3910942,-1.037275,0.9327368,0.8245694,True,0,1,8
6/25/2025 12:05:45 PM,1750845945884,Right,-0.4105318,0.9830511,0.4968864,-0.9256191,1.111495,0.3810325,-0.4261578,0.965717,0.4214063,-0.7905093,0.9348667,0.6030774,-0.3909621,1.532629,0.3624794,-1.101,0.9523854,0.7288311,True,0,1,8
6/25/2025 12:05:45 PM,1750845945897,Right,-0.4245845,0.9910808,0.4835962,-0.9309022,1.113236,0.3487667,-0.4375055,0.9717763,0.407999,-0.806604,0.9403114,0.5679886,-0.3943465,1.535132,0.348577,-1.128219,0.9558958,0.6777451,True,0,1,8
6/25/2025 12:05:45 PM,1750845945911,Right,-0.4382049,0.9993741,0.4719788,-0.9374712,1.11646,0.3172814,-0.4487389,0.9786944,0.3970145,-0.8261114,0.9456387,0.5365897,-0.3977901,1.537671,0.3345202,-1.153488,0.9590733,0.6273256,True,0,1,8
6/25/2025 12:05:45 PM,1750845945939,Right,-0.464586,1.014292,0.4468249,-0.9479344,1.120814,0.2548057,-0.4699976,0.9894865,0.3708646,-0.8560742,0.9505715,0.4650324,-0.4033537,1.541191,0.3074454,-1.196612,0.9561525,0.5158496,True,0,1,8
6/25/2025 12:05:45 PM,1750845945953,Right,-0.4715478,1.010905,0.4230098,-0.9354496,1.10575,0.2318165,-0.4746464,0.9874876,0.3536226,-0.8490306,0.9416682,0.4242144,-0.404829,1.540833,0.296571,-1.207147,0.936477,0.4582222,True,0,1,8
6/25/2025 12:05:45 PM,1750845945981,Right,-0.4879494,1.014069,0.3903378,-0.9310904,1.095513,0.188651,-0.488739,0.9892223,0.3193964,-0.8511446,0.9203212,0.3508187,-0.409186,1.542285,0.2739419,-1.222613,0.8853689,0.3466664,True,0,1,8
6/25/2025 12:05:45 PM,1750845945995,Right,-0.4947481,1.015262,0.3737674,-0.9267271,1.090678,0.1709133,-0.4942325,0.9901339,0.304313,-0.8463466,0.9063025,0.3216281,-0.4107639,1.542675,0.2633195,-1.222715,0.8508186,0.3023233,True,0,1,8
6/25/2025 12:05:46 PM,1750845946023,Right,-0.5099,1.019713,0.3432239,-0.9240053,1.084166,0.1296723,-0.5064343,0.9932259,0.2759829,-0.8390454,0.8756958,0.2737564,-0.4141154,1.543243,0.2416294,-1.213397,0.7736553,0.2302387,True,0,1,8
6/25/2025 12:05:46 PM,1750845946037,Right,-0.5050281,1.015228,0.3312562,-0.9141765,1.073824,0.1315126,-0.5027831,0.9898308,0.2649983,-0.8242731,0.8671777,0.2767445,-0.4140581,1.541793,0.2336602,-1.204338,0.749803,0.2474468,True,0,1,8
6/25/2025 12:05:46 PM,1750845946064,Right,-0.5079024,1.01574,0.3086805,-0.9056835,1.060494,0.1172644,-0.505762,0.9897564,0.2435356,-0.8096678,0.855669,0.2648599,-0.415813,1.540232,0.2167721,-1.191508,0.7071755,0.2445003,True,0,1,8
6/25/2025 12:05:46 PM,1750845946079,Right,-0.5087187,1.015329,0.2992661,-0.9019749,1.054228,0.1116974,-0.5065357,0.9890909,0.2344631,-0.8028749,0.8507617,0.2601951,-0.4165795,1.539116,0.2092243,-1.184364,0.6881838,0.2446697,True,0,1,8
6/25/2025 12:05:46 PM,1750845946092,Right,-0.5094227,1.015178,0.291459,-0.8981628,1.048775,0.1062894,-0.5070864,0.9884639,0.2267379,-0.7966767,0.8463882,0.2556082,-0.4170253,1.537852,0.2018156,-1.176818,0.6702361,0.2437723,True,0,1,8
6/25/2025 12:05:46 PM,1750845946120,Right,-0.5127794,1.017944,0.2800014,-0.8904042,1.039265,0.09555995,-0.5095336,0.9893093,0.2151836,-0.7853376,0.8391758,0.2467449,-0.4178745,1.535337,0.1880996,-1.160414,0.6345323,0.2394388,True,0,1,8
6/25/2025 12:05:46 PM,1750845946134,Right,-0.5153956,1.020231,0.2750895,-0.8868022,1.034342,0.0898155,-0.5116376,0.9904237,0.2098965,-0.7801448,0.8358332,0.2418209,-0.4184418,1.534275,0.181687,-1.151262,0.6158787,0.2363031,True,0,1,8
6/25/2025 12:05:46 PM,1750845946162,Right,-0.5210624,1.026335,0.2736567,-0.8800476,1.025342,0.0843631,-0.5162436,0.9935708,0.2058377,-0.7704177,0.8289613,0.2365778,-0.4198653,1.53193,0.1697501,-1.129733,0.5776669,0.2333135,False,0,1,8
6/25/2025 12:05:46 PM,1750845946175,Right,-0.5233812,1.028401,0.271037,-0.8768942,1.021268,0.08145118,-0.5174254,0.9956882,0.2090822,-0.78869,0.825977,0.233896,-0.420369,1.530493,0.1641376,-1.134825,0.5848633,0.2209743,False,0,1,8
6/25/2025 12:05:46 PM,1750845946189,Right,-0.5246422,1.030054,0.2717906,-0.8738556,1.018203,0.08122885,-0.5196509,0.9988917,0.2133866,-0.7914758,0.834146,0.2282092,-0.4212061,1.529397,0.1593187,-1.139758,0.5920684,0.2055074,False,0,1,8
6/25/2025 12:05:46 PM,1750845946217,Right,-0.5215089,1.030044,0.2765849,-0.8689234,1.015514,0.08712399,-0.5180919,0.9992699,0.21799,-0.7913616,0.8393199,0.2169521,-0.4215169,1.526689,0.1521672,-1.13903,0.5954505,0.1797039,False,0,1,8
6/25/2025 12:05:46 PM,1750845946244,Right,-0.5185108,1.029541,0.2784984,-0.865124,1.012633,0.09040272,-0.5158001,0.9983799,0.2183347,-0.7870744,0.8371299,0.2185373,-0.4209806,1.524248,0.1474252,-1.130253,0.583807,0.1923193,False,0,1,8
6/25/2025 12:05:46 PM,1750845946259,Right,-0.5163846,1.028424,0.2800182,-0.863497,1.011505,0.09152198,-0.513898,0.9972496,0.2193236,-0.7854805,0.8358164,0.2195265,-0.4207855,1.523113,0.1455778,-1.126828,0.5801206,0.19881,False,0,1,8
6/25/2025 12:05:46 PM,1750845946272,Right,-0.5134923,1.026847,0.2819632,-0.8624244,1.010851,0.09275925,-0.5115333,0.9957352,0.220623,-0.7845993,0.8338869,0.2205278,-0.4207665,1.522199,0.1440727,-1.123787,0.5773872,0.205442,False,0,1,8
6/25/2025 12:05:46 PM,1750845946300,Right,-0.5068911,1.023537,0.2856411,-0.8614056,1.009299,0.09644723,-0.5060323,0.9928063,0.2234586,-0.7838595,0.8306814,0.2223608,-0.420675,1.520309,0.1420981,-1.120741,0.5780713,0.2083403,False,0,1,8
6/25/2025 12:05:46 PM,1750845946315,Right,-0.5031116,1.021988,0.28756,-0.8612845,1.009431,0.09929264,-0.5031885,0.9914653,0.2247541,-0.7836186,0.8299401,0.2230489,-0.4206084,1.519336,0.1417202,-1.120767,0.5812407,0.204445,False,0,1,8
6/25/2025 12:05:46 PM,1750845946342,Right,-0.4938279,1.018961,0.2922305,-0.8611548,1.011757,0.1065522,-0.4955268,0.988803,0.2286471,-0.7836633,0.829356,0.2260527,-0.4204001,1.517641,0.1416831,-1.121649,0.5923619,0.1985486,False,0,1,8
6/25/2025 12:05:46 PM,1750845946356,Right,-0.4879937,1.017062,0.2958945,-0.86098,1.013476,0.1110851,-0.4913188,0.9873958,0.2311716,-0.783779,0.8293738,0.228119,-0.4201227,1.516859,0.1420419,-1.122352,0.5991935,0.1965847,False,0,1,8
6/25/2025 12:05:46 PM,1750845946384,Right,-0.4746668,1.011937,0.3048298,-0.8606558,1.018405,0.1236913,-0.4818255,0.9840445,0.2378824,-0.7858056,0.8298303,0.2336413,-0.4195116,1.515934,0.1438799,-1.125103,0.617502,0.1938227,False,0,1,8
6/25/2025 12:05:46 PM,1750845946398,Right,-0.466748,1.008516,0.3095279,-0.8601992,1.021352,0.1315706,-0.4761735,0.981847,0.2415376,-0.7865901,0.8299652,0.2369076,-0.4192898,1.515553,0.1451483,-1.126035,0.6275975,0.1937089,False,0,1,8
6/25/2025 12:05:46 PM,1750845946412,Right,-0.4568044,1.003575,0.3149631,-0.8591964,1.025347,0.1420356,-0.4691579,0.978838,0.2457369,-0.7868674,0.8301499,0.2409636,-0.4190633,1.515296,0.1467282,-1.126674,0.6394727,0.1947041,False,0,1,8
6/25/2025 12:05:46 PM,1750845946440,Right,-0.435127,0.9916853,0.3255155,-0.8563867,1.033045,0.164207,-0.4531936,0.9712676,0.2544347,-0.7869736,0.8302268,0.24991,-0.4186573,1.514708,0.1504234,-1.126466,0.665044,0.1993792,False,0,1,8
6/25/2025 12:05:46 PM,1750845946454,Right,-0.4217089,0.9838349,0.3303444,-0.8543122,1.036527,0.1776094,-0.4437994,0.9665326,0.2586942,-0.7868537,0.8301064,0.2545994,-0.4182129,1.514444,0.1528815,-1.125267,0.6791583,0.202859,False,0,1,8
6/25/2025 12:05:46 PM,1750845946481,Right,-0.3936042,0.9688326,0.3393549,-0.8486304,1.042053,0.2050391,-0.4222187,0.9561442,0.2673696,-0.7848245,0.8312489,0.2647444,-0.4173982,1.514391,0.1594616,-1.119907,0.71053,0.2125575,False,0,1,8
6/25/2025 12:05:46 PM,1750845946495,Right,-0.3791528,0.9620106,0.3435551,-0.8448567,1.04405,0.2203659,-0.410088,0.9509224,0.2716264,-0.7825504,0.8329614,0.2702082,-0.416997,1.514492,0.1631584,-1.115418,0.7276878,0.2189408,False,0,1,8
6/25/2025 12:05:46 PM,1750845946523,Right,-0.3497972,0.9501877,0.3514255,-0.8348329,1.046712,0.2542881,-0.3822501,0.9404995,0.2813874,-0.7729891,0.8401562,0.2837085,-0.4156835,1.514917,0.1718585,-1.101898,0.7666676,0.2367891,False,0,1,8
6/25/2025 12:05:46 PM,1750845946537,Right,-0.334232,0.9448885,0.3549271,-0.8288763,1.047763,0.2719668,-0.3670578,0.9361741,0.2858499,-0.7672291,0.8460361,0.2908812,-0.4149247,1.515348,0.1768641,-1.092938,0.7887831,0.2474645,False,0,1,8
6/25/2025 12:05:46 PM,1750845946565,Right,-0.2998903,0.9345924,0.3616699,-0.811959,1.047894,0.3117509,-0.3396752,0.9291819,0.2936826,-0.7560645,0.8624591,0.3068268,-0.412829,1.515952,0.1885798,-1.075308,0.8367729,0.2735427,False,0,1,8
6/25/2025 12:05:46 PM,1750845946578,Right,-0.2817199,0.9291035,0.3644687,-0.8021061,1.047091,0.3327503,-0.3247851,0.9255859,0.2969477,-0.7485788,0.871568,0.3155911,-0.4112165,1.515956,0.1950902,-1.063607,0.8609663,0.2887437,False,0,1,8
6/25/2025 12:05:46 PM,1750845946592,Right,-0.2623323,0.9234768,0.3665515,-0.7902019,1.045157,0.3555369,-0.3085626,0.921629,0.3001697,-0.7393829,0.8812879,0.3257356,-0.4092314,1.516146,0.202475,-1.049347,0.8856006,0.3064869,False,0,1,8
6/25/2025 12:05:46 PM,1750845946619,Right,-0.2219963,0.9125642,0.3686844,-0.7599633,1.03842,0.4020923,-0.2749255,0.9139782,0.3056542,-0.7157212,0.9033101,0.3504348,-0.4031951,1.516544,0.2197685,-1.01494,0.9359078,0.3503506,False,0,1,8
6/25/2025 12:05:46 PM,1750845946634,Right,-0.2021818,0.9075821,0.3692597,-0.7444246,1.034309,0.4236863,-0.2602098,0.9110067,0.3075493,-0.7050504,0.9132517,0.362908,-0.3993571,1.516699,0.2295759,-0.9976678,0.9567631,0.3720642,False,0,1,8
6/25/2025 12:05:46 PM,1750845946661,Right,-0.1624157,0.8984168,0.3669384,-0.7097948,1.020935,0.4650767,-0.2243723,0.9042665,0.3104117,-0.67102,0.9328457,0.3953763,-0.3893992,1.517016,0.2517314,-0.9513632,0.9952396,0.425773,False,0,1,8
6/25/2025 12:05:46 PM,1750845946676,Right,-0.143304,0.8945824,0.3643303,-0.6902676,1.012624,0.4852856,-0.2076944,0.9015317,0.3106641,-0.6523876,0.9398512,0.4132748,-0.3832327,1.517011,0.2637954,-0.9274572,1.008278,0.4543545,False,0,1,8
6/25/2025 12:05:46 PM,1750845946703,Right,-0.1064761,0.8883605,0.3552361,-0.6479096,0.9959328,0.5250869,-0.1753333,0.8968838,0.308433,-0.6108279,0.9460319,0.4547703,-0.3688402,1.515979,0.2885903,-0.8749,1.020748,0.521422,False,0,1,8
6/25/2025 12:05:46 PM,1750845946717,Right,-0.08833945,0.8848991,0.3513262,-0.6271074,0.9880133,0.5449315,-0.1608861,0.8945704,0.307835,-0.5922452,0.9457919,0.4747872,-0.3615521,1.515533,0.3009248,-0.8495655,1.021303,0.5522927,False,0,1,8
6/25/2025 12:05:46 PM,1750845946731,Right,-0.07365847,0.8836746,0.339985,-0.593945,0.9732132,0.5610975,-0.1454162,0.8928909,0.3014085,-0.5614107,0.9357299,0.4879059,-0.3505254,1.513603,0.3144721,-0.8222319,1.007489,0.5822785,False,0,1,8
6/25/2025 12:05:46 PM,1750845946759,Right,-0.04456639,0.8809097,0.3245033,-0.5352039,0.9482113,0.5889381,-0.1178738,0.8897735,0.2943073,-0.5072305,0.9129629,0.5169711,-0.3290348,1.509601,0.3409137,-0.767996,0.9731057,0.6414343,False,0,1,8
6/25/2025 12:05:46 PM,1750845946773,Right,-0.03068364,0.8793285,0.3167719,-0.5060887,0.9348475,0.601069,-0.104399,0.8878698,0.2906942,-0.4791445,0.8994253,0.5310675,-0.3173387,1.507007,0.3537531,-0.7378561,0.9520493,0.6711062,False,0,1,8
6/25/2025 12:05:46 PM,1750845946800,Right,-0.008063078,0.8760474,0.296361,-0.4444475,0.903689,0.6169468,-0.0812251,0.8835034,0.2794952,-0.4209719,0.8701183,0.548817,-0.291896,1.500071,0.3794913,-0.6756333,0.9055192,0.7225463,False,0,1,8
6/25/2025 12:05:46 PM,1750845946814,Right,0.001850724,0.8746549,0.2846924,-0.4135377,0.8880979,0.621588,-0.07067567,0.8812181,0.2726556,-0.3901383,0.8530859,0.5560943,-0.2788595,1.495739,0.3918779,-0.6398057,0.8773953,0.7482358,False,0,1,8
6/25/2025 12:05:46 PM,1750845946842,Right,0.01852715,0.8717353,0.2596949,-0.3530213,0.8581461,0.6252276,-0.0519354,0.8759472,0.2574367,-0.331821,0.8221803,0.5630791,-0.2517521,1.484738,0.415611,-0.5675048,0.8253788,0.7882202,False,0,1,8
6/25/2025 12:05:46 PM,1750845946856,Right,0.02460372,0.8699555,0.2460744,-0.3235554,0.8438263,0.6224697,-0.04385978,0.8727047,0.2490927,-0.3006493,0.8054539,0.5635028,-0.2381153,1.477929,0.4268292,-0.527171,0.7961742,0.8064557,False,0,1,8
6/25/2025 12:05:46 PM,1750845946884,Right,0.03657401,0.8658289,0.2189794,-0.2682604,0.8160557,0.614994,-0.02901754,0.8648671,0.2316529,-0.2398704,0.7719902,0.5614874,-0.2113528,1.461273,0.4483846,-0.4410953,0.7376398,0.8350643,False,0,1,8
6/25/2025 12:05:46 PM,1750845946897,Right,0.04177296,0.8635931,0.2047552,-0.24245,0.8020961,0.609409,-0.02229548,0.8602782,0.2223582,-0.2138451,0.757273,0.556977,-0.1985242,1.45141,0.4587502,-0.4026756,0.7124512,0.841679,False,0,1,8
6/25/2025 12:05:46 PM,1750845946912,Right,0.04666829,0.8612685,0.1904308,-0.2173038,0.7882226,0.603864,-0.01617035,0.8553672,0.2126079,-0.1923351,0.7447058,0.5504307,-0.1856031,1.440805,0.4686862,-0.3705632,0.691781,0.8432785,False,0,1,8
6/25/2025 12:05:46 PM,1750845946939,Right,0.05277491,0.8574425,0.1600493,-0.17206,0.7609471,0.5880293,-0.005712837,0.8452977,0.1920724,-0.1537224,0.7202092,0.5358767,-0.159318,1.416129,0.4866456,-0.3098885,0.6528805,0.8405728,False,0,1,8
6/25/2025 12:05:46 PM,1750845946953,Right,0.05573404,0.8559494,0.1452401,-0.1505111,0.7473333,0.5802882,-0.001056522,0.8403794,0.1817518,-0.1364861,0.7081891,0.528291,-0.146297,1.403257,0.4951682,-0.2817624,0.6344367,0.8366502,False,0,1,8
6/25/2025 12:05:46 PM,1750845946981,Right,0.05825925,0.853189,0.1157557,-0.111492,0.7206226,0.5617877,0.006655276,0.8301127,0.1613744,-0.1045244,0.6841787,0.51323,-0.1215919,1.375159,0.5105711,-0.2277547,0.5991288,0.8260536,False,0,1,8
6/25/2025 12:05:46 PM,1750845946995,Right,0.05856228,0.8516866,0.1014926,-0.0925411,0.7077577,0.5528382,0.00879775,0.8244944,0.15126,-0.09034625,0.6720997,0.5053936,-0.1102895,1.36017,0.5177019,-0.2025127,0.5820682,0.8195993,False,0,1,8
6/25/2025 12:05:47 PM,1750845947022,Right,0.05679893,0.8482557,0.07351553,-0.05679333,0.6822379,0.5351039,0.01116234,0.8128892,0.1314324,-0.06381763,0.6481354,0.4912834,-0.08946216,1.329575,0.5304694,-0.1531229,0.5505725,0.8054505,False,0,1,8
6/25/2025 12:05:47 PM,1750845947037,Right,0.05376995,0.846235,0.06032646,-0.04081297,0.6695681,0.5259513,0.01114707,0.8067615,0.1218973,-0.05165073,0.6359327,0.4846846,-0.08006155,1.313707,0.5362132,-0.12955,0.5354029,0.7976702,False,0,1,8
6/25/2025 12:05:47 PM,1750845947051,Right,0.04898643,0.8439102,0.04871666,-0.02630126,0.6570298,0.516512,0.009528011,0.8004313,0.1131984,-0.04099121,0.6235971,0.477684,-0.07146335,1.297786,0.541012,-0.1079563,0.5196757,0.7895665,False,0,1,8
6/25/2025 12:05:47 PM,1750845947079,Right,0.04166746,0.8387161,0.02856803,-0.0009491444,0.6320813,0.4984189,0.005776182,0.787061,0.09936377,-0.02281605,0.5984398,0.4645759,-0.05586708,1.265739,0.5499164,-0.07151937,0.4870766,0.773259,False,0,1,8
6/25/2025 12:05:47 PM,1750845947093,Right,0.03508496,0.8335524,0.02772915,0.004228115,0.6193933,0.4915659,0.00248608,0.7791605,0.0970524,-0.01694996,0.5851819,0.4590871,-0.05050063,1.24983,0.5526545,-0.05890495,0.4680586,0.7675349,False,0,1,8
6/25/2025 12:05:47 PM,1750845947121,Right,0.02476239,0.8234757,0.02586234,0.0176934,0.5921433,0.4795996,-0.004038677,0.7629097,0.09684959,-0.007900216,0.5579211,0.4508538,-0.04012787,1.219518,0.5589492,-0.03795257,0.4286913,0.7580968,False,0,1,8
6/25/2025 12:05:47 PM,1750845947134,Right,0.01877725,0.8171781,0.03093517,0.02273381,0.5777287,0.4745811,-0.007578317,0.7557155,0.1021162,-0.005392729,0.5458658,0.4465422,-0.03627849,1.204464,0.5619465,-0.0302522,0.4067284,0.7561759,False,0,1,8
6/25/2025 12:05:47 PM,1750845947161,Right,0.005754352,0.8007972,0.04962683,0.026196,0.5467338,0.4678317,-0.01318945,0.7437739,0.1105997,-0.004515843,0.5420814,0.4184777,-0.03228879,1.176558,0.5671821,-0.02141632,0.3739372,0.7534475,True,0,1,9
6/25/2025 12:05:47 PM,1750845947176,Right,-0.001621604,0.7908918,0.05969632,0.02710629,0.5313835,0.4646347,-0.01471317,0.7407523,0.1138773,-0.005126685,0.5398304,0.4140773,-0.03069782,1.163795,0.5699087,-0.02026072,0.3648242,0.7532108,True,0,1,9
6/25/2025 12:05:47 PM,1750845947203,Right,-0.02076483,0.7638404,0.08603334,0.0229913,0.5019429,0.4613756,-0.01897941,0.7325032,0.1219341,-0.006344299,0.5337512,0.4043604,-0.02886534,1.141177,0.5756098,-0.01563186,0.3424065,0.752738,True,0,1,9
6/25/2025 12:05:47 PM,1750845947218,Right,-0.03032923,0.7496266,0.09990346,0.02057266,0.4879886,0.4610034,-0.02159111,0.7275315,0.126551,-0.007016817,0.5299869,0.3997127,-0.02822292,1.130101,0.5784014,-0.01236846,0.3297943,0.7525065,True,0,1,9
6/25/2025 12:05:47 PM,1750845947231,Right,-0.04023468,0.7342445,0.1169804,0.01610696,0.4751251,0.4624237,-0.02456962,0.7218922,0.1318954,-0.007986123,0.5270778,0.3932977,-0.02758098,1.119887,0.5808269,-0.008541211,0.3157668,0.7523028,True,0,1,9
6/25/2025 12:05:47 PM,1750845947259,Right,-0.05895305,0.7060392,0.1512846,0.008794546,0.4509366,0.4648724,-0.0312745,0.7093039,0.1438888,-0.01032343,0.5178987,0.384715,-0.02695191,1.101092,0.585529,0.0002948269,0.2854295,0.7516996,True,0,1,9
6/25/2025 12:05:47 PM,1750845947273,Right,-0.06804562,0.6895097,0.1805351,-0.002939343,0.4470062,0.4782453,-0.03485823,0.7027045,0.1510339,-0.01256371,0.5167181,0.3767591,-0.02808356,1.095911,0.5867498,0.004411809,0.2689591,0.7513863,True,0,1,9
6/25/2025 12:05:47 PM,1750845947301,Right,-0.08299637,0.66303,0.2238023,-0.01673746,0.4372596,0.5035993,-0.04260724,0.6884737,0.1677741,-0.01695374,0.5067261,0.3715547,-0.03036046,1.085226,0.5901258,0.01402537,0.2333979,0.7506968,True,0,1,9
6/25/2025 12:05:47 PM,1750845947315,Right,-0.08985436,0.6507879,0.2458825,-0.02293372,0.4346406,0.5187474,-0.04663746,0.6811393,0.1770828,-0.02176967,0.5049582,0.3746221,-0.03168607,1.08113,0.59219,0.01252741,0.2266654,0.7602234,True,0,1,9
6/25/2025 12:05:47 PM,1750845947342,Right,-0.1001149,0.6307104,0.2931677,-0.03533268,0.439058,0.5590621,-0.05537354,0.6653911,0.1992165,-0.03195802,0.5001878,0.3858739,-0.03579021,1.077248,0.5965784,0.005837239,0.2135543,0.7841924,True,0,1,9
6/25/2025 12:05:47 PM,1750845947357,Right,-0.1053355,0.6224398,0.3163097,-0.0416832,0.442549,0.5791559,-0.05967659,0.6578828,0.2109006,-0.0369729,0.4977696,0.3930882,-0.03841543,1.076588,0.5986882,0.001221899,0.2080709,0.7974675,True,0,1,9
6/25/2025 12:05:47 PM,1750845947370,Right,-0.1116565,0.6174346,0.3401651,-0.049927,0.4495681,0.6017565,-0.06450444,0.649974,0.2243344,-0.04252903,0.4947634,0.4027259,-0.04144084,1.07743,0.6011635,-0.004206385,0.2030396,0.8131586,True,0,1,9
6/25/2025 12:05:47 PM,1750845947398,Right,-0.1285541,0.612644,0.3858719,-0.07109118,0.4647633,0.6450294,-0.07493784,0.6354141,0.2530846,-0.05443667,0.4888778,0.4260257,-0.04758835,1.08186,0.60639,-0.01681416,0.1960625,0.8478046,True,0,1,9
6/25/2025 12:05:47 PM,1750845947412,Right,-0.1373951,0.6126085,0.406811,-0.08306837,0.4733588,0.6663178,-0.08077905,0.6289505,0.2686053,-0.06103803,0.4858772,0.4402403,-0.05075216,1.085837,0.6090912,-0.02449179,0.1942633,0.8669187,True,0,1,9
6/25/2025 12:05:47 PM,1750845947439,Right,-0.1527811,0.6097615,0.4482249,-0.1048222,0.4865998,0.7062203,-0.09389523,0.6166628,0.3031332,-0.07621577,0.4812079,0.472268,-0.05704451,1.093675,0.6149684,-0.04346284,0.1933908,0.9100909,True,0,1,9
6/25/2025 12:05:47 PM,1750845947454,Right,-0.1569192,0.62499,0.4632148,-0.1256194,0.5035388,0.7285178,-0.1011022,0.6123118,0.3220778,-0.08503808,0.4771431,0.4940778,-0.06118488,1.101141,0.6184934,-0.05736911,0.194261,0.9331597,True,0,1,9
6/25/2025 12:05:47 PM,1750845947481,Right,-0.1685066,0.6320013,0.4996595,-0.15272,0.5211534,0.7676973,-0.1161833,0.6062298,0.3619811,-0.1047038,0.4749938,0.535502,-0.06894481,1.112576,0.6249385,-0.08944024,0.1987392,0.9811227,True,0,1,9
6/25/2025 12:05:47 PM,1750845947495,Right,-0.1708579,0.6462355,0.5083299,-0.1757122,0.5367629,0.7846241,-0.1240387,0.6056358,0.3826658,-0.1152344,0.4726278,0.5613447,-0.07465005,1.120098,0.6285603,-0.108068,0.2024697,1.005002,True,0,1,9
6/25/2025 12:05:47 PM,1750845947523,Right,-0.1771705,0.6609144,0.5306923,-0.2112684,0.5614052,0.8179221,-0.1413646,0.6084309,0.4277454,-0.1393899,0.474656,0.6141082,-0.08645546,1.133377,0.6345829,-0.1503984,0.2154907,1.056726,True,0,1,9
6/25/2025 12:05:47 PM,1750845947536,Right,-0.1785111,0.6683002,0.5392528,-0.228956,0.5741066,0.8337579,-0.1511114,0.6125044,0.4529346,-0.1533934,0.4774993,0.6452312,-0.09390187,1.139907,0.6371891,-0.1748386,0.2260325,1.08553,True,0,1,9
6/25/2025 12:05:47 PM,1750845947565,Right,-0.1798291,0.6816626,0.555318,-0.2649601,0.6003969,0.8629422,-0.1685765,0.6251789,0.4982449,-0.1796114,0.4875282,0.7030687,-0.1094754,1.153207,0.6418873,-0.2200209,0.2518724,1.137069,True,0,1,9
6/25/2025 12:05:47 PM,1750845947579,Right,-0.1792711,0.6882042,0.5618862,-0.2832177,0.6138065,0.8763199,-0.1774127,0.6351752,0.5217474,-0.1937072,0.4962541,0.7336636,-0.1173757,1.160022,0.6440111,-0.2441203,0.2695765,1.16361,True,0,1,9
6/25/2025 12:05:47 PM,1750845947592,Right,-0.1793737,0.6943411,0.5688326,-0.3015318,0.6279639,0.8885503,-0.1860758,0.6491601,0.5450651,-0.2083397,0.5091032,0.764658,-0.1258166,1.167117,0.6457127,-0.2690752,0.2922166,1.189893,True,0,1,9
6/25/2025 12:05:47 PM,1750845947620,Right,-0.179746,0.7056245,0.5792028,-0.3374164,0.6591862,0.9071803,-0.1913145,0.6626281,0.5549144,-0.2269582,0.5222132,0.7890742,-0.1438203,1.181844,0.6476464,-0.3084365,0.3254065,1.205041,True,0,1,9
6/25/2025 12:05:47 PM,1750845947634,Right,-0.1804385,0.7109253,0.5837981,-0.3549135,0.6758201,0.9145007,-0.1941556,0.668836,0.5581833,-0.237106,0.5289831,0.7995681,-0.1534631,1.189885,0.6485014,-0.3287493,0.3426239,1.210541,True,0,1,9
6/25/2025 12:05:47 PM,1750845947662,Right,-0.1810863,0.7210549,0.5899692,-0.389962,0.712028,0.9234233,-0.1996927,0.6816072,0.5626993,-0.2592149,0.5451406,0.8181603,-0.1735725,1.207578,0.6481096,-0.3721119,0.3810586,1.218475,True,0,1,9
6/25/2025 12:05:47 PM,1750845947676,Right,-0.1822965,0.7260164,0.5929933,-0.4084952,0.7302331,0.9256763,-0.2032508,0.6881152,0.5647017,-0.2714468,0.5542555,0.8263848,-0.1841919,1.216934,0.6471964,-0.3946849,0.4010252,1.221232,True,0,1,9
6/25/2025 12:05:47 PM,1750845947704,Right,-0.186326,0.7372168,0.5992706,-0.4475971,0.765998,0.9247987,-0.2114608,0.7020223,0.5688145,-0.2999406,0.5752501,0.8428581,-0.2055616,1.236449,0.6434352,-0.445231,0.4453642,1.224237,True,0,1,9
6/25/2025 12:05:47 PM,1750845947718,Right,-0.1889231,0.7435829,0.602664,-0.4674109,0.7833104,0.9228711,-0.2156443,0.7089399,0.5702133,-0.3140031,0.5862541,0.8485316,-0.2164452,1.246836,0.6409018,-0.4695706,0.4665227,1.223555,True,0,1,9
6/25/2025 12:05:47 PM,1750845947732,Right,-0.1931293,0.750765,0.6055163,-0.4879076,0.8004069,0.9177055,-0.2210997,0.7170093,0.5715179,-0.330826,0.5993789,0.8535299,-0.2273448,1.25742,0.6370785,-0.4979146,0.4905781,1.221289,True,0,1,9
6/25/2025 12:05:47 PM,1750845947759,Right,-0.2050548,0.7654181,0.6104659,-0.5293205,0.8342535,0.9050927,-0.2346309,0.733432,0.5728537,-0.3675454,0.6272075,0.8586668,-0.2490888,1.279356,0.6274875,-0.5575796,0.5389346,1.211583,True,0,1,9
6/25/2025 12:05:47 PM,1750845947773,Right,-0.2133734,0.773698,0.6117449,-0.5506899,0.849919,0.8948667,-0.2428913,0.742344,0.5727012,-0.3883441,0.6425188,0.8588911,-0.2598411,1.29054,0.6218109,-0.5903828,0.5644791,1.203347,True,0,1,9
6/25/2025 12:05:47 PM,1750845947801,Right,-0.2308779,0.7909586,0.6139972,-0.5931952,0.8786789,0.8725562,-0.2607945,0.7609101,0.5712471,-0.4311916,0.6739113,0.8534254,-0.2807505,1.31265,0.6085476,-0.6578535,0.6138783,1.180202,True,0,1,9
6/25/2025 12:05:47 PM,1750845947815,Right,-0.2412838,0.8003941,0.6147146,-0.614584,0.8917717,0.8585291,-0.2712106,0.7709355,0.5698455,-0.4541779,0.6904542,0.8465524,-0.2909827,1.323663,0.6009535,-0.6948378,0.6381703,1.163995,True,0,1,9
6/25/2025 12:05:47 PM,1750845947843,Right,-0.2658931,0.8214446,0.6140578,-0.6572843,0.9170088,0.8266661,-0.2935949,0.7917933,0.5655688,-0.5021796,0.7221406,0.8282332,-0.3108927,1.345601,0.5829438,-0.7704445,0.6827075,1.123077,True,0,1,9
6/25/2025 12:05:47 PM,1750845947857,Right,-0.2783452,0.8321633,0.6133382,-0.6782424,0.9301313,0.808805,-0.3055794,0.8026331,0.5625657,-0.5265195,0.7371696,0.8158571,-0.3207052,1.356415,0.5730035,-0.8088986,0.7022602,1.098005,True,0,1,9
6/25/2025 12:05:47 PM,1750845947884,Right,-0.3060883,0.854573,0.6088271,-0.7187455,0.9549623,0.7687652,-0.3316639,0.8256792,0.5546328,-0.5776838,0.7659301,0.7859154,-0.3390443,1.376872,0.5513936,-0.8875061,0.7369692,1.037613,True,0,1,9
6/25/2025 12:05:47 PM,1750845947898,Right,-0.3206905,0.8657278,0.6052078,-0.7381558,0.965975,0.7469759,-0.3451095,0.8363407,0.5484765,-0.599763,0.7760072,0.7650239,-0.3477892,1.386915,0.5394878,-0.9246502,0.7443698,1.0021,True,0,1,9
6/25/2025 12:05:47 PM,1750845947913,Right,-0.3353075,0.876678,0.6011474,-0.7570906,0.9763808,0.7251325,-0.3598633,0.8480671,0.5413893,-0.6230237,0.7849672,0.7440537,-0.3562112,1.396752,0.5272735,-0.9604495,0.7486838,0.9650866,True,0,1,9
6/25/2025 12:05:47 PM,1750845947940,Right,-0.3666437,0.8984727,0.5885023,-0.7910781,0.9947603,0.6769966,-0.3881154,0.8694879,0.5251011,-0.6565262,0.8005974,0.7109082,-0.3714499,1.414869,0.5005374,-1.008262,0.7541227,0.9152415,True,0,1,9
6/25/2025 12:05:47 PM,1750845947954,Right,-0.382643,0.9093297,0.5807177,-0.806664,1.004287,0.6514788,-0.4016099,0.8792946,0.5160027,-0.6712579,0.8072876,0.6933895,-0.3781891,1.423085,0.4866656,-1.029962,0.7548418,0.8898816,True,0,1,9
6/25/2025 12:05:47 PM,1750845947982,Right,-0.4150577,0.9313782,0.5624804,-0.8365781,1.021935,0.600263,-0.4294793,0.8991088,0.4948362,-0.6994962,0.8201711,0.6567628,-0.3908223,1.438387,0.4592729,-1.070436,0.753994,0.8386613,True,0,1,9
6/25/2025 12:05:47 PM,1750845947996,Right,-0.4314196,0.942403,0.5506929,-0.8501704,1.028743,0.5736406,-0.4431551,0.9086632,0.4825397,-0.7125679,0.8251467,0.6368816,-0.3963227,1.445065,0.44532,-1.088862,0.7502078,0.8112564,True,0,1,9
6/25/2025 12:05:48 PM,1750845948023,Right,-0.4621536,0.9632611,0.5248557,-0.8752117,1.039264,0.5187676,-0.468558,0.9261983,0.4565426,-0.7355384,0.8327284,0.5959314,-0.4053504,1.456198,0.4173287,-1.12113,0.7382689,0.7547588,True,0,1,9
6/25/2025 12:05:48 PM,1750845948037,Right,-0.47724,0.9737698,0.5140262,-0.8890221,1.046067,0.4928206,-0.4808697,0.9348878,0.4445105,-0.7486737,0.8370515,0.5759726,-0.4098372,1.461885,0.4033329,-1.13797,0.7345213,0.7241039,True,0,1,9
6/25/2025 12:05:48 PM,1750845948051,Right,-0.4923179,0.9843181,0.5034935,-0.9030354,1.053071,0.4671162,-0.4933082,0.9437326,0.4331239,-0.7630837,0.8419247,0.5561975,-0.4143572,1.467567,0.3893845,-1.155528,0.7322352,0.6916469,True,0,1,9
6/25/2025 12:05:48 PM,1750845948078,Right,-0.5173538,1.006232,0.4621004,-0.9069831,1.047058,0.4160705,-0.5072367,0.9553044,0.4052817,-0.7556225,0.8449449,0.522108,-0.4155074,1.472338,0.3639404,-1.155555,0.7042897,0.6636915,True,0,1,9
6/25/2025 12:05:48 PM,1750845948093,Right,-0.5286641,1.016039,0.4439629,-0.9106071,1.045922,0.393751,-0.5157298,0.9624809,0.3894473,-0.7553133,0.8463125,0.5038282,-0.4173059,1.475684,0.3516933,-1.155183,0.6884208,0.6465286,True,0,1,9
6/25/2025 12:05:48 PM,1750845948120,Right,-0.5448411,1.030673,0.4034461,-0.9147487,1.046314,0.3493897,-0.530574,0.9754539,0.3549207,-0.7542349,0.8473805,0.4657359,-0.4220752,1.482693,0.3293947,-1.148875,0.6547212,0.6097441,True,0,1,9
6/25/2025 12:05:48 PM,1750845948134,Right,-0.550698,1.035559,0.3840064,-0.9183552,1.048247,0.3275826,-0.5368237,0.9809644,0.3360314,-0.7544454,0.8458711,0.4456292,-0.4243834,1.486032,0.3185476,-1.143107,0.6362184,0.5883613,True,0,1,9
6/25/2025 12:05:48 PM,1750845948163,Right,-0.557164,1.041178,0.3477304,-0.9224665,1.052097,0.2896209,-0.5462309,0.989504,0.293167,-0.7610766,0.8524886,0.4016164,-0.4274852,1.490812,0.2965946,-1.146524,0.6313639,0.5411255,True,0,1,9
6/25/2025 12:05:48 PM,1750845948176,Right,-0.5598819,1.044431,0.3299571,-0.923528,1.053654,0.2725085,-0.5484816,0.9921071,0.2772493,-0.761628,0.8543901,0.3856139,-0.4283627,1.492548,0.2864403,-1.145117,0.6276611,0.524848,True,0,1,9
6/25/2025 12:05:48 PM,1750845948204,Right,-0.5625792,1.04906,0.2952365,-0.9267018,1.057593,0.2386911,-0.5507825,0.9961169,0.246351,-0.7637148,0.8585383,0.3546068,-0.429705,1.495249,0.2680849,-1.144214,0.62518,0.4920024,True,0,1,9
6/25/2025 12:05:48 PM,1750845948218,Right,-0.5634565,1.050048,0.2795106,-0.9284027,1.059346,0.2231337,-0.5506662,0.9965013,0.2327702,-0.7651255,0.8583187,0.3417228,-0.4304016,1.496254,0.2599941,-1.14276,0.6230527,0.477843,True,0,1,9
6/25/2025 12:05:48 PM,1750845948232,Right,-0.561928,1.047705,0.2675755,-0.9296737,1.060455,0.2085556,-0.5501169,0.9956518,0.2214182,-0.7663926,0.8570694,0.3308803,-0.4310553,1.496931,0.2524621,-1.141242,0.6200848,0.4655914,True,0,1,9
6/25/2025 12:05:48 PM,1750845948259,Right,-0.5590982,1.044396,0.2465749,-0.9300694,1.060091,0.1840296,-0.5482151,0.9936506,0.202162,-0.7683831,0.8550269,0.3117548,-0.4324478,1.49808,0.2382306,-1.138695,0.6153295,0.4436307,False,0,1,9
6/25/2025 12:05:48 PM,1750845948273,Right,-0.5573347,1.043079,0.2377455,-0.9295862,1.058516,0.1743175,-0.5488523,0.9999624,0.2031229,-0.7861385,0.8523749,0.3194441,-0.4330028,1.498585,0.2319434,-1.140634,0.6220275,0.4419957,False,0,1,9
6/25/2025 12:05:48 PM,1750845948301,Right,-0.554472,1.040471,0.226117,-0.9283693,1.054866,0.1590543,-0.5468116,0.9982135,0.1915849,-0.788511,0.8523195,0.3054209,-0.4342866,1.498858,0.2208058,-1.146152,0.6273186,0.4225142,False,0,1,9
6/25/2025 12:05:48 PM,1750845948315,Right,-0.5528536,1.038115,0.2247362,-0.9273884,1.052986,0.1545157,-0.546075,0.996861,0.1873255,-0.7900051,0.8524216,0.2991473,-0.4349618,1.49846,0.2160212,-1.149857,0.6299322,0.4129606,False,0,1,9
6/25/2025 12:05:48 PM,1750845948342,Right,-0.5490503,1.032602,0.2199966,-0.9255645,1.050303,0.1458496,-0.5428893,0.9923281,0.183904,-0.7937369,0.8507743,0.291074,-0.4363232,1.497562,0.2069033,-1.157301,0.6350366,0.3958985,False,0,1,9
6/25/2025 12:05:48 PM,1750845948357,Right,-0.5453417,1.02777,0.2210128,-0.924099,1.049173,0.1443639,-0.5404421,0.9892154,0.1839468,-0.7956989,0.8486519,0.289222,-0.4368891,1.496716,0.2031332,-1.159883,0.6367599,0.3892968,False,0,1,9
6/25/2025 12:05:48 PM,1750845948385,Right,-0.5368099,1.01891,0.2228267,-0.9215119,1.046032,0.1429808,-0.5334325,0.9820171,0.1841694,-0.7990545,0.8452218,0.2841709,-0.4380012,1.495142,0.1969095,-1.165927,0.6436996,0.3728297,False,0,1,9
6/25/2025 12:05:48 PM,1750845948398,Right,-0.5326834,1.015482,0.2239718,-0.920074,1.043858,0.1441873,-0.5303599,0.9793192,0.1841432,-0.8009709,0.8452492,0.2809808,-0.4383515,1.494193,0.1943897,-1.170209,0.6499765,0.3636608,False,0,1,9
6/25/2025 12:05:48 PM,1750845948413,Right,-0.5284226,1.011909,0.2268459,-0.9183192,1.041634,0.1467255,-0.5268249,0.9765297,0.1865132,-0.8028553,0.8458215,0.2797271,-0.4385123,1.493186,0.1925521,-1.174814,0.6578623,0.3558116,False,0,1,9
6/25/2025 12:05:48 PM,1750845948440,Right,-0.5193388,1.003304,0.239422,-0.914176,1.038155,0.1564302,-0.5198302,0.9700902,0.1953529,-0.8072405,0.84749,0.2805703,-0.4386004,1.491196,0.1900319,-1.184715,0.6762788,0.3426754,False,0,1,9
6/25/2025 12:05:48 PM,1750845948454,Right,-0.5139446,0.9986759,0.2465628,-0.9119949,1.036592,0.1625526,-0.515722,0.9668125,0.2009708,-0.809511,0.8487764,0.2821912,-0.4385617,1.490423,0.1891834,-1.189044,0.6871655,0.3371155,False,0,1,9
6/25/2025 12:05:48 PM,1750845948482,Right,-0.5012492,0.9899641,0.2618798,-0.9069667,1.033149,0.1752989,-0.5050247,0.9599095,0.2139258,-0.8128024,0.853102,0.286068,-0.4382049,1.488989,0.1894791,-1.195761,0.7138509,0.3254529,False,0,1,9
6/25/2025 12:05:48 PM,1750845948496,Right,-0.4940193,0.9857239,0.2701221,-0.9039454,1.031099,0.1832442,-0.4994278,0.9567769,0.2203486,-0.8140374,0.856402,0.2878317,-0.4379365,1.488361,0.1903073,-1.198268,0.7290747,0.3197179,False,0,1,9
6/25/2025 12:05:48 PM,1750845948524,Right,-0.4769064,0.9763333,0.2879229,-0.8969626,1.026891,0.2022518,-0.4860205,0.9499508,0.2349098,-0.8130982,0.8596116,0.2973173,-0.4369366,1.487012,0.1932691,-1.196099,0.7531838,0.319592,False,0,1,9
6/25/2025 12:05:48 PM,1750845948538,Right,-0.4666891,0.9709211,0.2972599,-0.8929551,1.024115,0.2135479,-0.4780601,0.9463083,0.2425061,-0.8116387,0.8604005,0.3041131,-0.4361554,1.486735,0.1954161,-1.192377,0.763889,0.3235903,False,0,1,9
6/25/2025 12:05:48 PM,1750845948552,Right,-0.4558598,0.9653643,0.3064734,-0.8886948,1.021015,0.2251724,-0.4690362,0.9422292,0.2505999,-0.8092124,0.8611086,0.3112178,-0.4353318,1.486532,0.1978849,-1.18743,0.7747706,0.3278566,False,0,1,9
6/25/2025 12:05:48 PM,1750845948579,Right,-0.4314005,0.9536209,0.3252848,-0.8786285,1.014268,0.25158,-0.4513908,0.9348473,0.2651924,-0.805429,0.862848,0.324825,-0.4329908,1.486207,0.2044902,-1.176441,0.7961754,0.337107,False,0,1,9
6/25/2025 12:05:48 PM,1750845948593,Right,-0.4156651,0.9473605,0.335351,-0.8717575,1.01049,0.268281,-0.4410299,0.9312009,0.2726213,-0.8021487,0.8650029,0.333309,-0.4313426,1.486326,0.2092347,-1.168977,0.8090329,0.3452039,False,0,1,9
6/25/2025 12:05:48 PM,1750845948621,Right,-0.3840288,0.9361901,0.3542736,-0.8565562,1.003184,0.301556,-0.4166302,0.9234456,0.2890553,-0.7923022,0.8715758,0.3516706,-0.4275914,1.485981,0.2188532,-1.149749,0.8387688,0.3629978,False,0,1,9
6/25/2025 12:05:48 PM,1750845948635,Right,-0.3664976,0.9317486,0.3646168,-0.848186,0.999618,0.3186003,-0.4037986,0.9198983,0.2970095,-0.7855294,0.8736161,0.3618937,-0.4253308,1.485696,0.2244347,-1.138103,0.8499652,0.3745133,False,0,1,9
6/25/2025 12:05:48 PM,1750845948663,Right,-0.332823,0.9218099,0.3794658,-0.8259838,0.9927718,0.35712,-0.3729297,0.912464,0.3144973,-0.7637011,0.8758496,0.3877349,-0.4201424,1.485339,0.2369546,-1.107446,0.8683124,0.4074273,False,0,1,9
6/25/2025 12:05:48 PM,1750845948677,Right,-0.314388,0.9176196,0.3850582,-0.8128536,0.9886206,0.3774879,-0.3560268,0.9088026,0.3220035,-0.749452,0.8757466,0.4019907,-0.4168191,1.485145,0.2440482,-1.089321,0.874559,0.4278665,False,0,1,9
6/25/2025 12:05:48 PM,1750845948704,Right,-0.277212,0.9095746,0.394245,-0.7818334,0.9784914,0.4192142,-0.3199101,0.9021955,0.3338596,-0.7158118,0.8739102,0.4309226,-0.4087117,1.484213,0.2596376,-1.048176,0.883081,0.4730138,False,0,1,9
6/25/2025 12:05:48 PM,1750845948718,Right,-0.2577949,0.9061574,0.3973317,-0.7634728,0.9727598,0.440343,-0.303707,0.8995661,0.3383598,-0.6987149,0.8720646,0.4445249,-0.4039942,1.48377,0.2683775,-1.028307,0.8846558,0.4959434,False,0,1,9
6/25/2025 12:05:48 PM,1750845948732,Right,-0.2383256,0.9027332,0.3999162,-0.744246,0.9666536,0.4610708,-0.2871162,0.8970495,0.3422719,-0.6807604,0.8698927,0.4586658,-0.3988122,1.483184,0.2774706,-1.006951,0.8856102,0.5206177,False,0,1,9
6/25/2025 12:05:48 PM,1750845948760,Right,-0.1973085,0.895951,0.3992851,-0.6977336,0.9513798,0.5016897,-0.2516884,0.8918747,0.3454208,-0.6389065,0.8629568,0.4827067,-0.3865873,1.481505,0.2974365,-0.9591751,0.882028,0.5678302,False,0,1,9
6/25/2025 12:05:48 PM,1750845948774,Right,-0.1775581,0.8923098,0.3989755,-0.6754539,0.9439169,0.5210445,-0.2344182,0.8890236,0.3472579,-0.6175526,0.85856,0.496178,-0.3799369,1.480563,0.3077569,-0.9344476,0.8772514,0.5920442,False,0,1,9
6/25/2025 12:05:48 PM,1750845948801,Right,-0.1377364,0.8859811,0.3868653,-0.6184695,0.9241902,0.5540516,-0.1993146,0.8837355,0.3425905,-0.5695499,0.8481382,0.5125774,-0.3632257,1.477656,0.3295596,-0.883981,0.8610339,0.6268733,False,0,1,9
6/25/2025 12:05:48 PM,1750845948815,Right,-0.1187873,0.882744,0.3798879,-0.5903096,0.9133852,0.567896,-0.1822695,0.8809263,0.3384745,-0.5445353,0.8418099,0.5194434,-0.3542765,1.475892,0.3401899,-0.8573118,0.8509448,0.6442833,False,0,1,9
6/25/2025 12:05:48 PM,1750845948843,Right,-0.08275306,0.8764731,0.3631294,-0.5321684,0.8907225,0.5893276,-0.1507075,0.8755124,0.3302653,-0.495607,0.8280239,0.5337865,-0.333483,1.471623,0.3611408,-0.8024931,0.8287607,0.681107,False,0,1,9
6/25/2025 12:05:48 PM,1750845948857,Right,-0.06600475,0.8737177,0.3534021,-0.502671,0.8806294,0.5975245,-0.1352654,0.8728927,0.324764,-0.4711557,0.8210546,0.5387361,-0.322086,1.469211,0.3716757,-0.774277,0.8176191,0.697201,False,0,1,9
6/25/2025 12:05:48 PM,1750845948870,Right,-0.05040824,0.8713159,0.3424864,-0.4731045,0.8715516,0.6038331,-0.1184531,0.8701156,0.3173929,-0.4423645,0.8133975,0.5419322,-0.3099916,1.466644,0.3814075,-0.7418028,0.8048846,0.7139788,False,0,1,9
6/25/2025 12:05:48 PM,1750845948898,Right,-0.02433705,0.8673975,0.3158946,-0.4148631,0.8541063,0.6114205,-0.09209453,0.8655509,0.3004372,-0.391387,0.7990963,0.5456576,-0.2853076,1.460867,0.4005139,-0.6799722,0.7804055,0.7445657,False,0,1,9
6/25/2025 12:05:48 PM,1750845948913,Right,-0.01214218,0.8654561,0.3025179,-0.3856206,0.8451698,0.6126699,-0.08062348,0.8633117,0.2904785,-0.3662243,0.7921681,0.5443872,-0.2726269,1.457515,0.4096903,-0.6491601,0.7679231,0.7571338,False,0,1,9
6/25/2025 12:05:48 PM,1750845948941,Right,0.007517338,0.8619986,0.2721648,-0.3282878,0.82696,0.6094346,-0.05987499,0.8588003,0.2700002,-0.315035,0.776945,0.5419359,-0.2468913,1.450447,0.4279701,-0.5816406,0.7398486,0.7835284,False,0,1,9
6/25/2025 12:05:48 PM,1750845948954,Right,0.01549482,0.8604072,0.2559441,-0.3005491,0.8186402,0.6055925,-0.05027062,0.8562902,0.2590605,-0.2885029,0.7684177,0.5405411,-0.2340736,1.445902,0.4368013,-0.5437405,0.7241754,0.7967717,False,0,1,9
6/25/2025 12:05:48 PM,1750845948981,Right,0.02831483,0.8577393,0.2222948,-0.2462218,0.8036606,0.5955005,-0.03551739,0.8519605,0.2354793,-0.2399315,0.7538917,0.5318691,-0.2089446,1.437672,0.4555852,-0.4713495,0.6962771,0.8150595,False,0,1,9
6/25/2025 12:05:48 PM,1750845948996,Right,0.03481567,0.8564302,0.2058672,-0.2193924,0.7958598,0.5906267,-0.02778402,0.8498066,0.2241687,-0.2150782,0.7464839,0.5286301,-0.1962609,1.433559,0.4647442,-0.4316252,0.6827633,0.8234257,False,0,1,9
6/25/2025 12:05:49 PM,1750845949024,Right,0.03689551,0.8554102,0.1677914,-0.1727526,0.7791436,0.5691758,-0.02053404,0.8456665,0.1970871,-0.1708478,0.7316875,0.5123541,-0.1712368,1.422089,0.4801522,-0.3561001,0.6537702,0.8300732,False,0,1,9
6/25/2025 12:05:49 PM,1750845949037,Right,0.03792548,0.8547679,0.1491994,-0.1511859,0.7698384,0.5588499,-0.01792046,0.8431709,0.1833012,-0.1490068,0.7227956,0.504598,-0.1593825,1.415318,0.4870783,-0.3154394,0.6378402,0.830929,False,0,1,9
6/25/2025 12:05:49 PM,1750845949051,Right,0.03737617,0.8539774,0.1299868,-0.1312617,0.7602659,0.5472556,-0.01608953,0.8402708,0.1692036,-0.1268025,0.7130797,0.496035,-0.1480305,1.407496,0.4934406,-0.2731517,0.6206454,0.8293429,False,0,1,9
6/25/2025 12:05:49 PM,1750845949079,Right,0.03365505,0.852794,0.09110487,-0.09442616,0.7404842,0.5250373,-0.01427637,0.8343281,0.1406637,-0.09353889,0.6962082,0.478006,-0.1275362,1.390378,0.5051737,-0.2084598,0.5936575,0.814808,False,0,1,9
6/25/2025 12:05:49 PM,1750845949093,Right,0.02996135,0.8524948,0.07178283,-0.07804024,0.730609,0.5141412,-0.01600718,0.831269,0.1261207,-0.08332479,0.6885241,0.4686133,-0.1179595,1.380949,0.5108418,-0.1865104,0.5826836,0.8037888,False,0,1,9
6/25/2025 12:05:49 PM,1750845949121,Right,0.01751685,0.8527981,0.03684235,-0.05234766,0.7107456,0.4919138,-0.02269264,0.8251227,0.1002365,-0.06695341,0.6723261,0.4513351,-0.1016088,1.359754,0.5211828,-0.1491713,0.5588787,0.7808373,False,0,1,9
6/25/2025 12:05:49 PM,1750845949135,Right,0.01405442,0.8525822,0.01968646,-0.03674221,0.7009329,0.481871,-0.02373476,0.821873,0.08757219,-0.05632651,0.6644179,0.4442636,-0.09296966,1.349425,0.5264847,-0.1279802,0.5492306,0.7694073,False,0,1,9
6/25/2025 12:05:49 PM,1750845949163,Right,0.001751304,0.8528533,-0.009386897,-0.0136801,0.6801645,0.4616106,-0.03012426,0.8150282,0.06569797,-0.03998946,0.6467093,0.4306694,-0.0788995,1.326003,0.5365648,-0.0920284,0.5276308,0.7466317,False,0,1,9
6/25/2025 12:05:49 PM,1750845949177,Right,-0.01330221,0.8530579,-0.009358168,-0.01642048,0.6654396,0.4534669,-0.04173058,0.8108264,0.06709973,-0.04502947,0.6343884,0.425549,-0.07475579,1.311195,0.5404499,-0.09086484,0.507045,0.7419351,False,0,1,9
6/25/2025 12:05:49 PM,1750845949191,Right,-0.02319312,0.8520164,-0.01430428,-0.01059532,0.6524879,0.4447154,-0.04836842,0.8062279,0.06319734,-0.04127341,0.6218077,0.4194217,-0.06899881,1.298088,0.5446652,-0.07717124,0.4899601,0.7334549,False,0,1,9
6/25/2025 12:05:49 PM,1750845949218,Right,-0.0418098,0.8463887,-0.01849377,-0.003496885,0.6236255,0.4293509,-0.06145138,0.7943363,0.06219059,-0.03644359,0.5942615,0.4091842,-0.05917501,1.271372,0.5524418,-0.05378699,0.4518324,0.7200146,False,0,1,9
6/25/2025 12:05:49 PM,1750845949232,Right,-0.05108285,0.8410851,-0.01617825,-0.002857924,0.6073745,0.4237907,-0.06796299,0.7870108,0.06289464,-0.03560925,0.57991,0.4055689,-0.05516458,1.257749,0.5557848,-0.04449412,0.4334589,0.7144699,False,0,1,9
6/25/2025 12:05:49 PM,1750845949260,Right,-0.06853724,0.8280362,-0.009136319,-0.00275588,0.5765772,0.4157454,-0.08016425,0.7699538,0.07028138,-0.03704637,0.5513229,0.401397,-0.04734278,1.230042,0.5616415,-0.03457429,0.392693,0.7072241,False,0,1,9
6/25/2025 12:05:49 PM,1750845949274,Right,-0.07670796,0.8191671,-0.002154469,-0.00386107,0.5619147,0.414052,-0.0858249,0.7604703,0.07575323,-0.03887069,0.5379902,0.400979,-0.04457641,1.21648,0.5635563,-0.03225193,0.3733908,0.7061496,True,0,1,10
6/25/2025 12:05:49 PM,1750845949302,Right,-0.09152365,0.7984747,0.01747346,-0.005960464,0.5385737,0.4209145,-0.08852699,0.7535083,0.083638,-0.045212,0.5435077,0.3797678,-0.04081511,1.190657,0.5665922,-0.03411336,0.3564492,0.707724,True,0,1,10
6/25/2025 12:05:49 PM,1750845949315,Right,-0.09802985,0.7858077,0.03297114,-0.006365299,0.5270733,0.4300193,-0.09015775,0.7493868,0.08779019,-0.04560558,0.5384107,0.379949,-0.03928685,1.178719,0.5686195,-0.0321265,0.3475074,0.7084554,True,0,1,10
6/25/2025 12:05:49 PM,1750845949343,Right,-0.110167,0.7587468,0.06632137,-0.006780148,0.5034961,0.446854,-0.0940489,0.7387895,0.09857482,-0.04558706,0.5290557,0.3774115,-0.03606868,1.155342,0.5722624,-0.02343249,0.3266317,0.7111427,True,0,1,10
6/25/2025 12:05:49 PM,1750845949357,Right,-0.1156082,0.7434385,0.08584511,-0.008131742,0.4932437,0.4573327,-0.09605417,0.7328976,0.104669,-0.04501528,0.5245269,0.3763271,-0.03501308,1.144473,0.573913,-0.01708362,0.3161646,0.7131074,True,0,1,10
6/25/2025 12:05:49 PM,1750845949371,Right,-0.1208267,0.728489,0.104522,-0.01033807,0.4835713,0.4667684,-0.09819225,0.7263933,0.1114443,-0.04441204,0.5199293,0.3750291,-0.03402853,1.133578,0.5755851,-0.009683184,0.3049377,0.7152998,True,0,1,10
6/25/2025 12:05:49 PM,1750845949399,Right,-0.1311007,0.6997573,0.1392974,-0.01377237,0.4641363,0.4831061,-0.1026561,0.7121184,0.1264551,-0.0508739,0.5142266,0.3786837,-0.03306651,1.112964,0.578739,-0.01065527,0.2920345,0.7307444,True,0,1,10
6/25/2025 12:05:49 PM,1750845949413,Right,-0.1345491,0.6833048,0.1605731,-0.01773965,0.459378,0.4949301,-0.1049618,0.7043774,0.1347038,-0.05426172,0.5126151,0.3784697,-0.03355932,1.104628,0.5796535,-0.01002868,0.2845045,0.738686,True,0,1,10
6/25/2025 12:05:49 PM,1750845949440,Right,-0.1337357,0.6434375,0.2189448,-0.03002214,0.4610609,0.5327363,-0.1090457,0.6871466,0.1544559,-0.06449082,0.5153857,0.37611,-0.0378623,1.095187,0.5795882,-0.01402105,0.2731745,0.7624835,True,0,1,10
6/25/2025 12:05:49 PM,1750845949455,Right,-0.136054,0.6274419,0.2444999,-0.03439653,0.4588102,0.549265,-0.1109886,0.6781881,0.1654829,-0.06917495,0.5145791,0.3788799,-0.03927779,1.090352,0.5805333,-0.01778532,0.2674506,0.775981,True,0,1,10
6/25/2025 12:05:49 PM,1750845949482,Right,-0.1384823,0.6015226,0.300288,-0.04476404,0.4589567,0.5878215,-0.1148112,0.6596977,0.1904928,-0.07882756,0.5111529,0.389284,-0.04215813,1.084176,0.5823778,-0.02860835,0.2562348,0.8068424,True,0,1,10
6/25/2025 12:05:49 PM,1750845949496,Right,-0.1400096,0.5929855,0.3283893,-0.05245924,0.4621042,0.6080308,-0.1166589,0.6507024,0.2041896,-0.08375159,0.5092723,0.3961892,-0.04359865,1.083115,0.5838373,-0.03552326,0.2511247,0.8237497,True,0,1,10
6/25/2025 12:05:49 PM,1750845949510,Right,-0.1425991,0.5866363,0.355854,-0.06166124,0.4657222,0.6266593,-0.1184673,0.6423768,0.2179707,-0.08863217,0.5080199,0.4030646,-0.04483342,1.082492,0.5856799,-0.04292722,0.2467397,0.8407589,True,0,1,10
6/25/2025 12:05:49 PM,1750845949537,Right,-0.1493244,0.5816681,0.4080553,-0.08302307,0.4756677,0.6616304,-0.1227967,0.6253573,0.2507944,-0.1002817,0.5035136,0.4223476,-0.04740524,1.084281,0.5896243,-0.06509873,0.2349251,0.8787544,True,0,1,10
6/25/2025 12:05:49 PM,1750845949552,Right,-0.1530426,0.5828398,0.4323112,-0.09533966,0.4817113,0.6788225,-0.1251545,0.6181043,0.2679456,-0.1061961,0.4999528,0.4337416,-0.04881692,1.0867,0.5914377,-0.07813356,0.2260209,0.895767,True,0,1,10
6/25/2025 12:05:49 PM,1750845949579,Right,-0.1597445,0.5910797,0.4780211,-0.1223195,0.4947676,0.7122991,-0.13067,0.6050937,0.307052,-0.118647,0.4920654,0.4618394,-0.05146575,1.094372,0.5952055,-0.1057794,0.2052237,0.9312191,True,0,1,10
6/25/2025 12:05:49 PM,1750845949593,Right,-0.1625307,0.6007653,0.49854,-0.1367538,0.5017501,0.728613,-0.1337856,0.600075,0.3288727,-0.1247958,0.4874149,0.4795623,-0.05282736,1.100085,0.5977961,-0.1196464,0.1931402,0.9487954,True,0,1,10
6/25/2025 12:05:49 PM,1750845949621,Right,-0.1665199,0.6222023,0.5365647,-0.1663146,0.5180095,0.7598848,-0.1400685,0.5949627,0.3734019,-0.1377949,0.4818952,0.5195872,-0.0565089,1.113337,0.604678,-0.1513667,0.178214,0.9868292,True,0,1,10
6/25/2025 12:05:49 PM,1750845949635,Right,-0.1676733,0.6371173,0.5513415,-0.1812427,0.5277555,0.7746954,-0.1433671,0.5949047,0.3971011,-0.1448646,0.4810072,0.5423824,-0.05845964,1.120511,0.60829,-0.1697698,0.1743834,1.007482,True,0,1,10
6/25/2025 12:05:49 PM,1750845949662,Right,-0.1702107,0.6623964,0.5790735,-0.2107909,0.5509937,0.8034091,-0.1503609,0.6014558,0.4474726,-0.1609015,0.4833223,0.596689,-0.06421149,1.136485,0.615286,-0.212167,0.1791539,1.054054,True,0,1,10
6/25/2025 12:05:49 PM,1750845949677,Right,-0.1716065,0.6752581,0.5898604,-0.2252178,0.5637652,0.8171105,-0.1540279,0.6078826,0.4726278,-0.1689758,0.4886653,0.6238609,-0.06820083,1.145131,0.61865,-0.2327375,0.1876185,1.078667,True,0,1,10
6/25/2025 12:05:49 PM,1750845949704,Right,-0.1748359,0.6994774,0.6063763,-0.2535961,0.5918708,0.841857,-0.1625881,0.6293675,0.523661,-0.1858443,0.5070122,0.6832933,-0.07759094,1.164203,0.6255519,-0.2708098,0.2188884,1.131851,True,0,1,10
6/25/2025 12:05:49 PM,1750845949718,Right,-0.176435,0.710636,0.6116036,-0.2675862,0.6079077,0.8520784,-0.1674457,0.6443009,0.5464961,-0.1949294,0.5209823,0.7109979,-0.08303738,1.174502,0.6288774,-0.2898375,0.2411485,1.156896,True,0,1,10
6/25/2025 12:05:49 PM,1750845949732,Right,-0.1781863,0.7211712,0.6174084,-0.2813442,0.6242809,0.8617222,-0.1734512,0.6643487,0.5691419,-0.2057314,0.5407835,0.7385588,-0.08904099,1.185341,0.6323586,-0.3118008,0.2701757,1.181993,True,0,1,10
6/25/2025 12:05:49 PM,1750845949761,Right,-0.1828291,0.7404416,0.6245043,-0.3089821,0.6583865,0.8777428,-0.1832447,0.6944622,0.5861935,-0.2251317,0.5721461,0.7653484,-0.1025693,1.208279,0.6386305,-0.3524831,0.3212822,1.204413,True,0,1,10
6/25/2025 12:05:49 PM,1750845949774,Right,-0.185595,0.7489266,0.6265444,-0.3226587,0.6766233,0.8828316,-0.1870389,0.7043619,0.5892467,-0.2337116,0.5833122,0.7724019,-0.1100452,1.220174,0.6409967,-0.3715368,0.3413801,1.20917,True,0,1,10
6/25/2025 12:05:49 PM,1750845949802,Right,-0.1912754,0.7653361,0.6308067,-0.3506407,0.7130432,0.890944,-0.1954207,0.7232831,0.5927059,-0.2522658,0.6053896,0.7846806,-0.126502,1.24402,0.6441662,-0.408363,0.3841019,1.216975,True,0,1,10
6/25/2025 12:05:49 PM,1750845949815,Right,-0.1945535,0.7732385,0.6329058,-0.3653296,0.7314343,0.8939493,-0.2001911,0.7325167,0.594076,-0.2624766,0.61662,0.7900538,-0.1351819,1.256098,0.644956,-0.4276895,0.4056858,1.219796,True,0,1,10
6/25/2025 12:05:49 PM,1750845949844,Right,-0.2026129,0.7880276,0.6356555,-0.3974985,0.7694933,0.8961873,-0.2106884,0.750746,0.596007,-0.2856774,0.6397117,0.8004232,-0.152993,1.280716,0.6444311,-0.4707707,0.4512764,1.222725,True,0,1,10
6/25/2025 12:05:49 PM,1750845949857,Right,-0.2072659,0.7953675,0.6370347,-0.4148396,0.7879215,0.8965056,-0.2162834,0.7599485,0.5969726,-0.2987378,0.6515422,0.8058816,-0.1623127,1.293216,0.643211,-0.494492,0.4749045,1.222632,True,0,1,10
6/25/2025 12:05:49 PM,1750845949872,Right,-0.212909,0.8025426,0.638166,-0.433207,0.8063359,0.8959632,-0.2227889,0.7689099,0.5973634,-0.3129604,0.6632439,0.8105933,-0.1718215,1.30571,0.6416312,-0.5190426,0.4980827,1.221051,True,0,1,10
6/25/2025 12:05:49 PM,1750845949899,Right,-0.2265815,0.8170794,0.6402521,-0.4724425,0.8434226,0.8919201,-0.23818,0.7870171,0.5972956,-0.3454477,0.6880835,0.8180327,-0.1910537,1.330394,0.6357956,-0.5728877,0.5463083,1.213843,True,0,1,10
6/25/2025 12:05:49 PM,1750845949913,Right,-0.2348013,0.8249956,0.6410537,-0.4935923,0.8617355,0.8880653,-0.2463314,0.7963013,0.5969817,-0.3629563,0.7009657,0.820985,-0.2006862,1.342712,0.6315079,-0.6005129,0.5710788,1.20848,True,0,1,10
6/25/2025 12:05:49 PM,1750845949941,Right,-0.2493901,0.8410941,0.6434482,-0.5335691,0.8984618,0.8831334,-0.2625487,0.8156281,0.596534,-0.4002829,0.7290944,0.8270414,-0.2201024,1.367541,0.6231608,-0.6572306,0.6253344,1.194961,True,0,1,10
6/25/2025 12:05:49 PM,1750845949955,Right,-0.2663928,0.8530422,0.6419637,-0.5626881,0.9167426,0.867043,-0.2717483,0.822907,0.5944988,-0.4177396,0.7384534,0.8224505,-0.2301393,1.379451,0.6137893,-0.6852947,0.6397995,1.182335,True,0,1,10
6/25/2025 12:05:49 PM,1750845949982,Right,-0.2920325,0.874583,0.6403991,-0.6135128,0.9504446,0.8438516,-0.2915527,0.8410003,0.590535,-0.4580504,0.7613931,0.8163237,-0.2494173,1.403756,0.5985225,-0.7457072,0.6763357,1.153322,True,0,1,10
6/25/2025 12:05:49 PM,1750845949996,Right,-0.3053603,0.8854532,0.6387186,-0.6395228,0.9662367,0.8304613,-0.302094,0.8507437,0.5881038,-0.4796389,0.7735722,0.8123251,-0.2587128,1.415461,0.5900216,-0.7768646,0.6951144,1.136258,True,0,1,10
6/25/2025 12:05:50 PM,1750845950025,Right,-0.3345325,0.9079262,0.631852,-0.6925917,0.9951643,0.7922242,-0.3256526,0.8709783,0.5801619,-0.5243815,0.7952492,0.7947317,-0.2771825,1.437435,0.5694028,-0.8434843,0.7211853,1.089586,True,0,1,10
6/25/2025 12:05:50 PM,1750845950038,Right,-0.3485043,0.9189996,0.6283613,-0.7176411,1.010155,0.7733083,-0.3387761,0.8820888,0.5749018,-0.5483841,0.8073186,0.7837396,-0.2860011,1.448022,0.558513,-0.877853,0.7355303,1.062771,True,0,1,10
6/25/2025 12:05:50 PM,1750845950051,Right,-0.3638519,0.9306407,0.6226987,-0.7423179,1.023861,0.7490454,-0.3510399,0.8923246,0.5693456,-0.5706595,0.8182694,0.7723852,-0.2942493,1.457877,0.5465118,-0.9088635,0.748513,1.036519,True,0,1,10
6/25/2025 12:05:50 PM,1750845950080,Right,-0.3942306,0.9539378,0.6082616,-0.7891736,1.049615,0.6976496,-0.3781461,0.9145504,0.5543154,-0.6168991,0.8396443,0.7415347,-0.3095449,1.476164,0.5214448,-0.9727523,0.7695944,0.9732802,True,0,1,10
6/25/2025 12:05:50 PM,1750845950094,Right,-0.4091328,0.9653323,0.5988368,-0.8108947,1.06172,0.6694371,-0.3911557,0.9250399,0.5453475,-0.6387682,0.8494703,0.724426,-0.3165207,1.484592,0.5085074,-1.001843,0.7788945,0.9400657,True,0,1,10
6/25/2025 12:05:50 PM,1750845950122,Right,-0.4371016,0.9867185,0.5791457,-0.8505549,1.084832,0.6096959,-0.4200259,0.9481969,0.5221795,-0.685702,0.8710154,0.6820382,-0.3292733,1.50004,0.4822574,-1.062208,0.7982364,0.8616114,True,0,1,10
6/25/2025 12:05:50 PM,1750845950135,Right,-0.449832,0.9963507,0.5674061,-0.8668339,1.095278,0.5766169,-0.4333943,0.9587914,0.5096727,-0.7076326,0.8810154,0.6601373,-0.3349762,1.506693,0.4688859,-1.088839,0.8074076,0.8220428,True,0,1,10
6/25/2025 12:05:50 PM,1750845950163,Right,-0.472964,1.013485,0.5431215,-0.8965244,1.114523,0.510487,-0.4606844,0.9798558,0.477129,-0.7516787,0.9003619,0.6046394,-0.3449492,1.518244,0.4425206,-1.141137,0.8230522,0.7271228,True,0,1,10
6/25/2025 12:05:50 PM,1750845950177,Right,-0.4831536,1.020157,0.5298234,-0.9078207,1.122235,0.4758302,-0.4704488,0.9867266,0.4632745,-0.769904,0.9064889,0.5778283,-0.3492614,1.522796,0.4297076,-1.161882,0.8271514,0.6790431,True,0,1,10
6/25/2025 12:05:50 PM,1750845950191,Right,-0.492308,1.025399,0.5163049,-0.9159346,1.127872,0.4405429,-0.4780105,0.9911508,0.4496621,-0.7840464,0.909638,0.5511962,-0.3531455,1.526682,0.4171584,-1.177748,0.8266288,0.632418,True,0,1,10
6/25/2025 12:05:50 PM,1750845950219,Right,-0.5111455,1.03689,0.4912603,-0.9365919,1.140954,0.3750334,-0.49394,1.001109,0.4247239,-0.8146659,0.9176911,0.5001009,-0.3604019,1.533866,0.3924843,-1.205837,0.8289827,0.5416687,True,0,1,10
6/25/2025 12:05:50 PM,1750845950233,Right,-0.513748,1.036002,0.4765813,-0.9333532,1.139693,0.3422008,-0.4963968,1.000574,0.4109613,-0.8186496,0.9142255,0.4737406,-0.3624212,1.533985,0.3814708,-1.209706,0.8175722,0.4992818,True,0,1,10
6/25/2025 12:05:50 PM,1750845950260,Right,-0.5285306,1.04432,0.4509985,-0.9457507,1.147919,0.2792631,-0.5088047,1.007289,0.386012,-0.8427241,0.9187491,0.4206739,-0.3677052,1.537726,0.358422,-1.224302,0.8134479,0.4102979,True,0,1,10
6/25/2025 12:05:50 PM,1750845950274,Right,-0.527415,1.041702,0.4348927,-0.9362833,1.141388,0.2535806,-0.5081652,1.005226,0.3718208,-0.8373452,0.9107338,0.4005979,-0.3684423,1.536572,0.3488283,-1.218047,0.790763,0.3850214,False,0,1,10
6/25/2025 12:05:50 PM,1750845950302,Right,-0.5299895,1.040936,0.4102917,-0.9349456,1.137181,0.2044123,-0.5154601,1.01041,0.3610362,-0.8753183,0.9200424,0.3738083,-0.3708695,1.536588,0.3297055,-1.228466,0.8069938,0.342458,False,0,1,10
6/25/2025 12:05:50 PM,1750845950315,Right,-0.5307078,1.040614,0.4005191,-0.9319148,1.134663,0.1839459,-0.5157851,1.009719,0.3506562,-0.8785737,0.9236946,0.3530667,-0.3718789,1.536168,0.320823,-1.229236,0.8101559,0.3151224,False,0,1,10
6/25/2025 12:05:50 PM,1750845950344,Right,-0.529196,1.039169,0.3845518,-0.9250066,1.12837,0.1534967,-0.5144865,1.008133,0.3350656,-0.8790457,0.9291996,0.3152628,-0.3737266,1.534922,0.3044904,-1.226784,0.8136317,0.2650492,False,0,1,10
6/25/2025 12:05:50 PM,1750845950358,Right,-0.5273013,1.038562,0.3797343,-0.9209983,1.123914,0.1466856,-0.513375,1.007386,0.3291578,-0.8768345,0.9310459,0.2965484,-0.3744292,1.533867,0.2973568,-1.223748,0.8137691,0.2398104,False,0,1,10
6/25/2025 12:05:50 PM,1750845950371,Right,-0.5265727,1.039006,0.3761595,-0.9177618,1.120257,0.1397563,-0.512821,1.007354,0.3247733,-0.8740301,0.9319956,0.2784948,-0.3751056,1.532935,0.2905807,-1.219878,0.8121446,0.2149386,False,0,1,10
6/25/2025 12:05:50 PM,1750845950399,Right,-0.5240126,1.039678,0.3761629,-0.9110336,1.112906,0.1354522,-0.5107783,1.007205,0.3232143,-0.8638012,0.9243865,0.2532631,-0.3759193,1.530641,0.2787895,-1.203762,0.7993068,0.1599596,False,0,1,10
6/25/2025 12:05:50 PM,1750845950413,Right,-0.5216671,1.038665,0.3765566,-0.9078181,1.109756,0.1391504,-0.5089362,1.006193,0.3225437,-0.8603152,0.9209293,0.2550705,-0.3761311,1.529702,0.2740108,-1.201145,0.7945262,0.1608523,False,0,1,10
6/25/2025 12:05:50 PM,1750845950441,Right,-0.5132691,1.034052,0.3792958,-0.901011,1.104341,0.1503087,-0.5033601,1.003055,0.3223864,-0.852141,0.9159097,0.2642364,-0.376074,1.527855,0.2662621,-1.197716,0.7877015,0.1754395,False,0,1,10
6/25/2025 12:05:50 PM,1750845950454,Right,-0.5077198,1.031162,0.3807417,-0.8972139,1.101738,0.1582018,-0.4991623,1.000842,0.3231979,-0.8489409,0.9146559,0.2704433,-0.3760836,1.527042,0.26318,-1.1963,0.787889,0.1862652,False,0,1,10
6/25/2025 12:05:50 PM,1750845950483,Right,-0.4941292,1.02461,0.3836951,-0.8892193,1.096618,0.1776124,-0.4884026,0.9957927,0.3248151,-0.836499,0.9108496,0.2845378,-0.3749025,1.5252,0.2587304,-1.190235,0.7850538,0.2102728,False,0,1,10
6/25/2025 12:05:50 PM,1750845950497,Right,-0.4852437,1.020121,0.3855349,-0.8844178,1.094055,0.1924764,-0.4815884,0.992632,0.3260266,-0.8304064,0.9093674,0.2925501,-0.3737059,1.524202,0.2575363,-1.186586,0.7860446,0.2240436,False,0,1,10
6/25/2025 12:05:50 PM,1750845950525,Right,-0.4648207,1.009432,0.3907255,-0.8736465,1.088547,0.2211713,-0.4655036,0.985023,0.3296401,-0.8159961,0.9063824,0.3110816,-0.3720502,1.522759,0.2562447,-1.177242,0.7901301,0.2551697,False,0,1,10
6/25/2025 12:05:50 PM,1750845950539,Right,-0.4533483,1.003368,0.3935156,-0.8678586,1.085243,0.2364999,-0.4564063,0.9806937,0.331868,-0.8087994,0.9049539,0.3211233,-0.371207,1.522073,0.2564452,-1.171627,0.7937258,0.2718415,False,0,1,10
6/25/2025 12:05:50 PM,1750845950551,Right,-0.4407015,0.9967381,0.3964636,-0.861964,1.081778,0.2520169,-0.445944,0.9757626,0.3343708,-0.8014381,0.9038168,0.3320571,-0.3702968,1.52141,0.2568843,-1.16498,0.7994024,0.2898223,False,0,1,10
6/25/2025 12:05:50 PM,1750845950580,Right,-0.4070724,0.9797983,0.4032357,-0.84448,1.072437,0.2969353,-0.4228005,0.9652926,0.3397695,-0.7846306,0.9020116,0.3554896,-0.3672962,1.519658,0.2615387,-1.14866,0.8133428,0.3279368,False,0,1,10
6/25/2025 12:05:50 PM,1750845950594,Right,-0.386206,0.9698028,0.4065822,-0.8316455,1.066631,0.3244704,-0.4105298,0.9600019,0.3423266,-0.775496,0.9011198,0.3675163,-0.365023,1.518841,0.2653607,-1.139019,0.8208016,0.3475443,False,0,1,10
6/25/2025 12:05:50 PM,1750845950621,Right,-0.3477936,0.9517884,0.4120166,-0.8048637,1.055162,0.3741252,-0.3819249,0.9480315,0.3479974,-0.7518682,0.8992568,0.395171,-0.3603451,1.517504,0.2741125,-1.114047,0.8381465,0.3929777,False,0,1,10
6/25/2025 12:05:50 PM,1750845950636,Right,-0.3241789,0.9433102,0.41308,-0.7878451,1.04857,0.4005758,-0.3662196,0.942364,0.3503052,-0.7389417,0.8986202,0.4095128,-0.3574703,1.516834,0.2798301,-1.098819,0.8477411,0.4169719,False,0,1,10
6/25/2025 12:05:50 PM,1750845950664,Right,-0.2791668,0.9258731,0.41597,-0.7484236,1.033985,0.4524534,-0.3299184,0.9295655,0.3555635,-0.7048312,0.8970488,0.442495,-0.3496119,1.514955,0.2939304,-1.059654,0.8688729,0.4734686,False,0,1,10
6/25/2025 12:05:50 PM,1750845950677,Right,-0.2575434,0.9177726,0.417403,-0.7264411,1.025549,0.4771152,-0.3121608,0.9236398,0.3580552,-0.6862351,0.8958172,0.4585357,-0.344807,1.513895,0.3022547,-1.038323,0.877764,0.5018719,False,0,1,10
6/25/2025 12:05:50 PM,1750845950692,Right,-0.2349144,0.9098527,0.4183506,-0.7038815,1.01646,0.5007142,-0.2921163,0.9171235,0.3608684,-0.6652743,0.8941684,0.4768387,-0.3394492,1.512398,0.3109066,-1.012607,0.8870838,0.5343336,False,0,1,10
6/25/2025 12:05:50 PM,1750845950718,Right,-0.1894341,0.8943828,0.4187117,-0.652817,0.995391,0.544958,-0.2484627,0.9035203,0.3658913,-0.6116654,0.8868432,0.5140771,-0.3271036,1.508567,0.3298823,-0.9501548,0.8981317,0.606098,False,0,1,10
6/25/2025 12:05:50 PM,1750845950732,Right,-0.1663525,0.8877397,0.4167531,-0.6254952,0.9836884,0.5646824,-0.2269966,0.8972091,0.3675741,-0.5848507,0.8820011,0.5314718,-0.3194214,1.506162,0.3404124,-0.9165404,0.9001864,0.6407417,False,0,1,10
6/25/2025 12:05:50 PM,1750845950760,Right,-0.1239655,0.877385,0.4090383,-0.5688183,0.9580815,0.597782,-0.1759562,0.8846263,0.3661791,-0.5145007,0.8660812,0.5643618,-0.3018357,1.500669,0.3623405,-0.830121,0.8904507,0.7156568,False,0,1,10
6/25/2025 12:05:50 PM,1750845950775,Right,-0.1050308,0.8742902,0.4028884,-0.5391624,0.9448052,0.6118028,-0.1585361,0.8811999,0.3640176,-0.486307,0.8584926,0.574918,-0.2920368,1.497609,0.3734201,-0.797358,0.8789848,0.7408489,False,0,1,10
6/25/2025 12:05:50 PM,1750845950802,Right,-0.07177532,0.870057,0.3873874,-0.4774253,0.917255,0.6340176,-0.1278352,0.8763455,0.3556482,-0.4258694,0.838814,0.5910943,-0.2701527,1.490226,0.3960611,-0.7260655,0.8450055,0.7929565,False,0,1,10
6/25/2025 12:05:50 PM,1750845950816,Right,-0.05619431,0.8680879,0.3788723,-0.4463379,0.9035308,0.6430292,-0.1130137,0.8736941,0.3510485,-0.3955541,0.827379,0.5978359,-0.2583692,1.485982,0.4071231,-0.6875757,0.8250163,0.8175343,False,0,1,10
6/25/2025 12:05:50 PM,1750845950844,Right,-0.02524793,0.8634781,0.3615422,-0.3850394,0.8763682,0.6589545,-0.08335781,0.8676891,0.3415453,-0.3346732,0.8037633,0.6104673,-0.2338755,1.476722,0.4289273,-0.6040338,0.7841112,0.8630924,False,0,1,10
6/25/2025 12:05:50 PM,1750845950858,Right,-0.01461184,0.8616002,0.3479127,-0.3534881,0.861521,0.6545309,-0.07175747,0.8645504,0.3329666,-0.3027844,0.7906182,0.6072797,-0.219817,1.470499,0.43881,-0.5625992,0.7581768,0.8787314,False,0,1,10
6/25/2025 12:05:50 PM,1750845950871,Right,-0.001271605,0.8589611,0.3368466,-0.3242263,0.847439,0.6559771,-0.0587976,0.8609207,0.3257716,-0.2706501,0.7757536,0.6084059,-0.2069798,1.4647,0.448841,-0.5156816,0.7300743,0.8951892,False,0,1,10
6/25/2025 12:05:50 PM,1750845950899,Right,0.02158904,0.853902,0.308737,-0.2678875,0.8187106,0.6499301,-0.03468227,0.8533347,0.3082021,-0.2159645,0.7515548,0.6019428,-0.181496,1.450945,0.468107,-0.4350824,0.6856337,0.9095806,False,0,1,10
6/25/2025 12:05:50 PM,1750845950913,Right,0.03228307,0.8505847,0.2930623,-0.2402968,0.8043858,0.6459759,-0.02441406,0.8491653,0.2982074,-0.1940325,0.7415931,0.5955336,-0.1692559,1.443352,0.4773207,-0.4024002,0.6686051,0.9102733,False,0,1,10
6/25/2025 12:05:50 PM,1750845950941,Right,0.05134034,0.8438895,0.2587303,-0.1886275,0.7753568,0.6309758,-0.004331529,0.8388371,0.2727524,-0.1508996,0.7196271,0.5774646,-0.1450819,1.426068,0.4961694,-0.3353493,0.6338028,0.9040117,False,0,1,10
6/25/2025 12:05:50 PM,1750845950954,Right,0.05856013,0.8411019,0.2392919,-0.1648874,0.7608726,0.6214051,0.004664138,0.8338559,0.2600266,-0.1317924,0.7089869,0.5687789,-0.1331601,1.416055,0.5057051,-0.3043704,0.6180296,0.8987886,False,0,1,10
6/25/2025 12:05:50 PM,1750845950983,Right,0.07182515,0.8367321,0.2013121,-0.1217291,0.7317941,0.6002083,0.01900834,0.8239638,0.232372,-0.09880432,0.6870257,0.5492721,-0.1104381,1.39325,0.52396,-0.2480469,0.5869222,0.8824435,False,0,1,10
6/25/2025 12:05:50 PM,1750845950997,Right,0.07578015,0.8356714,0.1815656,-0.101599,0.7175711,0.5889115,0.02514814,0.819187,0.2187579,-0.08384982,0.6758381,0.5395959,-0.09950709,1.380301,0.5327491,-0.2215545,0.5716847,0.87296,False,0,1,10
6/25/2025 12:05:51 PM,1750845951024,Right,0.08206511,0.8348322,0.1441238,-0.06352937,0.6932474,0.5638244,0.033942,0.8099108,0.1916012,-0.05597088,0.6544024,0.5189345,-0.07906544,1.351255,0.5484706,-0.1697206,0.5428673,0.8528949,False,0,1,10
6/25/2025 12:05:51 PM,1750845951039,Right,0.0838207,0.8346634,0.1258584,-0.04503393,0.681524,0.5509439,0.03732085,0.8050593,0.1785161,-0.04260761,0.6435881,0.5088082,-0.06975198,1.335574,0.5563416,-0.1439648,0.5288553,0.8425545,False,0,1,10
6/25/2025 12:05:51 PM,1750845951053,Right,0.08332264,0.8346393,0.1077302,-0.02890444,0.6689136,0.5368146,0.03793249,0.8002406,0.1654903,-0.031871,0.6319608,0.4975751,-0.06199908,1.319102,0.5638577,-0.1208594,0.5130676,0.8306346,False,0,1,10
6/25/2025 12:05:51 PM,1750845951080,Right,0.07710671,0.8326784,0.07297504,-0.004770041,0.6377885,0.5096776,0.03615002,0.7884787,0.1402367,-0.01568806,0.6042517,0.4779309,-0.0493772,1.284248,0.5772949,-0.08279106,0.4786705,0.8035406,False,0,1,10
6/25/2025 12:05:51 PM,1750845951094,Right,0.07166159,0.830031,0.05747974,0.005571127,0.622551,0.4992455,0.0320639,0.7812854,0.1291751,-0.01037965,0.589937,0.4709805,-0.04440498,1.266753,0.583326,-0.06779572,0.4628637,0.7915463,False,0,1,10
6/25/2025 12:05:51 PM,1750845951122,Right,0.05679977,0.820179,0.03272629,0.01818323,0.5953481,0.4855019,0.0223237,0.7647189,0.1106404,-0.00305979,0.5633343,0.4620844,-0.0371964,1.233645,0.5926787,-0.04550616,0.4373272,0.7726932,False,0,1,10
6/25/2025 12:05:51 PM,1750845951135,Right,0.04783726,0.8129769,0.02412724,0.02398467,0.581645,0.4810652,0.01525242,0.7550675,0.1053402,-0.001492014,0.5504507,0.4604346,-0.03472543,1.217733,0.5963922,-0.03750522,0.4250317,0.7674528,False,0,1,10
6/25/2025 12:05:51 PM,1750845951164,Right,0.02300239,0.7944895,0.01972997,0.02985978,0.5508264,0.4812732,-0.003860936,0.7333937,0.1018938,0.0003883434,0.5212858,0.4622605,-0.03316855,1.188908,0.6044364,-0.01922552,0.3962441,0.7623438,False,0,1,10
6/25/2025 12:05:51 PM,1750845951177,Right,0.009293079,0.7832038,0.02643085,0.02928603,0.5343629,0.4825137,-0.01402357,0.7227795,0.1061505,6.421097E-05,0.5067928,0.4639663,-0.03333175,1.176046,0.6093723,-0.0109046,0.3787161,0.7631975,False,0,1,10
6/25/2025 12:05:51 PM,1750845951192,Right,-0.001784325,0.7716303,0.03450084,0.02847886,0.5192198,0.4826158,-0.02331986,0.7111123,0.1143373,-0.001683746,0.492362,0.4645269,-0.03359115,1.163568,0.6144528,-0.004930325,0.3577687,0.7661887,False,0,1,10
6/25/2025 12:05:51 PM,1750845951219,Right,-0.01802194,0.7425749,0.06634617,0.02172935,0.4975515,0.4837632,-0.03216824,0.6957038,0.1306936,-0.01004783,0.4962911,0.4346885,-0.03590703,1.141766,0.622553,-0.005355444,0.3289138,0.7747792,True,0,1,11
6/25/2025 12:05:51 PM,1750845951232,Right,-0.02387917,0.725507,0.08902168,0.01758909,0.4892206,0.4868268,-0.03392693,0.6914999,0.1363723,-0.01286635,0.4983724,0.4255878,-0.03802502,1.132147,0.6262153,-0.006868195,0.3195988,0.77751,True,0,1,11
6/25/2025 12:05:51 PM,1750845951261,Right,-0.03570294,0.6894066,0.1437373,0.008784533,0.4750713,0.5030973,-0.03788795,0.6816969,0.1498213,-0.01818179,0.5000753,0.4102466,-0.04496408,1.117225,0.6331493,-0.008646276,0.297293,0.7834448,True,0,1,11
6/25/2025 12:05:51 PM,1750845951275,Right,-0.0412941,0.6724495,0.1691506,0.00373292,0.4691703,0.5152973,-0.03995049,0.6764585,0.1573588,-0.0208903,0.50065,0.4033461,-0.04899502,1.110774,0.6365126,-0.009375216,0.2849775,0.7865709,True,0,1,11
6/25/2025 12:05:51 PM,1750845951303,Right,-0.04812372,0.6379259,0.2375869,-0.01051891,0.4602017,0.5439095,-0.04422797,0.664685,0.175687,-0.02865397,0.5028703,0.3894393,-0.05646753,1.100762,0.6433085,-0.01732354,0.2559878,0.7940259,True,0,1,11
6/25/2025 12:05:51 PM,1750845951316,Right,-0.05299413,0.6232674,0.2720772,-0.01969647,0.455725,0.5578793,-0.04625899,0.659089,0.1853339,-0.03374722,0.5057079,0.3828517,-0.05991757,1.09728,0.6464554,-0.02589591,0.2425214,0.7986501,True,0,1,11
6/25/2025 12:05:51 PM,1750845951344,Right,-0.06363916,0.5984522,0.3422346,-0.04219294,0.4514705,0.5902748,-0.05100458,0.6469104,0.2085637,-0.04433635,0.510377,0.3768851,-0.06809127,1.092569,0.6506836,-0.04500551,0.2172194,0.8130715,True,0,1,11
6/25/2025 12:05:51 PM,1750845951358,Right,-0.06946969,0.5907524,0.3794982,-0.05594468,0.4511524,0.6108754,-0.05357004,0.6409826,0.2213282,-0.04928498,0.5130144,0.3778176,-0.07250965,1.091187,0.6521109,-0.05423632,0.2090003,0.8242304,True,0,1,11
6/25/2025 12:05:51 PM,1750845951371,Right,-0.07646155,0.5857737,0.4141778,-0.07038593,0.4514476,0.6323903,-0.05634078,0.635268,0.2348513,-0.05442906,0.5136462,0.3828859,-0.07672071,1.090378,0.6536444,-0.06557442,0.2018659,0.8366631,True,0,1,11
6/25/2025 12:05:51 PM,1750845951400,Right,-0.09380519,0.583734,0.4777633,-0.1018124,0.4573137,0.6775795,-0.06302696,0.6244718,0.2650689,-0.0650576,0.5105888,0.4011247,-0.08507001,1.09272,0.6563714,-0.08889166,0.185602,0.8624167,True,0,1,11
6/25/2025 12:05:51 PM,1750845951414,Right,-0.1037816,0.587086,0.5080376,-0.1183194,0.4629261,0.7012277,-0.0668143,0.6199238,0.2807641,-0.07040028,0.5082301,0.4122773,-0.08910561,1.095601,0.6577735,-0.1000639,0.1768291,0.8746173,True,0,1,11
6/25/2025 12:05:51 PM,1750845951441,Right,-0.1306027,0.6066144,0.5587746,-0.1562374,0.4813026,0.751236,-0.07681496,0.6123336,0.3168723,-0.08317685,0.4984822,0.4473934,-0.09849107,1.105845,0.662035,-0.1231902,0.1614733,0.9039621,True,0,1,11
6/25/2025 12:05:51 PM,1750845951455,Right,-0.1449227,0.6174733,0.5788822,-0.1775646,0.4936121,0.774924,-0.08279709,0.6098658,0.3354878,-0.09082299,0.495559,0.4675366,-0.1035945,1.112243,0.6643242,-0.1367316,0.1613086,0.9236948,True,0,1,11
6/25/2025 12:05:51 PM,1750845951483,Right,-0.171801,0.6391199,0.6148759,-0.220385,0.5211989,0.8163996,-0.09698431,0.6075642,0.3743747,-0.1088544,0.4926273,0.5100792,-0.1153336,1.12878,0.6699204,-0.1680828,0.1656163,0.965752,True,0,1,11
6/25/2025 12:05:51 PM,1750845951497,Right,-0.1843512,0.6510558,0.6278818,-0.2426581,0.5380561,0.8348827,-0.1049868,0.6079336,0.3937055,-0.1189564,0.4916302,0.533262,-0.1220626,1.138172,0.6728275,-0.1845946,0.1708319,0.9875951,True,0,1,11
6/25/2025 12:05:51 PM,1750845951524,Right,-0.2057931,0.6748353,0.6483361,-0.2883656,0.5742496,0.8660378,-0.1243471,0.6120477,0.435819,-0.1436657,0.493548,0.5833659,-0.1373054,1.158783,0.6784497,-0.2249768,0.1861785,1.034659,True,0,1,11
6/25/2025 12:05:51 PM,1750845951539,Right,-0.2150887,0.6885911,0.6546402,-0.3120972,0.5945105,0.8781085,-0.1350515,0.6160178,0.4567856,-0.1577603,0.4950621,0.6103641,-0.1460727,1.169809,0.6803542,-0.2472983,0.1961877,1.057821,True,0,1,11
6/25/2025 12:05:51 PM,1750845951553,Right,-0.2246594,0.7026833,0.6612002,-0.335983,0.6150479,0.8892787,-0.1472169,0.6217791,0.4788547,-0.1736215,0.500015,0.6367313,-0.1558537,1.180953,0.6821617,-0.2726494,0.2085616,1.081862,True,0,1,11
6/25/2025 12:05:51 PM,1750845951580,Right,-0.2444761,0.7307667,0.6700131,-0.385375,0.6563412,0.9066479,-0.1737172,0.6377655,0.5212219,-0.2091439,0.512432,0.6909778,-0.176857,1.203934,0.6841825,-0.3267827,0.2389218,1.127518,True,0,1,11
6/25/2025 12:05:51 PM,1750845951594,Right,-0.2539864,0.7435866,0.6706508,-0.4113595,0.6779768,0.9097972,-0.1885506,0.6485316,0.5409419,-0.2290733,0.5218691,0.7164963,-0.1884751,1.215551,0.68398,-0.3559793,0.2576505,1.148626,True,0,1,11
6/25/2025 12:05:51 PM,1750845951622,Right,-0.2711594,0.7650344,0.6738136,-0.4619467,0.7195284,0.9160461,-0.2225858,0.6760231,0.5783401,-0.275226,0.5470198,0.7667772,-0.2123992,1.23912,0.6816891,-0.4211153,0.3037664,1.188349,True,0,1,11
6/25/2025 12:05:51 PM,1750845951636,Right,-0.2786084,0.774303,0.6747582,-0.4875686,0.7400314,0.917047,-0.2410214,0.6922204,0.5947405,-0.3004721,0.5625013,0.7895054,-0.2245641,1.250736,0.679599,-0.4558891,0.3299891,1.205249,True,0,1,11
6/25/2025 12:05:51 PM,1750845951664,Right,-0.2939959,0.7921187,0.6770307,-0.5396621,0.7794697,0.9111342,-0.2821485,0.7308893,0.6219535,-0.3571259,0.6012125,0.8279335,-0.2497237,1.27449,0.6734322,-0.5330733,0.390076,1.231037,True,0,1,11
6/25/2025 12:05:51 PM,1750845951678,Right,-0.3029797,0.8004587,0.6766722,-0.5656195,0.7976575,0.9038119,-0.3041622,0.7520407,0.6299612,-0.3876343,0.6227258,0.841166,-0.2629032,1.286121,0.6690028,-0.5737108,0.422148,1.237098,True,0,1,11
6/25/2025 12:05:51 PM,1750845951692,Right,-0.3130369,0.8088629,0.6756028,-0.5913737,0.8151195,0.8954818,-0.3240945,0.7703749,0.6312058,-0.4164051,0.6424662,0.8460088,-0.276,1.297664,0.6636018,-0.613728,0.4517436,1.235099,True,0,1,11
6/25/2025 12:05:51 PM,1750845951719,Right,-0.3355856,0.8253036,0.6707304,-0.642658,0.8489041,0.8755124,-0.3474116,0.7885635,0.6239085,-0.4589428,0.6638916,0.8451774,-0.3019601,1.320054,0.6504445,-0.6785159,0.4928264,1.218055,True,0,1,11
6/25/2025 12:05:51 PM,1750845951733,Right,-0.3481836,0.8329535,0.6667321,-0.6681297,0.8648677,0.860642,-0.3598652,0.7976363,0.6194959,-0.4814595,0.6752346,0.8426768,-0.3148688,1.330637,0.6422503,-0.7125031,0.513465,1.206857,True,0,1,11
6/25/2025 12:05:51 PM,1750845951761,Right,-0.3742783,0.848767,0.6589247,-0.7182128,0.8949066,0.8273177,-0.3858818,0.8149993,0.6087118,-0.5289009,0.6986114,0.8323514,-0.3395373,1.351331,0.6242254,-0.7845609,0.5548677,1.177471,True,0,1,11
6/25/2025 12:05:51 PM,1750845951775,Right,-0.388458,0.8573384,0.6538533,-0.7425363,0.9082794,0.8077226,-0.3989674,0.8236793,0.6024969,-0.5524607,0.7104502,0.8244743,-0.351575,1.361378,0.6135671,-0.8203439,0.5744792,1.159669,True,0,1,11
6/25/2025 12:05:51 PM,1750845951803,Right,-0.4191391,0.8758124,0.6402669,-0.7893877,0.9324965,0.7634163,-0.4278709,0.8423347,0.5861889,-0.6028312,0.735817,0.7994744,-0.3745526,1.380457,0.5898651,-0.8981045,0.613006,1.111916,True,0,1,11
6/25/2025 12:05:51 PM,1750845951816,Right,-0.4353526,0.8854194,0.6316038,-0.8116472,0.9442877,0.7399664,-0.4431431,0.851957,0.576138,-0.6290873,0.748316,0.7832285,-0.3847597,1.389095,0.5770004,-0.9384031,0.6308251,1.082022,True,0,1,11
6/25/2025 12:05:51 PM,1750845951844,Right,-0.4679463,0.9053597,0.6102945,-0.8518538,0.9656625,0.6851521,-0.4712145,0.8699785,0.5547828,-0.6760219,0.7700278,0.7467685,-0.4031051,1.405359,0.5506808,-1.011055,0.6580476,1.017122,True,0,1,11
6/25/2025 12:05:51 PM,1750845951858,Right,-0.4838008,0.9156057,0.5981358,-0.870738,0.9757745,0.6569889,-0.4861464,0.8799073,0.5415405,-0.6996734,0.7806489,0.7225361,-0.4114491,1.413022,0.5372415,-1.0491,0.6679795,0.9754415,True,0,1,11
6/25/2025 12:05:51 PM,1750845951872,Right,-0.4991896,0.9257229,0.5857203,-0.887645,0.9842703,0.6266291,-0.4996684,0.88904,0.528256,-0.7205223,0.7888494,0.6983584,-0.419183,1.420122,0.5232327,-1.082045,0.6730307,0.933568,True,0,1,11
6/25/2025 12:05:51 PM,1750845951900,Right,-0.5277729,0.9448705,0.555096,-0.91554,0.9981106,0.5618813,-0.5245883,0.9057789,0.4987386,-0.7568991,0.7986274,0.6436933,-0.4323832,1.432186,0.495243,-1.139262,0.6671648,0.8383549,True,0,1,11
6/25/2025 12:05:51 PM,1750845951913,Right,-0.5405879,0.9533162,0.5389149,-0.9282231,1.004935,0.5291481,-0.5354089,0.9131012,0.4827441,-0.7707111,0.802547,0.6187034,-0.4379501,1.437623,0.4816012,-1.158638,0.6631285,0.797703,True,0,1,11
6/25/2025 12:05:51 PM,1750845951942,Right,-0.5607471,0.9664582,0.5033,-0.946893,1.016125,0.4602803,-0.5527166,0.9250956,0.449478,-0.7946119,0.8093223,0.5694169,-0.446703,1.447487,0.4553815,-1.190221,0.6576866,0.7181429,True,0,1,11
6/25/2025 12:05:51 PM,1750845951955,Right,-0.5688336,0.9718394,0.4859344,-0.9547668,1.021174,0.4258966,-0.5596704,0.9301956,0.4333286,-0.8061026,0.8121415,0.5451869,-0.4502592,1.452064,0.442881,-1.204116,0.6559951,0.6774693,True,0,1,11
6/25/2025 12:05:51 PM,1750845951983,Right,-0.5780213,0.9784186,0.4512271,-0.9634233,1.030139,0.3539861,-0.5680122,0.9374344,0.4015288,-0.826019,0.8155934,0.4961943,-0.4560632,1.460528,0.4198034,-1.225865,0.6533808,0.5929536,True,0,1,11
6/25/2025 12:05:51 PM,1750845951997,Right,-0.5784705,0.9792594,0.4347546,-0.9647303,1.033124,0.3163081,-0.5702614,0.9399329,0.3864555,-0.8360741,0.8163605,0.4723239,-0.458384,1.463933,0.4089624,-1.234299,0.6531183,0.5504432,True,0,1,11
6/25/2025 12:05:52 PM,1750845952011,Right,-0.5801246,0.9807855,0.4191135,-0.9674489,1.035222,0.280059,-0.5714314,0.9417356,0.3719043,-0.8463888,0.816183,0.4482145,-0.46085,1.467317,0.3980429,-1.240954,0.6525247,0.506801,True,0,1,11
6/25/2025 12:05:52 PM,1750845952039,Right,-0.5822575,0.9827955,0.3888494,-0.9719195,1.035995,0.2083092,-0.5734914,0.9446141,0.3440624,-0.8654746,0.8139686,0.3989458,-0.4652712,1.472913,0.3770713,-1.248718,0.6473166,0.4201116,True,0,1,11
6/25/2025 12:05:52 PM,1750845952053,Right,-0.5810726,0.9821471,0.3747214,-0.9724197,1.034212,0.173043,-0.573129,0.9450645,0.3309398,-0.8745811,0.8115809,0.3740813,-0.4673765,1.475404,0.3669646,-1.249407,0.6440836,0.3773975,True,0,1,11
6/25/2025 12:05:52 PM,1750845952080,Right,-0.5689042,0.9725065,0.3568046,-0.9554911,1.009571,0.123866,-0.5645626,0.9395081,0.3132752,-0.8731178,0.7983481,0.3283428,-0.4696159,1.477433,0.3500566,-1.232864,0.6181897,0.2981997,False,0,1,11
6/25/2025 12:05:52 PM,1750845952094,Right,-0.5639322,0.9683702,0.3488365,-0.9485133,0.9992912,0.109218,-0.5616465,0.9416244,0.3139467,-0.8946328,0.7962428,0.3148689,-0.470582,1.478338,0.3421477,-1.231627,0.6264667,0.2703354,False,0,1,11
6/25/2025 12:05:52 PM,1750845952122,Right,-0.5538089,0.9614499,0.3321913,-0.9361396,0.9824582,0.09249222,-0.557979,0.939427,0.3045279,-0.8917058,0.8046551,0.2718134,-0.472266,1.479238,0.3273786,-1.225782,0.6340413,0.2002229,False,0,1,11
6/25/2025 12:05:52 PM,1750845952136,Right,-0.5436261,0.9575366,0.3303843,-0.9271955,0.9745374,0.1269199,-0.5536015,0.9374517,0.300964,-0.8754793,0.8078632,0.2723278,-0.4732003,1.478534,0.3229237,-1.224173,0.637494,0.1986916,False,0,1,11
6/25/2025 12:05:52 PM,1750845952150,Right,-0.5376358,0.9540092,0.3269445,-0.9235468,0.9713609,0.1326318,-0.5476894,0.93467,0.2956996,-0.8675162,0.8057237,0.2713814,-0.4739799,1.478299,0.317467,-1.220977,0.638943,0.19911,False,0,1,11
6/25/2025 12:05:52 PM,1750845952177,Right,-0.5251687,0.9460124,0.3227738,-0.9177086,0.96965,0.1487459,-0.534708,0.9274449,0.2879242,-0.8542826,0.801087,0.2717271,-0.4755781,1.477362,0.3079267,-1.213929,0.6410118,0.2059803,False,0,1,11
6/25/2025 12:05:52 PM,1750845952191,Right,-0.517814,0.941069,0.3244466,-0.9152033,0.9708328,0.1601176,-0.5259683,0.9220583,0.2869565,-0.8473891,0.7976827,0.2752692,-0.4760494,1.476655,0.304298,-1.208892,0.6420413,0.2141121,False,0,1,11
6/25/2025 12:05:52 PM,1750845952219,Right,-0.5036266,0.932372,0.3296156,-0.9115717,0.9713799,0.1867305,-0.5148463,0.9153623,0.2889072,-0.8406758,0.796348,0.2873633,-0.4765755,1.47487,0.2987731,-1.205552,0.6501404,0.2371118,False,0,1,11
6/25/2025 12:05:52 PM,1750845952233,Right,-0.4966563,0.928552,0.3320955,-0.9096739,0.9707606,0.2028663,-0.5090468,0.9123996,0.2915514,-0.836944,0.7963454,0.2956334,-0.4762961,1.473785,0.2969224,-1.203472,0.6549776,0.2514577,False,0,1,11
6/25/2025 12:05:52 PM,1750845952261,Right,-0.4813325,0.9213668,0.3377861,-0.904007,0.9696417,0.2382663,-0.4964462,0.9066508,0.2958179,-0.8279767,0.7973986,0.3137056,-0.4749788,1.471521,0.2953147,-1.198277,0.6670632,0.2843799,False,0,1,11
6/25/2025 12:05:52 PM,1750845952275,Right,-0.471827,0.9180451,0.342109,-0.8992829,0.9692159,0.2613002,-0.4897232,0.9042686,0.2987621,-0.8228667,0.7983729,0.3241221,-0.4740456,1.470505,0.2960552,-1.194693,0.6738318,0.3028035,False,0,1,11
6/25/2025 12:05:52 PM,1750845952303,Right,-0.4512488,0.9111668,0.3498349,-0.8863389,0.9678471,0.3066595,-0.4728077,0.898905,0.3056566,-0.8090073,0.8002446,0.348478,-0.4720286,1.468773,0.2989115,-1.183058,0.6890686,0.3458152,False,0,1,11
6/25/2025 12:05:52 PM,1750845952317,Right,-0.4401197,0.9077637,0.3536872,-0.8771703,0.9673184,0.3320096,-0.4635044,0.8963602,0.30932,-0.7998062,0.8013246,0.3611709,-0.4705267,1.468121,0.3010304,-1.175309,0.6965254,0.3684817,False,0,1,11
6/25/2025 12:05:52 PM,1750845952344,Right,-0.4140139,0.9007953,0.3627675,-0.8490169,0.9658932,0.3912299,-0.4411575,0.8908802,0.3183495,-0.7754021,0.8032047,0.3909954,-0.4661564,1.46709,0.3091087,-1.153386,0.711884,0.4222264,False,0,1,11
6/25/2025 12:05:52 PM,1750845952358,Right,-0.3998995,0.8973606,0.3678772,-0.8316803,0.9644518,0.4207085,-0.4296217,0.8883026,0.32331,-0.761498,0.8041153,0.4066937,-0.4632103,1.466431,0.3141193,-1.14042,0.7193105,0.4510121,False,0,1,11
6/25/2025 12:05:52 PM,1750845952372,Right,-0.3858635,0.8940404,0.3728038,-0.8118837,0.9625819,0.4496241,-0.4174692,0.8858507,0.3284833,-0.746731,0.8051392,0.4240028,-0.4602647,1.466046,0.3195283,-1.12536,0.7275712,0.4832041,False,0,1,11
6/25/2025 12:05:52 PM,1750845952400,Right,-0.3548042,0.8877831,0.3827116,-0.765619,0.955897,0.5048747,-0.3918613,0.8812409,0.338955,-0.7101148,0.8066131,0.4572216,-0.4526017,1.46523,0.3329988,-1.089264,0.7407357,0.5486894,False,0,1,11
6/25/2025 12:05:52 PM,1750845952414,Right,-0.3390243,0.8849844,0.3872827,-0.738853,0.9503298,0.5300657,-0.3771597,0.8790793,0.3444222,-0.6867166,0.8070324,0.4750996,-0.4477797,1.464508,0.3403494,-1.065462,0.7463316,0.5867415,False,0,1,11
6/25/2025 12:05:52 PM,1750845952441,Right,-0.3008717,0.8826976,0.399994,-0.6829054,0.9385206,0.576211,-0.3484055,0.8769922,0.3562713,-0.6427459,0.8073579,0.5105133,-0.435949,1.462728,0.3578184,-1.013924,0.7547076,0.6599678,False,0,1,11
6/25/2025 12:05:52 PM,1750845952455,Right,-0.2814711,0.880883,0.4042877,-0.6522615,0.9315184,0.5961767,-0.3329982,0.8758147,0.3615776,-0.6179172,0.8065695,0.5265732,-0.4289246,1.461756,0.3678392,-0.9843172,0.7559815,0.6955291,False,0,1,11
6/25/2025 12:05:52 PM,1750845952483,Right,-0.2431363,0.8764413,0.4110453,-0.5902019,0.9151379,0.6302513,-0.2958349,0.8717412,0.3726009,-0.5576578,0.8013043,0.5604559,-0.4126095,1.459026,0.3894941,-0.9090452,0.750271,0.7717478,False,0,1,11
6/25/2025 12:05:52 PM,1750845952497,Right,-0.2239907,0.8744682,0.412321,-0.5579731,0.9052055,0.6428539,-0.2778572,0.8696281,0.3764772,-0.5277303,0.7977523,0.5732953,-0.4029515,1.457158,0.4007671,-0.8716041,0.7435293,0.8026978,False,0,1,11
6/25/2025 12:05:52 PM,1750845952511,Right,-0.2050135,0.8725581,0.4125025,-0.5262063,0.8953633,0.6545235,-0.2591382,0.8674961,0.3792677,-0.4954244,0.7930448,0.5860783,-0.3925427,1.454857,0.4120812,-0.8288596,0.7339018,0.8349762,False,0,1,11
6/25/2025 12:05:52 PM,1750845952538,Right,-0.1682038,0.8690154,0.4078693,-0.4619459,0.8751497,0.6715429,-0.2261333,0.8633679,0.3799549,-0.4338577,0.7820552,0.6035173,-0.3691319,1.448806,0.4354001,-0.742982,0.7100341,0.8893235,False,0,1,11
6/25/2025 12:05:52 PM,1750845952552,Right,-0.1511228,0.8673928,0.403296,-0.4300658,0.8645028,0.6778486,-0.208525,0.8609182,0.3785815,-0.4015438,0.7751311,0.6097312,-0.3562119,1.445018,0.4470931,-0.6958479,0.6953135,0.9126148,False,0,1,11
6/25/2025 12:05:52 PM,1750845952580,Right,-0.1175746,0.8635362,0.394441,-0.3675456,0.8431656,0.691368,-0.1775872,0.856001,0.3762406,-0.3404636,0.7595987,0.6229392,-0.3298731,1.436871,0.4702941,-0.5982014,0.6634183,0.9559782,False,0,1,11
6/25/2025 12:05:52 PM,1750845952594,Right,-0.1012663,0.8609612,0.3881745,-0.3363297,0.8320278,0.6967843,-0.1610432,0.8526992,0.3734525,-0.3083411,0.7504703,0.6278243,-0.3162946,1.432371,0.4816077,-0.5449944,0.6462373,0.9734983,False,0,1,11
6/25/2025 12:05:52 PM,1750845952622,Right,-0.0735718,0.8501934,0.3586619,-0.2755327,0.8001917,0.6730307,-0.1321629,0.8404573,0.3539209,-0.2421407,0.7245781,0.6097162,-0.2846053,1.416947,0.5023264,-0.4368709,0.5919515,0.9828072,False,0,1,11
6/25/2025 12:05:52 PM,1750845952636,Right,-0.06061554,0.8455185,0.3451906,-0.2473402,0.7858765,0.6645364,-0.1185007,0.8350278,0.3456743,-0.2151628,0.7131243,0.602338,-0.2693465,1.409239,0.5123707,-0.3914412,0.5703265,0.982492,False,0,1,11
6/25/2025 12:05:52 PM,1750845952663,Right,-0.0354917,0.8365033,0.3183861,-0.1932008,0.7565435,0.6452646,-0.09247935,0.8233508,0.3276003,-0.1722387,0.6931288,0.5826973,-0.2385879,1.391832,0.5318782,-0.3248927,0.5351645,0.9702765,False,0,1,11
6/25/2025 12:05:52 PM,1750845952677,Right,-0.02461815,0.831705,0.3022966,-0.1686831,0.7412053,0.6305873,-0.0815713,0.8176644,0.3181339,-0.1539705,0.6835796,0.5728403,-0.2236915,1.38166,0.5411463,-0.2955627,0.5192885,0.9625558,False,0,1,11
6/25/2025 12:05:52 PM,1750845952691,Right,-0.01436627,0.8268977,0.2854813,-0.144985,0.726371,0.6167263,-0.06952536,0.8108622,0.3066403,-0.1345696,0.6722569,0.5597862,-0.2092532,1.370775,0.5501672,-0.2652373,0.5000241,0.9509822,False,0,1,11
6/25/2025 12:05:52 PM,1750845952719,Right,0.002979159,0.8174168,0.2486029,-0.1045928,0.6965047,0.5853716,-0.05007866,0.7963908,0.2793519,-0.103447,0.6491929,0.5339062,-0.1830387,1.346117,0.5666581,-0.2140419,0.4678141,0.9237536,False,0,1,11
6/25/2025 12:05:52 PM,1750845952733,Right,0.009511232,0.8126642,0.2284759,-0.08692646,0.6824319,0.5696149,-0.0432394,0.7889932,0.2646425,-0.09113951,0.6375912,0.5220233,-0.1710594,1.331772,0.5734313,-0.1914407,0.4545965,0.9098675,False,0,1,11
6/25/2025 12:05:52 PM,1750845952761,Right,0.01939309,0.8024592,0.1878607,-0.05717087,0.6547203,0.5385858,-0.03001067,0.7720037,0.2340222,-0.06893031,0.6123917,0.4972951,-0.1484942,1.299661,0.5843747,-0.1522564,0.4277387,0.8794971,False,0,1,11
6/25/2025 12:05:52 PM,1750845952774,Right,0.02203834,0.7972021,0.1682519,-0.0457598,0.6391838,0.5264204,-0.02626513,0.7632502,0.2189742,-0.06105655,0.5984882,0.4880226,-0.1376681,1.283207,0.5891651,-0.1361683,0.4155344,0.8648186,False,0,1,11
6/25/2025 12:05:52 PM,1750845952802,Right,0.02160263,0.7857762,0.1326586,-0.02451551,0.6101619,0.5064368,-0.02255641,0.7452184,0.1920249,-0.04787363,0.570999,0.4738192,-0.1173539,1.249793,0.5968864,-0.1066634,0.3936713,0.8396674,False,0,1,11
6/25/2025 12:05:52 PM,1750845952816,Right,0.01712644,0.779584,0.1183964,-0.01821911,0.5969269,0.4961752,-0.02362108,0.7358033,0.1807961,-0.04308539,0.5578166,0.4663985,-0.1082532,1.232836,0.5995252,-0.09378443,0.3813617,0.8285216,False,0,1,11
6/25/2025 12:05:52 PM,1750845952844,Right,0.01310039,0.7681005,0.0911175,-0.001789689,0.5681125,0.4749271,-0.02427536,0.718352,0.1603335,-0.03268062,0.5308918,0.4515467,-0.09185648,1.201479,0.6045671,-0.06899433,0.3537878,0.8046883,False,0,1,11
6/25/2025 12:05:52 PM,1750845952858,Right,0.008053064,0.7621758,0.08248007,0.00166893,0.5524394,0.4663551,-0.02698027,0.7098791,0.1537975,-0.03061663,0.5170217,0.4458292,-0.08519173,1.187061,0.6064368,-0.06127014,0.3375858,0.7943614,False,0,1,11
6/25/2025 12:05:52 PM,1750845952872,Right,0.007787943,0.7565178,0.06801677,0.01165199,0.5377859,0.4557977,-0.02573734,0.7020324,0.1438197,-0.02350124,0.5039264,0.4398229,-0.07724369,1.171275,0.6089993,-0.04725443,0.3257731,0.7826203,False,0,1,11
6/25/2025 12:05:52 PM,1750845952900,Right,-0.006630182,0.738497,0.09137678,-0.001572609,0.5155281,0.4656781,-0.03341028,0.6922175,0.156915,-0.03224782,0.5038609,0.4248083,-0.07311547,1.151841,0.6133711,-0.05650878,0.3016185,0.7869936,True,0,1,12
6/25/2025 12:05:52 PM,1750845952914,Right,-0.01027715,0.7283112,0.09823394,-0.000490427,0.5061951,0.4681114,-0.03509866,0.6882405,0.1607706,-0.0328417,0.4995055,0.4251649,-0.07041693,1.141427,0.6168728,-0.0552908,0.2932954,0.7882344,True,0,1,12
6/25/2025 12:05:52 PM,1750845952942,Right,-0.01934934,0.7042362,0.1208159,-0.002117634,0.4907152,0.4826865,-0.03874775,0.6780741,0.1700397,-0.03187418,0.4915712,0.4242859,-0.06708872,1.122554,0.6222215,-0.04658493,0.275556,0.7929505,True,0,1,12
6/25/2025 12:05:52 PM,1750845952956,Right,-0.02437425,0.6900945,0.1378089,-0.004318833,0.4836935,0.494128,-0.04067257,0.6724053,0.1754253,-0.03182378,0.4891257,0.4257767,-0.06671858,1.114989,0.6237804,-0.04261439,0.2708715,0.7990173,True,0,1,12
6/25/2025 12:05:52 PM,1750845952983,Right,-0.0344696,0.6607584,0.1770957,-0.01364911,0.4724072,0.5249966,-0.04499961,0.6594992,0.188507,-0.03637999,0.4836068,0.4293141,-0.06826401,1.102154,0.6274434,-0.04451508,0.2595232,0.8131021,True,0,1,12
6/25/2025 12:05:52 PM,1750845952997,Right,-0.03910244,0.6458743,0.2003576,-0.01993752,0.4685712,0.5433087,-0.04721207,0.6530072,0.19608,-0.03884145,0.4823906,0.4307895,-0.06999612,1.096876,0.6295018,-0.04571309,0.2548607,0.8218413,True,0,1,12
6/25/2025 12:05:53 PM,1750845953025,Right,-0.04880381,0.6184464,0.2522244,-0.03507817,0.464706,0.5835694,-0.05213515,0.6390871,0.2146116,-0.04491682,0.4797519,0.437587,-0.07456052,1.090037,0.6336677,-0.05175212,0.2463006,0.8437529,True,0,1,12
6/25/2025 12:05:53 PM,1750845953039,Right,-0.05426347,0.6064255,0.2813987,-0.04484296,0.465399,0.605382,-0.05471445,0.6323847,0.2249189,-0.04848564,0.479624,0.4410399,-0.07774949,1.08794,0.63623,-0.05637459,0.2428579,0.8560815,True,0,1,12
6/25/2025 12:05:53 PM,1750845953053,Right,-0.06009197,0.5960814,0.3117247,-0.0550983,0.467015,0.6269314,-0.05766593,0.6253459,0.2369169,-0.05272344,0.4792252,0.4464303,-0.0813086,1.086681,0.638574,-0.06240515,0.2398149,0.8705125,True,0,1,12
6/25/2025 12:05:53 PM,1750845953080,Right,-0.0728246,0.582404,0.3739132,-0.08091104,0.4768831,0.6757057,-0.06394469,0.6126665,0.2625705,-0.06183364,0.4783249,0.4612654,-0.08925962,1.088642,0.642804,-0.0765033,0.2363962,0.9016035,True,0,1,12
6/25/2025 12:05:53 PM,1750845953094,Right,-0.07990718,0.5785975,0.4034111,-0.09540033,0.4832528,0.701175,-0.06744546,0.606908,0.2766446,-0.0669894,0.4771448,0.4719559,-0.09326124,1.090889,0.6454571,-0.08512738,0.2358619,0.9186043,True,0,1,12
6/25/2025 12:05:53 PM,1750845953122,Right,-0.09686506,0.5768719,0.4581664,-0.1285024,0.500459,0.7530515,-0.07590524,0.5963047,0.3086109,-0.07953196,0.4730383,0.5018502,-0.1019722,1.097971,0.6509373,-0.107111,0.2373682,0.9569094,True,0,1,12
6/25/2025 12:05:53 PM,1750845953136,Right,-0.1067789,0.5793693,0.4835161,-0.1464394,0.5106586,0.7783425,-0.08067385,0.5922842,0.3248974,-0.08666592,0.4709492,0.5190012,-0.1069635,1.103145,0.6534642,-0.1199062,0.2393527,0.9760504,True,0,1,12
6/25/2025 12:05:53 PM,1750845953164,Right,-0.1261669,0.5838108,0.5335313,-0.1834389,0.5323848,0.8270099,-0.0923101,0.5857472,0.3615857,-0.1041301,0.4692045,0.556672,-0.1173744,1.114773,0.6584829,-0.1516558,0.2462899,1.018356,True,0,1,12
6/25/2025 12:05:53 PM,1750845953178,Right,-0.1376506,0.593137,0.5560745,-0.2063146,0.5469458,0.8494949,-0.09920263,0.5837225,0.3815252,-0.1147794,0.4686827,0.5781314,-0.1235518,1.122151,0.6613468,-0.1712643,0.2505282,1.040228,True,0,1,12
6/25/2025 12:05:53 PM,1750845953191,Right,-0.1497853,0.6111543,0.5742363,-0.235291,0.5651276,0.8666449,-0.1066681,0.5836828,0.4010032,-0.1266858,0.4682057,0.600161,-0.1311066,1.130974,0.66366,-0.1931143,0.2535234,1.059503,True,0,1,12
6/25/2025 12:05:53 PM,1750845953218,Right,-0.171788,0.6404769,0.6122333,-0.2869704,0.5964425,0.8996291,-0.12445,0.5879679,0.4435558,-0.1548053,0.4725966,0.6453167,-0.1456218,1.148631,0.6679746,-0.2441595,0.2633168,1.099583,True,0,1,12
6/25/2025 12:05:53 PM,1750845953233,Right,-0.1838245,0.65926,0.6265022,-0.3138785,0.613139,0.9131694,-0.1346541,0.5929895,0.4651264,-0.1710507,0.4764552,0.6694025,-0.1536717,1.158158,0.6699625,-0.2723633,0.2702031,1.118537,True,0,1,12
6/25/2025 12:05:53 PM,1750845953260,Right,-0.2062809,0.6918707,0.6532264,-0.3682746,0.6477264,0.9335859,-0.1556163,0.6071381,0.5043874,-0.2043466,0.4884138,0.7131946,-0.170957,1.178518,0.6730806,-0.3282061,0.2883689,1.151457,True,0,1,12
6/25/2025 12:05:53 PM,1750845953274,Right,-0.2168574,0.7091336,0.6618237,-0.39592,0.6661761,0.9382997,-0.1683341,0.6177138,0.5251501,-0.2244799,0.4978884,0.7362428,-0.1805027,1.189493,0.6737585,-0.3609741,0.3016022,1.16785,True,0,1,12
6/25/2025 12:05:53 PM,1750845953302,Right,-0.2360973,0.7403708,0.6763438,-0.4493977,0.7020053,0.9430776,-0.1954886,0.6436525,0.5639716,-0.2676925,0.5219549,0.7795188,-0.1998686,1.211969,0.6732396,-0.4292602,0.3344681,1.196313,True,0,1,12
6/25/2025 12:05:53 PM,1750845953316,Right,-0.2447972,0.7547969,0.6815619,-0.4756099,0.7195614,0.9423747,-0.2101616,0.6593595,0.5817703,-0.2909609,0.5371072,0.7988652,-0.2096925,1.223363,0.6720817,-0.4653032,0.3541937,1.207771,True,0,1,12
6/25/2025 12:05:53 PM,1750845953344,Right,-0.2610613,0.7811936,0.6885301,-0.5263569,0.7564473,0.9365063,-0.2427155,0.6973577,0.613726,-0.3434588,0.5741916,0.8355469,-0.2293723,1.246494,0.667668,-0.5432431,0.4040568,1.225083,True,0,1,12
6/25/2025 12:05:53 PM,1750845953358,Right,-0.2691746,0.7930101,0.6904045,-0.5513692,0.7764793,0.9301555,-0.2601095,0.7188593,0.6264576,-0.3713031,0.5962806,0.8499887,-0.2395685,1.258363,0.6646349,-0.5836822,0.4334445,1.229731,True,0,1,12
6/25/2025 12:05:53 PM,1750845953371,Right,-0.2773066,0.8032631,0.6908286,-0.576504,0.7962003,0.9229999,-0.2794213,0.743055,0.6365563,-0.4021564,0.6216122,0.8619058,-0.2496821,1.27044,0.6612266,-0.6273589,0.467359,1.230721,True,0,1,12
6/25/2025 12:05:53 PM,1750845953399,Right,-0.294606,0.8220083,0.6914384,-0.6265705,0.8344108,0.9027553,-0.3089868,0.7779046,0.6402458,-0.4553654,0.6601564,0.8684609,-0.270319,1.294544,0.6524007,-0.7039738,0.5240874,1.214408,True,0,1,12
6/25/2025 12:05:53 PM,1750845953413,Right,-0.3036963,0.8310904,0.6914779,-0.651262,0.8528673,0.8905606,-0.3183578,0.7877262,0.6384595,-0.4769069,0.6725853,0.8667504,-0.2804205,1.3064,0.6467738,-0.7371323,0.5453882,1.200599,True,0,1,12
6/25/2025 12:05:53 PM,1750845953441,Right,-0.3238568,0.8480791,0.6879274,-0.7009344,0.8879886,0.8579972,-0.3383178,0.8072301,0.6331233,-0.5235852,0.6981963,0.8592235,-0.3011492,1.329766,0.6328877,-0.8069775,0.5889338,1.164917,True,0,1,12
6/25/2025 12:05:53 PM,1750845953455,Right,-0.334854,0.8567863,0.6855577,-0.7262437,0.9044566,0.8388455,-0.3491512,0.8163906,0.6287639,-0.5480286,0.7106283,0.8522019,-0.3114407,1.34137,0.6251951,-0.8423033,0.6095867,1.142703,True,0,1,12
6/25/2025 12:05:53 PM,1750845953483,Right,-0.3599967,0.8741765,0.67693,-0.7760344,0.9347944,0.7946472,-0.372787,0.8357809,0.6186311,-0.6000941,0.7366871,0.8334172,-0.3315861,1.363741,0.6079546,-0.914421,0.6510365,1.090439,True,0,1,12
6/25/2025 12:05:53 PM,1750845953497,Right,-0.3732703,0.8837954,0.6722996,-0.8000393,0.9488946,0.7695045,-0.3852568,0.8455318,0.6124485,-0.6262381,0.7496608,0.8204725,-0.3413363,1.374303,0.5984362,-0.9499652,0.6704351,1.060272,True,0,1,12
6/25/2025 12:05:53 PM,1750845953525,Right,-0.4033387,0.9040727,0.6585894,-0.8458915,0.9756464,0.7147317,-0.4123713,0.8652259,0.5969211,-0.6792997,0.7749397,0.7851219,-0.359802,1.393434,0.5779222,-1.022044,0.7052071,0.9878091,True,0,1,12
6/25/2025 12:05:53 PM,1750845953539,Right,-0.4198747,0.9140905,0.6485645,-0.86696,0.987336,0.6827157,-0.4257509,0.8741052,0.587723,-0.7041244,0.7857055,0.7644475,-0.3683493,1.401742,0.5663873,-1.055045,0.7188469,0.9482561,True,0,1,12
6/25/2025 12:05:53 PM,1750845953553,Right,-0.4351251,0.9238252,0.6399007,-0.8886511,0.9998193,0.6535326,-0.4406072,0.8839656,0.5771631,-0.7316958,0.797141,0.7408099,-0.3766304,1.409858,0.5552546,-1.089659,0.7330646,0.9028321,True,0,1,12
6/25/2025 12:05:53 PM,1750845953580,Right,-0.4651794,0.9431118,0.6222603,-0.9321818,1.024673,0.5949678,-0.4676601,0.902296,0.5580804,-0.7867242,0.8192948,0.6937141,-0.3928853,1.425286,0.5327921,-1.15166,0.7626121,0.808544,True,0,1,12
6/25/2025 12:05:53 PM,1750845953594,Right,-0.4816101,0.9522415,0.6057932,-0.9512229,1.033357,0.5535427,-0.4780556,0.9080239,0.5466915,-0.8068737,0.8256226,0.6665957,-0.3996441,1.430691,0.5212275,-1.174837,0.7694125,0.7597221,True,0,1,12
6/25/2025 12:05:53 PM,1750845953622,Right,-0.5072694,0.9655468,0.5641024,-0.9790516,1.041307,0.4540174,-0.4988701,0.9192466,0.5172132,-0.847549,0.8353238,0.5986116,-0.4096283,1.436825,0.4994166,-1.21606,0.7768301,0.6415372,True,0,1,12
6/25/2025 12:05:53 PM,1750845953635,Right,-0.5152135,0.9699654,0.5443387,-0.9872384,1.042284,0.4056236,-0.505733,0.9223655,0.5004062,-0.8628354,0.8351023,0.5633161,-0.4143872,1.439272,0.4894367,-1.227498,0.7731129,0.5833429,True,0,1,12
6/25/2025 12:05:53 PM,1750845953664,Right,-0.5280502,0.9784306,0.5103081,-0.9979553,1.04768,0.3190145,-0.5205814,0.9304591,0.4630079,-0.892958,0.8387253,0.4832044,-0.4234945,1.443445,0.4701045,-1.244894,0.7710355,0.4555196,True,0,1,12
6/25/2025 12:05:53 PM,1750845953678,Right,-0.5316873,0.9808061,0.4949251,-0.9984848,1.048346,0.2798907,-0.526176,0.9333872,0.444571,-0.9050206,0.8407319,0.4409952,-0.4277277,1.444465,0.4608477,-1.247733,0.7707884,0.3896394,True,0,1,12
6/25/2025 12:05:53 PM,1750845953691,Right,-0.5325632,0.9817787,0.481928,-0.9952004,1.045509,0.2460382,-0.5283508,0.9344683,0.4324017,-0.9088215,0.8397585,0.4038324,-0.4315531,1.445025,0.4522846,-1.242924,0.7645664,0.3293567,True,0,1,12
6/25/2025 12:05:53 PM,1750845953719,Right,-0.537159,0.985884,0.4603019,-0.9884079,1.03495,0.1931324,-0.533224,0.9372144,0.4122154,-0.9090409,0.8311629,0.3359978,-0.4377456,1.445509,0.4369924,-1.221542,0.7371691,0.221689,True,0,1,12
6/25/2025 12:05:53 PM,1750845953733,Right,-0.5384729,0.9867225,0.4520967,-0.9821045,1.026365,0.1811299,-0.534659,0.9377469,0.4044328,-0.9029364,0.8212116,0.3267709,-0.4400288,1.445467,0.430492,-1.214329,0.713035,0.2103886,True,0,1,12
6/25/2025 12:05:53 PM,1750845953761,Right,-0.5401309,0.9852877,0.436404,-0.9737606,1.010376,0.1739982,-0.5370541,0.9366304,0.3897058,-0.889618,0.8052489,0.3261184,-0.4444015,1.444485,0.4183894,-1.20963,0.6753082,0.2180901,True,0,1,12
6/25/2025 12:05:53 PM,1750845953775,Right,-0.5386865,0.9822747,0.4294546,-0.9693213,1.002425,0.1806753,-0.5365562,0.9345403,0.3831864,-0.8814641,0.7992755,0.33106,-0.4466615,1.444167,0.4129012,-1.20897,0.6607991,0.2314449,True,0,1,12
6/25/2025 12:05:53 PM,1750845953803,Right,-0.5399289,0.98059,0.4123747,-0.9642484,0.990832,0.1693336,-0.5380556,0.9328749,0.3686671,-0.8718778,0.7849409,0.3334526,-0.4511505,1.443425,0.4018141,-1.204048,0.6293955,0.2484423,True,0,1,12
6/25/2025 12:05:53 PM,1750845953817,Right,-0.5315707,0.973887,0.4115938,-0.9573183,0.9816491,0.2081003,-0.5325009,0.928152,0.366236,-0.8551154,0.7831023,0.3437808,-0.4518311,1.441928,0.3990868,-1.200456,0.6204887,0.2699037,True,0,1,12
6/25/2025 12:05:53 PM,1750845953844,Right,-0.5219839,0.9669933,0.4052519,-0.9475663,0.9691682,0.2448093,-0.5259598,0.9228865,0.3598342,-0.8354911,0.7790148,0.3600097,-0.4541818,1.439714,0.3926573,-1.195771,0.6082435,0.3103049,True,0,1,12
6/25/2025 12:05:53 PM,1750845953858,Right,-0.5148915,0.9626729,0.4042736,-0.9409578,0.9634897,0.2678599,-0.5209307,0.919791,0.3590121,-0.824289,0.7768792,0.3704029,-0.4548507,1.43836,0.3902249,-1.191287,0.6033976,0.3341659,True,0,1,12
6/25/2025 12:05:53 PM,1750845953872,Right,-0.5076243,0.9583169,0.4035085,-0.9339325,0.9580055,0.2891033,-0.5150738,0.9161191,0.3578373,-0.8130462,0.7738385,0.3814833,-0.4555007,1.436959,0.3881931,-1.18546,0.5988284,0.3608864,True,0,1,12
6/25/2025 12:05:53 PM,1750845953900,Right,-0.4912195,0.9490347,0.4033577,-0.913698,0.947678,0.3404198,-0.5033864,0.909194,0.3569075,-0.7882556,0.7696983,0.4036747,-0.455909,1.433807,0.3863151,-1.171429,0.5924975,0.4162588,True,0,1,12
6/25/2025 12:05:53 PM,1750845953913,Right,-0.4815216,0.9439616,0.4039142,-0.9007692,0.9423528,0.3668031,-0.4963576,0.9054514,0.3572935,-0.7745167,0.7674932,0.4156154,-0.4556731,1.432175,0.3861254,-1.161749,0.5901811,0.4465087,True,0,1,12
6/25/2025 12:05:53 PM,1750845953942,Right,-0.4599712,0.9323267,0.4055474,-0.8712032,0.9312337,0.4195014,-0.4800112,0.8968842,0.3589424,-0.7451501,0.7619617,0.4409964,-0.4541062,1.428758,0.3870479,-1.136262,0.5871394,0.512217,True,0,1,12
6/25/2025 12:05:53 PM,1750845953955,Right,-0.4472702,0.9252786,0.4070189,-0.8528724,0.9258147,0.4468813,-0.4711331,0.8921815,0.3601095,-0.7305832,0.7586238,0.4540511,-0.4528784,1.427158,0.3884084,-1.120888,0.5866781,0.546084,True,0,1,12
6/25/2025 12:05:53 PM,1750845953983,Right,-0.4204715,0.9111071,0.4100119,-0.8130727,0.9162463,0.5001831,-0.4506205,0.8819828,0.3634421,-0.6965921,0.7523831,0.4817284,-0.4490831,1.423661,0.3928488,-1.08161,0.5880663,0.6194988,True,0,1,12
6/25/2025 12:05:53 PM,1750845953997,Right,-0.4044732,0.9033582,0.4121146,-0.7863321,0.9135286,0.5285809,-0.4394619,0.8769115,0.3654741,-0.6787033,0.7496058,0.495848,-0.4458504,1.421949,0.3964789,-1.058434,0.5903695,0.6567935,True,0,1,12
6/25/2025 12:05:54 PM,1750845954011,Right,-0.3896699,0.8961444,0.4134178,-0.7610369,0.9106934,0.5541896,-0.4269351,0.8714318,0.3677101,-0.6575221,0.7473544,0.5101063,-0.4420104,1.42012,0.400598,-1.03084,0.5933522,0.6964514,True,0,1,12
6/25/2025 12:05:54 PM,1750845954039,Right,-0.3584068,0.8827701,0.416468,-0.7056172,0.9067569,0.6000249,-0.3990783,0.8604572,0.3730799,-0.6120024,0.7429113,0.5402163,-0.4333116,1.416636,0.411481,-0.9645102,0.6015313,0.7772386,True,0,1,12
6/25/2025 12:05:54 PM,1750845954053,Right,-0.341222,0.8774723,0.4189845,-0.6771917,0.9077696,0.6161062,-0.3858733,0.8562217,0.3761458,-0.5903392,0.7420604,0.5537317,-0.4283814,1.41487,0.4178128,-0.9313496,0.606748,0.8124012,True,0,1,12
6/25/2025 12:05:54 PM,1750845954080,Right,-0.3088326,0.8662736,0.42307,-0.6265483,0.9068929,0.6472373,-0.3563347,0.8472865,0.3832728,-0.5411052,0.7416739,0.5849674,-0.416919,1.411232,0.4312507,-0.8513823,0.621352,0.8872387,True,0,1,12
6/25/2025 12:05:54 PM,1750845954094,Right,-0.2921681,0.8601794,0.4250066,-0.6020095,0.9060274,0.6586055,-0.3421473,0.8424286,0.3865942,-0.5162382,0.7419965,0.600239,-0.4095556,1.408587,0.4385325,-0.8109438,0.6290004,0.9202406,True,0,1,12
6/25/2025 12:05:54 PM,1750845954121,Right,-0.2599907,0.8485801,0.4258291,-0.5604694,0.9022424,0.6775049,-0.3138906,0.8330303,0.390687,-0.4680733,0.744869,0.6283652,-0.3936685,1.40336,0.4526305,-0.7297698,0.6516362,0.9774074,True,0,1,12
6/25/2025 12:05:54 PM,1750845954136,Right,-0.2458308,0.8444577,0.4242436,-0.5476277,0.8999006,0.6825179,-0.3008412,0.8292052,0.3915662,-0.4530428,0.7449113,0.6364753,-0.3852993,1.401009,0.4588342,-0.7077382,0.6593792,0.9879671,True,0,1,12
6/25/2025 12:05:54 PM,1750845954164,Right,-0.2231035,0.8398507,0.4202799,-0.5339732,0.8951663,0.69085,-0.2799668,0.8249732,0.3908021,-0.4426016,0.7424732,0.6437931,-0.3686347,1.396551,0.4697385,-0.6989806,0.6654653,0.9816361,True,0,1,12
6/25/2025 12:05:54 PM,1750845954178,Right,-0.216063,0.8404629,0.4183424,-0.5332463,0.8920692,0.6942765,-0.2714257,0.8238991,0.3905808,-0.4394882,0.7415784,0.6475586,-0.3603907,1.394401,0.4740909,-0.6964238,0.6675141,0.9779653,True,0,1,12
6/25/2025 12:05:54 PM,1750845954192,Right,-0.2093232,0.840677,0.4174912,-0.5344472,0.8881255,0.6974583,-0.2655328,0.8240469,0.3907815,-0.439635,0.7403651,0.6505914,-0.352237,1.392353,0.4779621,-0.6964318,0.6688988,0.9741812,True,0,1,12
6/25/2025 12:05:54 PM,1750845954219,Right,-0.2022442,0.8423054,0.4193603,-0.5433013,0.8793375,0.6996653,-0.2561257,0.8236573,0.3934321,-0.4415065,0.7368498,0.6547688,-0.3383479,1.388706,0.483863,-0.7004392,0.6681795,0.966592,True,0,1,12
6/25/2025 12:05:54 PM,1750845954233,Right,-0.1995603,0.8418468,0.4213035,-0.5482552,0.8750001,0.6998862,-0.2527071,0.8230273,0.3954154,-0.4438428,0.7349022,0.6570512,-0.3325464,1.387494,0.4859385,-0.7040343,0.6677384,0.9631206,True,0,1,12
6/25/2025 12:05:54 PM,1750845954260,Right,-0.1962481,0.8380209,0.4263909,-0.5603538,0.8661704,0.6977007,-0.2477396,0.8201762,0.3999727,-0.4510111,0.730086,0.6587963,-0.3220558,1.385962,0.4887047,-0.7184528,0.6636404,0.951358,True,0,1,12
6/25/2025 12:05:54 PM,1750845954275,Right,-0.1959858,0.8358623,0.4293462,-0.5665751,0.8627029,0.69491,-0.2459657,0.8187173,0.4021911,-0.4549553,0.7279878,0.6590562,-0.3179777,1.385979,0.4894717,-0.7262574,0.6618327,0.9451527,True,0,1,12
6/25/2025 12:05:54 PM,1750845954302,Right,-0.1997883,0.8330361,0.4368856,-0.5814252,0.8583992,0.6849511,-0.2483478,0.8173554,0.4083382,-0.4647467,0.724502,0.6562336,-0.3121045,1.387441,0.4900655,-0.7466723,0.6546224,0.9330198,True,0,1,12
6/25/2025 12:05:54 PM,1750845954316,Right,-0.2050754,0.8324877,0.4418049,-0.5914934,0.8580642,0.6780734,-0.2506851,0.8173463,0.41168,-0.4708027,0.7237169,0.6550183,-0.3106339,1.389001,0.4901173,-0.7577044,0.652707,0.9273597,True,0,1,12
6/25/2025 12:05:54 PM,1750845954344,Right,-0.2169342,0.8323216,0.4500189,-0.6171391,0.8616515,0.662855,-0.2591934,0.8186675,0.4177783,-0.4884525,0.7249392,0.6517036,-0.3094457,1.393306,0.4902296,-0.7860206,0.6538793,0.9131551,True,0,1,12
6/25/2025 12:05:54 PM,1750845954358,Right,-0.2239996,0.8328639,0.4529165,-0.6324713,0.865422,0.654479,-0.2649509,0.8200024,0.4199582,-0.5005889,0.7271898,0.6505279,-0.3098544,1.395982,0.4899567,-0.8025232,0.658334,0.904705,True,0,1,12
6/25/2025 12:05:54 PM,1750845954372,Right,-0.233078,0.8342525,0.4550678,-0.6510282,0.8713312,0.6449422,-0.2722109,0.8219624,0.4215834,-0.5157247,0.7306287,0.6488955,-0.3110038,1.398985,0.4892422,-0.8218293,0.6652355,0.8942952,True,0,1,12
6/25/2025 12:05:54 PM,1750845954400,Right,-0.2558645,0.840329,0.4582943,-0.692672,0.8860645,0.6236379,-0.2886277,0.8274062,0.4238524,-0.5492609,0.7395257,0.6442084,-0.3164423,1.406086,0.4866586,-0.8624384,0.6822155,0.8707989,True,0,1,12
6/25/2025 12:05:54 PM,1750845954413,Right,-0.2681727,0.8444095,0.459381,-0.7152464,0.8947032,0.6105731,-0.2964025,0.8304326,0.4239788,-0.5650448,0.7440092,0.6410211,-0.3199503,1.409633,0.4846717,-0.8806071,0.6904535,0.8589628,True,0,1,12
6/25/2025 12:05:54 PM,1750845954441,Right,-0.2965213,0.8558381,0.4596599,-0.7587805,0.9125327,0.581844,-0.3161044,0.8385109,0.4236485,-0.6017455,0.755688,0.6295906,-0.3288789,1.416781,0.4800047,-0.9244521,0.7094581,0.8278252,True,0,1,12
6/25/2025 12:05:54 PM,1750845954455,Right,-0.3114339,0.8624018,0.4585922,-0.7820003,0.9238717,0.5638191,-0.3268065,0.8431361,0.4227564,-0.6212555,0.7621567,0.6223383,-0.3339047,1.420191,0.4770643,-0.9472795,0.7194386,0.8098124,True,0,1,12
6/25/2025 12:05:54 PM,1750845954483,Right,-0.3399451,0.875064,0.4538517,-0.8263028,0.9472885,0.5238719,-0.350717,0.853522,0.4186783,-0.6648601,0.7770551,0.6040303,-0.3451686,1.426563,0.4700263,-0.9960073,0.7422831,0.7669977,True,0,1,12
6/25/2025 12:05:54 PM,1750845954497,Right,-0.3532913,0.8810742,0.4508221,-0.8471196,0.9587587,0.5024081,-0.3630284,0.858829,0.4156374,-0.6872227,0.7849643,0.5934489,-0.3511382,1.429448,0.4661564,-1.019915,0.7543799,0.7438006,True,0,1,12
6/25/2025 12:05:54 PM,1750845954525,Right,-0.3801852,0.8943941,0.4422852,-0.8850274,0.9838557,0.452903,-0.3901132,0.8709968,0.4063672,-0.7338739,0.8034453,0.5650891,-0.3644178,1.435301,0.4563494,-1.070175,0.7810993,0.6883851,True,0,1,12
6/25/2025 12:05:54 PM,1750845954539,Right,-0.3932986,0.9012095,0.4377781,-0.9021652,0.9960554,0.4271302,-0.4039392,0.8773544,0.4009107,-0.7570336,0.8130311,0.5491247,-0.3708088,1.4378,0.45102,-1.094467,0.7944673,0.6585952,True,0,1,12
6/25/2025 12:05:54 PM,1750845954553,Right,-0.4059989,0.9084483,0.4322228,-0.9162507,1.007581,0.3991243,-0.4190395,0.8847212,0.3937767,-0.7804371,0.8238399,0.5289807,-0.3771421,1.440178,0.4453813,-1.120131,0.808511,0.623479,True,0,1,12
6/25/2025 12:05:54 PM,1750845954580,Right,-0.4306544,0.9231196,0.4188563,-0.9398715,1.029002,0.3440304,-0.4409295,0.8960494,0.380653,-0.8159341,0.8408759,0.4885444,-0.389833,1.444983,0.4334126,-1.15918,0.8300534,0.5534571,True,0,1,12
6/25/2025 12:05:54 PM,1750845954594,Right,-0.4422801,0.9303446,0.4108887,-0.946749,1.038722,0.3152945,-0.4513764,0.9015257,0.3734422,-0.8308458,0.8485073,0.4663804,-0.3964216,1.447428,0.4271444,-1.176443,0.8386457,0.5163602,True,0,1,12
6/25/2025 12:05:54 PM,1750845954622,Right,-0.4627413,0.9433581,0.3942035,-0.9584596,1.052339,0.2578713,-0.4701651,0.9117975,0.3575267,-0.856999,0.8602287,0.4166561,-0.4096011,1.452152,0.4140129,-1.205326,0.8490788,0.4330547,True,0,1,12
6/25/2025 12:05:54 PM,1750845954636,Right,-0.4721793,0.9491662,0.3858891,-0.962703,1.05573,0.229347,-0.4785881,0.9162074,0.349414,-0.8671153,0.8630846,0.3911467,-0.4158927,1.454205,0.4073584,-1.216064,0.8488162,0.3904901,True,0,1,12
6/25/2025 12:05:54 PM,1750845954664,Right,-0.4888504,0.9593367,0.3680258,-0.9578202,1.049965,0.179089,-0.4939584,0.9238061,0.3325857,-0.8742655,0.8559319,0.3403879,-0.4272852,1.456971,0.393537,-1.228099,0.8215829,0.3063521,True,0,1,12
6/25/2025 12:05:54 PM,1750845954678,Right,-0.4959648,0.9635878,0.359305,-0.9541848,1.043751,0.1591232,-0.5009344,0.9271439,0.324402,-0.8728544,0.8460027,0.3207039,-0.432694,1.458253,0.3865159,-1.228935,0.7944829,0.2742451,True,0,1,12
6/25/2025 12:05:54 PM,1750845954692,Right,-0.5026047,0.9675803,0.3506176,-0.9507258,1.036764,0.1405425,-0.5069256,0.9300783,0.3159715,-0.8701808,0.8343039,0.3041012,-0.437844,1.45953,0.3793627,-1.226524,0.7637558,0.2480376,True,0,1,12
6/25/2025 12:05:54 PM,1750845954719,Right,-0.5124756,0.9738555,0.3320444,-0.9405241,1.01727,0.1104325,-0.5167876,0.9350166,0.2984207,-0.8567766,0.8088355,0.283064,-0.4478019,1.462094,0.3649191,-1.213581,0.6933762,0.2197517,True,0,1,12
6/25/2025 12:05:54 PM,1750845954733,Right,-0.5151987,0.9760441,0.3227285,-0.9340999,1.00888,0.09895456,-0.5202543,0.9368289,0.289754,-0.8514426,0.8011932,0.2734608,-0.4521694,1.462815,0.3582304,-1.207559,0.6702865,0.2080982,True,0,1,12
6/25/2025 12:05:54 PM,1750845954761,Right,-0.5210233,0.9808201,0.3064474,-0.9231577,0.9953177,0.08036375,-0.5266163,0.9400644,0.2744181,-0.8374587,0.7874414,0.2625977,-0.4601516,1.463077,0.3461103,-1.193317,0.6236793,0.2001798,True,0,1,12
6/25/2025 12:05:54 PM,1750845954775,Right,-0.523368,0.9827889,0.2987962,-0.9185736,0.9891723,0.07437766,-0.5291991,0.9412368,0.2673011,-0.8308014,0.7821371,0.2590207,-0.4637494,1.46285,0.3404973,-1.186428,0.6041441,0.2000784,True,0,1,12
6/25/2025 12:05:54 PM,1750845954803,Right,-0.5260429,0.9853902,0.2846979,-0.9111333,0.9794583,0.06673932,-0.5329292,0.9424559,0.2539755,-0.8189543,0.7745587,0.254312,-0.4693027,1.460951,0.3303087,-1.174854,0.5741358,0.2052654,True,0,1,12
6/25/2025 12:05:54 PM,1750845954817,Right,-0.5266147,0.9862157,0.2783546,-0.9077053,0.9764165,0.06492496,-0.5337388,0.9424223,0.248218,-0.8136822,0.7722976,0.2531798,-0.4718654,1.45984,0.3256156,-1.170464,0.5639811,0.2099618,True,0,1,12
6/25/2025 12:05:54 PM,1750845954845,Right,-0.5251791,0.9862749,0.2667775,-0.9033451,0.9723664,0.06341922,-0.5334408,0.9412379,0.2375522,-0.8061593,0.7702585,0.2518467,-0.4763039,1.456805,0.3172456,-1.166193,0.5546418,0.2211694,True,0,1,12
6/25/2025 12:05:54 PM,1750845954858,Right,-0.5231042,0.9854697,0.2616922,-0.9031434,0.9719801,0.06472445,-0.5323806,0.9401313,0.2328527,-0.8044848,0.7705194,0.2517761,-0.4781386,1.455183,0.3137449,-1.166819,0.5559965,0.2274689,True,0,1,12
6/25/2025 12:05:54 PM,1750845954872,Right,-0.5214895,0.9849159,0.2566378,-0.9026933,0.9718052,0.06511617,-0.5315595,0.9390964,0.2283107,-0.802766,0.770597,0.2512222,-0.4798477,1.45321,0.3106989,-1.167274,0.5570636,0.2326224,True,0,1,12
6/25/2025 12:05:54 PM,1750845954899,Right,-0.5166923,0.9828385,0.2483497,-0.9024949,0.9776619,0.06727827,-0.528641,0.9365193,0.2207741,-0.8021042,0.773708,0.2506507,-0.4825655,1.449705,0.3054168,-1.172757,0.5694265,0.2421724,True,0,1,12
6/25/2025 12:05:54 PM,1750845954914,Right,-0.5137047,0.9810576,0.2449203,-0.9044104,0.9834862,0.06754422,-0.5269079,0.9349834,0.2174566,-0.804027,0.7754297,0.2493249,-0.4838579,1.448218,0.303172,-1.176956,0.5788172,0.2436011,True,0,1,12
6/25/2025 12:05:54 PM,1750845954942,Right,-0.5082834,0.9763681,0.2396085,-0.9082019,0.9941508,0.0668298,-0.523243,0.9307328,0.212466,-0.8103911,0.7788088,0.246658,-0.4859701,1.445018,0.2991902,-1.186941,0.6011679,0.2439606,True,0,1,12
6/25/2025 12:05:54 PM,1750845954956,Right,-0.5059177,0.9738278,0.2377769,-0.9101298,0.9995216,0.06717086,-0.5216789,0.9286076,0.2104966,-0.8138621,0.7812123,0.2456541,-0.4867663,1.443429,0.2976769,-1.191978,0.6128888,0.2439852,True,0,1,12
6/25/2025 12:05:54 PM,1750845954983,Right,-0.5012069,0.9695077,0.2344308,-0.9126396,1.013036,0.06900108,-0.5183454,0.9247064,0.2076255,-0.8211,0.7882906,0.2451539,-0.4877429,1.440684,0.2945359,-1.202395,0.6406391,0.2461214,True,0,1,12
6/25/2025 12:05:54 PM,1750845954997,Right,-0.4987547,0.9673601,0.2331511,-0.9135041,1.019601,0.06944656,-0.516667,0.9229622,0.2061987,-0.824615,0.7926074,0.2448514,-0.4883065,1.439749,0.2931962,-1.207277,0.655589,0.2470594,True,0,1,12
6/25/2025 12:05:55 PM,1750845955025,Right,-0.4955986,0.9629512,0.2316808,-0.9151151,1.029057,0.06926572,-0.5142104,0.919802,0.2045243,-0.8324507,0.8037863,0.2441998,-0.4884865,1.438851,0.2911749,-1.217802,0.6890597,0.2471547,True,0,1,12
6/25/2025 12:05:55 PM,1750845955039,Right,-0.4951825,0.9608985,0.2322522,-0.9156427,1.032378,0.06880069,-0.5139784,0.9183131,0.2049044,-0.8363522,0.8091176,0.243582,-0.48843,1.438519,0.2902374,-1.222795,0.7036561,0.2449237,True,0,1,12
6/25/2025 12:05:55 PM,1750845955053,Right,-0.4945898,0.9583343,0.2335706,-0.9161863,1.035235,0.06815529,-0.513432,0.916709,0.2053773,-0.8392224,0.8114191,0.2427074,-0.4883032,1.438439,0.2893511,-1.22518,0.711287,0.241664,True,0,1,12
6/25/2025 12:05:55 PM,1750845955081,Right,-0.4932231,0.9508117,0.2387869,-0.91817,1.037682,0.06822431,-0.5124811,0.912259,0.2089441,-0.846541,0.8144514,0.2409249,-0.4881419,1.439116,0.2877052,-1.22967,0.724577,0.2316489,True,0,1,12
6/25/2025 12:05:55 PM,1750845955095,Right,-0.4929119,0.9468707,0.2419685,-0.9194465,1.038961,0.06893647,-0.5121419,0.909654,0.211385,-0.8502746,0.8161055,0.2407671,-0.48791,1.439744,0.2870041,-1.231888,0.7313104,0.2274904,True,0,1,12
6/25/2025 12:05:55 PM,1750845955122,Right,-0.4944477,0.940949,0.2510606,-0.9200821,1.039089,0.07236958,-0.5129035,0.9062817,0.2178853,-0.8546774,0.8170016,0.242926,-0.4870991,1.441385,0.2867972,-1.234522,0.734996,0.2231864,True,0,1,12
6/25/2025 12:05:55 PM,1750845955136,Right,-0.4971855,0.93936,0.2560705,-0.9205272,1.038805,0.07455373,-0.5146491,0.9054561,0.2215761,-0.8562794,0.816433,0.2449502,-0.4867791,1.442028,0.2868123,-1.235967,0.73283,0.2228209,True,0,1,12
6/25/2025 12:05:55 PM,1750845955164,Right,-0.5062075,0.9404008,0.2642937,-0.9215524,1.038348,0.07918358,-0.5214236,0.9064218,0.228109,-0.857401,0.8140374,0.2510484,-0.4858761,1.443411,0.2866801,-1.239354,0.7202081,0.2280052,True,0,1,12
6/25/2025 12:05:55 PM,1750845955178,Right,-0.508904,0.9426993,0.2667907,-0.9218822,1.038094,0.08130848,-0.523564,0.9080306,0.2300326,-0.8568184,0.8133371,0.2533548,-0.4854259,1.444132,0.2866566,-1.239318,0.7136168,0.2305962,True,0,1,12
6/25/2025 12:05:55 PM,1750845955192,Right,-0.5102657,0.9434038,0.2706689,-0.9220796,1.037519,0.08330798,-0.5245447,0.9091403,0.2326527,-0.8562807,0.8116695,0.2553121,-0.4850591,1.444796,0.2867259,-1.237946,0.7062671,0.2315709,True,0,1,12
6/25/2025 12:05:55 PM,1750845955220,Right,-0.5118623,0.9397419,0.2868391,-0.9215105,1.036868,0.08940506,-0.5254465,0.9080749,0.2409914,-0.8596805,0.8109473,0.257857,-0.484969,1.446375,0.28695,-1.238007,0.7027499,0.2268934,True,0,1,12
6/25/2025 12:05:55 PM,1750845955234,Right,-0.5123765,0.9370167,0.2985657,-0.9212184,1.036746,0.09263051,-0.5257619,0.907141,0.2462554,-0.8626179,0.8104584,0.2597385,-0.48484,1.446953,0.2870636,-1.23812,0.7017544,0.2247494,True,0,1,12
6/25/2025 12:05:55 PM,1750845955261,Right,-0.5149795,0.9354246,0.3199096,-0.921452,1.035821,0.09846914,-0.5268348,0.9057673,0.2593891,-0.8686793,0.8092952,0.2642985,-0.4847636,1.447785,0.2870415,-1.237849,0.6983761,0.2200429,True,0,1,12
6/25/2025 12:05:55 PM,1750845955275,Right,-0.5197935,0.9379604,0.3292681,-0.9217205,1.035608,0.1013789,-0.5284651,0.9059342,0.2667651,-0.8699954,0.8091161,0.2667445,-0.484745,1.448098,0.2870156,-1.237853,0.6950952,0.2176081,False,0,1,12
6/25/2025 12:05:55 PM,1750845955302,Right,-0.5313392,0.9452221,0.3481505,-0.9219143,1.035532,0.1065667,-0.5328334,0.9109785,0.2847866,-0.8946975,0.8148156,0.2733852,-0.484797,1.448722,0.2873082,-1.242203,0.7060221,0.2148793,False,0,1,12
6/25/2025 12:05:55 PM,1750845955317,Right,-0.5356233,0.9479713,0.3589031,-0.9223802,1.035086,0.1091958,-0.5358531,0.9135073,0.2936162,-0.8982607,0.8194246,0.2761734,-0.4848132,1.449027,0.2874506,-1.244514,0.7100695,0.2129158,False,0,1,12
6/25/2025 12:05:55 PM,1750845955344,Right,-0.5409355,0.9544428,0.3804756,-0.9234309,1.033252,0.114617,-0.5426866,0.9197593,0.3166579,-0.9080997,0.8286607,0.2831428,-0.48476,1.449401,0.2877939,-1.247987,0.7174902,0.2083109,False,0,1,12
6/25/2025 12:05:55 PM,1750845955358,Right,-0.5450587,0.9582222,0.3881288,-0.9237652,1.032362,0.1171663,-0.5472942,0.9238359,0.3296846,-0.9116191,0.8340569,0.2869286,-0.4849067,1.449237,0.2881347,-1.249734,0.7206777,0.2055683,False,0,1,12
6/25/2025 12:05:55 PM,1750845955372,Right,-0.5502319,0.96287,0.3924273,-0.9243274,1.031517,0.1193146,-0.5534196,0.9288207,0.338785,-0.9140326,0.8397408,0.2872052,-0.4849519,1.449015,0.2884958,-1.252139,0.7228106,0.1993147,False,0,1,12
6/25/2025 12:05:55 PM,1750845955399,Right,-0.5599842,0.9717886,0.3961934,-0.9256277,1.029614,0.1231475,-0.5614358,0.9348403,0.3422217,-0.911541,0.8430405,0.2734926,-0.4848442,1.448329,0.2894107,-1.24915,0.7147175,0.1728255,False,0,1,12
6/25/2025 12:05:55 PM,1750845955413,Right,-0.5631118,0.9757505,0.3998928,-0.9257443,1.02908,0.1250789,-0.5638676,0.9377264,0.3443598,-0.9090416,0.8418818,0.2669972,-0.4849942,1.448233,0.2895901,-1.244043,0.705956,0.160665,False,0,1,12
6/25/2025 12:05:55 PM,1750845955441,Right,-0.5658429,0.9826416,0.407714,-0.9260194,1.027387,0.1294811,-0.5662076,0.942507,0.3508466,-0.9025195,0.8342171,0.2558776,-0.485745,1.448067,0.2907467,-1.227596,0.6808953,0.1405478,False,0,1,12
6/25/2025 12:05:55 PM,1750845955455,Right,-0.5676191,0.9857731,0.4086326,-0.9262259,1.026395,0.1320245,-0.5677668,0.9447379,0.3521539,-0.8975964,0.8270964,0.2527534,-0.4861557,1.448044,0.2913778,-1.218617,0.6614965,0.1370539,False,0,1,12
6/25/2025 12:05:55 PM,1750845955483,Right,-0.5710592,0.9903175,0.4065613,-0.9265265,1.025002,0.1370031,-0.5705845,0.9478678,0.3503145,-0.8940454,0.8227448,0.2616985,-0.4867424,1.448032,0.2926595,-1.218776,0.645519,0.1540165,False,0,1,12
6/25/2025 12:05:55 PM,1750845955497,Right,-0.5712972,0.9910005,0.40606,-0.9268067,1.024458,0.1393206,-0.5712457,0.9487301,0.3503952,-0.8931316,0.8217958,0.2649292,-0.4871432,1.448105,0.293323,-1.218786,0.6419134,0.1589404,False,0,1,12
6/25/2025 12:05:55 PM,1750845955525,Right,-0.5712492,0.9917367,0.4054062,-0.9274452,1.023424,0.1437385,-0.5711275,0.9490747,0.3500583,-0.89189,0.8210135,0.2701514,-0.4880348,1.448233,0.294724,-1.219727,0.6393664,0.1670284,False,0,1,12
6/25/2025 12:05:55 PM,1750845955538,Right,-0.5709965,0.9914987,0.4032801,-0.9277821,1.022804,0.1466159,-0.5711544,0.9490651,0.3489415,-0.8907237,0.8206788,0.2726811,-0.4883767,1.448077,0.2957796,-1.220581,0.637826,0.1715281,False,0,1,12
6/25/2025 12:05:55 PM,1750845955552,Right,-0.5703413,0.9908465,0.4006476,-0.9279728,1.02194,0.1500168,-0.5705755,0.9484069,0.3469213,-0.8885928,0.8203343,0.2752314,-0.4889114,1.448074,0.2970171,-1.221578,0.6364631,0.1766661,False,0,1,12
6/25/2025 12:05:55 PM,1750845955581,Right,-0.5654457,0.986683,0.3941338,-0.927124,1.018028,0.1625766,-0.5668011,0.9453825,0.3417854,-0.8811155,0.8183647,0.2806548,-0.4903008,1.448222,0.2997612,-1.221566,0.6323941,0.1887466,False,0,1,12
6/25/2025 12:05:55 PM,1750845955594,Right,-0.561363,0.9838072,0.3917859,-0.9253898,1.015298,0.1726633,-0.5640658,0.9436502,0.3402121,-0.8759619,0.817484,0.2847852,-0.4910929,1.448396,0.3010192,-1.220852,0.630376,0.1967163,False,0,1,12
6/25/2025 12:05:55 PM,1750845955622,Right,-0.5494962,0.9758704,0.3881921,-0.9194551,1.010228,0.1950024,-0.5562052,0.9389665,0.3379955,-0.8644567,0.8146781,0.2958109,-0.4928561,1.448807,0.3032463,-1.218148,0.6265969,0.2181732,False,0,1,12
6/25/2025 12:05:55 PM,1750845955636,Right,-0.5408745,0.9702113,0.3865141,-0.9158816,1.00672,0.2064686,-0.5510402,0.935927,0.3370937,-0.8589554,0.8125786,0.3018163,-0.4935815,1.448879,0.3049986,-1.216065,0.6253569,0.2303749,False,0,1,12
6/25/2025 12:05:55 PM,1750845955664,Right,-0.5244706,0.9597641,0.3844136,-0.9073856,0.9995073,0.2291071,-0.5378492,0.9283942,0.3360567,-0.8463933,0.8075429,0.315953,-0.4949737,1.449025,0.3096433,-1.209916,0.6243133,0.2588439,False,0,1,12
6/25/2025 12:05:55 PM,1750845955678,Right,-0.5138203,0.9533675,0.3838919,-0.901494,0.9944084,0.2419676,-0.5301895,0.9242012,0.3360298,-0.8395163,0.8047758,0.3238526,-0.4954813,1.448891,0.3125775,-1.205826,0.6244932,0.2744569,False,0,1,12
6/25/2025 12:05:55 PM,1750845955692,Right,-0.503938,0.9475091,0.3833371,-0.8958673,0.9890838,0.2543244,-0.5205774,0.9191192,0.3361483,-0.8308003,0.8014953,0.333368,-0.495819,1.448876,0.3155804,-1.200167,0.6251545,0.293227,False,0,1,12
6/25/2025 12:05:55 PM,1750845955719,Right,-0.4812648,0.9345813,0.3848077,-0.8823903,0.9751931,0.2812923,-0.5006901,0.9093022,0.3387501,-0.8130925,0.7950875,0.3545698,-0.4955854,1.449349,0.3221751,-1.186898,0.6279017,0.3329848,False,0,1,12
6/25/2025 12:05:55 PM,1750845955733,Right,-0.4665034,0.9273645,0.3851807,-0.8731587,0.9687018,0.2966599,-0.4894268,0.9045169,0.3398667,-0.8041009,0.7921332,0.3655122,-0.4953548,1.449301,0.326406,-1.178786,0.6312149,0.3536267,False,0,1,12
6/25/2025 12:05:55 PM,1750845955761,Right,-0.4330503,0.9122157,0.3871584,-0.8512173,0.9547199,0.3288039,-0.4632445,0.8939673,0.3430884,-0.7816343,0.7868261,0.3907498,-0.4942942,1.448787,0.3361119,-1.158262,0.6415167,0.400701,False,0,1,12
6/25/2025 12:05:55 PM,1750845955775,Right,-0.4153446,0.9043993,0.3887728,-0.840523,0.946587,0.3443086,-0.448232,0.8881977,0.3456672,-0.7702895,0.7844327,0.4057773,-0.4933223,1.448439,0.3413937,-1.145868,0.6500605,0.4274924,False,0,1,12
6/25/2025 12:05:55 PM,1750845955802,Right,-0.3748403,0.8876495,0.394246,-0.8160896,0.9267617,0.3768942,-0.4176999,0.876936,0.351653,-0.7480615,0.7821929,0.4365411,-0.4903903,1.447555,0.3528031,-1.119155,0.6733893,0.4806088,False,0,1,12
6/25/2025 12:05:55 PM,1750845955816,Right,-0.3562262,0.8796799,0.396366,-0.8032398,0.916972,0.3933989,-0.4010913,0.8708462,0.3549297,-0.7346289,0.7818848,0.4530104,-0.4886441,1.447,0.358524,-1.10295,0.6872847,0.5092026,False,0,1,12
6/25/2025 12:05:55 PM,1750845955844,Right,-0.3067366,0.864114,0.3997741,-0.7658219,0.8909987,0.4301968,-0.3644943,0.8601874,0.3600588,-0.702081,0.7785735,0.4838138,-0.482699,1.445688,0.371547,-1.06134,0.7088515,0.5640297,False,0,1,12
6/25/2025 12:05:55 PM,1750845955858,Right,-0.2822635,0.8580495,0.3996373,-0.7445829,0.8777701,0.4480028,-0.3459095,0.8558784,0.361525,-0.684067,0.773345,0.4940126,-0.4797997,1.445041,0.3785022,-1.038572,0.7103407,0.5831956,False,0,1,12
6/25/2025 12:05:55 PM,1750845955872,Right,-0.2577659,0.8532258,0.3990819,-0.7218688,0.8651412,0.4655815,-0.3234071,0.8515242,0.362789,-0.6608422,0.7669174,0.5045716,-0.4766415,1.444291,0.3855972,-1.010054,0.7098961,0.6047771,False,0,1,12
6/25/2025 12:05:55 PM,1750845955899,Right,-0.2105527,0.8472004,0.3977742,-0.6695335,0.840018,0.4975638,-0.2794068,0.8456696,0.365096,-0.6094109,0.7540066,0.5217136,-0.4684429,1.442297,0.401171,-0.9504614,0.7011631,0.6459939,False,0,1,12
6/25/2025 12:05:55 PM,1750845955914,Right,-0.1883285,0.8462526,0.3960826,-0.6405151,0.8269548,0.5117922,-0.2596359,0.84453,0.3654549,-0.582956,0.7482035,0.5282882,-0.4630964,1.44115,0.4090704,-0.9204689,0.6941998,0.6667867,False,0,1,12
6/25/2025 12:05:55 PM,1750845955941,Right,-0.1474023,0.8481542,0.3877742,-0.5794625,0.8014767,0.5356166,-0.2245257,0.8454167,0.3620085,-0.5304102,0.7392136,0.5352466,-0.4510977,1.438236,0.4263153,-0.8610426,0.6764885,0.7031972,False,0,1,12
6/25/2025 12:05:55 PM,1750845955955,Right,-0.1299233,0.8511847,0.3795655,-0.5464833,0.7900585,0.5435506,-0.2087557,0.8466523,0.3578819,-0.5037239,0.735096,0.5363358,-0.4440103,1.436471,0.4357291,-0.8323584,0.6635467,0.7152222,False,0,1,12
6/25/2025 12:05:55 PM,1750845955983,Right,-0.0968411,0.85558,0.3615941,-0.4827677,0.7713438,0.5545115,-0.1792239,0.8487911,0.3473023,-0.4528455,0.7276073,0.5355549,-0.4283572,1.432679,0.4551898,-0.7753731,0.6389171,0.7354509,False,0,1,12
6/25/2025 12:05:55 PM,1750845955997,Right,-0.08064616,0.8571738,0.352519,-0.4524446,0.7633101,0.5588979,-0.1649409,0.8493789,0.341671,-0.4271659,0.7242283,0.5338762,-0.4196007,1.430414,0.4654127,-0.7464426,0.6268097,0.7446834,False,0,1,12
6/25/2025 12:05:56 PM,1750845956024,Right,-0.05276155,0.860894,0.3309792,-0.3937184,0.7503859,0.5632429,-0.1373091,0.8501558,0.3298,-0.3767858,0.7149478,0.533754,-0.4001228,1.425115,0.4864379,-0.6815987,0.6000602,0.7671799,False,0,1,12
6/25/2025 12:05:56 PM,1750845956039,Right,-0.04023731,0.8627088,0.3195168,-0.3656991,0.7451317,0.5626675,-0.1266024,0.8507897,0.3214995,-0.3536199,0.7116323,0.530249,-0.3901407,1.422186,0.4967999,-0.6506957,0.5880821,0.7758243,False,0,1,12
6/25/2025 12:05:56 PM,1750845956052,Right,-0.02967119,0.8645467,0.3066347,-0.3376434,0.7400282,0.5619353,-0.1160081,0.8509736,0.3132008,-0.3304318,0.7074692,0.5277286,-0.3793474,1.418425,0.5068643,-0.6172515,0.5756642,0.785493,False,0,1,12
6/25/2025 12:05:56 PM,1750845956080,Right,-0.01224017,0.8673526,0.2791945,-0.2829551,0.7322317,0.557403,-0.09699705,0.8500506,0.2956036,-0.2840851,0.69934,0.5207991,-0.356329,1.408604,0.5272007,-0.5470687,0.5515693,0.8039781,False,0,1,12
6/25/2025 12:05:56 PM,1750845956094,Right,-0.004973173,0.8684949,0.26498,-0.2568074,0.7295936,0.5532708,-0.08880109,0.8490272,0.286241,-0.2615007,0.6954566,0.5164302,-0.3443608,1.402463,0.537312,-0.5107713,0.5403119,0.8122981,False,0,1,12
6/25/2025 12:05:56 PM,1750845956122,Right,0.009529591,0.8700836,0.2362126,-0.2067039,0.7249183,0.5455714,-0.07265419,0.8458315,0.2670271,-0.2163567,0.6867149,0.5092924,-0.3194675,1.38845,0.5576549,-0.4323887,0.5204571,0.8281178,False,0,1,12
6/25/2025 12:05:56 PM,1750845956136,Right,0.0137856,0.8703372,0.2201803,-0.184498,0.7239867,0.5406897,-0.06566951,0.8436792,0.2567139,-0.1949488,0.6823643,0.5057949,-0.3065408,1.379608,0.5671011,-0.3923636,0.5130616,0.8346958,False,0,1,12
6/25/2025 12:05:56 PM,1750845956163,Right,0.01948965,0.8704426,0.1890606,-0.1434331,0.7193991,0.5345463,-0.05642611,0.8377035,0.2348865,-0.1551981,0.6731496,0.5015526,-0.2805579,1.359939,0.584938,-0.3091303,0.5049828,0.8476979,False,0,1,12
6/25/2025 12:05:56 PM,1750845956178,Right,0.02171767,0.8697874,0.1746596,-0.1241966,0.7157058,0.5320452,-0.05213907,0.8338693,0.22487,-0.134551,0.6684763,0.5013672,-0.26753,1.348493,0.5930097,-0.2648807,0.503828,0.8540869,False,0,1,12
6/25/2025 12:05:56 PM,1750845956192,Right,0.02363467,0.8685151,0.1611615,-0.1051904,0.7117026,0.529054,-0.047784,0.8296192,0.2153966,-0.119536,0.663306,0.4990633,-0.2547746,1.336537,0.6006377,-0.2346407,0.5018064,0.8539289,False,0,1,12
6/25/2025 12:05:56 PM,1750845956220,Right,0.02548027,0.8640013,0.1368597,-0.07329845,0.7006903,0.5209732,-0.04133865,0.8184583,0.1983296,-0.09721681,0.6494957,0.4923416,-0.2298467,1.309794,0.6131713,-0.1907965,0.4920231,0.8473307,False,0,1,12
6/25/2025 12:05:56 PM,1750845956233,Right,0.02540946,0.8609316,0.1253941,-0.0594027,0.693104,0.5163345,-0.03892732,0.8121269,0.1902443,-0.08691391,0.6413448,0.4890248,-0.2178434,1.295864,0.6187156,-0.1702373,0.4855493,0.843088,False,0,1,12
6/25/2025 12:05:56 PM,1750845956261,Right,0.02352083,0.852573,0.1039059,-0.03465438,0.6736538,0.5050895,-0.03561429,0.7981909,0.1748209,-0.06998239,0.6217952,0.4814598,-0.1950765,1.266735,0.627023,-0.1360303,0.4676346,0.8311358,False,0,1,12
6/25/2025 12:05:56 PM,1750845956275,Right,0.02149057,0.8477126,0.09407032,-0.02427912,0.6617939,0.4987541,-0.03610393,0.7892528,0.1680198,-0.06334029,0.6091042,0.4763696,-0.1847398,1.251313,0.6303385,-0.1209717,0.4535055,0.8238942,False,0,1,12
6/25/2025 12:05:56 PM,1750845956303,Right,0.01381505,0.8348376,0.08041692,-0.006363869,0.6360543,0.4873164,-0.03841266,0.7705169,0.1579524,-0.05034267,0.5832363,0.4682696,-0.1654017,1.219642,0.6354638,-0.09023361,0.4245852,0.8119752,False,0,1,12
6/25/2025 12:05:56 PM,1750845956317,Right,0.009078026,0.8263826,0.07771003,0.0001993179,0.6222092,0.4821408,-0.04021174,0.760262,0.1552921,-0.04526107,0.5699568,0.4645115,-0.1569399,1.204139,0.6363726,-0.07753985,0.4084577,0.8071666,False,0,1,12
6/25/2025 12:05:56 PM,1750845956345,Right,-0.0003945827,0.8073255,0.07631934,0.01067424,0.5947861,0.4725269,-0.04435071,0.7386268,0.154392,-0.03709467,0.5437865,0.4574464,-0.1406173,1.173459,0.6384875,-0.05561997,0.374068,0.8002015,False,0,1,12
6/25/2025 12:05:56 PM,1750845956358,Right,-0.00623107,0.7956403,0.07928002,0.01295829,0.5812165,0.4693635,-0.04746035,0.7273096,0.1572327,-0.03583829,0.5316074,0.4546066,-0.1337676,1.159296,0.6395017,-0.0488919,0.3561434,0.7993648,False,0,1,12
6/25/2025 12:05:56 PM,1750845956372,Right,-0.01266885,0.7832921,0.08327842,0.01465905,0.5687339,0.46772,-0.05122233,0.7145228,0.1606448,-0.03553341,0.5188212,0.4538756,-0.1272604,1.145038,0.6406544,-0.04311664,0.3396303,0.8005588,False,0,1,12
6/25/2025 12:05:56 PM,1750845956399,Right,-0.02807462,0.7522058,0.1030769,0.01255751,0.543158,0.4745393,-0.0601098,0.6887526,0.1733482,-0.03679511,0.4965037,0.4552973,-0.1168654,1.119741,0.6416761,-0.03241282,0.3087288,0.8096775,False,0,1,12
6/25/2025 12:05:56 PM,1750845956413,Right,-0.03466344,0.7357023,0.1157417,0.0114634,0.5288603,0.4833426,-0.06423812,0.67564,0.1816981,-0.0384739,0.4846655,0.4613568,-0.1128318,1.108464,0.6420802,-0.02961364,0.2958546,0.8178303,True,0,1,13
6/25/2025 12:05:56 PM,1750845956441,Right,-0.04603052,0.7012354,0.1483191,0.008137941,0.5014133,0.5083823,-0.0677048,0.6666433,0.1907599,-0.0440061,0.4892064,0.4456925,-0.1071465,1.08893,0.6422248,-0.03189253,0.2816531,0.8236897,True,0,1,13
6/25/2025 12:05:56 PM,1750845956455,Right,-0.05154276,0.683164,0.1714714,0.004588604,0.489562,0.5227857,-0.0693728,0.6615461,0.1961089,-0.0457482,0.4873691,0.4432598,-0.1050216,1.081099,0.6426183,-0.03157739,0.2731546,0.8268416,True,0,1,13
6/25/2025 12:05:56 PM,1750845956483,Right,-0.06366706,0.6500314,0.2209741,-0.004515648,0.4674594,0.5510116,-0.0730873,0.6498129,0.2096139,-0.0491678,0.4820913,0.4399021,-0.09991026,1.067436,0.6437792,-0.0292827,0.2524449,0.8343377,True,0,1,13
6/25/2025 12:05:56 PM,1750845956497,Right,-0.07009685,0.6353365,0.2494873,-0.0109961,0.4572362,0.5668094,-0.0749238,0.6441622,0.2169146,-0.05154041,0.4799249,0.4381078,-0.09751213,1.061894,0.6444657,-0.02944026,0.2414374,0.8380782,True,0,1,13
6/25/2025 12:05:56 PM,1750845956525,Right,-0.08327854,0.6120119,0.3103667,-0.02790356,0.4389002,0.6027751,-0.07924344,0.6318294,0.2351454,-0.05850051,0.4737399,0.438257,-0.09377527,1.053905,0.6456045,-0.03425287,0.215824,0.8475304,True,0,1,13
6/25/2025 12:05:56 PM,1750845956539,Right,-0.08902943,0.6046954,0.340811,-0.03778946,0.4323852,0.6229227,-0.08157365,0.625764,0.2455653,-0.06287016,0.4698033,0.4410554,-0.09258389,1.050881,0.6454724,-0.03929099,0.2027048,0.8532931,True,0,1,13
6/25/2025 12:05:56 PM,1750845956553,Right,-0.09412885,0.5996939,0.369591,-0.04850411,0.4281057,0.6440947,-0.08405221,0.6196801,0.2570273,-0.06777611,0.4663804,0.4472897,-0.09199536,1.048754,0.6450769,-0.04607656,0.1938931,0.8631324,True,0,1,13
6/25/2025 12:05:56 PM,1750845956580,Right,-0.1052729,0.5931709,0.4242229,-0.0718497,0.4274106,0.6872861,-0.08955455,0.6079478,0.2830206,-0.07817274,0.4599321,0.4648482,-0.09109688,1.047418,0.6444037,-0.06118429,0.1794304,0.8877255,True,0,1,13
6/25/2025 12:05:56 PM,1750845956594,Right,-0.1111269,0.5929937,0.4505444,-0.08324528,0.4300974,0.7084303,-0.09269203,0.602339,0.2978134,-0.08343832,0.4575378,0.4756325,-0.09078526,1.049049,0.6443576,-0.06833485,0.1738501,0.9027135,True,0,1,13
6/25/2025 12:05:56 PM,1750845956622,Right,-0.1231849,0.6033646,0.4976631,-0.1055179,0.4450254,0.7496829,-0.09929037,0.593531,0.3284731,-0.09365525,0.4518799,0.499972,-0.08880496,1.0556,0.6459775,-0.08194754,0.1609462,0.9306937,True,0,1,13
6/25/2025 12:05:56 PM,1750845956636,Right,-0.1293613,0.6091161,0.5186901,-0.1163938,0.454939,0.7691109,-0.1028191,0.5903577,0.3443388,-0.09871908,0.4502263,0.5148867,-0.08790326,1.060543,0.64793,-0.08872485,0.1592897,0.9477307,True,0,1,13
6/25/2025 12:05:56 PM,1750845956663,Right,-0.1424049,0.6262552,0.5524856,-0.1390395,0.4796512,0.804451,-0.111569,0.5860359,0.3812982,-0.1103453,0.4488244,0.5511379,-0.08760262,1.072867,0.6518519,-0.1072419,0.1598994,0.9883312,True,0,1,13
6/25/2025 12:05:56 PM,1750845956677,Right,-0.1491507,0.6351759,0.5681889,-0.1505239,0.4914164,0.8204143,-0.1163522,0.5854063,0.4000554,-0.1167552,0.4494465,0.5697358,-0.0875442,1.079824,0.6538949,-0.1178081,0.161705,1.008804,True,0,1,13
6/25/2025 12:05:56 PM,1750845956691,Right,-0.155898,0.6480399,0.5798904,-0.162874,0.5052071,0.8341029,-0.1220519,0.5861604,0.4210219,-0.1241357,0.4502302,0.591738,-0.0882833,1.087765,0.656173,-0.1295187,0.1643536,1.031041,True,0,1,13
6/25/2025 12:05:56 PM,1750845956719,Right,-0.1688893,0.6712782,0.6049442,-0.187301,0.5306096,0.8611546,-0.1344695,0.5922858,0.462469,-0.1402797,0.4563344,0.6348908,-0.09083033,1.104609,0.6613582,-0.1552388,0.1735359,1.074284,True,0,1,13
6/25/2025 12:05:56 PM,1750845956733,Right,-0.1753025,0.6867546,0.6109391,-0.2015057,0.5466713,0.869189,-0.141455,0.5980403,0.4832109,-0.1493877,0.4618652,0.656745,-0.09363973,1.114457,0.6643087,-0.1697208,0.1808567,1.095795,True,0,1,13
6/25/2025 12:05:56 PM,1750845956761,Right,-0.1879895,0.713256,0.6232382,-0.2290313,0.5755059,0.8871255,-0.1581452,0.6166129,0.5258199,-0.1712881,0.4791166,0.7042862,-0.09950256,1.133754,0.6698555,-0.2041626,0.2053953,1.141354,True,0,1,13
6/25/2025 12:05:56 PM,1750845956775,Right,-0.1942592,0.7262262,0.6276143,-0.2431371,0.5903361,0.8954387,-0.167319,0.6290521,0.5452936,-0.1833011,0.4912987,0.726359,-0.1033747,1.143875,0.6729331,-0.2228572,0.2219366,1.162766,True,0,1,13
6/25/2025 12:05:56 PM,1750845956803,Right,-0.2067313,0.7504314,0.632776,-0.2736337,0.621672,0.9084253,-0.1887741,0.6621088,0.5813685,-0.2106518,0.5241274,0.7681756,-0.1120875,1.164507,0.6784974,-0.2638133,0.264665,1.203066,True,0,1,13
6/25/2025 12:05:56 PM,1750845956816,Right,-0.2128699,0.7611067,0.6348674,-0.2892932,0.6368756,0.9154634,-0.202172,0.6842816,0.5963986,-0.2275759,0.5461449,0.7875201,-0.1170826,1.175007,0.680812,-0.2883285,0.2938634,1.221099,True,0,1,13
6/25/2025 12:05:56 PM,1750845956844,Right,-0.2239703,0.7771541,0.6336946,-0.324316,0.6691579,0.9263167,-0.2206385,0.7143025,0.6048756,-0.2532645,0.5761022,0.8054273,-0.1285238,1.196031,0.6843742,-0.3285069,0.3392459,1.235587,True,0,1,13
6/25/2025 12:05:56 PM,1750845956858,Right,-0.2289786,0.7837202,0.6338004,-0.3428253,0.6849979,0.9308772,-0.226074,0.7225989,0.6053925,-0.2629052,0.5849295,0.8104905,-0.1350477,1.206818,0.6856431,-0.3464116,0.3560539,1.238846,True,0,1,13
6/25/2025 12:05:56 PM,1750845956872,Right,-0.2343491,0.7912103,0.6350784,-0.3616005,0.7005043,0.9355035,-0.2316141,0.7307203,0.6061391,-0.2730738,0.59362,0.8158762,-0.1414871,1.217589,0.6866904,-0.3652819,0.3728278,1.241864,True,0,1,13
6/25/2025 12:05:56 PM,1750845956900,Right,-0.2447708,0.8019452,0.6351446,-0.4074878,0.7319462,0.9397182,-0.2432209,0.745722,0.6064471,-0.2960057,0.6094912,0.8265783,-0.1567165,1.239933,0.6870205,-0.4074593,0.40598,1.244962,True,0,1,13
6/25/2025 12:05:56 PM,1750845956914,Right,-0.2504386,0.8078764,0.635698,-0.4311824,0.7481769,0.9423437,-0.2494857,0.753363,0.6066685,-0.3088665,0.617223,0.8329721,-0.1647052,1.251331,0.6869497,-0.429906,0.4230776,1.245777,True,0,1,13
6/25/2025 12:05:56 PM,1750845956942,Right,-0.2625191,0.8203468,0.6367903,-0.4851149,0.7825987,0.9444468,-0.2629067,0.769623,0.607128,-0.3383537,0.6337358,0.8474554,-0.1821477,1.274629,0.6855109,-0.4792677,0.4601997,1.245521,True,0,1,13
6/25/2025 12:05:56 PM,1750845956955,Right,-0.2689192,0.8275666,0.6375076,-0.5139313,0.8004763,0.9429827,-0.2699414,0.7783896,0.6072709,-0.3544047,0.6427674,0.8545409,-0.1913067,1.286465,0.6839349,-0.5048256,0.4794039,1.244089,True,0,1,13
6/25/2025 12:05:56 PM,1750845956984,Right,-0.2835343,0.8441107,0.6391133,-0.5729358,0.8372772,0.9338775,-0.2855683,0.7974083,0.6073007,-0.3906273,0.6638613,0.8667839,-0.2105436,1.310215,0.6789606,-0.5607055,0.5207851,1.238077,True,0,1,13
6/25/2025 12:05:56 PM,1750845956998,Right,-0.2917063,0.8530415,0.6397464,-0.6026597,0.8563512,0.9261279,-0.2939027,0.8069954,0.6069258,-0.4097921,0.6749787,0.8713183,-0.2204587,1.321952,0.6755222,-0.5891093,0.5413307,1.233325,True,0,1,13
6/25/2025 12:05:57 PM,1750845957011,Right,-0.3006516,0.8622578,0.6400151,-0.6325145,0.8766357,0.915381,-0.3034428,0.817549,0.6060471,-0.4313348,0.6878825,0.874404,-0.230778,1.333912,0.6709638,-0.6206979,0.5639279,1.226632,True,0,1,13
6/25/2025 12:05:57 PM,1750845957039,Right,-0.3191521,0.8800805,0.6395006,-0.6910412,0.9188426,0.8909986,-0.3228021,0.8373276,0.6027741,-0.4757792,0.713175,0.8773696,-0.2518303,1.357136,0.659964,-0.6836697,0.6079791,1.208805,True,0,1,13
6/25/2025 12:05:57 PM,1750845957052,Right,-0.329231,0.8893781,0.6386279,-0.7200193,0.9405954,0.8740666,-0.3324462,0.8471501,0.600818,-0.4992846,0.7260512,0.8784387,-0.2622225,1.368346,0.6528349,-0.7155074,0.630589,1.197865,True,0,1,13
6/25/2025 12:05:57 PM,1750845957080,Right,-0.3498297,0.9090815,0.6365823,-0.7754641,0.9837965,0.8367467,-0.3529842,0.8675174,0.5949242,-0.5476147,0.7552225,0.872577,-0.2821344,1.3907,0.6367922,-0.7822443,0.6775463,1.16916,True,0,1,13
6/25/2025 12:05:57 PM,1750845957094,Right,-0.3610092,0.9198246,0.634621,-0.801502,1.005991,0.8142467,-0.3639604,0.8785478,0.5913024,-0.573698,0.7712151,0.8677712,-0.2915437,1.401444,0.6278611,-0.8171169,0.7025616,1.151462,True,0,1,13
6/25/2025 12:05:57 PM,1750845957122,Right,-0.3848867,0.9418312,0.6272829,-0.8514304,1.050388,0.7624109,-0.3865079,0.9000636,0.5810797,-0.6259831,0.8035891,0.8515331,-0.3101295,1.421895,0.6084751,-0.8857599,0.7516447,1.109113,True,0,1,13
6/25/2025 12:05:57 PM,1750845957135,Right,-0.3971742,0.9528693,0.6215469,-0.875088,1.071412,0.7330651,-0.3978385,0.9105011,0.5741156,-0.6523253,0.8196826,0.8401982,-0.3188151,1.431436,0.597386,-0.9193293,0.7756194,1.083973,True,0,1,13
6/25/2025 12:05:57 PM,1750845957164,Right,-0.420627,0.9741626,0.6090382,-0.9179451,1.111014,0.6686447,-0.4188306,0.9300444,0.5594543,-0.7060944,0.8519266,0.8127594,-0.3351411,1.449485,0.573851,-0.9864904,0.8237649,1.024822,True,0,1,13
6/25/2025 12:05:57 PM,1750845957178,Right,-0.431951,0.9843726,0.6013033,-0.9344811,1.128745,0.631584,-0.4293166,0.9396715,0.5503688,-0.7305274,0.8683968,0.7934527,-0.3422985,1.457619,0.5610757,-1.018826,0.8467136,0.9907519,True,0,1,13
6/25/2025 12:05:57 PM,1750845957191,Right,-0.4430122,0.9946504,0.5931343,-0.9498188,1.143948,0.5947424,-0.4401116,0.9497372,0.5407723,-0.7564686,0.8849484,0.7732999,-0.34928,1.465429,0.5481735,-1.050802,0.869627,0.9539784,True,0,1,13
6/25/2025 12:05:57 PM,1750845957219,Right,-0.4643605,1.014605,0.573512,-0.9750049,1.166704,0.5206646,-0.4592597,0.9677206,0.5189074,-0.8010631,0.9150707,0.7230116,-0.3620354,1.479857,0.5224631,-1.109575,0.9093207,0.8707315,True,0,1,13
6/25/2025 12:05:57 PM,1750845957233,Right,-0.4743718,1.023637,0.5620214,-0.9846716,1.174849,0.4841244,-0.4682645,0.9758605,0.5070762,-0.8222244,0.9284357,0.6947367,-0.3680208,1.486341,0.5096102,-1.136792,0.9263901,0.8244455,True,0,1,13
6/25/2025 12:05:57 PM,1750845957261,Right,-0.4905478,1.036675,0.5351663,-0.9925187,1.180884,0.4126649,-0.4834051,0.9884735,0.4805561,-0.8548946,0.9489877,0.62922,-0.3789657,1.497271,0.4830676,-1.183623,0.950442,0.7221104,True,0,1,13
6/25/2025 12:05:57 PM,1750845957274,Right,-0.4979336,1.042495,0.5230567,-0.9944921,1.181147,0.3796099,-0.4899524,0.9937091,0.4678873,-0.8694713,0.9563705,0.5965373,-0.3840237,1.502205,0.46984,-1.202722,0.9578925,0.6698205,True,0,1,13
6/25/2025 12:05:57 PM,1750845957303,Right,-0.5107728,1.051705,0.4983854,-0.9950328,1.175378,0.3198299,-0.5016642,1.002357,0.4428402,-0.8891425,0.9643751,0.525699,-0.3926419,1.510032,0.4430608,-1.233274,0.9596765,0.5569671,True,0,1,13
6/25/2025 12:05:57 PM,1750845957317,Right,-0.516806,1.055698,0.4850723,-0.9931729,1.17008,0.2927872,-0.5073615,1.006301,0.4295774,-0.8962596,0.9645275,0.4888056,-0.3961372,1.513003,0.4295717,-1.243964,0.9529355,0.4979105,True,0,1,13
6/25/2025 12:05:57 PM,1750845957344,Right,-0.5259969,1.060341,0.4571193,-0.9865544,1.155252,0.2459872,-0.5161003,1.011164,0.4019134,-0.898473,0.9521447,0.4163855,-0.4030297,1.517883,0.4032401,-1.251332,0.9154115,0.3827777,True,0,1,13
6/25/2025 12:05:57 PM,1750845957358,Right,-0.5292625,1.06131,0.4438047,-0.9833724,1.14864,0.2241857,-0.5193952,1.012523,0.3886079,-0.897078,0.9411086,0.3830246,-0.406221,1.519799,0.3902904,-1.248096,0.8876218,0.3294948,True,0,1,13
6/25/2025 12:05:57 PM,1750845957372,Right,-0.5312476,1.06085,0.4312413,-0.9785247,1.14127,0.2048378,-0.5215595,1.012589,0.3760893,-0.8922152,0.9262457,0.3534236,-0.4091587,1.521222,0.3781309,-1.239787,0.8528023,0.2827232,True,0,1,13
6/25/2025 12:05:57 PM,1750845957398,Right,-0.5341792,1.059943,0.406974,-0.967468,1.126192,0.1696658,-0.5243294,1.012256,0.3541048,-0.8806953,0.9041229,0.3215481,-0.4139657,1.522905,0.3543869,-1.224177,0.7947367,0.2400924,True,0,1,13
6/25/2025 12:05:57 PM,1750845957413,Right,-0.5352507,1.059996,0.3952059,-0.9609635,1.117617,0.1560166,-0.5256467,1.012334,0.342541,-0.8740294,0.8955337,0.3112517,-0.4159256,1.523067,0.3430262,-1.217352,0.7689589,0.231127,True,0,1,13
6/25/2025 12:05:57 PM,1750845957441,Right,-0.536305,1.060807,0.3734751,-0.9487183,1.10137,0.1326518,-0.5292863,1.019649,0.3297191,-0.8899032,0.8945892,0.2872418,-0.4193242,1.522818,0.3221753,-1.211958,0.7585032,0.2037743,False,0,1,13
6/25/2025 12:05:57 PM,1750845957454,Right,-0.5362663,1.061242,0.3639724,-0.9427695,1.093857,0.1232053,-0.5298463,1.019916,0.3220405,-0.8863922,0.9019401,0.2692497,-0.4211173,1.52274,0.312799,-1.211189,0.7645651,0.1782768,False,0,1,13
6/25/2025 12:05:57 PM,1750845957482,Right,-0.5351377,1.060933,0.3485224,-0.9329188,1.080075,0.1078647,-0.5299498,1.019736,0.3036567,-0.874584,0.900896,0.2289587,-0.4247004,1.522095,0.2953008,-1.19671,0.7494026,0.1235166,False,0,1,13
6/25/2025 12:05:57 PM,1750845957496,Right,-0.5347223,1.060771,0.3415813,-0.9285789,1.073445,0.1000811,-0.5297073,1.019481,0.2965227,-0.8695732,0.8941863,0.2231341,-0.4256593,1.52126,0.2870493,-1.190582,0.7302696,0.1241826,False,0,1,13
6/25/2025 12:05:57 PM,1750845957524,Right,-0.5328624,1.059805,0.3290117,-0.9213879,1.061301,0.08725464,-0.5280378,1.017708,0.2841477,-0.8608767,0.8827545,0.2132787,-0.4268173,1.518687,0.2720615,-1.180075,0.7064656,0.1165896,False,0,1,13
6/25/2025 12:05:57 PM,1750845957538,Right,-0.5305378,1.058537,0.3240889,-0.9192529,1.056078,0.084216,-0.5267037,1.016716,0.2783284,-0.8573763,0.8783636,0.2095309,-0.4274057,1.517754,0.2652189,-1.176111,0.6986289,0.1134321,False,0,1,13
6/25/2025 12:05:57 PM,1750845957552,Right,-0.5285156,1.057482,0.3189781,-0.9172542,1.051512,0.08222246,-0.5248255,1.015531,0.2734929,-0.8544421,0.8753026,0.2079104,-0.4281431,1.516852,0.258922,-1.173698,0.6938757,0.1134871,False,0,1,13
6/25/2025 12:05:57 PM,1750845957580,Right,-0.522408,1.053605,0.3145248,-0.9140401,1.046436,0.08435047,-0.5203074,1.012499,0.2673209,-0.8498642,0.8717699,0.2073701,-0.4292066,1.515576,0.2481251,-1.171258,0.6909889,0.1156809,False,0,1,13
6/25/2025 12:05:57 PM,1750845957594,Right,-0.5193505,1.051666,0.3133864,-0.9126675,1.044938,0.08681643,-0.5177776,1.010867,0.2660103,-0.8481247,0.8712435,0.208864,-0.4295642,1.514877,0.2438755,-1.171203,0.6924392,0.118569,False,0,1,13
6/25/2025 12:05:57 PM,1750845957621,Right,-0.5116457,1.046991,0.314308,-0.9114878,1.047198,0.09959531,-0.5118219,1.007298,0.2652832,-0.8448573,0.8718728,0.214573,-0.4306048,1.513889,0.2365535,-1.172509,0.6996142,0.1277227,False,0,1,13
6/25/2025 12:05:57 PM,1750845957635,Right,-0.5071821,1.044552,0.3150018,-0.9110305,1.049971,0.1088033,-0.5085288,1.00557,0.2649066,-0.8431014,0.8726444,0.2178897,-0.4310476,1.513576,0.2337313,-1.17334,0.7042536,0.1332475,False,0,1,13
6/25/2025 12:05:57 PM,1750845957663,Right,-0.4969766,1.039016,0.3177836,-0.9092832,1.059044,0.129922,-0.5001671,1.001355,0.2665241,-0.8381433,0.8750589,0.2282767,-0.4310071,1.512687,0.2288555,-1.174872,0.716561,0.149195,False,0,1,13
6/25/2025 12:05:57 PM,1750845957676,Right,-0.4909327,1.035419,0.3203125,-0.9081306,1.06388,0.1411139,-0.4955293,0.9988621,0.2677746,-0.836339,0.876254,0.2337977,-0.4307389,1.512318,0.2266178,-1.175575,0.7240638,0.1576663,False,0,1,13
6/25/2025 12:05:57 PM,1750845957705,Right,-0.476648,1.026921,0.327517,-0.9050577,1.07399,0.1657972,-0.4837757,0.9926645,0.2733391,-0.8333292,0.8795344,0.2481939,-0.4298193,1.511752,0.224264,-1.176271,0.7445942,0.1784095,False,0,1,13
6/25/2025 12:05:57 PM,1750845957718,Right,-0.4679883,1.022171,0.3320327,-0.9026237,1.079273,0.1795571,-0.4772205,0.9894518,0.2763829,-0.8314595,0.8818368,0.2556464,-0.4290512,1.511526,0.224058,-1.175986,0.7566246,0.1890996,False,0,1,13
6/25/2025 12:05:57 PM,1750845957732,Right,-0.4590759,1.017592,0.3363411,-0.89938,1.084577,0.1951207,-0.4695177,0.9861861,0.2803063,-0.828966,0.8849159,0.2644368,-0.4284775,1.511862,0.2239876,-1.174847,0.7707462,0.2015924,False,0,1,13
6/25/2025 12:05:57 PM,1750845957760,Right,-0.4390891,1.00906,0.3453013,-0.8903186,1.09365,0.2310714,-0.4528738,0.9804324,0.2878377,-0.8211776,0.8933979,0.2836979,-0.4260911,1.512843,0.2253528,-1.170597,0.8024545,0.2304146,False,0,1,13
6/25/2025 12:05:57 PM,1750845957774,Right,-0.425897,1.005999,0.3492467,-0.8847482,1.097082,0.2503958,-0.4432362,0.9786826,0.2908624,-0.8172853,0.8987209,0.2931391,-0.4245476,1.513411,0.2266164,-1.166329,0.8200222,0.2454274,False,0,1,13
6/25/2025 12:05:57 PM,1750845957801,Right,-0.4006267,0.9974136,0.3581567,-0.8685873,1.101608,0.2938765,-0.4211148,0.973102,0.2993544,-0.8024132,0.9099839,0.3186425,-0.4211453,1.515582,0.2315146,-1.153637,0.8575657,0.2866204,False,0,1,13
6/25/2025 12:05:57 PM,1750845957815,Right,-0.387085,0.9930099,0.3626968,-0.858088,1.10218,0.316925,-0.4105281,0.9704791,0.3034028,-0.794027,0.9149391,0.3315538,-0.4187688,1.516518,0.2349769,-1.145921,0.8741772,0.3081794,False,0,1,13
6/25/2025 12:05:57 PM,1750845957843,Right,-0.359298,0.9847375,0.3717872,-0.8345771,1.10086,0.3640435,-0.3871095,0.9652532,0.312587,-0.7733338,0.9260961,0.3634635,-0.4134158,1.518935,0.2438248,-1.125035,0.9105443,0.36331,False,0,1,13
6/25/2025 12:05:57 PM,1750845957857,Right,-0.3451068,0.9809148,0.3764166,-0.8202291,1.098298,0.3885776,-0.3747294,0.9628416,0.3174683,-0.7601773,0.9314798,0.3817755,-0.4100418,1.520004,0.2494403,-1.111409,0.927929,0.3961084,False,0,1,13
6/25/2025 12:05:57 PM,1750845957885,Right,-0.3154511,0.9737248,0.3854132,-0.7871883,1.092038,0.4373633,-0.3496049,0.9584854,0.3269669,-0.7295789,0.9385765,0.4182484,-0.4022384,1.521904,0.261309,-1.078713,0.9531087,0.4628827,False,0,1,13
6/25/2025 12:05:57 PM,1750845957899,Right,-0.2995225,0.9703149,0.3893728,-0.7671432,1.087097,0.4617845,-0.3360484,0.9562547,0.3317655,-0.7113062,0.9405688,0.4379464,-0.3977122,1.522921,0.2685608,-1.058564,0.9616107,0.4992225,False,0,1,13
6/25/2025 12:05:57 PM,1750845957913,Right,-0.2839155,0.966725,0.3933687,-0.7475054,1.08188,0.4856324,-0.3220886,0.9541106,0.3364216,-0.6913875,0.9414943,0.4586512,-0.392859,1.523884,0.2760026,-1.036092,0.9666314,0.5367761,False,0,1,13
6/25/2025 12:05:57 PM,1750845957941,Right,-0.2496955,0.9591369,0.3991588,-0.6973622,1.061907,0.5313513,-0.2928161,0.9493135,0.3445564,-0.6429987,0.9363387,0.4975487,-0.3808002,1.525313,0.2941489,-0.9849654,0.9616203,0.6107855,False,0,1,13
6/25/2025 12:05:57 PM,1750845957954,Right,-0.2320579,0.9552574,0.4008439,-0.6706922,1.05012,0.5519394,-0.2772541,0.9466858,0.3481465,-0.6173279,0.9310274,0.5157819,-0.3742262,1.525789,0.3037734,-0.9562731,0.9539725,0.646442,False,0,1,13
6/25/2025 12:05:57 PM,1750845957982,Right,-0.1955206,0.9467238,0.4024073,-0.6155474,1.023156,0.5884678,-0.2448578,0.9408148,0.3535513,-0.5610744,0.9151186,0.5498203,-0.3584617,1.525887,0.3240343,-0.8911359,0.9283257,0.717239,False,0,1,13
6/25/2025 12:05:57 PM,1750845957997,Right,-0.1760108,0.9417945,0.4011451,-0.5858572,1.007063,0.602922,-0.2273458,0.9372296,0.3547166,-0.5293886,0.9036072,0.565089,-0.3494325,1.525447,0.3349668,-0.8530083,0.9085056,0.7519842,False,0,1,13
6/25/2025 12:05:58 PM,1750845958023,Right,-0.1374011,0.9316029,0.3958679,-0.5244328,0.9760754,0.6270387,-0.1932815,0.9297355,0.3550865,-0.4670887,0.8796159,0.5880092,-0.3304772,1.523481,0.3569392,-0.7759427,0.8661206,0.8095745,False,0,1,13
6/25/2025 12:05:58 PM,1750845958038,Right,-0.1178358,0.9259336,0.3896635,-0.4918137,0.9590961,0.6342324,-0.1748221,0.9250299,0.3523614,-0.4326676,0.8653913,0.5948629,-0.3200864,1.521735,0.3679098,-0.7326744,0.8403561,0.8337463,False,0,1,13
6/25/2025 12:05:58 PM,1750845958051,Right,-0.09918249,0.9208285,0.3839616,-0.4601763,0.9431053,0.6413727,-0.1576641,0.9207778,0.3495263,-0.3992632,0.8513813,0.6004066,-0.3095011,1.519719,0.3791972,-0.6892442,0.8139755,0.8556054,False,0,1,13
6/25/2025 12:05:58 PM,1750845958079,Right,-0.06478858,0.9120374,0.3681066,-0.3963383,0.9116628,0.6464299,-0.1266604,0.9131869,0.3417133,-0.3336707,0.8238657,0.6045774,-0.2870464,1.514137,0.4019289,-0.6006839,0.7589292,0.8909004,False,0,1,13
6/25/2025 12:05:58 PM,1750845958093,Right,-0.04911411,0.9081876,0.3588103,-0.3654118,0.897009,0.6457965,-0.110495,0.9091125,0.3367261,-0.3045552,0.813355,0.6019421,-0.2751032,1.510544,0.4134395,-0.5626346,0.7384492,0.8993486,False,0,1,13
6/25/2025 12:05:58 PM,1750845958121,Right,-0.02006745,0.9009283,0.3361686,-0.3076935,0.8685079,0.6399833,-0.08254878,0.9013529,0.3227009,-0.2530475,0.7937984,0.5911323,-0.2505523,1.501551,0.4361994,-0.4920951,0.7005512,0.9075519,False,0,1,13
6/25/2025 12:05:58 PM,1750845958135,Right,-0.006867051,0.8973505,0.3228898,-0.2810026,0.8544548,0.6351347,-0.07002371,0.8973846,0.3146558,-0.2304816,0.7847292,0.5857528,-0.2379345,1.495934,0.4470801,-0.4590836,0.6843567,0.9090897,False,0,1,13
6/25/2025 12:05:58 PM,1750845958163,Right,0.01671624,0.8895807,0.2942241,-0.2298577,0.828306,0.6213013,-0.0449709,0.888077,0.295954,-0.1868544,0.7666879,0.5700731,-0.2118123,1.483606,0.4676841,-0.3966281,0.6527704,0.9051076,False,0,1,13
6/25/2025 12:05:58 PM,1750845958177,Right,0.02677989,0.8860285,0.2792872,-0.2049792,0.8165044,0.6122075,-0.03467248,0.8832919,0.2853852,-0.1666927,0.7581645,0.5604025,-0.1986092,1.476067,0.4771148,-0.3665856,0.6375378,0.9014523,False,0,1,13
6/25/2025 12:05:58 PM,1750845958204,Right,0.04156506,0.8809261,0.2474329,-0.1584306,0.7974656,0.5922397,-0.0172814,0.8746136,0.2637225,-0.1283733,0.7427848,0.5404755,-0.1736767,1.459429,0.4944681,-0.3056121,0.6098586,0.893699,False,0,1,13
6/25/2025 12:05:58 PM,1750845958219,Right,0.04678905,0.8789917,0.230999,-0.1379424,0.7904923,0.5819625,-0.0100695,0.8704606,0.2525558,-0.1118414,0.7362443,0.5312698,-0.1621177,1.45047,0.5028745,-0.2774091,0.5999235,0.8892969,False,0,1,13
6/25/2025 12:05:58 PM,1750845958232,Right,0.05042505,0.8774891,0.2145107,-0.1174407,0.7824619,0.5720543,-0.005515307,0.8667468,0.240613,-0.09800696,0.7304485,0.5208377,-0.1507742,1.441269,0.511198,-0.2517999,0.591074,0.8836126,False,0,1,13
6/25/2025 12:05:58 PM,1750845958260,Right,0.05372775,0.8765723,0.1840811,-0.08135104,0.7671622,0.5490091,0.001397803,0.8599101,0.2191162,-0.07246498,0.7175896,0.5004988,-0.1290864,1.420669,0.5269918,-0.202348,0.5694523,0.8704395,False,0,1,13
6/25/2025 12:05:58 PM,1750845958274,Right,0.0546658,0.8765805,0.171039,-0.06446981,0.7591754,0.5379134,0.003516972,0.8567169,0.2103155,-0.06072334,0.7105678,0.490603,-0.1191566,1.409576,0.5347911,-0.1784796,0.5560591,0.8634481,False,0,1,13
6/25/2025 12:05:58 PM,1750845958301,Right,0.05533385,0.876415,0.1487731,-0.037431,0.7434171,0.516764,0.008151233,0.8493008,0.1951547,-0.04120512,0.6959931,0.4739424,-0.1011922,1.385373,0.549587,-0.1392381,0.5313108,0.8488051,False,0,1,13
6/25/2025 12:05:58 PM,1750845958315,Right,0.05492973,0.87615,0.1387554,-0.02434683,0.7351368,0.5073096,0.009017795,0.8452955,0.1888501,-0.03312287,0.6882665,0.4667837,-0.09270811,1.372509,0.5565984,-0.1213923,0.5186309,0.8418306,False,0,1,13
6/25/2025 12:05:58 PM,1750845958342,Right,0.0496608,0.873934,0.1234969,-0.004949331,0.717197,0.4903684,0.008248329,0.8354638,0.1790177,-0.02048022,0.671089,0.4547817,-0.07750416,1.344517,0.5704756,-0.09013614,0.492165,0.8290688,False,0,1,13
6/25/2025 12:05:58 PM,1750845958357,Right,0.04647374,0.8716283,0.1169541,0.00241971,0.7067399,0.4826339,0.007115453,0.8294582,0.1751656,-0.01600661,0.6611879,0.4499363,-0.07046723,1.329668,0.5773581,-0.07765029,0.4780235,0.8227831,False,0,1,13
6/25/2025 12:05:58 PM,1750845958384,Right,0.03857422,0.8656197,0.1069806,0.01401305,0.6838285,0.4679635,0.003312409,0.8159809,0.169493,-0.009476256,0.6394585,0.4411008,-0.05759442,1.298669,0.5893575,-0.05656791,0.4467829,0.8099674,False,0,1,13
6/25/2025 12:05:58 PM,1750845958399,Right,0.03402376,0.8612825,0.1043749,0.0185076,0.6714243,0.4616685,0.0004339665,0.8079799,0.1690467,-0.007758869,0.6275181,0.4379177,-0.05214071,1.282756,0.5949944,-0.04859939,0.4291491,0.8048006,False,0,1,13
6/25/2025 12:05:58 PM,1750845958412,Right,0.02956033,0.8557199,0.1032574,0.02038515,0.6571335,0.4574015,-0.002129391,0.7992893,0.1692233,-0.006982668,0.6144258,0.4363614,-0.04696643,1.266825,0.6004562,-0.04314075,0.4114125,0.8000717,False,0,1,13
6/25/2025 12:05:58 PM,1750845958440,Right,0.02022243,0.8426731,0.1040727,0.02384663,0.6280129,0.4506208,-0.007858783,0.7804824,0.1718217,-0.005938992,0.5874731,0.4346979,-0.03826177,1.234578,0.6101873,-0.03250694,0.3752643,0.7925397,False,0,1,13
6/25/2025 12:05:58 PM,1750845958454,Right,0.01367533,0.8333771,0.1097399,0.02237582,0.6122047,0.4495136,-0.0114354,0.7715988,0.1760436,-0.00685493,0.5755867,0.4344991,-0.0348413,1.218568,0.6143943,-0.02936526,0.3570375,0.7907937,False,0,1,13
6/25/2025 12:05:58 PM,1750845958482,Right,3.886223E-05,0.8121497,0.1235149,0.0183295,0.5789463,0.451488,-0.01971219,0.7509161,0.186175,-0.009960663,0.5490781,0.4375944,-0.02903056,1.187243,0.6228378,-0.02397725,0.3203576,0.79008,False,0,1,13
6/25/2025 12:05:58 PM,1750845958496,Right,-0.006292105,0.8004908,0.1313663,0.01602483,0.5617416,0.4535623,-0.02400264,0.7395115,0.1924484,-0.01213974,0.5350308,0.4403812,-0.02680945,1.171841,0.6268889,-0.02245207,0.3014497,0.7909462,False,0,1,13
6/25/2025 12:05:58 PM,1750845958523,Right,-0.01848471,0.7726266,0.153154,0.006810308,0.5263051,0.4632834,-0.03232529,0.7150549,0.208209,-0.01932473,0.5077475,0.4483153,-0.02436256,1.142584,0.6329695,-0.02608716,0.2643794,0.797236,True,0,1,14
6/25/2025 12:05:58 PM,1750845958537,Right,-0.02442431,0.7567409,0.1678464,0.0006810427,0.5091518,0.4708046,-0.03372777,0.710836,0.2119853,-0.021976,0.5170375,0.4344062,-0.02364063,1.128714,0.6354545,-0.02798097,0.2576557,0.7990924,True,0,1,14
6/25/2025 12:05:58 PM,1750845958551,Right,-0.0303601,0.7407765,0.1836048,-0.005972743,0.4931216,0.4805598,-0.03531694,0.7058213,0.2164059,-0.02419003,0.5132515,0.4348074,-0.02336884,1.115553,0.637787,-0.0303044,0.2493847,0.8009917,True,0,1,14
6/25/2025 12:05:58 PM,1750845958579,Right,-0.04300964,0.7079667,0.2198015,-0.02106929,0.4649745,0.5055112,-0.03891833,0.6944984,0.2266157,-0.02956809,0.5051756,0.4351103,-0.02447653,1.091172,0.6415443,-0.03639017,0.2300425,0.8048669,True,0,1,14
6/25/2025 12:05:58 PM,1750845958593,Right,-0.04944468,0.6910891,0.2409353,-0.02937186,0.4525974,0.5216962,-0.04092886,0.6882941,0.2324447,-0.03289039,0.5008057,0.4362373,-0.02548432,1.080165,0.6431096,-0.0407236,0.2203655,0.8078949,True,0,1,14
6/25/2025 12:05:58 PM,1750845958621,Right,-0.06036294,0.6578082,0.2870831,-0.04766369,0.4298085,0.5642229,-0.04545058,0.6743281,0.2466408,-0.04002012,0.493221,0.4459045,-0.02824354,1.062016,0.6456376,-0.04995761,0.2105429,0.825418,True,0,1,14
6/25/2025 12:05:58 PM,1750845958634,Right,-0.0648756,0.6417631,0.3129188,-0.05853629,0.4203182,0.5945729,-0.04778928,0.6670142,0.2546529,-0.04365618,0.4874747,0.4542485,-0.03006411,1.054737,0.6464791,-0.05478224,0.2065656,0.8360635,True,0,1,14
6/25/2025 12:05:58 PM,1750845958663,Right,-0.07263815,0.612849,0.3648695,-0.07923412,0.4139893,0.6563351,-0.052845,0.6510484,0.2737535,-0.05134884,0.4771143,0.4732502,-0.03433418,1.043257,0.6488847,-0.06477306,0.2003711,0.8626914,True,0,1,14
6/25/2025 12:05:58 PM,1750845958676,Right,-0.07575607,0.6006626,0.3921447,-0.09144211,0.4212431,0.6879917,-0.05533733,0.6431814,0.284113,-0.05519993,0.473953,0.4818335,-0.03697681,1.039733,0.6506751,-0.07082552,0.1980139,0.8771443,True,0,1,14
6/25/2025 12:05:58 PM,1750845958704,Right,-0.08182585,0.5820331,0.4472324,-0.116871,0.4350805,0.7375984,-0.06072589,0.6267132,0.3085627,-0.06381268,0.4712301,0.4985083,-0.04270542,1.036406,0.6540866,-0.08660391,0.1946574,0.910857,True,0,1,14
6/25/2025 12:05:58 PM,1750845958717,Right,-0.08454931,0.5754468,0.4742413,-0.1299288,0.4425767,0.7588542,-0.06339949,0.6189976,0.3215806,-0.06827418,0.4704494,0.5073407,-0.04574585,1.036545,0.6559211,-0.0957271,0.193829,0.9284469,True,0,1,14
6/25/2025 12:05:58 PM,1750845958732,Right,-0.08692682,0.570047,0.5007119,-0.1435623,0.4519778,0.777739,-0.06628399,0.6110466,0.3363498,-0.07329745,0.4698138,0.517508,-0.04888368,1.037429,0.6580777,-0.1067941,0.1934214,0.9479446,True,0,1,14
6/25/2025 12:05:58 PM,1750845958760,Right,-0.08982062,0.5689135,0.5528067,-0.1726129,0.4726197,0.8113606,-0.07205549,0.5966793,0.3683512,-0.08429324,0.4679585,0.5414287,-0.05617273,1.043708,0.6627357,-0.13362,0.193327,0.9877193,True,0,1,14
6/25/2025 12:05:58 PM,1750845958773,Right,-0.09100616,0.5731651,0.577477,-0.1877114,0.4836923,0.826462,-0.07512438,0.5901759,0.3867663,-0.09083578,0.4660186,0.5569806,-0.05964327,1.04869,0.666271,-0.1507739,0.1929843,1.008551,True,0,1,14
6/25/2025 12:05:58 PM,1750845958801,Right,-0.09700835,0.5915056,0.6207122,-0.2187476,0.5072325,0.8543739,-0.08144573,0.580866,0.4247419,-0.1051878,0.4609178,0.5920575,-0.0668956,1.061861,0.6745728,-0.188895,0.1902293,1.045997,True,0,1,14
6/25/2025 12:05:58 PM,1750845958815,Right,-0.1024654,0.6033961,0.6397668,-0.2346747,0.5197192,0.8686166,-0.08515529,0.5780853,0.4451615,-0.1135625,0.4580749,0.6122009,-0.07106471,1.06965,0.6789236,-0.2102296,0.1878887,1.063387,True,0,1,14
6/25/2025 12:05:58 PM,1750845958843,Right,-0.1146842,0.6311809,0.6727171,-0.2681832,0.5493205,0.8954268,-0.09463849,0.577446,0.4897107,-0.1340871,0.4554344,0.6584701,-0.08151877,1.087062,0.6874938,-0.2587224,0.1885765,1.099594,True,0,1,14
6/25/2025 12:05:58 PM,1750845958857,Right,-0.1205699,0.6464423,0.6868315,-0.2851713,0.5652158,0.9083166,-0.1000481,0.5797417,0.5121186,-0.1456102,0.4563114,0.6826141,-0.08738446,1.096456,0.6917645,-0.2842199,0.1925403,1.117309,True,0,1,14
6/25/2025 12:05:58 PM,1750845958871,Right,-0.1263638,0.6613723,0.7001774,-0.3022768,0.5811931,0.9206624,-0.1062743,0.5841995,0.5355462,-0.1587981,0.4590197,0.7085762,-0.09347057,1.106255,0.6958675,-0.3119353,0.1997048,1.135519,True,0,1,14
6/25/2025 12:05:58 PM,1750845958898,Right,-0.1388006,0.6929508,0.719026,-0.3379326,0.6166275,0.940064,-0.1209021,0.5996788,0.5823471,-0.1889661,0.4719681,0.7613069,-0.1078635,1.127628,0.7026734,-0.3711883,0.2253447,1.171695,True,0,1,14
6/25/2025 12:05:58 PM,1750845958912,Right,-0.1446401,0.7070536,0.7267718,-0.3556271,0.6347504,0.9482527,-0.1290776,0.6104396,0.6040354,-0.2053458,0.4822192,0.7867832,-0.1158689,1.138769,0.7056707,-0.4006094,0.244491,1.18923,True,0,1,14
6/25/2025 12:05:58 PM,1750845958940,Right,-0.1558503,0.7313247,0.7388897,-0.3906411,0.6729352,0.9600716,-0.1491502,0.6399632,0.6471865,-0.2412716,0.5136701,0.8374801,-0.1334774,1.162287,0.7106771,-0.4586564,0.297305,1.22761,True,0,1,14
6/25/2025 12:05:58 PM,1750845958953,Right,-0.1617147,0.7410366,0.7428837,-0.4078648,0.6931288,0.9641109,-0.1618679,0.6594537,0.6682494,-0.2613553,0.5349872,0.8625811,-0.142873,1.174664,0.7121404,-0.4880277,0.3297452,1.247052,True,0,1,14
6/25/2025 12:05:58 PM,1750845958981,Right,-0.1749004,0.7607365,0.7514443,-0.4422321,0.7342434,0.9689348,-0.1896837,0.7007845,0.6977189,-0.3028709,0.5812815,0.8979929,-0.1629319,1.199862,0.7132044,-0.5470406,0.3960019,1.271743,True,0,1,14
6/25/2025 12:05:58 PM,1750845958996,Right,-0.1827874,0.7710588,0.7546723,-0.4597726,0.7549191,0.9686637,-0.2005439,0.7160414,0.7031622,-0.3214698,0.5995048,0.9060127,-0.1736405,1.213054,0.712716,-0.5751143,0.4245059,1.273078,True,0,1,14
6/25/2025 12:05:59 PM,1750845959023,Right,-0.2010106,0.7934183,0.7600715,-0.4956865,0.7949811,0.9628859,-0.2201186,0.7399951,0.7057861,-0.3541969,0.6288803,0.909893,-0.1955209,1.239988,0.7102995,-0.6248492,0.469129,1.265183,True,0,1,14
6/25/2025 12:05:59 PM,1750845959036,Right,-0.2125971,0.8053812,0.7608852,-0.5139966,0.8145773,0.955126,-0.2300684,0.7511232,0.7059863,-0.3694994,0.6422035,0.9091799,-0.2068064,1.25373,0.7072226,-0.6476672,0.4877263,1.25946,True,0,1,14
6/25/2025 12:05:59 PM,1750845959065,Right,-0.2372969,0.8285074,0.7611907,-0.551055,0.8529025,0.9408464,-0.2541499,0.7761418,0.7048458,-0.4043249,0.6717629,0.9065655,-0.2303171,1.281311,0.6994467,-0.6964144,0.5283654,1.246241,True,0,1,14
6/25/2025 12:05:59 PM,1750845959078,Right,-0.2507025,0.8397991,0.7601008,-0.5700548,0.8715252,0.9320016,-0.267391,0.7879408,0.702141,-0.421909,0.6858335,0.9027734,-0.2422988,1.295145,0.6942495,-0.720055,0.547127,1.238055,True,0,1,14
6/25/2025 12:05:59 PM,1750845959092,Right,-0.2658498,0.8511191,0.7567716,-0.5897825,0.8892474,0.9198771,-0.2817358,0.8007272,0.6987957,-0.4411709,0.7007282,0.8981855,-0.2542307,1.308798,0.6873585,-0.7457108,0.5667046,1.228003,True,0,1,14
6/25/2025 12:05:59 PM,1750845959120,Right,-0.2963319,0.8748424,0.7487605,-0.6306889,0.9232206,0.8931627,-0.3116792,0.8261874,0.6881555,-0.480296,0.7289585,0.8835601,-0.2772622,1.335456,0.6718235,-0.7973596,0.6009949,1.201481,True,0,1,14
6/25/2025 12:05:59 PM,1750845959134,Right,-0.3120446,0.887337,0.7436059,-0.6520636,0.9400647,0.8783803,-0.3260931,0.839011,0.6825048,-0.5000707,0.7426974,0.8759767,-0.2881002,1.34893,0.6630304,-0.8231413,0.6177129,1.186559,True,0,1,14
6/25/2025 12:05:59 PM,1750845959162,Right,-0.3433446,0.9124939,0.7314528,-0.695945,0.973147,0.8457322,-0.3554431,0.8648592,0.6675555,-0.5418308,0.7699288,0.8562279,-0.3098168,1.375602,0.6432331,-0.877353,0.6510112,1.149198,True,0,1,14
6/25/2025 12:05:59 PM,1750845959176,Right,-0.3594719,0.9249739,0.7220538,-0.7190976,0.9878911,0.8244185,-0.369041,0.8763842,0.6582241,-0.5620522,0.7815757,0.8443085,-0.3201976,1.388,0.6311052,-0.9031973,0.6651162,1.127418,True,0,1,14
6/25/2025 12:05:59 PM,1750845959204,Right,-0.3898157,0.9492431,0.7036462,-0.7638257,1.016885,0.7813716,-0.3975623,0.9012885,0.6372674,-0.6057467,0.8066326,0.8171447,-0.3388803,1.411437,0.6055006,-0.9581094,0.6955928,1.077241,True,0,1,14
6/25/2025 12:05:59 PM,1750845959218,Right,-0.4040647,0.96108,0.6928995,-0.7852373,1.031455,0.7556059,-0.4103934,0.9128368,0.626121,-0.6266391,0.8183306,0.8025897,-0.3469124,1.422195,0.5916615,-0.9840395,0.710236,1.050365,True,0,1,14
6/25/2025 12:05:59 PM,1750845959231,Right,-0.4177214,0.9726559,0.6818957,-0.8064671,1.047492,0.7288152,-0.4225417,0.9238659,0.6142305,-0.6479247,0.8297149,0.7865714,-0.3546495,1.432282,0.5772806,-1.010498,0.7250903,1.020304,True,0,1,14
6/25/2025 12:05:59 PM,1750845959259,Right,-0.4450585,0.9958172,0.658087,-0.8495679,1.082453,0.6684328,-0.4463902,0.9452559,0.5888652,-0.6928862,0.8525174,0.7528021,-0.3680072,1.450295,0.5469047,-1.062945,0.7571906,0.9557332,True,0,1,14
6/25/2025 12:05:59 PM,1750845959273,Right,-0.4583714,1.007331,0.645496,-0.8712349,1.099053,0.636632,-0.4559646,0.9540259,0.5773113,-0.7134278,0.8615397,0.7379886,-0.3739164,1.45888,0.5315659,-1.084289,0.7708575,0.9262499,True,0,1,14
6/25/2025 12:05:59 PM,1750845959300,Right,-0.4819336,1.029117,0.615701,-0.9109912,1.126518,0.5628804,-0.4758389,0.9730425,0.5480017,-0.7575151,0.8809899,0.6984724,-0.3834301,1.47349,0.5002985,-1.128899,0.799025,0.8535016,True,0,1,14
6/25/2025 12:05:59 PM,1750845959314,Right,-0.4923052,1.039288,0.5984719,-0.9259746,1.137606,0.521957,-0.4854066,0.9826493,0.5301676,-0.7783201,0.8909708,0.6727023,-0.3867379,1.479496,0.4852736,-1.150632,0.8121066,0.8103287,True,0,1,14
6/25/2025 12:05:59 PM,1750845959342,Right,-0.5102803,1.057206,0.5639118,-0.9499331,1.155498,0.4405462,-0.5012671,0.9992543,0.4951993,-0.8164514,0.9075412,0.6194957,-0.3921782,1.490744,0.4566975,-1.187755,0.8333555,0.7217204,True,0,1,14
6/25/2025 12:05:59 PM,1750845959356,Right,-0.5162735,1.063713,0.5466012,-0.9585292,1.160386,0.400237,-0.5062162,1.005099,0.4788907,-0.8320954,0.9131054,0.5914362,-0.3941226,1.495452,0.4431288,-1.202337,0.840058,0.674537,True,0,1,14
6/25/2025 12:05:59 PM,1750845959383,Right,-0.5264766,1.074978,0.5138595,-0.9688299,1.161542,0.3223686,-0.5147944,1.015161,0.4480149,-0.8587554,0.9210175,0.535975,-0.3978258,1.503281,0.4178505,-1.224401,0.8470653,0.5832999,True,0,1,14
6/25/2025 12:05:59 PM,1750845959397,Right,-0.5302532,1.078933,0.4979357,-0.9709983,1.157372,0.2856412,-0.5183351,1.019154,0.4330485,-0.869393,0.9230766,0.5061194,-0.3992085,1.506435,0.405815,-1.232423,0.8463327,0.5345927,True,0,1,14
6/25/2025 12:05:59 PM,1750845959425,Right,-0.5367947,1.085398,0.469569,-0.9698019,1.141425,0.2236465,-0.5240207,1.025363,0.4059819,-0.8860521,0.9230795,0.4468563,-0.4006455,1.511325,0.3828453,-1.240618,0.8367822,0.4380108,True,0,1,14
6/25/2025 12:05:59 PM,1750845959439,Right,-0.5409987,1.090348,0.4546878,-0.9694293,1.135374,0.1958791,-0.5263948,1.028495,0.392089,-0.8872122,0.9222018,0.4161454,-0.4006615,1.512832,0.371662,-1.240171,0.8269516,0.3901253,True,0,1,14
6/25/2025 12:05:59 PM,1750845959453,Right,-0.5449524,1.097015,0.4366126,-0.9635403,1.127063,0.1776363,-0.5294338,1.0329,0.3771076,-0.8835997,0.9206645,0.3842404,-0.400629,1.514076,0.3610412,-1.236429,0.8115806,0.3413889,True,0,1,14
6/25/2025 12:05:59 PM,1750845959481,Right,-0.549202,1.105744,0.4002924,-0.9513676,1.114427,0.1557903,-0.5330715,1.039924,0.3440563,-0.8609565,0.9070865,0.3285137,-0.4008809,1.515964,0.3411306,-1.212468,0.7537501,0.2626601,True,0,1,14
6/25/2025 12:05:59 PM,1750845959495,Right,-0.547755,1.105086,0.3864464,-0.9454315,1.108413,0.1514305,-0.5320462,1.039874,0.3305774,-0.8464653,0.8939798,0.3130801,-0.4008259,1.516376,0.3322099,-1.193378,0.7149051,0.2461034,False,0,1,14
6/25/2025 12:05:59 PM,1750845959523,Right,-0.5440612,1.101986,0.3689215,-0.9345257,1.097132,0.1482924,-0.5317908,1.046774,0.3247275,-0.8585734,0.9068558,0.2759374,-0.4007874,1.517153,0.3153208,-1.189159,0.7334989,0.1839236,False,0,1,14
6/25/2025 12:05:59 PM,1750845959537,Right,-0.5424471,1.102395,0.364723,-0.928678,1.092053,0.1536148,-0.5307523,1.047061,0.3188726,-0.8501039,0.901747,0.2792735,-0.4006319,1.516963,0.3082029,-1.182022,0.7126514,0.2000559,False,0,1,14
6/25/2025 12:05:59 PM,1750845959564,Right,-0.5415044,1.106505,0.3511937,-0.9192896,1.084145,0.1603884,-0.5298802,1.049897,0.3057906,-0.831461,0.8955793,0.2886749,-0.400763,1.516719,0.2941972,-1.16666,0.6745239,0.2449127,False,0,1,14
6/25/2025 12:05:59 PM,1750845959578,Right,-0.5401688,1.10712,0.3462583,-0.9147422,1.080553,0.1643841,-0.5287226,1.050177,0.3010958,-0.8226755,0.892144,0.2952333,-0.4009254,1.516432,0.2877684,-1.157827,0.6584552,0.271399,False,0,1,14
6/25/2025 12:05:59 PM,1750845959592,Right,-0.5378132,1.106468,0.3436749,-0.9099627,1.077721,0.1700544,-0.5267807,1.049524,0.2978311,-0.8146375,0.8895717,0.3012529,-0.4007288,1.515862,0.2818255,-1.149874,0.6472185,0.2956427,False,0,1,14
6/25/2025 12:05:59 PM,1750845959620,Right,-0.530647,1.103173,0.3416609,-0.9014945,1.073532,0.1823759,-0.5212247,1.04716,0.2936217,-0.8018396,0.8874765,0.3104827,-0.4001154,1.515064,0.2713139,-1.13981,0.6389152,0.3217042,False,0,1,14
6/25/2025 12:05:59 PM,1750845959634,Right,-0.5261252,1.101099,0.3415124,-0.8976731,1.071133,0.1912813,-0.51759,1.045651,0.2926117,-0.7958512,0.8867278,0.3160066,-0.3999302,1.514884,0.267061,-1.134978,0.6368804,0.3354943,False,0,1,14
6/25/2025 12:05:59 PM,1750845959661,Right,-0.5143503,1.095097,0.3423296,-0.8895261,1.066261,0.2115649,-0.508813,1.041672,0.2925084,-0.784622,0.8858696,0.3273676,-0.3988285,1.514375,0.2608392,-1.126568,0.6370192,0.3613153,False,0,1,14
6/25/2025 12:05:59 PM,1750845959675,Right,-0.5070784,1.091228,0.343051,-0.88516,1.064155,0.2227768,-0.5031989,1.039012,0.2926137,-0.7787391,0.8853989,0.3337595,-0.3983684,1.51405,0.2583729,-1.122081,0.6387213,0.3753921,False,0,1,14
6/25/2025 12:05:59 PM,1750845959702,Right,-0.4872417,1.080289,0.3473907,-0.8738058,1.063527,0.2545109,-0.4887844,1.032109,0.2948607,-0.7657016,0.885383,0.3498543,-0.396951,1.513652,0.2559948,-1.11292,0.6475893,0.4075525,False,0,1,14
6/25/2025 12:05:59 PM,1750845959717,Right,-0.4756527,1.073569,0.3504673,-0.8669677,1.064186,0.2708732,-0.4807802,1.028204,0.2965545,-0.7591319,0.8854509,0.3584859,-0.3959956,1.513648,0.2556137,-1.108164,0.653585,0.4236395,False,0,1,14
6/25/2025 12:05:59 PM,1750845959745,Right,-0.4512144,1.059675,0.3566794,-0.8511178,1.065408,0.3051151,-0.4615938,1.018766,0.3017334,-0.7452964,0.8859652,0.3788708,-0.3937438,1.513595,0.2569015,-1.09764,0.6708937,0.4583573,False,0,1,14
6/25/2025 12:05:59 PM,1750845959759,Right,-0.4378183,1.052247,0.3599232,-0.8417125,1.065465,0.3235781,-0.4509846,1.013723,0.3045861,-0.7372475,0.8865131,0.3896277,-0.3923304,1.513725,0.2585121,-1.091196,0.6807927,0.4760121,False,0,1,14
6/25/2025 12:05:59 PM,1750845959773,Right,-0.4228394,1.044061,0.3635744,-0.8314419,1.064712,0.3429071,-0.4391284,1.008227,0.3078815,-0.728828,0.8870715,0.4016565,-0.3908536,1.514082,0.2612371,-1.08363,0.6923442,0.4947947,False,0,1,14
6/25/2025 12:05:59 PM,1750845959801,Right,-0.3868656,1.026253,0.3722857,-0.8064811,1.061317,0.384849,-0.4128503,0.9967651,0.31536,-0.711128,0.8891904,0.4279678,-0.3865521,1.514778,0.2689025,-1.065711,0.7202423,0.5330949,False,0,1,14
6/25/2025 12:05:59 PM,1750845959814,Right,-0.367768,1.017645,0.3770374,-0.7931859,1.05915,0.4053746,-0.3987369,0.9912811,0.3194593,-0.7023347,0.891355,0.4417556,-0.3839034,1.515236,0.2735599,-1.055756,0.7371415,0.5514903,False,0,1,14
6/25/2025 12:05:59 PM,1750845959842,Right,-0.3237164,0.9989818,0.389416,-0.7626812,1.053146,0.4471933,-0.3668312,0.9798759,0.3298121,-0.6842411,0.8997445,0.4718181,-0.3771491,1.515559,0.2856835,-1.033693,0.7816446,0.5869112,False,0,1,14
6/25/2025 12:05:59 PM,1750845959856,Right,-0.3018935,0.9889376,0.395876,-0.7463923,1.049386,0.4676871,-0.3491027,0.9732094,0.3359322,-0.6722069,0.9057061,0.4874939,-0.3729483,1.515545,0.292733,-1.020191,0.8080057,0.6050946,False,0,1,14
6/25/2025 12:05:59 PM,1750845959883,Right,-0.2569137,0.9691404,0.4077348,-0.7106624,1.039805,0.5072626,-0.3133514,0.9600521,0.3481125,-0.6464991,0.9165505,0.5168042,-0.3631629,1.515395,0.3082739,-0.9885491,0.8573788,0.6373638,False,0,1,14
6/25/2025 12:05:59 PM,1750845959898,Right,-0.2338544,0.9594598,0.4129047,-0.691771,1.034133,0.526749,-0.2937415,0.9530904,0.3543094,-0.6313245,0.9166454,0.5297316,-0.3574884,1.515217,0.3169643,-0.9690033,0.8718822,0.6501588,False,0,1,14
6/25/2025 12:05:59 PM,1750845959911,Right,-0.2091534,0.9491545,0.4176674,-0.670269,1.026836,0.546193,-0.2703857,0.9448264,0.3612681,-0.6124951,0.9157566,0.5435099,-0.3505083,1.514522,0.3270742,-0.9449404,0.8865313,0.6640513,False,0,1,14
6/25/2025 12:05:59 PM,1750845959938,Right,-0.1610808,0.9303952,0.4234982,-0.6242886,1.010155,0.5843068,-0.2284619,0.9305636,0.3714481,-0.5718697,0.9094863,0.5703642,-0.334193,1.512144,0.3482296,-0.8928913,0.9015966,0.6997687,False,0,1,14
6/25/2025 12:05:59 PM,1750845959953,Right,-0.1379392,0.9237891,0.4225563,-0.5994658,1.000567,0.6017126,-0.204529,0.9235483,0.3750552,-0.5467947,0.9046021,0.5839001,-0.3251055,1.510656,0.35927,-0.8606579,0.9058245,0.720426,False,0,1,14
6/25/2025 12:05:59 PM,1750845959981,Right,-0.09592021,0.9148999,0.4149678,-0.5446377,0.9782711,0.6310235,-0.1539002,0.9124905,0.3753411,-0.4853326,0.8877221,0.60218,-0.3049467,1.507027,0.381574,-0.7872254,0.8976704,0.7610608,False,0,1,14
6/25/2025 12:05:59 PM,1750845959994,Right,-0.07660747,0.9112072,0.4102832,-0.5164635,0.9664593,0.6434495,-0.1359356,0.9089386,0.3742865,-0.4609101,0.8806941,0.6098193,-0.2939299,1.504687,0.3926729,-0.7558537,0.8932405,0.7811716,False,0,1,14
6/25/2025 12:06:00 PM,1750845960022,Right,-0.04034495,0.9058939,0.3991202,-0.4580934,0.9394489,0.6622356,-0.1025898,0.9039793,0.3689019,-0.4085956,0.8640736,0.6168624,-0.2696474,1.498719,0.4153984,-0.6982002,0.8669394,0.8093296,False,0,1,14
6/25/2025 12:06:00 PM,1750845960036,Right,-0.02391839,0.9037328,0.3914063,-0.427506,0.9233783,0.6677493,-0.08683869,0.9014243,0.36501,-0.3818869,0.8544143,0.6181949,-0.2565981,1.495245,0.4267942,-0.6688924,0.8504523,0.8218639,False,0,1,14
6/25/2025 12:06:00 PM,1750845960064,Right,0.007164478,0.896609,0.3726766,-0.366766,0.8903775,0.6752644,-0.05719474,0.8940219,0.3544568,-0.3306142,0.8326191,0.6182402,-0.2299309,1.486684,0.4476717,-0.6092674,0.8142794,0.8432892,False,0,1,14
6/25/2025 12:06:00 PM,1750845960078,Right,0.01945508,0.8930287,0.3585979,-0.3363788,0.8731017,0.6738465,-0.04356447,0.8898738,0.3457114,-0.3054734,0.8213641,0.614163,-0.2164086,1.481603,0.4575822,-0.5791879,0.7952898,0.849955,False,0,1,14
6/25/2025 12:06:00 PM,1750845960091,Right,0.03155494,0.8892779,0.3448009,-0.3071632,0.8569742,0.672605,-0.03166664,0.8855574,0.3358647,-0.2804343,0.8089173,0.6099223,-0.2026311,1.476083,0.4674894,-0.5470501,0.7738682,0.8574063,False,0,1,14
6/25/2025 12:06:00 PM,1750845960119,Right,0.05094814,0.8801321,0.3128831,-0.2517285,0.8256029,0.661709,-0.01000239,0.8757501,0.3153699,-0.2338498,0.7846425,0.5994521,-0.1752145,1.46322,0.485707,-0.4843595,0.7330831,0.867395,False,0,1,14
6/25/2025 12:06:00 PM,1750845960134,Right,0.05960774,0.8754085,0.2966908,-0.2255499,0.810603,0.6556923,-0.000531137,0.8699107,0.3032251,-0.2110956,0.7716495,0.59229,-0.1617085,1.45603,0.4944375,-0.4517426,0.7117887,0.8702399,False,0,1,14
6/25/2025 12:06:00 PM,1750845960161,Right,0.07144833,0.8674921,0.2609257,-0.1779089,0.7806582,0.6367165,0.01475425,0.8592103,0.2782565,-0.1666286,0.7453346,0.5772271,-0.1362708,1.439053,0.5103695,-0.3825378,0.6678652,0.8746173,False,0,1,14
6/25/2025 12:06:00 PM,1750845960175,Right,0.07714295,0.8637592,0.2433102,-0.1557264,0.7662791,0.6253633,0.02104619,0.85384,0.2652126,-0.1453754,0.7319791,0.568962,-0.1250308,1.429768,0.5180274,-0.3469375,0.6460792,0.8747399,False,0,1,14
6/25/2025 12:06:00 PM,1750845960203,Right,0.07998371,0.8574057,0.2039191,-0.1151199,0.7384418,0.6003184,0.02668086,0.8429685,0.2361865,-0.1066193,0.7047749,0.5478238,-0.1046464,1.408444,0.5327587,-0.2750303,0.6016929,0.8693188,False,0,1,14
6/25/2025 12:06:00 PM,1750845960217,Right,0.07869768,0.854858,0.184147,-0.09736776,0.7246662,0.5862755,0.02806264,0.8375357,0.2220314,-0.08859002,0.691117,0.5372556,-0.09598899,1.396413,0.5399439,-0.2391254,0.5801735,0.8642738,False,0,1,14
6/25/2025 12:06:00 PM,1750845960244,Right,0.0743506,0.8495638,0.1465852,-0.0623765,0.6967813,0.5586417,0.02718195,0.8256361,0.1946353,-0.0558586,0.6632528,0.5144874,-0.07957077,1.369012,0.5542053,-0.1703283,0.537165,0.8487563,False,0,1,14
6/25/2025 12:06:00 PM,1750845960259,Right,0.06933951,0.8472469,0.1290318,-0.04580271,0.6836187,0.5429028,0.02546841,0.8194033,0.1817804,-0.04455515,0.6511807,0.5020215,-0.07186317,1.353597,0.5605488,-0.144939,0.5194187,0.83834,False,0,1,14
6/25/2025 12:06:00 PM,1750845960272,Right,0.06388974,0.8449446,0.1127412,-0.02921391,0.6715908,0.5259023,0.02178051,0.8131086,0.1702308,-0.03411331,0.6395885,0.4877157,-0.06473458,1.338032,0.5675586,-0.1198384,0.5002476,0.8276212,False,0,1,14
6/25/2025 12:06:00 PM,1750845960300,Right,0.04581356,0.8421926,0.08806205,0.001472235,0.6553072,0.484009,0.01064719,0.8009084,0.1524909,-0.01753305,0.6204036,0.4560508,-0.05185938,1.304073,0.5800912,-0.07390736,0.4617683,0.806658,False,0,1,14
6/25/2025 12:06:00 PM,1750845960314,Right,0.03597522,0.8415027,0.07803857,0.01594925,0.6498771,0.4632733,0.003920972,0.7951094,0.1452871,-0.009677833,0.6126139,0.4388775,-0.04624176,1.286498,0.5852306,-0.04914419,0.4425032,0.7956355,False,0,1,14
6/25/2025 12:06:00 PM,1750845960341,Right,0.01220024,0.83978,0.0681448,0.03584659,0.6417181,0.4273077,-0.01331406,0.7833777,0.1391419,-0.0003941087,0.5979881,0.4112008,-0.03604007,1.250945,0.5952083,-0.007014888,0.4032879,0.7760031,False,0,1,14
6/25/2025 12:06:00 PM,1750845960355,Right,-0.0002164841,0.837295,0.06780827,0.0408361,0.6352478,0.4145302,-0.02199078,0.7765348,0.1389376,-0.000167923,0.5897218,0.4027751,-0.03124213,1.233271,0.6003196,0.005387962,0.3854425,0.7685386,False,0,1,14
6/25/2025 12:06:00 PM,1750845960383,Right,-0.02244329,0.8291194,0.06955147,0.04407883,0.6130978,0.400606,-0.03882042,0.7604707,0.1430246,-0.003231868,0.5675098,0.3955499,-0.02290213,1.198699,0.6082152,0.02276521,0.3486456,0.7567896,False,0,1,14
6/25/2025 12:06:00 PM,1750845960397,Right,-0.03186107,0.8229132,0.07257807,0.04626393,0.600236,0.3972909,-0.04590956,0.7515424,0.1452133,-0.004218027,0.5544505,0.3953518,-0.01949811,1.182081,0.6113358,0.03082922,0.3320363,0.7520295,False,0,1,14
6/25/2025 12:06:00 PM,1750845960424,Right,-0.04673576,0.8065529,0.08103836,0.05413914,0.5741826,0.3962398,-0.05611764,0.7305032,0.1542959,-0.00294194,0.5277531,0.4007099,-0.01332712,1.14964,0.6164626,0.04948138,0.3015364,0.7500613,False,0,1,14
6/25/2025 12:06:00 PM,1750845960438,Right,-0.05165625,0.7938505,0.09018075,0.05853224,0.5600817,0.4017404,-0.05913414,0.7192931,0.1604594,-0.001015868,0.515811,0.4043676,-0.01159644,1.134235,0.6176211,0.05909495,0.2878103,0.7520206,False,0,1,14
6/25/2025 12:06:00 PM,1750845960453,Right,-0.05758548,0.7819189,0.0981009,0.06313217,0.5462607,0.4071877,-0.06346776,0.706285,0.1672409,0.0007100403,0.5009372,0.4116269,-0.009915233,1.119468,0.6186273,0.06825182,0.2743994,0.7556498,False,0,1,14
6/25/2025 12:06:00 PM,1750845960480,Right,-0.06845653,0.7516062,0.1232207,0.06962836,0.5198228,0.4231468,-0.07113323,0.6797071,0.1852711,0.00185167,0.4761507,0.4248454,-0.007466793,1.092328,0.6215633,0.08331241,0.2477747,0.7680928,True,0,1,15
6/25/2025 12:06:00 PM,1750845960494,Right,-0.07319784,0.7360368,0.1372477,0.07118714,0.5072742,0.4314375,-0.07191882,0.6753435,0.1894632,-0.005433053,0.4853912,0.4115988,-0.006707191,1.080328,0.6232768,0.07957154,0.2412243,0.7714351,True,0,1,15
6/25/2025 12:06:00 PM,1750845960521,Right,-0.07837152,0.7016531,0.1726381,0.06673419,0.482619,0.4535432,-0.07369977,0.6644338,0.1997436,-0.012592,0.478817,0.4119419,-0.006925583,1.059546,0.6273425,0.07125242,0.2231161,0.7779543,True,0,1,15
6/25/2025 12:06:00 PM,1750845960535,Right,-0.07868505,0.683423,0.1940668,0.06139648,0.4697131,0.4664056,-0.0744421,0.6584374,0.2056677,-0.0172607,0.4769671,0.4112081,-0.007608652,1.050738,0.6298335,0.06539238,0.2139124,0.7826807,True,0,1,15
6/25/2025 12:06:00 PM,1750845960563,Right,-0.07753086,0.6492969,0.2385231,0.04778171,0.4465213,0.4953251,-0.07567622,0.6449385,0.2198707,-0.02757085,0.4728986,0.4126021,-0.010005,1.035401,0.6349633,0.04990298,0.1957938,0.7965847,True,0,1,15
6/25/2025 12:06:00 PM,1750845960577,Right,-0.07556832,0.6337976,0.2652947,0.03938961,0.4366109,0.5108197,-0.07604525,0.6378978,0.2281191,-0.03297254,0.4721037,0.4121601,-0.01150441,1.029533,0.6370883,0.04142193,0.1853237,0.8038606,True,0,1,15
6/25/2025 12:06:00 PM,1750845960592,Right,-0.07401109,0.6203687,0.2940103,0.02921307,0.4285336,0.5283515,-0.07634043,0.6304793,0.237568,-0.0383598,0.4707094,0.4130654,-0.01298618,1.024331,0.6392244,0.03100149,0.1738082,0.8120499,True,0,1,15
6/25/2025 12:06:00 PM,1750845960619,Right,-0.07275558,0.599274,0.3539139,0.00883007,0.4150005,0.5673046,-0.07679211,0.616186,0.2585361,-0.04830738,0.4673066,0.4182025,-0.01662946,1.016258,0.6431876,0.009576239,0.1508458,0.829587,True,0,1,15
6/25/2025 12:06:00 PM,1750845960633,Right,-0.07274604,0.5902197,0.3827271,-0.0006549358,0.4088009,0.5877211,-0.07702795,0.6090623,0.2705691,-0.05324919,0.4648606,0.4245658,-0.01861274,1.01324,0.6454287,-0.003299691,0.1416132,0.8416696,True,0,1,15
6/25/2025 12:06:00 PM,1750845960660,Right,-0.07418478,0.5825064,0.4406419,-0.02362084,0.4032625,0.6371871,-0.0776901,0.5952414,0.297893,-0.0629091,0.4575101,0.4450219,-0.02279007,1.011143,0.6508584,-0.03207365,0.1264141,0.870798,True,0,1,15
6/25/2025 12:06:00 PM,1750845960674,Right,-0.07556462,0.5828794,0.4689409,-0.0357691,0.4026279,0.6628307,-0.07816742,0.5890487,0.312746,-0.06673199,0.4518206,0.4581043,-0.02516842,1.011183,0.6538335,-0.04390409,0.1174571,0.8841718,True,0,1,15
6/25/2025 12:06:00 PM,1750845960702,Right,-0.08127642,0.5905952,0.5236588,-0.06279826,0.4054952,0.714184,-0.07988964,0.5778244,0.3480131,-0.07464393,0.4385222,0.4910184,-0.03088808,1.013852,0.6601158,-0.06707881,0.09702986,0.9126126,True,0,1,15
6/25/2025 12:06:00 PM,1750845960716,Right,-0.08622813,0.5980515,0.5486311,-0.07818198,0.4094844,0.7393987,-0.08107825,0.5741394,0.3640492,-0.07831141,0.4325843,0.507097,-0.03452992,1.016391,0.6633552,-0.0768497,0.08891183,0.9249738,True,0,1,15
6/25/2025 12:06:00 PM,1750845960743,Right,-0.09768414,0.6191221,0.5916272,-0.1110222,0.4230177,0.7884457,-0.085149,0.5687351,0.4028301,-0.08913127,0.4220595,0.5498153,-0.04280615,1.024081,0.6697476,-0.1041358,0.08141828,0.961634,True,0,1,15
6/25/2025 12:06:00 PM,1750845960758,Right,-0.1025882,0.6301653,0.610363,-0.1285694,0.4339817,0.8119435,-0.08791175,0.5675798,0.4239797,-0.0955512,0.418976,0.5736688,-0.04765844,1.029475,0.6733786,-0.1194862,0.082012,0.983736,True,0,1,15
6/25/2025 12:06:00 PM,1750845960772,Right,-0.1072924,0.6418579,0.6265748,-0.1459732,0.4454038,0.8339338,-0.09112167,0.5678068,0.4453347,-0.1026006,0.4168292,0.5992291,-0.05310261,1.035928,0.6774814,-0.1354466,0.0860104,1.00748,True,0,1,15
6/25/2025 12:06:00 PM,1750845960799,Right,-0.1181808,0.6654289,0.6526735,-0.1817504,0.4722585,0.8723302,-0.0994782,0.572567,0.4900521,-0.1196043,0.4180754,0.6527905,-0.06580555,1.051033,0.686395,-0.171557,0.1014891,1.058375,True,0,1,15
6/25/2025 12:06:00 PM,1750845960813,Right,-0.1246645,0.6768482,0.6641947,-0.1997384,0.4874496,0.8894231,-0.1051897,0.5774956,0.5150516,-0.1297577,0.4228765,0.6807983,-0.07251024,1.0594,0.690855,-0.1917973,0.1123735,1.086244,True,0,1,15
6/25/2025 12:06:00 PM,1750845960841,Right,-0.1390877,0.7005621,0.6800082,-0.2357274,0.5216044,0.9158697,-0.1189729,0.5922924,0.5603173,-0.1516071,0.4384047,0.7332236,-0.0870645,1.078711,0.699075,-0.2312204,0.1427099,1.139434,True,0,1,15
6/25/2025 12:06:00 PM,1750845960855,Right,-0.1461992,0.7120255,0.6852349,-0.2532203,0.539129,0.9259644,-0.1271737,0.6021461,0.5810686,-0.1638777,0.4488556,0.7574178,-0.09546232,1.089277,0.7022779,-0.2521721,0.1605329,1.163695,True,0,1,15
6/25/2025 12:06:00 PM,1750845960883,Right,-0.1611593,0.7330775,0.6896434,-0.2874334,0.5749444,0.9422905,-0.1503876,0.6312537,0.6220682,-0.1951563,0.4801179,0.8067124,-0.1143708,1.111744,0.7077667,-0.3001761,0.2094032,1.213427,True,0,1,15
6/25/2025 12:06:00 PM,1750845960897,Right,-0.1688306,0.7429535,0.6905634,-0.3043227,0.5930347,0.9488091,-0.1650437,0.6499467,0.6390978,-0.2140254,0.4999821,0.8280199,-0.1242057,1.123679,0.70961,-0.3274865,0.2382243,1.234242,True,0,1,15
6/25/2025 12:06:00 PM,1750845960924,Right,-0.185125,0.7613399,0.6915257,-0.3382826,0.6298083,0.9579487,-0.1951899,0.6872007,0.6553259,-0.2521037,0.5414525,0.8508697,-0.1439183,1.148501,0.7123164,-0.382422,0.2960882,1.257053,True,0,1,15
6/25/2025 12:06:00 PM,1750845960939,Right,-0.193571,0.7702903,0.6920229,-0.3557575,0.6486279,0.9618549,-0.2041012,0.6973682,0.6555098,-0.2652656,0.5538645,0.8548665,-0.15377,1.161149,0.7133402,-0.4039368,0.3174871,1.26037,True,0,1,15
6/25/2025 12:06:00 PM,1750845960952,Right,-0.2023026,0.7787123,0.6910115,-0.3741633,0.6687042,0.9633923,-0.2132846,0.7074441,0.6547435,-0.2790409,0.566868,0.8573968,-0.1643089,1.174296,0.7133088,-0.4269515,0.3395151,1.262259,True,0,1,15
6/25/2025 12:06:00 PM,1750845960980,Right,-0.2182211,0.7952343,0.6901898,-0.4120488,0.7077905,0.9685886,-0.2306148,0.727531,0.6537831,-0.3080968,0.5922949,0.8652747,-0.1858187,1.200497,0.7101861,-0.4753732,0.3860615,1.265005,True,0,1,15
6/25/2025 12:06:00 PM,1750845960994,Right,-0.2259932,0.8032862,0.6904284,-0.4315133,0.7274187,0.9706614,-0.2383002,0.7362545,0.6530293,-0.3216985,0.6033223,0.8687699,-0.1967697,1.213788,0.7078609,-0.4973518,0.4068733,1.264994,True,0,1,15
6/25/2025 12:06:01 PM,1750845961022,Right,-0.2425103,0.8193264,0.6906735,-0.4722929,0.7687504,0.9699435,-0.2567119,0.7569339,0.6517611,-0.3540376,0.6306319,0.875116,-0.2188163,1.240594,0.7007722,-0.5487975,0.4555483,1.263278,True,0,1,15
6/25/2025 12:06:01 PM,1750845961035,Right,-0.2514002,0.8284693,0.6909802,-0.4927019,0.7901638,0.9675207,-0.2665445,0.7678326,0.6504855,-0.371006,0.6457646,0.875834,-0.2300553,1.254429,0.6963711,-0.5760905,0.480611,1.260227,True,0,1,15
6/25/2025 12:06:01 PM,1750845961063,Right,-0.2712706,0.8492857,0.6909899,-0.5336306,0.8345021,0.9590759,-0.2862808,0.7900723,0.6476749,-0.4054235,0.6766229,0.8761537,-0.2528909,1.282102,0.6844625,-0.6308525,0.5306735,1.251068,True,0,1,15
6/25/2025 12:06:01 PM,1750845961078,Right,-0.2827902,0.8611274,0.6902299,-0.5546498,0.8576537,0.9510989,-0.296277,0.8011999,0.6456769,-0.4218675,0.6915227,0.8748901,-0.2639037,1.296254,0.6773064,-0.6563138,0.5531461,1.244795,True,0,1,15
6/25/2025 12:06:01 PM,1750845961091,Right,-0.2942932,0.8728748,0.6892351,-0.5756347,0.8804358,0.9430368,-0.3074678,0.8135826,0.642987,-0.4393655,0.7076878,0.8714134,-0.274924,1.310464,0.6692436,-0.6836323,0.5756234,1.236263,True,0,1,15
6/25/2025 12:06:01 PM,1750845961119,Right,-0.319078,0.89864,0.6856488,-0.619241,0.9265546,0.9210882,-0.3306574,0.8392859,0.6361255,-0.4761463,0.7403454,0.8627142,-0.2967523,1.338816,0.6506118,-0.7384127,0.621844,1.216259,True,0,1,15
6/25/2025 12:06:01 PM,1750845961133,Right,-0.3321083,0.9121966,0.6830781,-0.6414101,0.9488791,0.9080827,-0.3424821,0.8523459,0.631939,-0.4949214,0.756375,0.8568825,-0.3072037,1.352647,0.6403958,-0.766049,0.6438085,1.203956,True,0,1,15
6/25/2025 12:06:01 PM,1750845961161,Right,-0.3592439,0.9393682,0.6750786,-0.6865456,0.9909775,0.872438,-0.3686996,0.8805249,0.6200387,-0.5351964,0.7890509,0.8381624,-0.3264754,1.379057,0.6167617,-0.8266348,0.6839373,1.169355,True,0,1,15
6/25/2025 12:06:01 PM,1750845961174,Right,-0.3738259,0.9536372,0.6681591,-0.709322,1.010955,0.8518605,-0.3821028,0.894462,0.6117077,-0.5555058,0.8045705,0.8261718,-0.3349918,1.391185,0.6035197,-0.856623,0.7019384,1.148239,True,0,1,15
6/25/2025 12:06:01 PM,1750845961203,Right,-0.4014151,0.9813225,0.6535225,-0.7549603,1.047728,0.8057866,-0.4092698,0.9230561,0.5922531,-0.5977868,0.8348958,0.7984568,-0.350912,1.414054,0.5758146,-0.9180393,0.7352339,1.098194,True,0,1,15
6/25/2025 12:06:01 PM,1750845961216,Right,-0.4147327,0.995103,0.6438087,-0.7772195,1.064698,0.7798457,-0.4210337,0.9357296,0.5814033,-0.6178336,0.8480295,0.7829553,-0.3580149,1.424672,0.5615565,-0.9473807,0.7493351,1.069579,True,0,1,15
6/25/2025 12:06:01 PM,1750845961243,Right,-0.4401786,1.021409,0.623142,-0.8187759,1.09429,0.722909,-0.4426099,0.958774,0.5593324,-0.6554595,0.8704082,0.7493313,-0.3708882,1.443861,0.53206,-1.002556,0.7705293,1.007802,True,0,1,15
6/25/2025 12:06:01 PM,1750845961258,Right,-0.4520087,1.032799,0.6101716,-0.8376086,1.105757,0.6913522,-0.4530731,0.9692558,0.545652,-0.6738229,0.8798118,0.728974,-0.3763345,1.451878,0.5168607,-1.028855,0.7781955,0.9723497,True,0,1,15
6/25/2025 12:06:01 PM,1750845961272,Right,-0.4629582,1.042624,0.5966436,-0.8557127,1.115687,0.659634,-0.4633695,0.9791545,0.5315275,-0.6931935,0.8886536,0.7079201,-0.381669,1.459381,0.5017692,-1.0554,0.785966,0.9343654,True,0,1,15
6/25/2025 12:06:01 PM,1750845961300,Right,-0.481483,1.058401,0.5685222,-0.8897693,1.12814,0.5927602,-0.4796161,0.994022,0.5027596,-0.7293597,0.9003357,0.6642649,-0.3906956,1.472343,0.4714344,-1.102148,0.7949939,0.8533901,True,0,1,15
6/25/2025 12:06:01 PM,1750845961313,Right,-0.4894969,1.064851,0.5542331,-0.9049208,1.132131,0.5579089,-0.4864864,0.9999664,0.4881888,-0.7458726,0.9037775,0.6405268,-0.3942199,1.477491,0.4562913,-1.122773,0.7952665,0.8096499,True,0,1,15
6/25/2025 12:06:01 PM,1750845961341,Right,-0.5034032,1.075362,0.5243731,-0.9305694,1.138863,0.4871678,-0.4981245,1.00951,0.4585072,-0.7768583,0.9086725,0.5920218,-0.4003668,1.486419,0.4282792,-1.157497,0.7949269,0.7217221,True,0,1,15
6/25/2025 12:06:01 PM,1750845961354,Right,-0.5093787,1.079375,0.5085582,-0.9401643,1.139463,0.4505023,-0.5032431,1.013418,0.4433517,-0.7904985,0.9098685,0.5661336,-0.4028084,1.489909,0.4152875,-1.171745,0.7922927,0.6763938,True,0,1,15
6/25/2025 12:06:01 PM,1750845961383,Right,-0.5198135,1.085663,0.4755517,-0.9570093,1.137659,0.3772218,-0.5119555,1.019183,0.4123713,-0.8171071,0.9093148,0.5087416,-0.4064595,1.494927,0.3901994,-1.195504,0.7823195,0.5759476,True,0,1,15
6/25/2025 12:06:01 PM,1750845961397,Right,-0.5233506,1.087598,0.4578623,-0.9618611,1.131784,0.3398777,-0.5149468,1.02107,0.3978578,-0.8270352,0.906921,0.4811528,-0.4077045,1.496457,0.3784289,-1.201664,0.7736495,0.5293978,True,0,1,15
6/25/2025 12:06:01 PM,1750845961424,Right,-0.5281994,1.090505,0.4234232,-0.9695001,1.116375,0.269006,-0.5190051,1.023435,0.364929,-0.8425918,0.8971815,0.4167518,-0.4095002,1.498083,0.3568158,-1.204192,0.7460456,0.4255486,False,0,1,15
6/25/2025 12:06:01 PM,1750845961439,Right,-0.528939,1.090623,0.4061837,-0.9701633,1.107341,0.2344704,-0.5219762,1.033505,0.3609724,-0.8764374,0.9036292,0.3997731,-0.4097488,1.498094,0.3467447,-1.212088,0.7632719,0.3896163,False,0,1,15
6/25/2025 12:06:01 PM,1750845961452,Right,-0.5279737,1.089549,0.3893076,-0.9673064,1.097857,0.2016414,-0.5217523,1.033149,0.3480305,-0.8832153,0.9071095,0.3671556,-0.4099369,1.498586,0.3373022,-1.213958,0.7668782,0.3408845,False,0,1,15
6/25/2025 12:06:01 PM,1750845961479,Right,-0.5239339,1.086221,0.3597858,-0.9602454,1.081663,0.1427904,-0.5188782,1.031381,0.3202521,-0.8892871,0.9085928,0.2969902,-0.4105086,1.500009,0.3202757,-1.206891,0.7659245,0.2410566,False,0,1,15
6/25/2025 12:06:01 PM,1750845961493,Right,-0.5207729,1.084064,0.3478813,-0.9551268,1.074185,0.1180445,-0.5156618,1.029432,0.306899,-0.8860441,0.9069729,0.2624753,-0.4113662,1.500791,0.3129176,-1.198529,0.7647542,0.1896864,False,0,1,15
6/25/2025 12:06:01 PM,1750845961521,Right,-0.5142182,1.080157,0.3279952,-0.9393618,1.057401,0.08523655,-0.5103998,1.026712,0.2887162,-0.8719385,0.8981552,0.201534,-0.4132386,1.501168,0.2990885,-1.171111,0.7545214,0.09003913,False,0,1,15
6/25/2025 12:06:01 PM,1750845961535,Right,-0.5109904,1.078101,0.3205525,-0.9314826,1.048344,0.07710552,-0.5082595,1.02534,0.2809077,-0.8614261,0.8874068,0.188103,-0.4144261,1.501099,0.2925795,-1.157428,0.7361476,0.06866324,False,0,1,15
6/25/2025 12:06:01 PM,1750845961563,Right,-0.503312,1.071996,0.309384,-0.9200971,1.038283,0.07842696,-0.5023246,1.020742,0.2700339,-0.8485829,0.8760267,0.1918908,-0.4163364,1.500245,0.2799876,-1.151661,0.7168341,0.08002937,False,0,1,15
6/25/2025 12:06:01 PM,1750845961577,Right,-0.4977186,1.067632,0.305353,-0.9160836,1.03848,0.08732152,-0.4984078,1.017751,0.2653064,-0.8412392,0.8750231,0.1966325,-0.4171728,1.499629,0.2744101,-1.152368,0.7147839,0.09024313,False,0,1,15
6/25/2025 12:06:01 PM,1750845961605,Right,-0.4850932,1.058468,0.2980096,-0.9104371,1.04145,0.116967,-0.4881503,1.010575,0.2577986,-0.8281286,0.8728006,0.2089877,-0.4184374,1.498024,0.2644023,-1.153492,0.7146446,0.116922,False,0,1,15
6/25/2025 12:06:01 PM,1750845961618,Right,-0.4775552,1.053118,0.2969362,-0.9081869,1.042903,0.1378731,-0.4828324,1.006924,0.2551084,-0.8225206,0.8719589,0.2164127,-0.4191345,1.49749,0.2602243,-1.154175,0.7164258,0.1325926,False,0,1,15
6/25/2025 12:06:01 PM,1750845961633,Right,-0.4698611,1.048331,0.2958314,-0.9052954,1.043629,0.1560496,-0.4765835,1.003187,0.2541153,-0.8166974,0.8712929,0.2259147,-0.4197061,1.496935,0.2564051,-1.154117,0.7195485,0.1511676,False,0,1,15
6/25/2025 12:06:01 PM,1750845961661,Right,-0.452637,1.04051,0.2961811,-0.8974113,1.047698,0.2011399,-0.4631439,0.9973733,0.2527584,-0.8049397,0.8723628,0.246816,-0.42063,1.49624,0.2508298,-1.152703,0.7309591,0.1924978,False,0,1,15
6/25/2025 12:06:01 PM,1750845961674,Right,-0.4444546,1.03645,0.2973541,-0.8922234,1.049556,0.2227026,-0.4562984,0.9945392,0.2536097,-0.7988511,0.8732783,0.2591409,-0.4206587,1.495888,0.2483878,-1.1512,0.738049,0.2158676,False,0,1,15
6/25/2025 12:06:01 PM,1750845961702,Right,-0.4263732,1.027398,0.3033992,-0.877542,1.054563,0.2699679,-0.4417125,0.9882085,0.2583748,-0.7851055,0.8759522,0.2890583,-0.420424,1.495768,0.245928,-1.146016,0.7560617,0.2712103,False,0,1,15
6/25/2025 12:06:01 PM,1750845961716,Right,-0.4163376,1.022397,0.307577,-0.8683789,1.056805,0.2944379,-0.4337398,0.984824,0.2613288,-0.7777491,0.8774079,0.304891,-0.4202042,1.496152,0.2460343,-1.141465,0.7664515,0.3005534,False,0,1,15
6/25/2025 12:06:01 PM,1750845961744,Right,-0.3951498,1.011704,0.3167962,-0.8453317,1.060124,0.3445334,-0.416388,0.9775903,0.2694861,-0.7590395,0.8817531,0.3409198,-0.4194187,1.497198,0.2476151,-1.127493,0.7909922,0.3675201,False,0,1,15
6/25/2025 12:06:01 PM,1750845961758,Right,-0.3841648,1.006427,0.3216383,-0.8315251,1.061321,0.3706228,-0.4077033,0.9741821,0.2735921,-0.7485907,0.8839071,0.3584115,-0.4184858,1.497772,0.249462,-1.11803,0.8027164,0.4006199,False,0,1,15
6/25/2025 12:06:01 PM,1750845961772,Right,-0.3723079,1.001187,0.3281294,-0.813957,1.06222,0.3980156,-0.3976485,0.9706525,0.2795641,-0.7341071,0.887161,0.3804061,-0.416944,1.498636,0.2526331,-1.104622,0.8166988,0.4426203,False,0,1,15
6/25/2025 12:06:01 PM,1750845961799,Right,-0.3477557,0.9911419,0.3427417,-0.7756221,1.062513,0.4497472,-0.3781669,0.9645481,0.2922771,-0.7034754,0.8925308,0.421663,-0.4132969,1.50075,0.2607299,-1.072375,0.8390988,0.5212687,False,0,1,15
6/25/2025 12:06:01 PM,1750845961813,Right,-0.3345065,0.9864412,0.3504988,-0.7530742,1.061401,0.4737418,-0.366906,0.9613917,0.2994991,-0.6842563,0.894801,0.4435277,-0.4108729,1.501758,0.2658505,-1.050848,0.8483598,0.5632184,False,0,1,15
6/25/2025 12:06:01 PM,1750845961841,Right,-0.3067471,0.9774979,0.3659997,-0.7070441,1.05724,0.5175867,-0.3427533,0.9554977,0.314966,-0.639177,0.8982851,0.4887123,-0.4048563,1.503371,0.2782009,-0.9972795,0.8622081,0.6511098,False,0,1,15
6/25/2025 12:06:01 PM,1750845961854,Right,-0.291841,0.9734102,0.3737571,-0.683461,1.053662,0.5376803,-0.3308722,0.9528865,0.3221217,-0.6167663,0.8987825,0.5095395,-0.4011538,1.503985,0.2854073,-0.9681674,0.8661981,0.6914998,False,0,1,15
6/25/2025 12:06:01 PM,1750845961883,Right,-0.260214,0.9662754,0.3870035,-0.6334662,1.042841,0.5739696,-0.3031706,0.9479787,0.3365237,-0.5609863,0.8963647,0.5521145,-0.3914325,1.504806,0.3016952,-0.8930959,0.8661587,0.7785575,False,0,1,15
6/25/2025 12:06:01 PM,1750845961896,Right,-0.2436379,0.9630922,0.3920937,-0.6075976,1.036134,0.5906316,-0.2902029,0.9460842,0.3419801,-0.5334082,0.8924217,0.5682254,-0.3853754,1.505276,0.3113632,-0.8551971,0.8591773,0.8145571,False,0,1,15
6/25/2025 12:06:01 PM,1750845961924,Right,-0.2092805,0.9562444,0.4000313,-0.5527952,1.017866,0.6190382,-0.2581648,0.9412127,0.3529635,-0.4751878,0.8784761,0.5929923,-0.3709977,1.505263,0.3322998,-0.7774873,0.832714,0.871261,False,0,1,15
6/25/2025 12:06:01 PM,1750845961937,Right,-0.1913812,0.9524751,0.4021745,-0.5242426,1.006866,0.6308208,-0.2420845,0.9384313,0.3569047,-0.4486409,0.8710534,0.5999203,-0.3628452,1.504808,0.3431154,-0.7437917,0.8181847,0.8897563,False,0,1,15
6/25/2025 12:06:01 PM,1750845961952,Right,-0.172767,0.9488327,0.4021926,-0.4947124,0.993749,0.6394101,-0.2266636,0.9358695,0.3593246,-0.4234947,0.86369,0.6041149,-0.3542747,1.504274,0.3539513,-0.7120681,0.8030549,0.9041575,False,0,1,15
6/25/2025 12:06:01 PM,1750845961979,Right,-0.1359832,0.941344,0.4016248,-0.4380071,0.9665676,0.6531748,-0.1921315,0.9297831,0.363037,-0.3691705,0.845401,0.6096569,-0.3348013,1.502089,0.3761339,-0.6428626,0.7645885,0.9284151,False,0,1,15
6/25/2025 12:06:01 PM,1750845961994,Right,-0.1174866,0.9375834,0.3999207,-0.4108959,0.9514261,0.6569862,-0.1751606,0.9266958,0.3639863,-0.3442267,0.8363039,0.6104788,-0.3239348,1.500498,0.3876179,-0.6113593,0.7454178,0.9357984,False,0,1,15
6/25/2025 12:06:02 PM,1750845962021,Right,-0.08164775,0.9306427,0.390855,-0.3605958,0.9190438,0.6587834,-0.1417271,0.9205316,0.3618162,-0.2981021,0.8180521,0.6085377,-0.3000067,1.495978,0.4100877,-0.5522393,0.7080849,0.9418561,False,0,1,15
6/25/2025 12:06:02 PM,1750845962036,Right,-0.06458461,0.9273349,0.3846877,-0.3361319,0.9028825,0.659037,-0.1256151,0.9174328,0.3584908,-0.2764503,0.8088472,0.6058855,-0.2878155,1.493535,0.421073,-0.5235759,0.6900035,0.9415889,False,0,1,15
6/25/2025 12:06:02 PM,1750845962064,Right,-0.03268802,0.9195255,0.3664886,-0.2880836,0.8691741,0.6525303,-0.09491196,0.9100262,0.3481903,-0.2344118,0.7900227,0.59693,-0.2618859,1.487068,0.442367,-0.4665816,0.6549295,0.9371619,False,0,1,15
6/25/2025 12:06:02 PM,1750845962077,Right,-0.01850104,0.9153976,0.3540617,-0.2646515,0.8523669,0.6457727,-0.08077012,0.9059473,0.3402716,-0.2140692,0.7803159,0.5897297,-0.2479246,1.483104,0.4524804,-0.43783,0.6373439,0.9322687,False,0,1,15
6/25/2025 12:06:02 PM,1750845962091,Right,-0.005038023,0.9112691,0.3410583,-0.2418704,0.8358298,0.6379747,-0.06724928,0.9018913,0.3317722,-0.1945386,0.7707865,0.5819134,-0.2341725,1.479217,0.4619975,-0.4098631,0.6204153,0.9263201,False,0,1,15
6/25/2025 12:06:02 PM,1750845962119,Right,0.01946115,0.9029088,0.3125231,-0.2005827,0.8034943,0.6157005,-0.04201953,0.8934813,0.3124644,-0.1588544,0.7518251,0.5623111,-0.2060205,1.470691,0.4795992,-0.3597674,0.5868033,0.9083545,False,0,1,15
6/25/2025 12:06:02 PM,1750845962133,Right,0.02948415,0.8991183,0.2951044,-0.1828167,0.7881016,0.6012895,-0.03119519,0.8894863,0.3001404,-0.1433709,0.7427016,0.5508711,-0.1920495,1.46619,0.4875242,-0.3369354,0.571744,0.8965153,False,0,1,15
6/25/2025 12:06:02 PM,1750845962160,Right,0.04498768,0.8927287,0.255845,-0.152238,0.7588365,0.5695978,-0.01361328,0.882205,0.2722127,-0.1183106,0.7251878,0.5247089,-0.1647947,1.456421,0.5021726,-0.2991861,0.5437927,0.8672131,False,0,1,15
6/25/2025 12:06:02 PM,1750845962175,Right,0.04932094,0.8903919,0.2346213,-0.1408612,0.744749,0.5510793,-0.006460607,0.8786507,0.2566644,-0.1077112,0.716218,0.5100573,-0.1515754,1.450858,0.5088243,-0.2823962,0.5299804,0.8502878,False,0,1,15
6/25/2025 12:06:02 PM,1750845962202,Right,0.05368435,0.8877803,0.1926472,-0.1191112,0.7189516,0.517095,0.001392841,0.8730777,0.2246785,-0.09148034,0.6997257,0.4816716,-0.1258514,1.437979,0.5201732,-0.2511388,0.5059911,0.8176163,False,0,1,15
6/25/2025 12:06:02 PM,1750845962216,Right,0.05232263,0.8878797,0.1716512,-0.1112897,0.709362,0.5002021,0.002681494,0.8710161,0.2089105,-0.08532205,0.6927506,0.4680635,-0.1141883,1.430682,0.5251147,-0.2366992,0.4964131,0.8026019,False,0,1,15
6/25/2025 12:06:02 PM,1750845962244,Right,0.04852009,0.8895364,0.1344523,-0.09446502,0.6925452,0.4707544,0.00403589,0.8673699,0.1810251,-0.07404631,0.6803376,0.4441329,-0.09197903,1.414855,0.5346859,-0.2091056,0.4802575,0.7766885,False,0,1,15
6/25/2025 12:06:02 PM,1750845962258,Right,0.04416251,0.8916687,0.1185089,-0.08671141,0.6858335,0.4571912,0.003255457,0.8659572,0.1688342,-0.0691234,0.6746875,0.4331899,-0.08170867,1.405648,0.5386182,-0.1955385,0.4723421,0.7651967,False,0,1,15
6/25/2025 12:06:02 PM,1750845962272,Right,0.03999293,0.893415,0.1037188,-0.07859659,0.6790479,0.4436213,0.001838848,0.8643891,0.1577204,-0.06386341,0.6690314,0.422484,-0.07131302,1.396269,0.5428237,-0.1807796,0.4637171,0.7545559,False,0,1,15
6/25/2025 12:06:02 PM,1750845962299,Right,0.03071785,0.895565,0.07709932,-0.06489384,0.6689566,0.4180028,-0.002397001,0.8598257,0.1384659,-0.05485936,0.658199,0.4024466,-0.05304503,1.375617,0.5514263,-0.1531244,0.4473357,0.7361559,False,0,1,15
6/25/2025 12:06:02 PM,1750845962313,Right,0.02338696,0.8966995,0.06684589,-0.0583322,0.6649728,0.4069898,-0.006069265,0.8571442,0.1305896,-0.05163089,0.6533461,0.3939313,-0.04491699,1.364058,0.5555687,-0.1403495,0.4400567,0.72901,False,0,1,15
6/25/2025 12:06:02 PM,1750845962341,Right,0.008075595,0.8966827,0.04985046,-0.0461266,0.6544614,0.3880193,-0.015865,0.8495711,0.1190569,-0.04566627,0.6408554,0.3801481,-0.02970552,1.338851,0.563252,-0.1129996,0.4213851,0.7168207,False,0,1,15
6/25/2025 12:06:02 PM,1750845962354,Right,-0.001100183,0.8948175,0.04572749,-0.04194891,0.6480058,0.3814484,-0.0214212,0.8443897,0.1157109,-0.04342691,0.6333872,0.3747467,-0.0228982,1.325017,0.5667894,-0.100457,0.4100503,0.7116997,False,0,1,15
6/25/2025 12:06:02 PM,1750845962383,Right,-0.01860106,0.8880321,0.04180181,-0.03461373,0.6321987,0.3701851,-0.03243782,0.831833,0.11421,-0.0410765,0.6166388,0.3685408,-0.01066279,1.296184,0.5727166,-0.08023955,0.3857803,0.7048469,False,0,1,15
6/25/2025 12:06:02 PM,1750845962396,Right,-0.02712607,0.8823903,0.0420785,-0.03209496,0.622837,0.3665028,-0.03821911,0.8235247,0.1150157,-0.04089247,0.6065809,0.3668494,-0.005389929,1.280856,0.5747918,-0.07184593,0.3722566,0.7026606,False,0,1,15
6/25/2025 12:06:02 PM,1750845962411,Right,-0.03507066,0.8756211,0.042647,-0.02956581,0.6128784,0.3636209,-0.04378588,0.8141239,0.1159252,-0.04083135,0.595619,0.3656918,-0.0007029772,1.265359,0.5770577,-0.06387037,0.3585747,0.7008797,False,0,1,15
6/25/2025 12:06:02 PM,1750845962438,Right,-0.05145919,0.8551365,0.05066919,-0.02562094,0.5898068,0.3643289,-0.05433347,0.7929114,0.1218515,-0.04058978,0.5734896,0.3670312,0.006462693,1.233536,0.5807873,-0.04795466,0.3316355,0.7026131,False,0,1,15
6/25/2025 12:06:02 PM,1750845962452,Right,-0.05993724,0.8430462,0.05662107,-0.02345538,0.5779243,0.3655057,-0.05989685,0.7814558,0.1257365,-0.04059462,0.561906,0.3685915,0.009135365,1.217793,0.5821451,-0.0397149,0.3179078,0.7043694,False,0,1,15
6/25/2025 12:06:02 PM,1750845962480,Right,-0.07607102,0.8145853,0.0743345,-0.0215379,0.5513124,0.3743769,-0.07147466,0.7553232,0.1375927,-0.04258447,0.5373589,0.3745479,0.01249886,1.187032,0.5847634,-0.02657029,0.2883463,0.7120631,False,0,1,15
6/25/2025 12:06:02 PM,1750845962494,Right,-0.08348143,0.7983217,0.08616734,-0.02133763,0.538277,0.3795681,-0.07650562,0.7417493,0.1456363,-0.04437321,0.5264305,0.3783247,0.0143795,1.172452,0.5860014,-0.02212186,0.2738483,0.7185335,False,0,1,15
6/25/2025 12:06:02 PM,1750845962522,Right,-0.09777081,0.763651,0.11418,-0.02393603,0.5121962,0.3947008,-0.08642019,0.7124683,0.1654912,-0.04947508,0.504379,0.3877119,0.01737261,1.1449,0.58832,-0.01536364,0.2428349,0.7351364,False,0,1,15
6/25/2025 12:06:02 PM,1750845962535,Right,-0.1047447,0.7436016,0.13369,-0.02645004,0.4995496,0.405208,-0.09105804,0.6978868,0.1769772,-0.052805,0.4947321,0.3933265,0.01851892,1.131821,0.5895733,-0.01336057,0.2282682,0.7457668,False,0,1,15
6/25/2025 12:06:02 PM,1750845962563,Right,-0.1182997,0.7055578,0.1733699,-0.03062582,0.4748342,0.4297624,-0.09701097,0.6769001,0.1952644,-0.06158368,0.495061,0.3879252,0.01936436,1.107057,0.5925975,-0.01400544,0.2067086,0.7628295,True,0,1,16
6/25/2025 12:06:02 PM,1750845962577,Right,-0.1244026,0.6864758,0.1985327,-0.03297889,0.4627583,0.4465234,-0.09823383,0.6711651,0.2012398,-0.06376498,0.4942455,0.3886884,0.01890874,1.095768,0.5936316,-0.01465724,0.2011571,0.768873,True,0,1,16
6/25/2025 12:06:02 PM,1750845962604,Right,-0.134213,0.6526988,0.254177,-0.03739166,0.4411349,0.4829348,-0.1012146,0.658621,0.215387,-0.06810527,0.4910848,0.3918722,0.01616383,1.076123,0.5951797,-0.01479595,0.1874689,0.7816446,True,0,1,16
6/25/2025 12:06:02 PM,1750845962619,Right,-0.138341,0.6382019,0.2835535,-0.04002392,0.4320619,0.5029685,-0.1027291,0.6523864,0.2235391,-0.0703048,0.4898554,0.3936941,0.01451492,1.067662,0.5957899,-0.01495208,0.1796184,0.7882388,True,0,1,16
6/25/2025 12:06:02 PM,1750845962632,Right,-0.1418881,0.6267802,0.3162438,-0.04354346,0.4247032,0.5257992,-0.1044266,0.645666,0.2330341,-0.07245132,0.4871375,0.3974988,0.01243997,1.060797,0.596545,-0.01486223,0.1705367,0.7954668,True,0,1,16
6/25/2025 12:06:02 PM,1750845962660,Right,-0.1504797,0.6086873,0.3798889,-0.0534451,0.4129136,0.5750458,-0.1080083,0.6328216,0.2540669,-0.07715292,0.479826,0.4087051,0.008368492,1.049607,0.5983399,-0.0161763,0.1507828,0.8102194,True,0,1,16
6/25/2025 12:06:02 PM,1750845962674,Right,-0.1547949,0.6051183,0.4129673,-0.06032324,0.4105314,0.6016275,-0.1100564,0.6264094,0.2664193,-0.08026783,0.475337,0.4165334,0.00640738,1.04567,0.5997101,-0.01889575,0.1397282,0.8186251,True,0,1,16
6/25/2025 12:06:02 PM,1750845962702,Right,-0.1636504,0.599295,0.4730241,-0.07551932,0.4101001,0.6526711,-0.1146527,0.6141471,0.2943424,-0.08840217,0.4679559,0.437856,0.002999902,1.040752,0.6028682,-0.03008514,0.1238701,0.8444122,True,0,1,16
6/25/2025 12:06:02 PM,1750845962715,Right,-0.1678128,0.5997735,0.4998986,-0.08457899,0.4126526,0.678054,-0.1169863,0.6088936,0.3084533,-0.0925352,0.4654403,0.4497601,0.001082063,1.039907,0.6047356,-0.03633786,0.1193722,0.8597834,True,0,1,16
6/25/2025 12:06:02 PM,1750845962743,Right,-0.1765643,0.6055272,0.5491813,-0.104309,0.4232979,0.7274201,-0.1224341,0.5991747,0.3404374,-0.1017149,0.4590484,0.4792802,-0.003276944,1.041115,0.60856,-0.05477069,0.1101958,0.8939909,True,0,1,16
6/25/2025 12:06:02 PM,1750845962756,Right,-0.1808069,0.6118913,0.5707874,-0.115093,0.4310043,0.7512665,-0.1253626,0.5952315,0.357122,-0.1064114,0.4560201,0.4959231,-0.004962087,1.042811,0.6103876,-0.0646335,0.1074592,0.912541,True,0,1,16
6/25/2025 12:06:02 PM,1750845962771,Right,-0.1848557,0.6193224,0.589834,-0.126615,0.4399115,0.7740915,-0.1287661,0.5917557,0.3759484,-0.1116941,0.452424,0.516183,-0.007017016,1.046258,0.6125041,-0.0761767,0.1060297,0.9339849,True,0,1,16
6/25/2025 12:06:02 PM,1750845962799,Right,-0.1920223,0.6353104,0.6201165,-0.1509256,0.4610637,0.8154595,-0.1363847,0.5870725,0.4164143,-0.1236464,0.4494155,0.558835,-0.01117456,1.055404,0.6172681,-0.101955,0.1079619,0.9815406,True,0,1,16
6/25/2025 12:06:02 PM,1750845962812,Right,-0.1952281,0.6439155,0.6304951,-0.1630285,0.4736058,0.8339288,-0.1403069,0.5862399,0.4361201,-0.1295431,0.449062,0.5805908,-0.0132761,1.061251,0.6200974,-0.1145423,0.1116859,1.005536,True,0,1,16
6/25/2025 12:06:02 PM,1750845962841,Right,-0.2007749,0.6604772,0.6497252,-0.186934,0.5008724,0.8669686,-0.1496864,0.5878254,0.4808863,-0.1436234,0.4518441,0.6307398,-0.01780844,1.074226,0.6267315,-0.1444442,0.1252698,1.060641,True,0,1,16
6/25/2025 12:06:02 PM,1750845962855,Right,-0.2030876,0.6696954,0.6564394,-0.1991094,0.5163602,0.8809779,-0.1547624,0.5907707,0.5037636,-0.1512924,0.4556369,0.6564754,-0.02048862,1.081791,0.6305583,-0.1605742,0.1350583,1.088907,True,0,1,16
6/25/2025 12:06:02 PM,1750845962882,Right,-0.2070863,0.6885001,0.6647123,-0.2245872,0.548216,0.9067335,-0.1663138,0.6027926,0.5513043,-0.1687177,0.4680464,0.7126356,-0.02738571,1.098511,0.6384574,-0.1960647,0.1633356,1.148039,True,0,1,16
6/25/2025 12:06:02 PM,1750845962896,Right,-0.2089107,0.6973666,0.6686617,-0.237282,0.5637336,0.9199443,-0.1725058,0.6121861,0.5742123,-0.1781204,0.4772625,0.7408848,-0.03118372,1.10718,0.6425272,-0.2143442,0.1818268,1.176824,True,0,1,16
6/25/2025 12:06:02 PM,1750845962924,Right,-0.2100914,0.7146606,0.6670207,-0.2641613,0.5983369,0.9398487,-0.1866294,0.6449695,0.6167925,-0.1999308,0.5092868,0.7971777,-0.04063201,1.126508,0.651039,-0.254532,0.2366485,1.23223,True,0,1,16
6/25/2025 12:06:02 PM,1750845962938,Right,-0.2095866,0.7218719,0.6644022,-0.2782875,0.6158037,0.9474859,-0.1891651,0.6572825,0.6202951,-0.2066507,0.5211782,0.8079914,-0.04608226,1.136547,0.6552805,-0.2698167,0.2602338,1.241542,True,0,1,16
6/25/2025 12:06:02 PM,1750845962952,Right,-0.2081804,0.7276703,0.6607114,-0.2931612,0.6332548,0.953083,-0.1901035,0.6648521,0.6196486,-0.2130207,0.5295031,0.8149107,-0.05237353,1.146471,0.6595566,-0.286763,0.2818742,1.24741,True,0,1,16
6/25/2025 12:06:02 PM,1750845962979,Right,-0.2050686,0.7368801,0.6555144,-0.3250319,0.6669428,0.9614158,-0.1909005,0.6779725,0.6167883,-0.2249634,0.5433818,0.8271362,-0.06569672,1.167094,0.6664075,-0.317281,0.3203931,1.254178,True,0,1,16
6/25/2025 12:06:02 PM,1750845962993,Right,-0.2032779,0.7399881,0.6528503,-0.3421481,0.6833555,0.9651022,-0.1912995,0.6837263,0.615399,-0.2324575,0.5499427,0.8343877,-0.07302868,1.1776,0.6690906,-0.3351265,0.3409614,1.257214,True,0,1,16
6/25/2025 12:06:03 PM,1750845963021,Right,-0.2016118,0.7438002,0.6477865,-0.3803124,0.7171318,0.9690914,-0.1939001,0.6939181,0.6126246,-0.2507962,0.562461,0.8490755,-0.08916092,1.198986,0.672982,-0.3733599,0.3811639,1.26076,True,0,1,16
6/25/2025 12:06:03 PM,1750845963035,Right,-0.2016723,0.7454641,0.6449317,-0.4014522,0.7346663,0.9688759,-0.1961709,0.698534,0.610562,-0.2621296,0.5687864,0.8563602,-0.09804046,1.210141,0.6738183,-0.3945487,0.4019397,1.260776,True,0,1,16
6/25/2025 12:06:03 PM,1750845963062,Right,-0.2031615,0.750367,0.6393329,-0.4435637,0.7694291,0.9673724,-0.2020276,0.7096441,0.6062773,-0.2891829,0.5853434,0.8712244,-0.1167042,1.233223,0.6744801,-0.4415547,0.4485154,1.257844,True,0,1,16
6/25/2025 12:06:03 PM,1750845963077,Right,-0.2056863,0.7537307,0.6370085,-0.4663758,0.787153,0.963347,-0.2060632,0.7155185,0.6045066,-0.3044068,0.5950179,0.8775778,-0.1267312,1.245277,0.6737303,-0.4662965,0.4720582,1.254972,True,0,1,16
6/25/2025 12:06:03 PM,1750845963104,Right,-0.213342,0.7652449,0.63425,-0.5125514,0.8225344,0.9535446,-0.2160275,0.7301404,0.6017051,-0.3399414,0.6203429,0.8883075,-0.1475443,1.269676,0.6702237,-0.522012,0.5253161,1.245538,True,0,1,16
6/25/2025 12:06:03 PM,1750845963118,Right,-0.218924,0.7737148,0.6332029,-0.5371888,0.8395517,0.9447551,-0.2215828,0.7380896,0.6004223,-0.3587252,0.6344003,0.8910329,-0.1581559,1.281953,0.6669482,-0.5509316,0.5517137,1.238304,True,0,1,16
6/25/2025 12:06:03 PM,1750845963133,Right,-0.2265598,0.784159,0.6321135,-0.5615387,0.8559836,0.9338038,-0.2278266,0.74667,0.5990717,-0.3788361,0.6496664,0.89194,-0.1690062,1.294582,0.6634899,-0.581611,0.5787886,1.228955,True,0,1,16
6/25/2025 12:06:03 PM,1750845963160,Right,-0.2447444,0.8059897,0.6290729,-0.6080375,0.8883601,0.9085016,-0.2425163,0.7649396,0.5956399,-0.4212145,0.6821386,0.8850878,-0.1912618,1.31982,0.6535039,-0.6476054,0.6314611,1.202424,True,0,1,16
6/25/2025 12:06:03 PM,1750845963174,Right,-0.255136,0.8174883,0.6270312,-0.6304901,0.9046783,0.8934751,-0.2506509,0.774425,0.593415,-0.4430078,0.6985002,0.8785017,-0.2024225,1.332276,0.6471035,-0.6815168,0.6566031,1.185507,True,0,1,16
6/25/2025 12:06:03 PM,1750845963202,Right,-0.2761896,0.8405946,0.6227558,-0.6741073,0.9372438,0.8596871,-0.2698311,0.7960913,0.5875722,-0.4911422,0.7336324,0.8577883,-0.2246547,1.35726,0.6318473,-0.7565587,0.7076217,1.140175,True,0,1,16
6/25/2025 12:06:03 PM,1750845963215,Right,-0.2876679,0.8525756,0.6202065,-0.6948926,0.9531509,0.8392901,-0.2791578,0.806393,0.584444,-0.5133473,0.7488943,0.8457934,-0.2352843,1.369601,0.6230881,-0.7910172,0.7283909,1.115496,True,0,1,16
6/25/2025 12:06:03 PM,1750845963243,Right,-0.3106682,0.8761314,0.6137804,-0.7352264,0.9849605,0.7973096,-0.3008323,0.8298311,0.5761733,-0.5621848,0.7808127,0.814386,-0.2561876,1.393672,0.6033733,-0.8656272,0.769259,1.053078,True,0,1,16
6/25/2025 12:06:03 PM,1750845963258,Right,-0.3231685,0.8885614,0.6092162,-0.7542408,1.000622,0.7730975,-0.3123232,0.8418465,0.570932,-0.5857342,0.7951977,0.7949365,-0.2660515,1.404888,0.5918368,-0.9021854,0.7855695,1.017021,True,0,1,16
6/25/2025 12:06:03 PM,1750845963272,Right,-0.335408,0.9011208,0.6042551,-0.7732983,1.016138,0.7493973,-0.3245397,0.8545348,0.5648439,-0.6072922,0.809169,0.778399,-0.2759379,1.415731,0.5798658,-0.932012,0.8007657,0.9869654,True,0,1,16
6/25/2025 12:06:03 PM,1750845963299,Right,-0.3595815,0.9261077,0.5921466,-0.8097713,1.045862,0.6967365,-0.3512479,0.8820312,0.5487669,-0.6491929,0.8370448,0.7422287,-0.2938949,1.435731,0.5542066,-0.9877331,0.8284078,0.9257435,True,0,1,16
6/25/2025 12:06:03 PM,1750845963313,Right,-0.3718381,0.9380584,0.5850652,-0.827194,1.06005,0.6678709,-0.3628766,0.8937555,0.5407258,-0.6678293,0.8492689,0.7256051,-0.3020375,1.444913,0.540899,-1.011016,0.8410987,0.8974369,True,0,1,16
6/25/2025 12:06:03 PM,1750845963341,Right,-0.3952875,0.9611242,0.5683705,-0.8594329,1.084754,0.6066831,-0.3896665,0.9201436,0.518556,-0.709034,0.8746727,0.6814666,-0.3172451,1.461804,0.5133938,-1.062715,0.864565,0.825179,True,0,1,16
6/25/2025 12:06:03 PM,1750845963355,Right,-0.4063075,0.9724599,0.5595709,-0.8752465,1.096025,0.5764313,-0.4035624,0.9340646,0.5053183,-0.7314072,0.8880631,0.6564667,-0.3243208,1.469777,0.4995315,-1.088557,0.8771195,0.7839586,True,0,1,16
6/25/2025 12:06:03 PM,1750845963382,Right,-0.4269726,0.9946388,0.5372114,-0.9002557,1.113676,0.508685,-0.424949,0.955718,0.4791742,-0.766302,0.9059324,0.6047119,-0.3365312,1.482433,0.471162,-1.129925,0.8895972,0.6999376,True,0,1,16
6/25/2025 12:06:03 PM,1750845963396,Right,-0.4368179,1.005697,0.5256988,-0.9114482,1.122155,0.4752007,-0.4336285,0.9648443,0.4667695,-0.7809075,0.9123324,0.5782136,-0.3421385,1.488183,0.4573512,-1.146974,0.8922517,0.6564242,True,0,1,16
6/25/2025 12:06:03 PM,1750845963424,Right,-0.4535813,1.025462,0.5001782,-0.9263134,1.134771,0.4055678,-0.4490619,0.9812889,0.4415688,-0.806443,0.9217121,0.5225722,-0.3526586,1.497913,0.4318413,-1.174937,0.8923951,0.565272,True,0,1,16
6/25/2025 12:06:03 PM,1750845963438,Right,-0.4607875,1.033936,0.4868522,-0.9305294,1.138987,0.3714869,-0.4558126,0.9883536,0.4285265,-0.8172482,0.9249812,0.4941279,-0.3578365,1.50186,0.42004,-1.185433,0.8908954,0.5193885,True,0,1,16
6/25/2025 12:06:03 PM,1750845963452,Right,-0.4673262,1.041464,0.4732312,-0.9332514,1.141496,0.3383783,-0.4620048,0.9944591,0.4154696,-0.8230776,0.923794,0.4646566,-0.3630059,1.505583,0.4086744,-1.192588,0.8800054,0.472465,True,0,1,16
6/25/2025 12:06:03 PM,1750845963479,Right,-0.4786307,1.054854,0.44594,-0.9307809,1.135096,0.2798001,-0.4725805,1.004652,0.3894098,-0.8278397,0.9138783,0.4132558,-0.372499,1.510481,0.3871341,-1.196875,0.8450376,0.3940292,True,0,1,16
6/25/2025 12:06:03 PM,1750845963493,Right,-0.4828591,1.059982,0.431669,-0.9257231,1.127982,0.2581835,-0.4772913,1.008728,0.3763476,-0.8230916,0.9057586,0.3971008,-0.377789,1.511978,0.3767658,-1.194492,0.8197283,0.3748027,True,0,1,16
6/25/2025 12:06:03 PM,1750845963521,Right,-0.4902835,1.068074,0.4023978,-0.9146674,1.115992,0.2246898,-0.4854228,1.01433,0.3489866,-0.8091729,0.8919997,0.373147,-0.3889189,1.513729,0.3561227,-1.186326,0.7718521,0.3552164,True,0,1,16
6/25/2025 12:06:03 PM,1750845963535,Right,-0.4919072,1.069222,0.3877094,-0.9091976,1.108452,0.213945,-0.4883121,1.015432,0.3354212,-0.8015471,0.8845824,0.3641561,-0.3942285,1.513492,0.345657,-1.179636,0.7472835,0.3517717,True,0,1,16
6/25/2025 12:06:03 PM,1750845963563,Right,-0.494608,1.070821,0.3618478,-0.9055774,1.097184,0.1905597,-0.4926833,1.015728,0.3108374,-0.7952521,0.8760459,0.3430599,-0.4050031,1.512505,0.3252412,-1.171598,0.7180351,0.3343616,True,0,1,16
6/25/2025 12:06:03 PM,1750845963577,Right,-0.4947093,1.070202,0.3507271,-0.9046514,1.093543,0.179589,-0.4941742,1.015031,0.2999781,-0.7944478,0.8734766,0.3332767,-0.4106562,1.511769,0.3150508,-1.170143,0.7108976,0.3258339,True,0,1,16
6/25/2025 12:06:03 PM,1750845963605,Right,-0.4951969,1.069515,0.3298123,-0.9056263,1.092291,0.1639751,-0.4971637,1.013703,0.2793006,-0.7957832,0.8724242,0.3164864,-0.4211422,1.509259,0.2951349,-1.172606,0.7093121,0.3142926,True,0,1,16
6/25/2025 12:06:03 PM,1750845963618,Right,-0.4947211,1.068125,0.321008,-0.9080851,1.093982,0.1593879,-0.4980356,1.012352,0.2701221,-0.7981765,0.8725357,0.3085579,-0.4251652,1.507461,0.2856297,-1.175368,0.7125208,0.3078362,True,0,1,16
6/25/2025 12:06:03 PM,1750845963633,Right,-0.4948381,1.067605,0.3114948,-0.9094553,1.093568,0.1530201,-0.4989468,1.011345,0.2609239,-0.7995569,0.8728562,0.3016456,-0.4293512,1.506069,0.2765805,-1.177494,0.7149857,0.3038718,True,0,1,16
6/25/2025 12:06:03 PM,1750845963661,Right,-0.4913387,1.064453,0.2959765,-0.9108896,1.091815,0.1497462,-0.4983699,1.008375,0.2448113,-0.7996185,0.8724032,0.2915277,-0.4364015,1.502977,0.2599546,-1.178796,0.718697,0.3014377,True,0,1,16
6/25/2025 12:06:03 PM,1750845963674,Right,-0.489141,1.062633,0.2892598,-0.9110758,1.089838,0.1498241,-0.4973665,1.006463,0.2379391,-0.7986329,0.871671,0.2884589,-0.4392722,1.501085,0.2525575,-1.178338,0.7199143,0.3032674,True,0,1,16
6/25/2025 12:06:03 PM,1750845963702,Right,-0.4837621,1.059339,0.277261,-0.9099052,1.08542,0.1546661,-0.4946021,1.003073,0.2259232,-0.7943738,0.870364,0.2851759,-0.4452002,1.497786,0.2392793,-1.175346,0.7213983,0.3116369,True,0,1,16
6/25/2025 12:06:03 PM,1750845963716,Right,-0.4802916,1.058335,0.2716894,-0.9084537,1.083808,0.1574695,-0.4926417,1.001852,0.2202277,-0.7915691,0.8700179,0.2841389,-0.4477633,1.496159,0.2331929,-1.172865,0.722458,0.3168456,True,0,1,16
6/25/2025 12:06:03 PM,1750845963744,Right,-0.4740653,1.055786,0.263229,-0.9037836,1.082058,0.1646309,-0.4888808,0.9990574,0.2112787,-0.7844958,0.8697084,0.2861597,-0.4513975,1.492898,0.2230681,-1.16714,0.725383,0.3344338,True,0,1,16
6/25/2025 12:06:03 PM,1750845963757,Right,-0.4716011,1.053103,0.2607387,-0.9010968,1.082097,0.1674285,-0.4873882,0.9967338,0.2083576,-0.7814363,0.869459,0.288792,-0.4528276,1.491256,0.2185837,-1.164962,0.7279052,0.3451955,True,0,1,16
6/25/2025 12:06:03 PM,1750845963772,Right,-0.4688103,1.049224,0.259872,-0.89838,1.081848,0.1693428,-0.4856259,0.9938621,0.2063792,-0.7792128,0.8694513,0.2913797,-0.4538071,1.489861,0.214801,-1.163312,0.7309613,0.3537732,True,0,1,16
6/25/2025 12:06:03 PM,1750845963800,Right,-0.4631417,1.042378,0.2586247,-0.8930774,1.082807,0.1703171,-0.4816523,0.9885533,0.2040164,-0.7770185,0.8686372,0.2911723,-0.4550097,1.487933,0.2089891,-1.162042,0.735101,0.3554507,True,0,1,16
6/25/2025 12:06:03 PM,1750845963813,Right,-0.4605124,1.039727,0.2577419,-0.8905768,1.08474,0.1683598,-0.479716,0.9866087,0.203115,-0.7770665,0.8692487,0.2896044,-0.4554049,1.487167,0.2066038,-1.162723,0.7389254,0.3522964,True,0,1,16
6/25/2025 12:06:03 PM,1750845963841,Right,-0.4553194,1.036513,0.2572322,-0.8889806,1.085891,0.159898,-0.4758582,0.9842046,0.2018767,-0.7798475,0.8697878,0.2838106,-0.4555531,1.486615,0.2042494,-1.164843,0.745902,0.3383033,True,0,1,16
6/25/2025 12:06:03 PM,1750845963855,Right,-0.4531531,1.035606,0.2573084,-0.8886931,1.085661,0.1562173,-0.4740871,0.9834282,0.201556,-0.7816384,0.869782,0.2801491,-0.4549513,1.486591,0.2035267,-1.165872,0.7483948,0.3292028,True,0,1,16
6/25/2025 12:06:03 PM,1750845963883,Right,-0.448486,1.034414,0.2581046,-0.8856218,1.088736,0.1485003,-0.4701107,0.983205,0.2027011,-0.7832322,0.8711477,0.2755172,-0.4530631,1.487309,0.2038602,-1.166091,0.7529082,0.3152864,True,0,1,16
6/25/2025 12:06:03 PM,1750845963897,Right,-0.4455695,1.033776,0.2588993,-0.883956,1.090189,0.1432484,-0.4676882,0.9830427,0.2033758,-0.7843088,0.8718557,0.2726961,-0.4521223,1.488032,0.2041749,-1.165932,0.7553419,0.3068586,True,0,1,16
6/25/2025 12:06:03 PM,1750845963924,Right,-0.4406404,1.034403,0.2632948,-0.883924,1.089446,0.1327231,-0.4631354,0.9840709,0.207081,-0.7882342,0.872596,0.2679895,-0.4487741,1.489964,0.2058722,-1.164746,0.7578905,0.2888439,True,0,1,16
6/25/2025 12:06:03 PM,1750845963938,Right,-0.4399248,1.03589,0.2658759,-0.8844545,1.08688,0.1288546,-0.4620768,0.9856119,0.2093702,-0.7897069,0.872968,0.2650013,-0.446611,1.491592,0.2072158,-1.164168,0.7567985,0.2787404,True,0,1,16
6/25/2025 12:06:03 PM,1750845963952,Right,-0.4402342,1.037438,0.2688153,-0.8846915,1.083863,0.1264199,-0.4618038,0.9873088,0.2119677,-0.7904577,0.8722576,0.2618196,-0.4445908,1.493418,0.2087946,-1.163024,0.7523329,0.2683278,True,0,1,16
6/25/2025 12:06:03 PM,1750845963980,Right,-0.4464818,1.045252,0.2772028,-0.8848486,1.077717,0.1259685,-0.4647873,0.9924415,0.2179444,-0.7877965,0.8679842,0.2594992,-0.4409201,1.496668,0.2121509,-1.157882,0.7312709,0.2568018,True,0,1,16
6/25/2025 12:06:03 PM,1750845963994,Right,-0.451753,1.051109,0.2822671,-0.885263,1.074282,0.1280528,-0.4672991,0.9957256,0.2212378,-0.7854066,0.8656117,0.2607703,-0.4393572,1.498365,0.2136772,-1.154208,0.7181787,0.256225,True,0,1,16
6/25/2025 12:06:04 PM,1750845964022,Right,-0.4593682,1.065433,0.2893252,-0.8842454,1.070024,0.1315033,-0.4728597,1.005968,0.2280364,-0.7792933,0.8631738,0.2655784,-0.4358644,1.50147,0.2165546,-1.143679,0.6912053,0.2600535,True,0,1,16
6/25/2025 12:06:04 PM,1750845964035,Right,-0.4619288,1.071257,0.2926263,-0.8832743,1.068918,0.1323042,-0.47522,1.01201,0.231767,-0.7763683,0.8626822,0.2682873,-0.4339757,1.502658,0.2178298,-1.13714,0.6787893,0.2621874,True,0,1,16
6/25/2025 12:06:04 PM,1750845964063,Right,-0.4663879,1.080624,0.303411,-0.882848,1.068321,0.1345582,-0.4780446,1.019437,0.2400941,-0.7734039,0.8601223,0.2707582,-0.4308014,1.504587,0.2183032,-1.125826,0.6586943,0.2586392,True,0,1,16
6/25/2025 12:06:04 PM,1750845964077,Right,-0.4675275,1.083265,0.3089976,-0.8818758,1.068965,0.1349458,-0.478459,1.021344,0.2444145,-0.7735025,0.8602551,0.2713871,-0.4293317,1.505555,0.2180347,-1.123101,0.6547182,0.2554398,True,0,1,16
6/25/2025 12:06:04 PM,1750845964091,Right,-0.4679961,1.084771,0.3144771,-0.8803661,1.07092,0.1353891,-0.4784835,1.02264,0.2483844,-0.7735597,0.8608717,0.2720967,-0.4279608,1.506367,0.2174344,-1.120996,0.6521599,0.2531435,False,0,1,16
6/25/2025 12:06:04 PM,1750845964118,Right,-0.468212,1.087686,0.3203025,-0.8787172,1.075327,0.1369933,-0.4771981,1.028816,0.2580831,-0.794981,0.8611999,0.2765586,-0.4256572,1.507929,0.2160779,-1.122407,0.6630804,0.2514847,False,0,1,16
6/25/2025 12:06:04 PM,1750845964133,Right,-0.4677496,1.088408,0.3208531,-0.8785803,1.077808,0.1380651,-0.4762278,1.032564,0.2633806,-0.7955971,0.8676768,0.2782424,-0.4247451,1.508752,0.2153327,-1.123133,0.6699932,0.2509186,False,0,1,16
6/25/2025 12:06:04 PM,1750845964160,Right,-0.4642146,1.085554,0.3190364,-0.8780668,1.082937,0.140206,-0.4725943,1.033681,0.2650821,-0.7967544,0.8760149,0.2719577,-0.4226078,1.510094,0.2133319,-1.124881,0.6815346,0.2402676,False,0,1,16
6/25/2025 12:06:04 PM,1750845964174,Right,-0.4633073,1.084782,0.3176889,-0.8786287,1.084997,0.1414273,-0.4713218,1.032768,0.2634599,-0.798285,0.8798913,0.2665216,-0.4215161,1.510614,0.2125013,-1.127437,0.6882386,0.2332629,False,0,1,16
6/25/2025 12:06:04 PM,1750845964202,Right,-0.4626892,1.085319,0.3135409,-0.8799422,1.089301,0.144699,-0.4705423,1.033688,0.2596598,-0.8025373,0.8939695,0.2563878,-0.4201351,1.51225,0.2102782,-1.137018,0.7104113,0.2222105,False,0,1,16
6/25/2025 12:06:04 PM,1750845964216,Right,-0.4627469,1.086308,0.3120909,-0.8806362,1.091566,0.1464535,-0.4704778,1.034568,0.2581083,-0.8052347,0.9031278,0.2532035,-0.4197273,1.513149,0.2090036,-1.144508,0.7278274,0.216951,False,0,1,16
6/25/2025 12:06:04 PM,1750845964243,Right,-0.463183,1.087159,0.3111248,-0.8820405,1.096061,0.1493716,-0.4706658,1.035716,0.2568694,-0.8091245,0.9152386,0.2538328,-0.4186749,1.51489,0.2072175,-1.154864,0.7520791,0.2178511,False,0,1,16
6/25/2025 12:06:04 PM,1750845964257,Right,-0.4643624,1.087368,0.3115335,-0.8828454,1.098906,0.1503606,-0.471375,1.036193,0.2568216,-0.8099484,0.917212,0.2548783,-0.4181862,1.515693,0.2062649,-1.156933,0.7556053,0.2196593,False,0,1,16
6/25/2025 12:06:04 PM,1750845964271,Right,-0.4648983,1.087358,0.3119682,-0.8835156,1.101833,0.1508765,-0.4717883,1.036371,0.2570919,-0.811203,0.9194206,0.2552231,-0.4177822,1.516523,0.2052037,-1.158911,0.7595471,0.2206044,False,0,1,16
6/25/2025 12:06:04 PM,1750845964299,Right,-0.4660794,1.086918,0.312539,-0.884778,1.107937,0.1508803,-0.472629,1.036501,0.2572681,-0.8139365,0.9240369,0.2552043,-0.4169431,1.518099,0.2035754,-1.163071,0.7679379,0.2217214,False,0,1,16
6/25/2025 12:06:04 PM,1750845964313,Right,-0.4665051,1.08603,0.3130351,-0.8859878,1.110339,0.1488645,-0.4728733,1.036142,0.2575531,-0.8162475,0.9256369,0.2535802,-0.4163888,1.518707,0.2031243,-1.165063,0.7727225,0.2177503,False,0,1,16
6/25/2025 12:06:04 PM,1750845964341,Right,-0.4665483,1.084816,0.3128358,-0.8873849,1.114945,0.1462995,-0.4728073,1.035648,0.2571971,-0.8200256,0.9306191,0.2495959,-0.4157685,1.520002,0.2019031,-1.169336,0.7853858,0.209062,False,0,1,16
6/25/2025 12:06:04 PM,1750845964355,Right,-0.4663347,1.084166,0.3130192,-0.8874006,1.117085,0.1460295,-0.4725559,1.035323,0.2572628,-0.8209323,0.9324699,0.2491879,-0.415519,1.520566,0.2016066,-1.17081,0.7902247,0.2075886,False,0,1,16
6/25/2025 12:06:04 PM,1750845964383,Right,-0.4656312,1.083185,0.3152643,-0.8875337,1.120322,0.1462972,-0.4719283,1.034941,0.2590926,-0.8227876,0.9356061,0.2487939,-0.4151947,1.521578,0.2017751,-1.172906,0.7990533,0.2035295,False,0,1,16
6/25/2025 12:06:04 PM,1750845964397,Right,-0.4649823,1.082719,0.3174802,-0.8873477,1.121619,0.147163,-0.4714349,1.034772,0.260732,-0.8235802,0.9370682,0.2490055,-0.4151117,1.522041,0.2019192,-1.173616,0.8033878,0.2015381,False,0,1,16
6/25/2025 12:06:04 PM,1750845964424,Right,-0.4628217,1.081233,0.3225062,-0.8860981,1.124426,0.1509566,-0.4696576,1.033926,0.2650169,-0.8241437,0.9398377,0.2516014,-0.4150442,1.522706,0.202485,-1.174543,0.8123319,0.2007366,False,0,1,16
6/25/2025 12:06:04 PM,1750845964438,Right,-0.4598563,1.079619,0.3264179,-0.8846872,1.125511,0.153824,-0.4679871,1.033185,0.2675293,-0.8242089,0.9410063,0.253096,-0.4152118,1.522888,0.203217,-1.174292,0.8170164,0.2004159,False,0,1,16
6/25/2025 12:06:04 PM,1750845964452,Right,-0.4565334,1.077316,0.3301508,-0.8830533,1.126021,0.1569666,-0.465351,1.031649,0.270645,-0.8242719,0.9418452,0.2547399,-0.415279,1.52297,0.2040341,-1.173372,0.8224041,0.1997759,False,0,1,16
6/25/2025 12:06:04 PM,1750845964480,Right,-0.4460485,1.071291,0.3367411,-0.8784678,1.125314,0.1675199,-0.4569898,1.02733,0.2768676,-0.8209933,0.9443526,0.2607875,-0.4157519,1.523142,0.2055917,-1.169761,0.8356471,0.2039606,False,0,1,16
6/25/2025 12:06:04 PM,1750845964494,Right,-0.4398469,1.068231,0.3394855,-0.8744817,1.123114,0.1767104,-0.4518184,1.025152,0.2793744,-0.8174618,0.9455118,0.2668846,-0.4163262,1.523479,0.2065276,-1.167372,0.8418021,0.2125447,False,0,1,16
6/25/2025 12:06:04 PM,1750845964521,Right,-0.4253175,1.059611,0.3467703,-0.8648422,1.11882,0.1949681,-0.4406761,1.01959,0.2854362,-0.8081942,0.9450919,0.2825122,-0.4171981,1.524348,0.2090946,-1.160957,0.8499153,0.2353746,False,0,1,16
6/25/2025 12:06:04 PM,1750845964535,Right,-0.4158061,1.053172,0.3511165,-0.8584771,1.116027,0.2057298,-0.4340982,1.015738,0.2887453,-0.8035935,0.9454494,0.2901436,-0.41784,1.524669,0.2104056,-1.157295,0.8567711,0.2461284,False,0,1,16
6/25/2025 12:06:04 PM,1750845964563,Right,-0.3922907,1.036831,0.3606907,-0.8433769,1.107193,0.2309728,-0.4180126,1.00624,0.2961432,-0.7926933,0.9457893,0.3072903,-0.4194424,1.526314,0.2137645,-1.147116,0.8726432,0.2704377,False,0,1,16
6/25/2025 12:06:04 PM,1750845964575,Right,-0.3813305,1.027855,0.363191,-0.8349316,1.10162,0.2440736,-0.4090649,1.000353,0.2992224,-0.7843752,0.9433596,0.3172035,-0.4203305,1.527093,0.2157233,-1.140192,0.8763438,0.2859643,False,0,1,16
6/25/2025 12:06:04 PM,1750845964603,Right,-0.3589567,1.010654,0.3698665,-0.8173077,1.088746,0.2699863,-0.3895016,0.987348,0.3059348,-0.7651762,0.936317,0.3388432,-0.4214604,1.528408,0.2201169,-1.123424,0.8812995,0.3205107,False,0,1,16
6/25/2025 12:06:04 PM,1750845964617,Right,-0.3416274,1.000231,0.3764335,-0.8069572,1.079876,0.2854377,-0.3781302,0.9813087,0.3106034,-0.7582019,0.9351878,0.3474516,-0.4217272,1.529107,0.2230657,-1.113796,0.8894051,0.3317948,False,0,1,16
6/25/2025 12:06:04 PM,1750845964645,Right,-0.3071647,0.980705,0.3886654,-0.7847369,1.062272,0.3165152,-0.3519132,0.9682456,0.3214976,-0.7392998,0.9302432,0.3661561,-0.4216242,1.530086,0.2307191,-1.089746,0.9013117,0.3564638,False,0,1,16
6/25/2025 12:06:04 PM,1750845964658,Right,-0.288909,0.9714481,0.3944753,-0.7723968,1.052974,0.3327764,-0.337562,0.9619324,0.3269585,-0.7282249,0.9277053,0.3770376,-0.421239,1.530427,0.235301,-1.075821,0.9067481,0.3719945,False,0,1,16
6/25/2025 12:06:04 PM,1750845964672,Right,-0.2686574,0.9625494,0.4001944,-0.7578595,1.042302,0.3503784,-0.3215342,0.9555194,0.3327669,-0.7148914,0.9237156,0.3886364,-0.4207789,1.530803,0.2406559,-1.059669,0.9096173,0.3888923,False,0,1,16
6/25/2025 12:06:04 PM,1750845964700,Right,-0.2265455,0.9456479,0.4091495,-0.7272847,1.020971,0.3855523,-0.2864805,0.9428674,0.3433978,-0.6845887,0.9144435,0.4124891,-0.4191914,1.530769,0.2525734,-1.022988,0.9125185,0.4254659,False,0,1,16
6/25/2025 12:06:04 PM,1750845964713,Right,-0.2041471,0.9384819,0.4104739,-0.7085304,1.010386,0.403892,-0.2654953,0.9369395,0.3465483,-0.6647317,0.9088997,0.4238674,-0.417781,1.530441,0.2598946,-1.000151,0.9119787,0.4453283,False,0,1,16
6/25/2025 12:06:04 PM,1750845964741,Right,-0.1603596,0.9278479,0.4052178,-0.6683166,0.9901888,0.4393597,-0.2273841,0.9286159,0.3459024,-0.6258273,0.900117,0.4396958,-0.4135602,1.529615,0.2760106,-0.9567122,0.91074,0.4795479,False,0,1,16
6/25/2025 12:06:04 PM,1750845964756,Right,-0.140286,0.9246293,0.4003093,-0.6443572,0.9797463,0.4565437,-0.2106579,0.9257611,0.3444408,-0.6053197,0.8951486,0.4469855,-0.4100987,1.528872,0.2850261,-0.9361111,0.9067289,0.4975932,False,0,1,16
6/25/2025 12:06:04 PM,1750845964783,Right,-0.1047299,0.9239126,0.3884964,-0.5927484,0.9577823,0.4888595,-0.1802517,0.9247386,0.3385769,-0.562827,0.8880673,0.4574729,-0.4016713,1.527529,0.3041894,-0.8972261,0.8939036,0.525919,False,0,1,16
6/25/2025 12:06:04 PM,1750845964797,Right,-0.08881891,0.9247864,0.3827347,-0.5644534,0.9460538,0.5031567,-0.1665023,0.9251087,0.3360216,-0.5374626,0.8839251,0.4622089,-0.3966613,1.526308,0.3145885,-0.8776932,0.8847101,0.5426024,False,0,1,16
6/25/2025 12:06:04 PM,1750845964825,Right,-0.05956089,0.9262144,0.36946,-0.5042579,0.9224308,0.5258774,-0.1407773,0.9253516,0.3297501,-0.4900449,0.8751605,0.4682734,-0.3851485,1.523211,0.3364326,-0.8392482,0.8650504,0.5718293,False,0,1,16
6/25/2025 12:06:04 PM,1750845964839,Right,-0.04592824,0.926738,0.3611327,-0.4731872,0.9112641,0.533772,-0.1284435,0.9251483,0.3254824,-0.4645414,0.8701531,0.4695655,-0.3780252,1.521232,0.3479018,-0.81889,0.8530496,0.5866061,False,0,1,16
6/25/2025 12:06:04 PM,1750845964853,Right,-0.03259051,0.9268518,0.3522501,-0.4430728,0.900847,0.5403917,-0.1162064,0.9246064,0.3206809,-0.4411886,0.8641506,0.4716711,-0.370146,1.518869,0.3595343,-0.7971609,0.8395969,0.6020604,False,0,1,16
6/25/2025 12:06:04 PM,1750845964881,Right,-0.008951783,0.9259844,0.3313859,-0.3857,0.8811958,0.5476068,-0.09389043,0.9223291,0.3081147,-0.3945381,0.8514768,0.4713228,-0.3517232,1.513007,0.3823996,-0.7527579,0.8100747,0.6296621,False,0,1,16
6/25/2025 12:06:04 PM,1750845964894,Right,0.001782894,0.9251506,0.3204637,-0.3594422,0.8718413,0.5481644,-0.08291402,0.9206843,0.3020649,-0.3728159,0.8443459,0.4720127,-0.3413159,1.509299,0.3939139,-0.7289457,0.7942778,0.6437733,False,0,1,16
6/25/2025 12:06:04 PM,1750845964922,Right,0.02032793,0.9249436,0.2974224,-0.310196,0.8541147,0.5488997,-0.06400496,0.9181353,0.2878413,-0.3319013,0.8299571,0.4723907,-0.3194146,1.501457,0.4168864,-0.6787641,0.7612913,0.6719914,False,0,1,16
6/25/2025 12:06:04 PM,1750845964936,Right,0.02812064,0.9251764,0.2852904,-0.287491,0.8460943,0.5474824,-0.05496392,0.9168627,0.2807059,-0.3120742,0.8225892,0.4728504,-0.3076288,1.49686,0.4280211,-0.6517744,0.7447,0.6860173,False,0,1,16
6/25/2025 12:06:04 PM,1750845964964,Right,0.04039192,0.9257159,0.2589097,-0.2443171,0.8310787,0.5429603,-0.04023153,0.9141472,0.2639475,-0.2746068,0.8075183,0.4715613,-0.2829531,1.486396,0.4496897,-0.5954626,0.7112777,0.7119013,False,0,1,16
6/25/2025 12:06:04 PM,1750845964978,Right,0.04588175,0.9259498,0.2448958,-0.2236187,0.8243486,0.5395242,-0.03332418,0.9125237,0.2548264,-0.2561076,0.7997605,0.4702864,-0.2700965,1.48045,0.4603163,-0.5653222,0.6948897,0.7235626,False,0,1,16
6/25/2025 12:06:04 PM,1750845964991,Right,0.05106902,0.9262218,0.230706,-0.2037662,0.8178301,0.5358455,-0.02693671,0.9109104,0.2452336,-0.2374514,0.7917013,0.4691637,-0.2570379,1.474391,0.4707134,-0.5328046,0.6783949,0.7352687,False,0,1,16
6/25/2025 12:06:05 PM,1750845965020,Right,0.05769384,0.9275551,0.2005666,-0.1691655,0.8050209,0.5269675,-0.01643687,0.9078235,0.2250145,-0.2017913,0.7751842,0.4674637,-0.2311511,1.460943,0.4900223,-0.4638719,0.6474022,0.7561291,False,0,1,16
6/25/2025 12:06:05 PM,1750845965034,Right,0.05972147,0.9285026,0.1848323,-0.1539755,0.7986478,0.5222504,-0.01192331,0.9063027,0.2144677,-0.1839628,0.7667479,0.466918,-0.218132,1.453612,0.4992107,-0.4269361,0.6331162,0.7651343,False,0,1,16
6/25/2025 12:06:05 PM,1750845965061,Right,0.0654676,0.9289498,0.1534311,-0.123358,0.7849036,0.5136309,-0.002374202,0.9019368,0.1926321,-0.1450306,0.7484603,0.4669112,-0.1917057,1.438036,0.5168573,-0.3449707,0.6067957,0.7805262,False,0,1,16
6/25/2025 12:06:05 PM,1750845965075,Right,0.06624806,0.9292161,0.1363639,-0.1096717,0.7783654,0.5080183,0.001462162,0.8995862,0.1810574,-0.1251767,0.7399252,0.4661841,-0.1781957,1.429249,0.5254506,-0.3026758,0.5962759,0.7857086,False,0,1,16
6/25/2025 12:06:05 PM,1750845965103,Right,0.06827354,0.9299374,0.1043729,-0.08334684,0.7647733,0.4962776,0.008076549,0.8943807,0.1585076,-0.08216323,0.724059,0.4640176,-0.151656,1.410101,0.5421705,-0.213052,0.5789555,0.792313,False,0,1,16
6/25/2025 12:06:05 PM,1750845965117,Right,0.06896925,0.9298195,0.08895743,-0.07062292,0.7569193,0.4908675,0.01127255,0.8911251,0.1476817,-0.07302077,0.7171957,0.4601614,-0.1387268,1.399478,0.5498403,-0.1946523,0.5742153,0.7858534,False,0,1,16
6/25/2025 12:06:05 PM,1750845965145,Right,0.06711555,0.929432,0.05954301,-0.0472647,0.739234,0.4804401,0.01453263,0.8834531,0.1268263,-0.05674542,0.7008845,0.4531577,-0.1138773,1.375376,0.563329,-0.1599441,0.5616522,0.7718861,False,0,1,16
6/25/2025 12:06:05 PM,1750845965159,Right,0.06381309,0.928894,0.04635155,-0.03694344,0.7291881,0.4749418,0.0146912,0.8791498,0.1172771,-0.04906177,0.6916874,0.4497511,-0.1018171,1.3617,0.5692066,-0.1428394,0.5537142,0.7648695,False,0,1,16
6/25/2025 12:06:05 PM,1750845965173,Right,0.06014252,0.9279278,0.03415275,-0.02684498,0.7188597,0.4692032,0.01447079,0.87454,0.1082951,-0.0413961,0.682086,0.4463498,-0.09034348,1.347885,0.5748737,-0.1258647,0.5452455,0.7578883,False,0,1,16
6/25/2025 12:06:05 PM,1750845965200,Right,0.05006528,0.9240686,0.01488149,-0.008897424,0.697109,0.4569646,0.01082171,0.862813,0.09442711,-0.02799981,0.6598538,0.4385904,-0.06813097,1.317633,0.5847125,-0.09465492,0.5218724,0.7446073,False,0,1,16
6/25/2025 12:06:05 PM,1750845965214,Right,0.04482067,0.9215863,0.007034302,-0.001158714,0.6856837,0.4509573,0.008310735,0.8561444,0.0893952,-0.02164792,0.6481685,0.4348023,-0.05784321,1.301703,0.5889952,-0.07984085,0.5086257,0.7386719,False,0,1,16
6/25/2025 12:06:05 PM,1750845965242,Right,0.03273153,0.9133991,-0.001317263,0.01245522,0.6613258,0.4405224,0.001998037,0.839913,0.08475098,-0.01140101,0.6216956,0.4283689,-0.0390141,1.267653,0.5963935,-0.05481084,0.4760824,0.7285678,False,0,1,16
6/25/2025 12:06:05 PM,1750845965256,Right,0.02633893,0.9067378,-0.001538992,0.01756525,0.6477119,0.4365978,-0.001228041,0.8306562,0.08511651,-0.007024171,0.6080077,0.4260573,-0.03098226,1.249646,0.5992676,-0.04385716,0.4584289,0.7252178,False,0,1,16
6/25/2025 12:06:05 PM,1750845965284,Right,0.01486146,0.8902296,0.0005657673,0.0274924,0.6200238,0.4309257,-0.007518356,0.8088619,0.08725056,0.000805099,0.5790377,0.4226235,-0.01707697,1.213475,0.602628,-0.02355312,0.4225158,0.7201642,False,0,1,16
6/25/2025 12:06:05 PM,1750845965297,Right,0.008979082,0.8784029,0.005957723,0.03101945,0.6052482,0.429633,-0.01059162,0.7968906,0.0905585,0.003788133,0.5646343,0.4217122,-0.0110271,1.195611,0.6040945,-0.01481839,0.4040368,0.7196437,False,0,1,16
6/25/2025 12:06:05 PM,1750845965311,Right,0.00257659,0.8659508,0.01253963,0.03329253,0.590153,0.4293668,-0.01427859,0.7837277,0.09544414,0.005606088,0.5497811,0.4214242,-0.005488873,1.177649,0.6054446,-0.00741833,0.3845492,0.7205117,False,0,1,16
6/25/2025 12:06:05 PM,1750845965339,Right,-0.009979367,0.8373163,0.03064537,0.03588104,0.5579689,0.4324138,-0.02162425,0.7565111,0.1084467,0.007589862,0.5210036,0.4219409,0.003890753,1.142222,0.6074986,0.005239373,0.3450273,0.7249363,False,0,1,16
6/25/2025 12:06:05 PM,1750845965353,Right,-0.01593363,0.8221336,0.04044223,0.03740823,0.541783,0.434623,-0.02511122,0.7428534,0.1155445,0.008536184,0.5068593,0.4233425,0.007846117,1.125076,0.6082669,0.01166243,0.3260958,0.7279667,False,0,1,16
6/25/2025 12:06:05 PM,1750845965380,Right,-0.02887547,0.7819179,0.07559514,0.03521085,0.5065005,0.4489191,-0.03252133,0.7128977,0.1356555,0.006446719,0.4803134,0.4281581,0.01293063,1.093097,0.6093982,0.01905617,0.2869402,0.7406349,False,0,1,16
6/25/2025 12:06:05 PM,1750845965394,Right,-0.03554988,0.7623338,0.09344375,0.03305805,0.4891997,0.4564036,-0.03642824,0.6978571,0.1470274,0.004798044,0.4674032,0.4310927,0.01492691,1.077594,0.6099926,0.02247896,0.266887,0.7477726,False,0,1,16
6/25/2025 12:06:05 PM,1750845965422,Right,-0.04865193,0.7216457,0.1327872,0.02528429,0.4557967,0.4734052,-0.04529933,0.664903,0.1738992,-0.00324348,0.4409064,0.4404344,0.01656294,1.049252,0.6115673,0.02253757,0.225336,0.7674302,False,0,1,16
6/25/2025 12:06:05 PM,1750845965436,Right,-0.05525863,0.7008284,0.1562344,0.02031231,0.4408418,0.4840518,-0.04972862,0.6487651,0.1888909,-0.008022472,0.4295241,0.4455729,0.01716208,1.036563,0.6124191,0.02180848,0.2053004,0.7790786,False,0,1,16
6/25/2025 12:06:05 PM,1750845965464,Right,-0.06810379,0.661478,0.206708,0.01079607,0.4140169,0.5094129,-0.05559135,0.6267276,0.2113891,-0.01875158,0.4315085,0.4350447,0.01764977,1.013597,0.6149819,0.01889177,0.1779428,0.7971745,True,0,1,17
6/25/2025 12:06:05 PM,1750845965478,Right,-0.07414758,0.6434198,0.2338672,0.005611897,0.402462,0.5255195,-0.05701839,0.6208172,0.2181337,-0.02202592,0.4305788,0.4341643,0.01721251,1.004229,0.6162523,0.01639168,0.1696091,0.8021905,True,0,1,17
6/25/2025 12:06:05 PM,1750845965492,Right,-0.08020139,0.6261997,0.2594279,0.0007433891,0.3912311,0.5409659,-0.05872025,0.6141992,0.2258776,-0.02522357,0.4280349,0.43461,0.0167191,0.9951066,0.6169605,0.01428105,0.1595195,0.8072873,True,0,1,17
6/25/2025 12:06:05 PM,1750845965520,Right,-0.09347296,0.5966498,0.3175819,-0.01176941,0.374795,0.5762932,-0.06266619,0.6006358,0.243522,-0.03191178,0.4237051,0.4354585,0.01540041,0.9809371,0.6191123,0.01105118,0.1370036,0.8177267,True,0,1,17
6/25/2025 12:06:05 PM,1750845965533,Right,-0.09922123,0.5847556,0.3481847,-0.01843643,0.3690991,0.5941474,-0.0648955,0.5936912,0.2536429,-0.03530688,0.4234673,0.4383037,0.0144732,0.9753566,0.6208938,0.01005884,0.1303908,0.8279552,True,0,1,17
6/25/2025 12:06:05 PM,1750845965561,Right,-0.1084408,0.568078,0.4091493,-0.03112102,0.3624012,0.6296376,-0.0695517,0.5800864,0.2764108,-0.0424857,0.4228611,0.4468569,0.01292324,0.9663098,0.6251271,0.007296041,0.1171745,0.8507862,True,0,1,17
6/25/2025 12:06:05 PM,1750845965574,Right,-0.1128838,0.5628878,0.4391048,-0.03778577,0.3620794,0.6481662,-0.07212166,0.5732417,0.2895676,-0.04658723,0.4217926,0.4534742,0.01184559,0.964047,0.6275382,0.004567333,0.110033,0.8637248,True,0,1,17
6/25/2025 12:06:05 PM,1750845965602,Right,-0.1218376,0.5549452,0.4942596,-0.05188656,0.3657526,0.68618,-0.07751744,0.5604734,0.317976,-0.05546556,0.4194341,0.4703796,0.009306788,0.9621418,0.6326575,-0.003624909,0.09692156,0.8922231,True,0,1,17
6/25/2025 12:06:05 PM,1750845965616,Right,-0.1263491,0.5524956,0.5189574,-0.0584631,0.3695296,0.7048744,-0.08068546,0.5538826,0.3347467,-0.06055481,0.4175969,0.4826883,0.008494616,0.9628805,0.6362571,-0.009417221,0.09156191,0.9103165,True,0,1,17
6/25/2025 12:06:05 PM,1750845965644,Right,-0.1361012,0.5530909,0.5640997,-0.07080877,0.3823253,0.741221,-0.08688208,0.543092,0.3669295,-0.06875154,0.4150089,0.5069508,0.005641937,0.9674543,0.643851,-0.01571681,0.08283103,0.9441603,True,0,1,17
6/25/2025 12:06:05 PM,1750845965658,Right,-0.1426684,0.5563676,0.5843412,-0.0772326,0.389657,0.7584367,-0.09057857,0.5382751,0.384857,-0.07276237,0.4124128,0.5224505,0.004479408,0.9706548,0.6479532,-0.02003127,0.07797861,0.9621353,True,0,1,17
6/25/2025 12:06:05 PM,1750845965672,Right,-0.1515539,0.5622073,0.6017612,-0.08438206,0.3994103,0.7744014,-0.09505387,0.5338446,0.4047011,-0.0775079,0.4098913,0.5402077,0.002884626,0.9753912,0.6521593,-0.02523838,0.07349867,0.982029,True,0,1,17
6/25/2025 12:06:05 PM,1750845965700,Right,-0.1682317,0.5744169,0.6312153,-0.09991002,0.416937,0.8022695,-0.1056041,0.5277454,0.4452125,-0.08808322,0.4056178,0.577883,-0.0009129047,0.9868143,0.6612743,-0.03620916,0.0655247,1.021091,True,0,1,17
6/25/2025 12:06:05 PM,1750845965714,Right,-0.1733227,0.581811,0.6437969,-0.1091101,0.4267115,0.8146589,-0.1116012,0.5261433,0.4665512,-0.09448344,0.4047475,0.5975569,-0.002669215,0.9933566,0.6665714,-0.04407204,0.06187063,1.040999,True,0,1,17
6/25/2025 12:06:05 PM,1750845965741,Right,-0.1765862,0.598579,0.6655328,-0.1286634,0.4465774,0.8369136,-0.1244252,0.5267735,0.5133246,-0.1092689,0.4072222,0.6406472,-0.00729537,1.008356,0.6782122,-0.06564115,0.05807674,1.085136,True,0,1,17
6/25/2025 12:06:05 PM,1750845965755,Right,-0.1775589,0.6068527,0.6748495,-0.138653,0.456453,0.8478584,-0.1305141,0.5293182,0.5365053,-0.1166355,0.4102833,0.662766,-0.01050448,1.016874,0.6840137,-0.07783286,0.05905032,1.107621,True,0,1,17
6/25/2025 12:06:05 PM,1750845965784,Right,-0.1785808,0.6269711,0.6874486,-0.160127,0.4766161,0.8679447,-0.1431005,0.5415323,0.5856985,-0.1322292,0.4204952,0.7140153,-0.01838851,1.035682,0.6958699,-0.1059945,0.07022285,1.15718,True,0,1,17
6/25/2025 12:06:05 PM,1750845965797,Right,-0.1799247,0.638879,0.6909544,-0.1710074,0.4870304,0.8774173,-0.1493755,0.5516794,0.6090451,-0.1402181,0.4289868,0.7394077,-0.02269387,1.045992,0.7020878,-0.1204936,0.08068663,1.181262,True,0,1,17
6/25/2025 12:06:05 PM,1750845965811,Right,-0.1820588,0.6503873,0.6937828,-0.1822214,0.4987303,0.8859882,-0.1562618,0.5663373,0.6314452,-0.1490628,0.441382,0.7648245,-0.02747536,1.056685,0.7083712,-0.1365187,0.09638894,1.204907,True,0,1,17
6/25/2025 12:06:05 PM,1750845965838,Right,-0.1856506,0.6709881,0.6961825,-0.2041603,0.5231535,0.9029374,-0.1693912,0.6041045,0.6603541,-0.1671297,0.4748997,0.8011827,-0.03869104,1.079099,0.7202383,-0.1711859,0.139797,1.238727,True,0,1,17
6/25/2025 12:06:05 PM,1750845965853,Right,-0.1859264,0.6795084,0.6953201,-0.2149827,0.5361253,0.9112885,-0.1712153,0.6137638,0.6610132,-0.1713106,0.4825208,0.806102,-0.04516006,1.090874,0.7254621,-0.1827671,0.1534888,1.242489,True,0,1,17
6/25/2025 12:06:05 PM,1750845965881,Right,-0.1842396,0.6922662,0.6919354,-0.2377037,0.5639532,0.9272003,-0.1734557,0.6308336,0.6610175,-0.1792299,0.4965424,0.8157289,-0.05918217,1.115952,0.7356331,-0.2072611,0.1826565,1.251013,True,0,1,17
6/25/2025 12:06:05 PM,1750845965894,Right,-0.182339,0.6968747,0.6898657,-0.2499082,0.5794938,0.9340568,-0.1741005,0.6386192,0.6609265,-0.1830344,0.5034127,0.8206613,-0.06652093,1.129058,0.7401991,-0.2196353,0.1979875,1.255796,True,0,1,17
6/25/2025 12:06:05 PM,1750845965922,Right,-0.1793028,0.7075003,0.6862669,-0.2751424,0.6118583,0.9471366,-0.175641,0.6546868,0.6601384,-0.1924078,0.5178146,0.8321905,-0.08232737,1.155412,0.7471867,-0.2482213,0.2330772,1.266008,True,0,1,17
6/25/2025 12:06:05 PM,1750845965936,Right,-0.1789019,0.7132193,0.6849059,-0.2883508,0.6281637,0.9529557,-0.1771694,0.6623166,0.6595827,-0.1979217,0.5245405,0.8380955,-0.09062982,1.168949,0.7501984,-0.2623963,0.2501501,1.270283,True,0,1,17
6/25/2025 12:06:05 PM,1750845965964,Right,-0.1796546,0.7245227,0.6823213,-0.3179033,0.6622884,0.9612906,-0.1821705,0.6798499,0.6585647,-0.2123113,0.5417234,0.8501842,-0.1077964,1.196093,0.7546644,-0.2957523,0.2892462,1.278749,True,0,1,17
6/25/2025 12:06:05 PM,1750845965977,Right,-0.1808537,0.7311677,0.6808832,-0.3348176,0.6793609,0.9640727,-0.185136,0.6888812,0.6577463,-0.2209001,0.5506253,0.8567616,-0.1165121,1.20977,0.7552576,-0.3144345,0.310077,1.282158,True,0,1,17
6/25/2025 12:06:05 PM,1750845965992,Right,-0.1821773,0.7383671,0.6802448,-0.3519814,0.6958739,0.9670014,-0.1885695,0.6984882,0.6572464,-0.2309062,0.5606026,0.8638467,-0.1258242,1.223634,0.7556207,-0.3355495,0.3326194,1.285448,True,0,1,17
6/25/2025 12:06:06 PM,1750845966020,Right,-0.1873606,0.7550833,0.6809242,-0.3903739,0.7296263,0.9698277,-0.1971906,0.7187445,0.6572621,-0.2542519,0.5826383,0.8779789,-0.1447723,1.250488,0.7536459,-0.3812351,0.3788492,1.29027,True,0,1,17
6/25/2025 12:06:06 PM,1750845966033,Right,-0.1918864,0.7652045,0.6822237,-0.4120927,0.7467367,0.9685431,-0.2027837,0.7295672,0.6578219,-0.2681512,0.5952593,0.8842494,-0.1542392,1.263556,0.7519491,-0.4070971,0.4027801,1.291514,True,0,1,17
6/25/2025 12:06:06 PM,1750845966061,Right,-0.2033073,0.7868996,0.6839786,-0.4573792,0.7802051,0.9638686,-0.215906,0.7529236,0.6579699,-0.3005681,0.6224853,0.8954015,-0.1732731,1.289598,0.7471907,-0.4641937,0.4527652,1.289126,True,0,1,17
6/25/2025 12:06:06 PM,1750845966075,Right,-0.2106638,0.7980437,0.6848335,-0.4817439,0.7973689,0.960566,-0.2236196,0.7637445,0.6576734,-0.3183451,0.6351675,0.8997402,-0.183301,1.301858,0.7433355,-0.4934636,0.4756953,1.285616,True,0,1,17
6/25/2025 12:06:06 PM,1750845966103,Right,-0.227998,0.8209307,0.6863825,-0.5337403,0.833815,0.9517128,-0.2424276,0.7877767,0.656224,-0.3617161,0.6643409,0.9068411,-0.2037947,1.325412,0.7331179,-0.5621231,0.5272986,1.272703,True,0,1,17
6/25/2025 12:06:06 PM,1750845966117,Right,-0.2376413,0.8326959,0.6864203,-0.5614378,0.8524463,0.9449892,-0.2515027,0.7988123,0.6549388,-0.3834769,0.6777,0.9095806,-0.2138772,1.336372,0.72715,-0.5945549,0.5512192,1.264129,True,0,1,17
6/25/2025 12:06:06 PM,1750845966144,Right,-0.2585719,0.8566217,0.6859099,-0.6181796,0.8879715,0.9256058,-0.2723746,0.8218792,0.651072,-0.4331048,0.7075283,0.9093387,-0.2333823,1.357779,0.7136399,-0.6679726,0.6017837,1.238575,True,0,1,17
6/25/2025 12:06:06 PM,1750845966158,Right,-0.269748,0.8688194,0.6852092,-0.6473167,0.9044185,0.9121289,-0.2830954,0.8332937,0.6485975,-0.4583799,0.7221268,0.9070229,-0.2431536,1.367944,0.7056534,-0.7040017,0.6253287,1.222783,True,0,1,17
6/25/2025 12:06:06 PM,1750845966172,Right,-0.2816901,0.8812409,0.6836965,-0.6765866,0.9200228,0.8950071,-0.2946689,0.8452073,0.6452322,-0.4849309,0.7373498,0.9018409,-0.2524604,1.378066,0.6969827,-0.7417392,0.6485491,1.203402,True,0,1,17
6/25/2025 12:06:06 PM,1750845966199,Right,-0.3060749,0.9054798,0.6782113,-0.7320225,0.9499048,0.8563046,-0.3164753,0.8674834,0.637333,-0.5380925,0.7660345,0.8863451,-0.2701921,1.398246,0.6787893,-0.8161811,0.6915401,1.156407,True,0,1,17
6/25/2025 12:06:06 PM,1750845966214,Right,-0.318094,0.9173529,0.674616,-0.7584462,0.9645004,0.8344779,-0.3284405,0.8793622,0.6319836,-0.567264,0.7813582,0.8743702,-0.2790349,1.408082,0.6689484,-0.8561652,0.7136105,1.126082,True,0,1,17
6/25/2025 12:06:06 PM,1750845966241,Right,-0.3432758,0.9406964,0.6645738,-0.8085361,0.9926218,0.7868443,-0.3514427,0.9008105,0.6189038,-0.6205295,0.8086114,0.844249,-0.296248,1.427417,0.647971,-0.9277554,0.7506646,1.060967,True,0,1,17
6/25/2025 12:06:06 PM,1750845966256,Right,-0.3563043,0.9519441,0.6583374,-0.8314292,1.005776,0.7593582,-0.3636831,0.91167,0.6111706,-0.6471961,0.8221041,0.8255293,-0.3045049,1.436467,0.6366562,-0.9629449,0.7679256,1.023873,True,0,1,17
6/25/2025 12:06:06 PM,1750845966283,Right,-0.3813833,0.973635,0.6433698,-0.8714948,1.029439,0.6990252,-0.3865963,0.9318683,0.5938551,-0.6976536,0.8465396,0.7797963,-0.3202193,1.453474,0.6127056,-1.029783,0.7971942,0.9377652,True,0,1,17
6/25/2025 12:06:06 PM,1750845966297,Right,-0.3933345,0.9842603,0.6351233,-0.8886368,1.040142,0.6674097,-0.3974517,0.9415088,0.5844503,-0.7205155,0.8573022,0.7543826,-0.3278816,1.46132,0.5998011,-1.059319,0.8088225,0.8917398,True,0,1,17
6/25/2025 12:06:06 PM,1750845966312,Right,-0.4053102,0.9949148,0.6260515,-0.9031537,1.050178,0.6345768,-0.408323,0.9510916,0.5743945,-0.7425871,0.8673572,0.7262566,-0.3354527,1.468861,0.5867074,-1.087402,0.8187261,0.8416611,True,0,1,17
6/25/2025 12:06:06 PM,1750845966339,Right,-0.4279203,1.014974,0.6039068,-0.9248025,1.067601,0.5667254,-0.4288065,0.9689472,0.5514938,-0.7780283,0.8819972,0.6620548,-0.3489203,1.482238,0.5599266,-1.133902,0.8264508,0.7321469,True,0,1,17
6/25/2025 12:06:06 PM,1750845966353,Right,-0.437976,1.024106,0.5921198,-0.9356914,1.075792,0.534489,-0.4376996,0.9768781,0.538965,-0.7938065,0.8867445,0.6271557,-0.3549486,1.488377,0.5468704,-1.151598,0.8262054,0.6721826,True,0,1,17
6/25/2025 12:06:06 PM,1750845966381,Right,-0.4548751,1.040263,0.5667095,-0.944768,1.085483,0.4691359,-0.4530349,0.9909348,0.5136515,-0.8105634,0.891376,0.5750043,-0.3655924,1.498533,0.5218472,-1.169363,0.8145193,0.5901487,True,0,1,17
6/25/2025 12:06:06 PM,1750845966394,Right,-0.4621971,1.047703,0.5539516,-0.9472873,1.08785,0.4383922,-0.4600483,0.9975145,0.5012908,-0.8176844,0.8928291,0.5506114,-0.370486,1.502873,0.5097667,-1.175081,0.8071582,0.5522111,True,0,1,17
6/25/2025 12:06:06 PM,1750845966422,Right,-0.4736897,1.059563,0.5278288,-0.9501562,1.087787,0.3817666,-0.4703727,1.007524,0.475474,-0.8247588,0.8904986,0.5048544,-0.3785,1.510086,0.4857792,-1.177963,0.785427,0.484921,True,0,1,17
6/25/2025 12:06:06 PM,1750845966436,Right,-0.4786794,1.064467,0.514807,-0.9515641,1.086798,0.3544852,-0.4750099,1.011832,0.462837,-0.8288409,0.8895031,0.4819184,-0.382089,1.513331,0.4743582,-1.178208,0.7763008,0.4510849,True,0,1,17
6/25/2025 12:06:06 PM,1750845966464,Right,-0.4845794,1.0702,0.4883326,-0.9481127,1.077307,0.306599,-0.4814416,1.017616,0.4376746,-0.8301266,0.8825421,0.4410671,-0.3885069,1.518225,0.4528242,-1.171618,0.7495065,0.3943949,True,0,1,17
6/25/2025 12:06:06 PM,1750845966478,Right,-0.4867971,1.072665,0.4757013,-0.9464729,1.071919,0.286495,-0.4834664,1.019554,0.4256589,-0.8283553,0.8779722,0.4247226,-0.3915527,1.520127,0.4429013,-1.166082,0.7341218,0.3740333,True,0,1,17
6/25/2025 12:06:06 PM,1750845966491,Right,-0.487308,1.074123,0.4633625,-0.9432194,1.065315,0.2717904,-0.4849382,1.021241,0.4139571,-0.824693,0.8732225,0.4122532,-0.394261,1.521402,0.433591,-1.160257,0.7191669,0.3610776,True,0,1,17
6/25/2025 12:06:06 PM,1750845966520,Right,-0.4869841,1.076875,0.4405881,-0.9344206,1.056386,0.2545302,-0.4860027,1.023805,0.392167,-0.8156255,0.8668923,0.3946078,-0.3994188,1.523535,0.41494,-1.151391,0.6991901,0.3476225,True,0,1,17
6/25/2025 12:06:06 PM,1750845966534,Right,-0.4861931,1.077521,0.4305239,-0.9307382,1.05356,0.2474878,-0.4855913,1.024154,0.3824931,-0.8099833,0.8658794,0.3894515,-0.4018643,1.524251,0.4057703,-1.14847,0.6933254,0.3472103,True,0,1,17
6/25/2025 12:06:06 PM,1750845966561,Right,-0.4820821,1.075793,0.4149621,-0.9239411,1.049027,0.2432998,-0.4835208,1.023281,0.3664867,-0.8006989,0.8624182,0.3844326,-0.4059341,1.525011,0.3884954,-1.142683,0.6834998,0.3540827,True,0,1,17
6/25/2025 12:06:06 PM,1750845966576,Right,-0.4785352,1.073712,0.4092034,-0.9206605,1.047563,0.2465453,-0.4815888,1.022281,0.3600485,-0.7968458,0.8617297,0.3834689,-0.4074883,1.52526,0.3811562,-1.140898,0.6825593,0.3591624,True,0,1,17
6/25/2025 12:06:06 PM,1750845966603,Right,-0.4718168,1.070314,0.3968489,-0.9143167,1.046612,0.2549496,-0.4768533,1.019952,0.3477384,-0.7861738,0.8623496,0.3833131,-0.410041,1.525629,0.3677765,-1.137319,0.683462,0.373435,True,0,1,17
6/25/2025 12:06:06 PM,1750845966617,Right,-0.4676676,1.067792,0.3918066,-0.9113901,1.047248,0.2618073,-0.4740034,1.018367,0.3425326,-0.7818178,0.8627663,0.3844484,-0.4110221,1.525735,0.362236,-1.135899,0.6860718,0.382213,True,0,1,17
6/25/2025 12:06:06 PM,1750845966645,Right,-0.4585319,1.063012,0.3832257,-0.9049833,1.048451,0.2773219,-0.4676947,1.015429,0.3334954,-0.7721778,0.8648348,0.3896765,-0.4132615,1.526268,0.3516742,-1.132396,0.6943308,0.4053805,True,0,1,17
6/25/2025 12:06:06 PM,1750845966659,Right,-0.4541574,1.061306,0.3787606,-0.9017255,1.048943,0.2840765,-0.4646298,1.014413,0.3288855,-0.7677002,0.8662837,0.3922356,-0.4141252,1.526534,0.3466297,-1.130295,0.6994658,0.4171928,True,0,1,17
6/25/2025 12:06:06 PM,1750845966673,Right,-0.4487548,1.059527,0.3756673,-0.8983037,1.051273,0.2936434,-0.4607104,1.013405,0.3255877,-0.7629771,0.8683574,0.3969807,-0.4146554,1.526957,0.3427184,-1.127617,0.7068876,0.4322799,True,0,1,17
6/25/2025 12:06:06 PM,1750845966700,Right,-0.4392467,1.054916,0.3720411,-0.8922377,1.058568,0.3102952,-0.4539945,1.010718,0.3207204,-0.7559905,0.8740262,0.4078767,-0.4159849,1.527696,0.3356943,-1.12422,0.7271084,0.4637715,True,0,1,17
6/25/2025 12:06:06 PM,1750845966714,Right,-0.4345561,1.052233,0.3712817,-0.8897164,1.062919,0.3181854,-0.4505631,1.00908,0.3197713,-0.7540097,0.8782454,0.4145662,-0.4166548,1.528195,0.332664,-1.123555,0.7417959,0.4802113,True,0,1,17
6/25/2025 12:06:06 PM,1750845966742,Right,-0.4236448,1.044839,0.3741642,-0.8845408,1.074732,0.3320225,-0.4424409,1.004717,0.3208094,-0.7535267,0.8906244,0.426636,-0.4169075,1.529411,0.3281143,-1.125565,0.7828882,0.5058329,True,0,1,17
6/25/2025 12:06:06 PM,1750845966755,Right,-0.4178445,1.041268,0.37612,-0.8822532,1.082995,0.3372824,-0.4382003,1.002695,0.3215633,-0.7545291,0.8966572,0.4298291,-0.416806,1.530182,0.3267192,-1.126427,0.8001509,0.5097647,True,0,1,17
6/25/2025 12:06:06 PM,1750845966783,Right,-0.4062167,1.035827,0.3812026,-0.8805351,1.09999,0.3441286,-0.4290653,0.9996484,0.3252344,-0.7607661,0.9105456,0.4332815,-0.4156892,1.531667,0.3246993,-1.129802,0.8370231,0.5058463,True,0,1,17
6/25/2025 12:06:06 PM,1750845966797,Right,-0.4014108,1.034959,0.3840157,-0.8808715,1.108488,0.3450347,-0.4252361,0.9993733,0.3271532,-0.7648721,0.9179272,0.4330717,-0.4147902,1.532492,0.3239354,-1.13178,0.8538599,0.4995525,True,0,1,17
6/25/2025 12:06:06 PM,1750845966811,Right,-0.3980619,1.036158,0.3862547,-0.8818324,1.116662,0.3439261,-0.4223973,1.000423,0.3287,-0.7688557,0.9249572,0.4315051,-0.4134818,1.533265,0.3234055,-1.133705,0.8675197,0.4914217,True,0,1,17
6/25/2025 12:06:06 PM,1750845966839,Right,-0.3942755,1.040558,0.3895522,-0.8878562,1.130638,0.3341314,-0.4185845,1.003719,0.3308445,-0.7797854,0.9383711,0.4228084,-0.4106529,1.535333,0.3224071,-1.139452,0.8936347,0.4662369,True,0,1,17
6/25/2025 12:06:06 PM,1750845966853,Right,-0.3930175,1.042705,0.3913085,-0.8925147,1.135458,0.3273458,-0.4172784,1.005582,0.3320647,-0.785997,0.9431172,0.4182957,-0.4089822,1.536328,0.3219935,-1.141673,0.9024866,0.4534066,True,0,1,17
6/25/2025 12:06:06 PM,1750845966881,Right,-0.3929666,1.047207,0.3954561,-0.9063213,1.138517,0.3081628,-0.4163476,1.009497,0.3348094,-0.802003,0.9511101,0.4043866,-0.4070909,1.539471,0.320474,-1.147349,0.9160158,0.4184675,True,0,1,17
6/25/2025 12:06:06 PM,1750845966895,Right,-0.3942295,1.049581,0.3975782,-0.9131949,1.137834,0.2983533,-0.4173879,1.011781,0.3361874,-0.8105837,0.9542465,0.3958238,-0.4062907,1.541108,0.3194668,-1.150695,0.9200138,0.3989595,True,0,1,17
6/25/2025 12:06:06 PM,1750845966923,Right,-0.400135,1.056183,0.4013505,-0.9244883,1.135544,0.2805108,-0.4216708,1.017164,0.3384459,-0.8237329,0.957874,0.3737243,-0.405394,1.544708,0.3174829,-1.156782,0.9198228,0.353836,True,0,1,17
6/25/2025 12:06:06 PM,1750845966936,Right,-0.4040073,1.060225,0.402581,-0.9287133,1.135457,0.2716185,-0.4247379,1.020674,0.3391627,-0.8288782,0.9585173,0.3616107,-0.4053421,1.546701,0.3163553,-1.158965,0.9160982,0.3304868,True,0,1,17
6/25/2025 12:06:06 PM,1750845966964,Right,-0.4112262,1.068678,0.4038298,-0.9351332,1.137738,0.2513828,-0.4302672,1.027397,0.3393989,-0.8373194,0.9606571,0.3413523,-0.405615,1.550026,0.3132802,-1.161024,0.9093498,0.2929342,True,0,1,17
6/25/2025 12:06:06 PM,1750845966978,Right,-0.4140754,1.072284,0.4046342,-0.9384048,1.139372,0.2406212,-0.4325048,1.030326,0.3396114,-0.8420436,0.9630998,0.3315441,-0.4058714,1.55161,0.3119122,-1.161353,0.9089113,0.2752698,True,0,1,17
6/25/2025 12:06:06 PM,1750845966992,Right,-0.4169157,1.075772,0.405201,-0.9412606,1.140983,0.2288353,-0.4347381,1.033048,0.3395888,-0.8465521,0.9654127,0.3202091,-0.4063122,1.552818,0.3102381,-1.160977,0.9080291,0.2556378,False,0,1,17
6/25/2025 12:06:07 PM,1750845967020,Right,-0.4227729,1.082175,0.4052938,-0.944299,1.143559,0.204204,-0.4352029,1.039436,0.3472944,-0.8794817,0.9826274,0.3054173,-0.4080207,1.555019,0.3069847,-1.160186,0.9360765,0.2297494,False,0,1,17
6/25/2025 12:06:07 PM,1750845967033,Right,-0.425525,1.084836,0.405211,-0.9449327,1.144182,0.1935358,-0.4373556,1.044052,0.3502713,-0.8830579,0.993803,0.2971666,-0.4088619,1.555646,0.3049974,-1.160602,0.9506915,0.2150008,False,0,1,17
6/25/2025 12:06:07 PM,1750845967061,Right,-0.4308246,1.089003,0.4047977,-0.947331,1.144713,0.1769727,-0.4431083,1.049536,0.3505676,-0.8883222,1.012736,0.2707325,-0.4103211,1.556654,0.3010169,-1.15954,0.9768075,0.1729835,False,0,1,17
6/25/2025 12:06:07 PM,1750845967075,Right,-0.4328742,1.090002,0.4040912,-0.9478796,1.14406,0.1719884,-0.4449527,1.05049,0.3496792,-0.8882475,1.019927,0.2555518,-0.4109503,1.556983,0.2988836,-1.156291,0.9878364,0.1492494,False,0,1,17
6/25/2025 12:06:07 PM,1750845967103,Right,-0.4356441,1.090003,0.4033496,-0.9489346,1.143864,0.1637172,-0.4474392,1.050756,0.3481962,-0.8848465,1.033195,0.221941,-0.4123337,1.557846,0.2951692,-1.14403,1.008871,0.09698391,False,0,1,17
6/25/2025 12:06:07 PM,1750845967117,Right,-0.4367782,1.089597,0.403023,-0.9497812,1.14341,0.1615192,-0.4485174,1.050633,0.3477108,-0.8807827,1.040159,0.2034828,-0.4130671,1.558372,0.293664,-1.134736,1.020474,0.06789815,False,0,1,17
6/25/2025 12:06:07 PM,1750845967145,Right,-0.4392096,1.089126,0.4020298,-0.9504387,1.143444,0.1584347,-0.4507357,1.050476,0.3463272,-0.8802551,1.042333,0.1960638,-0.4149184,1.559499,0.2908866,-1.132866,1.025506,0.05619764,False,0,1,17
6/25/2025 12:06:07 PM,1750845967158,Right,-0.440088,1.088487,0.4019049,-0.9494257,1.144284,0.1593614,-0.4517774,1.050407,0.3459428,-0.8799008,1.04229,0.1961677,-0.4160175,1.560245,0.2898688,-1.133878,1.025928,0.05570102,False,0,1,17
6/25/2025 12:06:07 PM,1750845967173,Right,-0.4409176,1.088075,0.4020369,-0.9487345,1.145651,0.1593925,-0.452471,1.050131,0.3458732,-0.8798333,1.041788,0.1970906,-0.4167628,1.560801,0.2885878,-1.134971,1.02572,0.0565666,False,0,1,17
6/25/2025 12:06:07 PM,1750845967200,Right,-0.4416903,1.087157,0.4028463,-0.9462504,1.151043,0.1624231,-0.4533084,1.049837,0.346026,-0.879374,1.042122,0.2012963,-0.4178588,1.561967,0.2861142,-1.137951,1.027428,0.06166291,False,0,1,17
6/25/2025 12:06:07 PM,1750845967214,Right,-0.4415748,1.08685,0.4037564,-0.9447005,1.154735,0.1659905,-0.4533115,1.049724,0.346545,-0.878727,1.042902,0.2047283,-0.4183363,1.562304,0.2850692,-1.139571,1.029354,0.06595135,False,0,1,17
6/25/2025 12:06:07 PM,1750845967242,Right,-0.4426401,1.087506,0.4050061,-0.9419048,1.160843,0.1755166,-0.4544586,1.050473,0.3471991,-0.8774953,1.044278,0.2142351,-0.4198469,1.56331,0.2833314,-1.145422,1.032503,0.07822597,False,0,1,17
6/25/2025 12:06:07 PM,1750845967256,Right,-0.4442264,1.088708,0.4051131,-0.9403114,1.162959,0.1836239,-0.4556867,1.051244,0.3471642,-0.8758224,1.044037,0.2195607,-0.42031,1.563518,0.2823017,-1.149153,1.032245,0.08478296,False,0,1,17
6/25/2025 12:06:07 PM,1750845967283,Right,-0.4443439,1.090057,0.4065669,-0.9363511,1.165272,0.203198,-0.4562961,1.052326,0.3477463,-0.8708236,1.04177,0.2329348,-0.4206541,1.563193,0.2807181,-1.155836,1.029182,0.1023719,False,0,1,17
6/25/2025 12:06:07 PM,1750845967296,Right,-0.443154,1.089994,0.4079819,-0.9336605,1.165159,0.2165284,-0.4551094,1.052237,0.3489233,-0.8666622,1.039784,0.241565,-0.4210094,1.563344,0.2800583,-1.158147,1.026561,0.1140218,False,0,1,17
6/25/2025 12:06:07 PM,1750845967311,Right,-0.4414384,1.089603,0.4098871,-0.9309697,1.163962,0.2317942,-0.4539085,1.052003,0.3503074,-0.8631816,1.037669,0.2503307,-0.4211268,1.563305,0.2799098,-1.16041,1.023704,0.1263553,False,0,1,17
6/25/2025 12:06:07 PM,1750845967339,Right,-0.4368932,1.08892,0.4134675,-0.9225693,1.161363,0.2614094,-0.4501306,1.051453,0.3532671,-0.8525189,1.032733,0.2704802,-0.4211581,1.563237,0.2798351,-1.164066,1.016432,0.1553537,False,0,1,17
6/25/2025 12:06:07 PM,1750845967353,Right,-0.4342265,1.0889,0.4149185,-0.91646,1.160491,0.2765357,-0.447953,1.051381,0.3544341,-0.8462391,1.029945,0.2817962,-0.4209373,1.563044,0.2798661,-1.165941,1.011953,0.1726665,False,0,1,17
6/25/2025 12:06:07 PM,1750845967381,Right,-0.4272071,1.088252,0.4177802,-0.8997879,1.158906,0.306928,-0.442305,1.050871,0.3566929,-0.8301499,1.024561,0.3030605,-0.4207747,1.562857,0.279713,-1.166936,1.002779,0.2060363,False,0,1,17
6/25/2025 12:06:07 PM,1750845967395,Right,-0.4227557,1.087594,0.4196339,-0.8915274,1.156043,0.3223262,-0.43881,1.05039,0.358241,-0.8219026,1.021486,0.3140623,-0.4200844,1.562654,0.280373,-1.166338,0.9974683,0.224068,False,0,1,17
6/25/2025 12:06:07 PM,1750845967423,Right,-0.412694,1.086209,0.4243433,-0.872139,1.147354,0.3550869,-0.4300744,1.049559,0.3626824,-0.8026243,1.014278,0.3398409,-0.4176743,1.563249,0.2834083,-1.162765,0.9842026,0.2678519,False,0,1,17
6/25/2025 12:06:07 PM,1750845967436,Right,-0.4063495,1.085345,0.4271502,-0.8602576,1.140182,0.3727815,-0.4247437,1.0491,0.3652991,-0.7908351,1.010248,0.3532626,-0.4163984,1.563734,0.2852639,-1.159142,0.9763039,0.2914066,False,0,1,17
6/25/2025 12:06:07 PM,1750845967464,Right,-0.3925062,1.082694,0.432838,-0.8339021,1.124218,0.4073707,-0.4132739,1.047674,0.3706734,-0.7655346,1.000854,0.3804182,-0.4128671,1.564683,0.2899013,-1.14889,0.9575526,0.3415555,False,0,1,17
6/25/2025 12:06:07 PM,1750845967478,Right,-0.3839602,1.080216,0.4361643,-0.8196595,1.116283,0.4238864,-0.4066302,1.046156,0.3736496,-0.7524011,0.995178,0.3939106,-0.4107544,1.565047,0.2927361,-1.141604,0.9467871,0.3673554,False,0,1,17
6/25/2025 12:06:07 PM,1750845967492,Right,-0.3753959,1.077775,0.4393779,-0.8039842,1.107102,0.4398487,-0.3990334,1.044484,0.3770003,-0.7376322,0.9889097,0.4084939,-0.4078722,1.564965,0.2957571,-1.132295,0.934621,0.3959233,False,0,1,17
6/25/2025 12:06:07 PM,1750845967520,Right,-0.355424,1.072382,0.4465911,-0.7694433,1.085435,0.470156,-0.3816423,1.040635,0.3839905,-0.7032061,0.975428,0.4368101,-0.4013226,1.565202,0.301912,-1.107777,0.9067185,0.4539531,False,0,1,17
6/25/2025 12:06:07 PM,1750845967534,Right,-0.3453088,1.069916,0.4503407,-0.7515514,1.073976,0.4850166,-0.3721598,1.038805,0.3879039,-0.6844783,0.968595,0.4505855,-0.3976419,1.565418,0.305526,-1.092798,0.8914137,0.4830715,False,0,1,17
6/25/2025 12:06:07 PM,1750845967562,Right,-0.3226887,1.064089,0.4574534,-0.7116194,1.048305,0.5127571,-0.3523329,1.034795,0.3951936,-0.6445534,0.9530421,0.4779672,-0.3889877,1.565648,0.3135239,-1.056298,0.8552203,0.5444795,False,0,1,17
6/25/2025 12:06:07 PM,1750845967576,Right,-0.3124487,1.061412,0.4606026,-0.6943061,1.037759,0.5273839,-0.3433034,1.03298,0.3985187,-0.6267871,0.9454111,0.4907289,-0.3848004,1.565845,0.3175526,-1.037023,0.8375229,0.5735903,False,0,1,17
6/25/2025 12:06:07 PM,1750845967603,Right,-0.2835979,1.05442,0.4620818,-0.6436446,1.012928,0.5478494,-0.3206523,1.028618,0.401454,-0.5799565,0.9297271,0.51138,-0.3729935,1.565923,0.3268169,-0.9866325,0.7973863,0.6318935,False,0,1,17
6/25/2025 12:06:07 PM,1750845967617,Right,-0.2691145,1.05105,0.4628053,-0.6194689,1.002012,0.5574799,-0.3072626,1.026206,0.402916,-0.5537751,0.9213227,0.5215139,-0.3658901,1.565997,0.3320431,-0.9554961,0.7756593,0.6619909,False,0,1,17
6/25/2025 12:06:07 PM,1750845967631,Right,-0.2545846,1.047511,0.4633685,-0.5951171,0.9916704,0.5666004,-0.2945098,1.023812,0.4044678,-0.528923,0.9138442,0.5302916,-0.3589262,1.566137,0.3369552,-0.9248456,0.7558274,0.6890041,False,0,1,17
6/25/2025 12:06:07 PM,1750845967658,Right,-0.2235956,1.040223,0.4622781,-0.5409563,0.9733886,0.582003,-0.2648238,1.018305,0.4060235,-0.472006,0.8987926,0.5455245,-0.3452629,1.565955,0.3468685,-0.8508297,0.7139781,0.7437845,False,0,1,17
6/25/2025 12:06:07 PM,1750845967673,Right,-0.2080292,1.035837,0.460601,-0.5136279,0.9644228,0.5887804,-0.2506784,1.015199,0.4057709,-0.4431742,0.8913239,0.551782,-0.3381654,1.565788,0.3521241,-0.8099266,0.6927643,0.7709801,False,0,1,17
6/25/2025 12:06:07 PM,1750845967700,Right,-0.1762705,1.025325,0.4530877,-0.457841,0.9478458,0.5977235,-0.2221917,1.007549,0.4021217,-0.3837529,0.8768954,0.5598537,-0.3230689,1.564937,0.3634193,-0.7195147,0.6523706,0.8223818,False,0,1,17
6/25/2025 12:06:07 PM,1750845967714,Right,-0.160408,1.020043,0.4482355,-0.4306731,0.9392419,0.6013145,-0.2091403,1.004013,0.3996942,-0.3567779,0.8709712,0.562396,-0.3150593,1.564173,0.3693396,-0.6753315,0.6363534,0.844208,False,0,1,17
6/25/2025 12:06:07 PM,1750845967742,Right,-0.1288805,1.008367,0.433718,-0.3766317,0.9213898,0.6031395,-0.1791663,0.9948266,0.3903588,-0.2963023,0.8577263,0.5636693,-0.2980602,1.561965,0.3819287,-0.5698693,0.605518,0.8862319,False,0,1,17
6/25/2025 12:06:07 PM,1750845967755,Right,-0.1135217,1.00233,0.4259005,-0.3503423,0.9126639,0.6029297,-0.165065,0.989999,0.3849312,-0.2705054,0.8525678,0.5612592,-0.2893165,1.560433,0.3884236,-0.5257396,0.5954539,0.8990792,False,0,1,17
6/25/2025 12:06:07 PM,1750845967784,Right,-0.08193946,0.9893551,0.4046987,-0.3002493,0.8978733,0.5982112,-0.1365057,0.9796582,0.3716236,-0.2309308,0.8437575,0.5514441,-0.272185,1.555586,0.4016882,-0.4679373,0.5861169,0.9058318,False,0,1,17
6/25/2025 12:06:07 PM,1750845967798,Right,-0.06634152,0.9830769,0.3942885,-0.2761524,0.8903908,0.5963793,-0.1221975,0.9742662,0.3636544,-0.2126901,0.8389455,0.546161,-0.2636997,1.552915,0.4084873,-0.4415756,0.5834389,0.9071172,False,0,1,17
6/25/2025 12:06:07 PM,1750845967812,Right,-0.05147195,0.9764884,0.3800513,-0.2542681,0.8825805,0.5917435,-0.1086068,0.968689,0.3536763,-0.1961249,0.8333335,0.5398616,-0.2552242,1.549698,0.4155459,-0.4171206,0.581267,0.9057845,False,0,1,17
6/25/2025 12:06:07 PM,1750845967840,Right,-0.02358365,0.9638812,0.3515794,-0.2125529,0.8657082,0.5782715,-0.08266664,0.9576053,0.3343905,-0.1638573,0.821397,0.5263883,-0.2377889,1.541953,0.4306951,-0.3692873,0.5733954,0.9003689,False,0,1,17
6/25/2025 12:06:07 PM,1750845967853,Right,-0.01039827,0.9575187,0.336067,-0.1927077,0.857618,0.5708824,-0.07026827,0.9517724,0.3235991,-0.1491684,0.8151009,0.5183198,-0.2287103,1.537429,0.438732,-0.3483049,0.5696181,0.895223,False,0,1,17
6/25/2025 12:06:07 PM,1750845967881,Right,0.01446903,0.9447392,0.3032342,-0.1587383,0.8425387,0.5543026,-0.04684396,0.9396657,0.3002154,-0.1231599,0.8017964,0.5036749,-0.2101519,1.526967,0.4555885,-0.3106181,0.5663335,0.8842927,False,0,1,17
6/25/2025 12:06:07 PM,1750845967895,Right,0.02553272,0.9386433,0.2855644,-0.1442254,0.8352436,0.5465949,-0.03602314,0.9335781,0.2878364,-0.1120626,0.7947849,0.4972356,-0.2003248,1.520966,0.4642938,-0.2942868,0.566238,0.8781425,False,0,1,17
6/25/2025 12:06:07 PM,1750845967923,Right,0.0436002,0.9283386,0.2485895,-0.1194344,0.8198937,0.533329,-0.01755981,0.9223405,0.2617936,-0.09344628,0.7804183,0.4861864,-0.1801953,1.5075,0.4820803,-0.2638543,0.5675893,0.8647784,False,0,1,17
6/25/2025 12:06:07 PM,1750845967937,Right,0.05053747,0.9244326,0.2298481,-0.1092362,0.8121032,0.5277265,-0.009537145,0.9172144,0.2488117,-0.08622797,0.7731431,0.4819609,-0.1700524,1.500016,0.490842,-0.2513738,0.5689583,0.8573616,False,0,1,17
6/25/2025 12:06:07 PM,1750845967964,Right,0.06242323,0.9181277,0.1936773,-0.08832479,0.7973247,0.5176033,0.003593877,0.9081525,0.2232237,-0.07264154,0.7595758,0.4745219,-0.149914,1.484019,0.5087502,-0.2248036,0.5714941,0.8433816,False,0,1,17
6/25/2025 12:06:07 PM,1750845967979,Right,0.06553769,0.9163612,0.1757729,-0.07945013,0.7901577,0.513082,0.008696511,0.9040055,0.210775,-0.06656453,0.7529836,0.4712819,-0.1398376,1.475098,0.5178237,-0.2116939,0.5722572,0.8364516,False,0,1,17
6/25/2025 12:06:07 PM,1750845967992,Right,0.06654096,0.9155717,0.1582532,-0.07110095,0.7827801,0.5090897,0.01218016,0.9003052,0.1985591,-0.06158908,0.7463834,0.468786,-0.1297691,1.465505,0.527259,-0.1991646,0.5727023,0.8295186,False,0,1,17
6/25/2025 12:06:08 PM,1750845968020,Right,0.06743431,0.9145465,0.1260306,-0.05582857,0.7669454,0.502599,0.01622766,0.8937327,0.1763723,-0.05287619,0.7327517,0.4657161,-0.1099339,1.445157,0.5462606,-0.1749484,0.5707916,0.8161073,False,0,1,17
6/25/2025 12:06:08 PM,1750845968034,Right,0.06551945,0.9152665,0.1121323,-0.0486021,0.7586032,0.4995122,0.01664688,0.8908397,0.1670094,-0.04924548,0.7254871,0.4647631,-0.1003212,1.433886,0.5555928,-0.1637279,0.5674235,0.8096344,False,0,1,17
6/25/2025 12:06:08 PM,1750845968062,Right,0.05810499,0.9179808,0.08944738,-0.03777635,0.7408579,0.4935303,0.01436305,0.8852388,0.1522226,-0.04267958,0.7095729,0.4630684,-0.08200371,1.408538,0.5733733,-0.1417806,0.5550524,0.7977427,False,0,1,17
6/25/2025 12:06:08 PM,1750845968076,Right,0.0527637,0.9189998,0.08156705,-0.03234673,0.7316848,0.4901948,0.01172914,0.8820581,0.1475179,-0.04022921,0.7010839,0.4620813,-0.07313585,1.395287,0.5817842,-0.1321929,0.5461847,0.7929446,False,0,1,17
6/25/2025 12:06:08 PM,1750845968104,Right,0.04233515,0.9181984,0.06858003,-0.02451849,0.7116497,0.484163,0.006202281,0.8729194,0.1408275,-0.03436998,0.6811987,0.4604021,-0.05657363,1.366394,0.5971234,-0.1116961,0.5244151,0.7848344,False,0,1,17
6/25/2025 12:06:08 PM,1750845968117,Right,0.03571641,0.9162587,0.06463897,-0.0213871,0.7009082,0.4816612,0.002495385,0.8670048,0.1391075,-0.03268027,0.6701646,0.4601758,-0.04887819,1.350849,0.6041603,-0.103484,0.5120835,0.7816799,False,0,1,17
6/25/2025 12:06:08 PM,1750845968132,Right,0.02803802,0.9125998,0.06276727,-0.02030373,0.6884531,0.4801031,-0.001801498,0.8598342,0.1382594,-0.03183583,0.6578989,0.4604408,-0.04143059,1.334904,0.6107422,-0.09662176,0.4983944,0.7789391,False,0,1,17
6/25/2025 12:06:08 PM,1750845968159,Right,0.01253223,0.9018061,0.06134379,-0.01699317,0.6628519,0.4771458,-0.01080125,0.843922,0.1386346,-0.02957903,0.6328619,0.4609917,-0.02867794,1.30192,0.6222469,-0.08223353,0.4694927,0.7748737,False,0,1,17
6/25/2025 12:06:08 PM,1750845968173,Right,0.004521012,0.8949953,0.06193721,-0.01634932,0.6489504,0.4765013,-0.01580275,0.8348785,0.1408533,-0.02887841,0.6200198,0.4612913,-0.02288103,1.284525,0.6273056,-0.07565574,0.4534704,0.774135,False,0,1,17
6/25/2025 12:06:08 PM,1750845968201,Right,-0.01335752,0.8751996,0.06976593,-0.01688683,0.6186347,0.4780161,-0.02669038,0.8137925,0.1469911,-0.02886815,0.5924047,0.4634905,-0.01382685,1.248986,0.6357048,-0.06422336,0.4202708,0.7745515,False,0,1,17
6/25/2025 12:06:08 PM,1750845968215,Right,-0.02182996,0.8650507,0.07367814,-0.01682687,0.6036623,0.4790727,-0.03232765,0.8022039,0.1509488,-0.0291982,0.5781198,0.4651151,-0.009678483,1.231084,0.6395338,-0.05887126,0.4032578,0.7756387,False,0,1,17
6/25/2025 12:06:08 PM,1750845968243,Right,-0.03953004,0.8366054,0.09237194,-0.01902902,0.5705485,0.4859544,-0.04357647,0.7764311,0.1635219,-0.03079444,0.5500234,0.4683664,-0.003493786,1.195089,0.6460212,-0.04947856,0.3664545,0.7815708,False,0,1,17
6/25/2025 12:06:08 PM,1750845968257,Right,-0.0474112,0.8214007,0.1033452,-0.02038217,0.5534762,0.4905444,-0.04892984,0.7627758,0.1710507,-0.03240672,0.535198,0.4715425,-0.001127481,1.1775,0.648684,-0.04636959,0.3476058,0.785646,False,0,1,17
6/25/2025 12:06:08 PM,1750845968284,Right,-0.06174147,0.7878944,0.1301193,-0.02382731,0.5197452,0.5018193,-0.05915231,0.7334814,0.1893298,-0.03655362,0.5065191,0.4780145,0.001927376,1.143734,0.6537514,-0.04129355,0.308686,0.7970551,False,0,1,17
6/25/2025 12:06:08 PM,1750845968298,Right,-0.06852567,0.7697537,0.1457257,-0.02652335,0.5036011,0.5101089,-0.06404387,0.7183177,0.1995844,-0.0391173,0.4926131,0.4829081,0.002769232,1.127431,0.6559682,-0.03953773,0.290426,0.804901,False,0,1,17
6/25/2025 12:06:08 PM,1750845968312,Right,-0.07496595,0.7508676,0.1628132,-0.029495,0.4877759,0.5197244,-0.06893161,0.7022228,0.2112804,-0.04238942,0.4789333,0.4886294,0.003261924,1.111754,0.6580859,-0.0387451,0.2720643,0.8147309,False,0,1,17
6/25/2025 12:06:08 PM,1750845968339,Right,-0.08702779,0.7117595,0.2010496,-0.03635156,0.457923,0.5422188,-0.07850765,0.6681352,0.2388594,-0.05137929,0.4526443,0.5038162,0.003653526,1.082817,0.661659,-0.041349,0.236629,0.8409571,False,0,1,17
6/25/2025 12:06:08 PM,1750845968353,Right,-0.09286034,0.6917413,0.2219046,-0.04028988,0.4451374,0.5557203,-0.08335304,0.6503068,0.2544161,-0.05631432,0.439352,0.5134658,0.003278852,1.069738,0.6632862,-0.04321184,0.219217,0.8566207,False,0,1,17
6/25/2025 12:06:08 PM,1750845968381,Right,-0.1036245,0.651507,0.2675668,-0.04730487,0.4225905,0.5825973,-0.09225444,0.6166218,0.287033,-0.06468011,0.4182106,0.5298431,0.001517534,1.046503,0.6668153,-0.04429737,0.185673,0.8887666,False,0,1,17
6/25/2025 12:06:08 PM,1750845968395,Right,-0.1082609,0.6328097,0.2928135,-0.05083132,0.4135859,0.5969433,-0.09641439,0.600086,0.3055136,-0.06823581,0.4084509,0.5390671,0.0002256632,1.036755,0.6684698,-0.04411752,0.1682352,0.9062381,True,0,1,18
6/25/2025 12:06:08 PM,1750845968423,Right,-0.1166191,0.6018654,0.3470618,-0.05817711,0.4024906,0.62466,-0.09871087,0.5879129,0.3209381,-0.0755106,0.4222817,0.520075,-0.002575159,1.020441,0.6726321,-0.04861049,0.1521095,0.9189895,True,0,1,18
6/25/2025 12:06:08 PM,1750845968437,Right,-0.1209939,0.5884693,0.3751519,-0.06144381,0.3982111,0.6375326,-0.1000849,0.5817901,0.3298018,-0.07854034,0.4233781,0.5182752,-0.004111528,1.014055,0.6749169,-0.05110672,0.1429675,0.9257346,True,0,1,18
6/25/2025 12:06:08 PM,1750845968464,Right,-0.129971,0.5682602,0.4362454,-0.06812835,0.3954186,0.6632464,-0.1033657,0.569261,0.3508866,-0.08428423,0.4277626,0.5174681,-0.00655973,1.004372,0.6793246,-0.05339032,0.1276763,0.9446926,True,0,1,18
6/25/2025 12:06:08 PM,1750845968478,Right,-0.1356962,0.5579543,0.463195,-0.07215905,0.3931715,0.6759261,-0.1052074,0.5634155,0.3619447,-0.08717246,0.4296774,0.5193903,-0.007783055,1.00055,0.6816634,-0.05458074,0.1220142,0.9558318,True,0,1,18
6/25/2025 12:06:08 PM,1750845968492,Right,-0.1420848,0.5506502,0.4899774,-0.07743669,0.3942597,0.6894265,-0.1074809,0.5571141,0.3747168,-0.09018063,0.4305393,0.523921,-0.008645296,0.9980903,0.6838827,-0.05525833,0.1163361,0.9689286,True,0,1,18
6/25/2025 12:06:08 PM,1750845968520,Right,-0.1546905,0.543472,0.5430735,-0.08934259,0.3961783,0.7176204,-0.1127616,0.5454383,0.4022066,-0.09619217,0.4306301,0.537086,-0.01103711,0.9959577,0.6885656,-0.05503505,0.1042939,0.9956368,True,0,1,18
6/25/2025 12:06:08 PM,1750845968534,Right,-0.160355,0.5437422,0.568094,-0.0959022,0.3985082,0.7317128,-0.1158319,0.5401971,0.4175361,-0.09993394,0.4291688,0.5466878,-0.01207256,0.9965867,0.6910776,-0.05724698,0.09637368,1.008881,True,0,1,18
6/25/2025 12:06:08 PM,1750845968562,Right,-0.1726029,0.5488909,0.6111627,-0.1092753,0.4042935,0.7586586,-0.1228848,0.5312307,0.4505574,-0.1079639,0.4244361,0.5714968,-0.01393604,0.9996861,0.6960517,-0.06430414,0.07969248,1.036033,True,0,1,18
6/25/2025 12:06:08 PM,1750845968576,Right,-0.1777253,0.5572004,0.6310072,-0.1158955,0.4089707,0.7717078,-0.1271819,0.5276501,0.4698607,-0.1126176,0.4213722,0.5880147,-0.01478291,1.002438,0.698819,-0.06921384,0.07073253,1.051209,True,0,1,18
6/25/2025 12:06:08 PM,1750845968603,Right,-0.1871128,0.5756049,0.6690288,-0.1296101,0.4199093,0.797441,-0.1356317,0.524616,0.5071716,-0.1217015,0.4174886,0.62163,-0.01674414,1.010155,0.7042632,-0.07954723,0.05620563,1.079488,True,0,1,18
6/25/2025 12:06:08 PM,1750845968617,Right,-0.1915812,0.5879884,0.6839484,-0.1371315,0.4263893,0.8090863,-0.1402551,0.5249735,0.5268966,-0.1265682,0.4160684,0.6405993,-0.01805282,1.015527,0.7072828,-0.08548544,0.04994506,1.093861,True,0,1,18
6/25/2025 12:06:08 PM,1750845968631,Right,-0.1961946,0.5988635,0.6981581,-0.1446705,0.4322896,0.8204732,-0.1454873,0.5269067,0.5484478,-0.1320553,0.4152751,0.6619135,-0.01922131,1.020925,0.7106251,-0.09252362,0.04423934,1.109097,True,0,1,18
6/25/2025 12:06:08 PM,1750845968659,Right,-0.2046887,0.6232531,0.7177284,-0.1606377,0.4451437,0.8404863,-0.1570817,0.5361929,0.5927508,-0.1446126,0.4169708,0.7069563,-0.0219692,1.03402,0.7179735,-0.1107859,0.03677762,1.13914,True,0,1,18
6/25/2025 12:06:08 PM,1750845968673,Right,-0.2082975,0.6349845,0.722898,-0.1687139,0.4519856,0.8496134,-0.16315,0.5436133,0.6136615,-0.1516164,0.4195675,0.7291125,-0.02377725,1.041292,0.7217844,-0.1227235,0.03608346,1.152994,True,0,1,18
6/25/2025 12:06:08 PM,1750845968701,Right,-0.2135555,0.6540054,0.7303864,-0.1848409,0.4661219,0.8669,-0.1771141,0.5664316,0.6569393,-0.1699119,0.43616,0.7743289,-0.0278008,1.056228,0.7295622,-0.1583058,0.04937208,1.188349,True,0,1,18
6/25/2025 12:06:08 PM,1750845968715,Right,-0.2151079,0.6616844,0.7322688,-0.1926668,0.4732132,0.8747401,-0.1843369,0.5816991,0.6767985,-0.1785589,0.4501204,0.796432,-0.0304606,1.064008,0.7330616,-0.1728961,0.06671494,1.210428,True,0,1,18
6/25/2025 12:06:08 PM,1750845968743,Right,-0.2165668,0.6742773,0.7339851,-0.2078822,0.48798,0.889401,-0.1922463,0.6067277,0.6944107,-0.1897083,0.4738007,0.8188446,-0.03647506,1.079888,0.7404318,-0.1967844,0.09902358,1.235073,True,0,1,18
6/25/2025 12:06:08 PM,1750845968757,Right,-0.2157773,0.6786795,0.7323388,-0.2152584,0.4960091,0.8958201,-0.1925934,0.6125129,0.6941104,-0.1917807,0.4794379,0.8210575,-0.03999305,1.088044,0.7443347,-0.2052353,0.1097435,1.239237,True,0,1,18
6/25/2025 12:06:08 PM,1750845968784,Right,-0.2143092,0.6863575,0.7281466,-0.2295647,0.5126839,0.9076533,-0.1931762,0.6229205,0.6922485,-0.1962744,0.4902039,0.8249109,-0.04796875,1.104316,0.7519059,-0.2231305,0.1328813,1.248184,True,0,1,18
6/25/2025 12:06:08 PM,1750845968798,Right,-0.2126932,0.6883758,0.7233878,-0.2362742,0.5220205,0.9125066,-0.1932829,0.6273898,0.6899928,-0.1982348,0.4949081,0.8257903,-0.05240941,1.112452,0.7546518,-0.2311557,0.1443813,1.25157,True,0,1,18
6/25/2025 12:06:08 PM,1750845968812,Right,-0.2109149,0.6899578,0.7189349,-0.2429485,0.5317093,0.9175711,-0.1931439,0.6313859,0.6871588,-0.2001801,0.4994315,0.8265114,-0.05699778,1.120889,0.7570767,-0.2398097,0.1568295,1.255242,True,0,1,18
6/25/2025 12:06:08 PM,1750845968840,Right,-0.2059861,0.6916196,0.7071881,-0.2563081,0.5519869,0.9270077,-0.1920558,0.6384373,0.679561,-0.2038073,0.5068963,0.8282254,-0.0676434,1.138345,0.7620354,-0.2576086,0.1834603,1.261625,True,0,1,18
6/25/2025 12:06:08 PM,1750845968854,Right,-0.2032783,0.6925159,0.7004598,-0.2631272,0.5627078,0.9314041,-0.1916502,0.6423282,0.6754648,-0.2061733,0.5107022,0.829992,-0.07322228,1.147471,0.7644737,-0.2675097,0.1985271,1.264859,True,0,1,18
6/25/2025 12:06:08 PM,1750845968882,Right,-0.1980288,0.6939824,0.6877922,-0.2785598,0.5860177,0.9401579,-0.1904374,0.649694,0.6661513,-0.2112593,0.5177304,0.8340246,-0.08574128,1.166651,0.7685981,-0.2877965,0.2298051,1.269736,True,0,1,18
6/25/2025 12:06:08 PM,1750845968895,Right,-0.195286,0.6945472,0.6816308,-0.2872682,0.5983875,0.9445138,-0.1900501,0.6536026,0.6620244,-0.214612,0.5214872,0.8374541,-0.09242058,1.17677,0.7705748,-0.2990854,0.2466334,1.272424,True,0,1,18
6/25/2025 12:06:08 PM,1750845968923,Right,-0.189837,0.698616,0.6701227,-0.3066552,0.6243638,0.9533353,-0.189504,0.6635826,0.6541572,-0.2235749,0.5314042,0.847194,-0.1065831,1.197728,0.7736299,-0.3250468,0.2857277,1.277819,True,0,1,18
6/25/2025 12:06:08 PM,1750845968937,Right,-0.1875074,0.7019479,0.6652442,-0.3187532,0.6383111,0.9574041,-0.1895611,0.66929,0.6504401,-0.229236,0.5372256,0.852821,-0.114121,1.208212,0.7733703,-0.3388403,0.3064982,1.279883,True,0,1,18
6/25/2025 12:06:08 PM,1750845968965,Right,-0.1853883,0.710228,0.6581813,-0.3448341,0.6658502,0.9640937,-0.191493,0.6815566,0.6448576,-0.2447426,0.551969,0.8652793,-0.1293595,1.229974,0.7727914,-0.3720648,0.351792,1.284193,True,0,1,18
6/25/2025 12:06:08 PM,1750845968979,Right,-0.1852367,0.7162156,0.6553478,-0.3596053,0.6802158,0.9658499,-0.1933179,0.6888458,0.6428907,-0.2543266,0.56131,0.8713278,-0.1376758,1.241306,0.7722254,-0.3911684,0.3754571,1.285341,True,0,1,18
6/25/2025 12:06:08 PM,1750845968993,Right,-0.1861447,0.7235166,0.6531645,-0.3756266,0.6948487,0.9672117,-0.1957216,0.6970906,0.6408876,-0.2656356,0.5720729,0.877207,-0.145942,1.252759,0.7711527,-0.4128402,0.4007111,1.285185,True,0,1,18
6/25/2025 12:06:09 PM,1750845969020,Right,-0.1890806,0.7377576,0.6498555,-0.4121935,0.7260461,0.9691133,-0.2025412,0.7150867,0.6374825,-0.2927676,0.5957689,0.8885475,-0.1629951,1.275673,0.7669463,-0.4608313,0.4522934,1.281164,True,0,1,18
6/25/2025 12:06:09 PM,1750845969035,Right,-0.1912167,0.7453389,0.6491561,-0.4318318,0.741946,0.9694266,-0.206824,0.7251959,0.635996,-0.3087112,0.6093451,0.8938096,-0.1718401,1.28719,0.7638452,-0.4873011,0.4797198,1.277225,True,0,1,18
6/25/2025 12:06:09 PM,1750845969063,Right,-0.1969806,0.7612695,0.6483992,-0.477141,0.7763045,0.9649882,-0.215374,0.7432743,0.6335904,-0.3434021,0.6353487,0.9030662,-0.1898314,1.310734,0.7562633,-0.5425341,0.5324985,1.26497,True,0,1,18
6/25/2025 12:06:09 PM,1750845969076,Right,-0.2009439,0.7694588,0.6479894,-0.5019913,0.7941709,0.9609303,-0.2206508,0.7527883,0.6320896,-0.3630317,0.6491324,0.9066665,-0.1991074,1.322656,0.7514019,-0.5716305,0.5590618,1.256096,True,0,1,18
6/25/2025 12:06:09 PM,1750845969104,Right,-0.2103686,0.7864096,0.6471335,-0.5550489,0.8300955,0.9496188,-0.232827,0.7725522,0.6282284,-0.4075442,0.6790079,0.9112332,-0.2182803,1.346024,0.7388827,-0.6337892,0.6143621,1.231806,True,0,1,18
6/25/2025 12:06:09 PM,1750845969118,Right,-0.2167039,0.7959828,0.6473656,-0.5857906,0.8486105,0.9399271,-0.2398661,0.7826447,0.6264899,-0.4320732,0.6943726,0.9121376,-0.227704,1.357361,0.7311652,-0.6661161,0.6412933,1.21677,True,0,1,18
6/25/2025 12:06:09 PM,1750845969132,Right,-0.2225724,0.805411,0.6474514,-0.6166825,0.866766,0.9292076,-0.2466505,0.7929003,0.6245646,-0.4585679,0.7106589,0.9117386,-0.236963,1.368873,0.7232739,-0.7000739,0.6694099,1.198374,True,0,1,18
6/25/2025 12:06:09 PM,1750845969159,Right,-0.2372868,0.8261637,0.6480161,-0.6798184,0.9027848,0.9005122,-0.2618291,0.814159,0.6206487,-0.5141147,0.7448054,0.9054937,-0.2545137,1.391454,0.7058965,-0.7678088,0.7245324,1.155487,True,0,1,18
6/25/2025 12:06:09 PM,1750845969173,Right,-0.2452459,0.8369259,0.6482035,-0.7113571,0.9205284,0.8807518,-0.2695942,0.8243394,0.6186066,-0.5409948,0.7610284,0.8997954,-0.2632825,1.402523,0.696371,-0.7991585,0.7491928,1.13243,True,0,1,18
6/25/2025 12:06:09 PM,1750845969201,Right,-0.2622797,0.8590512,0.6474165,-0.7707286,0.9559359,0.8371446,-0.2871363,0.8470507,0.6127084,-0.5993387,0.7974656,0.8799736,-0.2805505,1.424246,0.6756462,-0.8650526,0.8017617,1.075377,True,0,1,18
6/25/2025 12:06:09 PM,1750845969215,Right,-0.2712464,0.8703154,0.6459416,-0.7989583,0.9742104,0.8126273,-0.2957497,0.8579274,0.6090173,-0.6283723,0.8155476,0.8674889,-0.2888852,1.434701,0.6645657,-0.8956128,0.8272204,1.044128,True,0,1,18
6/25/2025 12:06:09 PM,1750845969243,Right,-0.289515,0.8928621,0.6419238,-0.8519194,1.010934,0.7596526,-0.3135084,0.8795828,0.6001092,-0.6873574,0.8544261,0.8318698,-0.3040228,1.45417,0.6414559,-0.9566913,0.8805742,0.9694531,True,0,1,18
6/25/2025 12:06:09 PM,1750845969257,Right,-0.2987965,0.9041992,0.6395552,-0.8762739,1.028647,0.7310234,-0.3218524,0.889744,0.5956666,-0.7148299,0.8732569,0.8125202,-0.3110163,1.463236,0.6296326,-0.9829165,0.9056898,0.9315835,True,0,1,18
6/25/2025 12:06:09 PM,1750845969285,Right,-0.3169761,0.9262238,0.632313,-0.9150057,1.06146,0.665006,-0.3391967,0.9103401,0.5839838,-0.7659562,0.9123735,0.7611305,-0.3240714,1.479844,0.6046814,-1.032484,0.956237,0.8434948,True,0,1,18
6/25/2025 12:06:09 PM,1750845969298,Right,-0.3257569,0.9370053,0.6281936,-0.9324543,1.077421,0.6328069,-0.3474344,0.9200446,0.5775066,-0.7889469,0.9313463,0.7321054,-0.3306133,1.487635,0.5919089,-1.053484,0.9802302,0.7965311,True,0,1,18
6/25/2025 12:06:09 PM,1750845969312,Right,-0.3346786,0.9479104,0.6238855,-0.9474895,1.093089,0.6000766,-0.3557118,0.9295622,0.5707982,-0.8099279,0.9503039,0.6999174,-0.3368379,1.494579,0.5788336,-1.072505,1.003921,0.7462367,True,0,1,18
6/25/2025 12:06:09 PM,1750845969340,Right,-0.3522304,0.9688728,0.6126137,-0.9680192,1.121112,0.5331769,-0.3715639,0.9473683,0.555964,-0.8437722,0.9855841,0.629741,-0.3476427,1.506639,0.5533844,-1.101605,1.04706,0.6408278,True,0,1,18
6/25/2025 12:06:09 PM,1750845969354,Right,-0.3603715,0.978491,0.6057791,-0.9738472,1.13181,0.5000482,-0.3789692,0.9555168,0.5479723,-0.8566592,1.001529,0.5911913,-0.3525496,1.51154,0.5408591,-1.11147,1.066093,0.5842518,True,0,1,18
6/25/2025 12:06:09 PM,1750845969381,Right,-0.3763349,0.9972967,0.5912375,-0.9844809,1.150952,0.4368832,-0.3932109,0.9706416,0.5306103,-0.873839,1.027891,0.5096979,-0.3619173,1.520346,0.5160981,-1.121424,1.095956,0.4665607,True,0,1,18
6/25/2025 12:06:09 PM,1750845969396,Right,-0.3840575,1.006216,0.5832525,-0.9828928,1.155494,0.4073662,-0.3999898,0.9776033,0.521516,-0.8749807,1.033755,0.4678378,-0.3658646,1.523672,0.5036761,-1.122221,1.100458,0.4058031,True,0,1,18
6/25/2025 12:06:09 PM,1750845969423,Right,-0.3984147,1.022088,0.56511,-0.9810922,1.162462,0.3506134,-0.4124351,0.9896426,0.501654,-0.8769029,1.032435,0.3997794,-0.3725743,1.528594,0.4786557,-1.121604,1.090621,0.3093448,True,0,1,18
6/25/2025 12:06:09 PM,1750845969438,Right,-0.4053506,1.02967,0.5555946,-0.9798591,1.164156,0.3232265,-0.4184381,0.9953036,0.4915562,-0.8788629,1.030704,0.3777117,-0.3757789,1.530688,0.4668106,-1.123592,1.084525,0.279664,True,0,1,18
6/25/2025 12:06:09 PM,1750845969451,Right,-0.4118396,1.036295,0.5446784,-0.9760647,1.162461,0.2980051,-0.4239496,1.000104,0.4805329,-0.8790511,1.023654,0.3597834,-0.3783004,1.532033,0.4554051,-1.12719,1.070621,0.2556316,True,0,1,18
6/25/2025 12:06:09 PM,1750845969479,Right,-0.4235002,1.047724,0.521148,-0.9684179,1.156307,0.2511239,-0.4342139,1.00883,0.4578491,-0.8787848,1.009491,0.3248024,-0.3831754,1.534457,0.4330299,-1.132138,1.042094,0.2090626,True,0,1,18
6/25/2025 12:06:09 PM,1750845969493,Right,-0.4288889,1.05276,0.5089707,-0.963541,1.150999,0.230692,-0.4385253,1.011908,0.4454876,-0.8767203,0.998545,0.3128718,-0.385493,1.535225,0.4224108,-1.136124,1.021778,0.1937746,True,0,1,18
6/25/2025 12:06:09 PM,1750845969520,Right,-0.4372482,1.05986,0.4824818,-0.9522109,1.137638,0.1981028,-0.4459846,1.017342,0.4208719,-0.8708973,0.9746385,0.2930705,-0.3891977,1.536729,0.4024742,-1.142348,0.9754944,0.1690249,True,0,1,18
6/25/2025 12:06:09 PM,1750845969535,Right,-0.4396214,1.062054,0.4681765,-0.9458654,1.131299,0.1866758,-0.4481615,1.018814,0.4077525,-0.86546,0.9633273,0.2891589,-0.3905886,1.536984,0.3928252,-1.146224,0.952408,0.1660934,True,0,1,18
6/25/2025 12:06:09 PM,1750845969563,Right,-0.4415077,1.066449,0.4392459,-0.9333193,1.118682,0.1749705,-0.4509664,1.022141,0.3818859,-0.8532245,0.9427272,0.2852122,-0.3931241,1.537569,0.3752525,-1.151961,0.9069387,0.1687304,True,0,1,18
6/25/2025 12:06:09 PM,1750845969576,Right,-0.4420319,1.06899,0.4250891,-0.9277985,1.112586,0.1704069,-0.4509485,1.023531,0.3688252,-0.8454781,0.9345881,0.2849876,-0.394438,1.537959,0.3670175,-1.15393,0.8881786,0.1749271,True,0,1,18
6/25/2025 12:06:09 PM,1750845969604,Right,-0.4401681,1.073202,0.3981577,-0.9175141,1.10131,0.16689,-0.4500318,1.026331,0.3449243,-0.8292859,0.919332,0.2887585,-0.3964045,1.538291,0.352448,-1.15541,0.8514924,0.1966895,True,0,1,18
6/25/2025 12:06:09 PM,1750845969618,Right,-0.4382533,1.074775,0.3861607,-0.9135373,1.096209,0.1685144,-0.4487829,1.027375,0.3340423,-0.8215005,0.9125891,0.2916982,-0.3973222,1.538318,0.3458388,-1.154459,0.8353027,0.2106321,True,0,1,18
6/25/2025 12:06:09 PM,1750845969632,Right,-0.4358068,1.075673,0.3750186,-0.910197,1.091634,0.1700513,-0.4471672,1.028027,0.3240761,-0.8140011,0.9059012,0.29683,-0.3980658,1.538179,0.3394008,-1.152693,0.8199123,0.2290938,True,0,1,18
6/25/2025 12:06:09 PM,1750845969659,Right,-0.4298242,1.076604,0.3544289,-0.9049978,1.084423,0.1745859,-0.4430331,1.028449,0.3057396,-0.8006432,0.89766,0.3070375,-0.3996949,1.537831,0.3278441,-1.147881,0.8008627,0.2670839,True,0,1,18
6/25/2025 12:06:09 PM,1750845969674,Right,-0.4258183,1.076319,0.3458148,-0.9030528,1.082337,0.1791677,-0.4403723,1.02829,0.2975592,-0.7951589,0.8967609,0.3089642,-0.4002056,1.537389,0.3227173,-1.145211,0.7981391,0.2792915,True,0,1,18
6/25/2025 12:06:09 PM,1750845969701,Right,-0.4186486,1.075089,0.3312466,-0.8991065,1.080597,0.1871153,-0.4348372,1.026938,0.2844993,-0.7867019,0.8973377,0.31278,-0.4011509,1.53631,0.3131872,-1.140574,0.7993906,0.3005651,True,0,1,18
6/25/2025 12:06:09 PM,1750845969716,Right,-0.4158657,1.07383,0.3258723,-0.898083,1.080886,0.1907709,-0.4328295,1.025805,0.2799082,-0.784458,0.8982076,0.3141346,-0.4017992,1.535823,0.3093855,-1.139349,0.8018669,0.3078765,True,0,1,18
6/25/2025 12:06:09 PM,1750845969743,Right,-0.4117937,1.070396,0.3180411,-0.8964756,1.08226,0.1977198,-0.4300645,1.023135,0.2722383,-0.7810154,0.8998656,0.3169726,-0.4029549,1.534572,0.3021992,-1.137646,0.8061582,0.320715,True,0,1,18
6/25/2025 12:06:09 PM,1750845969757,Right,-0.4111924,1.068059,0.3167428,-0.8958955,1.084218,0.2021953,-0.4297149,1.021423,0.270521,-0.7800714,0.9010071,0.3198158,-0.4033387,1.534017,0.2992634,-1.137964,0.80883,0.3278595,True,0,1,18
6/25/2025 12:06:09 PM,1750845969785,Right,-0.4108754,1.065152,0.3147554,-0.89484,1.08865,0.2109165,-0.4293755,1.019073,0.2670265,-0.7776147,0.9031865,0.3253115,-0.4041425,1.532688,0.2940838,-1.137752,0.8124511,0.3419275,True,0,1,18
6/25/2025 12:06:09 PM,1750845969798,Right,-0.4108019,1.064053,0.3135034,-0.8943541,1.090349,0.2144408,-0.4297309,1.018158,0.2661979,-0.7771072,0.9042776,0.3278031,-0.4045825,1.532149,0.2916533,-1.138126,0.8140273,0.3474849,True,0,1,18
6/25/2025 12:06:09 PM,1750845969813,Right,-0.411433,1.062854,0.3131713,-0.8939087,1.092268,0.2171378,-0.4302558,1.017198,0.2654855,-0.7765059,0.9050234,0.3298472,-0.4047813,1.531629,0.2897645,-1.138496,0.8147214,0.3520847,True,0,1,18
6/25/2025 12:06:09 PM,1750845969840,Right,-0.4162662,1.059394,0.3155329,-0.8936541,1.095519,0.2199092,-0.4333269,1.014835,0.2656705,-0.7763858,0.9045253,0.332011,-0.405255,1.530748,0.2862949,-1.140921,0.8117954,0.3561473,True,0,1,18
6/25/2025 12:06:09 PM,1750845969855,Right,-0.4188821,1.057185,0.3174103,-0.8938487,1.096509,0.2204454,-0.4356034,1.013166,0.266835,-0.777045,0.903613,0.333261,-0.4053736,1.530347,0.2848474,-1.142939,0.8092957,0.357463,True,0,1,18
6/25/2025 12:06:09 PM,1750845969882,Right,-0.4250493,1.054989,0.3196477,-0.8934252,1.098071,0.2215736,-0.4405381,1.011316,0.2685123,-0.7775507,0.9031321,0.3361305,-0.4050828,1.529416,0.2824757,-1.146721,0.8047662,0.3620136,True,0,1,18
6/25/2025 12:06:09 PM,1750845969896,Right,-0.4288431,1.05611,0.319075,-0.8927128,1.098802,0.2215178,-0.4431162,1.011675,0.2679338,-0.7765985,0.9035434,0.336282,-0.4046891,1.52909,0.2813933,-1.147991,0.8016862,0.3636259,True,0,1,18
6/25/2025 12:06:09 PM,1750845969924,Right,-0.4366643,1.060189,0.3157289,-0.8914349,1.100494,0.2207156,-0.4489905,1.014554,0.2647739,-0.773873,0.9056656,0.3349219,-0.4040473,1.529009,0.2792784,-1.150035,0.7946966,0.3662611,True,0,1,18
6/25/2025 12:06:09 PM,1750845969938,Right,-0.442044,1.061795,0.3148681,-0.8908732,1.102198,0.2187908,-0.4529656,1.015645,0.2638483,-0.77289,0.9060196,0.3349511,-0.4037943,1.529132,0.2781411,-1.151528,0.7895764,0.3687475,True,0,1,18
6/25/2025 12:06:09 PM,1750845969951,Right,-0.4491279,1.063277,0.3149087,-0.8902681,1.104122,0.2150468,-0.4578579,1.01662,0.2635016,-0.7721239,0.9059809,0.3353311,-0.4037058,1.529466,0.2769678,-1.153464,0.7831252,0.3717228,True,0,1,18
6/25/2025 12:06:09 PM,1750845969979,Right,-0.4623421,1.067474,0.3137153,-0.8896239,1.105549,0.2074327,-0.4680887,1.01963,0.262015,-0.7707349,0.9055871,0.334572,-0.4034066,1.529982,0.2742834,-1.156307,0.7675616,0.3756682,True,0,1,18
6/25/2025 12:06:09 PM,1750845969993,Right,-0.4680371,1.070713,0.3115489,-0.8890533,1.105743,0.2028656,-0.4722754,1.021707,0.2601452,-0.7693435,0.9053659,0.3328387,-0.4031744,1.530367,0.2726712,-1.15612,0.7589691,0.3760105,True,0,1,18
6/25/2025 12:06:10 PM,1750845970021,Right,-0.4768025,1.076786,0.3055207,-0.8873243,1.105756,0.1941321,-0.4788657,1.026122,0.2547615,-0.7650825,0.9039792,0.3279846,-0.4026175,1.53144,0.2692826,-1.152028,0.7391477,0.3755851,True,0,1,18
6/25/2025 12:06:10 PM,1750845970035,Right,-0.4805448,1.079379,0.3029907,-0.8864009,1.105645,0.1898812,-0.4816168,1.02807,0.2524118,-0.7626514,0.9024376,0.3259282,-0.4023836,1.532105,0.2679304,-1.14846,0.7277077,0.3757106,True,0,1,18
6/25/2025 12:06:10 PM,1750845970063,Right,-0.4872482,1.083724,0.3007179,-0.8848534,1.105187,0.1811454,-0.486526,1.031484,0.249753,-0.7580379,0.8970349,0.3226639,-0.4020902,1.533581,0.264992,-1.138533,0.7007877,0.3747587,True,0,1,18
6/25/2025 12:06:10 PM,1750845970077,Right,-0.4904035,1.08529,0.301222,-0.8843684,1.105238,0.1759752,-0.4888022,1.032746,0.2499414,-0.7572198,0.8935905,0.3202266,-0.4020725,1.534359,0.2634569,-1.134245,0.6875359,0.3696671,False,0,1,18
6/25/2025 12:06:10 PM,1750845970104,Right,-0.494243,1.087855,0.3017058,-0.8842971,1.105453,0.163849,-0.4907227,1.038548,0.2561021,-0.7835516,0.8968729,0.3186441,-0.4020691,1.535997,0.2605278,-1.146137,0.70408,0.3491764,False,0,1,18
6/25/2025 12:06:10 PM,1750845970118,Right,-0.4934919,1.08851,0.3010863,-0.8844762,1.106299,0.156583,-0.4915044,1.042883,0.2590144,-0.7893286,0.9031212,0.3153167,-0.4019189,1.536686,0.2591633,-1.150997,0.7128589,0.3380931,False,0,1,18
6/25/2025 12:06:10 PM,1750845970132,Right,-0.4931799,1.089185,0.300781,-0.8845367,1.107154,0.1492105,-0.4913035,1.043849,0.2587568,-0.793908,0.9063165,0.3074476,-0.4018998,1.537298,0.2579936,-1.154788,0.7183452,0.321493,False,0,1,18
6/25/2025 12:06:10 PM,1750845970160,Right,-0.4935935,1.087827,0.3040419,-0.8844924,1.109873,0.1337689,-0.4917827,1.043629,0.2603214,-0.8041644,0.9102483,0.2912022,-0.4019239,1.538211,0.2558849,-1.161883,0.7267792,0.2862456,False,0,1,18
6/25/2025 12:06:10 PM,1750845970174,Right,-0.4936063,1.08566,0.3079206,-0.8847582,1.110819,0.1262504,-0.4917356,1.042456,0.2625055,-0.8104172,0.9108664,0.2833287,-0.4018955,1.53863,0.2547393,-1.164625,0.7305495,0.2683414,False,0,1,18
6/25/2025 12:06:10 PM,1750845970201,Right,-0.4923422,1.081173,0.3143553,-0.8857925,1.11226,0.1129397,-0.4906425,1.038819,0.2685015,-0.8214137,0.9113581,0.2690365,-0.4019072,1.539178,0.2525121,-1.167918,0.738261,0.2359074,False,0,1,18
6/25/2025 12:06:10 PM,1750845970215,Right,-0.490998,1.078466,0.317288,-0.8859649,1.112968,0.1080709,-0.4898735,1.037313,0.2704678,-0.8258411,0.9131315,0.2596919,-0.4019123,1.539447,0.2515492,-1.16959,0.7456245,0.2156641,False,0,1,18
6/25/2025 12:06:10 PM,1750845970243,Right,-0.4884559,1.072105,0.3240563,-0.8866775,1.113298,0.1014391,-0.4875463,1.032659,0.2757962,-0.833862,0.9183676,0.2397713,-0.4019862,1.539825,0.2501255,-1.172306,0.76859,0.1686918,False,0,1,18
6/25/2025 12:06:10 PM,1750845970257,Right,-0.486822,1.068203,0.3282158,-0.887233,1.113121,0.1000717,-0.4864028,1.03016,0.2788177,-0.837365,0.9226462,0.2294532,-0.4020104,1.539905,0.2495974,-1.172704,0.7824949,0.1455748,False,0,1,18
6/25/2025 12:06:10 PM,1750845970285,Right,-0.4819052,1.059311,0.3374738,-0.8878686,1.114134,0.09944212,-0.4824747,1.023916,0.2861977,-0.8432552,0.935172,0.2117204,-0.4019299,1.540125,0.2490395,-1.171867,0.8183552,0.1056879,False,0,1,18
6/25/2025 12:06:10 PM,1750845970298,Right,-0.4787755,1.055211,0.3417504,-0.8881063,1.115031,0.09846687,-0.4798338,1.02096,0.2896197,-0.8458496,0.9407467,0.2055216,-0.4021841,1.540237,0.2484714,-1.170007,0.8345196,0.09213412,False,0,1,18
6/25/2025 12:06:10 PM,1750845970313,Right,-0.4755037,1.051632,0.345419,-0.8883948,1.115802,0.09768045,-0.4773012,1.018479,0.2924273,-0.8478335,0.9450107,0.2011591,-0.4025695,1.540329,0.2478299,-1.167805,0.8471826,0.08275592,False,0,1,18
6/25/2025 12:06:10 PM,1750845970341,Right,-0.469487,1.046635,0.3516709,-0.8892119,1.116795,0.09897804,-0.4726445,1.015081,0.2973467,-0.8501872,0.9523215,0.1959182,-0.4033546,1.54066,0.2474263,-1.163326,0.8675479,0.07086593,False,0,1,18
6/25/2025 12:06:10 PM,1750845970355,Right,-0.4669709,1.044745,0.3553183,-0.8898821,1.117163,0.1023567,-0.4707016,1.013614,0.3002342,-0.851083,0.9554442,0.1952737,-0.4036266,1.540746,0.2476656,-1.161551,0.8761557,0.06799874,False,0,1,18
6/25/2025 12:06:10 PM,1750845970382,Right,-0.4608365,1.040803,0.3637317,-0.890367,1.11959,0.112801,-0.4659724,1.01104,0.3069382,-0.8518255,0.9622672,0.1995423,-0.4040576,1.541042,0.2476737,-1.159281,0.8937361,0.07100862,False,0,1,18
6/25/2025 12:06:10 PM,1750845970397,Right,-0.4570172,1.039274,0.3682954,-0.8901143,1.121552,0.1209936,-0.4630274,1.010002,0.3108494,-0.8514353,0.9658453,0.2063623,-0.4045924,1.541258,0.2487645,-1.159578,0.9023835,0.07990515,False,0,1,18
6/25/2025 12:06:10 PM,1750845970424,Right,-0.4499195,1.036884,0.3781446,-0.889209,1.12375,0.1403197,-0.4574467,1.008487,0.3188721,-0.8498429,0.9707863,0.2209358,-0.4053602,1.54157,0.2498339,-1.159548,0.9157172,0.098537,False,0,1,18
6/25/2025 12:06:10 PM,1750845970437,Right,-0.445977,1.035371,0.3835382,-0.8886588,1.12384,0.1499151,-0.4543894,1.007445,0.3234267,-0.8483434,0.9717158,0.2297619,-0.4055617,1.541582,0.2508874,-1.159285,0.9199247,0.1099724,False,0,1,18
6/25/2025 12:06:10 PM,1750845970452,Right,-0.441396,1.033764,0.3888353,-0.8879395,1.122571,0.1610332,-0.4507652,1.006404,0.3279868,-0.8467119,0.9727662,0.2382453,-0.4055864,1.541891,0.2522914,-1.158266,0.9247813,0.1209123,False,0,1,18
6/25/2025 12:06:10 PM,1750845970480,Right,-0.4307857,1.031622,0.3984079,-0.8864152,1.117774,0.185096,-0.4423049,1.005028,0.3364009,-0.8415615,0.9723005,0.2561654,-0.4056438,1.542468,0.2556111,-1.154876,0.9294967,0.1449895,False,0,1,18
6/25/2025 12:06:10 PM,1750845970494,Right,-0.4247831,1.031119,0.4029874,-0.8849218,1.114606,0.1997591,-0.4375794,1.00481,0.3404115,-0.8374808,0.9712678,0.266003,-0.4058321,1.543053,0.2574714,-1.152723,0.9301277,0.1584977,False,0,1,18
6/25/2025 12:06:10 PM,1750845970522,Right,-0.4117196,1.030812,0.4127158,-0.8776762,1.109505,0.2325877,-0.427128,1.004969,0.3489057,-0.826552,0.9690473,0.2886028,-0.4061149,1.544249,0.2613105,-1.147869,0.9310929,0.1902378,False,0,1,18
6/25/2025 12:06:10 PM,1750845970535,Right,-0.4044716,1.030438,0.41793,-0.8724997,1.107359,0.2496815,-0.4214415,1.005005,0.3535656,-0.8186311,0.9676027,0.3011242,-0.4062992,1.545115,0.2635894,-1.144897,0.9308758,0.2079044,False,0,1,18
6/25/2025 12:06:10 PM,1750845970563,Right,-0.3882678,1.029196,0.4292094,-0.8595507,1.099878,0.2869571,-0.4082498,1.00468,0.3637562,-0.8024396,0.963351,0.3290654,-0.4062562,1.546685,0.2693129,-1.137192,0.9293506,0.2494363,False,0,1,18
6/25/2025 12:06:10 PM,1750845970577,Right,-0.3781786,1.028055,0.4363358,-0.8507657,1.092982,0.3077453,-0.4012416,1.004247,0.3693006,-0.7935585,0.9604971,0.3433022,-0.40588,1.547334,0.2727077,-1.132354,0.9273656,0.2709908,False,0,1,18
6/25/2025 12:06:10 PM,1750845970604,Right,-0.3567202,1.024391,0.4509785,-0.8333876,1.077962,0.3485832,-0.3837339,1.002057,0.3827819,-0.7728105,0.9516222,0.3765947,-0.4050161,1.548681,0.2810144,-1.118385,0.9196801,0.3227715,False,0,1,18
6/25/2025 12:06:10 PM,1750845970618,Right,-0.3432207,1.021064,0.4592558,-0.8205481,1.067393,0.3711298,-0.3739561,1.000259,0.3897248,-0.7604436,0.9460094,0.3936246,-0.4041405,1.549248,0.2860788,-1.109544,0.9140252,0.3500468,False,0,1,18
6/25/2025 12:06:10 PM,1750845970632,Right,-0.3300647,1.017786,0.4668065,-0.8076694,1.058502,0.3921466,-0.3629031,0.998063,0.3972191,-0.7465068,0.9396523,0.4119775,-0.4031725,1.549911,0.2913822,-1.098827,0.9073859,0.3800646,False,0,1,18
6/25/2025 12:06:10 PM,1750845970660,Right,-0.2993984,1.010358,0.4812051,-0.7770753,1.039705,0.4343488,-0.3367441,0.9929569,0.4117911,-0.7135884,0.925633,0.4497964,-0.4000955,1.551018,0.3036625,-1.070754,0.8917186,0.4446736,False,0,1,18
6/25/2025 12:06:10 PM,1750845970674,Right,-0.2834977,1.006158,0.4879216,-0.75951,1.029295,0.4550506,-0.3231231,0.9900677,0.4188218,-0.6952614,0.9183888,0.4680714,-0.3981121,1.551505,0.3106132,-1.054682,0.8825006,0.47671,False,0,1,18
6/25/2025 12:06:10 PM,1750845970702,Right,-0.2476988,0.9970887,0.498608,-0.720314,1.006524,0.4938285,-0.2945088,0.9838867,0.4314249,-0.6556342,0.9021503,0.5046234,-0.3925256,1.552051,0.3262663,-1.017068,0.8576481,0.5412966,False,0,1,18
6/25/2025 12:06:10 PM,1750845970716,Right,-0.2291203,0.9932655,0.5022399,-0.6988811,0.9942707,0.5118839,-0.278734,0.981341,0.4349169,-0.6342003,0.8938887,0.5202877,-0.3891846,1.552099,0.3343858,-0.9947854,0.8431531,0.5701003,False,0,1,18
6/25/2025 12:06:10 PM,1750845970743,Right,-0.1896076,0.9850897,0.5044755,-0.6518216,0.9694136,0.5441723,-0.24474,0.9754336,0.4404272,-0.5850397,0.8757138,0.5506477,-0.3811066,1.551826,0.3519922,-0.9428113,0.8106042,0.6291808,False,0,1,18
6/25/2025 12:06:10 PM,1750845970757,Right,-0.1689823,0.9808601,0.50196,-0.6255856,0.9571248,0.5579785,-0.2267906,0.9722849,0.4404295,-0.5576928,0.8664417,0.5633169,-0.375919,1.551365,0.3617413,-0.9130804,0.7938074,0.6578054,False,0,1,18
6/25/2025 12:06:10 PM,1750845970771,Right,-0.1488693,0.9775469,0.4974176,-0.5991001,0.9453897,0.5706841,-0.2097519,0.9696131,0.4394649,-0.5314112,0.8581448,0.5744613,-0.3702042,1.550605,0.3714476,-0.8832508,0.7786604,0.6844884,False,0,1,18
6/25/2025 12:06:10 PM,1750845970799,Right,-0.1110729,0.9733226,0.4855719,-0.5443358,0.9234161,0.5908818,-0.1767262,0.9658356,0.4345438,-0.4759959,0.8426791,0.5932226,-0.3571191,1.548652,0.3910981,-0.8181593,0.7474134,0.7361319,False,0,1,18
6/25/2025 12:06:10 PM,1750845970812,Right,-0.0932188,0.9712377,0.4788353,-0.5169804,0.9136367,0.5983095,-0.1609061,0.9642414,0.430302,-0.44553,0.8348609,0.5998074,-0.34998,1.547514,0.4008666,-0.7819905,0.729178,0.760604,False,0,1,18
6/25/2025 12:06:10 PM,1750845970840,Right,-0.05963135,0.9678823,0.4625982,-0.4639225,0.8950766,0.609239,-0.1307746,0.96084,0.421312,-0.3914079,0.8220401,0.6077942,-0.3344119,1.544182,0.42067,-0.714661,0.7003666,0.7972512,False,0,1,18
6/25/2025 12:06:10 PM,1750845970854,Right,-0.04452562,0.9671044,0.4521959,-0.4379376,0.8862089,0.6121256,-0.1166748,0.9595387,0.4155045,-0.3669068,0.8170389,0.6087475,-0.3257768,1.54193,0.4306701,-0.6832834,0.6890262,0.8103183,False,0,1,18
6/25/2025 12:06:10 PM,1750845970882,Right,-0.01647127,0.9646852,0.4314132,-0.3874096,0.8693473,0.6170756,-0.09077168,0.9565036,0.4022024,-0.3190223,0.8075096,0.6064283,-0.3077654,1.536813,0.4504495,-0.6210344,0.6663554,0.8320111,False,0,1,18
6/25/2025 12:06:10 PM,1750845970897,Right,-0.004214168,0.9635236,0.4198626,-0.3630306,0.8623837,0.6163812,-0.07946366,0.9547722,0.3944492,-0.2963329,0.8033146,0.6038587,-0.2985498,1.533467,0.4600852,-0.590255,0.6560173,0.8415933,False,0,1,18
6/25/2025 12:06:10 PM,1750845970924,Right,0.02023196,0.9611405,0.3977047,-0.3142751,0.8473289,0.6183063,-0.05515331,0.950882,0.3814441,-0.2535819,0.7950341,0.6000096,-0.2794061,1.52645,0.4793947,-0.531235,0.6386405,0.8567878,False,0,1,18
6/25/2025 12:06:10 PM,1750845970937,Right,0.02706814,0.9607278,0.3829541,-0.2922285,0.8417754,0.6111376,-0.04847249,0.9492767,0.3706383,-0.2350034,0.7923989,0.5902354,-0.2686086,1.521686,0.4887161,-0.5061951,0.6280935,0.8579077,False,0,1,18
6/25/2025 12:06:10 PM,1750845970952,Right,0.03549731,0.9596699,0.3698466,-0.2698228,0.8349338,0.6070077,-0.03919223,0.9472891,0.3622748,-0.2143648,0.787999,0.5850766,-0.2578895,1.517623,0.4979045,-0.475543,0.6169884,0.862874,False,0,1,18
6/25/2025 12:06:10 PM,1750845970980,Right,0.05041468,0.9570416,0.3421452,-0.227668,0.8217303,0.5966083,-0.02220812,0.9430622,0.3440954,-0.176604,0.7798675,0.5730281,-0.235193,1.509443,0.516228,-0.4166369,0.5986599,0.8693697,False,0,1,18
6/25/2025 12:06:10 PM,1750845970993,Right,0.05577195,0.9554533,0.3271444,-0.2079622,0.8155037,0.5907012,-0.01554021,0.9404229,0.333972,-0.1602837,0.776054,0.5658576,-0.2232215,1.5041,0.5258939,-0.3895577,0.5913171,0.8709414,False,0,1,18
6/25/2025 12:06:11 PM,1750845971022,Right,0.0657959,0.9515064,0.2982419,-0.1704128,0.8021938,0.5744067,-0.003428549,0.9337633,0.3142055,-0.1293878,0.7668865,0.5492127,-0.1982806,1.491466,0.5455507,-0.3377294,0.5735925,0.8697413,False,0,1,18
6/25/2025 12:06:11 PM,1750845971035,Right,0.07005072,0.9491159,0.2840133,-0.1520891,0.7956494,0.5644113,0.002444357,0.9298407,0.3047351,-0.1145252,0.7619406,0.5394716,-0.1860971,1.483865,0.5548826,-0.3132898,0.5633154,0.8669373,False,0,1,18
6/25/2025 12:06:11 PM,1750845971063,Right,0.07455707,0.9426099,0.2554387,-0.12028,0.7848928,0.539313,0.01205187,0.9203286,0.2856827,-0.08744389,0.7519944,0.5183253,-0.1618443,1.46588,0.5731518,-0.2675527,0.5428454,0.8596407,False,0,1,18
6/25/2025 12:06:11 PM,1750845971077,Right,0.07629085,0.9393792,0.2414379,-0.1064097,0.7798558,0.5292839,0.01462351,0.9146237,0.2760493,-0.07745652,0.7468265,0.5085191,-0.1501241,1.456068,0.5818646,-0.2487253,0.534678,0.8560396,False,0,1,18
6/25/2025 12:06:11 PM,1750845971105,Right,0.07574439,0.9320483,0.2142546,-0.08338785,0.7686736,0.5167831,0.01870786,0.9027194,0.2575896,-0.06146756,0.7340844,0.496333,-0.1276335,1.433359,0.598238,-0.2132781,0.5236728,0.8513963,False,0,1,18
6/25/2025 12:06:11 PM,1750845971119,Right,0.07396686,0.9281926,0.2014047,-0.07229686,0.7622131,0.5135267,0.01987702,0.8963629,0.2487788,-0.05459269,0.726721,0.4920771,-0.1168444,1.420764,0.6061647,-0.196127,0.5186665,0.849435,False,0,1,18
6/25/2025 12:06:11 PM,1750845971132,Right,0.07066846,0.9242971,0.1894802,-0.06169975,0.7555439,0.5109936,0.01934719,0.8895279,0.2407086,-0.0486857,0.7187339,0.4892289,-0.1067067,1.407153,0.6136564,-0.1789633,0.513509,0.8484774,False,0,1,18
6/25/2025 12:06:11 PM,1750845971161,Right,0.06358969,0.9172916,0.1679628,-0.04017103,0.7426156,0.5028501,0.01715273,0.8759062,0.2264948,-0.03626186,0.7027378,0.4821374,-0.08667326,1.378548,0.6279923,-0.1439311,0.499539,0.8449605,False,0,1,18
6/25/2025 12:06:11 PM,1750845971174,Right,0.05768573,0.913905,0.1605965,-0.03152859,0.7355828,0.4982734,0.01430708,0.8688586,0.2219622,-0.03157036,0.6942407,0.4785269,-0.07721543,1.362788,0.6346887,-0.1286477,0.489287,0.8429207,False,0,1,18
6/25/2025 12:06:11 PM,1750845971201,Right,0.04411435,0.9061251,0.1507457,-0.0160948,0.7198316,0.4886558,0.007831335,0.8538474,0.2154993,-0.02323492,0.675972,0.4717416,-0.0595597,1.330303,0.6478707,-0.09916924,0.4661012,0.8386396,False,0,1,18
6/25/2025 12:06:11 PM,1750845971216,Right,0.03690422,0.9012914,0.1479391,-0.01030183,0.7103209,0.484544,0.003206536,0.8452914,0.2150078,-0.02040176,0.6658335,0.4690935,-0.05142713,1.313064,0.6537766,-0.08561312,0.4517868,0.8373946,False,0,1,18
6/25/2025 12:06:11 PM,1750845971244,Right,0.02354145,0.8890327,0.1465542,-0.001176357,0.6874973,0.4785591,-0.004833787,0.8261264,0.2164866,-0.01734858,0.641678,0.4669925,-0.03691411,1.277694,0.6637518,-0.06585142,0.4198675,0.8340063,False,0,1,18
6/25/2025 12:06:11 PM,1750845971258,Right,0.01688945,0.8803707,0.1490315,0.001529336,0.6727843,0.4777107,-0.008569027,0.8155696,0.2190392,-0.01606375,0.628742,0.4671143,-0.0306524,1.25954,0.6676881,-0.05709012,0.4025086,0.8331454,False,0,1,18
6/25/2025 12:06:11 PM,1750845971272,Right,0.01007915,0.8709981,0.1517931,0.004232168,0.6574028,0.477523,-0.01289815,0.8032295,0.2214864,-0.01569199,0.6131052,0.4686236,-0.02465808,1.241334,0.6713451,-0.04949565,0.3839199,0.8321747,False,0,1,18
6/25/2025 12:06:11 PM,1750845971299,Right,-0.00438869,0.8496471,0.1603721,0.00814414,0.6240375,0.4793049,-0.02227117,0.7780696,0.2297034,-0.0157104,0.5824013,0.4726927,-0.01480269,1.205378,0.6766857,-0.03490845,0.345839,0.8322955,False,0,1,18
6/25/2025 12:06:11 PM,1750845971313,Right,-0.01215708,0.8363761,0.168033,0.008650899,0.6049064,0.4822252,-0.0272184,0.7649648,0.2355214,-0.01648926,0.5663892,0.475991,-0.01087546,1.188316,0.678959,-0.02884289,0.3258691,0.8332609,False,0,1,18
6/25/2025 12:06:11 PM,1750845971341,Right,-0.02669382,0.8086537,0.1851847,0.008840084,0.5668356,0.4894252,-0.03772724,0.7350994,0.2498476,-0.01976125,0.5310516,0.4854624,-0.004284382,1.154208,0.6822929,-0.01951425,0.2835253,0.8379371,False,0,1,18
6/25/2025 12:06:11 PM,1750845971355,Right,-0.03308618,0.7927257,0.1973273,0.007342339,0.5465871,0.4956156,-0.04223239,0.7202153,0.2583997,-0.02142213,0.5144416,0.490406,-0.00158596,1.138021,0.6832982,-0.01569359,0.2624601,0.8413714,False,0,1,18
6/25/2025 12:06:11 PM,1750845971383,Right,-0.04450774,0.7605913,0.2251911,0.00391674,0.5083322,0.5102376,-0.05136716,0.6861141,0.2822071,-0.02685876,0.4779703,0.5063416,0.002427936,1.107969,0.6848279,-0.01247439,0.2165531,0.8550072,False,0,1,18
6/25/2025 12:06:11 PM,1750845971396,Right,-0.04988122,0.7441549,0.2413386,0.001187563,0.4903816,0.5195773,-0.0551402,0.6712954,0.2945068,-0.02971341,0.4628549,0.5149266,0.004014015,1.094162,0.6853992,-0.01214252,0.1971851,0.8632517,False,0,1,18
6/25/2025 12:06:11 PM,1750845971424,Right,-0.05962574,0.7116131,0.2754797,-0.005566359,0.4583503,0.5406792,-0.06268609,0.6389287,0.3241177,-0.03671698,0.4329383,0.5358405,0.006994367,1.068539,0.6860391,-0.01325424,0.1580266,0.8866031,False,0,1,18
6/25/2025 12:06:11 PM,1750845971438,Right,-0.06375635,0.6953365,0.2946451,-0.009128571,0.4445466,0.5538521,-0.06573278,0.6240345,0.3395241,-0.04017588,0.4213139,0.5478862,0.008283377,1.05687,0.6864096,-0.01494566,0.1435167,0.902217,True,0,1,19
6/25/2025 12:06:11 PM,1750845971452,Right,-0.06753659,0.6790543,0.316381,-0.01269722,0.4326015,0.5695453,-0.06649415,0.6179023,0.3456824,-0.04319718,0.4308822,0.5375531,0.009664774,1.04623,0.6868781,-0.01583994,0.1369858,0.9080466,True,0,1,19
6/25/2025 12:06:11 PM,1750845971480,Right,-0.0750246,0.6489961,0.3610278,-0.01861775,0.4140421,0.5997002,-0.06839923,0.60542,0.36005,-0.04711197,0.4267171,0.5415087,0.01165104,1.027612,0.6880286,-0.01889279,0.1218256,0.9202157,True,0,1,19
6/25/2025 12:06:11 PM,1750845971494,Right,-0.07911897,0.6354148,0.3840477,-0.02134538,0.4071499,0.6140933,-0.06955554,0.5991373,0.3681383,-0.04916735,0.4256765,0.5426381,0.01237106,1.019645,0.6884335,-0.01984535,0.1130794,0.9261496,True,0,1,19
6/25/2025 12:06:11 PM,1750845971521,Right,-0.0903368,0.6142835,0.438946,-0.02764499,0.3994887,0.6440152,-0.07270499,0.5862014,0.387617,-0.05254567,0.4243628,0.5469851,0.01326156,1.006684,0.6895812,-0.01766685,0.09465289,0.9402932,True,0,1,19
6/25/2025 12:06:11 PM,1750845971535,Right,-0.09640527,0.6047056,0.465268,-0.03154802,0.3974465,0.6585743,-0.07470754,0.5798094,0.3986794,-0.05446696,0.4238757,0.5503181,0.01319981,1.001168,0.6903551,-0.01580244,0.08512861,0.948153,True,0,1,19
6/25/2025 12:06:11 PM,1750845971563,Right,-0.1089666,0.5882145,0.5153039,-0.04191649,0.3954408,0.687004,-0.07977325,0.5668315,0.4239697,-0.0612384,0.4240387,0.5628294,0.01243055,0.9935588,0.6928188,-0.01905294,0.07249868,0.9735589,True,0,1,19
6/25/2025 12:06:11 PM,1750845971577,Right,-0.1155143,0.5816783,0.5391827,-0.04904747,0.3965713,0.7022215,-0.08263811,0.5607711,0.4371634,-0.06474578,0.4239045,0.5705237,0.01190019,0.9914548,0.6942866,-0.02053489,0.06717253,0.9872577,True,0,1,19
6/25/2025 12:06:11 PM,1750845971605,Right,-0.1288161,0.5694008,0.5828166,-0.06538868,0.3986256,0.734996,-0.0896795,0.5481409,0.4672053,-0.07314841,0.4221187,0.591488,0.01074004,0.9898159,0.6966479,-0.02585255,0.05814177,1.020312,True,0,1,19
6/25/2025 12:06:11 PM,1750845971619,Right,-0.1363804,0.5663739,0.6027142,-0.07454348,0.4009605,0.7524562,-0.09367301,0.5424041,0.4826432,-0.07769439,0.4200798,0.6043743,0.01017547,0.9902113,0.6982565,-0.03108596,0.05478132,1.037987,True,0,1,19
6/25/2025 12:06:11 PM,1750845971632,Right,-0.1436431,0.5647847,0.6233143,-0.0832665,0.404049,0.7695346,-0.09833309,0.5367768,0.4997916,-0.08302112,0.4183297,0.6190596,0.009437561,0.9912475,0.7001206,-0.03744955,0.05227363,1.058048,True,0,1,19
6/25/2025 12:06:11 PM,1750845971660,Right,-0.1593182,0.5703034,0.6628246,-0.1009263,0.4128277,0.8028021,-0.109105,0.5283129,0.5363743,-0.09480087,0.4140179,0.6530818,0.007985234,0.9958853,0.7043792,-0.05220072,0.047351,1.098102,True,0,1,19
6/25/2025 12:06:11 PM,1750845971674,Right,-0.1678241,0.5758094,0.6793705,-0.1112179,0.4190162,0.8186166,-0.115334,0.525745,0.5554552,-0.1012948,0.4123886,0.671016,0.007024765,0.9993857,0.7065716,-0.05943276,0.04422486,1.116805,True,0,1,19
6/25/2025 12:06:11 PM,1750845971702,Right,-0.183511,0.5866936,0.7066407,-0.1327571,0.4317749,0.847888,-0.1303698,0.5243251,0.5965228,-0.1171215,0.4109655,0.7111756,0.005004048,1.00815,0.7119884,-0.07868863,0.04025537,1.156081,True,0,1,19
6/25/2025 12:06:11 PM,1750845971716,Right,-0.1903234,0.5933821,0.717567,-0.1437809,0.4380649,0.8615918,-0.1391439,0.5257776,0.6183213,-0.126581,0.4123142,0.7324306,0.003567457,1.013351,0.7149855,-0.0910097,0.03987861,1.176609,True,0,1,19
6/25/2025 12:06:11 PM,1750845971743,Right,-0.2009355,0.6106702,0.7350993,-0.1664395,0.453708,0.886627,-0.1579237,0.5359524,0.6608828,-0.1470613,0.4194301,0.7769117,-0.0002117157,1.025423,0.72212,-0.1198762,0.04667723,1.216996,True,0,1,19
6/25/2025 12:06:11 PM,1750845971757,Right,-0.2050161,0.6205632,0.7416892,-0.1771364,0.4622265,0.8991227,-0.1678423,0.5462242,0.6815299,-0.1581957,0.4277022,0.7995993,-0.002615929,1.032342,0.7259116,-0.1367241,0.05670702,1.237861,True,0,1,19
6/25/2025 12:06:11 PM,1750845971771,Right,-0.2084914,0.6308845,0.7468021,-0.1875143,0.4718745,0.9103618,-0.1777782,0.5628611,0.7002831,-0.1695793,0.4418173,0.8213975,-0.005063295,1.039652,0.7298009,-0.1547226,0.07420546,1.257763,True,0,1,19
6/25/2025 12:06:11 PM,1750845971799,Right,-0.2139274,0.6510816,0.7534451,-0.2070386,0.4913973,0.9315867,-0.1838159,0.5825868,0.7084348,-0.1789604,0.4571278,0.8362827,-0.01020241,1.055261,0.7382206,-0.1779753,0.0984205,1.270261,True,0,1,19
6/25/2025 12:06:11 PM,1750845971813,Right,-0.2145098,0.6611643,0.752898,-0.216116,0.5029912,0.9412792,-0.1850301,0.5922179,0.7090611,-0.182029,0.4641376,0.841572,-0.01346421,1.063678,0.7426677,-0.1882705,0.1120536,1.274333,True,0,1,19
6/25/2025 12:06:11 PM,1750845971841,Right,-0.2151129,0.6786008,0.7531176,-0.2338078,0.5256521,0.9589896,-0.1873806,0.6098064,0.7115449,-0.1887456,0.4785324,0.8527504,-0.02105546,1.081154,0.7518191,-0.2103725,0.1402857,1.285236,True,0,1,19
6/25/2025 12:06:11 PM,1750845971855,Right,-0.2136061,0.6860023,0.7507935,-0.2423615,0.5373361,0.9657753,-0.1873825,0.6178895,0.7108625,-0.1912251,0.4852124,0.8568013,-0.02573252,1.090254,0.756249,-0.2208057,0.1546613,1.289138,True,0,1,19
6/25/2025 12:06:11 PM,1750845971883,Right,-0.2102377,0.6980734,0.7468171,-0.2602124,0.562365,0.9781291,-0.1874437,0.632378,0.7098895,-0.1970581,0.4990206,0.8644387,-0.03605533,1.10899,0.7649608,-0.2433479,0.1844411,1.298385,True,0,1,19
6/25/2025 12:06:11 PM,1750845971896,Right,-0.2080362,0.702651,0.7444925,-0.2700078,0.5756521,0.9837999,-0.1870031,0.6385829,0.7086827,-0.1997664,0.5048848,0.8680812,-0.04198194,1.118807,0.7686229,-0.2538979,0.1993152,1.302542,True,0,1,19
6/25/2025 12:06:11 PM,1750845971924,Right,-0.2013977,0.7074935,0.736783,-0.2927805,0.6021062,0.9932637,-0.1852373,0.6486388,0.7045175,-0.205711,0.5137618,0.8760875,-0.05485106,1.138536,0.7750592,-0.2766881,0.2297244,1.309701,True,0,1,19
6/25/2025 12:06:11 PM,1750845971938,Right,-0.1984694,0.7094744,0.7335699,-0.3052082,0.6157079,0.9975624,-0.1848339,0.6535091,0.7028153,-0.2096694,0.5182762,0.8807234,-0.06200552,1.148781,0.7779212,-0.2893887,0.2453355,1.313195,True,0,1,19
6/25/2025 12:06:11 PM,1750845971952,Right,-0.1955848,0.710643,0.7306466,-0.3191032,0.6301613,1.001003,-0.1844672,0.6579825,0.7013348,-0.2144913,0.5227578,0.8861395,-0.06919277,1.159392,0.7807689,-0.3041278,0.262073,1.316995,True,0,1,19
6/25/2025 12:06:11 PM,1750845971980,Right,-0.191115,0.7132683,0.7249895,-0.3501055,0.6585384,1.005747,-0.1850268,0.6674053,0.6980054,-0.2267637,0.5316249,0.8981665,-0.0848403,1.181438,0.7844224,-0.335778,0.2961457,1.322137,True,0,1,19
6/25/2025 12:06:11 PM,1750845971994,Right,-0.1902597,0.7154905,0.7219043,-0.368053,0.6728925,1.005814,-0.1862276,0.6728545,0.6961143,-0.234911,0.5369927,0.9046027,-0.09307313,1.193003,0.7852035,-0.3540255,0.3147809,1.323591,True,0,1,19
6/25/2025 12:06:12 PM,1750845972022,Right,-0.191417,0.7228243,0.7172527,-0.4039814,0.7020609,1.005313,-0.1910837,0.6853637,0.6924363,-0.2557378,0.5510562,0.9166243,-0.110173,1.216945,0.7849154,-0.3960978,0.355129,1.324112,True,0,1,19
6/25/2025 12:06:12 PM,1750845972035,Right,-0.1930883,0.7283185,0.7153567,-0.4227145,0.716745,1.003673,-0.1944838,0.6926031,0.6910955,-0.2681223,0.5599334,0.9223306,-0.1192695,1.229567,0.7846441,-0.4195001,0.3767864,1.323336,True,0,1,19
6/25/2025 12:06:12 PM,1750845972063,Right,-0.1998551,0.7457145,0.7130762,-0.462914,0.7466528,0.9940338,-0.202494,0.7096369,0.6888617,-0.2963234,0.5822763,0.9310955,-0.1388366,1.25622,0.7817559,-0.471458,0.4234818,1.318047,True,0,1,19
6/25/2025 12:06:12 PM,1750845972077,Right,-0.2052398,0.7552717,0.712685,-0.4833789,0.7620806,0.9883919,-0.2073883,0.7186007,0.6879495,-0.311936,0.5942975,0.9342017,-0.1489422,1.269746,0.7790742,-0.4988034,0.4466573,1.313429,True,0,1,19
6/25/2025 12:06:12 PM,1750845972105,Right,-0.2179573,0.7749825,0.7115052,-0.5243672,0.7940509,0.9750395,-0.219896,0.7380033,0.6858293,-0.3471859,0.6214973,0.9354399,-0.1703448,1.297279,0.7714026,-0.5594189,0.4943399,1.298571,True,0,1,19
6/25/2025 12:06:12 PM,1750845972119,Right,-0.2269925,0.7868113,0.7104622,-0.5460918,0.8113843,0.9653835,-0.2273207,0.7488312,0.6842955,-0.3673826,0.6365747,0.9348415,-0.1814359,1.311267,0.7660894,-0.5926069,0.5199863,1.287865,True,0,1,19
6/25/2025 12:06:12 PM,1750845972132,Right,-0.2356707,0.7979658,0.70904,-0.5677357,0.8288831,0.9561517,-0.2352678,0.7593375,0.6824311,-0.3873303,0.6516453,0.9318122,-0.1929162,1.32524,0.7603805,-0.6257032,0.5440962,1.275163,True,0,1,19
6/25/2025 12:06:12 PM,1750845972160,Right,-0.2551672,0.8214415,0.7051296,-0.6132522,0.8655245,0.9315772,-0.253638,0.7826311,0.6772641,-0.4329313,0.6843516,0.9232364,-0.2157822,1.352272,0.7464595,-0.6971968,0.5958866,1.241606,True,0,1,19
6/25/2025 12:06:12 PM,1750845972175,Right,-0.2655919,0.8339771,0.7026852,-0.6361201,0.8834085,0.9168959,-0.2630624,0.7940941,0.6741786,-0.4555022,0.7001204,0.9167188,-0.2274691,1.36552,0.7380177,-0.7316913,0.6196595,1.221956,True,0,1,19
6/25/2025 12:06:12 PM,1750845972202,Right,-0.2873123,0.8601211,0.6967582,-0.6804793,0.917734,0.8820691,-0.2852689,0.8204313,0.6657527,-0.5057374,0.7346009,0.8948274,-0.2504869,1.390584,0.7187794,-0.808075,0.6678431,1.169231,True,0,1,19
6/25/2025 12:06:12 PM,1750845972216,Right,-0.2985275,0.8736594,0.6927515,-0.7018867,0.9339411,0.8623872,-0.2954274,0.8323112,0.6612507,-0.5280414,0.7487108,0.8826368,-0.2614145,1.402057,0.7077755,-0.8409053,0.6861148,1.142063,True,0,1,19
6/25/2025 12:06:12 PM,1750845972243,Right,-0.3199487,0.8994458,0.6840109,-0.7434132,0.9648702,0.8206789,-0.3200148,0.8607008,0.6483693,-0.5765648,0.7796692,0.8518365,-0.2828364,1.424518,0.6843811,-0.9081801,0.7229387,1.078699,True,0,1,19
6/25/2025 12:06:12 PM,1750845972257,Right,-0.3311648,0.9123107,0.6779199,-0.7627151,0.9790707,0.7949481,-0.3318229,0.8739946,0.6410453,-0.5973976,0.792955,0.8363216,-0.292731,1.434657,0.6715561,-0.9357117,0.7369856,1.049269,True,0,1,19
6/25/2025 12:06:12 PM,1750845972271,Right,-0.3417957,0.9246861,0.6713246,-0.7816927,0.9931099,0.7698741,-0.3453234,0.8890526,0.6315783,-0.6214709,0.8086783,0.8178229,-0.3022561,1.444359,0.6584086,-0.9661151,0.7546185,1.014521,True,0,1,19
6/25/2025 12:06:12 PM,1750845972299,Right,-0.3617047,0.9485846,0.6571397,-0.8176994,1.019513,0.717205,-0.3708887,0.9176368,0.6096947,-0.6667758,0.8371901,0.7764273,-0.3197938,1.461987,0.6317426,-1.021488,0.7848459,0.9401301,True,0,1,19
6/25/2025 12:06:12 PM,1750845972313,Right,-0.3715068,0.9604052,0.6499265,-0.8343151,1.032447,0.6893972,-0.3811112,0.9289238,0.600081,-0.6868383,0.8485677,0.756133,-0.3280025,1.469665,0.6179141,-1.045327,0.7973242,0.9027347,True,0,1,19
6/25/2025 12:06:12 PM,1750845972341,Right,-0.3902118,0.9830736,0.6332067,-0.8632817,1.055196,0.6293166,-0.3987338,0.947965,0.5806302,-0.7230898,0.8663696,0.7108397,-0.3423778,1.48197,0.5902702,-1.08788,0.8154581,0.8206722,True,0,1,19
6/25/2025 12:06:12 PM,1750845972354,Right,-0.3986192,0.9931439,0.6232647,-0.8750355,1.063852,0.5973178,-0.4067157,0.9562789,0.56991,-0.740532,0.8738558,0.6849286,-0.3484951,1.486401,0.5763664,-1.107084,0.8230264,0.7744302,True,0,1,19
6/25/2025 12:06:12 PM,1750845972382,Right,-0.4156582,1.013359,0.6044354,-0.8976209,1.080941,0.5354156,-0.4222243,0.9719917,0.5486687,-0.7702775,0.8855394,0.6340836,-0.360193,1.494509,0.5484589,-1.137341,0.8315221,0.6864263,True,0,1,19
6/25/2025 12:06:12 PM,1750845972397,Right,-0.4236114,1.022731,0.5938982,-0.9051554,1.086612,0.5031747,-0.4295652,0.9791777,0.5372536,-0.7828681,0.8897143,0.6077603,-0.365449,1.497427,0.5348581,-1.149002,0.8326592,0.6423376,True,0,1,19
6/25/2025 12:06:12 PM,1750845972424,Right,-0.4381785,1.039812,0.5710855,-0.918021,1.095006,0.4408861,-0.4431498,0.9921756,0.5138302,-0.8036548,0.8948019,0.5550994,-0.3755211,1.502372,0.5085747,-1.16544,0.8290235,0.5559964,True,0,1,19
6/25/2025 12:06:12 PM,1750845972438,Right,-0.445127,1.047941,0.5591903,-0.9233251,1.097799,0.4109267,-0.4494364,0.9980471,0.5014823,-0.8115627,0.8956721,0.5293375,-0.3804426,1.504593,0.495728,-1.170417,0.8245906,0.5156474,True,0,1,19
6/25/2025 12:06:12 PM,1750845972452,Right,-0.4512615,1.055068,0.5459305,-0.9256983,1.098218,0.3822958,-0.4553877,1.00347,0.4886857,-0.8186641,0.8963584,0.504038,-0.385076,1.50611,0.4836713,-1.174001,0.8202825,0.4769486,True,0,1,19
6/25/2025 12:06:12 PM,1750845972480,Right,-0.4623032,1.067149,0.5180906,-0.9292812,1.101081,0.3289424,-0.4655593,1.011796,0.4615577,-0.8256594,0.8945016,0.4591618,-0.3934059,1.508206,0.4593287,-1.176243,0.8052588,0.4128643,True,0,1,19
6/25/2025 12:06:12 PM,1750845972494,Right,-0.4664037,1.071266,0.5032195,-0.9294803,1.102414,0.3044573,-0.4694996,1.014683,0.4474764,-0.8283501,0.8941451,0.4381229,-0.3968656,1.508808,0.4476169,-1.1766,0.7999836,0.3841314,True,0,1,19
6/25/2025 12:06:12 PM,1750845972522,Right,-0.4731379,1.077985,0.4734298,-0.9296901,1.10382,0.2586218,-0.4764677,1.019616,0.4197712,-0.8335198,0.8935606,0.3980918,-0.4032197,1.509422,0.4254274,-1.176214,0.7905182,0.330499,True,0,1,19
6/25/2025 12:06:12 PM,1750845972535,Right,-0.4736338,1.078086,0.4575679,-0.927907,1.103463,0.2396556,-0.4774313,1.019703,0.405223,-0.8330395,0.8920968,0.3812066,-0.4056361,1.50962,0.4150285,-1.174522,0.7847849,0.3104721,True,0,1,19
6/25/2025 12:06:12 PM,1750845972563,Right,-0.4762762,1.080122,0.4287891,-0.9264762,1.107151,0.199868,-0.480198,1.020794,0.3783917,-0.8360016,0.8931242,0.3467613,-0.4099975,1.509867,0.3945471,-1.173971,0.7829218,0.2679555,True,0,1,19
6/25/2025 12:06:12 PM,1750845972578,Right,-0.4747928,1.077559,0.4157668,-0.9228144,1.10992,0.1835059,-0.4795134,1.019339,0.3662392,-0.8359731,0.8943812,0.3321503,-0.4117532,1.510423,0.385026,-1.174205,0.7865036,0.250953,True,0,1,19
6/25/2025 12:06:12 PM,1750845972604,Right,-0.4730126,1.073904,0.3928359,-0.9137607,1.108041,0.1591039,-0.4791028,1.017304,0.3445809,-0.8314722,0.8933426,0.3110374,-0.4154515,1.511397,0.3671857,-1.173424,0.7832509,0.2295278,True,0,1,19
6/25/2025 12:06:12 PM,1750845972618,Right,-0.4707329,1.070447,0.3836733,-0.9095209,1.105625,0.1530533,-0.4786766,1.016121,0.3346058,-0.8289148,0.8921831,0.3017255,-0.417207,1.511901,0.3592063,-1.172633,0.7805492,0.2204568,True,0,1,19
6/25/2025 12:06:12 PM,1750845972633,Right,-0.4690194,1.067546,0.3743263,-0.9060247,1.104677,0.1486764,-0.4769115,1.013475,0.3267843,-0.8242226,0.8900616,0.2954216,-0.4186659,1.512265,0.3515275,-1.170865,0.7767202,0.2150882,True,0,1,19
6/25/2025 12:06:12 PM,1750845972661,Right,-0.4633374,1.058068,0.3619022,-0.9002509,1.101861,0.1496406,-0.4732599,1.007664,0.3139329,-0.8169048,0.8852996,0.2868256,-0.4211053,1.513265,0.3373944,-1.167978,0.769617,0.2100073,True,0,1,19
6/25/2025 12:06:12 PM,1750845972674,Right,-0.4609883,1.053989,0.3574651,-0.8979452,1.100242,0.1511523,-0.4718258,1.005253,0.3085065,-0.8141553,0.8834938,0.2841063,-0.4221036,1.513662,0.3311695,-1.167191,0.7668931,0.2097527,True,0,1,19
6/25/2025 12:06:12 PM,1750845972702,Right,-0.4576612,1.048302,0.3512182,-0.8926818,1.097149,0.1558131,-0.4696622,1.001721,0.3015701,-0.8080572,0.8815306,0.283896,-0.4237435,1.51442,0.319995,-1.166415,0.7623754,0.2158431,True,0,1,19
6/25/2025 12:06:12 PM,1750845972716,Right,-0.4565499,1.046273,0.3485321,-0.890708,1.095849,0.1570898,-0.4690275,1.000572,0.2983045,-0.8059428,0.8808926,0.2844992,-0.4245384,1.514906,0.3149914,-1.166444,0.7605137,0.2203162,True,0,1,19
6/25/2025 12:06:12 PM,1750845972744,Right,-0.4539324,1.042617,0.3474674,-0.8883054,1.093853,0.1630749,-0.4674929,0.9984073,0.2952338,-0.8028775,0.8793466,0.2906097,-0.4261551,1.515718,0.3074192,-1.166266,0.7569362,0.2360113,True,0,1,19
6/25/2025 12:06:12 PM,1750845972757,Right,-0.4521263,1.040863,0.3468131,-0.8861954,1.093639,0.1641128,-0.4662675,0.9973912,0.2942531,-0.8013104,0.878763,0.2947883,-0.4267691,1.515865,0.3039426,-1.165745,0.7555816,0.2456729,True,0,1,19
6/25/2025 12:06:12 PM,1750845972771,Right,-0.4503226,1.039504,0.3471088,-0.8859482,1.094002,0.1656944,-0.4650308,0.9965246,0.2937786,-0.8011463,0.878553,0.2999207,-0.4272335,1.515912,0.3011574,-1.165509,0.7555676,0.256758,True,0,1,19
6/25/2025 12:06:12 PM,1750845972800,Right,-0.4479313,1.038807,0.3483477,-0.8856106,1.093718,0.1681269,-0.4632089,0.9958501,0.2932707,-0.8011905,0.881022,0.3111971,-0.4274473,1.5157,0.2961414,-1.166079,0.759397,0.2804992,True,0,1,19
6/25/2025 12:06:12 PM,1750845972813,Right,-0.4473137,1.038951,0.3485895,-0.8860087,1.093964,0.1701332,-0.4627787,0.9959828,0.2931603,-0.800936,0.8810951,0.311096,-0.4272032,1.515375,0.2942677,-1.165478,0.759021,0.2803678,True,0,1,19
6/25/2025 12:06:12 PM,1750845972841,Right,-0.4470378,1.040521,0.3497446,-0.8865047,1.094216,0.1743933,-0.4623734,0.9967661,0.2933627,-0.800024,0.8819825,0.3126125,-0.4264311,1.514699,0.2916764,-1.16527,0.7602578,0.2833738,True,0,1,19
6/25/2025 12:06:12 PM,1750845972855,Right,-0.447551,1.041772,0.3507998,-0.8875053,1.09495,0.1766257,-0.4624399,0.9973614,0.2938724,-0.7999698,0.8824912,0.3143554,-0.4256049,1.514494,0.2908731,-1.165244,0.7604835,0.2864447,True,0,1,19
6/25/2025 12:06:12 PM,1750845972883,Right,-0.4505159,1.045263,0.3529251,-0.8881009,1.098088,0.1800014,-0.4641527,0.9996561,0.2953436,-0.799077,0.883808,0.3191873,-0.4237889,1.514519,0.2903373,-1.165571,0.7585914,0.295153,True,0,1,19
6/25/2025 12:06:12 PM,1750845972897,Right,-0.4525335,1.047435,0.3536825,-0.8883462,1.099382,0.1817328,-0.4656069,1.001328,0.2959945,-0.7982461,0.8843209,0.3214295,-0.4229054,1.514907,0.2903001,-1.165568,0.7560849,0.2993716,True,0,1,19
6/25/2025 12:06:12 PM,1750845972925,Right,-0.4596597,1.053484,0.3555295,-0.8886626,1.102693,0.1870185,-0.4692664,1.004764,0.2971765,-0.7944609,0.8853982,0.326495,-0.4208618,1.516122,0.2908057,-1.16522,0.7486575,0.3097653,True,0,1,19
6/25/2025 12:06:12 PM,1750845972938,Right,-0.4663059,1.058202,0.3569524,-0.888674,1.10456,0.1902778,-0.472094,1.006899,0.2979477,-0.791941,0.8863817,0.3290758,-0.4193697,1.516838,0.2911495,-1.165416,0.7440236,0.3152922,True,0,1,19
6/25/2025 12:06:12 PM,1750845972953,Right,-0.4730763,1.063233,0.3584429,-0.8885455,1.106316,0.1932912,-0.4756696,1.009545,0.2988751,-0.7885804,0.8879247,0.3316968,-0.4179047,1.517607,0.2916925,-1.165718,0.7385538,0.3211836,True,0,1,19
6/25/2025 12:06:12 PM,1750845972980,Right,-0.4840581,1.076571,0.3598493,-0.8881881,1.109955,0.1993823,-0.483589,1.017565,0.3005069,-0.7835823,0.8924579,0.336996,-0.4146978,1.519273,0.2922912,-1.16549,0.7277127,0.3336291,True,0,1,19
6/25/2025 12:06:12 PM,1750845972994,Right,-0.4868643,1.083787,0.3587739,-0.8884163,1.111094,0.2019547,-0.4868618,1.023265,0.3004244,-0.7820749,0.8955623,0.3390731,-0.4132296,1.520394,0.2925361,-1.164088,0.7233645,0.3394685,True,0,1,19
6/25/2025 12:06:13 PM,1750845973021,Right,-0.4886293,1.094751,0.3551288,-0.8883166,1.113015,0.2055149,-0.4895137,1.034801,0.2978179,-0.7768559,0.9002151,0.3420819,-0.4102449,1.522672,0.2932547,-1.15538,0.712545,0.3514215,True,0,1,19
6/25/2025 12:06:13 PM,1750845973036,Right,-0.4904922,1.099389,0.3541038,-0.888325,1.11402,0.2071708,-0.4905169,1.038152,0.2970825,-0.7732939,0.9000263,0.3445212,-0.4086692,1.523632,0.2933881,-1.149682,0.7038648,0.3591666,False,0,1,19
6/25/2025 12:06:13 PM,1750845973064,Right,-0.4851947,1.102979,0.343021,-0.8904526,1.113188,0.206884,-0.4876755,1.046736,0.3000197,-0.7973028,0.9074885,0.3401511,-0.4052864,1.525142,0.2928177,-1.15671,0.7290509,0.3396242,False,0,1,19
6/25/2025 12:06:13 PM,1750845973077,Right,-0.4830848,1.106161,0.3364909,-0.8913569,1.112978,0.2070512,-0.4846372,1.051155,0.2957467,-0.7981843,0.9180504,0.3312044,-0.4035016,1.525823,0.2924788,-1.159685,0.7453694,0.3258484,False,0,1,19
6/25/2025 12:06:13 PM,1750845973104,Right,-0.4772106,1.109231,0.323715,-0.8924577,1.115139,0.2056676,-0.4782142,1.054932,0.2838742,-0.7989382,0.9319961,0.3201936,-0.4003067,1.52744,0.2918805,-1.163482,0.7729388,0.3153165,False,0,1,19
6/25/2025 12:06:13 PM,1750845973119,Right,-0.4726895,1.107478,0.3179052,-0.8927386,1.117461,0.2024878,-0.4743352,1.054004,0.2791192,-0.7998662,0.9348695,0.3158358,-0.398996,1.52844,0.2913446,-1.164682,0.7846044,0.3098673,False,0,1,19
6/25/2025 12:06:13 PM,1750845973132,Right,-0.4689035,1.106253,0.313082,-0.8931506,1.119096,0.1989651,-0.4710875,1.053401,0.2751507,-0.8013845,0.9383917,0.3113126,-0.3979089,1.529261,0.290754,-1.166597,0.7973232,0.303267,False,0,1,19
6/25/2025 12:06:13 PM,1750845973161,Right,-0.4627177,1.103998,0.3054773,-0.8947017,1.121199,0.1915318,-0.4655941,1.052402,0.2685503,-0.8046128,0.9433404,0.3019563,-0.3957968,1.530764,0.289307,-1.169027,0.8181233,0.2884584,False,0,1,19
6/25/2025 12:06:13 PM,1750845973174,Right,-0.4605602,1.104381,0.3024977,-0.8951955,1.122174,0.1888694,-0.4638081,1.052738,0.2662221,-0.8055313,0.9452297,0.2983812,-0.3948779,1.531445,0.2884887,-1.16974,0.8258333,0.2827973,False,0,1,19
6/25/2025 12:06:13 PM,1750845973202,Right,-0.4586236,1.105592,0.2994621,-0.8955629,1.124249,0.1849302,-0.4616938,1.054007,0.2629399,-0.8060281,0.9472725,0.2946529,-0.3934389,1.532795,0.2869008,-1.169299,0.8322713,0.2780319,False,0,1,19
6/25/2025 12:06:13 PM,1750845973216,Right,-0.4579986,1.105274,0.2993163,-0.8953841,1.125546,0.1829673,-0.4610613,1.054217,0.2623205,-0.8062003,0.9476207,0.2937185,-0.3928649,1.533469,0.286303,-1.168909,0.8332027,0.2766405,False,0,1,19
6/25/2025 12:06:13 PM,1750845973244,Right,-0.4557126,1.103408,0.2999753,-0.8950438,1.127366,0.1792585,-0.4593453,1.053032,0.2634914,-0.8074812,0.9474334,0.2930192,-0.3919545,1.534696,0.2849255,-1.168373,0.8355945,0.273572,False,0,1,19
6/25/2025 12:06:13 PM,1750845973258,Right,-0.454958,1.102403,0.3015614,-0.8948774,1.127658,0.1780205,-0.458574,1.052482,0.2643954,-0.8083438,0.9478049,0.2923228,-0.391557,1.53512,0.2843952,-1.168465,0.837748,0.2710287,False,0,1,19
6/25/2025 12:06:13 PM,1750845973272,Right,-0.4545544,1.102062,0.3029715,-0.8946645,1.127966,0.1770389,-0.4580829,1.052328,0.2652102,-0.8092786,0.9490223,0.290797,-0.3912008,1.535537,0.2839531,-1.169,0.8409197,0.2669765,False,0,1,19
6/25/2025 12:06:13 PM,1750845973299,Right,-0.4541292,1.101881,0.3071136,-0.8938727,1.12844,0.1761373,-0.4578395,1.052418,0.2689012,-0.8109201,0.9516529,0.2881536,-0.3907589,1.53621,0.2834208,-1.170262,0.8464311,0.2577834,False,0,1,19
6/25/2025 12:06:13 PM,1750845973314,Right,-0.4539599,1.101543,0.3114662,-0.8934278,1.128573,0.1766468,-0.4576587,1.05227,0.2718368,-0.8119553,0.9524477,0.2870104,-0.3906837,1.536369,0.2834548,-1.170593,0.8486818,0.2524264,False,0,1,19
6/25/2025 12:06:13 PM,1750845973341,Right,-0.4531032,1.099903,0.3206942,-0.8922946,1.129389,0.178265,-0.4570304,1.051145,0.2797292,-0.8141003,0.9538823,0.2851665,-0.3907595,1.536503,0.2839695,-1.171108,0.8545094,0.2406478,False,0,1,19
6/25/2025 12:06:13 PM,1750845973355,Right,-0.4527825,1.099154,0.3267704,-0.8914313,1.129819,0.1803771,-0.4566733,1.050617,0.283881,-0.8148925,0.9542652,0.286083,-0.3905149,1.536898,0.2836298,-1.171162,0.8568944,0.2382966,False,0,1,19
6/25/2025 12:06:13 PM,1750845973383,Right,-0.45237,1.099058,0.3389595,-0.889154,1.12951,0.1867061,-0.4565426,1.050535,0.2943943,-0.8145183,0.9532928,0.2919222,-0.3913136,1.536707,0.2848539,-1.170394,0.8568875,0.2394647,False,0,1,19
6/25/2025 12:06:13 PM,1750845973397,Right,-0.4512508,1.098926,0.3461146,-0.8876829,1.128628,0.1916434,-0.455987,1.050298,0.3003179,-0.8141495,0.9524029,0.2955879,-0.392925,1.53598,0.2858968,-1.169469,0.8566126,0.2409122,False,0,1,19
6/25/2025 12:06:13 PM,1750845973424,Right,-0.4464916,1.095981,0.3636041,-0.8845348,1.125923,0.2046342,-0.4528419,1.048199,0.3140922,-0.8130639,0.949925,0.3087873,-0.3947632,1.53508,0.2873145,-1.167002,0.8573255,0.2537308,False,0,1,19
6/25/2025 12:06:13 PM,1750845973439,Right,-0.4433148,1.093604,0.3728822,-0.8827803,1.124244,0.2113104,-0.4505178,1.046375,0.321457,-0.8127297,0.948016,0.3151727,-0.3957193,1.534499,0.2884766,-1.16509,0.857623,0.2593371,False,0,1,19
6/25/2025 12:06:13 PM,1750845973452,Right,-0.4389561,1.090803,0.3826215,-0.8808887,1.122087,0.2187041,-0.4470346,1.044072,0.3302542,-0.811887,0.9458989,0.3223797,-0.3967109,1.533925,0.2899618,-1.162181,0.8584808,0.2652837,False,0,1,19
6/25/2025 12:06:13 PM,1750845973480,Right,-0.4245367,1.081483,0.4060752,-0.8750675,1.11577,0.2384644,-0.4368864,1.037697,0.3486369,-0.8099339,0.9407015,0.3364098,-0.3990402,1.532655,0.2933153,-1.153667,0.8614204,0.2761628,False,0,1,19
6/25/2025 12:06:13 PM,1750845973494,Right,-0.4159034,1.076434,0.4179004,-0.8714695,1.112086,0.2498189,-0.4306313,1.034114,0.3581192,-0.8077226,0.9385462,0.3433464,-0.4002788,1.532065,0.2950604,-1.148449,0.8639643,0.2813919,False,0,1,19
6/25/2025 12:06:13 PM,1750845973521,Right,-0.3960676,1.065962,0.4418265,-0.863169,1.103225,0.2747604,-0.4144779,1.025949,0.3789424,-0.8013819,0.9350759,0.3580472,-0.4024032,1.530539,0.2995267,-1.134894,0.8722417,0.2924867,False,0,1,19
6/25/2025 12:06:13 PM,1750845973536,Right,-0.3828692,1.060171,0.4549056,-0.8567545,1.097279,0.2911785,-0.404797,1.021984,0.3894605,-0.7966406,0.9345623,0.3654495,-0.4033092,1.5301,0.3029557,-1.12672,0.8783652,0.2983547,False,0,1,19
6/25/2025 12:06:13 PM,1750845973563,Right,-0.3578099,1.050634,0.4788303,-0.8420162,1.086028,0.3243635,-0.3837593,1.014554,0.4116321,-0.7829872,0.9378446,0.3823634,-0.4056352,1.529576,0.3102084,-1.109433,0.8968714,0.3134017,False,0,1,19
6/25/2025 12:06:13 PM,1750845973577,Right,-0.3421022,1.04627,0.4899434,-0.8324542,1.079011,0.3431164,-0.3725473,1.011408,0.4215143,-0.7757882,0.9414683,0.3915898,-0.4064622,1.529432,0.3144788,-1.100594,0.9091236,0.3236084,False,0,1,19
6/25/2025 12:06:13 PM,1750845973591,Right,-0.325729,1.041362,0.4988656,-0.822191,1.071723,0.3619726,-0.3594913,1.008021,0.4302028,-0.7667446,0.944549,0.4044659,-0.4069425,1.529057,0.3196282,-1.090621,0.9204046,0.3414712,False,0,1,19
6/25/2025 12:06:13 PM,1750845973619,Right,-0.2920561,1.030099,0.5106401,-0.7978826,1.056089,0.4020407,-0.3313879,0.9998765,0.4412613,-0.7416846,0.9374693,0.433408,-0.4066725,1.52856,0.3310444,-1.066707,0.9190026,0.387739,False,0,1,19
6/25/2025 12:06:13 PM,1750845973633,Right,-0.2752471,1.025337,0.5153164,-0.7837784,1.047681,0.422886,-0.3187965,0.9962572,0.4475821,-0.7285956,0.9328966,0.4499646,-0.4060633,1.528158,0.337972,-1.055351,0.9157735,0.414276,False,0,1,19
6/25/2025 12:06:13 PM,1750845973661,Right,-0.243365,1.016809,0.5264919,-0.7553794,1.030301,0.4636011,-0.2919962,0.9902748,0.4582464,-0.6985233,0.9223297,0.4816706,-0.4045988,1.52757,0.3526338,-1.028581,0.903746,0.4656749,False,0,1,19
6/25/2025 12:06:13 PM,1750845973674,Right,-0.2252712,1.015214,0.5263828,-0.7304244,1.017422,0.4879014,-0.276956,0.988953,0.4601137,-0.6744248,0.9170671,0.4935335,-0.4017732,1.526884,0.3624066,-1.011968,0.8935286,0.4875185,False,0,1,19
6/25/2025 12:06:13 PM,1750845973702,Right,-0.1928462,1.008393,0.527732,-0.6834571,0.9976882,0.5311496,-0.2512556,0.9839771,0.4663038,-0.6350886,0.9039837,0.5208273,-0.3960447,1.525835,0.3810072,-0.9809371,0.8711017,0.5364772,False,0,1,19
6/25/2025 12:06:13 PM,1750845973716,Right,-0.1769989,1.004575,0.5283127,-0.6622756,0.9883266,0.551767,-0.2372151,0.981077,0.4678093,-0.61147,0.8977389,0.5325271,-0.3926904,1.524983,0.39046,-0.9630095,0.8594292,0.5601374,False,0,1,19
6/25/2025 12:06:13 PM,1750845973744,Right,-0.1465188,0.9966107,0.520545,-0.6031373,0.9679267,0.5898339,-0.2100309,0.974662,0.4662296,-0.5605108,0.8848015,0.5517946,-0.3827789,1.522706,0.4116396,-0.9242208,0.8329601,0.6074862,False,0,1,19
6/25/2025 12:06:13 PM,1750845973757,Right,-0.1320164,0.9929885,0.5167885,-0.5740061,0.9585705,0.6069254,-0.1974717,0.9717528,0.4643994,-0.5340279,0.8789953,0.5598508,-0.3773708,1.52141,0.4222125,-0.9038136,0.81929,0.6315409,False,0,1,19
6/25/2025 12:06:13 PM,1750845973772,Right,-0.1182677,0.9894303,0.51162,-0.54478,0.9499518,0.6220884,-0.1851323,0.9688188,0.4628817,-0.5098281,0.8729835,0.5680665,-0.3708594,1.519699,0.4331088,-0.8826079,0.806069,0.6556001,False,0,1,19
6/25/2025 12:06:13 PM,1750845973799,Right,-0.09169793,0.9819455,0.4999107,-0.4876652,0.9350826,0.647258,-0.1626834,0.9630017,0.4585286,-0.4630975,0.8611544,0.5834193,-0.3567083,1.51622,0.4546121,-0.8374542,0.7795869,0.7058007,False,0,1,19
6/25/2025 12:06:13 PM,1750845973813,Right,-0.07906961,0.9780271,0.4932621,-0.4601073,0.9279659,0.6587665,-0.1507504,0.9595881,0.4553829,-0.4393663,0.8549965,0.58982,-0.3486261,1.514057,0.4653709,-0.812075,0.7664768,0.7300793,False,0,1,19
6/25/2025 12:06:13 PM,1750845973841,Right,-0.05427217,0.9705901,0.4796567,-0.4049449,0.9136311,0.6785035,-0.1260659,0.9522533,0.447473,-0.3902935,0.8417309,0.602561,-0.3313192,1.508675,0.4861077,-0.7531179,0.7391659,0.7813888,False,0,1,19
6/25/2025 12:06:13 PM,1750845973855,Right,-0.04361558,0.9677593,0.4700249,-0.3764048,0.9071819,0.6822313,-0.1152086,0.9492074,0.442478,-0.3659171,0.8365864,0.606114,-0.3215091,1.505459,0.4961284,-0.7231308,0.7266695,0.8044276,False,0,1,19
6/25/2025 12:06:13 PM,1750845973883,Right,-0.02411425,0.9634069,0.4510208,-0.3221724,0.8937426,0.6890084,-0.09586513,0.9443163,0.4308192,-0.3182885,0.8264753,0.612719,-0.302597,1.49937,0.5156463,-0.6560231,0.7014492,0.8519353,False,0,1,19
6/25/2025 12:06:13 PM,1750845973897,Right,-0.01583135,0.9617312,0.4407285,-0.2963703,0.8869756,0.691473,-0.08685455,0.9419079,0.4247509,-0.2958587,0.8213881,0.6150572,-0.2926402,1.495715,0.5249968,-0.6212051,0.6895612,0.8729594,False,0,1,19
6/25/2025 12:06:13 PM,1750845973924,Right,-0.001529455,0.9581697,0.4187466,-0.2487118,0.8723536,0.6912199,-0.07198438,0.9371785,0.4101778,-0.2516411,0.8105215,0.6175731,-0.2719319,1.48738,0.5431901,-0.5443013,0.6647882,0.9129903,False,0,1,19
6/25/2025 12:06:13 PM,1750845973938,Right,0.004491329,0.9562438,0.4069372,-0.2264929,0.8646976,0.6889863,-0.06470338,0.9344614,0.4027972,-0.2299439,0.8045422,0.6182383,-0.2612153,1.482842,0.5522088,-0.5037917,0.6526712,0.9299554,False,0,1,19
6/25/2025 12:06:13 PM,1750845973952,Right,0.0103116,0.9542421,0.3950008,-0.2045772,0.8574613,0.6859764,-0.05819488,0.9316987,0.3947191,-0.2072465,0.798501,0.6178261,-0.2503151,1.47835,0.5609854,-0.4595873,0.6400554,0.9460162,False,0,1,19
6/25/2025 12:06:13 PM,1750845973980,Right,0.01874781,0.9501343,0.3692455,-0.1658645,0.844444,0.6740321,-0.04655921,0.92655,0.3774836,-0.1613272,0.7870176,0.6139621,-0.2274864,1.470805,0.5766548,-0.3656174,0.6161736,0.970753,False,0,1,19
6/25/2025 12:06:13 PM,1750845973993,Right,0.0221765,0.9477708,0.3562434,-0.1477461,0.8377266,0.6682531,-0.04149562,0.9240653,0.3686173,-0.1391284,0.7815185,0.6108819,-0.2156978,1.467848,0.5846587,-0.3181957,0.6055484,0.9786043,False,0,1,19
6/25/2025 12:06:14 PM,1750845974021,Right,0.02766478,0.942915,0.3292911,-0.11766,0.8233398,0.6533388,-0.03233956,0.9182376,0.3502849,-0.1051478,0.7705076,0.6008366,-0.1919463,1.459537,0.600733,-0.2466827,0.5881808,0.9789498,False,0,1,19
6/25/2025 12:06:14 PM,1750845974036,Right,0.02925229,0.9395906,0.3154106,-0.1036177,0.8155468,0.6464466,-0.02890268,0.914291,0.3404093,-0.09590411,0.7648064,0.5942712,-0.1796007,1.454466,0.6077738,-0.2278433,0.5823233,0.9731179,False,0,1,19
6/25/2025 12:06:14 PM,1750845974064,Right,0.02898121,0.9312612,0.2879368,-0.08153152,0.7993514,0.631763,-0.02376923,0.9047576,0.3209312,-0.08005382,0.7519305,0.5819423,-0.1548147,1.441353,0.6198612,-0.1939655,0.5708965,0.960986,False,0,1,19
6/25/2025 12:06:14 PM,1750845974077,Right,0.02854645,0.9269955,0.2747097,-0.07089639,0.7913131,0.6252232,-0.02207319,0.8993569,0.3114389,-0.07300604,0.7449706,0.5764703,-0.1426911,1.433818,0.6256188,-0.1779612,0.5655438,0.9551529,False,0,1,19
6/25/2025 12:06:14 PM,1750845974091,Right,0.02661049,0.9224632,0.2621635,-0.0625596,0.782784,0.6190708,-0.02089527,0.893573,0.3023549,-0.06714544,0.7372578,0.57169,-0.1307087,1.424866,0.6308457,-0.1644543,0.5594372,0.9487635,False,0,1,19
6/25/2025 12:06:14 PM,1750845974119,Right,0.02141571,0.9127551,0.239493,-0.04616404,0.7643892,0.6084548,-0.01993829,0.8806497,0.2857981,-0.05602568,0.720125,0.5638335,-0.1069801,1.403675,0.6403608,-0.1378528,0.5454576,0.93683,False,0,1,19
6/25/2025 12:06:14 PM,1750845974133,Right,0.01824653,0.9073857,0.2294017,-0.03975117,0.7535286,0.6036649,-0.02028799,0.8733289,0.2784872,-0.05128952,0.7102389,0.5604776,-0.09540117,1.39163,0.6443896,-0.1257952,0.5366278,0.9308679,False,0,1,19
6/25/2025 12:06:14 PM,1750845974161,Right,0.01077724,0.8948619,0.211641,-0.02761364,0.7298048,0.5937858,-0.02209836,0.8564305,0.2657097,-0.04309411,0.6875936,0.5539086,-0.07335186,1.36534,0.6510347,-0.1037895,0.5147543,0.9189202,False,0,1,19
6/25/2025 12:06:14 PM,1750845974174,Right,0.006055474,0.8880718,0.2046599,-0.02225852,0.7170852,0.5885454,-0.02352687,0.8475458,0.2601651,-0.03928491,0.6755558,0.5504104,-0.06292927,1.351018,0.6537299,-0.09305988,0.5022289,0.9128683,False,0,1,19
6/25/2025 12:06:14 PM,1750845974202,Right,-0.003418088,0.873733,0.1942772,-0.01438284,0.6889756,0.5783176,-0.02767625,0.8281983,0.2529637,-0.03367651,0.6490958,0.5435712,-0.04356217,1.320344,0.6575923,-0.07534848,0.4709947,0.9012175,False,0,1,19
6/25/2025 12:06:14 PM,1750845974217,Right,-0.008460164,0.8649144,0.1926265,-0.01113677,0.673914,0.573824,-0.02979641,0.8173493,0.2514321,-0.03122254,0.6347975,0.5406532,-0.03490043,1.303945,0.6591644,-0.06741405,0.4530294,0.8963786,False,0,1,19
6/25/2025 12:06:14 PM,1750845974244,Right,-0.01747191,0.8458751,0.1897496,-0.006206274,0.6419246,0.5667534,-0.0339912,0.7937083,0.2500868,-0.02752142,0.6043389,0.5364266,-0.01851845,1.270099,0.661508,-0.05393863,0.4158849,0.8880145,False,0,1,19
6/25/2025 12:06:14 PM,1750845974258,Right,-0.02158713,0.8345137,0.1901698,-0.004457951,0.6251187,0.5641589,-0.03577656,0.7815045,0.2505253,-0.02598524,0.5891973,0.5349828,-0.01113296,1.252965,0.6620915,-0.04807226,0.3975109,0.8849525,False,0,1,19
6/25/2025 12:06:14 PM,1750845974272,Right,-0.02516842,0.8221168,0.191523,-0.003469944,0.6080196,0.5623015,-0.03734198,0.7670684,0.2517196,-0.02473251,0.5724636,0.5338087,-0.004120111,1.235548,0.6625888,-0.04276137,0.3776293,0.8829151,False,0,1,19
6/25/2025 12:06:14 PM,1750845974300,Right,-0.03132963,0.7950053,0.1969665,-0.004274011,0.5707148,0.5608082,-0.03979843,0.7377694,0.2562435,-0.02474138,0.5377064,0.5339776,0.00767827,1.199755,0.6616988,-0.03828138,0.33668,0.8801225,False,0,1,19
6/25/2025 12:06:14 PM,1750845974314,Right,-0.03503489,0.77972,0.2031732,-0.006598949,0.5497684,0.5617889,-0.04171721,0.7223412,0.2602664,-0.02569946,0.5193754,0.5348719,0.01214623,1.181513,0.661088,-0.03714074,0.314229,0.8795592,False,0,1,19
6/25/2025 12:06:14 PM,1750845974341,Right,-0.04461086,0.7480912,0.21926,-0.01274896,0.5091264,0.565418,-0.04791957,0.6886916,0.2721618,-0.03030683,0.4810002,0.5390123,0.01875925,1.145177,0.6591437,-0.03721979,0.2666905,0.8819984,False,0,1,19
6/25/2025 12:06:14 PM,1750845974355,Right,-0.04946613,0.731734,0.2283789,-0.01712108,0.4896606,0.5689279,-0.05143349,0.6719644,0.2802536,-0.03385419,0.4635071,0.5422324,0.02136922,1.127743,0.658,-0.0390911,0.2441576,0.8860003,False,0,1,19
6/25/2025 12:06:14 PM,1750845974383,Right,-0.05895483,0.6965271,0.253172,-0.02688456,0.4534058,0.5813433,-0.05857488,0.6366137,0.2990839,-0.04123616,0.4283087,0.5522469,0.02430427,1.095168,0.6567372,-0.04275143,0.2004754,0.8987781,False,0,1,19
6/25/2025 12:06:14 PM,1750845974397,Right,-0.06398213,0.6796897,0.2669394,-0.03154004,0.4371988,0.5894811,-0.06232234,0.620005,0.3100426,-0.04515055,0.4126545,0.5590076,0.02507162,1.079524,0.656631,-0.04461695,0.1810575,0.9076309,False,0,1,19
6/25/2025 12:06:14 PM,1750845974410,Right,-0.06980479,0.6633293,0.2821616,-0.03564274,0.4225011,0.5979811,-0.06690999,0.6039595,0.3229281,-0.0492974,0.3986384,0.5667678,0.02572715,1.064658,0.656747,-0.04554376,0.1625787,0.9186014,False,0,1,19
6/25/2025 12:06:14 PM,1750845974438,Right,-0.08319724,0.6313623,0.3150045,-0.04240084,0.3992405,0.618302,-0.07723664,0.5749379,0.3486238,-0.05709757,0.3766267,0.5824807,0.02583873,1.037651,0.6570584,-0.04428631,0.1329368,0.9433081,False,0,1,19
6/25/2025 12:06:14 PM,1750845974452,Right,-0.09089375,0.6155766,0.334733,-0.04457068,0.391499,0.6301205,-0.083374,0.5603814,0.364127,-0.0614575,0.3675822,0.5915008,0.02541947,1.025728,0.6571741,-0.0424688,0.1191937,0.9589213,True,0,1,20
6/25/2025 12:06:14 PM,1750845974480,Right,-0.1057001,0.5861098,0.3723427,-0.04809999,0.3777933,0.652541,-0.08648996,0.5475637,0.3767307,-0.06566239,0.3760904,0.57823,0.02369046,1.005174,0.6580403,-0.03993141,0.1059215,0.9707714,True,0,1,20
6/25/2025 12:06:14 PM,1750845974493,Right,-0.1136503,0.573177,0.3923229,-0.05025697,0.3741164,0.6641811,-0.08871549,0.5414568,0.383337,-0.0673973,0.3757915,0.5796765,0.0224123,0.9963753,0.6590419,-0.03810728,0.1026552,0.9791491,True,0,1,20
6/25/2025 12:06:14 PM,1750845974522,Right,-0.1316679,0.5510238,0.4369133,-0.0574851,0.3666883,0.6861545,-0.09489854,0.5287959,0.399983,-0.07206762,0.3771115,0.5833482,0.01914895,0.9812452,0.6612736,-0.03261472,0.09673637,0.9996041,True,0,1,20
6/25/2025 12:06:14 PM,1750845974535,Right,-0.1431309,0.5421391,0.4611858,-0.06319988,0.3638789,0.6971929,-0.09877987,0.5226392,0.4094914,-0.07477719,0.3775303,0.5863819,0.01696897,0.9758627,0.6626149,-0.02872832,0.09364679,1.010456,True,0,1,20
6/25/2025 12:06:14 PM,1750845974564,Right,-0.1652009,0.5285395,0.5068518,-0.07666445,0.3591653,0.7193677,-0.1084534,0.5102499,0.431507,-0.08121244,0.3765531,0.5966364,0.01368153,0.9669567,0.6659684,-0.01871005,0.08673757,1.033739,True,0,1,20
6/25/2025 12:06:14 PM,1750845974578,Right,-0.1758047,0.529053,0.5308785,-0.0854125,0.3607157,0.7312583,-0.1137511,0.5051452,0.4434137,-0.08661301,0.373657,0.6017143,0.0121429,0.9648303,0.6679389,-0.01983064,0.07453942,1.039952,True,0,1,20
6/25/2025 12:06:14 PM,1750845974591,Right,-0.186525,0.52824,0.5538788,-0.09282327,0.3607539,0.7429667,-0.1199873,0.5001274,0.4572678,-0.09259351,0.3709698,0.6099697,0.01047254,0.9629307,0.6698331,-0.02054124,0.06474462,1.049427,True,0,1,20
6/25/2025 12:06:14 PM,1750845974618,Right,-0.2094496,0.5337704,0.5965708,-0.1088755,0.364326,0.7668004,-0.1342215,0.4924069,0.4875228,-0.1058897,0.3646348,0.6319253,0.006592274,0.9628011,0.6741445,-0.02349652,0.04492056,1.068553,True,0,1,20
6/25/2025 12:06:14 PM,1750845974632,Right,-0.2201301,0.539497,0.6155301,-0.1170111,0.3668546,0.7784038,-0.1407731,0.4905797,0.5007662,-0.1120176,0.3618104,0.6431053,0.004845858,0.9642022,0.6763237,-0.02615961,0.03700233,1.076293,True,0,1,20
6/25/2025 12:06:14 PM,1750845974661,Right,-0.239336,0.5548823,0.6501727,-0.133848,0.3754255,0.8006468,-0.1577674,0.4896299,0.5344092,-0.1282978,0.3576866,0.6716442,0.002231836,0.9700832,0.6823565,-0.03702138,0.01922333,1.094979,True,0,1,20
6/25/2025 12:06:14 PM,1750845974674,Right,-0.2467114,0.5652936,0.6625388,-0.1424232,0.3809699,0.8112998,-0.1664087,0.4912096,0.5511779,-0.1367504,0.3562414,0.6870607,0.0008969307,0.9748234,0.6859682,-0.04590729,0.01174486,1.104073,True,0,1,20
6/25/2025 12:06:14 PM,1750845974702,Right,-0.2596294,0.5808365,0.6839017,-0.1588166,0.3921696,0.8321145,-0.1861583,0.4988542,0.5887915,-0.1573637,0.3589814,0.7214924,-0.001627445,0.9856394,0.6940646,-0.07125193,0.00270015,1.127983,True,0,1,20
6/25/2025 12:06:14 PM,1750845974716,Right,-0.2632887,0.5892187,0.6904349,-0.1664243,0.3989719,0.8415909,-0.1956549,0.5052053,0.6068333,-0.1680308,0.3636082,0.7397847,-0.003045678,0.9924384,0.6985883,-0.08682148,0.00566566,1.144156,True,0,1,20
6/25/2025 12:06:14 PM,1750845974744,Right,-0.268187,0.6043905,0.7020577,-0.1808395,0.4134139,0.8597622,-0.2149828,0.5256081,0.6450058,-0.1901044,0.3827881,0.7783492,-0.006337881,1.007724,0.7077781,-0.1184694,0.02338469,1.182181,True,0,1,20
6/25/2025 12:06:14 PM,1750845974758,Right,-0.268285,0.6120473,0.7048218,-0.1873677,0.4226835,0.8677104,-0.222576,0.5404778,0.6619379,-0.1992378,0.398311,0.7961025,-0.008462429,1.016077,0.7124742,-0.1326161,0.04056281,1.202394,True,0,1,20
6/25/2025 12:06:14 PM,1750845974772,Right,-0.268989,0.6192517,0.7073332,-0.1937754,0.4315702,0.8756094,-0.2248336,0.5514348,0.6679816,-0.2031076,0.4096133,0.8037913,-0.01043916,1.024723,0.7172623,-0.1421351,0.05488724,1.212685,True,0,1,20
6/25/2025 12:06:14 PM,1750845974799,Right,-0.2702829,0.6321771,0.7095315,-0.205925,0.4504147,0.8907123,-0.2270914,0.5662441,0.6720809,-0.2085656,0.426245,0.8114918,-0.0155952,1.043004,0.7270986,-0.1587242,0.07940412,1.22743,True,0,1,20
6/25/2025 12:06:14 PM,1750845974814,Right,-0.2695323,0.6367493,0.7071344,-0.2113267,0.4615607,0.8974061,-0.2277739,0.5728621,0.6726299,-0.2107581,0.4342084,0.814187,-0.01866531,1.052604,0.7320876,-0.1663653,0.09253055,1.234422,True,0,1,20
6/25/2025 12:06:14 PM,1750845974841,Right,-0.2677311,0.6447628,0.7033581,-0.2229307,0.4827442,0.9104218,-0.227897,0.5847119,0.6712393,-0.2141729,0.4491252,0.8176631,-0.02647281,1.072396,0.7422523,-0.1817261,0.119432,1.246985,True,0,1,20
6/25/2025 12:06:14 PM,1750845974854,Right,-0.2649662,0.6481131,0.6996599,-0.2289298,0.4936941,0.9154816,-0.2272358,0.5905116,0.6701218,-0.2155188,0.4562369,0.8194366,-0.03120422,1.082437,0.7472386,-0.1901784,0.1332073,1.252874,True,0,1,20
6/25/2025 12:06:14 PM,1750845974883,Right,-0.2599916,0.6545312,0.6930559,-0.2423364,0.5152557,0.9253345,-0.2257548,0.6017612,0.6672908,-0.2190354,0.4706199,0.8228288,-0.0411222,1.102967,0.7573652,-0.2104898,0.1623991,1.264642,True,0,1,20
6/25/2025 12:06:14 PM,1750845974897,Right,-0.2569747,0.6562204,0.6876793,-0.2500052,0.5266184,0.9288626,-0.2249939,0.6067683,0.6648775,-0.2209484,0.4770015,0.8240966,-0.04665685,1.113626,0.7623701,-0.2211095,0.177079,1.269404,True,0,1,20
6/25/2025 12:06:14 PM,1750845974924,Right,-0.2497691,0.6591748,0.6745714,-0.2653542,0.5492622,0.9362488,-0.2227587,0.6161883,0.6574247,-0.2247588,0.4878833,0.8275005,-0.05925441,1.135174,0.7716503,-0.2433709,0.2090193,1.277012,True,0,1,20
6/25/2025 12:06:14 PM,1750845974938,Right,-0.2462804,0.660387,0.668386,-0.273169,0.5611628,0.9403806,-0.2216804,0.6206895,0.6534942,-0.2269456,0.4928265,0.8302269,-0.06601095,1.146154,0.7760651,-0.2545083,0.2259184,1.280533,True,0,1,20
6/25/2025 12:06:14 PM,1750845974952,Right,-0.2429402,0.661227,0.6622746,-0.2815421,0.5737294,0.9445171,-0.2209459,0.6250563,0.6499562,-0.2298466,0.4981039,0.8336889,-0.07321501,1.157109,0.7802944,-0.2666913,0.2439883,1.284617,True,0,1,20
6/25/2025 12:06:14 PM,1750845974979,Right,-0.2351434,0.6634436,0.6489853,-0.3007609,0.6006368,0.9520574,-0.2188917,0.6340813,0.6417332,-0.2365658,0.5087192,0.8424318,-0.08821464,1.178759,0.7873464,-0.2930371,0.283089,1.290892,True,0,1,20
6/25/2025 12:06:14 PM,1750845974993,Right,-0.2308753,0.6655888,0.6426793,-0.3115374,0.6142597,0.9557567,-0.2177741,0.6393883,0.6377397,-0.2407238,0.5147249,0.847999,-0.09657478,1.189849,0.7900844,-0.3073418,0.3038506,1.293096,True,0,1,20
6/25/2025 12:06:15 PM,1750845975021,Right,-0.2235558,0.6711335,0.6323282,-0.3359928,0.6411803,0.9638252,-0.2169554,0.6506994,0.630913,-0.2527408,0.5282688,0.8614759,-0.1152325,1.211957,0.7940369,-0.3401631,0.3475709,1.29652,True,0,1,20
6/25/2025 12:06:15 PM,1750845975035,Right,-0.2208712,0.6754651,0.6284564,-0.3508627,0.6554472,0.967262,-0.2172045,0.6570207,0.628055,-0.2605571,0.5363582,0.868724,-0.1246134,1.222669,0.7945991,-0.3582904,0.3706081,1.297504,True,0,1,20
6/25/2025 12:06:15 PM,1750845975062,Right,-0.2171558,0.6860604,0.6222571,-0.3803172,0.6838399,0.9724767,-0.219257,0.6717252,0.6235402,-0.2808267,0.5573127,0.882556,-0.1436176,1.244285,0.7946415,-0.4008546,0.4213338,1.297652,True,0,1,20
6/25/2025 12:06:15 PM,1750845975077,Right,-0.217199,0.6927022,0.621135,-0.3972728,0.6985427,0.9738894,-0.2216353,0.6795806,0.6224067,-0.2931129,0.5690625,0.8887353,-0.1532154,1.254874,0.7934995,-0.4244376,0.4463599,1.296632,True,0,1,20
6/25/2025 12:06:15 PM,1750845975104,Right,-0.218514,0.7051055,0.6207815,-0.432444,0.7279146,0.9751267,-0.2270018,0.6947509,0.62018,-0.3213859,0.5938752,0.9002033,-0.1732744,1.276081,0.7890086,-0.4760877,0.4982155,1.290576,True,0,1,20
6/25/2025 12:06:15 PM,1750845975118,Right,-0.2202375,0.7121826,0.6222357,-0.4505649,0.742636,0.9746218,-0.2306853,0.702405,0.6206598,-0.337022,0.6071271,0.9042277,-0.183609,1.286426,0.7857623,-0.5040714,0.5230509,1.286387,True,0,1,20
6/25/2025 12:06:15 PM,1750845975131,Right,-0.2228816,0.7197937,0.6238643,-0.4703346,0.7579588,0.9720428,-0.2352402,0.7108281,0.6210818,-0.3546369,0.6213849,0.9066464,-0.1936125,1.296691,0.7814758,-0.5350091,0.5482917,1.279732,True,0,1,20
6/25/2025 12:06:15 PM,1750845975160,Right,-0.2321489,0.7372872,0.6281692,-0.511117,0.7892893,0.9657629,-0.2467284,0.7292008,0.6219818,-0.3944087,0.6515884,0.9081235,-0.2131827,1.31736,0.7719893,-0.6020156,0.5988791,1.259859,True,0,1,20
6/25/2025 12:06:15 PM,1750845975173,Right,-0.2379731,0.7468808,0.6307397,-0.533371,0.8057072,0.9605811,-0.2528352,0.7386883,0.6222304,-0.4142382,0.6664318,0.9084938,-0.2227194,1.327698,0.7663622,-0.6328874,0.6229063,1.248533,True,0,1,20
6/25/2025 12:06:15 PM,1750845975202,Right,-0.2503662,0.766548,0.6363356,-0.5789135,0.8379102,0.9472842,-0.2683667,0.760206,0.6234154,-0.4534007,0.6945774,0.9056199,-0.2414056,1.348069,0.7525432,-0.6911222,0.6621313,1.22488,True,0,1,20
6/25/2025 12:06:15 PM,1750845975215,Right,-0.2565171,0.7763345,0.638989,-0.6024225,0.8533391,0.9379706,-0.2751735,0.7701331,0.6234772,-0.4730933,0.7080441,0.903154,-0.2501206,1.358167,0.7445073,-0.7198573,0.6813723,1.2104,True,0,1,20
6/25/2025 12:06:15 PM,1750845975243,Right,-0.2706589,0.7971869,0.6437476,-0.6491573,0.883701,0.9132781,-0.2896421,0.7907196,0.6230014,-0.5123862,0.7341493,0.8936126,-0.2663193,1.379238,0.7280782,-0.7772942,0.7157996,1.176791,True,0,1,20
6/25/2025 12:06:15 PM,1750845975257,Right,-0.278495,0.8081939,0.645505,-0.671905,0.8986306,0.8981447,-0.2972235,0.8010514,0.6220368,-0.5313026,0.7464525,0.8862112,-0.2743574,1.389788,0.7186366,-0.8052771,0.7307513,1.157798,True,0,1,20
6/25/2025 12:06:15 PM,1750845975284,Right,-0.2951707,0.8316491,0.64683,-0.7161489,0.9292404,0.8641071,-0.3142777,0.8244169,0.6179114,-0.5742733,0.7744377,0.8659128,-0.2895632,1.410109,0.6984605,-0.8666948,0.7649041,1.10923,True,0,1,20
6/25/2025 12:06:15 PM,1750845975298,Right,-0.3033445,0.8437017,0.6467463,-0.737529,0.9447482,0.845248,-0.3221579,0.8356246,0.615093,-0.5950088,0.7881169,0.8548597,-0.2965994,1.419852,0.6874471,-0.8948345,0.7818266,1.083332,True,0,1,20
6/25/2025 12:06:15 PM,1750845975312,Right,-0.3114808,0.8559616,0.6466898,-0.758441,0.9603771,0.8248701,-0.3298336,0.8468039,0.6122844,-0.6164359,0.8019893,0.8414478,-0.3033164,1.429351,0.6758722,-0.92436,0.7988892,1.053127,True,0,1,20
6/25/2025 12:06:15 PM,1750845975340,Right,-0.3272934,0.8797134,0.6451499,-0.7987359,0.9903648,0.7805524,-0.3449775,0.868628,0.604984,-0.657429,0.8284934,0.8123082,-0.3162848,1.447404,0.6516697,-0.9773848,0.8308587,0.9906452,True,0,1,20
6/25/2025 12:06:15 PM,1750845975354,Right,-0.3350987,0.8912125,0.6424721,-0.8165481,1.004273,0.7545471,-0.3524018,0.8791116,0.6001184,-0.6777185,0.8412118,0.7943752,-0.3224564,1.455622,0.6390692,-1.002944,0.8459876,0.9547986,True,0,1,20
6/25/2025 12:06:15 PM,1750845975381,Right,-0.3510723,0.9144689,0.6359606,-0.8490088,1.030832,0.7020755,-0.3672671,0.8996953,0.5885584,-0.7162985,0.86481,0.7513528,-0.3339298,1.471466,0.6137213,-1.051443,0.8720979,0.8735887,True,0,1,20
6/25/2025 12:06:15 PM,1750845975396,Right,-0.3593326,0.9262127,0.6308645,-0.8633239,1.04371,0.6743399,-0.3735374,0.9081202,0.5828442,-0.7325326,0.8745858,0.7316232,-0.3391356,1.478223,0.6004738,-1.069857,0.882957,0.8370206,True,0,1,20
6/25/2025 12:06:15 PM,1750845975423,Right,-0.3753825,0.948653,0.6180942,-0.8889513,1.068273,0.6175896,-0.3880508,0.9270001,0.5671504,-0.7644883,0.895646,0.6860573,-0.3490877,1.490245,0.5747373,-1.104452,0.9050629,0.7579081,True,0,1,20
6/25/2025 12:06:15 PM,1750845975437,Right,-0.383224,0.9593434,0.610768,-0.899848,1.078999,0.5883859,-0.3955044,0.9361651,0.5576788,-0.7785094,0.9044971,0.6614624,-0.3535976,1.495114,0.5617476,-1.119345,0.9130675,0.7177456,True,0,1,20
6/25/2025 12:06:15 PM,1750845975465,Right,-0.39868,0.9787567,0.5932747,-0.9181755,1.09635,0.5284432,-0.4099564,0.9524606,0.5377622,-0.8050314,0.9196494,0.6103811,-0.3619657,1.502046,0.5358411,-1.144698,0.926096,0.6355336,True,0,1,20
6/25/2025 12:06:15 PM,1750845975479,Right,-0.4064313,0.9879425,0.5837489,-0.9257913,1.102728,0.4985716,-0.4165615,0.958817,0.5270335,-0.8147095,0.9230566,0.585493,-0.3655908,1.504118,0.5231428,-1.154196,0.9258958,0.5971165,True,0,1,20
6/25/2025 12:06:15 PM,1750845975493,Right,-0.4141386,0.9964995,0.5722549,-0.9313924,1.106856,0.4690095,-0.4234379,0.9654149,0.5158988,-0.8246266,0.9267863,0.5602208,-0.3692112,1.505807,0.511247,-1.162861,0.9258441,0.5581738,True,0,1,20
6/25/2025 12:06:15 PM,1750845975520,Right,-0.4295824,1.013219,0.5480678,-0.9410286,1.114021,0.411955,-0.4362485,0.9762942,0.4923505,-0.8374343,0.9271392,0.5137702,-0.3754815,1.506925,0.4889083,-1.175277,0.9135998,0.4899094,True,0,1,20
6/25/2025 12:06:15 PM,1750845975534,Right,-0.4371874,1.020912,0.5347011,-0.9439268,1.115697,0.3846291,-0.4429957,0.9813362,0.4792531,-0.842351,0.9256099,0.4912901,-0.3784184,1.506333,0.478799,-1.180354,0.9041097,0.458296,True,0,1,20
6/25/2025 12:06:15 PM,1750845975562,Right,-0.4506549,1.033533,0.5052657,-0.9473672,1.115831,0.3341532,-0.4542941,0.9882492,0.4524952,-0.8468977,0.9180796,0.4524675,-0.3836657,1.503479,0.4604766,-1.1863,0.8779281,0.4067011,True,0,1,20
6/25/2025 12:06:15 PM,1750845975576,Right,-0.4563214,1.038001,0.4893658,-0.9469438,1.113948,0.3113633,-0.4591675,0.9904585,0.4381914,-0.8470212,0.9128243,0.4351475,-0.3857841,1.501373,0.4520377,-1.187816,0.8623608,0.3856257,True,0,1,20
6/25/2025 12:06:15 PM,1750845975604,Right,-0.4657066,1.042905,0.4578195,-0.9422283,1.107004,0.2735225,-0.4672426,0.991901,0.4102182,-0.8427393,0.9016769,0.4075521,-0.3899287,1.496387,0.4347839,-1.189034,0.8299786,0.356379,True,0,1,20
6/25/2025 12:06:15 PM,1750845975617,Right,-0.4689956,1.044405,0.4422952,-0.9397087,1.103834,0.2571402,-0.470428,0.9924598,0.3966343,-0.8404118,0.8953048,0.395193,-0.3916562,1.494283,0.4265279,-1.187997,0.812251,0.3444824,True,0,1,20
6/25/2025 12:06:15 PM,1750845975632,Right,-0.4714259,1.045116,0.4267536,-0.9359345,1.100457,0.2438012,-0.4723663,0.9919598,0.3830082,-0.834888,0.8895572,0.386454,-0.3932657,1.492448,0.4191413,-1.186154,0.7950936,0.3399891,True,0,1,20
6/25/2025 12:06:15 PM,1750845975659,Right,-0.4737962,1.04387,0.3960197,-0.9266243,1.093579,0.2230613,-0.4749567,0.9902557,0.3564271,-0.8226919,0.8790269,0.3727894,-0.3966162,1.490096,0.4050745,-1.180415,0.7618957,0.3396751,True,0,1,20
6/25/2025 12:06:15 PM,1750845975674,Right,-0.4730011,1.040673,0.3818494,-0.9227414,1.08917,0.2143762,-0.4752378,0.9883832,0.3440508,-0.8169781,0.8734103,0.3682239,-0.3988152,1.489607,0.3986415,-1.176478,0.7467996,0.3439516,True,0,1,20
6/25/2025 12:06:15 PM,1750845975701,Right,-0.4719409,1.035646,0.3567946,-0.9160364,1.078779,0.2022811,-0.4754421,0.9847667,0.3221907,-0.8071522,0.8656525,0.3573092,-0.4032694,1.489154,0.3867452,-1.171019,0.7284527,0.3461868,True,0,1,20
6/25/2025 12:06:15 PM,1750845975714,Right,-0.4711208,1.03422,0.3453013,-0.9130132,1.073987,0.1980354,-0.475347,0.9837359,0.3121929,-0.8017902,0.8624724,0.3531899,-0.4052486,1.489012,0.3809985,-1.167646,0.720227,0.3494084,True,0,1,20
6/25/2025 12:06:15 PM,1750845975743,Right,-0.4685036,1.034219,0.3219756,-0.9074454,1.066858,0.192215,-0.4742609,0.983446,0.2919613,-0.7901998,0.8578429,0.3461279,-0.4087853,1.48866,0.3699996,-1.159185,0.7069275,0.3591632,True,0,1,20
6/25/2025 12:06:15 PM,1750845975756,Right,-0.466903,1.035551,0.3114388,-0.905163,1.064733,0.1908262,-0.4733288,0.9844471,0.2829903,-0.7845237,0.8572914,0.3442361,-0.4106731,1.488802,0.3650033,-1.15467,0.7035502,0.3664874,True,0,1,20
6/25/2025 12:06:15 PM,1750845975784,Right,-0.4658273,1.038654,0.2947694,-0.9023807,1.064835,0.1880943,-0.4736142,0.986752,0.267597,-0.7773807,0.8585461,0.339634,-0.4154739,1.489821,0.3552201,-1.150333,0.7034878,0.376747,True,0,1,20
6/25/2025 12:06:15 PM,1750845975798,Right,-0.4667324,1.039329,0.2891721,-0.9021573,1.066384,0.1861322,-0.4747517,0.9875352,0.2615741,-0.7761106,0.8596652,0.3367735,-0.4180738,1.490425,0.350464,-1.150728,0.7056974,0.3787205,True,0,1,20
6/25/2025 12:06:15 PM,1750845975812,Right,-0.4678485,1.039531,0.2840497,-0.9022796,1.067749,0.1834012,-0.4764626,0.9878885,0.2577263,-0.7770874,0.8611506,0.3343367,-0.4204035,1.491213,0.3461339,-1.153575,0.7104522,0.3787525,True,0,1,20
6/25/2025 12:06:15 PM,1750845975840,Right,-0.4691551,1.040449,0.2756534,-0.9038146,1.071082,0.1782752,-0.4784318,0.9890348,0.2492457,-0.778217,0.8626605,0.3276075,-0.4242135,1.492937,0.3385524,-1.155775,0.7142208,0.3748791,True,0,1,20
6/25/2025 12:06:15 PM,1750845975854,Right,-0.4692048,1.041201,0.2712429,-0.9044623,1.072289,0.1756761,-0.4789004,0.9899492,0.2453474,-0.7791092,0.8637275,0.3240163,-0.4260652,1.493975,0.3350306,-1.156802,0.716844,0.3716926,True,0,1,20
6/25/2025 12:06:15 PM,1750845975882,Right,-0.4694213,1.041998,0.2664659,-0.9065459,1.074626,0.1700908,-0.4801331,0.9914441,0.2404116,-0.7824525,0.8664397,0.3196685,-0.4303466,1.496766,0.3296183,-1.159518,0.7222658,0.3672132,True,0,1,20
6/25/2025 12:06:15 PM,1750845975895,Right,-0.4697987,1.042476,0.2649225,-0.9075942,1.075763,0.166793,-0.4808937,0.9921801,0.2383271,-0.7845259,0.8681989,0.3170307,-0.4324436,1.498175,0.3272103,-1.161539,0.7254,0.3634313,True,0,1,20
6/25/2025 12:06:15 PM,1750845975923,Right,-0.4706479,1.044667,0.2624931,-0.9101663,1.078369,0.1607738,-0.4824695,0.9945508,0.2355145,-0.7895434,0.8718785,0.31105,-0.4360211,1.500863,0.3227355,-1.165924,0.7312334,0.3523645,True,0,1,20
6/25/2025 12:06:15 PM,1750845975937,Right,-0.4708257,1.045818,0.2612454,-0.9114208,1.079306,0.157649,-0.4830937,0.9958694,0.2342508,-0.7920299,0.8732792,0.3076851,-0.4379761,1.502316,0.3206367,-1.168062,0.7342595,0.3459595,True,0,1,20
6/25/2025 12:06:15 PM,1750845975964,Right,-0.4720054,1.046299,0.2627276,-0.9143388,1.079701,0.1511866,-0.4850752,0.9972147,0.2344729,-0.7980632,0.8743026,0.3024079,-0.4423627,1.505265,0.3170784,-1.17232,0.7361562,0.3326728,True,0,1,20
6/25/2025 12:06:15 PM,1750845975979,Right,-0.473114,1.046303,0.2646118,-0.91659,1.079309,0.1482898,-0.4863236,0.997741,0.2348929,-0.8015016,0.8746839,0.299443,-0.4448061,1.506664,0.3155138,-1.174724,0.7368021,0.3249808,True,0,1,20
6/25/2025 12:06:15 PM,1750845975992,Right,-0.4747853,1.046902,0.2662892,-0.9188359,1.079276,0.1451685,-0.4880753,0.9984972,0.2360626,-0.8055123,0.8748013,0.2966923,-0.4473047,1.508115,0.314065,-1.177258,0.7365863,0.3168706,True,0,1,20
6/25/2025 12:06:16 PM,1750845976020,Right,-0.479615,1.048773,0.2704678,-0.9234195,1.080259,0.1368514,-0.4933137,1.000707,0.2388422,-0.8143268,0.8754677,0.290391,-0.4524881,1.51065,0.3113352,-1.183251,0.7352497,0.2989963,True,0,1,20
6/25/2025 12:06:16 PM,1750845976035,Right,-0.4822966,1.04994,0.2730612,-0.9263282,1.080401,0.1322924,-0.4958634,1.001834,0.2403075,-0.8190808,0.8756838,0.2867135,-0.4552846,1.511818,0.3102334,-1.185955,0.7344113,0.2888812,True,0,1,20
6/25/2025 12:06:16 PM,1750845976062,Right,-0.4893391,1.052809,0.2785182,-0.9323642,1.079146,0.1251905,-0.5028315,1.004482,0.2440119,-0.8281711,0.8747197,0.2805198,-0.4614816,1.513961,0.3079098,-1.190446,0.7277951,0.2710466,True,0,1,20
6/25/2025 12:06:16 PM,1750845976076,Right,-0.4934112,1.054157,0.2814797,-0.9349928,1.077841,0.1228089,-0.5066383,1.005765,0.2458046,-0.831882,0.8738563,0.2784458,-0.4650352,1.515141,0.3065648,-1.192047,0.7229988,0.2647412,True,0,1,20
6/25/2025 12:06:16 PM,1750845976104,Right,-0.5012504,1.05649,0.287465,-0.9401402,1.075145,0.1193398,-0.5145328,1.008022,0.249589,-0.8388655,0.8716947,0.275466,-0.4724581,1.517219,0.3033305,-1.194562,0.7119958,0.2548931,True,0,1,20
6/25/2025 12:06:16 PM,1750845976117,Right,-0.5054967,1.057557,0.2904215,-0.9431126,1.07377,0.1179974,-0.5187255,1.009002,0.251274,-0.84266,0.8706657,0.2739205,-0.4765204,1.51801,0.3012034,-1.196057,0.7068089,0.2502897,False,0,1,20
6/25/2025 12:06:16 PM,1750845976132,Right,-0.5097547,1.05865,0.2927854,-0.9460874,1.072316,0.1165617,-0.5194048,1.012771,0.2557233,-0.8666325,0.8679008,0.2761691,-0.4807063,1.518669,0.2987921,-1.198464,0.7145823,0.2478694,False,0,1,20
6/25/2025 12:06:16 PM,1750845976159,Right,-0.5183583,1.05986,0.2962673,-0.9514537,1.069216,0.1139655,-0.5289956,1.018156,0.2622531,-0.8782493,0.8793592,0.2735993,-0.4896225,1.520054,0.2935659,-1.211816,0.7296628,0.2372082,False,0,1,20
6/25/2025 12:06:16 PM,1750845976173,Right,-0.5228641,1.060016,0.2979747,-0.9544311,1.067021,0.1134263,-0.5335519,1.018496,0.2629979,-0.8836468,0.8827485,0.2688942,-0.4943811,1.520824,0.2904601,-1.218033,0.7350754,0.2275286,False,0,1,20
6/25/2025 12:06:16 PM,1750845976200,Right,-0.5333514,1.05966,0.3015246,-0.9605913,1.06246,0.1134202,-0.5439764,1.01872,0.2644748,-0.8942006,0.8892694,0.2568813,-0.5050311,1.522407,0.2837147,-1.230519,0.7448664,0.2031259,False,0,1,20
6/25/2025 12:06:16 PM,1750845976215,Right,-0.5392103,1.059772,0.3029293,-0.9633086,1.060665,0.1132588,-0.5498936,1.019103,0.2649398,-0.8988952,0.8921011,0.2497516,-0.51079,1.523428,0.2802961,-1.236071,0.7480186,0.1889566,False,0,1,20
6/25/2025 12:06:16 PM,1750845976243,Right,-0.5518432,1.061037,0.3034828,-0.9692042,1.056314,0.1126486,-0.5623323,1.020462,0.2637587,-0.9045781,0.8912625,0.2325905,-0.5223875,1.525,0.2721684,-1.240333,0.7393683,0.1569769,False,0,1,20
6/25/2025 12:06:16 PM,1750845976257,Right,-0.5580621,1.061472,0.3029958,-0.9722753,1.054581,0.1118528,-0.5684732,1.020996,0.2624372,-0.9074172,0.8889484,0.232439,-0.5281956,1.525761,0.267572,-1.24305,0.7306172,0.1588688,False,0,1,20
6/25/2025 12:06:16 PM,1750845976271,Right,-0.5640168,1.06136,0.3009005,-0.9753368,1.05371,0.1103261,-0.574423,1.02127,0.2600384,-0.9103256,0.8872396,0.2318187,-0.5340104,1.526801,0.2624108,-1.246289,0.7230819,0.1611455,False,0,1,20
6/25/2025 12:06:16 PM,1750845976298,Right,-0.5739548,1.06069,0.2965163,-0.9814179,1.053641,0.1059748,-0.5846011,1.021256,0.2543567,-0.9173257,0.8867126,0.227584,-0.5452642,1.528451,0.2530878,-1.254703,0.7178396,0.1594799,False,0,1,20
6/25/2025 12:06:16 PM,1750845976312,Right,-0.5785625,1.060468,0.2926784,-0.9847472,1.054743,0.1028969,-0.5890732,1.021324,0.2509294,-0.920626,0.8870572,0.2246035,-0.5506027,1.529149,0.2489713,-1.259202,0.717805,0.156568,False,0,1,20
6/25/2025 12:06:16 PM,1750845976339,Right,-0.5884247,1.061142,0.2865558,-0.9911525,1.056337,0.09756005,-0.5994595,1.02224,0.243966,-0.9280854,0.8876834,0.2199616,-0.5617452,1.530745,0.2410382,-1.269223,0.7167813,0.1533446,False,0,1,20
6/25/2025 12:06:16 PM,1750845976353,Right,-0.5931337,1.061854,0.2837734,-0.9939537,1.057014,0.09547794,-0.6044403,1.022864,0.2411167,-0.9312288,0.887628,0.2187098,-0.5674284,1.531371,0.237412,-1.273589,0.7152694,0.1532215,False,0,1,20
6/25/2025 12:06:16 PM,1750845976381,Right,-0.6025276,1.063205,0.2794808,-0.9982376,1.05649,0.09380305,-0.6142219,1.024099,0.2357819,-0.935266,0.8866935,0.2176214,-0.5788994,1.532037,0.2284131,-1.280998,0.7094059,0.1552931,False,0,1,20
6/25/2025 12:06:16 PM,1750845976395,Right,-0.6069472,1.063367,0.2778848,-0.9988461,1.054837,0.09561944,-0.6189957,1.024322,0.2335948,-0.9360905,0.8858435,0.2180502,-0.5845194,1.531977,0.2245336,-1.284246,0.7052621,0.1578121,False,0,1,20
6/25/2025 12:06:16 PM,1750845976423,Right,-0.6141298,1.06109,0.2760928,-0.9998031,1.050876,0.1022829,-0.626701,1.022521,0.2310187,-0.9346367,0.8821547,0.2226461,-0.5950639,1.531733,0.2180921,-1.288813,0.6941013,0.1689833,False,0,1,20
6/25/2025 12:06:16 PM,1750845976437,Right,-0.6186395,1.058277,0.2783864,-0.9996889,1.049455,0.1049459,-0.6309275,1.020885,0.2320486,-0.9345069,0.8792292,0.2275258,-0.5997646,1.531357,0.2153288,-1.291131,0.6872966,0.177735,False,0,1,20
6/25/2025 12:06:16 PM,1750845976465,Right,-0.621268,1.049113,0.2783477,-0.997643,1.046484,0.1066483,-0.6355066,1.014158,0.2311569,-0.9330742,0.8701416,0.2369686,-0.608928,1.530824,0.2102169,-1.29333,0.6731261,0.1985202,False,0,1,20
6/25/2025 12:06:16 PM,1750845976479,Right,-0.6207709,1.043823,0.2784762,-0.995851,1.04286,0.1073252,-0.6360999,1.010386,0.2307815,-0.9327825,0.8667978,0.2365759,-0.6137414,1.530522,0.2078605,-1.294658,0.6708425,0.1974389,False,0,1,20
6/25/2025 12:06:16 PM,1750845976493,Right,-0.6199811,1.038418,0.2787454,-0.9940791,1.038109,0.1080339,-0.6360466,1.006181,0.2306554,-0.9321501,0.8629948,0.2369121,-0.618387,1.530169,0.2056646,-1.295521,0.6683803,0.1977224,False,0,1,20
6/25/2025 12:06:16 PM,1750845976520,Right,-0.6163073,1.025435,0.2810383,-0.9888844,1.024132,0.1095351,-0.6347774,0.9970151,0.231831,-0.9299569,0.8538921,0.238997,-0.6264727,1.52905,0.2025927,-1.295666,0.6619056,0.1997764,False,0,1,20
6/25/2025 12:06:16 PM,1750845976535,Right,-0.6127973,1.017074,0.2834187,-0.9843779,1.01593,0.1108299,-0.6331359,0.9915363,0.2332102,-0.92768,0.8482134,0.2402968,-0.6299348,1.528416,0.2014884,-1.294437,0.6573044,0.2004962,False,0,1,20
6/25/2025 12:06:16 PM,1750845976562,Right,-0.6032057,1.000148,0.2888267,-0.9737072,1.005388,0.1125318,-0.6268151,0.9788637,0.237152,-0.9218419,0.8356868,0.2438885,-0.6369958,1.527609,0.1987208,-1.290427,0.6494103,0.202806,False,0,1,20
6/25/2025 12:06:16 PM,1750845976576,Right,-0.5966604,0.9914346,0.2916093,-0.9680028,1.00111,0.1116368,-0.6222581,0.9726261,0.2392028,-0.9192978,0.8294162,0.2452022,-0.6402619,1.527232,0.1975994,-1.287784,0.6472752,0.2028352,False,0,1,20
6/25/2025 12:06:16 PM,1750845976604,Right,-0.5815995,0.9744959,0.2973551,-0.9592388,0.9907995,0.1071415,-0.611096,0.9604952,0.243713,-0.9170843,0.8157344,0.2473018,-0.6462309,1.526436,0.1968797,-1.280846,0.6446487,0.2015692,False,0,1,20
6/25/2025 12:06:16 PM,1750845976617,Right,-0.5720766,0.9663438,0.3006707,-0.9561322,0.9845842,0.1045668,-0.6040368,0.9547464,0.2463984,-0.9168442,0.8085525,0.24823,-0.6486142,1.526165,0.197189,-1.276081,0.6443534,0.2004367,False,0,1,20
6/25/2025 12:06:16 PM,1750845976631,Right,-0.5620699,0.9590091,0.3038703,-0.9526815,0.9785598,0.102648,-0.5969577,0.9492511,0.249012,-0.9159617,0.8024838,0.2484618,-0.6505671,1.525985,0.1977055,-1.271641,0.645406,0.1982092,False,0,1,20
6/25/2025 12:06:16 PM,1750845976659,Right,-0.5418677,0.9455426,0.3096547,-0.9427967,0.9699227,0.1019591,-0.5814405,0.93975,0.2539936,-0.9121359,0.7938745,0.2471996,-0.6542943,1.526197,0.1988958,-1.262049,0.6517412,0.1913608,False,0,1,20
6/25/2025 12:06:16 PM,1750845976673,Right,-0.5309677,0.9398331,0.3125167,-0.937814,0.9676206,0.102389,-0.5732213,0.9363378,0.2561971,-0.9102948,0.791345,0.2459481,-0.6562495,1.526294,0.199273,-1.256835,0.6569786,0.1874122,False,0,1,20
6/25/2025 12:06:16 PM,1750845976700,Right,-0.5083663,0.9306575,0.3180561,-0.9305615,0.9653949,0.1035782,-0.555131,0.9297752,0.2610132,-0.9071671,0.7883182,0.2422381,-0.6594994,1.52677,0.2004001,-1.245547,0.6718684,0.1778904,False,0,1,20
6/25/2025 12:06:16 PM,1750845976714,Right,-0.4965518,0.926917,0.32026,-0.9280698,0.9646168,0.1039222,-0.5457159,0.9271845,0.262966,-0.9063532,0.7877876,0.2396159,-0.6604505,1.527016,0.2011591,-1.239334,0.6805431,0.172623,False,0,1,20
6/25/2025 12:06:16 PM,1750845976742,Right,-0.4726824,0.9212546,0.3239815,-0.926281,0.9649062,0.1062721,-0.5272046,0.9231986,0.2664634,-0.9070849,0.790677,0.2319614,-0.6615233,1.527667,0.2035438,-1.227574,0.7038726,0.1593198,False,0,1,20
6/25/2025 12:06:16 PM,1750845976756,Right,-0.4608998,0.9200847,0.3253386,-0.9257321,0.9655145,0.1082696,-0.5175776,0.922285,0.2678808,-0.9070973,0.794204,0.2275184,-0.6614978,1.528122,0.2046795,-1.220973,0.7173836,0.1523341,False,0,1,20
6/25/2025 12:06:16 PM,1750845976785,Right,-0.4384421,0.9167485,0.3277771,-0.9252384,0.9660851,0.1135474,-0.4993128,0.9207207,0.2701108,-0.907289,0.8055201,0.216486,-0.6608675,1.529266,0.20684,-1.20838,0.7494125,0.1360299,False,0,1,20
6/25/2025 12:06:16 PM,1750845976798,Right,-0.4272527,0.9158944,0.3282591,-0.9254677,0.9660208,0.1175274,-0.4902832,0.9201033,0.2710296,-0.9071219,0.812913,0.2103706,-0.6600988,1.529988,0.2083621,-1.201705,0.7672056,0.1274944,False,0,1,20
6/25/2025 12:06:16 PM,1750845976812,Right,-0.4161229,0.9148877,0.3288101,-0.9253373,0.965578,0.1217072,-0.4811111,0.9199048,0.2715575,-0.9064231,0.8222599,0.2035726,-0.6591423,1.530818,0.2099168,-1.19459,0.7872698,0.1184038,False,0,1,20
6/25/2025 12:06:16 PM,1750845976839,Right,-0.3939539,0.9132242,0.328263,-0.9237061,0.9650128,0.1331774,-0.4628049,0.9192185,0.2717922,-0.9025056,0.8439445,0.1900676,-0.6562872,1.532413,0.2132784,-1.179093,0.8298952,0.1013438,False,0,1,20
6/25/2025 12:06:16 PM,1750845976854,Right,-0.3830798,0.911992,0.327256,-0.9218385,0.9650843,0.1404579,-0.4537275,0.9186279,0.2713415,-0.8991427,0.8567094,0.1837383,-0.6543968,1.533319,0.2150531,-1.170906,0.8532945,0.09389496,False,0,1,20
6/25/2025 12:06:16 PM,1750845976881,Right,-0.3620534,0.9095281,0.3247998,-0.9174752,0.9657534,0.155985,-0.435877,0.9173805,0.2702988,-0.8914207,0.8871595,0.1740459,-0.6491663,1.534881,0.2196782,-1.153735,0.9062712,0.08413464,False,0,1,20
6/25/2025 12:06:16 PM,1750845976896,Right,-0.352406,0.908502,0.323209,-0.9146807,0.9662269,0.1651899,-0.4273782,0.916859,0.2696493,-0.8868834,0.9038711,0.1724104,-0.6457586,1.535591,0.2225968,-1.145275,0.934036,0.08409679,False,0,1,20
6/25/2025 12:06:16 PM,1750845976923,Right,-0.333774,0.9054285,0.3204376,-0.9082413,0.9661949,0.1839014,-0.4109792,0.9151518,0.2685603,-0.877426,0.9380866,0.1825158,-0.6377521,1.536989,0.2283654,-1.130151,0.98884,0.1028432,False,0,1,20
6/25/2025 12:06:16 PM,1750845976937,Right,-0.3248179,0.9038115,0.318714,-0.9032898,0.9659225,0.1943885,-0.4028616,0.9141367,0.2677634,-0.8717929,0.9406683,0.1907969,-0.6331146,1.537436,0.2313305,-1.124582,0.9931799,0.1161991,False,0,1,20
6/25/2025 12:06:16 PM,1750845976964,Right,-0.3079175,0.9014359,0.3145487,-0.8891749,0.9661645,0.2168888,-0.3872506,0.9127675,0.2656701,-0.8577428,0.9400106,0.2117162,-0.6226614,1.538415,0.237525,-1.115323,0.9928572,0.1490644,False,0,1,20
6/25/2025 12:06:16 PM,1750845976979,Right,-0.3007703,0.9004045,0.3119769,-0.8807631,0.9668236,0.2291499,-0.3801388,0.912194,0.2642323,-0.8497725,0.9386531,0.2228024,-0.6166131,1.539055,0.2400693,-1.111123,0.9912037,0.1666647,False,0,1,20
6/25/2025 12:06:16 PM,1750845976993,Right,-0.2935967,0.899648,0.3093996,-0.8734403,0.9675604,0.2407438,-0.3730702,0.9118128,0.2626966,-0.8422514,0.938018,0.2348907,-0.6101816,1.539621,0.2426757,-1.106588,0.9904441,0.1860888,False,0,1,20
6/25/2025 12:06:17 PM,1750845977021,Right,-0.2813857,0.8996112,0.3027788,-0.8575044,0.9694682,0.2649587,-0.3606502,0.9121642,0.2582338,-0.8253391,0.9351221,0.2581494,-0.5957866,1.540662,0.2474234,-1.097909,0.9858025,0.2246557,False,0,1,20
6/25/2025 12:06:17 PM,1750845977034,Right,-0.2765849,0.9001691,0.2987434,-0.8477085,0.9703062,0.2778039,-0.3551091,0.9128194,0.2554728,-0.8151033,0.9325847,0.2696214,-0.5872841,1.541544,0.2497603,-1.093521,0.9816005,0.244608,False,0,1,20
6/25/2025 12:06:17 PM,1750845977062,Right,-0.2677008,0.9008944,0.2900984,-0.8244402,0.9715809,0.3035506,-0.3445099,0.9138014,0.2494598,-0.7912264,0.925809,0.2940412,-0.5698247,1.543125,0.2542751,-1.082959,0.9704616,0.2892346,False,0,1,20
6/25/2025 12:06:17 PM,1750845977076,Right,-0.2634037,0.9013941,0.2847526,-0.8103068,0.9728992,0.3162715,-0.339317,0.9143648,0.2457747,-0.7779557,0.922525,0.3045821,-0.5614591,1.544085,0.2559065,-1.076442,0.9648827,0.3105378,False,0,1,20
6/25/2025 12:06:17 PM,1750845977104,Right,-0.2556734,0.9022548,0.2726222,-0.7813964,0.9779367,0.3415784,-0.3297458,0.9155685,0.2364138,-0.7485871,0.9163915,0.326782,-0.5441134,1.545841,0.2589494,-1.06014,0.9539169,0.3595159,False,0,1,20
6/25/2025 12:06:17 PM,1750845977118,Right,-0.2519207,0.9023969,0.2666563,-0.7676175,0.9810419,0.3545394,-0.3249741,0.9159573,0.2318505,-0.7348551,0.9144378,0.337209,-0.5352662,1.546806,0.2599968,-1.050195,0.950216,0.383447,False,0,1,20
6/25/2025 12:06:17 PM,1750845977132,Right,-0.2485783,0.9025442,0.2603836,-0.7534771,0.9846503,0.3677113,-0.3204292,0.9162147,0.2270484,-0.7204998,0.9128884,0.3485798,-0.5259111,1.54732,0.2610773,-1.03855,0.9472154,0.4099199,False,0,1,20
6/25/2025 12:06:17 PM,1750845977159,Right,-0.243103,0.9043414,0.2472085,-0.7226284,0.9917457,0.3932149,-0.3123027,0.9176423,0.2168362,-0.689568,0.9112619,0.3695692,-0.5071795,1.547885,0.2627164,-1.011376,0.9428403,0.4633349,False,0,1,20
6/25/2025 12:06:17 PM,1750845977173,Right,-0.2404834,0.9053902,0.2410183,-0.704921,0.9952379,0.4053556,-0.3082107,0.9183407,0.2120427,-0.6721755,0.9103296,0.3795052,-0.497679,1.54779,0.2633532,-0.9951768,0.9402758,0.4907838,False,0,1,20
6/25/2025 12:06:17 PM,1750845977201,Right,-0.2346661,0.9072013,0.2289112,-0.6651545,1.002412,0.427596,-0.2998459,0.9193677,0.202356,-0.6334429,0.9077917,0.3990272,-0.4786459,1.54685,0.2633262,-0.9552827,0.9338151,0.5491902,False,0,1,20
6/25/2025 12:06:17 PM,1750845977215,Right,-0.2312499,0.9080169,0.2225031,-0.6442227,1.006102,0.4377564,-0.295234,0.9196899,0.1971954,-0.6130676,0.9065889,0.4064104,-0.4689353,1.546149,0.262984,-0.9328049,0.9307193,0.5759853,False,0,1,20
6/25/2025 12:06:17 PM,1750845977243,Right,-0.2243788,0.9106063,0.2099113,-0.5996444,1.014127,0.4548386,-0.2857468,0.9209026,0.1865346,-0.5689027,0.9048515,0.4209366,-0.4492966,1.544134,0.260397,-0.8783875,0.9248694,0.6324733,False,0,1,20
6/25/2025 12:06:17 PM,1750845977257,Right,-0.2209725,0.9129083,0.2041314,-0.5774465,1.018168,0.4623189,-0.2809841,0.9218683,0.181482,-0.5467022,0.904367,0.4275195,-0.439131,1.54277,0.2584623,-0.8481376,0.9221707,0.6594329,False,0,1,20
6/25/2025 12:06:17 PM,1750845977285,Right,-0.2130625,0.9181964,0.192251,-0.5322235,1.026367,0.47404,-0.2705651,0.9249237,0.1711306,-0.4982864,0.9039489,0.4379707,-0.4186636,1.539854,0.2540015,-0.7783035,0.9161024,0.7117079,False,0,1,20
6/25/2025 12:06:17 PM,1750845977299,Right,-0.2084296,0.9215935,0.1862483,-0.509364,1.03056,0.4783082,-0.2649401,0.9267348,0.1657421,-0.4731908,0.9040192,0.4423707,-0.4083003,1.538358,0.2509371,-0.738961,0.91321,0.7360239,False,0,1,20
6/25/2025 12:06:17 PM,1750845977312,Right,-0.203498,0.9254563,0.1801836,-0.4867123,1.034972,0.4816999,-0.2589216,0.9289349,0.1602083,-0.4460636,0.9042036,0.4461682,-0.3981023,1.536821,0.2475418,-0.6947427,0.9099172,0.7600402,False,0,1,20
6/25/2025 12:06:17 PM,1750845977340,Right,-0.1918848,0.933924,0.1671944,-0.442911,1.043629,0.4864258,-0.2456215,0.9339722,0.1482951,-0.4028453,0.9068273,0.4447681,-0.3774016,1.533802,0.2392987,-0.6250705,0.9079319,0.7850372,False,0,1,20
6/25/2025 12:06:17 PM,1750845977354,Right,-0.1855211,0.9384924,0.1604213,-0.4219511,1.04767,0.4881048,-0.2382502,0.9368982,0.1418051,-0.385196,0.9089898,0.4416345,-0.367178,1.532577,0.2348083,-0.5973629,0.9086174,0.7901403,False,0,1,20
6/25/2025 12:06:17 PM,1750845977382,Right,-0.1708298,0.9493665,0.14561,-0.3807305,1.055415,0.490137,-0.2224347,0.9439412,0.1278625,-0.3513681,0.9144023,0.4345061,-0.3469466,1.530495,0.2241729,-0.5439919,0.9112284,0.7954184,False,0,1,20
6/25/2025 12:06:17 PM,1750845977396,Right,-0.1634899,0.9543797,0.1378149,-0.3599904,1.059375,0.4904093,-0.2145542,0.9471996,0.1204946,-0.3347293,0.9172226,0.4303222,-0.33707,1.529806,0.2184588,-0.5174202,0.9132633,0.7966756,False,0,1,20
6/25/2025 12:06:17 PM,1750845977424,Right,-0.1477935,0.9645165,0.1204557,-0.3192213,1.066923,0.487079,-0.1984214,0.9537588,0.1042486,-0.3023759,0.923134,0.4202293,-0.3177643,1.528311,0.2051911,-0.4656388,0.9183975,0.7952222,False,0,1,20
6/25/2025 12:06:17 PM,1750845977437,Right,-0.1398571,0.9702131,0.1120145,-0.2992891,1.07052,0.4829075,-0.1902756,0.9574277,0.09592181,-0.2864319,0.9255562,0.4135029,-0.3089976,1.527924,0.1979764,-0.4407955,0.9192837,0.7929763,False,0,1,20
6/25/2025 12:06:17 PM,1750845977465,Right,-0.124001,0.9828595,0.09601784,-0.2601842,1.078266,0.4751114,-0.1740603,0.9660879,0.07990579,-0.2553087,0.9310925,0.3995607,-0.2922739,1.526799,0.1827713,-0.3924833,0.9209639,0.7872638,False,0,1,20
6/25/2025 12:06:17 PM,1750845977479,Right,-0.1163256,0.9890674,0.08836246,-0.2415017,1.081995,0.4715044,-0.166322,0.9704792,0.07225581,-0.2408931,0.9337797,0.3925647,-0.2843858,1.526314,0.1751988,-0.3702736,0.921469,0.7836641,False,0,1,20
6/25/2025 12:06:17 PM,1750845977493,Right,-0.1080502,0.9952332,0.08132434,-0.223913,1.086135,0.4679482,-0.158286,0.9745599,0.06501621,-0.2271597,0.9368871,0.3865484,-0.2773075,1.525529,0.1671532,-0.3497882,0.9231197,0.7797056,False,0,1,20
6/25/2025 12:06:17 PM,1750845977521,Right,-0.08937621,1.007565,0.0678879,-0.1919293,1.095123,0.4629858,-0.1408056,0.9826715,0.05093414,-0.2020234,0.9445875,0.3771551,-0.2647165,1.523697,0.1510206,-0.3142603,0.9308077,0.7701863,False,0,1,20
6/25/2025 12:06:17 PM,1750845977535,Right,-0.08117855,1.01365,0.06021595,-0.1779774,1.099275,0.4622445,-0.1331252,0.9864407,0.04318885,-0.1909356,0.9489307,0.373724,-0.2590609,1.52261,0.1430507,-0.2983691,0.935926,0.7644675,False,0,1,20
