ts_datetime,ts_unix_ms,primary_grab_hand,pt_x,pt_y,pt_z,st_x,st_y,st_z,pv_x,pv_y,pv_z,sv_x,sv_y,sv_z,hmd_x,hmd_y,hmd_z,ee_x,ee_y,ee_z,shovel_loaded_state,cube_max_target_reached,grab_count,collision_or_load_count
6/25/2025 12:12:30 PM,1750846350963,Right,0.03334596,0.09425569,-0.003856978,-0.05951584,0.2285307,0.227857,0.03333815,0.09451896,-0.003660033,-0.05922713,0.2285968,0.2274128,0.08192754,0.6571375,0.1624969,0.04928311,0.07384653,0.7469354,False,0,1,0
6/25/2025 12:12:30 PM,1750846350990,Right,0.03370478,0.07878148,-0.003667409,-0.05655218,0.224686,0.2421108,0.005457037,0.02100129,0.0088121,0.01949771,0.01888887,0.2777238,0.08234978,0.6454566,0.1685103,0.04805144,0.06503491,0.7479649,False,0,1,0
6/25/2025 12:12:31 PM,1750846351004,Right,0.03622264,0.07175821,-0.004544227,-0.05628888,0.2223579,0.2491762,0.005161965,0.02012351,0.009004352,0.01964261,0.01794489,0.2863427,0.08225739,0.6405325,0.1710724,0.04775637,0.06415712,0.7481571,False,0,1,0
6/25/2025 12:12:31 PM,1750846351018,Right,0.0354597,0.06485237,-0.0028805,-0.05866744,0.2191325,0.2551496,0.005031861,0.01940124,0.009179884,0.01979,0.01718087,0.2918328,0.08222842,0.6364383,0.1733798,0.04762626,0.06343485,0.7483327,False,0,1,0
6/25/2025 12:12:31 PM,1750846351046,Right,0.03595031,0.05272932,0.002359486,-0.06488496,0.2120799,0.2657277,0.004834011,0.01800469,0.009365937,0.02001539,0.01572065,0.3001248,0.08228326,0.6282793,0.1786842,0.04712507,0.06206173,0.7485347,False,0,1,0
6/25/2025 12:12:31 PM,1750846351059,Right,0.03782086,0.04954142,0.002532592,-0.06998041,0.2073144,0.2710627,0.006398514,0.01680587,0.01050575,0.02184347,0.01448217,0.3063129,0.0822866,0.6255082,0.1813654,0.04893953,0.06084374,0.7496614,False,0,1,0
6/25/2025 12:12:31 PM,1750846351087,Right,0.04244088,0.04469148,0.00165592,-0.07979812,0.1977015,0.2803566,0.008480988,0.01443365,0.01209637,0.02394773,0.01251029,0.3172985,0.08236766,0.6214249,0.185679,0.05020731,0.05959319,0.7512307,False,0,1,0
6/25/2025 12:12:31 PM,1750846351101,Right,0.0434589,0.04227907,0.0007204493,-0.0842417,0.1935309,0.2844847,0.008432562,0.01491372,0.01229538,0.02415328,0.01295878,0.3225092,0.08218014,0.6200357,0.1878642,0.05015889,0.06007327,0.7514297,False,0,1,0
6/25/2025 12:12:31 PM,1750846351129,Right,0.04442687,0.03964787,-0.002445433,-0.09259292,0.1850436,0.2913865,0.007279257,0.01399271,0.01290133,0.02344693,0.01198219,0.3319348,0.08261538,0.6189137,0.1930801,0.04900558,0.05915226,0.7520357,False,0,1,0
6/25/2025 12:12:31 PM,1750846351142,Right,0.04412052,0.03856564,-0.003261589,-0.09671784,0.1814381,0.2936828,0.007214253,0.01404434,0.01318797,0.02352567,0.01201594,0.3350578,0.08302093,0.6192694,0.1959009,0.04894058,0.05920389,0.7523223,False,0,1,0
6/25/2025 12:12:31 PM,1750846351170,Right,0.04412976,0.0382703,-0.004629076,-0.1046377,0.1736205,0.2981938,0.007819083,0.01454673,0.01382875,0.024369,0.01248868,0.3404049,0.08430374,0.6208035,0.2018294,0.04943923,0.05971526,0.7529685,False,0,1,0
6/25/2025 12:12:31 PM,1750846351184,Right,0.044153,0.03926382,-0.004817716,-0.1075761,0.170419,0.3000252,0.007646223,0.01477782,0.01409579,0.02426036,0.01271178,0.3419391,0.08470428,0.6222227,0.204809,0.04907728,0.05996179,0.7532453,False,0,1,0
6/25/2025 12:12:31 PM,1750846351198,Right,0.04310403,0.04046832,-0.004578953,-0.1094203,0.1676115,0.3019713,0.007061152,0.0152017,0.01453188,0.02369409,0.01313332,0.3427463,0.08528185,0.6241022,0.2073952,0.04849222,0.06038567,0.7536814,False,0,1,0
6/25/2025 12:12:31 PM,1750846351226,Right,0.04176101,0.04257288,-0.004665019,-0.1115384,0.1615813,0.3071704,0.006340954,0.01626212,0.01509266,0.02306729,0.01418213,0.3451501,0.08745158,0.6279892,0.2119738,0.04766606,0.06145442,0.7542476,False,0,1,0
6/25/2025 12:12:31 PM,1750846351240,Right,0.04143606,0.0438224,-0.004346012,-0.1108047,0.1592274,0.3104191,0.006428397,0.01714262,0.01534646,0.02319739,0.01505733,0.3462455,0.08854985,0.6298845,0.2143242,0.0477535,0.06233492,0.7545014,False,0,1,0
6/25/2025 12:12:31 PM,1750846351267,Right,0.04030506,0.04458809,-0.004193455,-0.1080019,0.1560037,0.3164478,0.004891406,0.01881596,0.01594823,0.02176115,0.01671813,0.3488353,0.08915591,0.6340368,0.2199755,0.04609071,0.06401785,0.7551096,False,0,1,0
6/25/2025 12:12:31 PM,1750846351282,Right,0.03955388,0.04436323,-0.005549244,-0.1060021,0.1553638,0.3183076,0.003795981,0.02041991,0.01633748,0.02133166,0.01801209,0.3505954,0.08913302,0.6359525,0.2224244,0.04608434,0.06497236,0.7554767,False,0,1,0
6/25/2025 12:12:31 PM,1750846351309,Right,0.04043793,0.04604134,-0.005842772,-0.1030238,0.1540011,0.3216873,0.001990793,0.02225674,0.01719527,0.02083524,0.01906622,0.3527721,0.08817923,0.6397336,0.2277424,0.04632767,0.06515028,0.7563127,False,0,1,0
6/25/2025 12:12:31 PM,1750846351323,Right,0.04115171,0.04693061,-0.005594361,-0.1020427,0.1527356,0.3237591,0.002672201,0.02322479,0.01739854,0.02156082,0.02002678,0.3537621,0.08805168,0.6412346,0.2306651,0.04700908,0.06611833,0.7565159,False,0,1,0
6/25/2025 12:12:31 PM,1750846351337,Right,0.0419201,0.0482723,-0.005676355,-0.09932056,0.1517899,0.3264988,0.002836109,0.02424574,0.01761702,0.02209879,0.02037559,0.3549397,0.08815253,0.6425038,0.2332215,0.0478766,0.06568675,0.7567747,False,0,1,0
6/25/2025 12:12:31 PM,1750846351365,Right,0.04376082,0.05215012,-0.00606038,-0.09334878,0.1499656,0.3300941,0.004611906,0.02802517,0.01809336,0.02324894,0.02126338,0.3558673,0.08732152,0.6455007,0.2365466,0.04852608,0.0631304,0.7576468,False,0,1,0
6/25/2025 12:12:31 PM,1750846351379,Right,0.04491142,0.05452567,-0.006386564,-0.09024755,0.1484892,0.3318114,0.005681668,0.03009216,0.01822421,0.02432643,0.02332757,0.3561381,0.08670235,0.6468688,0.2380356,0.04959585,0.06519739,0.7577777,False,0,1,0
6/25/2025 12:12:31 PM,1750846351407,Right,0.04655187,0.05993553,-0.006575369,-0.08142255,0.1449345,0.3357432,0.008198575,0.03529456,0.01846103,0.02597119,0.02656476,0.355587,0.08611727,0.6492384,0.2409407,0.05025516,0.06605569,0.7583159,False,0,1,0
6/25/2025 12:12:31 PM,1750846351421,Right,0.04734056,0.06282364,-0.006820173,-0.07607959,0.1422201,0.3374211,0.008690363,0.03767274,0.0185144,0.02570459,0.02706268,0.3547422,0.08594298,0.6504341,0.2421371,0.04915553,0.06424717,0.7586201,False,0,1,0
6/25/2025 12:12:31 PM,1750846351448,Right,0.04928745,0.06839605,-0.007858966,-0.07446223,0.137033,0.3439653,0.01015438,0.04333388,0.01881886,0.02571211,0.02693091,0.3592657,0.08577347,0.6529619,0.2439104,0.0467757,0.05762384,0.7594637,False,0,1,0
6/25/2025 12:12:31 PM,1750846351462,Right,0.05081388,0.07158376,-0.008024225,-0.07181422,0.1359489,0.3473153,0.01122618,0.04638846,0.01910094,0.02641046,0.02816034,0.3613397,0.0859834,0.6540379,0.2450073,0.04679517,0.05692585,0.75986,False,0,1,0
6/25/2025 12:12:31 PM,1750846351490,Right,0.0538505,0.07708047,-0.00834535,-0.06365611,0.1336806,0.355027,0.0129891,0.05297859,0.01993643,0.02732998,0.03001615,0.3661972,0.08632791,0.6566589,0.2469293,0.04607999,0.05388748,0.7608846,False,0,1,0
6/25/2025 12:12:31 PM,1750846351504,Right,0.05375059,0.0794313,-0.00801405,-0.05971059,0.1325813,0.3593576,0.01235717,0.05560559,0.02022805,0.02671335,0.03077243,0.3682478,0.08653653,0.6580256,0.2478185,0.04526589,0.05279956,0.7611796,False,0,1,0
6/25/2025 12:12:31 PM,1750846351518,Right,0.05602802,0.08371015,-0.007203023,-0.05581664,0.1318642,0.3638789,0.01380883,0.05945364,0.02035913,0.02776884,0.03198613,0.3703589,0.08663189,0.6597785,0.2490726,0.04579957,0.05139097,0.7613124,False,0,1,0
6/25/2025 12:12:31 PM,1750846351546,Right,0.06109594,0.09403768,-0.004974682,-0.04888,0.1306135,0.373177,0.01779624,0.07095665,0.02186811,0.03024989,0.03597414,0.3757102,0.0862062,0.6635021,0.2526284,0.04692595,0.04786094,0.7626233,False,0,1,0
6/25/2025 12:12:31 PM,1750846351559,Right,0.0621055,0.1000737,-0.002952583,-0.04455342,0.13006,0.3776607,0.01938442,0.07716497,0.0228533,0.03121616,0.03830766,0.377171,0.08597243,0.6654364,0.2542542,0.04781693,0.04610455,0.7633443,False,0,1,0
6/25/2025 12:12:31 PM,1750846351587,Right,0.06422022,0.1098596,0.0005193342,-0.03615069,0.129103,0.3860281,0.01935663,0.0869825,0.02516892,0.03089721,0.041954,0.3809907,0.08581984,0.6698306,0.2567948,0.04876933,0.04343912,0.7649925,False,0,1,0
6/25/2025 12:12:31 PM,1750846351601,Right,0.06497651,0.1156761,0.004347119,-0.03189095,0.1284059,0.3900904,0.01907349,0.09226787,0.0265249,0.03056978,0.04428927,0.3812167,0.08578312,0.6720928,0.2580613,0.04943047,0.04226681,0.765902,False,0,1,0
6/25/2025 12:12:31 PM,1750846351629,Right,0.06652201,0.1264093,0.0113722,-0.02322024,0.1265347,0.3985781,0.01922373,0.1025568,0.02843729,0.03051599,0.04846338,0.3818439,0.08616674,0.6767414,0.2603785,0.05169636,0.03928956,0.7667075,False,0,1,0
6/25/2025 12:12:31 PM,1750846351642,Right,0.0668269,0.1308984,0.01317441,-0.01822166,0.125528,0.4034505,0.01986027,0.1075712,0.02978068,0.03144799,0.049813,0.3843797,0.0865947,0.6787063,0.2618573,0.05378381,0.03705721,0.7673287,False,0,1,0
6/25/2025 12:12:31 PM,1750846351670,Right,0.06839438,0.1417583,0.0165065,-0.01107243,0.1237293,0.4115723,0.01990931,0.1167858,0.03207136,0.03181028,0.05258743,0.3890722,0.08704126,0.6827924,0.2645955,0.05560981,0.03385662,0.7682428,False,0,1,0
6/25/2025 12:12:31 PM,1750846351684,Right,0.06866782,0.1458438,0.01828718,-0.008024286,0.122756,0.4145132,0.01931502,0.1204226,0.03311022,0.03181747,0.05354808,0.3904171,0.08722508,0.6846141,0.2658863,0.05661628,0.03218271,0.7685845,False,0,1,0
6/25/2025 12:12:31 PM,1750846351698,Right,0.06913111,0.1501566,0.02020597,-0.005285088,0.1217303,0.4173756,0.01866337,0.1239901,0.03431743,0.03177545,0.05462618,0.3919186,0.08779168,0.6863072,0.2668476,0.05732298,0.03089124,0.7691222,False,0,1,0
6/25/2025 12:12:31 PM,1750846351726,Right,0.06846832,0.1573322,0.02241371,0.0004672257,0.1194995,0.4216261,0.01820192,0.131186,0.03658632,0.03176767,0.05686284,0.3946967,0.08879244,0.6897416,0.2685946,0.05751588,0.02855344,0.7700856,False,0,1,0
6/25/2025 12:12:31 PM,1750846351740,Right,0.06884513,0.1629408,0.02315032,0.003686015,0.1179016,0.4238133,0.0185178,0.1352632,0.03766462,0.0318206,0.05793061,0.3966857,0.08925951,0.6915114,0.2697079,0.05676349,0.02720798,0.7704412,False,0,1,0
6/25/2025 12:12:31 PM,1750846351768,Right,0.06955544,0.1760584,0.02705655,0.01110623,0.1157183,0.4260959,0.01809752,0.1436274,0.04017559,0.03143314,0.06073783,0.3974471,0.09117925,0.6947459,0.2711483,0.05577867,0.02413996,0.7712044,False,0,1,0
6/25/2025 12:12:31 PM,1750846351781,Right,0.06964926,0.1797543,0.02998924,0.01490537,0.1148068,0.4268294,0.01757163,0.1488465,0.0418793,0.03092908,0.06286096,0.3966657,0.09202659,0.6961233,0.2716335,0.05484467,0.02231866,0.7717434,False,0,1,0
6/25/2025 12:12:31 PM,1750846351810,Right,0.06822567,0.1874429,0.03422501,0.02293899,0.1131976,0.4289287,0.01801486,0.1583087,0.04472236,0.03171175,0.06592884,0.3963275,0.09337199,0.6991711,0.2727076,0.05434852,0.01813786,0.772137,False,0,1,0
6/25/2025 12:12:31 PM,1750846351823,Right,0.0700625,0.1935625,0.03695131,0.02696341,0.1132644,0.4306063,0.01739588,0.1630164,0.04639994,0.0312591,0.06731732,0.396988,0.0936662,0.7008092,0.2734581,0.05308064,0.01605892,0.7725061,False,0,1,0
6/25/2025 12:12:31 PM,1750846351851,Right,0.06961312,0.2028883,0.04207525,0.0348276,0.1132474,0.43321,0.01619861,0.1732987,0.05004824,0.0304384,0.07109179,0.3975816,0.09450114,0.7042612,0.2743711,0.05149269,0.01233675,0.7731981,False,0,1,0
6/25/2025 12:12:31 PM,1750846351865,Right,0.06753092,0.2084629,0.04524297,0.03852154,0.1129207,0.4330986,0.01598633,0.1787746,0.05200695,0.03014746,0.07346945,0.3965269,0.09509671,0.7061799,0.2746645,0.05050281,0.01022717,0.7734641,False,0,1,0
6/25/2025 12:12:31 PM,1750846351879,Right,0.06473686,0.2134897,0.04821467,0.04227625,0.1127798,0.4329576,0.01541086,0.1837536,0.0539761,0.02968259,0.07582425,0.3956474,0.09573841,0.7079811,0.2749959,0.04977615,0.008536339,0.7738498,False,0,1,0
6/25/2025 12:12:31 PM,1750846351907,Right,0.06734756,0.2245634,0.05204979,0.04976569,0.1131228,0.4298411,0.01386728,0.1933729,0.05783663,0.02839796,0.08007968,0.3939313,0.09666336,0.7111946,0.2758789,0.0474681,0.004514515,0.7742888,False,0,1,0
6/25/2025 12:12:31 PM,1750846351920,Right,0.06730292,0.230378,0.05431219,0.05380642,0.1135959,0.4275386,0.01338037,0.1981714,0.05977482,0.02798434,0.08285661,0.3923489,0.09668815,0.712913,0.2759255,0.04688664,0.003159046,0.7745808,False,0,1,0
6/25/2025 12:12:31 PM,1750846351949,Right,0.05828628,0.2405768,0.06061497,0.05958655,0.1139103,0.4225034,0.01404884,0.2068646,0.06267012,0.02781864,0.08907536,0.3869141,0.09607601,0.7168256,0.2752037,0.04728104,0.001314238,0.7745302,False,0,1,0
6/25/2025 12:12:31 PM,1750846351962,Right,0.05624332,0.2458557,0.06299151,0.05981333,0.1138173,0.422031,0.01346591,0.2109217,0.06407089,0.02733985,0.09082676,0.3865642,0.09572935,0.719182,0.2750959,0.0476317,-0.0003763884,0.7742018,False,0,1,0
6/25/2025 12:12:31 PM,1750846351990,Right,0.05691109,0.2541657,0.06281914,0.05920436,0.1191965,0.4232596,0.01147299,0.2186503,0.06575571,0.02696317,0.0928929,0.3881691,0.09542358,0.7250358,0.2750995,0.04880378,-0.003503636,0.7724057,False,0,1,0
6/25/2025 12:12:32 PM,1750846352004,Right,0.05644269,0.2587884,0.06312579,0.06009442,0.121369,0.4212022,0.01112372,0.2247587,0.06656548,0.02722265,0.09601997,0.3865059,0.09538257,0.7286201,0.275261,0.049788,-0.004882857,0.7707459,False,0,1,0
6/25/2025 12:12:32 PM,1750846352018,Right,0.05628373,0.2637251,0.06226025,0.05978544,0.124691,0.4201365,0.01019243,0.230456,0.06618568,0.0273137,0.09861322,0.3851495,0.09529388,0.7329378,0.2755643,0.05111403,-0.005756244,0.7680613,False,0,1,0
6/25/2025 12:12:32 PM,1750846352046,Right,0.05512226,0.2721279,0.05830644,0.05975941,0.1296277,0.4142872,0.007277963,0.2405732,0.06397814,0.02650487,0.1039916,0.3803602,0.09558678,0.7432045,0.2765241,0.05274874,-0.006432772,0.7618467,False,0,1,0
6/25/2025 12:12:32 PM,1750846352060,Right,0.05338287,0.277916,0.05621595,0.06001534,0.1335269,0.4109865,0.004061233,0.2452325,0.06129623,0.02497649,0.1069381,0.376448,0.09609926,0.7492608,0.2771783,0.05312042,-0.00584811,0.7574657,False,0,1,0
6/25/2025 12:12:32 PM,1750846352087,Right,0.05071394,0.292381,0.05141786,0.05903221,0.1416119,0.4034504,0.003738398,0.2588649,0.05737369,0.0259204,0.1160519,0.3703656,0.0976758,0.763701,0.2795265,0.05515265,-0.002224088,0.7496809,False,0,1,0
6/25/2025 12:12:32 PM,1750846352101,Right,0.04879257,0.3004045,0.0483941,0.05832863,0.1470738,0.3990023,0.00391778,0.2663613,0.05490898,0.02558902,0.1215498,0.3667645,0.09840488,0.7720433,0.2809843,0.0540539,0.0006452501,0.7455475,False,0,1,0
6/25/2025 12:12:32 PM,1750846352129,Right,0.04672486,0.3193573,0.04146359,0.0559174,0.159394,0.3889403,-0.0008075684,0.2829025,0.04784223,0.02300331,0.1339191,0.3574042,0.1004866,0.790585,0.2845485,0.05317448,0.007827014,0.7345151,False,0,1,0
6/25/2025 12:12:32 PM,1750846352143,Right,0.04588505,0.328945,0.03534343,0.05502703,0.1676966,0.3820489,-0.001142133,0.2921869,0.04303191,0.02325956,0.1413002,0.3514633,0.1016911,0.8009003,0.286267,0.05358275,0.01275697,0.7278854,False,0,1,0
6/25/2025 12:12:32 PM,1750846352171,Right,0.0442433,0.3495459,0.02122274,0.0530141,0.1836817,0.3668196,-0.003627704,0.3120838,0.03152528,0.0217389,0.1564614,0.3384662,0.1023434,0.8234137,0.2896178,0.05183057,0.02297521,0.71229,False,0,1,0
6/25/2025 12:12:32 PM,1750846352184,Right,0.04379806,0.3597958,0.01249129,0.05177422,0.191974,0.3573928,-0.004200992,0.3223994,0.02434762,0.02059733,0.1643477,0.3303041,0.1021566,0.8355812,0.291288,0.04935013,0.02808005,0.703029,False,0,1,0
6/25/2025 12:12:32 PM,1750846352198,Right,0.04387612,0.3695127,0.002931659,0.05034882,0.2012536,0.3474509,-0.004780395,0.3344391,0.01621463,0.01938135,0.1740344,0.3208267,0.1019297,0.8479637,0.2930828,0.04705406,0.03473556,0.6926694,False,0,1,0
6/25/2025 12:12:32 PM,1750846352227,Right,0.04263266,0.3915541,-0.01585034,0.0469106,0.220642,0.3277671,-0.007325986,0.3577259,0.0005934089,0.01606094,0.1924884,0.3030121,0.101787,0.873509,0.2985049,0.04294077,0.04760578,0.6724557,False,0,1,0
6/25/2025 12:12:32 PM,1750846352240,Right,0.04112105,0.403049,-0.02567469,0.04432281,0.230663,0.3175615,-0.008190988,0.3703169,-0.007482782,0.01388402,0.20249,0.2939154,0.1015521,0.8864353,0.3017548,0.03954363,0.05474469,0.6620213,False,0,1,0
6/25/2025 12:12:32 PM,1750846352267,Right,0.03742591,0.4267429,-0.04431931,0.03843729,0.251097,0.2977175,-0.01073235,0.3957766,-0.02290536,0.008815868,0.2229892,0.2762677,0.1001077,0.9130017,0.30744,0.03215096,0.06958953,0.6418225,False,0,1,0
6/25/2025 12:12:32 PM,1750846352281,Right,0.0361392,0.44234,-0.0527409,0.03510565,0.2621176,0.2886622,-0.011931,0.4099591,-0.02974798,0.006130727,0.2335014,0.2689466,0.09911633,0.926689,0.3104548,0.02815766,0.07714677,0.6318629,False,0,1,0
6/25/2025 12:12:32 PM,1750846352310,Right,0.03719167,0.478925,-0.07187501,0.02821307,0.2842207,0.2713701,-0.01521763,0.4376753,-0.04255411,0.0007297099,0.2516365,0.2594355,0.09765685,0.95225,0.3174647,0.02022467,0.09251469,0.6129671,False,0,1,0
6/25/2025 12:12:32 PM,1750846352323,Right,0.03665354,0.4925632,-0.07905667,0.02463483,0.2951651,0.2628965,-0.01744959,0.4514917,-0.04857689,-0.002777088,0.2620737,0.2517969,0.09683681,0.9642806,0.3213357,0.01544593,0.09940609,0.6033846,False,0,1,0
6/25/2025 12:12:32 PM,1750846352352,Right,0.02832933,0.517371,-0.09148163,0.01809663,0.3166173,0.2492062,-0.02501268,0.476594,-0.05916683,-0.01077213,0.2815964,0.2383014,0.09336901,0.9859976,0.3284556,0.006962573,0.1130482,0.5865205,False,0,1,0
6/25/2025 12:12:32 PM,1750846352365,Right,0.02638098,0.5290489,-0.09638207,0.01476298,0.3267745,0.2436051,-0.02484059,0.4906455,-0.06210981,-0.01189322,0.2925071,0.2335838,0.09072721,0.9960837,0.3317192,0.004207492,0.12053,0.5799734,False,0,1,0
6/25/2025 12:12:32 PM,1750846352379,Right,0.02374849,0.536474,-0.100234,0.01166641,0.3367463,0.2384725,-0.02558835,0.5036399,-0.06493609,-0.01424307,0.3029257,0.2265711,0.08816063,1.005743,0.3352275,0.0001158416,0.1253794,0.5725263,False,0,1,0
6/25/2025 12:12:32 PM,1750846352406,Right,0.0208418,0.5596078,-0.1027246,0.006175767,0.3546637,0.2331672,-0.02665096,0.5254627,-0.0670031,-0.01831001,0.319602,0.2213055,0.08329415,1.023781,0.3431777,-0.007753646,0.136262,0.5640799,False,0,1,0
6/25/2025 12:12:32 PM,1750846352420,Right,0.0191248,0.5711876,-0.1032552,0.003512231,0.3633852,0.2311365,-0.02825126,0.5358562,-0.06751606,-0.02085532,0.3276481,0.2194083,0.08092844,1.031412,0.3478636,-0.01151974,0.1418078,0.5606129,False,0,1,0
6/25/2025 12:12:32 PM,1750846352449,Right,0.0162218,0.5917628,-0.09925981,-0.0008524729,0.3782824,0.2336016,-0.03130628,0.553501,-0.06428719,-0.02515387,0.3415147,0.221856,0.0753541,1.046171,0.3572984,-0.01764895,0.153239,0.5599756,False,0,1,0
6/25/2025 12:12:32 PM,1750846352463,Right,0.01621336,0.6006079,-0.09694434,-0.002926339,0.3854599,0.2355642,-0.03239992,0.5614675,-0.06197679,-0.02695928,0.3475686,0.2235449,0.0720973,1.052673,0.3620968,-0.02041907,0.1578596,0.5601625,False,0,1,0
6/25/2025 12:12:32 PM,1750846352490,Right,0.01653024,0.612669,-0.08721553,-0.00465968,0.3951486,0.2439051,-0.03282065,0.5730656,-0.05296755,-0.02793273,0.3585684,0.2324133,0.06511247,1.064028,0.3714181,-0.02249453,0.1684653,0.5685564,False,0,1,0
6/25/2025 12:12:32 PM,1750846352504,Right,0.0164037,0.6183011,-0.08114925,-0.005391638,0.3993872,0.2488066,-0.03253299,0.5786757,-0.04773641,-0.02858113,0.3633302,0.2368488,0.06127357,1.068799,0.3761486,-0.02436549,0.1720482,0.5724954,False,0,1,0
6/25/2025 12:12:32 PM,1750846352517,Right,0.01573047,0.6224921,-0.07226507,-0.004915801,0.4022906,0.2564475,-0.03248762,0.5828948,-0.04034093,-0.02980015,0.3663811,0.2429527,0.05775726,1.072257,0.3810235,-0.02729021,0.1732784,0.5779531,False,0,1,0
6/25/2025 12:12:32 PM,1750846352546,Right,0.01601927,0.6275647,-0.05274975,-0.004538147,0.4056059,0.2743098,-0.03036295,0.5895727,-0.02302617,-0.02808945,0.3727713,0.2596138,0.05065727,1.078006,0.3907075,-0.02711106,0.1788474,0.5945451,False,0,1,0
6/25/2025 12:12:32 PM,1750846352560,Right,0.01674997,0.6268785,-0.04012028,-0.003794271,0.4067204,0.2868842,-0.03174853,0.5898926,-0.01244589,-0.02984315,0.3725106,0.2685874,0.04690051,1.07988,0.3956186,-0.02988436,0.1766486,0.6034486,False,0,1,0
6/25/2025 12:12:32 PM,1750846352587,Right,0.01658562,0.6255281,-0.01227896,-0.002248259,0.4064076,0.3135694,-0.03124367,0.5896609,0.01309843,-0.02934604,0.3731629,0.2929888,0.03957236,1.082919,0.4056137,-0.03020227,0.1763813,0.628971,False,0,1,0
6/25/2025 12:12:32 PM,1750846352601,Right,0.01526363,0.6239519,0.005005083,-0.0009305226,0.405505,0.3296598,-0.03078755,0.588445,0.02690501,-0.02889699,0.3727543,0.3057519,0.03632641,1.083674,0.4103775,-0.03021067,0.1751407,0.6427615,False,0,1,0
6/25/2025 12:12:32 PM,1750846352629,Right,0.01533318,0.620745,0.03853262,0.002200038,0.4033934,0.3632136,-0.03208254,0.5847072,0.05908059,-0.02854349,0.3706599,0.3383332,0.03083897,1.085301,0.4206296,-0.02848452,0.1740945,0.6767248,False,0,1,0
6/25/2025 12:12:32 PM,1750846352643,Right,0.0134162,0.6172631,0.05909872,0.003389656,0.401706,0.3817731,-0.03392553,0.5820643,0.07627424,-0.02837728,0.3701172,0.3540464,0.02826524,1.0849,0.4268813,-0.0264102,0.1727985,0.6947765,False,0,1,0
6/25/2025 12:12:32 PM,1750846352671,Right,0.009371551,0.6117156,0.1008627,0.005930847,0.3996512,0.4223795,-0.03835431,0.5783639,0.113739,-0.02778287,0.3688657,0.389818,0.02351737,1.083863,0.437755,-0.02019906,0.17084,0.73317,False,0,1,0
6/25/2025 12:12:32 PM,1750846352685,Right,0.006830556,0.6126722,0.123721,0.006552422,0.3987508,0.4438525,-0.03965099,0.5778857,0.1329093,-0.02681769,0.3688166,0.4090039,0.02116346,1.082532,0.4425724,-0.01665574,0.1710714,0.7526459,False,0,1,0
6/25/2025 12:12:32 PM,1750846352699,Right,0.003339546,0.6122691,0.1461345,0.007324413,0.3988422,0.466327,-0.04324162,0.5755361,0.1538201,-0.02761846,0.3674076,0.4302314,0.01851928,1.080639,0.4475459,-0.01427456,0.1705346,0.7744929,False,0,1,0
6/25/2025 12:12:32 PM,1750846352726,Right,-0.003457218,0.6096769,0.1887582,0.008163509,0.4001716,0.5107312,-0.05070902,0.5720294,0.1942468,-0.03044262,0.3660681,0.4713817,0.01370537,1.076225,0.4581727,-0.01198809,0.1711791,0.8170789,False,0,1,0
6/25/2025 12:12:32 PM,1750846352740,Right,-0.006415026,0.6074113,0.2110396,0.007772889,0.4018744,0.5345967,-0.05453646,0.5699344,0.2148801,-0.03163976,0.36647,0.4928654,0.01121199,1.073687,0.4631516,-0.00992988,0.1738442,0.8403583,False,0,1,0
6/25/2025 12:12:32 PM,1750846352768,Right,-0.01192695,0.6030366,0.2525555,0.005447364,0.4079817,0.5805033,-0.06015015,0.565521,0.2542515,-0.03360632,0.3686082,0.5348234,0.005117297,1.068628,0.4723223,-0.00681752,0.1823239,0.8870356,False,0,1,0
6/25/2025 12:12:32 PM,1750846352782,Right,-0.01523657,0.5989826,0.2716341,0.003816589,0.4121381,0.6053684,-0.06414834,0.5633581,0.2736418,-0.03627479,0.3699488,0.5575291,0.001784086,1.06631,0.477957,-0.007742103,0.1891401,0.9115127,True,0,1,1
6/25/2025 12:12:32 PM,1750846352810,Right,-0.02251766,0.5947363,0.3108931,-0.001212265,0.4228516,0.6523303,-0.06692673,0.5576505,0.2895053,-0.04013935,0.3755756,0.5578915,-0.005474687,1.062568,0.4895108,-0.009124041,0.1847705,0.9280344,True,0,1,1
6/25/2025 12:12:32 PM,1750846352824,Right,-0.02645969,0.5929014,0.3302469,-0.004654776,0.4303094,0.6757483,-0.06903378,0.55579,0.2990349,-0.04198159,0.3763212,0.5687615,-0.009619713,1.061444,0.4951595,-0.01048312,0.188696,0.9408401,True,0,1,1
6/25/2025 12:12:32 PM,1750846352838,Right,-0.03029945,0.5915808,0.3482196,-0.007925197,0.4379231,0.6977904,-0.07156852,0.5541368,0.3101531,-0.04407572,0.3777002,0.5818595,-0.01398289,1.060783,0.5009351,-0.0118905,0.1942957,0.9559495,True,0,1,1
6/25/2025 12:12:32 PM,1750846352865,Right,-0.03814407,0.5905737,0.3816589,-0.01589078,0.4558547,0.7387493,-0.0776384,0.5516137,0.3352046,-0.04962242,0.3827729,0.6114436,-0.02323401,1.062022,0.5128815,-0.01656491,0.2096062,0.9904915,True,0,1,1
6/25/2025 12:12:32 PM,1750846352879,Right,-0.0424105,0.5912071,0.3982359,-0.0203268,0.4652682,0.7589195,-0.0812738,0.5507978,0.3498119,-0.05294602,0.3864861,0.6290928,-0.02774978,1.063122,0.5183799,-0.0195323,0.2198908,1.010712,True,0,1,1
6/25/2025 12:12:32 PM,1750846352907,Right,-0.05001597,0.5964438,0.426654,-0.02946319,0.4854319,0.7930754,-0.09023888,0.5508794,0.3819437,-0.06171089,0.3972671,0.6679347,-0.03628016,1.067717,0.5308542,-0.02840284,0.2459153,1.055199,True,0,1,1
6/25/2025 12:12:32 PM,1750846352921,Right,-0.05432158,0.599609,0.44023,-0.03395021,0.4958022,0.8088461,-0.0958228,0.5522127,0.3992476,-0.06713585,0.4048874,0.6886005,-0.04101193,1.071065,0.5368766,-0.03382809,0.2621004,1.079021,True,0,1,1
6/25/2025 12:12:32 PM,1750846352949,Right,-0.06090666,0.6078344,0.4614938,-0.04251726,0.5151091,0.8336582,-0.1082426,0.5585783,0.4364496,-0.08046553,0.4254149,0.7331295,-0.0515337,1.079172,0.5489368,-0.04894296,0.3020186,1.129819,True,0,1,1
6/25/2025 12:12:32 PM,1750846352963,Right,-0.06328423,0.6125079,0.4706412,-0.04634728,0.5243501,0.8440423,-0.1154159,0.5648582,0.4557349,-0.08791451,0.4353412,0.7542039,-0.05714297,1.084053,0.5549765,-0.05687962,0.316937,1.152304,True,0,1,1
6/25/2025 12:12:32 PM,1750846352976,Right,-0.0653298,0.6170925,0.4793623,-0.05020887,0.5338566,0.8536085,-0.1186436,0.5724226,0.4677456,-0.09263224,0.4450109,0.766856,-0.06294692,1.089835,0.5606166,-0.06343894,0.3290899,1.166202,True,0,1,1
6/25/2025 12:12:33 PM,1750846353004,Right,-0.06796706,0.6262749,0.4914515,-0.05823915,0.5555703,0.8701519,-0.1226384,0.5826619,0.4795402,-0.09893302,0.459304,0.7799966,-0.07564175,1.102481,0.5701314,-0.07272281,0.3483514,1.181471,True,0,1,1
6/25/2025 12:12:33 PM,1750846353018,Right,-0.06926623,0.6313879,0.4962498,-0.05937154,0.5582564,0.8716941,-0.1249174,0.5879082,0.4836451,-0.102346,0.4659464,0.7843305,-0.08169997,1.109861,0.5748467,-0.07772376,0.3564985,1.186726,True,0,1,1
6/25/2025 12:12:33 PM,1750846353046,Right,-0.07327405,0.6401813,0.5038165,-0.06501983,0.5718372,0.879359,-0.1293155,0.5975654,0.4902842,-0.1070457,0.4763435,0.7905276,-0.09268987,1.123837,0.5838685,-0.08338273,0.3671951,1.19379,True,0,1,1
6/25/2025 12:12:33 PM,1750846353060,Right,-0.0757855,0.6440599,0.5057341,-0.06754601,0.5777438,0.8815851,-0.1322913,0.6021753,0.4923767,-0.1104786,0.4819399,0.7929889,-0.0978229,1.131208,0.5870121,-0.08772846,0.3740303,1.196695,True,0,1,1
6/25/2025 12:12:33 PM,1750846353087,Right,-0.08060187,0.6512435,0.5083909,-0.07174948,0.5884611,0.8847614,-0.1374799,0.611259,0.4945405,-0.1169442,0.4947405,0.7966264,-0.1080879,1.146015,0.5916768,-0.09683046,0.3916368,1.201798,True,0,1,1
6/25/2025 12:12:33 PM,1750846353102,Right,-0.08359016,0.6542198,0.5080457,-0.07406433,0.5925277,0.8849767,-0.139661,0.6153595,0.4943582,-0.1191049,0.4987254,0.796744,-0.113058,1.15347,0.593576,-0.09936307,0.395687,1.201621,True,0,1,1
6/25/2025 12:12:33 PM,1750846353129,Right,-0.08818698,0.660163,0.5061121,-0.07858279,0.6005497,0.8826793,-0.1450875,0.6240552,0.4931604,-0.1246285,0.5081657,0.7952311,-0.122691,1.168115,0.5973924,-0.1046096,0.405697,1.200819,True,0,1,1
6/25/2025 12:12:33 PM,1750846353143,Right,-0.09005991,0.6633183,0.5044007,-0.08050145,0.605153,0.8805746,-0.1479478,0.6284868,0.4918537,-0.1275212,0.5127805,0.7934468,-0.1270031,1.175195,0.598852,-0.1072176,0.4101633,1.199509,True,0,1,1
6/25/2025 12:12:33 PM,1750846353170,Right,-0.09327166,0.6698961,0.499862,-0.08374712,0.6124595,0.875549,-0.1520421,0.6374456,0.4884284,-0.1316475,0.5219206,0.7895489,-0.1355399,1.189149,0.6000848,-0.1105022,0.4192255,1.196069,True,0,1,1
6/25/2025 12:12:33 PM,1750846353184,Right,-0.09442437,0.6736624,0.496806,-0.08513093,0.6155085,0.8725491,-0.1535609,0.6421269,0.4857962,-0.1331586,0.5265583,0.7870302,-0.1396385,1.196326,0.6003456,-0.111466,0.4239703,1.193423,True,0,1,1
6/25/2025 12:12:33 PM,1750846353199,Right,-0.09528272,0.6777749,0.4933137,-0.08625164,0.6188583,0.8691978,-0.1554593,0.6477207,0.4830054,-0.1350441,0.5320792,0.7844296,-0.1436716,1.203759,0.6007395,-0.112701,0.4296325,1.190614,True,0,1,1
6/25/2025 12:12:33 PM,1750846353227,Right,-0.0963295,0.6868428,0.4865029,-0.08832353,0.6264625,0.8612244,-0.1574408,0.6582272,0.4766386,-0.1370745,0.5428625,0.7773411,-0.1511739,1.217886,0.6026753,-0.1140254,0.4401985,1.184225,True,0,1,1
6/25/2025 12:12:33 PM,1750846353241,Right,-0.09646243,0.6923135,0.4824559,-0.0894474,0.6312195,0.8566555,-0.1587065,0.6636974,0.4728905,-0.1385612,0.5479686,0.773087,-0.1549875,1.224733,0.6032341,-0.115547,0.4445295,1.180141,True,0,1,1
6/25/2025 12:12:33 PM,1750846353268,Right,-0.09501576,0.7040429,0.473352,-0.09256405,0.642033,0.8470341,-0.1592692,0.6756685,0.4645925,-0.1410921,0.557986,0.7637652,-0.1628529,1.237414,0.6019497,-0.1207087,0.4515847,1.170567,True,0,1,1
6/25/2025 12:12:33 PM,1750846353282,Right,-0.09400968,0.710633,0.468302,-0.09501147,0.6488019,0.8422299,-0.1578146,0.6819329,0.4596807,-0.1418779,0.5639653,0.7590408,-0.1667165,1.243215,0.6005166,-0.1248026,0.4572938,1.16576,True,0,1,1
6/25/2025 12:12:33 PM,1750846353310,Right,-0.09052914,0.7244055,0.4586232,-0.1010288,0.6634642,0.8329827,-0.1567262,0.6934704,0.4496633,-0.1448404,0.5761046,0.7498214,-0.1747485,1.254413,0.5969492,-0.1341589,0.4704686,1.156672,True,0,1,1
6/25/2025 12:12:33 PM,1750846353324,Right,-0.08827615,0.7322794,0.4535655,-0.1054327,0.6719577,0.8277913,-0.1552465,0.6993837,0.4441612,-0.1461503,0.5826232,0.7446665,-0.1791807,1.259624,0.5950696,-0.1397807,0.4777617,1.151794,True,0,1,1
6/25/2025 12:12:33 PM,1750846353338,Right,-0.0858045,0.740611,0.4489134,-0.1104938,0.6807621,0.8225576,-0.1535061,0.7051095,0.4392012,-0.1479251,0.5890464,0.7399403,-0.1839644,1.26483,0.5933758,-0.1469468,0.4849584,1.147432,True,0,1,1
6/25/2025 12:12:33 PM,1750846353366,Right,-0.08258066,0.7569498,0.4402812,-0.1230655,0.6977139,0.8125454,-0.1496934,0.7157949,0.4293804,-0.1527599,0.6014553,0.7306346,-0.1941875,1.274869,0.5884522,-0.1649916,0.4993528,1.138619,True,0,1,1
6/25/2025 12:12:33 PM,1750846353379,Right,-0.07870003,0.7644627,0.4375435,-0.1316982,0.7066922,0.8080143,-0.1485256,0.7213565,0.4245378,-0.1571135,0.6080965,0.7257751,-0.199978,1.27971,0.5850674,-0.177774,0.5070571,1.133989,True,0,1,1
6/25/2025 12:12:33 PM,1750846353407,Right,-0.07541714,0.7819233,0.4324445,-0.1512942,0.7220666,0.8002487,-0.145792,0.734218,0.4162358,-0.166332,0.6223432,0.7187285,-0.2135019,1.289318,0.5777801,-0.2049684,0.5238002,1.124983,True,0,1,1
6/25/2025 12:12:33 PM,1750846353421,Right,-0.07624951,0.7901584,0.4300704,-0.1638707,0.7302978,0.7961376,-0.1446973,0.7401493,0.4125743,-0.1721927,0.6289111,0.7158438,-0.2218097,1.293794,0.5732112,-0.2210915,0.5317889,1.120282,True,0,1,1
6/25/2025 12:12:33 PM,1750846353449,Right,-0.08061837,0.8055806,0.4266559,-0.1924392,0.7469063,0.7875975,-0.1449949,0.7518436,0.4077523,-0.18856,0.6418236,0.710409,-0.239179,1.302433,0.5632373,-0.2612022,0.546235,1.110832,True,0,1,1
6/25/2025 12:12:33 PM,1750846353463,Right,-0.08269109,0.8153845,0.4276415,-0.210195,0.7552494,0.7820227,-0.1459743,0.7582062,0.4052329,-0.1982673,0.6484618,0.7071555,-0.2487596,1.307562,0.5568925,-0.283637,0.5531971,1.104604,True,0,1,1
6/25/2025 12:12:33 PM,1750846353491,Right,-0.09011686,0.833308,0.4297598,-0.2487477,0.7713833,0.7719869,-0.150039,0.7698343,0.403006,-0.2217348,0.660505,0.7003691,-0.2683955,1.317973,0.5436369,-0.3359624,0.5641258,1.090913,True,0,1,1
6/25/2025 12:12:33 PM,1750846353504,Right,-0.09547701,0.8424237,0.4313661,-0.2700559,0.7776244,0.765385,-0.151772,0.7752541,0.4029896,-0.2333433,0.6656886,0.6978244,-0.2780976,1.323408,0.5367892,-0.3619744,0.5683993,1.083523,True,0,1,1
6/25/2025 12:12:33 PM,1750846353518,Right,-0.1023843,0.8517753,0.4334062,-0.2944094,0.7854345,0.7575113,-0.1552827,0.7818328,0.4036146,-0.2480995,0.6716977,0.6949681,-0.2878348,1.329486,0.5282904,-0.3930621,0.5728583,1.074354,True,0,1,1
6/25/2025 12:12:33 PM,1750846353546,Right,-0.121331,0.8727528,0.4385282,-0.3475132,0.7999048,0.7439095,-0.1667183,0.7948793,0.4052064,-0.2832217,0.6830918,0.6915016,-0.3059348,1.342048,0.5100685,-0.4590296,0.5830494,1.053113,True,0,1,1
6/25/2025 12:12:33 PM,1750846353560,Right,-0.1336566,0.8823433,0.4412878,-0.3768972,0.8072659,0.7325133,-0.1739749,0.8022494,0.4057826,-0.3021904,0.6898991,0.6867092,-0.3139657,1.348901,0.5009657,-0.4943826,0.5879178,1.039424,True,0,1,1
6/25/2025 12:12:33 PM,1750846353588,Right,-0.1588057,0.9019552,0.4457068,-0.4343598,0.8209341,0.7056497,-0.1925945,0.8192475,0.4074956,-0.3460851,0.7041307,0.6748858,-0.328994,1.363188,0.4824084,-0.5723642,0.5961795,1.00425,True,0,1,1
6/25/2025 12:12:33 PM,1750846353602,Right,-0.1739524,0.91313,0.44667,-0.4655604,0.8303927,0.6895815,-0.2029106,0.8280851,0.407695,-0.3687301,0.7107641,0.6677419,-0.3356072,1.370687,0.4725375,-0.6104717,0.5992199,0.9835551,True,0,1,1
6/25/2025 12:12:33 PM,1750846353630,Right,-0.2087051,0.931542,0.4462201,-0.5266191,0.8535705,0.6550255,-0.2283092,0.8477635,0.408786,-0.4189073,0.7254502,0.6486371,-0.3480488,1.38701,0.4525419,-0.692766,0.6042886,0.9332858,True,0,1,1
6/25/2025 12:12:33 PM,1750846353643,Right,-0.2285362,0.9410122,0.4449689,-0.555617,0.8632463,0.6339781,-0.2424578,0.8569684,0.4089098,-0.4430937,0.7323703,0.6361566,-0.3543772,1.396,0.4424763,-0.7324026,0.6050088,0.9054686,True,0,1,1
6/25/2025 12:12:33 PM,1750846353671,Right,-0.2653084,0.9618577,0.4416274,-0.6141134,0.8806114,0.5898373,-0.275992,0.8768002,0.4065157,-0.5006686,0.7454565,0.6082044,-0.3662597,1.412741,0.4213793,-0.8168224,0.6079195,0.8369873,True,0,1,1
6/25/2025 12:12:33 PM,1750846353684,Right,-0.2857039,0.9724508,0.4359201,-0.6415957,0.8888771,0.5667791,-0.2935097,0.8873863,0.4040918,-0.5291942,0.7528096,0.5915858,-0.3711084,1.420121,0.4105432,-0.8570316,0.6103124,0.7987731,True,0,1,1
6/25/2025 12:12:33 PM,1750846353699,Right,-0.3050835,0.9835041,0.430286,-0.6668619,0.8973273,0.5430312,-0.3123032,0.8991548,0.4006474,-0.5583795,0.7610566,0.572078,-0.3751043,1.427256,0.3992562,-0.8971602,0.6127725,0.7556509,True,0,1,1
6/25/2025 12:12:33 PM,1750846353727,Right,-0.3421257,1.003217,0.416194,-0.7144534,0.9189257,0.4897147,-0.3464879,0.9194682,0.3915743,-0.6092205,0.7725351,0.5275931,-0.3830955,1.442858,0.3748165,-0.9642248,0.6091853,0.6603229,True,0,1,1
6/25/2025 12:12:33 PM,1750846353740,Right,-0.3594742,1.012595,0.4086601,-0.7359973,0.9306858,0.4626447,-0.3617506,0.9293097,0.3856898,-0.6296558,0.7798381,0.5088863,-0.3870488,1.450755,0.3632451,-0.988248,0.6105616,0.622335,True,0,1,1
6/25/2025 12:12:33 PM,1750846353768,Right,-0.3901243,1.030671,0.3893878,-0.7634446,0.9493538,0.4108074,-0.3885283,0.9469935,0.3719362,-0.6549513,0.79135,0.4750038,-0.3924989,1.464276,0.3435099,-1.016318,0.6008239,0.5620598,True,0,1,1
6/25/2025 12:12:33 PM,1750846353782,Right,-0.4026357,1.041878,0.3764564,-0.7756841,0.9601578,0.3847289,-0.401226,0.9563798,0.3660463,-0.6692399,0.7992944,0.460432,-0.3946315,1.470463,0.3343419,-1.030608,0.6021594,0.5348849,True,0,1,1
6/25/2025 12:12:33 PM,1750846353809,Right,-0.4242453,1.058438,0.3534068,-0.8044726,0.9700823,0.3311733,-0.4233899,0.9728431,0.3512336,-0.7021089,0.8096919,0.4283235,-0.3981534,1.482072,0.316746,-1.055346,0.6046673,0.4744323,True,0,1,1
6/25/2025 12:12:33 PM,1750846353824,Right,-0.4334847,1.066808,0.3425596,-0.8196241,0.9702027,0.3032574,-0.4329697,0.9807383,0.3436186,-0.7213281,0.8151385,0.4122255,-0.3992469,1.487079,0.3080999,-1.068114,0.611217,0.4443454,True,0,1,1
6/25/2025 12:12:33 PM,1750846353838,Right,-0.4426386,1.073493,0.3332535,-0.8346336,0.9670039,0.2755852,-0.4422299,0.9877884,0.3361184,-0.7408931,0.8188264,0.3946088,-0.3997638,1.491673,0.30033,-1.07939,0.615842,0.4121677,True,0,1,1
6/25/2025 12:12:33 PM,1750846353866,Right,-0.4574032,1.084855,0.3161648,-0.8639531,0.9508144,0.2209073,-0.4543118,1.008555,0.3344339,-0.8010155,0.8259037,0.3735195,-0.3998635,1.499932,0.2858917,-1.100079,0.644838,0.3626347,False,0,1,1
6/25/2025 12:12:33 PM,1750846353879,Right,-0.4625875,1.091253,0.3101015,-0.8726474,0.943222,0.2043831,-0.4624942,1.018469,0.3284154,-0.8218088,0.8376446,0.353634,-0.4002043,1.504282,0.2784721,-1.113443,0.6630026,0.3314452,False,0,1,1
6/25/2025 12:12:33 PM,1750846353907,Right,-0.4701735,1.100146,0.2992205,-0.8396761,1.004938,0.2197797,-0.4700095,1.028365,0.3196473,-0.7850224,0.8736136,0.3121862,-0.4011474,1.512485,0.2640281,-1.119907,0.6752975,0.2641853,False,0,1,1
6/25/2025 12:12:33 PM,1750846353921,Right,-0.472544,1.104424,0.296528,-0.841475,1.010058,0.2038867,-0.4738771,1.03298,0.3166518,-0.786414,0.8742496,0.2937409,-0.400852,1.515408,0.2577827,-1.115247,0.6705589,0.2306508,False,0,1,1
6/25/2025 12:12:33 PM,1750846353949,Right,-0.4751743,1.112094,0.2942387,-0.8405874,1.014419,0.192443,-0.4744514,1.037528,0.3125241,-0.7842126,0.8761364,0.2646742,-0.3993013,1.519957,0.2466736,-1.104894,0.6719034,0.1748254,False,0,1,1
6/25/2025 12:12:33 PM,1750846353963,Right,-0.4757904,1.115516,0.2944941,-0.8396253,1.015723,0.1895292,-0.474297,1.039618,0.3110578,-0.7812501,0.8743514,0.2591609,-0.3981004,1.521844,0.2411605,-1.097889,0.6652608,0.1658325,False,0,1,1
6/25/2025 12:12:33 PM,1750846353991,Right,-0.4697433,1.117681,0.2951992,-0.8344551,1.014996,0.1950271,-0.4676396,1.041103,0.309528,-0.7763802,0.8776001,0.2610737,-0.3960589,1.524799,0.2308347,-1.09594,0.6727216,0.1694075,False,0,1,1
6/25/2025 12:12:34 PM,1750846354004,Right,-0.4646771,1.117696,0.2956022,-0.8305753,1.014086,0.2009139,-0.4636352,1.041932,0.3092128,-0.7712712,0.8761413,0.2608963,-0.3947413,1.526088,0.2264686,-1.088945,0.6680925,0.1701747,False,0,1,1
6/25/2025 12:12:34 PM,1750846354018,Right,-0.4600213,1.117869,0.296043,-0.8265659,1.013961,0.2064293,-0.4585899,1.043108,0.3108801,-0.7664756,0.8779988,0.2658084,-0.3929902,1.527122,0.2225422,-1.086078,0.67077,0.177752,False,0,1,1
6/25/2025 12:12:34 PM,1750846354046,Right,-0.4457537,1.11654,0.2973014,-0.8150246,1.010698,0.2253356,-0.4450204,1.042306,0.3101996,-0.753697,0.877813,0.2730532,-0.3881767,1.528671,0.2163295,-1.076393,0.6712927,0.1926482,False,0,1,1
6/25/2025 12:12:34 PM,1750846354060,Right,-0.4354145,1.116605,0.2977139,-0.808343,1.008269,0.2364384,-0.4361472,1.041443,0.3096025,-0.7477564,0.8771566,0.2772005,-0.3854648,1.52964,0.2135684,-1.070778,0.6729937,0.2019537,False,0,1,1
6/25/2025 12:12:34 PM,1750846354088,Right,-0.4141094,1.113718,0.2968565,-0.7911057,1.003149,0.2614161,-0.413614,1.038097,0.3068834,-0.7288424,0.876141,0.2871064,-0.3787689,1.531661,0.2087916,-1.055838,0.6763552,0.224476,False,0,1,1
6/25/2025 12:12:34 PM,1750846354102,Right,-0.4007138,1.111735,0.2955211,-0.7796514,1.000447,0.2763852,-0.4007134,1.037291,0.3064068,-0.7177268,0.8763178,0.2938689,-0.3746265,1.532999,0.2072341,-1.046497,0.678913,0.2383734,False,0,1,1
6/25/2025 12:12:34 PM,1750846354130,Right,-0.3769792,1.105976,0.2955829,-0.7542712,0.9934936,0.3051291,-0.3735479,1.034101,0.3029802,-0.6903095,0.8752923,0.3083026,-0.3645602,1.535896,0.2055529,-1.024801,0.6806909,0.2702632,False,0,1,1
6/25/2025 12:12:34 PM,1750846354143,Right,-0.361665,1.103931,0.2938432,-0.742148,0.9900816,0.3180153,-0.3603976,1.031553,0.2995529,-0.6808509,0.8727921,0.3144302,-0.3586715,1.537205,0.2053829,-1.014732,0.6826264,0.2855375,False,0,1,1
6/25/2025 12:12:34 PM,1750846354171,Right,-0.3334344,1.097525,0.2896945,-0.7054981,0.978154,0.3471408,-0.3292245,1.025675,0.2915211,-0.6466519,0.8701899,0.328619,-0.3450742,1.540876,0.2060553,-0.9869559,0.6842735,0.3220963,False,0,1,1
6/25/2025 12:12:34 PM,1750846354185,Right,-0.3191659,1.092935,0.2860237,-0.6863251,0.9723009,0.3601103,-0.3133407,1.022223,0.2864803,-0.6283969,0.868138,0.3355786,-0.3372272,1.542673,0.2069728,-0.9713405,0.684445,0.3416401,False,0,1,1
6/25/2025 12:12:34 PM,1750846354198,Right,-0.3045035,1.08826,0.2828563,-0.6670839,0.9673983,0.3716451,-0.2973418,1.018612,0.2796355,-0.6097376,0.8658938,0.3410702,-0.3290448,1.544502,0.2081141,-0.9547216,0.6847999,0.3603905,False,0,1,1
6/25/2025 12:12:34 PM,1750846354226,Right,-0.2722504,1.081159,0.2770489,-0.6266823,0.9555446,0.3935106,-0.2669945,1.013717,0.2662117,-0.5745,0.8623071,0.355462,-0.3108637,1.547683,0.2117172,-0.9191562,0.6886253,0.4044173,False,0,1,1
6/25/2025 12:12:34 PM,1750846354241,Right,-0.2557752,1.077222,0.273162,-0.6041719,0.9496793,0.4035447,-0.2515964,1.010367,0.257868,-0.5547856,0.8600277,0.3612453,-0.3011963,1.548895,0.2134776,-0.89903,0.6900862,0.4262424,False,0,1,1
6/25/2025 12:12:34 PM,1750846354268,Right,-0.2228683,1.069323,0.265015,-0.560168,0.9376189,0.420515,-0.220969,1.003393,0.2439876,-0.5134148,0.8546206,0.378417,-0.2818444,1.550539,0.2171503,-0.8526292,0.6940087,0.4793313,False,0,1,1
6/25/2025 12:12:34 PM,1750846354283,Right,-0.2065734,1.06528,0.2597202,-0.535916,0.9309985,0.4267415,-0.2065649,1.000293,0.2351601,-0.490892,0.8525242,0.3846508,-0.2725605,1.550919,0.2192214,-0.8267763,0.6960419,0.5051028,False,0,1,1
6/25/2025 12:12:34 PM,1750846354310,Right,-0.1737607,1.056154,0.25047,-0.4891614,0.9195271,0.4375472,-0.1788564,0.9936398,0.2193698,-0.442787,0.8465123,0.4002614,-0.2534105,1.550119,0.2236886,-0.7656265,0.6984442,0.5638411,False,0,1,1
6/25/2025 12:12:34 PM,1750846354324,Right,-0.1572797,1.052126,0.2442954,-0.4636649,0.9132966,0.4401485,-0.1654458,0.990145,0.2105952,-0.416511,0.8430077,0.4056595,-0.2443603,1.549474,0.2263427,-0.7305405,0.6979042,0.5918611,False,0,1,1
6/25/2025 12:12:34 PM,1750846354338,Right,-0.1421109,1.04841,0.2372641,-0.4388261,0.9063329,0.4417798,-0.1525643,0.9869769,0.2019672,-0.3924875,0.8385142,0.4076962,-0.2351836,1.548655,0.2292362,-0.6972001,0.6959991,0.6128247,False,0,1,1
6/25/2025 12:12:34 PM,1750846354365,Right,-0.1108989,1.039244,0.2244078,-0.3916311,0.8931857,0.4455468,-0.1298584,0.9822965,0.1842346,-0.3478556,0.8313106,0.4087423,-0.2176784,1.544932,0.2371179,-0.6306294,0.6916217,0.6477395,False,0,1,1
6/25/2025 12:12:34 PM,1750846354379,Right,-0.09581703,1.033863,0.2157104,-0.3669484,0.8861963,0.4458804,-0.117572,0.9786636,0.1757062,-0.3300565,0.8262722,0.4039338,-0.2088667,1.542275,0.2412125,-0.6069407,0.6857715,0.6498713,False,0,1,1
6/25/2025 12:12:34 PM,1750846354406,Right,-0.06902809,1.024954,0.1981844,-0.3207563,0.8709245,0.4441875,-0.0979701,0.9723472,0.1586039,-0.2968711,0.8179122,0.3955128,-0.1913515,1.53606,0.25086,-0.5593922,0.6759394,0.6579357,False,0,1,1
6/25/2025 12:12:34 PM,1750846354421,Right,-0.05701448,1.020089,0.187739,-0.2983106,0.8632345,0.4417235,-0.08868665,0.9688941,0.1493736,-0.2803173,0.8124259,0.3912976,-0.1828622,1.532598,0.2564896,-0.5338152,0.6692702,0.6614148,False,0,1,1
6/25/2025 12:12:34 PM,1750846354449,Right,-0.03694827,1.012046,0.166558,-0.2554741,0.8460699,0.4340731,-0.07303974,0.9624318,0.1312726,-0.2466367,0.8019308,0.3823217,-0.1663624,1.524196,0.2688177,-0.4796943,0.6545486,0.6697336,False,0,1,1
6/25/2025 12:12:34 PM,1750846354463,Right,-0.02826816,1.00812,0.1552984,-0.2341889,0.837386,0.4293692,-0.06585006,0.9591712,0.1221728,-0.2300235,0.7957809,0.3782021,-0.1585556,1.519522,0.2750161,-0.4511011,0.6461315,0.6732516,False,0,1,1
6/25/2025 12:12:34 PM,1750846354491,Right,-0.01266463,1.000394,0.1331546,-0.1949203,0.8194388,0.4171293,-0.05621013,0.9532693,0.1045567,-0.1977118,0.7840909,0.3692247,-0.1432707,1.508736,0.2887803,-0.3913217,0.6281878,0.6808573,False,0,1,1
6/25/2025 12:12:34 PM,1750846354505,Right,-0.005838896,0.9964611,0.1213493,-0.1767359,0.8108938,0.410073,-0.05022128,0.9492581,0.0947037,-0.1799532,0.7763245,0.3641396,-0.1356025,1.502913,0.2963876,-0.3577955,0.617624,0.6825107,False,0,1,1
6/25/2025 12:12:34 PM,1750846354519,Right,0.0003450275,0.9929931,0.1095235,-0.1591741,0.8020205,0.4033737,-0.0461769,0.9465709,0.08657433,-0.1625108,0.7697476,0.3607734,-0.12819,1.496582,0.3042394,-0.3223426,0.6081827,0.6860125,False,0,1,1
6/25/2025 12:12:34 PM,1750846354546,Right,0.00826963,0.9868156,0.08714489,-0.1258613,0.7888001,0.3878942,-0.04153861,0.9405459,0.06942949,-0.1369546,0.7576355,0.3481739,-0.1128471,1.482653,0.320616,-0.2678622,0.5906422,0.6829808,False,0,1,1
6/25/2025 12:12:34 PM,1750846354560,Right,0.01139922,0.9843315,0.0764156,-0.1099214,0.7816761,0.380408,-0.04087514,0.9378405,0.06149673,-0.1279002,0.7530575,0.3412307,-0.1055166,1.475144,0.3288617,-0.2478559,0.5836342,0.6793939,False,0,1,1
6/25/2025 12:12:34 PM,1750846354588,Right,0.01331373,0.9779695,0.05755481,-0.08090489,0.769415,0.3643187,-0.04035859,0.9305359,0.04647782,-0.1082339,0.7413713,0.327496,-0.09069073,1.459039,0.3457457,-0.2042132,0.5658518,0.6711836,False,0,1,1
6/25/2025 12:12:34 PM,1750846354602,Right,0.01389983,0.9738808,0.04801548,-0.06736584,0.7622085,0.3562088,-0.04174008,0.9274256,0.04016638,-0.09929632,0.7362639,0.3206723,-0.08369768,1.450724,0.354427,-0.1828307,0.5568814,0.6669762,False,0,1,1
6/25/2025 12:12:34 PM,1750846354629,Right,0.01131269,0.9678156,0.03301811,-0.04449615,0.7477439,0.3398024,-0.04418366,0.9214363,0.03118825,-0.07888296,0.7236121,0.3101489,-0.07027614,1.433144,0.3723273,-0.1335408,0.5353981,0.6581571,False,0,1,1
6/25/2025 12:12:34 PM,1750846354643,Right,0.009043083,0.9652334,0.02627351,-0.03342553,0.7405931,0.3317028,-0.04718809,0.9171233,0.02779815,-0.06952081,0.7158976,0.3050558,-0.06327105,1.423824,0.3816167,-0.1081521,0.5229819,0.6531268,False,0,1,1
6/25/2025 12:12:34 PM,1750846354658,Right,0.006178515,0.961243,0.02054491,-0.02369915,0.7333198,0.3242193,-0.04983708,0.9134764,0.02627654,-0.05962113,0.708081,0.3004811,-0.05616426,1.414229,0.3915156,-0.08166034,0.5092875,0.6473392,False,0,1,1
6/25/2025 12:12:34 PM,1750846354685,Right,0.0008718781,0.9542915,0.01442633,-0.007562821,0.717366,0.3112398,-0.05596798,0.905333,0.02489608,-0.04768314,0.6932126,0.2928633,-0.043172,1.393042,0.4105511,-0.04465975,0.4849329,0.6358265,False,0,1,1
6/25/2025 12:12:34 PM,1750846354699,Right,-0.003515936,0.9483182,0.01153426,-0.001276265,0.7087955,0.3063458,-0.05929586,0.8998639,0.02608863,-0.04258062,0.6841943,0.2907762,-0.03707445,1.381999,0.4193085,-0.02930877,0.4712579,0.6306528,False,0,1,1
6/25/2025 12:12:34 PM,1750846354726,Right,-0.01092111,0.9413629,0.01516934,0.009963891,0.6911843,0.300617,-0.06436012,0.8892438,0.03175235,-0.03397374,0.6666777,0.2897596,-0.02612984,1.358994,0.4353945,-0.0042409,0.445089,0.6226942,False,0,1,1
6/25/2025 12:12:34 PM,1750846354741,Right,-0.01456716,0.937347,0.02111666,0.01522433,0.6820795,0.3006922,-0.06698952,0.8838149,0.03652949,-0.03080359,0.6581212,0.2905998,-0.02105677,1.347123,0.4434856,0.005444355,0.4318234,0.6201023,False,0,1,1
6/25/2025 12:12:34 PM,1750846354768,Right,-0.02085892,0.928431,0.03525143,0.02299914,0.6624836,0.3038482,-0.07239866,0.8697611,0.05085815,-0.02527503,0.6371613,0.2977071,-0.01150787,1.323172,0.4586408,0.0241725,0.4027878,0.6189339,False,0,1,1
6/25/2025 12:12:34 PM,1750846354782,Right,-0.02310246,0.9222792,0.04449876,0.02594888,0.6510127,0.3078549,-0.0741545,0.8616824,0.05955725,-0.02342208,0.6258578,0.3035052,-0.00750792,1.311178,0.4652066,0.03047815,0.3882922,0.6208538,False,0,1,1
6/25/2025 12:12:34 PM,1750846354810,Right,-0.02785452,0.905975,0.06306043,0.03000741,0.6275698,0.3197145,-0.07643967,0.8434863,0.08173905,-0.01904104,0.6015354,0.3204311,-1.227856E-05,1.288005,0.4771754,0.04329141,0.358653,0.6301014,False,0,1,1
6/25/2025 12:12:34 PM,1750846354824,Right,-0.02865708,0.8950451,0.075519,0.03229652,0.6156348,0.3290942,-0.07811228,0.8339462,0.09375533,-0.01882702,0.5906417,0.3295895,0.002738476,1.277457,0.4823786,0.0465626,0.3449261,0.6372769,False,0,1,1
6/25/2025 12:12:34 PM,1750846354838,Right,-0.02976239,0.8840075,0.08945906,0.03416099,0.6034559,0.3399108,-0.0800175,0.823476,0.1065133,-0.01772698,0.5786772,0.3392904,0.005707383,1.266829,0.4875391,0.05195869,0.3302295,0.6444634,False,0,1,1
6/25/2025 12:12:34 PM,1750846354865,Right,-0.03184872,0.8617173,0.1213127,0.03801766,0.5811874,0.3665873,-0.08199889,0.8012703,0.135813,-0.0186609,0.5572403,0.3658391,0.01057172,1.247093,0.4992939,0.05299266,0.3060783,0.6712215,False,0,1,1
6/25/2025 12:12:34 PM,1750846354879,Right,-0.03291448,0.8498122,0.1410409,0.03951067,0.5696774,0.3848261,-0.08299655,0.7893093,0.1521758,-0.01924709,0.545857,0.3811667,0.01214683,1.238024,0.505317,0.05332809,0.2937274,0.6868852,False,0,1,1
6/25/2025 12:12:34 PM,1750846354907,Right,-0.03405552,0.8270765,0.1786573,0.03978322,0.5481909,0.4229961,-0.08059722,0.7669592,0.1880215,-0.01416982,0.52483,0.4176936,0.01346743,1.220064,0.5163648,0.06103693,0.2743458,0.7240922,False,0,1,1
6/25/2025 12:12:34 PM,1750846354921,Right,-0.036165,0.8156012,0.1986268,0.03927388,0.5386614,0.4455876,-0.08015256,0.7550131,0.2062567,-0.01384668,0.5133268,0.4355087,0.01287043,1.211764,0.5210704,0.06100011,0.2623088,0.742371,False,0,1,1
6/25/2025 12:12:34 PM,1750846354949,Right,-0.03032491,0.8006641,0.2395846,0.03797904,0.5219045,0.4936286,-0.08095559,0.7328498,0.2443762,-0.01356994,0.4890394,0.4787061,0.009724498,1.195916,0.5318675,0.05902208,0.2434335,0.7838,False,0,1,1
6/25/2025 12:12:34 PM,1750846354963,Right,-0.03519303,0.7833256,0.2606186,0.03430663,0.5135952,0.5213714,-0.08121952,0.7219043,0.2642039,-0.01381944,0.4797216,0.4999223,0.008339286,1.188699,0.5372498,0.05812212,0.2357497,0.8067328,False,0,1,1
6/25/2025 12:12:34 PM,1750846354991,Right,-0.03777611,0.7654554,0.3022078,0.02747831,0.5048022,0.5739223,-0.08176666,0.7037456,0.3031359,-0.0160808,0.466366,0.5432171,0.004371285,1.17672,0.5468715,0.0529047,0.2273489,0.855413,False,0,1,1
6/25/2025 12:12:35 PM,1750846355004,Right,-0.03900085,0.7516249,0.3269921,0.02271833,0.5029147,0.6028511,-0.08268369,0.6947212,0.3230869,-0.01899897,0.4625482,0.5635525,0.00184536,1.171288,0.5523564,0.04878484,0.2244741,0.8813735,True,0,1,2
6/25/2025 12:12:35 PM,1750846355018,Right,-0.04201392,0.7382708,0.3483201,0.01739921,0.5013448,0.6299965,-0.0832666,0.6890759,0.3300895,-0.02507531,0.4737406,0.5554556,-0.0007656813,1.166535,0.5579705,0.0454592,0.2214026,0.8911702,True,0,1,2
6/25/2025 12:12:35 PM,1750846355046,Right,-0.04492755,0.7284712,0.3856426,0.002119335,0.5035474,0.6850016,-0.0853925,0.6794032,0.3480138,-0.02932529,0.464762,0.5795709,-0.00533545,1.157204,0.5676731,0.03691899,0.2195272,0.9169199,True,0,1,2
6/25/2025 12:12:35 PM,1750846355060,Right,-0.04682478,0.722693,0.404168,-0.006578694,0.5086428,0.7124603,-0.08711226,0.6747653,0.3591176,-0.03276857,0.4622431,0.5931692,-0.008995652,1.15344,0.570783,0.03128619,0.220341,0.9332087,True,0,1,2
6/25/2025 12:12:35 PM,1750846355087,Right,-0.05252281,0.7160717,0.4398667,-0.02609153,0.5216507,0.7621982,-0.09197396,0.6659489,0.3850207,-0.04181459,0.4587199,0.625278,-0.01683033,1.147937,0.576542,0.01707174,0.2254144,0.9716539,True,0,1,2
6/25/2025 12:12:35 PM,1750846355102,Right,-0.05600071,0.7133111,0.45786,-0.03672557,0.5293506,0.7868001,-0.09497459,0.6624847,0.3997558,-0.04744614,0.4588955,0.6430169,-0.01981568,1.147057,0.5789598,0.008468747,0.2302352,0.9935234,True,0,1,2
6/25/2025 12:12:35 PM,1750846355129,Right,-0.06303066,0.7132629,0.491485,-0.05787844,0.5488991,0.8295075,-0.1024555,0.6584107,0.4336126,-0.061366,0.4635923,0.6835386,-0.02612436,1.150085,0.5851948,-0.01315509,0.2459357,1.043522,True,0,1,2
6/25/2025 12:12:35 PM,1750846355143,Right,-0.06661201,0.7166671,0.5081804,-0.06796437,0.5623283,0.8488823,-0.106869,0.6587009,0.4515322,-0.0695633,0.4692278,0.7041581,-0.02930963,1.152364,0.5888271,-0.02608437,0.2570374,1.069788,True,0,1,2
6/25/2025 12:12:35 PM,1750846355171,Right,-0.07706043,0.7329215,0.5377272,-0.09019388,0.5909632,0.8859373,-0.1166099,0.664385,0.491987,-0.08804531,0.4844466,0.7544473,-0.03307462,1.158574,0.5955645,-0.05789348,0.2880222,1.128386,True,0,1,2
6/25/2025 12:12:35 PM,1750846355185,Right,-0.08212196,0.7440588,0.5539795,-0.1015612,0.6075322,0.9026006,-0.1241249,0.6698132,0.5118877,-0.1006378,0.4959486,0.7779372,-0.03569472,1.162776,0.5976534,-0.07817008,0.3069809,1.157133,True,0,1,2
6/25/2025 12:12:35 PM,1750846355199,Right,-0.08810307,0.754918,0.5666749,-0.1140943,0.6247377,0.9164057,-0.130759,0.6781787,0.5304702,-0.1132464,0.5109482,0.8003733,-0.03932047,1.167132,0.6001139,-0.1001486,0.330341,1.184819,True,0,1,2
6/25/2025 12:12:35 PM,1750846355226,Right,-0.1025627,0.7786137,0.5892469,-0.1439199,0.6551182,0.9415761,-0.1376359,0.6892028,0.5473768,-0.1335962,0.5346392,0.8266869,-0.0455755,1.177012,0.6052256,-0.142347,0.3728271,1.218185,True,0,1,2
6/25/2025 12:12:35 PM,1750846355241,Right,-0.1092144,0.7842352,0.5964651,-0.1603463,0.6695439,0.9512595,-0.1409278,0.6959189,0.554763,-0.1447642,0.5477254,0.8381975,-0.0484854,1.18235,0.6071503,-0.1661713,0.395031,1.232206,True,0,1,2
6/25/2025 12:12:35 PM,1750846355269,Right,-0.119572,0.7971829,0.608508,-0.1949595,0.6925882,0.9626303,-0.1478812,0.7076509,0.5675051,-0.1706865,0.573213,0.8573201,-0.05559313,1.193631,0.6101844,-0.2221135,0.4386007,1.254674,True,0,1,2
6/25/2025 12:12:35 PM,1750846355282,Right,-0.1254292,0.8015366,0.6145076,-0.2129759,0.7062562,0.9662377,-0.1523786,0.7127261,0.5728564,-0.1861145,0.5855432,0.8629911,-0.05984771,1.199181,0.6116232,-0.254805,0.4584038,1.262007,True,0,1,2
6/25/2025 12:12:35 PM,1750846355310,Right,-0.13648,0.8101848,0.6257735,-0.2517014,0.7295718,0.973363,-0.1626194,0.723375,0.5818689,-0.2209734,0.6088662,0.8734764,-0.06809986,1.210088,0.6128188,-0.3246269,0.4984715,1.269817,True,0,1,2
6/25/2025 12:12:35 PM,1750846355324,Right,-0.143649,0.815701,0.6305898,-0.2735851,0.740904,0.9746749,-0.1685897,0.7289938,0.5857563,-0.2391347,0.6190612,0.8767582,-0.0720849,1.214998,0.6125355,-0.3587774,0.515329,1.270063,True,0,1,2
6/25/2025 12:12:35 PM,1750846355338,Right,-0.1517349,0.8217611,0.6347558,-0.2959672,0.7517551,0.975548,-0.1745677,0.7346269,0.5893718,-0.2536979,0.6277617,0.8806193,-0.07563436,1.219844,0.6119593,-0.3843057,0.5290642,1.27044,True,0,1,2
6/25/2025 12:12:35 PM,1750846355366,Right,-0.17042,0.8345967,0.6412958,-0.3421222,0.7715067,0.972061,-0.1878822,0.7451633,0.5939404,-0.2856463,0.6418568,0.881938,-0.08396173,1.229694,0.6116093,-0.4414768,0.5480314,1.262468,True,0,1,2
6/25/2025 12:12:35 PM,1750846355380,Right,-0.1817963,0.8422406,0.6436004,-0.3680949,0.7808022,0.9673221,-0.1953426,0.7506409,0.596171,-0.3030419,0.6494274,0.882252,-0.08787286,1.23434,0.6117798,-0.4721187,0.5584448,1.256895,True,0,1,2
6/25/2025 12:12:35 PM,1750846355407,Right,-0.2045263,0.8568161,0.6461511,-0.4174031,0.7969424,0.9534589,-0.2118611,0.7610235,0.5986413,-0.3406221,0.6612566,0.8761114,-0.09586167,1.24201,0.6105299,-0.5396537,0.5702655,1.236029,True,0,1,2
6/25/2025 12:12:35 PM,1750846355421,Right,-0.2175286,0.8657144,0.6459339,-0.4444691,0.8031695,0.9439819,-0.2214187,0.7668989,0.5991508,-0.3600004,0.6677318,0.8732394,-0.1008765,1.24581,0.6095707,-0.5720266,0.5770869,1.224567,True,0,1,2
6/25/2025 12:12:35 PM,1750846355449,Right,-0.2430093,0.8830906,0.6430715,-0.497527,0.8143461,0.9231104,-0.2419171,0.7776311,0.5970288,-0.4024403,0.6771995,0.8633186,-0.1124516,1.252972,0.6080309,-0.6405616,0.5848583,1.192026,True,0,1,2
6/25/2025 12:12:35 PM,1750846355463,Right,-0.2588729,0.890274,0.6387303,-0.5245922,0.8190054,0.9085504,-0.252942,0.7832791,0.5944382,-0.4248405,0.6820775,0.8554978,-0.1187228,1.256484,0.6064148,-0.6760307,0.5883958,1.171601,True,0,1,2
6/25/2025 12:12:35 PM,1750846355490,Right,-0.2919716,0.90115,0.62781,-0.5768993,0.8264142,0.8752978,-0.2771258,0.7941998,0.5880978,-0.4667337,0.6878351,0.832326,-0.1301838,1.261646,0.6025113,-0.7435871,0.5823995,1.124432,True,0,1,2
6/25/2025 12:12:35 PM,1750846355504,Right,-0.3087138,0.906204,0.6191789,-0.6043049,0.8299623,0.8560143,-0.2888789,0.7977496,0.5839408,-0.4874008,0.6889777,0.8208653,-0.135846,1.263896,0.6008669,-0.7748725,0.5786678,1.099609,True,0,1,2
6/25/2025 12:12:35 PM,1750846355518,Right,-0.3250899,0.9114669,0.6103969,-0.6314781,0.8320003,0.8363059,-0.3004322,0.8001426,0.5786905,-0.5099397,0.6895539,0.8089507,-0.1422926,1.265796,0.5995467,-0.8072731,0.5764453,1.071815,True,0,1,2
6/25/2025 12:12:35 PM,1750846355546,Right,-0.3569697,0.9142134,0.5838351,-0.6801676,0.8321202,0.7879319,-0.3252541,0.8076071,0.5664262,-0.5529062,0.6902369,0.7779496,-0.1569515,1.269864,0.5947344,-0.8687884,0.5642172,1.008503,True,0,1,2
6/25/2025 12:12:35 PM,1750846355560,Right,-0.3712941,0.9164845,0.5716011,-0.7045774,0.8337255,0.7597839,-0.336895,0.8106852,0.5584597,-0.5729884,0.6897771,0.7592856,-0.1640191,1.271956,0.5921338,-0.8971367,0.5566068,0.9727948,True,0,1,2
6/25/2025 12:12:35 PM,1750846355587,Right,-0.3951116,0.9186841,0.5504429,-0.7435241,0.8290327,0.6998612,-0.3584853,0.8149348,0.5422496,-0.6062784,0.6855918,0.7196274,-0.1751317,1.276415,0.5893779,-0.9437556,0.5336145,0.9006035,True,0,1,2
6/25/2025 12:12:35 PM,1750846355602,Right,-0.4063343,0.920862,0.5376031,-0.760974,0.8280621,0.6673356,-0.3683364,0.8177192,0.5328315,-0.6215539,0.6851686,0.6987243,-0.1795508,1.27849,0.5885073,-0.9647761,0.5271192,0.8643605,True,0,1,2
6/25/2025 12:12:35 PM,1750846355629,Right,-0.4272661,0.9243804,0.5101267,-0.7912501,0.8273019,0.6008531,-0.3877208,0.8205619,0.5115945,-0.6508695,0.6797997,0.6521088,-0.1870437,1.281877,0.584753,-1.003075,0.5084625,0.7836843,True,0,1,2
6/25/2025 12:12:35 PM,1750846355643,Right,-0.4371875,0.9255085,0.4944817,-0.8053703,0.8255566,0.5663826,-0.396408,0.8218074,0.4995963,-0.6648462,0.6781607,0.6266762,-0.1901323,1.28362,0.5824928,-1.021082,0.5023724,0.7401046,True,0,1,2
6/25/2025 12:12:35 PM,1750846355671,Right,-0.452578,0.9251427,0.461329,-0.8268275,0.8245935,0.4965081,-0.4112825,0.8233758,0.477486,-0.6885049,0.6726503,0.5763456,-0.1955407,1.287023,0.5796356,-1.048524,0.4861952,0.6516474,True,0,1,2
6/25/2025 12:12:35 PM,1750846355685,Right,-0.4594449,0.9242586,0.4445968,-0.8346267,0.824985,0.4594693,-0.418098,0.8216704,0.4656728,-0.698501,0.6694815,0.5502367,-0.1977949,1.288469,0.5787776,-1.060352,0.4787618,0.6071776,True,0,1,2
6/25/2025 12:12:35 PM,1750846355699,Right,-0.4641041,0.9227049,0.4266371,-0.8402326,0.8265858,0.4242148,-0.4246159,0.8225022,0.4518406,-0.7078706,0.6687368,0.5223764,-0.1997447,1.289488,0.5782479,-1.069868,0.4735225,0.5612151,True,0,1,2
6/25/2025 12:12:35 PM,1750846355727,Right,-0.4713665,0.9208151,0.3954824,-0.8468054,0.8297846,0.3566572,-0.4342603,0.8217832,0.4247972,-0.7205056,0.6641206,0.4704182,-0.203419,1.289906,0.5774847,-1.078792,0.4586866,0.4780907,True,0,1,2
6/25/2025 12:12:35 PM,1750846355741,Right,-0.4735819,0.9198902,0.3823707,-0.8450939,0.8304048,0.3280003,-0.4379534,0.8217279,0.4151637,-0.7232143,0.6630287,0.4482837,-0.2051674,1.289478,0.5771259,-1.080284,0.4518257,0.4413283,True,0,1,2
6/25/2025 12:12:35 PM,1750846355769,Right,-0.4759923,0.9167091,0.3598703,-0.8433424,0.8294787,0.2762945,-0.4489798,0.8274616,0.3993249,-0.7560468,0.6639134,0.40779,-0.2085751,1.287796,0.5757226,-1.095009,0.4642782,0.3702662,False,0,1,2
6/25/2025 12:12:35 PM,1750846355782,Right,-0.4774459,0.916041,0.3532853,-0.8406785,0.8322496,0.2534456,-0.454269,0.8259087,0.3876858,-0.7641491,0.6691678,0.3826633,-0.2104534,1.286749,0.5747665,-1.106059,0.4766845,0.3301285,False,0,1,2
6/25/2025 12:12:35 PM,1750846355810,Right,-0.4772843,0.9113544,0.3443621,-0.8341177,0.8323104,0.2197948,-0.4569774,0.8172641,0.3795829,-0.7705172,0.6717343,0.3440477,-0.2140938,1.28432,0.5739219,-1.112746,0.492962,0.2575341,False,0,1,2
6/25/2025 12:12:35 PM,1750846355823,Right,-0.4767547,0.9064729,0.3444534,-0.8300247,0.8326442,0.2077678,-0.4561408,0.8127244,0.3768836,-0.7701972,0.6736714,0.3255928,-0.2160435,1.282914,0.5738075,-1.111977,0.5032843,0.2212377,False,0,1,2
6/25/2025 12:12:35 PM,1750846355837,Right,-0.4753317,0.9013343,0.3465246,-0.8261971,0.8348042,0.2007965,-0.4554925,0.8078213,0.3760031,-0.7686203,0.6745945,0.3051609,-0.2179589,1.281325,0.5736436,-1.106683,0.5123782,0.1791177,False,0,1,2
6/25/2025 12:12:35 PM,1750846355865,Right,-0.4704077,0.8904354,0.3542306,-0.8175688,0.8277448,0.200618,-0.4511542,0.7978414,0.3814433,-0.7624413,0.6746781,0.2927503,-0.2214284,1.277231,0.5726854,-1.100259,0.5278655,0.1450621,False,0,1,2
6/25/2025 12:12:35 PM,1750846355879,Right,-0.4665817,0.8842978,0.3587911,-0.8129129,0.8220742,0.204239,-0.447116,0.7916647,0.3845345,-0.7569081,0.6684235,0.2923333,-0.222537,1.27506,0.572535,-1.093754,0.5228191,0.1402374,False,0,1,2
6/25/2025 12:12:35 PM,1750846355907,Right,-0.4530904,0.8703287,0.3671729,-0.80478,0.8081247,0.2278283,-0.4330281,0.7786731,0.3917014,-0.7456399,0.6581302,0.309213,-0.2236876,1.270624,0.5727463,-1.089772,0.517527,0.1667776,False,0,1,2
6/25/2025 12:12:35 PM,1750846355921,Right,-0.4453872,0.8634298,0.3716916,-0.8005015,0.8009347,0.2416295,-0.425273,0.7729358,0.395474,-0.7396037,0.6533416,0.3186017,-0.223546,1.268135,0.5729135,-1.086677,0.5136744,0.1823357,False,0,1,2
6/25/2025 12:12:35 PM,1750846355949,Right,-0.4257669,0.8508411,0.383204,-0.7892796,0.7855549,0.2825176,-0.4041921,0.7658985,0.4035304,-0.7213275,0.6466091,0.3411319,-0.22314,1.263092,0.5732976,-1.074945,0.5075486,0.2206492,False,0,1,2
6/25/2025 12:12:35 PM,1750846355963,Right,-0.4148991,0.8446788,0.3907238,-0.7818597,0.7782397,0.3050098,-0.3936071,0.7612453,0.407805,-0.7119768,0.6418894,0.3531483,-0.2221363,1.260389,0.5734793,-1.068655,0.5030616,0.241217,False,0,1,2
6/25/2025 12:12:35 PM,1750846355990,Right,-0.3892144,0.8317744,0.4040943,-0.7688588,0.766022,0.3471556,-0.3668121,0.7498733,0.4177288,-0.6941738,0.6305438,0.3814855,-0.2193074,1.255068,0.5737922,-1.052792,0.4976999,0.2914762,False,0,1,2
6/25/2025 12:12:36 PM,1750846356004,Right,-0.3744176,0.8254468,0.4104545,-0.7622845,0.7608383,0.3688809,-0.3528587,0.7434206,0.4219465,-0.6864283,0.6254091,0.3949356,-0.2177385,1.252452,0.5740086,-1.044788,0.4983498,0.3157654,False,0,1,2
6/25/2025 12:12:36 PM,1750846356018,Right,-0.3591268,0.8192173,0.4169366,-0.7556989,0.756309,0.3910099,-0.337097,0.7375919,0.4256029,-0.6791508,0.6213312,0.4094986,-0.2159716,1.249967,0.5742567,-1.035537,0.50219,0.3427339,False,0,1,2
6/25/2025 12:12:36 PM,1750846356045,Right,-0.328029,0.8074697,0.4281581,-0.7435328,0.7497121,0.433118,-0.3073874,0.7283076,0.4289504,-0.6677861,0.6176645,0.4366691,-0.2118955,1.245424,0.5745356,-1.017583,0.5172637,0.3945565,False,0,1,2
6/25/2025 12:12:36 PM,1750846356059,Right,-0.3100976,0.8014567,0.4317325,-0.7419907,0.7490441,0.4385918,-0.2914972,0.7252374,0.4293647,-0.6665629,0.6176025,0.4497091,-0.2094114,1.243354,0.5747752,-1.006839,0.5295976,0.4188281,False,0,1,2
6/25/2025 12:12:36 PM,1750846356088,Right,-0.2754302,0.7933252,0.4387613,-0.7419907,0.7490441,0.4385918,-0.2608919,0.7179656,0.4278266,-0.6676828,0.6229506,0.4778696,-0.2040572,1.239911,0.5755262,-0.9853965,0.5645732,0.468619,False,0,1,2
6/25/2025 12:12:36 PM,1750846356101,Right,-0.2575689,0.7877139,0.438298,-0.6084048,0.7030024,0.5636005,-0.2454809,0.7151631,0.424945,-0.5738294,0.6328422,0.4801569,-0.2012407,1.238438,0.576103,-0.9655384,0.5530372,0.4979703,False,0,1,2
6/25/2025 12:12:36 PM,1750846356129,Right,-0.2210624,0.7798974,0.4379695,-0.5510271,0.6905755,0.6015872,-0.2181921,0.7095093,0.4135993,-0.5356386,0.6194929,0.4995489,-0.1948853,1.237223,0.5772858,-0.9241468,0.533036,0.5570755,False,0,1,2
6/25/2025 12:12:36 PM,1750846356143,Right,-0.2034315,0.7774218,0.4338071,-0.5152054,0.6846841,0.6191881,-0.2049954,0.7075454,0.4048834,-0.5129536,0.6148657,0.505457,-0.191618,1.237362,0.5776814,-0.9009435,0.5247346,0.5847073,False,0,1,2
6/25/2025 12:12:36 PM,1750846356171,Right,-0.1683919,0.7733873,0.4230041,-0.4519655,0.6781271,0.6389746,-0.1813719,0.7074599,0.3875459,-0.4698495,0.6087886,0.5192141,-0.1838144,1.238829,0.5797805,-0.8489319,0.5127186,0.6454985,False,0,1,2
6/25/2025 12:12:36 PM,1750846356185,Right,-0.1507366,0.7717572,0.4132855,-0.4225028,0.6710432,0.6442614,-0.1708894,0.7101003,0.3790388,-0.4512414,0.607437,0.5275534,-0.179768,1.239659,0.5808504,-0.819999,0.509825,0.6767747,False,0,1,2
6/25/2025 12:12:36 PM,1750846356198,Right,-0.1357201,0.7706839,0.4010477,-0.3959701,0.665274,0.6484047,-0.1612082,0.7117988,0.3679603,-0.4329219,0.6043714,0.5350721,-0.1754447,1.240903,0.5816143,-0.7874088,0.5058717,0.7079116,False,0,1,2
6/25/2025 12:12:36 PM,1750846356226,Right,-0.1094538,0.771968,0.3764753,-0.3393888,0.6524437,0.6482855,-0.1434125,0.7175892,0.3452939,-0.3898786,0.6023995,0.5456,-0.1662923,1.243863,0.5825543,-0.7138992,0.5008367,0.7667952,False,0,1,2
6/25/2025 12:12:36 PM,1750846356240,Right,-0.09692625,0.7756609,0.363526,-0.3111857,0.6472016,0.6430431,-0.1350724,0.7216386,0.3329224,-0.3656493,0.6020654,0.5481226,-0.161548,1.245405,0.5834014,-0.6713309,0.4973141,0.7935802,False,0,1,2
6/25/2025 12:12:36 PM,1750846356268,Right,-0.07667094,0.7826566,0.3341752,-0.257304,0.6372759,0.6285216,-0.1193334,0.732442,0.3102335,-0.3133385,0.6024311,0.5533822,-0.1513535,1.24724,0.5864396,-0.5724263,0.4889837,0.8445882,False,0,1,2
6/25/2025 12:12:36 PM,1750846356282,Right,-0.06586678,0.7882142,0.3196876,-0.2307656,0.6325445,0.6168188,-0.1122748,0.7376738,0.2978683,-0.2856168,0.6013898,0.5518333,-0.1460608,1.247459,0.5879149,-0.518317,0.4808655,0.8629165,False,0,1,2
6/25/2025 12:12:36 PM,1750846356310,Right,-0.04953918,0.7976856,0.287828,-0.1827009,0.6234463,0.5914664,-0.09977069,0.7445302,0.2714174,-0.2271232,0.5931149,0.5441983,-0.1353291,1.24655,0.5903296,-0.3983012,0.4556834,0.8858661,False,0,1,2
6/25/2025 12:12:36 PM,1750846356323,Right,-0.04356091,0.8035553,0.2715195,-0.1603603,0.6200119,0.5759513,-0.09471441,0.7503031,0.2581525,-0.1981896,0.590345,0.5357332,-0.1296149,1.245367,0.5909644,-0.3397899,0.4417925,0.8865308,False,0,1,2
6/25/2025 12:12:36 PM,1750846356337,Right,-0.03826861,0.809566,0.2558563,-0.1397195,0.6158599,0.5588814,-0.09033207,0.754594,0.2444876,-0.167753,0.585075,0.5250756,-0.1238874,1.243675,0.5921348,-0.2776087,0.4243141,0.8816239,False,0,1,2
6/25/2025 12:12:36 PM,1750846356365,Right,-0.03000144,0.8185652,0.2240366,-0.102333,0.6083034,0.5240282,-0.08398163,0.7644283,0.2192374,-0.1226628,0.5762125,0.494897,-0.1131506,1.239399,0.5956792,-0.1850863,0.3900848,0.8514913,False,0,1,2
6/25/2025 12:12:36 PM,1750846356379,Right,-0.026005,0.8251902,0.2083475,-0.08541723,0.6034632,0.505816,-0.08195732,0.7684211,0.2066202,-0.1117713,0.5745106,0.4818934,-0.1077914,1.236559,0.5973912,-0.1622966,0.3836514,0.835586,False,0,1,2
6/25/2025 12:12:36 PM,1750846356407,Right,-0.02268201,0.8323689,0.1808739,-0.05966068,0.5973328,0.4710697,-0.07981794,0.7746641,0.1850546,-0.09098735,0.5687644,0.4524556,-0.09795845,1.229828,0.5987846,-0.1171729,0.361979,0.8001934,False,0,1,2
6/25/2025 12:12:36 PM,1750846356421,Right,-0.02241172,0.8355298,0.1695312,-0.05116118,0.5906324,0.4550202,-0.0798783,0.7767543,0.1749227,-0.08238241,0.5648712,0.4398807,-0.09367621,1.226519,0.5988166,-0.0966552,0.3526918,0.7831905,False,0,1,2
6/25/2025 12:12:36 PM,1750846356448,Right,-0.02334489,0.8389822,0.1540249,-0.03593098,0.5803216,0.4316213,-0.08184004,0.7777955,0.1642009,-0.07082421,0.5558694,0.4236333,-0.08592808,1.219504,0.5977256,-0.06748201,0.3341175,0.7583758,False,0,1,2
6/25/2025 12:12:36 PM,1750846356463,Right,-0.02432936,0.8366794,0.150101,-0.02914754,0.5761566,0.4256654,-0.08470813,0.7776257,0.1596304,-0.06703895,0.5519773,0.415969,-0.08187354,1.216582,0.5971053,-0.05503199,0.3260105,0.7472214,False,0,1,2
6/25/2025 12:12:36 PM,1750846356490,Right,-0.02826377,0.8316044,0.1524827,-0.01916265,0.5649472,0.4222261,-0.08313368,0.7755224,0.1647584,-0.05766334,0.5444573,0.4148499,-0.07515681,1.210374,0.5972342,-0.03631437,0.3105229,0.7406781,False,0,1,2
6/25/2025 12:12:36 PM,1750846356504,Right,-0.0303142,0.828476,0.1576164,-0.01547511,0.5582206,0.4237009,-0.08431938,0.7732728,0.1689592,-0.0542249,0.5395688,0.4162453,-0.07186007,1.207525,0.5982108,-0.02717461,0.3023404,0.7390972,False,0,1,2
6/25/2025 12:12:36 PM,1750846356518,Right,-0.03224809,0.8243803,0.1683801,-0.01338409,0.5500471,0.4317098,-0.08538708,0.7699865,0.1745101,-0.05186678,0.5339427,0.4205483,-0.06810594,1.20445,0.5995698,-0.02121042,0.2951679,0.7406626,False,0,1,2
6/25/2025 12:12:36 PM,1750846356545,Right,-0.03641729,0.8089576,0.1968861,-0.01102017,0.5346781,0.4567757,-0.0882921,0.7616075,0.1892361,-0.05032757,0.5254564,0.4306421,-0.06326973,1.199177,0.6008596,-0.01358039,0.282032,0.7500619,False,0,1,2
6/25/2025 12:12:36 PM,1750846356560,Right,-0.03979616,0.7999294,0.2133542,-0.0107724,0.5267734,0.4724169,-0.08996711,0.7567598,0.1980566,-0.04985192,0.520379,0.4389339,-0.06231725,1.196391,0.6015525,-0.01027448,0.2767003,0.7577816,False,0,1,2
6/25/2025 12:12:36 PM,1750846356588,Right,-0.04772489,0.7826942,0.2497813,-0.01383096,0.5098789,0.5163872,-0.09442861,0.7452011,0.220174,-0.05306848,0.5057989,0.4644081,-0.06073487,1.18974,0.6040763,-0.01223889,0.2657636,0.780071,False,0,1,2
6/25/2025 12:12:36 PM,1750846356602,Right,-0.04674313,0.7722332,0.2786443,-0.01613223,0.5004933,0.5462503,-0.09655958,0.7389452,0.2327578,-0.05470374,0.5006781,0.4777089,-0.06006324,1.186243,0.6056767,-0.01275986,0.2618371,0.7944033,False,0,1,2
6/25/2025 12:12:36 PM,1750846356629,Right,-0.05352981,0.7487723,0.3270715,-0.03082455,0.4896861,0.5988046,-0.1010438,0.7251219,0.262759,-0.06026282,0.4943635,0.507198,-0.06000102,1.179802,0.6091763,-0.01774825,0.2564566,0.8315426,False,0,1,2
6/25/2025 12:12:36 PM,1750846356643,Right,-0.05658918,0.7390279,0.3518146,-0.0365351,0.4895359,0.6306246,-0.1031263,0.718049,0.2797455,-0.06360953,0.4905745,0.5256198,-0.06031168,1.176734,0.610885,-0.02229749,0.2549446,0.8534189,True,0,1,3
6/25/2025 12:12:36 PM,1750846356671,Right,-0.06350474,0.7236961,0.3966826,-0.05115492,0.492539,0.6917457,-0.1049288,0.7115023,0.2940592,-0.06961752,0.4988699,0.5289289,-0.06217039,1.171106,0.6139144,-0.02888422,0.2542731,0.8730745,True,0,1,3
6/25/2025 12:12:36 PM,1750846356685,Right,-0.0680799,0.7130942,0.4188787,-0.06119604,0.4985294,0.7220396,-0.1060407,0.7078982,0.3026397,-0.07232472,0.4989624,0.5370578,-0.06345451,1.16887,0.6152185,-0.03309966,0.2549552,0.8854109,True,0,1,3
6/25/2025 12:12:36 PM,1750846356699,Right,-0.07268981,0.7058491,0.4413257,-0.07145468,0.506986,0.7516945,-0.1074954,0.7039012,0.31286,-0.07558046,0.498786,0.5476549,-0.06529629,1.167343,0.6167866,-0.03842352,0.2565128,0.9003742,True,0,1,3
6/25/2025 12:12:36 PM,1750846356727,Right,-0.08132826,0.7058998,0.4791134,-0.0933471,0.5261438,0.8072511,-0.1110445,0.6958417,0.3360341,-0.08224694,0.4933211,0.5795649,-0.06893826,1.167021,0.620432,-0.05090071,0.2623087,0.9348095,True,0,1,3
6/25/2025 12:12:36 PM,1750846356740,Right,-0.08660149,0.7064788,0.4968755,-0.1047086,0.5384976,0.8329856,-0.113436,0.6918509,0.3496448,-0.08671115,0.4918617,0.5975387,-0.07088721,1.167542,0.6222018,-0.05879368,0.2669578,0.9551035,True,0,1,3
6/25/2025 12:12:36 PM,1750846356768,Right,-0.09773944,0.7112024,0.529773,-0.1281805,0.5645679,0.8753268,-0.1194851,0.6845413,0.3803116,-0.09789682,0.4927354,0.6356151,-0.07575285,1.170163,0.6264079,-0.07758608,0.2801973,1.000675,True,0,1,3
6/25/2025 12:12:36 PM,1750846356782,Right,-0.1039086,0.7165568,0.5454573,-0.1386265,0.5797959,0.8933316,-0.1232386,0.6816599,0.3968713,-0.1046931,0.4951728,0.6551142,-0.07875359,1.17273,0.6291285,-0.08864607,0.2888303,1.025034,True,0,1,3
6/25/2025 12:12:36 PM,1750846356809,Right,-0.1168984,0.7281555,0.573267,-0.1595841,0.609751,0.925083,-0.1331097,0.6776673,0.435242,-0.1219207,0.5034347,0.7005875,-0.08509314,1.179234,0.6357719,-0.1165232,0.3126039,1.080652,True,0,1,3
6/25/2025 12:12:36 PM,1750846356824,Right,-0.1240865,0.73494,0.5853716,-0.1726327,0.6236655,0.938692,-0.1388087,0.6770343,0.4549589,-0.1317678,0.5088713,0.7242468,-0.08829892,1.18271,0.638685,-0.1326188,0.326564,1.108589,True,0,1,3
6/25/2025 12:12:36 PM,1750846356838,Right,-0.1300972,0.7405843,0.5966231,-0.1852107,0.6371266,0.95126,-0.1455311,0.6773032,0.47661,-0.1432416,0.5159953,0.7500525,-0.09179008,1.18645,0.6410396,-0.1513069,0.34327,1.138795,True,0,1,3
6/25/2025 12:12:36 PM,1750846356866,Right,-0.1444591,0.7563004,0.6164741,-0.2115503,0.6619408,0.9675065,-0.161482,0.6802826,0.5214191,-0.1703347,0.534854,0.7998745,-0.09936321,1.193558,0.6458168,-0.1957195,0.3807202,1.199055,True,0,1,3
6/25/2025 12:12:36 PM,1750846356880,Right,-0.1516369,0.76256,0.6261395,-0.2252618,0.6742532,0.9745395,-0.1711008,0.6832137,0.5448672,-0.1863494,0.5462303,0.8253446,-0.1033512,1.196919,0.6476461,-0.2219765,0.4020858,1.229322,True,0,1,3
6/25/2025 12:12:36 PM,1750846356907,Right,-0.1664654,0.7756723,0.644259,-0.25298,0.6972399,0.9853281,-0.1950569,0.6955225,0.5939694,-0.2263907,0.5764397,0.8747527,-0.1112252,1.203551,0.6508273,-0.2887639,0.4517129,1.288142,True,0,1,3
6/25/2025 12:12:36 PM,1750846356920,Right,-0.1743166,0.7827005,0.6529502,-0.2676608,0.7075688,0.9884589,-0.1987106,0.7002007,0.598939,-0.2392246,0.5892495,0.8785756,-0.1150708,1.207048,0.6521298,-0.3173999,0.4732716,1.295011,True,0,1,3
6/25/2025 12:12:36 PM,1750846356949,Right,-0.1902742,0.7971401,0.6689174,-0.2974137,0.7264745,0.9926262,-0.207333,0.7044542,0.6041096,-0.2624668,0.6029077,0.8768438,-0.1228367,1.213147,0.6544917,-0.3686467,0.4934293,1.296602,True,0,1,3
6/25/2025 12:12:36 PM,1750846356963,Right,-0.1954132,0.8018294,0.673614,-0.3133955,0.734845,0.99209,-0.2114559,0.7067519,0.6069559,-0.2714575,0.60776,0.8780248,-0.126519,1.215993,0.6555619,-0.3866154,0.5006219,1.297557,True,0,1,3
6/25/2025 12:12:36 PM,1750846356990,Right,-0.1954132,0.8018294,0.673614,-0.3465139,0.7507301,0.9885333,-0.2198298,0.7111867,0.6095825,-0.2924521,0.6160454,0.8844236,-0.1334773,1.220992,0.6568333,-0.4253478,0.5182064,1.295601,True,0,1,3
6/25/2025 12:12:37 PM,1750846357005,Right,-0.1954132,0.8018294,0.673614,-0.364266,0.7580506,0.9847833,-0.2237004,0.7140279,0.6111175,-0.3039145,0.6210341,0.8884682,-0.13653,1.223272,0.6572683,-0.4463821,0.5287949,1.293907,True,0,1,3
6/25/2025 12:12:37 PM,1750846357018,Right,-0.1954132,0.8018294,0.673614,-0.3820615,0.7646577,0.9783449,-0.2278889,0.7164309,0.6117224,-0.3159859,0.6257452,0.8894482,-0.1393781,1.22566,0.6576682,-0.4693073,0.5378236,1.289894,True,0,1,3
6/25/2025 12:12:37 PM,1750846357046,Right,-0.1954132,0.8018294,0.673614,-0.4186532,0.7795115,0.9632582,-0.2367974,0.7217295,0.6125286,-0.3433607,0.6352695,0.8917278,-0.1444031,1.229446,0.6579328,-0.5198743,0.5563511,1.277824,True,0,1,3
6/25/2025 12:12:37 PM,1750846357060,Right,-0.1954132,0.8018294,0.673614,-0.4391775,0.7872139,0.9554882,-0.2417904,0.724328,0.6120054,-0.3588841,0.6396762,0.8937411,-0.146402,1.231136,0.6577898,-0.5459757,0.566081,1.269675,True,0,1,3
6/25/2025 12:12:37 PM,1750846357088,Right,-0.1954132,0.8018294,0.673614,-0.4812458,0.8003503,0.9359713,-0.2521072,0.731284,0.6113514,-0.3941383,0.6505665,0.8972582,-0.149948,1.234611,0.6575443,-0.6036747,0.5875937,1.248418,True,0,1,3
6/25/2025 12:12:37 PM,1750846357102,Right,-0.2518319,0.8237647,0.649683,-0.5040552,0.8070275,0.9227329,-0.2584131,0.7329715,0.6085639,-0.4049326,0.654605,0.87726,-0.1514387,1.236228,0.6573713,-0.6351776,0.5856538,1.230212,True,0,1,3
6/25/2025 12:12:37 PM,1750846357129,Right,-0.2807381,0.8408933,0.6398959,-0.549844,0.8176517,0.8936182,-0.2720522,0.7435967,0.605199,-0.4392241,0.6631345,0.859592,-0.1536896,1.239084,0.6561822,-0.7004806,0.5871729,1.190076,True,0,1,3
6/25/2025 12:12:37 PM,1750846357144,Right,-0.2933098,0.8476536,0.6344694,-0.5736604,0.8222355,0.8751255,-0.2796586,0.7494499,0.6046847,-0.4572934,0.6671954,0.8510611,-0.15424,1.240367,0.655413,-0.7336393,0.5865405,1.168123,True,0,1,3
6/25/2025 12:12:37 PM,1750846357157,Right,-0.3051267,0.8523885,0.6276172,-0.598524,0.8287563,0.85719,-0.2870234,0.7530357,0.6025995,-0.4774624,0.6693054,0.8419138,-0.1548742,1.241623,0.6548127,-0.7680616,0.5856702,1.141757,True,0,1,3
6/25/2025 12:12:37 PM,1750846357185,Right,-0.3293261,0.8642753,0.6128451,-0.6461248,0.8387804,0.8174307,-0.3027158,0.7610533,0.5962987,-0.5173617,0.6735665,0.8185434,-0.1553415,1.243562,0.6534601,-0.8336218,0.5816552,1.082154,True,0,1,3
6/25/2025 12:12:37 PM,1750846357199,Right,-0.3418802,0.8684841,0.6026856,-0.6672962,0.8384359,0.7915121,-0.311674,0.7662041,0.5921096,-0.5361117,0.6752004,0.8023241,-0.1552842,1.244533,0.6526995,-0.8650814,0.5748559,1.047331,True,0,1,3
6/25/2025 12:12:37 PM,1750846357226,Right,-0.3631948,0.8759964,0.5864416,-0.7079064,0.8393415,0.7397259,-0.3291852,0.7744589,0.5820377,-0.5729976,0.6742579,0.7670376,-0.1553204,1.246307,0.6503879,-0.9216571,0.5548176,0.9704124,True,0,1,3
6/25/2025 12:12:37 PM,1750846357241,Right,-0.3740955,0.8789587,0.5758308,-0.725801,0.8372371,0.7098727,-0.3388377,0.7775997,0.5745915,-0.5898236,0.6728572,0.7465718,-0.1550418,1.247004,0.6491479,-0.9461101,0.5444531,0.9309098,True,0,1,3
6/25/2025 12:12:37 PM,1750846357269,Right,-0.3960747,0.8848985,0.5529144,-0.758619,0.8306163,0.6501496,-0.3568217,0.7825952,0.5579225,-0.6195222,0.6680461,0.7053089,-0.1542498,1.248256,0.6471742,-0.9858721,0.5240091,0.8537754,True,0,1,3
6/25/2025 12:12:37 PM,1750846357282,Right,-0.4053949,0.8864667,0.5399938,-0.7725726,0.8262108,0.6195784,-0.3646301,0.7839306,0.5496138,-0.6337655,0.6652371,0.6837948,-0.1538063,1.2489,0.6461729,-1.003957,0.5152345,0.8126035,True,0,1,3
6/25/2025 12:12:37 PM,1750846357310,Right,-0.4213299,0.889467,0.5140032,-0.7999093,0.8074809,0.5606512,-0.3787882,0.7838941,0.5326558,-0.6657324,0.6568505,0.6389408,-0.1527317,1.249644,0.6447877,-1.036724,0.4993379,0.7230455,True,0,1,3
6/25/2025 12:12:37 PM,1750846357324,Right,-0.4272577,0.8894303,0.5014455,-0.8118861,0.7938181,0.531472,-0.3849003,0.7841166,0.522874,-0.6824946,0.65395,0.6145362,-0.1520699,1.249294,0.6441287,-1.050956,0.4958771,0.6758071,True,0,1,3
6/25/2025 12:12:37 PM,1750846357337,Right,-0.4322133,0.8895207,0.489862,-0.8225284,0.7772194,0.5023947,-0.3909322,0.7845283,0.5130141,-0.6989814,0.6502731,0.5881048,-0.1516192,1.24864,0.6431625,-1.06264,0.4908763,0.6256058,True,0,1,3
6/25/2025 12:12:37 PM,1750846357366,Right,-0.4405981,0.8897774,0.470997,-0.8381751,0.7374963,0.4477014,-0.3996351,0.7886111,0.5012599,-0.7310194,0.6484428,0.5395324,-0.1519922,1.247,0.640712,-1.079048,0.4925611,0.5304503,True,0,1,3
6/25/2025 12:12:37 PM,1750846357379,Right,-0.4430902,0.8907898,0.4643309,-0.8383549,0.7368247,0.4468968,-0.4041055,0.7898721,0.4966689,-0.733901,0.6460654,0.5140243,-0.1526974,1.245712,0.6390791,-1.079191,0.4829652,0.4837186,True,0,1,3
6/25/2025 12:12:37 PM,1750846357407,Right,-0.4479841,0.8920482,0.4562918,-0.8383549,0.7368247,0.4468968,-0.4128771,0.7942532,0.492937,-0.7608145,0.6483054,0.4652938,-0.1543262,1.24336,0.6356193,-1.083146,0.4929831,0.3925585,False,0,1,3
6/25/2025 12:12:37 PM,1750846357421,Right,-0.4496142,0.8913702,0.4536826,-0.8383549,0.7368247,0.4468968,-0.4189519,0.7971128,0.4893908,-0.7654061,0.6588506,0.4380276,-0.1551557,1.242997,0.6335579,-1.086517,0.5088855,0.3431666,False,0,1,3
6/25/2025 12:12:37 PM,1750846357449,Right,-0.4509621,0.8900992,0.4482858,-0.8383549,0.7368247,0.4468968,-0.4239696,0.7959096,0.4800009,-0.7628492,0.6706772,0.3794448,-0.1576298,1.24345,0.6292391,-1.07431,0.534693,0.2372587,False,0,1,3
6/25/2025 12:12:37 PM,1750846357463,Right,-0.4501173,0.8873719,0.4446047,-0.8383549,0.7368247,0.4468968,-0.4246762,0.794118,0.4774288,-0.7580869,0.6665214,0.364381,-0.1590348,1.243854,0.6273268,-1.063458,0.5281458,0.2103781,False,0,1,3
6/25/2025 12:12:37 PM,1750846357491,Right,-0.4481421,0.8809223,0.4380917,-0.8383549,0.7368247,0.4468968,-0.421962,0.7892684,0.469316,-0.7577252,0.6670082,0.3573475,-0.1606013,1.246088,0.6250536,-1.066484,0.5365975,0.2031421,False,0,1,3
6/25/2025 12:12:37 PM,1750846357504,Right,-0.4454572,0.8760763,0.4351934,-0.8383549,0.7368247,0.4468968,-0.4198335,0.7863671,0.4655909,-0.7541881,0.6641832,0.35024,-0.1602623,1.24693,0.6246192,-1.0615,0.533407,0.1928714,False,0,1,3
6/25/2025 12:12:37 PM,1750846357518,Right,-0.4424245,0.872372,0.4327042,-0.8383549,0.7368247,0.4468968,-0.4166467,0.782796,0.462724,-0.7553732,0.6633853,0.3491723,-0.1601444,1.247925,0.6240861,-1.063187,0.5374098,0.1946349,False,0,1,3
6/25/2025 12:12:37 PM,1750846357546,Right,-0.4359945,0.8642139,0.431822,-0.8383549,0.7368247,0.4468968,-0.4093937,0.7761108,0.4602467,-0.7556121,0.6633209,0.3516736,-0.1593851,1.249506,0.6223577,-1.066195,0.5470025,0.2029107,False,0,1,3
6/25/2025 12:12:37 PM,1750846357560,Right,-0.4310569,0.8603469,0.4325399,-0.8383549,0.7368247,0.4468968,-0.404556,0.7729619,0.4601744,-0.7562644,0.6637357,0.3546445,-0.1587139,1.24984,0.6208552,-1.06734,0.5534087,0.209946,False,0,1,3
6/25/2025 12:12:37 PM,1750846357587,Right,-0.4216104,0.8529245,0.4382235,-0.8383549,0.7368247,0.4468968,-0.39435,0.7665459,0.4631605,-0.7581205,0.667422,0.3665202,-0.1565818,1.249812,0.6177386,-1.071652,0.571895,0.2319184,False,0,1,3
6/25/2025 12:12:37 PM,1750846357601,Right,-0.415509,0.8492196,0.4425497,-0.8383549,0.7368247,0.4468968,-0.3882746,0.7637057,0.4654478,-0.7592468,0.6696402,0.3737791,-0.1553532,1.249524,0.6159017,-1.07273,0.5818834,0.24508,False,0,1,3
6/25/2025 12:12:37 PM,1750846357629,Right,-0.4021058,0.8425479,0.4515578,-0.8383549,0.7368247,0.4468968,-0.3740487,0.7578527,0.4704065,-0.7614589,0.6767672,0.3909325,-0.1526538,1.249057,0.6125724,-1.073755,0.6073012,0.2758656,False,0,1,3
6/25/2025 12:12:37 PM,1750846357643,Right,-0.3943869,0.8394132,0.4557352,-0.8383549,0.7368247,0.4468968,-0.366179,0.7547724,0.4734413,-0.7627156,0.6805944,0.4012484,-0.1511258,1.248682,0.611058,-1.07317,0.6204928,0.2939068,False,0,1,3
6/25/2025 12:12:37 PM,1750846357671,Right,-0.3765325,0.8319973,0.46445,-0.8383549,0.7368247,0.4468968,-0.3474942,0.7476361,0.4777451,-0.7643461,0.6909227,0.4232593,-0.1476046,1.247809,0.6085013,-1.068646,0.6520374,0.333174,False,0,1,3
6/25/2025 12:12:37 PM,1750846357685,Right,-0.3654769,0.8280472,0.4696836,-0.8383549,0.7368247,0.4468968,-0.3369479,0.7440414,0.4790527,-0.7654926,0.6966444,0.4349129,-0.1457878,1.247349,0.6072353,-1.064117,0.6683468,0.3541694,False,0,1,3
6/25/2025 12:12:37 PM,1750846357699,Right,-0.3533529,0.8245067,0.4744412,-0.7201484,0.7616118,0.5216141,-0.3249598,0.7403082,0.4781432,-0.6583635,0.696918,0.4557117,-0.1438953,1.246956,0.6058664,-1.05454,0.6506591,0.379269,False,0,1,3
6/25/2025 12:12:37 PM,1750846357726,Right,-0.3278685,0.8163353,0.4805348,-0.6902654,0.7483721,0.5586638,-0.3012435,0.7340993,0.4781983,-0.6357622,0.6787516,0.4817578,-0.1398422,1.24636,0.6033096,-1.032931,0.6201171,0.4364592,False,0,1,3
6/25/2025 12:12:37 PM,1750846357740,Right,-0.3127623,0.81145,0.4817117,-0.6692716,0.738669,0.5812258,-0.2885877,0.7313763,0.4744519,-0.6220374,0.670727,0.4922261,-0.1375053,1.246045,0.6026424,-1.019692,0.6069674,0.4639901,False,0,1,3
6/25/2025 12:12:37 PM,1750846357768,Right,-0.2837097,0.8009093,0.4811155,-0.6273231,0.7192186,0.616539,-0.264335,0.724892,0.4648554,-0.593444,0.6539217,0.5145025,-0.1323413,1.244679,0.6017045,-0.9895371,0.5814716,0.5249612,False,0,1,3
6/25/2025 12:12:37 PM,1750846357782,Right,-0.2685228,0.7949004,0.4771051,-0.5998946,0.7102599,0.6282229,-0.2530025,0.7208791,0.4567281,-0.5746222,0.6460692,0.5219578,-0.1297711,1.244036,0.6011302,-0.9725587,0.5692804,0.5534591,False,0,1,3
6/25/2025 12:12:37 PM,1750846357810,Right,-0.2396261,0.78462,0.4657579,-0.5508016,0.6925634,0.6511736,-0.2331328,0.7149141,0.4371078,-0.5430875,0.6311281,0.5370973,-0.1242827,1.242982,0.6001892,-0.9338106,0.5482674,0.6142507,False,0,1,3
6/25/2025 12:12:37 PM,1750846357824,Right,-0.2260841,0.7794801,0.4565779,-0.524214,0.6852009,0.6609322,-0.2231351,0.7128716,0.4264332,-0.5257437,0.6249571,0.5432811,-0.1212186,1.242453,0.6001599,-0.9108999,0.5396667,0.6434122,False,0,1,3
6/25/2025 12:12:37 PM,1750846357837,Right,-0.2109899,0.7756884,0.4484245,-0.4950055,0.6752509,0.66592,-0.2129839,0.7104867,0.4158285,-0.5066912,0.6182756,0.5508066,-0.1181515,1.241953,0.6006602,-0.8838861,0.530836,0.6760514,False,0,1,3
6/25/2025 12:12:37 PM,1750846357865,Right,-0.1813044,0.7671814,0.4275291,-0.4375271,0.6565775,0.6693504,-0.1924143,0.7069683,0.3935588,-0.46063,0.6064434,0.5620683,-0.111622,1.239976,0.6020868,-0.8184657,0.5126906,0.7405689,False,0,1,3
6/25/2025 12:12:37 PM,1750846357879,Right,-0.1672234,0.7632112,0.4131062,-0.4088996,0.6470497,0.6658435,-0.1825441,0.7049115,0.381588,-0.4373356,0.5997265,0.5668186,-0.108501,1.238759,0.6028967,-0.7804554,0.5030681,0.7712821,False,0,1,3
6/25/2025 12:12:37 PM,1750846357907,Right,-0.141697,0.7586139,0.3841026,-0.3540392,0.6283523,0.6546205,-0.1655978,0.7075275,0.354963,-0.3868258,0.5912471,0.5718411,-0.1017472,1.235763,0.6041244,-0.6910869,0.4853149,0.8288647,False,0,1,3
6/25/2025 12:12:37 PM,1750846357921,Right,-0.1293302,0.7568528,0.3673074,-0.3268096,0.6202074,0.6453837,-0.1567427,0.7070897,0.3416779,-0.3609107,0.5850023,0.5726383,-0.09850168,1.234002,0.604581,-0.6422909,0.4743361,0.8517454,False,0,1,3
6/25/2025 12:12:37 PM,1750846357949,Right,-0.1053049,0.7539243,0.3342591,-0.2762434,0.6025822,0.6220725,-0.138978,0.7065555,0.3122599,-0.2998376,0.5707982,0.5671208,-0.0923022,1.230216,0.6060466,-0.5247356,0.445075,0.8892515,False,0,1,3
6/25/2025 12:12:37 PM,1750846357963,Right,-0.09458645,0.7541679,0.3179405,-0.2527299,0.5942302,0.607597,-0.1321051,0.7101272,0.2977075,-0.2693457,0.5665852,0.5617753,-0.08909714,1.227953,0.6071141,-0.4620598,0.4317008,0.9007902,False,0,1,3
6/25/2025 12:12:37 PM,1750846357991,Right,-0.07772459,0.753459,0.2829541,-0.2103836,0.5791289,0.5780666,-0.1223,0.7142524,0.269159,-0.2104548,0.5504311,0.5425642,-0.08331883,1.222671,0.6081952,-0.3354722,0.3904148,0.9014461,False,0,1,3
6/25/2025 12:12:38 PM,1750846358004,Right,-0.07093846,0.7556109,0.2652764,-0.1899196,0.5718606,0.5604118,-0.1170246,0.7163308,0.2552945,-0.1879876,0.54378,0.5293103,-0.08094406,1.219777,0.608431,-0.2897182,0.3732807,0.8897972,False,0,1,3
6/25/2025 12:12:38 PM,1750846358018,Right,-0.06476872,0.7583853,0.2492945,-0.1712444,0.5647188,0.5432556,-0.1137991,0.7186215,0.2423388,-0.1728897,0.5390773,0.5139433,-0.07853413,1.217008,0.6089469,-0.2581949,0.3587284,0.8745784,False,0,1,3
6/25/2025 12:12:38 PM,1750846358046,Right,-0.05677609,0.7630291,0.2178287,-0.1375843,0.5538755,0.5091559,-0.1078901,0.7243196,0.2181545,-0.1483673,0.532821,0.4847733,-0.07364631,1.211036,0.611806,-0.2083243,0.3363812,0.8422674,False,0,1,3
6/25/2025 12:12:38 PM,1750846358060,Right,-0.05377765,0.7663001,0.2024186,-0.1229458,0.5489439,0.4916837,-0.1062954,0.727092,0.2066473,-0.1392853,0.5302678,0.4712448,-0.07105553,1.207326,0.6126708,-0.1884412,0.3276577,0.8261669,False,0,1,3
6/25/2025 12:12:38 PM,1750846358087,Right,-0.04846442,0.7761042,0.1787944,-0.09775233,0.5410345,0.4615914,-0.1042617,0.7316002,0.186982,-0.1198275,0.5216842,0.4473343,-0.06614709,1.199751,0.6138972,-0.1437893,0.3064951,0.7934664,False,0,1,3
6/25/2025 12:12:38 PM,1750846358101,Right,-0.04770188,0.7786925,0.1674491,-0.08600266,0.5371931,0.4463499,-0.1045642,0.7330543,0.1790983,-0.1116825,0.5187312,0.4348426,-0.06370795,1.196354,0.6145335,-0.1236895,0.2961356,0.7781279,False,0,1,3
6/25/2025 12:12:38 PM,1750846358130,Right,-0.04542065,0.7827844,0.1528444,-0.06869486,0.530892,0.424156,-0.1044313,0.7353281,0.1676704,-0.09811283,0.5127612,0.4171181,-0.05808604,1.189526,0.6158123,-0.09245582,0.2800074,0.7530248,False,0,1,3
6/25/2025 12:12:38 PM,1750846358144,Right,-0.04463315,0.7844409,0.1469762,-0.06086874,0.5276994,0.4143949,-0.1062662,0.7337631,0.1626811,-0.09323651,0.508906,0.4092139,-0.05550361,1.1862,0.6161399,-0.07906957,0.2723486,0.7427303,False,0,1,3
6/25/2025 12:12:38 PM,1750846358171,Right,-0.0451606,0.7843457,0.1431384,-0.04869448,0.5216749,0.405089,-0.1074933,0.7315934,0.1597582,-0.08459491,0.5026971,0.4017152,-0.05108213,1.179681,0.6165545,-0.0576388,0.2605155,0.7304598,False,0,1,3
6/25/2025 12:12:38 PM,1750846358185,Right,-0.04540208,0.7818976,0.1448556,-0.04420073,0.5177242,0.4053355,-0.1084637,0.7305024,0.1622601,-0.08151667,0.5004921,0.4027677,-0.0494808,1.176768,0.6167742,-0.04935514,0.256811,0.7299067,False,0,1,3
6/25/2025 12:12:38 PM,1750846358199,Right,-0.04586298,0.7781793,0.1483331,-0.03889599,0.5143418,0.4088504,-0.1072948,0.7282804,0.1658601,-0.07747277,0.4979626,0.4055533,-0.04784477,1.173944,0.616797,-0.04177762,0.253625,0.731996,False,0,1,3
6/25/2025 12:12:38 PM,1750846358227,Right,-0.04729682,0.768232,0.1600491,-0.03046365,0.5063499,0.4217013,-0.108061,0.720492,0.1755035,-0.07144408,0.4906502,0.4143772,-0.04565609,1.168781,0.6169116,-0.02692796,0.2465342,0.7401994,False,0,1,3
6/25/2025 12:12:38 PM,1750846358240,Right,-0.04911523,0.7610686,0.1704299,-0.02805492,0.5022262,0.4325192,-0.1084063,0.7158504,0.1824135,-0.06954049,0.4888928,0.4217293,-0.04502308,1.166168,0.6168727,-0.02181526,0.2464166,0.7500702,False,0,1,3
6/25/2025 12:12:38 PM,1750846358269,Right,-0.05464935,0.7449263,0.1954232,-0.02268197,0.4940725,0.4625615,-0.1107704,0.7045854,0.2000818,-0.06665678,0.481404,0.4406202,-0.04382062,1.161165,0.6163528,-0.01155905,0.2424584,0.7716549,False,0,1,3
6/25/2025 12:12:38 PM,1750846358283,Right,-0.05994398,0.7360703,0.2123841,-0.02280051,0.4892457,0.4831873,-0.1126478,0.6986599,0.2102708,-0.06615584,0.4782338,0.4533998,-0.04330623,1.159021,0.6159308,-0.008438274,0.2436178,0.7866189,False,0,1,3
6/25/2025 12:12:38 PM,1750846358310,Right,-0.06383763,0.7168812,0.2478108,-0.02117388,0.4835742,0.5265142,-0.1170402,0.6850314,0.2357541,-0.06441765,0.4733774,0.4826213,-0.04275036,1.155307,0.6149516,0.001245961,0.2475273,0.8228645,False,0,1,3
6/25/2025 12:12:38 PM,1750846358324,Right,-0.06770791,0.7078893,0.2688043,-0.02170847,0.4815118,0.5514831,-0.1191297,0.6784469,0.2501425,-0.06509046,0.4722871,0.5002552,-0.04251802,1.153573,0.614477,0.002441801,0.2527499,0.8452077,True,0,1,4
6/25/2025 12:12:38 PM,1750846358338,Right,-0.07133772,0.7008275,0.2905811,-0.02227307,0.4822612,0.5777961,-0.1196079,0.6754637,0.2561446,-0.07119384,0.4810404,0.4919487,-0.04224825,1.151893,0.6139965,-0.003689244,0.2490955,0.8518569,True,0,1,4
6/25/2025 12:12:38 PM,1750846358365,Right,-0.07568759,0.6891547,0.3350541,-0.02659484,0.4852958,0.6321139,-0.1209663,0.6689771,0.271591,-0.07263487,0.4799404,0.5113229,-0.04162419,1.149404,0.6140487,-0.00532835,0.255668,0.8764906,True,0,1,4
6/25/2025 12:12:38 PM,1750846358379,Right,-0.07721724,0.6845227,0.3562212,-0.02909974,0.4881656,0.6576473,-0.1217595,0.6656519,0.2807764,-0.07333155,0.4801499,0.5225124,-0.04125392,1.148515,0.6144938,-0.005701102,0.2603928,0.8910186,True,0,1,4
6/25/2025 12:12:38 PM,1750846358407,Right,-0.07904388,0.6819562,0.3984128,-0.03678934,0.5001917,0.7108012,-0.1236762,0.659137,0.3026613,-0.0765909,0.4807184,0.5508552,-0.04090297,1.147674,0.6152639,-0.01148136,0.2727895,0.9257568,True,0,1,4
6/25/2025 12:12:38 PM,1750846358420,Right,-0.08011092,0.6824841,0.4189583,-0.04167175,0.5069423,0.7361631,-0.1247997,0.6558971,0.3155337,-0.07845675,0.4817077,0.5675707,-0.04108989,1.148008,0.6156423,-0.01492213,0.2809585,0.9459685,True,0,1,4
6/25/2025 12:12:38 PM,1750846358448,Right,-0.08453593,0.6873156,0.4551853,-0.05203753,0.5228943,0.7804549,-0.1276691,0.6504133,0.3454968,-0.08537503,0.4858594,0.6059641,-0.04104364,1.149536,0.6167988,-0.02972326,0.3008586,0.992272,True,0,1,4
6/25/2025 12:12:38 PM,1750846358462,Right,-0.08676178,0.6897702,0.472822,-0.05784359,0.5310388,0.8018109,-0.1290722,0.6483123,0.3618919,-0.08932606,0.4892026,0.6266413,-0.04105794,1.151004,0.617512,-0.03854439,0.3127072,1.017082,True,0,1,4
6/25/2025 12:12:38 PM,1750846358490,Right,-0.08659367,0.6977943,0.4977124,-0.06917985,0.5467336,0.832848,-0.1317703,0.6453466,0.3994833,-0.09989941,0.4928601,0.6706873,-0.04219711,1.155724,0.6196017,-0.06172712,0.3276197,1.065999,True,0,1,4
6/25/2025 12:12:38 PM,1750846358504,Right,-0.08855619,0.701194,0.509505,-0.07543259,0.5542487,0.8472162,-0.133288,0.6449394,0.419324,-0.1034147,0.4948988,0.6926297,-0.04346335,1.158644,0.6210033,-0.0682615,0.3337487,1.089422,True,0,1,4
6/25/2025 12:12:38 PM,1750846358517,Right,-0.0889669,0.7037645,0.5173527,-0.08074825,0.5604488,0.8572258,-0.1353997,0.645479,0.4413407,-0.1088783,0.4973831,0.7164661,-0.04482138,1.161761,0.6226865,-0.07826982,0.3395331,1.114567,True,0,1,4
6/25/2025 12:12:38 PM,1750846358545,Right,-0.09012536,0.7082766,0.5302009,-0.09169418,0.5705833,0.8727943,-0.1401784,0.6494902,0.4882558,-0.119133,0.5048345,0.7659684,-0.04788005,1.167994,0.6263291,-0.09586297,0.352331,1.166365,True,0,1,4
6/25/2025 12:12:38 PM,1750846358559,Right,-0.08951239,0.7099968,0.5341702,-0.09618954,0.574434,0.8778854,-0.1425021,0.6532985,0.5114834,-0.124407,0.5096033,0.7901973,-0.04935563,1.170775,0.6280737,-0.1051165,0.3588152,1.191176,True,0,1,4
6/25/2025 12:12:38 PM,1750846358587,Right,-0.09085988,0.7115245,0.5406199,-0.1057207,0.5808704,0.8850064,-0.1440213,0.6572112,0.5205287,-0.1306299,0.5158098,0.7998393,-0.05268133,1.175192,0.6317992,-0.1177845,0.3675256,1.2028,True,0,1,4
6/25/2025 12:12:38 PM,1750846358601,Right,-0.09176207,0.7113995,0.5423725,-0.1103929,0.5838733,0.8864211,-0.1446623,0.6576741,0.5215259,-0.1336249,0.5174299,0.8003745,-0.05436087,1.176926,0.6336067,-0.1242639,0.3696699,1.204708,True,0,1,4
6/25/2025 12:12:38 PM,1750846358629,Right,-0.09240932,0.7107037,0.5438045,-0.1203818,0.5905457,0.8887904,-0.14621,0.6567915,0.5222528,-0.1395483,0.519935,0.8019384,-0.0581497,1.179356,0.6358131,-0.1372437,0.3760396,1.208691,True,0,1,4
6/25/2025 12:12:38 PM,1750846358643,Right,-0.0937035,0.7103641,0.5438685,-0.1259689,0.5941653,0.8889111,-0.1470258,0.6563771,0.5212692,-0.1429484,0.521674,0.8012395,-0.06048548,1.180468,0.6363971,-0.1449236,0.3800576,1.209559,True,0,1,4
6/25/2025 12:12:38 PM,1750846358671,Right,-0.0976437,0.7107583,0.5440888,-0.1344066,0.6042531,0.8868265,-0.1479023,0.6560699,0.518905,-0.1497406,0.5262622,0.7968506,-0.06557739,1.18324,0.6376483,-0.1620592,0.3874055,1.210077,True,0,1,4
6/25/2025 12:12:38 PM,1750846358684,Right,-0.09950715,0.7117173,0.5443993,-0.1407597,0.6101521,0.8862345,-0.148076,0.6566592,0.5177535,-0.153153,0.5289027,0.7949136,-0.06821382,1.184808,0.6381491,-0.1713184,0.391311,1.20996,True,0,1,4
6/25/2025 12:12:38 PM,1750846358698,Right,-0.09961554,0.7164249,0.5442126,-0.1492152,0.6159372,0.8865207,-0.1482624,0.6578634,0.5170597,-0.1572658,0.5315001,0.795772,-0.07081902,1.186663,0.6384999,-0.1823491,0.3967127,1.210413,True,0,1,4
6/25/2025 12:12:38 PM,1750846358726,Right,-0.103709,0.7229131,0.5457261,-0.1680418,0.6280401,0.8863794,-0.1485992,0.6614754,0.5156444,-0.167114,0.5384686,0.7946407,-0.07620585,1.191097,0.6392521,-0.2088462,0.4073894,1.209842,True,0,1,4
6/25/2025 12:12:38 PM,1750846358740,Right,-0.1077165,0.7269038,0.5471764,-0.1807739,0.6345589,0.8857973,-0.1488295,0.6641484,0.5152715,-0.1728713,0.5426834,0.7937011,-0.07866824,1.193456,0.6396421,-0.2242887,0.4127726,1.208969,True,0,1,4
6/25/2025 12:12:38 PM,1750846358768,Right,-0.1173771,0.7384263,0.5486236,-0.2109635,0.6480621,0.8865171,-0.1508025,0.6692175,0.5162178,-0.1881956,0.5505874,0.7975873,-0.08294213,1.198577,0.6397407,-0.2616132,0.4266561,1.208305,True,0,1,4
6/25/2025 12:12:38 PM,1750846358781,Right,-0.1248257,0.7433686,0.5504762,-0.2298443,0.6543366,0.8861187,-0.1541392,0.671587,0.5171809,-0.1989311,0.5544812,0.7988073,-0.08497119,1.201069,0.6391512,-0.2845162,0.4327134,1.207138,True,0,1,4
6/25/2025 12:12:38 PM,1750846358809,Right,-0.1396205,0.753208,0.5563186,-0.2727334,0.6672578,0.8874199,-0.1615222,0.6761139,0.5211642,-0.2235825,0.5619056,0.8046206,-0.08849299,1.20567,0.6380727,-0.3358868,0.4457929,1.204282,True,0,1,4
6/25/2025 12:12:38 PM,1750846358823,Right,-0.1479628,0.7601512,0.5610827,-0.2982068,0.6740561,0.8851146,-0.1665708,0.6781151,0.523999,-0.2376402,0.5656393,0.8063731,-0.0898093,1.207927,0.6373845,-0.3642396,0.4511763,1.201882,True,0,1,4
6/25/2025 12:12:38 PM,1750846358850,Right,-0.1702304,0.7727045,0.5687182,-0.3503608,0.687385,0.8759033,-0.1770409,0.6882983,0.5311106,-0.2679501,0.5778481,0.8074969,-0.09257185,1.21246,0.6352888,-0.4266906,0.4626109,1.19205,True,0,1,4
6/25/2025 12:12:38 PM,1750846358865,Right,-0.1848525,0.7796846,0.5716576,-0.3795442,0.6962837,0.8689746,-0.1838665,0.6933371,0.5348612,-0.2844704,0.5832629,0.8069277,-0.09398854,1.214752,0.6342263,-0.4591893,0.4661162,1.184991,True,0,1,4
6/25/2025 12:12:38 PM,1750846358879,Right,-0.1985354,0.7863486,0.5756535,-0.4084744,0.7030476,0.8618849,-0.1925363,0.6992858,0.5393016,-0.3042539,0.588966,0.806418,-0.09543467,1.217055,0.6332639,-0.4965994,0.4691148,1.175436,True,0,1,4
6/25/2025 12:12:38 PM,1750846358907,Right,-0.229945,0.8048317,0.5776963,-0.4697275,0.7213399,0.839158,-0.2135836,0.7111475,0.5455655,-0.3474577,0.6003718,0.8019233,-0.09833777,1.221724,0.6320328,-0.5733773,0.4753982,1.149776,True,0,1,4
6/25/2025 12:12:38 PM,1750846358920,Right,-0.2462427,0.812077,0.5785012,-0.5011675,0.7286066,0.8263836,-0.2258884,0.7174979,0.5485017,-0.3714024,0.6057866,0.7987781,-0.09992349,1.224028,0.63174,-0.6136208,0.477575,1.133481,True,0,1,4
6/25/2025 12:12:38 PM,1750846358948,Right,-0.279696,0.826047,0.5757384,-0.5637237,0.7474299,0.7908227,-0.2512737,0.7299286,0.5524632,-0.4202327,0.6165482,0.7862788,-0.1030971,1.227991,0.6306064,-0.695614,0.4804244,1.09136,True,0,1,4
6/25/2025 12:12:38 PM,1750846358962,Right,-0.2973959,0.8333269,0.5726157,-0.5944561,0.7545767,0.771446,-0.2649381,0.7358128,0.5528752,-0.445781,0.6207535,0.778137,-0.1047643,1.229559,0.6297444,-0.7356783,0.4806356,1.066089,True,0,1,4
6/25/2025 12:12:38 PM,1750846358990,Right,-0.331349,0.847545,0.5598681,-0.6484047,0.7783013,0.7235672,-0.2933052,0.7474395,0.549072,-0.4954318,0.6297702,0.750788,-0.1083679,1.231577,0.6282272,-0.8153111,0.4790395,1.002472,True,0,1,4
6/25/2025 12:12:39 PM,1750846359004,Right,-0.3479169,0.8544511,0.5528129,-0.6759983,0.7879527,0.6982347,-0.3074936,0.7520255,0.545431,-0.5207101,0.6316981,0.7356179,-0.1101741,1.232237,0.627664,-0.8522346,0.4759869,0.9663348,True,0,1,4
6/25/2025 12:12:39 PM,1750846359017,Right,-0.3616483,0.8589897,0.5443631,-0.7013484,0.7978573,0.671159,-0.3205335,0.7575827,0.5407879,-0.5463175,0.6348868,0.7182683,-0.1120878,1.232727,0.6267657,-0.8888707,0.47593,0.9251896,True,0,1,4
6/25/2025 12:12:39 PM,1750846359045,Right,-0.3890731,0.8705733,0.5251954,-0.7354854,0.7979782,0.6145647,-0.3442231,0.7654715,0.5287288,-0.5869225,0.6376902,0.6735444,-0.1158646,1.233252,0.6251783,-0.9508456,0.4661591,0.832902,True,0,1,4
6/25/2025 12:12:39 PM,1750846359059,Right,-0.3996085,0.8754911,0.513967,-0.7529932,0.8013551,0.5833228,-0.3541312,0.7691683,0.5210935,-0.6063805,0.6402619,0.6525718,-0.1179743,1.233331,0.6246595,-0.9765662,0.4680156,0.7893877,True,0,1,4
6/25/2025 12:12:39 PM,1750846359087,Right,-0.4152609,0.8817953,0.4914206,-0.7748331,0.8134298,0.5294237,-0.3700112,0.7730173,0.5070659,-0.631577,0.6411561,0.6163567,-0.1226541,1.23353,0.6233677,-1.008507,0.4612055,0.7196621,True,0,1,4
6/25/2025 12:12:39 PM,1750846359101,Right,-0.4213625,0.8840287,0.4808707,-0.7814824,0.8182341,0.5027547,-0.376556,0.7759549,0.5005447,-0.6409808,0.6429101,0.59798,-0.1249702,1.233824,0.622526,-1.020748,0.457827,0.6846935,True,0,1,4
6/25/2025 12:12:39 PM,1750846359128,Right,-0.4301427,0.8872731,0.4628461,-0.7915151,0.8264354,0.4530107,-0.3875952,0.7813522,0.4894224,-0.6569839,0.6439083,0.5640849,-0.1302541,1.235403,0.6206172,-1.036672,0.446425,0.6183544,True,0,1,4
6/25/2025 12:12:39 PM,1750846359143,Right,-0.433261,0.8885483,0.4556607,-0.7935089,0.8297599,0.4294375,-0.3917171,0.783057,0.4840216,-0.6628714,0.6441941,0.5465659,-0.1328939,1.236314,0.6197239,-1.042048,0.4409001,0.5845121,True,0,1,4
6/25/2025 12:12:39 PM,1750846359170,Right,-0.4383439,0.8891748,0.4434042,-0.8015321,0.8315898,0.3804736,-0.3987343,0.7854021,0.4756046,-0.6793368,0.6427604,0.5119817,-0.1377541,1.238196,0.6188307,-1.050443,0.4334472,0.5143815,True,0,1,4
6/25/2025 12:12:39 PM,1750846359184,Right,-0.4408813,0.8899138,0.4388853,-0.8054455,0.8299356,0.3549649,-0.4020852,0.7854916,0.4725429,-0.6890285,0.6418529,0.4950262,-0.1395383,1.23907,0.6184257,-1.056069,0.4356798,0.4785799,False,0,1,4
6/25/2025 12:12:39 PM,1750846359198,Right,-0.4422408,0.8900295,0.435276,-0.7908337,0.8322294,0.3911259,-0.4067344,0.7892078,0.4712574,-0.6960567,0.6516967,0.4793486,-0.1413974,1.239994,0.6178442,-1.066892,0.4521911,0.4445812,False,0,1,4
6/25/2025 12:12:39 PM,1750846359226,Right,-0.4447031,0.8862316,0.4286802,-0.7848242,0.8310636,0.3223366,-0.4188868,0.7923808,0.4618825,-0.7137176,0.6594707,0.4374723,-0.1446018,1.242011,0.6162705,-1.079446,0.4703957,0.3614459,False,0,1,4
6/25/2025 12:12:39 PM,1750846359239,Right,-0.4453268,0.8832386,0.4266401,-0.7827104,0.8277335,0.314808,-0.4199579,0.7902076,0.4595105,-0.7128465,0.6577163,0.4214614,-0.1459227,1.242878,0.6155753,-1.076023,0.470466,0.3274321,False,0,1,4
6/25/2025 12:12:39 PM,1750846359268,Right,-0.445695,0.8775263,0.4250866,-0.7800813,0.8200657,0.3002159,-0.420417,0.7859333,0.4557444,-0.7120465,0.6512303,0.4044183,-0.1474606,1.243984,0.6146736,-1.068719,0.4640457,0.2939002,False,0,1,4
6/25/2025 12:12:39 PM,1750846359282,Right,-0.4457636,0.8751712,0.4257834,-0.7786773,0.816003,0.2981476,-0.4197666,0.783716,0.455744,-0.7107944,0.648332,0.4031634,-0.1480044,1.244124,0.6143446,-1.066991,0.4613363,0.2906012,False,0,1,4
6/25/2025 12:12:39 PM,1750846359309,Right,-0.4435554,0.8698431,0.4297805,-0.7756618,0.8086199,0.2995594,-0.4171767,0.7797496,0.4579993,-0.7067952,0.6419665,0.4010734,-0.1481638,1.2437,0.6136607,-1.059565,0.4527934,0.2832511,False,0,1,4
6/25/2025 12:12:39 PM,1750846359323,Right,-0.4416752,0.8675019,0.4332616,-0.7734839,0.8044854,0.3051445,-0.4145269,0.7775673,0.4605547,-0.7039731,0.6394542,0.4071606,-0.1480104,1.243073,0.6130674,-1.058441,0.449727,0.2932377,False,0,1,4
6/25/2025 12:12:39 PM,1750846359337,Right,-0.4386733,0.864964,0.4376041,-0.7711635,0.8006753,0.3126492,-0.4116217,0.7753829,0.4631264,-0.6998018,0.6357279,0.4075941,-0.147799,1.24236,0.6122196,-1.052234,0.4434539,0.2912559,False,0,1,4
6/25/2025 12:12:39 PM,1750846359365,Right,-0.4307101,0.8601649,0.4460936,-0.7657202,0.7939963,0.3302588,-0.4025735,0.771376,0.4702416,-0.6919943,0.6323593,0.4229107,-0.1469425,1.240701,0.61042,-1.048622,0.4412771,0.31611,False,0,1,4
6/25/2025 12:12:39 PM,1750846359379,Right,-0.4261687,0.8578181,0.4510246,-0.7627041,0.7904145,0.3413871,-0.3975959,0.769358,0.4738064,-0.6872207,0.6299866,0.4307077,-0.1460515,1.239741,0.6097651,-1.045392,0.4384862,0.3289456,False,0,1,4
6/25/2025 12:12:39 PM,1750846359405,Right,-0.413403,0.8520617,0.4621024,-0.7546295,0.7826301,0.3690671,-0.3829811,0.7633037,0.4806762,-0.6749833,0.6255413,0.4494167,-0.1437696,1.237871,0.6084907,-1.038416,0.4370774,0.3620086,False,0,1,4
6/25/2025 12:12:39 PM,1750846359420,Right,-0.4059851,0.8483498,0.4674088,-0.7496564,0.7780286,0.3837174,-0.3751308,0.7600266,0.4843598,-0.6683688,0.6231645,0.4595291,-0.1423575,1.237104,0.6077495,-1.034382,0.4366259,0.3799548,False,0,1,4
6/25/2025 12:12:39 PM,1750846359447,Right,-0.3872585,0.8384808,0.4791771,-0.7356201,0.7656544,0.4169838,-0.3563384,0.7513444,0.4909341,-0.6523718,0.6172367,0.4816644,-0.1389571,1.235575,0.6064858,-1.024327,0.4366835,0.4210757,False,0,1,4
6/25/2025 12:12:39 PM,1750846359462,Right,-0.3771761,0.8327587,0.4849757,-0.7275997,0.75899,0.4344956,-0.3457914,0.7462847,0.4936002,-0.6430753,0.6138638,0.4930557,-0.1369244,1.23488,0.6062578,-1.018072,0.4371016,0.4431579,False,0,1,4
6/25/2025 12:12:39 PM,1750846359489,Right,-0.3521072,0.8179051,0.4929191,-0.7056292,0.7415047,0.4697693,-0.3212737,0.7326815,0.4957403,-0.6204531,0.6043264,0.5150649,-0.1324853,1.233318,0.6060851,-1.001441,0.4369825,0.489805,False,0,1,4
6/25/2025 12:12:39 PM,1750846359504,Right,-0.3381437,0.8093364,0.4965796,-0.6937083,0.7320212,0.4881581,-0.30827,0.7263213,0.4937416,-0.609011,0.6002478,0.5237297,-0.1300389,1.232343,0.6060438,-0.9919119,0.4392488,0.5117186,False,0,1,4
6/25/2025 12:12:39 PM,1750846359518,Right,-0.3227163,0.7989531,0.4983776,-0.6784857,0.7204608,0.5056589,-0.2940367,0.7202073,0.488788,-0.5946816,0.5964385,0.5311227,-0.1275257,1.231294,0.6059133,-0.9798109,0.4414766,0.5348651,False,0,1,4
6/25/2025 12:12:39 PM,1750846359545,Right,-0.2899791,0.7775035,0.4985255,-0.643887,0.6962859,0.538726,-0.2656972,0.7043564,0.4817809,-0.5643632,0.5847581,0.549182,-0.12249,1.229009,0.6058348,-0.9515634,0.4419542,0.5858619,False,0,1,4
6/25/2025 12:12:39 PM,1750846359559,Right,-0.2716001,0.7662305,0.4959161,-0.6228545,0.683443,0.554051,-0.2509635,0.6966654,0.473875,-0.5471888,0.5790519,0.555027,-0.1198565,1.227788,0.6057819,-0.9342306,0.4425677,0.6105524,False,0,1,4
6/25/2025 12:12:39 PM,1750846359587,Right,-0.2322594,0.7474165,0.489082,-0.5762476,0.6603603,0.5812503,-0.2215325,0.6821582,0.4548542,-0.5104496,0.5677455,0.5654167,-0.1149155,1.225578,0.6062952,-0.8925993,0.4442172,0.6625884,False,0,1,4
6/25/2025 12:12:39 PM,1750846359601,Right,-0.2136339,0.7364049,0.4791744,-0.5479143,0.6499258,0.5879827,-0.2076696,0.6772934,0.4415809,-0.4871683,0.5644547,0.5653316,-0.112784,1.224291,0.606794,-0.8678427,0.4439722,0.6861883,False,0,1,4
6/25/2025 12:12:39 PM,1750846359628,Right,-0.1763979,0.7192631,0.4554696,-0.4941388,0.6307063,0.5989951,-0.1836964,0.6693578,0.4124322,-0.4454389,0.5565979,0.5659962,-0.1083206,1.223036,0.6086506,-0.8108089,0.4431717,0.7375014,False,0,1,4
6/25/2025 12:12:39 PM,1750846359642,Right,-0.1595353,0.7130657,0.4377971,-0.4655275,0.6224481,0.6013333,-0.1729404,0.6667204,0.3967013,-0.4244564,0.5533407,0.5640671,-0.105709,1.221924,0.6099572,-0.7789498,0.4420146,0.7605146,False,0,1,4
6/25/2025 12:12:39 PM,1750846359670,Right,-0.1264145,0.7055843,0.4036002,-0.4102983,0.6048396,0.6006357,-0.1528729,0.6643835,0.3625432,-0.3811358,0.5472396,0.5601,-0.1002896,1.218689,0.6130589,-0.7012248,0.4385097,0.8079547,False,0,1,4
6/25/2025 12:12:39 PM,1750846359684,Right,-0.1129868,0.702269,0.3828006,-0.3818133,0.5972092,0.5949746,-0.1454057,0.6645641,0.3440436,-0.3587955,0.5450667,0.5539756,-0.09743488,1.216616,0.6143104,-0.6591271,0.4341745,0.8268593,False,0,1,4
6/25/2025 12:12:39 PM,1750846359698,Right,-0.101975,0.7019385,0.3608908,-0.3539996,0.589917,0.5877268,-0.1368285,0.6671985,0.3269441,-0.3334984,0.5436815,0.5490029,-0.09477246,1.214257,0.6154379,-0.6094508,0.4280378,0.8461073,False,0,1,4
6/25/2025 12:12:39 PM,1750846359725,Right,-0.08346292,0.7011226,0.3171678,-0.2998021,0.5764144,0.5683663,-0.12368,0.6715902,0.2913734,-0.2829985,0.5382279,0.5330459,-0.08904684,1.208936,0.6170437,-0.5071253,0.4072963,0.8686242,False,0,1,4
6/25/2025 12:12:39 PM,1750846359739,Right,-0.074594,0.7030671,0.2946188,-0.2740396,0.5705606,0.5556123,-0.1186613,0.6751044,0.2737049,-0.2589427,0.5347584,0.5230674,-0.08590603,1.205866,0.6177672,-0.4563318,0.3940859,0.8712895,False,0,1,4
6/25/2025 12:12:39 PM,1750846359768,Right,-0.06065151,0.7114152,0.2532352,-0.2280849,0.5604306,0.529731,-0.1108793,0.6821331,0.2412046,-0.2102708,0.5248144,0.5026515,-0.08040082,1.199166,0.6192443,-0.3488945,0.3629431,0.8669574,False,0,1,4
6/25/2025 12:12:39 PM,1750846359782,Right,-0.05607976,0.7163535,0.2329694,-0.2064374,0.5558708,0.5130097,-0.1077244,0.6885847,0.227231,-0.1920937,0.523547,0.4885104,-0.0779084,1.195751,0.6199579,-0.3096471,0.3501955,0.8555781,False,0,1,4
6/25/2025 12:12:39 PM,1750846359809,Right,-0.04748106,0.7324336,0.1984171,-0.1661499,0.5483274,0.4797916,-0.1033416,0.6989878,0.200312,-0.1691945,0.5240214,0.46101,-0.07281148,1.188584,0.621151,-0.2596038,0.3372492,0.8286648,False,0,1,4
6/25/2025 12:12:39 PM,1750846359823,Right,-0.04544985,0.7380224,0.182872,-0.1485203,0.5459465,0.4637454,-0.1030555,0.7046981,0.1886126,-0.1590734,0.5247872,0.4471478,-0.07037604,1.18493,0.6216917,-0.2360268,0.3298331,0.8146278,False,0,1,4
6/25/2025 12:12:39 PM,1750846359851,Right,-0.04468087,0.748614,0.1536221,-0.1157995,0.5416039,0.4333917,-0.1034923,0.713878,0.1685827,-0.1380038,0.5225891,0.4222991,-0.06540465,1.17643,0.6237383,-0.1851763,0.3110062,0.7859336,False,0,1,4
6/25/2025 12:12:39 PM,1750846359865,Right,-0.042507,0.7564306,0.1409815,-0.1013896,0.5402609,0.4188225,-0.1043115,0.7165801,0.1598941,-0.1275163,0.518589,0.4116094,-0.06219578,1.171641,0.6240659,-0.1588095,0.2996187,0.7708549,False,0,1,4
6/25/2025 12:12:39 PM,1750846359879,Right,-0.04221173,0.7607844,0.1293568,-0.08728617,0.538168,0.4053188,-0.1052254,0.719396,0.1515759,-0.1161527,0.5152248,0.3997516,-0.0590421,1.166944,0.623964,-0.1304546,0.2881448,0.7544739,False,0,1,4
6/25/2025 12:12:39 PM,1750846359907,Right,-0.04422264,0.769505,0.1179577,-0.06623664,0.5336302,0.3842003,-0.1069365,0.723196,0.1431748,-0.09798323,0.5094864,0.3821127,-0.05249333,1.158087,0.6225678,-0.08616593,0.2673287,0.7278574,False,0,1,4
6/25/2025 12:12:39 PM,1750846359921,Right,-0.0471362,0.7726218,0.1127191,-0.05626595,0.5311011,0.374852,-0.1081662,0.7243895,0.1399133,-0.09186184,0.5072428,0.3755347,-0.04898787,1.154178,0.6215417,-0.06987838,0.2603343,0.7172233,False,0,1,4
6/25/2025 12:12:39 PM,1750846359947,Right,-0.04938867,0.7751184,0.1148411,-0.04229385,0.5236531,0.3676944,-0.1099558,0.7213314,0.1402288,-0.08188168,0.4994383,0.3704286,-0.04162586,1.147392,0.6194942,-0.04442833,0.2457847,0.705615,False,0,1,4
6/25/2025 12:12:39 PM,1750846359962,Right,-0.0503734,0.775717,0.1171515,-0.03564896,0.5193968,0.3657224,-0.1110691,0.7192072,0.142118,-0.07765198,0.494975,0.3701649,-0.03795922,1.144361,0.6187655,-0.03304111,0.2389147,0.7018778,False,0,1,4
6/25/2025 12:12:39 PM,1750846359989,Right,-0.05461589,0.7672992,0.1274756,-0.02829959,0.5096484,0.3727884,-0.1127212,0.7150421,0.1517068,-0.07161693,0.4887365,0.375675,-0.03228152,1.13934,0.6181746,-0.01656485,0.2286893,0.7033544,False,0,1,4
6/25/2025 12:12:40 PM,1750846360004,Right,-0.05704778,0.7626879,0.1347174,-0.02460596,0.5038595,0.3785693,-0.1132063,0.7121239,0.1581642,-0.06833164,0.4844888,0.3804902,-0.02982914,1.137123,0.6180744,-0.008125782,0.2230049,0.7057233,False,0,1,4
6/25/2025 12:12:40 PM,1750846360017,Right,-0.05875963,0.7549064,0.1432591,-0.02249254,0.4976289,0.3889145,-0.1136763,0.7080191,0.1662503,-0.06591555,0.4802462,0.3884484,-0.02774203,1.135186,0.6179774,-0.002092756,0.2192658,0.7128484,False,0,1,4
6/25/2025 12:12:40 PM,1750846360045,Right,-0.0624865,0.7399756,0.1668611,-0.01930699,0.4862903,0.4145418,-0.1159668,0.6975129,0.1842654,-0.06327865,0.4713132,0.4064912,-0.02462065,1.131312,0.6177269,0.007038951,0.2119992,0.7312994,False,0,1,4
6/25/2025 12:12:40 PM,1750846360060,Right,-0.06477837,0.7312073,0.1826289,-0.01764816,0.4809021,0.4321978,-0.117401,0.6911992,0.1950544,-0.06265504,0.4676148,0.4187069,-0.02352297,1.129281,0.6175451,0.01047808,0.2112305,0.7458511,False,0,1,4
6/25/2025 12:12:40 PM,1750846360087,Right,-0.0693775,0.7136196,0.2159644,-0.01725372,0.4700783,0.4699334,-0.120672,0.6766957,0.2206105,-0.06267791,0.4580152,0.4471444,-0.02174175,1.125442,0.6170576,0.01548258,0.2074591,0.778624,False,0,1,4
6/25/2025 12:12:40 PM,1750846360101,Right,-0.07165058,0.6989219,0.2368947,-0.01769056,0.4670079,0.4964489,-0.1222861,0.6691885,0.2349398,-0.06479931,0.4549486,0.4615298,-0.02071822,1.123307,0.6165179,0.01406676,0.2057864,0.79776,False,0,1,4
6/25/2025 12:12:40 PM,1750846360129,Right,-0.07632779,0.6826973,0.2796714,-0.02209665,0.4587796,0.5476962,-0.1239151,0.6577423,0.2580824,-0.07068561,0.4584618,0.4765145,-0.01963842,1.119325,0.6155912,0.009305827,0.204048,0.8294963,True,0,1,5
6/25/2025 12:12:40 PM,1750846360143,Right,-0.07823861,0.6722578,0.3052342,-0.02336272,0.4585409,0.5763999,-0.1240063,0.6543147,0.2652943,-0.07238501,0.4584593,0.4828879,-0.01885319,1.116994,0.6146784,0.006472297,0.2041386,0.8401133,True,0,1,5
6/25/2025 12:12:40 PM,1750846360171,Right,-0.07652973,0.6607855,0.3521764,-0.02933753,0.4598303,0.6354203,-0.1239313,0.6466958,0.2839188,-0.07451025,0.4545343,0.5061353,-0.0173229,1.112467,0.6123981,0.0003131852,0.2073338,0.8684052,True,0,1,5
6/25/2025 12:12:40 PM,1750846360185,Right,-0.07404351,0.6597003,0.3756556,-0.03248796,0.464328,0.6656557,-0.1237271,0.642916,0.2948448,-0.07549918,0.4524895,0.520594,-0.01664102,1.110679,0.6112654,-0.003283359,0.210353,0.885169,True,0,1,5
6/25/2025 12:12:40 PM,1750846360198,Right,-0.07395878,0.6551982,0.3989273,-0.03611213,0.4706305,0.6945444,-0.1233903,0.6390971,0.307466,-0.07729878,0.45247,0.535144,-0.01573312,1.109035,0.6103083,-0.008128747,0.214371,0.9044775,True,0,1,5
6/25/2025 12:12:40 PM,1750846360226,Right,-0.0696445,0.6582456,0.4421192,-0.04524261,0.4844851,0.7499722,-0.1225603,0.6319973,0.3360367,-0.08036345,0.4506932,0.5727187,-0.01369226,1.108324,0.6096197,-0.01902436,0.2261144,0.9481148,True,0,1,5
6/25/2025 12:12:40 PM,1750846360239,Right,-0.06830191,0.6614117,0.4633174,-0.05002235,0.4938968,0.7763434,-0.1221673,0.6290393,0.3517623,-0.08260051,0.4512124,0.5927395,-0.01292551,1.108958,0.6096592,-0.02614575,0.2335875,0.9718411,True,0,1,5
6/25/2025 12:12:40 PM,1750846360268,Right,-0.06534687,0.6714706,0.501638,-0.0603186,0.5135894,0.8216138,-0.1210856,0.6247226,0.3881333,-0.08841961,0.4557826,0.6378573,-0.01182437,1.111479,0.6103793,-0.0442842,0.2536569,1.025716,True,0,1,5
6/25/2025 12:12:40 PM,1750846360282,Right,-0.06474659,0.6784593,0.5180885,-0.06586347,0.5241007,0.8408618,-0.1201508,0.6238654,0.4077601,-0.092154,0.4593793,0.6619524,-0.01174498,1.11396,0.6112792,-0.05619146,0.2651721,1.053785,True,0,1,5
6/25/2025 12:12:40 PM,1750846360309,Right,-0.06621954,0.6920624,0.5458991,-0.07770143,0.5443513,0.8730814,-0.1184831,0.6253096,0.4506306,-0.1016491,0.4709879,0.7134561,-0.01215231,1.12078,0.6146282,-0.08488776,0.2936554,1.113184,True,0,1,5
6/25/2025 12:12:40 PM,1750846360323,Right,-0.06688057,0.6973228,0.5570201,-0.08383745,0.5536683,0.8852519,-0.1176646,0.6282568,0.4739317,-0.1070155,0.4777987,0.7388909,-0.01328623,1.125339,0.6165653,-0.1004241,0.305753,1.14161,True,0,1,5
6/25/2025 12:12:40 PM,1750846360351,Right,-0.06838767,0.7051209,0.5757672,-0.09545994,0.5697919,0.9049011,-0.1171233,0.6386594,0.5229394,-0.1125381,0.4922657,0.7886353,-0.01610446,1.134681,0.620775,-0.1151092,0.3245744,1.194837,True,0,1,5
6/25/2025 12:12:40 PM,1750846360365,Right,-0.06987881,0.7077558,0.5810636,-0.101148,0.5766366,0.9105983,-0.1180341,0.6470405,0.5481449,-0.1164408,0.5021755,0.8138833,-0.01804745,1.139374,0.6227838,-0.1234539,0.3359599,1.22142,True,0,1,5
6/25/2025 12:12:40 PM,1750846360379,Right,-0.07078527,0.7103415,0.5868663,-0.1071537,0.583017,0.916586,-0.1191299,0.651777,0.5559098,-0.1200819,0.5086281,0.8218881,-0.02011192,1.14391,0.6249375,-0.1309912,0.3443139,1.230762,True,0,1,5
6/25/2025 12:12:40 PM,1750846360406,Right,-0.07252838,0.714061,0.5933461,-0.1174895,0.5920161,0.9221681,-0.1212765,0.6569991,0.5615125,-0.127395,0.5159694,0.8269221,-0.02446699,1.151894,0.6301121,-0.1462936,0.3532011,1.237664,True,0,1,5
6/25/2025 12:12:40 PM,1750846360421,Right,-0.07354939,0.7157829,0.5961463,-0.1229814,0.5960392,0.9246222,-0.1223887,0.6591585,0.563699,-0.1309622,0.519586,0.8292983,-0.02678478,1.155414,0.6328454,-0.1538583,0.3585068,1.240986,True,0,1,5
6/25/2025 12:12:40 PM,1750846360448,Right,-0.07542223,0.7173401,0.5978103,-0.1340736,0.6032246,0.9257444,-0.124527,0.6610886,0.5639708,-0.138042,0.5240597,0.8297696,-0.03142321,1.161574,0.6371763,-0.1694693,0.3658262,1.242867,True,0,1,5
6/25/2025 12:12:40 PM,1750846360462,Right,-0.07628983,0.7184188,0.5983565,-0.1397916,0.6070513,0.9258645,-0.1255186,0.6620229,0.5637982,-0.1417288,0.5264469,0.8297658,-0.03414428,1.16413,0.638656,-0.1778844,0.3699368,1.243536,True,0,1,5
6/25/2025 12:12:40 PM,1750846360489,Right,-0.07952756,0.728368,0.5981706,-0.1513144,0.6142414,0.9225574,-0.1278314,0.6639794,0.5614746,-0.150104,0.5306079,0.8276825,-0.04035199,1.168814,0.6415007,-0.1970954,0.3767924,1.241788,True,0,1,5
6/25/2025 12:12:40 PM,1750846360504,Right,-0.08241754,0.733568,0.5975168,-0.157494,0.6182876,0.9208792,-0.1291493,0.6648829,0.5601887,-0.1546707,0.5326012,0.8267593,-0.04356492,1.171019,0.642758,-0.2075057,0.3803968,1.24065,True,0,1,5
6/25/2025 12:12:40 PM,1750846360517,Right,-0.08659581,0.7342466,0.5980235,-0.1661651,0.6225536,0.9200117,-0.1307893,0.6663217,0.5586348,-0.1598584,0.5349399,0.8239523,-0.04667425,1.173136,0.6436199,-0.2194795,0.3825344,1.238119,True,0,1,5
6/25/2025 12:12:40 PM,1750846360546,Right,-0.09491833,0.7387987,0.5959978,-0.1879623,0.6294237,0.917115,-0.135684,0.6691163,0.5554481,-0.1731212,0.5388646,0.8219044,-0.05261338,1.176858,0.6451844,-0.2473616,0.3892373,1.233162,True,0,1,5
6/25/2025 12:12:40 PM,1750846360560,Right,-0.09991942,0.742876,0.5959533,-0.2021108,0.6333953,0.9139953,-0.1389989,0.6712263,0.554387,-0.1813692,0.5415552,0.8201919,-0.05549765,1.178738,0.64623,-0.2644405,0.3922423,1.230059,True,0,1,5
6/25/2025 12:12:40 PM,1750846360587,Right,-0.1137454,0.7514684,0.5960018,-0.2340141,0.6431108,0.9104322,-0.1470703,0.6743192,0.5516183,-0.2011875,0.5457658,0.8177872,-0.06073797,1.182191,0.6473719,-0.3040006,0.399103,1.222237,True,0,1,5
6/25/2025 12:12:40 PM,1750846360601,Right,-0.1219048,0.7569953,0.596777,-0.2544005,0.6487006,0.906817,-0.1514561,0.677899,0.5519233,-0.2119492,0.5497458,0.817351,-0.06306005,1.183825,0.6478926,-0.3255296,0.403535,1.218649,True,0,1,5
6/25/2025 12:12:40 PM,1750846360629,Right,-0.140912,0.7680768,0.5989321,-0.2981645,0.6581218,0.8999853,-0.1636492,0.6832027,0.5541332,-0.2396053,0.5556431,0.8186187,-0.06756938,1.1867,0.6481291,-0.3777839,0.4114075,1.210162,True,0,1,5
6/25/2025 12:12:40 PM,1750846360643,Right,-0.1530575,0.7736888,0.6011747,-0.3242193,0.6633571,0.8914471,-0.1701119,0.6857,0.5548227,-0.2531908,0.5591168,0.8153408,-0.06992459,1.188119,0.6480432,-0.4046482,0.4134067,1.203629,True,0,1,5
6/25/2025 12:12:40 PM,1750846360670,Right,-0.1790994,0.7867278,0.6051496,-0.3787267,0.6740004,0.8781121,-0.186382,0.6938744,0.5575514,-0.2874947,0.5667,0.8131331,-0.07403874,1.190871,0.647289,-0.4674049,0.4195297,1.186726,True,0,1,5
6/25/2025 12:12:40 PM,1750846360684,Right,-0.1957468,0.7926928,0.6059056,-0.4093943,0.6816964,0.8674712,-0.1955376,0.6975943,0.559244,-0.3052608,0.5705839,0.8103915,-0.07599986,1.192263,0.646687,-0.4998033,0.4216148,1.176786,True,0,1,5
6/25/2025 12:12:40 PM,1750846360698,Right,-0.2143274,0.7997089,0.6051764,-0.4406011,0.689186,0.8545064,-0.2064187,0.701695,0.5602979,-0.3253988,0.574833,0.806132,-0.07783616,1.193764,0.6458528,-0.5356919,0.4236906,1.163947,True,0,1,5
6/25/2025 12:12:40 PM,1750846360726,Right,-0.2505308,0.8138127,0.6007953,-0.5036095,0.7043616,0.8243425,-0.2291398,0.7122813,0.5620174,-0.3681583,0.584105,0.7969587,-0.08095086,1.197057,0.6440436,-0.6093947,0.4281808,1.131924,True,0,1,5
6/25/2025 12:12:40 PM,1750846360740,Right,-0.2688676,0.8190787,0.5958324,-0.535584,0.713994,0.8038033,-0.2421047,0.7170905,0.5618306,-0.390683,0.5886283,0.7898205,-0.08258677,1.198768,0.6432362,-0.6472787,0.4298057,1.11265,True,0,1,5
6/25/2025 12:12:40 PM,1750846360768,Right,-0.3068474,0.8313621,0.5813132,-0.5984293,0.7326523,0.7583067,-0.2690854,0.7251574,0.5591269,-0.4387685,0.5950896,0.7718383,-0.08560598,1.202447,0.641758,-0.7255578,0.4305021,1.064014,True,0,1,5
6/25/2025 12:12:40 PM,1750846360782,Right,-0.3252651,0.8372901,0.5720913,-0.6272741,0.7446038,0.7323329,-0.2832564,0.7292792,0.5557605,-0.4631717,0.5991589,0.7588994,-0.08687937,1.204026,0.6409645,-0.7652872,0.4315652,1.034418,True,0,1,5
6/25/2025 12:12:40 PM,1750846360809,Right,-0.3588156,0.8478202,0.5531142,-0.6828967,0.7552804,0.6769616,-0.311994,0.7379674,0.5451203,-0.5150177,0.6056058,0.7301813,-0.08906853,1.206505,0.6397609,-0.8419435,0.434142,0.9657673,True,0,1,5
6/25/2025 12:12:40 PM,1750846360823,Right,-0.3736137,0.8529566,0.542739,-0.7091917,0.7591875,0.6467427,-0.3254448,0.7422742,0.5391667,-0.5413477,0.6090149,0.714964,-0.09011805,1.207233,0.6387324,-0.8783717,0.4376699,0.9285101,True,0,1,5
6/25/2025 12:12:40 PM,1750846360851,Right,-0.3999878,0.861312,0.5219899,-0.7659698,0.7535254,0.5920846,-0.349454,0.7491682,0.5266097,-0.6016781,0.6110901,0.6862555,-0.09284067,1.208959,0.6364322,-0.9470499,0.4488991,0.8472616,True,0,1,5
6/25/2025 12:12:40 PM,1750846360865,Right,-0.4113092,0.8648963,0.5114347,-0.7956089,0.7444264,0.565141,-0.3602946,0.7510496,0.5196063,-0.6357092,0.6107879,0.6713419,-0.09439838,1.209775,0.635269,-0.9794797,0.4589104,0.8048513,True,0,1,5
6/25/2025 12:12:40 PM,1750846360879,Right,-0.4217686,0.8681092,0.5003955,-0.8244803,0.7314666,0.5396892,-0.370883,0.7529987,0.5127992,-0.6715214,0.6107237,0.6552023,-0.09587884,1.21067,0.6344532,-1.010173,0.4707644,0.7612991,True,0,1,5
6/25/2025 12:12:40 PM,1750846360906,Right,-0.43797,0.8750418,0.4804492,-0.7907999,0.8130878,0.4586868,-0.387406,0.7598916,0.4969018,-0.6426218,0.624161,0.5896578,-0.09857011,1.212496,0.6331725,-1.02855,0.4333799,0.6769714,True,0,1,5
6/25/2025 12:12:40 PM,1750846360921,Right,-0.4449497,0.8772746,0.4692137,-0.8022493,0.8213731,0.4159236,-0.3952044,0.7628435,0.4888231,-0.6617249,0.6242204,0.5639159,-0.1002387,1.213343,0.6324402,-1.046665,0.433655,0.6204833,True,0,1,5
6/25/2025 12:12:40 PM,1750846360948,Right,-0.4536672,0.8828292,0.4500417,-0.7959424,0.8332605,0.3793185,-0.405995,0.7673405,0.4756843,-0.6673841,0.6258115,0.5159239,-0.1038895,1.21539,0.6303171,-1.05584,0.4133276,0.5254438,True,0,1,5
6/25/2025 12:12:40 PM,1750846360963,Right,-0.457537,0.8858046,0.4400176,-0.7972829,0.8371364,0.3547296,-0.410949,0.769434,0.4689845,-0.6724709,0.6242561,0.4974637,-0.105652,1.21649,0.6291063,-1.055334,0.4027902,0.4899592,True,0,1,5
6/25/2025 12:12:40 PM,1750846360990,Right,-0.4612651,0.8885081,0.4263587,-0.7912658,0.8445958,0.3157999,-0.4168246,0.7719865,0.4561317,-0.6750128,0.6232783,0.4673631,-0.1090511,1.218943,0.626637,-1.052653,0.3906623,0.4357848,True,0,1,5
6/25/2025 12:12:41 PM,1750846361004,Right,-0.462101,0.8895544,0.4178209,-0.7886236,0.8470696,0.2968101,-0.4189793,0.7728469,0.4492451,-0.6756283,0.6211634,0.4529794,-0.1106037,1.220104,0.6254183,-1.049108,0.3835523,0.4106753,True,0,1,5
6/25/2025 12:12:41 PM,1750846361018,Right,-0.4615332,0.8892854,0.410762,-0.7854574,0.8451754,0.2823218,-0.4192634,0.7732804,0.4428878,-0.6749401,0.6192871,0.4382058,-0.1120092,1.221267,0.6242507,-1.044621,0.3789228,0.3836432,True,0,1,5
6/25/2025 12:12:41 PM,1750846361046,Right,-0.4606287,0.8865453,0.4015214,-0.7791008,0.8391448,0.2591716,-0.418162,0.7702153,0.4306411,-0.6729188,0.6138635,0.417552,-0.1144456,1.223689,0.621428,-1.038478,0.3715695,0.3507085,True,0,1,5
6/25/2025 12:12:41 PM,1750846361060,Right,-0.4595605,0.8842828,0.398863,-0.7755969,0.8353444,0.2522212,-0.4165969,0.7687649,0.4262289,-0.6699069,0.6108361,0.408578,-0.1154238,1.224811,0.6198428,-1.033108,0.3666675,0.3349486,True,0,1,5
6/25/2025 12:12:41 PM,1750846361088,Right,-0.455838,0.8782969,0.3953426,-0.7687991,0.8261379,0.2438241,-0.4129493,0.7653116,0.4217593,-0.6646757,0.605581,0.4007603,-0.1166086,1.226809,0.6165591,-1.025408,0.3590187,0.3221591,True,0,1,5
6/25/2025 12:12:41 PM,1750846361101,Right,-0.4534526,0.8747479,0.3958241,-0.766259,0.8210167,0.2443303,-0.4101368,0.7631465,0.421167,-0.6611159,0.602228,0.3993073,-0.1166091,1.22772,0.6150542,-1.020901,0.3548975,0.3191878,True,0,1,5
6/25/2025 12:12:41 PM,1750846361130,Right,-0.4475336,0.8678892,0.3981575,-0.7607774,0.8100529,0.2509005,-0.4038017,0.7577296,0.4220805,-0.6532418,0.5954268,0.401438,-0.1159064,1.229154,0.612482,-1.012653,0.3459905,0.3227247,True,0,1,5
6/25/2025 12:12:41 PM,1750846361143,Right,-0.4433898,0.8641763,0.4007109,-0.7574358,0.8042559,0.2588842,-0.4002016,0.7552946,0.4244711,-0.6489475,0.5933822,0.4066041,-0.1152562,1.229457,0.6111661,-1.009875,0.3432254,0.3317471,True,0,1,5
6/25/2025 12:12:41 PM,1750846361170,Right,-0.4342666,0.8568134,0.4073021,-0.7562333,0.7847647,0.2760122,-0.3901615,0.7548114,0.4315268,-0.6427327,0.5904297,0.4168061,-0.1141206,1.22984,0.6079284,-1.001517,0.3435229,0.3467571,True,0,1,5
6/25/2025 12:12:41 PM,1750846361185,Right,-0.4287935,0.8537474,0.4117648,-0.7534009,0.7758103,0.2894353,-0.3849366,0.7509242,0.4335269,-0.6379426,0.586428,0.4192741,-0.1135072,1.229953,0.6061957,-0.9970762,0.3405986,0.3497514,True,0,1,5
6/25/2025 12:12:41 PM,1750846361199,Right,-0.4225082,0.8502235,0.4165252,-0.7497764,0.7695559,0.3044198,-0.3777905,0.7476807,0.436712,-0.6307659,0.5834416,0.4235584,-0.1127595,1.230024,0.6046607,-0.990944,0.3383721,0.3554129,True,0,1,5
6/25/2025 12:12:41 PM,1750846361226,Right,-0.4076477,0.8422525,0.4269688,-0.7404916,0.7543119,0.3371842,-0.3623845,0.7412206,0.4439259,-0.6161485,0.5770612,0.4345585,-0.1111755,1.23017,0.6024116,-0.9779248,0.3338101,0.3716278,True,0,1,5
6/25/2025 12:12:41 PM,1750846361241,Right,-0.3988399,0.8376604,0.432689,-0.733696,0.7453122,0.3563247,-0.353643,0.7373915,0.4468328,-0.6075425,0.5735027,0.4400739,-0.1104046,1.230009,0.601575,-0.9705335,0.330964,0.3807794,True,0,1,5
6/25/2025 12:12:41 PM,1750846361268,Right,-0.3777945,0.8269317,0.4416634,-0.7167785,0.7261146,0.395171,-0.3330445,0.7289505,0.4516476,-0.588094,0.5651433,0.4520783,-0.1086301,1.229229,0.5996287,-0.9530728,0.3248553,0.4029444,True,0,1,5
6/25/2025 12:12:41 PM,1750846361282,Right,-0.3652417,0.8209808,0.4454789,-0.7053279,0.7165369,0.4157817,-0.3214985,0.7245743,0.4507015,-0.5769331,0.5609503,0.4553986,-0.1075077,1.228632,0.5984931,-0.9431328,0.3218372,0.4123105,True,0,1,5
6/25/2025 12:12:41 PM,1750846361310,Right,-0.3384607,0.8088222,0.4517975,-0.678641,0.6964401,0.4566036,-0.2964813,0.7166564,0.4491999,-0.5529231,0.553246,0.4644166,-0.1049597,1.227528,0.596112,-0.9213285,0.3172836,0.4362573,True,0,1,5
6/25/2025 12:12:41 PM,1750846361324,Right,-0.3230721,0.8021134,0.4531777,-0.6615832,0.6850715,0.4777717,-0.2834373,0.7126523,0.4470262,-0.5401873,0.5493053,0.4683347,-0.1034514,1.227122,0.5952609,-0.9095675,0.3150874,0.4488432,True,0,1,5
6/25/2025 12:12:41 PM,1750846361338,Right,-0.3084982,0.7956315,0.4539696,-0.6447278,0.6749704,0.498043,-0.2707156,0.7082067,0.4447975,-0.5277542,0.5448918,0.4728242,-0.1016057,1.22643,0.5947324,-0.8979193,0.3127472,0.4628905,True,0,1,5
6/25/2025 12:12:41 PM,1750846361365,Right,-0.2763217,0.7831708,0.44877,-0.6033056,0.6567492,0.5349947,-0.2452144,0.6998371,0.4322774,-0.5014232,0.5367945,0.4752451,-0.09736669,1.224636,0.5942192,-0.8730429,0.3087576,0.4869439,True,0,1,5
6/25/2025 12:12:41 PM,1750846361379,Right,-0.2607509,0.7773875,0.4467019,-0.580254,0.6497929,0.5528917,-0.2326443,0.6959487,0.4261345,-0.486926,0.5336419,0.4771647,-0.09535897,1.22369,0.5937448,-0.8598357,0.3072408,0.5012165,True,0,1,5
6/25/2025 12:12:41 PM,1750846361407,Right,-0.2294243,0.7681867,0.4352093,-0.5280219,0.6314694,0.5746294,-0.2117042,0.6894062,0.4083327,-0.4596335,0.5287133,0.4765455,-0.0915252,1.221743,0.5929452,-0.8343867,0.3048353,0.5286316,True,0,1,5
6/25/2025 12:12:41 PM,1750846361421,Right,-0.2147255,0.7639291,0.4277966,-0.5016712,0.6231981,0.5845928,-0.2019934,0.6871997,0.398716,-0.4465746,0.5268599,0.476129,-0.08937967,1.221061,0.5928221,-0.8207397,0.3047241,0.543511,True,0,1,5
6/25/2025 12:12:41 PM,1750846361449,Right,-0.1898783,0.7599935,0.4076679,-0.4483281,0.6113763,0.598006,-0.1870642,0.6880397,0.3773736,-0.4222928,0.5279968,0.4742912,-0.08468425,1.219779,0.5935661,-0.7925838,0.3086318,0.5761092,True,0,1,5
6/25/2025 12:12:41 PM,1750846361463,Right,-0.1767345,0.7568171,0.3979685,-0.4219918,0.6046194,0.6034134,-0.1796445,0.6865491,0.3663709,-0.410491,0.5258018,0.4735537,-0.08208859,1.218888,0.5941341,-0.7762156,0.3086131,0.5930148,True,0,1,5
6/25/2025 12:12:41 PM,1750846361491,Right,-0.1546607,0.751384,0.3723136,-0.3683797,0.5922999,0.6040201,-0.1692199,0.6882244,0.3454373,-0.3869125,0.5263071,0.4735293,-0.07709658,1.216319,0.5952566,-0.7400727,0.3117238,0.632621,True,0,1,5
6/25/2025 12:12:41 PM,1750846361504,Right,-0.1437418,0.7489759,0.359823,-0.3415088,0.5859741,0.6029812,-0.1636898,0.6900954,0.3351753,-0.3740732,0.527087,0.4739864,-0.07459104,1.214792,0.595741,-0.7179916,0.3139462,0.6535482,True,0,1,5
6/25/2025 12:12:41 PM,1750846361518,Right,-0.1323937,0.748792,0.348155,-0.3143854,0.5808823,0.5979973,-0.1591275,0.6917703,0.325389,-0.3602755,0.5281639,0.4740837,-0.07213938,1.213114,0.5961887,-0.6938794,0.3152227,0.6751782,True,0,1,5
6/25/2025 12:12:41 PM,1750846361546,Right,-0.1137811,0.7493215,0.3232026,-0.26365,0.5710944,0.5842665,-0.1492382,0.6938537,0.3069537,-0.329374,0.5279229,0.4754273,-0.06648302,1.209178,0.5975095,-0.6341037,0.3145458,0.7206336,True,0,1,5
6/25/2025 12:12:41 PM,1750846361560,Right,-0.1045854,0.748423,0.3095112,-0.2393097,0.5668454,0.575734,-0.1441599,0.6954981,0.2983768,-0.3129084,0.5279979,0.4759925,-0.06380558,1.206876,0.5981884,-0.5997113,0.3137521,0.7420467,True,0,1,5
6/25/2025 12:12:41 PM,1750846361588,Right,-0.09125267,0.7521935,0.2835772,-0.1978482,0.5568223,0.5575402,-0.1378886,0.6982404,0.2803422,-0.2816831,0.5247685,0.4781045,-0.05894661,1.202034,0.5995951,-0.5205664,0.3091739,0.7826221,True,0,1,5
6/25/2025 12:12:41 PM,1750846361602,Right,-0.08844119,0.7525287,0.2716644,-0.1769349,0.5530727,0.5454426,-0.1365951,0.6994957,0.2712861,-0.2651972,0.525102,0.4751112,-0.05674493,1.199568,0.6006678,-0.4792231,0.305581,0.7981043,True,0,1,5
6/25/2025 12:12:41 PM,1750846361629,Right,-0.08153266,0.7586648,0.2489554,-0.1398358,0.5452005,0.5223207,-0.1319866,0.7027478,0.2574424,-0.2278058,0.5222448,0.4754128,-0.05156446,1.193504,0.6031324,-0.3785883,0.2954673,0.8261341,True,0,1,5
6/25/2025 12:12:41 PM,1750846361643,Right,-0.07905935,0.762256,0.2402548,-0.1235436,0.5420465,0.5102863,-0.1313342,0.7038143,0.2515432,-0.2103292,0.5208139,0.4736958,-0.04911625,1.190324,0.60417,-0.3350758,0.2895399,0.832031,True,0,1,5
6/25/2025 12:12:41 PM,1750846361671,Right,-0.07357287,0.7672598,0.2254915,-0.09326848,0.5350425,0.4893972,-0.1279329,0.705985,0.2422614,-0.1691875,0.516334,0.4698886,-0.04548228,1.183187,0.6062753,-0.2366375,0.2754903,0.8363639,True,0,1,5
6/25/2025 12:12:41 PM,1750846361684,Right,-0.07044676,0.7691614,0.2198028,-0.08049193,0.532532,0.4793062,-0.1265694,0.7064718,0.2391882,-0.148127,0.5137745,0.4661655,-0.04384387,1.179569,0.60691,-0.1862193,0.2669097,0.8336015,True,0,1,5
6/25/2025 12:12:41 PM,1750846361699,Right,-0.06731401,0.7709003,0.2155116,-0.07001603,0.5306012,0.4702808,-0.1251503,0.7067444,0.2370498,-0.1261953,0.510723,0.4610638,-0.04199612,1.175968,0.6073554,-0.1332772,0.2568511,0.8266514,True,0,1,5
6/25/2025 12:12:41 PM,1750846361726,Right,-0.06264969,0.7731993,0.2097173,-0.05042382,0.5256225,0.4573423,-0.1226452,0.7059306,0.2351833,-0.09456235,0.5025777,0.4508941,-0.03840709,1.169473,0.6084645,-0.05576102,0.2367166,0.8056787,True,0,1,5
6/25/2025 12:12:41 PM,1750846361740,Right,-0.06071893,0.7740195,0.209564,-0.04252096,0.523192,0.4532585,-0.1211244,0.7047415,0.2359641,-0.08917885,0.4998091,0.4494333,-0.03699434,1.166293,0.6092415,-0.04391302,0.2310936,0.8014694,True,0,1,5
6/25/2025 12:12:41 PM,1750846361768,Right,-0.05756489,0.7718681,0.2109233,-0.02851594,0.5184816,0.4488614,-0.1184409,0.7035293,0.2404683,-0.08043361,0.4962023,0.4489773,-0.0334903,1.160224,0.6113813,-0.02419063,0.2214619,0.7961912,True,0,1,5
6/25/2025 12:12:41 PM,1750846361782,Right,-0.05719522,0.7698454,0.2134155,-0.02420172,0.5147305,0.4489452,-0.1174227,0.7018438,0.2436584,-0.07725291,0.4936627,0.450868,-0.0316118,1.157403,0.6122252,-0.0173526,0.2174523,0.7963346,True,0,1,5
6/25/2025 12:12:41 PM,1750846361809,Right,-0.05805582,0.7643428,0.2201416,-0.01685383,0.5079103,0.452774,-0.1187481,0.6958812,0.249674,-0.07354867,0.4869557,0.4549626,-0.0283947,1.151732,0.6145968,-0.004837938,0.2093743,0.7977941,True,0,1,5
6/25/2025 12:12:41 PM,1750846361823,Right,-0.06012747,0.760422,0.2250001,-0.01450038,0.5053245,0.4573335,-0.1188038,0.6929947,0.2548758,-0.07229642,0.4845972,0.4596572,-0.02697432,1.149016,0.6157454,-0.0007629544,0.2069567,0.8025377,True,0,1,5
6/25/2025 12:12:41 PM,1750846361838,Right,-0.06115334,0.7565787,0.230087,-0.01282138,0.5022153,0.4618695,-0.1190727,0.6895764,0.2605966,-0.07084948,0.4810569,0.4641985,-0.02572262,1.14637,0.6167985,0.004190788,0.2023928,0.8060857,True,0,1,5
6/25/2025 12:12:41 PM,1750846361866,Right,-0.06391624,0.7470628,0.243825,-0.01180324,0.4964255,0.4775982,-0.119586,0.6825244,0.2734284,-0.07125124,0.4748627,0.4768624,-0.02381647,1.141001,0.6188296,0.005719885,0.1964164,0.8194116,True,0,1,5
6/25/2025 12:12:41 PM,1750846361879,Right,-0.06663633,0.7424478,0.2515593,-0.01251427,0.4929938,0.4872014,-0.1203611,0.6792538,0.2809399,-0.07104006,0.4717216,0.4849423,-0.02318144,1.138213,0.6199962,0.007893227,0.1943998,0.8273531,True,0,1,5
6/25/2025 12:12:41 PM,1750846361908,Right,-0.06672115,0.7339675,0.2684637,-0.01555157,0.4882333,0.5063176,-0.123638,0.6721939,0.2962208,-0.07378673,0.4680629,0.5018084,-0.02256763,1.133487,0.6222572,0.006985135,0.1942601,0.8481419,True,0,1,5
6/25/2025 12:12:41 PM,1750846361921,Right,-0.06880713,0.7302491,0.2773075,-0.01845739,0.4862761,0.5167172,-0.1255698,0.6687149,0.3040264,-0.07574619,0.4646971,0.5095,-0.02259004,1.131586,0.6232057,0.005443037,0.1907977,0.8558696,True,0,1,5
6/25/2025 12:12:41 PM,1750846361949,Right,-0.07343802,0.7235908,0.2939105,-0.02323804,0.4835766,0.5377427,-0.1294671,0.6631196,0.3184014,-0.07957934,0.4601655,0.5250872,-0.02336407,1.128729,0.6255156,0.001518458,0.1882831,0.8729041,True,0,1,5
6/25/2025 12:12:41 PM,1750846361963,Right,-0.07378512,0.7201836,0.3013457,-0.02561285,0.4830454,0.5482488,-0.1310806,0.6601182,0.3252705,-0.08122826,0.4583597,0.5329626,-0.02373302,1.127846,0.6269498,-0.0001461208,0.1882672,0.8823279,True,0,1,5
6/25/2025 12:12:41 PM,1750846361991,Right,-0.07902348,0.7145193,0.3159637,-0.03124165,0.4829945,0.5680031,-0.1338818,0.6553638,0.3369695,-0.08522065,0.4569321,0.5479952,-0.0247575,1.127548,0.6297077,-0.006263644,0.1922578,0.9020771,True,0,1,5
6/25/2025 12:12:42 PM,1750846362004,Right,-0.08016697,0.7124576,0.3225189,-0.03431453,0.4838512,0.5779887,-0.1357151,0.6526679,0.3424849,-0.08770472,0.4562409,0.5558701,-0.02562535,1.127968,0.6312764,-0.01016159,0.1953657,0.9127576,True,0,1,5
6/25/2025 12:12:42 PM,1750846362018,Right,-0.08148751,0.7099696,0.3285119,-0.03790928,0.4848252,0.5875484,-0.1353649,0.6531891,0.347674,-0.08895811,0.4590913,0.5636475,-0.0267719,1.12906,0.6333903,-0.01433011,0.2022502,0.9239594,True,0,1,5
6/25/2025 12:12:42 PM,1750846362046,Right,-0.08349963,0.705045,0.3382963,-0.04591579,0.4884381,0.6052259,-0.1358215,0.6492507,0.3547828,-0.09381891,0.4607126,0.5763397,-0.03045225,1.132274,0.6379704,-0.0269898,0.2128888,0.9445659,True,0,1,5
6/25/2025 12:12:42 PM,1750846362060,Right,-0.08531112,0.7032095,0.3424555,-0.0511206,0.4909927,0.6140383,-0.1370685,0.6476887,0.3578491,-0.09750046,0.4618091,0.582657,-0.03293598,1.13458,0.6404262,-0.03526694,0.2191141,0.9545571,True,0,1,5
6/25/2025 12:12:42 PM,1750846362087,Right,-0.08736918,0.6998202,0.3502758,-0.06175089,0.497608,0.6294698,-0.1398109,0.644992,0.3631115,-0.1050248,0.4647112,0.5925167,-0.03949893,1.140383,0.6457359,-0.05147494,0.2303291,0.9716766,True,0,1,5
6/25/2025 12:12:42 PM,1750846362102,Right,-0.08762182,0.6989652,0.355042,-0.06861638,0.501514,0.6376284,-0.1410107,0.6448439,0.3660823,-0.108822,0.4669302,0.5972525,-0.04350054,1.143661,0.6486583,-0.05990225,0.2358566,0.9794752,True,0,1,5
6/25/2025 12:12:42 PM,1750846362129,Right,-0.08981808,0.6988884,0.3655155,-0.08382844,0.5108063,0.6537957,-0.1428875,0.6453466,0.3726667,-0.1177196,0.4728615,0.6077214,-0.05267394,1.151085,0.6544589,-0.08140601,0.2493379,0.9967639,True,0,1,5
6/25/2025 12:12:42 PM,1750846362143,Right,-0.09062919,0.6989086,0.3719703,-0.09289552,0.5168595,0.662702,-0.1441458,0.6472019,0.3767267,-0.1235558,0.4776435,0.6130766,-0.05768192,1.154836,0.657205,-0.09538189,0.2573049,1.005776,True,0,1,5
6/25/2025 12:12:42 PM,1750846362171,Right,-0.09431481,0.7051952,0.3856624,-0.1135862,0.530539,0.6801427,-0.1461054,0.6517737,0.3841866,-0.1361668,0.4876053,0.624818,-0.06768048,1.162073,0.6620362,-0.1276621,0.2757606,1.023228,True,0,1,5
6/25/2025 12:12:42 PM,1750846362185,Right,-0.09569813,0.7113401,0.3924757,-0.1272566,0.5376104,0.6887035,-0.1477503,0.6529684,0.3891241,-0.1438423,0.4906909,0.6331289,-0.07279789,1.165616,0.6638157,-0.1466004,0.284144,1.032605,True,0,1,5
6/25/2025 12:12:42 PM,1750846362199,Right,-0.09832393,0.715199,0.4001047,-0.1414689,0.5455651,0.6984584,-0.1485825,0.6549795,0.3938803,-0.1515564,0.4950141,0.6404545,-0.07794321,1.169143,0.6652132,-0.1669271,0.2932586,1.041122,True,0,1,5
6/25/2025 12:12:42 PM,1750846362227,Right,-0.108668,0.7241842,0.4173186,-0.1723861,0.5632547,0.718425,-0.1514055,0.6603332,0.4041208,-0.1678396,0.5048224,0.6543838,-0.08786356,1.176127,0.6669989,-0.2081556,0.3111894,1.056024,True,0,1,5
6/25/2025 12:12:42 PM,1750846362240,Right,-0.113714,0.7299485,0.4250821,-0.1909732,0.5731664,0.7268287,-0.153251,0.6638394,0.4098639,-0.1776718,0.5103789,0.6621344,-0.09264457,1.179486,0.6674342,-0.2323779,0.3211292,1.062848,True,0,1,5
6/25/2025 12:12:42 PM,1750846362268,Right,-0.1232021,0.7431993,0.4425572,-0.2307202,0.593907,0.7414929,-0.1583844,0.6710953,0.4224157,-0.2001311,0.5218444,0.6771883,-0.1018835,1.186209,0.6675391,-0.2853522,0.3404318,1.074061,True,0,1,5
6/25/2025 12:12:42 PM,1750846362282,Right,-0.1300305,0.7495694,0.4519731,-0.254378,0.6047099,0.7466089,-0.1627273,0.6744009,0.4299044,-0.2140479,0.5277246,0.6845372,-0.1063461,1.189459,0.6671627,-0.3160832,0.3495864,1.078809,True,0,1,5
6/25/2025 12:12:42 PM,1750846362310,Right,-0.1473256,0.7611533,0.4700248,-0.3041636,0.6246235,0.7534317,-0.1722362,0.6796185,0.4438474,-0.2442658,0.5386907,0.6971462,-0.1150947,1.19621,0.665907,-0.3818567,0.3677165,1.083282,True,0,1,5
6/25/2025 12:12:42 PM,1750846362323,Right,-0.1577197,0.765929,0.4795038,-0.3318109,0.637143,0.7550263,-0.1781662,0.6817299,0.4514017,-0.2607189,0.5443875,0.7024034,-0.1196527,1.199531,0.6647894,-0.4167731,0.3765425,1.083879,True,0,1,5
6/25/2025 12:12:42 PM,1750846362338,Right,-0.1680385,0.7703809,0.4882099,-0.3581153,0.6462904,0.7547596,-0.1846345,0.6864623,0.4593384,-0.2789287,0.5519077,0.7073517,-0.1240708,1.20266,0.6633992,-0.454896,0.3863766,1.081438,True,0,1,5
6/25/2025 12:12:42 PM,1750846362366,Right,-0.1964472,0.782764,0.5032409,-0.4182507,0.6767074,0.7508209,-0.2010019,0.6977009,0.474107,-0.318432,0.5684314,0.713668,-0.1328751,1.209054,0.6609129,-0.533029,0.4063575,1.069907,True,0,1,5
6/25/2025 12:12:42 PM,1750846362380,Right,-0.2119748,0.789046,0.5088491,-0.4493753,0.6897326,0.7468354,-0.2105963,0.7019553,0.4813809,-0.3409198,0.5746889,0.7169054,-0.1372355,1.212475,0.6595095,-0.5742556,0.415384,1.060802,True,0,1,5
6/25/2025 12:12:42 PM,1750846362407,Right,-0.2433918,0.8013549,0.5165468,-0.5087075,0.7173766,0.7258892,-0.2326046,0.7089737,0.4940933,-0.3872962,0.5892386,0.7161399,-0.1460673,1.219477,0.6563144,-0.6593185,0.4366901,1.036198,True,0,1,5
6/25/2025 12:12:42 PM,1750846362422,Right,-0.2601852,0.8071042,0.5187476,-0.5411491,0.733784,0.7149976,-0.2444243,0.7130595,0.5003896,-0.4132366,0.5952424,0.7168747,-0.1505872,1.22308,0.6544015,-0.7019787,0.4471537,1.020042,True,0,1,5
6/25/2025 12:12:42 PM,1750846362449,Right,-0.2933926,0.8187185,0.519972,-0.6014183,0.7710623,0.6797808,-0.2718757,0.7236868,0.5083881,-0.46621,0.61322,0.7047084,-0.1598724,1.23073,0.6497865,-0.7926017,0.4718326,0.9726231,True,0,1,5
6/25/2025 12:12:42 PM,1750846362463,Right,-0.3093758,0.8252474,0.518398,-0.6288455,0.7861974,0.6595299,-0.2856465,0.7284281,0.5111629,-0.4938788,0.6195824,0.6976736,-0.1643734,1.234625,0.6472487,-0.8351766,0.4808672,0.9434018,True,0,1,5
6/25/2025 12:12:42 PM,1750846362477,Right,-0.3251599,0.8312316,0.5157984,-0.6556879,0.7997024,0.6375582,-0.3004908,0.733924,0.5120157,-0.5210265,0.6287361,0.686581,-0.1687104,1.238348,0.6449928,-0.8778883,0.493181,0.9104564,True,0,1,5
6/25/2025 12:12:42 PM,1750846362504,Right,-0.3569757,0.8424899,0.5042408,-0.7078347,0.8224612,0.589428,-0.3286434,0.7423707,0.5119253,-0.57583,0.6424439,0.6638986,-0.1771036,1.24557,0.639801,-0.9534857,0.5131365,0.8392231,True,0,1,5
6/25/2025 12:12:42 PM,1750846362518,Right,-0.3727071,0.8456036,0.4951015,-0.7365631,0.8275192,0.564718,-0.3426804,0.7477074,0.5113232,-0.606231,0.6507709,0.6533175,-0.1812518,1.248994,0.6372064,-0.9881022,0.5276544,0.8030552,True,0,1,5
6/25/2025 12:12:42 PM,1750846362546,Right,-0.3990717,0.8527614,0.4732427,-0.7946963,0.8239492,0.5148083,-0.3731702,0.7603124,0.5066046,-0.6767352,0.6688287,0.6242759,-0.1894487,1.255646,0.6320857,-1.055487,0.5601091,0.7174668,True,0,1,5
6/25/2025 12:12:42 PM,1750846362560,Right,-0.4131164,0.8595679,0.4661207,-0.7670836,0.8656444,0.4802606,-0.3872797,0.7684261,0.5029407,-0.65356,0.6697795,0.5991279,-0.1932734,1.25891,0.6296976,-1.059704,0.5197791,0.6929945,True,0,1,5
6/25/2025 12:12:42 PM,1750846362588,Right,-0.4378194,0.8706555,0.4515713,-0.7979776,0.8869132,0.4122901,-0.4154524,0.7835846,0.4944179,-0.6976635,0.6763954,0.5540896,-0.2008051,1.26487,0.6250368,-1.098522,0.5109885,0.5903696,True,0,1,5
6/25/2025 12:12:42 PM,1750846362602,Right,-0.4495055,0.8776739,0.445593,-0.8027756,0.8926076,0.3891547,-0.4284081,0.7921889,0.4890265,-0.7072748,0.6792212,0.533208,-0.2043871,1.267321,0.6229089,-1.10597,0.4969214,0.5508877,True,0,1,5
6/25/2025 12:12:42 PM,1750846362630,Right,-0.4695961,0.8897703,0.4304101,-0.8149168,0.9061829,0.335663,-0.4536945,0.8058552,0.4760877,-0.7309277,0.6804981,0.4888251,-0.2116708,1.271519,0.6182749,-1.114959,0.4700088,0.4700164,False,0,1,5
6/25/2025 12:12:42 PM,1750846362644,Right,-0.4790182,0.8973513,0.4227124,-0.8185159,0.9126977,0.3052926,-0.4664343,0.8161252,0.4716371,-0.7646046,0.6908302,0.4688145,-0.2152339,1.273329,0.6155751,-1.132911,0.4927472,0.435092,False,0,1,5
6/25/2025 12:12:42 PM,1750846362657,Right,-0.488505,0.9032626,0.4148757,-0.8212914,0.913709,0.2800933,-0.4803407,0.8248161,0.4626656,-0.7794799,0.7044916,0.4409487,-0.2187358,1.274921,0.6129733,-1.147644,0.5098549,0.3877935,False,0,1,5
6/25/2025 12:12:42 PM,1750846362684,Right,-0.5042655,0.9136771,0.3984739,-0.824155,0.917179,0.2350509,-0.5024717,0.8367092,0.4445819,-0.7959743,0.7155374,0.3839534,-0.2251612,1.277498,0.6076279,-1.153395,0.5196511,0.2837296,False,0,1,5
6/25/2025 12:12:42 PM,1750846362698,Right,-0.5114642,0.9189315,0.3895869,-0.823547,0.9175242,0.2126989,-0.509091,0.8406719,0.4363294,-0.795768,0.7154553,0.3566988,-0.2281243,1.278387,0.6052297,-1.143326,0.5146048,0.2325479,False,0,1,5
6/25/2025 12:12:42 PM,1750846362727,Right,-0.520713,0.9249009,0.3745325,-0.8210811,0.9151452,0.179064,-0.5207572,0.8483407,0.4213985,-0.786186,0.706493,0.3050985,-0.2336615,1.279859,0.6008182,-1.101851,0.4848211,0.1380543,False,0,1,5
6/25/2025 12:12:42 PM,1750846362740,Right,-0.5233863,0.9266748,0.3661692,-0.8190576,0.9129546,0.1638293,-0.5251073,0.8510584,0.4146778,-0.7823033,0.7028784,0.2881384,-0.2362633,1.280345,0.5987002,-1.085788,0.4735222,0.1093846,False,0,1,5
6/25/2025 12:12:42 PM,1750846362769,Right,-0.5267296,0.9280216,0.3508149,-0.8140178,0.9062513,0.1377321,-0.531417,0.8524169,0.4021169,-0.7739242,0.6930376,0.2613588,-0.2406836,1.280709,0.5949475,-1.056387,0.4498997,0.0667266,False,0,1,5
6/25/2025 12:12:42 PM,1750846362782,Right,-0.5275974,0.9280959,0.345139,-0.8114247,0.9019651,0.1277245,-0.532167,0.8526266,0.3959736,-0.7704504,0.6901754,0.2513188,-0.242417,1.280706,0.5932252,-1.046545,0.4437273,0.05200118,False,0,1,5
6/25/2025 12:12:42 PM,1750846362810,Right,-0.5257294,0.9251932,0.3345743,-0.804607,0.8927654,0.1132734,-0.5311869,0.8503539,0.3858618,-0.7617201,0.6814235,0.2380299,-0.244905,1.280211,0.5897818,-1.028054,0.4263264,0.03454408,False,0,1,5
6/25/2025 12:12:42 PM,1750846362824,Right,-0.5235261,0.9228693,0.330153,-0.8016068,0.8887177,0.1085915,-0.5300243,0.8488287,0.3811982,-0.7590175,0.6783364,0.2333643,-0.2457337,1.279879,0.5881348,-1.023614,0.4209346,0.02994877,False,0,1,5
6/25/2025 12:12:42 PM,1750846362838,Right,-0.521422,0.9203134,0.3271476,-0.79919,0.8849883,0.1056441,-0.5282371,0.8470495,0.3767505,-0.7549829,0.6748026,0.2279458,-0.2463168,1.279505,0.586529,-1.016761,0.414902,0.02363124,False,0,1,5
6/25/2025 12:12:42 PM,1750846362865,Right,-0.5165988,0.9142489,0.3230599,-0.7952251,0.8783213,0.1032683,-0.522672,0.8411703,0.3730118,-0.7500275,0.6684719,0.2262169,-0.2464358,1.278674,0.5838753,-1.013092,0.4075742,0.0243246,False,0,1,5
6/25/2025 12:12:42 PM,1750846362879,Right,-0.5137312,0.9105985,0.3216961,-0.7935646,0.874864,0.1041989,-0.5191339,0.8370808,0.3712951,-0.7450762,0.6629044,0.2249936,-0.2460648,1.278212,0.5829101,-1.006916,0.3994183,0.02399099,False,0,1,5
6/25/2025 12:12:42 PM,1750846362908,Right,-0.507435,0.9023017,0.3219285,-0.7926418,0.869314,0.1100039,-0.5133786,0.8303633,0.3720082,-0.7442966,0.6592463,0.2287093,-0.2441157,1.277032,0.5813977,-1.012205,0.4003859,0.03084633,False,0,1,5
6/25/2025 12:12:42 PM,1750846362921,Right,-0.5045133,0.898029,0.3225125,-0.7925695,0.8670311,0.1145781,-0.5098649,0.8269511,0.3723468,-0.7432768,0.6576259,0.2317339,-0.2423735,1.276459,0.5806922,-1.015307,0.4006138,0.03639281,False,0,1,5
6/25/2025 12:12:42 PM,1750846362949,Right,-0.4985922,0.890199,0.324142,-0.7936401,0.8631931,0.1249051,-0.5026233,0.8197191,0.3744971,-0.743499,0.655356,0.239571,-0.2381538,1.275306,0.579415,-1.02529,0.4053259,0.050154,False,0,1,5
6/25/2025 12:12:42 PM,1750846362963,Right,-0.4956866,0.8862965,0.325999,-0.7947154,0.8616511,0.1319866,-0.4983317,0.8162203,0.37483,-0.7434356,0.6545605,0.2434392,-0.2356066,1.274659,0.5789726,-1.030632,0.4084372,0.05786148,False,0,1,5
6/25/2025 12:12:42 PM,1750846362990,Right,-0.4907005,0.8798282,0.3303271,-0.7973037,0.8591402,0.1474965,-0.4910707,0.8092866,0.3783047,-0.7453627,0.6543417,0.2563184,-0.2293696,1.273166,0.5786023,-1.045685,0.4169296,0.08071595,False,0,1,5
6/25/2025 12:12:43 PM,1750846363005,Right,-0.4884193,0.8768926,0.3332431,-0.7986385,0.8577661,0.1572,-0.4872716,0.8061177,0.3804866,-0.7464918,0.6546988,0.2640228,-0.2259907,1.27241,0.5786399,-1.053661,0.4220261,0.09451938,False,0,1,5
6/25/2025 12:12:43 PM,1750846363019,Right,-0.4859065,0.8743007,0.3362344,-0.7999221,0.8569164,0.1669831,-0.4837428,0.8033051,0.3835391,-0.7475092,0.6559135,0.2739177,-0.2224795,1.271665,0.5789241,-1.062608,0.4278909,0.1113635,False,0,1,5
6/25/2025 12:12:43 PM,1750846363046,Right,-0.4805918,0.8703411,0.3435342,-0.8027049,0.8545817,0.1892656,-0.4759502,0.797604,0.3901658,-0.7501833,0.6585976,0.2954212,-0.2149708,1.270043,0.5791312,-1.080584,0.442259,0.1488192,False,0,1,5
6/25/2025 12:12:43 PM,1750846363060,Right,-0.4779594,0.8690417,0.348593,-0.8037826,0.8520117,0.2028544,-0.4711593,0.7945706,0.3937191,-0.7502375,0.6600393,0.3074968,-0.2110785,1.269436,0.5793877,-1.088535,0.4499368,0.1697212,False,0,1,5
6/25/2025 12:12:43 PM,1750846363088,Right,-0.4721392,0.8654962,0.3609402,-0.8051301,0.8434737,0.2327395,-0.4596526,0.7884591,0.4008152,-0.7484378,0.6627703,0.3351819,-0.2025889,1.267785,0.5804827,-1.102528,0.4663965,0.2189161,False,0,1,5
6/25/2025 12:12:43 PM,1750846363102,Right,-0.4685185,0.8626508,0.3684556,-0.8035892,0.8386135,0.2495649,-0.4530562,0.7847169,0.4046168,-0.7447358,0.6626316,0.3509752,-0.1983008,1.266941,0.5813657,-1.106725,0.4717084,0.2470025,False,0,1,5
6/25/2025 12:12:43 PM,1750846363129,Right,-0.4581649,0.8578778,0.3860366,-0.7975538,0.8258174,0.2826522,-0.4359768,0.7735578,0.4112652,-0.7336742,0.6588579,0.3837119,-0.1896938,1.265042,0.5830598,-1.110019,0.4819955,0.3075394,False,0,1,5
6/25/2025 12:12:43 PM,1750846363143,Right,-0.4510794,0.85413,0.3953555,-0.7926114,0.8183318,0.3010421,-0.4259369,0.7666215,0.4146414,-0.7265426,0.6564036,0.4006753,-0.1849992,1.263644,0.5836545,-1.109526,0.4888711,0.3393978,False,0,1,5
6/25/2025 12:12:43 PM,1750846363171,Right,-0.4304451,0.8379269,0.4139473,-0.7779761,0.7986473,0.3373729,-0.4006218,0.753719,0.4161096,-0.7052702,0.6493286,0.4239763,-0.1760958,1.260945,0.5853133,-1.096845,0.4997742,0.3863583,False,0,1,5
6/25/2025 12:12:43 PM,1750846363185,Right,-0.4162906,0.8260543,0.4207147,-0.7650691,0.7866739,0.3572822,-0.3868867,0.7464874,0.4170157,-0.6903824,0.6432234,0.4329234,-0.1716255,1.259529,0.5863103,-1.08622,0.4997584,0.404447,False,0,1,5
6/25/2025 12:12:43 PM,1750846363199,Right,-0.400963,0.8143439,0.4269936,-0.7510282,0.7746155,0.3766814,-0.3719696,0.7385131,0.4128169,-0.6745176,0.6364122,0.4376759,-0.1672174,1.257979,0.5874666,-1.074188,0.4999099,0.4204279,False,0,1,5
6/25/2025 12:12:43 PM,1750846363227,Right,-0.3668461,0.7908946,0.43403,-0.7191171,0.7492098,0.4144255,-0.3409463,0.7207813,0.4086575,-0.6414654,0.621053,0.4527677,-0.1577296,1.253899,0.5909548,-1.046766,0.499438,0.462743,False,0,1,5
6/25/2025 12:12:43 PM,1750846363240,Right,-0.3463923,0.7793539,0.4314714,-0.6976722,0.7347828,0.4322064,-0.3239856,0.7134374,0.4028836,-0.6219807,0.6146883,0.4575121,-0.1529113,1.251467,0.5930101,-1.029585,0.4998861,0.4842811,False,0,1,5
6/25/2025 12:12:43 PM,1750846363268,Right,-0.3064044,0.7629917,0.4283012,-0.6534323,0.7078629,0.464668,-0.2917953,0.6991697,0.3858821,-0.5841196,0.6014545,0.4635059,-0.1428725,1.245237,0.5969013,-0.9914841,0.4996169,0.5298071,False,0,1,5
6/25/2025 12:12:43 PM,1750846363283,Right,-0.2869932,0.7569258,0.4202798,-0.6261933,0.6951562,0.4803194,-0.2756927,0.6971781,0.3769907,-0.561594,0.5993571,0.4657882,-0.138142,1.241247,0.5992125,-0.9684134,0.5006262,0.5547703,False,0,1,5
6/25/2025 12:12:43 PM,1750846363310,Right,-0.2511623,0.7552816,0.3991008,-0.5724869,0.6679621,0.5073648,-0.2461565,0.6984496,0.3591607,-0.5215091,0.5965474,0.4729986,-0.1283269,1.232778,0.6045974,-0.915369,0.5008084,0.6105423,False,0,1,5
6/25/2025 12:12:43 PM,1750846363324,Right,-0.2342986,0.7565159,0.3854281,-0.5436156,0.6559114,0.5174639,-0.2341329,0.7010503,0.3472034,-0.5032972,0.5953426,0.473819,-0.1232938,1.227927,0.6069829,-0.886477,0.497667,0.6356174,False,0,1,5
6/25/2025 12:12:43 PM,1750846363338,Right,-0.2190547,0.7581382,0.3711323,-0.5140848,0.6442754,0.5255795,-0.2228889,0.7023473,0.3355479,-0.4861966,0.5916919,0.4762506,-0.1184727,1.222302,0.6090126,-0.854823,0.4909889,0.661258,False,0,1,5
6/25/2025 12:12:43 PM,1750846363365,Right,-0.1917483,0.7637408,0.3468932,-0.4531319,0.6190087,0.5349938,-0.2047494,0.7093666,0.3127347,-0.4478288,0.5879101,0.4769301,-0.1099473,1.21068,0.6132813,-0.790871,0.4720334,0.7003355,False,0,1,5
6/25/2025 12:12:43 PM,1750846363379,Right,-0.178892,0.7669248,0.3344035,-0.4199629,0.6067891,0.5353518,-0.1954967,0.7130736,0.301513,-0.4288418,0.5844238,0.4778388,-0.1058058,1.204752,0.6154146,-0.7560737,0.4604325,0.7162732,False,0,1,5
6/25/2025 12:12:43 PM,1750846363407,Right,-0.1557337,0.770703,0.3111785,-0.3583418,0.5847727,0.5311366,-0.1808067,0.7183187,0.2837684,-0.3851967,0.5750042,0.4787136,-0.09829032,1.193406,0.619709,-0.6794856,0.4276109,0.7495028,False,0,1,5
6/25/2025 12:12:43 PM,1750846363420,Right,-0.1451487,0.7719822,0.2998019,-0.3284962,0.574094,0.5263139,-0.1743097,0.7205022,0.2746276,-0.3645869,0.5682672,0.4790592,-0.09476626,1.188061,0.6219019,-0.6382267,0.4098045,0.7628366,False,0,1,5
6/25/2025 12:12:43 PM,1750846363449,Right,-0.1256166,0.775272,0.27813,-0.2742432,0.5535029,0.5124432,-0.1645108,0.7201874,0.2576794,-0.3209538,0.5493544,0.4776668,-0.0879072,1.176753,0.6268871,-0.5472816,0.3663951,0.7853323,False,0,1,5
6/25/2025 12:12:43 PM,1750846363463,Right,-0.1171416,0.7754012,0.266082,-0.247047,0.5435732,0.5040522,-0.160015,0.7200196,0.2490926,-0.2983407,0.5396965,0.4754415,-0.08404636,1.170911,0.6298188,-0.49851,0.3450922,0.7921863,False,0,1,5
6/25/2025 12:12:43 PM,1750846363490,Right,-0.1061253,0.7741222,0.244134,-0.2003739,0.5303236,0.4837911,-0.1535493,0.7177774,0.2358459,-0.2492013,0.5210426,0.4680354,-0.07695067,1.159185,0.6351893,-0.3914672,0.3005986,0.8010511,False,0,1,5
6/25/2025 12:12:43 PM,1750846363505,Right,-0.101944,0.7723976,0.2342092,-0.1790661,0.5243077,0.4736368,-0.1506151,0.7165264,0.2290341,-0.2245953,0.5117033,0.462439,-0.07417583,1.15374,0.6372616,-0.3359985,0.2799194,0.799216,False,0,1,5
6/25/2025 12:12:43 PM,1750846363519,Right,-0.09798671,0.7711845,0.2248392,-0.1594189,0.5170947,0.4641814,-0.1493053,0.7148346,0.2237695,-0.2001438,0.5028044,0.4564024,-0.07161522,1.14845,0.6385969,-0.2786841,0.259928,0.7951022,False,0,1,5
6/25/2025 12:12:43 PM,1750846363546,Right,-0.09339605,0.7670512,0.2121575,-0.1267504,0.508117,0.4491884,-0.1468526,0.7109393,0.2164031,-0.149012,0.4864503,0.4420348,-0.06588304,1.138322,0.6403321,-0.1588638,0.2241526,0.7758622,False,0,1,5
6/25/2025 12:12:43 PM,1750846363560,Right,-0.09196934,0.7646787,0.2069952,-0.111127,0.5034779,0.4426918,-0.1463163,0.7092871,0.2160578,-0.1380451,0.483936,0.4389159,-0.06314456,1.133752,0.640869,-0.1327441,0.2181244,0.7716432,False,0,1,5
6/25/2025 12:12:43 PM,1750846363588,Right,-0.09373467,0.756497,0.2028423,-0.08820775,0.4959036,0.4359286,-0.1479105,0.7023274,0.2129113,-0.1232925,0.477455,0.4326487,-0.05809462,1.12533,0.6421359,-0.09286895,0.2094153,0.7643714,False,0,1,5
6/25/2025 12:12:43 PM,1750846363602,Right,-0.09650416,0.7517098,0.2024076,-0.07820632,0.490602,0.4340682,-0.1503257,0.6972508,0.2136398,-0.1174935,0.4733002,0.432066,-0.0557518,1.12144,0.6423534,-0.0750757,0.2051259,0.7634131,False,0,1,5
6/25/2025 12:12:43 PM,1750846363629,Right,-0.1061546,0.7397478,0.2096174,-0.06413236,0.480948,0.4372072,-0.1561474,0.6844433,0.2206905,-0.109923,0.4621595,0.4353621,-0.05150247,1.114751,0.6437734,-0.04676589,0.1927304,0.7650748,False,0,1,5
6/25/2025 12:12:43 PM,1750846363643,Right,-0.1104671,0.7343778,0.2178022,-0.05843859,0.4762872,0.4428912,-0.1579525,0.6810184,0.2295976,-0.1064509,0.459238,0.4425372,-0.04918993,1.111838,0.644747,-0.03467377,0.1893088,0.771007,False,0,1,5
6/25/2025 12:12:43 PM,1750846363672,Right,-0.116984,0.7201499,0.2359543,-0.04950087,0.4659351,0.459246,-0.1603203,0.6721703,0.2430539,-0.1076583,0.4640412,0.4428469,-0.04476535,1.106696,0.646741,-0.02515137,0.1818963,0.7829251,True,0,1,6
6/25/2025 12:12:43 PM,1750846363685,Right,-0.1182122,0.7112351,0.2478473,-0.04675864,0.4600681,0.4720567,-0.1606273,0.6687078,0.2478297,-0.1076034,0.4612335,0.4471808,-0.04288161,1.104283,0.647472,-0.02375253,0.1788983,0.7876927,True,0,1,6
6/25/2025 12:12:43 PM,1750846363699,Right,-0.1141852,0.7036238,0.2602839,-0.04555304,0.4541254,0.4862345,-0.1609474,0.6646723,0.2541998,-0.1070293,0.4580652,0.4534096,-0.04122496,1.102081,0.6481842,-0.02096659,0.1761999,0.7944777,True,0,1,6
6/25/2025 12:12:43 PM,1750846363727,Right,-0.1151914,0.6877948,0.2890053,-0.04378737,0.4429032,0.5200259,-0.1619097,0.6557326,0.269299,-0.1047497,0.45032,0.4695826,-0.03922236,1.098199,0.6498669,-0.01264104,0.171527,0.8109297,True,0,1,6
6/25/2025 12:12:43 PM,1750846363741,Right,-0.1171196,0.6797322,0.3067777,-0.04428722,0.4383049,0.5409694,-0.1626167,0.6505215,0.2784932,-0.1041678,0.4468957,0.4802195,-0.03859293,1.096341,0.6507511,-0.009475693,0.1711662,0.8233477,True,0,1,6
6/25/2025 12:12:43 PM,1750846363769,Right,-0.1195557,0.6663171,0.3439227,-0.04616112,0.4335229,0.5845582,-0.1642222,0.6389856,0.300678,-0.1037368,0.4409562,0.5056679,-0.03818333,1.09309,0.6521876,-0.004898414,0.1725971,0.8549323,True,0,1,6
6/25/2025 12:12:43 PM,1750846363782,Right,-0.1193114,0.6608616,0.3647622,-0.04876051,0.4327348,0.6102093,-0.164879,0.6332563,0.3131798,-0.105316,0.4381979,0.5208794,-0.03840792,1.091682,0.6529039,-0.008298829,0.1743709,0.8744346,True,0,1,6
6/25/2025 12:12:43 PM,1750846363810,Right,-0.1197825,0.6513915,0.4040341,-0.05549692,0.4346217,0.6599066,-0.1661088,0.6212834,0.3429252,-0.1091788,0.43332,0.5566627,-0.04013431,1.090291,0.654532,-0.01748794,0.1800059,0.9202346,True,0,1,6
6/25/2025 12:12:43 PM,1750846363824,Right,-0.120464,0.6472349,0.4239099,-0.05932197,0.4396322,0.6860955,-0.1665487,0.6155674,0.3591501,-0.1125701,0.4316913,0.5755225,-0.04173791,1.090203,0.6559527,-0.02602874,0.1831433,0.9451225,True,0,1,6
6/25/2025 12:12:43 PM,1750846363837,Right,-0.1203715,0.6450608,0.4422583,-0.06519859,0.4445504,0.7127397,-0.1667809,0.6097068,0.3776521,-0.1147159,0.4298879,0.5986444,-0.04346466,1.09044,0.6576449,-0.03278802,0.1891529,0.9737062,True,0,1,6
6/25/2025 12:12:43 PM,1750846363865,Right,-0.1194301,0.6434385,0.4772736,-0.07742302,0.459703,0.7625071,-0.1668204,0.5991989,0.4166919,-0.1218318,0.4272837,0.6465775,-0.04688394,1.092299,0.6609691,-0.05461958,0.2011394,1.03237,True,0,1,6
6/25/2025 12:12:43 PM,1750846363879,Right,-0.118123,0.6449911,0.4937161,-0.08517125,0.4699708,0.7866796,-0.1669002,0.5944452,0.4383416,-0.1249894,0.4274772,0.6734694,-0.04921734,1.094247,0.662692,-0.06493449,0.210676,1.064779,True,0,1,6
6/25/2025 12:12:43 PM,1750846363907,Right,-0.1211771,0.642218,0.5276567,-0.1031153,0.4922377,0.8318887,-0.1664918,0.5873715,0.4860478,-0.1353502,0.4324577,0.727767,-0.05467224,1.099238,0.6668307,-0.09594453,0.2312294,1.132798,True,0,1,6
6/25/2025 12:12:43 PM,1750846363921,Right,-0.1223562,0.6432281,0.5430171,-0.11412,0.5054141,0.8531023,-0.1663775,0.585698,0.5114409,-0.140419,0.4375618,0.7566422,-0.05760801,1.102554,0.6686075,-0.1109295,0.2457479,1.168297,True,0,1,6
6/25/2025 12:12:43 PM,1750846363949,Right,-0.1258925,0.6502352,0.570716,-0.1364161,0.5343682,0.8920327,-0.1660313,0.5879401,0.5406641,-0.1531662,0.4515447,0.7966913,-0.06518376,1.110525,0.6731017,-0.1486957,0.2819916,1.216086,True,0,1,6
6/25/2025 12:12:43 PM,1750846363963,Right,-0.1293535,0.6532351,0.5821569,-0.1488661,0.5513766,0.9075167,-0.1661579,0.5903358,0.5512745,-0.1590332,0.4599482,0.8117279,-0.06936455,1.114762,0.6757725,-0.1652589,0.3009625,1.234182,True,0,1,6
6/25/2025 12:12:43 PM,1750846363991,Right,-0.1322312,0.6643563,0.604438,-0.1771464,0.5828223,0.9343157,-0.1670164,0.5946701,0.5694858,-0.1758712,0.476757,0.8356665,-0.07938945,1.123935,0.6811452,-0.2112632,0.3365201,1.263388,True,0,1,6
6/25/2025 12:12:44 PM,1750846364005,Right,-0.1362051,0.6708614,0.614472,-0.1940049,0.5983901,0.9452502,-0.167423,0.5979711,0.5783893,-0.1836734,0.4859622,0.847894,-0.08539188,1.1288,0.6838717,-0.2328359,0.3552746,1.276186,True,0,1,6
6/25/2025 12:12:44 PM,1750846364018,Right,-0.1400153,0.6774451,0.6239983,-0.2111868,0.6134578,0.9554659,-0.1686237,0.6024655,0.5866411,-0.1945724,0.4957976,0.8584666,-0.0915693,1.133365,0.6859328,-0.2612807,0.3731072,1.285862,True,0,1,6
6/25/2025 12:12:44 PM,1750846364046,Right,-0.1491272,0.6903843,0.6408295,-0.2504395,0.6414275,0.9701905,-0.170287,0.6106806,0.6020235,-0.2159415,0.5138029,0.8776678,-0.1039251,1.142293,0.6893743,-0.3174717,0.405117,1.29929,True,0,1,6
6/25/2025 12:12:44 PM,1750846364060,Right,-0.1543496,0.6979352,0.6485168,-0.2730083,0.6532443,0.9735146,-0.17272,0.6150299,0.609291,-0.2282795,0.5219216,0.8851618,-0.1098036,1.146677,0.6906395,-0.3469756,0.41744,1.302611,True,0,1,6
6/25/2025 12:12:44 PM,1750846364088,Right,-0.1683968,0.7139544,0.6602607,-0.3156004,0.6789728,0.9686571,-0.1766501,0.6269345,0.6235701,-0.252933,0.5403051,0.8924382,-0.120193,1.155206,0.6919603,-0.409646,0.4376961,1.301804,True,0,1,6
6/25/2025 12:12:44 PM,1750846364102,Right,-0.1768196,0.7223908,0.6644595,-0.3383486,0.6905263,0.9657652,-0.1804261,0.6331689,0.6292381,-0.2673224,0.5484763,0.8946469,-0.1250374,1.159194,0.6922022,-0.442409,0.4456484,1.297296,True,0,1,6
6/25/2025 12:12:44 PM,1750846364129,Right,-0.1939908,0.736933,0.6705414,-0.3855734,0.7137005,0.957535,-0.1898163,0.6452292,0.6385118,-0.30002,0.5637619,0.8984444,-0.1342489,1.166498,0.6923412,-0.5100929,0.46368,1.282377,True,0,1,6
6/25/2025 12:12:44 PM,1750846364143,Right,-0.2022887,0.7428608,0.6734635,-0.4098095,0.7224532,0.9493856,-0.1957281,0.6508794,0.6424664,-0.3176399,0.5698865,0.8972924,-0.138662,1.169804,0.6919161,-0.5455239,0.4689794,1.270682,True,0,1,6
6/25/2025 12:12:44 PM,1750846364157,Right,-0.2113049,0.7483686,0.674659,-0.433897,0.729324,0.9395813,-0.2030868,0.6545156,0.6445674,-0.3375111,0.5738498,0.8938006,-0.1426954,1.172935,0.6912466,-0.583583,0.4720314,1.254504,True,0,1,6
6/25/2025 12:12:44 PM,1750846364185,Right,-0.2314764,0.7571791,0.6755366,-0.482018,0.7378391,0.9192724,-0.2176429,0.6617084,0.6480749,-0.375441,0.5814227,0.8870395,-0.1502098,1.179289,0.6889168,-0.6519564,0.4788244,1.22081,True,0,1,6
6/25/2025 12:12:44 PM,1750846364199,Right,-0.2434911,0.7614446,0.6742198,-0.5075063,0.7430103,0.903475,-0.2263864,0.6660199,0.6482289,-0.3949199,0.5844824,0.8794488,-0.1536041,1.182267,0.6876004,-0.68643,0.4786879,1.199016,True,0,1,6
6/25/2025 12:12:44 PM,1750846364227,Right,-0.2684495,0.7683277,0.6682395,-0.5548279,0.7486683,0.8671825,-0.2483057,0.6746656,0.6468287,-0.4356298,0.5891109,0.8605261,-0.1597131,1.18725,0.684932,-0.7541633,0.4740117,1.150759,True,0,1,6
6/25/2025 12:12:44 PM,1750846364240,Right,-0.2823426,0.7689641,0.6610196,-0.5779638,0.7540541,0.844579,-0.2599961,0.6778579,0.6450205,-0.4558024,0.5897828,0.8487827,-0.1625773,1.189771,0.6833621,-0.7869837,0.4691418,1.123374,True,0,1,6
6/25/2025 12:12:44 PM,1750846364269,Right,-0.3122016,0.7729949,0.6476204,-0.6285649,0.760869,0.7982792,-0.2826759,0.6832255,0.6395086,-0.4965031,0.5904596,0.8249946,-0.1675849,1.194997,0.6802968,-0.8483132,0.4621788,1.065294,True,0,1,6
6/25/2025 12:12:44 PM,1750846364282,Right,-0.3284808,0.7759187,0.6385551,-0.6528728,0.7605001,0.7731087,-0.2948919,0.6856401,0.634554,-0.5172893,0.5905992,0.8097858,-0.1702632,1.197776,0.6791748,-0.8785937,0.4585283,1.03181,True,0,1,6
6/25/2025 12:12:44 PM,1750846364310,Right,-0.3587822,0.7816281,0.6172571,-0.675129,0.7605409,0.7427366,-0.3227359,0.6921444,0.621061,-0.547483,0.588274,0.7717859,-0.1756083,1.203045,0.6769849,-0.9256188,0.4313042,0.9654369,True,0,1,6
6/25/2025 12:12:44 PM,1750846364324,Right,-0.3742172,0.7856877,0.6046267,-0.6931643,0.7580206,0.7218846,-0.3366655,0.6950532,0.6124301,-0.5668508,0.5883951,0.752543,-0.1783671,1.205361,0.6757184,-0.9511207,0.4249149,0.9279776,True,0,1,6
6/25/2025 12:12:44 PM,1750846364338,Right,-0.3898169,0.7880575,0.5893896,-0.7104183,0.753549,0.7009956,-0.3524373,0.6978045,0.6023049,-0.587199,0.587256,0.7315207,-0.1810426,1.207713,0.6745458,-0.9756199,0.4149927,0.8882437,True,0,1,6
6/25/2025 12:12:44 PM,1750846364366,Right,-0.4189289,0.7936635,0.5593368,-0.7181767,0.7655997,0.6667352,-0.3813093,0.7067059,0.5802286,-0.5997192,0.588819,0.6899214,-0.1862854,1.21179,0.6726053,-0.9955793,0.3772497,0.833667,True,0,1,6
6/25/2025 12:12:44 PM,1750846364380,Right,-0.4322723,0.7967924,0.5412344,-0.7796394,0.769828,0.5584598,-0.394977,0.710468,0.5686843,-0.6424705,0.583622,0.6777794,-0.188982,1.213475,0.6716312,-1.022806,0.3851198,0.7924694,True,0,1,6
6/25/2025 12:12:44 PM,1750846364408,Right,-0.4548018,0.8057471,0.5053958,-0.8031539,0.7799599,0.4826092,-0.4184011,0.7210124,0.5425438,-0.6744093,0.5931201,0.6229405,-0.1938816,1.215943,0.6695597,-1.060972,0.3841304,0.6965337,True,0,1,6
6/25/2025 12:12:44 PM,1750846364421,Right,-0.4641859,0.812005,0.4884356,-0.8099539,0.7857464,0.4501249,-0.4293851,0.7257642,0.5292607,-0.6877337,0.5926481,0.595727,-0.1962153,1.216783,0.6686176,-1.070711,0.3731243,0.6494516,True,0,1,6
6/25/2025 12:12:44 PM,1750846364449,Right,-0.4801984,0.8259133,0.4551921,-0.8204513,0.7789177,0.3896106,-0.4465922,0.7363748,0.4978366,-0.7040973,0.5923006,0.5330627,-0.2006706,1.217675,0.6670085,-1.076306,0.3476326,0.5472282,True,0,1,6
6/25/2025 12:12:44 PM,1750846364463,Right,-0.486249,0.8342865,0.4373846,-0.823324,0.7824926,0.3581336,-0.4552801,0.7411389,0.4827958,-0.7110132,0.5904425,0.5062099,-0.2029549,1.218109,0.6657543,-1.074134,0.3331043,0.5078568,True,0,1,6
6/25/2025 12:12:44 PM,1750846364491,Right,-0.4966087,0.8464542,0.4073466,-0.8256873,0.7892776,0.2998799,-0.4712283,0.7567782,0.4578386,-0.7444997,0.5986547,0.461155,-0.2074968,1.218637,0.6625662,-1.090943,0.349746,0.4383787,False,0,1,6
6/25/2025 12:12:44 PM,1750846364504,Right,-0.5002736,0.8509657,0.3930547,-0.8248926,0.7934589,0.2728744,-0.479647,0.7634242,0.4421702,-0.7549897,0.6086847,0.4330855,-0.2096883,1.218888,0.6610388,-1.103108,0.3645562,0.3942015,False,0,1,6
6/25/2025 12:12:44 PM,1750846364518,Right,-0.5036132,0.8548696,0.3798229,-0.8237282,0.7969691,0.2477581,-0.486068,0.7678989,0.4260909,-0.7621806,0.6158792,0.4039483,-0.2118269,1.219274,0.6598932,-1.11077,0.3759346,0.3472748,False,0,1,6
6/25/2025 12:12:44 PM,1750846364546,Right,-0.5078216,0.8611211,0.3564094,-0.8190761,0.8074952,0.2045636,-0.4925574,0.771744,0.4045189,-0.7658226,0.6224654,0.3523086,-0.215796,1.220135,0.6573701,-1.109052,0.3875059,0.2548681,False,0,1,6
6/25/2025 12:12:44 PM,1750846364560,Right,-0.5092317,0.8624521,0.3470007,-0.8160505,0.8093406,0.1858623,-0.4948006,0.7715115,0.3956598,-0.765408,0.6232826,0.3295494,-0.2175084,1.220733,0.6558427,-1.104412,0.3906201,0.2129124,False,0,1,6
6/25/2025 12:12:44 PM,1750846364587,Right,-0.5111684,0.8612005,0.3333799,-0.808916,0.8135923,0.1547214,-0.4983688,0.7704534,0.3814048,-0.7604061,0.6233089,0.2855563,-0.220445,1.222135,0.6532035,-1.085539,0.3946962,0.1281498,False,0,1,6
6/25/2025 12:12:44 PM,1750846364602,Right,-0.511649,0.8593098,0.3286304,-0.8055112,0.816432,0.1425088,-0.4993076,0.7687014,0.3760231,-0.7604073,0.6240541,0.2740618,-0.2215444,1.222926,0.6520948,-1.08409,0.3999338,0.1074333,False,0,1,6
6/25/2025 12:12:44 PM,1750846364629,Right,-0.5119524,0.8552238,0.3219313,-0.7996073,0.8243487,0.1221779,-0.5002111,0.7644523,0.3680701,-0.7591936,0.6221687,0.2550727,-0.2232634,1.224585,0.6498681,-1.077461,0.4032896,0.07405686,False,0,1,6
6/25/2025 12:12:44 PM,1750846364643,Right,-0.5108772,0.8524101,0.3202554,-0.7966372,0.8248553,0.1171634,-0.4999757,0.761518,0.3659294,-0.758671,0.6224025,0.2481464,-0.223755,1.225257,0.6487441,-1.07626,0.4086664,0.06016427,False,0,1,6
6/25/2025 12:12:44 PM,1750846364670,Right,-0.5101434,0.8447303,0.3185026,-0.7919416,0.8230587,0.1116537,-0.498925,0.7558303,0.3633749,-0.7562302,0.6189185,0.2432894,-0.2242576,1.226514,0.6463313,-1.074251,0.4077696,0.05039909,False,0,1,6
6/25/2025 12:12:44 PM,1750846364685,Right,-0.5089183,0.8411624,0.3185659,-0.7906252,0.820631,0.1125155,-0.4974615,0.7526012,0.3629336,-0.7553008,0.6179333,0.2428837,-0.2244245,1.227201,0.6450256,-1.075322,0.4095507,0.04909587,False,0,1,6
6/25/2025 12:12:44 PM,1750846364699,Right,-0.5073828,0.8376074,0.3191708,-0.7900862,0.8182728,0.1147801,-0.4956818,0.7499754,0.3632116,-0.755004,0.6168678,0.2452191,-0.2243943,1.227872,0.643563,-1.077894,0.4106202,0.05342638,False,0,1,6
6/25/2025 12:12:44 PM,1750846364727,Right,-0.5035763,0.8310087,0.3213233,-0.7901176,0.812169,0.1225571,-0.4914157,0.7449098,0.3646132,-0.7509701,0.6121292,0.2471499,-0.2237171,1.229247,0.6412479,-1.074547,0.4062018,0.05584949,False,0,1,6
6/25/2025 12:12:44 PM,1750846364741,Right,-0.5014144,0.8284915,0.3232974,-0.7915191,0.8075296,0.1269985,-0.4886177,0.7427438,0.3661459,-0.7500874,0.6099364,0.2490713,-0.2229602,1.229864,0.6403656,-1.073616,0.4054591,0.05936271,False,0,1,6
6/25/2025 12:12:44 PM,1750846364769,Right,-0.4978981,0.8227061,0.3281582,-0.7944563,0.7990613,0.1432535,-0.4829729,0.7394475,0.3708738,-0.7464197,0.6083636,0.2577603,-0.2211705,1.230888,0.6385157,-1.074285,0.4058913,0.07222664,False,0,1,6
6/25/2025 12:12:44 PM,1750846364782,Right,-0.4956831,0.8197982,0.3327117,-0.7962264,0.7943585,0.1545438,-0.4802378,0.737367,0.3746882,-0.745164,0.6068783,0.2643264,-0.2198316,1.231153,0.6375756,-1.075417,0.4053386,0.08208093,False,0,1,6
6/25/2025 12:12:44 PM,1750846364810,Right,-0.4910714,0.8145771,0.342153,-0.7998271,0.7849975,0.1786188,-0.473738,0.7324061,0.3819982,-0.7427257,0.6032686,0.2793359,-0.216751,1.231558,0.6352954,-1.07908,0.4040644,0.1065837,False,0,1,6
6/25/2025 12:12:44 PM,1750846364824,Right,-0.4883167,0.8119286,0.3479547,-0.8011338,0.7790713,0.1931553,-0.4698466,0.7300997,0.3870357,-0.740873,0.6016526,0.2891687,-0.2148135,1.231713,0.6343249,-1.080802,0.4034318,0.1222301,False,0,1,6
6/25/2025 12:12:44 PM,1750846364838,Right,-0.4852534,0.8091484,0.3540879,-0.8020849,0.7735424,0.2084302,-0.4658816,0.7275705,0.3918364,-0.739238,0.59978,0.299554,-0.2129349,1.231786,0.6333221,-1.083011,0.4026396,0.1395036,False,0,1,6
6/25/2025 12:12:44 PM,1750846364866,Right,-0.4782445,0.8023329,0.3672246,-0.8025548,0.7605354,0.2400153,-0.4556785,0.7204612,0.4016953,-0.7339119,0.5939622,0.3224763,-0.2085497,1.231972,0.631809,-1.085851,0.3992627,0.1785042,False,0,1,6
6/25/2025 12:12:44 PM,1750846364880,Right,-0.4736987,0.7982833,0.3747281,-0.8017862,0.7526574,0.2575187,-0.4501052,0.7177196,0.4079507,-0.7311447,0.5917401,0.3361414,-0.2063066,1.232025,0.6311307,-1.087012,0.3986659,0.2014221,False,0,1,6
6/25/2025 12:12:44 PM,1750846364907,Right,-0.4627922,0.7894114,0.3896098,-0.7975474,0.7361294,0.2941337,-0.4370918,0.708782,0.4190679,-0.7233294,0.5840963,0.3648964,-0.2013702,1.232027,0.6307219,-1.087883,0.3948456,0.2516926,False,0,1,6
6/25/2025 12:12:44 PM,1750846364921,Right,-0.4519622,0.7816409,0.4027518,-0.7924536,0.7267172,0.3134694,-0.4291332,0.7043918,0.4243248,-0.7177359,0.5804018,0.3795657,-0.1987348,1.23199,0.6306902,-1.086367,0.3934662,0.2778,False,0,1,6
6/25/2025 12:12:44 PM,1750846364949,Right,-0.439662,0.7740713,0.4145224,-0.7804381,0.7066068,0.352345,-0.4086889,0.6956189,0.4309206,-0.7008355,0.5732679,0.408192,-0.193064,1.231642,0.630872,-1.07812,0.3916725,0.3330522,False,0,1,6
6/25/2025 12:12:44 PM,1750846364963,Right,-0.4291199,0.7672437,0.4202327,-0.7713096,0.695475,0.3721579,-0.3971084,0.6916847,0.4335577,-0.6911644,0.5698854,0.4225327,-0.1901006,1.231297,0.6308635,-1.071619,0.3917263,0.3617215,False,0,1,6
6/25/2025 12:12:44 PM,1750846364991,Right,-0.4045389,0.7527396,0.4267992,-0.7495512,0.6742821,0.411185,-0.3725408,0.6809164,0.4321028,-0.6673118,0.5609064,0.4478187,-0.1840639,1.230213,0.6309155,-1.054831,0.3903374,0.4200841,False,0,1,6
6/25/2025 12:12:45 PM,1750846365005,Right,-0.3904277,0.7465431,0.4312755,-0.7353557,0.6638581,0.4301563,-0.3594934,0.6761208,0.4307601,-0.6546614,0.5566183,0.4603128,-0.1808999,1.229442,0.6309788,-1.04382,0.3907622,0.4499483,False,0,1,6
6/25/2025 12:12:45 PM,1750846365019,Right,-0.3768506,0.7406896,0.4348842,-0.7215688,0.6542748,0.4489208,-0.346211,0.6717752,0.4271539,-0.6399319,0.552987,0.4719093,-0.1775764,1.22864,0.6311078,-1.030929,0.3918873,0.4812247,False,0,1,6
6/25/2025 12:12:45 PM,1750846365046,Right,-0.3460268,0.7283471,0.4365878,-0.6811486,0.6364128,0.4811933,-0.3190684,0.6633525,0.4157284,-0.6018578,0.5456391,0.4906038,-0.1705555,1.226546,0.6323903,-0.9967843,0.3904902,0.543585,False,0,1,6
6/25/2025 12:12:45 PM,1750846365060,Right,-0.3286596,0.7245878,0.4346304,-0.6596377,0.6271685,0.496234,-0.3054668,0.6609163,0.4089221,-0.583487,0.542492,0.4991227,-0.1671312,1.22509,0.6332914,-0.9761396,0.3911036,0.5747514,False,0,1,6
6/25/2025 12:12:45 PM,1750846365088,Right,-0.2949608,0.7158579,0.4234381,-0.6119878,0.6134978,0.5209096,-0.2811905,0.6581759,0.3931216,-0.543926,0.537747,0.5151905,-0.1598667,1.221697,0.6356225,-0.9271843,0.3927532,0.6428069,False,0,1,6
6/25/2025 12:12:45 PM,1750846365102,Right,-0.2789588,0.7117954,0.4166287,-0.5879684,0.6049894,0.5310835,-0.2701043,0.6589205,0.3815985,-0.5215865,0.5370561,0.5196671,-0.1559929,1.219883,0.6371776,-0.8966212,0.3938316,0.6770718,False,0,1,6
6/25/2025 12:12:45 PM,1750846365129,Right,-0.2504159,0.7077468,0.3960342,-0.539046,0.5901265,0.543891,-0.2501994,0.6607955,0.358651,-0.4779318,0.5335807,0.5267671,-0.1480554,1.215635,0.6401515,-0.825349,0.3913564,0.7416726,False,0,1,6
6/25/2025 12:12:45 PM,1750846365143,Right,-0.2338757,0.7049642,0.3841109,-0.5140729,0.5813113,0.5467907,-0.2390186,0.6599825,0.3469019,-0.4548774,0.5286108,0.5297676,-0.1440496,1.21337,0.6415485,-0.7824408,0.3860202,0.770856,False,0,1,6
6/25/2025 12:12:45 PM,1750846365171,Right,-0.2016022,0.7018051,0.3616833,-0.4608787,0.5623703,0.5424101,-0.2181806,0.6674256,0.32344,-0.4004466,0.5242789,0.5304801,-0.1360592,1.208299,0.6446637,-0.6770478,0.3692709,0.8240844,False,0,1,6
6/25/2025 12:12:45 PM,1750846365185,Right,-0.1871438,0.7019646,0.3445933,-0.4325833,0.555694,0.5380132,-0.2100574,0.6715098,0.3099357,-0.3733211,0.5200307,0.5261171,-0.1319898,1.205604,0.6463486,-0.6196319,0.3535382,0.840259,False,0,1,6
6/25/2025 12:12:45 PM,1750846365199,Right,-0.1734667,0.7032822,0.3290771,-0.4048668,0.5490401,0.5314829,-0.2021565,0.6746297,0.2978606,-0.3458212,0.5146236,0.5204103,-0.1278602,1.202515,0.6479821,-0.5636738,0.3346228,0.8490418,False,0,1,6
6/25/2025 12:12:45 PM,1750846365227,Right,-0.1485864,0.707051,0.2968294,-0.3499203,0.5360873,0.516129,-0.1842036,0.6840391,0.2774431,-0.3092821,0.5138931,0.5027933,-0.1199764,1.195551,0.6515983,-0.4979541,0.31807,0.8411162,False,0,1,6
6/25/2025 12:12:45 PM,1750846365241,Right,-0.1373057,0.7106491,0.2805731,-0.3227141,0.531472,0.505466,-0.1771035,0.6876569,0.2660255,-0.2916612,0.5130243,0.4921455,-0.1161393,1.191798,0.6530694,-0.4642981,0.308997,0.8354427,False,0,1,6
6/25/2025 12:12:45 PM,1750846365269,Right,-0.1186536,0.7202641,0.2497399,-0.2752999,0.523084,0.4845674,-0.1656719,0.6941072,0.2418947,-0.2578727,0.507425,0.4711291,-0.1085688,1.183913,0.6551121,-0.3932095,0.2877589,0.8191362,False,0,1,6
6/25/2025 12:12:45 PM,1750846365282,Right,-0.1101738,0.7259582,0.2348479,-0.25178,0.5202358,0.4715427,-0.1615397,0.6970365,0.2291265,-0.2413096,0.5058553,0.4591277,-0.1047972,1.179774,0.6561691,-0.3580619,0.2791511,0.8095151,False,0,1,6
6/25/2025 12:12:45 PM,1750846365310,Right,-0.09725648,0.7380045,0.2072113,-0.2076097,0.5163256,0.4474238,-0.15272,0.7042755,0.210476,-0.2049443,0.5016106,0.4395733,-0.0970875,1.171281,0.6582918,-0.2807162,0.2587104,0.7894309,False,0,1,6
6/25/2025 12:12:45 PM,1750846365324,Right,-0.09437072,0.7410598,0.1953218,-0.1885135,0.5147653,0.4355424,-0.1504641,0.7072433,0.2019247,-0.1897432,0.5013897,0.428691,-0.09309864,1.167138,0.6589192,-0.2470565,0.2510875,0.7787192,False,0,1,6
6/25/2025 12:12:45 PM,1750846365338,Right,-0.08971372,0.7473381,0.1854849,-0.1703913,0.5138144,0.4246157,-0.1481065,0.7102497,0.194044,-0.1789888,0.5007071,0.4187882,-0.08941591,1.163263,0.6588837,-0.2234123,0.2447927,0.7665638,False,0,1,6
6/25/2025 12:12:45 PM,1750846365366,Right,-0.08474137,0.7529967,0.1679132,-0.1383035,0.5120942,0.4068426,-0.146139,0.7137689,0.1847841,-0.157471,0.498958,0.406711,-0.08260858,1.156119,0.6587234,-0.1734497,0.235381,0.7509105,False,0,1,6
6/25/2025 12:12:45 PM,1750846365379,Right,-0.08306763,0.7561571,0.1638467,-0.1242833,0.5111542,0.4006247,-0.1451516,0.7152466,0.1814769,-0.1475246,0.496924,0.4013358,-0.07887864,1.152681,0.6590194,-0.1502238,0.2293139,0.7417838,False,0,1,6
6/25/2025 12:12:45 PM,1750846365408,Right,-0.08025099,0.759015,0.1609156,-0.09884236,0.5085828,0.3947141,-0.1432266,0.7153742,0.1830545,-0.1300365,0.4953412,0.3992514,-0.07160318,1.146994,0.6595427,-0.1097932,0.2230912,0.7368053,False,0,1,6
6/25/2025 12:12:45 PM,1750846365421,Right,-0.07978258,0.7587132,0.1636392,-0.08814898,0.5065379,0.3951602,-0.1407519,0.7152086,0.1845966,-0.1211382,0.4935689,0.398105,-0.0687052,1.144782,0.65943,-0.09148672,0.2180997,0.7328264,False,0,1,6
6/25/2025 12:12:45 PM,1750846365449,Right,-0.0766848,0.754173,0.1722993,-0.06946196,0.5008129,0.4021053,-0.1398689,0.7089729,0.1927274,-0.1092945,0.4882213,0.4051815,-0.0630101,1.141104,0.6600175,-0.06343,0.2132477,0.7390915,False,0,1,6
6/25/2025 12:12:45 PM,1750846365463,Right,-0.077422,0.7509308,0.1803328,-0.06227612,0.496858,0.4096177,-0.1393194,0.7050915,0.1982332,-0.1035089,0.4838003,0.4093583,-0.05992568,1.139347,0.6608407,-0.04976659,0.2080364,0.7413876,False,0,1,6
6/25/2025 12:12:45 PM,1750846365491,Right,-0.07708921,0.7407863,0.2003337,-0.04975966,0.4878979,0.4306859,-0.1381345,0.6964964,0.2144961,-0.09498662,0.4770598,0.4274467,-0.05458415,1.136546,0.6620417,-0.03125774,0.2057448,0.7602435,True,0,1,7
6/25/2025 12:12:45 PM,1750846365504,Right,-0.07747781,0.7333761,0.2136069,-0.04522699,0.4830143,0.4459971,-0.1380141,0.6941432,0.2181983,-0.09716699,0.4864077,0.4197937,-0.05312955,1.136281,0.6613973,-0.03091906,0.2034026,0.7639129,True,0,1,7
6/25/2025 12:12:45 PM,1750846365519,Right,-0.07930036,0.7263811,0.2265091,-0.04115326,0.4782682,0.4613122,-0.1380085,0.6912981,0.2230506,-0.09680603,0.4840122,0.4247423,-0.05196559,1.136573,0.6608121,-0.03014066,0.2013714,0.769344,True,0,1,7
6/25/2025 12:12:45 PM,1750846365546,Right,-0.07943043,0.7101506,0.26196,-0.03631644,0.4699441,0.4988391,-0.1380326,0.6845827,0.2356401,-0.09557484,0.4809203,0.4364544,-0.04892015,1.135665,0.6606046,-0.02605397,0.198741,0.7847472,True,0,1,7
6/25/2025 12:12:45 PM,1750846365560,Right,-0.08054488,0.701675,0.2842951,-0.03462239,0.4659234,0.5251588,-0.1381174,0.6807006,0.2436333,-0.09455762,0.4783682,0.4455636,-0.04727614,1.134995,0.6607502,-0.02341771,0.1984913,0.7953745,True,0,1,7
6/25/2025 12:12:45 PM,1750846365588,Right,-0.08412183,0.6870328,0.3340025,-0.03590593,0.4605668,0.5829045,-0.1384054,0.6719403,0.2636527,-0.0926098,0.4739943,0.4687673,-0.04534042,1.131651,0.6591027,-0.01801954,0.2008219,0.8237016,True,0,1,7
6/25/2025 12:12:45 PM,1750846365602,Right,-0.08439867,0.6804624,0.3596334,-0.0380784,0.4585327,0.6135581,-0.1385542,0.6673416,0.2752883,-0.09206253,0.4716566,0.4832862,-0.04486895,1.129644,0.6577708,-0.0167979,0.2035412,0.8411193,True,0,1,7
6/25/2025 12:12:45 PM,1750846365629,Right,-0.0826449,0.6703305,0.4117869,-0.04374878,0.4608736,0.6768843,-0.1382265,0.6581544,0.3019273,-0.09264256,0.4690282,0.5157678,-0.04433143,1.126302,0.6547019,-0.01903409,0.2117116,0.8820844,True,0,1,7
6/25/2025 12:12:45 PM,1750846365644,Right,-0.07932872,0.6680794,0.4392238,-0.04612769,0.4668445,0.7097629,-0.1380396,0.6534001,0.3168949,-0.09407745,0.4685365,0.5333458,-0.04396808,1.125005,0.6537104,-0.02297352,0.2166419,0.9051995,True,0,1,7
6/25/2025 12:12:45 PM,1750846365671,Right,-0.07925035,0.665257,0.4863879,-0.0565322,0.479387,0.7704936,-0.1375763,0.6439272,0.3511988,-0.09764971,0.4666983,0.5762057,-0.0431937,1.122645,0.6539344,-0.03490514,0.2297454,0.9578389,True,0,1,7
6/25/2025 12:12:45 PM,1750846365685,Right,-0.07924917,0.664301,0.5080308,-0.06303965,0.4884622,0.7986251,-0.1374781,0.6394919,0.3702554,-0.1005941,0.4670009,0.5991902,-0.04315424,1.122647,0.6547394,-0.0436931,0.2377087,0.9865953,True,0,1,7
6/25/2025 12:12:45 PM,1750846365699,Right,-0.08008237,0.6665583,0.5274023,-0.07028916,0.4990522,0.8247368,-0.1373987,0.6354097,0.3902569,-0.1039442,0.4670977,0.6242126,-0.04344022,1.123296,0.655493,-0.05398145,0.2465654,1.016309,True,0,1,7
6/25/2025 12:12:45 PM,1750846365727,Right,-0.08382117,0.6719081,0.5615225,-0.08613998,0.5211326,0.8736392,-0.1378545,0.6284305,0.4341658,-0.1117088,0.4691091,0.6804586,-0.04714656,1.129216,0.657212,-0.07645548,0.2697078,1.080423,True,0,1,7
6/25/2025 12:12:45 PM,1750846365740,Right,-0.08778856,0.6757544,0.5770239,-0.09650174,0.5334908,0.89323,-0.1388941,0.6263375,0.4577982,-0.1177245,0.4729691,0.7085896,-0.04955828,1.133132,0.6588534,-0.09107818,0.2834762,1.11374,True,0,1,7
6/25/2025 12:12:45 PM,1750846365768,Right,-0.09735993,0.6834494,0.6032302,-0.11662,0.556549,0.9242297,-0.1434472,0.6253998,0.5099567,-0.1327266,0.4848871,0.7678325,-0.0550772,1.143474,0.6649159,-0.1232508,0.3149483,1.183241,True,0,1,7
6/25/2025 12:12:45 PM,1750846365783,Right,-0.1035735,0.687741,0.6146867,-0.1274544,0.5681365,0.9361636,-0.1474918,0.6273981,0.5360155,-0.140812,0.4910917,0.7945135,-0.0586307,1.149596,0.6683908,-0.1380949,0.3259761,1.213626,True,0,1,7
6/25/2025 12:12:45 PM,1750846365810,Right,-0.1131791,0.6997257,0.6315711,-0.1479829,0.5896888,0.9550804,-0.1619663,0.6387524,0.5921547,-0.161033,0.5083013,0.8533689,-0.06632209,1.161189,0.6752832,-0.168364,0.3521593,1.276204,True,0,1,7
6/25/2025 12:12:45 PM,1750846365824,Right,-0.1194613,0.7048599,0.6381293,-0.1592424,0.5998597,0.9616556,-0.1683297,0.6449093,0.6034163,-0.17136,0.5175716,0.8651804,-0.07002747,1.166816,0.6782976,-0.1857172,0.3653713,1.290189,True,0,1,7
6/25/2025 12:12:45 PM,1750846365837,Right,-0.122722,0.7111116,0.6442401,-0.1703264,0.6099829,0.967617,-0.1727889,0.6497284,0.6080053,-0.1786704,0.5250512,0.8707029,-0.0740844,1.172483,0.6806753,-0.1983827,0.3767376,1.29715,True,0,1,7
6/25/2025 12:12:45 PM,1750846365866,Right,-0.1348975,0.716643,0.6517592,-0.1924585,0.6272712,0.9734491,-0.1807253,0.6576657,0.6122874,-0.19441,0.5377269,0.8738253,-0.08287489,1.1829,0.6851128,-0.228265,0.3938216,1.303827,True,0,1,7
6/25/2025 12:12:45 PM,1750846365879,Right,-0.1404307,0.7205091,0.6548433,-0.2043405,0.6365171,0.9760035,-0.1849259,0.66111,0.6140741,-0.2020152,0.5436878,0.8758347,-0.08701837,1.187817,0.6877537,-0.2420774,0.403099,1.307085,True,0,1,7
6/25/2025 12:12:45 PM,1750846365908,Right,-0.149962,0.7279991,0.6563838,-0.2286474,0.6539444,0.9773726,-0.1925391,0.6677331,0.6148818,-0.2188015,0.5545775,0.8782693,-0.09461772,1.196627,0.6914918,-0.2751965,0.4211613,1.309483,True,0,1,7
6/25/2025 12:12:45 PM,1750846365922,Right,-0.1552458,0.7320997,0.6568769,-0.2421258,0.6629485,0.9772172,-0.1965578,0.671051,0.6149619,-0.2274732,0.5601608,0.8790083,-0.0982182,1.200485,0.6921597,-0.2922295,0.4304207,1.309976,True,0,1,7
6/25/2025 12:12:45 PM,1750846365949,Right,-0.1667554,0.7411039,0.6577355,-0.2718948,0.6776673,0.9732136,-0.2042992,0.6765136,0.6141986,-0.246764,0.5697136,0.8780019,-0.1063744,1.207779,0.6933365,-0.3324082,0.4457457,1.307332,True,0,1,7
6/25/2025 12:12:45 PM,1750846365963,Right,-0.1734578,0.7447596,0.6582967,-0.2875204,0.6851342,0.9706377,-0.2083322,0.6793125,0.6138634,-0.2560131,0.574443,0.8768864,-0.1103487,1.210992,0.6937236,-0.3515807,0.4526197,1.305377,True,0,1,7
6/25/2025 12:12:45 PM,1750846365990,Right,-0.1877947,0.7566122,0.6584621,-0.3219409,0.7014845,0.9615974,-0.2177507,0.6859102,0.6125504,-0.2774511,0.5840312,0.8726174,-0.1170228,1.216226,0.6937945,-0.3958558,0.4646447,1.297693,True,0,1,7
6/25/2025 12:12:46 PM,1750846366003,Right,-0.1956571,0.7630726,0.658371,-0.3407185,0.7088321,0.9564317,-0.2233258,0.6881629,0.6119657,-0.2897817,0.588154,0.870965,-0.120342,1.218647,0.6937838,-0.4205055,0.4711295,1.293227,True,0,1,7
6/25/2025 12:12:46 PM,1750846366018,Right,-0.2038054,0.7704176,0.6584828,-0.3613945,0.717733,0.9506186,-0.2284046,0.6922984,0.6130697,-0.3023031,0.5936489,0.8707247,-0.1236839,1.220554,0.6935771,-0.446334,0.4783042,1.288949,True,0,1,7
6/25/2025 12:12:46 PM,1750846366046,Right,-0.2246004,0.7820032,0.6584595,-0.4046406,0.7344195,0.9372213,-0.2403015,0.6988397,0.6141669,-0.3298134,0.6025965,0.8669394,-0.1301687,1.223723,0.6926467,-0.5024834,0.4888176,1.275417,True,0,1,7
6/25/2025 12:12:46 PM,1750846366060,Right,-0.236928,0.7879336,0.6577407,-0.428858,0.7444445,0.9292635,-0.2476193,0.7002822,0.6134613,-0.3454833,0.6057886,0.8638676,-0.1331221,1.224904,0.6919631,-0.5330126,0.4938472,1.266175,True,0,1,7
6/25/2025 12:12:46 PM,1750846366088,Right,-0.2614482,0.7994687,0.6540325,-0.4785748,0.7616967,0.9103237,-0.2623507,0.7045305,0.6114355,-0.3791162,0.6131046,0.8573613,-0.1388698,1.227424,0.6908002,-0.5976219,0.5051247,1.242253,True,0,1,7
6/25/2025 12:12:46 PM,1750846366101,Right,-0.2750103,0.8056386,0.6511081,-0.505455,0.7708201,0.8975617,-0.2697313,0.708634,0.6114385,-0.3962845,0.6181747,0.8540158,-0.1418908,1.228772,0.6899838,-0.6304933,0.5107741,1.22853,True,0,1,7
6/25/2025 12:12:46 PM,1750846366129,Right,-0.3023103,0.8142421,0.6439586,-0.558228,0.7871062,0.8691363,-0.2881459,0.7189279,0.6109787,-0.4360701,0.6286845,0.844119,-0.1475838,1.231352,0.6880988,-0.7029951,0.5190046,1.192383,True,0,1,7
6/25/2025 12:12:46 PM,1750846366143,Right,-0.3171119,0.8177989,0.6396285,-0.5868396,0.7937607,0.8521758,-0.2989816,0.7232488,0.611081,-0.4578962,0.6330995,0.8393854,-0.1501402,1.232774,0.6871574,-0.7396517,0.5227687,1.172969,True,0,1,7
6/25/2025 12:12:46 PM,1750846366171,Right,-0.3454334,0.8267537,0.6295455,-0.6389825,0.8023089,0.8113384,-0.319387,0.7300106,0.6086535,-0.5002462,0.638927,0.8218804,-0.154644,1.23589,0.6854998,-0.8126777,0.5240397,1.122794,True,0,1,7
6/25/2025 12:12:46 PM,1750846366185,Right,-0.3594859,0.8341917,0.6254044,-0.6642697,0.8064914,0.7874006,-0.3300408,0.7340973,0.6056175,-0.5211164,0.6420218,0.8094836,-0.1565702,1.237532,0.6845753,-0.8479882,0.5242901,1.093277,True,0,1,7
6/25/2025 12:12:46 PM,1750846366199,Right,-0.3743985,0.8371304,0.6187314,-0.688104,0.8109695,0.762192,-0.3419503,0.7382219,0.6024294,-0.5427874,0.6445291,0.7955147,-0.1584438,1.239151,0.683689,-0.8837385,0.5232913,1.061091,True,0,1,7
6/25/2025 12:12:46 PM,1750846366227,Right,-0.4014164,0.8442844,0.6031075,-0.7333481,0.8165833,0.710419,-0.3638335,0.7439363,0.5939312,-0.5862315,0.6460995,0.765227,-0.16163,1.241993,0.6816335,-0.9506061,0.519891,0.9883951,True,0,1,7
6/25/2025 12:12:46 PM,1750846366241,Right,-0.4144904,0.8475367,0.592543,-0.7529675,0.8177139,0.6802367,-0.3751104,0.7463139,0.5866513,-0.6070998,0.6466546,0.7451802,-0.1629823,1.243159,0.6804659,-0.9823086,0.517698,0.9460192,True,0,1,7
6/25/2025 12:12:46 PM,1750846366268,Right,-0.4410703,0.8523207,0.5688849,-0.7891091,0.8185357,0.6215461,-0.4003389,0.7504416,0.5682712,-0.6496791,0.6464428,0.6997059,-0.1657274,1.246131,0.6774979,-1.041614,0.5101939,0.8531357,True,0,1,7
6/25/2025 12:12:46 PM,1750846366282,Right,-0.4544325,0.8542501,0.5544819,-0.8069205,0.8149103,0.5907124,-0.4128232,0.7517704,0.5592309,-0.6710043,0.6468794,0.6778417,-0.1670351,1.247457,0.6758096,-1.068255,0.5094568,0.8078147,True,0,1,7
6/25/2025 12:12:46 PM,1750846366309,Right,-0.4769994,0.8556261,0.5231838,-0.8375801,0.8001969,0.5298635,-0.4346045,0.7535179,0.5404162,-0.7112492,0.6460215,0.6295971,-0.1694583,1.250201,0.6733117,-1.11326,0.5053204,0.7075251,True,0,1,7
6/25/2025 12:12:46 PM,1750846366323,Right,-0.4870592,0.8558927,0.5064802,-0.851002,0.7888498,0.4981315,-0.4447325,0.7545085,0.5289471,-0.7309348,0.6473532,0.6026443,-0.1712686,1.251542,0.67237,-1.132611,0.5073287,0.6547449,True,0,1,7
6/25/2025 12:12:46 PM,1750846366338,Right,-0.4967377,0.855889,0.4904356,-0.8623226,0.7754282,0.466981,-0.4552837,0.7540249,0.515462,-0.7490578,0.644647,0.5719973,-0.1730298,1.252793,0.6716264,-1.147521,0.5007789,0.5977705,True,0,1,7
6/25/2025 12:12:46 PM,1750846366365,Right,-0.513105,0.8577864,0.4599413,-0.8702066,0.7627047,0.4412383,-0.473888,0.7591068,0.4967571,-0.7661303,0.6454522,0.5271448,-0.1773484,1.255065,0.6698983,-1.161727,0.4825576,0.5190819,True,0,1,7
6/25/2025 12:12:46 PM,1750846366379,Right,-0.5210146,0.8582897,0.4449193,-0.8702066,0.7627047,0.4412383,-0.4830158,0.760981,0.4869159,-0.766009,0.6410031,0.5108598,-0.1796191,1.256142,0.6688157,-1.159863,0.4578637,0.4967956,False,0,1,7
6/25/2025 12:12:46 PM,1750846366407,Right,-0.5350958,0.8625038,0.4224741,-0.862995,0.8445611,0.3158361,-0.508207,0.7754269,0.4713537,-0.7965343,0.6592153,0.4707296,-0.1841375,1.258114,0.6675966,-1.184052,0.4729611,0.4283653,False,0,1,7
6/25/2025 12:12:46 PM,1750846366420,Right,-0.5413609,0.8643777,0.4116283,-0.863782,0.844254,0.2884114,-0.5196173,0.7804054,0.4606356,-0.807623,0.6632475,0.4479119,-0.1865276,1.259017,0.6670916,-1.190728,0.4720453,0.3926307,False,0,1,7
6/25/2025 12:12:46 PM,1750846366449,Right,-0.5489821,0.8706373,0.3932622,-0.8581012,0.848164,0.2413474,-0.5308688,0.7868327,0.4430878,-0.8141818,0.6660205,0.4027694,-0.1914816,1.260093,0.6649022,-1.186717,0.4645181,0.3162941,False,0,1,7
6/25/2025 12:12:46 PM,1750846366463,Right,-0.5516382,0.8740979,0.3838803,-0.8548126,0.8501128,0.2197341,-0.5347414,0.7898436,0.4338228,-0.8143423,0.6649657,0.3795349,-0.1940202,1.260601,0.6638918,-1.178835,0.4577349,0.2758775,False,0,1,7
6/25/2025 12:12:46 PM,1750846366490,Right,-0.5518029,0.879218,0.3670411,-0.845771,0.8554146,0.1864394,-0.5387844,0.7946688,0.4180892,-0.8078517,0.6627461,0.334096,-0.1992358,1.261723,0.6623447,-1.153578,0.4475589,0.1908368,False,0,1,7
6/25/2025 12:12:46 PM,1750846366504,Right,-0.5508713,0.8817586,0.3596814,-0.8409815,0.8576474,0.172205,-0.5402974,0.796563,0.4103614,-0.8022629,0.659261,0.3119296,-0.2017936,1.262003,0.6615665,-1.135119,0.4377413,0.1504883,False,0,1,7
6/25/2025 12:12:46 PM,1750846366518,Right,-0.5502499,0.883936,0.3522618,-0.835937,0.8606397,0.1570823,-0.540131,0.7989479,0.4047227,-0.7942479,0.6576344,0.2915879,-0.2043169,1.26221,0.6609468,-1.113833,0.4319581,0.1109804,False,0,1,7
6/25/2025 12:12:46 PM,1750846366545,Right,-0.5479834,0.886035,0.3439808,-0.8282392,0.8654346,0.1384877,-0.539148,0.8010374,0.3952823,-0.788996,0.6570884,0.2728456,-0.2089542,1.262582,0.6596949,-1.099185,0.4299057,0.08108583,False,0,1,7
6/25/2025 12:12:46 PM,1750846366560,Right,-0.545929,0.8854588,0.3402635,-0.8244399,0.8638869,0.1326427,-0.5375106,0.8005371,0.3912157,-0.7846389,0.655421,0.2648223,-0.2111951,1.262581,0.6589175,-1.090661,0.4269612,0.06784853,False,0,1,7
6/25/2025 12:12:46 PM,1750846366587,Right,-0.5421332,0.88295,0.3339835,-0.8191206,0.8608522,0.1240051,-0.5344006,0.7986425,0.3849653,-0.7812924,0.6531669,0.257982,-0.2152709,1.262885,0.6572199,-1.0865,0.4245681,0.06038129,False,0,1,7
6/25/2025 12:12:46 PM,1750846366601,Right,-0.5402804,0.8808429,0.332259,-0.8178088,0.8580513,0.1224835,-0.5325131,0.7967978,0.3831347,-0.7790488,0.6511605,0.2548814,-0.2168189,1.262954,0.6563076,-1.083063,0.4232214,0.05536145,False,0,1,7
6/25/2025 12:12:46 PM,1750846366629,Right,-0.5366606,0.8760426,0.3310177,-0.8164273,0.8527812,0.1240631,-0.5288066,0.792757,0.3815163,-0.7752913,0.6469631,0.2530122,-0.2185265,1.262622,0.655383,-1.078951,0.4191809,0.05306274,False,0,1,7
6/25/2025 12:12:46 PM,1750846366643,Right,-0.5348189,0.8732432,0.3317225,-0.8169014,0.8497877,0.1277353,-0.5267026,0.7903249,0.3821931,-0.7750037,0.6456045,0.2557162,-0.2189173,1.262331,0.6549258,-1.081272,0.4195489,0.0580354,False,0,1,7
6/25/2025 12:12:46 PM,1750846366671,Right,-0.5313717,0.8678692,0.3349029,-0.8176748,0.8432586,0.1381923,-0.5221201,0.7854044,0.3845384,-0.7741222,0.6423593,0.2651076,-0.2185307,1.261488,0.6538653,-1.087409,0.4181201,0.07526445,False,0,1,7
6/25/2025 12:12:46 PM,1750846366685,Right,-0.5294784,0.8644571,0.3374465,-0.8188642,0.8393759,0.1458581,-0.5197437,0.7821618,0.3864686,-0.7740109,0.6404417,0.2709711,-0.2177465,1.260707,0.6530938,-1.091421,0.4177587,0.08564436,False,0,1,7
6/25/2025 12:12:46 PM,1750846366699,Right,-0.527575,0.8612448,0.3407336,-0.8204542,0.8362347,0.1545554,-0.517293,0.7798877,0.3899848,-0.7745504,0.6398226,0.2792483,-0.2165612,1.260007,0.6523902,-1.09681,0.4194281,0.09959069,False,0,1,7
6/25/2025 12:12:46 PM,1750846366726,Right,-0.5246599,0.8559202,0.3485529,-0.8236033,0.8293852,0.1736999,-0.5117999,0.7751652,0.3966807,-0.774481,0.6375198,0.2978008,-0.2136718,1.258596,0.6508532,-1.106777,0.4196974,0.1325887,False,0,1,7
6/25/2025 12:12:46 PM,1750846366740,Right,-0.5226862,0.8529165,0.3530675,-0.8253185,0.8251509,0.1853641,-0.5087714,0.7720143,0.4004565,-0.7745419,0.6363161,0.3080239,-0.2118334,1.257911,0.6500487,-1.112467,0.4210034,0.1505692,False,0,1,7
6/25/2025 12:12:46 PM,1750846366768,Right,-0.5186652,0.8466217,0.362711,-0.8287361,0.8171976,0.2095582,-0.5019704,0.7661455,0.4086031,-0.7745494,0.634257,0.3319377,-0.207315,1.256482,0.6489859,-1.124267,0.4244788,0.1938698,False,0,1,7
6/25/2025 12:12:46 PM,1750846366781,Right,-0.5159492,0.8428303,0.3683,-0.8298287,0.8128853,0.2238852,-0.4977124,0.7629143,0.4132234,-0.7733785,0.6334304,0.3449556,-0.2046114,1.255619,0.6487172,-1.129234,0.4271142,0.2169615,False,0,1,7
6/25/2025 12:12:46 PM,1750846366810,Right,-0.5086141,0.8354751,0.378286,-0.8307751,0.8049943,0.2534694,-0.4884003,0.7564685,0.4220341,-0.7704364,0.6317359,0.3738568,-0.198403,1.25384,0.6480132,-1.138422,0.4329586,0.2706612,False,0,1,7
6/25/2025 12:12:46 PM,1750846366823,Right,-0.5041012,0.8313759,0.3830939,-0.8304785,0.8008776,0.2698274,-0.4826572,0.7531897,0.426419,-0.7675401,0.6313413,0.3889191,-0.1951184,1.252927,0.6476216,-1.141302,0.4367571,0.2993044,False,0,1,7
6/25/2025 12:12:46 PM,1750846366851,Right,-0.4944079,0.8228101,0.3922964,-0.8281611,0.7916512,0.3026812,-0.4711831,0.7443247,0.4334645,-0.7596593,0.6267237,0.4123732,-0.189109,1.251413,0.6475668,-1.140915,0.438501,0.3438509,False,0,1,7
6/25/2025 12:12:46 PM,1750846366866,Right,-0.4885687,0.8188238,0.3968488,-0.8255612,0.7859788,0.3206281,-0.4640799,0.7415991,0.4380405,-0.7539603,0.6259331,0.4265044,-0.1864585,1.250734,0.6477326,-1.138788,0.4412067,0.369972,False,0,1,7
6/25/2025 12:12:46 PM,1750846366879,Right,-0.4825645,0.8151158,0.401682,-0.8222472,0.7800717,0.3387737,-0.4570642,0.7373517,0.4413264,-0.7479925,0.6233943,0.4400649,-0.1837813,1.250037,0.6479388,-1.136027,0.4422474,0.3963488,False,0,1,7
6/25/2025 12:12:46 PM,1750846366907,Right,-0.4676915,0.8082801,0.4132402,-0.8116192,0.7631225,0.3770541,-0.4389849,0.7284123,0.4458417,-0.7322844,0.618879,0.4667624,-0.178346,1.248796,0.6484205,-1.125694,0.4482182,0.4504979,False,0,1,7
6/25/2025 12:12:46 PM,1750846366921,Right,-0.4596387,0.8043146,0.4195322,-0.8048538,0.7540098,0.3965861,-0.4292307,0.7230826,0.447455,-0.7228991,0.6154294,0.4808067,-0.1752476,1.248188,0.6487987,-1.11818,0.4503279,0.4799138,False,0,1,7
6/25/2025 12:12:46 PM,1750846366948,Right,-0.4393631,0.7912373,0.432934,-0.7817933,0.729057,0.4331817,-0.4058687,0.7115119,0.4490324,-0.6945961,0.6059715,0.508913,-0.1687356,1.24645,0.6492552,-1.093198,0.4489634,0.5425589,False,0,1,7
6/25/2025 12:12:46 PM,1750846366963,Right,-0.4279052,0.7843673,0.4383609,-0.7693864,0.7164367,0.4518159,-0.3933997,0.7062739,0.4488796,-0.6790037,0.6002192,0.5228537,-0.1654837,1.24535,0.6498202,-1.076602,0.4466975,0.575193,False,0,1,7
6/25/2025 12:12:46 PM,1750846366990,Right,-0.39781,0.7692171,0.4480866,-0.7343221,0.6933357,0.4882143,-0.3673237,0.6956729,0.4365965,-0.642441,0.5888572,0.5394266,-0.1587592,1.242628,0.6515819,-1.036294,0.4428812,0.6332579,False,0,1,7
6/25/2025 12:12:47 PM,1750846367004,Right,-0.3819666,0.7617888,0.4501361,-0.7151119,0.6800326,0.505042,-0.3533992,0.6899072,0.4315807,-0.6218019,0.5811928,0.5492074,-0.1551132,1.24087,0.6524694,-1.010663,0.4380645,0.6654171,False,0,1,7
6/25/2025 12:12:47 PM,1750846367018,Right,-0.3634744,0.7527488,0.4513004,-0.6933115,0.6666945,0.5182416,-0.3391927,0.6861261,0.4244817,-0.5994376,0.5754949,0.5575953,-0.151323,1.238813,0.6532649,-0.9813111,0.4357243,0.6984947,False,0,1,7
6/25/2025 12:12:47 PM,1750846367045,Right,-0.3269153,0.7346726,0.447084,-0.6477163,0.6429457,0.5439126,-0.3139116,0.6789223,0.4077044,-0.556422,0.5631479,0.5673109,-0.1445142,1.234309,0.6554245,-0.9196144,0.4284768,0.7548376,False,0,1,7
6/25/2025 12:12:47 PM,1750846367059,Right,-0.3085663,0.7268015,0.4401427,-0.6223149,0.6305822,0.5538817,-0.301468,0.678681,0.3989539,-0.5342262,0.559979,0.5703409,-0.1409737,1.231667,0.6567901,-0.8852767,0.4270584,0.7809927,False,0,1,7
6/25/2025 12:12:47 PM,1750846367087,Right,-0.2741285,0.7191323,0.4189958,-0.56601,0.6064916,0.5684693,-0.2759492,0.6748297,0.3819145,-0.4846466,0.5474399,0.5755222,-0.134061,1.225867,0.6593326,-0.8014188,0.4117553,0.8344338,False,0,1,7
6/25/2025 12:12:47 PM,1750846367101,Right,-0.2561282,0.7171957,0.4079252,-0.5308025,0.599227,0.5742061,-0.2634166,0.6746264,0.3719993,-0.4563816,0.5431892,0.5725371,-0.1307696,1.222621,0.6605393,-0.7540997,0.4008173,0.8561054,False,0,1,7
6/25/2025 12:12:47 PM,1750846367129,Right,-0.2216709,0.7170677,0.3851146,-0.4688728,0.5796488,0.5786935,-0.2360541,0.6775291,0.3519288,-0.4028196,0.5335371,0.5675145,-0.1247407,1.215717,0.6630375,-0.6578729,0.3752804,0.8818484,False,0,1,7
6/25/2025 12:12:47 PM,1750846367143,Right,-0.2068211,0.7179291,0.3717911,-0.4374784,0.571828,0.5745778,-0.225356,0.6797599,0.3406579,-0.3787108,0.5312878,0.5598611,-0.1216714,1.212372,0.6641788,-0.6171345,0.363705,0.8853772,False,0,1,7
6/25/2025 12:12:47 PM,1750846367171,Right,-0.1786474,0.7181912,0.3452157,-0.3794235,0.5556003,0.5656362,-0.2064645,0.6821252,0.3187166,-0.3322314,0.521781,0.5462851,-0.1158564,1.205458,0.6662815,-0.5301446,0.3357902,0.8891405,False,0,1,7
6/25/2025 12:12:47 PM,1750846367185,Right,-0.1656889,0.7199976,0.3309173,-0.3513328,0.5480084,0.5580779,-0.1982805,0.6842965,0.306852,-0.3098201,0.5181159,0.5381215,-0.1130252,1.202009,0.6671804,-0.4857663,0.323833,0.8878151,False,0,1,7
6/25/2025 12:12:47 PM,1750846367199,Right,-0.1549311,0.7211022,0.3172658,-0.3257244,0.5409588,0.5494771,-0.1885456,0.6861562,0.2978687,-0.2870952,0.5146706,0.5310639,-0.1101496,1.198423,0.6682857,-0.4432417,0.3122652,0.8856063,False,0,1,7
6/25/2025 12:12:47 PM,1750846367226,Right,-0.1348378,0.7230344,0.2909437,-0.2766534,0.5281764,0.5315552,-0.175456,0.6879307,0.2777894,-0.2575835,0.5087349,0.5122776,-0.1038376,1.190498,0.670004,-0.3877752,0.2954386,0.8702171,False,0,1,7
6/25/2025 12:12:47 PM,1750846367240,Right,-0.1273112,0.723948,0.2800785,-0.2559463,0.5227638,0.5235297,-0.1708237,0.6883685,0.2678707,-0.2437347,0.5056192,0.5032275,-0.1006569,1.186497,0.6704326,-0.3596419,0.287538,0.862667,False,0,1,7
6/25/2025 12:12:47 PM,1750846367268,Right,-0.1128585,0.7294263,0.2605863,-0.2153656,0.5123715,0.5055825,-0.1622071,0.6899728,0.2533442,-0.2143535,0.4979584,0.4891421,-0.09419537,1.178434,0.6708876,-0.298255,0.2684146,0.8482221,False,0,1,7
6/25/2025 12:12:47 PM,1750846367282,Right,-0.1085339,0.7295432,0.2526217,-0.1972417,0.5091903,0.4960445,-0.1589059,0.6907893,0.2488103,-0.1996359,0.4962707,0.4815786,-0.090958,1.174404,0.6711953,-0.2672355,0.258938,0.841996,False,0,1,7
6/25/2025 12:12:47 PM,1750846367310,Right,-0.1021072,0.7295361,0.2404374,-0.1659807,0.5026448,0.4822587,-0.1542652,0.6914929,0.2428496,-0.1733747,0.490308,0.46984,-0.08424437,1.166629,0.6709164,-0.2080759,0.2389538,0.8280101,False,0,1,7
6/25/2025 12:12:47 PM,1750846367324,Right,-0.09904161,0.731688,0.2379595,-0.1518326,0.4989946,0.4791614,-0.1525484,0.6907956,0.2421932,-0.1638743,0.4864638,0.4686996,-0.08107889,1.162966,0.6705959,-0.1862676,0.2324542,0.8243325,False,0,1,7
6/25/2025 12:12:47 PM,1750846367338,Right,-0.09617178,0.7338088,0.2357898,-0.1392713,0.4950173,0.4759068,-0.1507771,0.6899377,0.2418583,-0.1555381,0.4819877,0.4677729,-0.07808888,1.159476,0.6706799,-0.1674491,0.2254772,0.8198709,False,0,1,7
6/25/2025 12:12:47 PM,1750846367365,Right,-0.09272942,0.7292895,0.238231,-0.1190316,0.4889071,0.4770719,-0.1509019,0.6841254,0.2456046,-0.1426959,0.4756264,0.4692476,-0.07136881,1.152394,0.6711313,-0.1343608,0.2161257,0.8207592,False,0,1,7
6/25/2025 12:12:47 PM,1750846367379,Right,-0.09202512,0.7263721,0.2406408,-0.1097284,0.4850849,0.4789222,-0.1508051,0.6816377,0.2493766,-0.1366975,0.4718453,0.471122,-0.0685209,1.149246,0.6708585,-0.1190027,0.2098145,0.8207536,False,0,1,7
6/25/2025 12:12:47 PM,1750846367407,Right,-0.09307397,0.7171812,0.2528989,-0.09707353,0.4771065,0.4919529,-0.1497615,0.675612,0.2615666,-0.1280105,0.4668205,0.4827219,-0.06357574,1.142939,0.670041,-0.09703405,0.2052583,0.8326071,False,0,1,7
6/25/2025 12:12:47 PM,1750846367421,Right,-0.09388135,0.7114459,0.2617884,-0.09157907,0.4724144,0.5025035,-0.150188,0.6715969,0.2691615,-0.1242407,0.4619811,0.4898736,-0.06135643,1.139936,0.6695995,-0.08623812,0.2001519,0.8381519,False,0,1,7
6/25/2025 12:12:47 PM,1750846367449,Right,-0.09532782,0.6991619,0.2836476,-0.08219557,0.4644962,0.5262041,-0.1526819,0.660334,0.2879714,-0.1196998,0.4549344,0.5096544,-0.0577296,1.134245,0.6688757,-0.06966738,0.1971831,0.861295,False,0,1,7
6/25/2025 12:12:47 PM,1750846367463,Right,-0.09622742,0.6929926,0.2962452,-0.07807453,0.4608048,0.5401545,-0.1537586,0.6544747,0.2987861,-0.117072,0.4498558,0.5199664,-0.0563134,1.13143,0.6687052,-0.06095149,0.1925281,0.8715796,False,0,1,7
6/25/2025 12:12:47 PM,1750846367491,Right,-0.09899334,0.6807611,0.3285297,-0.07426392,0.4544994,0.5754289,-0.1545083,0.6428834,0.3261025,-0.114447,0.4432914,0.5495344,-0.05346608,1.126246,0.6680959,-0.05362544,0.1917232,0.9060829,False,0,1,7
6/25/2025 12:12:47 PM,1750846367504,Right,-0.09972201,0.6759324,0.3450936,-0.07208294,0.4521875,0.5939037,-0.1545203,0.6373335,0.3415421,-0.1117976,0.4387557,0.5652945,-0.05190182,1.124158,0.6678069,-0.04691394,0.1886822,0.9222597,False,0,1,7
6/25/2025 12:12:47 PM,1750846367518,Right,-0.1010954,0.673772,0.3623918,-0.07053692,0.452226,0.6129313,-0.1547097,0.6323701,0.3594911,-0.1113822,0.4362504,0.5853635,-0.05022562,1.121791,0.6680561,-0.04602788,0.1901681,0.944936,False,0,1,7
6/25/2025 12:12:47 PM,1750846367546,Right,-0.1031507,0.6707268,0.3942353,-0.06991017,0.4546833,0.6501989,-0.1565032,0.6254923,0.3933998,-0.1112523,0.4329317,0.6228126,-0.0468632,1.118392,0.6700422,-0.0444473,0.1935063,0.9857947,False,0,1,7
6/25/2025 12:12:47 PM,1750846367560,Right,-0.1046105,0.6697798,0.4078077,-0.06927193,0.4580124,0.6664885,-0.1584528,0.6234294,0.4067157,-0.1134903,0.4334936,0.6378924,-0.04621685,1.118183,0.6708541,-0.04747005,0.1975999,1.003752,False,0,1,7
6/25/2025 12:12:47 PM,1750846367587,Right,-0.1072243,0.668991,0.4322225,-0.07250854,0.4645004,0.6990123,-0.1584802,0.6241635,0.4290719,-0.1137309,0.4386482,0.6658156,-0.04628992,1.119198,0.6718198,-0.04828484,0.2121637,1.035878,False,0,1,7
6/25/2025 12:12:47 PM,1750846367602,Right,-0.1077143,0.6699249,0.4416094,-0.07439694,0.4691018,0.7137144,-0.1602763,0.6238672,0.4383312,-0.1161023,0.4402496,0.6787624,-0.04663861,1.120434,0.6730381,-0.05146444,0.2193156,1.050375,False,0,1,7
6/25/2025 12:12:47 PM,1750846367629,Right,-0.1093497,0.6679943,0.4558957,-0.07998049,0.4774449,0.7356554,-0.164205,0.6223798,0.4537666,-0.1206147,0.4454596,0.6993159,-0.04763544,1.124001,0.6766516,-0.0552278,0.2349714,1.076774,False,0,1,7
6/25/2025 12:12:47 PM,1750846367643,Right,-0.1115869,0.6661872,0.461263,-0.08482886,0.4812352,0.7430493,-0.1660773,0.6227106,0.459462,-0.1236756,0.4496087,0.706172,-0.04840171,1.126334,0.6787671,-0.05935796,0.2429397,1.087543,False,0,1,7
6/25/2025 12:12:47 PM,1750846367671,Right,-0.1136471,0.6649946,0.4689483,-0.09056048,0.4884453,0.7559122,-0.1698679,0.6228974,0.467315,-0.1284616,0.4555607,0.7176595,-0.05031836,1.131334,0.6822311,-0.06573712,0.2572329,1.10414,False,0,1,7
6/25/2025 12:12:47 PM,1750846367684,Right,-0.114468,0.6639321,0.4711436,-0.09256896,0.4921558,0.7599037,-0.1701225,0.6224784,0.4687454,-0.1302571,0.4580067,0.7201611,-0.05153072,1.134139,0.6837785,-0.06993105,0.2628679,1.109637,False,0,1,7
6/25/2025 12:12:47 PM,1750846367698,Right,-0.1157968,0.6625764,0.4730181,-0.09494864,0.4952277,0.7634702,-0.1703182,0.6222601,0.4694467,-0.1326787,0.4607339,0.7222102,-0.05280721,1.137156,0.6854539,-0.07605997,0.2691221,1.114822,False,0,1,7
6/25/2025 12:12:47 PM,1750846367727,Right,-0.1180334,0.6617084,0.4748088,-0.1008559,0.5005372,0.7671503,-0.1712309,0.6236238,0.4704086,-0.1366471,0.465788,0.7242261,-0.05532551,1.142787,0.6889518,-0.08504394,0.2779581,1.120937,False,0,1,7
6/25/2025 12:12:47 PM,1750846367740,Right,-0.1197633,0.6610265,0.4746951,-0.1043332,0.502694,0.7679134,-0.1725737,0.6252509,0.4706515,-0.1398872,0.4681607,0.7244681,-0.05690897,1.145735,0.6902192,-0.09135494,0.2806745,1.122396,False,0,1,7
6/25/2025 12:12:47 PM,1750846367768,Right,-0.1221672,0.6613757,0.4737631,-0.1122018,0.5061918,0.768443,-0.1739106,0.6273925,0.4692266,-0.1445825,0.4717878,0.723906,-0.06067765,1.151117,0.6930951,-0.1010313,0.2861182,1.123689,False,0,1,7
6/25/2025 12:12:47 PM,1750846367782,Right,-0.1207626,0.6642213,0.4731852,-0.1166011,0.5076474,0.7682118,-0.1751903,0.6284785,0.4682963,-0.1481315,0.4729282,0.7241043,-0.06287658,1.153465,0.6944286,-0.1080792,0.2883081,1.123949,False,0,1,7
6/25/2025 12:12:47 PM,1750846367810,Right,-0.1256875,0.6659986,0.4738178,-0.1268427,0.5102012,0.7685324,-0.1783443,0.6308177,0.4673332,-0.1552726,0.4758636,0.7232125,-0.067994,1.157828,0.6962845,-0.1211861,0.291413,1.124324,False,0,1,7
6/25/2025 12:12:47 PM,1750846367824,Right,-0.1269922,0.6672099,0.4745122,-0.1320881,0.5118916,0.76898,-0.180148,0.6314427,0.4670658,-0.15963,0.4766542,0.7228432,-0.07078159,1.159828,0.6973833,-0.1295822,0.2919847,1.12457,False,0,1,7
6/25/2025 12:12:47 PM,1750846367838,Right,-0.1286222,0.6679236,0.4752003,-0.1375003,0.5129142,0.7697792,-0.181942,0.6317873,0.4669561,-0.1634471,0.4774697,0.723197,-0.07363737,1.161239,0.6983336,-0.1368802,0.2935561,1.125492,False,0,1,7
6/25/2025 12:12:47 PM,1750846367865,Right,-0.1308733,0.6680549,0.4768103,-0.1471789,0.5145916,0.773456,-0.184055,0.6325622,0.4662065,-0.1714877,0.4783736,0.7243041,-0.07947743,1.163635,0.7003031,-0.1551287,0.2962274,1.126617,False,0,1,7
6/25/2025 12:12:47 PM,1750846367879,Right,-0.1312622,0.6686385,0.4773588,-0.1527547,0.5157255,0.7744609,-0.1847062,0.632692,0.4662732,-0.1756986,0.4789343,0.725242,-0.08263457,1.164427,0.701274,-0.1654024,0.2979529,1.127845,False,0,1,7
6/25/2025 12:12:47 PM,1750846367907,Right,-0.133553,0.665486,0.4792566,-0.1645826,0.5169584,0.774697,-0.184874,0.633585,0.4669669,-0.1840082,0.4807949,0.723957,-0.08856773,1.165472,0.7036127,-0.1862003,0.2982871,1.128536,False,0,1,7
6/25/2025 12:12:47 PM,1750846367921,Right,-0.1324141,0.6654449,0.4791168,-0.1703731,0.5175145,0.7750236,-0.1855608,0.6341568,0.4671701,-0.1879248,0.4814643,0.7250375,-0.09141922,1.165804,0.7046211,-0.1945881,0.3000784,1.129296,False,0,1,7
6/25/2025 12:12:47 PM,1750846367949,Right,-0.1342752,0.6664038,0.4800561,-0.1792744,0.519054,0.7743065,-0.1860676,0.6361402,0.467828,-0.1946284,0.482952,0.7243881,-0.09656942,1.166445,0.7064594,-0.2094832,0.2998515,1.12848,False,0,1,7
6/25/2025 12:12:47 PM,1750846367963,Right,-0.1348871,0.6675301,0.4799454,-0.1836289,0.5191777,0.7734227,-0.1868244,0.6376438,0.4675285,-0.1979474,0.4842048,0.7241296,-0.09841406,1.166847,0.7074099,-0.2158801,0.3010513,1.127802,False,0,1,7
6/25/2025 12:12:47 PM,1750846367990,Right,-0.1364249,0.6706608,0.4769825,-0.1878405,0.5189427,0.7678592,-0.1879892,0.6405231,0.4644619,-0.2016055,0.4849841,0.7193112,-0.1016365,1.166774,0.709903,-0.2224582,0.2981077,1.121473,False,0,1,7
6/25/2025 12:12:48 PM,1750846368005,Right,-0.1368144,0.6715088,0.4747497,-0.1894404,0.5183473,0.7641552,-0.1884784,0.6419507,0.4622633,-0.2033426,0.4857425,0.7161829,-0.1031402,1.166197,0.7112802,-0.225932,0.297289,1.117935,False,0,1,7
6/25/2025 12:12:48 PM,1750846368018,Right,-0.1353285,0.6736344,0.47017,-0.1891782,0.5170962,0.758269,-0.1884306,0.6430652,0.4589923,-0.2031642,0.4848226,0.7122993,-0.1043464,1.165171,0.7121855,-0.2253685,0.2938905,1.112301,False,0,1,7
6/25/2025 12:12:48 PM,1750846368046,Right,-0.1347419,0.6743257,0.4609322,-0.187134,0.5143042,0.7447469,-0.1882257,0.6446121,0.4503863,-0.2021172,0.4836626,0.6996593,-0.106012,1.162003,0.7139099,-0.2230301,0.2856614,1.098494,False,0,1,7
6/25/2025 12:12:48 PM,1750846368060,Right,-0.1327592,0.6759348,0.4537039,-0.1852695,0.5115165,0.7357036,-0.1867142,0.6455104,0.444757,-0.1999589,0.4822544,0.6931976,-0.1065222,1.160217,0.7146639,-0.2195645,0.2813134,1.090033,False,0,1,7
6/25/2025 12:12:48 PM,1750846368088,Right,-0.1296055,0.6760823,0.4382107,-0.1819587,0.5048411,0.714581,-0.1851157,0.6465748,0.4303589,-0.1965465,0.4790756,0.6746278,-0.1067826,1.156025,0.7156154,-0.2132954,0.2696217,1.068491,False,0,1,7
6/25/2025 12:12:48 PM,1750846368102,Right,-0.1289048,0.6789804,0.4275922,-0.1781002,0.5017161,0.7015838,-0.1838378,0.6469164,0.422142,-0.1941693,0.476442,0.665113,-0.1064042,1.153697,0.7156842,-0.2092377,0.2630738,1.056271,False,0,1,7
6/25/2025 12:12:48 PM,1750846368130,Right,-0.1258844,0.6809849,0.4044426,-0.1721288,0.493815,0.6718155,-0.1809967,0.6487392,0.4023666,-0.1893731,0.472298,0.6410007,-0.1050421,1.148758,0.7165569,-0.2015345,0.2491664,1.026882,False,0,1,7
6/25/2025 12:12:48 PM,1750846368143,Right,-0.1239877,0.6822482,0.3924614,-0.1695963,0.4896356,0.6566267,-0.1796295,0.6500562,0.3919115,-0.1868984,0.4705569,0.6285037,-0.1038874,1.14639,0.7173848,-0.1973849,0.2427465,1.011495,False,0,1,7
6/25/2025 12:12:48 PM,1750846368171,Right,-0.1195743,0.6867722,0.3652849,-0.1618251,0.4834998,0.6210707,-0.174894,0.6530529,0.3676811,-0.1801598,0.4666695,0.598206,-0.1015018,1.141101,0.7183048,-0.1872329,0.2267369,0.9744781,False,0,1,7
6/25/2025 12:12:48 PM,1750846368184,Right,-0.1164889,0.6881757,0.3496127,-0.1576698,0.4803578,0.6011667,-0.1718103,0.6552565,0.3540736,-0.1761452,0.4652961,0.5810452,-0.1003104,1.138233,0.7183707,-0.1814965,0.2186879,0.9535853,False,0,1,7
6/25/2025 12:12:48 PM,1750846368198,Right,-0.1127222,0.6906127,0.3332858,-0.1527888,0.4785321,0.5796363,-0.1689055,0.6566696,0.3404238,-0.1721372,0.4636939,0.5632642,-0.09893453,1.135167,0.7184538,-0.1757869,0.2100459,0.9325218,False,0,1,7
6/25/2025 12:12:48 PM,1750846368227,Right,-0.1035628,0.6998953,0.2991779,-0.1429569,0.4770617,0.5367573,-0.1626735,0.6612357,0.3110274,-0.1644853,0.4620601,0.5290191,-0.09582245,1.128457,0.7186699,-0.1655928,0.1989813,0.8910382,False,0,1,7
6/25/2025 12:12:48 PM,1750846368240,Right,-0.097791,0.7037432,0.2803523,-0.1379809,0.4775378,0.5139231,-0.1590021,0.6656667,0.295776,-0.159927,0.4632588,0.5102028,-0.09401274,1.124758,0.7185063,-0.1592226,0.1940317,0.8681923,False,0,1,7
6/25/2025 12:12:48 PM,1750846368268,Right,-0.08882646,0.7152187,0.2430875,-0.1277871,0.4825348,0.4687757,-0.150966,0.6736603,0.2625555,-0.1505448,0.4664094,0.470878,-0.08998668,1.117835,0.7172916,-0.1468464,0.187136,0.8223565,False,0,1,7
6/25/2025 12:12:48 PM,1750846368282,Right,-0.0849437,0.7217574,0.223721,-0.1231773,0.4860909,0.4457997,-0.1480787,0.6789087,0.2456765,-0.1468347,0.4696615,0.4514444,-0.08804047,1.114657,0.7162902,-0.141155,0.1862546,0.8000628,False,0,1,7
6/25/2025 12:12:48 PM,1750846368309,Right,-0.07697722,0.7361599,0.1872783,-0.117372,0.4926496,0.4001266,-0.1396692,0.6919359,0.2151299,-0.1373236,0.4781356,0.4159674,-0.08389199,1.108525,0.7142237,-0.1288872,0.1866981,0.7580099,False,0,1,7
6/25/2025 12:12:48 PM,1750846368324,Right,-0.07397465,0.7439269,0.1692778,-0.1158788,0.4965249,0.3765901,-0.1384413,0.6998563,0.2001081,-0.1348181,0.4841737,0.3983263,-0.08145881,1.105919,0.7132677,-0.1241422,0.1887454,0.7373803,False,0,1,7
6/25/2025 12:12:48 PM,1750846368337,Right,-0.07210473,0.7517613,0.1521078,-0.1153869,0.5006995,0.3534048,-0.1369145,0.7071371,0.1852371,-0.1322879,0.4899103,0.3806921,-0.0786978,1.103585,0.7122287,-0.1198254,0.1904196,0.717037,False,0,1,7
6/25/2025 12:12:48 PM,1750846368365,Right,-0.07016989,0.7669714,0.1213118,-0.1172201,0.5099999,0.3079566,-0.1352258,0.7192273,0.158669,-0.128033,0.5019783,0.3491985,-0.07378447,1.099908,0.7101554,-0.1110934,0.1959059,0.6836951,False,0,1,7
6/25/2025 12:12:48 PM,1750846368380,Right,-0.06911324,0.7743695,0.1063319,-0.1172787,0.5101596,0.3072385,-0.1344831,0.7254047,0.1461069,-0.12628,0.497545,0.3426285,-0.07159913,1.098585,0.7093689,-0.1083827,0.197787,0.6667204,False,0,1,7
6/25/2025 12:12:48 PM,1750846368407,Right,-0.06678756,0.7860439,0.08237006,-0.1172787,0.5101596,0.3072385,-0.1300029,0.7364627,0.1253649,-0.1199417,0.4888048,0.3320268,-0.06689394,1.096414,0.7078049,-0.1001253,0.2004708,0.6371462,False,0,1,7
6/25/2025 12:12:48 PM,1750846368420,Right,-0.06513608,0.7910666,0.07205914,-0.1172787,0.5101596,0.3072385,-0.1289483,0.7406927,0.1163827,-0.1179062,0.483882,0.3271657,-0.06481493,1.095469,0.7068151,-0.09711619,0.200579,0.6236933,False,0,1,7
6/25/2025 12:12:48 PM,1750846368449,Right,-0.06368318,0.7961794,0.06043395,-0.08461864,0.5426709,0.2721446,-0.1269674,0.7446263,0.1070852,-0.1169703,0.5152428,0.2961661,-0.0618366,1.09501,0.7045984,-0.09420723,0.2055456,0.6154344,False,0,1,7
6/25/2025 12:12:48 PM,1750846368463,Right,-0.06222619,0.7962471,0.05793696,-0.0837769,0.542406,0.2673558,-0.1257622,0.7454765,0.1033719,-0.1157101,0.5148308,0.2934931,-0.06061184,1.095253,0.7034644,-0.09300208,0.2063957,0.611721,False,0,1,7
6/25/2025 12:12:48 PM,1750846368490,Right,-0.05877616,0.7921633,0.05792639,-0.08134726,0.5392143,0.2687348,-0.1231553,0.7416562,0.1043068,-0.1135197,0.5137702,0.2945675,-0.05817676,1.096454,0.7012135,-0.09127063,0.2057478,0.6160545,False,0,1,7
6/25/2025 12:12:48 PM,1750846368504,Right,-0.05671481,0.7883573,0.05992095,-0.08005228,0.5363576,0.2717152,-0.1215355,0.7383995,0.1060837,-0.1119007,0.5105346,0.2963267,-0.05733991,1.097539,0.7004158,-0.08965076,0.202491,0.6178313,False,0,1,7
6/25/2025 12:12:48 PM,1750846368518,Right,-0.05463926,0.7813314,0.06548221,-0.08050442,0.5310143,0.2788506,-0.1204481,0.7344044,0.1097955,-0.111082,0.5069715,0.3004521,-0.0567975,1.09883,0.6997296,-0.08923712,0.1995011,0.622635,False,0,1,7
6/25/2025 12:12:48 PM,1750846368546,Right,-0.05139857,0.763988,0.08105008,-0.08036954,0.5189402,0.2976029,-0.1191355,0.7237131,0.1202599,-0.1108896,0.4992502,0.3122971,-0.05587137,1.10139,0.6987187,-0.09069151,0.1939093,0.6385253,False,0,1,7
6/25/2025 12:12:48 PM,1750846368560,Right,-0.05082867,0.7520216,0.09362139,-0.08158509,0.5089892,0.3114824,-0.1185168,0.717222,0.1270938,-0.1109982,0.4946305,0.3206635,-0.05573869,1.102632,0.6982902,-0.09188806,0.1915703,0.6496656,False,0,1,7
6/25/2025 12:12:48 PM,1750846368588,Right,-0.04981039,0.7273479,0.1222715,-0.08179488,0.4865859,0.3483385,-0.1172763,0.7020142,0.1443011,-0.1112805,0.4812891,0.345199,-0.05580819,1.104609,0.6971501,-0.09505901,0.1882622,0.6787778,False,0,1,7
6/25/2025 12:12:48 PM,1750846368602,Right,-0.05005868,0.7139298,0.1412443,-0.07978163,0.4750106,0.3710003,-0.117029,0.6936723,0.1552216,-0.1115686,0.4752959,0.3600297,-0.0557847,1.105111,0.6965787,-0.09670161,0.1879776,0.6974022,False,0,1,7
6/25/2025 12:12:48 PM,1750846368629,Right,-0.05230968,0.6885397,0.1829966,-0.08328491,0.4577328,0.415334,-0.1190323,0.6752984,0.1804979,-0.1123264,0.4643772,0.3882221,-0.05581176,1.104861,0.6948086,-0.09673097,0.1831515,0.7349293,True,0,1,8
6/25/2025 12:12:48 PM,1750846368643,Right,-0.05494141,0.6763424,0.2076953,-0.08161502,0.4477696,0.4446457,-0.119319,0.6718903,0.1858912,-0.1125665,0.4728174,0.3837404,-0.05592239,1.104164,0.6942281,-0.09622189,0.1823105,0.7425583,True,0,1,8
6/25/2025 12:12:48 PM,1750846368670,Right,-0.05974241,0.6557147,0.2576278,-0.08836855,0.4337856,0.4977272,-0.1203266,0.6634644,0.2002539,-0.1125294,0.4685686,0.3997906,-0.05585802,1.102297,0.6930132,-0.09492178,0.1823007,0.7641122,True,0,1,8
6/25/2025 12:12:48 PM,1750846368685,Right,-0.0638203,0.6474287,0.2838341,-0.08859681,0.4302217,0.5272803,-0.1210779,0.6588824,0.2088183,-0.1125332,0.4665381,0.4095851,-0.05545747,1.100412,0.6923724,-0.09369898,0.1832404,0.7772505,True,0,1,8
6/25/2025 12:12:48 PM,1750846368699,Right,-0.0672415,0.6407741,0.3087705,-0.08785524,0.4276018,0.556443,-0.1219141,0.6539826,0.2190654,-0.1124304,0.4639599,0.4222047,-0.05507529,1.098433,0.6920084,-0.09189323,0.1852124,0.7930458,True,0,1,8
6/25/2025 12:12:48 PM,1750846368727,Right,-0.07433277,0.6305614,0.3564087,-0.08871521,0.4259169,0.6113657,-0.1242277,0.6437053,0.242471,-0.1121622,0.4596403,0.4506648,-0.05507791,1.095782,0.6905497,-0.0868636,0.1914231,0.8291095,True,0,1,8
6/25/2025 12:12:48 PM,1750846368741,Right,-0.07731361,0.6274948,0.3780357,-0.08956848,0.4274452,0.6373955,-0.125562,0.6384137,0.2558855,-0.1120479,0.4575959,0.4673954,-0.05526125,1.094773,0.6899664,-0.08386487,0.1960559,0.849755,True,0,1,8
6/25/2025 12:12:48 PM,1750846368768,Right,-0.08197608,0.6233152,0.4169649,-0.08999906,0.4344689,0.6857693,-0.128646,0.627696,0.287461,-0.1122088,0.4540818,0.50561,-0.05574262,1.094086,0.6895494,-0.07828139,0.2066931,0.8960003,True,0,1,8
6/25/2025 12:12:48 PM,1750846368782,Right,-0.08387864,0.6219054,0.4343973,-0.08944778,0.4393014,0.7078837,-0.1304444,0.6227279,0.3041175,-0.1125755,0.4522487,0.5249228,-0.05638278,1.095168,0.6898855,-0.07627016,0.2108879,0.918571,True,0,1,8
6/25/2025 12:12:48 PM,1750846368810,Right,-0.08827562,0.6200626,0.4654103,-0.09167054,0.451097,0.7456728,-0.1351342,0.6128965,0.3426507,-0.1145375,0.448965,0.5664721,-0.05823421,1.098706,0.6910965,-0.07391301,0.2171246,0.9669235,True,0,1,8
6/25/2025 12:12:48 PM,1750846368824,Right,-0.09239031,0.6204725,0.4796627,-0.09146129,0.4576207,0.7635316,-0.1379221,0.6083572,0.3627848,-0.115787,0.4476678,0.5887739,-0.0597086,1.101713,0.6924958,-0.07312614,0.2216287,0.9923424,True,0,1,8
6/25/2025 12:12:48 PM,1750846368837,Right,-0.09608287,0.6205908,0.4921678,-0.09156922,0.4635411,0.7798145,-0.1412106,0.6038021,0.3854392,-0.1175653,0.4459775,0.6138115,-0.06132233,1.104383,0.6942997,-0.07308314,0.2257636,1.019904,True,0,1,8
6/25/2025 12:12:48 PM,1750846368866,Right,-0.1025788,0.6222082,0.5137325,-0.09228859,0.4755031,0.8062245,-0.148947,0.5960065,0.432808,-0.1222633,0.4436833,0.6641584,-0.06546915,1.110757,0.6986703,-0.0741283,0.2327833,1.075125,True,0,1,8
6/25/2025 12:12:48 PM,1750846368880,Right,-0.1068246,0.6223464,0.5223436,-0.09256985,0.4815711,0.8166997,-0.1534586,0.5930492,0.4582091,-0.1255752,0.4435526,0.6905898,-0.06801116,1.114171,0.7006519,-0.07570721,0.2368423,1.104097,True,0,1,8
6/25/2025 12:12:48 PM,1750846368907,Right,-0.110823,0.6234885,0.5350149,-0.0937671,0.4926541,0.8333255,-0.1655071,0.589161,0.5129609,-0.1352829,0.4441256,0.7473273,-0.0734607,1.121138,0.7041285,-0.0815568,0.2446871,1.164413,True,0,1,8
6/25/2025 12:12:48 PM,1750846368921,Right,-0.1122619,0.623727,0.54037,-0.09448249,0.4982743,0.8403244,-0.1722744,0.5895544,0.5352243,-0.1411168,0.447025,0.7704487,-0.07633018,1.124052,0.7058992,-0.08565184,0.2513708,1.189616,True,0,1,8
6/25/2025 12:12:48 PM,1750846368949,Right,-0.1124312,0.6259195,0.5462959,-0.09589199,0.5091971,0.847865,-0.1742239,0.5922515,0.5405369,-0.1427608,0.4535045,0.7761808,-0.08268178,1.130249,0.7092742,-0.08629376,0.2624336,1.199011,True,0,1,8
6/25/2025 12:12:48 PM,1750846368963,Right,-0.1125188,0.6268952,0.5489733,-0.09700468,0.5149544,0.8518121,-0.1749344,0.5935425,0.5430169,-0.143301,0.4567665,0.7794897,-0.08622921,1.132966,0.7106938,-0.08670934,0.2688744,1.204006,True,0,1,8
6/25/2025 12:12:48 PM,1750846368991,Right,-0.1123949,0.630876,0.5533453,-0.1004495,0.5259549,0.8579196,-0.1750023,0.5964621,0.5453842,-0.1455323,0.4634245,0.7831348,-0.09371865,1.137692,0.713277,-0.09354664,0.2809051,1.211634,True,0,1,8
6/25/2025 12:12:49 PM,1750846369005,Right,-0.1124057,0.6338251,0.5552195,-0.1006373,0.5320411,0.8625877,-0.1755129,0.5980533,0.5464699,-0.1465322,0.4668288,0.785997,-0.09758246,1.139779,0.7138491,-0.09638352,0.2883852,1.215756,True,0,1,8
6/25/2025 12:12:49 PM,1750846369018,Right,-0.1124382,0.6365829,0.5571026,-0.1029317,0.5382112,0.8658689,-0.1763365,0.5996581,0.5470221,-0.1489355,0.4699031,0.7885506,-0.1018313,1.142072,0.7143314,-0.1027785,0.2952302,1.219341,True,0,1,8
6/25/2025 12:12:49 PM,1750846369046,Right,-0.1159743,0.6387745,0.5619954,-0.1108575,0.5510167,0.8705614,-0.1780915,0.6031212,0.5478689,-0.1547281,0.4773456,0.7888036,-0.1103822,1.146454,0.7147517,-0.117208,0.3060989,1.224752,True,0,1,8
6/25/2025 12:12:49 PM,1750846369060,Right,-0.1135413,0.6441048,0.5630289,-0.1160066,0.5572464,0.8735152,-0.1783845,0.6049305,0.5479953,-0.1570533,0.4800222,0.7909918,-0.1143495,1.148766,0.7148961,-0.1246488,0.3118481,1.227197,True,0,1,8
6/25/2025 12:12:49 PM,1750846369088,Right,-0.1152747,0.6507201,0.5663075,-0.1302688,0.5686578,0.878251,-0.1788332,0.6083913,0.5480821,-0.1633662,0.4865622,0.7935259,-0.1218712,1.153521,0.714695,-0.1435814,0.3241552,1.232237,True,0,1,8
6/25/2025 12:12:49 PM,1750846369102,Right,-0.118755,0.6512902,0.5689617,-0.1398327,0.5741221,0.8821171,-0.1800186,0.61068,0.5484444,-0.1683251,0.490315,0.795085,-0.12526,1.155983,0.7141128,-0.1561169,0.3306957,1.234839,True,0,1,8
6/25/2025 12:12:49 PM,1750846369130,Right,-0.1252183,0.6552957,0.5747363,-0.1620652,0.5862824,0.8869532,-0.1842865,0.6149307,0.5497663,-0.1821235,0.4981814,0.7972025,-0.1318918,1.161048,0.7125326,-0.1885492,0.3434177,1.239957,True,0,1,8
6/25/2025 12:12:49 PM,1750846369144,Right,-0.129575,0.6584092,0.5779409,-0.1761745,0.5928385,0.8895556,-0.1878482,0.6163853,0.5507175,-0.1911404,0.5013746,0.7988935,-0.1349815,1.163674,0.7114133,-0.2081676,0.3494868,1.24242,True,0,1,8
6/25/2025 12:12:49 PM,1750846369171,Right,-0.1412742,0.6641975,0.5816552,-0.2059135,0.606123,0.8937739,-0.1938806,0.6210319,0.5529231,-0.2090505,0.5089698,0.8039508,-0.141023,1.16938,0.7087349,-0.2484377,0.3640296,1.246518,True,0,1,8
6/25/2025 12:12:49 PM,1750846369185,Right,-0.1481842,0.6678048,0.5844413,-0.2233188,0.6141187,0.8950891,-0.1982082,0.6238498,0.5539973,-0.2196532,0.5127954,0.8051143,-0.1435348,1.172181,0.7070115,-0.2707625,0.3695605,1.246942,True,0,1,8
6/25/2025 12:12:49 PM,1750846369199,Right,-0.1556545,0.6730938,0.588263,-0.2427716,0.6206624,0.8962883,-0.2041274,0.6265887,0.5554025,-0.2326273,0.5166078,0.8065647,-0.1460602,1.175014,0.7050494,-0.296762,0.3753509,1.247066,True,0,1,8
6/25/2025 12:12:49 PM,1750846369227,Right,-0.172556,0.6860358,0.5976261,-0.2846516,0.6338277,0.8971714,-0.2172071,0.632578,0.5588672,-0.2594004,0.5244371,0.8086269,-0.1504897,1.180845,0.7008512,-0.34874,0.3858103,1.245821,True,0,1,8
6/25/2025 12:12:49 PM,1750846369240,Right,-0.1832975,0.6928737,0.6018736,-0.3092886,0.6402602,0.8957082,-0.224016,0.6366836,0.560763,-0.2736978,0.5290712,0.8093172,-0.1523877,1.183875,0.6985455,-0.3767047,0.3911452,1.243769,True,0,1,8
6/25/2025 12:12:49 PM,1750846369268,Right,-0.2046454,0.7058178,0.6097316,-0.3591741,0.6524894,0.8884929,-0.2378588,0.6440253,0.563869,-0.303507,0.5377737,0.8084701,-0.1553696,1.189891,0.6933951,-0.4362045,0.400981,1.235947,True,0,1,8
6/25/2025 12:12:49 PM,1750846369282,Right,-0.2145403,0.7143911,0.6138578,-0.3856924,0.6602544,0.8854717,-0.2453684,0.6495354,0.5662332,-0.319953,0.5430309,0.8103878,-0.1564393,1.193026,0.690863,-0.4674752,0.4076229,1.23125,True,0,1,8
6/25/2025 12:12:49 PM,1750846369310,Right,-0.2393076,0.7290391,0.6218398,-0.4404565,0.6734286,0.8750007,-0.2625056,0.6596534,0.5701504,-0.356667,0.5528623,0.8097905,-0.158234,1.199343,0.6858865,-0.5374517,0.4185074,1.215405,True,0,1,8
6/25/2025 12:12:49 PM,1750846369324,Right,-0.2531416,0.737972,0.6251483,-0.4693987,0.6815486,0.8670581,-0.2714312,0.6633062,0.572225,-0.3755198,0.5566305,0.8090414,-0.1587825,1.202642,0.6838263,-0.5727668,0.4232024,1.205981,True,0,1,8
6/25/2025 12:12:49 PM,1750846369338,Right,-0.2675953,0.7462674,0.627956,-0.4981836,0.6910362,0.8573797,-0.2807415,0.6688956,0.5746067,-0.3956926,0.5619072,0.8077707,-0.159351,1.205981,0.6816288,-0.6105853,0.4288048,1.194009,True,0,1,8
6/25/2025 12:12:49 PM,1750846369365,Right,-0.2991097,0.7646087,0.6315156,-0.5555713,0.7094997,0.8339819,-0.3000212,0.6813111,0.5776412,-0.4360546,0.57429,0.7997081,-0.1604551,1.212849,0.6764001,-0.6869701,0.4404356,1.162748,True,0,1,8
6/25/2025 12:12:49 PM,1750846369380,Right,-0.3170445,0.7756765,0.6311148,-0.5845242,0.7201663,0.8190423,-0.3107304,0.6884264,0.5789776,-0.4577492,0.5803642,0.7946429,-0.1608607,1.216341,0.6739216,-0.7263222,0.4449855,1.142999,True,0,1,8
6/25/2025 12:12:49 PM,1750846369408,Right,-0.3538896,0.7967114,0.6238281,-0.6396547,0.742256,0.7850604,-0.3331458,0.7077215,0.5809391,-0.5011158,0.5966607,0.7792365,-0.1615868,1.223028,0.6694351,-0.8053486,0.4544691,1.093763,True,0,1,8
6/25/2025 12:12:49 PM,1750846369421,Right,-0.3707592,0.808154,0.6194366,-0.6662064,0.7534485,0.7648353,-0.3462865,0.716614,0.5806825,-0.523966,0.6032734,0.7712356,-0.1620544,1.226191,0.6671801,-0.8422514,0.4575948,1.067538,True,0,1,8
6/25/2025 12:12:49 PM,1750846369449,Right,-0.4026824,0.8286384,0.6077268,-0.7151735,0.7758546,0.7206261,-0.3683892,0.7290092,0.5776027,-0.5658001,0.6154934,0.7503501,-0.1626935,1.232397,0.6626016,-0.9130546,0.4682375,1.008228,True,0,1,8
6/25/2025 12:12:49 PM,1750846369463,Right,-0.4179015,0.8395144,0.5991665,-0.739,0.7893898,0.6960746,-0.379764,0.7361011,0.5750279,-0.5869642,0.6200359,0.7379956,-0.1630298,1.235502,0.660339,-0.9455499,0.4689564,0.9732992,True,0,1,8
6/25/2025 12:12:49 PM,1750846369491,Right,-0.4463915,0.857986,0.5795075,-0.7796007,0.8111436,0.643875,-0.4023966,0.7521969,0.5675029,-0.6290764,0.6365038,0.7087387,-0.1638271,1.241605,0.6557931,-1.01006,0.4839842,0.8975139,True,0,1,8
6/25/2025 12:12:49 PM,1750846369505,Right,-0.4600096,0.8667111,0.5689449,-0.7964744,0.8236331,0.6148389,-0.4135569,0.7575154,0.5623325,-0.6452332,0.6381579,0.692798,-0.1641955,1.244695,0.6535976,-1.031928,0.4768406,0.8605589,True,0,1,8
6/25/2025 12:12:49 PM,1750846369518,Right,-0.472366,0.8741816,0.5579316,-0.8126029,0.8375118,0.5858557,-0.4238504,0.7633425,0.5580373,-0.662294,0.6443665,0.6767619,-0.1644126,1.247637,0.6514461,-1.056459,0.4800592,0.8219647,True,0,1,8
6/25/2025 12:12:49 PM,1750846369546,Right,-0.4923443,0.8872153,0.5346923,-0.8361176,0.8508401,0.5246164,-0.4434726,0.7756577,0.5471967,-0.6906518,0.6518664,0.6419573,-0.1648865,1.253419,0.6475846,-1.090952,0.471473,0.7430075,True,0,1,8
6/25/2025 12:12:49 PM,1750846369560,Right,-0.5015204,0.8928974,0.5223461,-0.8479352,0.8545461,0.4934423,-0.4528317,0.7816518,0.5395744,-0.7094145,0.6575573,0.6232461,-0.1652757,1.256147,0.6456385,-1.109289,0.4766656,0.7012748,True,0,1,8
6/25/2025 12:12:49 PM,1750846369588,Right,-0.5155843,0.9013228,0.4976914,-0.8619555,0.8643447,0.4381833,-0.4694941,0.7896193,0.5245211,-0.7352757,0.6622126,0.5817125,-0.1660708,1.261109,0.6419938,-1.131917,0.4689313,0.6164756,True,0,1,8
6/25/2025 12:12:49 PM,1750846369601,Right,-0.5222672,0.9054391,0.4864692,-0.8638671,0.8712838,0.4123448,-0.4765744,0.7948015,0.515776,-0.7420468,0.6650401,0.5579905,-0.1665503,1.263384,0.640397,-1.136434,0.4608474,0.5719877,True,0,1,8
6/25/2025 12:12:49 PM,1750846369629,Right,-0.5319856,0.910443,0.463503,-0.8668976,0.8803352,0.3633909,-0.4893396,0.8016244,0.4992083,-0.7535193,0.6645789,0.5177621,-0.1677237,1.26734,0.6377076,-1.135638,0.4377706,0.5022504,True,0,1,8
6/25/2025 12:12:49 PM,1750846369643,Right,-0.5355726,0.9116422,0.450399,-0.8662602,0.8832651,0.3403111,-0.4944838,0.8057075,0.4918663,-0.7565721,0.6656944,0.4990711,-0.1684269,1.268805,0.6366837,-1.134284,0.4312336,0.4689598,False,0,1,8
6/25/2025 12:12:49 PM,1750846369657,Right,-0.5384474,0.9129186,0.4406898,-0.8645146,0.8854523,0.319071,-0.503599,0.8120508,0.4882319,-0.7840007,0.6703867,0.4841084,-0.1690354,1.269994,0.6355362,-1.150479,0.4527422,0.4377938,False,0,1,8
6/25/2025 12:12:49 PM,1750846369685,Right,-0.5434283,0.9167426,0.4225939,-0.8590808,0.8878731,0.2798911,-0.5183059,0.8239396,0.469979,-0.7986398,0.6887332,0.4380897,-0.1699964,1.271973,0.6328442,-1.164477,0.4784361,0.3551327,False,0,1,8
6/25/2025 12:12:49 PM,1750846369699,Right,-0.5442045,0.9172543,0.414085,-0.8546614,0.886907,0.2629604,-0.5227611,0.826236,0.4584724,-0.8004969,0.6918609,0.4122223,-0.1705794,1.27253,0.6314156,-1.162488,0.4812439,0.3107232,False,0,1,8
6/25/2025 12:12:49 PM,1750846369727,Right,-0.5444713,0.9165459,0.3984724,-0.8461859,0.8844518,0.2316772,-0.5249416,0.8268317,0.4450936,-0.7922298,0.6864787,0.3678133,-0.171362,1.272982,0.6287493,-1.135163,0.4651328,0.2285208,False,0,1,8
6/25/2025 12:12:49 PM,1750846369741,Right,-0.5436183,0.9157609,0.3929504,-0.8411443,0.8814243,0.2207571,-0.5247349,0.8260712,0.4396207,-0.7872306,0.6831174,0.3537793,-0.1714932,1.272884,0.6275959,-1.123078,0.4554962,0.2056127,False,0,1,8
6/25/2025 12:12:49 PM,1750846369768,Right,-0.5409712,0.9128083,0.3852127,-0.8316202,0.8745577,0.2047719,-0.5230536,0.8234966,0.4319135,-0.7776014,0.6740292,0.3377267,-0.171098,1.271876,0.6255375,-1.102773,0.4360074,0.1791726,False,0,1,8
6/25/2025 12:12:49 PM,1750846369782,Right,-0.5389284,0.9102262,0.3831713,-0.8271809,0.8698426,0.1997529,-0.5211025,0.8210962,0.4295846,-0.7739004,0.670746,0.3327577,-0.1708009,1.271197,0.6244483,-1.096658,0.4317966,0.1701957,False,0,1,8
6/25/2025 12:12:49 PM,1750846369810,Right,-0.5344008,0.903788,0.3818319,-0.8186718,0.8606341,0.1949985,-0.5162328,0.8150517,0.4274554,-0.7639021,0.6604971,0.327294,-0.1695992,1.269372,0.6219348,-1.080472,0.4147165,0.1601251,False,0,1,8
6/25/2025 12:12:49 PM,1750846369824,Right,-0.5314397,0.8993971,0.3829812,-0.815011,0.8553799,0.1963823,-0.5126249,0.8109181,0.4277352,-0.7607607,0.6572265,0.3290581,-0.1687257,1.268383,0.6205291,-1.079274,0.4122559,0.1630133,False,0,1,8
6/25/2025 12:12:49 PM,1750846369838,Right,-0.5284534,0.8950937,0.3844497,-0.81157,0.8505055,0.198037,-0.5095009,0.8071816,0.4290449,-0.7558406,0.6519178,0.3294842,-0.1676412,1.267433,0.6193535,-1.072168,0.4040878,0.1625461,False,0,1,8
6/25/2025 12:12:49 PM,1750846369865,Right,-0.5206296,0.884292,0.3911153,-0.806541,0.8405541,0.2102185,-0.501335,0.7983996,0.4347152,-0.7493545,0.6447087,0.3390589,-0.1646404,1.265199,0.6170044,-1.06999,0.3986122,0.1760606,False,0,1,8
6/25/2025 12:12:49 PM,1750846369879,Right,-0.5162748,0.8787618,0.3955527,-0.8046166,0.8352978,0.2188359,-0.4964048,0.7935565,0.4378723,-0.7449421,0.6393709,0.3448642,-0.1629289,1.263972,0.6158978,-1.066776,0.3921815,0.1855335,False,0,1,8
6/25/2025 12:12:49 PM,1750846369907,Right,-0.507083,0.8673337,0.4055644,-0.8007426,0.8243318,0.2388508,-0.4854073,0.783756,0.4467387,-0.7373208,0.6325732,0.3598616,-0.1590573,1.261271,0.6134576,-1.066043,0.3889594,0.2077878,False,0,1,8
6/25/2025 12:12:49 PM,1750846369921,Right,-0.501922,0.8613423,0.4112085,-0.7991952,0.8181745,0.2503316,-0.4792769,0.7790238,0.4513946,-0.7335093,0.628976,0.3683539,-0.1568619,1.260104,0.612087,-1.065585,0.3874432,0.2211602,False,0,1,8
6/25/2025 12:12:49 PM,1750846369949,Right,-0.4904652,0.8477993,0.4238589,-0.7953839,0.8069226,0.2787875,-0.4648212,0.7668128,0.4601637,-0.7237123,0.6208466,0.3868352,-0.1522635,1.258033,0.6094675,-1.065257,0.3848538,0.2511562,False,0,1,8
6/25/2025 12:12:49 PM,1750846369963,Right,-0.4843727,0.8412291,0.431949,-0.7927024,0.800912,0.2946915,-0.4568981,0.7601572,0.4646925,-0.7186729,0.6162472,0.3969511,-0.1499125,1.257111,0.608326,-1.064976,0.3836786,0.2682098,False,0,1,8
6/25/2025 12:12:49 PM,1750846369991,Right,-0.4708662,0.829093,0.4458919,-0.7856539,0.7890292,0.3280748,-0.4395303,0.7441446,0.4723574,-0.7057235,0.6062211,0.4181717,-0.1446282,1.255067,0.6071601,-1.064447,0.3812676,0.3053242,False,0,1,8
6/25/2025 12:12:50 PM,1750846370005,Right,-0.4621662,0.8213727,0.4523556,-0.7814277,0.7822626,0.3459026,-0.4303194,0.7373567,0.4773943,-0.6995676,0.6021513,0.4305876,-0.1418481,1.254035,0.6065241,-1.063725,0.3820266,0.3269365,False,0,1,8
6/25/2025 12:12:50 PM,1750846370018,Right,-0.4529407,0.8151011,0.4576546,-0.7756495,0.7759852,0.3645353,-0.419689,0.7332856,0.4822654,-0.6912156,0.6013194,0.4439772,-0.1390623,1.252915,0.605854,-1.061754,0.3860809,0.3507319,False,0,1,8
6/25/2025 12:12:50 PM,1750846370046,Right,-0.4319294,0.801326,0.4679092,-0.7614552,0.7638905,0.4030085,-0.3974838,0.7233829,0.4902486,-0.6736663,0.5975702,0.4711321,-0.1339694,1.250701,0.6044054,-1.055777,0.3932729,0.4020597,False,0,1,8
6/25/2025 12:12:50 PM,1750846370060,Right,-0.4198654,0.7941602,0.4714936,-0.7519869,0.7576372,0.423191,-0.3852403,0.7171914,0.4920715,-0.663061,0.5946221,0.4833657,-0.131591,1.249412,0.6038527,-1.05073,0.3961414,0.4276463,False,0,1,8
6/25/2025 12:12:50 PM,1750846370088,Right,-0.3952084,0.7822993,0.4777549,-0.7303897,0.7453423,0.4622556,-0.359466,0.706861,0.4931814,-0.6397521,0.5907232,0.5076008,-0.1270807,1.247,0.6032379,-1.036885,0.4050567,0.4823249,False,0,1,8
6/25/2025 12:12:50 PM,1750846370102,Right,-0.3808139,0.7772127,0.4791338,-0.7172657,0.7376377,0.4818415,-0.3459967,0.7013033,0.4900976,-0.6277019,0.5880579,0.5168438,-0.1247925,1.245829,0.6031922,-1.027673,0.4095895,0.507984,False,0,1,8
6/25/2025 12:12:50 PM,1750846370129,Right,-0.3525188,0.7677138,0.4788592,-0.6865422,0.7217404,0.5194163,-0.3182535,0.6900138,0.4836843,-0.6000671,0.5829979,0.5381292,-0.1203965,1.243335,0.6037097,-1.003948,0.4198141,0.5668398,False,0,1,8
6/25/2025 12:12:50 PM,1750846370143,Right,-0.3375098,0.7625778,0.4781432,-0.6690472,0.7139266,0.5381963,-0.303738,0.6856581,0.4783341,-0.5833322,0.5815448,0.5474212,-0.118261,1.241965,0.6040995,-0.9880646,0.4253541,0.5968207,False,0,1,8
6/25/2025 12:12:50 PM,1750846370171,Right,-0.3067448,0.7523336,0.4729765,-0.6299378,0.6968876,0.572516,-0.2767782,0.6815504,0.4632497,-0.5501401,0.5813308,0.5644299,-0.1139358,1.238766,0.6050855,-0.9498382,0.4391955,0.6590927,False,0,1,8
6/25/2025 12:12:50 PM,1750846370185,Right,-0.2908261,0.7470219,0.4682192,-0.6068257,0.6875925,0.5871808,-0.2653825,0.6777297,0.4526213,-0.533,0.5786884,0.5695919,-0.1116902,1.237137,0.6055164,-0.9281815,0.4421736,0.6878042,False,0,1,8
6/25/2025 12:12:50 PM,1750846370199,Right,-0.2741935,0.7415636,0.4624301,-0.5784851,0.6788616,0.5970849,-0.2521365,0.6744346,0.441889,-0.5091813,0.5765116,0.5730999,-0.1095554,1.235458,0.6060014,-0.9007,0.442893,0.7173049,False,0,1,8
6/25/2025 12:12:50 PM,1750846370227,Right,-0.2415147,0.7326253,0.4492291,-0.5279669,0.6634159,0.617624,-0.2302493,0.6699321,0.4179312,-0.468276,0.5703928,0.5812455,-0.1051735,1.232089,0.6078967,-0.8382264,0.4441186,0.7777537,False,0,1,8
6/25/2025 12:12:50 PM,1750846370240,Right,-0.2262288,0.7278466,0.4376719,-0.4999157,0.6532704,0.6230441,-0.2208875,0.6676589,0.4028435,-0.4466622,0.5669641,0.5812594,-0.1026183,1.230362,0.6093304,-0.8024652,0.443449,0.8048354,False,0,1,8
6/25/2025 12:12:50 PM,1750846370268,Right,-0.1948383,0.7170407,0.4131214,-0.4411381,0.6323844,0.6270311,-0.2026465,0.6656643,0.3756762,-0.3984774,0.5604846,0.5818751,-0.09763038,1.226313,0.612519,-0.716256,0.4385616,0.8601654,False,0,1,8
6/25/2025 12:12:50 PM,1750846370283,Right,-0.1782141,0.7149499,0.3994853,-0.4107714,0.6219153,0.6244924,-0.1934393,0.6657795,0.3616881,-0.3725218,0.5568824,0.5803832,-0.09522605,1.224054,0.6142473,-0.6658496,0.4335421,0.8841768,False,0,1,8
6/25/2025 12:12:50 PM,1750846370310,Right,-0.148793,0.712487,0.3711729,-0.3523426,0.6049337,0.6149447,-0.1780459,0.6691869,0.3356753,-0.318412,0.5496702,0.574516,-0.09056437,1.218789,0.6174101,-0.5518006,0.4163355,0.9242955,False,0,1,8
6/25/2025 12:12:50 PM,1750846370324,Right,-0.1368402,0.7104768,0.3548967,-0.3240162,0.5962883,0.6058643,-0.1695534,0.6707169,0.3214158,-0.2889489,0.5451605,0.5661794,-0.08828664,1.215919,0.6188853,-0.4894466,0.4030224,0.9346923,False,0,1,8
6/25/2025 12:12:50 PM,1750846370338,Right,-0.1260098,0.7119206,0.3375387,-0.2956771,0.5893887,0.5946896,-0.1610799,0.6729276,0.3069015,-0.2606598,0.5394264,0.5559884,-0.08590221,1.212968,0.620593,-0.4310614,0.3851362,0.9349033,False,0,1,8
6/25/2025 12:12:50 PM,1750846370366,Right,-0.1046655,0.7152827,0.3031378,-0.2426535,0.5783003,0.5699487,-0.1479197,0.6793078,0.2796726,-0.2182912,0.5355692,0.5299385,-0.0806762,1.206562,0.6245095,-0.3435111,0.3631038,0.9214351,False,0,1,8
6/25/2025 12:12:50 PM,1750846370379,Right,-0.09492519,0.7179356,0.2852594,-0.2174197,0.5728601,0.5562786,-0.141802,0.6826621,0.2659804,-0.2043597,0.5341148,0.5162733,-0.07820094,1.20293,0.6265132,-0.3162991,0.3551186,0.9081377,False,0,1,8
6/25/2025 12:12:50 PM,1750846370407,Right,-0.08019899,0.7268759,0.2539352,-0.1738352,0.5667614,0.5253909,-0.1303949,0.6893386,0.2415466,-0.173887,0.5335666,0.4892754,-0.0737623,1.195366,0.6297643,-0.2555886,0.3409368,0.8842307,False,0,1,8
6/25/2025 12:12:50 PM,1750846370421,Right,-0.07296887,0.7317858,0.2377134,-0.1532605,0.5644151,0.5084599,-0.1250421,0.6929787,0.2289222,-0.1589118,0.5319932,0.4747087,-0.07174742,1.191606,0.6311239,-0.2251133,0.3309429,0.8684657,False,0,1,8
6/25/2025 12:12:50 PM,1750846370449,Right,-0.06215309,0.7406726,0.2062846,-0.1175705,0.5597859,0.4742418,-0.1176074,0.7002643,0.2042819,-0.1305392,0.5299008,0.4449795,-0.0675348,1.183965,0.633677,-0.1638424,0.3127302,0.8349798,False,0,1,8
6/25/2025 12:12:50 PM,1750846370463,Right,-0.05761237,0.7463156,0.1917951,-0.1022728,0.5577419,0.4570551,-0.1141464,0.704832,0.1934648,-0.1206955,0.5299312,0.4317563,-0.0657481,1.179976,0.6350149,-0.1433553,0.3062085,0.8182417,False,0,1,8
6/25/2025 12:12:50 PM,1750846370491,Right,-0.04930675,0.7580916,0.167988,-0.07597495,0.5539358,0.4250842,-0.1094229,0.7111983,0.1750977,-0.10337,0.5282588,0.4082068,-0.06243503,1.171365,0.6380109,-0.1042328,0.2928677,0.7875295,False,0,1,8
6/25/2025 12:12:50 PM,1750846370504,Right,-0.04459966,0.7631208,0.157176,-0.06507711,0.5520961,0.4102035,-0.1072181,0.714489,0.1665663,-0.09587113,0.5274025,0.3962847,-0.06053007,1.16644,0.6390469,-0.08777661,0.285468,0.7712671,False,0,1,8
6/25/2025 12:12:50 PM,1750846370518,Right,-0.03973799,0.7681673,0.1471126,-0.05469684,0.5497046,0.3961905,-0.106152,0.7158572,0.1592304,-0.08969011,0.5240374,0.3871932,-0.05943668,1.161661,0.6399759,-0.07355662,0.2775802,0.7566841,False,0,1,8
6/25/2025 12:12:50 PM,1750846370546,Right,-0.03570932,0.7741665,0.1329438,-0.03945927,0.5432878,0.3723524,-0.1041302,0.7188261,0.149117,-0.0795221,0.5190409,0.370619,-0.05685449,1.152093,0.6416879,-0.04987589,0.2613153,0.7303574,False,0,1,8
6/25/2025 12:12:50 PM,1750846370560,Right,-0.03503072,0.7743853,0.1292082,-0.03472453,0.538883,0.3633332,-0.1041132,0.7177939,0.1456207,-0.07631288,0.5151879,0.3635487,-0.0546155,1.147296,0.643098,-0.0411744,0.2521047,0.7194433,False,0,1,8
6/25/2025 12:12:50 PM,1750846370587,Right,-0.0335925,0.7722231,0.1269128,-0.02712373,0.5272298,0.3520288,-0.1027488,0.7165487,0.1455064,-0.07000186,0.5071112,0.3570454,-0.05034649,1.138091,0.6455826,-0.02619474,0.2340868,0.7036014,False,0,1,8
6/25/2025 12:12:50 PM,1750846370602,Right,-0.03447426,0.7689853,0.1302342,-0.02575076,0.5202933,0.3504605,-0.103017,0.7151674,0.1485771,-0.0689595,0.5031306,0.356716,-0.0485059,1.133619,0.6468623,-0.02239227,0.2251452,0.6994656,False,0,1,8
6/25/2025 12:12:50 PM,1750846370629,Right,-0.0370398,0.7603496,0.1418759,-0.02546565,0.5039831,0.353936,-0.1040798,0.709036,0.1577754,-0.06708015,0.4916846,0.360635,-0.04491866,1.125269,0.6498371,-0.01557098,0.2059906,0.6955594,False,0,1,8
6/25/2025 12:12:50 PM,1750846370643,Right,-0.03920845,0.7538185,0.1519542,-0.02618726,0.4945244,0.3608758,-0.1058053,0.7046323,0.1634494,-0.06737214,0.4853038,0.3643392,-0.04365647,1.121106,0.6514863,-0.01396991,0.1968619,0.6962116,False,0,1,8
6/25/2025 12:12:50 PM,1750846370671,Right,-0.04389736,0.7390865,0.1747904,-0.03000985,0.4757042,0.3787095,-0.1076786,0.6972739,0.1740939,-0.07241657,0.4885218,0.3624396,-0.04184592,1.11198,0.6547004,-0.01785491,0.1853694,0.7032307,True,0,1,9
6/25/2025 12:12:50 PM,1750846370685,Right,-0.04640821,0.7303418,0.1890923,-0.03366254,0.4653372,0.3922249,-0.108206,0.6943319,0.1784178,-0.07411598,0.4843457,0.3665639,-0.04064071,1.106805,0.6561135,-0.02125827,0.1803549,0.7060236,True,0,1,9
6/25/2025 12:12:50 PM,1750846370699,Right,-0.04946888,0.7210114,0.2050193,-0.03776599,0.4555041,0.4078072,-0.1089631,0.6907931,0.1837041,-0.0748565,0.4807042,0.3719421,-0.03977513,1.101391,0.6576049,-0.0215141,0.1768722,0.7112817,True,0,1,9
6/25/2025 12:12:50 PM,1750846370726,Right,-0.05631895,0.7012231,0.2387281,-0.04675796,0.4363909,0.4431671,-0.1112158,0.6819305,0.197272,-0.07827505,0.4713641,0.3856956,-0.04003525,1.091608,0.6598932,-0.02563045,0.1675232,0.7246811,True,0,1,9
6/25/2025 12:12:50 PM,1750846370741,Right,-0.06074393,0.6901944,0.2579722,-0.05294288,0.4267247,0.4668926,-0.1125093,0.6770388,0.2054935,-0.08048462,0.4660951,0.3956867,-0.04051578,1.086454,0.660413,-0.02895633,0.1644399,0.7349851,True,0,1,9
6/25/2025 12:12:50 PM,1750846370768,Right,-0.06657726,0.6679822,0.2963611,-0.06255115,0.4127058,0.5159529,-0.1157187,0.6655177,0.2257017,-0.08553636,0.45593,0.4182655,-0.04072797,1.076978,0.6611049,-0.03518655,0.157615,0.7601635,True,0,1,9
6/25/2025 12:12:50 PM,1750846370782,Right,-0.06802812,0.656634,0.3172275,-0.06595328,0.4085203,0.5439535,-0.1173928,0.6591255,0.2370567,-0.08799376,0.4514174,0.430995,-0.04064906,1.0727,0.6622517,-0.03783635,0.1554173,0.7756186,True,0,1,9
6/25/2025 12:12:50 PM,1750846370810,Right,-0.07079591,0.6350899,0.3599814,-0.07041487,0.4025254,0.6029629,-0.1204587,0.6447515,0.2635413,-0.09277732,0.4410805,0.4622081,-0.04041529,1.064753,0.6661918,-0.04411393,0.1525987,0.8131386,True,0,1,9
6/25/2025 12:12:50 PM,1750846370824,Right,-0.0721276,0.6248667,0.3824446,-0.07300887,0.4015887,0.6322231,-0.1219201,0.6368785,0.278166,-0.09505647,0.4366541,0.4788918,-0.04004633,1.0615,0.6680093,-0.04773369,0.1521599,0.8346229,True,0,1,9
6/25/2025 12:12:50 PM,1750846370838,Right,-0.0731101,0.616385,0.4053711,-0.07619474,0.4018907,0.6617183,-0.1232531,0.6283741,0.294089,-0.09725931,0.4313723,0.4978781,-0.03953266,1.058357,0.6697147,-0.05168436,0.1522868,0.8582867,True,0,1,9
6/25/2025 12:12:50 PM,1750846370866,Right,-0.0743787,0.6022699,0.4482798,-0.081753,0.4070662,0.7175839,-0.1260099,0.6107448,0.3293154,-0.1019745,0.4224715,0.538947,-0.04012239,1.053804,0.6721203,-0.06075029,0.1553661,0.9110985,True,0,1,9
6/25/2025 12:12:50 PM,1750846370880,Right,-0.07453556,0.5973564,0.4697282,-0.08551609,0.4110312,0.7457501,-0.1274514,0.6016556,0.3486784,-0.1043524,0.4175153,0.5625883,-0.0409627,1.052609,0.6739726,-0.06579876,0.1584373,0.9401652,True,0,1,9
6/25/2025 12:12:50 PM,1750846370907,Right,-0.08223832,0.5862855,0.5086415,-0.09639298,0.4242776,0.7961615,-0.1312395,0.583927,0.3916485,-0.1107431,0.4115381,0.6123278,-0.04363334,1.05319,0.6787295,-0.07824408,0.1689415,1.004085,True,0,1,9
6/25/2025 12:12:50 PM,1750846370921,Right,-0.08590397,0.58288,0.5285059,-0.1021067,0.4317107,0.8206772,-0.1335917,0.5758542,0.4144065,-0.1145789,0.4095753,0.6388486,-0.04522765,1.054434,0.6815481,-0.08536503,0.1764194,1.037485,True,0,1,9
6/25/2025 12:12:50 PM,1750846370949,Right,-0.09236371,0.5844425,0.5616701,-0.115664,0.4482208,0.8610929,-0.1396198,0.5614854,0.4661518,-0.12486,0.4081241,0.7002996,-0.04818141,1.060166,0.6901629,-0.1044591,0.1981884,1.111814,True,0,1,9
6/25/2025 12:12:50 PM,1750846370963,Right,-0.09568278,0.5866272,0.5770025,-0.1231228,0.4571396,0.8787891,-0.1431534,0.5560424,0.4928608,-0.131175,0.4096123,0.731506,-0.04904974,1.063567,0.6949079,-0.116254,0.2117054,1.149221,True,0,1,9
6/25/2025 12:12:50 PM,1750846370990,Right,-0.1009233,0.5945348,0.603678,-0.1383732,0.4740569,0.9091483,-0.1520065,0.5501019,0.5531683,-0.1472104,0.413933,0.7987911,-0.05175984,1.071982,0.7028093,-0.1468033,0.2345408,1.224357,True,0,1,9
6/25/2025 12:12:51 PM,1750846371005,Right,-0.1024839,0.6008365,0.6160079,-0.1465101,0.4830236,0.9232132,-0.1571574,0.5521989,0.5829268,-0.1547329,0.4179228,0.8310077,-0.05427432,1.076932,0.7060796,-0.1589137,0.2433231,1.257236,True,0,1,9
6/25/2025 12:12:51 PM,1750846371019,Right,-0.1061403,0.6012579,0.6268204,-0.1537842,0.4917288,0.9333795,-0.1599402,0.5570311,0.5947967,-0.1607615,0.4250044,0.8413563,-0.05804002,1.081935,0.7091098,-0.1712336,0.2510612,1.270337,True,0,1,9
6/25/2025 12:12:51 PM,1750846371046,Right,-0.1102704,0.6125363,0.6458888,-0.1682307,0.5088781,0.951697,-0.1637011,0.5660313,0.6100886,-0.1708413,0.4368736,0.857137,-0.06753647,1.092472,0.7157197,-0.1936029,0.266659,1.288014,True,0,1,9
6/25/2025 12:12:51 PM,1750846371060,Right,-0.1117433,0.6185714,0.6538844,-0.1771183,0.5161743,0.9592695,-0.1648912,0.5705268,0.616425,-0.1756319,0.4424984,0.8644749,-0.07210243,1.097535,0.7191589,-0.205146,0.2747579,1.295395,True,0,1,9
6/25/2025 12:12:51 PM,1750846371088,Right,-0.1142103,0.6298423,0.667271,-0.1938255,0.5308154,0.9714413,-0.1668872,0.5795869,0.6270311,-0.1854535,0.453853,0.8767013,-0.08034408,1.107104,0.7259692,-0.2295244,0.290851,1.307331,True,0,1,9
6/25/2025 12:12:51 PM,1750846371101,Right,-0.1157198,0.6353783,0.6725934,-0.2022222,0.5385233,0.975307,-0.1681544,0.583901,0.6307585,-0.1908612,0.4590869,0.8803274,-0.08475697,1.111645,0.7286408,-0.2426296,0.2973132,1.310774,True,0,1,9
6/25/2025 12:12:51 PM,1750846371129,Right,-0.1205586,0.6464136,0.6816916,-0.2184544,0.5539268,0.9803904,-0.171428,0.59302,0.637597,-0.201804,0.4699905,0.8856201,-0.09480476,1.120379,0.7325288,-0.2685294,0.3092291,1.315929,True,0,1,9
6/25/2025 12:12:51 PM,1750846371143,Right,-0.1242209,0.6525633,0.68468,-0.2278924,0.561906,0.9811405,-0.1734699,0.5975147,0.6399272,-0.20804,0.4753337,0.8870947,-0.09983099,1.124484,0.7334888,-0.2829761,0.3150692,1.31693,True,0,1,9
6/25/2025 12:12:51 PM,1750846371157,Right,-0.1310804,0.6631237,0.6881632,-0.2389563,0.5694016,0.9844371,-0.1760524,0.6017708,0.6418933,-0.2160389,0.4801499,0.8903604,-0.1048049,1.12868,0.7345955,-0.300581,0.3225596,1.31764,True,0,1,9
6/25/2025 12:12:51 PM,1750846371184,Right,-0.1396662,0.6737357,0.694184,-0.2637629,0.5827015,0.9828746,-0.1823976,0.6095175,0.6445926,-0.2306455,0.489796,0.8908966,-0.114271,1.136684,0.7363265,-0.3319566,0.3331558,1.316423,True,0,1,9
6/25/2025 12:12:51 PM,1750846371198,Right,-0.1454576,0.6791713,0.6964604,-0.2783085,0.5902393,0.9817386,-0.1864245,0.6134765,0.6448339,-0.2393519,0.4946736,0.8904804,-0.118862,1.14053,0.7366612,-0.3497462,0.3391235,1.314279,True,0,1,9
6/25/2025 12:12:51 PM,1750846371226,Right,-0.1587883,0.6912687,0.6992505,-0.3103807,0.6033407,0.975892,-0.1964467,0.6195316,0.6460118,-0.2609644,0.5028132,0.8902955,-0.1278087,1.148127,0.7366514,-0.3928816,0.3505116,1.308689,True,0,1,9
6/25/2025 12:12:51 PM,1750846371240,Right,-0.1674778,0.6964372,0.7008317,-0.3288194,0.6097159,0.9724672,-0.201894,0.6232192,0.6470122,-0.2728639,0.5073859,0.8900604,-0.1322261,1.151829,0.736491,-0.4165482,0.3563532,1.304892,True,0,1,9
6/25/2025 12:12:51 PM,1750846371268,Right,-0.1861442,0.7068983,0.7028811,-0.3686226,0.62064,0.9623914,-0.214624,0.6307519,0.647469,-0.2995384,0.5162008,0.8876761,-0.1401249,1.158956,0.7355494,-0.4677486,0.3675535,1.293034,True,0,1,9
6/25/2025 12:12:51 PM,1750846371282,Right,-0.195745,0.7132354,0.7035217,-0.3900811,0.6262708,0.9558254,-0.2204014,0.6347186,0.649101,-0.3131921,0.5207061,0.8880185,-0.1437525,1.162194,0.734585,-0.4944474,0.3737712,1.286992,True,0,1,9
6/25/2025 12:12:51 PM,1750846371310,Right,-0.2188593,0.7233174,0.7047814,-0.4347656,0.6402599,0.9414342,-0.235651,0.6377761,0.6466894,-0.3440768,0.5259405,0.8808225,-0.1507862,1.168815,0.7327293,-0.5523863,0.3821827,1.266731,True,0,1,9
6/25/2025 12:12:51 PM,1750846371323,Right,-0.2328617,0.7293397,0.7048362,-0.459582,0.6481647,0.9317702,-0.2435461,0.6420304,0.6470419,-0.3599339,0.5304291,0.8774114,-0.1539117,1.172049,0.7314976,-0.5824139,0.3862196,1.255178,True,0,1,9
6/25/2025 12:12:51 PM,1750846371351,Right,-0.2630392,0.7442258,0.702254,-0.5101231,0.6639196,0.9103057,-0.2634348,0.6516349,0.6470003,-0.3967196,0.5399332,0.8700209,-0.1599028,1.178292,0.7287421,-0.6466078,0.3955407,1.228115,True,0,1,9
6/25/2025 12:12:51 PM,1750846371365,Right,-0.2816226,0.7515459,0.7013013,-0.5371979,0.6726378,0.8965143,-0.2743827,0.6574078,0.6465729,-0.4149439,0.5453828,0.8631314,-0.1626904,1.181404,0.7271197,-0.679069,0.3981773,1.211488,True,0,1,9
6/25/2025 12:12:51 PM,1750846371379,Right,-0.3013528,0.757273,0.6969151,-0.5641799,0.6806313,0.8826157,-0.2863709,0.664441,0.6456385,-0.4347467,0.5508796,0.8557019,-0.1655239,1.184531,0.7253045,-0.7126852,0.3998162,1.191834,True,0,1,9
6/25/2025 12:12:51 PM,1750846371407,Right,-0.3373656,0.7763768,0.6853545,-0.6179276,0.6990582,0.8475855,-0.3133277,0.6798843,0.6424584,-0.4791814,0.563103,0.8399425,-0.1709138,1.190792,0.7216785,-0.7834727,0.4065339,1.146783,True,0,1,9
6/25/2025 12:12:51 PM,1750846371421,Right,-0.3562905,0.7860501,0.6782022,-0.6449758,0.706643,0.8274303,-0.3282813,0.6874138,0.6398903,-0.5022156,0.5686606,0.8307371,-0.1734399,1.193934,0.7200844,-0.8180076,0.4086623,1.122141,True,0,1,9
6/25/2025 12:12:51 PM,1750846371449,Right,-0.3922319,0.8082991,0.6616288,-0.6968696,0.729157,0.7843778,-0.3592524,0.7037825,0.6301114,-0.5507458,0.581532,0.8054863,-0.1782745,1.200317,0.715958,-0.889456,0.4156004,1.061314,True,0,1,9
6/25/2025 12:12:51 PM,1750846371462,Right,-0.4103816,0.8182216,0.65055,-0.7217017,0.7380331,0.7602206,-0.3731638,0.7107665,0.6240531,-0.5724703,0.5859772,0.7912818,-0.1807554,1.203642,0.7137665,-0.9202328,0.4156686,1.028692,True,0,1,9
6/25/2025 12:12:51 PM,1750846371490,Right,-0.4425776,0.8378525,0.6245879,-0.7648742,0.75824,0.7080972,-0.3995183,0.7265012,0.6085117,-0.6131479,0.5986912,0.7589056,-0.1858563,1.210297,0.7094957,-0.9768346,0.4213881,0.9602388,True,0,1,9
6/25/2025 12:12:51 PM,1750846371504,Right,-0.4586267,0.8464544,0.6098771,-0.7856566,0.7674081,0.6794933,-0.4130325,0.7330301,0.599571,-0.6320853,0.6021395,0.7412735,-0.1884278,1.213648,0.707281,-1.000713,0.4184751,0.9248198,True,0,1,9
6/25/2025 12:12:51 PM,1750846371518,Right,-0.4722418,0.8539622,0.5932266,-0.8021469,0.7776618,0.6497936,-0.4246661,0.7393755,0.5900024,-0.6483318,0.6075953,0.7230414,-0.1909848,1.216939,0.7051314,-1.022413,0.4190247,0.8902915,True,0,1,9
6/25/2025 12:12:51 PM,1750846371546,Right,-0.4963193,0.8675421,0.5616573,-0.8284122,0.7926307,0.5897401,-0.4467844,0.750653,0.5703989,-0.6763058,0.6152471,0.6855822,-0.1963196,1.223439,0.6997584,-1.057367,0.4127594,0.8216285,True,0,1,9
6/25/2025 12:12:51 PM,1750846371560,Right,-0.5059858,0.8742135,0.5453839,-0.8400092,0.8010199,0.5591503,-0.4565692,0.7561957,0.560709,-0.6906856,0.619835,0.6664187,-0.1988155,1.2267,0.6968756,-1.074654,0.4131205,0.7851434,True,0,1,9
6/25/2025 12:12:51 PM,1750846371587,Right,-0.5219285,0.882775,0.5137613,-0.858661,0.8148718,0.4995682,-0.4739935,0.7663551,0.5397056,-0.7157493,0.625781,0.6242225,-0.2041768,1.233374,0.6918144,-1.102014,0.4086847,0.706327,True,0,1,9
6/25/2025 12:12:51 PM,1750846371601,Right,-0.5286844,0.8874767,0.4994081,-0.864478,0.820586,0.4698922,-0.4809134,0.7698961,0.5269284,-0.7255151,0.6285906,0.6011016,-0.2067674,1.236574,0.6895316,-1.112834,0.4075699,0.6665565,True,0,1,9
6/25/2025 12:12:51 PM,1750846371629,Right,-0.5383322,0.8899863,0.4703286,-0.871748,0.8273458,0.413025,-0.493939,0.7732219,0.5061368,-0.7423664,0.6289685,0.5606638,-0.2114084,1.242094,0.6851159,-1.127302,0.3977547,0.5954461,True,0,1,9
6/25/2025 12:12:51 PM,1750846371643,Right,-0.5413877,0.891174,0.4552648,-0.8721678,0.8306748,0.3853774,-0.4987195,0.7779244,0.4966049,-0.7478206,0.6321459,0.540347,-0.2136396,1.244503,0.6825862,-1.130717,0.3948563,0.5593565,True,0,1,9
6/25/2025 12:12:51 PM,1750846371671,Right,-0.5441622,0.8900523,0.4270515,-0.8692289,0.8375093,0.3333655,-0.5063674,0.7830366,0.4774464,-0.7536804,0.6315967,0.5017142,-0.2177967,1.248807,0.6774416,-1.127162,0.3775333,0.4942349,False,0,1,9
6/25/2025 12:12:51 PM,1750846371685,Right,-0.5448298,0.8906004,0.4153314,-0.8659605,0.8398184,0.310377,-0.5141567,0.7895715,0.472558,-0.779085,0.634263,0.4881662,-0.2197199,1.250653,0.6750559,-1.140259,0.3919875,0.4676824,False,0,1,9
6/25/2025 12:12:51 PM,1750846371698,Right,-0.5450718,0.891066,0.4047106,-0.861663,0.840799,0.2885284,-0.5208917,0.7946197,0.4628985,-0.7877746,0.6431624,0.4668017,-0.2213217,1.252229,0.6729068,-1.149971,0.4029157,0.4324472,False,0,1,9
6/25/2025 12:12:51 PM,1750846371726,Right,-0.5442345,0.8913155,0.3843825,-0.8508936,0.8411458,0.2474392,-0.527882,0.7999448,0.4424837,-0.7936172,0.6505849,0.4191457,-0.2243866,1.254796,0.6686388,-1.151436,0.4089807,0.3506821,False,0,1,9
6/25/2025 12:12:51 PM,1750846371740,Right,-0.5432861,0.890902,0.3780682,-0.8461908,0.8392386,0.233229,-0.5282038,0.8007953,0.4351778,-0.7917435,0.6503201,0.3979549,-0.2258196,1.255926,0.6665229,-1.144299,0.4068729,0.3112755,False,0,1,9
6/25/2025 12:12:51 PM,1750846371767,Right,-0.5410136,0.8899667,0.364663,-0.8355139,0.8340728,0.20454,-0.527607,0.8006999,0.4217368,-0.7823243,0.6436862,0.3583198,-0.2280177,1.257979,0.6622998,-1.117923,0.391217,0.2374782,False,0,1,9
6/25/2025 12:12:51 PM,1750846371782,Right,-0.5397996,0.8887296,0.3590673,-0.8299814,0.8300083,0.1935545,-0.5265785,0.7997642,0.4159469,-0.7739277,0.6378186,0.3397839,-0.2288347,1.258749,0.6603304,-1.098073,0.3783591,0.2016756,False,0,1,9
6/25/2025 12:12:51 PM,1750846371809,Right,-0.5366938,0.886298,0.3504012,-0.8211296,0.8230663,0.1768255,-0.5244598,0.7971969,0.4078429,-0.7650108,0.6296222,0.3227739,-0.2302322,1.259978,0.6567379,-1.077816,0.3627006,0.1730882,False,0,1,9
6/25/2025 12:12:51 PM,1750846371823,Right,-0.53543,0.8850502,0.3478119,-0.8176694,0.8191742,0.1721805,-0.5233625,0.7967833,0.4054689,-0.7617415,0.6273317,0.3188812,-0.2308006,1.26048,0.6552712,-1.071529,0.3578364,0.1668499,False,0,1,9
6/25/2025 12:12:51 PM,1750846371850,Right,-0.5326589,0.8817781,0.3451587,-0.8126197,0.8128076,0.1676216,-0.5206776,0.7946146,0.4026489,-0.7546274,0.6212153,0.3127602,-0.2313956,1.260982,0.6521248,-1.05757,0.3457832,0.1568922,False,0,1,9
6/25/2025 12:12:51 PM,1750846371865,Right,-0.5311716,0.8796384,0.3453959,-0.811111,0.8090279,0.1693029,-0.5189101,0.7929046,0.4028396,-0.7531342,0.6193701,0.3152593,-0.2312719,1.260857,0.6506103,-1.057423,0.3433277,0.1620397,False,0,1,9
6/25/2025 12:12:51 PM,1750846371879,Right,-0.5298634,0.8776463,0.3458217,-0.8099091,0.8053649,0.1708885,-0.5169857,0.7913214,0.4027201,-0.7491362,0.6159443,0.3138265,-0.2310009,1.260652,0.6491685,-1.050274,0.3370192,0.159177,False,0,1,9
6/25/2025 12:12:51 PM,1750846371906,Right,-0.5272319,0.8733369,0.3504919,-0.8106504,0.798471,0.182547,-0.5132253,0.7875357,0.4066276,-0.7487332,0.6134375,0.3249132,-0.2301794,1.259693,0.6460345,-1.055999,0.3360098,0.1794251,False,0,1,9
6/25/2025 12:12:51 PM,1750846371921,Right,-0.5260234,0.8710294,0.3533701,-0.8112631,0.7952508,0.1894773,-0.511065,0.785688,0.4092373,-0.745929,0.6104402,0.3289925,-0.2296691,1.259146,0.6445371,-1.052723,0.3312109,0.1852786,False,0,1,9
6/25/2025 12:12:51 PM,1750846371949,Right,-0.5230851,0.8664082,0.3622305,-0.8139727,0.788892,0.209451,-0.5060163,0.7817694,0.4156365,-0.7436522,0.6079283,0.3407257,-0.2274708,1.257754,0.6417477,-1.055329,0.3307032,0.2037509,False,0,1,9
6/25/2025 12:12:51 PM,1750846371962,Right,-0.5216242,0.8642156,0.367005,-0.8157095,0.7858506,0.2200247,-0.5029516,0.7794026,0.4193576,-0.7425073,0.6061389,0.3479403,-0.2259589,1.257032,0.6404499,-1.056904,0.3303325,0.2154625,False,0,1,9
6/25/2025 12:12:51 PM,1750846371990,Right,-0.5171553,0.8592497,0.3782188,-0.8179894,0.7803816,0.24639,-0.4949251,0.7734841,0.4265029,-0.7386131,0.6028764,0.3639096,-0.2226084,1.255664,0.6378081,-1.06093,0.3310567,0.2421227,False,0,1,9
6/25/2025 12:12:52 PM,1750846372004,Right,-0.5145521,0.8569171,0.3841204,-0.8187924,0.7775505,0.2607039,-0.4903038,0.7700023,0.4299142,-0.7362372,0.6008739,0.3723544,-0.2207184,1.255143,0.6363465,-1.062819,0.3314548,0.2567007,False,0,1,9
6/25/2025 12:12:52 PM,1750846372018,Right,-0.5116944,0.8547179,0.3910947,-0.8189912,0.7749778,0.2760284,-0.486914,0.7676088,0.4358937,-0.7353988,0.6004215,0.3843642,-0.2186557,1.254816,0.6349555,-1.067088,0.3340855,0.2760314,False,0,1,9
6/25/2025 12:12:52 PM,1750846372046,Right,-0.5060765,0.8514104,0.4071111,-0.8189602,0.7712499,0.3069243,-0.4771073,0.7624114,0.445173,-0.7311933,0.5993077,0.4070732,-0.214393,1.254276,0.6328682,-1.073169,0.3405944,0.3152449,False,0,1,9
6/25/2025 12:12:52 PM,1750846372060,Right,-0.5023172,0.8504388,0.4160462,-0.8175485,0.7690644,0.3239843,-0.4705992,0.7587679,0.4493983,-0.7274823,0.5981797,0.4189737,-0.2123288,1.253872,0.6323838,-1.075113,0.3441295,0.3365351,False,0,1,9
6/25/2025 12:12:52 PM,1750846372087,Right,-0.4902663,0.8448938,0.4306828,-0.8127388,0.7646449,0.357576,-0.4562188,0.7512175,0.4560609,-0.7199852,0.5963483,0.4426691,-0.2078906,1.2526,0.6312624,-1.078782,0.3550865,0.3812613,False,0,1,9
6/25/2025 12:12:52 PM,1750846372101,Right,-0.4826074,0.8405235,0.437909,-0.8084804,0.7619567,0.3749356,-0.4476419,0.7464617,0.4569305,-0.7145281,0.5949789,0.4529366,-0.205598,1.251875,0.6304924,-1.079088,0.3611293,0.4031278,False,0,1,9
6/25/2025 12:12:52 PM,1750846372129,Right,-0.4662862,0.829699,0.4518494,-0.7979028,0.756341,0.4095023,-0.4291343,0.7373509,0.4585795,-0.7010341,0.5937251,0.4758147,-0.2011772,1.250208,0.6291736,-1.07731,0.3768873,0.4526887,False,0,1,9
6/25/2025 12:12:52 PM,1750846372143,Right,-0.45568,0.8233135,0.457827,-0.7896885,0.7525291,0.4275222,-0.4187545,0.7345849,0.4585813,-0.6922641,0.5949748,0.487552,-0.1988124,1.249359,0.6289135,-1.073771,0.3872967,0.4796479,False,0,1,9
6/25/2025 12:12:52 PM,1750846372170,Right,-0.4325838,0.8098121,0.4670541,-0.7700574,0.7434964,0.4633652,-0.39747,0.7261885,0.45356,-0.6721806,0.5947511,0.5086813,-0.1936011,1.24744,0.6287102,-1.061963,0.407244,0.536167,False,0,1,9
6/25/2025 12:12:52 PM,1750846372185,Right,-0.4192186,0.801343,0.4693413,-0.7569831,0.7383579,0.480817,-0.3860512,0.7202487,0.4511729,-0.6594194,0.5930452,0.5203998,-0.1909865,1.24631,0.6286471,-1.052226,0.4159562,0.5682946,False,0,1,9
6/25/2025 12:12:52 PM,1750846372198,Right,-0.4052577,0.7929869,0.4710623,-0.7420799,0.7315269,0.4981032,-0.3742306,0.7142377,0.4487785,-0.6451017,0.5909118,0.5321548,-0.1881497,1.244958,0.6287842,-1.039421,0.4239068,0.6015182,False,0,1,9
6/25/2025 12:12:52 PM,1750846372226,Right,-0.3753934,0.7766335,0.4723984,-0.7063575,0.7166009,0.5303901,-0.3505964,0.7023642,0.4402391,-0.6116244,0.5864167,0.5534067,-0.1823686,1.241788,0.6293577,-1.003998,0.4392011,0.6724291,False,0,1,9
6/25/2025 12:12:52 PM,1750846372240,Right,-0.3575069,0.7697114,0.4719093,-0.6847167,0.7084157,0.5450237,-0.3384378,0.6985935,0.4349071,-0.5926383,0.5847545,0.5634401,-0.1795124,1.239894,0.6294763,-0.9793619,0.4458407,0.7095568,False,0,1,9
6/25/2025 12:12:52 PM,1750846372268,Right,-0.325286,0.7544374,0.4646507,-0.6364021,0.6889715,0.5707669,-0.3139883,0.6930653,0.4206234,-0.5460073,0.581377,0.5780247,-0.1736127,1.23591,0.6303656,-0.9135796,0.4520116,0.7846062,False,0,1,9
6/25/2025 12:12:52 PM,1750846372281,Right,-0.3071833,0.7479237,0.4584202,-0.6077836,0.679198,0.582352,-0.3007056,0.6899357,0.4135397,-0.519399,0.5772763,0.5838567,-0.1707155,1.233968,0.6311707,-0.8718582,0.4484199,0.8204243,False,0,1,9
6/25/2025 12:12:52 PM,1750846372310,Right,-0.2715386,0.7363914,0.4438915,-0.5549455,0.6626383,0.6011773,-0.2744592,0.6847904,0.3977527,-0.4655375,0.5670363,0.5954964,-0.1644627,1.229605,0.6328703,-0.7761467,0.4340394,0.8830708,False,0,1,9
6/25/2025 12:12:52 PM,1750846372323,Right,-0.2528027,0.7294858,0.4319947,-0.5270345,0.6520734,0.605452,-0.2609982,0.6821004,0.3879961,-0.4405045,0.5612051,0.5959699,-0.1607708,1.226849,0.6344368,-0.7313557,0.4256023,0.9009022,False,0,1,9
6/25/2025 12:12:52 PM,1750846372351,Right,-0.2175136,0.7239484,0.4100966,-0.4695428,0.6315956,0.6077603,-0.2352877,0.6813636,0.3664492,-0.4003606,0.5554637,0.582922,-0.1546254,1.221486,0.6379329,-0.6679283,0.4134738,0.9060392,False,0,1,9
6/25/2025 12:12:52 PM,1750846372365,Right,-0.1995817,0.7225342,0.3968524,-0.4390432,0.6222378,0.6053133,-0.223196,0.6839101,0.356367,-0.3800608,0.5545169,0.576377,-0.1511897,1.218233,0.6399587,-0.6346624,0.4073864,0.9080282,False,0,1,9
6/25/2025 12:12:52 PM,1750846372379,Right,-0.1825081,0.7198234,0.3838088,-0.4100589,0.6121194,0.6017252,-0.2115637,0.6839489,0.3444629,-0.3595277,0.5505381,0.5682141,-0.1476778,1.214955,0.6416779,-0.5994625,0.3977372,0.9081274,False,0,1,9
6/25/2025 12:12:52 PM,1750846372407,Right,-0.1514307,0.7178977,0.3549272,-0.3531893,0.5957559,0.587148,-0.1902309,0.6858412,0.3211756,-0.3180259,0.5445052,0.5500938,-0.1409475,1.207824,0.6441832,-0.5267862,0.3780177,0.9060477,False,0,1,9
6/25/2025 12:12:52 PM,1750846372421,Right,-0.1369786,0.7175648,0.339606,-0.325285,0.5868582,0.5784656,-0.1797404,0.6871165,0.3087054,-0.2968493,0.5408652,0.5402812,-0.1375691,1.204121,0.6455991,-0.4880482,0.366899,0.9024285,False,0,1,9
6/25/2025 12:12:52 PM,1750846372448,Right,-0.1132311,0.721456,0.3068607,-0.2731247,0.5742635,0.5560573,-0.1620339,0.6918194,0.2845811,-0.2554069,0.5348873,0.5194373,-0.1304905,1.196671,0.6492764,-0.4089434,0.343696,0.8911665,False,0,1,9
6/25/2025 12:12:52 PM,1750846372462,Right,-0.1015631,0.7239755,0.2903718,-0.2477958,0.5670542,0.5435506,-0.1535994,0.6945989,0.2726121,-0.2345407,0.5311234,0.5088785,-0.1268512,1.19298,0.6510764,-0.3678149,0.330948,0.8825054,False,0,1,9
6/25/2025 12:12:52 PM,1750846372490,Right,-0.08391229,0.7328573,0.2607868,-0.2032318,0.5589794,0.5161289,-0.141642,0.6988868,0.2495111,-0.1959777,0.5233737,0.4841045,-0.1207474,1.184926,0.6544235,-0.288351,0.3031961,0.8594335,False,0,1,9
6/25/2025 12:12:52 PM,1750846372504,Right,-0.07583206,0.7371801,0.2456487,-0.1817991,0.5536152,0.5011567,-0.1358798,0.7013865,0.2380326,-0.1821258,0.5213777,0.4718314,-0.1174155,1.180597,0.6562883,-0.2612644,0.2950791,0.8457274,False,0,1,9
6/25/2025 12:12:52 PM,1750846372518,Right,-0.07088926,0.7407311,0.2316697,-0.1630036,0.5499471,0.4861995,-0.13033,0.7046072,0.2285076,-0.167131,0.5202869,0.4597256,-0.1136535,1.176331,0.6580338,-0.2318483,0.2859231,0.8322441,False,0,1,9
6/25/2025 12:12:52 PM,1750846372546,Right,-0.06209422,0.746537,0.2066575,-0.1288809,0.5432064,0.4571448,-0.1238155,0.7091016,0.209785,-0.1444618,0.5176035,0.4351851,-0.1066104,1.168088,0.6617661,-0.1837725,0.2690764,0.8038245,False,0,1,9
6/25/2025 12:12:52 PM,1750846372560,Right,-0.05803921,0.7491586,0.1962013,-0.1143029,0.539939,0.4429128,-0.1230039,0.7109088,0.2019432,-0.1358394,0.5163392,0.4239632,-0.1034447,1.1648,0.6636734,-0.1628446,0.2610219,0.7902583,False,0,1,9
6/25/2025 12:12:52 PM,1750846372588,Right,-0.05271301,0.7553906,0.1781564,-0.08963278,0.5330848,0.418834,-0.1194961,0.7143512,0.1903743,-0.1193829,0.5120019,0.4073237,-0.09640634,1.157795,0.6671085,-0.1249682,0.2459377,0.7654039,False,0,1,9
6/25/2025 12:12:52 PM,1750846372601,Right,-0.04938923,0.7583585,0.1722552,-0.07980664,0.5297951,0.4099751,-0.1189466,0.7137983,0.1863465,-0.1137087,0.5080621,0.401813,-0.09229481,1.153775,0.6684011,-0.1106112,0.2387899,0.7559057,False,0,1,9
6/25/2025 12:12:52 PM,1750846372629,Right,-0.04854541,0.7589579,0.1653973,-0.06449958,0.5223258,0.3965621,-0.1198689,0.7110255,0.1809151,-0.1045806,0.500809,0.3916152,-0.08373249,1.146619,0.6701938,-0.08575608,0.224207,0.7394347,False,0,1,9
6/25/2025 12:12:52 PM,1750846372643,Right,-0.04896384,0.7559929,0.1658419,-0.05968486,0.5180387,0.3942447,-0.1206569,0.7091127,0.182501,-0.1015121,0.4980658,0.3906095,-0.07939208,1.143125,0.6709708,-0.07624307,0.2181734,0.7366726,False,0,1,9
6/25/2025 12:12:52 PM,1750846372670,Right,-0.05070946,0.7493327,0.171291,-0.05233907,0.5076942,0.3951009,-0.1222956,0.701068,0.1874159,-0.09725687,0.4882858,0.3922855,-0.07114506,1.135718,0.672529,-0.06242029,0.2043667,0.7349584,False,0,1,9
6/25/2025 12:12:52 PM,1750846372685,Right,-0.05211625,0.7448443,0.1781292,-0.05069115,0.5013351,0.4001384,-0.1220583,0.697876,0.1933707,-0.0952459,0.4841436,0.3972147,-0.06731141,1.131941,0.6734779,-0.05762904,0.1988726,0.7382969,False,0,1,9
6/25/2025 12:12:52 PM,1750846372699,Right,-0.05311345,0.7380977,0.1861504,-0.04948701,0.4945706,0.407655,-0.1224367,0.6928199,0.2000018,-0.09564833,0.4792796,0.4036628,-0.06374061,1.128233,0.6743017,-0.05800738,0.1938165,0.7449281,False,0,1,9
6/25/2025 12:12:52 PM,1750846372726,Right,-0.0553255,0.7235836,0.2062803,-0.04750948,0.4820747,0.4274082,-0.1236478,0.6801125,0.2156078,-0.09526758,0.4677014,0.4181077,-0.05762422,1.120727,0.6748692,-0.05455981,0.1813129,0.7601497,False,0,1,9
6/25/2025 12:12:52 PM,1750846372740,Right,-0.05446692,0.7134205,0.2192087,-0.04644667,0.4755939,0.4367241,-0.1233041,0.6734936,0.2252059,-0.09639931,0.4652143,0.4256892,-0.05501449,1.116649,0.6751484,-0.05662134,0.1771688,0.772303,False,0,1,9
6/25/2025 12:12:52 PM,1750846372767,Right,-0.05557059,0.6931994,0.2478525,-0.04469201,0.462769,0.4545653,-0.1237044,0.6560354,0.2483088,-0.09807181,0.4561507,0.4414706,-0.05039322,1.108357,0.6747804,-0.05704629,0.1608003,0.7963955,False,0,1,9
6/25/2025 12:12:52 PM,1750846372782,Right,-0.05547781,0.6810781,0.2649868,-0.04395404,0.456034,0.4636519,-0.1237096,0.6467324,0.261477,-0.09937285,0.4534734,0.4496309,-0.04847181,1.104227,0.6741079,-0.05850286,0.1534461,0.8114924,False,0,1,9
6/25/2025 12:12:52 PM,1750846372809,Right,-0.05618469,0.6585964,0.3008988,-0.04286562,0.4427625,0.4810622,-0.1233915,0.6265389,0.2919311,-0.1022455,0.4476832,0.4707583,-0.04531741,1.096529,0.6730241,-0.06294832,0.140328,0.8487486,False,0,1,9
6/25/2025 12:12:52 PM,1750846372824,Right,-0.05650482,0.6474918,0.3217522,-0.04267132,0.4394892,0.4852649,-0.123556,0.6162497,0.308883,-0.1047285,0.4488977,0.4793047,-0.04376686,1.092832,0.6730491,-0.06663465,0.1349671,0.8703339,False,0,1,9
6/25/2025 12:12:52 PM,1750846372851,Right,-0.05699481,0.6279246,0.363342,-0.04267132,0.4394892,0.4852649,-0.1227994,0.5956767,0.3487019,-0.1095537,0.4569126,0.4969972,-0.04020357,1.086299,0.6732584,-0.07582323,0.127588,0.9221008,False,0,1,9
6/25/2025 12:12:52 PM,1750846372865,Right,-0.05703159,0.6194941,0.3859134,-0.04267132,0.4394892,0.4852649,-0.1226842,0.5872852,0.3713418,-0.1121767,0.4619832,0.5091501,-0.0386312,1.08335,0.673755,-0.08241592,0.1271761,0.9516677,False,0,1,9
6/25/2025 12:12:52 PM,1750846372879,Right,-0.05844032,0.6128827,0.4080938,-0.04267132,0.4394892,0.4852649,-0.1226408,0.5785176,0.395997,-0.1147393,0.4647481,0.525299,-0.03734016,1.080887,0.674407,-0.09041423,0.1276712,0.9840439,False,0,1,9
6/25/2025 12:12:52 PM,1750846372906,Right,-0.06188172,0.607107,0.4495806,-0.04267132,0.4394892,0.4852649,-0.1247942,0.5696526,0.436413,-0.119005,0.4688317,0.5548736,-0.03514874,1.077303,0.6765852,-0.1009195,0.1282544,1.031978,False,0,1,9
6/25/2025 12:12:52 PM,1750846372921,Right,-0.06361744,0.605186,0.4699131,-0.04267132,0.4394892,0.4852649,-0.1255841,0.5672425,0.4542474,-0.120121,0.4699639,0.5698512,-0.03484643,1.077008,0.6780026,-0.1027462,0.1291492,1.052288,False,0,1,9
6/25/2025 12:12:52 PM,1750846372948,Right,-0.06748005,0.6068075,0.5038514,-0.04267132,0.4394892,0.4852649,-0.1315703,0.5674958,0.486253,-0.1267523,0.4709195,0.6048011,-0.03683424,1.07822,0.6808256,-0.1133129,0.1388095,1.091228,False,0,1,9
6/25/2025 12:12:52 PM,1750846372963,Right,-0.06867438,0.6082323,0.5200902,-0.04267132,0.4394892,0.4852649,-0.1322313,0.5680311,0.5010873,-0.1275938,0.4701003,0.6231348,-0.03845799,1.079554,0.6829628,-0.1159535,0.1437599,1.109223,False,0,1,9
6/25/2025 12:12:52 PM,1750846372990,Right,-0.07162607,0.6128421,0.5440941,-0.04267132,0.4394892,0.4852649,-0.1338876,0.5711619,0.5232987,-0.1300708,0.4691089,0.6547277,-0.04107583,1.083364,0.6882365,-0.1230887,0.1565387,1.138174,False,0,1,9
6/25/2025 12:12:53 PM,1750846373004,Right,-0.07323954,0.6152856,0.5551988,-0.04267132,0.4394892,0.4852649,-0.1369783,0.5734452,0.5334162,-0.1332533,0.4691176,0.6702062,-0.04282391,1.085895,0.6909397,-0.1273716,0.1641324,1.151858,False,0,1,9
6/25/2025 12:12:53 PM,1750846373031,Right,-0.07543377,0.6198094,0.5696127,-0.04267132,0.4394892,0.4852649,-0.1402839,0.5779458,0.5473693,-0.1370734,0.4699557,0.6928993,-0.04778123,1.09128,0.6962377,-0.1334442,0.1768154,1.171186,False,0,1,9
6/25/2025 12:12:53 PM,1750846373046,Right,-0.07751673,0.6218792,0.5762482,-0.04267132,0.4394892,0.4852649,-0.1434267,0.5799255,0.5533162,-0.1403214,0.4703246,0.703325,-0.05028737,1.094033,0.6984344,-0.1372781,0.1834258,1.180094,False,0,1,9
6/25/2025 12:12:53 PM,1750846373059,Right,-0.07959117,0.6227366,0.5807713,-0.04267132,0.4394892,0.4852649,-0.14192,0.5817159,0.557744,-0.1392549,0.4710708,0.7105337,-0.0528723,1.096851,0.7005309,-0.1375245,0.1878789,1.186213,False,0,1,9
6/25/2025 12:12:53 PM,1750846373087,Right,-0.08265647,0.6256419,0.5875897,-0.04267132,0.4394892,0.4852649,-0.1457315,0.584574,0.5638324,-0.143079,0.4709586,0.7214559,-0.05807507,1.101505,0.7042224,-0.1417213,0.1921222,1.19317,False,0,1,9
6/25/2025 12:12:53 PM,1750846373101,Right,-0.08441458,0.6272849,0.5895988,-0.04267132,0.4394892,0.4852649,-0.1475275,0.5860144,0.5655487,-0.1450411,0.4715573,0.7256012,-0.06072807,1.103463,0.7059982,-0.1443601,0.1959122,1.19635,False,0,1,9
6/25/2025 12:12:53 PM,1750846373129,Right,-0.0873563,0.6303993,0.5926062,-0.04267132,0.4394892,0.4852649,-0.1484783,0.5890843,0.56756,-0.1469911,0.4744051,0.7326722,-0.06696832,1.107705,0.708756,-0.1498598,0.2076077,1.203621,False,0,1,9
6/25/2025 12:12:53 PM,1750846373143,Right,-0.08810986,0.6314388,0.5933636,-0.04267132,0.4394892,0.4852649,-0.149819,0.5892804,0.5674338,-0.1490909,0.474639,0.7341523,-0.07009161,1.109657,0.7096685,-0.1546225,0.2107185,1.205217,False,0,1,9
6/25/2025 12:12:53 PM,1750846373171,Right,-0.09041981,0.6321151,0.5942894,-0.04267132,0.4394892,0.4852649,-0.1512695,0.591872,0.5669791,-0.1520113,0.4775869,0.7356223,-0.07641137,1.113653,0.711074,-0.1625791,0.2175298,1.207167,False,0,1,9
6/25/2025 12:12:53 PM,1750846373184,Right,-0.08979203,0.6339692,0.5933312,-0.04267132,0.4394892,0.4852649,-0.1514667,0.592402,0.5656525,-0.1533247,0.4783571,0.7355335,-0.07997084,1.115796,0.711826,-0.167422,0.220808,1.20734,False,0,1,9
6/25/2025 12:12:53 PM,1750846373198,Right,-0.08996806,0.6343977,0.5924561,-0.04267132,0.4394892,0.4852649,-0.1515073,0.5928717,0.5642082,-0.1546126,0.4794665,0.7345273,-0.08373904,1.118137,0.7121722,-0.1727666,0.22365,1.207111,False,0,1,9
6/25/2025 12:12:53 PM,1750846373226,Right,-0.09100132,0.6331776,0.5909492,-0.04267132,0.4394892,0.4852649,-0.1518439,0.5935864,0.5614379,-0.1573378,0.4819563,0.7312747,-0.09023678,1.123339,0.7127565,-0.1832052,0.2281413,1.206082,False,0,1,9
6/25/2025 12:12:53 PM,1750846373240,Right,-0.0908326,0.6330482,0.5901145,-0.04267132,0.4394892,0.4852649,-0.1519653,0.5941132,0.560116,-0.1590577,0.4832842,0.7298458,-0.0933615,1.126171,0.7128313,-0.189486,0.2307101,1.205585,False,0,1,9
6/25/2025 12:12:53 PM,1750846373268,Right,-0.0915179,0.6332439,0.5890274,-0.04267132,0.4394892,0.4852649,-0.1528398,0.5954244,0.5578865,-0.16286,0.4857283,0.7279782,-0.09969294,1.131741,0.712937,-0.2014543,0.2359515,1.204815,False,0,1,9
6/25/2025 12:12:53 PM,1750846373282,Right,-0.09435368,0.6329682,0.5886123,-0.04267132,0.4394892,0.4852649,-0.1538412,0.5962553,0.556886,-0.1658985,0.4871016,0.7273965,-0.1028292,1.134381,0.7127212,-0.2099753,0.2392267,1.204558,False,0,1,9
6/25/2025 12:12:53 PM,1750846373309,Right,-0.1019736,0.6318154,0.5873346,-0.04267132,0.4394892,0.4852649,-0.1567806,0.5984011,0.5544353,-0.1721619,0.4901086,0.7255524,-0.10853,1.139217,0.7118528,-0.2251529,0.2452511,1.203057,False,0,1,9
6/25/2025 12:12:53 PM,1750846373323,Right,-0.1039207,0.6338745,0.5867689,-0.04267132,0.4394892,0.4852649,-0.1589568,0.6001601,0.5532546,-0.1764692,0.4915913,0.7260727,-0.1115545,1.141585,0.7115593,-0.2343581,0.2495662,1.202484,False,0,1,9
6/25/2025 12:12:53 PM,1750846373351,Right,-0.1092862,0.6367853,0.5849239,-0.04267132,0.4394892,0.4852649,-0.1635239,0.6043531,0.5510111,-0.1850318,0.4952184,0.7263821,-0.1174362,1.146317,0.7107857,-0.2518193,0.2573835,1.200562,False,0,1,9
6/25/2025 12:12:53 PM,1750846373366,Right,-0.1117827,0.638812,0.5830749,-0.04267132,0.4394892,0.4852649,-0.1660208,0.6068509,0.5491288,-0.1895664,0.4971476,0.7256778,-0.1203593,1.148952,0.7103701,-0.2604687,0.2608246,1.198317,False,0,1,9
6/25/2025 12:12:53 PM,1750846373379,Right,-0.1144342,0.6400139,0.5808169,-0.04267132,0.4394892,0.4852649,-0.168257,0.609605,0.5468965,-0.1935449,0.4997171,0.7240752,-0.1226038,1.151332,0.710052,-0.2678487,0.2646142,1.195867,False,0,1,9
6/25/2025 12:12:53 PM,1750846373406,Right,-0.1157694,0.6445901,0.5724553,-0.04267132,0.4394892,0.4852649,-0.1705306,0.6160727,0.5382398,-0.1984013,0.5048311,0.7154149,-0.126561,1.154988,0.7089363,-0.277115,0.2683213,1.184621,False,0,1,9
6/25/2025 12:12:53 PM,1750846373419,Right,-0.1159344,0.6458254,0.5671552,-0.04267132,0.4394892,0.4852649,-0.1708026,0.6184925,0.5334578,-0.1996855,0.5072523,0.7096864,-0.1282426,1.156442,0.7083596,-0.2803489,0.2695553,1.178704,False,0,1,9
6/25/2025 12:12:53 PM,1750846373448,Right,-0.1145519,0.6457712,0.5516736,-0.04267132,0.4394892,0.4852649,-0.1693629,0.6208956,0.5193415,-0.1976721,0.5102587,0.6903067,-0.1304861,1.158367,0.7065613,-0.2780316,0.2647814,1.160804,False,0,1,9
6/25/2025 12:12:53 PM,1750846373461,Right,-0.1133992,0.6465874,0.542833,-0.04267132,0.4394892,0.4852649,-0.1685138,0.6221403,0.5111693,-0.1965705,0.51249,0.6806099,-0.1311345,1.158897,0.7057761,-0.2766396,0.2660461,1.152734,False,0,1,9
6/25/2025 12:12:53 PM,1750846373489,Right,-0.1094996,0.6458747,0.5194761,-0.04267132,0.4394892,0.4852649,-0.1654157,0.6241265,0.4908626,-0.192152,0.5166664,0.6547707,-0.1313888,1.15925,0.7047261,-0.270739,0.2640907,1.130692,False,0,1,9
6/25/2025 12:12:53 PM,1750846373503,Right,-0.1076646,0.6444305,0.5064901,-0.04267132,0.4394892,0.4852649,-0.163587,0.6249993,0.4797449,-0.1893111,0.5183312,0.6404479,-0.1310083,1.159119,0.7038884,-0.266325,0.2611698,1.117846,False,0,1,9
6/25/2025 12:12:53 PM,1750846373531,Right,-0.100577,0.64315,0.4760616,-0.04267132,0.4394892,0.4852649,-0.158729,0.626125,0.4531754,-0.1816262,0.5190227,0.6093565,-0.1287904,1.157519,0.70249,-0.25144,0.252017,1.086854,False,0,1,9
6/25/2025 12:12:53 PM,1750846373545,Right,-0.09698977,0.6432564,0.4596463,-0.04267132,0.4394892,0.4852649,-0.1556646,0.6262962,0.4386971,-0.1770852,0.5174303,0.5943178,-0.1272851,1.156312,0.7018232,-0.2417544,0.2458773,1.069546,False,0,1,9
6/25/2025 12:12:53 PM,1750846373558,Right,-0.09287732,0.6435336,0.4410399,-0.04267132,0.4394892,0.4852649,-0.1520781,0.6267042,0.4223403,-0.1724519,0.5158152,0.5790572,-0.125646,1.154932,0.7008607,-0.2322988,0.242572,1.051711,False,0,1,9
6/25/2025 12:12:53 PM,1750846373586,Right,-0.08379211,0.6461807,0.4023373,-0.04267132,0.4394892,0.4852649,-0.1447902,0.6291738,0.3886921,-0.1653933,0.5117754,0.5534849,-0.121703,1.151096,0.6985558,-0.2214432,0.2428184,1.017146,False,0,1,9
6/25/2025 12:12:53 PM,1750846373600,Right,-0.07848573,0.6478817,0.3802798,-0.04267132,0.4394892,0.4852649,-0.1403495,0.6308651,0.3714985,-0.1618144,0.5085558,0.5431846,-0.1195136,1.148876,0.6974269,-0.2167602,0.2445016,0.9999766,False,0,1,9
6/25/2025 12:12:53 PM,1750846373628,Right,-0.06677459,0.6538703,0.3357545,-0.04267132,0.4394892,0.4852649,-0.1304913,0.6362517,0.3319654,-0.1540011,0.5001289,0.5223563,-0.1140705,1.143703,0.6953841,-0.2051331,0.2487291,0.9599423,False,0,1,9
6/25/2025 12:12:53 PM,1750846373642,Right,-0.06107427,0.6574485,0.3116217,-0.04267132,0.4394892,0.4852649,-0.1256712,0.6385611,0.3101112,-0.150486,0.4932206,0.5125579,-0.1110574,1.140924,0.6943119,-0.1991455,0.2497486,0.9374281,False,0,1,9
6/25/2025 12:12:53 PM,1750846373670,Right,-0.04885171,0.6669677,0.2631024,-0.1347086,0.510789,0.540877,-0.1151905,0.6475236,0.2682589,-0.1455876,0.4749528,0.5063654,-0.1041155,1.134847,0.6916167,-0.1900411,0.2559599,0.893699,False,0,1,9
6/25/2025 12:12:53 PM,1750846373684,Right,-0.04308288,0.6726663,0.2371674,-0.1256579,0.5108062,0.5167043,-0.1106485,0.6526194,0.2474783,-0.1404816,0.4764587,0.4874607,-0.1006038,1.131441,0.6904111,-0.1826142,0.2570834,0.8707536,False,0,1,9
6/25/2025 12:12:53 PM,1750846373697,Right,-0.03762829,0.6793178,0.2128536,-0.1134922,0.5112857,0.4812199,-0.1058607,0.6587503,0.2267369,-0.1337232,0.4842237,0.4603149,-0.09695077,1.127763,0.6891112,-0.1741242,0.257722,0.8469115,False,0,1,9
6/25/2025 12:12:53 PM,1750846373725,Right,-0.02759088,0.6920098,0.1668151,-0.09759741,0.5141185,0.4307815,-0.09781684,0.6698763,0.1906693,-0.1218781,0.4890924,0.420357,-0.0898999,1.119934,0.685728,-0.1560007,0.2528489,0.8012452,False,0,1,9
6/25/2025 12:12:53 PM,1750846373739,Right,-0.02245224,0.6992803,0.1434404,-0.08991501,0.5183601,0.4072517,-0.09477533,0.6769431,0.1738181,-0.117046,0.4923571,0.4017811,-0.08652687,1.115785,0.6836393,-0.1478181,0.2512514,0.7788579,False,0,1,9
6/25/2025 12:12:53 PM,1750846373766,Right,-0.0178548,0.7140676,0.1058065,-0.08090897,0.5249337,0.3638564,-0.08923185,0.6884668,0.1408859,-0.1066808,0.4962252,0.3619735,-0.0799495,1.108521,0.6783406,-0.1286781,0.2411618,0.7311929,False,0,1,9
6/25/2025 12:12:53 PM,1750846373780,Right,-0.01591081,0.7210318,0.08968154,-0.0773965,0.5276302,0.3452708,-0.08758522,0.6930514,0.1279709,-0.1022962,0.496275,0.3455268,-0.07679904,1.105432,0.6759739,-0.119154,0.2339533,0.7096345,False,0,1,9
6/25/2025 12:12:53 PM,1750846373822,Right,-0.0126894,0.7350404,0.0665369,-0.07098456,0.5324132,0.3159163,-0.08331425,0.7042433,0.1050156,-0.09430744,0.500698,0.3167101,-0.07067573,1.100393,0.6715108,-0.1039194,0.2272065,0.6725642,False,0,1,9
6/25/2025 12:12:53 PM,1750846373822,Right,-0.0126894,0.7350404,0.0665369,-0.07098456,0.5324132,0.3159163,-0.08331425,0.7042433,0.1050156,-0.09430744,0.500698,0.3167101,-0.07067573,1.100393,0.6715108,-0.1039194,0.2272065,0.6725642,False,0,1,9
6/25/2025 12:12:53 PM,1750846373836,Right,-0.01299283,0.7419822,0.04373007,-0.06705079,0.5348794,0.2925157,-0.08386958,0.7110221,0.08968475,-0.09263128,0.5032389,0.2992665,-0.06754518,1.099059,0.6702878,-0.09756786,0.2250983,0.6498548,False,0,1,9
6/25/2025 12:12:53 PM,1750846373863,Right,-0.01303316,0.7445116,0.03348743,-0.06514449,0.535142,0.2818359,-0.08355816,0.7126516,0.08057787,-0.09214727,0.5040209,0.2904429,-0.0595125,1.095642,0.6655493,-0.09617648,0.2258755,0.640033,False,0,1,9
6/25/2025 12:12:53 PM,1750846373891,Right,-0.01451216,0.741069,0.03240436,-0.06505293,0.530531,0.2803047,-0.08407444,0.7103763,0.07980967,-0.09115808,0.4998625,0.2880879,-0.05427682,1.095182,0.6644151,-0.09213021,0.2188239,0.6351577,False,0,1,9
6/25/2025 12:12:53 PM,1750846373905,Right,-0.01588978,0.7370412,0.03574394,-0.06576644,0.5260553,0.283242,-0.08623663,0.707976,0.08090156,-0.09211417,0.4968295,0.2883564,-0.05199623,1.094938,0.6639718,-0.09128959,0.2144751,0.6345544,False,0,1,9
6/25/2025 12:12:53 PM,1750846373919,Right,-0.01708134,0.7325214,0.03932679,-0.06627287,0.5216215,0.2871253,-0.08642858,0.7044301,0.08429993,-0.09230842,0.4932007,0.2918362,-0.04969347,1.094482,0.6633581,-0.09148155,0.2109292,0.6379528,False,0,1,9
6/25/2025 12:12:53 PM,1750846373947,Right,-0.01983992,0.7166125,0.05667929,-0.06686098,0.5095611,0.3060934,-0.08726751,0.6952209,0.09441756,-0.09255181,0.4861182,0.3023615,-0.04584336,1.093146,0.6620349,-0.09074277,0.2050453,0.6510286,False,0,1,9
6/25/2025 12:12:53 PM,1750846373960,Right,-0.02118157,0.707799,0.06702952,-0.06706768,0.5023995,0.3179575,-0.08793722,0.689706,0.1012736,-0.0928612,0.4820127,0.3103866,-0.04417169,1.0923,0.6613815,-0.0904688,0.2029723,0.660902,False,0,1,9
6/25/2025 12:12:53 PM,1750846373988,Right,-0.02417918,0.6868597,0.09820174,-0.06782809,0.483974,0.3521487,-0.08933615,0.6768855,0.1191118,-0.09322878,0.4716563,0.3311579,-0.04128277,1.089168,0.6600354,-0.08933508,0.1974352,0.6849983,True,0,1,10
6/25/2025 12:12:54 PM,1750846374002,Right,-0.02600071,0.6761985,0.1158905,-0.06815042,0.4746243,0.3707519,-0.08972061,0.6741514,0.1232635,-0.09260168,0.4808218,0.3237337,-0.04003656,1.087274,0.6593251,-0.08776849,0.1957431,0.6900279,True,0,1,10
6/25/2025 12:12:54 PM,1750846374030,Right,-0.02853676,0.652916,0.1606952,-0.06755058,0.4557506,0.4181176,-0.09047859,0.667143,0.1346248,-0.09159074,0.4763346,0.3365995,-0.03731275,1.083219,0.6575185,-0.08421188,0.1946649,0.7063112,True,0,1,10
6/25/2025 12:12:54 PM,1750846374044,Right,-0.02987268,0.6414797,0.1844835,-0.06777113,0.4465986,0.4431623,-0.09092496,0.6629961,0.1419152,-0.09105617,0.4742531,0.3449259,-0.0362407,1.080769,0.6566155,-0.08222958,0.1951398,0.7173584,True,0,1,10
6/25/2025 12:12:54 PM,1750846374058,Right,-0.033099,0.6316614,0.2098092,-0.06628024,0.4377564,0.472407,-0.09146934,0.6583422,0.1504807,-0.09037519,0.4705019,0.3565477,-0.03452718,1.076925,0.6556369,-0.0797541,0.196229,0.730493,True,0,1,10
6/25/2025 12:12:54 PM,1750846374086,Right,-0.0342986,0.6143714,0.2654222,-0.06755095,0.42524,0.5281343,-0.0928328,0.6480867,0.1708748,-0.08925621,0.4645355,0.3778193,-0.03141105,1.069586,0.6539015,-0.07481461,0.1940363,0.7570605,True,0,1,10
6/25/2025 12:12:54 PM,1750846374100,Right,-0.03917408,0.6073192,0.2957511,-0.06841637,0.4201438,0.558839,-0.09369604,0.6427772,0.1825961,-0.08827755,0.4613972,0.3900521,-0.02974665,1.065202,0.653232,-0.07096829,0.1930372,0.7719326,True,0,1,10
6/25/2025 12:12:54 PM,1750846374127,Right,-0.04528044,0.5978826,0.354037,-0.06731795,0.4133352,0.6231862,-0.09574509,0.6316235,0.2099007,-0.08746774,0.4516374,0.4215637,-0.02577984,1.055093,0.6519489,-0.06547078,0.1901926,0.8051504,True,0,1,10
6/25/2025 12:12:54 PM,1750846374141,Right,-0.0494509,0.5959731,0.3833063,-0.06725565,0.414465,0.6534532,-0.097111,0.626068,0.225298,-0.08660165,0.448341,0.4375754,-0.02367866,1.049263,0.6513182,-0.06101175,0.1894014,0.8237287,True,0,1,10
6/25/2025 12:12:54 PM,1750846374169,Right,-0.05728981,0.5943394,0.4365034,-0.06578247,0.420757,0.7117161,-0.1007752,0.6148432,0.2603723,-0.0856263,0.4414102,0.4754077,-0.02092969,1.039471,0.6492658,-0.05241759,0.1896813,0.8661767,True,0,1,10
6/25/2025 12:12:54 PM,1750846374183,Right,-0.06118163,0.5943158,0.4598229,-0.06559023,0.4259826,0.7386976,-0.1029558,0.6091504,0.2802898,-0.08573584,0.4383103,0.4975158,-0.02019882,1.035109,0.6479381,-0.0494071,0.1917206,0.8910148,True,0,1,10
6/25/2025 12:12:54 PM,1750846374210,Right,-0.06670801,0.5924835,0.497551,-0.06743482,0.4367097,0.7827367,-0.1074308,0.5980149,0.3218579,-0.08742795,0.4325889,0.5421698,-0.01923931,1.028991,0.6459417,-0.04710447,0.1947615,0.9414122,True,0,1,10
6/25/2025 12:12:54 PM,1750846374224,Right,-0.06804992,0.5904489,0.5134148,-0.06733898,0.4420872,0.8040236,-0.1096759,0.5926281,0.3428301,-0.08845691,0.4295674,0.5661315,-0.01923466,1.027102,0.6455719,-0.04678129,0.1978495,0.9675655,True,0,1,10
6/25/2025 12:12:54 PM,1750846374238,Right,-0.07046851,0.5879527,0.5269655,-0.06760757,0.4477317,0.8209177,-0.1126543,0.5866601,0.3676758,-0.08957575,0.4272643,0.5936284,-0.01971185,1.026408,0.6458195,-0.04520971,0.2024248,0.9984805,True,0,1,10
6/25/2025 12:12:54 PM,1750846374266,Right,-0.07595339,0.5831691,0.5492887,-0.07028268,0.4576025,0.8487198,-0.1193711,0.5746359,0.4185575,-0.09387744,0.4239248,0.6484166,-0.02020109,1.027203,0.6485239,-0.04522306,0.2124398,1.061532,True,0,1,10
6/25/2025 12:12:54 PM,1750846374280,Right,-0.07855108,0.5805813,0.5578098,-0.07056344,0.4613493,0.8603535,-0.1231897,0.5684477,0.4453108,-0.09636211,0.4209847,0.6779231,-0.02018797,1.028516,0.6515248,-0.04566244,0.2163482,1.093474,True,0,1,10
6/25/2025 12:12:54 PM,1750846374308,Right,-0.08401572,0.5769069,0.5707549,-0.07070194,0.4685935,0.8776905,-0.1321602,0.5548909,0.50393,-0.1038907,0.4140008,0.7405908,-0.02086282,1.0324,0.6570731,-0.04979769,0.2212466,1.161196,True,0,1,10
6/25/2025 12:12:54 PM,1750846374322,Right,-0.08542643,0.5756342,0.5745918,-0.0707632,0.4717747,0.8834421,-0.1372724,0.5484638,0.5333149,-0.1079836,0.4103288,0.7719692,-0.02206266,1.035146,0.6594443,-0.05206296,0.2230492,1.194333,True,0,1,10
6/25/2025 12:12:54 PM,1750846374349,Right,-0.08635893,0.575112,0.5800659,-0.07073116,0.4784037,0.8910056,-0.1446283,0.5447341,0.5654015,-0.1146934,0.4084929,0.8048388,-0.02552092,1.041291,0.6645039,-0.05701098,0.2242569,1.228514,True,0,1,10
6/25/2025 12:12:54 PM,1750846374364,Right,-0.08563412,0.5751481,0.5816671,-0.07048088,0.4817876,0.8927023,-0.145071,0.5458477,0.5674502,-0.1150083,0.4101686,0.8068145,-0.02746618,1.044488,0.6672367,-0.05694285,0.2264806,1.23103,True,0,1,10
6/25/2025 12:12:54 PM,1750846374391,Right,-0.08474632,0.5763983,0.5827634,-0.07009825,0.4873542,0.8931038,-0.1448093,0.54878,0.5677221,-0.1146447,0.4160964,0.806428,-0.03179491,1.051339,0.6724514,-0.05622621,0.2350509,1.233926,True,0,1,10
6/25/2025 12:12:54 PM,1750846374405,Right,-0.08375913,0.5767444,0.5816004,-0.07024387,0.4897017,0.8922195,-0.1443103,0.5502069,0.5672688,-0.1141925,0.4177293,0.8056042,-0.0341897,1.054796,0.6750824,-0.05602508,0.2365001,1.233523,True,0,1,10
6/25/2025 12:12:54 PM,1750846374419,Right,-0.082728,0.5772343,0.5803416,-0.07083071,0.4917015,0.8915077,-0.1434544,0.5509262,0.5654914,-0.1135984,0.4187204,0.8041971,-0.03705513,1.058158,0.6772283,-0.05616252,0.2382126,1.232342,True,0,1,10
6/25/2025 12:12:54 PM,1750846374447,Right,-0.08027977,0.5781946,0.5758999,-0.07303815,0.4962454,0.8876262,-0.1423352,0.5532073,0.561775,-0.1143921,0.4226514,0.8009315,-0.04282284,1.065054,0.6806024,-0.06037287,0.2443146,1.231079,True,0,1,10
6/25/2025 12:12:54 PM,1750846374461,Right,-0.07906088,0.5789546,0.5736988,-0.07455638,0.4982865,0.886265,-0.1415018,0.5543709,0.5593828,-0.1151335,0.4244201,0.7996203,-0.04550421,1.068353,0.6819752,-0.06418781,0.2478433,1.230325,True,0,1,10
6/25/2025 12:12:54 PM,1750846374488,Right,-0.07723674,0.5806526,0.569732,-0.07932869,0.5029737,0.8832916,-0.1407098,0.5570967,0.5554449,-0.1184444,0.428625,0.7972403,-0.05104387,1.075325,0.6847467,-0.07534244,0.2551274,1.229716,True,0,1,10
6/25/2025 12:12:54 PM,1750846374502,Right,-0.07600238,0.5821092,0.5685569,-0.08230043,0.5053625,0.882006,-0.1408845,0.5588356,0.5536618,-0.1207156,0.430668,0.7954019,-0.05397153,1.078693,0.6857518,-0.08160588,0.2572722,1.228677,True,0,1,10
6/25/2025 12:12:54 PM,1750846374530,Right,-0.07462501,0.5863161,0.5669181,-0.08789668,0.5126207,0.8819016,-0.1415205,0.5631467,0.5504595,-0.1251732,0.4352518,0.7938491,-0.06010246,1.085893,0.6868227,-0.09364124,0.2637642,1.227348,True,0,1,10
6/25/2025 12:12:54 PM,1750846374544,Right,-0.07480749,0.5888393,0.5666626,-0.09292866,0.5159848,0.8813754,-0.1424122,0.5655377,0.5491399,-0.1283307,0.438152,0.7924612,-0.06316936,1.089633,0.6873932,-0.1011001,0.2670411,1.226852,True,0,1,10
6/25/2025 12:12:54 PM,1750846374557,Right,-0.07616937,0.5925401,0.5670735,-0.09975943,0.5199952,0.8815023,-0.1438938,0.568451,0.5483506,-0.1325669,0.4415565,0.7920767,-0.06625426,1.093614,0.6880258,-0.1106494,0.271341,1.227115,True,0,1,10
6/25/2025 12:12:54 PM,1750846374586,Right,-0.0798164,0.6008413,0.5687935,-0.1144287,0.5286839,0.8820379,-0.1478527,0.5743832,0.5474955,-0.1416147,0.4485397,0.7917124,-0.07322466,1.101341,0.6894369,-0.1299365,0.2799553,1.228004,True,0,1,10
6/25/2025 12:12:54 PM,1750846374600,Right,-0.08182183,0.6075223,0.5709466,-0.1233179,0.533897,0.8828989,-0.1502891,0.5775201,0.5472438,-0.1472537,0.4522859,0.7917312,-0.07693636,1.105386,0.6899724,-0.1419525,0.2846757,1.228619,True,0,1,10
6/25/2025 12:12:54 PM,1750846374627,Right,-0.08949442,0.6169655,0.5750856,-0.1430895,0.5452223,0.8853239,-0.1551598,0.5843354,0.547417,-0.1579514,0.4602706,0.7922213,-0.08488381,1.113472,0.6896764,-0.1647841,0.2944028,1.23002,True,0,1,10
6/25/2025 12:12:54 PM,1750846374641,Right,-0.09563323,0.6208431,0.5778905,-0.1554724,0.5516855,0.8883075,-0.158937,0.5878293,0.5478218,-0.1653354,0.4642121,0.7934196,-0.08892035,1.117654,0.6893393,-0.1795026,0.299817,1.230995,True,0,1,10
6/25/2025 12:12:54 PM,1750846374669,Right,-0.1086314,0.6314348,0.5835592,-0.1837309,0.5661188,0.8918874,-0.1703402,0.5958837,0.5496869,-0.18564,0.4740765,0.7961831,-0.09666145,1.12663,0.6884698,-0.2172753,0.3132214,1.233792,True,0,1,10
6/25/2025 12:12:54 PM,1750846374683,Right,-0.1168536,0.6370028,0.5874415,-0.2011082,0.575106,0.8944004,-0.1765727,0.599705,0.5513564,-0.1967867,0.4790406,0.7983042,-0.1003785,1.131224,0.6877962,-0.2379512,0.3204024,1.235698,True,0,1,10
6/25/2025 12:12:54 PM,1750846374711,Right,-0.136567,0.6473402,0.5953333,-0.2378369,0.5935143,0.896552,-0.1900895,0.6079546,0.5542611,-0.2218124,0.4901109,0.7995554,-0.1075824,1.140598,0.6852988,-0.2858639,0.3343004,1.236933,True,0,1,10
6/25/2025 12:12:54 PM,1750846374724,Right,-0.1469251,0.6541595,0.5989946,-0.260064,0.6032676,0.8969455,-0.1973637,0.6120315,0.5559024,-0.235064,0.4955029,0.801342,-0.1108013,1.145362,0.6837404,-0.3106415,0.3422706,1.237443,True,0,1,10
6/25/2025 12:12:54 PM,1750846374738,Right,-0.1589527,0.6636544,0.6030207,-0.2825051,0.6132379,0.8974368,-0.2050983,0.6163082,0.5571826,-0.2497926,0.5009972,0.8025283,-0.1140083,1.150195,0.682234,-0.3387242,0.3502549,1.236491,True,0,1,10
6/25/2025 12:12:54 PM,1750846374766,Right,-0.1804742,0.6834608,0.6133503,-0.3327396,0.6312044,0.8909021,-0.2210635,0.6261628,0.5606657,-0.280329,0.513794,0.8019725,-0.119702,1.159958,0.6786531,-0.3980185,0.3655384,1.232128,True,0,1,10
6/25/2025 12:12:54 PM,1750846374780,Right,-0.1935722,0.6921258,0.6171197,-0.3598275,0.6420181,0.8874446,-0.2290034,0.6315972,0.562269,-0.2964042,0.5201879,0.8023335,-0.1219777,1.164867,0.6767554,-0.4290473,0.3739139,1.228364,True,0,1,10
6/25/2025 12:12:54 PM,1750846374808,Right,-0.2199802,0.7105673,0.6236296,-0.4145002,0.6624851,0.8766948,-0.2460027,0.6421319,0.5657004,-0.3311884,0.5331452,0.8025427,-0.1255192,1.17446,0.6718968,-0.4959081,0.3920003,1.217683,True,0,1,10
6/25/2025 12:12:54 PM,1750846374822,Right,-0.2327603,0.7222755,0.6263732,-0.4434132,0.6743955,0.868622,-0.2551204,0.6480439,0.5672097,-0.3498217,0.5395786,0.8024907,-0.1267973,1.179037,0.6693568,-0.5306294,0.4007413,1.209889,True,0,1,10
6/25/2025 12:12:54 PM,1750846374849,Right,-0.2632114,0.7425261,0.6294571,-0.5007007,0.697753,0.8482975,-0.274296,0.660457,0.5688022,-0.3893936,0.554333,0.7973419,-0.1286826,1.188401,0.6636533,-0.6060859,0.419964,1.187008,True,0,1,10
6/25/2025 12:12:54 PM,1750846374863,Right,-0.2794794,0.7533888,0.630223,-0.530119,0.7109832,0.8346094,-0.2836876,0.6663614,0.5691813,-0.4090929,0.5607688,0.7935243,-0.1294408,1.193327,0.6607358,-0.643402,0.4276454,1.172274,True,0,1,10
6/25/2025 12:12:54 PM,1750846374877,Right,-0.2960445,0.7621584,0.6300255,-0.557801,0.7224373,0.8203573,-0.2939294,0.6740962,0.5697063,-0.4297829,0.5694163,0.787333,-0.1299475,1.198108,0.6579146,-0.6839468,0.4363686,1.154063,True,0,1,10
6/25/2025 12:12:54 PM,1750846374905,Right,-0.3319143,0.7815085,0.6232127,-0.6118893,0.7497563,0.7853755,-0.3152437,0.692285,0.5695376,-0.4707265,0.5871648,0.7722677,-0.1306044,1.207589,0.6524955,-0.7616009,0.4507396,1.11039,True,0,1,10
6/25/2025 12:12:54 PM,1750846374919,Right,-0.3490038,0.791517,0.6184929,-0.638969,0.7613415,0.7656244,-0.3265114,0.7016376,0.5686485,-0.4924586,0.5961267,0.7643894,-0.1308461,1.211914,0.6499016,-0.8000175,0.4591814,1.085473,True,0,1,10
6/25/2025 12:12:54 PM,1750846374947,Right,-0.3802909,0.8134863,0.6019192,-0.689084,0.7853913,0.7214179,-0.3467477,0.7159067,0.5664155,-0.5357765,0.6089356,0.7468181,-0.1313206,1.22027,0.6446944,-0.8744729,0.4716233,1.026776,True,0,1,10
6/25/2025 12:12:54 PM,1750846374961,Right,-0.3960079,0.8241856,0.5934029,-0.7129982,0.7959694,0.697812,-0.3574991,0.7224933,0.5624967,-0.5575927,0.6162721,0.7346164,-0.1315349,1.224412,0.6421037,-0.9103653,0.4804862,0.9936252,True,0,1,10
6/25/2025 12:12:54 PM,1750846374988,Right,-0.422017,0.843585,0.5711994,-0.7520335,0.8108868,0.6434012,-0.3766193,0.7363886,0.5545458,-0.5969351,0.6284756,0.7085695,-0.1322095,1.232122,0.6368481,-0.9713492,0.4897375,0.9227301,True,0,1,10
6/25/2025 12:12:55 PM,1750846375002,Right,-0.4345822,0.8517278,0.558633,-0.7695356,0.8235902,0.6141655,-0.385808,0.7427733,0.5500895,-0.6131899,0.6351309,0.6931964,-0.1326958,1.235862,0.6341922,-0.9980544,0.493405,0.8863482,True,0,1,10
6/25/2025 12:12:55 PM,1750846375030,Right,-0.4540211,0.8668978,0.5360251,-0.7909611,0.8530629,0.5574666,-0.4021046,0.7548307,0.5389105,-0.637943,0.6422286,0.6603833,-0.1333818,1.242363,0.6290395,-1.035433,0.4830814,0.8130409,True,0,1,10
6/25/2025 12:12:55 PM,1750846375044,Right,-0.4628625,0.8741211,0.5237908,-0.803452,0.8646415,0.5277885,-0.4098901,0.7619857,0.532442,-0.6516027,0.6483782,0.6440879,-0.133638,1.245444,0.626688,-1.052884,0.4843575,0.7765352,True,0,1,10
6/25/2025 12:12:55 PM,1750846375058,Right,-0.4691986,0.8801988,0.5118534,-0.8166656,0.873713,0.497252,-0.4170077,0.7688309,0.5248507,-0.6688679,0.6539316,0.6276246,-0.1337711,1.248318,0.6245211,-1.069847,0.4887326,0.7380326,True,0,1,10
6/25/2025 12:12:55 PM,1750846375086,Right,-0.4804262,0.8894823,0.4864538,-0.8435017,0.8837638,0.435524,-0.4292136,0.778514,0.5078528,-0.70491,0.6604028,0.5903792,-0.1337556,1.253725,0.6210285,-1.098335,0.4949327,0.6560378,True,0,1,10
6/25/2025 12:12:55 PM,1750846375099,Right,-0.4842466,0.8908104,0.473886,-0.8155414,0.8669699,0.4296848,-0.4343033,0.7808036,0.49914,-0.6835467,0.6620067,0.5666862,-0.1337705,1.256251,0.6195406,-1.09226,0.4630642,0.6265544,True,0,1,10
6/25/2025 12:12:55 PM,1750846375128,Right,-0.490616,0.892313,0.4483857,-0.81907,0.8693419,0.3663964,-0.443069,0.7848648,0.480736,-0.6964822,0.6541539,0.5223378,-0.1336911,1.260528,0.6164173,-1.091917,0.4306819,0.5411644,True,0,1,10
6/25/2025 12:12:55 PM,1750846375142,Right,-0.4924354,0.8919502,0.4350058,-0.8168111,0.8680181,0.3455783,-0.4462904,0.7870159,0.4713964,-0.6976971,0.6525134,0.5007679,-0.1335707,1.262182,0.6146072,-1.088005,0.4165202,0.5035728,True,0,1,10
6/25/2025 12:12:55 PM,1750846375169,Right,-0.494368,0.8920363,0.4101663,-0.8117775,0.8667091,0.3007852,-0.4580117,0.7940819,0.4554428,-0.725189,0.6516687,0.4672978,-0.1336051,1.265136,0.6115332,-1.097927,0.4192708,0.4442441,False,0,1,10
6/25/2025 12:12:55 PM,1750846375183,Right,-0.4942166,0.8923813,0.3987044,-0.8084213,0.8654378,0.2807515,-0.4639722,0.799113,0.4443763,-0.7336341,0.6609173,0.4446844,-0.1338642,1.266098,0.6103232,-1.108884,0.4349032,0.4051268,False,0,1,10
6/25/2025 12:12:55 PM,1750846375211,Right,-0.4921878,0.8913186,0.3787537,-0.800608,0.8618587,0.2452718,-0.46605,0.8013985,0.421927,-0.7371001,0.6669236,0.3969386,-0.1343445,1.267084,0.6074694,-1.109707,0.446518,0.3226021,False,0,1,10
6/25/2025 12:12:55 PM,1750846375224,Right,-0.4902185,0.8896519,0.3699248,-0.7953451,0.8591126,0.2290524,-0.4653749,0.8009417,0.414543,-0.7352765,0.667227,0.375793,-0.1343665,1.267311,0.6056521,-1.104016,0.4474536,0.2830731,False,0,1,10
6/25/2025 12:12:55 PM,1750846375238,Right,-0.4885275,0.888379,0.3641519,-0.790818,0.855752,0.2179243,-0.4647041,0.7996222,0.4077736,-0.73036,0.6625382,0.3534253,-0.1341845,1.267418,0.6038321,-1.08993,0.437416,0.2404422,False,0,1,10
6/25/2025 12:12:55 PM,1750846375266,Right,-0.4849778,0.8847634,0.355872,-0.7815629,0.8489492,0.2005854,-0.4611836,0.7949995,0.3988813,-0.7238295,0.657581,0.3358743,-0.1335496,1.267386,0.6006278,-1.079781,0.4320501,0.209924,False,0,1,10
6/25/2025 12:12:55 PM,1750846375280,Right,-0.4827865,0.8823716,0.3534904,-0.7775228,0.8463866,0.1948468,-0.4590745,0.7931979,0.3952283,-0.7198445,0.6536413,0.3296342,-0.1328517,1.267075,0.5994064,-1.072658,0.4249246,0.2003187,False,0,1,10
6/25/2025 12:12:55 PM,1750846375308,Right,-0.4784776,0.8773547,0.3513639,-0.7704273,0.8400291,0.1892072,-0.4544536,0.7886937,0.3927785,-0.713051,0.6479628,0.3234561,-0.1309898,1.266451,0.5966846,-1.06357,0.4187633,0.1872819,False,0,1,10
6/25/2025 12:12:55 PM,1750846375322,Right,-0.4759766,0.8744799,0.3516825,-0.768051,0.8363506,0.1900996,-0.4516724,0.7860377,0.3920662,-0.7099098,0.64499,0.3223759,-0.1294917,1.265996,0.5952009,-1.059999,0.4153512,0.1855958,False,0,1,10
6/25/2025 12:12:55 PM,1750846375349,Right,-0.4709527,0.8684734,0.3543967,-0.7644194,0.8284783,0.1964596,-0.4452091,0.780609,0.3938553,-0.7034652,0.6398934,0.3247979,-0.1265023,1.264746,0.593117,-1.0544,0.410805,0.1883532,False,0,1,10
6/25/2025 12:12:55 PM,1750846375364,Right,-0.4681725,0.8657029,0.3572437,-0.7632679,0.824343,0.2033733,-0.4417666,0.7776446,0.3954495,-0.6998173,0.6368467,0.3276929,-0.1250483,1.263812,0.5922128,-1.051575,0.4074034,0.1925817,False,0,1,10
6/25/2025 12:12:55 PM,1750846375392,Right,-0.4619478,0.8595111,0.3639682,-0.7616292,0.8158494,0.2205981,-0.4332841,0.7689301,0.3990552,-0.6928829,0.6292901,0.3354739,-0.1221622,1.261345,0.5901432,-1.048022,0.4018586,0.2055193,False,0,1,10
6/25/2025 12:12:55 PM,1750846375405,Right,-0.4584201,0.8561833,0.3684265,-0.7615173,0.8115951,0.2318686,-0.4298131,0.7653779,0.4030416,-0.6905894,0.6263391,0.3423323,-0.1206862,1.260057,0.5889881,-1.047707,0.4001697,0.2161457,False,0,1,10
6/25/2025 12:12:55 PM,1750846375419,Right,-0.4548942,0.8526435,0.3731943,-0.7610157,0.8074682,0.2436689,-0.4256857,0.7627804,0.4078614,-0.6879174,0.6246206,0.3505835,-0.1193658,1.258452,0.5880145,-1.04745,0.4001555,0.2289416,False,0,1,10
6/25/2025 12:12:55 PM,1750846375447,Right,-0.4468219,0.8459811,0.38417,-0.7592711,0.798897,0.2728721,-0.4159029,0.7565839,0.4158994,-0.6808218,0.6207052,0.3674863,-0.1165011,1.255267,0.5861927,-1.046505,0.3997477,0.2574405,False,0,1,10
6/25/2025 12:12:55 PM,1750846375461,Right,-0.4421911,0.8424158,0.3897012,-0.758778,0.7940116,0.2878924,-0.41016,0.7532358,0.4203334,-0.6773805,0.6184369,0.3771533,-0.1149844,1.253694,0.5853701,-1.045849,0.4001361,0.2743187,False,0,1,10
6/25/2025 12:12:55 PM,1750846375488,Right,-0.4324094,0.8347762,0.4025955,-0.7545784,0.7825975,0.323015,-0.3978,0.746286,0.4288307,-0.669147,0.614511,0.3983034,-0.1118699,1.250854,0.5841018,-1.044472,0.402236,0.3124475,False,0,1,10
6/25/2025 12:12:55 PM,1750846375503,Right,-0.4266234,0.8304946,0.4093912,-0.7515414,0.7760956,0.3411128,-0.3899788,0.7445559,0.4337215,-0.6624411,0.6145703,0.4107958,-0.1103003,1.249439,0.5836442,-1.041942,0.4050201,0.3349316,False,0,1,10
6/25/2025 12:12:55 PM,1750846375530,Right,-0.4116107,0.8202021,0.4225811,-0.7438246,0.7673962,0.3779121,-0.3737618,0.7367832,0.4436596,-0.6514325,0.6094463,0.4374771,-0.1068693,1.246533,0.5836297,-1.036164,0.4085225,0.3839237,False,0,1,10
6/25/2025 12:12:55 PM,1750846375544,Right,-0.4030817,0.8143042,0.4290633,-0.7376214,0.7593093,0.3973403,-0.3646408,0.7299641,0.4439016,-0.644121,0.6045173,0.4469117,-0.105275,1.244963,0.5837923,-1.031921,0.4084795,0.4053681,False,0,1,10
6/25/2025 12:12:55 PM,1750846375558,Right,-0.3927659,0.8065288,0.4350849,-0.7273971,0.7488127,0.4169069,-0.3538695,0.7227854,0.4439647,-0.6336972,0.5997004,0.4570548,-0.1037287,1.243176,0.5838281,-1.025451,0.4083852,0.4287868,False,0,1,10
6/25/2025 12:12:55 PM,1750846375586,Right,-0.3691873,0.7907112,0.4428665,-0.7036915,0.7279139,0.4540825,-0.3301195,0.7075431,0.4372219,-0.6103374,0.5888327,0.4728209,-0.1010154,1.239331,0.5837383,-1.007925,0.4087534,0.4746926,False,0,1,10
6/25/2025 12:12:55 PM,1750846375600,Right,-0.3549251,0.781217,0.4436171,-0.6867694,0.7163545,0.4715983,-0.3182707,0.700029,0.4307995,-0.5965611,0.5836846,0.4780476,-0.0994612,1.237528,0.5838785,-0.9972129,0.4087625,0.4963858,False,0,1,10
6/25/2025 12:12:55 PM,1750846375628,Right,-0.3254944,0.7628893,0.4417828,-0.6508141,0.6944166,0.5037099,-0.2935708,0.687843,0.4191251,-0.566631,0.5753927,0.4925173,-0.09600234,1.233521,0.5850723,-0.9697647,0.4122431,0.5491503,False,0,1,10
6/25/2025 12:12:55 PM,1750846375641,Right,-0.3084818,0.7546558,0.4390896,-0.6279236,0.6840743,0.5182357,-0.2809732,0.6842924,0.4130788,-0.5493619,0.5733309,0.4991482,-0.09448028,1.231351,0.5862916,-0.9525821,0.4150303,0.5759886,False,0,1,10
6/25/2025 12:12:55 PM,1750846375669,Right,-0.2764488,0.7421957,0.4292455,-0.5836967,0.666371,0.5459611,-0.2576312,0.6767771,0.3962612,-0.5160311,0.5669413,0.5113781,-0.09129226,1.226695,0.5896517,-0.911498,0.4202114,0.6344468,False,0,1,10
6/25/2025 12:12:55 PM,1750846375683,Right,-0.2613549,0.7382842,0.4213257,-0.5577958,0.6606738,0.5585541,-0.2462085,0.6733717,0.3851084,-0.4964907,0.5640363,0.5142349,-0.08937228,1.224319,0.5914756,-0.8863608,0.4218301,0.6626552,False,0,1,10
6/25/2025 12:12:55 PM,1750846375711,Right,-0.2325643,0.7307026,0.402164,-0.5049566,0.6440549,0.5740567,-0.2246382,0.6691467,0.3639137,-0.4553626,0.559232,0.5212347,-0.08582604,1.219052,0.5951442,-0.8253489,0.424342,0.723521,False,0,1,10
6/25/2025 12:12:55 PM,1750846375725,Right,-0.2170554,0.7267746,0.3908874,-0.4776969,0.6337175,0.5776747,-0.2145838,0.6676797,0.3528768,-0.4350623,0.5562583,0.5237464,-0.08415282,1.216439,0.5971391,-0.79048,0.4236995,0.7515213,False,0,1,10
6/25/2025 12:12:55 PM,1750846375739,Right,-0.2018516,0.7219632,0.3779376,-0.4508578,0.6234773,0.5782427,-0.2048983,0.6663168,0.3408102,-0.4136934,0.5525957,0.5265673,-0.08250892,1.213819,0.599263,-0.7495854,0.4220393,0.7809745,False,0,1,10
6/25/2025 12:12:55 PM,1750846375766,Right,-0.1712672,0.7144052,0.3539106,-0.3970343,0.6024002,0.5733104,-0.1873907,0.6675593,0.3170299,-0.366376,0.5478196,0.5268077,-0.07878101,1.208679,0.6039381,-0.6572183,0.4133257,0.8315467,False,0,1,10
6/25/2025 12:12:55 PM,1750846375780,Right,-0.1559794,0.7099549,0.3396005,-0.3698861,0.5918662,0.5671862,-0.1783664,0.6682581,0.30439,-0.3413323,0.5437793,0.5252864,-0.07675302,1.206022,0.6063228,-0.6049186,0.4048618,0.8509938,False,0,1,10
6/25/2025 12:12:55 PM,1750846375808,Right,-0.1269203,0.7031909,0.3112947,-0.3186878,0.5724333,0.5510404,-0.162235,0.6702498,0.2788976,-0.2866958,0.5331525,0.5152636,-0.07247055,1.200097,0.6113529,-0.4884835,0.3758998,0.8764092,False,0,1,10
6/25/2025 12:12:55 PM,1750846375821,Right,-0.1138881,0.7014857,0.2949328,-0.2935064,0.5637234,0.5389318,-0.1545173,0.6720718,0.2659723,-0.2592784,0.5270134,0.5061646,-0.07024324,1.196851,0.614102,-0.4295311,0.3569696,0.8784901,False,0,1,10
6/25/2025 12:12:55 PM,1750846375850,Right,-0.09272993,0.700056,0.2587029,-0.2468282,0.5485703,0.5114779,-0.138712,0.6772399,0.2424541,-0.2185735,0.518545,0.4832278,-0.06582439,1.189747,0.6196865,-0.348458,0.3270184,0.8616889,False,0,1,10
6/25/2025 12:12:55 PM,1750846375864,Right,-0.08363115,0.7027982,0.2412563,-0.2252375,0.5433436,0.496345,-0.1349281,0.6771951,0.2281667,-0.2037671,0.5132601,0.4687787,-0.06374824,1.185939,0.6222287,-0.3150284,0.3134888,0.8489579,False,0,1,10
6/25/2025 12:12:55 PM,1750846375878,Right,-0.07549974,0.7053923,0.2244335,-0.2043151,0.5375555,0.4813205,-0.1297583,0.6793395,0.214501,-0.1919321,0.5108389,0.4540718,-0.06175959,1.181864,0.6245717,-0.2919351,0.3042119,0.8334339,False,0,1,10
6/25/2025 12:12:55 PM,1750846375906,Right,-0.06390209,0.7150315,0.1933247,-0.1723679,0.5271578,0.4486909,-0.121897,0.6855937,0.189791,-0.1693722,0.5066413,0.4287957,-0.05815184,1.172508,0.6295613,-0.2443314,0.2878721,0.8037353,False,0,1,10
6/25/2025 12:12:55 PM,1750846375920,Right,-0.05825976,0.7201872,0.1766853,-0.1552761,0.5228113,0.4312868,-0.1180713,0.6895621,0.1789287,-0.1576068,0.5058844,0.4162052,-0.05607259,1.167376,0.6321908,-0.2200447,0.280205,0.7889519,False,0,1,10
6/25/2025 12:12:55 PM,1750846375947,Right,-0.0490943,0.7310569,0.148348,-0.1270366,0.5188842,0.3988596,-0.1123289,0.6957419,0.1585159,-0.1346273,0.5013788,0.390296,-0.05218351,1.156805,0.6367117,-0.1700835,0.2599274,0.7558686,False,0,1,10
6/25/2025 12:12:55 PM,1750846375961,Right,-0.04415972,0.7370268,0.1353666,-0.1138436,0.5166166,0.3835855,-0.1094211,0.6989033,0.1501094,-0.1249686,0.4992846,0.3803449,-0.05027306,1.151188,0.6383895,-0.1496865,0.2525854,0.7411078,False,0,1,10
6/25/2025 12:12:55 PM,1750846375988,Right,-0.03864441,0.745424,0.1174537,-0.09353809,0.5147624,0.3592364,-0.1055515,0.7028976,0.1359167,-0.1105207,0.4965978,0.3606211,-0.04713428,1.139362,0.6418345,-0.1181357,0.2393403,0.7147573,False,0,1,10
6/25/2025 12:12:56 PM,1750846376003,Right,-0.03588297,0.7489352,0.1094664,-0.08406245,0.5136172,0.3482733,-0.104317,0.7041732,0.1311696,-0.1046201,0.4954018,0.353255,-0.04591715,1.133547,0.6433756,-0.1048427,0.2337556,0.7045867,False,0,1,10
6/25/2025 12:12:56 PM,1750846376031,Right,-0.03283452,0.7529408,0.1024297,-0.07138702,0.5115862,0.3357884,-0.1028322,0.7059373,0.1248851,-0.09548362,0.4929443,0.3422308,-0.04438102,1.123212,0.6467369,-0.08358556,0.2238691,0.6882144,False,0,1,10
6/25/2025 12:12:56 PM,1750846376044,Right,-0.03171362,0.7539126,0.09962644,-0.06519078,0.5102771,0.3311971,-0.1027906,0.7051458,0.1242804,-0.09239625,0.4912053,0.3400174,-0.04347706,1.11814,0.648281,-0.07543761,0.2199062,0.6845432,False,0,1,10
6/25/2025 12:12:56 PM,1750846376058,Right,-0.03170354,0.7523788,0.09981135,-0.0618063,0.5081355,0.3304811,-0.103678,0.7028779,0.123698,-0.0904175,0.4891873,0.338912,-0.042395,1.114194,0.6495415,-0.06893387,0.2174919,0.6834242,False,0,1,10
6/25/2025 12:12:56 PM,1750846376086,Right,-0.0326084,0.7476134,0.1037358,-0.05582564,0.5031475,0.3339905,-0.1041005,0.6993198,0.1288209,-0.08651748,0.4847429,0.341996,-0.04026496,1.107011,0.6527827,-0.05763675,0.2105302,0.6847219,False,0,1,10
6/25/2025 12:12:56 PM,1750846376100,Right,-0.03338623,0.7432032,0.1089775,-0.05411982,0.4993542,0.3401258,-0.1048446,0.6957345,0.1325458,-0.08583333,0.4819601,0.3463885,-0.03962529,1.103627,0.6546961,-0.05435,0.2090142,0.6899091,False,0,1,10
6/25/2025 12:12:56 PM,1750846376127,Right,-0.03630302,0.732438,0.1241902,-0.05223324,0.4896636,0.3565611,-0.1058884,0.6861361,0.1436728,-0.08421744,0.4736639,0.358312,-0.0387212,1.097826,0.6594309,-0.04870971,0.2024935,0.7030658,False,0,1,10
6/25/2025 12:12:56 PM,1750846376142,Right,-0.03874037,0.7239446,0.1364794,-0.05248007,0.4828665,0.3690935,-0.1064373,0.6809102,0.1509796,-0.08427761,0.4706909,0.3663742,-0.03828275,1.094978,0.6614852,-0.04826551,0.2013209,0.7137498,False,0,1,10
6/25/2025 12:12:56 PM,1750846376170,Right,-0.04158624,0.7051076,0.1630099,-0.05137661,0.4718189,0.3988485,-0.1070977,0.6688942,0.1704372,-0.08500235,0.462301,0.3851347,-0.03837621,1.089259,0.6649343,-0.04913482,0.1933201,0.7366259,False,0,1,10
6/25/2025 12:12:56 PM,1750846376184,Right,-0.04211821,0.6942903,0.1791203,-0.05191914,0.4638894,0.4192307,-0.1073509,0.6622133,0.1817404,-0.08503902,0.4554643,0.3974598,-0.03888452,1.086901,0.6660676,-0.04910039,0.1877903,0.7488647,False,0,1,10
6/25/2025 12:12:56 PM,1750846376211,Right,-0.04350187,0.6744592,0.216002,-0.05126557,0.4502703,0.4651694,-0.10725,0.6480902,0.2095542,-0.08427452,0.4421905,0.4288594,-0.03992617,1.082178,0.6678827,-0.04821185,0.1795898,0.7815,False,0,1,10
6/25/2025 12:12:56 PM,1750846376225,Right,-0.04156146,0.6674051,0.2409148,-0.05030071,0.4437896,0.4909829,-0.1073259,0.6405247,0.2243918,-0.08452031,0.4361711,0.4455783,-0.04062212,1.079987,0.668681,-0.04910926,0.1765954,0.8001353,False,0,1,10
6/25/2025 12:12:56 PM,1750846376239,Right,-0.04135978,0.6596689,0.2645298,-0.05274879,0.4399952,0.5133806,-0.107667,0.6320367,0.2419708,-0.08549449,0.4320859,0.4631954,-0.04113889,1.07795,0.6695932,-0.0509056,0.1743678,0.8228472,False,0,1,10
6/25/2025 12:12:56 PM,1750846376266,Right,-0.04397557,0.6420056,0.3107206,-0.05432938,0.4306056,0.5643358,-0.1088585,0.6154545,0.279895,-0.08751737,0.4226464,0.5052502,-0.04280436,1.074936,0.6705338,-0.05420998,0.1736645,0.8731362,False,0,1,10
6/25/2025 12:12:56 PM,1750846376281,Right,-0.04510522,0.6313466,0.3350599,-0.0537134,0.426981,0.5943595,-0.1103542,0.6068016,0.3007812,-0.08911802,0.4166422,0.5282601,-0.04379344,1.073179,0.6708764,-0.05559396,0.1718251,0.8990259,False,0,1,10
6/25/2025 12:12:56 PM,1750846376308,Right,-0.04707606,0.6149086,0.3774602,-0.05861187,0.4229393,0.6430238,-0.113935,0.588246,0.3475638,-0.09320123,0.4037992,0.5770867,-0.04499483,1.070805,0.6734047,-0.05898883,0.1648846,0.954067,False,0,1,10
6/25/2025 12:12:56 PM,1750846376322,Right,-0.04686907,0.6064222,0.396657,-0.06205581,0.4225579,0.6660458,-0.1150982,0.5790919,0.3715119,-0.09545094,0.3980755,0.6022429,-0.04516447,1.069907,0.6759224,-0.06186925,0.1627324,0.982995,False,0,1,10
6/25/2025 12:12:56 PM,1750846376350,Right,-0.04750251,0.5941914,0.4324595,-0.06769317,0.4238776,0.7115477,-0.1173208,0.5624616,0.4269414,-0.09965134,0.3881421,0.6640058,-0.0455569,1.068959,0.6812103,-0.06691894,0.1650692,1.051152,False,0,1,10
6/25/2025 12:12:56 PM,1750846376364,Right,-0.05068011,0.590009,0.4503538,-0.07101813,0.4261133,0.7338376,-0.1226394,0.5615559,0.4498545,-0.1059536,0.3913223,0.6905012,-0.04644024,1.069189,0.683319,-0.07339526,0.1754895,1.081224,False,0,1,10
6/25/2025 12:12:56 PM,1750846376378,Right,-0.05343808,0.5876832,0.4676509,-0.07421838,0.4288303,0.7549896,-0.1261606,0.5601469,0.4659493,-0.1096353,0.3938691,0.710329,-0.04764354,1.069678,0.6852882,-0.07653052,0.1855376,1.104154,False,0,1,10
6/25/2025 12:12:56 PM,1750846376406,Right,-0.05946452,0.591316,0.497499,-0.07833064,0.4389299,0.7915991,-0.1286785,0.5597944,0.4928821,-0.1128852,0.3989707,0.7434781,-0.05239022,1.071968,0.6893306,-0.08240282,0.2025335,1.141206,False,0,1,10
6/25/2025 12:12:56 PM,1750846376419,Right,-0.06308041,0.5917521,0.5114511,-0.08045614,0.4446724,0.8085093,-0.1318993,0.5613921,0.5046844,-0.1159959,0.4028199,0.7573103,-0.05522001,1.073613,0.6918281,-0.0861647,0.2107225,1.156635,False,0,1,10
6/25/2025 12:12:56 PM,1750846376447,Right,-0.06545238,0.5999174,0.5314389,-0.08212836,0.4550512,0.8300857,-0.134561,0.5654061,0.5240214,-0.1183912,0.4102235,0.7798177,-0.06227553,1.078867,0.6970273,-0.09056262,0.2248632,1.181437,False,0,1,10
6/25/2025 12:12:56 PM,1750846376461,Right,-0.0666296,0.6025376,0.5400103,-0.08273143,0.4601314,0.8392531,-0.1358696,0.5673025,0.5305501,-0.1193632,0.4138238,0.7861871,-0.06596458,1.082293,0.6994045,-0.09229712,0.2298641,1.189592,False,0,1,10
6/25/2025 12:12:56 PM,1750846376489,Right,-0.06643404,0.6057752,0.5486823,-0.08279075,0.4683342,0.8487651,-0.1368164,0.5711071,0.5401921,-0.1202558,0.4189025,0.7949134,-0.07315254,1.089659,0.7047037,-0.09411862,0.2350672,1.200006,False,0,1,10
6/25/2025 12:12:56 PM,1750846376503,Right,-0.06659817,0.6070886,0.5522178,-0.08318575,0.4719961,0.8524873,-0.1396115,0.5725386,0.5422942,-0.1226117,0.4215677,0.7972031,-0.07672298,1.093777,0.7072073,-0.09569269,0.239109,1.203351,False,0,1,10
6/25/2025 12:12:56 PM,1750846376531,Right,-0.06707361,0.6089538,0.5541799,-0.08359499,0.4788521,0.8542014,-0.1419164,0.5757502,0.5452166,-0.1232801,0.4293633,0.8002856,-0.08372223,1.101826,0.7119952,-0.0933128,0.2515385,1.210517,False,0,1,10
6/25/2025 12:12:56 PM,1750846376544,Right,-0.06789963,0.6100521,0.5549738,-0.08325695,0.4830337,0.8546364,-0.1426705,0.5773193,0.5447623,-0.1241201,0.4316077,0.7986543,-0.08694017,1.105988,0.7139088,-0.09406684,0.2531075,1.210063,False,0,1,10
6/25/2025 12:12:56 PM,1750846376558,Right,-0.0681503,0.6116585,0.5540724,-0.08330646,0.4869907,0.8539646,-0.1448518,0.5788208,0.5435883,-0.1260104,0.4338982,0.79716,-0.09054959,1.110266,0.7156224,-0.09549163,0.2558324,1.209428,False,0,1,10
6/25/2025 12:12:56 PM,1750846376587,Right,-0.06912415,0.6149896,0.5514094,-0.08460881,0.4940136,0.8513117,-0.1438096,0.5830761,0.5407845,-0.1246166,0.4414108,0.7947396,-0.09785771,1.118111,0.7182894,-0.09394744,0.2670479,1.209918,False,0,1,10
6/25/2025 12:12:56 PM,1750846376600,Right,-0.06927908,0.6157143,0.5490411,-0.08552551,0.4974382,0.8490436,-0.1418752,0.5863849,0.539036,-0.1227336,0.4450993,0.7923104,-0.1012844,1.122037,0.7191257,-0.09239715,0.2703506,1.208195,False,0,1,10
6/25/2025 12:12:56 PM,1750846376628,Right,-0.06992496,0.6190019,0.5435842,-0.08729056,0.5045781,0.8441917,-0.1413,0.5923166,0.5333784,-0.1239123,0.4519301,0.7864573,-0.1073972,1.129663,0.7197809,-0.09662442,0.2777342,1.203559,False,0,1,10
6/25/2025 12:12:56 PM,1750846376642,Right,-0.07058928,0.6210756,0.5400636,-0.08907506,0.5078473,0.8412579,-0.1425637,0.5949416,0.5303364,-0.1266404,0.455328,0.7841133,-0.1105791,1.133474,0.7198925,-0.1018274,0.2825993,1.201815,False,0,1,10
6/25/2025 12:12:56 PM,1750846376670,Right,-0.07202393,0.6259612,0.533673,-0.09231476,0.5143495,0.8352774,-0.1441108,0.6002329,0.5241077,-0.1287071,0.4609703,0.7780285,-0.1162298,1.140884,0.7200078,-0.1048119,0.2887275,1.19606,False,0,1,10
6/25/2025 12:12:56 PM,1750846376684,Right,-0.07232961,0.6289708,0.5301799,-0.0940365,0.5176199,0.8319185,-0.1453172,0.6030939,0.5206145,-0.1309002,0.464315,0.7749813,-0.1184909,1.144603,0.7198002,-0.1087922,0.2930015,1.193377,False,0,1,10
6/25/2025 12:12:56 PM,1750846376697,Right,-0.07447595,0.6317984,0.5266342,-0.09577382,0.5207285,0.8281293,-0.1461891,0.6061637,0.5170817,-0.1317869,0.4675277,0.7711866,-0.1205364,1.148101,0.7189316,-0.1100548,0.296059,1.189859,False,0,1,10
6/25/2025 12:12:56 PM,1750846376725,Right,-0.07533131,0.6371878,0.5184449,-0.09875645,0.5269797,0.8200515,-0.1488319,0.6122082,0.5095189,-0.1349801,0.4737458,0.763689,-0.1241103,1.154512,0.7173551,-0.1143764,0.3024879,1.182561,False,0,1,10
6/25/2025 12:12:56 PM,1750846376739,Right,-0.07792176,0.6407123,0.5138742,-0.09982876,0.5305178,0.8148733,-0.1495146,0.6151878,0.5049141,-0.135691,0.4770079,0.7585655,-0.1254382,1.157668,0.7162387,-0.1150591,0.3054674,1.177957,False,0,1,10
6/25/2025 12:12:56 PM,1750846376767,Right,-0.07980318,0.6455626,0.5031489,-0.1017714,0.537379,0.8031179,-0.1509156,0.6208099,0.4946603,-0.1371614,0.4833243,0.7470373,-0.1267251,1.163997,0.7126184,-0.1160938,0.3111027,1.16769,False,0,1,10
6/25/2025 12:12:56 PM,1750846376781,Right,-0.08055892,0.6484303,0.4964806,-0.1026214,0.5407391,0.7963569,-0.1513366,0.6228559,0.4885956,-0.1381858,0.4854991,0.7408001,-0.1268167,1.167193,0.7097143,-0.1180386,0.3131868,1.16172,False,0,1,10
6/25/2025 12:12:56 PM,1750846376809,Right,-0.08218998,0.6532583,0.4825476,-0.1038472,0.546644,0.7821979,-0.1539122,0.6292746,0.4758232,-0.1407868,0.4921823,0.727542,-0.1273955,1.17352,0.7042208,-0.1202363,0.3196162,1.148934,False,0,1,10
6/25/2025 12:12:56 PM,1750846376822,Right,-0.08243547,0.6549649,0.4746419,-0.104338,0.5489138,0.7738379,-0.1539661,0.631786,0.4684867,-0.1408649,0.4949471,0.7197403,-0.1272025,1.176721,0.7015078,-0.1199467,0.3221352,1.141583,False,0,1,10
6/25/2025 12:12:56 PM,1750846376850,Right,-0.08362053,0.6588411,0.4589166,-0.1048912,0.5531081,0.757305,-0.1539975,0.6365455,0.4535547,-0.1409339,0.5000997,0.7040867,-0.1255132,1.182986,0.6953282,-0.1189249,0.3269048,1.126602,False,0,1,10
6/25/2025 12:12:56 PM,1750846376864,Right,-0.08236094,0.6604373,0.4502979,-0.1050412,0.5552318,0.7485874,-0.1539204,0.6393292,0.4457044,-0.1412292,0.5025421,0.6958796,-0.1243564,1.185877,0.6917422,-0.1195415,0.328557,1.118266,False,0,1,10
6/25/2025 12:12:56 PM,1750846376878,Right,-0.08258034,0.6621205,0.4415402,-0.1048739,0.556832,0.7393082,-0.1535893,0.6416652,0.4373958,-0.1413471,0.5040627,0.6866572,-0.1232526,1.188623,0.6876392,-0.1201481,0.3281441,1.108728,False,0,1,10
6/25/2025 12:12:56 PM,1750846376906,Right,-0.08265102,0.6655941,0.4243373,-0.1045467,0.5587358,0.7202879,-0.1526457,0.6456403,0.4208123,-0.1405543,0.5080054,0.6688852,-0.1206168,1.193468,0.6780391,-0.1193963,0.3306868,1.091483,False,0,1,10
6/25/2025 12:12:56 PM,1750846376920,Right,-0.08321151,0.6680539,0.4155369,-0.1044548,0.5596781,0.7103607,-0.1522882,0.6485432,0.4118801,-0.1404224,0.5101885,0.6589019,-0.1189054,1.195793,0.6728534,-0.1193828,0.3308796,1.081288,False,0,1,10
6/25/2025 12:12:56 PM,1750846376947,Right,-0.08212446,0.6722633,0.3974605,-0.1049788,0.5597753,0.6911772,-0.1512996,0.6535555,0.3946711,-0.140312,0.5117016,0.6402443,-0.1143752,1.199858,0.6620852,-0.1198831,0.3269747,1.059846,False,0,1,10
6/25/2025 12:12:56 PM,1750846376961,Right,-0.08029492,0.6738358,0.3888245,-0.1050827,0.5599831,0.6807653,-0.1505251,0.6558269,0.3856096,-0.1398965,0.5132685,0.6297683,-0.111523,1.201666,0.6567323,-0.1195044,0.3261167,1.049258,False,0,1,10
6/25/2025 12:12:56 PM,1750846376989,Right,-0.08014377,0.6793104,0.3678561,-0.1048592,0.5602695,0.6587121,-0.1478072,0.6611472,0.3666054,-0.1384439,0.5155969,0.6098948,-0.1041682,1.204918,0.6456863,-0.1196216,0.32429,1.026782,False,0,1,10
6/25/2025 12:12:57 PM,1750846377003,Right,-0.08109905,0.6827043,0.3567502,-0.1046538,0.5601321,0.6475944,-0.1463393,0.6637525,0.3566431,-0.1374809,0.5166199,0.6003064,-0.09965694,1.206425,0.6396142,-0.119555,0.3241666,1.015478,False,0,1,10
6/25/2025 12:12:57 PM,1750846377031,Right,-0.07743461,0.6898292,0.3354473,-0.1029878,0.5599095,0.62289,-0.1422452,0.6692636,0.3352674,-0.1345235,0.5185791,0.5768195,-0.08927786,1.209102,0.6284925,-0.1190703,0.3201272,0.9892297,False,0,1,10
6/25/2025 12:12:57 PM,1750846377044,Right,-0.07558224,0.6939848,0.3240086,-0.101832,0.5599796,0.6095118,-0.1399131,0.6727359,0.3242085,-0.1327155,0.5203791,0.5647464,-0.08381271,1.210541,0.6234711,-0.1184759,0.3191071,0.9758121,False,0,1,10
6/25/2025 12:12:57 PM,1750846377059,Right,-0.07288032,0.6987853,0.3116897,-0.1004757,0.5599185,0.595479,-0.1370151,0.6761261,0.3124808,-0.130227,0.5212197,0.5520906,-0.07811391,1.211801,0.6189088,-0.117252,0.3164589,0.960824,False,0,1,10
6/25/2025 12:12:57 PM,1750846377087,Right,-0.0672693,0.7085429,0.2862045,-0.09685446,0.560705,0.5656309,-0.1313673,0.6819137,0.2875876,-0.1252282,0.522615,0.5247164,-0.06800783,1.213583,0.6091354,-0.1145106,0.3108664,0.9295688,False,0,1,10
6/25/2025 12:12:57 PM,1750846377100,Right,-0.0640016,0.7138737,0.2718076,-0.0943618,0.5611604,0.5487571,-0.1279697,0.6865532,0.274865,-0.1222882,0.5247606,0.510538,-0.06379354,1.214063,0.6044751,-0.1126482,0.3090382,0.913103,False,0,1,10
6/25/2025 12:12:57 PM,1750846377128,Right,-0.05764021,0.7255034,0.2440399,-0.08950631,0.5624369,0.5147969,-0.1221077,0.6957266,0.2489809,-0.1174206,0.5284445,0.4807873,-0.05727708,1.214163,0.5972033,-0.1092485,0.3032968,0.8782134,False,0,1,10
6/25/2025 12:12:57 PM,1750846377142,Right,-0.05454616,0.7317461,0.2292394,-0.08728997,0.5622452,0.4966661,-0.1199696,0.699069,0.2345265,-0.1153565,0.5285755,0.4646766,-0.05454767,1.213967,0.5940614,-0.1073785,0.2988175,0.8588184,False,0,1,10
6/25/2025 12:12:57 PM,1750846377170,Right,-0.04705328,0.7441139,0.2002573,-0.08209319,0.5634398,0.4600198,-0.1139354,0.7098786,0.2084179,-0.1095396,0.5332868,0.4339899,-0.04941571,1.212258,0.5891448,-0.1019608,0.2931458,0.821843,False,0,1,10
6/25/2025 12:12:57 PM,1750846377184,Right,-0.04379137,0.7499375,0.1859722,-0.07962435,0.5640039,0.4412012,-0.1110137,0.7150939,0.1957327,-0.1066241,0.5356578,0.4184399,-0.0467993,1.210958,0.5877862,-0.09889619,0.2898105,0.8032582,False,0,1,10
6/25/2025 12:12:57 PM,1750846377198,Right,-0.04142424,0.7565253,0.1714398,-0.07759111,0.5652317,0.421873,-0.1087785,0.7193994,0.1828836,-0.1042217,0.5368298,0.4023781,-0.04421258,1.209534,0.5871118,-0.09620068,0.2846911,0.7836918,False,0,1,10
6/25/2025 12:12:57 PM,1750846377225,Right,-0.03757876,0.7675598,0.1449926,-0.07318266,0.5650394,0.4153761,-0.1052628,0.7279874,0.1595144,-0.1002263,0.5279309,0.3903371,-0.04031861,1.205416,0.5863556,-0.09138811,0.2811711,0.7513444,False,0,1,10
6/25/2025 12:12:57 PM,1750846377239,Right,-0.03533002,0.7729322,0.132231,-0.06603378,0.5661851,0.3775705,-0.103355,0.7321377,0.148266,-0.09821436,0.5399378,0.3659661,-0.03855217,1.202608,0.5862867,-0.08830861,0.2799312,0.7359589,False,0,1,10
6/25/2025 12:12:57 PM,1750846377267,Right,-0.03204219,0.7829189,0.1089628,-0.06155824,0.5675792,0.3451993,-0.1009251,0.7388475,0.1277508,-0.0951025,0.5420063,0.3392734,-0.03504336,1.195985,0.5862141,-0.08366326,0.271423,0.7033517,False,0,1,10
6/25/2025 12:12:57 PM,1750846377281,Right,-0.03085206,0.787073,0.09897347,-0.0601395,0.5671826,0.3322747,-0.09895305,0.7426885,0.1195745,-0.09285294,0.5419402,0.3284163,-0.03316629,1.192244,0.5865707,-0.08062358,0.2660154,0.6875066,False,0,1,10
6/25/2025 12:12:57 PM,1750846377309,Right,-0.02825673,0.7933235,0.08241571,-0.0590961,0.5666106,0.3077204,-0.09732813,0.7470782,0.1055752,-0.09079244,0.5414973,0.3086365,-0.02971351,1.184181,0.5875241,-0.07737822,0.2558531,0.6609129,False,0,1,10
6/25/2025 12:12:57 PM,1750846377323,Right,-0.02734081,0.7949541,0.0766435,-0.06009849,0.5656301,0.2981106,-0.09705303,0.7478967,0.1006206,-0.09031239,0.5408443,0.3013577,-0.02780044,1.180109,0.5881867,-0.0765073,0.2515274,0.6513433,False,0,1,10
6/25/2025 12:12:57 PM,1750846377351,Right,-0.02846305,0.7964342,0.06968288,-0.06063155,0.5615559,0.2858316,-0.09662981,0.7476531,0.09449804,-0.09004173,0.5372375,0.2921005,-0.02369726,1.171762,0.5905429,-0.07611482,0.2425666,0.6372381,False,0,1,10
6/25/2025 12:12:57 PM,1750846377364,Right,-0.02755369,0.7946034,0.06946873,-0.06137572,0.5579438,0.2835318,-0.09673866,0.7459491,0.09439585,-0.09065998,0.5341791,0.290665,-0.02184653,1.167716,0.5921642,-0.07766749,0.2372824,0.633835,False,0,1,10
6/25/2025 12:12:57 PM,1750846377378,Right,-0.02782214,0.7924766,0.06949697,-0.06204673,0.554255,0.2818232,-0.09570588,0.7447535,0.09414345,-0.09015474,0.5314733,0.2888521,-0.02016842,1.163567,0.5940821,-0.07795146,0.2320196,0.6297635,False,0,1,10
6/25/2025 12:12:57 PM,1750846377406,Right,-0.03086383,0.7819766,0.07780482,-0.06669129,0.5405565,0.2877411,-0.09731251,0.7381287,0.09633744,-0.09201501,0.5239077,0.2911565,-0.01676619,1.154944,0.5985413,-0.08016488,0.2243586,0.6309834,False,0,1,10
6/25/2025 12:12:57 PM,1750846377420,Right,-0.03297571,0.7758155,0.08368684,-0.06956673,0.5324191,0.2920451,-0.09774039,0.7346119,0.1005929,-0.09312638,0.5192828,0.2950966,-0.01504612,1.150355,0.6009741,-0.08219043,0.2190056,0.6335174,False,0,1,10
6/25/2025 12:12:57 PM,1750846377448,Right,-0.03753294,0.75757,0.1032036,-0.07436945,0.5143819,0.3118314,-0.1002386,0.7244506,0.1116966,-0.0956236,0.5090765,0.3062409,-0.01270998,1.139459,0.6064128,-0.08480717,0.2088488,0.6446289,False,0,1,10
6/25/2025 12:12:57 PM,1750846377462,Right,-0.04017051,0.7484151,0.1146645,-0.07679469,0.5046455,0.3229631,-0.1017989,0.7180383,0.1188271,-0.09718113,0.5025324,0.3134905,-0.01237452,1.133816,0.6086048,-0.0866025,0.202445,0.6517743,True,0,1,11
6/25/2025 12:12:57 PM,1750846377490,Right,-0.04751945,0.7269658,0.1435707,-0.08038991,0.4847119,0.354822,-0.1027253,0.711877,0.1265322,-0.0978728,0.5090693,0.3116396,-0.01285136,1.122046,0.6119664,-0.08644569,0.1990756,0.6621344,True,0,1,11
6/25/2025 12:12:57 PM,1750846377503,Right,-0.05076733,0.7151229,0.1593015,-0.08228478,0.4741664,0.3722702,-0.1034704,0.7078,0.1317072,-0.09798479,0.5058906,0.3178055,-0.01317394,1.116298,0.6138264,-0.08562388,0.1976463,0.6697823,True,0,1,11
6/25/2025 12:12:57 PM,1750846377531,Right,-0.05755627,0.6908996,0.1941509,-0.08460356,0.4557898,0.4125313,-0.1058711,0.6974499,0.1449813,-0.09830905,0.4989759,0.333345,-0.01294315,1.105171,0.6188798,-0.08181881,0.1953053,0.6902999,True,0,1,11
6/25/2025 12:12:57 PM,1750846377544,Right,-0.06193161,0.6781298,0.2133292,-0.08605067,0.4464941,0.4353889,-0.1072883,0.6917809,0.1528143,-0.09830233,0.4951985,0.3427945,-0.01275933,1.099782,0.6215255,-0.07886537,0.1946757,0.7025222,True,0,1,11
6/25/2025 12:12:57 PM,1750846377558,Right,-0.06497169,0.6665717,0.2350112,-0.08552453,0.4380469,0.4618899,-0.1090331,0.6852474,0.1620402,-0.09835459,0.4903578,0.3546869,-0.0126363,1.094283,0.623906,-0.07544384,0.1944893,0.7171334,True,0,1,11
6/25/2025 12:12:57 PM,1750846377587,Right,-0.07426008,0.6452784,0.2797914,-0.09147692,0.4249978,0.5101292,-0.1131413,0.6707686,0.1837642,-0.1000523,0.4813996,0.3777196,-0.01280296,1.083106,0.6276081,-0.07217927,0.1901627,0.7471825,True,0,1,11
6/25/2025 12:12:57 PM,1750846377601,Right,-0.07630375,0.6364664,0.3041461,-0.09282184,0.4193855,0.5382307,-0.1152758,0.6633248,0.1959494,-0.1013559,0.4754258,0.3917752,-0.01301086,1.078659,0.6294099,-0.07194522,0.187714,0.7634147,True,0,1,11
6/25/2025 12:12:57 PM,1750846377628,Right,-0.08178908,0.6208856,0.3484386,-0.09339761,0.4114603,0.5916195,-0.1200373,0.6470639,0.22465,-0.1040501,0.4630768,0.4256056,-0.01294219,1.070389,0.6335273,-0.07125037,0.1850877,0.8028349,True,0,1,11
6/25/2025 12:12:57 PM,1750846377642,Right,-0.08332524,0.6123281,0.3697578,-0.09437479,0.4099964,0.617076,-0.1223552,0.6389903,0.2400513,-0.105722,0.4585852,0.4426475,-0.01285207,1.067315,0.635823,-0.0717286,0.1851413,0.824481,True,0,1,11
6/25/2025 12:12:57 PM,1750846377669,Right,-0.08900669,0.6002195,0.4112025,-0.09644021,0.409403,0.6663709,-0.1273098,0.6215374,0.2759202,-0.1095914,0.4469115,0.4822829,-0.01424575,1.063016,0.6407249,-0.07362823,0.1827229,0.8714538,True,0,1,11
6/25/2025 12:12:57 PM,1750846377684,Right,-0.09010953,0.5959242,0.4299681,-0.09650721,0.4110985,0.6903396,-0.1300545,0.6122296,0.2961675,-0.1117271,0.4401924,0.5053134,-0.01537275,1.062082,0.6430594,-0.07491943,0.1818348,0.8976827,True,0,1,11
6/25/2025 12:12:57 PM,1750846377698,Right,-0.08950102,0.5930608,0.446462,-0.09618694,0.4140877,0.7121351,-0.1325996,0.6031868,0.3174429,-0.1137659,0.4339268,0.5299009,-0.01638699,1.06174,0.6456922,-0.07641608,0.1823169,0.9255646,True,0,1,11
6/25/2025 12:12:57 PM,1750846377725,Right,-0.09212028,0.5879061,0.477247,-0.09557007,0.4219111,0.7515651,-0.1379273,0.5860329,0.3625917,-0.1175647,0.4243299,0.5810233,-0.018875,1.064602,0.6523917,-0.0777356,0.1871783,0.985,True,0,1,11
6/25/2025 12:12:57 PM,1750846377739,Right,-0.0933552,0.5869095,0.4910985,-0.09532932,0.4274313,0.7693778,-0.1407745,0.578531,0.3862973,-0.1194795,0.4206191,0.6074281,-0.02041245,1.067593,0.6564056,-0.0781036,0.1905168,1.015279,True,0,1,11
6/25/2025 12:12:57 PM,1750846377767,Right,-0.09688554,0.5866492,0.5161942,-0.0945203,0.4395869,0.8004184,-0.147762,0.5643432,0.440968,-0.1243358,0.4123359,0.665349,-0.02413404,1.075657,0.665225,-0.08005214,0.1922995,1.079011,True,0,1,11
6/25/2025 12:12:57 PM,1750846377781,Right,-0.09890394,0.5878971,0.5270167,-0.09477179,0.4458906,0.8136913,-0.1524322,0.5593416,0.4692945,-0.1274591,0.4096422,0.6949675,-0.0264535,1.080714,0.6700232,-0.08103266,0.1937522,1.110658,True,0,1,11
6/25/2025 12:12:57 PM,1750846377809,Right,-0.1029892,0.5904626,0.5457101,-0.09509344,0.4595481,0.8354986,-0.1638542,0.5566908,0.53292,-0.1371482,0.4113602,0.759392,-0.03240383,1.093104,0.6799046,-0.08757065,0.2011523,1.179351,True,0,1,11
6/25/2025 12:12:57 PM,1750846377823,Right,-0.1036276,0.5936517,0.5523557,-0.09447867,0.4668414,0.8435085,-0.1643925,0.560601,0.5407091,-0.1372538,0.4167956,0.767697,-0.03609538,1.10091,0.685214,-0.08674644,0.2088981,1.189073,True,0,1,11
6/25/2025 12:12:57 PM,1750846377851,Right,-0.1050261,0.5997216,0.5633432,-0.09404276,0.481232,0.8570762,-0.1663663,0.5684865,0.5515413,-0.13876,0.4266634,0.7789351,-0.04355896,1.116236,0.6959536,-0.08725323,0.2214518,1.20224,True,0,1,11
6/25/2025 12:12:57 PM,1750846377865,Right,-0.1053478,0.6033002,0.5671995,-0.09459617,0.4881444,0.861996,-0.1680248,0.5729257,0.5556513,-0.1403415,0.4316226,0.783096,-0.04759204,1.124348,0.7014887,-0.0886716,0.2270449,1.206934,True,0,1,11
6/25/2025 12:12:57 PM,1750846377878,Right,-0.1054855,0.6074022,0.5710587,-0.09515018,0.4953087,0.8667121,-0.1690207,0.5776823,0.5594961,-0.1411924,0.4373589,0.7872171,-0.05206406,1.132514,0.7062963,-0.0892476,0.234212,1.212003,True,0,1,11
6/25/2025 12:12:57 PM,1750846377906,Right,-0.1042393,0.6164181,0.5751041,-0.09682488,0.5107717,0.8728843,-0.1690223,0.5881193,0.5638158,-0.141719,0.4508197,0.7931263,-0.06179011,1.148892,0.7147447,-0.09061893,0.2529218,1.220775,True,0,1,11
6/25/2025 12:12:57 PM,1750846377920,Right,-0.1041263,0.6208281,0.5769326,-0.0982042,0.5186058,0.8758812,-0.1690533,0.5931846,0.5654366,-0.1422559,0.4579118,0.7959483,-0.06717515,1.156973,0.7183161,-0.092085,0.2637179,1.225458,True,0,1,11
6/25/2025 12:12:57 PM,1750846377948,Right,-0.1019257,0.6298308,0.5787637,-0.1024609,0.5345659,0.879675,-0.170097,0.6031758,0.5665613,-0.1463383,0.4726087,0.7997321,-0.07827222,1.173623,0.724574,-0.1023543,0.2867269,1.233923,True,0,1,11
6/25/2025 12:12:57 PM,1750846377961,Right,-0.1019096,0.6348974,0.579893,-0.1047524,0.5432562,0.8814555,-0.1706868,0.6083634,0.5670292,-0.1479583,0.4795983,0.800889,-0.08391917,1.182089,0.7273551,-0.1064901,0.2965676,1.236926,True,0,1,11
6/25/2025 12:12:57 PM,1750846377989,Right,-0.1025539,0.6462963,0.5821409,-0.1121421,0.5606213,0.8848823,-0.169077,0.6206002,0.5674998,-0.1509648,0.4945052,0.8028001,-0.09544361,1.199453,0.7319753,-0.1195689,0.3159183,1.241902,True,0,1,11
6/25/2025 12:12:58 PM,1750846378003,Right,-0.1023897,0.6529894,0.5833765,-0.1167621,0.5700011,0.8869057,-0.1687907,0.6276902,0.5677291,-0.1526326,0.5030821,0.8041598,-0.1013502,1.208546,0.7339823,-0.1255867,0.3274691,1.24456,True,0,1,11
6/25/2025 12:12:58 PM,1750846378017,Right,-0.1041537,0.6586224,0.585796,-0.1227993,0.5794218,0.889023,-0.1698584,0.6345698,0.5683054,-0.1566262,0.5112517,0.804628,-0.107097,1.217624,0.7355497,-0.1355833,0.3368704,1.24676,True,0,1,11
6/25/2025 12:12:58 PM,1750846378045,Right,-0.1037826,0.6740859,0.5886301,-0.1365716,0.5965148,0.8934427,-0.1723581,0.6483399,0.5690773,-0.1645812,0.5268751,0.8086858,-0.1190559,1.235456,0.7373931,-0.1551929,0.3582679,1.251473,True,0,1,11
6/25/2025 12:12:58 PM,1750846378059,Right,-0.1095228,0.6769583,0.5933638,-0.1448514,0.6063274,0.8955829,-0.1744067,0.6557581,0.569606,-0.1699167,0.5357303,0.8064821,-0.1252948,1.244411,0.7375762,-0.1671228,0.365645,1.252161,True,0,1,11
6/25/2025 12:12:58 PM,1750846378087,Right,-0.1148438,0.6928982,0.5984558,-0.1640462,0.6254864,0.8999456,-0.178779,0.6701841,0.5709065,-0.1815583,0.5519626,0.8090611,-0.1371697,1.262348,0.7370749,-0.1941657,0.3854643,1.255595,True,0,1,11
6/25/2025 12:12:58 PM,1750846378101,Right,-0.1181652,0.7020078,0.6012986,-0.1751126,0.6353331,0.9029128,-0.1813317,0.6778035,0.5719395,-0.1879662,0.5600382,0.8114047,-0.1430475,1.271468,0.7357011,-0.2086881,0.3955767,1.257286,True,0,1,11
6/25/2025 12:12:58 PM,1750846378129,Right,-0.1283032,0.7167159,0.6048114,-0.2008245,0.6549533,0.9048468,-0.1885971,0.6915029,0.5731928,-0.2046624,0.5755936,0.8137662,-0.1544324,1.289387,0.7324513,-0.2444186,0.4150388,1.259161,True,0,1,11
6/25/2025 12:12:58 PM,1750846378142,Right,-0.1338227,0.7235677,0.6068607,-0.2160217,0.6646005,0.9035016,-0.1916633,0.6982929,0.574473,-0.2127147,0.5833961,0.813897,-0.1598226,1.298399,0.7301784,-0.262658,0.4231963,1.259587,True,0,1,11
6/25/2025 12:12:58 PM,1750846378170,Right,-0.1455854,0.739161,0.6124673,-0.2486378,0.6841329,0.9038397,-0.2025298,0.7116359,0.5753627,-0.2352542,0.5983911,0.8146906,-0.1699865,1.315848,0.7236534,-0.3083491,0.4413812,1.257905,True,0,1,11
6/25/2025 12:12:58 PM,1750846378184,Right,-0.1540735,0.748173,0.6155601,-0.2687332,0.6936864,0.902649,-0.2080339,0.7184728,0.5761784,-0.2467035,0.6058458,0.8148947,-0.1746117,1.324273,0.7199696,-0.3315806,0.4497716,1.256352,True,0,1,11
6/25/2025 12:12:58 PM,1750846378198,Right,-0.1624031,0.7567902,0.6185057,-0.2892314,0.7028531,0.9005418,-0.2141628,0.7261953,0.5762039,-0.2595261,0.6139643,0.8139457,-0.1789337,1.332649,0.715539,-0.3573217,0.4584956,1.252918,True,0,1,11
6/25/2025 12:12:58 PM,1750846378226,Right,-0.1828188,0.7795627,0.6252112,-0.333334,0.7204062,0.8928886,-0.2272189,0.7415888,0.5766743,-0.2863044,0.6300628,0.8105717,-0.1875253,1.350021,0.7058486,-0.4111946,0.474356,1.243637,True,0,1,11
6/25/2025 12:12:58 PM,1750846378240,Right,-0.1937558,0.7887762,0.6275913,-0.3573773,0.7279249,0.8870431,-0.234359,0.7497945,0.5772513,-0.3008138,0.6383635,0.8091888,-0.191539,1.359132,0.7006059,-0.4399717,0.482616,1.237887,True,0,1,11
6/25/2025 12:12:58 PM,1750846378267,Right,-0.2165007,0.8073513,0.6314842,-0.4054371,0.7467452,0.8755358,-0.2493469,0.7668154,0.5781296,-0.3319184,0.6544333,0.8060859,-0.1990954,1.377182,0.689043,-0.5008997,0.498206,1.222079,True,0,1,11
6/25/2025 12:12:58 PM,1750846378281,Right,-0.2282215,0.8182468,0.6332296,-0.4315338,0.7548352,0.8672171,-0.259398,0.7744298,0.5765052,-0.3507434,0.6616243,0.8027253,-0.2024206,1.386168,0.6827091,-0.5348934,0.5062056,1.210743,True,0,1,11
6/25/2025 12:12:58 PM,1750846378309,Right,-0.2537026,0.8379046,0.6354715,-0.48273,0.7726676,0.8476457,-0.2739483,0.7869148,0.5747137,-0.3842791,0.6739628,0.7948765,-0.2087624,1.404807,0.6699184,-0.601564,0.5201427,1.184304,True,0,1,11
6/25/2025 12:12:58 PM,1750846378323,Right,-0.2668499,0.848173,0.6365095,-0.5085884,0.7819887,0.8352066,-0.2823489,0.795441,0.5741537,-0.4028426,0.6819292,0.789629,-0.2115263,1.414218,0.6633717,-0.6379855,0.5275836,1.167344,True,0,1,11
6/25/2025 12:12:58 PM,1750846378350,Right,-0.2938223,0.8689249,0.6373872,-0.5578295,0.8001699,0.8078176,-0.2995118,0.8133604,0.5729869,-0.4385418,0.6972357,0.7776354,-0.21676,1.432176,0.6494625,-0.7056688,0.5390673,1.129673,True,0,1,11
6/25/2025 12:12:58 PM,1750846378365,Right,-0.3108684,0.879757,0.6343832,-0.5825498,0.8092889,0.7907679,-0.3091597,0.8239568,0.5728403,-0.4569585,0.7061082,0.7698518,-0.2190646,1.440284,0.6421129,-0.7405612,0.5439192,1.107229,True,0,1,11
6/25/2025 12:12:58 PM,1750846378378,Right,-0.3260177,0.8915188,0.6314223,-0.6061268,0.817721,0.773132,-0.3187786,0.8347522,0.5729953,-0.4752274,0.7145743,0.7631791,-0.2215137,1.448436,0.6346024,-0.7731922,0.5486433,1.084611,True,0,1,11
6/25/2025 12:12:58 PM,1750846378407,Right,-0.3533607,0.9175645,0.6256728,-0.6524227,0.8376298,0.7350747,-0.3380526,0.8581365,0.5703057,-0.5136575,0.732609,0.7468476,-0.2257575,1.463858,0.6190979,-0.8375067,0.5614454,1.031413,True,0,1,11
6/25/2025 12:12:58 PM,1750846378420,Right,-0.3676316,0.9287409,0.6212531,-0.6741241,0.8457686,0.7141992,-0.3487652,0.8682552,0.5640326,-0.5336753,0.7393357,0.7319112,-0.2276701,1.470974,0.611035,-0.8695855,0.5640032,0.9956309,True,0,1,11
6/25/2025 12:12:58 PM,1750846378448,Right,-0.3953496,0.9548662,0.61225,-0.7133769,0.8727039,0.670952,-0.3658003,0.8866271,0.5644062,-0.5677952,0.7524928,0.7112758,-0.2315127,1.484327,0.5947053,-0.9270723,0.5688926,0.9306284,True,0,1,11
6/25/2025 12:12:58 PM,1750846378462,Right,-0.4102224,0.9679197,0.6068074,-0.7327825,0.8836018,0.6470379,-0.3750869,0.8951233,0.5625319,-0.584289,0.7565739,0.6982826,-0.2335411,1.490279,0.5870842,-0.951417,0.566389,0.8940096,True,0,1,11
6/25/2025 12:12:58 PM,1750846378490,Right,-0.4350407,0.9880366,0.5867816,-0.7616889,0.8995749,0.5987745,-0.3956811,0.9146456,0.5537968,-0.6168784,0.7708837,0.6686517,-0.2376879,1.501761,0.5722629,-0.9963526,0.571303,0.8210227,True,0,1,11
6/25/2025 12:12:58 PM,1750846378504,Right,-0.4481604,0.9977686,0.5761105,-0.7760447,0.9067838,0.5727891,-0.4060333,0.9234772,0.5487719,-0.6309662,0.7745087,0.6527249,-0.2395655,1.506836,0.5648987,-1.012162,0.5659602,0.783057,True,0,1,11
6/25/2025 12:12:58 PM,1750846378518,Right,-0.4595056,1.007109,0.5659428,-0.7877703,0.9144225,0.5479375,-0.4154278,0.9299129,0.5428015,-0.644822,0.7783114,0.6356987,-0.2414283,1.511598,0.5576754,-1.028545,0.5643067,0.7440966,True,0,1,11
6/25/2025 12:12:58 PM,1750846378545,Right,-0.4800783,1.02289,0.5436375,-0.807507,0.9258509,0.4987949,-0.434541,0.9414017,0.5344085,-0.6696622,0.7821981,0.6054219,-0.2448572,1.520145,0.5439777,-1.05154,0.5533935,0.6717451,True,0,1,11
6/25/2025 12:12:58 PM,1750846378559,Right,-0.4888071,1.029485,0.5307441,-0.8153321,0.9294696,0.475666,-0.4439442,0.9477286,0.5291392,-0.6818062,0.7854573,0.5882452,-0.2464668,1.523683,0.5376836,-1.061518,0.5503277,0.6329429,True,0,1,11
6/25/2025 12:12:58 PM,1750846378587,Right,-0.5020742,1.039284,0.5038191,-0.8260832,0.932742,0.4308095,-0.4612539,0.9591537,0.5151039,-0.6999751,0.787504,0.552754,-0.2496984,1.530086,0.526327,-1.066915,0.5334209,0.5601254,True,0,1,11
6/25/2025 12:12:58 PM,1750846378600,Right,-0.509111,1.043463,0.4918609,-0.8313528,0.9361326,0.4095162,-0.4690878,0.965363,0.5091401,-0.7072616,0.7899743,0.5363077,-0.2509433,1.532765,0.5207628,-1.067044,0.5269258,0.5270565,True,0,1,11
6/25/2025 12:12:58 PM,1750846378628,Right,-0.517578,1.047247,0.4691791,-0.8394949,0.9409342,0.3689578,-0.4831946,0.9769691,0.4948704,-0.7189394,0.7909485,0.502981,-0.2536879,1.537206,0.5102952,-1.056955,0.5078232,0.4665542,True,0,1,11
6/25/2025 12:12:58 PM,1750846378643,Right,-0.5207021,1.04814,0.4575968,-0.8381776,0.9410884,0.3498643,-0.4895375,0.9808031,0.4874539,-0.7208656,0.791136,0.488547,-0.2549046,1.538739,0.5051582,-1.049583,0.49648,0.4440922,True,0,1,11
6/25/2025 12:12:58 PM,1750846378670,Right,-0.5274776,1.050921,0.4347712,-0.8386069,0.9417347,0.315089,-0.5051732,0.990308,0.4760902,-0.7488912,0.7898946,0.4655639,-0.2572438,1.542088,0.4952276,-1.054483,0.4958483,0.4138941,False,0,1,11
6/25/2025 12:12:58 PM,1750846378685,Right,-0.5307607,1.051579,0.4244424,-0.8373314,0.9416935,0.2998474,-0.5127751,0.995644,0.4663777,-0.7560546,0.7980876,0.4483212,-0.2581923,1.543418,0.4905185,-1.060426,0.5009841,0.3922849,False,0,1,11
6/25/2025 12:12:58 PM,1750846378698,Right,-0.5322006,1.052626,0.4141346,-0.836524,0.9407594,0.284737,-0.5168487,0.9989085,0.4594102,-0.7604061,0.8020705,0.4335362,-0.2591956,1.544805,0.4860711,-1.061726,0.5031505,0.3731952,False,0,1,11
6/25/2025 12:12:58 PM,1750846378726,Right,-0.5332468,1.05416,0.3950785,-0.8332091,0.9377183,0.2573243,-0.5207096,1.002244,0.4421751,-0.7612813,0.8036489,0.3983603,-0.2615701,1.547139,0.4782629,-1.054454,0.5019994,0.319813,False,0,1,11
6/25/2025 12:12:58 PM,1750846378740,Right,-0.5331483,1.054456,0.386571,-0.830695,0.9354476,0.2438993,-0.5214358,1.002622,0.4341961,-0.7596599,0.8025528,0.3806972,-0.2627081,1.548159,0.474787,-1.04773,0.5003608,0.2898063,False,0,1,11
6/25/2025 12:12:58 PM,1750846378767,Right,-0.5323581,1.054228,0.3750781,-0.826417,0.9314664,0.2261351,-0.5224404,1.003308,0.4225036,-0.7509606,0.797056,0.3486969,-0.2649153,1.549472,0.4681805,-1.02221,0.4890174,0.2332006,False,0,1,11
6/25/2025 12:12:58 PM,1750846378781,Right,-0.5313892,1.053555,0.3707559,-0.824349,0.9293929,0.2190378,-0.522458,1.002982,0.4174039,-0.747275,0.79291,0.3408578,-0.2659045,1.549857,0.4651375,-1.011982,0.4806554,0.2233888,False,0,1,11
6/25/2025 12:12:58 PM,1750846378809,Right,-0.5297029,1.051281,0.3650933,-0.8204533,0.926671,0.2090727,-0.520553,1.000514,0.4113001,-0.7458064,0.7917297,0.3310961,-0.2678152,1.549779,0.4588268,-1.01055,0.4822161,0.207904,False,0,1,11
6/25/2025 12:12:58 PM,1750846378823,Right,-0.5284183,1.049823,0.3639257,-0.8188517,0.9253843,0.2073342,-0.5194219,0.9992164,0.4098923,-0.7454789,0.7915978,0.3291474,-0.2687618,1.549631,0.4558519,-1.011557,0.4837515,0.2044677,False,0,1,11
6/25/2025 12:12:58 PM,1750846378851,Right,-0.5258904,1.046482,0.3636018,-0.8165656,0.9238314,0.2067803,-0.5165472,0.9964274,0.4085224,-0.7419473,0.7885693,0.3276793,-0.2705601,1.549343,0.45044,-1.007571,0.4801567,0.2024634,False,0,1,11
6/25/2025 12:12:58 PM,1750846378865,Right,-0.5246996,1.044518,0.364439,-0.8161038,0.9235677,0.2088448,-0.5145884,0.9946283,0.4088888,-0.7411756,0.7883165,0.3292128,-0.2711674,1.54905,0.4479448,-1.009448,0.4813273,0.204594,False,0,1,11
6/25/2025 12:12:58 PM,1750846378879,Right,-0.5234923,1.042606,0.3655273,-0.8155839,0.9233326,0.2112062,-0.512644,0.993027,0.4092559,-0.7384477,0.7860866,0.3310217,-0.2716333,1.548695,0.4454681,-1.006515,0.4777156,0.2076474,False,0,1,11
6/25/2025 12:12:58 PM,1750846378907,Right,-0.5194659,1.039552,0.3691161,-0.816211,0.9237261,0.2206215,-0.5079114,0.9897692,0.4116336,-0.7373132,0.7856579,0.3357034,-0.2720414,1.548309,0.4408543,-1.010568,0.4813187,0.2143666,False,0,1,11
6/25/2025 12:12:58 PM,1750846378920,Right,-0.5178054,1.038477,0.3714454,-0.8166044,0.9243667,0.2260291,-0.5060295,0.9893281,0.4143618,-0.7375494,0.7868706,0.3408886,-0.2722265,1.548156,0.4387856,-1.014293,0.4845895,0.2219898,False,0,1,11
6/25/2025 12:12:58 PM,1750846378948,Right,-0.5155365,1.039499,0.3782828,-0.8182043,0.9270752,0.2403765,-0.4993287,0.9868893,0.4169706,-0.7361423,0.7888845,0.3494515,-0.271782,1.548378,0.4351053,-1.021675,0.4922793,0.2363728,False,0,1,11
6/25/2025 12:12:58 PM,1750846378962,Right,-0.5143153,1.040548,0.3824458,-0.8191629,0.9287259,0.2481345,-0.4963521,0.986384,0.4191257,-0.736393,0.7904956,0.3557464,-0.2710216,1.548292,0.4333011,-1.026636,0.4972138,0.2470446,False,0,1,11
6/25/2025 12:12:58 PM,1750846378989,Right,-0.5112089,1.044951,0.3925112,-0.8204471,0.9329032,0.2662959,-0.4888333,0.9853291,0.4230507,-0.7365717,0.794975,0.3691354,-0.2693621,1.548474,0.4299786,-1.037908,0.5107336,0.2701593,False,0,1,11
6/25/2025 12:12:59 PM,1750846379004,Right,-0.5094563,1.047813,0.3980296,-0.8209841,0.9350236,0.2761201,-0.4848589,0.9851564,0.4256366,-0.7367303,0.7976477,0.3773269,-0.2683516,1.54835,0.4285048,-1.043774,0.5185891,0.2841144,False,0,1,11
6/25/2025 12:12:59 PM,1750846379031,Right,-0.5033162,1.052412,0.412495,-0.8218391,0.9404957,0.296093,-0.4750295,0.986087,0.4317548,-0.7382518,0.8054564,0.3954733,-0.2661985,1.548228,0.4263724,-1.057318,0.5419042,0.3145307,False,0,1,11
6/25/2025 12:12:59 PM,1750846379045,Right,-0.4992862,1.054446,0.420244,-0.8217885,0.9434001,0.3068678,-0.4689138,0.9855017,0.4344717,-0.7381773,0.8091441,0.4033838,-0.2647685,1.547962,0.4254977,-1.063335,0.5550917,0.3271854,False,0,1,11
6/25/2025 12:12:59 PM,1750846379059,Right,-0.4947112,1.056415,0.4289094,-0.8204997,0.945096,0.3194935,-0.4617484,0.9839836,0.4371853,-0.7366925,0.8123131,0.4131914,-0.2628303,1.547764,0.4246943,-1.068683,0.5680579,0.343717,False,0,1,11
6/25/2025 12:12:59 PM,1750846379087,Right,-0.4830907,1.060505,0.4463781,-0.8162978,0.9483485,0.3454555,-0.4460365,0.9803826,0.4426636,-0.7309692,0.816335,0.4285352,-0.2582879,1.547202,0.4230994,-1.073229,0.5917938,0.3669741,False,0,1,11
6/25/2025 12:12:59 PM,1750846379101,Right,-0.4737305,1.05951,0.4535369,-0.8133319,0.9493763,0.3603414,-0.4371003,0.9805379,0.4446871,-0.7264211,0.8182309,0.4342565,-0.2554166,1.546767,0.422668,-1.071292,0.6022384,0.3754738,False,0,1,11
6/25/2025 12:12:59 PM,1750846379129,Right,-0.4544284,1.055838,0.4674368,-0.8051173,0.9513946,0.3894531,-0.4189,0.9786693,0.4500948,-0.7170167,0.8224693,0.4495885,-0.2498494,1.545644,0.4226128,-1.069891,0.6268291,0.3998967,False,0,1,11
6/25/2025 12:12:59 PM,1750846379143,Right,-0.4426663,1.052478,0.4740178,-0.7993178,0.9523724,0.4048048,-0.4091965,0.976074,0.4499316,-0.7116511,0.8230301,0.4549347,-0.246609,1.544798,0.4235499,-1.068014,0.6376222,0.4110644,False,0,1,11
6/25/2025 12:12:59 PM,1750846379170,Right,-0.4180624,1.045181,0.4864655,-0.7868537,0.9528566,0.4347093,-0.3856532,0.9721603,0.4558222,-0.6985899,0.827794,0.4742847,-0.2390724,1.542834,0.4265765,-1.061918,0.6677452,0.4459534,False,0,1,11
6/25/2025 12:12:59 PM,1750846379185,Right,-0.4039814,1.040992,0.4912644,-0.7791669,0.9520455,0.4504234,-0.3733678,0.9700326,0.4573089,-0.6919338,0.8305537,0.4833588,-0.2351795,1.54133,0.4287187,-1.057694,0.6841149,0.4643219,False,0,1,11
6/25/2025 12:12:59 PM,1750846379198,Right,-0.3894948,1.03575,0.4949076,-0.770315,0.950439,0.4660414,-0.3603452,0.9654119,0.4578212,-0.6840142,0.8316969,0.4930029,-0.2309358,1.539374,0.431266,-1.052222,0.6996394,0.4855862,False,0,1,11
6/25/2025 12:12:59 PM,1750846379226,Right,-0.3589873,1.024059,0.5004749,-0.7480168,0.9451104,0.4977722,-0.3340419,0.9563038,0.4580971,-0.6654222,0.8353469,0.5134693,-0.2229401,1.533261,0.4362526,-1.036765,0.7311867,0.5329512,False,0,1,11
6/25/2025 12:12:59 PM,1750846379239,Right,-0.3417361,1.018057,0.5019095,-0.7333542,0.9402351,0.5142895,-0.3199702,0.9507337,0.4559673,-0.6534636,0.8350552,0.5233718,-0.2188689,1.529576,0.4395701,-1.024375,0.7426434,0.5589802,False,0,1,11
6/25/2025 12:12:59 PM,1750846379268,Right,-0.3071238,1.002353,0.501363,-0.6990364,0.927689,0.5454124,-0.2919298,0.9397175,0.4490243,-0.6237593,0.83375,0.5443825,-0.2103392,1.522552,0.4484499,-0.991556,0.7582855,0.6154745,False,0,1,11
6/25/2025 12:12:59 PM,1750846379282,Right,-0.2896726,0.9937215,0.4996659,-0.6782874,0.919612,0.5601821,-0.277565,0.9327744,0.4441556,-0.6045479,0.829412,0.5542699,-0.2057551,1.518565,0.4536722,-0.9699451,0.7578885,0.6444675,False,0,1,11
6/25/2025 12:12:59 PM,1750846379309,Right,-0.2554726,0.9729845,0.487466,-0.6359889,0.8997738,0.5847465,-0.2510542,0.9190854,0.4283118,-0.5657045,0.8190424,0.5706636,-0.1968441,1.509841,0.4655495,-0.9207731,0.7527314,0.7001629,False,0,1,11
6/25/2025 12:12:59 PM,1750846379324,Right,-0.2376152,0.9638781,0.479611,-0.6119055,0.888634,0.5951196,-0.2383819,0.9119913,0.4184561,-0.54471,0.8122995,0.5768272,-0.19241,1.504658,0.4722025,-0.8926155,0.7469801,0.7264329,False,0,1,11
6/25/2025 12:12:59 PM,1750846379351,Right,-0.2048388,0.9454158,0.4599639,-0.5625162,0.8678783,0.6125355,-0.2147502,0.9009263,0.3979249,-0.4989277,0.7986982,0.5880623,-0.1828071,1.493512,0.4878914,-0.8274109,0.7314368,0.7800511,False,0,1,11
6/25/2025 12:12:59 PM,1750846379364,Right,-0.1869291,0.9364627,0.4477324,-0.5340659,0.8546688,0.6154052,-0.2028303,0.8959801,0.386609,-0.4731116,0.7903254,0.5906119,-0.1775295,1.487303,0.4962751,-0.7899887,0.7189925,0.8037667,False,0,1,11
6/25/2025 12:12:59 PM,1750846379379,Right,-0.1700874,0.9279724,0.4346426,-0.5075104,0.8415039,0.6188629,-0.1911236,0.8908386,0.3753576,-0.4504725,0.7815254,0.5911103,-0.1723907,1.480415,0.5052744,-0.7547287,0.7072062,0.8211474,False,0,1,11
6/25/2025 12:12:59 PM,1750846379407,Right,-0.1412241,0.9162274,0.4052368,-0.4572353,0.8182833,0.621883,-0.1711917,0.8813298,0.3491841,-0.4065148,0.7629614,0.588419,-0.1623703,1.464657,0.5233066,-0.6797999,0.6811652,0.8505343,False,0,1,11
6/25/2025 12:12:59 PM,1750846379421,Right,-0.1282999,0.9106802,0.3883348,-0.4313179,0.8049343,0.6201944,-0.1625974,0.8764831,0.3348457,-0.3878191,0.7536905,0.5820466,-0.1570629,1.455685,0.5323737,-0.6480219,0.667699,0.8552997,False,0,1,11
6/25/2025 12:12:59 PM,1750846379448,Right,-0.1075672,0.9037966,0.3529055,-0.3826279,0.7805745,0.6095302,-0.1510168,0.869333,0.3056703,-0.353291,0.7370126,0.5673023,-0.1459895,1.436608,0.551169,-0.5864304,0.6406336,0.8608384,False,0,1,11
6/25/2025 12:12:59 PM,1750846379462,Right,-0.09908711,0.9006107,0.3338697,-0.3585897,0.7672386,0.6026215,-0.1463367,0.8661125,0.2903459,-0.3367392,0.7281376,0.5588374,-0.14011,1.426276,0.5610735,-0.5557132,0.6259812,0.8603003,False,0,1,11
6/25/2025 12:12:59 PM,1750846379489,Right,-0.09261114,0.8950953,0.2955544,-0.3143188,0.7440907,0.5838614,-0.1418081,0.8633649,0.2628133,-0.3022867,0.7122664,0.5402846,-0.1286652,1.403519,0.5809019,-0.4910941,0.5929108,0.8585935,False,0,1,11
6/25/2025 12:12:59 PM,1750846379504,Right,-0.08948763,0.8937467,0.2756169,-0.2945018,0.7312278,0.5739415,-0.1410396,0.8616091,0.2480725,-0.2873191,0.7020351,0.5318696,-0.123067,1.391168,0.5905547,-0.4581136,0.5753571,0.8543925,False,0,1,11
6/25/2025 12:12:59 PM,1750846379518,Right,-0.0852926,0.8965348,0.2589738,-0.2729403,0.7200486,0.5597652,-0.1410273,0.8605221,0.23548,-0.2704536,0.6925076,0.5217749,-0.1172788,1.378443,0.6001996,-0.4231305,0.5555188,0.8498828,False,0,1,11
6/25/2025 12:12:59 PM,1750846379545,Right,-0.08350448,0.8984485,0.2264929,-0.2351009,0.698918,0.5303001,-0.1416734,0.8586032,0.212435,-0.2364427,0.6723011,0.4986064,-0.1064045,1.352225,0.618214,-0.3510471,0.5120076,0.833832,False,0,1,11
6/25/2025 12:12:59 PM,1750846379560,Right,-0.08460418,0.9001157,0.2110942,-0.2178597,0.6890441,0.5139275,-0.1448037,0.8566347,0.199928,-0.2214891,0.6613877,0.484051,-0.1014985,1.338719,0.6265842,-0.3156657,0.4891143,0.8210842,False,0,1,11
6/25/2025 12:12:59 PM,1750846379586,Right,-0.08766676,0.9050503,0.1843496,-0.190109,0.6702778,0.4827285,-0.151208,0.8574722,0.1835185,-0.1992343,0.6441554,0.4616932,-0.09114301,1.311506,0.643172,-0.2584762,0.4512019,0.7946961,False,0,1,11
6/25/2025 12:12:59 PM,1750846379601,Right,-0.09414441,0.9075955,0.1716462,-0.1782503,0.6611244,0.4672284,-0.1565429,0.8568524,0.176762,-0.1928986,0.6357819,0.4514059,-0.08618057,1.297527,0.6508031,-0.2379068,0.43436,0.780898,False,0,1,11
6/25/2025 12:12:59 PM,1750846379628,Right,-0.1057404,0.9113223,0.1541734,-0.1596703,0.6443799,0.439585,-0.169427,0.8532047,0.1653151,-0.1806175,0.6176116,0.4305518,-0.07704878,1.269169,0.6645311,-0.1966448,0.3993719,0.7513143,False,0,1,11
6/25/2025 12:12:59 PM,1750846379643,Right,-0.1147708,0.9112335,0.1473623,-0.1517583,0.6361554,0.4272003,-0.1756569,0.8523577,0.1639958,-0.1756659,0.6099322,0.4228452,-0.07239807,1.254882,0.670787,-0.1791502,0.3829203,0.7382051,False,0,1,11
6/25/2025 12:12:59 PM,1750846379670,Right,-0.1223195,0.9123908,0.1406208,-0.138389,0.620344,0.406255,-0.1882385,0.8445657,0.1609195,-0.1681374,0.5903509,0.4086559,-0.06347525,1.226901,0.6821665,-0.148852,0.3501996,0.7124182,False,0,1,11
6/25/2025 12:12:59 PM,1750846379684,Right,-0.1293096,0.9114275,0.1403256,-0.1327599,0.6114839,0.3985125,-0.193813,0.8395832,0.1629048,-0.1642677,0.5796239,0.4045187,-0.05969727,1.212785,0.6870536,-0.1347994,0.3332722,0.7016689,False,0,1,11
6/25/2025 12:12:59 PM,1750846379698,Right,-0.1336377,0.9074741,0.1416684,-0.127472,0.6022468,0.393099,-0.1979318,0.8339162,0.1658649,-0.1606881,0.569679,0.401375,-0.05645192,1.198506,0.6913629,-0.122634,0.3175927,0.6929706,True,0,1,12
6/25/2025 12:12:59 PM,1750846379725,Right,-0.1402873,0.8974161,0.148502,-0.1170961,0.5834469,0.3864261,-0.1980727,0.8276439,0.1716335,-0.1568008,0.5753462,0.3887755,-0.05021918,1.171278,0.6981752,-0.1082556,0.3035212,0.6886716,True,0,1,12
6/25/2025 12:12:59 PM,1750846379739,Right,-0.1425211,0.8890099,0.1540287,-0.112178,0.5729608,0.3875145,-0.1983551,0.8232673,0.1753844,-0.1537258,0.5693092,0.3892556,-0.04752123,1.158131,0.7010207,-0.1005129,0.2944192,0.6861159,True,0,1,12
6/25/2025 12:12:59 PM,1750846379768,Right,-0.1451816,0.8688703,0.1674871,-0.1032801,0.5513451,0.3936656,-0.1988514,0.8117805,0.1854482,-0.1466061,0.5543592,0.3906516,-0.04374754,1.134056,0.7065006,-0.08263081,0.2714813,0.6800893,True,0,1,12
6/25/2025 12:12:59 PM,1750846379781,Right,-0.145297,0.8559834,0.1764262,-0.09903729,0.53879,0.4012527,-0.1991136,0.8047142,0.1913999,-0.1428598,0.546118,0.3932451,-0.04247129,1.122918,0.709343,-0.07376605,0.2605698,0.6795546,True,0,1,12
6/25/2025 12:12:59 PM,1750846379809,Right,-0.1445107,0.8274769,0.1966071,-0.09128405,0.5124695,0.4222387,-0.1996225,0.7869628,0.2056392,-0.1377651,0.5289668,0.4060069,-0.04024351,1.102752,0.7152503,-0.06094894,0.2435333,0.6909784,True,0,1,12
6/25/2025 12:12:59 PM,1750846379823,Right,-0.1425131,0.8114823,0.2096435,-0.08747766,0.5000895,0.4372049,-0.1998577,0.7764215,0.2134281,-0.1373585,0.5213888,0.4152962,-0.03966177,1.09387,0.7178197,-0.05885787,0.2378405,0.7034786,True,0,1,12
6/25/2025 12:12:59 PM,1750846379851,Right,-0.138507,0.7777051,0.2379488,-0.0787802,0.4777649,0.4728999,-0.199709,0.7535121,0.2307677,-0.1345277,0.5053858,0.435001,-0.04002798,1.078225,0.7217648,-0.05034105,0.2256626,0.7299312,True,0,1,12
6/25/2025 12:12:59 PM,1750846379864,Right,-0.1344386,0.7586212,0.2543173,-0.07445814,0.4669905,0.4958951,-0.1990798,0.7409306,0.2406376,-0.1343146,0.49726,0.4472762,-0.04023373,1.071047,0.7232144,-0.05004187,0.2204196,0.747546,True,0,1,12
6/25/2025 12:12:59 PM,1750846379878,Right,-0.130048,0.7395565,0.2710864,-0.06997308,0.456857,0.5192112,-0.1981146,0.7272814,0.2515346,-0.1322193,0.488534,0.4602325,-0.04014909,1.064977,0.7246873,-0.04549983,0.2149892,0.7656995,True,0,1,12
6/25/2025 12:12:59 PM,1750846379906,Right,-0.119675,0.7022463,0.3121819,-0.06597031,0.4344708,0.5724893,-0.1941309,0.6988339,0.277304,-0.1312359,0.4697198,0.4928271,-0.03877628,1.054177,0.7288196,-0.04748555,0.2047622,0.8106785,True,0,1,12
6/25/2025 12:12:59 PM,1750846379920,Right,-0.1145416,0.6837056,0.3346216,-0.06379893,0.4238475,0.6003902,-0.1914003,0.6842657,0.291751,-0.1288389,0.4601913,0.5099522,-0.03779066,1.050139,0.7309499,-0.04482247,0.1994761,0.8335942,True,0,1,12
6/25/2025 12:12:59 PM,1750846379948,Right,-0.1058235,0.654135,0.3817732,-0.05946039,0.4119472,0.6592975,-0.1844985,0.6534737,0.3258558,-0.1264212,0.4399348,0.5509163,-0.03672624,1.043007,0.7337041,-0.04717143,0.1892439,0.8877561,True,0,1,12
6/25/2025 12:12:59 PM,1750846379962,Right,-0.1011206,0.6402068,0.4049508,-0.05741658,0.4062151,0.6896031,-0.1807551,0.6392143,0.3437796,-0.1237696,0.4301499,0.5729986,-0.03669345,1.03999,0.7349591,-0.04559553,0.1858574,0.9150059,True,0,1,12
6/25/2025 12:12:59 PM,1750846379989,Right,-0.09484541,0.6224542,0.4474936,-0.0530783,0.4054699,0.748518,-0.1718073,0.6099923,0.3877096,-0.1198698,0.4091478,0.62787,-0.03615451,1.036407,0.7371156,-0.04861757,0.1802083,0.9794951,True,0,1,12
6/25/2025 12:13:00 PM,1750846380003,Right,-0.09264098,0.6142058,0.4696845,-0.05223461,0.4040661,0.7767761,-0.1672643,0.5967683,0.4108033,-0.1156054,0.3982378,0.6538968,-0.03526568,1.035818,0.7386174,-0.04473188,0.1738282,1.007635,True,0,1,12
6/25/2025 12:13:00 PM,1750846380031,Right,-0.08976265,0.608662,0.5074146,-0.05319406,0.4072544,0.821861,-0.1594945,0.5707312,0.464649,-0.1100886,0.3787047,0.714393,-0.03392923,1.036701,0.7412245,-0.04285201,0.1649121,1.074408,True,0,1,12
6/25/2025 12:13:00 PM,1750846380045,Right,-0.08829521,0.6067531,0.5247294,-0.05393778,0.4100911,0.8430563,-0.1558803,0.5601774,0.4940787,-0.107265,0.3721936,0.7476248,-0.0337249,1.038103,0.7426507,-0.04141029,0.1648899,1.111124,True,0,1,12
6/25/2025 12:13:00 PM,1750846380059,Right,-0.0870779,0.6067052,0.5387595,-0.05475782,0.4153129,0.8602818,-0.1528005,0.5529287,0.5246906,-0.1058686,0.3690683,0.7813898,-0.033764,1.040421,0.7443042,-0.04241857,0.1674787,1.148665,True,0,1,12
6/25/2025 12:13:00 PM,1750846380087,Right,-0.08607019,0.6071423,0.5621575,-0.05672569,0.4263645,0.8902952,-0.1503759,0.5514501,0.5607032,-0.1052795,0.3733169,0.821961,-0.03578937,1.049039,0.7481196,-0.04446867,0.1801609,1.193971,True,0,1,12
6/25/2025 12:13:00 PM,1750846380101,Right,-0.08509494,0.6085485,0.5708708,-0.05840383,0.4324638,0.9015283,-0.1510101,0.5555992,0.5691721,-0.1071436,0.3794141,0.8317388,-0.03704059,1.054499,0.7509215,-0.04803461,0.1887909,1.205527,True,0,1,12
6/25/2025 12:13:00 PM,1750846380129,Right,-0.08324411,0.6115252,0.5835102,-0.06238188,0.4443034,0.9180784,-0.1504848,0.5613221,0.5808429,-0.1090666,0.389984,0.846042,-0.03957105,1.066926,0.758414,-0.0533596,0.2052125,1.224157,True,0,1,12
6/25/2025 12:13:00 PM,1750846380142,Right,-0.08379027,0.6125576,0.588119,-0.06501176,0.4503746,0.9242954,-0.1506752,0.5640608,0.5838744,-0.1110394,0.3953173,0.8501183,-0.04130948,1.073812,0.7619987,-0.05769888,0.2132848,1.230722,True,0,1,12
6/25/2025 12:13:00 PM,1750846380170,Right,-0.08311483,0.6156945,0.5932145,-0.0712859,0.4627723,0.9341831,-0.150557,0.5699298,0.5883209,-0.1148542,0.406261,0.8583754,-0.04560339,1.088269,0.7685306,-0.0672458,0.2315856,1.243059,True,0,1,12
6/25/2025 12:13:00 PM,1750846380184,Right,-0.08134774,0.6201379,0.5943773,-0.07588414,0.4690946,0.9378882,-0.1503698,0.5737187,0.5893321,-0.1171558,0.4119098,0.8621786,-0.04827702,1.095554,0.7714238,-0.07351277,0.2413012,1.247885,True,0,1,12
6/25/2025 12:13:00 PM,1750846380198,Right,-0.0812097,0.6225569,0.5956098,-0.08098986,0.4756162,0.9405545,-0.1499064,0.5770852,0.5896749,-0.1201831,0.418101,0.8642728,-0.05112576,1.102778,0.7739539,-0.08164816,0.2511533,1.252404,True,0,1,12
6/25/2025 12:13:00 PM,1750846380226,Right,-0.08286805,0.6290771,0.5991326,-0.09256785,0.4899144,0.946509,-0.1502787,0.5848112,0.5902314,-0.1271613,0.430553,0.8675963,-0.05723083,1.117042,0.777422,-0.09859252,0.2696746,1.259647,True,0,1,12
6/25/2025 12:13:00 PM,1750846380239,Right,-0.08047021,0.6343027,0.6007636,-0.09981143,0.497544,0.9491006,-0.1509544,0.5894065,0.5902718,-0.1320622,0.4370351,0.8693111,-0.0604955,1.124003,0.7785323,-0.1100741,0.2790963,1.262683,True,0,1,12
6/25/2025 12:13:00 PM,1750846380267,Right,-0.08018042,0.6452915,0.6052917,-0.1155348,0.5114761,0.9540568,-0.1496401,0.5987602,0.5911912,-0.1386971,0.4491945,0.8726399,-0.06747854,1.137895,0.7807143,-0.1294726,0.295533,1.267761,True,0,1,12
6/25/2025 12:13:00 PM,1750846380281,Right,-0.08165515,0.6512374,0.6086277,-0.1255487,0.5188462,0.9565657,-0.1492786,0.6045148,0.5922042,-0.1430477,0.4560389,0.8740416,-0.07096958,1.144746,0.7813036,-0.1411744,0.3034914,1.270009,True,0,1,12
6/25/2025 12:13:00 PM,1750846380308,Right,-0.08616396,0.6641119,0.6160571,-0.148173,0.5331044,0.9619889,-0.1509214,0.6162029,0.5942079,-0.1565839,0.4700111,0.8774301,-0.07858193,1.158499,0.7827094,-0.1728343,0.3206506,1.274111,True,0,1,12
6/25/2025 12:13:00 PM,1750846380323,Right,-0.0884811,0.6719882,0.6199893,-0.161781,0.5412903,0.9643342,-0.1530272,0.6216426,0.5957922,-0.1656319,0.4759242,0.8794697,-0.08261096,1.164937,0.7830813,-0.1922787,0.3275376,1.275543,True,0,1,12
6/25/2025 12:13:00 PM,1750846380350,Right,-0.09695918,0.6825745,0.6303964,-0.1894673,0.5582981,0.9689395,-0.1553484,0.6321127,0.5999893,-0.1833706,0.4889131,0.8808466,-0.09220684,1.17806,0.7831416,-0.2337515,0.3408494,1.277572,True,0,1,12
6/25/2025 12:13:00 PM,1750846380364,Right,-0.1009835,0.6898631,0.6339091,-0.2068325,0.5659757,0.9710181,-0.158326,0.6378281,0.602276,-0.1950433,0.4949681,0.8842118,-0.09768462,1.184538,0.7826316,-0.2581368,0.3490223,1.278093,True,0,1,12
6/25/2025 12:13:00 PM,1750846380378,Right,-0.1064742,0.6960396,0.6386261,-0.2243927,0.5740296,0.9731709,-0.1614409,0.6433256,0.6044391,-0.2072404,0.5013609,0.8861488,-0.1027771,1.191163,0.7823124,-0.2838716,0.3570322,1.277601,True,0,1,12
6/25/2025 12:13:00 PM,1750846380406,Right,-0.1205419,0.7117978,0.648657,-0.2664617,0.5874259,0.9747087,-0.1713251,0.6545975,0.609239,-0.2367885,0.5133512,0.8903936,-0.1142384,1.204799,0.7812457,-0.3415473,0.3721721,1.273589,True,0,1,12
6/25/2025 12:13:00 PM,1750846380420,Right,-0.1292216,0.7172618,0.6544065,-0.2892949,0.5941866,0.976132,-0.1783976,0.6599178,0.6113544,-0.2540602,0.5192143,0.8917528,-0.1205702,1.211554,0.7803624,-0.3724725,0.379992,1.270199,True,0,1,12
6/25/2025 12:13:00 PM,1750846380448,Right,-0.1514538,0.7262293,0.6650479,-0.3394336,0.6112901,0.9719924,-0.1918473,0.6716765,0.618461,-0.2877497,0.5324444,0.8914316,-0.1333343,1.226098,0.7782288,-0.435554,0.3932029,1.261236,True,0,1,12
6/25/2025 12:13:00 PM,1750846380462,Right,-0.1629646,0.7328888,0.670599,-0.3650371,0.6173356,0.965581,-0.1996074,0.6772991,0.6215841,-0.3052926,0.5388631,0.889291,-0.139923,1.233936,0.7772348,-0.4681858,0.3987598,1.254341,True,0,1,12
6/25/2025 12:13:00 PM,1750846380490,Right,-0.1894013,0.7479575,0.6819152,-0.4222794,0.6348397,0.9530952,-0.216825,0.6894335,0.6297305,-0.3446404,0.5525145,0.8874768,-0.154441,1.250574,0.7741714,-0.5393466,0.4132789,1.237858,True,0,1,12
6/25/2025 12:13:00 PM,1750846380503,Right,-0.2043197,0.7552631,0.6869407,-0.4524121,0.6436262,0.9460679,-0.2273152,0.6959603,0.6331995,-0.3668369,0.5592291,0.885684,-0.1621927,1.259221,0.7725432,-0.5773571,0.4206052,1.226285,True,0,1,12
6/25/2025 12:13:00 PM,1750846380518,Right,-0.2206468,0.7652315,0.69213,-0.4841919,0.6547481,0.9361719,-0.2393301,0.7018086,0.6358906,-0.3908915,0.5657396,0.8817137,-0.16952,1.267989,0.7707107,-0.6182693,0.4276718,1.211524,True,0,1,12
6/25/2025 12:13:00 PM,1750846380545,Right,-0.2503408,0.7840732,0.7012114,-0.5441205,0.6755252,0.9133621,-0.2640918,0.7105066,0.6374637,-0.4385888,0.57566,0.8711946,-0.1842489,1.285312,0.7660308,-0.6954962,0.4402815,1.176879,True,0,1,12
6/25/2025 12:13:00 PM,1750846380559,Right,-0.2680321,0.7947844,0.70367,-0.5744616,0.6880441,0.898315,-0.2735668,0.7198879,0.6411807,-0.4584405,0.5854774,0.8672324,-0.191986,1.293728,0.7629869,-0.7295468,0.4501497,1.160241,True,0,1,12
6/25/2025 12:13:00 PM,1750846380587,Right,-0.3081092,0.8172197,0.7046316,-0.6324111,0.7129816,0.8650318,-0.2991962,0.7390718,0.6456038,-0.5037784,0.6036799,0.8509369,-0.2079269,1.310211,0.7559073,-0.8039987,0.4641532,1.11432,True,0,1,12
6/25/2025 12:13:00 PM,1750846380600,Right,-0.3257945,0.8307195,0.7047362,-0.6594797,0.7265055,0.8456273,-0.3125521,0.7500975,0.6479446,-0.5271903,0.6136229,0.8424989,-0.215567,1.318193,0.7516363,-0.8403044,0.4723704,1.088904,True,0,1,12
6/25/2025 12:13:00 PM,1750846380629,Right,-0.3607147,0.8582928,0.7025766,-0.7093005,0.7548044,0.8039256,-0.3429184,0.7757384,0.6504929,-0.5772105,0.6356624,0.8187706,-0.2290002,1.332918,0.7422967,-0.9152232,0.4885815,1.024803,True,0,1,12
6/25/2025 12:13:00 PM,1750846380642,Right,-0.3784154,0.8721654,0.7001119,-0.7357904,0.7713971,0.7833998,-0.3574287,0.7883049,0.6524383,-0.6020681,0.6461374,0.8086811,-0.234749,1.340151,0.7375581,-0.9487208,0.498128,0.9934237,True,0,1,12
6/25/2025 12:13:00 PM,1750846380671,Right,-0.414129,0.898502,0.6893039,-0.778323,0.798494,0.7356453,-0.3852575,0.8093994,0.648927,-0.6430252,0.6632116,0.7781355,-0.2457026,1.354602,0.7279266,-1.005354,0.5074691,0.9217253,True,0,1,12
6/25/2025 12:13:00 PM,1750846380684,Right,-0.4320658,0.9133977,0.6818767,-0.7968877,0.8128964,0.7088032,-0.3990486,0.8200032,0.6458057,-0.6609226,0.6727729,0.7625778,-0.250807,1.361579,0.7229247,-1.029415,0.5130786,0.8877465,True,0,1,12
6/25/2025 12:13:00 PM,1750846380698,Right,-0.4482814,0.9257028,0.6706342,-0.813451,0.8270509,0.682784,-0.412043,0.8296989,0.6409761,-0.6778359,0.6823855,0.746281,-0.255695,1.368543,0.7178891,-1.051461,0.5198197,0.8536274,True,0,1,12
6/25/2025 12:13:00 PM,1750846380726,Right,-0.4798375,0.9484603,0.646466,-0.8440017,0.8525748,0.6292866,-0.436912,0.847937,0.6301625,-0.7069627,0.6967494,0.7130332,-0.2646464,1.381679,0.7079592,-1.085293,0.5229969,0.7854555,True,0,1,12
6/25/2025 12:13:00 PM,1750846380740,Right,-0.4927458,0.9579378,0.6314076,-0.8551463,0.8657321,0.6015745,-0.4490126,0.8556085,0.6231182,-0.7200621,0.7043597,0.6960645,-0.2685128,1.387986,0.7031933,-1.100589,0.5260487,0.7532688,True,0,1,12
6/25/2025 12:13:00 PM,1750846380767,Right,-0.5135171,0.9733685,0.5989763,-0.8727767,0.8858741,0.5472829,-0.4710226,0.8716878,0.607477,-0.7424214,0.7157298,0.6595134,-0.2752714,1.400495,0.6937447,-1.121053,0.522885,0.6842736,True,0,1,12
6/25/2025 12:13:00 PM,1750846380782,Right,-0.5225134,0.9814398,0.5833384,-0.8770808,0.8885556,0.5208784,-0.4811241,0.8799921,0.5984514,-0.75238,0.7231517,0.6397384,-0.2784588,1.406398,0.6890473,-1.129908,0.5240598,0.6483694,True,0,1,12
6/25/2025 12:13:00 PM,1750846380809,Right,-0.5371798,0.9931255,0.5522109,-0.8854355,0.8978682,0.4728838,-0.4985086,0.8937975,0.577801,-0.766552,0.7313256,0.5999919,-0.284232,1.416835,0.6796206,-1.135618,0.5140803,0.580491,True,0,1,12
6/25/2025 12:13:00 PM,1750846380823,Right,-0.5415146,0.9967401,0.5356523,-0.8894538,0.9087728,0.4458138,-0.5057904,0.9000837,0.5665191,-0.7742655,0.7369235,0.5794052,-0.2871453,1.42159,0.675208,-1.13914,0.5146189,0.5468902,True,0,1,12
6/25/2025 12:13:00 PM,1750846380851,Right,-0.5489659,1.002333,0.5058929,-0.8931503,0.9173167,0.3969447,-0.5179007,0.9096373,0.5449659,-0.7840992,0.7410066,0.5383128,-0.2921166,1.430054,0.667013,-1.134887,0.5029954,0.4811694,True,0,1,12
6/25/2025 12:13:00 PM,1750846380865,Right,-0.551713,1.004542,0.4918116,-0.8938504,0.9211807,0.3723672,-0.5223835,0.9138122,0.5345593,-0.7884919,0.7443107,0.5170102,-0.2939141,1.433415,0.6632806,-1.132834,0.5016435,0.4475695,True,0,1,12
6/25/2025 12:13:00 PM,1750846380879,Right,-0.5537699,1.005273,0.4779292,-0.8940202,0.9230625,0.3484208,-0.5264607,0.9170041,0.5236799,-0.7898382,0.7424402,0.4968264,-0.2956301,1.436606,0.659706,-1.123564,0.4897716,0.4186067,False,0,1,12
6/25/2025 12:13:00 PM,1750846380906,Right,-0.5549811,1.00535,0.4550972,-0.8884466,0.9218477,0.3076316,-0.5404474,0.928534,0.5038679,-0.8243989,0.7552363,0.4526551,-0.2982718,1.441246,0.6531128,-1.141737,0.5201448,0.3563251,False,0,1,12
6/25/2025 12:13:00 PM,1750846380920,Right,-0.5549623,1.004486,0.4439068,-0.8852425,0.9208811,0.2863854,-0.5425533,0.9288445,0.4943452,-0.8272244,0.7583994,0.4314398,-0.2994746,1.442936,0.6500632,-1.141954,0.5268258,0.3234674,False,0,1,12
6/25/2025 12:13:00 PM,1750846380948,Right,-0.5539959,1.001662,0.4283607,-0.8739486,0.9152205,0.2541994,-0.5435662,0.9278314,0.4788617,-0.8231911,0.76331,0.3878723,-0.3010703,1.444815,0.6443855,-1.13095,0.5387073,0.2472089,False,0,1,12
6/25/2025 12:13:00 PM,1750846380962,Right,-0.5531011,1.000194,0.421171,-0.8673319,0.9119399,0.2391237,-0.5438825,0.9273011,0.4715374,-0.8173289,0.7619085,0.3665948,-0.3013754,1.44499,0.6418933,-1.117095,0.5360256,0.2099431,False,0,1,12
6/25/2025 12:13:00 PM,1750846380989,Right,-0.5481799,0.9962615,0.4114553,-0.8545489,0.9054356,0.2159937,-0.5430512,0.925144,0.4629653,-0.8024288,0.7567651,0.3288125,-0.3014396,1.444878,0.6374902,-1.080823,0.5299002,0.1394165,False,0,1,12
6/25/2025 12:13:01 PM,1750846381004,Right,-0.5454316,0.9947531,0.4074717,-0.8485488,0.9018308,0.2062257,-0.5421857,0.9231502,0.4595682,-0.7958445,0.7504981,0.3180073,-0.3013265,1.444493,0.6355108,-1.064776,0.5191878,0.1222058,False,0,1,12
6/25/2025 12:13:01 PM,1750846381018,Right,-0.5439688,0.993495,0.4062583,-0.8430043,0.8958039,0.2000348,-0.5410569,0.920657,0.4577128,-0.7912307,0.7472017,0.3097014,-0.3009373,1.443763,0.633525,-1.054414,0.5162697,0.1069484,False,0,1,12
6/25/2025 12:13:01 PM,1750846381045,Right,-0.5407289,0.9896168,0.4050684,-0.8318158,0.8871943,0.1932001,-0.5383791,0.9161198,0.4573633,-0.7801874,0.7381961,0.3043347,-0.2995298,1.442328,0.6299137,-1.03468,0.5006713,0.09516436,False,0,1,12
6/25/2025 12:13:01 PM,1750846381059,Right,-0.5397002,0.9882901,0.4068521,-0.8278893,0.8828961,0.1939064,-0.536747,0.914975,0.4591229,-0.7744427,0.7343276,0.30454,-0.2987447,1.441588,0.6282427,-1.024638,0.492461,0.09368554,False,0,1,12
6/25/2025 12:13:01 PM,1750846381087,Right,-0.5372789,0.9846637,0.4122206,-0.8204724,0.8744475,0.1998568,-0.5333183,0.913044,0.4635509,-0.7650333,0.7279731,0.3104426,-0.2968413,1.440133,0.625617,-1.011149,0.4775027,0.1001203,False,0,1,12
6/25/2025 12:13:01 PM,1750846381101,Right,-0.5352719,0.9825206,0.4159273,-0.8186124,0.8711763,0.2049108,-0.531146,0.9122188,0.4666235,-0.7607111,0.7234226,0.3155566,-0.2957243,1.439288,0.6242458,-1.004426,0.4676186,0.1082429,False,0,1,12
6/25/2025 12:13:01 PM,1750846381128,Right,-0.5312327,0.9792602,0.4233425,-0.8178247,0.8651516,0.2141532,-0.5260004,0.9095055,0.4727236,-0.7567856,0.7177529,0.3228501,-0.2934009,1.437698,0.6222134,-0.9989354,0.4605943,0.1192956,False,0,1,12
6/25/2025 12:13:01 PM,1750846381142,Right,-0.5289111,0.9777256,0.4275814,-0.8188982,0.8619109,0.2236249,-0.5227929,0.9081936,0.4759052,-0.7555553,0.7163609,0.3286777,-0.2923044,1.436865,0.6215571,-1.000007,0.459471,0.1280324,False,0,1,12
6/25/2025 12:13:01 PM,1750846381170,Right,-0.5240411,0.9760678,0.4346252,-0.8208202,0.8549895,0.2459003,-0.516368,0.9066839,0.4842129,-0.7524195,0.7143006,0.3451524,-0.2896433,1.434994,0.6206261,-1.002863,0.4557587,0.1524152,False,0,1,12
6/25/2025 12:13:01 PM,1750846381184,Right,-0.521601,0.9739724,0.4395477,-0.8226417,0.8522853,0.2592328,-0.5123758,0.9053004,0.4888478,-0.7507159,0.7131121,0.3546889,-0.2880951,1.433929,0.6203901,-1.005174,0.4541164,0.1668497,False,0,1,12
6/25/2025 12:13:01 PM,1750846381197,Right,-0.5191568,0.9718564,0.4448839,-0.8244213,0.850069,0.2736103,-0.5073593,0.9036419,0.4918529,-0.7484952,0.7122598,0.363409,-0.2863231,1.432711,0.6202908,-1.008086,0.4532581,0.1811647,False,0,1,12
6/25/2025 12:13:01 PM,1750846381225,Right,-0.5161488,0.9742139,0.4579034,-0.8269882,0.8446503,0.3042887,-0.4951477,0.897251,0.4980426,-0.7430241,0.7071835,0.3822894,-0.2824484,1.429848,0.6202385,-1.013055,0.4490585,0.2134446,False,0,1,12
6/25/2025 12:13:01 PM,1750846381240,Right,-0.5127658,0.9736247,0.4653206,-0.8280232,0.8425907,0.3209817,-0.4899559,0.8953294,0.5033767,-0.7423841,0.7065352,0.3942896,-0.2804016,1.428168,0.620425,-1.018217,0.4506221,0.2326825,False,0,1,12
6/25/2025 12:13:01 PM,1750846381268,Right,-0.500666,0.9661081,0.4740449,-0.8291101,0.8362635,0.3528601,-0.4762621,0.8885818,0.5106088,-0.7399492,0.7029108,0.4164317,-0.2757518,1.424769,0.6217855,-1.027927,0.4544195,0.2712983,False,0,1,12
6/25/2025 12:13:01 PM,1750846381281,Right,-0.4939237,0.9624211,0.4798303,-0.8262709,0.8317578,0.3718548,-0.467916,0.8858416,0.515336,-0.7361233,0.7028477,0.4300031,-0.2732468,1.42276,0.6226673,-1.031608,0.4579022,0.2934828,False,0,1,12
6/25/2025 12:13:01 PM,1750846381309,Right,-0.478931,0.9544894,0.4903149,-0.8201939,0.8221365,0.4093112,-0.4485886,0.8762452,0.5182953,-0.7277157,0.6985188,0.452939,-0.267336,1.417748,0.6252122,-1.037699,0.4637927,0.3368225,False,0,1,12
6/25/2025 12:13:01 PM,1750846381323,Right,-0.4696802,0.9484927,0.4961408,-0.8144586,0.8155182,0.429419,-0.4383373,0.8701358,0.5193574,-0.7224578,0.6956317,0.464834,-0.2639331,1.414863,0.626664,-1.039929,0.4668098,0.3596213,False,0,1,12
6/25/2025 12:13:01 PM,1750846381351,Right,-0.450065,0.9341399,0.5059808,-0.8000777,0.8010728,0.4674731,-0.4166307,0.8535793,0.519514,-0.710146,0.687145,0.4900947,-0.2571765,1.408228,0.6298249,-1.043779,0.4729524,0.4103893,False,0,1,12
6/25/2025 12:13:01 PM,1750846381364,Right,-0.4373983,0.9245559,0.5096474,-0.7895191,0.7937741,0.4867224,-0.4043472,0.8450193,0.5172104,-0.7013118,0.6830907,0.5011662,-0.2537278,1.404446,0.6319108,-1.042948,0.4767876,0.4353913,False,0,1,12
6/25/2025 12:13:01 PM,1750846381378,Right,-0.4247093,0.9154844,0.512922,-0.7785876,0.7866454,0.5059912,-0.3906198,0.8355061,0.5146373,-0.6908099,0.6781992,0.5131769,-0.2497965,1.400129,0.6345298,-1.039978,0.4808537,0.4630969,False,0,1,12
6/25/2025 12:13:01 PM,1750846381406,Right,-0.395588,0.8972263,0.5162647,-0.7484021,0.7750981,0.5430405,-0.3642021,0.8199907,0.503903,-0.6655443,0.6726816,0.5349824,-0.2415882,1.390216,0.6401491,-1.029771,0.4932247,0.5224066,False,0,1,12
6/25/2025 12:13:01 PM,1750846381420,Right,-0.3798903,0.8870866,0.5172386,-0.7312555,0.7677017,0.5610762,-0.351085,0.8130984,0.4985967,-0.6516654,0.6699938,0.5459633,-0.2372326,1.384631,0.6430343,-1.020938,0.4994481,0.5535579,False,0,1,12
6/25/2025 12:13:01 PM,1750846381448,Right,-0.3468108,0.8679286,0.5111611,-0.689422,0.7523023,0.5899552,-0.3253285,0.7981353,0.4837011,-0.6182576,0.6633855,0.5671887,-0.2277483,1.371892,0.6494328,-0.9944182,0.5105845,0.6241776,False,0,1,12
6/25/2025 12:13:01 PM,1750846381462,Right,-0.3302021,0.8590489,0.5074998,-0.668287,0.7443235,0.6054699,-0.3116055,0.7909229,0.4765348,-0.6002908,0.6593493,0.5781369,-0.2226015,1.365026,0.6526132,-0.9752442,0.5158254,0.6609398,False,0,1,12
6/25/2025 12:13:01 PM,1750846381490,Right,-0.2942273,0.8453421,0.4978526,-0.6181534,0.7367855,0.635182,-0.2854666,0.7806764,0.460648,-0.5583831,0.6549624,0.6002823,-0.2120186,1.350527,0.6592915,-0.92334,0.5279007,0.7422898,False,0,1,12
6/25/2025 12:13:01 PM,1750846381504,Right,-0.2759451,0.8378426,0.4919393,-0.5924356,0.7296523,0.6484229,-0.2723633,0.7763932,0.4520154,-0.5362796,0.6521982,0.6110281,-0.2070417,1.342908,0.6623316,-0.8898526,0.5323417,0.7825391,False,0,1,12
6/25/2025 12:13:01 PM,1750846381518,Right,-0.2583621,0.8312998,0.4836008,-0.5657501,0.7217048,0.6569776,-0.25991,0.772181,0.4426777,-0.5117693,0.6490577,0.621334,-0.2022725,1.335049,0.665293,-0.8502942,0.5346476,0.8236298,False,0,1,12
6/25/2025 12:13:01 PM,1750846381545,Right,-0.2261578,0.8190875,0.4646039,-0.5104935,0.7005618,0.665206,-0.237908,0.7630273,0.4221954,-0.4584599,0.6399772,0.6357684,-0.1925665,1.319883,0.6709379,-0.7609975,0.5272138,0.8921628,False,0,1,12
6/25/2025 12:13:01 PM,1750846381559,Right,-0.2098541,0.8139149,0.4517433,-0.4830325,0.6942842,0.6674795,-0.2287411,0.7608297,0.410103,-0.431882,0.6354192,0.6394967,-0.1876081,1.312666,0.6732875,-0.7127003,0.5203027,0.91807,False,0,1,12
6/25/2025 12:13:01 PM,1750846381587,Right,-0.180527,0.8048499,0.4277398,-0.4300383,0.6755706,0.665711,-0.2094486,0.7539742,0.3864667,-0.3807621,0.6210324,0.636938,-0.1779224,1.299326,0.6786019,-0.6211461,0.4976925,0.9476485,False,0,1,12
6/25/2025 12:13:01 PM,1750846381601,Right,-0.1675466,0.8022341,0.4124847,-0.4028545,0.6645662,0.659508,-0.2026186,0.754233,0.3734546,-0.3613244,0.6168969,0.6294016,-0.1730692,1.293121,0.6815614,-0.5854953,0.4883128,0.9503359,False,0,1,12
6/25/2025 12:13:01 PM,1750846381629,Right,-0.1461903,0.8000394,0.380086,-0.3520079,0.6434001,0.6425663,-0.1865722,0.7501323,0.3466985,-0.3202045,0.6019366,0.611428,-0.1636932,1.280584,0.6877364,-0.5114524,0.4605603,0.9472824,False,0,1,12
6/25/2025 12:13:01 PM,1750846381642,Right,-0.1391524,0.7981794,0.3615335,-0.3285464,0.6347826,0.6314718,-0.1803455,0.749009,0.3330032,-0.301351,0.5952893,0.6001452,-0.1591841,1.274362,0.6906906,-0.4765801,0.4465849,0.9420064,False,0,1,12
6/25/2025 12:13:01 PM,1750846381670,Right,-0.1228587,0.7985157,0.3288888,-0.2849923,0.6182755,0.6046672,-0.1714485,0.7512497,0.3049623,-0.2684636,0.5849684,0.5734748,-0.1506745,1.261968,0.6965828,-0.4118769,0.4197591,0.9233539,False,0,1,12
6/25/2025 12:13:01 PM,1750846381684,Right,-0.1154906,0.8024474,0.3119217,-0.2648925,0.61199,0.5881904,-0.1695774,0.7515002,0.2901953,-0.254903,0.5790728,0.5589239,-0.1466576,1.255665,0.6995406,-0.3820481,0.4062331,0.9112806,False,0,1,12
6/25/2025 12:13:01 PM,1750846381711,Right,-0.1084371,0.8087631,0.2782203,-0.2303528,0.5996175,0.5569304,-0.1661541,0.7601312,0.2666842,-0.2292987,0.5719512,0.5330049,-0.1385633,1.242598,0.7051829,-0.3254735,0.3807461,0.8837614,False,0,1,12
6/25/2025 12:13:01 PM,1750846381725,Right,-0.1100945,0.8113714,0.2619171,-0.2135859,0.5951723,0.5378413,-0.1673328,0.7621143,0.2535809,-0.218898,0.5689932,0.5148417,-0.1347147,1.235845,0.707957,-0.3006752,0.3669625,0.8669119,False,0,1,12
6/25/2025 12:13:01 PM,1750846381739,Right,-0.1079767,0.8165261,0.2454085,-0.2005257,0.5891746,0.5194744,-0.1693835,0.7650304,0.2425479,-0.2089763,0.5631333,0.5018864,-0.1309191,1.228685,0.7105026,-0.2740842,0.352205,0.8497653,False,0,1,12
6/25/2025 12:13:01 PM,1750846381766,Right,-0.1111639,0.823174,0.2171343,-0.1810096,0.5746849,0.4826199,-0.175715,0.7694985,0.2213072,-0.1959284,0.5540955,0.474651,-0.1238238,1.213984,0.7155166,-0.2342336,0.3282259,0.8145646,False,0,1,12
6/25/2025 12:13:01 PM,1750846381781,Right,-0.1158639,0.8285403,0.2054701,-0.17255,0.5696071,0.4660957,-0.1801103,0.7723045,0.2133449,-0.1908283,0.550016,0.4630089,-0.1202658,1.206036,0.7178324,-0.2158551,0.3169785,0.7977254,False,0,1,12
6/25/2025 12:13:01 PM,1750846381808,Right,-0.1242551,0.8354141,0.1858172,-0.1582403,0.5614163,0.434945,-0.1909383,0.7730616,0.1973376,-0.184423,0.5403607,0.4377413,-0.1138679,1.189694,0.721763,-0.1852819,0.2937406,0.7633054,True,0,1,13
6/25/2025 12:13:01 PM,1750846381822,Right,-0.1281904,0.837629,0.1782558,-0.1527747,0.5576473,0.420788,-0.1915783,0.7705897,0.2009165,-0.1827672,0.5492009,0.4255713,-0.1105202,1.18115,0.7234938,-0.1790642,0.2863553,0.7625753,True,0,1,13
6/25/2025 12:13:01 PM,1750846381850,Right,-0.1354521,0.8383129,0.1676038,-0.1445448,0.5490844,0.3975257,-0.19853,0.7628372,0.2080504,-0.1830559,0.5374923,0.4264114,-0.1044887,1.164515,0.7261904,-0.1686547,0.266312,0.7582053,True,0,1,13
6/25/2025 12:13:01 PM,1750846381864,Right,-0.1397639,0.8372698,0.1647826,-0.1420891,0.5436073,0.3890735,-0.2048708,0.758454,0.2087366,-0.1856609,0.5304956,0.4240102,-0.1018842,1.156457,0.7274683,-0.1653651,0.2552923,0.7522139,True,0,1,13
6/25/2025 12:13:01 PM,1750846381878,Right,-0.1440849,0.8359368,0.1625709,-0.139654,0.5382518,0.3813895,-0.2113203,0.753131,0.2105141,-0.1877865,0.5222504,0.4221053,-0.09974587,1.148974,0.7288705,-0.1606321,0.2424762,0.7460163,True,0,1,13
6/25/2025 12:13:01 PM,1750846381906,Right,-0.1517882,0.8270768,0.1666959,-0.1362327,0.5251244,0.3757885,-0.2191019,0.7460159,0.215756,-0.1862863,0.5097421,0.4180269,-0.09643734,1.135058,0.7326666,-0.143849,0.2192629,0.7324458,True,0,1,13
6/25/2025 12:13:01 PM,1750846381920,Right,-0.1551339,0.821463,0.1702313,-0.1345075,0.5182645,0.3746264,-0.2191438,0.7418806,0.2207933,-0.1817126,0.5031093,0.4170879,-0.0952847,1.129196,0.7350895,-0.1311179,0.2060574,0.7260111,True,0,1,13
6/25/2025 12:13:01 PM,1750846381947,Right,-0.1596574,0.8032879,0.1827985,-0.1342972,0.4984396,0.3819923,-0.2227179,0.7296253,0.2321559,-0.176359,0.4857348,0.4181224,-0.09278357,1.117393,0.7403042,-0.1096167,0.178363,0.7152895,True,0,1,13
6/25/2025 12:13:01 PM,1750846381961,Right,-0.1616345,0.7932601,0.1906532,-0.13352,0.4885267,0.3881103,-0.2242314,0.7226887,0.238373,-0.1779583,0.47925,0.423995,-0.09146821,1.111489,0.7428057,-0.1107357,0.1714606,0.7214531,True,0,1,13
6/25/2025 12:13:01 PM,1750846381989,Right,-0.1639861,0.7676146,0.2150536,-0.1316704,0.4656076,0.4135321,-0.2261343,0.7045522,0.2535422,-0.1784483,0.4621099,0.4381067,-0.08921266,1.100112,0.7462857,-0.1086936,0.1534397,0.7358106,True,0,1,13
6/25/2025 12:13:02 PM,1750846382002,Right,-0.1649615,0.7535789,0.2291447,-0.1307234,0.453645,0.4282683,-0.2266466,0.6949513,0.2627954,-0.1775556,0.4537568,0.4470103,-0.08827829,1.094332,0.7474616,-0.105652,0.1450669,0.7455869,True,0,1,13
6/25/2025 12:13:02 PM,1750846382031,Right,-0.1648459,0.7227377,0.2665408,-0.1270795,0.4322074,0.4689664,-0.2274875,0.6734864,0.2854008,-0.1765894,0.4374715,0.4695883,-0.08701813,1.084317,0.7489345,-0.1008791,0.1294272,0.7733251,True,0,1,13
6/25/2025 12:13:02 PM,1750846382045,Right,-0.1646215,0.708143,0.2871349,-0.1257978,0.4207549,0.4915007,-0.2275009,0.6624842,0.2982538,-0.1768831,0.4295141,0.4830711,-0.08629954,1.079497,0.7502584,-0.1009663,0.1223279,0.7905141,True,0,1,13
6/25/2025 12:13:02 PM,1750846382058,Right,-0.162979,0.6932937,0.3103062,-0.1237949,0.4109866,0.5190203,-0.2272689,0.6515569,0.3127944,-0.1767568,0.4214246,0.499085,-0.08548772,1.075293,0.7518375,-0.1009331,0.1162654,0.8103911,True,0,1,13
6/25/2025 12:13:02 PM,1750846382086,Right,-0.1621928,0.6662019,0.3590603,-0.1180408,0.3980059,0.5742692,-0.2264277,0.629362,0.3451186,-0.1759172,0.4078342,0.5330861,-0.083799,1.068959,0.7534194,-0.09865147,0.1059277,0.8548145,True,0,1,13
6/25/2025 12:13:02 PM,1750846382100,Right,-0.1602863,0.6543965,0.3839318,-0.1158987,0.3932535,0.6017066,-0.225493,0.61786,0.3636889,-0.1758658,0.4015338,0.5528944,-0.08324385,1.066583,0.7539952,-0.09839784,0.1020352,0.8812522,True,0,1,13
6/25/2025 12:13:02 PM,1750846382128,Right,-0.158435,0.634846,0.43132,-0.1118562,0.3865303,0.6578303,-0.2219465,0.597644,0.4059254,-0.1731835,0.3892687,0.5994622,-0.0818907,1.06352,0.7560296,-0.09500174,0.09747356,0.938668,True,0,1,13
6/25/2025 12:13:02 PM,1750846382141,Right,-0.1567832,0.627331,0.4531176,-0.1096969,0.3857201,0.6860531,-0.2206509,0.5883943,0.4292319,-0.1719005,0.3835912,0.6259617,-0.08055604,1.062853,0.7573688,-0.09316322,0.09729922,0.9702241,True,0,1,13
6/25/2025 12:13:02 PM,1750846382169,Right,-0.1542959,0.6155674,0.492877,-0.1085807,0.3878077,0.7381123,-0.2218277,0.5704966,0.4795379,-0.1721062,0.3703679,0.6793649,-0.07873285,1.063214,0.760175,-0.09045555,0.09040809,1.029408,True,0,1,13
6/25/2025 12:13:02 PM,1750846382183,Right,-0.1567517,0.61156,0.5116375,-0.1094713,0.3892238,0.7626679,-0.2237311,0.5631127,0.506402,-0.1734938,0.3650327,0.709109,-0.07863271,1.064516,0.7611024,-0.09105757,0.08997285,1.061953,True,0,1,13
6/25/2025 12:13:02 PM,1750846382210,Right,-0.1597304,0.606702,0.5452108,-0.1135245,0.3955792,0.8066069,-0.2181915,0.5611758,0.5504571,-0.1685406,0.3691711,0.7596875,-0.08016241,1.069221,0.7635119,-0.08648902,0.105523,1.120663,True,0,1,13
6/25/2025 12:13:02 PM,1750846382225,Right,-0.1593001,0.6066509,0.5604224,-0.1149815,0.4018142,0.8282304,-0.217982,0.561352,0.5628371,-0.1688851,0.3724322,0.7759855,-0.08142757,1.072515,0.7649915,-0.08772427,0.115427,1.14101,True,0,1,13
6/25/2025 12:13:02 PM,1750846382239,Right,-0.159019,0.6069487,0.5737906,-0.1150089,0.4111494,0.8465551,-0.2174826,0.5624174,0.5740427,-0.1697568,0.378557,0.7903494,-0.08287394,1.076882,0.7665913,-0.09029455,0.1282183,1.161745,True,0,1,13
6/25/2025 12:13:02 PM,1750846382266,Right,-0.1571175,0.6091878,0.5972837,-0.1174568,0.4285559,0.8797089,-0.2176035,0.5658085,0.5938658,-0.1728149,0.3919544,0.8177472,-0.08631325,1.087894,0.770695,-0.09843389,0.1572412,1.201296,True,0,1,13
6/25/2025 12:13:02 PM,1750846382280,Right,-0.1556699,0.6114671,0.6070883,-0.1204146,0.4364262,0.8941532,-0.2171978,0.5685577,0.6026621,-0.1743389,0.3988187,0.8305214,-0.08826125,1.094214,0.7731502,-0.1041984,0.1717085,1.218975,True,0,1,13
6/25/2025 12:13:02 PM,1750846382308,Right,-0.1523839,0.618018,0.6242125,-0.1274027,0.4520752,0.9187418,-0.2160741,0.5752062,0.6159276,-0.1763151,0.410916,0.8492336,-0.09177148,1.108162,0.7781959,-0.1126642,0.1941941,1.24381,True,0,1,13
6/25/2025 12:13:02 PM,1750846382321,Right,-0.1506985,0.6224266,0.6305224,-0.1314409,0.4610216,0.929319,-0.2153874,0.5797062,0.6207754,-0.1780036,0.4179253,0.8574094,-0.09391713,1.115694,0.7802229,-0.1193468,0.2068696,1.254707,True,0,1,13
6/25/2025 12:13:02 PM,1750846382350,Right,-0.1497841,0.632447,0.6413518,-0.1399467,0.4802409,0.9467731,-0.2131147,0.5894264,0.628487,-0.1816904,0.4334565,0.8711125,-0.09984577,1.131257,0.7832644,-0.1346705,0.2335605,1.274479,True,0,1,13
6/25/2025 12:13:02 PM,1750846382364,Right,-0.1477531,0.6367742,0.6458564,-0.1457899,0.4905037,0.953939,-0.2120705,0.5940845,0.6311668,-0.1833511,0.4411393,0.8754035,-0.1030117,1.139553,0.7847955,-0.1411074,0.2454709,1.281961,True,0,1,13
6/25/2025 12:13:02 PM,1750846382392,Right,-0.1458511,0.6474098,0.6531987,-0.158847,0.5090979,0.9669886,-0.2114356,0.6047436,0.6344041,-0.1907313,0.4562926,0.8845591,-0.1090519,1.155748,0.7871442,-0.1634516,0.2706993,1.294868,True,0,1,13
6/25/2025 12:13:02 PM,1750846382405,Right,-0.1484377,0.652395,0.6573573,-0.167367,0.5183489,0.9722708,-0.2108784,0.6094304,0.6352171,-0.1948475,0.4637297,0.8870109,-0.1120557,1.163738,0.787724,-0.1761218,0.28217,1.299892,True,0,1,13
6/25/2025 12:13:02 PM,1750846382419,Right,-0.1493144,0.6585552,0.6601005,-0.1765878,0.5271914,0.9767634,-0.2106038,0.6142672,0.6359988,-0.1984165,0.4709401,0.8904299,-0.1154892,1.171737,0.7883408,-0.187303,0.2942939,1.30471,True,0,1,13
6/25/2025 12:13:02 PM,1750846382447,Right,-0.1545559,0.6644824,0.6685959,-0.1986001,0.5438375,0.9846602,-0.2106298,0.6247789,0.6371565,-0.2088975,0.486805,0.892208,-0.1231869,1.187169,0.7883937,-0.2173653,0.3155259,1.311261,True,0,1,13
6/25/2025 12:13:02 PM,1750846382461,Right,-0.1546062,0.6727408,0.6693918,-0.211303,0.5523307,0.9879299,-0.2109425,0.6299636,0.6373814,-0.2146427,0.4929933,0.8967394,-0.1270924,1.194626,0.7882288,-0.2331829,0.327209,1.314098,True,0,1,13
6/25/2025 12:13:02 PM,1750846382489,Right,-0.1596256,0.6846978,0.6749905,-0.2396859,0.5686743,0.9926155,-0.2136309,0.6400337,0.6382535,-0.2307655,0.5072882,0.9023832,-0.135825,1.209949,0.7870691,-0.272247,0.3510806,1.31882,True,0,1,13
6/25/2025 12:13:02 PM,1750846382503,Right,-0.1625409,0.6905068,0.6778315,-0.2559393,0.5767949,0.9935102,-0.2153796,0.6453531,0.638826,-0.2402001,0.5147896,0.9032457,-0.1408257,1.217539,0.7867587,-0.2945264,0.3616301,1.319515,True,0,1,13
6/25/2025 12:13:02 PM,1750846382531,Right,-0.1747119,0.7011084,0.6822506,-0.2916609,0.5926121,0.9946599,-0.2212713,0.6562275,0.641194,-0.2637947,0.5289923,0.9073403,-0.1509619,1.232991,0.7862413,-0.3467436,0.3828639,1.319154,True,0,1,13
6/25/2025 12:13:02 PM,1750846382545,Right,-0.1807213,0.7076204,0.6853467,-0.3108981,0.6005449,0.994874,-0.2248137,0.6619321,0.6422964,-0.2771012,0.5364783,0.9091164,-0.1563879,1.240781,0.7849209,-0.3753428,0.3942993,1.317436,True,0,1,13
6/25/2025 12:13:02 PM,1750846382558,Right,-0.1885458,0.7161971,0.6891184,-0.3325471,0.6063474,0.9925979,-0.2293206,0.6677401,0.6436766,-0.2921119,0.5434836,0.9097286,-0.1620337,1.248806,0.7830565,-0.406875,0.4036573,1.313628,True,0,1,13
6/25/2025 12:13:02 PM,1750846382586,Right,-0.2071528,0.7295903,0.6952282,-0.3779483,0.6218776,0.9852855,-0.2412466,0.680668,0.645363,-0.3245581,0.5586162,0.9067997,-0.173831,1.265933,0.7785676,-0.4719099,0.4214873,1.300893,True,0,1,13
6/25/2025 12:13:02 PM,1750846382600,Right,-0.2177994,0.7369085,0.6992687,-0.4026343,0.6298552,0.977861,-0.2475337,0.6863404,0.6481314,-0.3405788,0.5653057,0.9044856,-0.1797637,1.275496,0.7750964,-0.5049042,0.4273431,1.293717,True,0,1,13
6/25/2025 12:13:02 PM,1750846382627,Right,-0.2405919,0.7523813,0.7066059,-0.4541352,0.6482958,0.9652156,-0.2609353,0.7005736,0.6525517,-0.3743446,0.5802948,0.9009437,-0.1903099,1.296962,0.7666814,-0.5713211,0.4424461,1.27475,True,0,1,13
6/25/2025 12:13:02 PM,1750846382642,Right,-0.2537208,0.7622223,0.7101321,-0.481735,0.6595327,0.9568478,-0.2703344,0.7069399,0.6536372,-0.3936251,0.5869565,0.8975572,-0.1951258,1.309286,0.7626927,-0.6063681,0.448986,1.26244,True,0,1,13
6/25/2025 12:13:02 PM,1750846382670,Right,-0.279261,0.7836899,0.7150812,-0.5357516,0.6802915,0.9364523,-0.288306,0.7257954,0.6558484,-0.4329909,0.6047905,0.8903063,-0.2044619,1.33547,0.754797,-0.6768478,0.4660104,1.231737,True,0,1,13
6/25/2025 12:13:02 PM,1750846382684,Right,-0.2957746,0.795301,0.7160671,-0.5630476,0.6929564,0.9226011,-0.2985438,0.7360744,0.6565058,-0.4529183,0.6151072,0.8833739,-0.2092437,1.348207,0.7498903,-0.713161,0.47438,1.213021,True,0,1,13
6/25/2025 12:13:02 PM,1750846382711,Right,-0.3295451,0.8170033,0.7118319,-0.6165839,0.7166694,0.8909971,-0.3195412,0.7544937,0.6549748,-0.4947291,0.6322547,0.8653712,-0.2192783,1.371273,0.7370956,-0.7866735,0.4876781,1.16556,True,0,1,13
6/25/2025 12:13:02 PM,1750846382725,Right,-0.3458017,0.8286679,0.7090691,-0.64157,0.7297596,0.8709207,-0.3303444,0.7652722,0.6533751,-0.5136065,0.6419674,0.8542486,-0.2239592,1.381904,0.7305136,-0.8197188,0.49334,1.139858,True,0,1,13
6/25/2025 12:13:02 PM,1750846382738,Right,-0.3617225,0.8415466,0.7041017,-0.6658998,0.7435803,0.8505707,-0.3417694,0.7770088,0.651987,-0.5341851,0.6524469,0.8434976,-0.2283976,1.391426,0.7233082,-0.8537562,0.5007864,1.112064,True,0,1,13
6/25/2025 12:13:02 PM,1750846382767,Right,-0.3930981,0.8663332,0.6902793,-0.7139282,0.7716706,0.80753,-0.3642453,0.7987746,0.6475983,-0.5752534,0.6708146,0.8201275,-0.235871,1.409198,0.7092621,-0.9175615,0.5137318,1.050949,True,0,1,13
6/25/2025 12:13:02 PM,1750846382780,Right,-0.4080121,0.8784457,0.6800379,-0.7353875,0.7859349,0.7828484,-0.3761741,0.8104289,0.6438082,-0.5958083,0.6814157,0.8058516,-0.2393218,1.416978,0.7025239,-0.948544,0.5217803,1.01687,True,0,1,13
6/25/2025 12:13:02 PM,1750846382809,Right,-0.4366392,0.9053428,0.6609569,-0.7734672,0.8129707,0.7318426,-0.398756,0.8338765,0.6350247,-0.6314064,0.6998671,0.7750109,-0.2457649,1.4306,0.6888671,-0.9991774,0.5291244,0.9460238,True,0,1,13
6/25/2025 12:13:02 PM,1750846382822,Right,-0.4501653,0.9184701,0.6490993,-0.7899535,0.8258662,0.7033317,-0.4094596,0.8441892,0.6281644,-0.64758,0.7089946,0.7573675,-0.2483243,1.436416,0.6826215,-1.021548,0.53379,0.9094115,True,0,1,13
6/25/2025 12:13:02 PM,1750846382850,Right,-0.4744332,0.9409336,0.6230847,-0.8180946,0.8501486,0.6475034,-0.4296033,0.8608863,0.615145,-0.6760325,0.7214866,0.7223331,-0.2526113,1.446075,0.6711302,-1.05731,0.5334044,0.8361421,True,0,1,13
6/25/2025 12:13:02 PM,1750846382864,Right,-0.4847648,0.9512951,0.6086125,-0.8291937,0.8621588,0.6183732,-0.4388966,0.8696316,0.6084959,-0.6888818,0.7290807,0.7045146,-0.2542428,1.449991,0.6657786,-1.07278,0.5353614,0.7996901,True,0,1,13
6/25/2025 12:13:02 PM,1750846382878,Right,-0.4941359,0.9596856,0.5933153,-0.839622,0.8720961,0.5903807,-0.4489844,0.8780243,0.6005815,-0.7009387,0.7325449,0.6846755,-0.2556429,1.453403,0.6604948,-1.083126,0.5279171,0.7599218,True,0,1,13
6/25/2025 12:13:02 PM,1750846382906,Right,-0.5081158,0.9719819,0.5629382,-0.8530627,0.892737,0.5325657,-0.4663234,0.8918562,0.5806591,-0.7197906,0.7391898,0.6422247,-0.2571419,1.45895,0.6505917,-1.096662,0.5144912,0.6824866,True,0,1,13
6/25/2025 12:13:02 PM,1750846382919,Right,-0.5139018,0.9761537,0.5469721,-0.8582417,0.9009042,0.5031775,-0.4746374,0.8964199,0.5709524,-0.7291348,0.7422472,0.621334,-0.257538,1.46108,0.6456753,-1.103348,0.5100534,0.6454107,True,0,1,13
6/25/2025 12:13:02 PM,1750846382947,Right,-0.5220616,0.9814053,0.5150328,-0.8600291,0.9151748,0.4458472,-0.4882522,0.9058738,0.5479068,-0.7370979,0.7452565,0.5819898,-0.2580808,1.464597,0.6363084,-1.100197,0.4885752,0.5864583,True,0,1,13
6/25/2025 12:13:02 PM,1750846382961,Right,-0.525543,0.9829963,0.4990425,-0.8624969,0.9139627,0.4178411,-0.4927379,0.909098,0.5351754,-0.74395,0.7466022,0.5604401,-0.2583992,1.4665,0.6316699,-1.10128,0.4855318,0.554372,True,0,1,13
6/25/2025 12:13:02 PM,1750846382989,Right,-0.5298031,0.9868414,0.468481,-0.8604727,0.9170393,0.366268,-0.5001523,0.9150224,0.5102065,-0.7496953,0.7485043,0.5150051,-0.258502,1.469334,0.6228616,-1.095405,0.4730848,0.4886441,False,0,1,13
6/25/2025 12:13:03 PM,1750846383002,Right,-0.5314071,0.9883314,0.4544343,-0.8589599,0.9182831,0.3416038,-0.5104554,0.9216943,0.5030681,-0.7777745,0.7495235,0.4971004,-0.2584248,1.470357,0.6189172,-1.110854,0.4885848,0.4579247,False,0,1,13
6/25/2025 12:13:03 PM,1750846383016,Right,-0.5312119,0.9895923,0.4391849,-0.8551309,0.9188972,0.3176762,-0.5152302,0.9263546,0.4902428,-0.7837448,0.7576818,0.47146,-0.258559,1.471442,0.6154147,-1.118243,0.5009903,0.4158018,False,0,1,13
6/25/2025 12:13:03 PM,1750846383044,Right,-0.5300024,0.9924608,0.4184776,-0.8471426,0.9191182,0.2817644,-0.5166942,0.9291046,0.4709981,-0.7826667,0.7616985,0.4244331,-0.2589719,1.472983,0.6082863,-1.11101,0.5072333,0.3334723,False,0,1,13
6/25/2025 12:13:03 PM,1750846383072,Right,-0.5251273,0.9935113,0.4039027,-0.8351934,0.917637,0.2511527,-0.515982,0.9300297,0.455472,-0.7743655,0.7589185,0.3822985,-0.2592031,1.474557,0.6016384,-1.088052,0.5007775,0.2590579,False,0,1,13
6/25/2025 12:13:03 PM,1750846383086,Right,-0.5213061,0.9924372,0.399951,-0.8286085,0.9163557,0.2400354,-0.5146779,0.9296054,0.4523444,-0.7680048,0.756642,0.364235,-0.2593465,1.475015,0.5985212,-1.071986,0.4969299,0.223653,False,0,1,13
6/25/2025 12:13:03 PM,1750846383100,Right,-0.51951,0.9903197,0.3978241,-0.8222156,0.9139436,0.2319398,-0.5133525,0.9284523,0.4498087,-0.76271,0.7544788,0.3560753,-0.2595198,1.475335,0.595445,-1.062556,0.4929588,0.2072771,False,0,1,13
6/25/2025 12:13:03 PM,1750846383127,Right,-0.5175223,0.9871244,0.397595,-0.8119916,0.9088342,0.2194134,-0.5111102,0.9263419,0.4474554,-0.7526411,0.7475732,0.3444,-0.2602342,1.475172,0.5895329,-1.041485,0.4801026,0.1834991,False,0,1,13
6/25/2025 12:13:03 PM,1750846383142,Right,-0.5169885,0.9856105,0.3993172,-0.8077779,0.9054279,0.2174733,-0.5102663,0.9250321,0.4482202,-0.7489957,0.74525,0.3424656,-0.260498,1.474903,0.5866964,-1.034918,0.4765319,0.1767637,False,0,1,13
6/25/2025 12:13:03 PM,1750846383169,Right,-0.5151808,0.983669,0.4026012,-0.8015471,0.9000652,0.2165485,-0.5075021,0.9222129,0.4496344,-0.7406086,0.7386416,0.3396362,-0.2606683,1.474268,0.5819237,-1.019098,0.4649915,0.1679994,False,0,1,13
6/25/2025 12:13:03 PM,1750846383183,Right,-0.5143226,0.9828752,0.4046941,-0.8001893,0.8977666,0.2191756,-0.506637,0.9217257,0.4518311,-0.7395251,0.7383263,0.341936,-0.2608777,1.473678,0.5799481,-1.018265,0.4647127,0.1699163,False,0,1,13
6/25/2025 12:13:03 PM,1750846383211,Right,-0.5131997,0.9831289,0.4089773,-0.7990642,0.8948248,0.227384,-0.5045605,0.9216241,0.4559492,-0.7357883,0.7373822,0.3471801,-0.2610389,1.472406,0.5766963,-1.01402,0.4606335,0.1765949,False,0,1,13
6/25/2025 12:13:03 PM,1750846383225,Right,-0.5126395,0.9837269,0.4112008,-0.8005216,0.8933986,0.2338353,-0.5034224,0.9224638,0.4585763,-0.7349702,0.7375982,0.351612,-0.261265,1.471979,0.5754989,-1.0137,0.4595844,0.1838766,False,0,1,13
6/25/2025 12:13:03 PM,1750846383239,Right,-0.5118524,0.9845345,0.4135033,-0.8022828,0.8924225,0.2413899,-0.5019094,0.923788,0.4609146,-0.7343881,0.7387074,0.3565351,-0.2613884,1.471854,0.5744209,-1.014682,0.4602496,0.1920348,False,0,1,13
6/25/2025 12:13:03 PM,1750846383267,Right,-0.5091315,0.986248,0.4174181,-0.8065029,0.8897711,0.2588726,-0.4976048,0.9247664,0.4644735,-0.7326661,0.7384618,0.3667819,-0.2604901,1.471287,0.5727209,-1.016055,0.458531,0.2116212,False,0,1,13
6/25/2025 12:13:03 PM,1750846383280,Right,-0.507811,0.9870554,0.4198694,-0.8089221,0.8888662,0.2693506,-0.4946574,0.9249187,0.4659466,-0.7320255,0.739149,0.3725064,-0.2598801,1.470877,0.5719185,-1.018795,0.4599485,0.2226728,False,0,1,13
6/25/2025 12:13:03 PM,1750846383308,Right,-0.5039418,0.9876597,0.4240366,-0.8135176,0.8881801,0.2910593,-0.4880345,0.9250602,0.4682797,-0.7305134,0.7402877,0.3845649,-0.2581351,1.469627,0.5711607,-1.024285,0.4629014,0.247045,False,0,1,13
6/25/2025 12:13:03 PM,1750846383322,Right,-0.5016844,0.987189,0.4265714,-0.8156548,0.888239,0.3033519,-0.4845396,0.9249051,0.4699221,-0.7301812,0.7408094,0.3919207,-0.2571329,1.4691,0.5712236,-1.027865,0.4649747,0.2616878,False,0,1,13
6/25/2025 12:13:03 PM,1750846383350,Right,-0.4960298,0.984336,0.4308194,-0.819088,0.8883687,0.3288574,-0.4765638,0.9205275,0.4730487,-0.7291185,0.740487,0.4083032,-0.254554,1.467654,0.5717425,-1.037803,0.4699076,0.2940183,False,0,1,13
6/25/2025 12:13:03 PM,1750846383364,Right,-0.4926028,0.9815258,0.4334252,-0.8194249,0.8885754,0.3427696,-0.4725796,0.9180352,0.4753344,-0.7289057,0.7404196,0.4179903,-0.253345,1.466938,0.5721606,-1.043377,0.4732646,0.3126394,False,0,1,13
6/25/2025 12:13:03 PM,1750846383392,Right,-0.4855783,0.9748322,0.4399461,-0.8188931,0.8881271,0.3713688,-0.461946,0.9091302,0.4766392,-0.7250122,0.7387672,0.4360148,-0.2505466,1.464675,0.5735719,-1.053486,0.4799913,0.3500674,False,0,1,13
6/25/2025 12:13:03 PM,1750846383405,Right,-0.4804883,0.9712775,0.4431185,-0.8169174,0.8870191,0.3870354,-0.4566292,0.9046941,0.4788879,-0.7234709,0.7380835,0.4474691,-0.2490492,1.463689,0.5745057,-1.058594,0.4847031,0.3723691,False,0,1,13
6/25/2025 12:13:03 PM,1750846383419,Right,-0.4750371,0.9673082,0.4464795,-0.814599,0.8856423,0.4023103,-0.4504409,0.9004605,0.4819727,-0.7216328,0.7381814,0.4604899,-0.2474195,1.462427,0.5755935,-1.06352,0.491776,0.3970525,False,0,1,13
6/25/2025 12:13:03 PM,1750846383447,Right,-0.463314,0.9573185,0.4558749,-0.8054982,0.883538,0.4344871,-0.4362384,0.8895298,0.4859605,-0.7130893,0.7377925,0.4867763,-0.2438133,1.460121,0.5788906,-1.069995,0.5059878,0.4492363,False,0,1,13
6/25/2025 12:13:03 PM,1750846383461,Right,-0.4566515,0.9523647,0.4607587,-0.8003126,0.8813909,0.4505938,-0.4286027,0.8838962,0.4877307,-0.7082417,0.7374281,0.4999021,-0.241569,1.458633,0.5810082,-1.071484,0.5142235,0.4756737,False,0,1,13
6/25/2025 12:13:03 PM,1750846383489,Right,-0.441148,0.9426463,0.472645,-0.7826708,0.8662686,0.4828712,-0.4103669,0.8756217,0.4939674,-0.6906602,0.7403308,0.5326647,-0.2359486,1.455174,0.5864218,-1.067001,0.5339584,0.5408438,False,0,1,13
6/25/2025 12:13:03 PM,1750846383503,Right,-0.4320856,0.9369141,0.479229,-0.773151,0.8574406,0.4995597,-0.4012925,0.8695756,0.4952482,-0.683889,0.7392244,0.5478995,-0.2327162,1.452924,0.5896242,-1.063351,0.5443397,0.5727054,False,0,1,13
6/25/2025 12:13:03 PM,1750846383531,Right,-0.4093676,0.9245661,0.4941241,-0.7462989,0.842118,0.5319701,-0.379188,0.8540192,0.4958597,-0.6575569,0.7342025,0.5795456,-0.2257721,1.447107,0.5964961,-1.043705,0.5603514,0.6451104,False,0,1,13
6/25/2025 12:13:03 PM,1750846383544,Right,-0.3971172,0.9180427,0.5006038,-0.7321425,0.8332349,0.547756,-0.3653693,0.8473709,0.4931872,-0.639179,0.7311079,0.5933696,-0.2213887,1.443477,0.6006123,-1.025429,0.5667011,0.6819869,False,0,1,13
6/25/2025 12:13:03 PM,1750846383558,Right,-0.3823892,0.9106901,0.5060436,-0.7140568,0.8234007,0.5623577,-0.3523199,0.8432853,0.4909171,-0.6189094,0.7282038,0.6072414,-0.2167374,1.439729,0.6049128,-1.002654,0.5701162,0.7201433,False,0,1,13
6/25/2025 12:13:03 PM,1750846383586,Right,-0.3512874,0.8951256,0.5128433,-0.6763746,0.80406,0.5884401,-0.3263973,0.8326658,0.4862615,-0.5845075,0.7169019,0.616315,-0.2059386,1.430316,0.6143937,-0.9660857,0.570377,0.7547823,False,0,1,13
6/25/2025 12:13:03 PM,1750846383600,Right,-0.3336635,0.8870344,0.5138756,-0.6560925,0.7940452,0.6020424,-0.3131883,0.825955,0.482175,-0.5680062,0.7103177,0.6205812,-0.200408,1.424735,0.6194955,-0.9456936,0.5713327,0.7740732,False,0,1,13
6/25/2025 12:13:03 PM,1750846383628,Right,-0.2981646,0.8720603,0.514001,-0.6149338,0.7705192,0.6257346,-0.2850736,0.814551,0.4743773,-0.5323497,0.6979673,0.6321292,-0.1900448,1.412457,0.6297923,-0.8951048,0.5728883,0.8201535,False,0,1,13
6/25/2025 12:13:03 PM,1750846383642,Right,-0.2788327,0.8647284,0.5112429,-0.5903221,0.7583519,0.6385022,-0.2716345,0.8098292,0.4676577,-0.5141534,0.6922848,0.6352934,-0.1850566,1.405321,0.6354194,-0.8667643,0.5719662,0.8409429,False,0,1,13
6/25/2025 12:13:03 PM,1750846383670,Right,-0.245486,0.8530886,0.5012464,-0.5427034,0.7355562,0.656819,-0.2480961,0.8023496,0.4532545,-0.4764533,0.6808228,0.641138,-0.1748736,1.390012,0.647228,-0.8061478,0.5599999,0.8774539,False,0,1,13
6/25/2025 12:13:03 PM,1750846383684,Right,-0.2297152,0.849637,0.4934047,-0.5142468,0.7258176,0.663571,-0.2356323,0.8005739,0.4462319,-0.4538217,0.6763647,0.6420248,-0.1699463,1.381378,0.6534697,-0.7724088,0.5513328,0.8932776,False,0,1,13
6/25/2025 12:13:03 PM,1750846383711,Right,-0.195458,0.844061,0.4797945,-0.4572946,0.7079831,0.6732875,-0.2106724,0.7960045,0.4308687,-0.406692,0.6639247,0.642804,-0.1598746,1.363576,0.6668622,-0.6971965,0.528354,0.9225572,False,0,1,13
6/25/2025 12:13:03 PM,1750846383725,Right,-0.1785459,0.841108,0.4697283,-0.4272428,0.6979676,0.6737531,-0.2010235,0.7942282,0.4225537,-0.3847125,0.6578742,0.6416695,-0.155049,1.353903,0.6736788,-0.6593716,0.5162499,0.9351405,False,0,1,13
6/25/2025 12:13:03 PM,1750846383739,Right,-0.1640297,0.838812,0.45843,-0.3989273,0.6882592,0.6725433,-0.1919425,0.7929484,0.4127141,-0.3617556,0.6515119,0.6391781,-0.150371,1.344021,0.6801976,-0.6176176,0.5030271,0.9464242,False,0,1,13
6/25/2025 12:13:03 PM,1750846383766,Right,-0.1413861,0.8358597,0.4328791,-0.3460887,0.6683996,0.6642979,-0.1763989,0.789458,0.3928409,-0.3167217,0.6366692,0.6314402,-0.1413316,1.324284,0.6923977,-0.5311385,0.4729638,0.9621311,False,0,1,13
6/25/2025 12:13:03 PM,1750846383781,Right,-0.1333793,0.8347167,0.4170493,-0.3199628,0.6591019,0.6564543,-0.1708255,0.7869,0.3808714,-0.2951523,0.6287794,0.6239567,-0.1371008,1.314385,0.6986492,-0.487254,0.4571193,0.9650099,False,0,1,13
6/25/2025 12:13:03 PM,1750846383808,Right,-0.1175931,0.8320187,0.3875231,-0.2750411,0.6393677,0.6387894,-0.1607484,0.7809762,0.3559214,-0.2516367,0.610002,0.6082043,-0.1299338,1.293773,0.7091912,-0.3951173,0.4233356,0.9619449,False,0,1,13
6/25/2025 12:13:03 PM,1750846383822,Right,-0.1108154,0.8304378,0.3718011,-0.2527429,0.6309089,0.6258382,-0.1563182,0.7791871,0.3431777,-0.2332907,0.6034226,0.5960519,-0.1265234,1.283561,0.7144033,-0.3578902,0.4091348,0.9535302,False,0,1,13
6/25/2025 12:13:03 PM,1750846383850,Right,-0.09958506,0.8258066,0.3429568,-0.2128401,0.6154595,0.5974404,-0.1512237,0.7754616,0.31994,-0.2078865,0.5934287,0.5696366,-0.1198055,1.262905,0.7240632,-0.3049318,0.3856919,0.9319478,False,0,1,13
6/25/2025 12:13:03 PM,1750846383864,Right,-0.09362602,0.8248383,0.3282021,-0.1951334,0.6091082,0.5819189,-0.1490304,0.7751895,0.3105246,-0.1961095,0.5888109,0.5580651,-0.116291,1.252599,0.7288287,-0.2792867,0.3737228,0.920408,False,0,1,13
6/25/2025 12:13:03 PM,1750846383891,Right,-0.08621346,0.8212363,0.2999083,-0.164992,0.5958231,0.549596,-0.1469643,0.7736133,0.2905511,-0.1725082,0.5776996,0.5306697,-0.1089624,1.232013,0.7378376,-0.2233657,0.3449853,0.8910017,False,0,1,13
6/25/2025 12:13:03 PM,1750846383906,Right,-0.08205529,0.8243565,0.2867921,-0.1522652,0.5892848,0.5332631,-0.1476736,0.7715651,0.2809878,-0.164885,0.5701581,0.5198405,-0.105379,1.221434,0.7418582,-0.2014527,0.3326102,0.8764091,False,0,1,13
6/25/2025 12:13:03 PM,1750846383919,Right,-0.08036745,0.8238035,0.2739356,-0.1407227,0.582301,0.5173165,-0.1480422,0.7716875,0.2731453,-0.1582204,0.5653179,0.5085824,-0.1018928,1.21055,0.7458804,-0.1823234,0.3211892,0.8613427,False,0,1,13
6/25/2025 12:13:03 PM,1750846383947,Right,-0.08036941,0.8214581,0.2534622,-0.1250285,0.5687894,0.4880484,-0.1507098,0.7675084,0.2590139,-0.1476099,0.5523079,0.4868466,-0.09450531,1.188394,0.7528346,-0.1510772,0.2952646,0.830928,False,0,1,13
6/25/2025 12:13:03 PM,1750846383961,Right,-0.08022949,0.8211291,0.2439726,-0.1180057,0.5613658,0.4745151,-0.1519711,0.7650548,0.254206,-0.1431541,0.5448778,0.4783861,-0.09100044,1.177489,0.755367,-0.1381078,0.2819307,0.8167884,False,0,1,13
6/25/2025 12:13:03 PM,1750846383989,Right,-0.08279702,0.8161324,0.2330586,-0.1092764,0.5464275,0.4545637,-0.1536763,0.7602495,0.2528143,-0.1389468,0.5465029,0.4598108,-0.08526862,1.157373,0.7584035,-0.1224225,0.2637091,0.8028789,True,0,1,14
6/25/2025 12:13:04 PM,1750846384003,Right,-0.08550003,0.8138418,0.2289553,-0.1050734,0.5388486,0.4461235,-0.1546111,0.7572252,0.2544533,-0.1375643,0.5417157,0.4599275,-0.08258045,1.147951,0.7600911,-0.1170473,0.2566718,0.8004711,True,0,1,14
6/25/2025 12:13:04 PM,1750846384030,Right,-0.08985718,0.8034973,0.2291433,-0.1004215,0.5229308,0.4398591,-0.1569987,0.7475401,0.2592365,-0.1344075,0.5275575,0.4599838,-0.07676899,1.130332,0.7628915,-0.1044379,0.2359284,0.7936437,True,0,1,14
6/25/2025 12:13:04 PM,1750846384044,Right,-0.091749,0.7975099,0.2308595,-0.09852362,0.5145283,0.4379001,-0.1583065,0.7413952,0.2622918,-0.1327989,0.5194233,0.4596183,-0.074458,1.121963,0.7639077,-0.09757943,0.2233716,0.7896093,True,0,1,14
6/25/2025 12:13:04 PM,1750846384059,Right,-0.09183173,0.7893198,0.2354627,-0.09709599,0.5052965,0.4404067,-0.1600053,0.734011,0.2663856,-0.1308596,0.5096647,0.4599662,-0.07231605,1.114097,0.7647603,-0.08905162,0.2089782,0.7854292,True,0,1,14
6/25/2025 12:13:04 PM,1750846384086,Right,-0.09769727,0.771611,0.2479596,-0.09572873,0.4859551,0.4504022,-0.1637443,0.7176484,0.2772209,-0.1296548,0.4907415,0.4667439,-0.06879067,1.100423,0.7665431,-0.0786438,0.1855189,0.7868249,True,0,1,14
6/25/2025 12:13:04 PM,1750846384100,Right,-0.09913118,0.760586,0.2572163,-0.09566821,0.4750326,0.4605998,-0.1657204,0.7084496,0.2844082,-0.1299759,0.4813095,0.4739572,-0.06684196,1.094131,0.7677817,-0.07661828,0.1764612,0.7934753,True,0,1,14
6/25/2025 12:13:04 PM,1750846384128,Right,-0.103358,0.7375069,0.2786134,-0.09340034,0.4561058,0.4858256,-0.1693604,0.6878607,0.3017484,-0.1305455,0.4623375,0.4913471,-0.06382442,1.082678,0.7697656,-0.07213995,0.1585188,0.8120869,True,0,1,14
6/25/2025 12:13:04 PM,1750846384141,Right,-0.105015,0.7242127,0.2922463,-0.09212759,0.4465418,0.5030522,-0.1707051,0.6770373,0.3117637,-0.1311507,0.4539016,0.5030562,-0.06257761,1.077488,0.770473,-0.07158158,0.1528333,0.827016,True,0,1,14
6/25/2025 12:13:04 PM,1750846384169,Right,-0.1065352,0.6981912,0.3192211,-0.09016028,0.4287618,0.541003,-0.1726784,0.6523468,0.3363877,-0.1310738,0.432511,0.5316052,-0.06156325,1.06863,0.7707822,-0.06881889,0.1377005,0.8602698,True,0,1,14
6/25/2025 12:13:04 PM,1750846384183,Right,-0.1069106,0.6851318,0.3345284,-0.08933453,0.4203507,0.5638829,-0.1729324,0.639798,0.3496087,-0.1309761,0.4207377,0.547355,-0.0611428,1.064843,0.7707522,-0.06881386,0.1294671,0.8776445,True,0,1,14
6/25/2025 12:13:04 PM,1750846384211,Right,-0.106538,0.6603366,0.364156,-0.08733848,0.40736,0.6091024,-0.1725862,0.6113687,0.3794921,-0.1296986,0.3956864,0.5831006,-0.05970705,1.058903,0.7714698,-0.06642325,0.113154,0.9185761,True,0,1,14
6/25/2025 12:13:04 PM,1750846384225,Right,-0.105315,0.6489066,0.3795721,-0.08403642,0.4052172,0.6339159,-0.1710926,0.5978556,0.3959668,-0.1282538,0.3847534,0.6025899,-0.0587703,1.056595,0.7724869,-0.06521871,0.1068534,0.9416844,True,0,1,14
6/25/2025 12:13:04 PM,1750846384239,Right,-0.1027362,0.6382483,0.3942482,-0.08162971,0.4036548,0.6579967,-0.168176,0.5836181,0.415517,-0.1255756,0.3734832,0.6260561,-0.05814087,1.055497,0.7734532,-0.06333069,0.1015248,0.9693164,True,0,1,14
6/25/2025 12:13:04 PM,1750846384266,Right,-0.09733714,0.6193644,0.4207444,-0.07877701,0.4010335,0.702765,-0.1628246,0.5638444,0.4441847,-0.1205191,0.3596103,0.6645985,-0.0580374,1.054697,0.774539,-0.05999409,0.1024418,1.015703,True,0,1,14
6/25/2025 12:13:04 PM,1750846384281,Right,-0.09275057,0.6114298,0.4331705,-0.07810783,0.4017355,0.7207258,-0.1592003,0.5587696,0.456448,-0.1179828,0.3593729,0.6804919,-0.05853689,1.055306,0.7755404,-0.05865422,0.1087127,1.037343,True,0,1,14
6/25/2025 12:13:04 PM,1750846384309,Right,-0.08433459,0.5972497,0.454034,-0.07658567,0.4042698,0.7583159,-0.1502871,0.5550988,0.4811781,-0.111547,0.3640748,0.717326,-0.06017506,1.058925,0.7792456,-0.05582763,0.1323782,1.083245,True,0,1,14
6/25/2025 12:13:04 PM,1750846384322,Right,-0.08085914,0.5926994,0.4648465,-0.07604243,0.4077895,0.7754207,-0.145505,0.5544596,0.4923486,-0.1091533,0.3686588,0.7342291,-0.06134987,1.06143,0.7813189,-0.05614061,0.1465956,1.105342,True,0,1,14
6/25/2025 12:13:04 PM,1750846384350,Right,-0.07609171,0.5861274,0.4869298,-0.07587045,0.4156601,0.8061028,-0.1420192,0.5521618,0.5124218,-0.1110153,0.380277,0.7655408,-0.06529653,1.068445,0.7855003,-0.0630967,0.1800149,1.149115,True,0,1,14
6/25/2025 12:13:04 PM,1750846384364,Right,-0.07469354,0.5839938,0.4975558,-0.07628123,0.4201896,0.8202789,-0.1419224,0.551164,0.5217878,-0.1118982,0.3840953,0.7787107,-0.06775463,1.072619,0.7876322,-0.06491966,0.1916543,1.165933,True,0,1,14
6/25/2025 12:13:04 PM,1750846384391,Right,-0.07351733,0.5820406,0.5174978,-0.078091,0.4300604,0.845104,-0.1427785,0.5537983,0.5385211,-0.1145854,0.3931278,0.7986119,-0.07269061,1.082023,0.7920954,-0.07118717,0.2091316,1.191345,True,0,1,14
6/25/2025 12:13:04 PM,1750846384406,Right,-0.0737221,0.58196,0.526796,-0.07968362,0.4355457,0.8560618,-0.1441311,0.5548295,0.5457504,-0.1166086,0.3972145,0.8070246,-0.0753597,1.087459,0.79443,-0.07494211,0.2170084,1.202401,True,0,1,14
6/25/2025 12:13:04 PM,1750846384420,Right,-0.07376686,0.5820095,0.5357093,-0.08123992,0.4413312,0.8666465,-0.1448649,0.556109,0.553114,-0.1180044,0.4012533,0.8153878,-0.07823336,1.092999,0.7966502,-0.07760888,0.2244399,1.213093,True,0,1,14
6/25/2025 12:13:04 PM,1750846384447,Right,-0.07519285,0.5850741,0.5508148,-0.08761766,0.4530838,0.8852463,-0.1458541,0.5618541,0.5660599,-0.1214032,0.411351,0.8306844,-0.08423555,1.104299,0.8017113,-0.08523581,0.2406893,1.231852,True,0,1,14
6/25/2025 12:13:04 PM,1750846384461,Right,-0.07482403,0.5874627,0.5581207,-0.09133445,0.459534,0.8944274,-0.1497159,0.5641971,0.5719897,-0.126339,0.4157529,0.8387259,-0.08751392,1.109924,0.8040426,-0.09218314,0.2491142,1.240954,True,0,1,14
6/25/2025 12:13:04 PM,1750846384488,Right,-0.07685098,0.5905291,0.5707757,-0.1013763,0.4737563,0.9100376,-0.1501692,0.5713963,0.5822776,-0.1310314,0.4270646,0.8507174,-0.09535706,1.121229,0.8083627,-0.1034863,0.2656983,1.256421,True,0,1,14
6/25/2025 12:13:04 PM,1750846384503,Right,-0.07714645,0.5925069,0.5771253,-0.1073268,0.4811416,0.9179833,-0.1521624,0.5747155,0.5872888,-0.1354092,0.4319964,0.857303,-0.09977567,1.126683,0.8097713,-0.1116904,0.2736357,1.263908,True,0,1,14
6/25/2025 12:13:04 PM,1750846384530,Right,-0.08136579,0.5978201,0.590708,-0.1235976,0.4951337,0.9336682,-0.1570228,0.5809549,0.5972702,-0.1463889,0.4431357,0.8701362,-0.1087898,1.137222,0.8118007,-0.1323654,0.2921402,1.279969,True,0,1,14
6/25/2025 12:13:04 PM,1750846384545,Right,-0.08353122,0.5996423,0.5974216,-0.1325534,0.5023963,0.9413525,-0.159035,0.5844682,0.6020047,-0.1524309,0.4487925,0.8768933,-0.113063,1.142454,0.8125966,-0.1447013,0.3018238,1.287575,True,0,1,14
6/25/2025 12:13:04 PM,1750846384558,Right,-0.08391464,0.6027005,0.6044974,-0.142841,0.5100335,0.9492505,-0.1611944,0.5885583,0.6068829,-0.1595417,0.4549023,0.883809,-0.1172315,1.147802,0.8133399,-0.1592091,0.3119012,1.295038,True,0,1,14
6/25/2025 12:13:04 PM,1750846384586,Right,-0.08729807,0.6107184,0.6204032,-0.1648017,0.525671,0.9640163,-0.1639837,0.5973948,0.6167724,-0.1737325,0.4675545,0.8958684,-0.1249355,1.158127,0.8136675,-0.1907153,0.3306939,1.308333,True,0,1,14
6/25/2025 12:13:04 PM,1750846384600,Right,-0.08962739,0.6155654,0.6294399,-0.1783469,0.5338477,0.971352,-0.1667363,0.6015689,0.622463,-0.1827432,0.4734181,0.9022374,-0.1289488,1.163159,0.8134706,-0.2093163,0.3392091,1.314889,True,0,1,14
6/25/2025 12:13:04 PM,1750846384628,Right,-0.0949249,0.6261408,0.647976,-0.2077861,0.5496722,0.9850641,-0.1717302,0.6101662,0.6334772,-0.2021267,0.4860967,0.9148493,-0.1365898,1.173574,0.8124049,-0.2503945,0.3587162,1.326792,True,0,1,14
6/25/2025 12:13:04 PM,1750846384642,Right,-0.09822418,0.6323544,0.6583788,-0.2243439,0.558767,0.9919382,-0.174509,0.6147865,0.6398026,-0.2127301,0.4924827,0.9214624,-0.1405398,1.178613,0.8116233,-0.2727077,0.3680718,1.332326,True,0,1,14
6/25/2025 12:13:04 PM,1750846384670,Right,-0.1054989,0.6443897,0.6788277,-0.2575503,0.577565,1.002253,-0.1807305,0.6235638,0.6524146,-0.2363261,0.5056117,0.9325495,-0.1481618,1.18919,0.8100221,-0.322854,0.3870313,1.340857,True,0,1,14
6/25/2025 12:13:04 PM,1750846384683,Right,-0.1140489,0.6491115,0.6905279,-0.2742454,0.5887665,1.004712,-0.1837451,0.6270357,0.6602281,-0.2474678,0.5113961,0.9343608,-0.1518224,1.194316,0.8086431,-0.3489935,0.3916922,1.343899,True,0,1,14
6/25/2025 12:13:04 PM,1750846384711,Right,-0.1272707,0.6603042,0.713476,-0.3147273,0.6066375,1.009871,-0.1916834,0.6366523,0.6745403,-0.2695903,0.5240203,0.9432387,-0.1599857,1.205125,0.805443,-0.3958318,0.406045,1.349258,True,0,1,14
6/25/2025 12:13:04 PM,1750846384725,Right,-0.1354489,0.6689928,0.7251314,-0.3368803,0.6147906,1.0126,-0.1970198,0.642877,0.6819782,-0.2829506,0.5314038,0.9489981,-0.164268,1.210633,0.8039536,-0.4220281,0.4152575,1.351053,True,0,1,14
6/25/2025 12:13:04 PM,1750846384739,Right,-0.1434164,0.6784427,0.7369546,-0.357667,0.6209418,1.014789,-0.2032339,0.6494508,0.6897452,-0.2986559,0.5391574,0.9543231,-0.1683325,1.216313,0.8023605,-0.452847,0.4248166,1.351057,True,0,1,14
6/25/2025 12:13:04 PM,1750846384767,Right,-0.1644345,0.6985903,0.7595565,-0.3998162,0.6293038,1.018269,-0.2171916,0.6619922,0.7040129,-0.3306091,0.553645,0.963248,-0.1766063,1.227827,0.7986701,-0.5127738,0.4425347,1.347884,True,0,1,14
6/25/2025 12:13:04 PM,1750846384780,Right,-0.1785632,0.7123718,0.7719346,-0.4226174,0.6316678,1.019676,-0.2258858,0.6700276,0.7107593,-0.3489503,0.5623167,0.9662473,-0.1805652,1.233684,0.796474,-0.5460504,0.4521628,1.343317,True,0,1,14
6/25/2025 12:13:04 PM,1750846384808,Right,-0.2054737,0.7362156,0.7897409,-0.4531597,0.6325651,1.021097,-0.2465922,0.6850977,0.7226449,-0.3893355,0.5785133,0.9663585,-0.1880542,1.245173,0.7913899,-0.6192378,0.4679541,1.326039,True,0,1,14
6/25/2025 12:13:04 PM,1750846384822,Right,-0.2235021,0.7500964,0.7970391,-0.4531597,0.6325651,1.021097,-0.2591388,0.6921543,0.7269579,-0.4056536,0.5864905,0.955202,-0.1916348,1.250832,0.7888017,-0.6559669,0.4669692,1.311697,True,0,1,14
6/25/2025 12:13:04 PM,1750846384850,Right,-0.2621368,0.7758688,0.8082235,-0.4531597,0.6325651,1.021097,-0.2848938,0.7062721,0.7340539,-0.4336078,0.5969499,0.9345042,-0.1982703,1.26158,0.7829492,-0.7169583,0.4506425,1.280015,True,0,1,14
6/25/2025 12:13:04 PM,1750846384864,Right,-0.284972,0.7888277,0.8105319,-0.4531597,0.6325651,1.021097,-0.2974133,0.7153741,0.7364706,-0.4456208,0.6043646,0.9262915,-0.2017201,1.266502,0.779742,-0.7409344,0.4456407,1.266219,True,0,1,14
6/25/2025 12:13:04 PM,1750846384892,Right,-0.3301957,0.8166406,0.809824,-0.4531597,0.6325651,1.021097,-0.3274514,0.7350864,0.7385726,-0.48108,0.620164,0.914263,-0.2085086,1.276008,0.7738698,-0.7973056,0.4456413,1.234111,True,0,1,14
6/25/2025 12:13:04 PM,1750846384905,Right,-0.3551075,0.8301501,0.8065866,-0.4531597,0.6325651,1.021097,-0.3441584,0.7451057,0.7385966,-0.5039756,0.6283588,0.909338,-0.2116269,1.280365,0.7708991,-0.8303958,0.4508003,1.215102,True,0,1,14
6/25/2025 12:13:04 PM,1750846384920,Right,-0.3796497,0.844727,0.7994144,-0.4531597,0.6325651,1.021097,-0.3627775,0.7557465,0.737715,-0.532921,0.6357964,0.906206,-0.2148997,1.284826,0.7683108,-0.8673178,0.4591963,1.193343,True,0,1,14
6/25/2025 12:13:04 PM,1750846384947,Right,-0.4247378,0.8737577,0.7750726,-0.7565441,0.7986301,0.8521846,-0.3982226,0.7763897,0.7303734,-0.5990572,0.6491651,0.9001799,-0.2214406,1.293359,0.7632782,-0.9413586,0.4863667,1.143883,True,0,1,14
6/25/2025 12:13:04 PM,1750846384961,Right,-0.4462583,0.8885313,0.7610099,-0.7800789,0.8113406,0.8283655,-0.4141125,0.7885087,0.7238325,-0.6256024,0.6598811,0.8877917,-0.2244328,1.297217,0.760493,-0.9753491,0.4984493,1.112393,True,0,1,14
6/25/2025 12:13:04 PM,1750846384989,Right,-0.4835679,0.9126491,0.7237474,-0.8221929,0.8385949,0.7761014,-0.4435806,0.806607,0.7071186,-0.6694062,0.6761547,0.85163,-0.2303647,1.304405,0.7548125,-1.036697,0.5090144,1.038406,True,0,1,14
6/25/2025 12:13:05 PM,1750846385002,Right,-0.5012954,0.9215086,0.7029272,-0.8417696,0.8499902,0.7487868,-0.4574881,0.8149331,0.6961568,-0.6896595,0.6834217,0.8293488,-0.2333254,1.30781,0.7518265,-1.0648,0.512159,0.9954908,True,0,1,14
6/25/2025 12:13:05 PM,1750846385031,Right,-0.5277209,0.9353039,0.6591453,-0.8729596,0.870487,0.6921099,-0.4828724,0.8283495,0.6718299,-0.7245415,0.6926811,0.7814311,-0.2387551,1.314121,0.7462032,-1.109867,0.5082605,0.9053259,True,0,1,14
6/25/2025 12:13:05 PM,1750846385045,Right,-0.5384348,0.9410848,0.6350305,-0.8908052,0.880446,0.6637423,-0.4943916,0.8342769,0.6576828,-0.7477475,0.6989958,0.7590744,-0.2412652,1.317215,0.7438834,-1.133702,0.5186247,0.8620012,True,0,1,14
6/25/2025 12:13:05 PM,1750846385058,Right,-0.5457829,0.9440728,0.6131721,-0.9086789,0.8893445,0.6364093,-0.5044032,0.8397757,0.6429612,-0.7708459,0.7058443,0.7351027,-0.2438627,1.320313,0.7416477,-1.155962,0.5307139,0.8163178,True,0,1,14
6/25/2025 12:13:05 PM,1750846385086,Right,-0.558864,0.947105,0.5715539,-0.9460491,0.9048879,0.5822964,-0.521213,0.8504098,0.6123393,-0.8154761,0.7174119,0.6830035,-0.2486924,1.32558,0.7370617,-1.190785,0.5507413,0.7217548,True,0,1,14
6/25/2025 12:13:05 PM,1750846385100,Right,-0.5637131,0.94857,0.5529766,-0.9662356,0.9117538,0.5545641,-0.5278274,0.8538076,0.5961981,-0.8388579,0.7221246,0.6549706,-0.2512571,1.327798,0.7346752,-1.205096,0.5616652,0.6740424,True,0,1,14
6/25/2025 12:13:05 PM,1750846385128,Right,-0.5703348,0.9482554,0.5185163,-0.9211636,0.9134017,0.4960679,-0.5378122,0.8554552,0.5670449,-0.7962633,0.7157304,0.6239035,-0.2559204,1.331658,0.7305434,-1.175153,0.4883454,0.6625845,True,0,1,14
6/25/2025 12:13:05 PM,1750846385142,Right,-0.572534,0.9482072,0.5036882,-0.9219697,0.9184953,0.4555311,-0.5412328,0.8559467,0.5538201,-0.8029615,0.7167315,0.6010883,-0.258243,1.333234,0.7292272,-1.17946,0.4856404,0.6289201,True,0,1,14
6/25/2025 12:13:05 PM,1750846385170,Right,-0.5749136,0.9465014,0.4777233,-0.9189143,0.9151181,0.4095733,-0.5461144,0.8545493,0.5293997,-0.8075175,0.7133698,0.5638732,-0.2628074,1.335708,0.7260766,-1.178837,0.47102,0.5810542,True,0,1,14
6/25/2025 12:13:05 PM,1750846385184,Right,-0.5758289,0.9463013,0.4679365,-0.9174989,0.9123163,0.3886966,-0.5470847,0.8524721,0.5180139,-0.8096905,0.7112765,0.5453331,-0.2651469,1.336343,0.724216,-1.182558,0.4713332,0.5497417,True,0,1,14
6/25/2025 12:13:05 PM,1750846385211,Right,-0.5751109,0.9439358,0.4486722,-0.9093548,0.9132918,0.3457666,-0.5483394,0.8478566,0.498412,-0.8098266,0.7046268,0.5099791,-0.2693726,1.337051,0.7209778,-1.181528,0.4617008,0.4909281,False,0,1,14
6/25/2025 12:13:05 PM,1750846385225,Right,-0.5749029,0.9425272,0.4414001,-0.9036372,0.9144863,0.3261073,-0.5551757,0.8533059,0.4928072,-0.8333825,0.7065787,0.4968412,-0.271062,1.337211,0.7197289,-1.194679,0.4786737,0.464774,False,0,1,14
6/25/2025 12:13:05 PM,1750846385239,Right,-0.5745199,0.9414865,0.4344667,-0.8987761,0.9117119,0.3082078,-0.5611252,0.8567014,0.4825158,-0.841104,0.713972,0.4767464,-0.2728568,1.337424,0.718486,-1.204978,0.4921751,0.4308054,False,0,1,14
6/25/2025 12:13:05 PM,1750846385267,Right,-0.5727068,0.9375024,0.4229863,-0.8867218,0.905516,0.2746888,-0.5615509,0.8536783,0.4705652,-0.8422614,0.7158964,0.4435159,-0.2760677,1.337333,0.7151078,-1.206003,0.5008266,0.3691907,False,0,1,14
6/25/2025 12:13:05 PM,1750846385280,Right,-0.5714005,0.9347534,0.4177316,-0.8810177,0.9043369,0.2605994,-0.5612813,0.852649,0.4655069,-0.8411737,0.7163581,0.4270125,-0.2771331,1.337452,0.7134018,-1.202958,0.5034267,0.3374631,False,0,1,14
6/25/2025 12:13:05 PM,1750846385308,Right,-0.5677269,0.9287591,0.4079025,-0.868122,0.8982373,0.2350166,-0.5598598,0.8489009,0.4576412,-0.8343519,0.7126651,0.3930332,-0.2782481,1.337716,0.7103717,-1.186523,0.4997634,0.269235,False,0,1,14
6/25/2025 12:13:05 PM,1750846385322,Right,-0.566681,0.9268441,0.4051098,-0.8633136,0.8936854,0.2253575,-0.55911,0.8461169,0.4541858,-0.8298205,0.7092365,0.3748558,-0.2785555,1.33801,0.7092859,-1.174336,0.496703,0.2316835,False,0,1,14
6/25/2025 12:13:05 PM,1750846385349,Right,-0.5657848,0.9248044,0.4028871,-0.8557203,0.8859353,0.212369,-0.5578621,0.8428063,0.4501771,-0.8182749,0.7015159,0.3456446,-0.2787,1.338228,0.707357,-1.144271,0.4858032,0.1695117,False,0,1,14
6/25/2025 12:13:05 PM,1750846385364,Right,-0.5651572,0.9233471,0.4025777,-0.8521344,0.8829735,0.2086595,-0.5576261,0.8410308,0.4490712,-0.8135631,0.6959081,0.3396015,-0.2786515,1.337902,0.7065983,-1.132861,0.4747365,0.1574662,False,0,1,14
6/25/2025 12:13:05 PM,1750846385392,Right,-0.5643846,0.9207428,0.4035319,-0.8470622,0.876586,0.2050339,-0.5565954,0.837666,0.4488221,-0.8096326,0.6909577,0.3362263,-0.2785677,1.336599,0.7044414,-1.125468,0.4678571,0.149279,False,0,1,14
6/25/2025 12:13:05 PM,1750846385406,Right,-0.5641372,0.9197553,0.4051206,-0.8458891,0.8737144,0.206454,-0.5563514,0.8375825,0.4513042,-0.8081298,0.6894081,0.338812,-0.2787386,1.335699,0.7032639,-1.122734,0.4638503,0.1519131,False,0,1,14
6/25/2025 12:13:05 PM,1750846385419,Right,-0.5639402,0.9187727,0.4067931,-0.8451552,0.8710704,0.208105,-0.5560071,0.8365089,0.4528918,-0.806011,0.6865795,0.3392921,-0.2792348,1.334672,0.7017676,-1.11816,0.4583323,0.1511197,False,0,1,14
6/25/2025 12:13:05 PM,1750846385448,Right,-0.563475,0.916474,0.4121048,-0.8467923,0.8653209,0.2178212,-0.5539105,0.8334771,0.456695,-0.8024224,0.6805518,0.3446791,-0.2790002,1.332494,0.6985424,-1.112805,0.4471874,0.1591756,False,0,1,14
6/25/2025 12:13:05 PM,1750846385461,Right,-0.5631582,0.9153345,0.4150931,-0.8479326,0.8623927,0.223711,-0.5528028,0.8331411,0.4596089,-0.8025582,0.6804155,0.3503957,-0.2786723,1.331477,0.6971737,-1.115184,0.4471028,0.1684014,False,0,1,14
6/25/2025 12:13:05 PM,1750846385489,Right,-0.5618566,0.9129382,0.4224838,-0.8525886,0.8567204,0.2405926,-0.550234,0.8327653,0.465722,-0.8031386,0.6793563,0.3639611,-0.2776693,1.329308,0.6949446,-1.120292,0.4453509,0.1917807,False,0,1,14
6/25/2025 12:13:05 PM,1750846385503,Right,-0.5611122,0.9115617,0.4263292,-0.8550465,0.853721,0.2498048,-0.5489255,0.8311049,0.4693221,-0.8041754,0.6784649,0.3720113,-0.2770406,1.328379,0.6939036,-1.124995,0.4455896,0.205461,False,0,1,14
6/25/2025 12:13:05 PM,1750846385531,Right,-0.5592537,0.9084374,0.4354645,-0.8604885,0.8483691,0.2720886,-0.5452701,0.8282419,0.4770523,-0.8060385,0.6775999,0.3905122,-0.275499,1.326935,0.6920977,-1.135376,0.448236,0.2373213,False,0,1,14
6/25/2025 12:13:05 PM,1750846385544,Right,-0.558115,0.9071326,0.4404268,-0.8631991,0.8456837,0.2843387,-0.5421444,0.8251493,0.4804783,-0.8057972,0.6762842,0.3998958,-0.2744364,1.326652,0.691486,-1.140189,0.4494991,0.2539172,False,0,1,14
6/25/2025 12:13:05 PM,1750846385559,Right,-0.5562246,0.9050884,0.4461316,-0.8656402,0.8425808,0.2979054,-0.5386425,0.8225024,0.4842987,-0.8061798,0.6759131,0.4106969,-0.2731878,1.326148,0.6908884,-1.146239,0.4531287,0.2733733,False,0,1,14
6/25/2025 12:13:05 PM,1750846385586,Right,-0.5512957,0.8988525,0.4577768,-0.8673806,0.8335264,0.3266008,-0.5321367,0.8172166,0.4941635,-0.8054313,0.6748458,0.4362815,-0.2706248,1.324812,0.6902632,-1.156966,0.4586537,0.3177518,False,0,1,14
6/25/2025 12:13:05 PM,1750846385600,Right,-0.5478552,0.8948447,0.4643053,-0.868341,0.8284355,0.3424004,-0.5274069,0.8136371,0.4990885,-0.8043551,0.6735256,0.4496635,-0.2692602,1.323831,0.6901091,-1.161166,0.4620107,0.3415809,False,0,1,14
6/25/2025 12:13:05 PM,1750846385628,Right,-0.5390964,0.8861929,0.4775546,-0.8673255,0.8166589,0.3749803,-0.5166152,0.8052812,0.5085289,-0.8006151,0.6706151,0.4791214,-0.2661527,1.321849,0.6892712,-1.168716,0.470504,0.3954433,False,0,1,14
6/25/2025 12:13:05 PM,1750846385641,Right,-0.5329978,0.8808957,0.4852157,-0.8639644,0.8090923,0.3931848,-0.5095998,0.8002864,0.5138599,-0.7959527,0.6684327,0.4955852,-0.2642237,1.32094,0.6889259,-1.169811,0.4741165,0.4253462,False,0,1,14
6/25/2025 12:13:05 PM,1750846385670,Right,-0.5194733,0.8701611,0.4996431,-0.8559779,0.79491,0.4279424,-0.4935698,0.7891666,0.5205893,-0.7840549,0.6625637,0.5232387,-0.2591977,1.319419,0.6897297,-1.167409,0.482162,0.4782925,False,0,1,14
6/25/2025 12:13:05 PM,1750846385684,Right,-0.5112967,0.8639979,0.5079883,-0.8506259,0.7881313,0.4463082,-0.4849897,0.7830742,0.5236228,-0.7772006,0.6587863,0.534381,-0.2563108,1.318486,0.6905218,-1.163948,0.4855383,0.49936,False,0,1,14
6/25/2025 12:13:05 PM,1750846385711,Right,-0.4917726,0.8497257,0.5224544,-0.8352123,0.7736898,0.4826384,-0.4631577,0.768003,0.5321549,-0.7567511,0.6483467,0.5629701,-0.2503011,1.315837,0.6918097,-1.150405,0.4899499,0.554013,False,0,1,14
6/25/2025 12:13:05 PM,1750846385725,Right,-0.4791587,0.8421963,0.5296428,-0.8229247,0.7643042,0.5022044,-0.4496318,0.7647605,0.5311205,-0.7418571,0.6461332,0.5728943,-0.2467841,1.314094,0.692662,-1.138037,0.4929441,0.5792192,False,0,1,14
6/25/2025 12:13:05 PM,1750846385739,Right,-0.4657788,0.8349329,0.5366361,-0.8090032,0.7545547,0.5215483,-0.4362912,0.7586828,0.5309653,-0.7262458,0.6410042,0.5847967,-0.2427524,1.311898,0.6938536,-1.124395,0.4930448,0.608744,False,0,1,14
6/25/2025 12:13:05 PM,1750846385767,Right,-0.4355471,0.8171111,0.5466461,-0.7780079,0.7336368,0.5574369,-0.4091273,0.7440554,0.5286288,-0.693494,0.627718,0.6080141,-0.2344353,1.306451,0.696677,-1.091384,0.4904015,0.6710551,False,0,1,14
6/25/2025 12:13:05 PM,1750846385781,Right,-0.4175339,0.8074355,0.5492021,-0.7567863,0.7218831,0.5733958,-0.3940919,0.7369368,0.5263597,-0.67315,0.621513,0.618221,-0.229867,1.302917,0.6982105,-1.070279,0.4882607,0.7025154,False,0,1,14
6/25/2025 12:13:05 PM,1750846385809,Right,-0.380487,0.7896932,0.5524843,-0.714349,0.6995989,0.6035708,-0.3618932,0.7245922,0.5211508,-0.628913,0.6085047,0.6401994,-0.2208275,1.295199,0.7014241,-1.016481,0.4817233,0.7714112,False,0,1,14
6/25/2025 12:13:05 PM,1750846385822,Right,-0.3596725,0.7805062,0.5505999,-0.6903501,0.68923,0.6171296,-0.346656,0.7198206,0.5170951,-0.6065125,0.6019194,0.649852,-0.2164364,1.291159,0.7032057,-0.9853805,0.4764014,0.804981,False,0,1,14
6/25/2025 12:13:05 PM,1750846385850,Right,-0.3201527,0.7650749,0.5433169,-0.6416098,0.6692858,0.6401437,-0.3170139,0.7127659,0.5004874,-0.5583192,0.5929629,0.6619955,-0.2079755,1.28289,0.7069888,-0.913865,0.4694052,0.8674268,False,0,1,14
6/25/2025 12:13:05 PM,1750846385864,Right,-0.2985802,0.7569467,0.5376583,-0.6141948,0.6624223,0.6506432,-0.3020266,0.7095906,0.4926907,-0.531931,0.5883025,0.6677709,-0.2038007,1.278664,0.7089868,-0.872718,0.4638821,0.8977077,False,0,1,14
6/25/2025 12:13:05 PM,1750846385878,Right,-0.2775029,0.7474467,0.529278,-0.5888623,0.6530392,0.6594434,-0.2878362,0.7057583,0.4836553,-0.5108979,0.5817435,0.6686639,-0.1995002,1.274362,0.7112483,-0.8383921,0.4565459,0.9136338,False,0,1,14
6/25/2025 12:13:05 PM,1750846385906,Right,-0.2391798,0.7365509,0.5058342,-0.5346605,0.6367788,0.667204,-0.2616017,0.7005438,0.4614652,-0.4664773,0.573228,0.6654128,-0.1913797,1.26594,0.7166148,-0.7650659,0.4462467,0.9430842,False,0,1,14
6/25/2025 12:13:05 PM,1750846385920,Right,-0.2210959,0.7310126,0.4922524,-0.5071699,0.6280615,0.6699083,-0.2488903,0.6980353,0.4494515,-0.4432558,0.5667776,0.6623991,-0.1873821,1.261938,0.7195446,-0.7241808,0.4359562,0.9549351,False,0,1,14
6/25/2025 12:13:05 PM,1750846385948,Right,-0.1875074,0.7211299,0.4584611,-0.4474127,0.6133839,0.6641986,-0.2249442,0.693976,0.4226019,-0.395815,0.5561886,0.6490104,-0.1794468,1.253398,0.7253152,-0.6437889,0.4152867,0.9675804,False,0,1,14
6/25/2025 12:13:05 PM,1750846385961,Right,-0.1717048,0.7177716,0.4399241,-0.4174081,0.604233,0.6590987,-0.21329,0.6940099,0.4072737,-0.3713849,0.553621,0.6385357,-0.1755706,1.248969,0.7283956,-0.6034138,0.4069359,0.9689604,False,0,1,14
6/25/2025 12:13:05 PM,1750846385989,Right,-0.1462678,0.7193617,0.4001751,-0.3610094,0.5902257,0.6392773,-0.1954324,0.6961505,0.3771642,-0.3269957,0.5481516,0.6177479,-0.1680897,1.239901,0.7347686,-0.5229228,0.3885181,0.9672595,False,0,1,14
6/25/2025 12:13:06 PM,1750846386003,Right,-0.1347679,0.7216035,0.380329,-0.3354044,0.5828577,0.6292934,-0.1870177,0.697382,0.361863,-0.3049692,0.5425212,0.6075861,-0.1644017,1.235262,0.7379243,-0.4796857,0.3751622,0.9623793,False,0,1,14
6/25/2025 12:13:06 PM,1750846386030,Right,-0.1174752,0.7314544,0.3422605,-0.2879301,0.5729376,0.6020825,-0.1755575,0.7036734,0.3325501,-0.2652879,0.5370271,0.5829235,-0.1573282,1.22584,0.7434318,-0.3996683,0.3530119,0.9464808,False,0,1,14
6/25/2025 12:13:06 PM,1750846386044,Right,-0.1089857,0.7404013,0.3231243,-0.2639225,0.5671285,0.5866058,-0.1703642,0.7086644,0.3187377,-0.2512274,0.5355109,0.5704242,-0.1536983,1.22118,0.7462201,-0.3714058,0.3449248,0.9330469,False,0,1,14
6/25/2025 12:13:06 PM,1750846386058,Right,-0.1055798,0.7462009,0.3047481,-0.2429579,0.5642928,0.5704916,-0.1684482,0.7119054,0.304261,-0.2379812,0.5343882,0.5549772,-0.1501445,1.216434,0.7490051,-0.3431644,0.3360112,0.919304,False,0,1,14
6/25/2025 12:13:06 PM,1750846386086,Right,-0.1007757,0.759111,0.2726598,-0.2064826,0.558108,0.5386611,-0.1665123,0.7214796,0.281173,-0.2131425,0.5331053,0.5288717,-0.1428159,1.206993,0.7541916,-0.2864227,0.3183418,0.8920752,False,0,1,14
6/25/2025 12:13:06 PM,1750846386100,Right,-0.1019663,0.7651973,0.2589131,-0.1907831,0.5556803,0.522621,-0.1661186,0.7267073,0.2718135,-0.2013699,0.5330421,0.5156949,-0.1391073,1.202183,0.7563794,-0.2584995,0.3085726,0.8773952,False,0,1,14
6/25/2025 12:13:06 PM,1750846386128,Right,-0.1050367,0.7806836,0.236638,-0.1639062,0.5499288,0.4935416,-0.1683049,0.7346097,0.2557932,-0.1816016,0.5286483,0.4939372,-0.1316649,1.192422,0.7600563,-0.2048768,0.2887182,0.8473533,False,0,1,14
6/25/2025 12:13:06 PM,1750846386142,Right,-0.1059876,0.7851415,0.2275937,-0.152186,0.5477551,0.48066,-0.1706284,0.7358464,0.2490223,-0.1742444,0.5257046,0.4835698,-0.1277879,1.187352,0.7619016,-0.1838367,0.2791909,0.8333094,False,0,1,14
6/25/2025 12:13:06 PM,1750846386170,Right,-0.106992,0.7912396,0.214957,-0.1319894,0.5436132,0.4596714,-0.1740926,0.7388701,0.2414677,-0.1615877,0.5215,0.4678583,-0.1199878,1.176875,0.7652085,-0.1477906,0.2626671,0.8094808,False,0,1,14
6/25/2025 12:13:06 PM,1750846386184,Right,-0.1082776,0.7925513,0.2124945,-0.123721,0.5415835,0.4525869,-0.1764351,0.7383815,0.240065,-0.1566698,0.5188957,0.4621829,-0.1160768,1.17161,0.7666347,-0.1325727,0.254667,0.8005974,False,0,1,14
6/25/2025 12:13:06 PM,1750846386212,Right,-0.1117484,0.7928838,0.2112327,-0.1100142,0.5351484,0.4433662,-0.1771974,0.7375858,0.2421401,-0.1509458,0.52746,0.447278,-0.1086471,1.16121,0.7689621,-0.1133683,0.2449494,0.792899,True,0,1,15
6/25/2025 12:13:06 PM,1750846386225,Right,-0.1139038,0.7903373,0.2139106,-0.104608,0.530836,0.4426745,-0.1776303,0.736013,0.2441825,-0.1487145,0.525407,0.4475017,-0.1051822,1.156237,0.7697241,-0.1065884,0.2407898,0.7917289,True,0,1,15
6/25/2025 12:13:06 PM,1750846386240,Right,-0.1162239,0.786487,0.2181999,-0.09984002,0.5258874,0.4446235,-0.1783171,0.7336812,0.2471658,-0.1460778,0.5224087,0.4487343,-0.1018709,1.151527,0.7705462,-0.09857155,0.2358873,0.7911714,True,0,1,15
6/25/2025 12:13:06 PM,1750846386267,Right,-0.1219298,0.7760158,0.2305578,-0.0921817,0.5148274,0.4535985,-0.1799424,0.7265226,0.2558844,-0.1394254,0.5138647,0.4533965,-0.09633899,1.142347,0.7727983,-0.07830586,0.2234731,0.7913387,True,0,1,15
6/25/2025 12:13:06 PM,1750846386281,Right,-0.1246817,0.767994,0.239972,-0.08958253,0.507371,0.4623501,-0.1810167,0.722054,0.261135,-0.1360948,0.509964,0.4578654,-0.09400165,1.138053,0.7742951,-0.06813602,0.2198674,0.795145,True,0,1,15
6/25/2025 12:13:06 PM,1750846386308,Right,-0.1296189,0.7502096,0.2623147,-0.08647234,0.4911549,0.4842958,-0.1836474,0.7102222,0.2756388,-0.1339349,0.4990083,0.4715456,-0.09015834,1.129585,0.7766125,-0.05796622,0.2095571,0.8082163,True,0,1,15
6/25/2025 12:13:06 PM,1750846386322,Right,-0.1316077,0.7395676,0.2766882,-0.08495215,0.482866,0.4998033,-0.1849195,0.7040916,0.2835413,-0.1337324,0.4944965,0.4800402,-0.08863223,1.125451,0.7774045,-0.05490938,0.2068325,0.8182664,True,0,1,15
6/25/2025 12:13:06 PM,1750846386350,Right,-0.1349976,0.7177357,0.3087556,-0.08219448,0.4673848,0.5343193,-0.1879621,0.6891803,0.3028662,-0.1334982,0.4830486,0.499419,-0.08636427,1.116767,0.7791464,-0.04855049,0.1977187,0.8405744,True,0,1,15
6/25/2025 12:13:06 PM,1750846386364,Right,-0.1356744,0.7057117,0.3277997,-0.08071882,0.4599305,0.5555454,-0.1894779,0.6806837,0.3141746,-0.1346582,0.4775163,0.5118091,-0.08554304,1.112647,0.7802057,-0.04848702,0.1948306,0.8565475,True,0,1,15
6/25/2025 12:13:06 PM,1750846386378,Right,-0.1372338,0.693934,0.3469575,-0.08036243,0.4521453,0.5760214,-0.1909209,0.6713794,0.3267814,-0.1348001,0.4700286,0.5238571,-0.08475327,1.108646,0.7810953,-0.04552832,0.1878127,0.8700349,True,0,1,15
6/25/2025 12:13:06 PM,1750846386406,Right,-0.1392163,0.6709517,0.3908164,-0.08241265,0.4392909,0.6240979,-0.1937523,0.6520496,0.3546562,-0.1388822,0.4566505,0.5528811,-0.08384669,1.101614,0.7827127,-0.04973237,0.1780956,0.9066762,True,0,1,15
6/25/2025 12:13:06 PM,1750846386419,Right,-0.1401919,0.6598753,0.4136113,-0.08454969,0.4333078,0.6504645,-0.194945,0.6417378,0.3702886,-0.1400919,0.4494102,0.5700424,-0.08356154,1.098378,0.7829258,-0.05014257,0.1744108,0.9277272,True,0,1,15
6/25/2025 12:13:06 PM,1750846386448,Right,-0.143679,0.6427466,0.4615214,-0.09174735,0.4255427,0.7076824,-0.1974898,0.6243339,0.4078584,-0.1458448,0.4362015,0.6122267,-0.08350313,1.092508,0.7836192,-0.06006885,0.1686147,0.9766604,True,0,1,15
6/25/2025 12:13:06 PM,1750846386462,Right,-0.1450686,0.6350395,0.4853438,-0.09618686,0.4232612,0.7363867,-0.1991027,0.6158536,0.4287167,-0.1475734,0.4294326,0.6343107,-0.08349955,1.089739,0.7849228,-0.06148961,0.1644397,1.000895,True,0,1,15
6/25/2025 12:13:06 PM,1750846386489,Right,-0.1487083,0.6263372,0.5306345,-0.1082915,0.4251633,0.7922852,-0.2032553,0.6003803,0.473894,-0.1544526,0.4170521,0.6833613,-0.0841521,1.086499,0.7879145,-0.07312445,0.1581947,1.05496,True,0,1,15
6/25/2025 12:13:06 PM,1750846386504,Right,-0.1505134,0.6243374,0.5540077,-0.1156762,0.4269986,0.8200608,-0.2051387,0.5929831,0.4981924,-0.1579,0.4115316,0.7102926,-0.08484519,1.086066,0.7891729,-0.079529,0.1568676,1.084815,True,0,1,15
6/25/2025 12:13:06 PM,1750846386531,Right,-0.1535982,0.6246687,0.5952655,-0.1327696,0.4362776,0.8705314,-0.2087618,0.5816556,0.5524723,-0.1667883,0.4043993,0.7704129,-0.08731246,1.08796,0.7920313,-0.09834087,0.1587401,1.15168,True,0,1,15
6/25/2025 12:13:06 PM,1750846386545,Right,-0.1554573,0.6255207,0.6155358,-0.1419503,0.4416755,0.8953769,-0.21069,0.5783236,0.5804474,-0.1716862,0.4033688,0.8017548,-0.08869493,1.0904,0.7941873,-0.1089291,0.1629836,1.186449,True,0,1,15
6/25/2025 12:13:06 PM,1750846386559,Right,-0.1571274,0.6280379,0.633756,-0.1517432,0.4495201,0.9174967,-0.2128358,0.5772213,0.6116729,-0.1778204,0.4052185,0.8361257,-0.09011376,1.09382,0.7969949,-0.1223379,0.1701738,1.225043,True,0,1,15
6/25/2025 12:13:06 PM,1750846386587,Right,-0.1646541,0.6311402,0.6670029,-0.1727217,0.4648514,0.9576826,-0.2171595,0.5815693,0.6516713,-0.1915394,0.4163387,0.8821319,-0.09380186,1.102334,0.8029535,-0.1532531,0.1925738,1.279922,True,0,1,15
6/25/2025 12:13:06 PM,1750846386601,Right,-0.1638868,0.6360986,0.68136,-0.1848505,0.4735576,0.9758486,-0.2193629,0.5849975,0.6634585,-0.1988985,0.4224388,0.8983435,-0.09613431,1.107379,0.8060949,-0.1705137,0.2057684,1.298989,True,0,1,15
6/25/2025 12:13:06 PM,1750846386628,Right,-0.1702433,0.6448736,0.7075398,-0.2080131,0.4922376,1.006957,-0.2236978,0.5926578,0.6844709,-0.2159765,0.4376864,0.9263845,-0.1015093,1.11858,0.8123126,-0.2110148,0.2351929,1.334208,True,0,1,15
6/25/2025 12:13:06 PM,1750846386642,Right,-0.1745501,0.6498218,0.7194033,-0.2208454,0.5024769,1.019918,-0.226294,0.5969037,0.6932652,-0.2254587,0.4458508,0.9374828,-0.1046454,1.124799,0.815315,-0.2329676,0.2494859,1.348518,True,0,1,15
6/25/2025 12:13:06 PM,1750846386670,Right,-0.1859412,0.6537097,0.74286,-0.2462592,0.5229792,1.042401,-0.231956,0.6061031,0.7089946,-0.2407674,0.4619678,0.9518049,-0.1122059,1.137319,0.8213289,-0.2662749,0.2706259,1.369583,True,0,1,15
6/25/2025 12:13:06 PM,1750846386684,Right,-0.1892522,0.6629851,0.7507976,-0.2601708,0.5339028,1.051966,-0.235193,0.6110992,0.7153165,-0.2483254,0.4681919,0.9614152,-0.1162852,1.143726,0.8242695,-0.2815376,0.2820972,1.378423,True,0,1,15
6/25/2025 12:13:06 PM,1750846386712,Right,-0.1984859,0.676278,0.7650279,-0.2863118,0.5558487,1.063879,-0.2417171,0.6206711,0.7259491,-0.2655824,0.4836754,0.9734284,-0.1249665,1.156077,0.8291786,-0.3187035,0.3059305,1.393116,True,0,1,15
6/25/2025 12:13:06 PM,1750846386726,Right,-0.2039781,0.6818537,0.7714063,-0.2991503,0.5674168,1.068827,-0.2454834,0.6256536,0.7304097,-0.2754367,0.491794,0.9776199,-0.1294814,1.162338,0.8311346,-0.340111,0.3176646,1.398458,True,0,1,15
6/25/2025 12:13:06 PM,1750846386740,Right,-0.2093577,0.6870961,0.7774275,-0.315386,0.577979,1.073205,-0.2495792,0.6304781,0.7350131,-0.2864929,0.4994469,0.9827899,-0.1344212,1.168591,0.8330023,-0.36404,0.3298386,1.403306,True,0,1,15
6/25/2025 12:13:06 PM,1750846386767,Right,-0.2231658,0.7005525,0.7859197,-0.3475232,0.5984005,1.079496,-0.2581169,0.6408023,0.7414739,-0.3085771,0.5143273,0.9912835,-0.1457468,1.181176,0.8372755,-0.4104847,0.3538564,1.408217,True,0,1,15
6/25/2025 12:13:06 PM,1750846386781,Right,-0.2308091,0.7064734,0.7899103,-0.3649615,0.6082321,1.08057,-0.2634842,0.6461659,0.74412,-0.3205768,0.5218389,0.9936659,-0.151436,1.187212,0.8392627,-0.4345893,0.3646337,1.408622,True,0,1,15
6/25/2025 12:13:06 PM,1750846386809,Right,-0.2476564,0.7195019,0.7967806,-0.402556,0.6258017,1.078022,-0.2738031,0.6557102,0.7499056,-0.3443727,0.535542,0.9976809,-0.1628345,1.198969,0.8419647,-0.4824892,0.3842343,1.40782,True,0,1,15
6/25/2025 12:13:06 PM,1750846386823,Right,-0.2562413,0.7263098,0.8002209,-0.4226072,0.6365187,1.07648,-0.2800083,0.6607665,0.752017,-0.358069,0.5424675,0.9986815,-0.1686012,1.204437,0.8424346,-0.5092348,0.3940945,1.405042,True,0,1,15
6/25/2025 12:13:06 PM,1750846386851,Right,-0.2736185,0.7405322,0.8069662,-0.4630084,0.6539267,1.068442,-0.2939318,0.6727429,0.7564881,-0.3850434,0.5568162,0.9992968,-0.1798533,1.214919,0.8430707,-0.5594785,0.4111183,1.397688,True,0,1,15
6/25/2025 12:13:06 PM,1750846386865,Right,-0.2846505,0.7486647,0.808704,-0.4849811,0.6645623,1.063989,-0.3001847,0.6771855,0.7578349,-0.3988323,0.5626022,0.9992541,-0.1850308,1.219843,0.8430445,-0.5855345,0.4195648,1.392112,True,0,1,15
6/25/2025 12:13:06 PM,1750846386878,Right,-0.2959902,0.7561247,0.809938,-0.5069898,0.6745549,1.05897,-0.3080658,0.681407,0.7582644,-0.4147787,0.568176,0.9980746,-0.1902765,1.224694,0.8427556,-0.6142427,0.4279728,1.384465,True,0,1,15
6/25/2025 12:13:06 PM,1750846386906,Right,-0.3184865,0.7740144,0.8131152,-0.5531713,0.6965425,1.04503,-0.3261356,0.6917106,0.7590622,-0.4499486,0.5807414,0.9941527,-0.1994244,1.233556,0.841027,-0.6761229,0.4450871,1.364691,True,0,1,15
6/25/2025 12:13:06 PM,1750846386920,Right,-0.3317113,0.7825277,0.8131717,-0.5775406,0.7068043,1.036543,-0.3363445,0.698153,0.7595072,-0.4694492,0.5878432,0.9916107,-0.2039191,1.237881,0.8400083,-0.7094581,0.4538493,1.35213,True,0,1,15
6/25/2025 12:13:06 PM,1750846386947,Right,-0.3609469,0.7988614,0.8098249,-0.6247553,0.7296559,1.011934,-0.3581451,0.7118433,0.7593644,-0.50833,0.6028865,0.9802353,-0.2125062,1.24658,0.8379877,-0.7781382,0.4677886,1.319849,True,0,1,15
6/25/2025 12:13:06 PM,1750846386962,Right,-0.3767214,0.8075081,0.8065307,-0.6501267,0.740074,0.9979151,-0.3694473,0.7184009,0.7580826,-0.527827,0.6092781,0.9741374,-0.2165815,1.250811,0.8366916,-0.8102062,0.4732096,1.301878,True,0,1,15
6/25/2025 12:13:06 PM,1750846386989,Right,-0.4100418,0.823155,0.7952097,-0.6953239,0.7609627,0.9637383,-0.3926519,0.7331402,0.7540872,-0.563107,0.6242886,0.9570526,-0.22428,1.259125,0.833657,-0.8694154,0.4831468,1.264283,True,0,1,15
6/25/2025 12:13:07 PM,1750846387003,Right,-0.4249924,0.8306206,0.7889892,-0.7186384,0.7711342,0.9455931,-0.4044208,0.7400129,0.7511478,-0.5820808,0.6306169,0.9486036,-0.2281591,1.263175,0.8319156,-0.8985943,0.4882833,1.243616,True,0,1,15
6/25/2025 12:13:07 PM,1750846387031,Right,-0.4527626,0.8475748,0.774985,-0.7614012,0.7938535,0.9053551,-0.4251644,0.7520688,0.7437756,-0.6190596,0.6427491,0.9282447,-0.2353326,1.27081,0.8280284,-0.9572175,0.5002227,1.194989,True,0,1,15
6/25/2025 12:13:07 PM,1750846387045,Right,-0.4671758,0.85575,0.7656537,-0.7841572,0.8043101,0.8843974,-0.4359557,0.758287,0.7384977,-0.6386479,0.6494923,0.9164334,-0.2386942,1.274526,0.8258665,-0.986725,0.5083333,1.167772,True,0,1,15
6/25/2025 12:13:07 PM,1750846387059,Right,-0.4805829,0.8635193,0.7547467,-0.8027298,0.8159797,0.859281,-0.4476708,0.7649205,0.7315766,-0.6577218,0.657334,0.9010625,-0.2420596,1.278133,0.8235104,-1.016819,0.51622,1.136939,True,0,1,15
6/25/2025 12:13:07 PM,1750846387087,Right,-0.5061687,0.87975,0.7291002,-0.8354529,0.8396285,0.8084013,-0.4701968,0.7773556,0.7152987,-0.6909013,0.6697602,0.8692865,-0.2489599,1.285369,0.8190997,-1.066105,0.5232707,1.076455,True,0,1,15
6/25/2025 12:13:07 PM,1750846387100,Right,-0.5188835,0.8875194,0.716242,-0.8503985,0.8522853,0.7811142,-0.4806862,0.7838584,0.7072693,-0.7059039,0.6770641,0.8528238,-0.2522265,1.288768,0.8164923,-1.089129,0.5281332,1.04565,True,0,1,15
6/25/2025 12:13:07 PM,1750846387128,Right,-0.539051,0.9019814,0.6854137,-0.8780915,0.8735672,0.7263836,-0.4990957,0.7987636,0.6927702,-0.7375106,0.6916268,0.8209757,-0.2585796,1.295291,0.8112414,-1.132121,0.5382379,0.9782613,True,0,1,15
6/25/2025 12:13:07 PM,1750846387142,Right,-0.5487971,0.9086765,0.6683307,-0.8891364,0.8840984,0.698,-0.5094355,0.8008194,0.6821395,-0.753543,0.6956744,0.8006976,-0.261582,1.298198,0.8079731,-1.154509,0.5417719,0.9407416,True,0,1,15
6/25/2025 12:13:07 PM,1750846387170,Right,-0.5634883,0.9182875,0.6333303,-0.8994641,0.9092228,0.6444434,-0.5271541,0.8111926,0.6591348,-0.7713581,0.7052202,0.763225,-0.2672552,1.304615,0.8016686,-1.17863,0.5358819,0.8824806,True,0,1,15
6/25/2025 12:13:07 PM,1750846387184,Right,-0.56988,0.9219186,0.6172556,-0.9061839,0.918993,0.6158084,-0.5340424,0.8170719,0.6478361,-0.780969,0.7115988,0.7458274,-0.2697423,1.307784,0.7986495,-1.18976,0.538886,0.8545884,True,0,1,15
6/25/2025 12:13:07 PM,1750846387198,Right,-0.5759218,0.925057,0.6017335,-0.9117832,0.9288679,0.5873657,-0.5412191,0.8212793,0.6355878,-0.7910932,0.7167352,0.7264726,-0.2719268,1.310968,0.7957551,-1.201606,0.5409282,0.8237181,True,0,1,15
6/25/2025 12:13:07 PM,1750846387226,Right,-0.5856915,0.9297133,0.5700614,-0.9203541,0.9433136,0.5319627,-0.5545273,0.8293722,0.6123978,-0.8099618,0.7234594,0.6871893,-0.2760164,1.31723,0.7896302,-1.220474,0.537789,0.7593489,True,0,1,15
6/25/2025 12:13:07 PM,1750846387240,Right,-0.5898228,0.928879,0.5542011,-0.9223586,0.9492567,0.5044569,-0.5596813,0.8340255,0.6010689,-0.8171304,0.7276326,0.66702,-0.2778226,1.31992,0.7867537,-1.227665,0.5371608,0.7266425,True,0,1,15
6/25/2025 12:13:07 PM,1750846387268,Right,-0.5959386,0.9309579,0.5280554,-0.9240611,0.9571694,0.4536877,-0.5689965,0.8399197,0.5791529,-0.8296814,0.7295948,0.6251056,-0.2807789,1.324609,0.7818446,-1.236448,0.5261021,0.6574314,True,0,1,15
6/25/2025 12:13:07 PM,1750846387281,Right,-0.5985309,0.9329033,0.5177718,-0.9230819,0.9590243,0.4303133,-0.5721862,0.8414393,0.569159,-0.8336607,0.7297435,0.6045955,-0.2823912,1.326726,0.7795281,-1.239408,0.5219265,0.6223225,True,0,1,15
6/25/2025 12:13:07 PM,1750846387309,Right,-0.6025297,0.9373659,0.5010921,-0.8786077,0.9401338,0.3074591,-0.5769335,0.8451971,0.5517727,-0.8372431,0.7269903,0.564844,-0.2854658,1.329638,0.7747462,-1.237443,0.5078245,0.5490277,True,0,1,15
6/25/2025 12:13:07 PM,1750846387323,Right,-0.6040007,0.939466,0.4944004,-0.8488833,0.9324065,0.2386115,-0.5793571,0.8459873,0.5452929,-0.8541935,0.7261081,0.5471717,-0.2871578,1.330889,0.7724764,-1.244579,0.5196345,0.5125216,True,0,1,15
6/25/2025 12:13:07 PM,1750846387351,Right,-0.6054664,0.9412538,0.4830708,-0.8339761,0.9323449,0.2096003,-0.5879475,0.8510957,0.5354498,-0.8845447,0.7324878,0.5090382,-0.2904311,1.332734,0.7675292,-1.257498,0.5475079,0.43728,False,0,1,15
6/25/2025 12:13:07 PM,1750846387365,Right,-0.6059463,0.941285,0.4798608,-0.8279614,0.931302,0.20208,-0.5942506,0.8566509,0.5303352,-0.8909382,0.7441488,0.488663,-0.2919396,1.333431,0.7650518,-1.263978,0.5672632,0.3968455,False,0,1,15
6/25/2025 12:13:07 PM,1750846387378,Right,-0.6056123,0.9403439,0.4749474,-0.8212931,0.9297767,0.1922866,-0.5991536,0.8610311,0.5246634,-0.8946272,0.7520541,0.4675415,-0.2933053,1.333983,0.7627439,-1.2645,0.5800185,0.3560024,False,0,1,15
6/25/2025 12:13:07 PM,1750846387406,Right,-0.604068,0.9379426,0.4703835,-0.8101104,0.9255854,0.1801038,-0.5986029,0.8595327,0.5204225,-0.8874776,0.754648,0.4294086,-0.295967,1.335232,0.7577808,-1.244118,0.5885686,0.2754964,False,0,1,15
6/25/2025 12:13:07 PM,1750846387420,Right,-0.6034163,0.9372372,0.4685718,-0.8046571,0.9230996,0.1742273,-0.5984527,0.8578628,0.5183029,-0.8812692,0.7513702,0.4097286,-0.2967671,1.335905,0.7554467,-1.226549,0.5835298,0.2348658,False,0,1,15
6/25/2025 12:13:07 PM,1750846387448,Right,-0.6009577,0.9325159,0.4679562,-0.7975611,0.9159787,0.1692634,-0.5950908,0.8551784,0.5158608,-0.8734481,0.7451501,0.3969464,-0.2979606,1.337185,0.7509983,-1.209521,0.5744856,0.2096146,False,0,1,15
6/25/2025 12:13:07 PM,1750846387462,Right,-0.5993862,0.9301298,0.4686933,-0.7957219,0.9124085,0.169071,-0.593289,0.8525599,0.5143275,-0.8711424,0.7412842,0.3934169,-0.2978668,1.33752,0.7492907,-1.204793,0.5691452,0.2047476,False,0,1,15
6/25/2025 12:13:07 PM,1750846387489,Right,-0.5960091,0.9257535,0.4713385,-0.7935585,0.9033735,0.1739817,-0.5876224,0.8467497,0.5150626,-0.8644891,0.7330254,0.3964506,-0.2976085,1.337938,0.7459219,-1.198527,0.5582368,0.2090302,False,0,1,15
6/25/2025 12:13:07 PM,1750846387503,Right,-0.5940962,0.9233581,0.4735411,-0.7929239,0.8981317,0.1787983,-0.5851277,0.8447449,0.5167344,-0.8602825,0.7282829,0.3998471,-0.2973691,1.337891,0.7441831,-1.194112,0.5483985,0.2143812,False,0,1,15
6/25/2025 12:13:07 PM,1750846387530,Right,-0.5901374,0.9188761,0.4805651,-0.7952352,0.8885885,0.1934865,-0.5802161,0.8415776,0.5236642,-0.8558446,0.7229832,0.4161059,-0.2963555,1.337488,0.7410986,-1.19513,0.5380493,0.2410849,False,0,1,15
6/25/2025 12:13:07 PM,1750846387545,Right,-0.588022,0.9164392,0.4845228,-0.7970676,0.8840162,0.2012866,-0.5775664,0.8398721,0.5274564,-0.8533398,0.7188588,0.4247033,-0.2957574,1.337068,0.7395523,-1.194145,0.5297343,0.2558945,False,0,1,15
6/25/2025 12:13:07 PM,1750846387559,Right,-0.5858938,0.9142211,0.4894677,-0.8005752,0.8796174,0.2106735,-0.5745465,0.8382676,0.5321496,-0.8522618,0.7168249,0.4352301,-0.2950152,1.336411,0.7378387,-1.196192,0.5266703,0.2741497,False,0,1,15
6/25/2025 12:13:07 PM,1750846387586,Right,-0.5806643,0.9097032,0.4995957,-0.8073329,0.8706482,0.2307301,-0.5682098,0.8356872,0.5427271,-0.850622,0.7142309,0.4597485,-0.292753,1.334593,0.7350748,-1.201898,0.5232521,0.3170634,False,0,1,15
6/25/2025 12:13:07 PM,1750846387601,Right,-0.5773318,0.9075127,0.506254,-0.8109546,0.8666314,0.2431462,-0.5633975,0.8340943,0.5473429,-0.8487339,0.7137645,0.4717085,-0.2911646,1.333606,0.7338336,-1.204133,0.5243473,0.3385004,False,0,1,15
6/25/2025 12:13:07 PM,1750846387628,Right,-0.56997,0.9023349,0.5181771,-0.8182338,0.8572696,0.2680447,-0.5534882,0.8286535,0.557263,-0.8445282,0.7110497,0.4966196,-0.2873892,1.331421,0.7311685,-1.20752,0.5254029,0.382961,False,0,1,15
6/25/2025 12:13:07 PM,1750846387642,Right,-0.5649837,0.8981866,0.5238803,-0.8211877,0.8526347,0.2825891,-0.5474393,0.8251334,0.5622051,-0.8406155,0.7098164,0.5098253,-0.2849259,1.330253,0.7302107,-1.208402,0.5270705,0.406042,False,0,1,15
6/25/2025 12:13:07 PM,1750846387670,Right,-0.553862,0.8888012,0.5351349,-0.8253884,0.8444374,0.313288,-0.5340426,0.8167034,0.5705653,-0.8304536,0.7058888,0.5383489,-0.2794698,1.327671,0.7292416,-1.208401,0.5289531,0.4585829,False,0,1,15
6/25/2025 12:13:07 PM,1750846387684,Right,-0.5469111,0.8834383,0.5409128,-0.8257568,0.8384196,0.3294246,-0.5277261,0.8111669,0.5739336,-0.8255621,0.7032473,0.5515889,-0.276318,1.326096,0.7287838,-1.208265,0.5304341,0.4836261,False,0,1,15
6/25/2025 12:13:07 PM,1750846387712,Right,-0.5313084,0.8706884,0.5515155,-0.8236963,0.830126,0.3642942,-0.5099722,0.797639,0.5814007,-0.807668,0.6957589,0.5826454,-0.2693909,1.322212,0.7280527,-1.201087,0.5311917,0.5431187,False,0,1,15
6/25/2025 12:13:07 PM,1750846387725,Right,-0.5222764,0.8643464,0.5569645,-0.8215598,0.8250955,0.3828974,-0.499053,0.7905546,0.5849668,-0.7962721,0.69148,0.5993157,-0.2656621,1.320266,0.7276635,-1.194033,0.5316663,0.576055,False,0,1,15
6/25/2025 12:13:07 PM,1750846387739,Right,-0.5127523,0.8572422,0.5618962,-0.8169695,0.8242725,0.3993033,-0.4888287,0.7824361,0.5872024,-0.7843025,0.6862966,0.6145482,-0.2615103,1.31796,0.72725,-1.186372,0.5312274,0.6078815,False,0,1,15
6/25/2025 12:13:07 PM,1750846387767,Right,-0.4919032,0.8430616,0.5705826,-0.8070119,0.8198509,0.4337284,-0.4665803,0.7710025,0.5904564,-0.7572886,0.6789775,0.6457105,-0.252345,1.313273,0.7270293,-1.16394,0.5333059,0.675839,False,0,1,15
6/25/2025 12:13:07 PM,1750846387781,Right,-0.4800226,0.8362368,0.5737589,-0.8017333,0.8158324,0.4516134,-0.453565,0.7630859,0.5901419,-0.7420002,0.6734391,0.6607893,-0.2473601,1.310397,0.7273438,-1.148696,0.5346252,0.7113783,False,0,1,15
6/25/2025 12:13:07 PM,1750846387808,Right,-0.4551305,0.8226033,0.5798191,-0.7870605,0.8068514,0.487466,-0.4275531,0.7485641,0.5878959,-0.7078807,0.6629208,0.6898369,-0.2375306,1.304394,0.7276701,-1.11115,0.5377919,0.7837797,False,0,1,15
6/25/2025 12:13:07 PM,1750846387822,Right,-0.4406751,0.8153734,0.5808452,-0.7758682,0.8025989,0.505033,-0.4141055,0.741372,0.5846842,-0.6878921,0.6573052,0.7019526,-0.2326902,1.301079,0.7276435,-1.087913,0.5383763,0.8189424,False,0,1,15
6/25/2025 12:13:07 PM,1750846387851,Right,-0.4111042,0.8011245,0.5810918,-0.756115,0.7887382,0.5397221,-0.3871411,0.7288966,0.5773512,-0.6485357,0.6474585,0.7285765,-0.2233449,1.294685,0.7277296,-1.032272,0.5451679,0.8938164,False,0,1,15
6/25/2025 12:13:07 PM,1750846387864,Right,-0.3954813,0.7949516,0.5799602,-0.7429421,0.7816005,0.55584,-0.3737336,0.7252383,0.5732822,-0.627372,0.6426529,0.7380593,-0.2186297,1.291468,0.7279525,-1.001616,0.5439435,0.9239904,False,0,1,15
6/25/2025 12:13:07 PM,1750846387878,Right,-0.3796472,0.788828,0.5784857,-0.7281881,0.773371,0.5722134,-0.3599837,0.720992,0.5683995,-0.6079897,0.6359963,0.7410667,-0.2138025,1.288362,0.7286993,-0.9752208,0.5357723,0.9389089,False,0,1,15
6/25/2025 12:13:07 PM,1750846387906,Right,-0.3489363,0.7771819,0.5720324,-0.6350338,0.7216871,0.7376775,-0.3328823,0.713415,0.5542009,-0.5581385,0.6252747,0.7337696,-0.2046578,1.282424,0.7301521,-0.9193779,0.5150682,0.96259,False,0,1,15
6/25/2025 12:13:07 PM,1750846387920,Right,-0.332434,0.7715716,0.5675106,-0.6081325,0.7103483,0.7517546,-0.3200572,0.7098028,0.5459474,-0.539219,0.6179918,0.7340727,-0.2002314,1.279315,0.7309231,-0.8895697,0.5055127,0.9749242,False,0,1,15
6/25/2025 12:13:07 PM,1750846387947,Right,-0.3001244,0.7620773,0.5529665,-0.5601655,0.6902342,0.7535111,-0.2971108,0.7048637,0.5249086,-0.4983141,0.6066676,0.7281387,-0.1915735,1.272914,0.7328293,-0.825965,0.4883993,0.9977263,False,0,1,15
6/25/2025 12:13:07 PM,1750846387961,Right,-0.2843226,0.7572786,0.543864,-0.5339371,0.6786826,0.7567461,-0.2876985,0.7015764,0.5114101,-0.4797883,0.5994408,0.7229176,-0.1869379,1.269479,0.734067,-0.7932726,0.4785144,1.00612,False,0,1,15
6/25/2025 12:13:07 PM,1750846387989,Right,-0.2543482,0.746458,0.5190194,-0.4826731,0.6539025,0.7478255,-0.2682767,0.7000347,0.487717,-0.4369836,0.5897105,0.713321,-0.1783799,1.262655,0.7364643,-0.7181607,0.4610187,1.026768,False,0,1,15
6/25/2025 12:13:08 PM,1750846388003,Right,-0.2405004,0.7421948,0.5042125,-0.455664,0.6417874,0.7434847,-0.2597518,0.6977958,0.4744709,-0.4167063,0.5821155,0.7067454,-0.1741992,1.259156,0.7376742,-0.6792757,0.4486615,1.033069,False,0,1,15
6/25/2025 12:13:08 PM,1750846388031,Right,-0.2154477,0.7369181,0.4715895,-0.4040616,0.6188857,0.7221838,-0.2435752,0.6986088,0.4448808,-0.3720711,0.5713667,0.6862208,-0.1656955,1.252201,0.7400103,-0.5918092,0.423938,1.039346,False,0,1,15
6/25/2025 12:13:08 PM,1750846388045,Right,-0.202644,0.7344565,0.4547783,-0.3771925,0.6080017,0.7103786,-0.235579,0.6989121,0.4295953,-0.3496346,0.5644758,0.6733935,-0.1617242,1.248862,0.7413673,-0.5461381,0.4075046,1.036831,False,0,1,15
6/25/2025 12:13:08 PM,1750846388059,Right,-0.1921963,0.7347828,0.4364602,-0.3516865,0.5978763,0.6937584,-0.2284132,0.700924,0.4146842,-0.3260446,0.5590788,0.6591147,-0.1580049,1.245563,0.7428238,-0.4960999,0.3904617,1.032792,False,0,1,15
6/25/2025 12:13:08 PM,1750846388087,Right,-0.175911,0.7362706,0.3986497,-0.3056889,0.5828528,0.6615094,-0.2202337,0.7059445,0.3850375,-0.2887005,0.548457,0.6282326,-0.1504637,1.238616,0.7461569,-0.4086652,0.3557422,1.011098,False,0,1,15
6/25/2025 12:13:08 PM,1750846388101,Right,-0.1701587,0.7392457,0.3800833,-0.2847641,0.576221,0.6431001,-0.2153407,0.7102488,0.3705705,-0.2713873,0.5462227,0.6116576,-0.1470276,1.234644,0.7478001,-0.3716849,0.3421578,0.9952028,False,0,1,15
6/25/2025 12:13:08 PM,1750846388129,Right,-0.1607878,0.7455932,0.344362,-0.2467707,0.5642852,0.6064732,-0.2099941,0.7156092,0.3431054,-0.2473178,0.5399746,0.5796777,-0.1400933,1.225742,0.7510464,-0.3170913,0.3175504,0.9596924,False,0,1,15
6/25/2025 12:13:08 PM,1750846388142,Right,-0.1569659,0.7497399,0.327568,-0.2299514,0.5592787,0.5862415,-0.2081038,0.7184631,0.3299671,-0.2366793,0.538595,0.5638186,-0.1364642,1.220348,0.7526448,-0.2921863,0.3084706,0.9422876,False,0,1,15
6/25/2025 12:13:08 PM,1750846388170,Right,-0.1492709,0.7625635,0.3008073,-0.2015404,0.5505034,0.5506502,-0.2041016,0.7244288,0.3078833,-0.2162552,0.5324572,0.5361634,-0.1303097,1.20963,0.754843,-0.244045,0.2863259,0.9050185,False,0,1,15
6/25/2025 12:13:08 PM,1750846388184,Right,-0.1470012,0.7656836,0.2886559,-0.1912228,0.5458869,0.534965,-0.2026458,0.7267523,0.2987696,-0.207731,0.5299696,0.5246585,-0.127401,1.204387,0.7553196,-0.2231131,0.2780614,0.8889879,False,0,1,15
6/25/2025 12:13:08 PM,1750846388212,Right,-0.1423144,0.7738243,0.2688519,-0.1710693,0.539423,0.5069606,-0.2004489,0.7305496,0.2855136,-0.1939705,0.5243677,0.5056888,-0.1213001,1.194504,0.755954,-0.1897822,0.2610728,0.8596023,False,0,1,15
6/25/2025 12:13:08 PM,1750846388225,Right,-0.1407357,0.776313,0.2625849,-0.1634025,0.536016,0.496189,-0.2003222,0.7312945,0.2814391,-0.1882406,0.5215831,0.4987337,-0.1176846,1.189923,0.7564855,-0.1751487,0.2535347,0.8481946,False,0,1,15
6/25/2025 12:13:08 PM,1750846388239,Right,-0.1396144,0.7773509,0.2588449,-0.1570301,0.5329009,0.4878116,-0.2007112,0.7305951,0.2781006,-0.183891,0.5189217,0.4925905,-0.1144035,1.185374,0.7568367,-0.1632137,0.2469547,0.8391587,False,0,1,15
6/25/2025 12:13:08 PM,1750846388267,Right,-0.1390908,0.7768031,0.2536949,-0.1452328,0.5273587,0.4770888,-0.2014054,0.7281837,0.2756479,-0.1763142,0.5125163,0.4847119,-0.1082457,1.177158,0.7575729,-0.1425844,0.2332783,0.8249282,False,0,1,15
6/25/2025 12:13:08 PM,1750846388281,Right,-0.140555,0.7743773,0.2537682,-0.1416364,0.5232605,0.4750029,-0.2021015,0.7264513,0.2769868,-0.1736613,0.5098312,0.4843292,-0.1053802,1.173579,0.7582042,-0.1346096,0.2286285,0.8226218,False,0,1,15
6/25/2025 12:13:08 PM,1750846388309,Right,-0.1432664,0.766625,0.2569406,-0.1349791,0.5144753,0.4756135,-0.2025023,0.7234317,0.2803081,-0.1727585,0.5175158,0.4733174,-0.09955347,1.167116,0.7600515,-0.1263745,0.220569,0.8201541,True,0,1,16
6/25/2025 12:13:08 PM,1750846388322,Right,-0.1453797,0.7602086,0.2615598,-0.1324485,0.5094027,0.4801024,-0.2026964,0.7214093,0.2826323,-0.1725699,0.5162197,0.4752006,-0.09694707,1.163815,0.761018,-0.1249166,0.219016,0.8226798,True,0,1,16
6/25/2025 12:13:08 PM,1750846388350,Right,-0.1506265,0.7453579,0.2751847,-0.1290998,0.4974244,0.4934086,-0.203744,0.7148547,0.2898622,-0.1712612,0.5111091,0.4812012,-0.09229267,1.156842,0.7632196,-0.1181147,0.2132815,0.8294844,True,0,1,16
6/25/2025 12:13:08 PM,1750846388364,Right,-0.153467,0.7359982,0.2858467,-0.1280234,0.4904569,0.5043085,-0.2045342,0.7106196,0.2947382,-0.1703012,0.508289,0.4856141,-0.0904566,1.153145,0.7643816,-0.1136671,0.2107282,0.8350639,True,0,1,16
6/25/2025 12:13:08 PM,1750846388378,Right,-0.1561464,0.7266111,0.296859,-0.1271212,0.4836472,0.5152786,-0.2054599,0.7054946,0.3007907,-0.1688429,0.5046406,0.4907689,-0.08885109,1.149281,0.7653282,-0.1074142,0.206975,0.8411288,True,0,1,16
6/25/2025 12:13:08 PM,1750846388406,Right,-0.1615868,0.7059705,0.3266989,-0.1307323,0.4644108,0.5476692,-0.2077175,0.6935738,0.3154812,-0.1654296,0.4944762,0.5071799,-0.08580911,1.140906,0.7675393,-0.09428449,0.2014659,0.8586782,True,0,1,16
6/25/2025 12:13:08 PM,1750846388420,Right,-0.1646478,0.695048,0.3435082,-0.1306463,0.4570174,0.5663107,-0.2090585,0.6868877,0.3240722,-0.1660772,0.4901337,0.5166712,-0.08453321,1.136501,0.7685459,-0.09354042,0.1995192,0.8710893,True,0,1,16
6/25/2025 12:13:08 PM,1750846388448,Right,-0.1662157,0.6743218,0.3836085,-0.1284352,0.4457723,0.6074091,-0.2117863,0.6718828,0.3453753,-0.1692661,0.4796252,0.5361611,-0.08247614,1.127221,0.7705047,-0.09592257,0.1883054,0.895674,True,0,1,16
6/25/2025 12:13:08 PM,1750846388461,Right,-0.1672814,0.6639471,0.4055209,-0.1281623,0.4401636,0.629982,-0.2128726,0.6643019,0.3574296,-0.1706288,0.4741549,0.5467567,-0.08184648,1.122584,0.771724,-0.09668477,0.1816869,0.9085042,True,0,1,16
6/25/2025 12:13:08 PM,1750846388489,Right,-0.1665428,0.6487848,0.453797,-0.1283122,0.4318174,0.677165,-0.2146164,0.648361,0.3868398,-0.1738821,0.4631073,0.5745186,-0.08049071,1.114216,0.7748129,-0.1002612,0.1703296,0.9422756,True,0,1,16
6/25/2025 12:13:08 PM,1750846388503,Right,-0.1664987,0.6422728,0.4786189,-0.1288491,0.4282728,0.7014572,-0.2151414,0.6409328,0.4027284,-0.1756445,0.4581702,0.5901065,-0.07949293,1.11051,0.7766521,-0.1029624,0.1659794,0.96124,True,0,1,16
6/25/2025 12:13:08 PM,1750846388531,Right,-0.1635107,0.6310791,0.5236838,-0.131427,0.4265524,0.7513292,-0.2157825,0.6255975,0.4402112,-0.1794741,0.4465672,0.6275925,-0.07774436,1.104812,0.7801275,-0.1100098,0.1557221,1.004241,True,0,1,16
6/25/2025 12:13:08 PM,1750846388545,Right,-0.1627901,0.6261674,0.5453851,-0.1326908,0.4266601,0.7747876,-0.2157919,0.6185,0.4600506,-0.1806042,0.4412704,0.64674,-0.07725441,1.102936,0.7818916,-0.1116133,0.1502278,1.025708,True,0,1,16
6/25/2025 12:13:08 PM,1750846388558,Right,-0.1623352,0.6246024,0.5646731,-0.1343686,0.4266892,0.7964148,-0.2156782,0.611384,0.4821472,-0.1815341,0.434778,0.6701369,-0.07694936,1.10127,0.7837417,-0.1139021,0.1457939,1.05045,True,0,1,16
6/25/2025 12:13:08 PM,1750846388586,Right,-0.1620957,0.6238965,0.5991214,-0.1423617,0.4288304,0.8354446,-0.2156144,0.5985801,0.5302551,-0.1841164,0.4241724,0.7218648,-0.0767318,1.099355,0.7881196,-0.1216913,0.141297,1.106598,True,0,1,16
6/25/2025 12:13:08 PM,1750846388600,Right,-0.1640816,0.62314,0.6144794,-0.1467948,0.4317445,0.8545707,-0.2159585,0.5933544,0.5547291,-0.1859387,0.4204721,0.7484636,-0.07733631,1.09978,0.7906625,-0.1266983,0.14141,1.136003,True,0,1,16
6/25/2025 12:13:08 PM,1750846388628,Right,-0.1693501,0.6220134,0.6416332,-0.156801,0.4383527,0.8892269,-0.2190306,0.5833275,0.6103372,-0.1917706,0.414284,0.8089439,-0.07981277,1.102673,0.7963717,-0.1391657,0.1444991,1.202917,True,0,1,16
6/25/2025 12:13:08 PM,1750846388642,Right,-0.1715526,0.6220781,0.653236,-0.162857,0.4429623,0.9044725,-0.2222189,0.5781333,0.6392001,-0.1962026,0.4114157,0.8400937,-0.08149493,1.105216,0.8000827,-0.1467921,0.1464616,1.23759,True,0,1,16
6/25/2025 12:13:08 PM,1750846388669,Right,-0.1777366,0.6216343,0.673337,-0.1755624,0.4533094,0.9318249,-0.2278696,0.5812634,0.6591802,-0.2052929,0.4194923,0.8642946,-0.08556855,1.110238,0.8076859,-0.1646074,0.1639432,1.269051,True,0,1,16
6/25/2025 12:13:08 PM,1750846388684,Right,-0.1799733,0.6222777,0.6816602,-0.1829489,0.4594396,0.9434054,-0.2306611,0.5817512,0.6654484,-0.2096375,0.4222012,0.8722531,-0.0885309,1.113306,0.8113692,-0.1728655,0.1706777,1.280085,True,0,1,16
6/25/2025 12:13:08 PM,1750846388711,Right,-0.1859498,0.6237498,0.6962427,-0.1984558,0.4726943,0.9650776,-0.2359136,0.5838166,0.6764044,-0.2192416,0.4296774,0.8879904,-0.09518158,1.120305,0.8186243,-0.1922664,0.1891659,1.302859,True,0,1,16
6/25/2025 12:13:08 PM,1750846388725,Right,-0.1889327,0.6256204,0.7027182,-0.2078618,0.4802999,0.9746469,-0.2381462,0.5852404,0.6818566,-0.2244435,0.4339882,0.8960122,-0.09902656,1.124074,0.8221197,-0.2038589,0.1994753,1.314399,True,0,1,16
6/25/2025 12:13:08 PM,1750846388739,Right,-0.1914253,0.6275314,0.708338,-0.2169667,0.4874513,0.9829798,-0.2408731,0.5864068,0.686303,-0.2307352,0.4384997,0.9034362,-0.102779,1.128002,0.8254142,-0.217951,0.2110534,1.325587,True,0,1,16
6/25/2025 12:13:08 PM,1750846388767,Right,-0.1973773,0.6335174,0.7190856,-0.2370237,0.5023549,0.9982161,-0.2447545,0.5897213,0.6931953,-0.24133,0.4469032,0.9154766,-0.1097401,1.136248,0.8312929,-0.2438067,0.2311184,1.342428,True,0,1,16
6/25/2025 12:13:08 PM,1750846388780,Right,-0.1999332,0.6367985,0.7238013,-0.2480267,0.5101407,1.004953,-0.245797,0.5919133,0.6958359,-0.2468984,0.4517398,0.920958,-0.1137364,1.140762,0.8334339,-0.2593168,0.2423079,1.349819,True,0,1,16
6/25/2025 12:13:08 PM,1750846388808,Right,-0.2052283,0.643375,0.7325132,-0.2713988,0.5256795,1.016274,-0.24881,0.5966514,0.7005694,-0.2592992,0.4614114,0.9305519,-0.121696,1.149999,0.8378918,-0.2920331,0.2634532,1.361789,True,0,1,16
6/25/2025 12:13:08 PM,1750846388822,Right,-0.2093984,0.6470181,0.7353824,-0.283968,0.5338154,1.020847,-0.250816,0.5995486,0.7025834,-0.2670801,0.4666137,0.9353074,-0.1258696,1.154922,0.8399041,-0.3113705,0.2748607,1.36667,True,0,1,16
6/25/2025 12:13:08 PM,1750846388850,Right,-0.2187485,0.6545417,0.7419605,-0.3087413,0.5509713,1.027477,-0.2549159,0.6052513,0.7068282,-0.2820219,0.4771369,0.9420077,-0.1342179,1.164656,0.8426166,-0.3478653,0.2947269,1.373938,True,0,1,16
6/25/2025 12:13:08 PM,1750846388864,Right,-0.2246628,0.6597109,0.7462327,-0.3251294,0.5586563,1.030856,-0.2575009,0.6086675,0.7090168,-0.2909231,0.4826722,0.945976,-0.1387771,1.169844,0.8437867,-0.3688913,0.3055086,1.37669,True,0,1,16
6/25/2025 12:13:08 PM,1750846388878,Right,-0.2300686,0.6647072,0.7499306,-0.3414567,0.5663657,1.033767,-0.2604463,0.6117908,0.7110901,-0.3009377,0.488117,0.9501311,-0.1434944,1.174921,0.844835,-0.392127,0.3169773,1.378807,True,0,1,16
6/25/2025 12:13:08 PM,1750846388905,Right,-0.2417342,0.6731351,0.7592279,-0.3776694,0.5813931,1.032897,-0.2680256,0.6202134,0.7162458,-0.3232137,0.5012425,0.953573,-0.1526711,1.185035,0.8461928,-0.4438487,0.3361955,1.378454,True,0,1,16
6/25/2025 12:13:08 PM,1750846388919,Right,-0.2489835,0.6775362,0.7637199,-0.396678,0.5879435,1.032248,-0.2729603,0.6242543,0.7190292,-0.3348354,0.5070835,0.9558218,-0.1573755,1.190025,0.8464124,-0.468608,0.3448541,1.377632,True,0,1,16
6/25/2025 12:13:08 PM,1750846388947,Right,-0.2650457,0.6886626,0.772332,-0.4369897,0.6054641,1.027361,-0.284699,0.6332233,0.72462,-0.3612465,0.5193434,0.958602,-0.1671554,1.200048,0.8456347,-0.5224859,0.3621147,1.372739,True,0,1,16
6/25/2025 12:13:08 PM,1750846388962,Right,-0.2738628,0.6938635,0.7768973,-0.45876,0.6135473,1.024201,-0.2907118,0.63756,0.7274281,-0.3749718,0.5250313,0.959264,-0.172484,1.205136,0.8452063,-0.5506154,0.3696447,1.368343,True,0,1,16
6/25/2025 12:13:08 PM,1750846388989,Right,-0.295982,0.7089689,0.7828615,-0.5031965,0.6338446,1.014912,-0.3024304,0.6436136,0.734578,-0.4044035,0.5347248,0.9619384,-0.1824609,1.214941,0.843225,-0.6119958,0.3854615,1.357175,True,0,1,16
6/25/2025 12:13:09 PM,1750846389003,Right,-0.307359,0.7167971,0.7848352,-0.5257169,0.6435623,1.008876,-0.309753,0.6478506,0.7358238,-0.4201117,0.539643,0.9608544,-0.1871465,1.219837,0.842067,-0.6421573,0.3918351,1.347431,True,0,1,16
6/25/2025 12:13:09 PM,1750846389031,Right,-0.3352432,0.7340595,0.7870852,-0.570959,0.6664012,0.9898783,-0.3269552,0.6591384,0.735619,-0.4519237,0.552242,0.9519243,-0.1959313,1.229698,0.839592,-0.7019398,0.4039983,1.322467,True,0,1,16
6/25/2025 12:13:09 PM,1750846389044,Right,-0.350137,0.7414519,0.7863595,-0.5946567,0.677563,0.9788147,-0.3369036,0.6656763,0.7362298,-0.4685659,0.559397,0.946601,-0.2001055,1.234539,0.8380778,-0.7327389,0.4099069,1.30894,True,0,1,16
6/25/2025 12:13:09 PM,1750846389058,Right,-0.3657065,0.7501326,0.7829133,-0.6186264,0.6905221,0.965045,-0.3479978,0.6733117,0.7364251,-0.4874124,0.5669105,0.9412453,-0.204254,1.239599,0.8365843,-0.7659191,0.4162033,1.292606,True,0,1,16
6/25/2025 12:13:09 PM,1750846389086,Right,-0.3953255,0.7656761,0.7744671,-0.6649868,0.712693,0.9353689,-0.3733697,0.6901786,0.7354512,-0.5285804,0.5831649,0.9295079,-0.2123157,1.249735,0.8329728,-0.8339635,0.4304116,1.255523,True,0,1,16
6/25/2025 12:13:09 PM,1750846389100,Right,-0.4105593,0.7756289,0.7689973,-0.6883463,0.7239488,0.9163307,-0.3864667,0.698859,0.7342685,-0.5492718,0.5919141,0.922312,-0.2158699,1.254763,0.8311961,-0.8677291,0.438245,1.234835,True,0,1,16
6/25/2025 12:13:09 PM,1750846389128,Right,-0.4418583,0.7906854,0.7527252,-0.7340967,0.746708,0.8750677,-0.4103206,0.7129644,0.7278892,-0.5890074,0.6052682,0.9019508,-0.2230762,1.264834,0.8277814,-0.9332055,0.4479307,1.182256,True,0,1,16
6/25/2025 12:13:09 PM,1750846389142,Right,-0.4576333,0.8010116,0.7428173,-0.7561816,0.7576607,0.8515205,-0.4223802,0.7204538,0.7223752,-0.6086212,0.6129581,0.8895991,-0.2270426,1.269797,0.8256896,-0.9641322,0.4545912,1.153562,True,0,1,16
6/25/2025 12:13:09 PM,1750846389169,Right,-0.4873736,0.8217604,0.7210621,-0.796428,0.7771356,0.8038685,-0.4481686,0.7360489,0.7089813,-0.6478013,0.627015,0.8624932,-0.233672,1.278795,0.8207371,-1.020797,0.4625317,1.092889,True,0,1,16
6/25/2025 12:13:09 PM,1750846389184,Right,-0.5010335,0.8314673,0.7080994,-0.8161478,0.7895555,0.7785957,-0.4601092,0.7431919,0.7005492,-0.6676086,0.6339734,0.8472177,-0.2368841,1.283071,0.8182189,-1.048098,0.468367,1.059492,True,0,1,16
6/25/2025 12:13:09 PM,1750846389211,Right,-0.5256988,0.8468875,0.6791976,-0.8460552,0.8096309,0.7224341,-0.4824243,0.7576448,0.6813962,-0.7002306,0.6455231,0.8096007,-0.2423462,1.290666,0.8126938,-1.093956,0.4676543,0.9847677,True,0,1,16
6/25/2025 12:13:09 PM,1750846389225,Right,-0.5362295,0.8546747,0.6625634,-0.8587128,0.8192007,0.6917008,-0.4926099,0.7650738,0.6697277,-0.7149881,0.6520156,0.7895978,-0.2448922,1.294098,0.8097394,-1.113096,0.4689064,0.9479035,True,0,1,16
6/25/2025 12:13:09 PM,1750846389239,Right,-0.5456532,0.86248,0.6452947,-0.8690185,0.8284257,0.6615319,-0.5026335,0.7710813,0.6571728,-0.7291974,0.6554261,0.7680398,-0.247146,1.297125,0.8066461,-1.129788,0.4651061,0.9084811,True,0,1,16
6/25/2025 12:13:09 PM,1750846389267,Right,-0.560349,0.8759329,0.6083024,-0.8866378,0.8452156,0.6003364,-0.5182209,0.7823472,0.6291969,-0.7528148,0.6657592,0.7238759,-0.2515724,1.302193,0.8009453,-1.158598,0.4691081,0.8338876,True,0,1,16
6/25/2025 12:13:09 PM,1750846389281,Right,-0.5661945,0.8835322,0.5882845,-0.8925037,0.8558162,0.568052,-0.525187,0.7888281,0.6150411,-0.7629973,0.6710346,0.7004943,-0.2534198,1.304569,0.7982452,-1.170221,0.4695908,0.7942581,True,0,1,16
6/25/2025 12:13:09 PM,1750846389309,Right,-0.5748665,0.8963962,0.5500757,-0.9006202,0.8709622,0.5060334,-0.5366535,0.799925,0.5871987,-0.7797582,0.6773959,0.6532816,-0.2573935,1.309007,0.7918723,-1.185142,0.463034,0.7139557,True,0,1,16
6/25/2025 12:13:09 PM,1750846389322,Right,-0.5775845,0.9024763,0.5314232,-0.901778,0.8767112,0.4743111,-0.5414297,0.8049823,0.5737562,-0.7866147,0.6806152,0.6298299,-0.2596463,1.311093,0.7889159,-1.190332,0.4602238,0.674589,True,0,1,16
6/25/2025 12:13:09 PM,1750846389350,Right,-0.5802106,0.9099874,0.4971855,-0.9002288,0.8860617,0.4169558,-0.5472007,0.8137343,0.5452493,-0.7934852,0.6835543,0.583024,-0.2636753,1.314834,0.7844851,-1.190335,0.4484427,0.600392,True,0,1,16
6/25/2025 12:13:09 PM,1750846389364,Right,-0.5806708,0.9145903,0.4825828,-0.8979979,0.8895624,0.3889203,-0.5494044,0.8174697,0.5307016,-0.795939,0.6836826,0.5600456,-0.2654678,1.316264,0.7821178,-1.187963,0.4417503,0.5650141,True,0,1,16
6/25/2025 12:13:09 PM,1750846389378,Right,-0.5809976,0.918096,0.4681007,-0.895054,0.892831,0.3613898,-0.5503382,0.8200836,0.5193976,-0.7972713,0.6838033,0.5385358,-0.2667347,1.317038,0.7794259,-1.185803,0.4377078,0.5279824,True,0,1,16
6/25/2025 12:13:09 PM,1750846389406,Right,-0.5792044,0.9233806,0.4474037,-0.8798438,0.8968875,0.3176267,-0.5573843,0.8280856,0.5009782,-0.8155972,0.685554,0.5030031,-0.268241,1.318405,0.7742209,-1.191238,0.4445735,0.4656472,False,0,1,16
6/25/2025 12:13:09 PM,1750846389419,Right,-0.5780806,0.9248065,0.4378383,-0.873501,0.8991688,0.2963672,-0.5622684,0.8337531,0.4905727,-0.8226036,0.6937377,0.4821164,-0.2690437,1.319164,0.7720416,-1.198697,0.457878,0.4291166,False,0,1,16
6/25/2025 12:13:09 PM,1750846389447,Right,-0.5745988,0.9283875,0.428147,-0.8591179,0.9020957,0.2659729,-0.5639397,0.8388882,0.4751579,-0.8231136,0.7008973,0.4415159,-0.2710034,1.319754,0.76789,-1.194492,0.4683972,0.3517056,False,0,1,16
6/25/2025 12:13:09 PM,1750846389461,Right,-0.5724314,0.9288776,0.4236592,-0.8522336,0.9028894,0.2537436,-0.5628225,0.8398689,0.4715181,-0.8196685,0.7010497,0.4256261,-0.2719954,1.319752,0.7654603,-1.185646,0.4674443,0.3182504,False,0,1,16
6/25/2025 12:13:09 PM,1750846389488,Right,-0.566843,0.932029,0.4158795,-0.8390891,0.9005277,0.23479,-0.5592208,0.8410363,0.4628091,-0.8079294,0.6977336,0.3926213,-0.2744286,1.320193,0.7598765,-1.157686,0.4575336,0.2509937,False,0,1,16
6/25/2025 12:13:09 PM,1750846389503,Right,-0.5644358,0.9333112,0.4124453,-0.8331484,0.8983801,0.2259929,-0.5575554,0.8416755,0.4600487,-0.8005681,0.6944008,0.3770854,-0.2757584,1.320946,0.7571676,-1.138435,0.449074,0.218092,False,0,1,16
6/25/2025 12:13:09 PM,1750846389530,Right,-0.5608047,0.9368429,0.4079575,-0.8255153,0.8907179,0.2163155,-0.5523353,0.8444237,0.4530504,-0.7853639,0.6883461,0.3544035,-0.2781913,1.322908,0.752178,-1.102639,0.4320633,0.175157,False,0,1,16
6/25/2025 12:13:09 PM,1750846389545,Right,-0.5597097,0.9369308,0.4060022,-0.8220757,0.8868756,0.2126643,-0.5509506,0.8456478,0.4517556,-0.7810183,0.6859539,0.3535796,-0.2790021,1.323708,0.7499611,-1.094521,0.4238759,0.1747355,False,0,1,16
6/25/2025 12:13:09 PM,1750846389558,Right,-0.5582533,0.9370834,0.4050467,-0.8214235,0.8831011,0.2121874,-0.5499912,0.8461429,0.4513814,-0.7795393,0.6841471,0.3532017,-0.279852,1.324473,0.7479727,-1.090413,0.4197434,0.1752878,False,0,1,16
6/25/2025 12:13:09 PM,1750846389586,Right,-0.5570475,0.9367996,0.4056421,-0.8214531,0.8762216,0.2152624,-0.548472,0.8468056,0.4521466,-0.7766634,0.6814629,0.3544694,-0.2817947,1.325222,0.7438405,-1.083863,0.4124834,0.1786132,False,0,1,16
6/25/2025 12:13:09 PM,1750846389600,Right,-0.557137,0.9362586,0.4068932,-0.8230725,0.873007,0.219908,-0.5483676,0.8464989,0.4532145,-0.7757095,0.6789634,0.357868,-0.2826632,1.325438,0.7416739,-1.081824,0.4059739,0.1858908,False,0,1,16
6/25/2025 12:13:09 PM,1750846389627,Right,-0.5566368,0.9359688,0.4088213,-0.8275552,0.8660208,0.2310985,-0.5468429,0.8450497,0.4558237,-0.7741289,0.6745911,0.3648497,-0.2838119,1.325403,0.7372606,-1.079682,0.3969573,0.2000976,False,0,1,16
6/25/2025 12:13:09 PM,1750846389642,Right,-0.5559775,0.9345518,0.4104286,-0.8303788,0.8615249,0.2394161,-0.5458031,0.8438718,0.4573778,-0.7750348,0.6736174,0.3710288,-0.2839743,1.325263,0.7352831,-1.084106,0.3962394,0.2125196,False,0,1,16
6/25/2025 12:13:09 PM,1750846389670,Right,-0.5545585,0.9299619,0.4147033,-0.8362251,0.8529792,0.2572197,-0.5422399,0.8402992,0.4600966,-0.7761575,0.6706994,0.3848879,-0.2840072,1.324895,0.7315403,-1.093407,0.3948552,0.2412478,False,0,1,16
6/25/2025 12:13:09 PM,1750846389684,Right,-0.5525115,0.9266284,0.4163404,-0.839645,0.8489047,0.2681961,-0.5397675,0.8378761,0.4617564,-0.7770358,0.6695198,0.3925734,-0.2836585,1.324662,0.7297778,-1.099435,0.3963306,0.2570376,False,0,1,16
6/25/2025 12:13:09 PM,1750846389711,Right,-0.5488225,0.9212425,0.4203657,-0.8451259,0.8413545,0.291737,-0.5341387,0.8323799,0.4654167,-0.777953,0.6674315,0.4106247,-0.2823737,1.324489,0.7268375,-1.112063,0.4002576,0.2940283,False,0,1,16
6/25/2025 12:13:09 PM,1750846389725,Right,-0.5460308,0.9173427,0.4232334,-0.847197,0.8370682,0.3060001,-0.530552,0.828694,0.4677469,-0.7778212,0.6661999,0.4204829,-0.2815803,1.324172,0.7257888,-1.118233,0.4032277,0.3137688,False,0,1,16
6/25/2025 12:13:09 PM,1750846389739,Right,-0.5431115,0.9135486,0.4260426,-0.8482827,0.8326074,0.319954,-0.5267259,0.8250191,0.4697001,-0.7776067,0.6651911,0.4314046,-0.2807139,1.323684,0.7245524,-1.124733,0.4069929,0.3365029,False,0,1,16
6/25/2025 12:13:09 PM,1750846389767,Right,-0.5359121,0.9027324,0.4320267,-0.8487822,0.8219558,0.3505485,-0.5166733,0.8149788,0.4729171,-0.7735511,0.6615075,0.4534087,-0.2785903,1.321338,0.7223911,-1.134173,0.4140774,0.3830729,False,0,1,16
6/25/2025 12:13:09 PM,1750846389781,Right,-0.5318037,0.8960797,0.4355044,-0.8475512,0.8157638,0.3673019,-0.5113528,0.8093619,0.4748214,-0.7707717,0.6591692,0.4659731,-0.2774071,1.320028,0.7214593,-1.137839,0.417728,0.4097235,False,0,1,16
6/25/2025 12:13:09 PM,1750846389808,Right,-0.5227597,0.88284,0.4428278,-0.8434066,0.8021757,0.4012268,-0.4992297,0.796755,0.4787959,-0.7626364,0.6541976,0.493467,-0.2745582,1.316684,0.7198155,-1.142179,0.4271378,0.4688227,False,0,1,16
6/25/2025 12:13:09 PM,1750846389822,Right,-0.516471,0.8739918,0.4466532,-0.8388384,0.7945935,0.4199767,-0.4927804,0.7902926,0.4813957,-0.75768,0.651428,0.5084808,-0.272671,1.314821,0.7191745,-1.142104,0.4323787,0.5008005,False,0,1,16
6/25/2025 12:13:09 PM,1750846389850,Right,-0.5038477,0.859036,0.4568358,-0.8257558,0.7774985,0.4567725,-0.47734,0.778658,0.4855693,-0.7400539,0.6471106,0.5402695,-0.2686554,1.310622,0.7185463,-1.132869,0.442719,0.5723255,False,0,1,16
6/25/2025 12:13:09 PM,1750846389864,Right,-0.496765,0.8528693,0.4646597,-0.8155433,0.767296,0.4758535,-0.4692579,0.7722593,0.4890961,-0.7284323,0.6429648,0.5582648,-0.2665359,1.308356,0.7184927,-1.122879,0.4441145,0.6123854,False,0,1,16
6/25/2025 12:13:09 PM,1750846389878,Right,-0.4890103,0.8464665,0.4719679,-0.8054444,0.7571572,0.4951155,-0.4601685,0.7658409,0.4909597,-0.7146598,0.6388825,0.5753097,-0.2641252,1.305826,0.7183988,-1.109377,0.4461772,0.6535751,False,0,1,16
6/25/2025 12:13:09 PM,1750846389905,Right,-0.4682414,0.8324376,0.488045,-0.7792186,0.7378892,0.5336375,-0.4395109,0.7555549,0.4952482,-0.6855728,0.6296878,0.601038,-0.2584735,1.300946,0.7194828,-1.076944,0.4467936,0.7153514,False,0,1,16
6/25/2025 12:13:09 PM,1750846389920,Right,-0.4569818,0.8255258,0.4963011,-0.7647344,0.7275261,0.5534291,-0.4289979,0.749712,0.4971301,-0.6711685,0.624168,0.6098694,-0.2551819,1.298063,0.7200825,-1.060941,0.4447932,0.7374891,False,0,1,16
6/25/2025 12:13:09 PM,1750846389947,Right,-0.4291799,0.8124412,0.5122859,-0.7285674,0.7051808,0.5891516,-0.4039681,0.7385468,0.5001246,-0.6366662,0.6119409,0.6292698,-0.2480203,1.291942,0.7216644,-1.017831,0.4377968,0.7879126,False,0,1,16
6/25/2025 12:13:09 PM,1750846389961,Right,-0.4136279,0.8053578,0.5180459,-0.7091401,0.6924534,0.6073366,-0.3912262,0.7340497,0.4995838,-0.6193424,0.606187,0.6376186,-0.2440679,1.288679,0.7224252,-0.9935433,0.434449,0.8119199,False,0,1,16
6/25/2025 12:13:09 PM,1750846389989,Right,-0.3796553,0.7925125,0.5255637,-0.6625298,0.6750384,0.6369514,-0.364805,0.7277131,0.4994848,-0.5771142,0.5970591,0.6540102,-0.2354788,1.282446,0.7245859,-0.9348357,0.4246474,0.86461,False,0,1,16
6/25/2025 12:13:10 PM,1750846390003,Right,-0.3622769,0.7860753,0.5273821,-0.6393783,0.6656538,0.6517097,-0.3521776,0.7256302,0.4966879,-0.5572177,0.5929081,0.6602202,-0.2309732,1.279263,0.7256318,-0.9034784,0.4207885,0.8881456,False,0,1,16
6/25/2025 12:13:10 PM,1750846390031,Right,-0.3289895,0.7744518,0.5231915,-0.5881024,0.648787,0.6701184,-0.3288832,0.7187782,0.4874831,-0.5135781,0.5824316,0.667419,-0.2206916,1.272849,0.7282704,-0.8324742,0.4071278,0.933992,False,0,1,16
6/25/2025 12:13:10 PM,1750846390044,Right,-0.313323,0.7684946,0.5192657,-0.5625704,0.6379953,0.6770673,-0.3196843,0.7171795,0.4794259,-0.4930962,0.5791325,0.6668379,-0.2156273,1.269816,0.7297221,-0.7958286,0.4015491,0.9524632,False,0,1,16
6/25/2025 12:13:10 PM,1750846390059,Right,-0.2988956,0.7625437,0.5113882,-0.5366979,0.6288477,0.6813023,-0.3094814,0.7145681,0.4722133,-0.4706109,0.5745432,0.6673011,-0.2106014,1.266675,0.7313619,-0.7540956,0.3944187,0.972136,False,0,1,16
6/25/2025 12:13:10 PM,1750846390086,Right,-0.2699886,0.7518018,0.493204,-0.4863345,0.6116987,0.6864455,-0.2912409,0.7144284,0.4579706,-0.4263482,0.5671576,0.6677827,-0.2004083,1.260175,0.7349904,-0.6629685,0.3790455,1.005179,False,0,1,16
6/25/2025 12:13:10 PM,1750846390100,Right,-0.2568178,0.748737,0.4822871,-0.4598914,0.6040788,0.6857706,-0.2824795,0.7132114,0.4495342,-0.403057,0.5625824,0.6653659,-0.1954981,1.2567,0.7370372,-0.6144575,0.3693686,1.016688,False,0,1,16
6/25/2025 12:13:10 PM,1750846390128,Right,-0.2328363,0.7419375,0.4614204,-0.4080697,0.5874739,0.6766834,-0.2666291,0.7102783,0.4323264,-0.3642493,0.5547171,0.6513592,-0.1861923,1.24915,0.7413909,-0.539553,0.3486087,1.01953,False,0,1,16
6/25/2025 12:13:10 PM,1750846390142,Right,-0.2220369,0.7391521,0.4488443,-0.382567,0.5805184,0.6686666,-0.2595287,0.710953,0.4234301,-0.3478398,0.5540625,0.6424561,-0.1814913,1.244984,0.7437351,-0.5084989,0.3424425,1.01699,False,0,1,16
6/25/2025 12:13:10 PM,1750846390169,Right,-0.2029318,0.7396863,0.425246,-0.3356903,0.5690234,0.6521457,-0.2464792,0.7124081,0.4066481,-0.3151116,0.5495183,0.6263311,-0.172839,1.235862,0.7489183,-0.4412849,0.3253864,1.008616,False,0,1,16
6/25/2025 12:13:10 PM,1750846390184,Right,-0.1959271,0.7390627,0.4122018,-0.3136835,0.5659887,0.64271,-0.2422814,0.7132934,0.3979531,-0.2998312,0.5477074,0.6165235,-0.1683261,1.230866,0.7512534,-0.4068535,0.3160719,1.002297,False,0,1,16
6/25/2025 12:13:10 PM,1750846390211,Right,-0.184999,0.7447683,0.3906135,-0.2775328,0.5551566,0.6232702,-0.2347793,0.7145748,0.382788,-0.2708627,0.5392805,0.601336,-0.1604134,1.21979,0.7547014,-0.338071,0.2944556,0.9852254,False,0,1,16
6/25/2025 12:13:10 PM,1750846390225,Right,-0.1808887,0.7476565,0.3801337,-0.260407,0.5511268,0.6121371,-0.2322952,0.7154264,0.3746373,-0.2584818,0.5366021,0.5920116,-0.1563762,1.214025,0.7558656,-0.3082869,0.2859408,0.9745268,False,0,1,16
6/25/2025 12:13:10 PM,1750846390239,Right,-0.1782727,0.7491655,0.3708731,-0.2440141,0.5471801,0.6010956,-0.2305409,0.7165225,0.3686409,-0.2473839,0.5346487,0.5833003,-0.1520003,1.208027,0.7571843,-0.2810838,0.2770997,0.9640005,False,0,1,16
6/25/2025 12:13:10 PM,1750846390267,Right,-0.1733793,0.753937,0.3548769,-0.2151794,0.538102,0.5800962,-0.2282538,0.7170156,0.358139,-0.2305285,0.5278035,0.568769,-0.1427313,1.195436,0.7590957,-0.2383052,0.2596027,0.9418961,False,0,1,16
6/25/2025 12:13:10 PM,1750846390281,Right,-0.1724092,0.7546887,0.3481919,-0.202279,0.5338694,0.57019,-0.2270386,0.7171556,0.3558211,-0.2215291,0.5246472,0.5631666,-0.1381656,1.189202,0.7601192,-0.2158338,0.2502791,0.9320163,False,0,1,16
6/25/2025 12:13:10 PM,1750846390308,Right,-0.1685488,0.7565001,0.3399316,-0.1794266,0.5250728,0.5544919,-0.2260633,0.7142492,0.3518616,-0.2081656,0.5155725,0.5541575,-0.1290988,1.176373,0.7608449,-0.1799853,0.232411,0.9138305,False,0,1,16
6/25/2025 12:13:10 PM,1750846390322,Right,-0.167313,0.7555014,0.3384497,-0.1698274,0.5201177,0.5484756,-0.2261491,0.7116456,0.3516953,-0.2022076,0.5108041,0.5508829,-0.1245757,1.170126,0.7610612,-0.1634595,0.2233248,0.906414,False,0,1,16
6/25/2025 12:13:10 PM,1750846390350,Right,-0.165794,0.7515016,0.3395631,-0.1553063,0.510545,0.5391948,-0.2251042,0.7058837,0.3551136,-0.191844,0.5023098,0.5471436,-0.1158046,1.157582,0.7615862,-0.1357211,0.2058039,0.8955125,False,0,1,16
6/25/2025 12:13:10 PM,1750846390364,Right,-0.165382,0.7478055,0.3429416,-0.1508943,0.5059892,0.5343075,-0.2247766,0.7018416,0.3585601,-0.1882824,0.4994943,0.5456651,-0.1116534,1.151314,0.7620246,-0.125163,0.1973648,0.893051,True,0,1,17
6/25/2025 12:13:10 PM,1750846390378,Right,-0.1650086,0.7435366,0.3461033,-0.1445543,0.5006632,0.5380809,-0.2244798,0.6997895,0.360784,-0.1889057,0.5066782,0.5369345,-0.1079428,1.145331,0.7624662,-0.1218852,0.1919907,0.8915521,True,0,1,17
6/25/2025 12:13:10 PM,1750846390405,Right,-0.1645752,0.7306781,0.3575609,-0.1301656,0.4840518,0.5472148,-0.2238027,0.6929206,0.3675333,-0.1829235,0.4972413,0.5430647,-0.1005918,1.133389,0.7628386,-0.1060712,0.1823559,0.8924743,True,0,1,17
6/25/2025 12:13:10 PM,1750846390419,Right,-0.1641722,0.7237113,0.3640803,-0.1257865,0.4759451,0.5525653,-0.2233513,0.6885914,0.3718297,-0.1797947,0.4915279,0.5459914,-0.09711874,1.127608,0.7631109,-0.09772769,0.1751016,0.8920672,True,0,1,17
6/25/2025 12:13:10 PM,1750846390447,Right,-0.1626433,0.707597,0.3822241,-0.1194961,0.4612726,0.5701857,-0.2217522,0.6768529,0.3834358,-0.1751683,0.4795762,0.5560697,-0.09129024,1.116881,0.7640374,-0.08753558,0.1619677,0.9001362,True,0,1,17
6/25/2025 12:13:10 PM,1750846390461,Right,-0.1622952,0.6986763,0.3921692,-0.1170422,0.453473,0.5801007,-0.220519,0.6702014,0.3904428,-0.1740806,0.4735403,0.5625381,-0.08835423,1.111966,0.7646296,-0.08630244,0.1553162,0.9071431,True,0,1,17
6/25/2025 12:13:10 PM,1750846390489,Right,-0.1599014,0.6800063,0.4157991,-0.1144769,0.4366862,0.607106,-0.217605,0.6543035,0.4079686,-0.170297,0.4582056,0.5811493,-0.08320951,1.102303,0.7656562,-0.08110541,0.1420821,0.9267143,True,0,1,17
6/25/2025 12:13:10 PM,1750846390502,Right,-0.1586136,0.6705652,0.4285311,-0.1130879,0.4293002,0.6219707,-0.2160188,0.6459812,0.4177697,-0.1688003,0.450935,0.5918915,-0.08079755,1.097838,0.7662117,-0.07970807,0.1365232,0.9392791,True,0,1,17
6/25/2025 12:13:10 PM,1750846390531,Right,-0.155959,0.653039,0.4586175,-0.1120864,0.4176895,0.6565934,-0.2123275,0.6274925,0.4417473,-0.1662317,0.4360874,0.6181344,-0.07660544,1.089865,0.7683184,-0.07870293,0.1259916,0.9715977,True,0,1,17
6/25/2025 12:13:10 PM,1750846390544,Right,-0.1549347,0.6436145,0.4751168,-0.1112697,0.4126934,0.6754682,-0.2103132,0.6182297,0.4551845,-0.1659215,0.4294437,0.6322092,-0.0740906,1.086434,0.7698565,-0.08105858,0.1207948,0.9899291,True,0,1,17
6/25/2025 12:13:10 PM,1750846390558,Right,-0.1540866,0.63581,0.4933254,-0.1110979,0.408727,0.69518,-0.208123,0.6085406,0.4705608,-0.1658217,0.4225651,0.6486003,-0.07145214,1.083522,0.7713697,-0.0845902,0.1159818,1.01114,True,0,1,17
6/25/2025 12:13:10 PM,1750846390586,Right,-0.1503785,0.6241367,0.5292059,-0.1123421,0.40385,0.735886,-0.2039597,0.5900297,0.5058729,-0.1640839,0.4072981,0.6848394,-0.06780779,1.079837,0.7736256,-0.08751059,0.1028783,1.052886,True,0,1,17
6/25/2025 12:13:10 PM,1750846390600,Right,-0.1499265,0.6191855,0.5475113,-0.1134235,0.4052956,0.7568281,-0.2021722,0.5819796,0.5257276,-0.1629658,0.4012228,0.7032676,-0.06689322,1.078705,0.7745469,-0.08679784,0.09549916,1.073565,True,0,1,17
6/25/2025 12:13:10 PM,1750846390628,Right,-0.1451026,0.6147522,0.5805343,-0.1189977,0.4045567,0.7966598,-0.1985599,0.5694333,0.5700322,-0.1606813,0.3891869,0.749554,-0.06509507,1.077025,0.7778072,-0.08767018,0.08629775,1.121742,True,0,1,17
6/25/2025 12:13:10 PM,1750846390642,Right,-0.1440741,0.613804,0.5952904,-0.1229878,0.4060696,0.8152526,-0.1975874,0.5672647,0.5885879,-0.1608029,0.3874784,0.7696038,-0.06475365,1.077324,0.7803481,-0.09027777,0.08675718,1.143293,True,0,1,17
6/25/2025 12:13:10 PM,1750846390669,Right,-0.1457085,0.6149949,0.6243865,-0.1322076,0.4124852,0.8499151,-0.197826,0.5673316,0.6123483,-0.1644207,0.3898558,0.7964404,-0.06625569,1.079658,0.7845063,-0.1009729,0.09414035,1.175207,True,0,1,17
6/25/2025 12:13:10 PM,1750846390684,Right,-0.1478733,0.6172531,0.638334,-0.1380237,0.416996,0.8662206,-0.1988873,0.5682332,0.623021,-0.1676552,0.392242,0.8090578,-0.06825769,1.08214,0.7871256,-0.1088636,0.09978741,1.19096,True,0,1,17
6/25/2025 12:13:10 PM,1750846390711,Right,-0.1501755,0.6225021,0.6632474,-0.1508984,0.4265221,0.8963233,-0.2019761,0.5719019,0.6434878,-0.1760423,0.3992894,0.8345767,-0.07223988,1.088738,0.793787,-0.1289929,0.1153758,1.223451,True,0,1,17
6/25/2025 12:13:10 PM,1750846390725,Right,-0.1524803,0.6252807,0.6742928,-0.1582336,0.4330004,0.9099595,-0.2045933,0.5746384,0.6524449,-0.181852,0.4044773,0.8457959,-0.07469618,1.092892,0.7976062,-0.1417557,0.1250137,1.238951,True,0,1,17
6/25/2025 12:13:10 PM,1750846390739,Right,-0.1548937,0.6284291,0.6846206,-0.1661539,0.4400763,0.9229187,-0.2077064,0.5771328,0.6613383,-0.1885147,0.4097494,0.8572952,-0.07761252,1.097394,0.8014376,-0.1563255,0.1355823,1.25505,True,0,1,17
6/25/2025 12:13:10 PM,1750846390767,Right,-0.1632806,0.6363305,0.7025765,-0.18316,0.4548265,0.9460595,-0.2142136,0.5834509,0.6744884,-0.2029325,0.4220906,0.8763423,-0.08515263,1.107711,0.8087859,-0.1888373,0.1603237,1.283109,True,0,1,17
6/25/2025 12:13:10 PM,1750846390780,Right,-0.1719832,0.6404878,0.7097895,-0.1935123,0.4624982,0.9565259,-0.2178124,0.5872316,0.6802786,-0.2096784,0.4280523,0.8846894,-0.08935034,1.113203,0.8123629,-0.2035225,0.1714379,1.294291,True,0,1,17
6/25/2025 12:13:10 PM,1750846390808,Right,-0.1839569,0.6488281,0.7227175,-0.2156167,0.4775746,0.9742281,-0.2267578,0.594469,0.6896468,-0.2234763,0.4387193,0.8978017,-0.09821045,1.124999,0.8188314,-0.2305204,0.1897077,1.31114,True,0,1,17
6/25/2025 12:13:10 PM,1750846390822,Right,-0.1913841,0.653363,0.7281684,-0.2280709,0.4869067,0.982706,-0.2324404,0.5981903,0.6933692,-0.2319431,0.4445708,0.9035421,-0.1028502,1.131226,0.821933,-0.24556,0.2001276,1.319048,True,0,1,17
6/25/2025 12:13:10 PM,1750846390850,Right,-0.2085449,0.6622556,0.7363638,-0.2537702,0.5047782,0.9945797,-0.2441964,0.6076704,0.6998163,-0.2505313,0.4592387,0.9130831,-0.1135045,1.144295,0.827394,-0.2791382,0.2239255,1.33355,True,0,1,17
6/25/2025 12:13:10 PM,1750846390864,Right,-0.2190932,0.6667029,0.7397715,-0.2685738,0.514636,0.9987323,-0.2514519,0.6128585,0.7018778,-0.2610332,0.4672503,0.9155335,-0.1189431,1.150916,0.8295805,-0.297147,0.2352351,1.338598,True,0,1,17
6/25/2025 12:13:10 PM,1750846390878,Right,-0.2301629,0.6706062,0.7428889,-0.2825727,0.5248747,1.00267,-0.2580369,0.6167625,0.7038732,-0.270612,0.4738434,0.9172561,-0.1244792,1.157482,0.831207,-0.3141166,0.2441016,1.342684,True,0,1,17
6/25/2025 12:13:10 PM,1750846390905,Right,-0.2481587,0.6849869,0.7488259,-0.3141921,0.5448433,1.010032,-0.2724514,0.6257591,0.7065532,-0.2924124,0.4868505,0.9223719,-0.1353327,1.170333,0.8336332,-0.3529512,0.2646827,1.349394,True,0,1,17
6/25/2025 12:13:10 PM,1750846390920,Right,-0.2576307,0.6919962,0.7510823,-0.3315851,0.5537841,1.013857,-0.2797086,0.6312482,0.7077146,-0.3042601,0.4932168,0.9266273,-0.1404704,1.176693,0.8346994,-0.3742908,0.2762988,1.352048,True,0,1,17
6/25/2025 12:13:10 PM,1750846390947,Right,-0.2740475,0.7065387,0.7561721,-0.3697403,0.5722227,1.013557,-0.2922873,0.6431296,0.7103658,-0.3274564,0.5089096,0.9301447,-0.151166,1.189759,0.8361251,-0.4200917,0.2983531,1.35449,True,0,1,17
6/25/2025 12:13:10 PM,1750846390962,Right,-0.2833736,0.7141296,0.7584892,-0.389984,0.5811698,1.013739,-0.2990985,0.6497716,0.7119969,-0.3402381,0.5167873,0.9324911,-0.1566998,1.196194,0.8364091,-0.44487,0.3094113,1.354652,True,0,1,17
6/25/2025 12:13:10 PM,1750846390989,Right,-0.304653,0.7269518,0.7627297,-0.4317004,0.6047981,1.011246,-0.3150865,0.6623018,0.7145569,-0.3678441,0.532736,0.9332644,-0.1683184,1.208975,0.8357828,-0.4969581,0.3292656,1.351824,True,0,1,17
6/25/2025 12:13:11 PM,1750846391003,Right,-0.3163249,0.7343886,0.7641029,-0.4543014,0.615893,1.009558,-0.3210747,0.6641679,0.7158993,-0.3791888,0.536258,0.9341853,-0.174243,1.215463,0.8351533,-0.5193401,0.3353904,1.350483,True,0,1,17
6/25/2025 12:13:11 PM,1750846391031,Right,-0.3406293,0.7498357,0.7652583,-0.5009654,0.6400358,1.002983,-0.3300602,0.6703692,0.7199842,-0.4011088,0.5454154,0.9384539,-0.185784,1.227851,0.8327727,-0.5659853,0.3515792,1.346732,True,0,1,17
6/25/2025 12:13:11 PM,1750846391045,Right,-0.3546429,0.7569296,0.7638859,-0.5255202,0.6515551,0.9984327,-0.3363314,0.6748195,0.7198517,-0.4143658,0.5513342,0.9377035,-0.1915292,1.234061,0.83114,-0.5924672,0.3605492,1.340922,True,0,1,17
6/25/2025 12:13:11 PM,1750846391058,Right,-0.3687827,0.765871,0.7615173,-0.5505564,0.6634489,0.9919672,-0.3437205,0.6801839,0.7204452,-0.429766,0.5579265,0.9381478,-0.1969618,1.240273,0.8292913,-0.6218742,0.3709403,1.334529,True,0,1,17
6/25/2025 12:13:11 PM,1750846391086,Right,-0.3970379,0.7818323,0.7564458,-0.5999774,0.6875892,0.9750376,-0.3619322,0.6919456,0.7174836,-0.4647256,0.5731856,0.9318451,-0.2077662,1.252655,0.8246133,-0.6869378,0.3928043,1.313291,True,0,1,17
6/25/2025 12:13:11 PM,1750846391101,Right,-0.4095365,0.7887694,0.7543414,-0.6247068,0.7004329,0.9632633,-0.3723208,0.6985716,0.7158172,-0.4835508,0.5815622,0.9267704,-0.212875,1.258896,0.8219116,-0.7213651,0.4034648,1.299924,True,0,1,17
6/25/2025 12:13:11 PM,1750846391128,Right,-0.4353696,0.8018768,0.7475379,-0.671424,0.7231137,0.9361416,-0.396274,0.713903,0.7125799,-0.5252106,0.5995072,0.9142675,-0.222531,1.270734,0.8160646,-0.7954493,0.4241845,1.266495,True,0,1,17
6/25/2025 12:13:11 PM,1750846391142,Right,-0.4475791,0.806428,0.7417954,-0.6940356,0.7334314,0.9188591,-0.4089243,0.7227709,0.7103938,-0.5465394,0.6093559,0.9067194,-0.2267264,1.27637,0.812994,-0.8324292,0.4347657,1.246861,True,0,1,17
6/25/2025 12:13:11 PM,1750846391170,Right,-0.4714008,0.8187966,0.7303062,-0.7380701,0.7545669,0.8838724,-0.4368539,0.7387624,0.7011696,-0.5913811,0.6272745,0.8882962,-0.2353953,1.287806,0.8055549,-0.9041145,0.4562799,1.203137,True,0,1,17
6/25/2025 12:13:11 PM,1750846391184,Right,-0.4827531,0.8247462,0.7209865,-0.7599988,0.7658764,0.8637401,-0.4457143,0.7439511,0.696209,-0.609849,0.6333667,0.8791845,-0.2395507,1.293368,0.8013728,-0.934835,0.4659321,1.179496,True,0,1,17
6/25/2025 12:13:11 PM,1750846391212,Right,-0.5046099,0.8340537,0.7012583,-0.797224,0.7849705,0.8196617,-0.463754,0.7514609,0.6825863,-0.6441052,0.6429837,0.8539185,-0.2477106,1.303799,0.7927577,-0.9926357,0.4782701,1.125024,True,0,1,17
6/25/2025 12:13:11 PM,1750846391225,Right,-0.5145339,0.8396063,0.6905502,-0.8123237,0.7941324,0.7945998,-0.4719665,0.7559306,0.6757411,-0.6583617,0.6481265,0.8399845,-0.2516259,1.309078,0.7884443,-1.017528,0.4820342,1.096981,True,0,1,17
6/25/2025 12:13:11 PM,1750846391239,Right,-0.5240186,0.8446354,0.6794805,-0.8268011,0.8032173,0.7687529,-0.4804428,0.7610888,0.6679797,-0.6730262,0.6536025,0.8246847,-0.2552907,1.314135,0.7839916,-1.042277,0.4855215,1.066107,True,0,1,17
6/25/2025 12:13:11 PM,1750846391267,Right,-0.5396718,0.8524144,0.6535473,-0.8515467,0.8187854,0.7160318,-0.4960901,0.770918,0.6496806,-0.7011832,0.6623434,0.7910898,-0.2625922,1.324363,0.7759402,-1.08661,0.4891599,0.998964,True,0,1,17
6/25/2025 12:13:11 PM,1750846391281,Right,-0.5466307,0.8567225,0.6395858,-0.8624557,0.8247165,0.6883509,-0.5025277,0.7751552,0.6410848,-0.7142362,0.6664034,0.7745289,-0.2661353,1.329453,0.772023,-1.106744,0.4918661,0.9647672,True,0,1,17
6/25/2025 12:13:11 PM,1750846391308,Right,-0.5590991,0.8652464,0.6125112,-0.8784597,0.8363685,0.6351289,-0.5161369,0.7810905,0.6264532,-0.7378099,0.6704417,0.7414827,-0.2727578,1.339057,0.7646201,-1.141917,0.4875193,0.8953674,True,0,1,17
6/25/2025 12:13:11 PM,1750846391323,Right,-0.5638145,0.8685355,0.5954881,-0.8843923,0.8415036,0.6074569,-0.5195519,0.784602,0.617592,-0.7451716,0.6722441,0.7239618,-0.2762588,1.343662,0.7609177,-1.152333,0.4836764,0.8607618,True,0,1,17
6/25/2025 12:13:11 PM,1750846391351,Right,-0.5711378,0.875235,0.5614826,-0.8926045,0.8493845,0.5538828,-0.5298471,0.7930413,0.5977041,-0.7611784,0.6747861,0.6852036,-0.2820638,1.351088,0.7532923,-1.17002,0.4696376,0.7866197,True,0,1,17
6/25/2025 12:13:11 PM,1750846391365,Right,-0.5739252,0.8786798,0.543927,-0.8922487,0.8526452,0.5274039,-0.5339385,0.7980671,0.5855848,-0.7634544,0.6760857,0.6654001,-0.2845341,1.354146,0.7491586,-1.170755,0.4577016,0.7550427,True,0,1,17
6/25/2025 12:13:11 PM,1750846391378,Right,-0.5760232,0.8816238,0.5262261,-0.8923816,0.8547176,0.5003777,-0.5378965,0.8028694,0.5719134,-0.766269,0.676405,0.6439942,-0.2867573,1.356808,0.7450709,-1.170022,0.4447575,0.7211566,True,0,1,17
6/25/2025 12:13:11 PM,1750846391406,Right,-0.5770708,0.8892902,0.4927037,-0.8931347,0.8605981,0.4469798,-0.5438004,0.8141636,0.5412509,-0.7741764,0.6796275,0.596769,-0.2908496,1.361136,0.7373388,-1.168365,0.4282249,0.6464652,True,0,1,17
6/25/2025 12:13:11 PM,1750846391420,Right,-0.5775152,0.8924496,0.4764931,-0.8920581,0.8612737,0.420696,-0.5459359,0.8191944,0.5273951,-0.7752656,0.6792833,0.5747651,-0.2924615,1.362813,0.7338512,-1.162101,0.415251,0.6126631,True,0,1,17
6/25/2025 12:13:11 PM,1750846391448,Right,-0.5762357,0.897266,0.4482629,-0.885062,0.8590754,0.3728611,-0.5476059,0.8246533,0.5030802,-0.7727377,0.675292,0.535791,-0.2956315,1.365657,0.7270731,-1.145778,0.3891196,0.5540798,True,0,1,17
6/25/2025 12:13:11 PM,1750846391461,Right,-0.5750194,0.8991057,0.4340078,-0.8808749,0.8573397,0.3492863,-0.5480096,0.8258173,0.4909309,-0.7709194,0.671979,0.5169567,-0.2971407,1.366702,0.7237612,-1.137218,0.3767122,0.5261257,True,0,1,17
6/25/2025 12:13:11 PM,1750846391490,Right,-0.5733374,0.9030152,0.4136177,-0.8690463,0.8533313,0.3085531,-0.5533403,0.8308867,0.4681831,-0.7879651,0.6678267,0.4806441,-0.2997867,1.368232,0.7171501,-1.141921,0.3796012,0.4644414,False,0,1,17
6/25/2025 12:13:11 PM,1750846391503,Right,-0.5709269,0.9033623,0.4028906,-0.8628708,0.8506727,0.2893611,-0.5550597,0.8332044,0.4546707,-0.7912517,0.6721337,0.4578907,-0.3010982,1.36879,0.7140038,-1.146654,0.3866621,0.4279113,False,0,1,17
6/25/2025 12:13:11 PM,1750846391531,Right,-0.5665579,0.9037644,0.387382,-0.8509949,0.8359873,0.256954,-0.5523848,0.8330767,0.436825,-0.7905881,0.6720401,0.4187111,-0.3039054,1.370257,0.708766,-1.141757,0.389994,0.356714,False,0,1,17
6/25/2025 12:13:11 PM,1750846391545,Right,-0.5651211,0.9032036,0.3810382,-0.8440515,0.832302,0.2425089,-0.5503919,0.8330555,0.4299033,-0.7856195,0.6703476,0.4009881,-0.3051038,1.371045,0.7066438,-1.1317,0.3850288,0.3228826,False,0,1,17
6/25/2025 12:13:11 PM,1750846391559,Right,-0.5635553,0.9019139,0.3781568,-0.83831,0.8310398,0.232634,-0.5481149,0.832935,0.4255848,-0.7790568,0.66741,0.3850359,-0.3061018,1.371731,0.7045715,-1.11732,0.3772214,0.2898238,False,0,1,17
6/25/2025 12:13:11 PM,1750846391586,Right,-0.5615283,0.8983636,0.3761154,-0.8276104,0.827045,0.2177041,-0.5486304,0.8335377,0.424438,-0.7688454,0.660392,0.3664985,-0.307604,1.372335,0.6996677,-1.088506,0.357254,0.2461463,False,0,1,17
6/25/2025 12:13:11 PM,1750846391600,Right,-0.5614925,0.8974523,0.3760738,-0.8241852,0.8237725,0.2145045,-0.5502743,0.8349221,0.4269062,-0.7659885,0.6588757,0.3641658,-0.3083645,1.372341,0.6967616,-1.078929,0.3511039,0.235741,False,0,1,17
6/25/2025 12:13:11 PM,1750846391628,Right,-0.5643238,0.8922964,0.3811313,-0.8190446,0.8188586,0.2107124,-0.5529092,0.8323086,0.4310003,-0.7612129,0.6526231,0.3617538,-0.3095076,1.372124,0.6906493,-1.064145,0.3369031,0.2228868,False,0,1,17
6/25/2025 12:13:11 PM,1750846391642,Right,-0.5633404,0.8921266,0.3838166,-0.8182588,0.8170813,0.2120463,-0.5532166,0.8287367,0.4322657,-0.7623466,0.649524,0.3599054,-0.3093978,1.372027,0.687989,-1.064535,0.3367749,0.2163321,False,0,1,17
6/25/2025 12:13:11 PM,1750846391670,Right,-0.565189,0.8911207,0.3901569,-0.8201327,0.8202137,0.2151581,-0.5533352,0.8228813,0.4360451,-0.7629801,0.6441979,0.3610129,-0.3087767,1.372021,0.683381,-1.064508,0.3336865,0.2135799,False,0,1,17
6/25/2025 12:13:11 PM,1750846391684,Right,-0.5659885,0.8903796,0.3941598,-0.823673,0.8246259,0.2184634,-0.5532184,0.8214481,0.4383856,-0.7660311,0.6443177,0.3636561,-0.3081056,1.371686,0.6811608,-1.070622,0.3383493,0.2170049,False,0,1,17
6/25/2025 12:13:11 PM,1750846391711,Right,-0.5664839,0.8876422,0.4005289,-0.8305607,0.8242054,0.2330368,-0.5556852,0.8246546,0.4448391,-0.7711183,0.6489289,0.3730018,-0.3066001,1.370104,0.6765467,-1.079581,0.3450021,0.231374,False,0,1,17
6/25/2025 12:13:11 PM,1750846391726,Right,-0.5677225,0.8881373,0.4041678,-0.8354939,0.824859,0.2429024,-0.5556191,0.8256966,0.4477261,-0.7711962,0.650129,0.3764566,-0.3054944,1.36912,0.6745827,-1.080264,0.3463614,0.2353934,False,0,1,17
6/25/2025 12:13:11 PM,1750846391740,Right,-0.5684466,0.887576,0.4074775,-0.8399945,0.8234403,0.2546217,-0.5555276,0.8246972,0.4510794,-0.7711444,0.6497779,0.381071,-0.3041974,1.36795,0.673,-1.081768,0.3459418,0.2414019,False,0,1,17
6/25/2025 12:13:11 PM,1750846391767,Right,-0.5699897,0.8879312,0.4151113,-0.8504013,0.8240896,0.2786454,-0.554971,0.8253807,0.4580638,-0.772562,0.6512561,0.3917288,-0.3011764,1.365462,0.6701326,-1.086602,0.3486339,0.2576113,False,0,1,17
6/25/2025 12:13:11 PM,1750846391781,Right,-0.5698936,0.8872536,0.4190077,-0.8553943,0.8250816,0.2929143,-0.5526283,0.821712,0.4592468,-0.7715098,0.6483989,0.3954296,-0.2995955,1.363731,0.6685944,-1.088162,0.3467791,0.264972,False,0,1,17
6/25/2025 12:13:11 PM,1750846391809,Right,-0.5704817,0.8877202,0.4274921,-0.8645957,0.8281384,0.3222134,-0.5519024,0.8194461,0.4659235,-0.7741891,0.6484181,0.4089622,-0.2963438,1.359297,0.6656353,-1.097773,0.3497187,0.2884933,False,0,1,17
6/25/2025 12:13:11 PM,1750846391822,Right,-0.5702447,0.8880248,0.4316237,-0.8694063,0.8312016,0.3378494,-0.5513334,0.8185139,0.471299,-0.7760985,0.6485909,0.4182756,-0.2947791,1.356592,0.6641645,-1.103272,0.3522398,0.3038113,False,0,1,17
6/25/2025 12:13:11 PM,1750846391851,Right,-0.5706354,0.8891832,0.4391931,-0.8755317,0.8354295,0.3705181,-0.5486315,0.8167006,0.4782922,-0.7770272,0.6509907,0.435555,-0.2921574,1.350407,0.6608629,-1.114459,0.3588811,0.3356719,False,0,1,17
6/25/2025 12:13:11 PM,1750846391864,Right,-0.5718871,0.8874956,0.4445666,-0.8781916,0.8378173,0.3887689,-0.5462976,0.8153799,0.4815171,-0.7757289,0.6524643,0.4447855,-0.2910517,1.346968,0.6590667,-1.119256,0.3622082,0.3532445,False,0,1,17
6/25/2025 12:13:11 PM,1750846391878,Right,-0.5710559,0.886278,0.4483454,-0.8802447,0.8420401,0.406143,-0.5444111,0.8137567,0.4851114,-0.7762306,0.6530988,0.4550163,-0.2903439,1.343375,0.6570718,-1.125111,0.3661037,0.3733322,False,0,1,17
6/25/2025 12:13:11 PM,1750846391906,Right,-0.5667863,0.883185,0.4542919,-0.8797379,0.8452761,0.4417099,-0.5387586,0.8092489,0.4893914,-0.7756833,0.6536135,0.4738903,-0.2886579,1.337024,0.6535077,-1.135159,0.374832,0.4139707,False,0,1,17
6/25/2025 12:13:11 PM,1750846391920,Right,-0.564513,0.8817044,0.4570352,-0.8785924,0.8453016,0.4605115,-0.5356803,0.8068103,0.4918207,-0.7754468,0.6538384,0.4842356,-0.2874068,1.334777,0.6526436,-1.139814,0.3801694,0.4361392,False,0,1,17
6/25/2025 12:13:11 PM,1750846391948,Right,-0.5590533,0.8769858,0.4638197,-0.8730772,0.8463563,0.4959756,-0.5287651,0.8025151,0.4972246,-0.773518,0.6562339,0.5079924,-0.2843026,1.332852,0.6531745,-1.14818,0.3946901,0.4870034,False,0,1,17
6/25/2025 12:13:11 PM,1750846391962,Right,-0.5560272,0.8743446,0.4682173,-0.869596,0.8462429,0.51447,-0.5248654,0.8004808,0.4999494,-0.7721305,0.6577007,0.5205195,-0.2824732,1.331918,0.653994,-1.151104,0.4033255,0.5138209,False,0,1,17
6/25/2025 12:13:11 PM,1750846391989,Right,-0.5491483,0.8709136,0.4827997,-0.8561842,0.8430451,0.5521702,-0.5158463,0.7947886,0.5061992,-0.7634465,0.6614923,0.5487856,-0.2775726,1.329471,0.6548362,-1.152938,0.4213683,0.5752714,False,0,1,17
6/25/2025 12:13:12 PM,1750846392003,Right,-0.5441334,0.8689354,0.489701,-0.8486985,0.8411693,0.5711169,-0.510699,0.7917122,0.5096717,-0.7587337,0.6627563,0.564043,-0.2745591,1.328217,0.6556898,-1.151322,0.4311405,0.6081114,False,0,1,17
6/25/2025 12:13:12 PM,1750846392031,Right,-0.5304281,0.8623909,0.5016235,-0.8286719,0.8334024,0.6078828,-0.497797,0.7850392,0.5168949,-0.744858,0.665177,0.5970246,-0.2682285,1.32521,0.6574783,-1.140608,0.4527209,0.6795567,False,0,1,17
6/25/2025 12:13:12 PM,1750846392045,Right,-0.5230526,0.8590777,0.5089707,-0.8173069,0.8280471,0.6261394,-0.4907608,0.7809988,0.5206476,-0.7358382,0.6659554,0.6138877,-0.2644695,1.32333,0.6584582,-1.131878,0.4636326,0.716471,False,0,1,17
6/25/2025 12:13:12 PM,1750846392059,Right,-0.5144922,0.8566482,0.5183731,-0.8015415,0.822182,0.6421679,-0.4825052,0.7785757,0.5235147,-0.7210529,0.6693617,0.6298896,-0.2605026,1.321411,0.6595389,-1.118348,0.4758727,0.756271,False,0,1,17
6/25/2025 12:13:12 PM,1750846392087,Right,-0.4940008,0.8497046,0.5366419,-0.7703896,0.8094946,0.6748658,-0.4639475,0.7704654,0.5291817,-0.6889345,0.6696664,0.6629502,-0.2519168,1.316893,0.6613333,-1.079163,0.4945156,0.8381506,False,0,1,17
6/25/2025 12:13:12 PM,1750846392101,Right,-0.4791901,0.8447534,0.5459408,-0.7520228,0.8011134,0.6904536,-0.4536344,0.7678597,0.5314762,-0.670892,0.6700227,0.6796825,-0.2476577,1.314658,0.6625274,-1.052884,0.5043759,0.8801537,False,0,1,17
6/25/2025 12:13:12 PM,1750846392128,Right,-0.4511693,0.8328857,0.5600976,-0.7140703,0.7817677,0.7171955,-0.4319089,0.7614582,0.5354406,-0.6272987,0.6669712,0.7114142,-0.2386764,1.309829,0.6657008,-0.9841117,0.5168846,0.9659705,False,0,1,17
6/25/2025 12:13:12 PM,1750846392142,Right,-0.4339847,0.8239481,0.5654202,-0.6920046,0.7703192,0.7298784,-0.4203393,0.7576547,0.5355148,-0.6036229,0.6628776,0.7240815,-0.2338578,1.307185,0.667881,-0.9432228,0.5184041,1.003972,False,0,1,17
6/25/2025 12:13:12 PM,1750846392170,Right,-0.3996411,0.8068225,0.5722165,-0.6459231,0.7490771,0.750643,-0.3946037,0.7469941,0.5324413,-0.555049,0.6480709,0.7375551,-0.2236482,1.301497,0.6723394,-0.8597597,0.5098098,1.059199,False,0,1,17
6/25/2025 12:13:12 PM,1750846392183,Right,-0.3816048,0.7978691,0.5723534,-0.6211585,0.7376205,0.7576176,-0.3815584,0.740946,0.5298813,-0.5334363,0.6401453,0.7395951,-0.2186249,1.298493,0.6748604,-0.8228022,0.5044563,1.077126,False,0,1,17
6/25/2025 12:13:12 PM,1750846392211,Right,-0.3464661,0.7807719,0.5693306,-0.5712554,0.7142802,0.7688177,-0.3541027,0.7298864,0.5225503,-0.493075,0.6241973,0.7375631,-0.2088047,1.292207,0.6804146,-0.7537057,0.4886835,1.098952,False,0,1,17
6/25/2025 12:13:12 PM,1750846392225,Right,-0.3282976,0.7716503,0.5632351,-0.5439901,0.7017916,0.7701462,-0.3407806,0.7265252,0.5177937,-0.4723431,0.6185503,0.7353367,-0.2042342,1.288747,0.6838065,-0.7188843,0.479808,1.106239,False,0,1,17
6/25/2025 12:13:12 PM,1750846392239,Right,-0.3109516,0.7648145,0.5569373,-0.517185,0.6881922,0.7694559,-0.3278626,0.7231602,0.5122618,-0.4513648,0.6124556,0.7319669,-0.1998762,1.285093,0.6873375,-0.6828686,0.4690412,1.11184,False,0,1,17
6/25/2025 12:13:12 PM,1750846392267,Right,-0.2769469,0.7530851,0.543054,-0.4640159,0.6606838,0.7642795,-0.3045396,0.7175242,0.5002104,-0.4109653,0.5988295,0.7226205,-0.1918608,1.277141,0.6949613,-0.6118215,0.4403893,1.115738,False,0,1,17
6/25/2025 12:13:12 PM,1750846392281,Right,-0.2610804,0.7475199,0.5332298,-0.4366628,0.6477548,0.7583446,-0.2930339,0.7145247,0.4929533,-0.389825,0.5919191,0.7158318,-0.1882616,1.272469,0.698868,-0.57364,0.4250137,1.115483,False,0,1,17
6/25/2025 12:13:12 PM,1750846392308,Right,-0.2343849,0.737078,0.5112422,-0.3869308,0.6244472,0.7453257,-0.2721829,0.7095296,0.4772811,-0.3488533,0.5763589,0.7005841,-0.1821737,1.262365,0.7070875,-0.4942414,0.3893026,1.108347,False,0,1,17
6/25/2025 12:13:12 PM,1750846392323,Right,-0.2220472,0.7329158,0.4991759,-0.3627443,0.6131352,0.7353222,-0.2619268,0.7068399,0.4682281,-0.3276407,0.5690167,0.6907451,-0.1793733,1.256834,0.7110788,-0.4535589,0.3717337,1.101538,False,0,1,17
6/25/2025 12:13:12 PM,1750846392350,Right,-0.1993762,0.7275637,0.4734623,-0.3164129,0.5908338,0.7128881,-0.2439596,0.7021353,0.4489608,-0.2946032,0.5555805,0.669355,-0.1735791,1.244929,0.7201095,-0.3930326,0.3415059,1.079694,False,0,1,17
6/25/2025 12:13:12 PM,1750846392364,Right,-0.1885192,0.7256227,0.4605226,-0.295114,0.5803205,0.6996911,-0.2355535,0.7003207,0.4392379,-0.2781614,0.5492833,0.6582333,-0.1704514,1.238457,0.7248977,-0.3622481,0.3267164,1.067305,False,0,1,17
6/25/2025 12:13:12 PM,1750846392377,Right,-0.1790086,0.723852,0.4482797,-0.2753096,0.5704119,0.6868471,-0.2274217,0.6990557,0.4302031,-0.264629,0.5437196,0.6472689,-0.1675022,1.23201,0.7294109,-0.3384569,0.3132556,1.053845,False,0,1,17
6/25/2025 12:13:12 PM,1750846392406,Right,-0.1620665,0.724728,0.4251847,-0.2400214,0.5544596,0.6587733,-0.212521,0.6974478,0.4127949,-0.2381362,0.533464,0.6260057,-0.1616579,1.218648,0.7374697,-0.2905829,0.2879252,1.026226,False,0,1,17
6/25/2025 12:13:12 PM,1750846392419,Right,-0.1541342,0.7251006,0.4135051,-0.223112,0.5468693,0.644421,-0.2074594,0.6951821,0.4026946,-0.2267882,0.5274316,0.6129943,-0.1585768,1.211652,0.7411866,-0.2678884,0.2739022,1.010125,False,0,1,17
6/25/2025 12:13:12 PM,1750846392447,Right,-0.141789,0.726219,0.3940994,-0.1970817,0.5336038,0.6182554,-0.1978188,0.6919518,0.3856977,-0.2078186,0.5152343,0.5927187,-0.1523093,1.197416,0.7481949,-0.2311113,0.249722,0.9801929,False,0,1,17
6/25/2025 12:13:12 PM,1750846392461,Right,-0.136429,0.7265423,0.3845297,-0.1833092,0.5280804,0.60415,-0.1942612,0.6921678,0.3801685,-0.1997446,0.5130852,0.581835,-0.1490573,1.190525,0.7514856,-0.2146156,0.2381573,0.9663087,False,0,1,17
6/25/2025 12:13:12 PM,1750846392489,Right,-0.1302449,0.7249287,0.3708803,-0.1693524,0.511832,0.5791305,-0.1892727,0.6899791,0.3703002,-0.1875291,0.5031421,0.5656952,-0.1427189,1.176772,0.7569859,-0.1878094,0.2146183,0.9396244,False,0,1,17
6/25/2025 12:13:12 PM,1750846392503,Right,-0.1278376,0.7238445,0.364601,-0.1625937,0.504391,0.5679277,-0.1876597,0.6889529,0.3682894,-0.1832932,0.4984013,0.5609456,-0.1396004,1.170161,0.7594969,-0.1777879,0.2041388,0.9295005,False,0,1,17
6/25/2025 12:13:12 PM,1750846392531,Right,-0.1226758,0.7228256,0.3590329,-0.1532635,0.4915029,0.5533675,-0.1874558,0.683928,0.3670868,-0.178375,0.4862655,0.5555038,-0.1335365,1.156843,0.7636807,-0.1628169,0.1830878,0.9135776,False,0,1,17
6/25/2025 12:13:12 PM,1750846392545,Right,-0.1220387,0.7205226,0.3573298,-0.149237,0.4847671,0.5475459,-0.1875024,0.6803768,0.3671451,-0.1758029,0.4794322,0.5525697,-0.1308209,1.150091,0.7658389,-0.1551629,0.1709614,0.9052439,True,0,1,18
6/25/2025 12:13:12 PM,1750846392558,Right,-0.1241697,0.7165266,0.3590243,-0.1469983,0.4777587,0.5452388,-0.1877694,0.6786296,0.3687444,-0.1750974,0.4882975,0.5425981,-0.1283785,1.143277,0.7677653,-0.1506071,0.1666589,0.9040996,True,0,1,18
6/25/2025 12:13:12 PM,1750846392586,Right,-0.1283102,0.7070081,0.365886,-0.1433582,0.4641016,0.5449194,-0.189081,0.6723603,0.3737648,-0.1733263,0.4802096,0.5434609,-0.1233728,1.129994,0.7715905,-0.1424212,0.1518869,0.9001017,True,0,1,18
6/25/2025 12:13:12 PM,1750846392601,Right,-0.1310261,0.7009828,0.3728115,-0.142624,0.4564773,0.5491572,-0.1901013,0.6679881,0.3775704,-0.1731187,0.4751243,0.5457524,-0.1205477,1.123259,0.7736645,-0.1393407,0.1444131,0.9004401,True,0,1,18
6/25/2025 12:13:12 PM,1750846392628,Right,-0.134854,0.689307,0.3897321,-0.1415539,0.4421937,0.5622193,-0.1922211,0.6570933,0.3880174,-0.1735345,0.4629479,0.5541895,-0.1145314,1.11065,0.7765183,-0.1355884,0.129014,0.9057287,True,0,1,18
6/25/2025 12:13:12 PM,1750846392642,Right,-0.1357654,0.6822805,0.4010583,-0.1407699,0.4354688,0.5732659,-0.1931849,0.6509278,0.394796,-0.1745253,0.457063,0.560728,-0.1116499,1.104433,0.7774532,-0.1360694,0.1228569,0.9124628,True,0,1,18
6/25/2025 12:13:12 PM,1750846392670,Right,-0.1378116,0.6651555,0.4254944,-0.1403406,0.422145,0.5985798,-0.1952054,0.6373157,0.411886,-0.1754909,0.4448327,0.5759113,-0.1062949,1.09272,0.779,-0.1334914,0.1083475,0.928107,True,0,1,18
6/25/2025 12:13:12 PM,1750846392684,Right,-0.1392668,0.6563466,0.4409701,-0.1403316,0.4160451,0.6156763,-0.1960893,0.6302828,0.4221325,-0.1764571,0.4386032,0.5854731,-0.1038339,1.086992,0.7796834,-0.1337165,0.1013145,0.9382743,True,0,1,18
6/25/2025 12:13:12 PM,1750846392711,Right,-0.1429284,0.6389457,0.4726102,-0.1417513,0.4063465,0.6491336,-0.1978148,0.6151329,0.4471039,-0.1776966,0.4274648,0.6084613,-0.09981716,1.07712,0.7808192,-0.131499,0.08858842,0.9652287,True,0,1,18
6/25/2025 12:13:12 PM,1750846392726,Right,-0.1434452,0.6305552,0.4903185,-0.1404273,0.4016422,0.6703822,-0.1992883,0.6068384,0.4609193,-0.1787099,0.4205229,0.6227534,-0.09835589,1.072912,0.7815597,-0.1308243,0.0830009,0.9815026,True,0,1,18
6/25/2025 12:13:12 PM,1750846392739,Right,-0.1455479,0.6227761,0.5081185,-0.138555,0.3981323,0.6922673,-0.2009182,0.5982159,0.4762207,-0.1798843,0.4135393,0.638956,-0.0967387,1.069755,0.7828395,-0.130659,0.07820117,1.000385,True,0,1,18
6/25/2025 12:13:12 PM,1750846392766,Right,-0.1481444,0.6097193,0.5426614,-0.1409413,0.3929597,0.7286277,-0.2041639,0.5811627,0.5104295,-0.1823717,0.4027794,0.6739262,-0.09449708,1.065541,0.7856987,-0.1305572,0.07174081,1.044444,True,0,1,18
6/25/2025 12:13:12 PM,1750846392781,Right,-0.1492268,0.6046769,0.5603483,-0.142178,0.3901491,0.7478659,-0.2058185,0.5731075,0.5291233,-0.1837377,0.397243,0.6943754,-0.09402037,1.064455,0.7877989,-0.1316348,0.07044631,1.069427,True,0,1,18
6/25/2025 12:13:12 PM,1750846392809,Right,-0.1506878,0.5972793,0.5938454,-0.1456547,0.3852135,0.7854451,-0.2105894,0.5583962,0.572683,-0.1875035,0.38513,0.7414264,-0.09336126,1.063983,0.7919281,-0.1344333,0.06570554,1.121825,True,0,1,18
6/25/2025 12:13:12 PM,1750846392822,Right,-0.1512483,0.595849,0.6100472,-0.1479784,0.3829787,0.8047491,-0.2106071,0.5534983,0.5952812,-0.1873876,0.3805593,0.7674676,-0.09373534,1.064791,0.7939537,-0.1353755,0.06689322,1.149948,True,0,1,18
6/25/2025 12:13:12 PM,1750846392850,Right,-0.1529761,0.5956836,0.6390674,-0.1533711,0.3793371,0.8413616,-0.2099097,0.5516881,0.6275735,-0.1863109,0.3778606,0.8087047,-0.09608138,1.068068,0.7993443,-0.1372182,0.07776582,1.193448,True,0,1,18
6/25/2025 12:13:12 PM,1750846392864,Right,-0.1541284,0.5966642,0.652127,-0.1533711,0.3793371,0.8413616,-0.211809,0.5522472,0.6385885,-0.1895557,0.3851452,0.8169111,-0.09765339,1.070578,0.8022478,-0.1419334,0.08493769,1.210287,True,0,1,18
6/25/2025 12:13:12 PM,1750846392878,Right,-0.1554495,0.5978456,0.6646231,-0.1533711,0.3793371,0.8413616,-0.2132776,0.5537511,0.649761,-0.1919744,0.3919512,0.8247524,-0.09983742,1.073841,0.8052785,-0.1450273,0.09018147,1.224692,True,0,1,18
6/25/2025 12:13:12 PM,1750846392905,Right,-0.1571749,0.6031854,0.6856589,-0.1533711,0.3793371,0.8413616,-0.214946,0.5594813,0.6668634,-0.1959616,0.4052244,0.839215,-0.1053283,1.082094,0.8113029,-0.1532065,0.1049346,1.24968,True,0,1,18
6/25/2025 12:13:12 PM,1750846392920,Right,-0.1582277,0.6067464,0.6956515,-0.1533711,0.3793371,0.8413616,-0.2153036,0.5638077,0.6764292,-0.1971819,0.4120598,0.8480149,-0.1085778,1.086925,0.8142025,-0.1563217,0.1125852,1.262108,True,0,1,18
6/25/2025 12:13:12 PM,1750846392948,Right,-0.1616863,0.6140408,0.7119888,-0.1533711,0.3793371,0.8413616,-0.219732,0.5711751,0.6894796,-0.2033329,0.4237748,0.8621253,-0.116604,1.098353,0.8206589,-0.1672033,0.1299166,1.283308,True,0,1,18
6/25/2025 12:13:12 PM,1750846392961,Right,-0.1642566,0.6189045,0.7200084,-0.1533711,0.3793371,0.8413616,-0.2233609,0.5738193,0.6948214,-0.207854,0.427749,0.8697693,-0.1206114,1.104563,0.8241909,-0.1747702,0.1389282,1.293661,True,0,1,18
6/25/2025 12:13:12 PM,1750846392989,Right,-0.1709708,0.6299369,0.7322943,-0.2259187,0.4592071,0.8722858,-0.2277151,0.583,0.7054013,-0.2175922,0.4611489,0.8520534,-0.1288978,1.117329,0.8301752,-0.1924512,0.1489524,1.305784,True,0,1,18
6/25/2025 12:13:13 PM,1750846393003,Right,-0.1742906,0.6354643,0.7383118,-0.2326137,0.4657112,0.8809661,-0.2310006,0.5870507,0.7084626,-0.2216306,0.4640227,0.8592187,-0.1333154,1.123832,0.8324354,-0.2006826,0.1580815,1.312753,True,0,1,18
6/25/2025 12:13:13 PM,1750846393031,Right,-0.1831456,0.6471999,0.7482139,-0.2481938,0.4807375,0.8933146,-0.237909,0.5961934,0.7140815,-0.2317737,0.4754997,0.8679209,-0.1437026,1.137844,0.8360629,-0.2229695,0.1782877,1.326643,True,0,1,18
6/25/2025 12:13:13 PM,1750846393044,Right,-0.1881731,0.6528444,0.7525095,-0.2562579,0.4873549,0.8977009,-0.2414904,0.6008019,0.7166663,-0.2368317,0.4812139,0.8716854,-0.1490754,1.144711,0.8372204,-0.2338631,0.1875781,1.33253,True,0,1,18
6/25/2025 12:13:13 PM,1750846393058,Right,-0.1958099,0.6563655,0.7547506,-0.2652177,0.4945272,0.9030221,-0.2448179,0.6056775,0.7182559,-0.2422529,0.4874085,0.8740947,-0.1538668,1.151452,0.8381772,-0.2469548,0.1969607,1.337163,True,0,1,18
6/25/2025 12:13:13 PM,1750846393086,Right,-0.2080437,0.6666903,0.7604241,-0.2507993,0.5255174,0.9913728,-0.252368,0.615521,0.7215937,-0.2535571,0.4801456,0.9099325,-0.1633934,1.164482,0.8391864,-0.2707181,0.2225063,1.350325,True,0,1,18
6/25/2025 12:13:13 PM,1750846393101,Right,-0.2131439,0.6719205,0.7635465,-0.2493306,0.5368869,1.020387,-0.2562048,0.62018,0.723097,-0.2604831,0.4784878,0.9259264,-0.1681932,1.170964,0.8390663,-0.2842011,0.2356588,1.356705,True,0,1,18
6/25/2025 12:13:13 PM,1750846393128,Right,-0.2251763,0.6826327,0.7694548,-0.2452667,0.5575526,1.07745,-0.2645527,0.6294453,0.7259814,-0.2782086,0.4752954,0.9614468,-0.1788368,1.183723,0.8378775,-0.3168248,0.2645506,1.36958,True,0,1,18
6/25/2025 12:13:13 PM,1750846393142,Right,-0.2319011,0.6889808,0.7727767,-0.2846714,0.5437822,0.9939157,-0.2691897,0.6344214,0.7275583,-0.2856955,0.50927,0.918452,-0.1840335,1.189884,0.8370616,-0.3401301,0.2695802,1.369398,True,0,1,18
6/25/2025 12:13:13 PM,1750846393170,Right,-0.2484063,0.7006141,0.7788342,-0.3514274,0.5874116,1.025806,-0.2800759,0.644533,0.7296101,-0.3099919,0.514526,0.9367782,-0.1937149,1.201457,0.8346827,-0.3900065,0.2941312,1.373997,True,0,1,18
6/25/2025 12:13:13 PM,1750846393183,Right,-0.2571893,0.7048511,0.7825961,-0.370166,0.5921282,1.021479,-0.2866875,0.6491846,0.7305984,-0.3230781,0.5221721,0.9357536,-0.1988688,1.207246,0.8327916,-0.418693,0.3039508,1.373629,True,0,1,18
6/25/2025 12:13:13 PM,1750846393211,Right,-0.2738947,0.7162294,0.7898089,-0.4104274,0.6072105,1.017179,-0.2994077,0.657864,0.7327806,-0.3491605,0.5338334,0.936527,-0.2089046,1.218168,0.8285074,-0.4758538,0.3204701,1.369281,True,0,1,18
6/25/2025 12:13:13 PM,1750846393225,Right,-0.2865608,0.7232465,0.790018,-0.4327987,0.6149426,1.013964,-0.3077422,0.6620198,0.7331796,-0.3639771,0.538607,0.9374278,-0.2135481,1.223385,0.8261006,-0.5047154,0.3283096,1.365587,True,0,1,18
6/25/2025 12:13:13 PM,1750846393239,Right,-0.3001356,0.7301516,0.789786,-0.4553913,0.6236377,1.009687,-0.3132546,0.6643872,0.7353197,-0.3765499,0.54188,0.939009,-0.2179692,1.228268,0.8232915,-0.5328869,0.3339701,1.361966,True,0,1,18
6/25/2025 12:13:13 PM,1750846393267,Right,-0.3253275,0.7432774,0.7899829,-0.5007058,0.6403762,0.9992809,-0.3276679,0.6708952,0.735395,-0.4052942,0.5498265,0.93736,-0.2262917,1.237897,0.8178957,-0.5922289,0.3460689,1.347437,True,0,1,18
6/25/2025 12:13:13 PM,1750846393281,Right,-0.3390068,0.7497604,0.7899817,-0.5247325,0.6485929,0.9911449,-0.3357434,0.6756595,0.7339537,-0.4195953,0.5547529,0.9336329,-0.2300516,1.242511,0.8151748,-0.6204163,0.3504418,1.336693,True,0,1,18
6/25/2025 12:13:13 PM,1750846393308,Right,-0.3676253,0.7631198,0.7865716,-0.5721583,0.6647219,0.9712462,-0.3560039,0.6869678,0.7309389,-0.4527465,0.566506,0.925761,-0.2368795,1.250945,0.8096697,-0.6792139,0.363626,1.314964,True,0,1,18
6/25/2025 12:13:13 PM,1750846393322,Right,-0.3832999,0.7699773,0.7823129,-0.5964545,0.6728078,0.9585137,-0.3670065,0.6929603,0.7297492,-0.4702068,0.5721881,0.9216065,-0.2400123,1.254258,0.8067188,-0.7090855,0.3692603,1.302724,True,0,1,18
6/25/2025 12:13:13 PM,1750846393350,Right,-0.4153646,0.7840877,0.7694351,-0.6437918,0.6883606,0.930023,-0.3939852,0.7055938,0.7239537,-0.5123219,0.5842853,0.9088501,-0.245918,1.259996,0.8002791,-0.7793367,0.3821597,1.268926,True,0,1,18
6/25/2025 12:13:13 PM,1750846393364,Right,-0.4314981,0.7900218,0.7618811,-0.6674877,0.696457,0.9131267,-0.4086122,0.7103416,0.7193929,-0.5337124,0.5886375,0.9006421,-0.2486492,1.262586,0.7970581,-0.8132266,0.3862722,1.249833,True,0,1,18
6/25/2025 12:13:13 PM,1750846393392,Right,-0.4619557,0.8033546,0.7487773,-0.7116131,0.7112826,0.8757758,-0.4303675,0.7203026,0.7090224,-0.5667706,0.5979486,0.8799572,-0.2541753,1.267122,0.7903318,-0.8710037,0.3908292,1.206403,True,0,1,18
6/25/2025 12:13:13 PM,1750846393405,Right,-0.4765827,0.8091795,0.7376884,-0.7325186,0.7193362,0.8542014,-0.4413002,0.7236419,0.7043623,-0.5837948,0.600127,0.8707496,-0.256524,1.268954,0.7873209,-0.8988355,0.3908052,1.183926,True,0,1,18
6/25/2025 12:13:13 PM,1750846393420,Right,-0.4910352,0.8142288,0.7261282,-0.7535344,0.7275882,0.8330998,-0.4512807,0.7264827,0.6987174,-0.6003168,0.6029786,0.8598446,-0.2588412,1.270407,0.7843115,-0.9275786,0.3928336,1.159064,True,0,1,18
6/25/2025 12:13:13 PM,1750846393447,Right,-0.5177178,0.8238755,0.6989976,-0.7895608,0.7444347,0.7866589,-0.4727328,0.7335083,0.6842027,-0.6325099,0.6087836,0.8341578,-0.2631603,1.273111,0.7780068,-0.9799529,0.3929906,1.104769,True,0,1,18
6/25/2025 12:13:13 PM,1750846393461,Right,-0.5303357,0.8284945,0.6846052,-0.806679,0.7526092,0.7623027,-0.48336,0.7393465,0.6766028,-0.6486166,0.6144617,0.8206387,-0.2649156,1.274611,0.7747643,-1.005802,0.3964331,1.076059,True,0,1,18
6/25/2025 12:13:13 PM,1750846393488,Right,-0.550238,0.8389413,0.655185,-0.8365657,0.7700572,0.7120486,-0.5034374,0.7464429,0.6569897,-0.6809312,0.6193218,0.7898991,-0.2662833,1.277645,0.7683718,-1.052868,0.3965557,1.01168,True,0,1,18
6/25/2025 12:13:13 PM,1750846393502,Right,-0.5595626,0.8430691,0.6398314,-0.8499234,0.777883,0.6857523,-0.512327,0.7494462,0.6473209,-0.6953104,0.6224518,0.7730799,-0.266536,1.279368,0.7653539,-1.075384,0.3971745,0.9774294,True,0,1,18
6/25/2025 12:13:13 PM,1750846393531,Right,-0.573966,0.8500941,0.6077583,-0.8688889,0.7951093,0.6312585,-0.5279219,0.7577997,0.6242716,-0.7178686,0.6287718,0.7366452,-0.267373,1.282588,0.7596695,-1.106651,0.3919722,0.9094781,True,0,1,18
6/25/2025 12:13:13 PM,1750846393545,Right,-0.5799524,0.8534645,0.5909022,-0.8762162,0.8021442,0.6028793,-0.5338455,0.7615371,0.6112889,-0.7275029,0.6324465,0.7170882,-0.2680488,1.284396,0.7569399,-1.120175,0.391601,0.8748503,True,0,1,18
6/25/2025 12:13:13 PM,1750846393558,Right,-0.5846015,0.8555362,0.5739342,-0.8806705,0.8082786,0.5765625,-0.5395145,0.764421,0.6000916,-0.7355604,0.6353276,0.6991504,-0.2689708,1.286343,0.7537849,-1.131064,0.3886888,0.8429808,True,0,1,18
6/25/2025 12:13:13 PM,1750846393586,Right,-0.5930648,0.8595608,0.542013,-0.8885008,0.8176737,0.5252777,-0.5502529,0.7683816,0.5757957,-0.7500873,0.6370045,0.6612427,-0.271093,1.290732,0.7479174,-1.146121,0.3756002,0.7776987,True,0,1,18
6/25/2025 12:13:13 PM,1750846393600,Right,-0.5952375,0.8589447,0.5250469,-0.8901772,0.8215898,0.4990652,-0.5544512,0.7701201,0.5636122,-0.7563689,0.6383334,0.642178,-0.2723805,1.293004,0.7451766,-1.152507,0.3710917,0.7458357,True,0,1,18
6/25/2025 12:13:13 PM,1750846393628,Right,-0.5993864,0.8574807,0.4954496,-0.8916525,0.827539,0.4476652,-0.5610712,0.7726538,0.5392722,-0.764864,0.6373864,0.6037167,-0.2761228,1.297681,0.740114,-1.15569,0.3535098,0.6836564,True,0,1,18
6/25/2025 12:13:13 PM,1750846393642,Right,-0.6005733,0.8563499,0.4811163,-0.8876123,0.8283746,0.4236985,-0.5630555,0.7729878,0.5260767,-0.764196,0.6368586,0.5852563,-0.2779263,1.299869,0.7375262,-1.151897,0.3424023,0.6601004,True,0,1,18
6/25/2025 12:13:13 PM,1750846393669,Right,-0.6011429,0.8539736,0.4545715,-0.8831134,0.8265424,0.3786869,-0.5659984,0.7735082,0.5026503,-0.7666043,0.6335908,0.5508314,-0.2819775,1.304396,0.7330327,-1.148252,0.3266048,0.6092256,True,0,1,18
6/25/2025 12:13:13 PM,1750846393683,Right,-0.6016654,0.8545671,0.4423452,-0.8796078,0.8227039,0.3555966,-0.5674192,0.7738855,0.4923333,-0.7676814,0.6321287,0.5345246,-0.2841082,1.306489,0.7307839,-1.147724,0.3207993,0.58211,True,0,1,18
6/25/2025 12:13:13 PM,1750846393711,Right,-0.600161,0.8543265,0.4204289,-0.8714241,0.8203282,0.314653,-0.5693208,0.7745274,0.4732293,-0.768042,0.627038,0.5019449,-0.2883919,1.310164,0.7263241,-1.140948,0.3047406,0.5246422,True,0,1,18
6/25/2025 12:13:13 PM,1750846393725,Right,-0.5994383,0.8551979,0.4110407,-0.8666849,0.8196962,0.2936949,-0.5697521,0.7756971,0.465262,-0.7680982,0.6252594,0.4867208,-0.290834,1.311809,0.7239389,-1.13737,0.2992186,0.4948972,False,0,1,18
6/25/2025 12:13:13 PM,1750846393739,Right,-0.5991548,0.8566391,0.4033775,-0.8621451,0.8198432,0.2777357,-0.5759479,0.7786939,0.4584968,-0.7886282,0.6220975,0.4729941,-0.2935464,1.313181,0.7218701,-1.151077,0.3104086,0.4645025,False,0,1,18
6/25/2025 12:13:13 PM,1750846393766,Right,-0.5987487,0.8607258,0.3903347,-0.8537167,0.8209101,0.2505909,-0.5836141,0.7858608,0.4391943,-0.7983489,0.6321363,0.434895,-0.2985641,1.315444,0.7180367,-1.163692,0.3260257,0.3927051,False,0,1,18
6/25/2025 12:13:13 PM,1750846393780,Right,-0.5981298,0.863687,0.3847506,-0.8498359,0.8221502,0.2399578,-0.5836483,0.7872874,0.4327953,-0.7974125,0.6330414,0.4181911,-0.3008124,1.31608,0.7162547,-1.159781,0.3262206,0.3580341,False,0,1,18
6/25/2025 12:13:13 PM,1750846393808,Right,-0.5948452,0.8677647,0.3759461,-0.8438182,0.8238022,0.2227972,-0.5816956,0.7925124,0.4235668,-0.7920979,0.6341838,0.3860722,-0.3054795,1.316595,0.7115898,-1.140337,0.3239503,0.2876646,False,0,1,18
6/25/2025 12:13:13 PM,1750846393822,Right,-0.5922582,0.8686104,0.3724526,-0.8412607,0.8236988,0.2164243,-0.5807239,0.7945954,0.4186828,-0.7879841,0.6327204,0.3705125,-0.3080317,1.316567,0.7094139,-1.125687,0.3187627,0.2552865,False,0,1,18
6/25/2025 12:13:13 PM,1750846393850,Right,-0.5904534,0.8711759,0.3656966,-0.8382905,0.8230047,0.2067392,-0.5822526,0.7979024,0.4149051,-0.7877883,0.6332188,0.3628277,-0.313114,1.316298,0.7055458,-1.119493,0.3169917,0.2411292,False,0,1,18
6/25/2025 12:13:13 PM,1750846393864,Right,-0.5896826,0.8721499,0.3625996,-0.8389108,0.8254958,0.202614,-0.582754,0.8003089,0.4129832,-0.7878103,0.6341972,0.3590879,-0.3152324,1.316302,0.7039583,-1.116412,0.3169046,0.2351364,False,0,1,18
6/25/2025 12:13:13 PM,1750846393878,Right,-0.5896476,0.8728079,0.3604171,-0.8396568,0.8282577,0.1991929,-0.5842918,0.8005805,0.4137457,-0.7887908,0.6328034,0.3568721,-0.3171321,1.316336,0.7027613,-1.113491,0.3150721,0.2284627,False,0,1,18
6/25/2025 12:13:13 PM,1750846393906,Right,-0.5902709,0.8730034,0.3582731,-0.8427769,0.8282068,0.2016121,-0.5847933,0.8014635,0.4120969,-0.7887722,0.6329064,0.3566069,-0.3204875,1.316917,0.7011597,-1.112903,0.3132955,0.2307343,False,0,1,18
6/25/2025 12:13:13 PM,1750846393919,Right,-0.5905719,0.8730435,0.3573834,-0.8449699,0.8285879,0.20326,-0.585458,0.8016998,0.4118706,-0.7910131,0.6339687,0.3583282,-0.32242,1.316934,0.7001971,-1.117583,0.3158612,0.2360746,False,0,1,18
6/25/2025 12:13:13 PM,1750846393947,Right,-0.5919421,0.8728618,0.3574257,-0.8510129,0.8289768,0.2113787,-0.586219,0.8013246,0.4117724,-0.7946905,0.635748,0.3640042,-0.3255773,1.316433,0.6977057,-1.12761,0.3204188,0.2513804,False,0,1,18
6/25/2025 12:13:13 PM,1750846393961,Right,-0.5928999,0.8723822,0.35798,-0.8540771,0.8290401,0.2161861,-0.5859911,0.8006288,0.4115061,-0.796134,0.6365547,0.3669817,-0.3265229,1.316023,0.6966387,-1.132968,0.3233387,0.2594869,False,0,1,18
6/25/2025 12:13:13 PM,1750846393988,Right,-0.5949942,0.8706611,0.3604523,-0.8607009,0.8282966,0.229197,-0.5847752,0.7986262,0.4108362,-0.7982827,0.6383157,0.3749647,-0.3277535,1.314871,0.6950117,-1.144685,0.3298976,0.2808546,False,0,1,18
6/25/2025 12:13:14 PM,1750846394003,Right,-0.5954647,0.8686225,0.3622969,-0.8640864,0.8276139,0.2362112,-0.5835718,0.7962927,0.4102102,-0.7996799,0.638175,0.378879,-0.327835,1.314078,0.694507,-1.151232,0.333813,0.2919941,False,0,1,18
6/25/2025 12:13:14 PM,1750846394030,Right,-0.5961541,0.8646837,0.3651639,-0.8707818,0.8256165,0.2530382,-0.5833937,0.7901447,0.4131373,-0.8045357,0.6376507,0.3927338,-0.3279439,1.312319,0.6935894,-1.16804,0.3427635,0.3229188,False,0,1,18
6/25/2025 12:13:14 PM,1750846394044,Right,-0.5964094,0.8622803,0.3675194,-0.8738484,0.8241522,0.2623444,-0.5825442,0.7881936,0.4155891,-0.8060404,0.6387539,0.4014313,-0.3276743,1.31148,0.6932447,-1.175639,0.3490659,0.3413908,False,0,1,18
6/25/2025 12:13:14 PM,1750846394058,Right,-0.5966268,0.8604156,0.3701731,-0.876625,0.8221459,0.2729616,-0.5814022,0.7856089,0.4177094,-0.8071783,0.639589,0.410814,-0.3272338,1.31063,0.6929778,-1.18328,0.355775,0.3621528,False,0,1,18
6/25/2025 12:13:14 PM,1750846394086,Right,-0.5973304,0.8553723,0.3772318,-0.8807282,0.8169448,0.2963716,-0.5779269,0.7803038,0.4231806,-0.8061252,0.6409965,0.4322864,-0.325905,1.309103,0.6930428,-1.19425,0.3679377,0.4090288,False,0,1,18
6/25/2025 12:13:14 PM,1750846394100,Right,-0.5966635,0.8511257,0.3827818,-0.8818721,0.8132473,0.3099317,-0.5756085,0.7771271,0.4270183,-0.8047772,0.6410473,0.444984,-0.3251187,1.308257,0.6931343,-1.198125,0.3740236,0.4359822,False,0,1,18
6/25/2025 12:13:14 PM,1750846394128,Right,-0.5936094,0.8443115,0.3956311,-0.8824958,0.805438,0.3378273,-0.5704038,0.7707904,0.4360656,-0.801369,0.640909,0.4721801,-0.3229659,1.306421,0.6939082,-1.20345,0.3884004,0.4920147,False,0,1,18
6/25/2025 12:13:14 PM,1750846394141,Right,-0.5915319,0.8409259,0.4038103,-0.8815281,0.7997603,0.3536501,-0.5664234,0.7665432,0.4412054,-0.7974788,0.6394248,0.485621,-0.3214492,1.305225,0.6946248,-1.203052,0.3939913,0.5187227,False,0,1,18
6/25/2025 12:13:14 PM,1750846394169,Right,-0.5852585,0.8329988,0.4209662,-0.8758655,0.7884285,0.3858938,-0.5573785,0.7588004,0.4530655,-0.7861339,0.6347802,0.5105501,-0.3177499,1.302715,0.6966554,-1.196705,0.3998769,0.5650283,False,0,1,18
6/25/2025 12:13:14 PM,1750846394183,Right,-0.5800673,0.8288377,0.430008,-0.8708116,0.7815543,0.4036047,-0.5507898,0.7540587,0.4575836,-0.7785213,0.6313365,0.5201815,-0.3156298,1.301374,0.6977834,-1.191184,0.4016961,0.5834252,False,0,1,18
6/25/2025 12:13:14 PM,1750846394211,Right,-0.569117,0.8217033,0.4517717,-0.8586264,0.7665331,0.4382295,-0.5362146,0.7446043,0.4678119,-0.760655,0.6241947,0.5427874,-0.3098016,1.298108,0.6996515,-1.175136,0.4040967,0.6288521,False,0,1,18
6/25/2025 12:13:14 PM,1750846394225,Right,-0.5598234,0.815827,0.4623029,-0.8490688,0.7586058,0.4563052,-0.5263233,0.7402941,0.4709821,-0.748796,0.6209071,0.5527541,-0.3063561,1.296213,0.7005944,-1.162979,0.4055029,0.6517692,False,0,1,18
6/25/2025 12:13:14 PM,1750846394239,Right,-0.5494995,0.8094097,0.4725322,-0.8385465,0.7506644,0.4736756,-0.5169696,0.7355343,0.4748771,-0.7372608,0.6169538,0.5642333,-0.302749,1.294253,0.7015662,-1.149964,0.4064751,0.6777016,False,0,1,18
6/25/2025 12:13:14 PM,1750846394267,Right,-0.5263761,0.7966744,0.4899818,-0.8131769,0.7336092,0.5082728,-0.4945746,0.7248282,0.4832426,-0.7076498,0.6079025,0.588299,-0.2945808,1.28974,0.7041898,-1.115361,0.4060664,0.7344704,False,0,1,18
6/25/2025 12:13:14 PM,1750846394281,Right,-0.5121896,0.7887471,0.4972954,-0.79698,0.7238948,0.5259542,-0.4826331,0.7189919,0.486591,-0.6915382,0.6020186,0.5998368,-0.2900873,1.287175,0.7059655,-1.094337,0.4037423,0.7632414,False,0,1,18
6/25/2025 12:13:14 PM,1750846394308,Right,-0.482501,0.7739784,0.5124662,-0.7631111,0.7034626,0.5586991,-0.4545585,0.7118287,0.4922509,-0.651073,0.5937642,0.6225175,-0.2802489,1.281098,0.7094673,-1.039061,0.3999649,0.8257139,False,0,1,18
6/25/2025 12:13:14 PM,1750846394322,Right,-0.4644998,0.7679371,0.5189642,-0.7427178,0.6927446,0.5736604,-0.4403686,0.7051284,0.4933571,-0.6337427,0.5862793,0.6284826,-0.2753212,1.277883,0.7112496,-1.016146,0.3959381,0.8440453,False,0,1,18
6/25/2025 12:13:14 PM,1750846394350,Right,-0.4303337,0.748969,0.5272918,-0.7010188,0.6693531,0.599058,-0.4131809,0.6930536,0.493503,-0.5964558,0.5741413,0.6381354,-0.2649878,1.269656,0.714779,-0.9652869,0.3887864,0.8842721,False,0,1,18
6/25/2025 12:13:14 PM,1750846394364,Right,-0.41217,0.7397919,0.5290981,-0.6801921,0.6584542,0.6113874,-0.3992995,0.6872934,0.493695,-0.5785436,0.5669383,0.6445127,-0.2596585,1.265603,0.7166513,-0.9373629,0.3824378,0.9031469,False,0,1,18
6/25/2025 12:13:14 PM,1750846394392,Right,-0.3764558,0.7210571,0.5306715,-0.6329225,0.6361252,0.6325017,-0.3699931,0.6786942,0.4914796,-0.5346718,0.5571287,0.6515957,-0.2486788,1.256652,0.7203071,-0.8726122,0.3687831,0.9402883,False,0,1,18
6/25/2025 12:13:14 PM,1750846394405,Right,-0.3580284,0.7132128,0.5286964,-0.6083777,0.6267743,0.6411666,-0.3557076,0.6725261,0.4892697,-0.5130205,0.5492277,0.6543406,-0.2430187,1.252086,0.7223264,-0.8377706,0.3579616,0.9569925,False,0,1,18
6/25/2025 12:13:14 PM,1750846394419,Right,-0.3397242,0.7050514,0.5270817,-0.5845237,0.616627,0.6497155,-0.34281,0.6702204,0.4843012,-0.4922184,0.5451013,0.6547279,-0.2371887,1.24718,0.7246212,-0.8017663,0.3510911,0.9717596,False,0,1,18
6/25/2025 12:13:14 PM,1750846394447,Right,-0.3051925,0.6920878,0.5196484,-0.5345705,0.5997323,0.6608853,-0.3174371,0.6626159,0.4755671,-0.4480843,0.5328813,0.6558944,-0.2257603,1.237363,0.7300884,-0.7208711,0.3304325,1.001871,False,0,1,18
6/25/2025 12:13:14 PM,1750846394461,Right,-0.2879088,0.6855232,0.5140753,-0.5092876,0.5895919,0.6648832,-0.3051262,0.6620683,0.4705191,-0.4258618,0.5303392,0.6538589,-0.220001,1.23214,0.7330723,-0.6801356,0.3222075,1.012702,False,0,1,18
6/25/2025 12:13:14 PM,1750846394489,Right,-0.2582774,0.6796466,0.4994646,-0.4584546,0.573019,0.665969,-0.2835353,0.6564613,0.4585119,-0.3855829,0.5196462,0.6469694,-0.208499,1.221375,0.739604,-0.6018143,0.2995809,1.025464,False,0,1,18
6/25/2025 12:13:14 PM,1750846394502,Right,-0.2451844,0.6766486,0.4893134,-0.4328598,0.5638614,0.6653622,-0.2744552,0.6556151,0.4521208,-0.3679712,0.5172427,0.641866,-0.2029098,1.215792,0.7429254,-0.5683508,0.2916619,1.027676,False,0,1,18
6/25/2025 12:13:14 PM,1750846394530,Right,-0.2243352,0.6758279,0.4690073,-0.3848162,0.5511885,0.6577352,-0.2576063,0.6536086,0.4374986,-0.3327111,0.510161,0.6293954,-0.1918181,1.204117,0.7491577,-0.4975043,0.2712131,1.02599,False,0,1,18
6/25/2025 12:13:14 PM,1750846394545,Right,-0.2135583,0.6745744,0.4572823,-0.3605488,0.5441234,0.6528136,-0.2505064,0.6535497,0.4298852,-0.3157898,0.5081799,0.6217648,-0.1865467,1.198172,0.7521031,-0.4619153,0.2622318,1.023414,False,0,1,18
6/25/2025 12:13:14 PM,1750846394558,Right,-0.2043364,0.6739001,0.4459873,-0.3405382,0.538196,0.6462309,-0.2433758,0.6530291,0.4222236,-0.2996211,0.5048913,0.6152645,-0.1813792,1.192098,0.7554691,-0.4271388,0.2536429,1.019569,False,0,1,18
6/25/2025 12:13:14 PM,1750846394586,Right,-0.1895547,0.6752908,0.4242791,-0.30067,0.5266926,0.6312181,-0.2314701,0.6529461,0.4069535,-0.2752053,0.5001506,0.5999939,-0.1712426,1.180188,0.7618847,-0.3761558,0.2397149,1.005624,False,0,1,18
6/25/2025 12:13:14 PM,1750846394599,Right,-0.1835985,0.6755883,0.4125818,-0.2807537,0.5223957,0.6208874,-0.2281777,0.6519119,0.3985735,-0.2646123,0.4979004,0.5902188,-0.1666626,1.174134,0.7649813,-0.3510922,0.2319876,0.9974522,False,0,1,18
6/25/2025 12:13:14 PM,1750846394628,Right,-0.1736632,0.6785698,0.3925476,-0.246554,0.5127977,0.6009214,-0.22245,0.6500828,0.383076,-0.2429719,0.4911094,0.5728173,-0.1581043,1.161812,0.7706482,-0.2959935,0.2142432,0.9786726,False,0,1,18
6/25/2025 12:13:14 PM,1750846394641,Right,-0.1675474,0.6794622,0.3833296,-0.2311166,0.509209,0.5909029,-0.2195517,0.6493459,0.3771161,-0.2322624,0.4880334,0.5653587,-0.153998,1.155412,0.7734749,-0.2685597,0.2058426,0.9695714,False,0,1,18
6/25/2025 12:13:14 PM,1750846394670,Right,-0.1588822,0.682187,0.3679349,-0.2044748,0.5010038,0.573184,-0.2147032,0.6484481,0.3684191,-0.2164166,0.481959,0.554483,-0.1452026,1.142274,0.7788122,-0.2283484,0.1917627,0.952673,False,0,1,18
6/25/2025 12:13:14 PM,1750846394683,Right,-0.1565743,0.6815014,0.3620839,-0.192835,0.497349,0.5657797,-0.2135179,0.6468878,0.3661107,-0.2101669,0.4787931,0.5500862,-0.1410253,1.135699,0.7813981,-0.2107036,0.1842539,0.9458193,False,0,1,18
6/25/2025 12:13:14 PM,1750846394711,Right,-0.1534618,0.6793241,0.3545981,-0.1731271,0.4888464,0.5539145,-0.2122074,0.6430065,0.3643127,-0.199878,0.4717379,0.5442608,-0.1332158,1.123272,0.7856114,-0.1794426,0.169434,0.934186,False,0,1,18
6/25/2025 12:13:14 PM,1750846394725,Right,-0.1536744,0.6769093,0.3539004,-0.1649073,0.4842847,0.5511922,-0.2127909,0.6396173,0.3652924,-0.1962556,0.4672744,0.5433393,-0.1291124,1.11702,0.7873082,-0.1664194,0.1618176,0.9306749,False,0,1,18
6/25/2025 12:13:14 PM,1750846394738,Right,-0.1541208,0.6739305,0.3550749,-0.1581453,0.4792052,0.5497407,-0.2130392,0.6361852,0.3674166,-0.1924116,0.4621903,0.5433238,-0.1251819,1.110861,0.7890818,-0.1533352,0.153014,0.9269532,False,0,1,18
6/25/2025 12:13:14 PM,1750846394767,Right,-0.1557612,0.6661795,0.3610302,-0.1467688,0.4679246,0.5511748,-0.214623,0.6303585,0.3725813,-0.190535,0.465165,0.536006,-0.1180309,1.098823,0.7924409,-0.1390174,0.1422043,0.9258348,True,0,1,19
6/25/2025 12:13:14 PM,1750846394780,Right,-0.1573737,0.660956,0.3675939,-0.1421412,0.4615337,0.5553101,-0.2147322,0.6278759,0.3756331,-0.1889118,0.4625919,0.5380462,-0.1146897,1.093153,0.7937982,-0.1329666,0.1383291,0.9267759,True,0,1,19
6/25/2025 12:13:14 PM,1750846394808,Right,-0.1601778,0.6467256,0.3819903,-0.134641,0.4485896,0.566423,-0.2153864,0.620495,0.3848298,-0.1850161,0.455424,0.54378,-0.1088592,1.082829,0.7958624,-0.1168813,0.1268593,0.9295506,True,0,1,19
6/25/2025 12:13:14 PM,1750846394822,Right,-0.1622203,0.6386054,0.3922656,-0.1319257,0.4414353,0.5761755,-0.2159725,0.6158997,0.3905788,-0.1830345,0.4505474,0.5480509,-0.1061661,1.077889,0.7970927,-0.10813,0.1201943,0.9316391,True,0,1,19
6/25/2025 12:13:14 PM,1750846394850,Right,-0.1653931,0.6226645,0.415411,-0.1280228,0.4268637,0.5983678,-0.2172574,0.6049803,0.4053407,-0.1818959,0.4404215,0.5620894,-0.1009384,1.068187,0.7998521,-0.09939139,0.1103594,0.9453017,True,0,1,19
6/25/2025 12:13:14 PM,1750846394864,Right,-0.167091,0.6141959,0.428603,-0.1263067,0.4194564,0.6116316,-0.2178729,0.5988204,0.4142123,-0.1810483,0.4341241,0.5701888,-0.09858048,1.063671,0.8012452,-0.09446698,0.1032599,0.9520699,True,0,1,19
6/25/2025 12:13:14 PM,1750846394891,Right,-0.1682798,0.5967353,0.4606165,-0.1238014,0.4067391,0.6452267,-0.2191775,0.5848804,0.4356634,-0.182424,0.4215021,0.5909195,-0.09495831,1.05478,0.8034611,-0.09396273,0.09035075,0.9740516,True,0,1,19
6/25/2025 12:13:14 PM,1750846394905,Right,-0.1682529,0.5884801,0.4777973,-0.1225647,0.4011753,0.6639071,-0.2199779,0.5772496,0.4479309,-0.1829595,0.4150026,0.6031143,-0.09421027,1.050686,0.8045154,-0.09293555,0.08464038,0.9876499,True,0,1,19
6/25/2025 12:13:14 PM,1750846394919,Right,-0.1681353,0.5803139,0.4948097,-0.1218647,0.395959,0.6823692,-0.2199864,0.5700728,0.4619819,-0.1827949,0.4090779,0.6176646,-0.09359014,1.04671,0.8056643,-0.09156184,0.08054256,1.004169,True,0,1,19
6/25/2025 12:13:14 PM,1750846394947,Right,-0.1666863,0.5670341,0.5321041,-0.1229269,0.3888101,0.7223985,-0.2194239,0.5561282,0.4936914,-0.182534,0.3988981,0.6508478,-0.09300721,1.039312,0.8082008,-0.08982791,0.07562357,1.043619,True,0,1,19
6/25/2025 12:13:14 PM,1750846394961,Right,-0.1663666,0.5606616,0.5506058,-0.1239952,0.3857945,0.7424934,-0.2191949,0.5491846,0.5113214,-0.183082,0.3947524,0.669024,-0.09266984,1.035975,0.8096488,-0.09054045,0.07438111,1.066398,True,0,1,19
6/25/2025 12:13:14 PM,1750846394989,Right,-0.1673444,0.5501112,0.586422,-0.1280202,0.3815205,0.7844338,-0.219578,0.5350565,0.5505378,-0.1846039,0.3849492,0.7123764,-0.09353054,1.030902,0.8118858,-0.09347807,0.07499427,1.118465,True,0,1,19
6/25/2025 12:13:15 PM,1750846395003,Right,-0.1674829,0.5454584,0.6040446,-0.130795,0.3806565,0.8056775,-0.2199696,0.5281423,0.5716263,-0.1860938,0.3804006,0.7359361,-0.09434402,1.029429,0.8133819,-0.09736768,0.07648593,1.147018,True,0,1,19
6/25/2025 12:13:15 PM,1750846395030,Right,-0.1683853,0.539721,0.6352882,-0.1359827,0.3845537,0.8449048,-0.2214125,0.5145696,0.6186745,-0.1894996,0.3713024,0.7867307,-0.09682965,1.028728,0.8173089,-0.1052521,0.07761055,1.206615,True,0,1,19
6/25/2025 12:13:15 PM,1750846395044,Right,-0.1688089,0.5375804,0.6502317,-0.1399762,0.3863229,0.8644121,-0.222379,0.50845,0.6438841,-0.1912401,0.3663786,0.8144838,-0.09840834,1.02937,0.8195434,-0.1097728,0.07803065,1.237314,True,0,1,19
6/25/2025 12:13:15 PM,1750846395058,Right,-0.1691219,0.536347,0.6640753,-0.1444105,0.3889881,0.8824104,-0.223258,0.5068962,0.6595464,-0.193367,0.366496,0.832603,-0.1006206,1.031057,0.8220198,-0.1156998,0.08374488,1.259108,True,0,1,19
6/25/2025 12:13:15 PM,1750846395086,Right,-0.1694085,0.5353243,0.689642,-0.1534121,0.3974736,0.915794,-0.2252096,0.5049349,0.6803101,-0.1982317,0.3693453,0.858475,-0.1055454,1.035896,0.8276722,-0.1290945,0.09988004,1.294144,True,0,1,19
6/25/2025 12:13:15 PM,1750846395100,Right,-0.169433,0.5360653,0.7013889,-0.1578068,0.4044558,0.9310737,-0.2252123,0.5053824,0.689624,-0.2004956,0.3726711,0.8699024,-0.1079704,1.039026,0.830837,-0.1375339,0.1096808,1.310778,True,0,1,19
6/25/2025 12:13:15 PM,1750846395128,Right,-0.1690603,0.540148,0.7237359,-0.1682803,0.417031,0.959133,-0.2262835,0.5091188,0.7062871,-0.2058983,0.3805007,0.8907304,-0.1143728,1.047565,0.8371708,-0.1558986,0.1286657,1.33906,True,0,1,19
6/25/2025 12:13:15 PM,1750846395142,Right,-0.1706108,0.5441142,0.7345281,-0.1745966,0.4248617,0.9720232,-0.2272707,0.5119959,0.7145396,-0.209358,0.3851123,0.9005771,-0.1183074,1.052665,0.8405735,-0.166629,0.1377131,1.351984,True,0,1,19
6/25/2025 12:13:15 PM,1750846395169,Right,-0.1712654,0.552726,0.754416,-0.1878955,0.4410075,0.9949188,-0.2296968,0.5197809,0.7296203,-0.2155647,0.3950394,0.9173586,-0.1262194,1.063482,0.8474972,-0.1836726,0.1526889,1.372446,True,0,1,19
6/25/2025 12:13:15 PM,1750846395183,Right,-0.1732391,0.5598131,0.7640916,-0.1958259,0.4498169,1.005273,-0.2313749,0.5245957,0.7364802,-0.2197426,0.4007638,0.9253157,-0.1299508,1.069147,0.8508656,-0.1948565,0.1610844,1.381946,True,0,1,19
6/25/2025 12:13:15 PM,1750846395211,Right,-0.17799,0.5747294,0.7819583,-0.2125041,0.46833,1.024613,-0.236808,0.5316333,0.7485341,-0.2304929,0.4103749,0.9404196,-0.1386732,1.081552,0.8562181,-0.2208114,0.1784954,1.40056,True,0,1,19
6/25/2025 12:13:15 PM,1750846395225,Right,-0.1824642,0.5828375,0.7900912,-0.222269,0.4784568,1.033947,-0.2391231,0.5375357,0.753817,-0.2358805,0.4169083,0.9471921,-0.1436648,1.088115,0.8585708,-0.2348845,0.1879564,1.40794,True,0,1,19
6/25/2025 12:13:15 PM,1750846395239,Right,-0.1912096,0.5884231,0.797189,-0.2330272,0.4886511,1.041258,-0.2416819,0.5426821,0.7588418,-0.2408296,0.4229014,0.9525666,-0.1482681,1.094594,0.860575,-0.2470859,0.1954604,1.41421,True,0,1,19
6/25/2025 12:13:15 PM,1750846395266,Right,-0.2054345,0.5997092,0.8084993,-0.256037,0.5089781,1.0542,-0.2484656,0.5536277,0.7671661,-0.2535167,0.4361031,0.9610081,-0.1567347,1.107906,0.8638172,-0.2771282,0.2116811,1.4247,True,0,1,19
6/25/2025 12:13:15 PM,1750846395281,Right,-0.211513,0.60801,0.8151392,-0.2695705,0.5198416,1.059433,-0.2529329,0.559645,0.7710457,-0.2615083,0.4432781,0.9648453,-0.160319,1.114678,0.8649991,-0.2952805,0.2203355,1.429207,True,0,1,19
6/25/2025 12:13:15 PM,1750846395308,Right,-0.2271077,0.625183,0.8256283,-0.2980416,0.5405817,1.067988,-0.2624242,0.5717047,0.7776274,-0.278807,0.4570212,0.9720862,-0.1683575,1.128969,0.867089,-0.3349218,0.237315,1.435676,True,0,1,19
6/25/2025 12:13:15 PM,1750846395322,Right,-0.2368352,0.6322574,0.8291023,-0.3130724,0.5522194,1.071134,-0.2683872,0.5777357,0.7806555,-0.2879628,0.4641032,0.9747133,-0.1727003,1.136486,0.8679385,-0.3537976,0.2451829,1.438085,True,0,1,19
6/25/2025 12:13:15 PM,1750846395350,Right,-0.2533799,0.6465631,0.839251,-0.3482021,0.5723609,1.074912,-0.2830995,0.589489,0.7860389,-0.310334,0.4790078,0.9801002,-0.1804529,1.150698,0.8682625,-0.3987314,0.2646257,1.442692,True,0,1,19
6/25/2025 12:13:15 PM,1750846395363,Right,-0.2618754,0.654207,0.8446639,-0.367475,0.5825348,1.076508,-0.2902918,0.5958039,0.7888753,-0.321954,0.486777,0.9827351,-0.1841273,1.157961,0.8683021,-0.4217978,0.2749826,1.444528,True,0,1,19
6/25/2025 12:13:15 PM,1750846395378,Right,-0.2710166,0.6618859,0.8497656,-0.3875314,0.5930157,1.078365,-0.2977385,0.6023892,0.7924323,-0.3345137,0.4943042,0.9871671,-0.1879816,1.165161,0.8682504,-0.4466623,0.2861069,1.446563,True,0,1,19
6/25/2025 12:13:15 PM,1750846395405,Right,-0.292075,0.6795026,0.8560122,-0.4280309,0.613228,1.075862,-0.3122084,0.6159241,0.7983288,-0.3596382,0.5096604,0.993252,-0.195767,1.179209,0.8664231,-0.4970287,0.3071446,1.446863,True,0,1,19
6/25/2025 12:13:15 PM,1750846395419,Right,-0.3039951,0.6883318,0.8585093,-0.4488227,0.6231954,1.074031,-0.3201942,0.6227151,0.8008929,-0.3726235,0.5173625,0.9955552,-0.1996537,1.186038,0.8651006,-0.5219257,0.3172599,1.445952,True,0,1,19
6/25/2025 12:13:15 PM,1750846395447,Right,-0.3293909,0.7070947,0.8638373,-0.4931126,0.645365,1.06869,-0.337381,0.6361937,0.8047267,-0.4017471,0.5323607,0.9988054,-0.2072506,1.199615,0.8620913,-0.5783297,0.337519,1.439421,True,0,1,19
6/25/2025 12:13:15 PM,1750846395461,Right,-0.3434041,0.7174249,0.8650854,-0.5161217,0.6563367,1.064348,-0.3467723,0.6425685,0.8074715,-0.4174542,0.5393399,1.000439,-0.2107319,1.206403,0.8603897,-0.608523,0.3461738,1.434956,True,0,1,19
6/25/2025 12:13:15 PM,1750846395488,Right,-0.3738173,0.7360333,0.865434,-0.5616606,0.6789511,1.050439,-0.3663614,0.6589833,0.8101907,-0.4489628,0.5563627,0.9978114,-0.2179108,1.220177,0.8564017,-0.6697363,0.3615621,1.418142,True,0,1,19
6/25/2025 12:13:15 PM,1750846395502,Right,-0.3890865,0.74653,0.8632886,-0.5848837,0.691115,1.040729,-0.3766772,0.6668935,0.8098453,-0.4649409,0.5643086,0.9951118,-0.221768,1.226952,0.8539622,-0.6991988,0.3687031,1.407476,True,0,1,19
6/25/2025 12:13:15 PM,1750846395531,Right,-0.4208212,0.7624288,0.8565713,-0.6286556,0.7157495,1.01771,-0.3990166,0.6833041,0.8093069,-0.4971601,0.5808933,0.9871643,-0.2292625,1.240026,0.8490002,-0.7581717,0.3798948,1.382936,True,0,1,19
6/25/2025 12:13:15 PM,1750846395544,Right,-0.4358908,0.7713226,0.8530252,-0.6507993,0.7273638,1.004811,-0.4096279,0.6920203,0.806334,-0.5125932,0.5897859,0.9805381,-0.2327192,1.2465,0.846195,-0.7864213,0.3863257,1.367295,True,0,1,19
6/25/2025 12:13:15 PM,1750846395558,Right,-0.4505703,0.7805262,0.8461764,-0.671046,0.7395098,0.9897504,-0.4200023,0.7009161,0.8042038,-0.5281906,0.5988743,0.9747929,-0.236194,1.25279,0.8432231,-0.815073,0.3933482,1.351398,True,0,1,19
6/25/2025 12:13:15 PM,1750846395586,Right,-0.4782904,0.7989142,0.8327298,-0.7093368,0.761907,0.9572914,-0.4400081,0.717519,0.8006513,-0.5577993,0.614696,0.9628546,-0.2429804,1.265195,0.837476,-0.8688102,0.4012598,1.316606,True,0,1,19
6/25/2025 12:13:15 PM,1750846395600,Right,-0.4912389,0.810491,0.826232,-0.7279893,0.774255,0.9396631,-0.4507023,0.7256864,0.7968718,-0.5737596,0.6229109,0.9550383,-0.2461954,1.270781,0.8339531,-0.896709,0.4069223,1.296439,True,0,1,19
6/25/2025 12:13:15 PM,1750846395628,Right,-0.5169401,0.8266381,0.8049893,-0.76287,0.7976189,0.9015341,-0.4721535,0.7423216,0.7878785,-0.6049201,0.6380746,0.9379253,-0.2523121,1.280627,0.8261342,-0.9474027,0.4132645,1.252593,True,0,1,19
6/25/2025 12:13:15 PM,1750846395642,Right,-0.529053,0.8350478,0.7943664,-0.7796676,0.8099906,0.8796792,-0.4826302,0.7495951,0.7811816,-0.6203736,0.6452132,0.9267488,-0.2550939,1.285036,0.8215783,-0.9725314,0.4168744,1.227717,True,0,1,19
6/25/2025 12:13:15 PM,1750846395669,Right,-0.5513975,0.8495369,0.7703596,-0.8103092,0.8299863,0.8360322,-0.5027314,0.7624551,0.7664402,-0.6507254,0.65605,0.9026629,-0.2604023,1.294144,0.8134336,-1.018358,0.4177308,1.173127,True,0,1,19
6/25/2025 12:13:15 PM,1750846395684,Right,-0.5619795,0.8568128,0.7559603,-0.8240141,0.8399348,0.8118031,-0.5127666,0.7677832,0.7580199,-0.6658524,0.6612573,0.8893368,-0.2627455,1.298468,0.8097365,-1.040814,0.4194518,1.145229,True,0,1,19
6/25/2025 12:13:15 PM,1750846395711,Right,-0.579982,0.8675694,0.7260942,-0.8479304,0.8545104,0.7625926,-0.5311818,0.7792779,0.7365627,-0.6933289,0.67023,0.8579257,-0.2671776,1.305864,0.8019254,-1.076909,0.4171837,1.084658,True,0,1,19
6/25/2025 12:13:15 PM,1750846395725,Right,-0.5875875,0.8697552,0.7087477,-0.85894,0.8587252,0.7368574,-0.5397601,0.7846947,0.7245001,-0.7072158,0.6749352,0.8415472,-0.269276,1.30895,0.7979167,-1.094894,0.4202381,1.0548,True,0,1,19
6/25/2025 12:13:15 PM,1750846395739,Right,-0.5942718,0.8726098,0.6929916,-0.870253,0.8617901,0.7118601,-0.5469483,0.7893613,0.7130913,-0.7210901,0.6781548,0.8252879,-0.271289,1.31185,0.7939644,-1.112501,0.4225737,1.022473,True,0,1,19
6/25/2025 12:13:15 PM,1750846395766,Right,-0.6049471,0.8759512,0.6620154,-0.8919916,0.8614218,0.661178,-0.5609843,0.7960802,0.6901609,-0.750136,0.6804696,0.792111,-0.2752382,1.316863,0.7863638,-1.145301,0.4241575,0.9553918,True,0,1,19
6/25/2025 12:13:15 PM,1750846395781,Right,-0.6100506,0.8781355,0.6473076,-0.9026702,0.857819,0.6343699,-0.5671287,0.7980491,0.6777651,-0.7641654,0.6799443,0.7738241,-0.2769049,1.318897,0.7827809,-1.159981,0.423712,0.9196286,True,0,1,19
6/25/2025 12:13:15 PM,1750846395809,Right,-0.6184716,0.8811308,0.6208068,-0.873412,0.8693826,0.6621114,-0.5762108,0.8021001,0.6567841,-0.7488327,0.6916394,0.7358931,-0.2800322,1.322032,0.7752264,-1.158594,0.4018261,0.8819753,True,0,1,19
6/25/2025 12:13:15 PM,1750846395822,Right,-0.6217072,0.8818787,0.6086524,-0.8888705,0.87703,0.5736724,-0.5811548,0.8040868,0.647609,-0.7614838,0.6814339,0.7234917,-0.2816223,1.323284,0.7715728,-1.155653,0.3812597,0.8507567,True,0,1,19
6/25/2025 12:13:15 PM,1750846395850,Right,-0.6275575,0.8838723,0.5866902,-0.8906688,0.8730404,0.5283961,-0.5867481,0.8064454,0.6272416,-0.7646151,0.6750614,0.6871545,-0.2839792,1.325544,0.7645309,-1.148628,0.3489145,0.7855345,True,0,1,19
6/25/2025 12:13:15 PM,1750846395864,Right,-0.6291463,0.8840221,0.5755199,-0.8894369,0.8723051,0.5099147,-0.589101,0.8076003,0.6181253,-0.7623589,0.67307,0.6727183,-0.2851397,1.326385,0.7610996,-1.139362,0.3324991,0.7650675,True,0,1,19
6/25/2025 12:13:15 PM,1750846395892,Right,-0.6307339,0.883152,0.5553954,-0.8862661,0.8677253,0.4748284,-0.593464,0.8095233,0.6019841,-0.7665989,0.6667949,0.6431164,-0.2874457,1.327891,0.7546594,-1.130476,0.3098919,0.7119242,True,0,1,19
6/25/2025 12:13:15 PM,1750846395906,Right,-0.6313651,0.8835221,0.5468993,-0.8836547,0.865311,0.4582332,-0.5952106,0.8104382,0.5946236,-0.766104,0.6639526,0.6299649,-0.2884545,1.328295,0.751178,-1.123641,0.2983724,0.6876298,True,0,1,19
6/25/2025 12:13:15 PM,1750846395920,Right,-0.6318375,0.8832635,0.5386434,-0.8807189,0.8625092,0.442879,-0.5966341,0.8108734,0.5868306,-0.7643998,0.660317,0.6166795,-0.2893603,1.328607,0.7477887,-1.113916,0.2850168,0.6642516,True,0,1,19
6/25/2025 12:13:15 PM,1750846395948,Right,-0.6318414,0.8837695,0.5269417,-0.8745905,0.8570407,0.4193445,-0.5979409,0.8100429,0.5744653,-0.760532,0.6531203,0.5951953,-0.2907197,1.329062,0.7409899,-1.096674,0.2634084,0.6250206,True,0,1,19
6/25/2025 12:13:15 PM,1750846395961,Right,-0.631402,0.8830661,0.5213712,-0.8715409,0.8543164,0.4085646,-0.5981186,0.8094554,0.5700358,-0.7586889,0.65012,0.5871433,-0.2914373,1.329491,0.7377143,-1.089403,0.2552387,0.6098344,True,0,1,19
6/25/2025 12:13:15 PM,1750846395989,Right,-0.6296335,0.8809982,0.5138847,-0.8660722,0.8491471,0.3955532,-0.5974904,0.8081403,0.5618465,-0.7541629,0.6452298,0.5741397,-0.2919821,1.330056,0.7316045,-1.075872,0.24191,0.5870396,True,0,1,19
6/25/2025 12:13:16 PM,1750846396003,Right,-0.6284182,0.8800835,0.5107844,-0.8634965,0.8470601,0.3902356,-0.5966583,0.8079718,0.5592612,-0.7517586,0.6434779,0.569618,-0.2921299,1.330444,0.7289392,-1.069473,0.2368519,0.5784563,True,0,1,19
6/25/2025 12:13:16 PM,1750846396031,Right,-0.6266647,0.8792086,0.5087786,-0.8606287,0.8436867,0.3878169,-0.594663,0.8066793,0.5558525,-0.7492092,0.6422743,0.5659834,-0.2919246,1.330411,0.7234753,-1.066632,0.2348369,0.5743378,True,0,1,19
6/25/2025 12:13:16 PM,1750846396044,Right,-0.6255865,0.8785775,0.5082878,-0.8593574,0.8423859,0.3876126,-0.5931031,0.8056961,0.5552271,-0.746995,0.6408461,0.5652044,-0.2918779,1.330167,0.7207141,-1.063114,0.2322257,0.5731574,True,0,1,19
6/25/2025 12:13:16 PM,1750846396059,Right,-0.6241434,0.8773399,0.5090284,-0.8587112,0.8417772,0.3902724,-0.5914142,0.8050279,0.5551308,-0.7453797,0.6406139,0.5663235,-0.2914827,1.329785,0.7181524,-1.062316,0.2324185,0.576812,True,0,1,19
6/25/2025 12:13:16 PM,1750846396086,Right,-0.6213795,0.8756469,0.5122147,-0.8583588,0.8410692,0.3981658,-0.5874026,0.8028657,0.556101,-0.7414817,0.6386583,0.5676342,-0.2902428,1.328869,0.713267,-1.058872,0.2307638,0.5788325,True,0,1,19
6/25/2025 12:13:16 PM,1750846396100,Right,-0.6195389,0.8753868,0.5144396,-0.8583114,0.8411354,0.4048749,-0.5846356,0.8014645,0.5569605,-0.7388459,0.6377977,0.5691151,-0.2894447,1.328264,0.7109079,-1.057281,0.2304151,0.5816373,True,0,1,19
6/25/2025 12:13:16 PM,1750846396128,Right,-0.6150118,0.8727053,0.519231,-0.8585733,0.841707,0.4196101,-0.5790966,0.7990566,0.5599632,-0.7344968,0.6366892,0.5743939,-0.287517,1.326711,0.7063124,-1.056132,0.2320162,0.5916342,True,0,1,19
6/25/2025 12:13:16 PM,1750846396142,Right,-0.6121405,0.8706695,0.521707,-0.8586517,0.8421034,0.4288953,-0.5762843,0.7976182,0.5627388,-0.732509,0.6362174,0.5787796,-0.2863168,1.326009,0.704162,-1.056426,0.2335072,0.5993862,True,0,1,19
6/25/2025 12:13:16 PM,1750846396170,Right,-0.6058909,0.8660869,0.5273188,-0.8579359,0.8453524,0.4478753,-0.5693631,0.7950913,0.5674626,-0.7277036,0.6361113,0.5876753,-0.2831699,1.324569,0.700138,-1.057193,0.2386138,0.6170117,True,0,1,19
6/25/2025 12:13:16 PM,1750846396183,Right,-0.602365,0.8637211,0.5303155,-0.8570342,0.8460313,0.4590583,-0.565352,0.793309,0.5697784,-0.7248725,0.635897,0.5925466,-0.281278,1.323997,0.6983021,-1.05771,0.2416036,0.6272644,True,0,1,19
6/25/2025 12:13:16 PM,1750846396211,Right,-0.595091,0.8594344,0.536405,-0.8544809,0.8485045,0.4816694,-0.5581803,0.7914712,0.575527,-0.7205462,0.6377121,0.6045958,-0.2776816,1.322477,0.6945142,-1.060823,0.2515401,0.6524977,True,0,1,19
6/25/2025 12:13:16 PM,1750846396225,Right,-0.5908666,0.8566124,0.5391282,-0.8524693,0.8498107,0.4939324,-0.5530341,0.7897723,0.5765612,-0.7169067,0.6380479,0.6091861,-0.275833,1.32161,0.6924642,-1.061008,0.2565492,0.664514,True,0,1,19
6/25/2025 12:13:16 PM,1750846396239,Right,-0.5868065,0.8542655,0.5422309,-0.8497794,0.8508731,0.5065975,-0.5484095,0.787415,0.5785287,-0.7135972,0.6382641,0.6151986,-0.2737395,1.320829,0.6907324,-1.06202,0.2618886,0.6791604,True,0,1,19
6/25/2025 12:13:16 PM,1750846396267,Right,-0.5784013,0.8489478,0.5481772,-0.8439523,0.8541091,0.5309343,-0.5382681,0.7831336,0.5823,-0.7066739,0.6392729,0.6282152,-0.2690009,1.319498,0.6879921,-1.063243,0.2753541,0.7113804,True,0,1,19
6/25/2025 12:13:16 PM,1750846396281,Right,-0.5735801,0.8461939,0.551294,-0.8397534,0.8596704,0.5415377,-0.5328609,0.7806049,0.5841481,-0.70281,0.6396066,0.6351682,-0.2666438,1.318259,0.6864011,-1.063182,0.2826555,0.7287356,True,0,1,19
6/25/2025 12:13:16 PM,1750846396309,Right,-0.564445,0.8416392,0.5574728,-0.8303986,0.8618193,0.567507,-0.5222121,0.7752756,0.5869824,-0.6943502,0.6413574,0.6493921,-0.2620481,1.315838,0.6831174,-1.062669,0.3000684,0.7663839,True,0,1,19
6/25/2025 12:13:16 PM,1750846396322,Right,-0.5595871,0.8394467,0.559531,-0.8248919,0.8621002,0.581084,-0.5167421,0.7728636,0.5883223,-0.6896436,0.6427492,0.6570263,-0.2600541,1.314586,0.6816201,-1.061414,0.3101717,0.7866894,True,0,1,19
6/25/2025 12:13:16 PM,1750846396350,Right,-0.5495761,0.833638,0.5634758,-0.8124068,0.8627439,0.6062149,-0.5057623,0.7682086,0.5910616,-0.6795095,0.6464986,0.6736716,-0.2561322,1.312464,0.6786503,-1.057212,0.3339782,0.8307446,True,0,1,19
6/25/2025 12:13:16 PM,1750846396364,Right,-0.5454692,0.8316751,0.5665568,-0.805019,0.8633636,0.6191583,-0.4996258,0.7652633,0.5925245,-0.6725876,0.6480982,0.6821679,-0.2540439,1.311202,0.6774142,-1.052549,0.3455965,0.8537819,True,0,1,19
6/25/2025 12:13:16 PM,1750846396378,Right,-0.5410374,0.8296497,0.5691398,-0.797714,0.863089,0.6319914,-0.4950446,0.763127,0.5933515,-0.6662565,0.6511917,0.6904242,-0.2519666,1.310093,0.676324,-1.048323,0.359657,0.8782997,True,0,1,19
6/25/2025 12:13:16 PM,1750846396406,Right,-0.5315459,0.8274207,0.5730655,-0.7816594,0.8634105,0.6560388,-0.4845581,0.7594517,0.5945252,-0.6521075,0.6573024,0.7078594,-0.2486154,1.308409,0.6745818,-1.034136,0.3906318,0.9292434,True,0,1,19
6/25/2025 12:13:16 PM,1750846396420,Right,-0.5266438,0.8265511,0.5751722,-0.773089,0.8637503,0.6678457,-0.4795263,0.7580656,0.594858,-0.6436974,0.6610621,0.7162089,-0.2472779,1.308192,0.6739459,-1.024284,0.4071038,0.9556426,True,0,1,19
6/25/2025 12:13:16 PM,1750846396446,Right,-0.5185854,0.8270632,0.5785275,-0.7565681,0.8626391,0.6889055,-0.4714453,0.7565482,0.5942128,-0.6263349,0.6697187,0.732474,-0.2451427,1.308286,0.6718491,-0.9986601,0.4432477,1.011331,True,0,1,19
6/25/2025 12:13:16 PM,1750846396459,Right,-0.5143024,0.8275858,0.5783461,-0.7471992,0.8610864,0.6999943,-0.4675227,0.7565303,0.5936075,-0.6176433,0.6738471,0.739623,-0.244285,1.308676,0.6703684,-0.9836309,0.4602942,1.0363,True,0,1,19
6/25/2025 12:13:16 PM,1750846396488,Right,-0.5081026,0.8297701,0.5773904,-0.728201,0.8561077,0.7208693,-0.4609567,0.7592246,0.5923916,-0.5968729,0.684681,0.7547048,-0.2433227,1.310306,0.6693456,-0.9421592,0.4987154,1.09307,True,0,1,19
6/25/2025 12:13:16 PM,1750846396501,Right,-0.5059443,0.8310885,0.5748569,-0.7196316,0.8531136,0.729654,-0.4586187,0.7613795,0.5906706,-0.5918094,0.6879745,0.7562902,-0.2431809,1.311636,0.6689806,-0.9327606,0.5095091,1.102384,True,0,1,19
6/25/2025 12:13:16 PM,1750846396529,Right,-0.5023184,0.8333714,0.5701624,-0.7196316,0.8531136,0.729654,-0.4546008,0.7652218,0.5882139,-0.5873391,0.6946455,0.7617397,-0.2435383,1.314178,0.667347,-0.9190337,0.5270548,1.115166,True,0,1,19
6/25/2025 12:13:16 PM,1750846396543,Right,-0.500707,0.8363265,0.5683039,-0.7196316,0.8531136,0.729654,-0.4528132,0.7673373,0.5887178,-0.5853499,0.6978231,0.7652826,-0.2443253,1.315745,0.6661527,-0.9132578,0.5337861,1.121207,True,0,1,19
6/25/2025 12:13:16 PM,1750846396570,Right,-0.4981763,0.8426224,0.5662287,-0.7118871,0.889033,0.732449,-0.4503732,0.7729064,0.5878704,-0.5814464,0.7043731,0.7684447,-0.2461025,1.318491,0.6646607,-0.9029613,0.5437557,1.128938,True,0,1,19
6/25/2025 12:13:16 PM,1750846396585,Right,-0.4981975,0.8467801,0.5666756,-0.7118871,0.889033,0.732449,-0.4495779,0.7757995,0.5869624,-0.5782746,0.7071902,0.7682416,-0.2472113,1.320359,0.6638266,-0.8961341,0.5453569,1.132475,True,0,1,19
6/25/2025 12:13:16 PM,1750846396599,Right,-0.4971571,0.8489603,0.5667093,-0.7090901,0.8931331,0.7338079,-0.449793,0.7783986,0.5858696,-0.5775014,0.7097414,0.7675529,-0.2488583,1.322396,0.6626362,-0.8936977,0.5475389,1.133366,True,0,1,19
6/25/2025 12:13:16 PM,1750846396626,Right,-0.4965441,0.8532666,0.5656232,-0.7074504,0.905552,0.7362112,-0.4518569,0.7838221,0.5828061,-0.5804461,0.7157352,0.7670481,-0.2524757,1.327101,0.6603026,-0.8948701,0.5574234,1.132882,True,0,1,19
6/25/2025 12:13:16 PM,1750846396640,Right,-0.4984885,0.8588598,0.5649844,-0.7089641,0.904636,0.7318444,-0.4530088,0.787553,0.5826339,-0.5797155,0.7200064,0.7644744,-0.254707,1.329745,0.6592597,-0.8955716,0.5604916,1.132799,True,0,1,19
6/25/2025 12:13:16 PM,1750846396668,Right,-0.5021757,0.8678907,0.5644552,-0.715352,0.9104679,0.7265304,-0.4572115,0.7939222,0.580326,-0.5825694,0.7249178,0.7610528,-0.259039,1.33544,0.6570802,-0.8979648,0.5622702,1.13003,True,0,1,19
6/25/2025 12:13:16 PM,1750846396682,Right,-0.5039209,0.871026,0.5638602,-0.7208114,0.9153169,0.7234281,-0.4596833,0.7968563,0.5796518,-0.5871536,0.7275406,0.760568,-0.2612747,1.338349,0.6558609,-0.9048027,0.5662958,1.126288,True,0,1,19
6/25/2025 12:13:16 PM,1750846396710,Right,-0.5078262,0.8762921,0.5612638,-0.7326964,0.9226536,0.7149824,-0.4655348,0.8018973,0.5777828,-0.5984544,0.7330354,0.7586237,-0.26565,1.344222,0.6544286,-0.9227608,0.5767731,1.116637,True,0,1,19
6/25/2025 12:13:16 PM,1750846396724,Right,-0.5112385,0.8797268,0.5608777,-0.7393718,0.9250349,0.7092512,-0.4690083,0.8047616,0.5764896,-0.6040976,0.7357489,0.7552862,-0.2682823,1.347101,0.6535974,-0.9331847,0.5789531,1.109078,True,0,1,19
6/25/2025 12:13:16 PM,1750846396751,Right,-0.5170237,0.8851412,0.5565418,-0.7536061,0.9315084,0.6955515,-0.4759169,0.8100364,0.5742155,-0.6172878,0.740743,0.7506755,-0.273849,1.352317,0.6515391,-0.9551697,0.5850345,1.09363,True,0,1,19
6/25/2025 12:13:16 PM,1750846396765,Right,-0.5222939,0.8898433,0.5541784,-0.7612253,0.935171,0.68744,-0.4799643,0.8130894,0.5718184,-0.6235195,0.7431117,0.7451872,-0.276426,1.354311,0.6507475,-0.9668449,0.5848895,1.082673,True,0,1,19
6/25/2025 12:13:16 PM,1750846396779,Right,-0.5256416,0.8942782,0.5507895,-0.7687168,0.9381851,0.6790038,-0.4839334,0.8161488,0.5695997,-0.6308073,0.7455757,0.7410494,-0.2789873,1.35626,0.6502131,-0.9789571,0.5865358,1.071924,True,0,1,19
6/25/2025 12:13:16 PM,1750846396807,Right,-0.5321711,0.8997422,0.5411812,-0.7878477,0.9429073,0.6579102,-0.492319,0.8217156,0.5633008,-0.6490347,0.749971,0.7325245,-0.2847774,1.359236,0.6489861,-1.006355,0.5923508,1.04627,True,0,1,19
6/25/2025 12:13:16 PM,1750846396821,Right,-0.5360359,0.9027036,0.5367897,-0.797748,0.9461244,0.6464341,-0.4961471,0.8248817,0.5605815,-0.658187,0.7526257,0.7278929,-0.2880229,1.360199,0.6478562,-1.020832,0.5956837,1.032041,True,0,1,19
6/25/2025 12:13:16 PM,1750846396849,Right,-0.5426152,0.9058374,0.5264226,-0.8213959,0.9510084,0.6218368,-0.5038394,0.8291728,0.5547594,-0.6808227,0.7550972,0.7198019,-0.2960781,1.361503,0.6457478,-1.052038,0.6015268,0.9994562,True,0,1,19
6/25/2025 12:13:16 PM,1750846396863,Right,-0.5456768,0.9077122,0.5213283,-0.8329825,0.9536247,0.6086875,-0.5079572,0.8310213,0.5514206,-0.6930203,0.756619,0.7149949,-0.3006868,1.361205,0.644541,-1.068317,0.6058728,0.9820081,True,0,1,19
6/25/2025 12:13:16 PM,1750846396890,Right,-0.5511501,0.9091491,0.5129412,-0.85561,0.9569305,0.5809253,-0.5156137,0.832736,0.5444911,-0.7183304,0.7575642,0.7027355,-0.310028,1.359744,0.6423532,-1.101938,0.6116719,0.9412965,True,0,1,19
6/25/2025 12:13:16 PM,1750846396904,Right,-0.55374,0.9093464,0.5079781,-0.8663125,0.9579211,0.5664623,-0.519515,0.8332643,0.5409202,-0.7315548,0.7578669,0.6955743,-0.3151344,1.358422,0.6415225,-1.118964,0.614667,0.9190417,True,0,1,19
6/25/2025 12:13:16 PM,1750846396918,Right,-0.5562884,0.909359,0.5035546,-0.8753408,0.9574138,0.554292,-0.5233939,0.8326728,0.5376593,-0.7446417,0.7571812,0.686878,-0.3207307,1.356265,0.6404324,-1.136808,0.6163064,0.8940422,True,0,1,19
6/25/2025 12:13:16 PM,1750846396945,Right,-0.5610986,0.9091733,0.4958692,-0.890952,0.9557053,0.5294523,-0.5306308,0.8311107,0.5318956,-0.7687665,0.7550589,0.6674077,-0.3327309,1.350518,0.6382099,-1.170072,0.6177886,0.8412634,True,0,1,19
6/25/2025 12:13:16 PM,1750846396960,Right,-0.5631432,0.9089003,0.4923835,-0.8987049,0.9545305,0.5160803,-0.5340242,0.8298709,0.5290871,-0.7808548,0.7532635,0.6569012,-0.3389413,1.346373,0.6366667,-1.185578,0.6179292,0.8130908,True,0,1,19
6/25/2025 12:13:16 PM,1750846396988,Right,-0.5663384,0.9078996,0.4858383,-0.9137431,0.9559543,0.4879059,-0.5398759,0.8273224,0.5235363,-0.8059241,0.7500052,0.6328178,-0.352218,1.336837,0.6319665,-1.215219,0.620162,0.7495798,True,0,1,19
6/25/2025 12:13:17 PM,1750846397001,Right,-0.5676563,0.9070413,0.4824786,-0.9193606,0.9546025,0.4759757,-0.5426397,0.8262967,0.5207469,-0.8167425,0.7482545,0.6190596,-0.3592218,1.331885,0.6293538,-1.227279,0.6185766,0.7162497,True,0,1,19
6/25/2025 12:13:17 PM,1750846397029,Right,-0.5698187,0.9048057,0.4759684,-0.930221,0.949827,0.4526522,-0.5475051,0.8222428,0.514193,-0.8364705,0.7435533,0.5908155,-0.3732382,1.321635,0.6228911,-1.245379,0.6127552,0.652711,True,0,1,19
6/25/2025 12:13:17 PM,1750846397043,Right,-0.5702915,0.903241,0.4726345,-0.9357452,0.9498944,0.4391538,-0.5495667,0.8203303,0.5107906,-0.8462734,0.74236,0.5785858,-0.3800185,1.316786,0.6192434,-1.252041,0.6125655,0.6268234,True,0,1,19
6/25/2025 12:13:17 PM,1750846397070,Right,-0.5708829,0.8992437,0.4665189,-0.9436333,0.9479084,0.4164516,-0.5531108,0.8153611,0.5050828,-0.8616102,0.7380906,0.5560384,-0.3928633,1.306085,0.6126072,-1.260655,0.6069537,0.5828467,True,0,1,19
6/25/2025 12:13:17 PM,1750846397085,Right,-0.5709273,0.8964265,0.4641528,-0.9470032,0.944522,0.4069537,-0.5546216,0.8124699,0.5025507,-0.8682424,0.7359396,0.5456797,-0.3989259,1.301325,0.6086916,-1.263871,0.6044542,0.5641575,True,0,1,19
6/25/2025 12:13:17 PM,1750846397098,Right,-0.5710266,0.8933846,0.4624717,-0.9495717,0.941715,0.3981211,-0.5558842,0.8092711,0.5008075,-0.8737375,0.7334625,0.5366313,-0.4044158,1.296419,0.6053418,-1.266202,0.6012733,0.5486131,True,0,1,19
6/25/2025 12:13:17 PM,1750846397127,Right,-0.5710124,0.8870246,0.4600375,-0.9540363,0.9359899,0.381501,-0.5585005,0.8031248,0.4975522,-0.8841418,0.7283543,0.5180259,-0.4141548,1.287996,0.5986612,-1.270958,0.5976179,0.5140439,True,0,1,19
6/25/2025 12:13:17 PM,1750846397140,Right,-0.5709482,0.8836393,0.4593726,-0.9558726,0.9327064,0.3744074,-0.5596064,0.7999958,0.4966562,-0.8884749,0.7256986,0.5099359,-0.4181284,1.284499,0.5965928,-1.272708,0.5960759,0.4983119,False,0,1,19
6/25/2025 12:13:17 PM,1750846397168,Right,-0.5708724,0.8769088,0.4581887,-0.9587467,0.9260463,0.3623258,-0.5646697,0.8033257,0.4987913,-0.9204541,0.7357136,0.4977432,-0.4251682,1.27811,0.5940287,-1.284201,0.6264205,0.4659449,False,0,1,19
6/25/2025 12:13:17 PM,1750846397182,Right,-0.5709322,0.8732301,0.4573592,-0.9595363,0.9206344,0.3577455,-0.565426,0.800081,0.4981697,-0.9233835,0.7378086,0.4890218,-0.4281782,1.275058,0.5933404,-1.28678,0.6349682,0.4483094,False,0,1,19
6/25/2025 12:13:17 PM,1750846397209,Right,-0.5710126,0.8661835,0.4546396,-0.9613254,0.9093371,0.3491203,-0.5664923,0.7935628,0.4959882,-0.9275804,0.7425602,0.4663063,-0.4322689,1.270756,0.5926733,-1.288833,0.6520485,0.4048916,False,0,1,19
6/25/2025 12:13:17 PM,1750846397223,Right,-0.5711198,0.8625419,0.4525947,-0.9618754,0.9016038,0.345093,-0.5669548,0.7912015,0.4943246,-0.9279839,0.74535,0.4525899,-0.4338926,1.269018,0.5926816,-1.287829,0.6602923,0.3789834,False,0,1,19
6/25/2025 12:13:17 PM,1750846397237,Right,-0.5713723,0.8597957,0.4504774,-0.9621841,0.8948091,0.3418796,-0.5675643,0.7883776,0.4928519,-0.927493,0.7467453,0.4365921,-0.4353478,1.267906,0.5933611,-1.284708,0.6661692,0.3483893,False,0,1,19
6/25/2025 12:13:17 PM,1750846397265,Right,-0.5719951,0.8560677,0.4466689,-0.9624919,0.884241,0.3356112,-0.5684081,0.7862211,0.4891477,-0.9250414,0.7397432,0.4198757,-0.4387654,1.266208,0.59487,-1.278156,0.6534452,0.3196532,False,0,1,19
6/25/2025 12:13:17 PM,1750846397279,Right,-0.5725089,0.8543756,0.4445884,-0.9628154,0.879236,0.3321826,-0.5690722,0.7850164,0.4875941,-0.9247085,0.7352042,0.4156891,-0.4403869,1.265343,0.5956216,-1.276372,0.6447768,0.3139292,False,0,1,19
6/25/2025 12:13:17 PM,1750846397307,Right,-0.5740171,0.8531299,0.4400778,-0.9635004,0.8708724,0.3255729,-0.5707648,0.7850672,0.4839518,-0.924188,0.7271545,0.4098444,-0.4433808,1.263648,0.5970341,-1.273783,0.6265224,0.308653,False,0,1,19
6/25/2025 12:13:17 PM,1750846397321,Right,-0.5745547,0.8526642,0.43761,-0.9639196,0.866863,0.3219984,-0.5717893,0.7858933,0.4825768,-0.9240822,0.7242191,0.4059224,-0.4447504,1.262769,0.5974959,-1.271988,0.618837,0.3039332,False,0,1,19
6/25/2025 12:13:17 PM,1750846397348,Right,-0.5762255,0.8544993,0.4334261,-0.9656425,0.8605626,0.3140968,-0.5741738,0.7872275,0.4796317,-0.9249779,0.7193307,0.3977859,-0.4469566,1.260971,0.5980229,-1.26928,0.6059464,0.2950659,False,0,1,19
6/25/2025 12:13:17 PM,1750846397362,Right,-0.5771887,0.8555614,0.4318657,-0.9663748,0.8578662,0.3104938,-0.5753843,0.7876641,0.4782287,-0.9253699,0.7170888,0.3937289,-0.4478613,1.260075,0.598008,-1.267831,0.6009064,0.2891798,False,0,1,19
6/25/2025 12:13:17 PM,1750846397390,Right,-0.579623,0.8580588,0.4310188,-0.9677691,0.8552237,0.3059566,-0.577782,0.788602,0.4772064,-0.9262801,0.7141434,0.3894215,-0.4491091,1.258267,0.5975984,-1.266273,0.594394,0.2813387,False,0,1,19
6/25/2025 12:13:17 PM,1750846397404,Right,-0.5807883,0.8590001,0.430615,-0.9683749,0.853998,0.3038324,-0.5788279,0.788824,0.4764884,-0.9264573,0.712312,0.3869453,-0.4494954,1.257566,0.5972304,-1.265126,0.5907052,0.2768789,False,0,1,19
6/25/2025 12:13:17 PM,1750846397432,Right,-0.5830188,0.8597662,0.4303727,-0.9690582,0.8536157,0.3021345,-0.5806184,0.7892646,0.4758681,-0.9272604,0.7121887,0.3864934,-0.4501283,1.25664,0.5965687,-1.266301,0.5902445,0.2750421,False,0,1,19
6/25/2025 12:13:17 PM,1750846397446,Right,-0.5838112,0.8596224,0.4300589,-0.9693828,0.8534943,0.3012587,-0.5812879,0.7890802,0.4752904,-0.9272555,0.7106128,0.3855642,-0.4503359,1.256401,0.5962888,-1.265877,0.5872558,0.2735362,False,0,1,19
6/25/2025 12:13:17 PM,1750846397460,Right,-0.5841427,0.8586511,0.4292781,-0.9699117,0.853985,0.3000644,-0.5815973,0.7885944,0.4741697,-0.9278029,0.710073,0.3843817,-0.4503243,1.256254,0.5960405,-1.26614,0.5869446,0.2720827,False,0,1,19
6/25/2025 12:13:17 PM,1750846397487,Right,-0.5847949,0.8567594,0.4276689,-0.9695832,0.8557856,0.2988451,-0.5826047,0.7875101,0.4729565,-0.9285914,0.711148,0.3843424,-0.4499502,1.256122,0.5957921,-1.268745,0.5900459,0.2721603,False,0,1,19
6/25/2025 12:13:17 PM,1750846397501,Right,-0.5846798,0.8552132,0.4266351,-0.9698715,0.8576302,0.2984645,-0.5825533,0.7862921,0.471679,-0.9292929,0.7119573,0.3836859,-0.4495167,1.256447,0.5957142,-1.27019,0.5930842,0.2718624,False,0,1,19
6/25/2025 12:13:17 PM,1750846397529,Right,-0.5845029,0.852643,0.4242986,-0.9703615,0.8604538,0.2975085,-0.5826188,0.7838116,0.4693643,-0.9313138,0.7159151,0.3829433,-0.4492987,1.256575,0.5956513,-1.27452,0.6040663,0.2717161,False,0,1,19
6/25/2025 12:13:17 PM,1750846397542,Right,-0.5843074,0.8511925,0.4233178,-0.9704471,0.8618361,0.2974287,-0.5823056,0.7825096,0.4681467,-0.9320134,0.7180397,0.3830189,-0.4478191,1.258191,0.5965538,-1.276584,0.6099738,0.2724204,False,0,1,19
6/25/2025 12:13:17 PM,1750846397571,Right,-0.5840795,0.849124,0.4224128,-0.9702594,0.8630468,0.2983105,-0.5816632,0.7801889,0.4666306,-0.9324317,0.7202433,0.3841318,-0.4457499,1.258956,0.5974509,-1.279245,0.6177248,0.2740543,False,0,1,19
6/25/2025 12:13:17 PM,1750846397584,Right,-0.5840378,0.8486234,0.4227141,-0.9701841,0.8636041,0.2994753,-0.5806926,0.7786506,0.4656793,-0.9319748,0.7205907,0.3850501,-0.4445966,1.259149,0.5981842,-1.279988,0.6205538,0.2757026,False,0,1,19
6/25/2025 12:13:17 PM,1750846397598,Right,-0.5839072,0.8484263,0.4237276,-0.9698296,0.8640133,0.3014886,-0.5794882,0.7756231,0.464024,-0.9313477,0.7199615,0.3862275,-0.4434351,1.259241,0.5988953,-1.281145,0.6230322,0.2782971,False,0,1,19
6/25/2025 12:13:17 PM,1750846397626,Right,-0.5832387,0.8485441,0.4267135,-0.968737,0.8646875,0.3074328,-0.577563,0.7725661,0.4648918,-0.9303921,0.7211202,0.3942215,-0.4409717,1.259242,0.600557,-1.284196,0.6301693,0.2902705,False,0,1,19
6/25/2025 12:13:17 PM,1750846397640,Right,-0.5821516,0.8485864,0.4289544,-0.9679264,0.8651607,0.3118335,-0.5759194,0.770091,0.4656926,-0.9294243,0.7206903,0.3986768,-0.4394941,1.259098,0.6014842,-1.284989,0.632983,0.2968099,False,0,1,19
6/25/2025 12:13:17 PM,1750846397668,Right,-0.5785041,0.8487128,0.4342267,-0.9665935,0.8655812,0.3210658,-0.5709676,0.7663358,0.467522,-0.9268643,0.7208392,0.405468,-0.4366304,1.258562,0.6032084,-1.283759,0.6405788,0.3056143,False,0,1,19
6/25/2025 12:13:17 PM,1750846397682,Right,-0.5755699,0.8488311,0.4374455,-0.9652766,0.8658637,0.3275996,-0.5670652,0.7639039,0.4676449,-0.9244005,0.720299,0.4092568,-0.4349128,1.258007,0.6039764,-1.282166,0.6439072,0.3116564,False,0,1,19
6/25/2025 12:13:17 PM,1750846397709,Right,-0.5677417,0.8474568,0.4435891,-0.9625404,0.8655348,0.3412157,-0.5583944,0.7598164,0.4701848,-0.9204472,0.7224545,0.420536,-0.4314573,1.25748,0.6063329,-1.27929,0.6574312,0.3290218,False,0,1,19
6/25/2025 12:13:17 PM,1750846397723,Right,-0.5618076,0.8459561,0.4459265,-0.9604059,0.8647972,0.3502064,-0.5524359,0.7576993,0.4706479,-0.9174178,0.7237545,0.4263427,-0.4296187,1.257341,0.608218,-1.27644,0.6650898,0.3389586,False,0,1,19
6/25/2025 12:13:17 PM,1750846397752,Right,-0.5491737,0.8432111,0.4521219,-0.9559368,0.8638197,0.3688472,-0.5394216,0.7539575,0.4727453,-0.9108465,0.7275532,0.4383812,-0.425084,1.257405,0.612148,-1.268859,0.683355,0.358567,False,0,1,19
6/25/2025 12:13:17 PM,1750846397765,Right,-0.5417793,0.8412262,0.4557652,-0.9527133,0.8625208,0.3799771,-0.5312451,0.7517322,0.4722358,-0.905853,0.7280667,0.4442101,-0.4225296,1.25751,0.6140645,-1.263236,0.6905336,0.3695495,False,0,1,19
6/25/2025 12:13:17 PM,1750846397779,Right,-0.5343181,0.8385193,0.4596995,-0.9487483,0.8608388,0.3915707,-0.5228899,0.7493197,0.4722181,-0.9000483,0.7283532,0.4505771,-0.4192568,1.25776,0.616816,-1.257146,0.6975381,0.3811853,False,0,1,19
6/25/2025 12:13:17 PM,1750846397806,Right,-0.5171436,0.8308263,0.4689051,-0.9360783,0.8515835,0.4170784,-0.5043734,0.7432841,0.4723613,-0.8841065,0.7231807,0.4672191,-0.4122438,1.258024,0.6238718,-1.242477,0.7019385,0.4124113,False,0,1,19
6/25/2025 12:13:17 PM,1750846397821,Right,-0.5079621,0.8265136,0.4740779,-0.9284497,0.8468385,0.4308933,-0.4947158,0.7392247,0.4731735,-0.8750124,0.7193722,0.4772837,-0.4081146,1.258052,0.6280019,-1.234326,0.7029344,0.4312166,False,0,1,19
6/25/2025 12:13:17 PM,1750846397849,Right,-0.4855823,0.8153737,0.4868005,-0.9066736,0.8314258,0.4629051,-0.4720141,0.731827,0.4750004,-0.850445,0.710034,0.5004337,-0.3976794,1.257349,0.6375357,-1.21308,0.7014872,0.4761894,False,0,1,19
6/25/2025 12:13:17 PM,1750846397862,Right,-0.473568,0.8090268,0.493126,-0.8938376,0.8222349,0.4797297,-0.459932,0.7269285,0.4773146,-0.8360635,0.7024795,0.5140296,-0.3912878,1.25684,0.6430545,-1.200559,0.696233,0.5024053,False,0,1,19
6/25/2025 12:13:17 PM,1750846397890,Right,-0.4450645,0.7933619,0.5054361,-0.8636609,0.8000091,0.5151591,-0.4316395,0.7209036,0.4832751,-0.8022007,0.6892759,0.5448576,-0.377278,1.254808,0.6544201,-1.168186,0.6858209,0.5630832,False,0,1,19
6/25/2025 12:13:17 PM,1750846397904,Right,-0.4299963,0.7851608,0.5129137,-0.8471107,0.7881453,0.533059,-0.4171711,0.715507,0.484572,-0.7839562,0.6791125,0.5587106,-0.3694178,1.253486,0.660558,-1.149772,0.6753024,0.5931025,False,0,1,19
6/25/2025 12:13:17 PM,1750846397918,Right,-0.4114751,0.7784842,0.5201017,-0.8284773,0.7758174,0.551594,-0.4015761,0.7085542,0.4839559,-0.7652544,0.6684597,0.5725325,-0.3613955,1.252015,0.6669995,-1.128438,0.6653014,0.6250268,False,0,1,19
6/25/2025 12:13:17 PM,1750846397946,Right,-0.374847,0.7645378,0.5255728,-0.7880923,0.7499642,0.5868064,-0.3691443,0.6986964,0.4846162,-0.7228476,0.6486104,0.6027689,-0.3433088,1.248067,0.6788559,-1.079301,0.639931,0.6903458,False,0,1,19
6/25/2025 12:13:17 PM,1750846397960,Right,-0.353819,0.7577187,0.5251188,-0.7648174,0.7348717,0.6044446,-0.3519487,0.6955399,0.4844659,-0.700515,0.6395046,0.6175235,-0.3341092,1.245962,0.6846484,-1.051365,0.6265768,0.7214485,False,0,1,19
6/25/2025 12:13:17 PM,1750846397987,Right,-0.3136849,0.744092,0.5229632,-0.7159261,0.7020633,0.6367362,-0.3174919,0.69178,0.4799991,-0.6528821,0.6196617,0.6390108,-0.3147153,1.240644,0.6955166,-0.9917874,0.5935793,0.7728852,False,0,1,19
6/25/2025 12:13:18 PM,1750846398001,Right,-0.2921055,0.7398722,0.5202727,-0.689287,0.6850265,0.6506982,-0.3011362,0.691961,0.4751357,-0.6304387,0.6118093,0.6456902,-0.304844,1.237733,0.7009333,-0.962068,0.5793579,0.7922949,False,0,1,19
6/25/2025 12:13:18 PM,1750846398029,Right,-0.2527493,0.732619,0.5069304,-0.6329678,0.6494631,0.6743217,-0.2693187,0.6892136,0.4645169,-0.5825371,0.5898138,0.657773,-0.285663,1.230937,0.7116287,-0.8971682,0.5412529,0.8305945,False,0,1,19
6/25/2025 12:13:18 PM,1750846398043,Right,-0.2338471,0.7319731,0.4996609,-0.6013051,0.6334611,0.6841161,-0.2540238,0.6892467,0.4574035,-0.5566791,0.5802968,0.6605697,-0.2764586,1.226885,0.7165824,-0.8627938,0.5227802,0.8470035,False,0,1,19
6/25/2025 12:13:18 PM,1750846398071,Right,-0.1986135,0.7299755,0.4846517,-0.5423675,0.600744,0.696668,-0.2278403,0.6907674,0.4400797,-0.5070661,0.5591011,0.6643289,-0.2589089,1.217143,0.7259459,-0.7890719,0.4813058,0.8773955,False,0,1,19
6/25/2025 12:13:18 PM,1750846398085,Right,-0.184146,0.7302839,0.4717883,-0.508923,0.5868758,0.6979555,-0.2163651,0.6921725,0.4310242,-0.4801995,0.5503579,0.6629661,-0.2503244,1.211414,0.7307383,-0.7507662,0.4609546,0.8904302,False,0,1,19
6/25/2025 12:13:18 PM,1750846398098,Right,-0.1718815,0.7316284,0.4599066,-0.4782712,0.5730309,0.6987587,-0.2079722,0.6938276,0.4216123,-0.4557329,0.5413351,0.6623781,-0.2418581,1.20461,0.7360861,-0.7115448,0.4404958,0.9036266,False,0,1,19
6/25/2025 12:13:18 PM,1750846398126,Right,-0.1515281,0.7348586,0.4356892,-0.4193879,0.548746,0.7000008,-0.1937039,0.697685,0.406047,-0.4073338,0.5212548,0.6627944,-0.2247151,1.189003,0.7464409,-0.6281481,0.3962471,0.9261371,False,0,1,19
6/25/2025 12:13:18 PM,1750846398140,Right,-0.1441177,0.7383985,0.4248358,-0.3914313,0.5392913,0.7004581,-0.1892339,0.6990489,0.3981367,-0.3842983,0.5118625,0.6627131,-0.2164022,1.179902,0.7505867,-0.5856249,0.3763114,0.9355515,False,0,1,19
6/25/2025 12:13:18 PM,1750846398168,Right,-0.132084,0.7424544,0.4054599,-0.3370256,0.518917,0.6969568,-0.1822931,0.6998724,0.3851694,-0.3345786,0.4899268,0.6607995,-0.2007385,1.160005,0.7577615,-0.492332,0.3309669,0.9489821,False,0,1,19
6/25/2025 12:13:18 PM,1750846398182,Right,-0.1270082,0.7435796,0.3976351,-0.3105627,0.5101165,0.6944443,-0.1801078,0.6993058,0.3807742,-0.3088518,0.4806368,0.6606652,-0.1931959,1.149383,0.7610486,-0.4435408,0.3117594,0.955675,False,0,1,19
6/25/2025 12:13:18 PM,1750846398209,Right,-0.1171461,0.7437743,0.3849176,-0.2615339,0.4928901,0.689213,-0.1752357,0.6954169,0.3741256,-0.2683251,0.4622593,0.6565578,-0.1789087,1.127795,0.7671978,-0.3663923,0.2781725,0.9567629,False,0,1,19
6/25/2025 12:13:18 PM,1750846398223,Right,-0.1127417,0.7435437,0.379938,-0.2377588,0.4853411,0.6868458,-0.1731248,0.6924016,0.3728583,-0.2488985,0.4542993,0.6564876,-0.1722255,1.116944,0.7700236,-0.3291512,0.2651005,0.9586651,False,0,1,19
6/25/2025 12:13:18 PM,1750846398252,Right,-0.1072981,0.7410414,0.3720386,-0.1948563,0.46962,0.6826262,-0.1710875,0.685311,0.3716165,-0.2162123,0.4367809,0.654671,-0.159415,1.095575,0.7748981,-0.2641447,0.238307,0.9561059,False,0,1,19
6/25/2025 12:13:18 PM,1750846398265,Right,-0.1055876,0.7365082,0.3703139,-0.1753114,0.4618442,0.6814826,-0.1717385,0.6797745,0.3730498,-0.200391,0.4289961,0.6553568,-0.1531211,1.085284,0.7771685,-0.2314676,0.2271945,0.9576043,False,0,1,19
6/25/2025 12:13:18 PM,1750846398279,Right,-0.1032067,0.7316828,0.3693452,-0.1572147,0.4543357,0.6809273,-0.1707564,0.6743146,0.3747011,-0.1860116,0.4189822,0.6536756,-0.1469201,1.075215,0.7792213,-0.2028922,0.2120106,0.9537887,False,0,1,19
6/25/2025 12:13:18 PM,1750846398307,Right,-0.09997229,0.7179387,0.3726076,-0.1269144,0.4396107,0.6848673,-0.1696113,0.6614099,0.382053,-0.1602936,0.4066508,0.660085,-0.1353146,1.056927,0.7814658,-0.1510372,0.1985055,0.9612547,False,0,1,19
6/25/2025 12:13:18 PM,1750846398321,Right,-0.09925517,0.7098131,0.3749383,-0.1130813,0.4309488,0.6881851,-0.1692846,0.653334,0.3864483,-0.1495916,0.3958017,0.6618856,-0.129032,1.047843,0.7825792,-0.1290438,0.1851879,0.9603125,False,0,1,19
6/25/2025 12:13:18 PM,1750846398349,Right,-0.1020933,0.6907899,0.3859776,-0.08966534,0.4146091,0.6997005,-0.1707058,0.6343029,0.3999652,-0.1301901,0.3808295,0.6751755,-0.1161765,1.031412,0.7844913,-0.0873694,0.1728416,0.9746031,False,0,1,19
6/25/2025 12:13:18 PM,1750846398362,Right,-0.1036587,0.6808439,0.3934007,-0.07814005,0.4062261,0.7059847,-0.1714376,0.6240244,0.4087911,-0.121394,0.369585,0.6799386,-0.1094792,1.024007,0.7858317,-0.0680068,0.1589099,0.9771842,False,0,1,19
6/25/2025 12:13:18 PM,1750846398390,Right,-0.1063645,0.6606202,0.4168597,-0.06030612,0.3926271,0.7261776,-0.17171,0.6046271,0.431993,-0.1068286,0.356626,0.699837,-0.09720469,1.009799,0.7879026,-0.03710575,0.1467333,0.9997211,False,0,1,19
6/25/2025 12:13:18 PM,1750846398404,Right,-0.1088682,0.6502175,0.4302123,-0.05248289,0.3847628,0.737913,-0.1746441,0.5962281,0.4452068,-0.1030361,0.3480855,0.7092111,-0.09177089,1.003316,0.78773,-0.02567026,0.1359828,1.007418,False,0,1,19
6/25/2025 12:13:18 PM,1750846398418,Right,-0.1127054,0.63989,0.4452432,-0.04665558,0.377557,0.753453,-0.1752828,0.5855931,0.4594145,-0.0959975,0.3399288,0.7232436,-0.0865196,0.996791,0.7877564,-0.01032822,0.1302958,1.021192,False,0,1,19
6/25/2025 12:13:18 PM,1750846398445,Right,-0.1157695,0.6201923,0.4745264,-0.03687669,0.3665275,0.7837215,-0.1780519,0.5661715,0.4877029,-0.08871073,0.3256331,0.7499743,-0.07733095,0.9849699,0.7882364,0.009477317,0.1187206,1.048702,True,0,1,20
6/25/2025 12:13:18 PM,1750846398459,Right,-0.1165007,0.6110877,0.4916952,-0.03318707,0.3617691,0.8003572,-0.1777789,0.561663,0.4924348,-0.09616467,0.3357138,0.7396092,-0.07339466,0.9794601,0.7888839,0.004535094,0.1142536,1.055184,True,0,1,20
6/25/2025 12:13:18 PM,1750846398487,Right,-0.1112631,0.5960595,0.5258487,-0.02776781,0.3543196,0.8334718,-0.176705,0.552156,0.5066539,-0.09494939,0.3312386,0.7520737,-0.06601596,0.9700352,0.790211,0.008302048,0.109525,1.072295,True,0,1,20
6/25/2025 12:13:18 PM,1750846398501,Right,-0.1129285,0.5907429,0.5440735,-0.02680525,0.351559,0.8509691,-0.1762345,0.5475249,0.5154987,-0.09477326,0.329231,0.7615099,-0.06294692,0.9659421,0.7909927,0.008541822,0.1089341,1.084354,True,0,1,20
6/25/2025 12:13:18 PM,1750846398529,Right,-0.1125858,0.5819795,0.5763857,-0.02844516,0.3467589,0.8797029,-0.1754578,0.5372882,0.5380108,-0.09451481,0.3236935,0.7818783,-0.0580374,0.95854,0.7924426,0.01069865,0.1026098,1.109413,True,0,1,20
6/25/2025 12:13:18 PM,1750846398543,Right,-0.1107716,0.5789921,0.5917475,-0.02981227,0.3454115,0.894937,-0.175087,0.5324984,0.5502314,-0.09608546,0.3205722,0.794131,-0.0563246,0.9556727,0.7932575,0.007168427,0.0994691,1.124138,True,0,1,20
6/25/2025 12:13:18 PM,1750846398571,Right,-0.1100302,0.5768967,0.6208495,-0.0353609,0.3399781,0.9233984,-0.1741676,0.5228066,0.5805668,-0.0976674,0.3113258,0.8258271,-0.05416834,0.9513426,0.7951329,0.002241135,0.09102902,1.157237,True,0,1,20
6/25/2025 12:13:18 PM,1750846398584,Right,-0.1092942,0.5775923,0.6332202,-0.04080983,0.3371287,0.9369407,-0.1737634,0.5188611,0.5968738,-0.09744534,0.306383,0.8434792,-0.05337906,0.9501671,0.796983,0.001434639,0.08710876,1.173932,True,0,1,20
6/25/2025 12:13:18 PM,1750846398598,Right,-0.1091962,0.5780885,0.6457519,-0.04679823,0.3367093,0.951928,-0.1733696,0.5152904,0.6155301,-0.09799603,0.3021578,0.8633409,-0.05335248,0.9495652,0.7997828,-0.0009042174,0.08363256,1.193481,True,0,1,20
6/25/2025 12:13:18 PM,1750846398626,Right,-0.1081663,0.5794696,0.6631056,-0.05716131,0.3393975,0.9736018,-0.172071,0.5116715,0.6574996,-0.1008636,0.2978651,0.9072233,-0.05446088,0.9497945,0.8058264,-0.00901629,0.07986358,1.238064,True,0,1,20
6/25/2025 12:13:18 PM,1750846398639,Right,-0.1094033,0.5804551,0.6710602,-0.06415623,0.3398623,0.9831538,-0.1717478,0.5130239,0.666236,-0.102906,0.2987215,0.9171884,-0.05607176,0.9514252,0.8089633,-0.01423064,0.08116284,1.248288,True,0,1,20
6/25/2025 12:13:18 PM,1750846398668,Right,-0.1089349,0.5823101,0.6848228,-0.07875517,0.34171,0.99949,-0.1712573,0.5154581,0.6780621,-0.1101675,0.3005717,0.9312424,-0.06093955,0.9555671,0.8156579,-0.03086895,0.08307052,1.264093,True,0,1,20
6/25/2025 12:13:18 PM,1750846398682,Right,-0.1110999,0.5835894,0.6900526,-0.08793522,0.3426026,1.00483,-0.173852,0.5152563,0.6810851,-0.1173571,0.30056,0.9353287,-0.06329978,0.9583684,0.8197095,-0.04358472,0.08313465,1.269644,True,0,1,20
6/25/2025 12:13:18 PM,1750846398709,Right,-0.1138296,0.5861453,0.6991921,-0.1049487,0.3444521,1.016996,-0.1790147,0.5187099,0.6876658,-0.1337471,0.3031482,0.9458802,-0.06800926,0.9654066,0.8283646,-0.07442383,0.08733222,1.281866,True,0,1,20
6/25/2025 12:13:18 PM,1750846398724,Right,-0.1157084,0.5883128,0.7031686,-0.1156052,0.3466738,1.020192,-0.1810068,0.5201935,0.6893004,-0.1422186,0.3055002,0.9485266,-0.07115471,0.969409,0.8329787,-0.09080241,0.08996189,1.286681,True,0,1,20
6/25/2025 12:13:18 PM,1750846398751,Right,-0.1242813,0.5902814,0.7091515,-0.1371602,0.3504715,1.026281,-0.1846927,0.5225486,0.6920982,-0.161179,0.3101229,0.9541332,-0.07934809,0.9781576,0.8422782,-0.1289483,0.0965544,1.296682,True,0,1,20
6/25/2025 12:13:18 PM,1750846398765,Right,-0.126379,0.593492,0.7097849,-0.1495275,0.3525706,1.028608,-0.1872906,0.5238385,0.6922736,-0.171549,0.3119063,0.9578766,-0.08430648,0.9833049,0.8468807,-0.149514,0.1018768,1.30106,True,0,1,20
6/25/2025 12:13:18 PM,1750846398779,Right,-0.1291909,0.5979155,0.710375,-0.1617981,0.3546113,1.03085,-0.1911663,0.5254911,0.6920497,-0.1798232,0.3129689,0.9610286,-0.08891356,0.9882592,0.8514616,-0.1641388,0.1062116,1.303257,True,0,1,20
6/25/2025 12:13:18 PM,1750846398807,Right,-0.1411111,0.5957749,0.7110971,-0.1879016,0.3595729,1.033302,-0.1994626,0.5300964,0.6907496,-0.1985345,0.3210587,0.961234,-0.1018232,1.000204,0.8611896,-0.1971314,0.1171522,1.306844,True,0,1,20
6/25/2025 12:13:18 PM,1750846398820,Right,-0.1456166,0.5975537,0.71056,-0.2010079,0.3614885,1.034813,-0.2036378,0.5304422,0.6888574,-0.2085351,0.3220158,0.9625261,-0.1082091,1.006138,0.865927,-0.2151192,0.1219071,1.307782,True,0,1,20
6/25/2025 12:13:18 PM,1750846398849,Right,-0.1535895,0.6021919,0.7089404,-0.2266441,0.3644309,1.037433,-0.2124863,0.5325568,0.6848659,-0.2312003,0.3260502,0.9668292,-0.1227455,1.018871,0.874826,-0.2560555,0.1362755,1.310296,True,0,1,20
6/25/2025 12:13:18 PM,1750846398862,Right,-0.1594174,0.6054528,0.7087116,-0.2139369,0.3676974,1.033682,-0.218781,0.5344142,0.6827258,-0.2453981,0.3332289,0.9620533,-0.1307262,1.025603,0.8788226,-0.2816417,0.1437751,1.310061,True,0,1,20
6/25/2025 12:13:18 PM,1750846398890,Right,-0.1760074,0.6136019,0.7104584,-0.2808057,0.391915,1.034008,-0.2270997,0.5433478,0.6829197,-0.2709917,0.3463404,0.9627123,-0.1472069,1.039642,0.8865559,-0.3309475,0.1615852,1.310274,True,0,1,20
6/25/2025 12:13:18 PM,1750846398904,Right,-0.1845832,0.6184444,0.711213,-0.2993666,0.3968189,1.033672,-0.2323849,0.5470874,0.6827421,-0.2827233,0.3505186,0.9636008,-0.1552438,1.046682,0.8901832,-0.3517728,0.1680392,1.308976,True,0,1,20
6/25/2025 12:13:18 PM,1750846398918,Right,-0.1935177,0.6229068,0.7125894,-0.3165822,0.4069136,1.031697,-0.2385409,0.5506632,0.6827939,-0.2952668,0.3570006,0.9611893,-0.1641322,1.053905,0.8931363,-0.3747362,0.1745484,1.307365,True,0,1,20
6/25/2025 12:13:18 PM,1750846398946,Right,-0.2120371,0.633692,0.7162467,-0.3577015,0.4125457,1.027049,-0.2520049,0.558544,0.6827956,-0.3246486,0.3672779,0.9630035,-0.182529,1.068079,0.8976104,-0.4256904,0.1910044,1.303157,True,0,1,20
6/25/2025 12:13:18 PM,1750846398960,Right,-0.2216295,0.640084,0.7185576,-0.3791011,0.4205607,1.025093,-0.2585504,0.5640615,0.6841009,-0.3395329,0.3747012,0.963634,-0.1925598,1.075405,0.8985307,-0.4521733,0.200635,1.300973,True,0,1,20
6/25/2025 12:13:18 PM,1750846398987,Right,-0.2415846,0.6523454,0.7229577,-0.422217,0.4382978,1.021989,-0.2731268,0.5763445,0.6868066,-0.3736116,0.3903831,0.9634483,-0.2126836,1.090291,0.8998497,-0.5125028,0.2203764,1.291857,True,0,1,20
6/25/2025 12:13:19 PM,1750846399002,Right,-0.2517108,0.6598249,0.7264119,-0.4454381,0.4484915,1.019364,-0.2828477,0.5818307,0.6871885,-0.3935881,0.3981526,0.9616435,-0.2235068,1.098206,0.9000084,-0.5460798,0.2303774,1.284926,True,0,1,20
6/25/2025 12:13:19 PM,1750846399029,Right,-0.272539,0.6732945,0.731738,-0.4927354,0.4684875,1.013265,-0.3002172,0.5945966,0.6904991,-0.4339664,0.4149812,0.9594935,-0.24591,1.113409,0.8990285,-0.6129903,0.2533664,1.270012,True,0,1,20
6/25/2025 12:13:19 PM,1750846399043,Right,-0.2836911,0.6812767,0.7352896,-0.517462,0.4800026,1.008269,-0.3094955,0.6004677,0.6923867,-0.4543914,0.4234216,0.9572995,-0.2575439,1.120961,0.8970072,-0.64642,0.2646781,1.261445,True,0,1,20
6/25/2025 12:13:19 PM,1750846399071,Right,-0.3089025,0.6961638,0.7399927,-0.5671698,0.5038919,0.9958344,-0.3275002,0.6125205,0.69631,-0.4916628,0.4400089,0.9520888,-0.2816545,1.136626,0.891022,-0.7075145,0.2850207,1.2426,True,0,1,20
6/25/2025 12:13:19 PM,1750846399084,Right,-0.3239484,0.7024977,0.7424271,-0.5928498,0.5173472,0.9869993,-0.3374209,0.6197965,0.6970381,-0.509266,0.4502417,0.9459217,-0.2936138,1.144925,0.8876688,-0.7374324,0.2951875,1.23063,True,0,1,20
6/25/2025 12:13:19 PM,1750846399098,Right,-0.3394756,0.7113507,0.743261,-0.6185613,0.5308,0.9775183,-0.3485735,0.6274637,0.6974691,-0.5294716,0.4609977,0.9404398,-0.3057281,1.15313,0.8839676,-0.7697235,0.3078617,1.217649,True,0,1,20
6/25/2025 12:13:19 PM,1750846399127,Right,-0.3696395,0.7313356,0.7390468,-0.6685831,0.5579811,0.9554756,-0.3690457,0.6409225,0.6975915,-0.5705999,0.4795654,0.92865,-0.3303531,1.16765,0.8739941,-0.8338048,0.3323883,1.186371,True,0,1,20
6/25/2025 12:13:19 PM,1750846399140,Right,-0.3846157,0.7430192,0.7374649,-0.6944345,0.5733916,0.9437702,-0.3803535,0.6486465,0.6974769,-0.5927993,0.4897457,0.9220028,-0.3429546,1.174158,0.8672488,-0.867018,0.3459325,1.168244,True,0,1,20
6/25/2025 12:13:19 PM,1750846399168,Right,-0.4141911,0.7628964,0.7308638,-0.7456865,0.6042484,0.918163,-0.4057851,0.6652468,0.6951396,-0.6413675,0.5106035,0.9033905,-0.3681341,1.186144,0.8526433,-0.9374186,0.372701,1.121617,True,0,1,20
6/25/2025 12:13:19 PM,1750846399182,Right,-0.4290956,0.7732691,0.7261023,-0.7693967,0.620262,0.9017128,-0.4173809,0.6740893,0.6948667,-0.6627001,0.5225025,0.8938693,-0.3807894,1.19116,0.8442235,-0.9693363,0.3867257,1.098435,True,0,1,20
6/25/2025 12:13:19 PM,1750846399210,Right,-0.4585223,0.7930702,0.7113087,-0.8153948,0.6497262,0.8685729,-0.4418363,0.6890892,0.6910257,-0.706426,0.5419643,0.8725434,-0.4056584,1.19937,0.8256106,-1.029217,0.4099633,1.047639,True,0,1,20
6/25/2025 12:13:19 PM,1750846399224,Right,-0.4723462,0.8036215,0.7028458,-0.8361172,0.6661882,0.8487705,-0.4542291,0.696459,0.6877198,-0.7272968,0.553134,0.8593279,-0.4176637,1.202258,0.8145392,-1.058399,0.4230801,1.019898,True,0,1,20
6/25/2025 12:13:19 PM,1750846399252,Right,-0.4979699,0.820398,0.6825668,-0.8748234,0.6966104,0.8077283,-0.4795315,0.7126986,0.6779684,-0.7658515,0.5732083,0.8311622,-0.440745,1.208527,0.7895322,-1.107969,0.4416131,0.9637641,True,0,1,20
6/25/2025 12:13:19 PM,1750846399265,Right,-0.5095513,0.8284841,0.669724,-0.8922486,0.7126256,0.7847919,-0.4915491,0.7198758,0.671706,-0.7845517,0.5842098,0.8157519,-0.451259,1.211776,0.7784846,-1.131755,0.4535049,0.9349234,True,0,1,20
6/25/2025 12:13:19 PM,1750846399279,Right,-0.5208189,0.8363773,0.6568967,-0.9097255,0.7272242,0.7619658,-0.503179,0.7262483,0.6649053,-0.8023705,0.5909847,0.7988157,-0.4611772,1.215326,0.7686641,-1.152136,0.457362,0.90293,True,0,1,20
6/25/2025 12:13:19 PM,1750846399307,Right,-0.5386183,0.8488368,0.6322375,-0.9357276,0.7539622,0.7138073,-0.5234421,0.7394118,0.6496594,-0.8330288,0.6125931,0.764837,-0.4799026,1.222982,0.7492807,-1.190321,0.4800293,0.844835,True,0,1,20
6/25/2025 12:13:19 PM,1750846399321,Right,-0.54734,0.8536976,0.619523,-0.9490747,0.7654263,0.6884145,-0.533465,0.7450839,0.6410429,-0.8469059,0.6170709,0.7456223,-0.4878529,1.22641,0.7385898,-1.204849,0.4805689,0.812436,True,0,1,20
6/25/2025 12:13:19 PM,1750846399349,Right,-0.5605586,0.8598863,0.5958989,-0.9660608,0.7813689,0.6395106,-0.5501714,0.7516131,0.6242649,-0.8710482,0.6306977,0.7080436,-0.4996887,1.232666,0.7201186,-1.234334,0.4949519,0.7513369,True,0,1,20
6/25/2025 12:13:19 PM,1750846399362,Right,-0.5668087,0.8628028,0.5832162,-0.9739555,0.7874629,0.6143832,-0.5585184,0.7544171,0.6152593,-0.8813965,0.6321569,0.6882157,-0.5049429,1.236016,0.7119708,-1.244353,0.4919563,0.7193993,True,0,1,20
6/25/2025 12:13:19 PM,1750846399391,Right,-0.5760855,0.8674906,0.5609978,-0.9816154,0.7965463,0.5639183,-0.571178,0.7607353,0.5957859,-0.8956192,0.640936,0.6492749,-0.5144432,1.241766,0.6981539,-1.261495,0.4972516,0.6601212,True,0,1,20
6/25/2025 12:13:19 PM,1750846399404,Right,-0.5804689,0.8685287,0.549809,-0.9834962,0.8002647,0.5394641,-0.577215,0.7626613,0.5859365,-0.8991721,0.6394234,0.630561,-0.518427,1.244268,0.6924636,-1.264796,0.4884848,0.6324019,True,0,1,20
6/25/2025 12:13:19 PM,1750846399418,Right,-0.5843291,0.8695402,0.5394692,-0.9884593,0.8021711,0.5129748,-0.5820194,0.7642112,0.5767542,-0.9069271,0.6417324,0.6110663,-0.5220121,1.246079,0.6873516,-1.271094,0.4909521,0.6013822,True,0,1,20
6/25/2025 12:13:19 PM,1750846399446,Right,-0.5904881,0.8710791,0.5199425,-0.9918087,0.8041171,0.464345,-0.5907548,0.7660483,0.5586013,-0.9164938,0.641285,0.5698664,-0.5288733,1.24946,0.6769735,-1.277543,0.487024,0.5347891,True,0,1,20
6/25/2025 12:13:19 PM,1750846399460,Right,-0.5932885,0.8722485,0.5099752,-0.9907787,0.8053485,0.4397381,-0.5944681,0.7676443,0.5499496,-0.9182695,0.6407849,0.5501546,-0.5320777,1.251186,0.6715839,-1.27746,0.4822727,0.5032086,True,0,1,20
6/25/2025 12:13:19 PM,1750846399488,Right,-0.5963102,0.8732999,0.4896578,-0.9877642,0.8055637,0.3948457,-0.5992368,0.7772233,0.5350702,-0.9423018,0.6467928,0.5151418,-0.5380987,1.253217,0.6618499,-1.280868,0.4979017,0.4487084,False,0,1,20
6/25/2025 12:13:19 PM,1750846399501,Right,-0.5966845,0.8737104,0.4787212,-0.9850561,0.8068183,0.373815,-0.6016746,0.7812186,0.5253944,-0.945358,0.656165,0.4946039,-0.541258,1.253899,0.6577237,-1.284277,0.5119384,0.4174973,False,0,1,20
6/25/2025 12:13:19 PM,1750846399529,Right,-0.5955044,0.8757927,0.4575164,-0.9774243,0.811056,0.3379537,-0.603762,0.7851597,0.5098377,-0.9444232,0.6679663,0.4518453,-0.5479943,1.255025,0.6496068,-1.280681,0.5288817,0.3479652,False,0,1,20
6/25/2025 12:13:19 PM,1750846399542,Right,-0.5942445,0.8785297,0.4503672,-0.9750272,0.811923,0.3237242,-0.6047482,0.7902846,0.5041608,-0.9446176,0.6741986,0.4333566,-0.5511683,1.254758,0.6460446,-1.276084,0.5359447,0.3178304,False,0,1,20
6/25/2025 12:13:19 PM,1750846399571,Right,-0.5905463,0.8808864,0.4340549,-0.9664773,0.813326,0.2999125,-0.6042185,0.7959967,0.4876243,-0.9345734,0.6784871,0.3885069,-0.5571634,1.255004,0.6385059,-1.255057,0.5342666,0.2467775,False,0,1,20
6/25/2025 12:13:19 PM,1750846399585,Right,-0.5881794,0.8815121,0.4253088,-0.9642915,0.8132566,0.2904111,-0.6031846,0.7960326,0.4787576,-0.9288439,0.6765931,0.36573,-0.5592731,1.254947,0.6348878,-1.241602,0.5282819,0.212612,False,0,1,20
6/25/2025 12:13:19 PM,1750846399598,Right,-0.5862663,0.8803931,0.4178555,-0.9633538,0.8119807,0.2827682,-0.6020589,0.7955685,0.4717207,-0.9284899,0.6758459,0.3584252,-0.5610222,1.255002,0.6314379,-1.24019,0.5243409,0.2084242,False,0,1,20
6/25/2025 12:13:19 PM,1750846399626,Right,-0.5837253,0.878351,0.4059879,-0.9624125,0.8096329,0.2714522,-0.6003143,0.7928724,0.4598421,-0.9277655,0.674085,0.3446191,-0.5639275,1.255219,0.6263365,-1.238296,0.5244438,0.193336,False,0,1,20
6/25/2025 12:13:19 PM,1750846399640,Right,-0.5835863,0.8772739,0.4027317,-0.9625837,0.8077174,0.2694197,-0.5996235,0.7910137,0.4562401,-0.9281565,0.6736411,0.342492,-0.5656759,1.255421,0.6247793,-1.240038,0.5264202,0.191742,False,0,1,20
6/25/2025 12:13:19 PM,1750846399668,Right,-0.5832689,0.8735476,0.3985407,-0.962418,0.803156,0.2697641,-0.5972105,0.784661,0.4491298,-0.9251618,0.6678575,0.3363772,-0.5692075,1.25577,0.6233283,-1.238581,0.5230052,0.1840243,False,0,1,20
6/25/2025 12:13:19 PM,1750846399682,Right,-0.5833768,0.8708067,0.3979971,-0.9637474,0.8020744,0.2719249,-0.5978466,0.7844439,0.4505925,-0.9264218,0.6681216,0.3391913,-0.5705415,1.255769,0.6231036,-1.240741,0.5242844,0.1877146,False,0,1,20
6/25/2025 12:13:19 PM,1750846399710,Right,-0.5841991,0.865697,0.3989977,-0.9659038,0.7992919,0.280089,-0.5974542,0.7808378,0.4517924,-0.9269793,0.6658561,0.3457197,-0.5716637,1.255701,0.6230365,-1.244917,0.5216184,0.1994085,False,0,1,20
6/25/2025 12:13:19 PM,1750846399724,Right,-0.5846379,0.8629743,0.4008648,-0.9677479,0.797821,0.2863185,-0.5964246,0.7772318,0.4518176,-0.9272923,0.6634508,0.349135,-0.5717219,1.255629,0.6234207,-1.247336,0.520409,0.2059369,False,0,1,20
6/25/2025 12:13:19 PM,1750846399738,Right,-0.5843316,0.8597834,0.4028338,-0.9694781,0.7964945,0.292818,-0.5956454,0.773929,0.4526662,-0.928588,0.6616269,0.3540102,-0.5714594,1.255446,0.6244752,-1.250781,0.5203307,0.2147905,False,0,1,20
6/25/2025 12:13:19 PM,1750846399765,Right,-0.5851123,0.8552095,0.4103971,-0.9722785,0.7912306,0.3115561,-0.59496,0.7689058,0.4601867,-0.9312254,0.6602513,0.3720268,-0.5704569,1.255113,0.6282483,-1.25978,0.522899,0.2420238,False,0,1,20
6/25/2025 12:13:19 PM,1750846399779,Right,-0.5853379,0.8530239,0.4149412,-0.9738774,0.7887886,0.3217591,-0.5941535,0.7655635,0.4640156,-0.9326077,0.6588684,0.3820316,-0.5694977,1.254807,0.6311266,-1.264378,0.5241414,0.2575838,False,0,1,20
6/25/2025 12:13:19 PM,1750846399807,Right,-0.5857767,0.8480281,0.4282991,-0.975156,0.7812393,0.3466554,-0.5904313,0.7602619,0.4741406,-0.9322076,0.657145,0.4078414,-0.5661131,1.253682,0.6389598,-1.272013,0.5275222,0.2969987,False,0,1,20
6/25/2025 12:13:19 PM,1750846399821,Right,-0.5851971,0.8448826,0.4369318,-0.975085,0.7758458,0.3608555,-0.587668,0.7568725,0.4787162,-0.9309065,0.6543713,0.4212401,-0.5635623,1.252785,0.6437304,-1.274221,0.5266714,0.3182395,False,0,1,20
6/25/2025 12:13:19 PM,1750846399848,Right,-0.5844316,0.8397354,0.4578685,-0.9742122,0.7630123,0.3892552,-0.5808593,0.7484947,0.492264,-0.9275147,0.6482913,0.4542319,-0.5565065,1.250304,0.6549574,-1.277885,0.5271393,0.3687437,False,0,1,20
6/25/2025 12:13:19 PM,1750846399863,Right,-0.5820616,0.8360509,0.4690859,-0.9714204,0.7563723,0.4054566,-0.5759403,0.7435471,0.500125,-0.9223588,0.6429951,0.4667324,-0.5516571,1.248703,0.6612501,-1.274924,0.5239778,0.3847502,False,0,1,20
6/25/2025 12:13:19 PM,1750846399891,Right,-0.5697447,0.820742,0.4905076,-0.9610242,0.7398388,0.4391051,-0.5606554,0.7316826,0.5154333,-0.9087038,0.6325365,0.4935635,-0.5396198,1.244642,0.6760256,-1.265687,0.5213236,0.4217308,False,0,1,20
6/25/2025 12:13:19 PM,1750846399904,Right,-0.5633839,0.8135689,0.5027514,-0.9550434,0.7306883,0.4560787,-0.5521092,0.7246589,0.5230201,-0.900879,0.6262226,0.5078142,-0.5319415,1.24197,0.6840612,-1.260137,0.5190125,0.4423553,False,0,1,20
6/25/2025 12:13:19 PM,1750846399918,Right,-0.554826,0.8056735,0.5156142,-0.945371,0.721508,0.4743006,-0.5416377,0.717231,0.5301865,-0.8895665,0.619406,0.5228854,-0.5238508,1.239157,0.6916411,-1.252435,0.5156009,0.4652803,False,0,1,20
6/25/2025 12:13:19 PM,1750846399946,Right,-0.5334512,0.7883531,0.5379359,-0.9235244,0.7032918,0.5095528,-0.5175077,0.7035123,0.5411411,-0.8641524,0.6061209,0.5517796,-0.5056982,1.233224,0.7069407,-1.232705,0.5090293,0.5134047,False,0,1,20
6/25/2025 12:13:19 PM,1750846399960,Right,-0.5189896,0.7783561,0.5474333,-0.9093186,0.6933523,0.5273255,-0.5040345,0.697194,0.5450251,-0.8500153,0.5998867,0.5651745,-0.4951333,1.230132,0.7143461,-1.220625,0.5060347,0.5375329,False,0,1,20
6/25/2025 12:13:19 PM,1750846399988,Right,-0.4892902,0.7578459,0.563817,-0.8817091,0.6785813,0.5622824,-0.4730352,0.6825069,0.5560698,-0.8174368,0.5858182,0.5988287,-0.4714193,1.223475,0.7284757,-1.190641,0.4996972,0.5975656,False,0,1,20
6/25/2025 12:13:20 PM,1750846400001,Right,-0.4713978,0.7494844,0.5712571,-0.863326,0.6691052,0.5799348,-0.4561731,0.6763135,0.5602423,-0.7987603,0.5795355,0.6146016,-0.4586617,1.219977,0.7349188,-1.172551,0.4963083,0.6273301,False,0,1,20
6/25/2025 12:13:20 PM,1750846400030,Right,-0.4358393,0.733086,0.5856252,-0.8243231,0.6513684,0.61297,-0.4207968,0.660876,0.5655405,-0.7558414,0.5632238,0.646009,-0.4322246,1.212717,0.7465189,-1.129817,0.4831949,0.6913177,False,0,1,20
6/25/2025 12:13:20 PM,1750846400043,Right,-0.4144453,0.7263639,0.5905767,-0.8024492,0.6411495,0.6291409,-0.402264,0.6536132,0.5660365,-0.7350562,0.5561993,0.6595684,-0.4175891,1.208716,0.7512677,-1.10644,0.4794167,0.7206051,False,0,1,20
6/25/2025 12:13:20 PM,1750846400071,Right,-0.3744257,0.7093409,0.5952221,-0.7589142,0.6226906,0.6583977,-0.3651506,0.6412327,0.5661382,-0.6913749,0.5422488,0.6792107,-0.3882587,1.201073,0.7591817,-1.058178,0.4682182,0.7658346,False,0,1,20
6/25/2025 12:13:20 PM,1750846400085,Right,-0.3537778,0.7021893,0.5953106,-0.7346452,0.6129427,0.6715346,-0.3460748,0.6358946,0.5639575,-0.6686758,0.5361727,0.6848084,-0.3733398,1.196787,0.7623589,-1.033441,0.4626598,0.7821711,False,0,1,20
6/25/2025 12:13:20 PM,1750846400099,Right,-0.3327734,0.6955296,0.5938734,-0.7108599,0.6039616,0.6838697,-0.3280549,0.6312032,0.5609778,-0.6475792,0.5306303,0.6908981,-0.3581642,1.192533,0.7646077,-1.008651,0.457882,0.799409,False,0,1,20
6/25/2025 12:13:20 PM,1750846400127,Right,-0.2931651,0.6804712,0.5905468,-0.6626479,0.5883838,0.7061011,-0.2936157,0.621733,0.5513349,-0.6030797,0.5190236,0.6993533,-0.3280412,1.183714,0.7673266,-0.957291,0.4445976,0.8310816,False,0,1,20
6/25/2025 12:13:20 PM,1750846400141,Right,-0.2743533,0.6747542,0.5857081,-0.6366904,0.5830085,0.7165653,-0.2779735,0.6192497,0.5446063,-0.5805616,0.5154934,0.7017964,-0.3131725,1.179296,0.7677081,-0.9312263,0.4394047,0.8462958,False,0,1,20
6/25/2025 12:13:20 PM,1750846400169,Right,-0.2374127,0.6631769,0.5718545,-0.5865927,0.5693421,0.7314273,-0.248127,0.6133836,0.5304871,-0.5366087,0.5059994,0.7086617,-0.2835029,1.170235,0.766638,-0.8749732,0.4267185,0.8802301,False,0,1,20
6/25/2025 12:13:20 PM,1750846400182,Right,-0.2207094,0.6586214,0.5640037,-0.5598912,0.5645136,0.7351949,-0.2349741,0.6097911,0.5214682,-0.5129393,0.5014127,0.7088915,-0.2689056,1.165578,0.7652886,-0.8460358,0.4196641,0.8963755,False,0,1,20
6/25/2025 12:13:20 PM,1750846400210,Right,-0.1921615,0.6498957,0.5434434,-0.5135786,0.5538878,0.7457574,-0.2120887,0.6038022,0.5030673,-0.4719545,0.4918126,0.7132671,-0.2405069,1.155414,0.7602222,-0.7854562,0.4079936,0.9308627,False,0,1,20
6/25/2025 12:13:20 PM,1750846400224,Right,-0.1784152,0.6450876,0.5330928,-0.4901872,0.5502365,0.7494246,-0.2027263,0.6008363,0.4923955,-0.451553,0.487639,0.7141215,-0.2270137,1.150352,0.7564678,-0.7535297,0.4031547,0.9480683,False,0,1,20
6/25/2025 12:13:20 PM,1750846400252,Right,-0.1557448,0.637086,0.5097736,-0.4464547,0.5448554,0.7549849,-0.1878305,0.5955633,0.471215,-0.4122978,0.4793286,0.7163665,-0.2001554,1.139736,0.7482598,-0.6858582,0.3936236,0.9823791,False,0,1,20
6/25/2025 12:13:20 PM,1750846400266,Right,-0.1463041,0.632842,0.4969649,-0.4245981,0.5410826,0.7545116,-0.1830982,0.5939631,0.459875,-0.393081,0.4764317,0.7155005,-0.1869458,1.134338,0.7440379,-0.6506807,0.3895388,0.9980919,False,0,1,20
6/25/2025 12:13:20 PM,1750846400279,Right,-0.1371524,0.6283039,0.4844163,-0.4033375,0.53662,0.7541506,-0.177502,0.5916821,0.4491115,-0.3716664,0.4713974,0.715418,-0.1741328,1.128804,0.7392056,-0.6101733,0.3821914,1.013921,False,0,1,20
6/25/2025 12:13:20 PM,1750846400307,Right,-0.1220673,0.620153,0.4605808,-0.3628703,0.5297313,0.7478077,-0.1680722,0.5850267,0.427254,-0.3268324,0.4633664,0.710884,-0.1489254,1.1172,0.7275701,-0.5241392,0.3714007,1.041811,False,0,1,20
6/25/2025 12:13:20 PM,1750846400321,Right,-0.1154008,0.6156024,0.4476758,-0.3424422,0.5241346,0.7431487,-0.1652416,0.5805937,0.4143174,-0.3121107,0.4564805,0.7011942,-0.1371056,1.110523,0.7207958,-0.4939619,0.3609034,1.041836,False,0,1,20
6/25/2025 12:13:20 PM,1750846400349,Right,-0.1065505,0.6043681,0.4205253,-0.3104051,0.5128382,0.7334548,-0.1586391,0.5724924,0.3919919,-0.2823968,0.4493202,0.6907743,-0.1144556,1.097266,0.7054894,-0.429938,0.3558325,1.047397,False,0,1,20
6/25/2025 12:13:20 PM,1750846400363,Right,-0.1026536,0.5999849,0.4071172,-0.2931693,0.5065002,0.7272227,-0.1549237,0.5685659,0.3814394,-0.2688111,0.4429183,0.6825956,-0.1037761,1.090275,0.6972078,-0.4034012,0.3460885,1.043907,False,0,1,20
6/25/2025 12:13:20 PM,1750846400391,Right,-0.09574795,0.5891851,0.380149,-0.2628488,0.4942959,0.7108673,-0.1544337,0.5543594,0.3568981,-0.2461422,0.4322529,0.6653872,-0.08375347,1.075075,0.6795506,-0.3536401,0.3385117,1.037946,False,0,1,20
6/25/2025 12:13:20 PM,1750846400404,Right,-0.09231287,0.5841434,0.3665089,-0.2486653,0.4870968,0.7024741,-0.1536271,0.5470873,0.3426985,-0.2348245,0.4235598,0.6540927,-0.07420027,1.067048,0.6708958,-0.3290153,0.3284608,1.029387,False,0,1,20
6/25/2025 12:13:20 PM,1750846400418,Right,-0.08805323,0.5808821,0.353138,-0.2358048,0.4797056,0.6927478,-0.1533452,0.5404228,0.3302687,-0.2247852,0.4176486,0.6451774,-0.06462085,1.058684,0.6619879,-0.3071758,0.3240738,1.022822,False,0,1,20
6/25/2025 12:13:20 PM,1750846400446,Right,-0.08850846,0.5664619,0.3250247,-0.2137091,0.4641269,0.6736478,-0.1490688,0.533695,0.3105622,-0.2048888,0.4074794,0.6276309,-0.04708779,1.041115,0.6444184,-0.2692803,0.3100945,1.00745,False,0,1,20
6/25/2025 12:13:20 PM,1750846400459,Right,-0.08613469,0.5594659,0.3115497,-0.2036711,0.4567744,0.663808,-0.1486343,0.5272307,0.3008426,-0.1976886,0.40106,0.620003,-0.03890955,1.031868,0.635712,-0.2540863,0.3044494,1.000377,False,0,1,20
6/25/2025 12:13:20 PM,1750846400488,Right,-0.07984455,0.5484177,0.2853568,-0.1860131,0.4406031,0.6439676,-0.1471809,0.5094618,0.2774445,-0.1843688,0.3830885,0.6018971,-0.02339327,1.012418,0.6174849,-0.2264182,0.289018,0.9811676,False,0,1,20
6/25/2025 12:13:20 PM,1750846400501,Right,-0.07843576,0.5404364,0.2722481,-0.1775448,0.4323608,0.633949,-0.1473467,0.5033377,0.2672327,-0.1792334,0.3766788,0.5931886,-0.01633871,1.001894,0.6076525,-0.2155526,0.2830507,0.9721594,False,0,1,20
6/25/2025 12:13:20 PM,1750846400530,Right,-0.07408107,0.5273304,0.246821,-0.1632703,0.4145087,0.6138284,-0.1453895,0.4876335,0.2472758,-0.1682341,0.3596689,0.5772266,-0.003406048,0.9796687,0.5869931,-0.1938674,0.2672437,0.9538013,False,0,1,20
6/25/2025 12:13:20 PM,1750846400543,Right,-0.07341561,0.5188457,0.2345123,-0.1569092,0.4048837,0.6038342,-0.1439987,0.4780729,0.2373857,-0.1626879,0.3509176,0.5691348,0.002390981,0.9681737,0.5763326,-0.1834016,0.2602889,0.9452824,False,0,1,20
6/25/2025 12:13:20 PM,1750846400571,Right,-0.07067209,0.5019817,0.2113585,-0.1453305,0.3850728,0.5852842,-0.1413015,0.4573733,0.2178178,-0.153195,0.3313655,0.5535828,0.01265204,0.9444684,0.5555284,-0.1652801,0.2443141,0.9278396,False,0,1,20
6/25/2025 12:13:20 PM,1750846400585,Right,-0.06889717,0.4921407,0.1996852,-0.1398095,0.3749485,0.5761011,-0.1397239,0.4466274,0.2084525,-0.1490039,0.3217775,0.5464063,0.01750576,0.93238,0.5455134,-0.1574759,0.2371489,0.9197215,False,0,1,20
6/25/2025 12:13:20 PM,1750846400598,Right,-0.0664162,0.4819383,0.1883364,-0.1351046,0.3642414,0.5678144,-0.1384084,0.4355558,0.1998961,-0.1455413,0.3118029,0.5407891,0.02244794,0.9200709,0.5357617,-0.1516942,0.2300651,0.9124248,False,0,1,20
6/25/2025 12:13:20 PM,1750846400626,Right,-0.06221256,0.4604303,0.1649751,-0.1256109,0.343622,0.5518194,-0.1350486,0.4122012,0.1831904,-0.1368051,0.2899932,0.5302555,0.03209126,0.8953881,0.5160609,-0.1373758,0.213574,0.8977826,False,0,1,20
6/25/2025 12:13:20 PM,1750846400640,Right,-0.06134004,0.4486105,0.1547312,-0.121081,0.3322253,0.544683,-0.1339554,0.3986042,0.1751265,-0.133968,0.2791755,0.5253234,0.03678775,0.8830516,0.5066502,-0.1331435,0.2070648,0.8916543,False,0,1,20
6/25/2025 12:13:20 PM,1750846400668,Right,-0.05948614,0.4229738,0.1368101,-0.1129497,0.3101132,0.5310492,-0.1276281,0.3742349,0.1605911,-0.1241265,0.2582346,0.5141131,0.04459655,0.8578615,0.4889773,-0.1201461,0.1910403,0.8792592,False,0,1,20
6/25/2025 12:13:20 PM,1750846400681,Right,-0.05761475,0.410015,0.1290461,-0.1088931,0.2991733,0.5253506,-0.1266451,0.3599529,0.1538872,-0.1220146,0.2470065,0.5094988,0.04771399,0.8451887,0.4803035,-0.1175039,0.1836185,0.8742501,False,0,1,20
6/25/2025 12:13:20 PM,1750846400710,Right,-0.05415873,0.3829688,0.1148955,-0.1008898,0.2780185,0.5142071,-0.1230715,0.331952,0.1410094,-0.1147765,0.226316,0.4995973,0.05213559,0.8211349,0.4630989,-0.10761,0.1708399,0.8648216,False,0,1,20
6/25/2025 12:13:20 PM,1750846400724,Right,-0.05209936,0.36812,0.1087359,-0.09687665,0.2670453,0.5087573,-0.1185315,0.3194981,0.1351556,-0.1104959,0.2175359,0.4943818,0.0541023,0.8093495,0.4547228,-0.103503,0.1655733,0.8605393,False,0,1,20
6/25/2025 12:13:20 PM,1750846400751,Right,-0.04704523,0.3403124,0.09756546,-0.09073409,0.246365,0.4988027,-0.1139456,0.2936216,0.1243578,-0.1046765,0.1972624,0.4845342,0.05837309,0.7864952,0.439015,-0.09597299,0.1507289,0.8519282,False,0,1,20
6/25/2025 12:13:20 PM,1750846400766,Right,-0.04373119,0.326216,0.09270462,-0.08732498,0.2359785,0.4947718,-0.1122476,0.2790666,0.1188497,-0.1029786,0.186584,0.4800078,0.06062484,0.7757593,0.4317746,-0.09392132,0.1439895,0.8479028,False,0,1,20
6/25/2025 12:13:20 PM,1750846400779,Right,-0.04025368,0.3125452,0.08779974,-0.08386397,0.2259686,0.4906054,-0.1109853,0.2648523,0.1138373,-0.1005708,0.1770466,0.4760645,0.06272924,0.7655904,0.425168,-0.08998135,0.1391832,0.8444988,False,0,1,20
6/25/2025 12:13:20 PM,1750846400807,Right,-0.03340136,0.2864156,0.07838125,-0.07705119,0.2090474,0.4833438,-0.1008323,0.2421242,0.1058907,-0.09160476,0.1640772,0.4706364,0.06645739,0.7454797,0.4122174,-0.08221982,0.1362278,0.8397433,False,0,1,20
6/25/2025 12:13:20 PM,1750846400821,Right,-0.0293792,0.2742601,0.07418977,-0.07357795,0.2002052,0.4799505,-0.09957779,0.2285213,0.1018188,-0.08940925,0.154558,0.4675932,0.06833327,0.7357625,0.4056195,-0.07923588,0.1309175,0.8367744,False,0,1,20
6/25/2025 12:13:20 PM,1750846400849,Right,-0.02288051,0.2512595,0.06864543,-0.06688155,0.1844254,0.4753871,-0.09042263,0.2077133,0.09516707,-0.08219241,0.1408212,0.4621079,0.07132864,0.7181565,0.3929043,-0.07501813,0.1242106,0.8319778,False,0,1,20
6/25/2025 12:13:20 PM,1750846400862,Right,-0.01872175,0.2402366,0.06553633,-0.06367603,0.1765886,0.4727281,-0.08584703,0.197363,0.09207322,-0.07784194,0.1336046,0.4596072,0.0729084,0.709345,0.3868897,-0.07133053,0.1201499,0.8295876,False,0,1,20
6/25/2025 12:13:20 PM,1750846400891,Right,-0.009889806,0.2216358,0.06087041,-0.05803854,0.1618318,0.4683105,-0.07743371,0.1796448,0.08604179,-0.07166165,0.1212526,0.4545456,0.07484376,0.6946211,0.3767248,-0.06862182,0.1131538,0.8246902,False,0,1,20
6/25/2025 12:13:20 PM,1750846400904,Right,-0.006385989,0.2118253,0.05873872,-0.0555299,0.1542673,0.465868,-0.07295192,0.1711019,0.08278246,-0.06778826,0.1153087,0.4512489,0.07599652,0.6875664,0.371585,-0.06557512,0.1096733,0.8218848,False,0,1,20
6/25/2025 12:13:20 PM,1750846400918,Right,-0.003122942,0.2031419,0.05654865,-0.05268494,0.1483239,0.4631462,-0.06977972,0.1627525,0.08001605,-0.06575495,0.1092558,0.4480939,0.07688093,0.6809316,0.3668398,-0.06477087,0.1057113,0.8194897,False,0,1,20
6/25/2025 12:13:20 PM,1750846400946,Right,0.004659741,0.1881157,0.05046875,-0.04791943,0.1362414,0.4578521,-0.06339315,0.1474321,0.07454483,-0.06108818,0.09801278,0.4438452,0.07826912,0.6684913,0.3576924,-0.06190572,0.09874393,0.8146309,False,0,1,20
6/25/2025 12:13:20 PM,1750846400960,Right,0.00633001,0.177913,0.04660829,-0.04575204,0.1301534,0.454953,-0.06013131,0.1405173,0.07135312,-0.05897952,0.09262858,0.4412042,0.07885993,0.6624047,0.3527143,-0.06077653,0.09499461,0.8116419,False,0,1,20
6/25/2025 12:13:20 PM,1750846400988,Right,0.01334902,0.164435,0.04022997,-0.04150566,0.1194365,0.4486681,-0.05423224,0.1274348,0.06484279,-0.05485855,0.08268788,0.4352377,0.07911861,0.6512443,0.3427418,-0.05807028,0.08825452,0.8054847,False,0,1,20
6/25/2025 12:13:21 PM,1750846401001,Right,0.01604525,0.1583704,0.03836074,-0.03993743,0.113969,0.4454142,-0.05166356,0.1216305,0.06132148,-0.05228801,0.07701575,0.4306225,0.07981169,0.6463342,0.3381456,-0.05517498,0.08246595,0.8019658,False,0,1,20
6/25/2025 12:13:21 PM,1750846401030,Right,0.02218965,0.1482917,0.03285454,-0.03685902,0.1049713,0.4384262,-0.04681792,0.1107155,0.05445391,-0.04851918,0.06833868,0.422971,0.08226728,0.6367365,0.3292512,-0.05200225,0.07582051,0.7953018,False,0,1,20
6/25/2025 12:13:21 PM,1750846401043,Right,0.02581504,0.1431888,0.02955057,-0.03520091,0.1011395,0.4350093,-0.04344191,0.1058748,0.05101813,-0.04632542,0.06552701,0.4197719,0.08357406,0.6325267,0.3252014,-0.05070683,0.07507119,0.7920299,False,0,1,20
6/25/2025 12:13:21 PM,1750846401071,Right,0.03221806,0.133906,0.02227628,-0.03159269,0.0948417,0.4279238,-0.03757145,0.09688246,0.04391404,-0.04313011,0.06107371,0.4133736,0.08551979,0.6252655,0.3177,-0.04959119,0.0752621,0.7851887,False,0,1,20
6/25/2025 12:13:21 PM,1750846401085,Right,0.03581828,0.1301944,0.01879672,-0.03015286,0.09184845,0.4244908,-0.03450838,0.09295614,0.0401114,-0.0412358,0.05886685,0.4099896,0.08701146,0.622151,0.3139064,-0.04875264,0.07483736,0.7814406,False,0,1,20
6/25/2025 12:13:21 PM,1750846401099,Right,0.03818516,0.1251236,0.01526703,-0.0284734,0.08964001,0.4209107,-0.03167338,0.08894336,0.03636439,-0.03946762,0.05674445,0.4062335,0.08856869,0.6190997,0.3103836,-0.04811183,0.07458466,0.7777305,False,0,1,20
6/25/2025 12:13:21 PM,1750846401127,Right,0.04401673,0.117539,0.009101119,-0.0256053,0.08529981,0.4142575,-0.02635132,0.08205542,0.02910991,-0.03592062,0.05308022,0.3989753,0.09145319,0.6140602,0.3033423,-0.04650739,0.07411811,0.7704808,False,0,1,20
6/25/2025 12:13:21 PM,1750846401141,Right,0.04631458,0.1140372,0.005981467,-0.02374195,0.0836523,0.4103486,-0.02391683,0.07902756,0.02550717,-0.03346734,0.05010928,0.394646,0.09282172,0.6119233,0.2999032,-0.0440729,0.07109025,0.7668781,False,0,1,20
6/25/2025 12:13:21 PM,1750846401168,Right,0.0506836,0.1079272,-0.0005874438,-0.02102824,0.08004144,0.4038635,-0.01949207,0.07397109,0.01839052,-0.03023259,0.0471165,0.3877916,0.09597719,0.6084171,0.2936214,-0.04233854,0.07019083,0.7597163,False,0,1,20
6/25/2025 12:13:21 PM,1750846401182,Right,0.05331574,0.1058904,-0.003996151,-0.02019866,0.0781827,0.3998497,-0.0182281,0.07125896,0.01471046,-0.02971009,0.04606076,0.3839521,0.09748471,0.6068231,0.2907068,-0.04289571,0.07075848,0.7559873,False,0,1,20
6/25/2025 12:13:21 PM,1750846401210,Right,0.05618173,0.101604,-0.01091409,-0.01822976,0.07486944,0.3923237,-0.01567597,0.06746736,0.007526889,-0.02714405,0.0422997,0.3763208,0.09998,0.6040753,0.2848459,-0.04023334,0.0669703,0.7488074,False,0,1,20
6/25/2025 12:13:21 PM,1750846401224,Right,0.05677462,0.09941155,-0.01447189,-0.01780623,0.07270563,0.3879659,-0.01504858,0.06538792,0.00358168,-0.02649671,0.04026403,0.3717341,0.101336,0.6031147,0.2820239,-0.03937228,0.06489733,0.7448699,False,0,1,20
6/25/2025 12:13:21 PM,1750846401251,Right,0.0573203,0.09651523,-0.02143176,-0.01659226,0.06945703,0.3808524,-0.01321396,0.06301895,-0.004035607,-0.02508721,0.03851636,0.3638905,0.1040057,0.6010836,0.2771401,-0.03812774,0.06375173,0.7372328,False,0,1,20
6/25/2025 12:13:21 PM,1750846401266,Right,0.05801373,0.09423348,-0.02595526,-0.01568441,0.06778105,0.3770316,-0.01302587,0.06131535,-0.008144885,-0.02491621,0.03677749,0.3603108,0.1053327,0.6002202,0.2751795,-0.03793965,0.06204812,0.7331235,False,0,1,20
6/25/2025 12:13:21 PM,1750846401279,Right,0.05825231,0.09231636,-0.0299397,-0.01488453,0.0660068,0.3733666,-0.01301541,0.05983761,-0.01217647,-0.02491155,0.03528777,0.3564591,0.1065472,0.5995114,0.2724866,-0.03792919,0.06057037,0.7290919,False,0,1,20
6/25/2025 12:13:21 PM,1750846401307,Right,0.05838956,0.09042092,-0.03724949,-0.01504525,0.06335282,0.364957,-0.01257155,0.057945,-0.0199253,-0.02444109,0.03345006,0.347886,0.1088802,0.5979984,0.2671837,-0.03711922,0.05868367,0.7213553,False,0,1,20
6/25/2025 12:13:21 PM,1750846401321,Right,0.05849695,0.08957539,-0.04081494,-0.01478039,0.0616162,0.3612287,-0.01274968,0.05699411,-0.02391241,-0.02461487,0.03250814,0.3437641,0.1099411,0.5971386,0.2650955,-0.0369809,0.05773574,0.7173786,False,0,1,20
6/25/2025 12:13:21 PM,1750846401348,Right,0.05806858,0.08617435,-0.04839109,-0.01334399,0.05976961,0.3539596,-0.01222798,0.05538989,-0.03133054,-0.02408877,0.030913,0.3362097,0.11174,0.5954447,0.260509,-0.03633299,0.05613214,0.7099646,False,0,1,20
6/25/2025 12:13:21 PM,1750846401363,Right,0.05799205,0.08512054,-0.05211929,-0.01365025,0.05865306,0.3495382,-0.01197946,0.05460246,-0.0350868,-0.02382236,0.03016248,0.331899,0.1123997,0.5946674,0.2578039,-0.03585572,0.05534501,0.7062157,False,0,1,20
6/25/2025 12:13:21 PM,1750846401390,Right,0.05888855,0.08325367,-0.05948012,-0.01275083,0.05709441,0.3426153,-0.01179098,0.05294218,-0.04178885,-0.02364466,0.02847997,0.325531,0.1133485,0.5930529,0.2533722,-0.03540164,0.05368379,0.6995223,False,0,1,20
6/25/2025 12:13:21 PM,1750846401405,Right,0.05971048,0.08226255,-0.06255457,-0.01212732,0.05585315,0.3394974,-0.01164496,0.05199938,-0.04505578,-0.02349911,0.02753619,0.3222785,0.1138467,0.5921409,0.2512722,-0.03525563,0.05274098,0.6962553,False,0,1,20
6/25/2025 12:13:21 PM,1750846401418,Right,0.0591984,0.08071896,-0.06481266,-0.01162034,0.05503597,0.3371379,-0.0118334,0.05100373,-0.04775231,-0.02282495,0.02651022,0.3193286,0.1141633,0.5911932,0.2486871,-0.03372791,0.05164691,0.6936115,False,0,1,20
6/25/2025 12:13:21 PM,1750846401446,Right,0.05827682,0.07815936,-0.06981326,-0.01036329,0.05275122,0.3333618,-0.01226345,0.04898224,-0.05262844,-0.02172978,0.024489,0.3152015,0.114484,0.5894957,0.2435778,-0.03068581,0.04971711,0.6888297,False,0,1,20
6/25/2025 12:13:21 PM,1750846401460,Right,0.05815639,0.0766163,-0.07086297,-0.01022441,0.05205378,0.331221,-0.01287664,0.04786855,-0.05453217,-0.02231745,0.02344134,0.3123062,0.1147434,0.5887126,0.2411958,-0.03093436,0.04859729,0.6869349,False,0,1,20
6/25/2025 12:13:21 PM,1750846401487,Right,0.05751508,0.07315785,-0.0725216,-0.008311125,0.05015888,0.3286888,-0.01369236,0.04592157,-0.0576902,-0.02094227,0.02125809,0.3079545,0.1150981,0.5871688,0.2357352,-0.02704383,0.04599842,0.6838769,False,0,1,20
6/25/2025 12:13:21 PM,1750846401502,Right,0.05715434,0.07236315,-0.07366946,-0.007426943,0.04967523,0.3278013,-0.01410923,0.04456692,-0.05879295,-0.01920551,0.0198298,0.3068891,0.1151819,0.5864052,0.2332342,-0.02298028,0.04449207,0.6828413,False,0,1,20
6/25/2025 12:13:21 PM,1750846401529,Right,0.05721612,0.07036239,-0.07580972,-0.005638159,0.04788321,0.3260975,-0.01398788,0.04363409,-0.0605657,-0.01840327,0.01855739,0.3052393,0.1153722,0.5850375,0.2291138,-0.02085541,0.04286755,0.6810895,False,0,1,20
6/25/2025 12:13:21 PM,1750846401543,Right,0.0566557,0.069496,-0.0758355,-0.00517538,0.04735705,0.3252853,-0.0142214,0.042709,-0.06118996,-0.01720867,0.01714318,0.3037515,0.1153337,0.5843582,0.2269858,-0.01822131,0.04083203,0.6804842,False,0,1,20
6/25/2025 12:13:21 PM,1750846401571,Right,0.05429062,0.06700877,-0.07911502,-0.003918987,0.04556018,0.3244834,-0.01445254,0.04075167,-0.0622119,-0.01745307,0.01507243,0.3043486,0.1149061,0.5834913,0.2227392,-0.01801318,0.03885461,0.6794645,False,0,1,20
6/25/2025 12:13:21 PM,1750846401585,Right,0.05444773,0.06626913,-0.07889356,-0.004070303,0.045408,0.3240272,-0.0149988,0.03910976,-0.06242992,-0.01740829,0.01394499,0.3036145,0.1144922,0.5831639,0.2208079,-0.01740049,0.03817808,0.679253,False,0,1,20
6/25/2025 12:13:21 PM,1750846401598,Right,0.05397678,0.06493117,-0.07863532,-0.004384741,0.04488373,0.3234652,-0.01514982,0.03845737,-0.06249124,-0.01636965,0.01447146,0.3028737,0.1141171,0.5830476,0.2188737,-0.01527403,0.03981896,0.6791948,False,0,1,20
6/25/2025 12:13:21 PM,1750846401627,Right,0.05366976,0.06343304,-0.07832496,-0.003916706,0.04444703,0.3219652,-0.01510363,0.03712827,-0.06269883,-0.01484899,0.01454004,0.3010345,0.1139597,0.5830663,0.2146747,-0.01268856,0.04112982,0.6789738,False,0,1,20
6/25/2025 12:13:21 PM,1750846401640,Right,0.05389158,0.06305206,-0.0781953,-0.004906646,0.04393587,0.3211983,-0.0155744,0.03602225,-0.06296922,-0.01532021,0.01347417,0.3001177,0.1140602,0.5832711,0.2123319,-0.01348684,0.04003513,0.6787043,False,0,1,20
6/25/2025 12:13:21 PM,1750846401668,Right,0.05321468,0.061527,-0.07836333,-0.006118596,0.04419589,0.3199323,-0.01571611,0.03526929,-0.0634539,-0.01512574,0.01350818,0.2986863,0.1146684,0.5841002,0.2083127,-0.01305419,0.0407715,0.6782082,False,0,1,20
6/25/2025 12:13:21 PM,1750846401683,Right,0.05267885,0.06052407,-0.07824206,-0.006465609,0.04385388,0.3192162,-0.01606839,0.03474521,-0.06374386,-0.01523685,0.01375976,0.297653,0.1151001,0.5847942,0.206177,-0.01297771,0.04174434,0.677904,False,0,1,20
6/25/2025 12:13:21 PM,1750846401710,Right,0.05180393,0.05880546,-0.0781059,-0.007582339,0.04340685,0.3182054,-0.01657091,0.03358242,-0.06431176,-0.0155003,0.0133038,0.2960832,0.1163014,0.5857013,0.2019329,-0.0131141,0.04191555,0.6773207,False,0,1,20
6/25/2025 12:13:21 PM,1750846401724,Right,0.05127447,0.05786785,-0.07815393,-0.007950256,0.04293877,0.317569,-0.01659175,0.03303868,-0.06458829,-0.01508611,0.01413919,0.295323,0.1169522,0.5863714,0.1999187,-0.01219498,0.04414844,0.6770028,False,0,1,20
6/25/2025 12:13:21 PM,1750846401752,Right,0.05022065,0.05617167,-0.07825486,-0.009019958,0.04293921,0.3160416,-0.01667883,0.03223629,-0.06502686,-0.01517867,0.01340565,0.2935733,0.118385,0.588248,0.1958141,-0.01228205,0.04334604,0.6765642,False,0,1,20
6/25/2025 12:13:21 PM,1750846401766,Right,0.05029738,0.0555691,-0.07858174,-0.00943649,0.04313554,0.3148981,-0.01677591,0.03195444,-0.0653156,-0.01511315,0.01388497,0.292638,0.1188475,0.5893268,0.1937126,-0.0119633,0.04456493,0.6762489,False,0,1,20
6/25/2025 12:13:21 PM,1750846401780,Right,0.05043761,0.05492052,-0.07859428,-0.01015678,0.04324168,0.3137426,-0.0167945,0.03162345,-0.06559227,-0.01513598,0.01360003,0.2914489,0.1192772,0.5903317,0.1916941,-0.01198189,0.04423393,0.6759722,False,0,1,20
6/25/2025 12:13:21 PM,1750846401807,Right,0.05015172,0.05331017,-0.07834869,-0.01150585,0.04414803,0.3111389,-0.01614475,0.03049083,-0.06620857,-0.01437726,0.01336242,0.2884482,0.119742,0.5924055,0.1873984,-0.01085912,0.04471057,0.6753236,False,0,1,20
6/25/2025 12:13:21 PM,1750846401821,Right,0.04986394,0.05235373,-0.07830035,-0.012053,0.04493355,0.3100842,-0.01564706,0.02985145,-0.06652953,-0.01396823,0.01343473,0.2871757,0.1198043,0.5934597,0.1848913,-0.01050348,0.0454626,0.6749757,False,0,1,20
6/25/2025 12:13:21 PM,1750846401849,Right,0.05115202,0.05134821,-0.07813947,-0.01294272,0.04643534,0.3074122,-0.01538346,0.02890493,-0.06706823,-0.01403134,0.01411481,0.2844765,0.1195432,0.5956487,0.1800511,-0.0109304,0.04772972,0.6743668,False,0,1,20
6/25/2025 12:13:21 PM,1750846401862,Right,0.0510029,0.05068118,-0.0784053,-0.01422321,0.04746286,0.3059125,-0.01535052,0.02874291,-0.06735988,-0.01400205,0.01399273,0.2832355,0.1192572,0.5969128,0.1775298,-0.01089746,0.0475677,0.6740752,False,0,1,20
6/25/2025 12:13:21 PM,1750846401891,Right,0.0517027,0.04978997,-0.07861082,-0.01868541,0.05160559,0.3024547,-0.01539983,0.02871722,-0.06799525,-0.01415152,0.01480657,0.2805621,0.1189796,0.6002992,0.1719881,-0.01141604,0.04915067,0.6733999,False,0,1,20
6/25/2025 12:13:21 PM,1750846401904,Right,0.05237752,0.04933993,-0.07822369,-0.02192453,0.05393257,0.3009125,-0.01547041,0.02864193,-0.06831145,-0.01422581,0.01477268,0.2792085,0.1192168,0.602268,0.1690575,-0.01171923,0.04908101,0.6730847,False,0,1,20
6/25/2025 12:13:21 PM,1750846401919,Right,0.05209981,0.04868174,-0.07733846,-0.02906094,0.05734832,0.3002861,-0.01558984,0.02882482,-0.06862651,-0.01434548,0.01495823,0.2788267,0.1196041,0.6044739,0.1661022,-0.01210744,0.04926906,0.6727708,False,0,1,20
6/25/2025 12:13:21 PM,1750846401946,Right,0.05311711,0.04792916,-0.07700107,-0.04715084,0.06115796,0.3040314,-0.01608431,0.02961066,-0.06924406,-0.01493276,0.01623187,0.2851068,0.1200229,0.6102831,0.1600139,-0.01354184,0.05165565,0.6721113,False,0,1,20
6/25/2025 12:13:21 PM,1750846401960,Right,0.05241452,0.04703189,-0.07643665,-0.05923789,0.06424319,0.3100018,-0.01701023,0.02982203,-0.06958817,-0.01583469,0.01616455,0.292144,0.1201445,0.6136818,0.1569828,-0.01491186,0.05186623,0.6717685,False,0,1,20
6/25/2025 12:13:21 PM,1750846401988,Right,0.05177623,0.04720374,-0.07415776,-0.08299951,0.07335138,0.3279599,-0.0185715,0.0293525,-0.07033221,-0.0178791,0.01739959,0.3113088,0.1205959,0.6212116,0.1504653,-0.01875722,0.05613935,0.6708712,False,0,1,20
6/25/2025 12:13:22 PM,1750846402001,Right,0.05189528,0.04860787,-0.07333121,-0.09046141,0.07507703,0.3388822,-0.01928233,0.02858775,-0.07087576,-0.01904472,0.01832648,0.3215126,0.1207736,0.6259312,0.1467324,-0.0211151,0.05917363,0.6701784,False,0,1,20
6/25/2025 12:13:22 PM,1750846402030,Right,0.05396306,0.05342248,-0.07282572,-0.1108973,0.08510184,0.3649804,-0.02024943,0.02753405,-0.07195044,-0.02065085,0.01862761,0.3489364,0.1216717,0.6374967,0.1379722,-0.02511118,0.06169423,0.6689339,False,0,1,20
6/25/2025 12:13:22 PM,1750846402044,Right,0.05534026,0.05707715,-0.07335287,-0.1208568,0.09136359,0.381433,-0.02072036,0.02930065,-0.07239228,-0.02173232,0.02079531,0.3663066,0.1223251,0.6436959,0.1335089,-0.02752751,0.06468657,0.6684192,False,0,1,20
6/25/2025 12:13:22 PM,1750846402071,Right,0.05662696,0.06469997,-0.07332166,-0.1364279,0.106358,0.412663,-0.02159522,0.0346719,-0.0731474,-0.02268148,0.02554212,0.3977593,0.1241829,0.6577308,0.1243322,-0.02991634,0.0698793,0.6676571,False,0,1,20
6/25/2025 12:13:22 PM,1750846402085,Right,0.05723969,0.0705824,-0.07163712,-0.144346,0.1158038,0.4309003,-0.02204037,0.03722024,-0.07358597,-0.02356594,0.02670866,0.4141023,0.1255771,0.6657725,0.1194873,-0.03181196,0.07070391,0.6672807,False,0,1,20
6/25/2025 12:13:22 PM,1750846402098,Right,0.06028449,0.07788537,-0.07000346,-0.1518227,0.1261735,0.4486982,-0.02168788,0.03887506,-0.07404365,-0.02445723,0.02616074,0.4306808,0.1266807,0.6741313,0.1144551,-0.03366741,0.06959426,0.6669104,False,0,1,20
6/25/2025 12:13:22 PM,1750846402126,Right,0.0671604,0.09628494,-0.06668223,-0.1673159,0.1514251,0.4824916,-0.02101725,0.04232567,-0.07491577,-0.02397099,0.0287648,0.4634142,0.1293015,0.6931206,0.1040746,-0.03299677,0.07304487,0.6660383,False,0,1,20
6/25/2025 12:13:22 PM,1750846402140,Right,0.06817972,0.1073071,-0.06510356,-0.1748672,0.166222,0.4988943,-0.02134193,0.0443743,-0.07554971,-0.02438159,0.03041901,0.4784378,0.1308284,0.7035757,0.09871459,-0.03332146,0.07509351,0.6654043,False,0,1,20
6/25/2025 12:13:22 PM,1750846402168,Right,0.07145948,0.1287409,-0.0630581,-0.1901824,0.1973002,0.530103,-0.02100645,0.04908491,-0.07660091,-0.02421919,0.03433494,0.5089331,0.134626,0.7259443,0.08741546,-0.03298598,0.07980411,0.6643531,False,0,1,20
6/25/2025 12:13:22 PM,1750846402182,Right,0.072706,0.1403015,-0.06254082,-0.1978554,0.2154505,0.5440873,-0.02087561,0.05148457,-0.07721549,-0.02416663,0.03637522,0.5225852,0.1367185,0.7380595,0.0815208,-0.03285514,0.08220378,0.6637385,False,0,1,20
6/25/2025 12:13:22 PM,1750846402209,Right,0.07339048,0.1692993,-0.05725577,-0.2125536,0.2524564,0.5688489,-0.02044158,0.05652956,-0.07838792,-0.02373261,0.04142021,0.5214128,0.1409417,0.7635866,0.06958377,-0.03242111,0.08724876,0.6625661,False,0,1,20
6/25/2025 12:13:22 PM,1750846402224,Right,0.07204702,0.1843992,-0.05534487,-0.2191555,0.272553,0.5792541,-0.02004225,0.0592374,-0.07900311,-0.02333327,0.04412805,0.5207976,0.1430022,0.777212,0.06349337,-0.03202178,0.0899566,0.6619509,False,0,1,20
6/25/2025 12:13:22 PM,1750846402237,Right,0.06971269,0.199805,-0.05340103,-0.225427,0.2939924,0.5885364,-0.01972634,0.06214349,-0.07964494,-0.02301736,0.04703414,0.5201558,0.1450721,0.7918034,0.05727923,-0.03170586,0.0928627,0.6613091,False,0,1,20
6/25/2025 12:13:22 PM,1750846402265,Right,0.06123181,0.2346064,-0.04778139,-0.2364079,0.3363177,0.6018234,-0.01966276,0.06845116,-0.08092405,-0.02295378,0.05334181,0.5188767,0.1486429,0.8226207,0.04426003,-0.03164229,0.09917036,0.66003,False,0,1,20
6/25/2025 12:13:22 PM,1750846402279,Right,0.0560195,0.2538405,-0.04546954,-0.240959,0.3577776,0.6081578,-0.01960322,0.0717985,-0.08158968,-0.02289424,0.05668915,0.518211,0.1507055,0.8391168,0.03752065,-0.03158274,0.1025177,0.6593643,False,0,1,20
6/25/2025 12:13:22 PM,1750846402307,Right,0.04300669,0.2937991,-0.04377019,-0.2480942,0.4003449,0.6138369,-0.01919107,0.07895342,-0.08304855,-0.02248209,0.06384406,0.5167521,0.1545323,0.8749506,0.02301145,-0.0311706,0.1096726,0.6579055,False,0,1,20
6/25/2025 12:13:22 PM,1750846402321,Right,0.0349156,0.3123148,-0.04468883,-0.2511659,0.422301,0.6157475,-0.01893809,0.08278155,-0.08382154,-0.02222911,0.0676722,0.5159792,0.1569246,0.8940313,0.015324,-0.03091761,0.1135008,0.6571325,False,0,1,20
6/25/2025 12:13:22 PM,1750846402348,Right,0.02000752,0.3448381,-0.04999611,-0.2555344,0.4654292,0.6121694,-0.01861055,0.09081979,-0.08553308,-0.02190157,0.07571044,0.5142676,0.1612872,0.9340379,-0.0007454157,-0.03046857,0.1215583,0.6554222,False,0,1,20
6/25/2025 12:13:22 PM,1750846402362,Right,0.01200383,0.3611169,-0.05389999,-0.2571329,0.4858984,0.6107286,-0.01846258,0.09498309,-0.08633102,-0.02175361,0.07987373,0.5134697,0.1633904,0.9551643,-0.008487225,-0.0303206,0.1257216,0.6546242,False,0,1,20
6/25/2025 12:13:22 PM,1750846402390,Right,-0.008579309,0.391289,-0.06358519,-0.2579442,0.524567,0.6026108,-0.01826128,0.1039963,-0.08760359,-0.02155231,0.08888695,0.5121971,0.1663638,0.9985204,-0.02334356,-0.0301193,0.1347348,0.6533517,False,0,1,20
6/25/2025 12:13:22 PM,1750846402404,Right,-0.01945033,0.406902,-0.06869161,-0.2580573,0.5445295,0.5977381,-0.01812185,0.1084371,-0.0883268,-0.02141288,0.09332771,0.5114739,0.1672388,1.020748,-0.03057694,-0.02997987,0.1391756,0.6526284,False,0,1,20
6/25/2025 12:13:22 PM,1750846402418,Right,-0.03005155,0.4213929,-0.07472564,-0.2572957,0.5622389,0.5914015,-0.01788619,0.1127892,-0.08916756,-0.02117721,0.09767983,0.5106332,0.1678747,1.042968,-0.03750968,-0.02974421,0.1435277,0.6517877,False,0,1,20
6/25/2025 12:13:22 PM,1750846402446,Right,-0.04877722,0.4525095,-0.08748089,-0.2542677,0.5963771,0.5758719,-0.01791779,0.1215866,-0.09053204,-0.02120881,0.1064772,0.5092686,0.1671995,1.08731,-0.05055904,-0.02977581,0.1523251,0.6504232,False,0,1,20
6/25/2025 12:13:22 PM,1750846402460,Right,-0.0581513,0.4682154,-0.09397385,-0.2518702,0.6116949,0.5656685,-0.01818947,0.1254302,-0.0910995,-0.02148049,0.1103208,0.5087012,0.166131,1.109057,-0.0570904,-0.03004749,0.1561687,0.6498557,False,0,1,20
6/25/2025 12:13:22 PM,1750846402487,Right,-0.07648677,0.4982899,-0.1080987,-0.2449869,0.6399031,0.5433722,-0.01844853,0.1341675,-0.09210783,-0.02173955,0.1190581,0.5076929,0.1626116,1.151429,-0.06751144,-0.03030655,0.164906,0.6488474,False,0,1,20
6/25/2025 12:13:22 PM,1750846402501,Right,-0.08495674,0.5162362,-0.1139711,-0.2393925,0.6515666,0.5311553,-0.01842192,0.1385008,-0.09253584,-0.02171294,0.1233915,0.5072649,0.1607225,1.171984,-0.0718956,-0.03027994,0.1692394,0.6484194,False,0,1,20
