ts_datetime,ts_unix_ms,primary_grab_hand,pt_x,pt_y,pt_z,st_x,st_y,st_z,pv_x,pv_y,pv_z,sv_x,sv_y,sv_z,hmd_x,hmd_y,hmd_z,ee_x,ee_y,ee_z,shovel_loaded_state,cube_max_target_reached,grab_count,collision_or_load_count
6/24/2025 1:22:17 PM,1750764137861,Right,-0.9422146,0.1275358,0.5024451,-0.7825617,0.4899777,0.3004001,-0.9399615,0.1283219,0.5015399,-0.1,3,0,-0.9231473,0.7320018,0.3616296,-0.9790549,0.05953775,0.5005211,False,1,1,0
6/24/2025 1:22:17 PM,1750764137875,Right,-0.9455417,0.1258296,0.5026606,-0.7866606,0.4900335,0.3004369,-0.9414611,0.1273656,0.5018475,-0.1,3,0,-0.925264,0.7288272,0.3616816,-0.9806949,0.05865989,0.5009403,False,1,1,0
6/24/2025 1:22:17 PM,1750764137903,Right,-0.9518367,0.1207365,0.5014213,-0.7908539,0.4916267,0.3012835,-0.946237,0.1232976,0.5018199,-0.1,3,0,-0.9297005,0.7233539,0.3621615,-0.9860955,0.05495481,0.5007436,False,1,1,0
6/24/2025 1:22:17 PM,1750764137917,Right,-0.9545063,0.1175199,0.4998535,-0.7905377,0.492306,0.3021644,-0.9501894,0.1201787,0.5012,-0.1,3,0,-0.9318312,0.7206409,0.3625139,-0.9895071,0.05152428,0.5000686,False,1,1,0
6/24/2025 1:22:17 PM,1750764137931,Right,-0.9572624,0.1150117,0.4986402,-0.7898182,0.4921497,0.3026708,-0.9540203,0.1161717,0.5000014,-0.1,3,0,-0.9336942,0.7178526,0.3627406,-0.9934261,0.04757598,0.4984517,False,1,1,0
6/24/2025 1:22:17 PM,1750764137958,Right,-0.9618672,0.1113316,0.4962584,-0.7891964,0.4881813,0.3011087,-0.9606787,0.1097327,0.4976669,-0.1,3,0,-0.9364978,0.7131482,0.3633779,-0.9996104,0.04086883,0.4960283,False,1,1,0
6/24/2025 1:22:17 PM,1750764137972,Right,-0.9639567,0.1102508,0.4953262,-0.7898599,0.4853979,0.3000098,-0.9625774,0.1083563,0.4971741,-0.1,3,0,-0.9377471,0.7108666,0.3636297,-1.001604,0.03953703,0.4959747,False,1,1,0
6/24/2025 1:22:18 PM,1750764138000,Right,-0.9670006,0.1089386,0.4934229,-0.7928914,0.4792719,0.2978693,-0.9656125,0.1062402,0.4954763,-0.1,3,0,-0.9401423,0.7071189,0.3641011,-1.005233,0.03775365,0.4948209,False,1,1,0
6/24/2025 1:22:18 PM,1750764138014,Right,-0.9679526,0.1079989,0.4929389,-0.7946056,0.4772012,0.2974986,-0.9665363,0.1053838,0.4951415,-0.1,3,0,-0.9411343,0.705376,0.36453,-1.006169,0.03690282,0.4947044,False,1,1,0
6/24/2025 1:22:18 PM,1750764138042,Right,-0.9679037,0.1055701,0.4921359,-0.7977823,0.4781504,0.29818,-0.9669683,0.1028369,0.4944671,-0.1,3,0,-0.9419097,0.7021813,0.3654929,-1.006824,0.034487,0.4938359,False,1,1,0
6/24/2025 1:22:18 PM,1750764138056,Right,-0.9678603,0.1040094,0.4909762,-0.7991627,0.4799182,0.2988523,-0.9666254,0.1012561,0.4935707,-0.1,3,0,-0.9423944,0.7010572,0.3660125,-1.006611,0.03298648,0.4925632,False,1,1,0
6/24/2025 1:22:18 PM,1750764138070,Right,-0.9673008,0.1028877,0.4892443,-0.8004373,0.4826662,0.2995628,-0.9662659,0.100045,0.4927234,-0.1,3,0,-0.942984,0.7001597,0.3665422,-1.006297,0.03181792,0.4909463,False,1,1,0
6/24/2025 1:22:18 PM,1750764138097,Right,-0.9662164,0.1011684,0.4860772,-0.8021814,0.484406,0.3002313,-0.9655643,0.09841599,0.4903427,-0.1,3,0,-0.9435445,0.6987751,0.367575,-1.005605,0.03020527,0.4881887,False,1,1,0
6/24/2025 1:22:18 PM,1750764138111,Right,-0.9650959,0.1016423,0.4850878,-0.8028239,0.4836509,0.3002537,-0.9647669,0.09895021,0.4897265,-0.1,3,0,-0.9439543,0.6988087,0.3683218,-1.004978,0.03084086,0.4875394,False,1,1,0
6/24/2025 1:22:18 PM,1750764138139,Right,-0.9627348,0.1053702,0.4843997,-0.8029824,0.4803849,0.3001417,-0.9636641,0.1025148,0.4894849,-0.1,3,0,-0.9449614,0.7007826,0.3699421,-1.004623,0.03484918,0.4873995,False,1,1,0
6/24/2025 1:22:18 PM,1750764138153,Right,-0.961193,0.1092271,0.4853104,-0.8036228,0.4785795,0.300522,-0.9628181,0.1050814,0.490224,-0.1,3,0,-0.9449266,0.7024188,0.3706864,-1.004338,0.03775541,0.4882413,False,1,1,0
6/24/2025 1:22:18 PM,1750764138180,Right,-0.9573592,0.1211871,0.4887401,-0.8037256,0.4786535,0.3016266,-0.9608076,0.1123431,0.4927455,-0.1,3,0,-0.9441727,0.7075112,0.3731884,-1.003746,0.04590443,0.4910776,False,1,1,0
6/24/2025 1:22:18 PM,1750764138195,Right,-0.9550782,0.1283199,0.4903196,-0.8031162,0.4780354,0.3028363,-0.9594669,0.1172998,0.4943408,-0.1,3,0,-0.9438347,0.7105809,0.3751429,-1.003286,0.05143414,0.4928485,False,1,1,0
6/24/2025 1:22:18 PM,1750764138222,Right,-0.948233,0.1463018,0.4928061,-0.8019384,0.4773715,0.303243,-0.9555006,0.1301575,0.497286,-0.1,3,0,-0.94271,0.7189673,0.3795565,-1.001389,0.06571085,0.4960782,False,1,1,0
6/24/2025 1:22:18 PM,1750764138236,Right,-0.9438626,0.1562791,0.4933676,-0.800649,0.4771921,0.3027848,-0.9525284,0.1380678,0.4984069,-0.1,3,0,-0.9414259,0.7244545,0.382131,-0.9995963,0.07447595,0.4972739,False,1,1,0
6/24/2025 1:22:18 PM,1750764138250,Right,-0.9390901,0.166252,0.4929799,-0.7987443,0.4763781,0.3025409,-0.9490423,0.1461609,0.4992405,-0.1,3,0,-0.9395021,0.7306517,0.3851789,-0.9972825,0.08345295,0.4981499,False,1,1,0
6/24/2025 1:22:18 PM,1750764138277,Right,-0.9300081,0.1873938,0.491984,-0.7946817,0.4740941,0.3029774,-0.9394524,0.1650709,0.4997953,-0.1,3,0,-0.9356228,0.7448559,0.3918113,-0.9904292,0.1045677,0.4986487,False,1,1,0
6/24/2025 1:22:18 PM,1750764138292,Right,-0.9246391,0.1990012,0.4916135,-0.7919153,0.4724552,0.3041788,-0.9328701,0.176337,0.5001686,-0.1,3,0,-0.9329678,0.7529664,0.3956777,-0.9853718,0.1171528,0.4989897,False,1,1,0
6/24/2025 1:22:18 PM,1750764138320,Right,-0.9128278,0.2232517,0.4931234,-0.785858,0.4697163,0.3060237,-0.922121,0.2009257,0.5023222,-0.1,3,0,-0.9270352,0.7715528,0.4033872,-0.9748433,0.1419442,0.5008606,False,1,1,0
6/24/2025 1:22:18 PM,1750764138333,Right,-0.9054903,0.2369587,0.4955102,-0.7816876,0.4685248,0.3061763,-0.9153919,0.2150389,0.5050272,-0.1,3,0,-0.9232639,0.7826546,0.4079698,-0.9685974,0.1564929,0.5035673,False,1,1,0
6/24/2025 1:22:18 PM,1750764138361,Right,-0.8904065,0.2630842,0.5007042,-0.7709676,0.465316,0.3056823,-0.8999457,0.2431004,0.512269,-0.1,3,0,-0.9170319,0.807201,0.4193095,-0.9541239,0.1854466,0.5111051,False,1,1,0
6/24/2025 1:22:18 PM,1750764138375,Right,-0.882388,0.2774926,0.504191,-0.7640733,0.4627026,0.3052942,-0.8923067,0.2583085,0.5164556,-0.1,3,0,-0.913658,0.8202083,0.4246143,-0.946591,0.2007492,0.5155902,False,1,1,0
6/24/2025 1:22:18 PM,1750764138389,Right,-0.8742567,0.2924071,0.5080281,-0.7569526,0.4606487,0.3041021,-0.8852412,0.2727708,0.5201994,-0.1,3,0,-0.9090394,0.834183,0.4297603,-0.9394725,0.2151552,0.5201077,False,1,1,0
6/24/2025 1:22:18 PM,1750764138416,Right,-0.8563257,0.3239067,0.5173281,-0.7436889,0.4607595,0.299631,-0.8691372,0.3030239,0.5297393,-0.1,3,0,-0.8983396,0.8633319,0.4405462,-0.9237998,0.2458349,0.5311555,False,1,1,0
6/24/2025 1:22:18 PM,1750764138431,Right,-0.8461071,0.3403887,0.5220793,-0.7387453,0.4646434,0.2973205,-0.8602852,0.318528,0.5345169,-0.1,3,0,-0.8932899,0.8788773,0.4460589,-0.915324,0.2617171,0.5364761,False,1,1,0
6/24/2025 1:22:18 PM,1750764138458,Right,-0.8251349,0.3739945,0.5299591,-0.7302614,0.4829377,0.2968429,-0.8399774,0.3529747,0.5433946,-0.1,3,0,-0.8807126,0.9108399,0.4565648,-0.8955881,0.2967698,0.5464031,False,1,1,0
6/24/2025 1:22:18 PM,1750764138472,Right,-0.8142158,0.3922408,0.5328013,-0.7248994,0.4987774,0.298278,-0.8302443,0.3704141,0.5466648,-0.1,3,0,-0.8735644,0.9275991,0.4610518,-0.8857251,0.3141182,0.5503052,False,1,1,0
6/24/2025 1:22:18 PM,1750764138500,Right,-0.7928632,0.4303831,0.5366465,-0.7093347,0.5314093,0.299589,-0.8104671,0.4069765,0.5519144,-0.1,3,0,-0.8588473,0.9630612,0.4715923,-0.8660418,0.3508285,0.5563233,False,1,1,0
6/24/2025 1:22:18 PM,1750764138514,Right,-0.7815322,0.4500952,0.5386528,-0.6994067,0.5483893,0.2993947,-0.8001557,0.4256527,0.5544118,-0.1,3,0,-0.8505365,0.981401,0.4761838,-0.8557523,0.3695726,0.5593749,False,1,1,0
6/24/2025 1:22:18 PM,1750764138541,Right,-0.7584962,0.4881888,0.5416831,-0.6818856,0.5791143,0.2956611,-0.7767342,0.465635,0.5581695,-0.1,3,0,-0.8305255,1.019923,0.4838001,-0.8321944,0.409588,0.564764,False,1,1,0
6/24/2025 1:22:18 PM,1750764138555,Right,-0.7470466,0.5064923,0.5427619,-0.6751226,0.5926921,0.293651,-0.7653915,0.4842759,0.5594589,-0.1,3,0,-0.8202115,1.038942,0.4865679,-0.8205459,0.4279223,0.5660061,False,1,1,0
6/24/2025 1:22:18 PM,1750764138570,Right,-0.7354409,0.5255058,0.5434538,-0.6696805,0.6065511,0.2909254,-0.7540618,0.5039463,0.5612791,-0.1,3,0,-0.809646,1.060538,0.4921795,-0.809294,0.4476787,0.5679085,False,1,1,0
6/24/2025 1:22:18 PM,1750764138598,Right,-0.7133814,0.5644097,0.5443174,-0.6577185,0.6352834,0.285869,-0.7318522,0.5434353,0.5632582,-0.1,3,0,-0.7862357,1.100369,0.499189,-0.7869474,0.487184,0.5710617,False,1,1,0
6/24/2025 1:22:18 PM,1750764138612,Right,-0.7033232,0.5841569,0.5440248,-0.6513261,0.6498814,0.2833685,-0.7208219,0.5629259,0.5636466,-0.1,3,0,-0.7728609,1.120119,0.500816,-0.7761685,0.5070224,0.5721398,False,1,1,0
6/24/2025 1:22:18 PM,1750764138639,Right,-0.6848079,0.6223657,0.5433153,-0.639686,0.6774529,0.2788538,-0.7016648,0.6022688,0.5636154,-0.1,3,0,-0.7502691,1.162768,0.5044962,-0.756954,0.5464454,0.5729662,False,1,1,0
6/24/2025 1:22:18 PM,1750764138653,Right,-0.6772772,0.6413986,0.5421952,-0.6355382,0.6902558,0.2764491,-0.6928976,0.622229,0.563448,-0.1,3,0,-0.7390996,1.183727,0.5068868,-0.7481868,0.5664055,0.5727987,False,1,1,0
6/24/2025 1:22:18 PM,1750764138681,Right,-0.662407,0.6815694,0.5412086,-0.629383,0.7137246,0.271839,-0.6772702,0.662607,0.5634303,-0.1,3,0,-0.7143966,1.223872,0.5076369,-0.7327374,0.6070051,0.573043,False,1,1,0
6/24/2025 1:22:18 PM,1750764138695,Right,-0.6550406,0.7014799,0.5410239,-0.627174,0.7232988,0.269555,-0.6687003,0.6829311,0.5636391,-0.1,3,0,-0.7009939,1.242329,0.5060419,-0.7243123,0.6275308,0.5735736,False,1,1,0
6/24/2025 1:22:18 PM,1750764138722,Right,-0.6409901,0.7386267,0.5404452,-0.6235095,0.7394646,0.2651592,-0.6517044,0.7193994,0.5623546,-0.1,3,0,-0.673263,1.276655,0.5008963,-0.7077222,0.6646174,0.5733782,False,1,1,0
6/24/2025 1:22:18 PM,1750764138736,Right,-0.6345547,0.7557019,0.5395397,-0.6223439,0.7463169,0.2633661,-0.6440872,0.7349187,0.5596454,-0.1,3,0,-0.6599375,1.290825,0.4958175,-0.700458,0.6806703,0.5714792,False,1,1,0
6/24/2025 1:22:18 PM,1750764138750,Right,-0.6283087,0.77231,0.5383128,-0.6210519,0.7534698,0.2618476,-0.6364384,0.7508192,0.557549,-0.1,3,0,-0.6471509,1.308511,0.4942526,-0.6933362,0.6973211,0.5702445,False,1,1,0
6/24/2025 1:22:18 PM,1750764138778,Right,-0.6169409,0.8035373,0.5343744,-0.6195279,0.7654398,0.2601377,-0.6215317,0.7824584,0.5531735,-0.1,3,0,-0.6219236,1.338783,0.4875828,-0.6790895,0.7297985,0.566388,False,1,1,0
6/24/2025 1:22:18 PM,1750764138792,Right,-0.6106204,0.8184029,0.5328926,-0.618616,0.7714537,0.2594489,-0.6140606,0.7974557,0.5514814,-0.1,3,0,-0.6089078,1.352714,0.4846948,-0.6716961,0.7449831,0.5650966,False,1,1,0
6/24/2025 1:22:18 PM,1750764138819,Right,-0.5959748,0.8444681,0.5317987,-0.6170768,0.7816323,0.2593588,-0.597156,0.8234642,0.5487813,-0.1,3,0,-0.5823969,1.378628,0.4776958,-0.6548505,0.771487,0.563957,False,1,1,0
6/24/2025 1:22:18 PM,1750764138834,Right,-0.5879272,0.8560942,0.5316392,-0.6160961,0.7867015,0.2596575,-0.5880112,0.8346741,0.5480015,-0.1,3,0,-0.5700065,1.391312,0.4735211,-0.6458808,0.7829192,0.5632702,False,1,1,0
6/24/2025 1:22:18 PM,1750764138861,Right,-0.5708619,0.8792381,0.5307707,-0.6143817,0.796091,0.2618638,-0.569418,0.858501,0.5458776,-0.1,3,0,-0.5434116,1.415305,0.4663647,-0.6272231,0.8069755,0.5621343,False,1,1,0
6/24/2025 1:22:18 PM,1750764138875,Right,-0.561293,0.890081,0.5303937,-0.6136428,0.8012394,0.264022,-0.5591446,0.8695443,0.5447659,-0.1,3,0,-0.5292407,1.42579,0.4625057,-0.6171087,0.8184595,0.5618275,False,1,1,0
6/24/2025 1:22:18 PM,1750764138889,Right,-0.5516587,0.9008638,0.5299619,-0.6124238,0.8064863,0.2662569,-0.5481603,0.8796079,0.5436638,-0.1,3,0,-0.5152324,1.435828,0.4582518,-0.6063267,0.8290565,0.5616028,False,1,1,0
6/24/2025 1:22:18 PM,1750764138917,Right,-0.5294784,0.9195187,0.5307466,-0.6081976,0.8169173,0.2728413,-0.5241755,0.8976989,0.5423045,-0.1,3,0,-0.4845065,1.453289,0.4485494,-0.5825213,0.8479735,0.561894,False,1,1,0
6/24/2025 1:22:18 PM,1750764138931,Right,-0.5170077,0.9267495,0.5313872,-0.605204,0.8222911,0.2765187,-0.5116763,0.9058302,0.5417266,-0.1,3,0,-0.4691719,1.46098,0.4435846,-0.5700163,0.8563837,0.5620265,False,1,1,0
6/24/2025 1:22:18 PM,1750764138959,Right,-0.4920748,0.9385947,0.5312268,-0.5978111,0.8329915,0.2844454,-0.4855206,0.9175487,0.5397232,-0.1,3,0,-0.4397112,1.473243,0.4339482,-0.5434704,0.8682684,0.5614918,False,1,1,0
6/24/2025 1:22:18 PM,1750764138973,Right,-0.4784547,0.9410676,0.530718,-0.5933524,0.8384424,0.2891668,-0.4719043,0.9209555,0.5385385,-0.1,3,0,-0.4252003,1.477303,0.4297224,-0.5294366,0.8714389,0.5608706,False,1,1,0
6/24/2025 1:22:19 PM,1750764139000,Right,-0.4510149,0.9468391,0.5295197,-0.5837907,0.8503313,0.2991322,-0.4436607,0.9268775,0.5367447,-0.1,3,0,-0.3954526,1.485271,0.4231373,-0.5008559,0.8777887,0.5608193,False,1,1,0
6/24/2025 1:22:19 PM,1750764139014,Right,-0.4369251,0.9472407,0.5283569,-0.5786749,0.8565109,0.3042525,-0.4291117,0.9284211,0.5356806,-0.1,3,0,-0.3795637,1.489184,0.4212548,-0.4860308,0.8793077,0.5603521,False,1,1,0
6/24/2025 1:22:19 PM,1750764139042,Right,-0.4089762,0.9460301,0.5239764,-0.5671626,0.8687676,0.3148674,-0.4004436,0.9293543,0.5311359,-0.1,3,0,-0.347349,1.495108,0.4172789,-0.4571289,0.8804392,0.5567225,False,1,1,0
6/24/2025 1:22:19 PM,1750764139056,Right,-0.394349,0.9450098,0.521257,-0.560546,0.874485,0.3199919,-0.3861825,0.928874,0.5278176,-0.1,3,0,-0.3317899,1.497465,0.4138268,-0.4423667,0.8800231,0.5546041,False,1,1,0
6/24/2025 1:22:19 PM,1750764139070,Right,-0.3785037,0.9430919,0.5188564,-0.553094,0.8795926,0.3244673,-0.3707209,0.9284989,0.5253345,-0.1,3,0,-0.3165725,1.49961,0.4109453,-0.4262029,0.8793436,0.5530128,False,1,1,0
6/24/2025 1:22:19 PM,1750764139097,Right,-0.3423511,0.9376982,0.5154282,-0.536518,0.8888803,0.3323039,-0.3359245,0.9260267,0.5222279,-0.1,3,0,-0.2833654,1.502339,0.4080683,-0.3905419,0.8767204,0.5513214,False,1,1,0
6/24/2025 1:22:19 PM,1750764139112,Right,-0.3222009,0.9337852,0.5138705,-0.527018,0.8931747,0.3360685,-0.3176916,0.9239336,0.5218446,-0.1,3,0,-0.2655557,1.503785,0.4081434,-0.37214,0.8746632,0.551313,False,1,1,0
6/24/2025 1:22:19 PM,1750764139140,Right,-0.2828783,0.9253928,0.5093415,-0.506991,0.9016252,0.3437661,-0.2765701,0.9175372,0.5183628,-0.1,3,0,-0.2306165,1.504732,0.4070145,-0.3306664,0.8685196,0.5488827,False,1,1,0
6/24/2025 1:22:19 PM,1750764139153,Right,-0.2619787,0.920577,0.5067693,-0.4955693,0.9051847,0.34735,-0.256499,0.9138969,0.5162199,-0.1,3,0,-0.2130486,1.504794,0.4054612,-0.3098631,0.8645493,0.5474879,False,1,1,0
6/24/2025 1:22:19 PM,1750764139180,Right,-0.2159771,0.9099037,0.5023891,-0.4704601,0.9107091,0.3537139,-0.2116977,0.9063476,0.5122987,-0.1,3,0,-0.1773695,1.505719,0.4027126,-0.2630263,0.8562132,0.5456529,False,1,1,0
6/24/2025 1:22:19 PM,1750764139195,Right,-0.188825,0.9035449,0.5003262,-0.4555937,0.9117823,0.3560525,-0.1885955,0.9027469,0.5109718,-0.1,3,0,-0.158028,1.50587,0.4022413,-0.2388082,0.8519104,0.5449561,False,1,1,0
6/24/2025 1:22:19 PM,1750764139223,Right,-0.1364236,0.8927187,0.4952043,-0.4262456,0.9129702,0.3608927,-0.1378415,0.8944499,0.5069054,-0.1,3,0,-0.1194048,1.505347,0.4010617,-0.1866215,0.8430977,0.5421765,False,1,1,0
6/24/2025 1:22:19 PM,1750764139237,Right,-0.1091341,0.888653,0.4917836,-0.4106714,0.9124873,0.3636023,-0.1110944,0.8911723,0.5041258,-0.1,3,0,-0.1000029,1.505486,0.4000438,-0.1592481,0.8396893,0.5400606,False,1,1,0
6/24/2025 1:22:19 PM,1750764139250,Right,-0.08165419,0.8857925,0.4878758,-0.3946351,0.9114233,0.3665251,-0.08266559,0.8887677,0.5010245,-0.1,3,0,-0.08058512,1.505518,0.399317,-0.1301003,0.837193,0.5377749,False,1,1,0
6/24/2025 1:22:19 PM,1750764139278,Right,-0.02688015,0.8814263,0.4792086,-0.3612775,0.9082308,0.3724309,-0.0295601,0.8859307,0.4941759,-0.1,3,0,-0.04246604,1.506519,0.3973528,-0.07480688,0.8340501,0.5331852,False,1,1,0
6/24/2025 1:22:19 PM,1750764139292,Right,-0.0003219843,0.8783572,0.4747392,-0.3443741,0.9065099,0.3753308,-0.004742157,0.8836716,0.4895673,-0.1,3,0,-0.02447164,1.506562,0.3962415,-0.04830774,0.8313299,0.5298535,False,1,1,0
6/24/2025 1:22:19 PM,1750764139319,Right,0.05441642,0.8718287,0.4643233,-0.3086725,0.9009437,0.3827938,0.0439766,0.879593,0.4789322,-0.1,3,0,0.007971644,1.509124,0.3941451,0.004804917,0.8254821,0.5213372,False,1,1,0
6/24/2025 1:22:19 PM,1750764139333,Right,0.0825516,0.8693932,0.4593102,-0.2906336,0.8983079,0.387014,0.0684056,0.8786165,0.4745364,-0.1,3,0,0.02410042,1.510284,0.3928412,0.03162068,0.8232099,0.5174033,False,1,1,0
6/24/2025 1:22:19 PM,1750764139362,Right,0.138664,0.8672658,0.4490136,-0.250683,0.8941984,0.3959588,0.1186413,0.8786357,0.4658388,-0.1,3,0,0.05627239,1.512849,0.3922654,0.08712039,0.8211157,0.5100935,False,1,1,0
6/24/2025 1:22:19 PM,1750764139375,Right,0.1658672,0.8661022,0.4439646,-0.2297434,0.8936478,0.4001111,0.1433279,0.878388,0.4617301,-0.1,3,0,0.0717454,1.513801,0.3932453,0.1142081,0.8201839,0.5067292,False,1,1,0
6/24/2025 1:22:19 PM,1750764139389,Right,0.1925873,0.865103,0.4389101,-0.2073942,0.8946191,0.4039823,0.1677614,0.8778732,0.4579162,-0.1,3,0,0.0866555,1.514435,0.3943673,0.1405615,0.8189021,0.5031175,False,1,1,0
6/24/2025 1:22:19 PM,1750764139417,Right,0.2443931,0.8653173,0.4302351,-0.1647826,0.8966616,0.4109074,0.2151154,0.8781333,0.4515618,-0.1,3,0,0.1145009,1.514242,0.3956398,0.1899442,0.8188623,0.4975396,False,1,1,0
6/24/2025 1:22:19 PM,1750764139431,Right,0.2686068,0.8658146,0.4264642,-0.1438378,0.8982326,0.4139539,0.2372186,0.8782403,0.4485246,-0.1,3,0,0.127607,1.514045,0.3963572,0.2134704,0.8189466,0.4952244,False,1,1,0
6/24/2025 1:22:19 PM,1750764139459,Right,0.3138007,0.8660675,0.4196821,-0.1037332,0.901938,0.4189588,0.2778938,0.8782542,0.4433676,-0.1,3,0,0.1526822,1.513126,0.3984159,0.2583362,0.8182929,0.4911454,False,1,1,0
6/24/2025 1:22:19 PM,1750764139473,Right,0.3355814,0.8655397,0.4161735,-0.08531654,0.9042006,0.4210725,0.2974031,0.8776242,0.4408594,-0.1,3,0,0.1648823,1.51235,0.3991255,0.2788722,0.8174932,0.488833,False,1,1,0
6/24/2025 1:22:19 PM,1750764139500,Right,0.3771776,0.8627014,0.4092767,-0.0507561,0.9097999,0.4258136,0.3363328,0.8748791,0.4357794,-0.1,3,0,0.1878861,1.510223,0.4016991,0.3198485,0.8144667,0.4841447,False,1,1,0
6/24/2025 1:22:19 PM,1750764139514,Right,0.3953671,0.8602731,0.4065374,-0.03476751,0.9132788,0.4284066,0.3533373,0.8729853,0.4337881,-0.1,3,0,0.1990461,1.508551,0.4029237,0.338148,0.8123263,0.4822686,False,1,1,0
6/24/2025 1:22:19 PM,1750764139542,Right,0.4293944,0.8550743,0.4016852,-0.003599286,0.9187302,0.4335945,0.3839462,0.8679591,0.4302235,-0.1,3,0,0.2205899,1.505272,0.4060706,0.3716985,0.8068665,0.4789909,False,1,1,0
6/24/2025 1:22:19 PM,1750764139556,Right,0.4446945,0.8518209,0.3994136,0.01062489,0.9207374,0.4357511,0.3983442,0.8654745,0.4290126,-0.1,3,0,0.2315159,1.503027,0.4078265,0.3875329,0.8036833,0.4772367,False,1,1,0
6/24/2025 1:22:19 PM,1750764139570,Right,0.4601717,0.8484869,0.3968316,0.02496016,0.9224947,0.4377352,0.4135117,0.8623902,0.4272095,-0.1,3,0,0.2421629,1.500782,0.4097918,0.4035075,0.8004863,0.4754632,False,1,1,0
6/24/2025 1:22:19 PM,1750764139597,Right,0.4907862,0.8412468,0.3914286,0.05156207,0.9247025,0.4404513,0.4413927,0.8558326,0.4237913,-0.1,3,0,0.262742,1.495566,0.4134139,0.4327054,0.7933751,0.4715845,False,1,1,0
6/24/2025 1:22:19 PM,1750764139612,Right,0.5052007,0.8375434,0.3889388,0.06451571,0.9252653,0.4415312,0.4550326,0.8520548,0.4220139,-0.1,3,0,0.27292,1.492868,0.4155207,0.4471463,0.7894583,0.4697639,False,1,1,0
6/24/2025 1:22:19 PM,1750764139639,Right,0.5300031,0.8286632,0.3847237,0.08804655,0.9238358,0.4426194,0.4787145,0.8441059,0.419571,-0.1,3,0,0.2941358,1.487043,0.4208878,0.4718252,0.7809355,0.4667157,False,1,1,0
6/24/2025 1:22:19 PM,1750764139653,Right,0.5417265,0.8238246,0.3827698,0.09944952,0.9222865,0.4430684,0.4909976,0.8398526,0.4187287,-0.1,3,0,0.3049971,1.483575,0.4239471,0.4846196,0.7762665,0.465384,False,1,1,0
6/24/2025 1:22:19 PM,1750764139681,Right,0.5662365,0.8138478,0.3789377,0.1225528,0.9191981,0.4447817,0.5149815,0.8305923,0.4170892,-0.1,3,0,0.3269465,1.475746,0.4303824,0.5094715,0.7663063,0.4628882,False,1,1,0
6/24/2025 1:22:19 PM,1750764139695,Right,0.5777361,0.8080866,0.3772556,0.133756,0.9175841,0.4457897,0.5264066,0.8252099,0.4164387,-0.1,3,0,0.3382133,1.471143,0.4338269,0.5211601,0.7606655,0.461904,False,1,1,0
6/24/2025 1:22:19 PM,1750764139722,Right,0.6005303,0.7958525,0.3739828,0.1565292,0.9152689,0.4482661,0.5490379,0.8130939,0.4152229,-0.1,3,0,0.3617219,1.460279,0.4414917,0.5447078,0.7482186,0.4603121,False,1,1,0
6/24/2025 1:22:19 PM,1750764139737,Right,0.6116247,0.7886649,0.3728542,0.1678315,0.9132239,0.450245,0.5606493,0.8065515,0.4151593,-0.1,3,0,0.37427,1.453553,0.4459857,0.5566126,0.7413588,0.4598158,False,1,1,0
6/24/2025 1:22:19 PM,1750764139750,Right,0.6228527,0.7811969,0.3719193,0.1792704,0.9108073,0.4525074,0.5720429,0.7988691,0.415298,-0.1,3,0,0.3870062,1.446485,0.4508361,0.568357,0.7336141,0.4598938,False,1,1,0
6/24/2025 1:22:19 PM,1750764139778,Right,0.6433984,0.7637012,0.3700069,0.2019911,0.903445,0.4577233,0.5932055,0.7818166,0.4155946,-0.1,3,0,0.4126269,1.430978,0.4608785,0.5896044,0.7161985,0.4596615,False,1,1,0
6/24/2025 1:22:19 PM,1750764139792,Right,0.653146,0.7543038,0.3689337,0.2134098,0.8989214,0.4602053,0.6038952,0.7726185,0.4158641,-0.1,3,0,0.4259427,1.422814,0.4663032,0.6002389,0.7065944,0.4593156,False,1,1,0
6/24/2025 1:22:19 PM,1750764139820,Right,0.6718429,0.7330638,0.3670541,0.236745,0.8858291,0.4660021,0.6246915,0.752448,0.4171007,-0.1,3,0,0.4535915,1.403385,0.4782952,0.6208345,0.6853825,0.4589092,False,1,1,0
6/24/2025 1:22:19 PM,1750764139833,Right,0.6811601,0.7217957,0.3659768,0.2484651,0.8789061,0.4688071,0.6349928,0.7412986,0.4176218,-0.1,3,0,0.4676908,1.392507,0.485082,0.63113,0.6738213,0.4587617,False,1,1,0
6/24/2025 1:22:19 PM,1750764139862,Right,0.6991882,0.6961798,0.3642993,0.2723032,0.8652951,0.4742082,0.6541672,0.7167267,0.4185776,-0.1,3,0,0.4958116,1.368107,0.4975529,0.6501421,0.6486939,0.4587763,False,1,1,0
6/24/2025 1:22:19 PM,1750764139875,Right,0.7088995,0.6830712,0.3635763,0.2845547,0.8583834,0.476836,0.6644031,0.7030767,0.4191543,-0.1,3,0,0.5097712,1.354464,0.5037637,0.6602673,0.6349623,0.4592032,False,1,1,0
6/24/2025 1:22:19 PM,1750764139889,Right,0.719201,0.6682477,0.3629133,0.2969896,0.8512163,0.4790788,0.6757816,0.6881669,0.4196936,-0.1,3,0,0.5237203,1.33947,0.5096107,0.6715347,0.6199898,0.459624,False,1,1,0
6/24/2025 1:22:19 PM,1750764139917,Right,0.7402306,0.6364806,0.3625681,0.3209593,0.8373698,0.4827781,0.6974259,0.6560562,0.4209271,-0.1,3,0,0.5502802,1.306801,0.5201524,0.6930055,0.5876759,0.4604897,False,1,1,0
6/24/2025 1:22:19 PM,1750764139930,Right,0.7511026,0.6198248,0.3633209,0.3324158,0.8308576,0.4839944,0.7077641,0.640793,0.4224653,-0.1,3,0,0.5629293,1.289264,0.5253924,0.7033112,0.5723019,0.4618321,False,1,1,0
6/24/2025 1:22:19 PM,1750764139958,Right,0.7737675,0.5824476,0.3675642,0.3544512,0.8180827,0.4847534,0.7309999,0.6044818,0.4279591,-0.1,3,0,0.5876049,1.253167,0.5351089,0.7266123,0.5357036,0.4668294,False,1,1,0
6/24/2025 1:22:19 PM,1750764139972,Right,0.7846813,0.5627147,0.3696558,0.3639969,0.8107273,0.4835378,0.7432421,0.5841512,0.4309793,-0.1,3,0,0.6002096,1.235565,0.5399474,0.7388947,0.5151459,0.4694496,False,1,1,0
6/24/2025 1:22:20 PM,1750764140000,Right,0.8050945,0.5254912,0.3719873,0.3819724,0.7944952,0.4818343,0.7652296,0.5462608,0.4352128,-0.1,3,0,0.6243347,1.201221,0.5482327,0.7613888,0.4766247,0.4725846,False,1,1,0
6/24/2025 1:22:20 PM,1750764140014,Right,0.8145663,0.5069827,0.3723799,0.3902572,0.7856382,0.4809625,0.7752078,0.5280253,0.4361838,-0.1,3,0,0.6362094,1.18378,0.552179,0.7713638,0.4581988,0.4731984,False,1,1,0
6/24/2025 1:22:20 PM,1750764140041,Right,0.8324507,0.4702438,0.3731629,0.4048613,0.7670174,0.4789181,0.7936468,0.4912087,0.4377601,-0.1,3,0,0.6601249,1.147981,0.5606369,0.7893109,0.4210142,0.4740166,False,1,1,0
6/24/2025 1:22:20 PM,1750764140056,Right,0.841086,0.4538563,0.3745257,0.4115409,0.7587623,0.478458,0.8029128,0.4744303,0.4398645,-0.1,3,0,0.6716603,1.130181,0.5647992,0.7982612,0.4040827,0.4757835,False,1,1,0
6/24/2025 1:22:20 PM,1750764140070,Right,0.8498149,0.4384736,0.376377,0.4177017,0.7511162,0.4782126,0.8123858,0.4582195,0.4423478,-0.1,3,0,0.6821856,1.111807,0.5683044,0.8075386,0.3877729,0.4780461,False,1,1,0
6/24/2025 1:22:20 PM,1750764140098,Right,0.8658383,0.406501,0.3803555,0.428884,0.7362446,0.476002,0.8292149,0.4252191,0.4466525,-0.1,3,0,0.7000893,1.075261,0.5723246,0.8249025,0.3544626,0.4818025,False,1,1,0
6/24/2025 1:22:20 PM,1750764140111,Right,0.8731645,0.389459,0.3823321,0.4342983,0.728884,0.4743385,0.8365563,0.4079953,0.4483396,-0.1,3,0,0.7081486,1.058059,0.5735756,0.8317568,0.3371849,0.4833173,False,1,1,0
6/24/2025 1:22:20 PM,1750764140139,Right,0.887125,0.3574852,0.3876928,0.4439441,0.7151797,0.4692233,0.850382,0.3756696,0.453625,-0.1,3,0,0.7237808,1.024686,0.5776294,0.844349,0.3047145,0.4881151,False,1,1,0
6/24/2025 1:22:20 PM,1750764140153,Right,0.894738,0.3433734,0.3911691,0.4487516,0.7084119,0.4661666,0.8584493,0.3605889,0.4564971,-0.1,3,0,0.7314808,1.008193,0.5792972,0.8523176,0.2895239,0.4907426,False,1,1,0
6/24/2025 1:22:20 PM,1750764140181,Right,0.9110028,0.3171801,0.39827,0.4574676,0.6952196,0.459374,0.8752783,0.333003,0.4627641,-0.1,3,0,0.7462655,0.9769928,0.5818447,0.8692213,0.2618968,0.4969375,False,1,1,0
6/24/2025 1:22:20 PM,1750764140195,Right,0.9186668,0.3036825,0.4005368,0.4616355,0.6887041,0.4567585,0.8826746,0.3186803,0.464663,-0.1,3,0,0.7522123,0.9620305,0.5826193,0.8766763,0.2475521,0.4988009,False,1,1,0
6/24/2025 1:22:20 PM,1750764140209,Right,0.925932,0.290345,0.4023027,0.4656241,0.6827506,0.4552006,0.8892503,0.3049232,0.4658145,-0.1,3,0,0.7579124,0.9475725,0.5836302,0.8832996,0.2337474,0.4998614,False,1,1,0
6/24/2025 1:22:20 PM,1750764140236,Right,0.9407884,0.267666,0.4046894,0.4730732,0.6717481,0.4543017,0.9036748,0.2810775,0.4686184,-0.1,3,0,0.7681507,0.9202394,0.5858818,0.8981448,0.2097901,0.5025024,False,1,1,0
6/24/2025 1:22:20 PM,1750764140250,Right,0.9472855,0.2569693,0.4064341,0.4765086,0.6659982,0.4540727,0.9105088,0.269597,0.4701808,-0.1,3,0,0.7731452,0.907274,0.5865592,0.9053836,0.1982539,0.5040112,False,1,1,0
6/24/2025 1:22:20 PM,1750764140278,Right,0.9558252,0.235864,0.4093213,0.481963,0.6540385,0.4547786,0.9177539,0.247988,0.4719128,-0.1,3,0,0.781119,0.8843306,0.5873066,0.91322,0.1763676,0.5052378,False,1,1,0
6/24/2025 1:22:20 PM,1750764140292,Right,0.9593545,0.2263422,0.4108536,0.4840251,0.6482879,0.455948,0.9210366,0.2378965,0.4734183,-0.1,3,0,0.7848701,0.8736266,0.5879163,0.9165092,0.1660267,0.5062029,False,1,1,0
6/24/2025 1:22:20 PM,1750764140320,Right,0.9678799,0.2130432,0.4143834,0.4882337,0.6378166,0.4582752,0.9291098,0.223619,0.4771194,-0.1,3,0,0.7925894,0.8547999,0.588385,0.925069,0.1515731,0.5095795,False,2,1,0
6/24/2025 1:22:20 PM,1750764140334,Right,0.9718711,0.2081693,0.4168285,0.489985,0.6334938,0.4593365,0.9331748,0.2171347,0.4789632,-0.1,3,0,0.7958717,0.8461128,0.5886096,0.9296723,0.1451843,0.5116965,False,2,1,0
6/24/2025 1:22:20 PM,1750764140361,Right,0.977131,0.1984259,0.4227688,0.4937636,0.6255375,0.4594545,0.9386839,0.2059343,0.4837375,-0.1,3,0,0.8020544,0.8305142,0.5896591,0.9354416,0.1338786,0.5162652,False,2,1,0
6/24/2025 1:22:20 PM,1750764140375,Right,0.9792907,0.193604,0.4244308,0.4957613,0.6224905,0.4586103,0.940968,0.2004682,0.4851342,-0.1,3,0,0.8048811,0.8243703,0.5896508,0.937746,0.1283324,0.517486,False,2,1,0
6/24/2025 1:22:20 PM,1750764140389,Right,0.9817708,0.1895005,0.4243572,0.4978656,0.6203853,0.4571264,0.9432582,0.196002,0.4853843,-0.1,3,0,0.8071632,0.8189288,0.589574,0.940088,0.1237377,0.5174532,False,2,1,0
6/24/2025 1:22:20 PM,1750764140416,Right,0.9874738,0.1823553,0.4234052,0.5021992,0.6175959,0.4540747,0.9486806,0.1882393,0.4846146,-0.1,3,0,0.8110421,0.8085487,0.5899938,0.9473318,0.1157987,0.516413,False,2,1,0
6/24/2025 1:22:20 PM,1750764140431,Right,0.9891202,0.1792981,0.4234016,0.5042418,0.6173593,0.4526396,0.9501206,0.1850013,0.4848182,-0.1,3,0,0.812425,0.8047763,0.5903155,0.9488463,0.1126425,0.5168052,False,2,1,0
6/24/2025 1:22:20 PM,1750764140458,Right,0.9878349,0.1758844,0.4278293,0.5080326,0.6175644,0.4497937,0.9500155,0.1808896,0.4884504,-0.1,3,0,0.8169769,0.7988083,0.5908083,0.9476989,0.1089766,0.5213706,False,2,1,0
6/24/2025 1:22:20 PM,1750764140472,Right,0.9864177,0.1756307,0.4313183,0.5099695,0.6174704,0.4482508,0.9490217,0.1799577,0.4912421,-0.1,3,0,0.818543,0.7966514,0.5911463,0.9466246,0.1084163,0.5249566,False,2,1,0
6/24/2025 1:22:20 PM,1750764140500,Right,0.9814634,0.1764554,0.4367101,0.5123208,0.6175398,0.445786,0.9460133,0.1802322,0.4958722,-0.1,3,0,0.8212993,0.7961472,0.5921,0.9437288,0.1088028,0.5298313,False,2,1,0
6/24/2025 1:22:20 PM,1750764140514,Right,0.9793491,0.1755057,0.4371945,0.5127299,0.6176345,0.4453206,0.9442434,0.1798233,0.4963109,-0.1,3,0,0.8229871,0.7966626,0.5923318,0.9416745,0.1083059,0.5300638,False,2,1,0
6/24/2025 1:22:20 PM,1750764140542,Right,0.9760153,0.1751864,0.4378687,0.5136744,0.619078,0.446039,0.9422067,0.1807345,0.4969575,-0.1,3,0,0.8255005,0.8001115,0.5933985,0.93779,0.1092289,0.5305438,False,2,1,0
6/24/2025 1:22:20 PM,1750764140556,Right,0.9755077,0.1776104,0.4383835,0.5144042,0.6202738,0.4465276,0.9419742,0.1833935,0.4975843,-0.1,3,0,0.8270735,0.8036537,0.594834,0.9376686,0.112225,0.5318933,False,2,1,0
6/24/2025 1:22:20 PM,1750764140569,Right,0.9755765,0.1806456,0.4385968,0.5149269,0.6215914,0.4468654,0.9428141,0.1867254,0.4979805,-0.1,3,0,0.8291082,0.8075123,0.5962249,0.9387071,0.1158105,0.5328345,False,2,1,0
6/24/2025 1:22:20 PM,1750764140598,Right,0.9753349,0.1877838,0.4385211,0.5160125,0.625842,0.4478095,0.9431038,0.1944414,0.4987938,-0.1,3,0,0.8310375,0.8174461,0.5994102,0.9394081,0.1236295,0.5339025,False,2,1,0
6/24/2025 1:22:20 PM,1750764140611,Right,0.9751905,0.192869,0.4383742,0.5168238,0.6288721,0.4485064,0.9429443,0.1995777,0.4990451,-0.1,3,0,0.8303915,0.8240008,0.6015176,0.9393425,0.1287695,0.5341709,False,2,1,0
6/24/2025 1:22:20 PM,1750764140639,Right,0.974039,0.2063214,0.4404429,0.5181304,0.636854,0.4499974,0.9415441,0.212299,0.5024114,-0.1,3,0,0.8285158,0.8401152,0.6074299,0.9378859,0.141675,0.5379002,False,2,1,0
6/24/2025 1:22:20 PM,1750764140653,Right,0.9730302,0.2145768,0.4422325,0.5186499,0.6414087,0.4501464,0.9404563,0.2208291,0.5044705,-0.1,3,0,0.8272382,0.8496765,0.6116978,0.9367344,0.1504446,0.5404255,False,2,1,0
6/24/2025 1:22:20 PM,1750764140680,Right,0.973364,0.2345373,0.445279,0.5192611,0.6516442,0.4486785,0.9399553,0.2378121,0.507955,-0.1,3,0,0.8234143,0.8726274,0.6204351,0.936411,0.1682321,0.5454604,False,2,1,0
6/24/2025 1:22:20 PM,1750764140694,Right,0.9744884,0.2456529,0.4460727,0.5192196,0.658106,0.4477829,0.93995,0.2479391,0.5090904,-0.1,3,0,0.8201985,0.8861548,0.6248602,0.9366219,0.1789759,0.5477374,False,2,1,0
6/24/2025 1:22:20 PM,1750764140722,Right,0.9766448,0.2705153,0.4477639,0.5191828,0.6734555,0.4466327,0.9399297,0.2698073,0.510838,-0.1,3,0,0.8119174,0.9149556,0.6334966,0.9370404,0.202296,0.552002,False,2,1,0
6/24/2025 1:22:20 PM,1750764140736,Right,0.9769464,0.284802,0.4491376,0.5189056,0.6829215,0.4454625,0.9392701,0.2829462,0.5123509,-0.1,3,0,0.8062042,0.9319984,0.6372434,0.9366267,0.2159233,0.5543215,False,2,1,0
6/24/2025 1:22:20 PM,1750764140749,Right,0.9759226,0.2982721,0.4513582,0.5185219,0.6926489,0.4440264,0.9377728,0.2978458,0.5150195,-0.1,3,0,0.8001026,0.949751,0.6411289,0.9350036,0.2307407,0.5568504,False,2,1,0
6/24/2025 1:22:20 PM,1750764140778,Right,0.9727391,0.3268931,0.4574201,0.5175675,0.7136133,0.4412357,0.9321156,0.3294985,0.5215364,-0.1,3,0,0.7865419,0.9875663,0.6493994,0.9289872,0.2622155,0.5630551,False,2,1,0
6/24/2025 1:22:20 PM,1750764140791,Right,0.9711523,0.3416426,0.4600103,0.5166962,0.7243524,0.4401066,0.9284834,0.3470362,0.5247629,-0.1,3,0,0.7778133,1.007753,0.6521083,0.9251587,0.279764,0.5662838,False,2,1,0
6/24/2025 1:22:20 PM,1750764140819,Right,0.966392,0.3717232,0.4644206,0.5134174,0.7459761,0.4383863,0.9203129,0.3844667,0.5299408,-0.1,3,0,0.7629126,1.051011,0.6554688,0.9164423,0.3172733,0.571542,False,2,1,0
6/24/2025 1:22:20 PM,1750764140833,Right,0.9629192,0.3864284,0.4675514,0.5117178,0.7568361,0.4377526,0.9151654,0.4033763,0.532625,-0.1,3,0,0.7563691,1.071565,0.6576713,0.9109527,0.3361894,0.5742033,False,2,1,0
6/24/2025 1:22:20 PM,1750764140862,Right,0.9560585,0.4159464,0.4739594,0.5081817,0.7775514,0.4368863,0.9030746,0.4429151,0.5383711,-0.1,3,0,0.7406451,1.110793,0.6586636,0.8980448,0.3757278,0.5798579,False,2,1,0
6/24/2025 1:22:20 PM,1750764140876,Right,0.952486,0.4309042,0.4763172,0.5050735,0.7870804,0.4365535,0.8985584,0.4588574,0.5397508,-0.1,3,0,0.7310752,1.13028,0.6567248,0.8931202,0.3916837,0.581208,False,2,1,0
6/24/2025 1:22:20 PM,1750764140889,Right,0.94961,0.4456196,0.4779087,0.5018691,0.7965475,0.4361541,0.8944713,0.4750374,0.5399331,-0.1,3,0,0.7222435,1.149941,0.6541408,0.8886173,0.4078861,0.5813702,False,2,1,0
6/24/2025 1:22:20 PM,1750764140918,Right,0.9449728,0.4726454,0.4785194,0.495077,0.8150028,0.4361495,0.8871572,0.505135,0.5392493,-0.1,3,0,0.7070115,1.186579,0.6490949,0.8802043,0.4379801,0.5805104,False,2,1,0
6/24/2025 1:22:20 PM,1750764140931,Right,0.942348,0.4856471,0.4790879,0.4913611,0.8239788,0.4365244,0.8837449,0.5193317,0.5393158,-0.1,3,0,0.6999826,1.203494,0.6478461,0.8761017,0.4521398,0.5803941,False,2,1,0
6/24/2025 1:22:20 PM,1750764140959,Right,0.9363856,0.5115986,0.4808685,0.4830894,0.840194,0.4370673,0.8768607,0.5468075,0.5398327,-0.1,3,0,0.6855543,1.235186,0.6448401,0.8676778,0.4794925,0.5803909,False,2,1,0
6/24/2025 1:22:20 PM,1750764140973,Right,0.933785,0.5245872,0.4817482,0.4789581,0.8475419,0.4367229,0.8741394,0.5601392,0.539723,-0.1,3,0,0.6783864,1.250375,0.6415204,0.8642687,0.4927873,0.5800575,False,2,1,0
6/24/2025 1:22:21 PM,1750764141001,Right,0.9302603,0.548301,0.4825145,0.4694868,0.8597012,0.434954,0.869876,0.5854397,0.5393598,-0.1,3,0,0.6658437,1.278814,0.634384,0.8584717,0.5179874,0.5791181,False,2,1,0
6/24/2025 1:22:21 PM,1750764141014,Right,0.9286566,0.5590572,0.4829836,0.464322,0.8659744,0.4343231,0.8678766,0.5976459,0.5396513,-0.1,3,0,0.6599278,1.29249,0.6319164,0.8555419,0.5300959,0.5789636,False,2,1,0
6/24/2025 1:22:21 PM,1750764141043,Right,0.9236305,0.5793452,0.4855806,0.453347,0.8770361,0.4330252,0.8629871,0.6192514,0.5411932,-0.1,3,0,0.647869,1.318349,0.6261195,0.8487076,0.5515117,0.5795081,False,2,1,0
6/24/2025 1:22:21 PM,1750764141056,Right,0.9205297,0.5891905,0.487759,0.4478147,0.8818303,0.4320612,0.860014,0.6298972,0.5420296,-0.1,3,0,0.6413598,1.330514,0.6222981,0.8450571,0.562199,0.5801587,False,2,1,0
6/24/2025 1:22:21 PM,1750764141070,Right,0.917931,0.5992966,0.4899535,0.4420682,0.8857569,0.4308193,0.8571398,0.6403417,0.5433345,-0.1,3,0,0.6343755,1.342262,0.6183141,0.8418543,0.5727203,0.5814698,False,2,1,0
6/24/2025 1:22:21 PM,1750764141097,Right,0.9134403,0.6176515,0.4942267,0.430693,0.8937595,0.4282411,0.8511341,0.6594204,0.5453802,-0.1,3,0,0.6207504,1.362576,0.6103498,0.8354188,0.5921355,0.5839337,False,2,1,0
6/24/2025 1:22:21 PM,1750764141112,Right,0.9113714,0.6259522,0.4961506,0.4249513,0.8971391,0.4266906,0.8482355,0.6673448,0.5460354,-0.1,3,0,0.6142685,1.370202,0.6058596,0.8324085,0.6003293,0.58501,False,2,1,0
6/24/2025 1:22:21 PM,1750764141139,Right,0.9051431,0.6403567,0.5001529,0.4136823,0.901904,0.4226089,0.8408026,0.6810939,0.547644,-0.1,3,0,0.6023079,1.380741,0.5971335,0.8249402,0.6141351,0.5867017,False,2,1,0
6/24/2025 1:22:21 PM,1750764141154,Right,0.9012811,0.6470078,0.5021135,0.4080547,0.9034616,0.4201769,0.8366281,0.6865799,0.5482842,-0.1,3,0,0.5962801,1.384542,0.592872,0.8207322,0.6196604,0.5873954,False,2,1,0
6/24/2025 1:22:21 PM,1750764141181,Right,0.8932866,0.6570186,0.5059806,0.3970935,0.9036601,0.4148648,0.8277832,0.6949636,0.5497353,-0.1,3,0,0.5841202,1.38923,0.5856875,0.8118568,0.6280149,0.5887842,False,2,1,0
6/24/2025 1:22:21 PM,1750764141195,Right,0.8893678,0.6610897,0.5081178,0.3915756,0.9030026,0.4123483,0.8235852,0.6986316,0.5508904,-0.1,3,0,0.5781065,1.390443,0.5827297,0.8076647,0.6316841,0.5899436,False,2,1,0
6/24/2025 1:22:21 PM,1750764141222,Right,0.8791775,0.6660946,0.5131081,0.3799123,0.9028807,0.408246,0.8126575,0.7018769,0.5534996,-0.1,3,0,0.5657459,1.390557,0.5757478,0.7965838,0.6349855,0.5925863,False,2,1,0
6/24/2025 1:22:21 PM,1750764141236,Right,0.8734881,0.667625,0.515736,0.374072,0.9024163,0.406533,0.8070368,0.7026549,0.554898,-0.1,3,0,0.5606349,1.389506,0.5725669,0.7908381,0.63578,0.5939614,False,2,1,0
6/24/2025 1:22:21 PM,1750764141250,Right,0.8669783,0.6679695,0.5185493,0.3683197,0.901568,0.4046701,0.8007501,0.7027538,0.556567,-0.1,3,0,0.5548253,1.388119,0.5702482,0.7843786,0.6358821,0.5955638,False,2,1,0
6/24/2025 1:22:21 PM,1750764141277,Right,0.8537099,0.6683033,0.5240721,0.3572435,0.8996054,0.4000839,0.7880725,0.7024553,0.560614,-0.1,3,0,0.5423605,1.384557,0.5679883,0.7712967,0.6357185,0.5996699,False,2,1,0
6/24/2025 1:22:21 PM,1750764141292,Right,0.846031,0.6671963,0.5269316,0.3518844,0.8985192,0.3974404,0.7813458,0.7006539,0.5625853,-0.1,3,0,0.5359225,1.381717,0.5670837,0.7642202,0.6340941,0.6017913,False,2,1,0
6/24/2025 1:22:21 PM,1750764141320,Right,0.8280379,0.6640319,0.533101,0.3415846,0.8948715,0.3916605,0.7652005,0.6955718,0.5670004,-0.1,3,0,0.5232846,1.373026,0.5640532,0.7470499,0.6292689,0.6061804,False,2,1,0
6/24/2025 1:22:21 PM,1750764141333,Right,0.8177012,0.6628267,0.536502,0.3364458,0.8922982,0.3885859,0.7557964,0.6933327,0.5695191,-0.1,3,0,0.5169433,1.368274,0.5626518,0.7372054,0.6271924,0.6087674,False,2,1,0
6/24/2025 1:22:21 PM,1750764141361,Right,0.7926793,0.6581979,0.5431684,0.3255485,0.885745,0.3826374,0.7336029,0.6871132,0.5743645,-0.1,3,0,0.5022526,1.35692,0.5618929,0.7144312,0.6213522,0.6139691,False,2,1,0
6/24/2025 1:22:21 PM,1750764141375,Right,0.7808521,0.6553816,0.5462564,0.3198928,0.882149,0.3797917,0.7221486,0.6827487,0.5768057,-0.1,3,0,0.4946165,1.350159,0.5618058,0.7020909,0.6174229,0.6166908,False,2,1,0
6/24/2025 1:22:21 PM,1750764141389,Right,0.7689631,0.6521605,0.5495676,0.3141485,0.8782226,0.3769927,0.7094246,0.6780717,0.5798597,-0.1,3,0,0.4875818,1.343487,0.5615989,0.6886427,0.6130567,0.6198816,False,2,1,0
6/24/2025 1:22:21 PM,1750764141417,Right,0.745083,0.6466945,0.5577675,0.3029096,0.8714742,0.3717865,0.6869404,0.669688,0.5866846,-0.1,3,0,0.4729307,1.329842,0.5626718,0.6647686,0.6057035,0.6276112,False,2,1,0
6/24/2025 1:22:21 PM,1750764141430,Right,0.7333846,0.6445332,0.5624706,0.2970926,0.8677449,0.369357,0.676223,0.6660764,0.5906963,-0.1,3,0,0.4656639,1.322789,0.564422,0.6539466,0.6023272,0.6319322,False,2,1,0
6/24/2025 1:22:21 PM,1750764141459,Right,0.7123402,0.6424885,0.5709432,0.2845173,0.8597074,0.3646487,0.6567889,0.6603297,0.5989692,-0.1,3,0,0.4492753,1.307064,0.5665122,0.6352006,0.5968953,0.641048,False,2,1,0
6/24/2025 1:22:21 PM,1750764141472,Right,0.7042693,0.6407028,0.5740932,0.2776611,0.8552811,0.362168,0.6478062,0.6567144,0.6014323,-0.1,3,0,0.4405125,1.299017,0.5668758,0.6269401,0.5937375,0.6445497,False,2,1,0
6/24/2025 1:22:21 PM,1750764141500,Right,0.6887956,0.6350371,0.5798532,0.2633193,0.8464835,0.3575956,0.6322775,0.6477759,0.6057314,-0.1,3,0,0.4223081,1.283922,0.5682973,0.611035,0.5860579,0.6504554,False,2,1,0
6/24/2025 1:22:21 PM,1750764141514,Right,0.6797135,0.6314369,0.5827082,0.2554892,0.8420087,0.3556882,0.623145,0.6433666,0.6082893,-0.1,3,0,0.4121008,1.276552,0.5699919,0.6018808,0.5819729,0.6534472,False,2,1,0
6/24/2025 1:22:21 PM,1750764141542,Right,0.6587522,0.62546,0.5877327,0.2402419,0.8334511,0.3515453,0.6015268,0.6344103,0.612726,-0.1,3,0,0.3897674,1.261846,0.5717744,0.580465,0.5733049,0.6583673,False,2,1,0
6/24/2025 1:22:21 PM,1750764141556,Right,0.6482264,0.6234589,0.5897583,0.2326107,0.8287621,0.3493052,0.5909513,0.6308117,0.6145526,-0.1,3,0,0.3781981,1.254095,0.5724059,0.5700662,0.5697427,0.6603236,False,2,1,0
6/24/2025 1:22:21 PM,1750764141569,Right,0.6373494,0.6210601,0.5914727,0.2245706,0.8229074,0.3471407,0.5801225,0.6270765,0.6163355,-0.1,3,0,0.3659672,1.246899,0.5730656,0.5594335,0.5660797,0.6622913,False,2,1,0
6/24/2025 1:22:21 PM,1750764141598,Right,0.615447,0.6144352,0.5949479,0.2083536,0.8120455,0.3433566,0.5571865,0.6176348,0.6187696,-0.1,3,0,0.3405178,1.232142,0.5744957,0.5369067,0.5565578,0.6648014,False,2,1,0
6/24/2025 1:22:21 PM,1750764141612,Right,0.603856,0.6109295,0.5957507,0.1996375,0.8072413,0.3422525,0.5448017,0.6131775,0.6195641,-0.1,3,0,0.3264986,1.225163,0.5753301,0.5247251,0.551938,0.6654688,False,2,1,0
6/24/2025 1:22:21 PM,1750764141639,Right,0.578712,0.6035576,0.5973934,0.1815451,0.7981764,0.3401614,0.5194677,0.6038833,0.6212478,-0.1,3,0,0.297443,1.209919,0.5769523,0.4994745,0.542178,0.6665614,False,2,1,0
6/24/2025 1:22:21 PM,1750764141653,Right,0.5644184,0.6004681,0.5981206,0.1723318,0.7931965,0.3390257,0.5049623,0.5992181,0.6220666,-0.1,3,0,0.282568,1.202477,0.5780927,0.4850457,0.5374142,0.6672794,False,2,1,0
6/24/2025 1:22:21 PM,1750764141680,Right,0.5321747,0.5971513,0.5992779,0.1542128,0.783044,0.3364199,0.4743285,0.5928965,0.6235307,-0.1,3,0,0.2516142,1.18788,0.5806588,0.4535294,0.5313572,0.6687072,False,2,1,0
6/24/2025 1:22:21 PM,1750764141695,Right,0.5152998,0.5954277,0.5997244,0.1453303,0.7775864,0.3350066,0.4574077,0.5893189,0.623907,-0.1,3,0,0.2359608,1.180515,0.5812205,0.4360685,0.5280892,0.6692518,False,2,1,0
6/24/2025 1:22:21 PM,1750764141723,Right,0.4786369,0.5888666,0.6001774,0.1279893,0.7662615,0.3320256,0.4203554,0.5803262,0.6245447,-0.1,3,0,0.2048738,1.166488,0.5827574,0.3982293,0.5189685,0.6693361,False,2,1,0
6/24/2025 1:22:21 PM,1750764141736,Right,0.4608203,0.5854636,0.6002954,0.1195334,0.7612665,0.330741,0.4028587,0.575546,0.624893,-0.1,3,0,0.1897243,1.159312,0.5845865,0.3805402,0.514034,0.6693762,False,2,1,0
6/24/2025 1:22:21 PM,1750764141750,Right,0.4441847,0.5822002,0.6006511,0.1110848,0.7566195,0.3296664,0.3865166,0.5713477,0.6257447,-0.1,3,0,0.1745704,1.15217,0.5863787,0.3640777,0.5097185,0.6700046,False,2,1,0
6/24/2025 1:22:21 PM,1750764141778,Right,0.4129386,0.5743513,0.6035742,0.09356344,0.7475085,0.3283315,0.3548184,0.561789,0.6286868,-0.1,3,0,0.145101,1.137626,0.590166,0.3322572,0.5002001,0.6729406,False,2,1,0
6/24/2025 1:22:21 PM,1750764141792,Right,0.3987463,0.5705965,0.6063737,0.08434296,0.7433425,0.3280104,0.3405432,0.5568611,0.6314436,-0.1,3,0,0.1310878,1.12969,0.5919222,0.3177667,0.4953898,0.6757504,False,2,1,0
6/24/2025 1:22:21 PM,1750764141820,Right,0.3741155,0.5649779,0.6152171,0.06559265,0.7366676,0.3284353,0.3159123,0.5485328,0.6395084,-0.1,3,0,0.1043204,1.11331,0.5930847,0.2930057,0.4877626,0.6847063,False,2,1,0
6/24/2025 1:22:21 PM,1750764141834,Right,0.3614484,0.5611891,0.6196731,0.05643523,0.7337673,0.3281438,0.3039421,0.5435495,0.6433502,-0.1,3,0,0.09160352,1.105921,0.593181,0.2810605,0.4832509,0.6891881,False,2,1,0
6/24/2025 1:22:21 PM,1750764141862,Right,0.3362859,0.5519648,0.6286877,0.04019368,0.7268368,0.3248814,0.2788635,0.5316823,0.6495511,-0.1,3,0,0.06773615,1.09086,0.5933255,0.2554229,0.4724625,0.6964994,False,2,1,0
6/24/2025 1:22:21 PM,1750764141876,Right,0.3238487,0.5481126,0.6329385,0.03317344,0.7226784,0.3225591,0.2666362,0.5268515,0.6530457,-0.1,3,0,0.05674827,1.083578,0.5937444,0.2427285,0.4675788,0.6996907,False,2,1,0
6/24/2025 1:22:21 PM,1750764141889,Right,0.3118819,0.5450348,0.6366969,0.02627444,0.7183568,0.3202276,0.2551047,0.5225956,0.6561305,-0.1,3,0,0.04648399,1.07676,0.5941838,0.2312913,0.4633254,0.7028269,False,2,1,0
6/24/2025 1:22:21 PM,1750764141917,Right,0.2916954,0.5407039,0.6434087,0.01342714,0.709421,0.3152157,0.2349695,0.5165803,0.6621703,-0.1,3,0,0.02644813,1.066085,0.5960115,0.2111227,0.4573984,0.7089617,False,2,1,0
6/24/2025 1:22:21 PM,1750764141931,Right,0.281724,0.5389352,0.6468586,0.006975174,0.705703,0.3136572,0.2244987,0.5139149,0.6651309,-0.1,3,0,0.01672506,1.061699,0.5970834,0.2005571,0.4548566,0.7120297,False,2,1,0
6/24/2025 1:22:21 PM,1750764141959,Right,0.2595532,0.5362698,0.6542701,-0.006296992,0.6993795,0.3118242,0.2024717,0.509783,0.6710987,-0.1,3,0,-0.002182484,1.053388,0.5994085,0.1779347,0.4509264,0.7179434,False,2,1,0
6/24/2025 1:22:21 PM,1750764141973,Right,0.2476521,0.5352675,0.6579975,-0.01276386,0.6974365,0.3118078,0.1914264,0.5079075,0.674305,-0.1,3,0,-0.01115346,1.050146,0.601118,0.1662489,0.4492277,0.7210315,False,2,1,0
6/24/2025 1:22:22 PM,1750764142000,Right,0.2217175,0.5331126,0.6655315,-0.02562869,0.6953449,0.3126982,0.1678632,0.5042521,0.6807359,-0.1,3,0,-0.02859366,1.043675,0.6056169,0.1417365,0.4458546,0.7272946,False,2,1,0
6/24/2025 1:22:22 PM,1750764142015,Right,0.2075676,0.531441,0.6690902,-0.03171003,0.6951181,0.3132664,0.1544115,0.502162,0.6833232,-0.1,3,0,-0.03736961,1.040275,0.6070074,0.1278547,0.4437066,0.7295648,False,2,1,0
6/24/2025 1:22:22 PM,1750764142043,Right,0.1796625,0.5275143,0.6752962,-0.04210842,0.6951075,0.3135687,0.1268799,0.4975431,0.6881093,-0.1,3,0,-0.05442429,1.035178,0.6083416,0.09924696,0.4389286,0.7335115,False,2,1,0
6/24/2025 1:22:22 PM,1750764142056,Right,0.1667095,0.5263427,0.6780895,-0.04648483,0.6952995,0.3133601,0.1149869,0.4963878,0.6906947,-0.1,3,0,-0.06260943,1.033381,0.6093458,0.08666949,0.4377548,0.7356489,False,2,1,0
6/24/2025 1:22:22 PM,1750764142070,Right,0.1538408,0.5254225,0.6809562,-0.05075657,0.6952884,0.3131262,0.1032809,0.4954336,0.6933976,-0.1,3,0,-0.07060897,1.032155,0.6104144,0.07418275,0.4368086,0.7378611,False,2,1,0
6/24/2025 1:22:22 PM,1750764142098,Right,0.1267302,0.5243136,0.68671,-0.05902433,0.695276,0.3133408,0.07924765,0.4941015,0.6991986,-0.1,3,0,-0.08687353,1.030455,0.613881,0.04816274,0.4355491,0.7423951,False,2,1,0
6/24/2025 1:22:22 PM,1750764142112,Right,0.1114595,0.5238356,0.6895117,-0.06333315,0.6953108,0.3140057,0.06605295,0.49363,0.7017976,-0.1,3,0,-0.09544933,1.029827,0.6157888,0.03389094,0.4352097,0.74438,False,2,1,0
6/24/2025 1:22:22 PM,1750764142140,Right,0.0794996,0.5229456,0.6951815,-0.07231545,0.695776,0.3168943,0.0365997,0.4928758,0.7074596,-0.1,3,0,-0.1136063,1.028967,0.619778,0.002286185,0.4347959,0.7488106,False,2,1,0
6/24/2025 1:22:22 PM,1750764142154,Right,0.06275713,0.5223532,0.6980437,-0.07680452,0.6960182,0.3192097,0.021679,0.4924752,0.7104626,-0.1,3,0,-0.1231506,1.02839,0.621384,-0.01396458,0.434656,0.7510466,False,2,1,0
6/24/2025 1:22:22 PM,1750764142181,Right,0.02856219,0.5202707,0.7033495,-0.08600807,0.6962007,0.3246647,-0.009170335,0.490462,0.7153302,-0.1,3,0,-0.1432205,1.027415,0.6231574,-0.04750524,0.4335871,0.7547797,False,2,1,0
6/24/2025 1:22:22 PM,1750764142195,Right,0.01013803,0.5194308,0.7052971,-0.0909586,0.6962854,0.3282613,-0.02595291,0.4896702,0.7167531,-0.1,3,0,-0.1546805,1.026622,0.6233743,-0.0651622,0.4331401,0.7558373,False,2,1,0
6/24/2025 1:22:22 PM,1750764142223,Right,-0.02911401,0.5177242,0.7074541,-0.1015435,0.6957942,0.3362197,-0.06268128,0.4881594,0.7185731,-0.1,3,0,-0.1801634,1.025452,0.6223043,-0.1041076,0.4321796,0.7561326,False,2,1,0
6/24/2025 1:22:22 PM,1750764142237,Right,-0.04945016,0.5160819,0.7079486,-0.1062487,0.6951415,0.3403636,-0.08161414,0.4868556,0.7184402,-0.1,3,0,-0.1935476,1.024851,0.620736,-0.1241734,0.4309744,0.7548625,False,2,1,0
6/24/2025 1:22:22 PM,1750764142251,Right,-0.07071602,0.5144351,0.7076811,-0.1107379,0.6942006,0.3442023,-0.1012333,0.4856317,0.7181168,-0.1,3,0,-0.2069579,1.024549,0.6189054,-0.1451836,0.4300517,0.753328,False,2,1,0
6/24/2025 1:22:22 PM,1750764142278,Right,-0.114213,0.5133627,0.7056373,-0.1201597,0.6913181,0.3504955,-0.1427203,0.4852487,0.7151864,-0.1,3,0,-0.2355341,1.02482,0.6140162,-0.1880582,0.4297054,0.7486528,False,2,1,0
6/24/2025 1:22:22 PM,1750764142292,Right,-0.1373814,0.5131456,0.7027963,-0.1252726,0.6891551,0.3531421,-0.1641387,0.4851176,0.7125609,-0.1,3,0,-0.2506188,1.024776,0.6114353,-0.2103538,0.4297117,0.745041,False,2,1,0
6/24/2025 1:22:22 PM,1750764142320,Right,-0.1824152,0.5115064,0.6959027,-0.1364795,0.6845517,0.357988,-0.2061708,0.4838005,0.7057862,-0.1,3,0,-0.2795805,1.023908,0.6058263,-0.2547873,0.428694,0.7351171,False,2,1,0
6/24/2025 1:22:22 PM,1750764142334,Right,-0.2047709,0.5100159,0.6911834,-0.1429578,0.6817905,0.3601762,-0.2267484,0.4824142,0.7013585,-0.1,3,0,-0.2942914,1.023236,0.6018831,-0.2767593,0.4277416,0.7291147,False,2,1,0
6/24/2025 1:22:22 PM,1750764142362,Right,-0.2498764,0.5056848,0.6806926,-0.1565758,0.676405,0.363917,-0.2682966,0.4785233,0.6909699,-0.1,3,0,-0.3231887,1.021681,0.5929948,-0.3207251,0.4245019,0.7153323,False,2,1,0
6/24/2025 1:22:22 PM,1750764142376,Right,-0.2727004,0.5027278,0.673632,-0.1632559,0.6741101,0.3654103,-0.2895061,0.4762501,0.6844449,-0.1,3,0,-0.3375753,1.020595,0.5886692,-0.3423785,0.4220666,0.7074505,False,2,1,0
6/24/2025 1:22:22 PM,1750764142390,Right,-0.2949084,0.4993073,0.6665825,-0.1695727,0.671871,0.3662125,-0.3103597,0.4734171,0.6776501,-0.1,3,0,-0.3516978,1.018898,0.5852517,-0.3634332,0.4189105,0.6993945,False,2,1,0
6/24/2025 1:22:22 PM,1750764142417,Right,-0.3356928,0.4895038,0.653149,-0.1825371,0.6663544,0.3670356,-0.3492172,0.4655309,0.6654656,-0.1,3,0,-0.3812932,1.014361,0.5783099,-0.4031239,0.4106902,0.6840976,False,2,1,0
6/24/2025 1:22:22 PM,1750764142431,Right,-0.3550195,0.4833245,0.6467618,-0.1888644,0.6627041,0.3665694,-0.3671839,0.46004,0.6601472,-0.1,3,0,-0.3962618,1.011455,0.5741593,-0.4215518,0.4049506,0.6765753,False,2,1,0
6/24/2025 1:22:22 PM,1750764142459,Right,-0.3924884,0.4688987,0.6337754,-0.201826,0.653458,0.3646336,-0.4033697,0.4478281,0.648193,-0.1,3,0,-0.4263958,1.003411,0.5654906,-0.4578837,0.3919906,0.6612694,False,2,1,0
6/24/2025 1:22:22 PM,1750764142473,Right,-0.4107593,0.4616922,0.6280235,-0.208129,0.6483198,0.3637053,-0.420683,0.4407736,0.6426743,-0.1,3,0,-0.4418174,0.9984676,0.5615991,-0.4752235,0.384698,0.6545677,False,2,1,0
6/24/2025 1:22:22 PM,1750764142501,Right,-0.4468423,0.4462711,0.6158246,-0.2181824,0.637681,0.3594145,-0.4560758,0.4268593,0.6311079,-0.1,3,0,-0.4735121,0.986814,0.5532383,-0.5102728,0.3701677,0.6415647,False,2,1,0
6/24/2025 1:22:22 PM,1750764142515,Right,-0.4650403,0.4383254,0.609641,-0.223863,0.6323926,0.3574226,-0.4737663,0.4193108,0.6249759,-0.1,3,0,-0.4891628,0.98089,0.5487818,-0.527778,0.3622767,0.6344859,False,2,1,0
6/24/2025 1:22:22 PM,1750764142543,Right,-0.5004462,0.420834,0.599718,-0.238206,0.6203275,0.3556205,-0.5082836,0.4032504,0.6154355,-0.1,3,0,-0.5204023,0.9682586,0.539378,-0.5623663,0.3459319,0.6225236,False,2,1,0
6/24/2025 1:22:22 PM,1750764142556,Right,-0.5183212,0.4124081,0.5958186,-0.2462353,0.6139368,0.3564922,-0.5255647,0.3952366,0.611519,-0.1,3,0,-0.5359782,0.9616733,0.5346426,-0.5800136,0.3382006,0.6180624,False,2,1,0
6/24/2025 1:22:22 PM,1750764142570,Right,-0.5366057,0.4038117,0.5915068,-0.2544578,0.6075449,0.3585309,-0.5431575,0.3872107,0.6069982,-0.1,3,0,-0.5510079,0.9549589,0.5290569,-0.5976313,0.3301558,0.6131576,False,2,1,0
6/24/2025 1:22:22 PM,1750764142598,Right,-0.5747248,0.3866735,0.5808865,-0.2691013,0.5968698,0.3624257,-0.5797495,0.3709653,0.5955421,-0.1,3,0,-0.5807499,0.9407383,0.5186867,-0.6338676,0.3135305,0.6012923,False,2,1,0
6/24/2025 1:22:22 PM,1750764142612,Right,-0.5939664,0.3775111,0.5767566,-0.2757126,0.5930092,0.3641251,-0.597876,0.362271,0.5907584,-0.1,3,0,-0.5953387,0.9334012,0.5134445,-0.6520382,0.3048362,0.5960782,False,2,1,0
6/24/2025 1:22:22 PM,1750764142640,Right,-0.6322509,0.3602667,0.5711218,-0.2882074,0.5866552,0.3666704,-0.6341951,0.3458692,0.5851567,-0.1,3,0,-0.6227516,0.9184606,0.5032011,-0.6885156,0.2884568,0.5888582,False,2,1,0
6/24/2025 1:22:22 PM,1750764142653,Right,-0.6515661,0.3521833,0.5685536,-0.295031,0.5851406,0.3681974,-0.6520317,0.3377464,0.5820737,-0.1,3,0,-0.6351343,0.9106658,0.4979283,-0.706725,0.2806541,0.5851898,False,2,1,0
6/24/2025 1:22:22 PM,1750764142681,Right,-0.6901459,0.3372772,0.5626835,-0.3099169,0.5787883,0.372575,-0.6873724,0.3224924,0.5755395,-0.1,3,0,-0.6575612,0.8949982,0.4880432,-0.7422413,0.2655266,0.5777516,False,2,1,0
6/24/2025 1:22:22 PM,1750764142695,Right,-0.7088281,0.3309317,0.5599033,-0.3178014,0.5739263,0.3755442,-0.7045432,0.3157768,0.5722995,-0.1,3,0,-0.6682476,0.8874988,0.4836098,-0.7594296,0.2588213,0.5743374,False,2,1,0
6/24/2025 1:22:22 PM,1750764142709,Right,-0.7266363,0.3251673,0.5578321,-0.3254169,0.5688701,0.378107,-0.7209129,0.3098249,0.5700298,-0.1,3,0,-0.6790804,0.8802854,0.4791781,-0.7759932,0.2530574,0.5720813,False,2,1,0
6/24/2025 1:22:22 PM,1750764142737,Right,-0.760269,0.3127928,0.5541807,-0.3404316,0.5582295,0.3826193,-0.7519763,0.2970803,0.5655305,-0.1,3,0,-0.6995722,0.8665082,0.4726034,-0.807503,0.2407468,0.5675079,False,2,1,0
6/24/2025 1:22:22 PM,1750764142751,Right,-0.776455,0.3054216,0.5514227,-0.3489927,0.5551262,0.3840019,-0.7664375,0.2898017,0.5623291,-0.1,3,0,-0.7093371,0.8597313,0.4692587,-0.8219494,0.2334488,0.5641654,False,2,1,0
6/24/2025 1:22:22 PM,1750764142778,Right,-0.8080789,0.2915774,0.5457133,-0.3667778,0.550637,0.3859049,-0.79568,0.2760608,0.5556879,-0.1,3,0,-0.7268654,0.8467929,0.4616033,-0.8510064,0.2195065,0.5567732,False,2,1,0
6/24/2025 1:22:22 PM,1750764142793,Right,-0.8233117,0.2850342,0.5435044,-0.3750919,0.5477248,0.3865215,-0.8091429,0.2694587,0.5535299,-0.1,3,0,-0.7343954,0.8399544,0.4580618,-0.8644828,0.2129121,0.5542886,False,2,1,0
6/24/2025 1:22:22 PM,1750764142820,Right,-0.8494323,0.2712702,0.5391086,-0.388513,0.5406339,0.3859028,-0.8323286,0.2552632,0.549111,-0.1,3,0,-0.7476953,0.825926,0.4518255,-0.887458,0.1985077,0.5494985,False,2,1,0
6/24/2025 1:22:22 PM,1750764142834,Right,-0.8607107,0.2642815,0.5363151,-0.3934909,0.5372928,0.3854789,-0.8429421,0.2482376,0.546071,-0.1,3,0,-0.7539774,0.819329,0.4484478,-0.8977766,0.1911958,0.5461761,False,2,1,0
6/24/2025 1:22:22 PM,1750764142862,Right,-0.8780392,0.2487009,0.5305423,-0.4011947,0.5335767,0.3845488,-0.8595529,0.2339721,0.5398627,-0.1,3,0,-0.7645332,0.8075709,0.4417671,-0.9133937,0.1759989,0.5389301,False,2,1,0
6/24/2025 1:22:22 PM,1750764142876,Right,-0.8848571,0.2403053,0.5286044,-0.4049789,0.5322235,0.3844887,-0.8638983,0.225525,0.5387855,-0.1,3,0,-0.7691845,0.8021629,0.4392334,-0.9170426,0.1669215,0.5374045,False,2,1,0
6/24/2025 1:22:22 PM,1750764142890,Right,-0.8887726,0.2330681,0.5277151,-0.4075011,0.5307651,0.3848041,-0.8684973,0.2188309,0.537761,-0.1,3,0,-0.7735003,0.7970784,0.4373287,-0.9209228,0.1595803,0.5365278,False,3,1,0
6/24/2025 1:22:22 PM,1750764142917,Right,-0.8973817,0.2230025,0.5261899,-0.4129876,0.5279526,0.3860604,-0.8779734,0.2106326,0.5355828,-0.1,3,0,-0.7818552,0.7883222,0.4324554,-0.9285408,0.1497805,0.5348387,False,3,1,0
6/24/2025 1:22:22 PM,1750764142931,Right,-0.9016327,0.2193772,0.5249442,-0.4154881,0.5271958,0.3864156,-0.8820703,0.2070427,0.5343317,-0.1,3,0,-0.7855519,0.7842649,0.4299523,-0.9325287,0.1460969,0.5339252,False,3,1,0
6/24/2025 1:22:22 PM,1750764142959,Right,-0.9041966,0.2172787,0.5239593,-0.4145714,0.5293053,0.3870667,-0.8860012,0.2038199,0.532954,-0.1,3,0,-0.7921754,0.7774878,0.4271435,-0.9373397,0.1436125,0.5330974,False,3,1,0
6/24/2025 1:22:22 PM,1750764142973,Right,-0.9055206,0.2150913,0.5235177,-0.4134446,0.5313073,0.3875598,-0.887773,0.2011349,0.5322871,-0.1,3,0,-0.7952176,0.7742964,0.4251589,-0.9393839,0.1411646,0.5329722,False,3,1,0
6/24/2025 1:22:23 PM,1750764143000,Right,-0.9075686,0.2087496,0.5223056,-0.4117321,0.542949,0.3877102,-0.8896697,0.1947257,0.5301219,-0.1,3,0,-0.7981137,0.7689726,0.4216427,-0.9413751,0.1348365,0.5307823,False,3,1,0
6/24/2025 1:22:23 PM,1750764143014,Right,-0.9076518,0.2061723,0.5224489,-0.4124411,0.5494923,0.3865315,-0.8899147,0.1922402,0.5297897,-0.1,3,0,-0.7991322,0.7667872,0.4201161,-0.9413379,0.1321063,0.5301822,False,3,1,0
6/24/2025 1:22:23 PM,1750764143042,Right,-0.9076041,0.2069387,0.5253462,-0.4113325,0.5553069,0.3814596,-0.8903536,0.1920133,0.5321201,-0.1,3,0,-0.801633,0.7630682,0.4177769,-0.9420489,0.1321238,0.5333163,False,3,1,0
6/24/2025 1:22:23 PM,1750764143056,Right,-0.9067935,0.2114903,0.5283047,-0.4082199,0.5541473,0.377014,-0.8903235,0.1941579,0.5338024,-0.1,3,0,-0.8022441,0.7621996,0.417538,-0.9424043,0.134614,0.5354487,False,3,1,0
6/24/2025 1:22:23 PM,1750764143070,Right,-0.9061002,0.2141915,0.5303129,-0.405681,0.5529794,0.3729814,-0.8898324,0.196723,0.5363669,-0.1,3,0,-0.8024348,0.7616395,0.4174548,-0.9423885,0.1376146,0.5385225,False,3,1,0
6/24/2025 1:22:23 PM,1750764143098,Right,-0.9022766,0.2188642,0.5317639,-0.4038473,0.5480463,0.3659271,-0.8861523,0.2002793,0.5374538,-0.1,3,0,-0.8011364,0.7630918,0.418003,-0.9398289,0.1422108,0.5401835,False,3,1,0
6/24/2025 1:22:23 PM,1750764143111,Right,-0.9003333,0.2197835,0.5307909,-0.404394,0.5458071,0.3642575,-0.883958,0.2012787,0.5363082,-0.1,3,0,-0.7998973,0.7646049,0.4186999,-0.9375868,0.143149,0.5386509,False,3,1,0
6/24/2025 1:22:23 PM,1750764143140,Right,-0.8941225,0.2227756,0.5283772,-0.4061526,0.5394401,0.3653058,-0.8793953,0.2039644,0.5350508,-0.1,3,0,-0.7967697,0.7691723,0.4222342,-0.9322878,0.1451251,0.5360073,False,3,1,0
6/24/2025 1:22:23 PM,1750764143154,Right,-0.8900875,0.2258257,0.5289549,-0.4061474,0.536771,0.366208,-0.8755903,0.2070542,0.5357527,-0.1,3,0,-0.795324,0.7721996,0.4244281,-0.9284726,0.148202,0.5364333,False,3,1,0
6/24/2025 1:22:23 PM,1750764143181,Right,-0.8803557,0.2344857,0.5311717,-0.4054626,0.5355696,0.3681382,-0.8662663,0.2156922,0.5388865,-0.1,3,0,-0.7902249,0.7793736,0.4305171,-0.9191418,0.1568339,0.539571,False,3,1,0
6/24/2025 1:22:23 PM,1750764143195,Right,-0.8749102,0.2399966,0.5323077,-0.4048206,0.537093,0.3684765,-0.8612945,0.2208036,0.5402319,-0.1,3,0,-0.7866756,0.7837168,0.434379,-0.9141663,0.1619406,0.5408012,False,3,1,0
6/24/2025 1:22:23 PM,1750764143209,Right,-0.8686234,0.2476173,0.5342838,-0.4034382,0.5375546,0.3685864,-0.8558359,0.2272738,0.5420763,-0.1,3,0,-0.7828835,0.7889382,0.4377731,-0.9087455,0.1684434,0.5424617,False,3,1,0
6/24/2025 1:22:23 PM,1750764143237,Right,-0.855297,0.2675518,0.5385488,-0.400174,0.5388667,0.3672189,-0.8447498,0.2445895,0.5469931,-0.1,3,0,-0.7741166,0.8005879,0.4457778,-0.8981667,0.186218,0.5469489,False,3,1,0
6/24/2025 1:22:23 PM,1750764143251,Right,-0.847911,0.2807915,0.5407284,-0.3973354,0.5391896,0.3655587,-0.8395863,0.2530578,0.5493133,-0.1,3,0,-0.7684466,0.8073695,0.4515914,-0.8934292,0.1950795,0.5490786,False,3,1,0
6/24/2025 1:22:23 PM,1750764143278,Right,-0.8317469,0.3128378,0.5453101,-0.3912991,0.5400481,0.3583575,-0.8271655,0.2746162,0.5546429,-0.1,3,0,-0.7560505,0.8237944,0.4642533,-0.8825591,0.2181202,0.5540547,False,3,1,0
6/24/2025 1:22:23 PM,1750764143292,Right,-0.8223537,0.3300369,0.5479826,-0.3874484,0.5393008,0.3550459,-0.8202515,0.2860474,0.5573478,-0.1,3,0,-0.749204,0.834177,0.4709238,-0.8766038,0.2305085,0.5566948,False,3,1,0
6/24/2025 1:22:23 PM,1750764143320,Right,-0.7989694,0.3648472,0.5549392,-0.3787848,0.5380893,0.3474816,-0.8025261,0.3111334,0.5639873,-0.1,3,0,-0.732761,0.8571973,0.4866332,-0.8611146,0.2579563,0.5635795,False,3,1,0
6/24/2025 1:22:23 PM,1750764143334,Right,-0.7877725,0.3801852,0.5584315,-0.3748523,0.5384395,0.343912,-0.7925698,0.3235583,0.5677424,-0.1,3,0,-0.7233275,0.86867,0.4938873,-0.8523081,0.2716756,0.5674047,False,3,1,0
6/24/2025 1:22:23 PM,1750764143361,Right,-0.7633322,0.4094802,0.5650641,-0.3686062,0.5439392,0.3353559,-0.770569,0.3530482,0.5760955,-0.1,3,0,-0.7029616,0.8940215,0.5081006,-0.8303095,0.3011684,0.5756906,False,3,1,0
6/24/2025 1:22:23 PM,1750764143376,Right,-0.751279,0.4239699,0.5681237,-0.3658329,0.5483143,0.3318733,-0.758463,0.3681211,0.5802115,-0.1,3,0,-0.6925579,0.9071271,0.5142096,-0.81815,0.3161811,0.5796782,False,3,1,0
6/24/2025 1:22:23 PM,1750764143390,Right,-0.7385799,0.4387516,0.5716342,-0.3649091,0.5549635,0.3318404,-0.7450233,0.3842092,0.5846598,-0.1,3,0,-0.682074,0.9206429,0.520136,-0.8046409,0.3321887,0.584195,False,3,1,0
6/24/2025 1:22:23 PM,1750764143417,Right,-0.7122763,0.4677752,0.5809764,-0.3660716,0.5723774,0.3383249,-0.7163007,0.4173457,0.5949401,-0.1,3,0,-0.658847,0.9478991,0.5304672,-0.7758669,0.3652678,0.5955418,False,3,1,0
6/24/2025 1:22:23 PM,1750764143432,Right,-0.6982089,0.4806141,0.5859269,-0.3677582,0.5828032,0.3420867,-0.7006496,0.4339647,0.6001299,-0.1,3,0,-0.6478523,0.9619058,0.534587,-0.7599934,0.3816566,0.6017917,False,3,1,0
6/24/2025 1:22:23 PM,1750764143459,Right,-0.6703299,0.5053034,0.594936,-0.369619,0.6064743,0.3453323,-0.6653839,0.4686465,0.6125966,-0.1,3,0,-0.6271323,0.9895961,0.5428952,-0.7245823,0.4161958,0.6148457,False,3,1,0
6/24/2025 1:22:23 PM,1750764143473,Right,-0.6571151,0.5178499,0.598977,-0.3688213,0.6179802,0.3448263,-0.6524258,0.481415,0.6164187,-0.1,3,0,-0.6155404,1.003227,0.5464567,-0.7116066,0.4289784,0.6193565,False,3,1,0
6/24/2025 1:22:23 PM,1750764143501,Right,-0.6306869,0.5425794,0.6069311,-0.3642911,0.6387489,0.3408293,-0.6265203,0.5068399,0.6236418,-0.1,3,0,-0.5913979,1.029993,0.5502685,-0.6854244,0.4542734,0.6289018,False,3,1,0
6/24/2025 1:22:23 PM,1750764143514,Right,-0.6174742,0.554153,0.6106125,-0.3608817,0.647787,0.3376895,-0.6138366,0.5188611,0.6269023,-0.1,3,0,-0.5807627,1.04293,0.5522202,-0.672453,0.4660913,0.6332313,False,3,1,0
6/24/2025 1:22:23 PM,1750764143543,Right,-0.5917083,0.5756382,0.6181298,-0.3551599,0.6651543,0.3322374,-0.5888137,0.5412985,0.6339324,-0.1,3,0,-0.5590643,1.067915,0.5570008,-0.6471507,0.4883929,0.641573,False,3,1,0
6/24/2025 1:22:23 PM,1750764143556,Right,-0.5790199,0.5866343,0.6219691,-0.3531216,0.6737942,0.3301505,-0.5764785,0.5526626,0.6374184,-0.1,3,0,-0.5481156,1.080001,0.5588154,-0.634672,0.4997281,0.6459077,False,3,1,0
6/24/2025 1:22:23 PM,1750764143570,Right,-0.5661317,0.5972846,0.6255041,-0.3509268,0.6819769,0.3273422,-0.5641281,0.5636929,0.6403907,-0.1,3,0,-0.5376757,1.091477,0.559496,-0.6220639,0.5106522,0.6499161,False,3,1,0
6/24/2025 1:22:23 PM,1750764143598,Right,-0.53976,0.6186052,0.6323889,-0.3454705,0.696384,0.3214453,-0.5395395,0.5851477,0.6466323,-0.1,3,0,-0.5202702,1.113494,0.5624596,-0.597133,0.532141,0.6582019,False,3,1,0
6/24/2025 1:22:23 PM,1750764143612,Right,-0.5267421,0.6289074,0.6361037,-0.342889,0.7030123,0.3189708,-0.5273721,0.5956206,0.6503875,-0.1,3,0,-0.5117494,1.124221,0.5645617,-0.5848984,0.542784,0.6630212,False,3,1,0
6/24/2025 1:22:23 PM,1750764143640,Right,-0.5021151,0.6477721,0.6420406,-0.3385466,0.7140386,0.3148326,-0.5041169,0.6151152,0.6556466,-0.1,3,0,-0.494203,1.144935,0.5678385,-0.561377,0.5624758,0.6701711,False,3,1,0
6/24/2025 1:22:23 PM,1750764143653,Right,-0.4901365,0.6574691,0.6445175,-0.3367337,0.7192499,0.3133377,-0.4929599,0.6247895,0.6573542,-0.1,3,0,-0.4860135,1.154528,0.567855,-0.5499861,0.572203,0.6729512,False,3,1,0
6/24/2025 1:22:23 PM,1750764143682,Right,-0.4675714,0.6771084,0.6481348,-0.3332251,0.7289448,0.3114275,-0.4717789,0.643573,0.6598971,-0.1,3,0,-0.4707822,1.171609,0.5666643,-0.5285192,0.5913277,0.6775479,False,3,1,0
6/24/2025 1:22:23 PM,1750764143695,Right,-0.4566318,0.6869848,0.650297,-0.3312205,0.7338196,0.3106258,-0.4616935,0.6528618,0.6615711,-0.1,3,0,-0.4635121,1.17971,0.5664386,-0.5184481,0.6009573,0.6801569,False,3,1,0
6/24/2025 1:22:23 PM,1750764143709,Right,-0.4463357,0.6966514,0.6523381,-0.3290857,0.7384379,0.3101474,-0.4521633,0.6621482,0.6630899,-0.1,3,0,-0.4561294,1.187485,0.566069,-0.5087057,0.6102912,0.6824396,False,3,1,0
6/24/2025 1:22:23 PM,1750764143737,Right,-0.427003,0.7156526,0.6554281,-0.3243626,0.7478735,0.3096315,-0.4337834,0.6798735,0.6653309,-0.1,3,0,-0.4430732,1.202481,0.5647858,-0.4903259,0.6286148,0.6862131,False,3,1,0
6/24/2025 1:22:23 PM,1750764143751,Right,-0.4176527,0.725035,0.6567463,-0.3220259,0.7528548,0.3096514,-0.4252343,0.6885557,0.6661642,-0.1,3,0,-0.4370009,1.209941,0.5641552,-0.4816527,0.6374686,0.6877898,False,3,1,0
6/24/2025 1:22:23 PM,1750764143778,Right,-0.3993446,0.7447419,0.6608824,-0.3182443,0.7630318,0.3108445,-0.4080136,0.7069046,0.669643,-0.1,3,0,-0.4247657,1.225023,0.5641707,-0.4646779,0.6565475,0.6923127,False,3,1,0
6/24/2025 1:22:23 PM,1750764143793,Right,-0.3904165,0.7559273,0.6635469,-0.3166729,0.7679901,0.3120073,-0.400048,0.7170885,0.6723335,-0.1,3,0,-0.4187053,1.232096,0.5639747,-0.4569643,0.6672457,0.6955026,False,3,1,0
6/24/2025 1:22:23 PM,1750764143820,Right,-0.3754247,0.7806454,0.6665031,-0.3138942,0.778247,0.3150088,-0.3857842,0.7390171,0.6748366,-0.1,3,0,-0.4077233,1.245699,0.562997,-0.4432134,0.6906039,0.6997091,False,3,1,0
6/24/2025 1:22:23 PM,1750764143834,Right,-0.3708662,0.7934921,0.6665667,-0.3131124,0.7834797,0.3174641,-0.380933,0.7498349,0.6742543,-0.1,3,0,-0.4027606,1.252427,0.5625571,-0.4383622,0.7022043,0.7005944,False,3,1,0
6/24/2025 1:22:23 PM,1750764143862,Right,-0.3611625,0.8189958,0.6687843,-0.3117193,0.7932982,0.3223568,-0.3711618,0.7708251,0.6751727,-0.1,3,0,-0.3925656,1.264995,0.5610594,-0.4297599,0.7255641,0.7030706,False,3,1,0
6/24/2025 1:22:23 PM,1750764143875,Right,-0.3553995,0.8329107,0.6708869,-0.3109342,0.7973861,0.3248744,-0.3655758,0.7821475,0.6770152,-0.1,3,0,-0.3883048,1.270466,0.5602275,-0.4248408,0.7380251,0.7053253,False,3,1,0
6/24/2025 1:22:23 PM,1750764143890,Right,-0.3494858,0.8471594,0.6730913,-0.3100449,0.801313,0.3272189,-0.3598296,0.7938761,0.6789392,-0.1,3,0,-0.3841337,1.275925,0.5593127,-0.4197431,0.7509436,0.7077103,False,3,1,0
6/24/2025 1:22:23 PM,1750764143918,Right,-0.3405894,0.8786801,0.6763059,-0.3090457,0.8084532,0.3327855,-0.3513049,0.8195463,0.6813712,-0.1,3,0,-0.3765327,1.287212,0.5584215,-0.4122815,0.7792194,0.7116399,False,3,1,0
6/24/2025 1:22:23 PM,1750764143931,Right,-0.3360487,0.8951929,0.6775218,-0.3084067,0.8119605,0.3354372,-0.3470391,0.8326203,0.6822996,-0.1,3,0,-0.3733925,1.292606,0.5579783,-0.4078504,0.7928967,0.7136781,False,3,1,0
6/24/2025 1:22:23 PM,1750764143959,Right,-0.3210021,0.928491,0.6831123,-0.3066655,0.8193398,0.3402774,-0.3346505,0.8585813,0.6864336,-0.1,3,0,-0.3673311,1.30267,0.5564739,-0.3952593,0.8210753,0.7207916,False,3,1,0
6/24/2025 1:22:23 PM,1750764143973,Right,-0.3120221,0.9450988,0.6867145,-0.3063473,0.8235276,0.3436384,-0.3268107,0.8716532,0.6892437,-0.1,3,0,-0.3645638,1.306918,0.5552686,-0.3875068,0.8359212,0.7252966,False,3,1,0
6/24/2025 1:22:24 PM,1750764144001,Right,-0.2929872,0.9744402,0.6926664,-0.3055476,0.8316622,0.3500842,-0.3098524,0.8949682,0.6930856,-0.1,3,0,-0.359867,1.314909,0.5520512,-0.3700303,0.862481,0.7328826,False,3,1,0
6/24/2025 1:22:24 PM,1750764144015,Right,-0.2815355,0.9866109,0.6951491,-0.3048242,0.8349512,0.3527697,-0.3002536,0.9047026,0.694694,-0.1,3,0,-0.3578337,1.319096,0.5502886,-0.3596381,0.873089,0.7363431,False,3,1,0
6/24/2025 1:22:24 PM,1750764144043,Right,-0.2579387,1.009783,0.7002002,-0.3034538,0.8414876,0.3582228,-0.2803227,0.9233368,0.6979332,-0.1,3,0,-0.3525451,1.327577,0.5470864,-0.3375714,0.8932703,0.7435313,False,3,1,0
6/24/2025 1:22:24 PM,1750764144057,Right,-0.2410125,1.016888,0.7038718,-0.3027831,0.8443671,0.3610181,-0.2670205,0.929046,0.7007667,-0.1,3,0,-0.3501481,1.331603,0.5461401,-0.3230897,0.8992413,0.7479739,False,3,1,0
6/24/2025 1:22:24 PM,1750764144071,Right,-0.224099,1.022735,0.7070402,-0.3016719,0.8471633,0.3631599,-0.2518295,0.9344819,0.703582,-0.1,3,0,-0.3481036,1.334814,0.5450729,-0.3065247,0.9046251,0.7523426,False,3,1,0
6/24/2025 1:22:24 PM,1750764144099,Right,-0.1909827,1.03255,0.7108608,-0.2985581,0.8520727,0.3667504,-0.2257301,0.9440207,0.7060661,-0.1,3,0,-0.3443247,1.34058,0.5429982,-0.2767706,0.9141049,0.7586066,False,3,1,0
6/24/2025 1:22:24 PM,1750764144112,Right,-0.173701,1.037344,0.7115034,-0.2967213,0.8544009,0.368502,-0.2119436,0.9467067,0.7059454,-0.1,3,0,-0.3427609,1.342866,0.5422832,-0.260761,0.9165689,0.7604355,False,3,1,0
6/24/2025 1:22:24 PM,1750764144140,Right,-0.1341034,1.047612,0.7114123,-0.2920982,0.8583781,0.371189,-0.1813562,0.9546548,0.7051455,-0.1,3,0,-0.339877,1.346156,0.5397347,-0.2254672,0.9248716,0.7636927,False,3,1,0
6/24/2025 1:22:24 PM,1750764144154,Right,-0.1127706,1.053236,0.7108706,-0.2895402,0.8600127,0.3721948,-0.1650438,0.9587048,0.7045717,-0.1,3,0,-0.3387328,1.347539,0.5386485,-0.2070297,0.9297611,0.7650699,False,3,1,0
6/24/2025 1:22:24 PM,1750764144182,Right,-0.07247782,1.060513,0.7074615,-0.2840503,0.8617499,0.373836,-0.128957,0.9651759,0.7015491,-0.1,3,0,-0.3363467,1.349274,0.5382346,-0.166027,0.9360092,0.7650764,False,3,1,0
6/24/2025 1:22:24 PM,1750764144195,Right,-0.05500972,1.06239,0.7047557,-0.2814647,0.8618625,0.3746392,-0.1145834,0.9668385,0.6997071,-0.1,3,0,-0.3352119,1.349616,0.5387815,-0.1496825,0.9369165,0.7639979,False,3,1,0
6/24/2025 1:22:24 PM,1750764144210,Right,-0.03849053,1.064569,0.7023407,-0.2790507,0.8622089,0.3756043,-0.1012749,0.9681937,0.6976698,-0.1,3,0,-0.3338543,1.349822,0.539306,-0.1350627,0.9374316,0.762266,False,3,1,0
6/24/2025 1:22:24 PM,1750764144237,Right,-0.007082939,1.069517,0.6948184,-0.2747852,0.8621237,0.3778013,-0.07348495,0.9710215,0.6932486,-0.1,3,0,-0.3310961,1.348343,0.5408629,-0.1050287,0.9392791,0.7585019,False,3,1,0
6/24/2025 1:22:24 PM,1750764144251,Right,0.01115608,1.073486,0.6899847,-0.2730097,0.8625178,0.3791863,-0.05926918,0.973731,0.6898996,-0.1,3,0,-0.3298019,1.347017,0.5407916,-0.08946899,0.9419537,0.7557689,False,3,1,0
6/24/2025 1:22:24 PM,1750764144279,Right,0.04540002,1.080963,0.6812028,-0.2697514,0.8646286,0.3825706,-0.02885811,0.978596,0.6831994,-0.1,3,0,-0.3268644,1.343722,0.5417722,-0.05702361,0.9471645,0.7501274,False,3,1,0
6/24/2025 1:22:24 PM,1750764144293,Right,0.05923796,1.085298,0.6764206,-0.2682632,0.8657956,0.3842696,-0.01720911,0.9809853,0.6795539,-0.1,3,0,-0.325044,1.341902,0.5431615,-0.0442987,0.9497732,0.7470265,False,3,1,0
6/24/2025 1:22:24 PM,1750764144321,Right,0.08282709,1.097708,0.6655325,-0.264923,0.8664926,0.3863719,0.001866547,0.9879342,0.6711315,-0.1,3,0,-0.3206943,1.336801,0.5467447,-0.02192644,0.9575205,0.740193,False,3,1,0
6/24/2025 1:22:24 PM,1750764144335,Right,0.09516084,1.104102,0.6598254,-0.2631222,0.8663586,0.3870984,0.0122397,0.9916329,0.6671298,-0.1,3,0,-0.3181027,1.333855,0.5476121,-0.009939251,0.9615316,0.7368622,False,3,1,0
6/24/2025 1:22:24 PM,1750764144363,Right,0.1218803,1.112169,0.6498216,-0.2595316,0.8657634,0.3883387,0.03516925,0.9956496,0.658918,-0.1,3,0,-0.3115438,1.328014,0.5500609,0.01703599,0.966181,0.7300754,False,3,1,0
6/24/2025 1:22:24 PM,1750764144376,Right,0.135969,1.114419,0.6451362,-0.2576143,0.8647896,0.3884426,0.0457608,0.9963289,0.6550876,-0.1,3,0,-0.3075289,1.324743,0.5519775,0.03007425,0.9670818,0.7269147,False,3,1,0
6/24/2025 1:22:24 PM,1750764144390,Right,0.1497389,1.116286,0.640325,-0.2554265,0.8634721,0.3884815,0.05663385,0.9961583,0.651355,-0.1,3,0,-0.3035439,1.321001,0.5538512,0.04297696,0.9671827,0.7237048,False,3,1,0
6/24/2025 1:22:24 PM,1750764144418,Right,0.1740286,1.116923,0.6315745,-0.2492744,0.8589396,0.3873776,0.0767379,0.9936422,0.6445776,-0.1,3,0,-0.2939228,1.312567,0.5569485,0.06699631,0.9649803,0.7176815,False,3,1,0
6/24/2025 1:22:24 PM,1750764144432,Right,0.184947,1.115823,0.627838,-0.2452229,0.8567339,0.3858668,0.08673082,0.9918495,0.6418281,-0.1,3,0,-0.2884036,1.308051,0.5582687,0.07801411,0.9628016,0.714909,False,3,1,0
6/24/2025 1:22:24 PM,1750764144459,Right,0.2083538,1.11236,0.6202945,-0.2370213,0.8538944,0.3837894,0.1078484,0.9862158,0.6364253,-0.1,3,0,-0.2767233,1.298068,0.5609635,0.1004076,0.9561784,0.7092468,False,3,1,0
6/24/2025 1:22:24 PM,1750764144474,Right,0.2204622,1.108248,0.6170195,-0.2324547,0.8539609,0.3834985,0.119007,0.9816732,0.6339337,-0.1,3,0,-0.2701834,1.292356,0.5622736,0.1120955,0.950884,0.706493,False,3,1,0
6/24/2025 1:22:24 PM,1750764144501,Right,0.2451899,1.100941,0.6089271,-0.2237591,0.8555362,0.384292,0.1433506,0.9723496,0.6279576,-0.1,3,0,-0.2563149,1.280843,0.5650507,0.137528,0.9404445,0.7001293,False,3,1,0
6/24/2025 1:22:24 PM,1750764144515,Right,0.2583433,1.096557,0.6045948,-0.2183222,0.8575276,0.3843628,0.1554988,0.9673163,0.6246361,-0.1,3,0,-0.2487644,1.274657,0.5661629,0.150309,0.93502,0.696682,False,3,1,0
6/24/2025 1:22:24 PM,1750764144543,Right,0.2860378,1.089685,0.594745,-0.2062813,0.8612595,0.38397,0.1794408,0.9593697,0.6175617,-0.1,3,0,-0.233035,1.261993,0.5683936,0.1760291,0.9259114,0.6891822,False,3,1,0
6/24/2025 1:22:24 PM,1750764144556,Right,0.3011017,1.085393,0.5881168,-0.1980706,0.8645935,0.3829795,0.1923097,0.955659,0.6133409,-0.1,3,0,-0.2236894,1.255126,0.5692185,0.1898688,0.9214937,0.6846667,False,3,1,0
6/24/2025 1:22:24 PM,1750764144571,Right,0.3154618,1.080882,0.582256,-0.1894125,0.8669477,0.3819102,0.20694,0.950448,0.6085885,-0.1,3,0,-0.2139515,1.248457,0.5702986,0.2054808,0.9157628,0.6796898,False,3,1,0
6/24/2025 1:22:24 PM,1750764144598,Right,0.3449632,1.068745,0.5703915,-0.1701969,0.8704155,0.3798857,0.2359879,0.9370815,0.5987508,-0.1,3,0,-0.1926025,1.234859,0.5716289,0.2365,0.9017218,0.6695324,False,3,1,0
6/24/2025 1:22:24 PM,1750764144612,Right,0.3603238,1.062163,0.5639614,-0.1600132,0.8723223,0.3800628,0.2502747,0.9308218,0.5938424,-0.1,3,0,-0.1814508,1.227912,0.5720414,0.2518504,0.8952236,0.6644886,False,3,1,0
6/24/2025 1:22:24 PM,1750764144640,Right,0.3915256,1.045591,0.5514122,-0.1391075,0.876418,0.3809632,0.2797267,0.9141358,0.5835575,-0.1,3,0,-0.1570988,1.213931,0.573696,0.2838967,0.8780521,0.653851,False,3,1,0
6/24/2025 1:22:24 PM,1750764144654,Right,0.4074826,1.035322,0.5448989,-0.127586,0.8781301,0.3813301,0.2944631,0.904893,0.5784118,-0.1,3,0,-0.1432086,1.206966,0.5746175,0.3002395,0.8685243,0.6484442,False,3,1,0
6/24/2025 1:22:24 PM,1750764144682,Right,0.4387932,1.013337,0.5324808,-0.1027371,0.8803882,0.3814443,0.3251332,0.8841715,0.5684589,-0.1,3,0,-0.1135876,1.192806,0.5759953,0.3331083,0.8459483,0.6372774,False,3,1,0
6/24/2025 1:22:24 PM,1750764144696,Right,0.4551119,1.001119,0.5260197,-0.08889318,0.8803655,0.3811634,0.3411817,0.8738269,0.563515,-0.1,3,0,-0.09777498,1.185634,0.5761007,0.3500205,0.8343344,0.6315063,False,3,1,0
6/24/2025 1:22:24 PM,1750764144709,Right,0.472263,0.9890333,0.5190462,-0.07501554,0.8801389,0.3808924,0.3577778,0.8639862,0.5583774,-0.1,3,0,-0.08160746,1.178712,0.5760237,0.3679355,0.8232805,0.6254629,False,3,1,0
6/24/2025 1:22:24 PM,1750764144737,Right,0.5095621,0.9607506,0.5043716,-0.04509807,0.8776625,0.3800377,0.3938065,0.8406836,0.5470699,-0.1,3,0,-0.04644656,1.165488,0.5775748,0.4052443,0.7984819,0.6130152,False,3,1,0
6/24/2025 1:22:24 PM,1750764144751,Right,0.5284945,0.9460743,0.497519,-0.02970207,0.8756081,0.3798329,0.4130432,0.8277426,0.54136,-0.1,3,0,-0.02699769,1.158889,0.5786747,0.4247218,0.7849606,0.6068879,False,3,1,0
6/24/2025 1:22:24 PM,1750764144779,Right,0.5663536,0.9170116,0.4857706,0.001142979,0.8711343,0.3797332,0.4525803,0.8022382,0.5316687,-0.1,3,0,0.01363349,1.145218,0.5804991,0.4647224,0.7583585,0.5963814,False,3,1,0
6/24/2025 1:22:24 PM,1750764144793,Right,0.5863961,0.9001338,0.4824198,0.01821291,0.8672753,0.3794585,0.4728249,0.7885592,0.5290219,-0.1,3,0,0.03591204,1.1381,0.5817369,0.4852526,0.743911,0.5931522,False,3,1,0
6/24/2025 1:22:24 PM,1750764144821,Right,0.6277466,0.8673537,0.4750712,0.05138242,0.8604416,0.3788874,0.5139116,0.7625523,0.5245534,-0.1,3,0,0.08185983,1.123479,0.584751,0.5268432,0.7157669,0.5870393,False,3,1,0
6/24/2025 1:22:24 PM,1750764144835,Right,0.6497973,0.850584,0.4715205,0.06819594,0.856896,0.3786632,0.5353473,0.7495009,0.5225679,-0.1,3,0,0.1061051,1.115864,0.5858396,0.5487748,0.7017748,0.5842324,False,3,1,0
6/24/2025 1:22:24 PM,1750764144862,Right,0.6965594,0.8139593,0.4663525,0.1038102,0.8475151,0.3781532,0.5821838,0.7197622,0.5187867,-0.1,3,0,0.1565394,1.100645,0.5877675,0.5963494,0.6712143,0.5796391,False,3,1,0
6/24/2025 1:22:24 PM,1750764144876,Right,0.7189306,0.7949734,0.4639745,0.121718,0.8427297,0.3777124,0.606409,0.703456,0.5173243,-0.1,3,0,0.1833066,1.092521,0.5903589,0.6207142,0.6543038,0.5776568,False,3,1,0
6/24/2025 1:22:24 PM,1750764144890,Right,0.7411778,0.7747552,0.4624985,0.1395806,0.8375149,0.3773422,0.6312996,0.685756,0.515698,-0.1,3,0,0.2110341,1.082932,0.5905966,0.6456456,0.6358597,0.5754068,False,3,1,0
6/24/2025 1:22:24 PM,1750764144918,Right,0.7860827,0.735321,0.4583236,0.176317,0.8240988,0.3770326,0.6778157,0.6520554,0.5120155,-0.1,3,0,0.2642057,1.065791,0.5888103,0.6921531,0.6021052,0.5716813,False,3,1,0
6/24/2025 1:22:24 PM,1750764144931,Right,0.8077706,0.7135084,0.456116,0.1947793,0.8158908,0.3770552,0.7001736,0.6339856,0.5092919,-0.1,3,0,0.2899784,1.0579,0.5867428,0.7144795,0.5839185,0.5688672,False,3,1,0
6/24/2025 1:22:24 PM,1750764144960,Right,0.8449602,0.6677963,0.4499381,0.2303326,0.8012785,0.3772315,0.7389843,0.5958689,0.5014725,-0.1,3,0,0.3392216,1.046311,0.5830017,0.7530821,0.5452462,0.5606264,False,3,1,0
6/24/2025 1:22:24 PM,1750764144974,Right,0.8611381,0.6457139,0.4462227,0.2482135,0.7946146,0.3771008,0.7569984,0.577722,0.4973226,-0.1,3,0,0.3635054,1.041886,0.583721,0.7708294,0.5265491,0.5560647,False,3,1,0
6/24/2025 1:22:25 PM,1750764145001,Right,0.8897738,0.6064453,0.4375569,0.2831651,0.7832465,0.3760689,0.7905099,0.5453902,0.4899924,-0.1,3,0,0.4119654,1.0291,0.5880722,0.8033317,0.4923323,0.547273,False,3,1,0
6/24/2025 1:22:25 PM,1750764145014,Right,0.9038577,0.5880465,0.4324094,0.2993615,0.7783971,0.3759607,0.8062861,0.5310625,0.4862674,-0.1,3,0,0.4344093,1.022839,0.5887607,0.8189549,0.4768298,0.5424715,False,3,1,0
6/24/2025 1:22:25 PM,1750764145042,Right,0.9270024,0.5505477,0.4234843,0.3291996,0.7695327,0.3776838,0.8302523,0.5027843,0.4781842,-0.1,3,0,0.4755933,1.011438,0.587263,0.8427114,0.4459316,0.5317858,False,3,1,0
6/24/2025 1:22:25 PM,1750764145056,Right,0.9338959,0.5350349,0.4221115,0.3426093,0.7662842,0.3788195,0.8413458,0.4878398,0.4759351,-0.1,3,0,0.4925961,1.004112,0.5846769,0.8532006,0.4295542,0.528116,False,3,1,0
6/24/2025 1:22:25 PM,1750764145070,Right,0.9418173,0.5208321,0.4207238,0.3562281,0.7630978,0.3790383,0.850072,0.4776584,0.4762889,-0.1,3,0,0.5100262,0.9970425,0.5834693,0.8608366,0.417737,0.5268275,False,3,1,0
6/24/2025 1:22:25 PM,1750764145098,Right,0.9562502,0.496624,0.4183688,0.3822351,0.7593522,0.3756564,0.8704716,0.4597411,0.4777409,-0.1,3,0,0.5425948,0.983044,0.579317,0.8792972,0.3960462,0.5238459,False,3,1,0
6/24/2025 1:22:25 PM,1750764145112,Right,0.9638458,0.4831068,0.4169641,0.3952514,0.7576592,0.3728116,0.8787795,0.4489711,0.4769638,-0.1,3,0,0.5577693,0.9759248,0.57737,0.8870552,0.3847115,0.522382,False,3,1,0
6/24/2025 1:22:25 PM,1750764145140,Right,0.974021,0.4573861,0.414711,0.4175351,0.7555555,0.3659811,0.8928272,0.4269092,0.4746015,-0.1,3,0,0.5844198,0.9627699,0.5745162,0.8996378,0.3619804,0.5193056,False,3,1,0
6/24/2025 1:22:25 PM,1750764145154,Right,0.9782323,0.4441315,0.4131993,0.427223,0.7542816,0.3634498,0.8987544,0.4156936,0.4729541,-0.1,3,0,0.5968369,0.9565876,0.5730571,0.9049777,0.3502179,0.5169404,False,3,1,0
6/24/2025 1:22:25 PM,1750764145181,Right,0.9845082,0.4219275,0.410833,0.4413353,0.7507936,0.3607823,0.9078019,0.3964969,0.4704871,-0.1,3,0,0.6203293,0.9448237,0.5695101,0.9139673,0.3301121,0.5130975,False,3,1,0
6/24/2025 1:22:25 PM,1750764145195,Right,0.9884708,0.4124382,0.4096452,0.4477019,0.7483361,0.3601873,0.9125604,0.3884652,0.4693761,-0.1,3,0,0.6311127,0.9391408,0.5683416,0.9186086,0.3221293,0.5120793,False,3,1,0
6/24/2025 1:22:25 PM,1750764145209,Right,0.9921267,0.4048965,0.4085366,0.4527576,0.7453608,0.3598944,0.9175826,0.3817739,0.468496,-0.1,3,0,0.6411893,0.9338089,0.5670365,0.9235556,0.3154824,0.5112785,False,3,1,0
6/24/2025 1:22:25 PM,1750764145237,Right,0.9983287,0.3874512,0.4076791,0.461217,0.7400941,0.3593471,0.925892,0.366226,0.4666738,-0.1,3,0,0.6593806,0.9236113,0.5633413,0.9316576,0.2999539,0.509515,False,3,1,0
6/24/2025 1:22:25 PM,1750764145251,Right,1.000049,0.3787786,0.4080646,0.4651135,0.7377479,0.3586723,0.9286549,0.3582352,0.4659963,-0.1,3,0,0.6672542,0.918909,0.561529,0.934168,0.2918778,0.5087384,False,3,1,0
6/24/2025 1:22:25 PM,1750764145279,Right,1.003824,0.3646323,0.4080902,0.4725984,0.7321868,0.3565856,0.9345871,0.3460417,0.4657592,-0.1,3,0,0.6823169,0.910466,0.5592269,0.9394041,0.2794583,0.5082332,False,3,1,0
6/24/2025 1:22:25 PM,1750764145293,Right,1.005179,0.3581531,0.4079549,0.4761467,0.7289906,0.3555465,0.9373513,0.3401988,0.4653949,-0.1,3,0,0.6892608,0.9063742,0.5587267,0.9418638,0.2734521,0.5076456,False,3,1,0
6/24/2025 1:22:25 PM,1750764145320,Right,1.006253,0.3447469,0.4083807,0.4826727,0.7220842,0.3546462,0.9407861,0.3288136,0.465635,-0.1,3,0,0.701636,0.8993049,0.5575136,0.9442207,0.2616284,0.5072877,False,3,1,0
6/24/2025 1:22:25 PM,1750764145334,Right,1.006081,0.3381513,0.409532,0.4855013,0.7186067,0.3551078,0.9422854,0.3234207,0.4666424,-0.1,3,0,0.7076876,0.8962868,0.5569993,0.9443897,0.2558503,0.5077569,False,3,1,0
6/24/2025 1:22:25 PM,1750764145362,Right,1.007614,0.3263575,0.4114747,0.4916706,0.7125217,0.357039,0.946279,0.3135618,0.4685082,-0.1,3,0,0.7192876,0.8905933,0.5571135,0.9470857,0.2457008,0.5091878,False,3,1,0
6/24/2025 1:22:25 PM,1750764145376,Right,1.008411,0.3205063,0.412564,0.494767,0.7105007,0.3587251,0.9479598,0.3086841,0.4694505,-0.1,3,0,0.7245377,0.8878052,0.5575308,0.9484591,0.2406637,0.5098681,False,3,1,0
6/24/2025 1:22:25 PM,1750764145390,Right,1.009189,0.3145305,0.4139488,0.4979827,0.7092531,0.3607637,0.949393,0.3035595,0.4704688,-0.1,3,0,0.7297684,0.8849196,0.5580333,0.9497237,0.2353074,0.5104955,False,4,1,0
6/24/2025 1:22:25 PM,1750764145418,Right,1.01239,0.3049725,0.4167601,0.5049013,0.7093436,0.3667923,0.9536526,0.2952165,0.4733734,-0.1,3,0,0.7390254,0.8797406,0.5592948,0.9536921,0.2265214,0.5126364,False,4,1,0
6/24/2025 1:22:25 PM,1750764145432,Right,1.014843,0.3005694,0.4169589,0.5082138,0.709747,0.3698645,0.9566799,0.2916872,0.4735314,-0.1,3,0,0.742438,0.8772634,0.559677,0.9567985,0.2229766,0.512767,False,4,1,0
6/24/2025 1:22:25 PM,1750764145459,Right,1.01916,0.2907511,0.415931,0.5143528,0.7091578,0.3741328,0.961309,0.2828027,0.4723629,-0.1,3,0,0.7487715,0.8719554,0.560474,0.9617751,0.2139162,0.5112862,False,4,1,0
6/24/2025 1:22:25 PM,1750764145473,Right,1.021257,0.2866151,0.4156721,0.5174119,0.7088834,0.376043,0.9635166,0.2789599,0.4717792,-0.1,3,0,0.7514784,0.8692046,0.5608958,0.9642583,0.2098662,0.5103291,False,4,1,0
6/24/2025 1:22:25 PM,1750764145501,Right,1.024667,0.2822519,0.4165939,0.5221175,0.7082715,0.3788604,0.9670186,0.2750131,0.4734476,-0.1,3,0,0.754783,0.8647559,0.561541,0.9680461,0.2057382,0.5116642,False,4,1,0
6/24/2025 1:22:25 PM,1750764145515,Right,1.025202,0.2807652,0.4178721,0.5237263,0.7078563,0.3798338,0.9676799,0.2736844,0.4749539,-0.1,3,0,0.7559835,0.8631504,0.5621186,0.9686012,0.2044707,0.5132841,False,4,1,0
6/24/2025 1:22:25 PM,1750764145543,Right,1.02505,0.279527,0.4215434,0.5241345,0.707522,0.3802321,0.9676533,0.271937,0.4780746,-0.1,3,0,0.7589601,0.8605987,0.5641288,0.9685499,0.2029615,0.5168325,False,4,1,0
6/24/2025 1:22:25 PM,1750764145557,Right,1.024957,0.2802423,0.4232965,0.5253446,0.7069399,0.380952,0.9679294,0.2720866,0.479757,-0.1,3,0,0.7597433,0.8602131,0.5649179,0.968662,0.203173,0.5186283,False,4,1,0
6/24/2025 1:22:25 PM,1750764145570,Right,1.024262,0.2810238,0.4247329,0.526433,0.7061441,0.3815123,0.9678316,0.2726391,0.48121,-0.1,3,0,0.7600547,0.8601123,0.5658163,0.9682918,0.2038701,0.5203406,False,4,1,0
6/24/2025 1:22:25 PM,1750764145598,Right,1.022093,0.2813672,0.4271555,0.5275699,0.7047894,0.3821256,0.965809,0.2733227,0.4832223,-0.1,3,0,0.7606227,0.8613188,0.5674201,0.9657951,0.2047959,0.5227781,False,4,1,0
6/24/2025 1:22:25 PM,1750764145612,Right,1.020786,0.2814759,0.427752,0.5272119,0.7050772,0.3822618,0.9645284,0.2736338,0.4836047,-0.1,3,0,0.76087,0.8625978,0.5681452,0.9641752,0.2050733,0.5231005,False,4,1,0
6/24/2025 1:22:25 PM,1750764145640,Right,1.019173,0.2830843,0.4275287,0.5260664,0.7062762,0.3824756,0.9634842,0.2756615,0.4834096,-0.1,3,0,0.7607369,0.8666694,0.5701059,0.9623,0.2068313,0.5224172,False,4,1,0
6/24/2025 1:22:25 PM,1750764145654,Right,1.019027,0.2850537,0.4274563,0.5257564,0.7068791,0.382601,0.9635535,0.2780608,0.4839568,-0.1,3,0,0.7605771,0.8695288,0.5714971,0.9619907,0.2089942,0.5225307,False,4,1,0
6/24/2025 1:22:25 PM,1750764145681,Right,1.019583,0.2929196,0.4290197,0.5258752,0.7089591,0.3833424,0.9640055,0.2846773,0.4859292,-0.1,3,0,0.7602481,0.8764255,0.5751764,0.9628675,0.2156936,0.524666,False,4,1,0
6/24/2025 1:22:25 PM,1750764145695,Right,1.019361,0.2980412,0.4305998,0.5261472,0.710781,0.3840544,0.9639007,0.2889224,0.4875503,-0.1,3,0,0.7594804,0.880262,0.5769442,0.9627884,0.220142,0.5266478,False,4,1,0
6/24/2025 1:22:25 PM,1750764145709,Right,1.018636,0.3027863,0.4319623,0.5263512,0.714552,0.385325,0.9631776,0.2941097,0.4892347,-0.1,3,0,0.7579346,0.8846589,0.5785304,0.9621195,0.2256024,0.5288104,False,4,1,0
6/24/2025 1:22:25 PM,1750764145737,Right,1.016514,0.3130854,0.4350877,0.5261354,0.7212244,0.3878342,0.9604767,0.3052493,0.4922084,-0.1,3,0,0.7545794,0.8942145,0.5812773,0.9594883,0.2371648,0.5325086,False,4,1,0
6/24/2025 1:22:25 PM,1750764145751,Right,1.015737,0.3196759,0.4372044,0.525916,0.7243156,0.3890983,0.9595234,0.3111961,0.4941902,-0.1,3,0,0.7525588,0.8995428,0.5825728,0.9586248,0.2432901,0.5347926,False,4,1,0
6/24/2025 1:22:25 PM,1750764145779,Right,1.013639,0.3380967,0.4437299,0.5245589,0.7313761,0.3912685,0.9575015,0.3256903,0.5000207,-0.1,3,0,0.7476296,0.9114004,0.5861992,0.9570609,0.2585416,0.5418712,False,4,1,0
6/24/2025 1:22:25 PM,1750764145793,Right,1.01151,0.3476042,0.4476765,0.5237398,0.7349697,0.3921237,0.9559012,0.3330143,0.5030025,-0.1,3,0,0.7447183,0.9180478,0.5884317,0.955505,0.2663468,0.5456156,False,4,1,0
6/24/2025 1:22:25 PM,1750764145820,Right,1.005763,0.3678953,0.4566367,0.5212319,0.7433015,0.3938698,0.9501874,0.3507753,0.5105249,-0.1,3,0,0.7375234,0.9329547,0.5932614,0.949868,0.2854365,0.5551491,False,4,1,0
6/24/2025 1:22:25 PM,1750764145834,Right,1.002034,0.3793233,0.46198,0.5192357,0.7479306,0.3946999,0.9464378,0.3608146,0.5149444,-0.1,3,0,0.732911,0.9411656,0.596177,0.9459865,0.2963236,0.5607843,False,4,1,0
6/24/2025 1:22:25 PM,1750764145848,Right,0.9971998,0.3921471,0.4680505,0.5167831,0.7527008,0.3956515,0.942277,0.3707077,0.519437,-0.1,3,0,0.7279556,0.9497958,0.5991973,0.9416046,0.3071156,0.5665133,False,4,1,0
6/24/2025 1:22:25 PM,1750764145876,Right,0.9857169,0.4197178,0.4796995,0.510604,0.762886,0.3980017,0.9313374,0.3938214,0.5293036,-0.1,3,0,0.7158691,0.9686115,0.6063865,0.9301348,0.3325293,0.5793279,False,4,1,0
6/24/2025 1:22:25 PM,1750764145890,Right,0.9793583,0.4339516,0.485232,0.5072989,0.7682402,0.3992143,0.9255759,0.4051944,0.5337276,-0.1,3,0,0.7086551,0.9787958,0.6110371,0.9241208,0.3450962,0.5851736,False,4,1,0
6/24/2025 1:22:25 PM,1750764145917,Right,0.9642875,0.4642407,0.4973073,0.4989655,0.7797483,0.4013574,0.909547,0.433775,0.5459566,-0.1,3,0,0.6886996,1.001469,0.6231078,0.9074159,0.3752098,0.5991183,False,4,1,0
6/24/2025 1:22:25 PM,1750764145931,Right,0.9562048,0.4797478,0.503388,0.4941076,0.7856842,0.4023865,0.9017186,0.446863,0.5517347,-0.1,3,0,0.6765076,1.013865,0.6300343,0.8992629,0.3886811,0.6053018,False,4,1,0
6/24/2025 1:22:25 PM,1750764145959,Right,0.938606,0.5118569,0.5148849,0.4829562,0.7976043,0.4048895,0.8819574,0.4795575,0.5649427,-0.1,3,0,0.6513698,1.041295,0.6401705,0.8788227,0.4220071,0.6191526,False,4,1,0
6/24/2025 1:22:25 PM,1750764145973,Right,0.9295712,0.5278482,0.5204445,0.4774512,0.8036283,0.4063747,0.8708905,0.4971845,0.5712162,-0.1,3,0,0.6380621,1.055588,0.6441141,0.867449,0.4399321,0.6257222,False,4,1,0
6/24/2025 1:22:26 PM,1750764146001,Right,0.909892,0.5598146,0.5307158,0.4648025,0.8171098,0.4101309,0.845883,0.5341875,0.5831248,-0.1,3,0,0.6086073,1.085701,0.6502818,0.841692,0.4776763,0.6383471,False,4,1,0
6/24/2025 1:22:26 PM,1750764146015,Right,0.9007583,0.5754466,0.5354904,0.4582938,0.8241293,0.4121933,0.8332385,0.5529642,0.5883946,-0.1,3,0,0.5937312,1.101075,0.6529464,0.8284191,0.4970516,0.6441724,False,4,1,0
6/24/2025 1:22:26 PM,1750764146043,Right,0.8816391,0.6066243,0.5443064,0.4429734,0.8396513,0.4176182,0.8126438,0.584314,0.5960555,-0.1,3,0,0.5624062,1.133311,0.6568035,0.8054245,0.5300635,0.6531988,False,4,1,0
6/24/2025 1:22:26 PM,1750764146056,Right,0.8717319,0.622444,0.5487183,0.434203,0.8477892,0.4208583,0.8026,0.6001067,0.5996646,-0.1,3,0,0.5460778,1.14978,0.657216,0.7938118,0.5467729,0.6574475,False,4,1,0
6/24/2025 1:22:26 PM,1750764146070,Right,0.8618084,0.6382714,0.5533115,0.4254385,0.8556078,0.4239511,0.7914827,0.6156107,0.602735,-0.1,3,0,0.5297956,1.166301,0.6570667,0.7822143,0.5634803,0.6615322,False,4,1,0
6/24/2025 1:22:26 PM,1750764146098,Right,0.8401839,0.669161,0.5634826,0.4051173,0.8707629,0.4309759,0.7680187,0.6458363,0.6098229,-0.1,3,0,0.4988205,1.197557,0.6556619,0.7581242,0.5952097,0.6698198,False,4,1,0
6/24/2025 1:22:26 PM,1750764146111,Right,0.8293767,0.6847576,0.5686105,0.3951097,0.8781429,0.434257,0.7562318,0.6615197,0.6139738,-0.1,3,0,0.4837507,1.21248,0.6545652,0.7461419,0.6111307,0.6741379,False,4,1,0
6/24/2025 1:22:26 PM,1750764146139,Right,0.8069849,0.7153748,0.578524,0.3711268,0.8936937,0.4421502,0.7321596,0.6917207,0.6214582,-0.1,3,0,0.4535612,1.239495,0.649974,0.7217473,0.6420585,0.6821694,False,4,1,0
6/24/2025 1:22:26 PM,1750764146153,Right,0.7960371,0.7299535,0.5831631,0.3598238,0.901641,0.4459555,0.7203445,0.70563,0.6245522,-0.1,3,0,0.4387729,1.252194,0.6471118,0.7096983,0.656472,0.685632,False,4,1,0
6/24/2025 1:22:26 PM,1750764146182,Right,0.7749442,0.7586275,0.5920495,0.3356152,0.91797,0.4534618,0.6978822,0.7323533,0.6302368,-0.1,3,0,0.4099398,1.27522,0.6409677,0.6865554,0.6845857,0.6922897,False,4,1,0
6/24/2025 1:22:26 PM,1750764146195,Right,0.7650077,0.7727407,0.5962058,0.3232183,0.9264975,0.457122,0.6873445,0.7450203,0.6324863,-0.1,3,0,0.395896,1.285607,0.6366748,0.6755987,0.6982185,0.6951937,False,4,1,0
6/24/2025 1:22:26 PM,1750764146223,Right,0.7470551,0.8007914,0.6037093,0.2985367,0.9436757,0.4635521,0.6676598,0.7705584,0.6367896,-0.1,3,0,0.3694079,1.306489,0.6290127,0.6554706,0.7255055,0.7006821,False,4,1,0
6/24/2025 1:22:26 PM,1750764146237,Right,0.7383183,0.8153275,0.6071562,0.2860391,0.9522088,0.4663061,0.658188,0.7839339,0.6389771,-0.1,3,0,0.3563905,1.316936,0.6260995,0.6464007,0.7396553,0.7034833,False,4,1,0
6/24/2025 1:22:26 PM,1750764146251,Right,0.7295333,0.8297934,0.6106452,0.2735362,0.960558,0.4687091,0.6489712,0.797265,0.6413829,-0.1,3,0,0.3432055,1.326724,0.6231531,0.6375046,0.753368,0.706207,False,4,1,0
6/24/2025 1:22:26 PM,1750764146278,Right,0.7131505,0.8596929,0.617196,0.2489452,0.9763649,0.4723002,0.6302195,0.8241368,0.6456399,-0.1,3,0,0.3164425,1.34491,0.6151503,0.6194212,0.7811415,0.7111791,False,4,1,0
6/24/2025 1:22:26 PM,1750764146293,Right,0.7062844,0.8750158,0.6199163,0.2369249,0.9839303,0.4736582,0.6222007,0.8378341,0.6466904,-0.1,3,0,0.3031808,1.353548,0.6101507,0.6120185,0.795727,0.7129015,False,4,1,0
6/24/2025 1:22:26 PM,1750764146320,Right,0.6954149,0.9068004,0.6230921,0.2138966,0.9974729,0.4749088,0.6085868,0.8648144,0.6473249,-0.1,3,0,0.2777681,1.370569,0.6019632,0.6000922,0.8256048,0.7155235,False,4,1,0
6/24/2025 1:22:26 PM,1750764146334,Right,0.6901046,0.9226563,0.6239704,0.2026535,1.003572,0.4749072,0.6021163,0.8780043,0.6473415,-0.1,3,0,0.2661617,1.37822,0.5991865,0.5945795,0.84041,0.7165547,False,4,1,0
6/24/2025 1:22:26 PM,1750764146361,Right,0.6788089,0.9524779,0.625394,0.181144,1.014998,0.4739994,0.5881152,0.9028368,0.6469553,-0.1,3,0,0.2438986,1.393511,0.5935215,0.5829387,0.8680568,0.7178366,False,4,1,0
6/24/2025 1:22:26 PM,1750764146376,Right,0.6732343,0.9664531,0.626011,0.1716268,1.019908,0.473158,0.5815305,0.9151609,0.6468666,-0.1,3,0,0.233912,1.401564,0.5900046,0.5768745,0.8811613,0.7181613,False,4,1,0
6/24/2025 1:22:26 PM,1750764146389,Right,0.6677951,0.9803402,0.6264552,0.1622941,1.024682,0.4723175,0.5753769,0.9270346,0.6464763,-0.1,3,0,0.2240738,1.409138,0.5868567,0.5713298,0.8939327,0.7182292,False,4,1,0
6/24/2025 1:22:26 PM,1750764146418,Right,0.6566652,1.006077,0.6273862,0.1440625,1.033955,0.4703125,0.562878,0.9492692,0.6459869,-0.1,3,0,0.2065977,1.422443,0.5806373,0.5596557,0.9182225,0.7186939,False,4,1,0
6/24/2025 1:22:26 PM,1750764146431,Right,0.6506397,1.017887,0.6282681,0.1361718,1.038002,0.4694551,0.5565827,0.9592757,0.646058,-0.1,3,0,0.1990654,1.428947,0.5774986,0.5535192,0.9289299,0.7190672,False,4,1,0
6/24/2025 1:22:26 PM,1750764146459,Right,0.6393888,1.039538,0.6302515,0.1227887,1.045806,0.468002,0.5453792,0.9786935,0.6464322,-0.1,3,0,0.1855888,1.442435,0.5709089,0.5426311,0.9485629,0.719543,False,4,1,0
6/24/2025 1:22:26 PM,1750764146473,Right,0.6353749,1.049848,0.6305629,0.1169261,1.050235,0.4672246,0.5408237,0.9879706,0.6460156,-0.1,3,0,0.1797322,1.449182,0.5676011,0.5385381,0.9581611,0.7192738,False,4,1,0
6/24/2025 1:22:26 PM,1750764146501,Right,0.6298079,1.071856,0.630936,0.1075095,1.060839,0.4652078,0.5339373,1.007266,0.6449498,-0.1,3,0,0.169293,1.462777,0.5611681,0.5320659,0.9785802,0.7186669,False,4,1,0
6/24/2025 1:22:26 PM,1750764146515,Right,0.6277925,1.084585,0.6310443,0.1039296,1.066971,0.4638851,0.5312425,1.017978,0.6446093,-0.1,3,0,0.1648115,1.469431,0.5578169,0.5292708,0.9896584,0.7184651,False,4,1,0
6/24/2025 1:22:26 PM,1750764146542,Right,0.6220891,1.113007,0.6319836,0.09811008,1.079173,0.4611688,0.5256162,1.042299,0.6440209,-0.1,3,0,0.1571912,1.48341,0.5504309,0.5234495,1.015239,0.7183423,False,4,1,0
6/24/2025 1:22:26 PM,1750764146556,Right,0.616971,1.128857,0.6334976,0.09572995,1.08491,0.4600075,0.5210822,1.054678,0.6441172,-0.1,3,0,0.1541282,1.490157,0.5466136,0.5190025,1.028767,0.7188494,False,4,1,0
6/24/2025 1:22:26 PM,1750764146570,Right,0.6111039,1.146303,0.6349829,0.09378362,1.090326,0.4586362,0.5155934,1.068154,0.6445134,-0.1,3,0,0.1515591,1.496807,0.5429319,0.5131345,1.043233,0.7195701,False,4,1,0
6/24/2025 1:22:26 PM,1750764146598,Right,0.5994455,1.184324,0.6369914,0.09094644,1.100294,0.455793,0.5046225,1.100575,0.6450163,-0.1,3,0,0.1466178,1.509771,0.5355953,0.5016893,1.076905,0.7204598,False,4,1,0
6/24/2025 1:22:26 PM,1750764146612,Right,0.5940733,1.20264,0.6381277,0.08992302,1.104879,0.4542816,0.4993182,1.116508,0.6453069,-0.1,3,0,0.1451472,1.51586,0.5318478,0.4961059,1.093454,0.7209296,False,4,1,0
6/24/2025 1:22:26 PM,1750764146639,Right,0.583216,1.237288,0.6413478,0.08868051,1.112416,0.4514304,0.4891704,1.144865,0.6459984,-0.1,3,0,0.1434623,1.527271,0.5228781,0.4844635,1.123823,0.7221278,False,4,1,0
6/24/2025 1:22:26 PM,1750764146652,Right,0.577432,1.254417,0.6425887,0.08821225,1.115755,0.4502362,0.4850798,1.157105,0.6460496,-0.1,3,0,0.1438081,1.532787,0.5179468,0.4793854,1.137136,0.7224002,False,4,1,0
6/24/2025 1:22:26 PM,1750764146680,Right,0.5640496,1.287802,0.6446921,0.08830059,1.121503,0.4482943,0.4750775,1.185445,0.6454353,-0.1,3,0,0.1468039,1.54266,0.5068905,0.4672379,1.168245,0.7222682,False,4,1,0
6/24/2025 1:22:26 PM,1750764146694,Right,0.5564383,1.303127,0.646084,0.08871746,1.124322,0.4475813,0.469395,1.197845,0.6451556,-0.1,3,0,0.1480196,1.5472,0.5008615,0.4601867,1.182117,0.7221518,False,4,1,0
6/24/2025 1:22:26 PM,1750764146708,Right,0.548925,1.318023,0.6475471,0.08932245,1.12727,0.4469596,0.4638785,1.20899,0.6451948,-0.1,3,0,0.1492429,1.551552,0.4948418,0.4521773,1.194678,0.7221288,False,4,1,0
6/24/2025 1:22:26 PM,1750764146736,Right,0.532058,1.345148,0.6514169,0.09067678,1.134055,0.4463116,0.4521834,1.229923,0.6456112,-0.1,3,0,0.154088,1.561516,0.4830366,0.4353216,1.218702,0.7220988,False,4,1,0
6/24/2025 1:22:26 PM,1750764146750,Right,0.5224134,1.357137,0.6532396,0.09146976,1.137764,0.4463927,0.4448546,1.237853,0.6458073,-0.1,3,0,0.1567175,1.566719,0.477427,0.4259212,1.228301,0.7220364,False,4,1,0
6/24/2025 1:22:26 PM,1750764146778,Right,0.5075642,1.381204,0.6519417,0.09401953,1.144462,0.4475263,0.4337539,1.259359,0.6430869,-0.1,3,0,0.1607705,1.576799,0.4666228,0.4126081,1.251075,0.7188815,False,4,1,0
6/24/2025 1:22:26 PM,1750764146792,Right,0.5020765,1.392545,0.6506728,0.09508562,1.147935,0.4481815,0.4295495,1.269443,0.6406971,-0.1,3,0,0.161943,1.5816,0.4614052,0.4081075,1.262142,0.7165095,False,4,1,0
6/24/2025 1:22:26 PM,1750764146820,Right,0.4917271,1.410024,0.6495003,0.09684706,1.155464,0.4500633,0.4215261,1.283867,0.6377665,-0.1,3,0,0.1640054,1.590495,0.4511887,0.3982487,1.27886,0.713223,False,4,1,0
6/24/2025 1:22:26 PM,1750764146833,Right,0.4864351,1.418239,0.6487187,0.09806418,1.159118,0.4508536,0.4180232,1.289654,0.6360553,-0.1,3,0,0.1649772,1.595394,0.4457453,0.3939038,1.285766,0.7113131,False,4,1,0
6/24/2025 1:22:26 PM,1750764146862,Right,0.4774003,1.434025,0.6449143,0.1005007,1.166768,0.4512814,0.4110461,1.303822,0.6309873,-0.1,3,0,0.165988,1.603552,0.4360009,0.3862533,1.300025,0.7060306,False,4,1,0
6/24/2025 1:22:26 PM,1750764146875,Right,0.473043,1.440553,0.6431464,0.1013769,1.170885,0.4511582,0.4074342,1.310145,0.6286776,-0.1,3,0,0.166761,1.606866,0.4314554,0.3822321,1.306671,0.7036001,False,4,1,0
6/24/2025 1:22:26 PM,1750764146889,Right,0.4685513,1.447026,0.642011,0.1022425,1.174801,0.450883,0.4039661,1.315469,0.6268253,-0.1,3,0,0.1671008,1.610346,0.427201,0.378031,1.312344,0.7015126,False,4,1,0
6/24/2025 1:22:26 PM,1750764146917,Right,0.4612411,1.4559,0.641106,0.1044234,1.180832,0.4487518,0.3978976,1.322452,0.6246451,-0.1,3,0,0.165794,1.615806,0.4202902,0.3696615,1.320195,0.6985248,False,4,1,0
6/24/2025 1:22:26 PM,1750764146931,Right,0.4579841,1.461021,0.6403323,0.1054676,1.182868,0.4475201,0.3954135,1.326398,0.6236117,-0.1,3,0,0.1646115,1.618421,0.4172648,0.3659794,1.325063,0.697045,False,4,1,0
6/24/2025 1:22:26 PM,1750764146958,Right,0.4524565,1.471446,0.6381682,0.1074495,1.184807,0.4453822,0.3907271,1.334904,0.6208167,-0.1,3,0,0.1623713,1.622809,0.4117326,0.3606761,1.334786,0.6940117,False,4,1,0
6/24/2025 1:22:26 PM,1750764146972,Right,0.4499604,1.476294,0.6374799,0.1083101,1.185113,0.4447274,0.3884806,1.338812,0.6197273,-0.1,3,0,0.1611221,1.624526,0.4090381,0.3580975,1.339124,0.6927845,False,4,1,0
6/24/2025 1:22:27 PM,1750764147001,Right,0.4462373,1.485214,0.6374069,0.1090765,1.18443,0.4449235,0.3843346,1.346635,0.6183835,-0.1,3,0,0.1580977,1.627617,0.4043196,0.3524819,1.347518,0.6908073,False,4,1,0
6/24/2025 1:22:27 PM,1750764147014,Right,0.4434562,1.489809,0.6379293,0.1089547,1.184676,0.4454497,0.3818837,1.350094,0.6183788,-0.1,3,0,0.1567155,1.629299,0.4022995,0.3491235,1.351491,0.6903886,False,4,1,0
6/24/2025 1:22:27 PM,1750764147042,Right,0.4357564,1.500663,0.637834,0.1076808,1.186194,0.4463404,0.3757632,1.358103,0.6179526,-0.1,3,0,0.1538267,1.632107,0.3987175,0.3412253,1.360903,0.6890855,False,4,1,0
6/24/2025 1:22:27 PM,1750764147056,Right,0.4310912,1.506511,0.6374172,0.1067435,1.187493,0.4464077,0.3717834,1.362479,0.6172107,-0.1,3,0,0.1522285,1.633118,0.3966783,0.3369106,1.36604,0.6881459,False,4,1,0
6/24/2025 1:22:27 PM,1750764147070,Right,0.4265028,1.511937,0.6373137,0.1061305,1.18897,0.446277,0.3675697,1.366837,0.6165688,-0.1,3,0,0.1503406,1.633931,0.3944365,0.3319338,1.371254,0.6870753,False,4,1,0
6/24/2025 1:22:27 PM,1750764147098,Right,0.4171085,1.521568,0.6387132,0.1046774,1.192239,0.4450426,0.3591636,1.374111,0.6168891,-0.1,3,0,0.1473913,1.63585,0.3907902,0.3215073,1.379729,0.6862507,False,4,1,0
6/24/2025 1:22:27 PM,1750764147112,Right,0.4125116,1.526266,0.6393007,0.1034268,1.193493,0.4440519,0.3553157,1.377788,0.6170191,-0.1,3,0,0.1460901,1.636732,0.3892659,0.3165793,1.384228,0.6857112,False,4,1,0
6/24/2025 1:22:27 PM,1750764147139,Right,0.4026321,1.535194,0.6409277,0.1017151,1.195002,0.4424828,0.3470936,1.384216,0.6177942,-0.1,3,0,0.1431483,1.638165,0.3860317,0.3063847,1.392382,0.6851491,False,4,1,0
6/24/2025 1:22:27 PM,1750764147154,Right,0.3976322,1.539243,0.6422626,0.1010102,1.195558,0.4417933,0.3427477,1.387106,0.6186215,-0.1,3,0,0.1417717,1.638625,0.3843802,0.3013212,1.395654,0.6854899,False,4,1,0
6/24/2025 1:22:27 PM,1750764147181,Right,0.3886729,1.546649,0.6456543,0.09840965,1.195985,0.4405051,0.3343058,1.393512,0.6201278,-0.1,3,0,0.139239,1.6407,0.3812875,0.2919107,1.403052,0.6862507,False,4,1,0
6/24/2025 1:22:27 PM,1750764147194,Right,0.3842106,1.550267,0.6478869,0.09707582,1.196232,0.4398509,0.329851,1.396695,0.6211522,-0.1,3,0,0.1379112,1.641983,0.3798634,0.286931,1.406623,0.6868781,False,4,1,0
6/24/2025 1:22:27 PM,1750764147222,Right,0.3752857,1.55703,0.6542147,0.09485149,1.19674,0.4384353,0.3202924,1.402867,0.623938,-0.1,3,0,0.1353843,1.644097,0.3770758,0.276002,1.413463,0.6886426,False,4,1,0
6/24/2025 1:22:27 PM,1750764147237,Right,0.3701978,1.560546,0.6571048,0.09338665,1.196957,0.4376837,0.3156432,1.40565,0.6257173,-0.1,3,0,0.1341282,1.644813,0.3757759,0.2705426,1.416604,0.6897997,False,4,1,0
6/24/2025 1:22:27 PM,1750764147251,Right,0.3647712,1.56416,0.6598533,0.09183669,1.19713,0.4369535,0.3114232,1.408236,0.6278518,-0.1,3,0,0.1331756,1.645572,0.3745195,0.2653856,1.419592,0.6911936,False,4,1,0
6/24/2025 1:22:27 PM,1750764147278,Right,0.3538638,1.571488,0.6652297,0.08890498,1.197695,0.4355425,0.3042553,1.412547,0.6333022,-0.1,3,0,0.1310242,1.64641,0.3718313,0.2558184,1.424801,0.694656,False,4,1,0
6/24/2025 1:22:27 PM,1750764147292,Right,0.3488344,1.57538,0.6680447,0.08739614,1.198028,0.4348799,0.3013766,1.415001,0.6364976,-0.1,3,0,0.1301066,1.64729,0.3706312,0.2515008,1.427781,0.696578,False,4,1,0
6/24/2025 1:22:27 PM,1750764147319,Right,0.3371656,1.583591,0.672582,0.08390892,1.198777,0.4337325,0.2917312,1.421279,0.6395739,-0.1,3,0,0.1282912,1.648408,0.368538,0.2412508,1.434309,0.6990933,False,4,1,0
6/24/2025 1:22:27 PM,1750764147333,Right,0.3311698,1.587352,0.6750246,0.08208144,1.199144,0.4331681,0.2862002,1.424235,0.6409013,-0.1,3,0,0.1272609,1.648782,0.3674008,0.2352091,1.437161,0.7000065,False,4,1,0
6/24/2025 1:22:27 PM,1750764147362,Right,0.3186587,1.594368,0.6793236,0.07824039,1.1998,0.4322349,0.2756379,1.429295,0.6437843,-0.1,3,0,0.1256526,1.649409,0.3658074,0.223133,1.44242,0.7015039,False,4,1,0
6/24/2025 1:22:27 PM,1750764147376,Right,0.3111793,1.597673,0.6807352,0.07612991,1.199968,0.4320964,0.2697795,1.431235,0.6451138,-0.1,3,0,0.1249363,1.64994,0.3650342,0.2164638,1.444538,0.7020442,False,4,1,0
6/24/2025 1:22:27 PM,1750764147389,Right,0.3041394,1.600785,0.6819452,0.07389629,1.199998,0.4320159,0.264236,1.433701,0.646288,-0.1,3,0,0.1240187,1.650689,0.3645593,0.2103149,1.446554,0.7027496,False,4,1,0
6/24/2025 1:22:27 PM,1750764147417,Right,0.2913381,1.606586,0.6837415,0.06964087,1.19976,0.4314238,0.2538427,1.438456,0.6475416,-0.1,3,0,0.1223131,1.651253,0.3634285,0.1985165,1.451642,0.7025483,False,4,1,0
6/24/2025 1:22:27 PM,1750764147431,Right,0.2838293,1.609137,0.6847605,0.06746995,1.199649,0.4312135,0.2474099,1.439709,0.6480976,-0.1,3,0,0.1213243,1.651181,0.3627337,0.1913001,1.453191,0.7022319,False,4,1,0
6/24/2025 1:22:27 PM,1750764147459,Right,0.2686982,1.613845,0.6867622,0.06296408,1.199478,0.4313122,0.2348103,1.443137,0.6492426,-0.1,3,0,0.1196591,1.651004,0.3616964,0.1769129,1.456455,0.7015026,False,4,1,0
6/24/2025 1:22:27 PM,1750764147472,Right,0.2621788,1.615714,0.687951,0.06080377,1.199088,0.4309613,0.2297247,1.444645,0.6505169,-0.1,3,0,0.1187238,1.651282,0.3614204,0.1708353,1.458049,0.7016342,False,4,1,0
6/24/2025 1:22:27 PM,1750764147500,Right,0.2492602,1.619594,0.6904179,0.05678236,1.198291,0.4301147,0.2188639,1.447292,0.6522321,-0.1,3,0,0.1167411,1.651412,0.3610595,0.1589446,1.461128,0.7020202,False,4,1,0
6/24/2025 1:22:27 PM,1750764147515,Right,0.2424325,1.621683,0.6914328,0.05497694,1.197806,0.429644,0.2130233,1.448766,0.6528745,-0.1,3,0,0.1153758,1.651363,0.3610023,0.1524891,1.46281,0.7018536,False,4,1,0
6/24/2025 1:22:27 PM,1750764147542,Right,0.2276366,1.625234,0.6943721,0.05163085,1.196488,0.4283676,0.200792,1.450984,0.6552526,-0.1,3,0,0.1126143,1.650971,0.3615438,0.1387815,1.465048,0.7023428,False,4,1,0
6/24/2025 1:22:27 PM,1750764147556,Right,0.2202405,1.626984,0.696046,0.04998672,1.195758,0.4276223,0.1945796,1.452151,0.6568938,-0.1,3,0,0.1109908,1.650597,0.3618687,0.131813,1.466117,0.7030013,False,4,1,0
6/24/2025 1:22:27 PM,1750764147569,Right,0.2128403,1.628711,0.6978282,0.04842865,1.195262,0.427086,0.1881309,1.4533,0.6582133,-0.1,3,0,0.1091734,1.650381,0.3620062,0.1246617,1.46737,0.7033165,False,4,1,0
6/24/2025 1:22:27 PM,1750764147597,Right,0.1969377,1.632052,0.7000438,0.04481745,1.19447,0.4261194,0.1748821,1.455475,0.6604975,-0.1,3,0,0.1048782,1.649989,0.3627366,0.1097196,1.469943,0.7029843,False,4,1,0
6/24/2025 1:22:27 PM,1750764147612,Right,0.1883435,1.633785,0.7005607,0.04274118,1.19419,0.4254864,0.167582,1.456563,0.6610605,-0.1,3,0,0.1023134,1.64949,0.3630198,0.1018114,1.471185,0.7025458,False,4,1,0
6/24/2025 1:22:27 PM,1750764147640,Right,0.1697899,1.636989,0.7016743,0.03836203,1.194215,0.4241226,0.1515027,1.458602,0.6620209,-0.1,3,0,0.09648764,1.6489,0.3640658,0.08499021,1.472471,0.7025714,False,4,1,0
6/24/2025 1:22:27 PM,1750764147653,Right,0.1605325,1.638349,0.702329,0.03582799,1.1946,0.423345,0.1434177,1.459276,0.6627273,-0.1,3,0,0.09314644,1.647982,0.3643957,0.07652045,1.472962,0.7027028,False,4,1,0
6/24/2025 1:22:27 PM,1750764147681,Right,0.1424087,1.640834,0.7035061,0.02975678,1.195353,0.4213768,0.1274304,1.460719,0.6636527,-0.1,3,0,0.08602726,1.646313,0.3649892,0.05942068,1.47444,0.7016923,False,4,1,0
6/24/2025 1:22:27 PM,1750764147695,Right,0.1325362,1.641969,0.703771,0.0262121,1.195924,0.4201684,0.1188769,1.461092,0.6639844,-0.1,3,0,0.08206165,1.645515,0.3650962,0.05027033,1.474975,0.7008762,False,4,1,0
6/24/2025 1:22:27 PM,1750764147723,Right,0.1124308,1.64483,0.7028664,0.01897562,1.196459,0.4178166,0.1009347,1.462651,0.6632669,-0.1,3,0,0.073511,1.64407,0.3651911,0.0311477,1.47646,0.6979033,False,4,1,0
6/24/2025 1:22:27 PM,1750764147737,Right,0.1019881,1.646151,0.7016653,0.01472008,1.196165,0.4164735,0.0917222,1.463404,0.6623778,-0.1,3,0,0.06876576,1.643334,0.3650769,0.02160262,1.477006,0.6964194,False,4,1,0
6/24/2025 1:22:27 PM,1750764147751,Right,0.09193134,1.647457,0.7007486,0.01041257,1.19575,0.415157,0.08270495,1.464273,0.661545,-0.1,3,0,0.06389654,1.642574,0.3649296,0.01214691,1.477732,0.6947266,False,4,1,0
6/24/2025 1:22:27 PM,1750764147778,Right,0.07154191,1.650167,0.699067,0.0006364584,1.194788,0.4121412,0.06419256,1.465561,0.6602091,-0.1,3,0,0.05335593,1.641313,0.3651012,-0.007207863,1.479274,0.6914264,False,4,1,0
6/24/2025 1:22:27 PM,1750764147792,Right,0.06083632,1.65135,0.6979455,-0.004947424,1.19433,0.4105326,0.05468569,1.466318,0.659478,-0.1,3,0,0.04753304,1.64075,0.3652061,-0.01708536,1.479968,0.689862,False,4,1,0
6/24/2025 1:22:27 PM,1750764147820,Right,0.03931403,1.653414,0.695774,-0.01746857,1.192922,0.4074682,0.03481115,1.467341,0.6575988,-0.1,3,0,0.03499568,1.639333,0.3652869,-0.03754997,1.480669,0.6866989,False,4,1,0
6/24/2025 1:22:27 PM,1750764147834,Right,0.02852023,1.654153,0.6951946,-0.02439106,1.1921,0.4058932,0.02475416,1.467657,0.6570814,-0.1,3,0,0.02825391,1.638494,0.3653179,-0.04786905,1.480932,0.685546,False,4,1,0
6/24/2025 1:22:27 PM,1750764147862,Right,0.006250739,1.654906,0.6958967,-0.03946817,1.190098,0.402784,0.00398352,1.467611,0.6571209,-0.1,3,0,0.01373994,1.636537,0.365651,-0.06920584,1.48101,0.6840355,False,4,1,0
6/24/2025 1:22:27 PM,1750764147875,Right,-0.005633354,1.655129,0.6960734,-0.047243,1.188882,0.4012212,-0.006965823,1.467252,0.6575982,-0.1,3,0,0.00611341,1.635386,0.3657776,-0.08053044,1.480549,0.6835219,False,4,1,0
6/24/2025 1:22:27 PM,1750764147889,Right,-0.01795852,1.655085,0.6962003,-0.05548286,1.187502,0.3996121,-0.01853237,1.466898,0.6580786,-0.1,3,0,-0.002267241,1.634301,0.3659142,-0.09244347,1.479856,0.6831754,False,4,1,0
6/24/2025 1:22:27 PM,1750764147917,Right,-0.04349887,1.654173,0.6967996,-0.07238495,1.184671,0.3963858,-0.04232878,1.465572,0.6585322,-0.1,3,0,-0.02047908,1.631165,0.3662337,-0.1166018,1.47793,0.6828509,False,4,1,0
6/24/2025 1:22:27 PM,1750764147931,Right,-0.05672455,1.653354,0.6974019,-0.08111775,1.183132,0.3948094,-0.05515078,1.464113,0.6589068,-0.1,3,0,-0.02979028,1.629554,0.3664639,-0.1296621,1.476151,0.6826506,False,4,1,0
6/24/2025 1:22:27 PM,1750764147959,Right,-0.08303452,1.651297,0.6991638,-0.0993185,1.179551,0.3919612,-0.08024083,1.461613,0.6597233,-0.1,3,0,-0.04913509,1.626218,0.366429,-0.1552133,1.473321,0.6821434,False,4,1,0
6/24/2025 1:22:27 PM,1750764147973,Right,-0.09644759,1.649944,0.6998144,-0.108663,1.177688,0.3906697,-0.09284981,1.460115,0.6605812,-0.1,3,0,-0.05928957,1.624457,0.3663988,-0.1680961,1.471453,0.6822615,False,4,1,0
6/24/2025 1:22:28 PM,1750764148001,Right,-0.1235534,1.646857,0.7004639,-0.1274946,1.173749,0.3880925,-0.1186723,1.457192,0.6615504,-0.1,3,0,-0.08109677,1.620942,0.3660343,-0.1943742,1.467431,0.6821656,False,4,1,0
6/24/2025 1:22:28 PM,1750764148015,Right,-0.1373979,1.644893,0.7007316,-0.1369237,1.171599,0.3868676,-0.1319255,1.455279,0.6616262,-0.1,3,0,-0.0922085,1.618681,0.3655267,-0.2077348,1.464972,0.6821101,False,4,1,0
6/24/2025 1:22:28 PM,1750764148042,Right,-0.1647308,1.640999,0.7019123,-0.1562718,1.16747,0.3845507,-0.1588287,1.450916,0.6617029,-0.1,3,0,-0.1157217,1.614463,0.3644735,-0.2348914,1.4604,0.6813274,False,4,1,0
6/24/2025 1:22:28 PM,1750764148056,Right,-0.1790049,1.638532,0.7020873,-0.1666962,1.165464,0.3836211,-0.1725654,1.448587,0.6617776,-0.1,3,0,-0.1282362,1.612284,0.36382,-0.2487974,1.457862,0.6808364,False,4,1,0
6/24/2025 1:22:28 PM,1750764148070,Right,-0.1930679,1.636223,0.7021059,-0.1770374,1.16345,0.3826698,-0.186346,1.446296,0.6620057,-0.1,3,0,-0.140847,1.609811,0.3628958,-0.2627952,1.4552,0.6803588,False,4,1,0
6/24/2025 1:22:28 PM,1750764148098,Right,-0.2224997,1.630606,0.7010907,-0.1987005,1.159664,0.3808492,-0.2150816,1.440923,0.660989,-0.1,3,0,-0.1679038,1.604498,0.3605744,-0.2917748,1.448762,0.6788021,False,4,1,0
6/24/2025 1:22:28 PM,1750764148112,Right,-0.2371773,1.627581,0.7004768,-0.2100261,1.15796,0.3798789,-0.2298301,1.437573,0.6603385,-0.1,3,0,-0.1820704,1.601251,0.3591579,-0.3065824,1.445351,0.6779218,False,4,1,0
6/24/2025 1:22:28 PM,1750764148139,Right,-0.2670528,1.620554,0.6992015,-0.2329258,1.154508,0.3778177,-0.2591023,1.43061,0.6582869,-0.1,3,0,-0.2115506,1.594779,0.3557583,-0.335881,1.438012,0.6759176,False,4,1,0
6/24/2025 1:22:28 PM,1750764148154,Right,-0.2819594,1.617153,0.6986905,-0.244177,1.152788,0.3767086,-0.2746593,1.426773,0.6572566,-0.1,3,0,-0.2261521,1.59137,0.3538119,-0.3514896,1.433815,0.6748093,False,4,1,0
6/24/2025 1:22:28 PM,1750764148181,Right,-0.3142017,1.607711,0.6970826,-0.2695969,1.149343,0.3739204,-0.3053145,1.418775,0.6553329,-0.1,3,0,-0.2576157,1.585219,0.3497496,-0.3823281,1.42477,0.6724662,False,4,1,0
6/24/2025 1:22:28 PM,1750764148196,Right,-0.3299659,1.603143,0.6962675,-0.2824889,1.147269,0.3726064,-0.3215452,1.415706,0.654529,-0.1,3,0,-0.2750624,1.585523,0.3488101,-0.3986783,1.421037,0.6713414,False,4,1,0
6/24/2025 1:22:28 PM,1750764148223,Right,-0.3604223,1.592509,0.6950983,-0.3076676,1.141291,0.3709761,-0.3537058,1.406334,0.6527997,-0.1,3,0,-0.308359,1.578365,0.3444594,-0.4310816,1.410916,0.6686927,False,4,1,0
6/24/2025 1:22:28 PM,1750764148237,Right,-0.3762003,1.586812,0.6941808,-0.3197895,1.138288,0.370217,-0.3695047,1.401649,0.6515583,-0.1,3,0,-0.3241609,1.576108,0.3413929,-0.4469699,1.405656,0.6671684,False,4,1,0
6/24/2025 1:22:28 PM,1750764148251,Right,-0.392284,1.579855,0.6928543,-0.3317755,1.13609,0.3692497,-0.3855483,1.395666,0.6501049,-0.1,3,0,-0.3402578,1.572029,0.3397118,-0.4630493,1.398918,0.6657131,False,4,1,0
6/24/2025 1:22:28 PM,1750764148278,Right,-0.4232076,1.563608,0.6900855,-0.3557895,1.134946,0.366563,-0.4167538,1.383493,0.647172,-0.1,3,0,-0.3720692,1.568779,0.3357073,-0.4943951,1.385367,0.6623016,False,4,1,0
6/24/2025 1:22:28 PM,1750764148293,Right,-0.4380139,1.553524,0.6884073,-0.3671747,1.135648,0.365261,-0.4317391,1.375491,0.6453962,-0.1,3,0,-0.3881043,1.566739,0.3338631,-0.5094401,1.376616,0.6602921,False,4,1,0
6/24/2025 1:22:28 PM,1750764148321,Right,-0.4659523,1.529268,0.6853622,-0.38805,1.135055,0.3639857,-0.4600573,1.357491,0.6422502,-0.1,3,0,-0.4174944,1.562174,0.3296539,-0.5378205,1.357421,0.6568613,False,4,1,0
6/24/2025 1:22:28 PM,1750764148334,Right,-0.4800342,1.513524,0.6843699,-0.3977882,1.134543,0.363531,-0.4735334,1.346295,0.6412795,-0.1,3,0,-0.4310371,1.559812,0.3284074,-0.5513008,1.345397,0.6558403,False,4,1,0
6/24/2025 1:22:28 PM,1750764148362,Right,-0.5087036,1.478685,0.6821126,-0.416829,1.13591,0.3611692,-0.5009328,1.319633,0.6386048,-0.1,3,0,-0.4592377,1.554986,0.3276592,-0.5786914,1.31688,0.6529788,False,4,1,0
6/24/2025 1:22:28 PM,1750764148376,Right,-0.5228647,1.458012,0.6799196,-0.4260334,1.137326,0.3594555,-0.5141193,1.305032,0.6364247,-0.1,3,0,-0.4738065,1.552312,0.3283554,-0.5919027,1.301463,0.6504813,False,4,1,0
6/24/2025 1:22:28 PM,1750764148390,Right,-0.5366081,1.435403,0.6774491,-0.4353,1.137634,0.3580798,-0.5279282,1.288094,0.6338414,-0.1,3,0,-0.4886044,1.549076,0.3289975,-0.6057498,1.283654,0.647431,False,4,1,0
6/24/2025 1:22:28 PM,1750764148418,Right,-0.5623752,1.384503,0.6725746,-0.4531523,1.135456,0.3559057,-0.5525013,1.250967,0.6294509,-0.1,3,0,-0.5185245,1.540392,0.3319081,-0.6303773,1.244671,0.6419518,False,4,1,0
6/24/2025 1:22:28 PM,1750764148431,Right,-0.5741433,1.356913,0.6695551,-0.4617404,1.132481,0.3552738,-0.5642889,1.230641,0.6269985,-0.1,3,0,-0.5334367,1.534157,0.3338312,-0.6421741,1.223299,0.6388547,False,4,1,0
6/24/2025 1:22:28 PM,1750764148459,Right,-0.5966312,1.298309,0.6627351,-0.4786965,1.123241,0.3547353,-0.5873909,1.185524,0.6225734,-0.1,3,0,-0.5619203,1.51918,0.3372058,-0.6651866,1.175441,0.6329053,False,4,1,0
6/24/2025 1:22:28 PM,1750764148473,Right,-0.6074628,1.267154,0.6587998,-0.4870545,1.11741,0.3545183,-0.5977489,1.162503,0.6205004,-0.1,3,0,-0.5759648,1.510282,0.3391122,-0.6753948,1.150585,0.6299697,False,4,1,0
6/24/2025 1:22:28 PM,1750764148501,Right,-0.6267878,1.201899,0.6509384,-0.5039579,1.103021,0.3542942,-0.6190377,1.112101,0.6154676,-0.1,3,0,-0.6036967,1.489185,0.342645,-0.6960207,1.095387,0.6228756,False,4,1,0
6/24/2025 1:22:28 PM,1750764148515,Right,-0.6359986,1.167249,0.6482178,-0.5123459,1.094018,0.3545026,-0.6289031,1.086025,0.6131247,-0.1,3,0,-0.6179994,1.477248,0.3452626,-0.7054323,1.066975,0.6195261,False,4,1,0
6/24/2025 1:22:28 PM,1750764148542,Right,-0.6546472,1.093221,0.6448265,-0.5282439,1.071844,0.3552278,-0.6493111,1.028015,0.6099218,-0.1,3,0,-0.6476294,1.451205,0.3523134,-0.72484,1.00485,0.6143247,False,4,1,0
6/24/2025 1:22:28 PM,1750764148557,Right,-0.6636654,1.056036,0.6427673,-0.5357825,1.060114,0.3554221,-0.6586139,0.9986362,0.6091928,-0.1,3,0,-0.6621255,1.43599,0.3556949,-0.7336031,0.9736409,0.6127216,False,4,1,0
6/24/2025 1:22:28 PM,1750764148570,Right,-0.6720208,1.016846,0.6398374,-0.5424165,1.046438,0.3554534,-0.6696174,0.966751,0.6079288,-0.1,3,0,-0.6754802,1.41981,0.3588873,-0.7439557,0.9397685,0.6104493,False,4,1,0
6/24/2025 1:22:28 PM,1750764148598,Right,-0.6889976,0.9377288,0.6308578,-0.5550927,1.018892,0.3550392,-0.6862507,0.9018611,0.6051599,-0.1,3,0,-0.7008575,1.384346,0.3649849,-0.758406,0.8693932,0.6053711,False,4,1,0
6/24/2025 1:22:28 PM,1750764148612,Right,-0.6966728,0.8964825,0.6257347,-0.5609277,1.003287,0.3546129,-0.6952019,0.8696147,0.6028162,-0.1,3,0,-0.7126256,1.366263,0.3682388,-0.7656893,0.8336955,0.60143,False,4,1,0
6/24/2025 1:22:28 PM,1750764148639,Right,-0.7096902,0.81543,0.6185607,-0.5720922,0.9713128,0.3530344,-0.7133004,0.8008008,0.5980841,-0.1,3,0,-0.7353009,1.328631,0.3739866,-0.7789948,0.7568673,0.594251,False,4,1,0
6/24/2025 1:22:28 PM,1750764148654,Right,-0.714816,0.776058,0.6150631,-0.5764428,0.9539119,0.3514904,-0.7224936,0.7648756,0.595868,-0.1,3,0,-0.7472123,1.308486,0.3771881,-0.7853742,0.7170563,0.591403,False,4,1,0
6/24/2025 1:22:28 PM,1750764148682,Right,-0.7275056,0.7008949,0.6054262,-0.5837198,0.9209485,0.3469318,-0.7398872,0.6881744,0.5891547,-0.1,3,0,-0.7707199,1.265523,0.383557,-0.7993352,0.636222,0.5839127,False,4,1,0
6/24/2025 1:22:28 PM,1750764148696,Right,-0.7350007,0.6651168,0.599667,-0.5865418,0.9048631,0.3437921,-0.7477987,0.6566939,0.5848745,-0.1,3,0,-0.7801794,1.244115,0.3858546,-0.8062132,0.6036458,0.5790232,False,4,1,0
6/24/2025 1:22:28 PM,1750764148710,Right,-0.7427491,0.6292001,0.5938557,-0.5893782,0.8887364,0.3408302,-0.7551586,0.6250572,0.5797563,-0.1,3,0,-0.7881843,1.22296,0.3873495,-0.81273,0.5711752,0.5732101,False,4,1,0
6/24/2025 1:22:28 PM,1750764148737,Right,-0.7589997,0.5606447,0.5813171,-0.5905787,0.8544413,0.3338784,-0.7703123,0.5629944,0.5700897,-0.1,3,0,-0.8040282,1.179734,0.3895277,-0.8260605,0.507484,0.5616444,False,4,1,0
6/24/2025 1:22:28 PM,1750764148751,Right,-0.7670072,0.5274904,0.575951,-0.590567,0.8375968,0.3307263,-0.7784959,0.5334615,0.5665429,-0.1,3,0,-0.8124989,1.157854,0.3908445,-0.8329081,0.4767972,0.5571054,False,4,1,0
6/24/2025 1:22:28 PM,1750764148778,Right,-0.7853504,0.4694996,0.5674111,-0.5882844,0.8066815,0.3232249,-0.7970492,0.482008,0.5605329,-0.1,3,0,-0.8267998,1.11447,0.3929228,-0.8488151,0.4228839,0.551302,False,4,1,0
6/24/2025 1:22:28 PM,1750764148792,Right,-0.7958063,0.4412047,0.5623473,-0.587315,0.7925717,0.3193253,-0.8068269,0.4551407,0.5558826,-0.1,3,0,-0.833053,1.094227,0.393418,-0.8574539,0.3950607,0.5465081,False,4,1,0
6/24/2025 1:22:28 PM,1750764148820,Right,-0.8173167,0.3914198,0.5528511,-0.5859441,0.7664855,0.3118187,-0.8267877,0.4085605,0.5472068,-0.1,3,0,-0.8462662,1.054106,0.3937711,-0.8763166,0.3476449,0.5373697,False,4,1,0
6/24/2025 1:22:28 PM,1750764148834,Right,-0.827993,0.3689924,0.5494224,-0.5852643,0.7537948,0.308349,-0.8356311,0.3868002,0.5447294,-0.1,3,0,-0.8511864,1.033721,0.3938166,-0.8849686,0.3257658,0.5346693,False,4,1,0
6/24/2025 1:22:28 PM,1750764148862,Right,-0.8489918,0.3271373,0.5433625,-0.5844973,0.7289133,0.3017477,-0.8528824,0.3444177,0.539614,-0.1,3,0,-0.857222,0.9963312,0.3928012,-0.901468,0.2828855,0.5289454,False,4,1,0
6/24/2025 1:22:28 PM,1750764148876,Right,-0.8589658,0.3090633,0.541051,-0.5848192,0.7174087,0.2983974,-0.8617684,0.3270047,0.5372899,-0.1,3,0,-0.8609978,0.9804512,0.3916758,-0.9097999,0.2651466,0.5260148,False,4,1,0
6/24/2025 1:22:28 PM,1750764148889,Right,-0.8679782,0.2936948,0.5395838,-0.5853084,0.7063972,0.2951411,-0.8698604,0.3123367,0.5367501,-0.1,3,0,-0.8656217,0.9650164,0.3910483,-0.9172462,0.2500831,0.5249321,False,4,1,0
6/24/2025 1:22:28 PM,1750764148918,Right,-0.8836683,0.2698171,0.5396847,-0.5864173,0.687185,0.2897505,-0.8857356,0.2882935,0.5382076,-0.1,3,0,-0.8765863,0.9384681,0.3925456,-0.9317617,0.2248754,0.5272384,False,4,1,0
6/24/2025 1:22:28 PM,1750764148931,Right,-0.890705,0.260933,0.5411252,-0.5869256,0.6787756,0.2877992,-0.8928201,0.2777571,0.5395334,-0.1,3,0,-0.881389,0.9265084,0.3925189,-0.9388592,0.2142663,0.5290497,False,4,1,0
6/24/2025 1:22:28 PM,1750764148958,Right,-0.905533,0.247359,0.541541,-0.5887221,0.6658686,0.2853454,-0.9067307,0.2631254,0.5398673,-0.1,3,0,-0.8868119,0.9059135,0.391956,-0.9531598,0.1998958,0.5295257,False,4,1,0
6/24/2025 1:22:28 PM,1750764148973,Right,-0.9137236,0.2413516,0.5397211,-0.5895976,0.6600623,0.2847265,-0.9133118,0.2556325,0.53816,-0.1,3,0,-0.8892866,0.896332,0.3923064,-0.9601706,0.1927682,0.5275334,False,4,1,0
6/24/2025 1:22:29 PM,1750764149000,Right,-0.9290708,0.2332312,0.5381836,-0.5918819,0.6519491,0.2858204,-0.926017,0.2453769,0.5370008,-0.1,3,0,-0.8946847,0.8800737,0.392568,-0.9747916,0.1840264,0.5261492,False,4,1,0
6/24/2025 1:22:29 PM,1750764149015,Right,-0.9352504,0.2289439,0.5379342,-0.5932983,0.6480062,0.2864937,-0.9313784,0.2402865,0.5368125,-0.1,3,0,-0.8973328,0.873258,0.3926476,-0.9806008,0.1793392,0.5257147,False,4,1,0
6/24/2025 1:22:29 PM,1750764149043,Right,-0.9433569,0.2225506,0.5377485,-0.5964996,0.6426946,0.2895578,-0.9389542,0.2323118,0.5368221,-0.1,3,0,-0.902783,0.8615919,0.393438,-0.987649,0.1710715,0.525031,False,4,1,0
6/24/2025 1:22:29 PM,1750764149056,Right,-0.9449533,0.2215,0.5386299,-0.5982975,0.6418098,0.2915317,-0.9409604,0.2298957,0.5374677,-0.1,3,0,-0.9045993,0.8574566,0.3936554,-0.9894116,0.1684509,0.5257374,False,4,1,0
6/24/2025 1:22:29 PM,1750764149070,Right,-0.9469575,0.2198205,0.5391852,-0.6000298,0.6406692,0.2927116,-0.9424846,0.2279638,0.5380034,-0.1,3,0,-0.9060329,0.8534687,0.3935984,-0.9906307,0.1662326,0.5265224,False,4,1,0
6/24/2025 1:22:29 PM,1750764149098,Right,-0.9487747,0.2211235,0.5408031,-0.6035475,0.6414708,0.2950832,-0.9450675,0.2275656,0.5395493,-0.1,3,0,-0.9084893,0.849453,0.3939699,-0.9933289,0.1659047,0.5281757,False,4,1,0
6/24/2025 1:22:29 PM,1750764149112,Right,-0.9495064,0.2214708,0.5409259,-0.6051389,0.6434616,0.2964901,-0.9456316,0.2275229,0.5395433,-0.1,3,0,-0.9094526,0.8484227,0.3949941,-0.994119,0.166058,0.5280702,False,4,1,0
6/24/2025 1:22:29 PM,1750764149140,Right,-0.9494177,0.2224571,0.5428909,-0.6066903,0.6464235,0.300269,-0.9458732,0.2275453,0.5410815,-0.1,3,0,-0.9121131,0.8478948,0.3966655,-0.9940936,0.165986,0.5290055,False,4,1,0
6/24/2025 1:22:29 PM,1750764149154,Right,-0.9494342,0.2239196,0.5452384,-0.6066669,0.6479678,0.3026277,-0.9461555,0.2286266,0.5424856,-0.1,3,0,-0.9144751,0.8487234,0.3974203,-0.9942645,0.1668939,0.5308584,False,4,1,0
6/24/2025 1:22:29 PM,1750764149182,Right,-0.9500331,0.2284413,0.5500063,-0.6062354,0.6514311,0.3073341,-0.9472274,0.2327691,0.5473404,-0.1,3,0,-0.9180526,0.8511358,0.4000977,-0.9955815,0.1710687,0.5365921,False,4,1,0
6/24/2025 1:22:29 PM,1750764149195,Right,-0.950524,0.2308416,0.5510098,-0.606016,0.6532794,0.3096284,-0.9479445,0.2356309,0.5490701,-0.1,3,0,-0.9187437,0.8531715,0.4013587,-0.9966058,0.1741772,0.5382944,False,4,1,0
6/24/2025 1:22:29 PM,1750764149209,Right,-0.9502901,0.2312878,0.5498482,-0.605944,0.6551173,0.3117794,-0.947722,0.2366318,0.5478368,-0.1,3,0,-0.9191045,0.8554792,0.4025921,-0.996066,0.174939,0.5369996,False,4,1,0
6/24/2025 1:22:29 PM,1750764149237,Right,-0.9504715,0.2343545,0.5511698,-0.6061736,0.658482,0.3160244,-0.9481328,0.2398325,0.5487756,-0.1,3,0,-0.9208659,0.8593487,0.4052089,-0.9958339,0.1777133,0.5375326,False,4,1,0
6/24/2025 1:22:29 PM,1750764149251,Right,-0.9503483,0.2358446,0.5527517,-0.6063668,0.6597887,0.3182176,-0.9482549,0.2413696,0.5508037,-0.1,3,0,-0.9223541,0.8613694,0.4067658,-0.995748,0.1791743,0.5391098,False,4,1,0
6/24/2025 1:22:29 PM,1750764149279,Right,-0.9505349,0.2396154,0.5569295,-0.6068865,0.6617171,0.3226446,-0.9493295,0.2454182,0.5556081,-0.1,3,0,-0.9252051,0.8651693,0.4099699,-0.9966354,0.1830683,0.5439792,False,4,1,0
6/24/2025 1:22:29 PM,1750764149293,Right,-0.9511653,0.2412997,0.5591615,-0.6076611,0.6630239,0.3246485,-0.9500542,0.2470891,0.5578904,-0.1,3,0,-0.9260339,0.8667712,0.4115833,-0.9974717,0.1847957,0.5464135,False,4,1,0
6/24/2025 1:22:29 PM,1750764149320,Right,-0.9518503,0.2417908,0.5617448,-0.6110924,0.6667675,0.3277525,-0.9505464,0.247853,0.5601503,-0.1,3,0,-0.9266814,0.8684887,0.4138206,-0.9980876,0.1855759,0.549105,False,4,1,0
6/24/2025 1:22:29 PM,1750764149335,Right,-0.9516495,0.2416376,0.5634054,-0.6132847,0.6677679,0.3289088,-0.9504986,0.2478131,0.5616953,-0.1,3,0,-0.9270111,0.8682674,0.4147383,-0.9980606,0.1855381,0.550728,False,4,1,0
6/24/2025 1:22:29 PM,1750764149362,Right,-0.9508704,0.2409687,0.5651761,-0.6175836,0.6674328,0.331359,-0.9499171,0.2465831,0.5634639,-0.1,3,0,-0.9275178,0.8662655,0.4161228,-0.9976889,0.184399,0.5529008,False,4,1,0
6/24/2025 1:22:29 PM,1750764149376,Right,-0.9505302,0.2401778,0.5648807,-0.6202725,0.6653618,0.3326184,-0.949712,0.2456654,0.5632856,-0.1,3,0,-0.9276448,0.8645252,0.4162506,-0.9974752,0.1834439,0.5529046,False,4,1,0
6/24/2025 1:22:29 PM,1750764149390,Right,-0.950235,0.2392473,0.564061,-0.6233593,0.6628611,0.3338491,-0.9495659,0.2444315,0.5627077,-0.1,3,0,-0.9277331,0.8623508,0.4163352,-0.9974468,0.1822515,0.5526255,False,4,1,0
6/24/2025 1:22:29 PM,1750764149418,Right,-0.9494611,0.2350566,0.5611547,-0.6305946,0.6575433,0.3361193,-0.948878,0.2398435,0.5601295,-0.1,3,0,-0.9284385,0.8567768,0.4163862,-0.9968939,0.1777714,0.550024,False,4,1,0
6/24/2025 1:22:29 PM,1750764149432,Right,-0.9485561,0.2313781,0.5595707,-0.6352874,0.654495,0.3369902,-0.9482564,0.236106,0.5587914,-0.1,3,0,-0.9292647,0.8527907,0.4164048,-0.9962682,0.1740433,0.548609,False,4,1,0
6/24/2025 1:22:29 PM,1750764149459,Right,-0.9464072,0.2192656,0.5559222,-0.6440383,0.6473804,0.3386871,-0.9469466,0.2254366,0.5561169,-0.1,3,0,-0.9303566,0.8432655,0.4164356,-0.99492,0.1633827,0.5457022,False,4,1,0
6/24/2025 1:22:29 PM,1750764149473,Right,-0.9458684,0.2147579,0.5545057,-0.6482009,0.6427856,0.3393863,-0.9467973,0.2201866,0.5550816,-0.1,3,0,-0.9304894,0.8378784,0.4161814,-0.9950519,0.1583254,0.5448207,False,4,1,0
6/24/2025 1:22:29 PM,1750764149501,Right,-0.9446548,0.2019038,0.5489353,-0.6570781,0.6310934,0.3401161,-0.945596,0.2076411,0.5505324,-0.1,3,0,-0.9304382,0.8251919,0.4149104,-0.9944931,0.1462594,0.5404349,False,4,1,0
6/24/2025 1:22:29 PM,1750764149514,Right,-0.9437093,0.1937727,0.5450581,-0.6617123,0.624841,0.3401521,-0.945003,0.2011047,0.5478265,-0.1,3,0,-0.9302911,0.8181111,0.4140114,-0.9936134,0.1395873,0.5371856,False,4,1,0
6/24/2025 1:22:29 PM,1750764149543,Right,-0.9423436,0.1778164,0.537845,-0.6696242,0.6123137,0.3400682,-0.943658,0.1844351,0.5405449,-0.1,3,0,-0.9297594,0.8042982,0.4117254,-0.9924989,0.1232403,0.5291279,False,4,1,0
6/24/2025 1:22:29 PM,1750764149556,Right,-0.9419743,0.1696255,0.5347396,-0.672671,0.6062655,0.3401645,-0.9431423,0.1762033,0.5377732,-0.1,3,0,-0.9296092,0.7971504,0.4103469,-0.9921882,0.1152148,0.5261333,False,4,1,0
6/24/2025 1:22:29 PM,1750764149570,Right,-0.9416589,0.1615964,0.5316399,-0.6757802,0.6006114,0.3404082,-0.9429831,0.16821,0.5350869,-0.1,3,0,-0.9297215,0.7901468,0.4091939,-0.9917147,0.1069135,0.5237483,False,4,1,0
6/24/2025 1:22:29 PM,1750764149598,Right,-0.9418899,0.1459988,0.5257486,-0.6806284,0.5903749,0.3402852,-0.9431073,0.1531586,0.5302882,-0.1,3,0,-0.9298941,0.7769573,0.4074455,-0.9909369,0.09114261,0.5190216,False,4,1,0
6/24/2025 1:22:29 PM,1750764149612,Right,-0.9421595,0.1398208,0.5238339,-0.6827904,0.5861496,0.3395413,-0.9434267,0.1469676,0.5292255,-0.1,3,0,-0.9299611,0.7707086,0.4062918,-0.9911764,0.08485756,0.5181391,False,4,1,0
6/24/2025 1:22:29 PM,1750764149639,Right,-0.9439887,0.1302297,0.5206949,-0.6867303,0.5806461,0.3367499,-0.9449929,0.1370341,0.5260987,-0.1,3,0,-0.9295224,0.7593234,0.404411,-0.9929304,0.07493178,0.5158083,False,4,1,0
6/24/2025 1:22:29 PM,1750764149654,Right,-0.9453582,0.1272296,0.5196739,-0.687718,0.5799364,0.3347074,-0.9460243,0.1331898,0.5249541,-0.1,3,0,-0.9295276,0.7543752,0.4038337,-0.9941975,0.07117555,0.5152498,False,4,1,0
6/24/2025 1:22:29 PM,1750764149682,Right,-0.9479502,0.122066,0.5172137,-0.6869963,0.578656,0.3314015,-0.9479821,0.126718,0.5222579,-0.1,3,0,-0.9300219,0.7452354,0.4028841,-0.9965631,0.06483242,0.5138523,False,4,1,0
6/24/2025 1:22:29 PM,1750764149695,Right,-0.9495116,0.1212023,0.5156602,-0.6850713,0.5787337,0.3297719,-0.9493257,0.1250158,0.521028,-0.1,3,0,-0.9300233,0.7413465,0.402474,-0.9981292,0.06327008,0.5128871,False,4,1,0
6/24/2025 1:22:29 PM,1750764149710,Right,-0.9505569,0.1193174,0.5141147,-0.6836921,0.5784208,0.3282253,-0.9501532,0.1227336,0.5196507,-0.1,3,0,-0.929932,0.737804,0.4021045,-0.9989336,0.06092247,0.5118755,False,4,1,0
6/24/2025 1:22:29 PM,1750764149737,Right,-0.9518632,0.1156194,0.5120591,-0.6802121,0.5782436,0.325616,-0.9510608,0.1184164,0.51802,-0.1,3,0,-0.9304248,0.7320939,0.4014281,-0.9994677,0.05628381,0.5104764,False,4,1,0
6/24/2025 1:22:29 PM,1750764149750,Right,-0.9519562,0.1143273,0.5120438,-0.6786469,0.5781091,0.3247346,-0.9507505,0.1161044,0.5187656,-0.1,3,0,-0.9311961,0.7296944,0.4013175,-0.9990957,0.05391312,0.5113108,False,4,1,0
6/24/2025 1:22:29 PM,1750764149778,Right,-0.9522415,0.1117807,0.5126132,-0.677204,0.5767313,0.3234006,-0.9511785,0.1131702,0.5196273,-0.1,3,0,-0.9323136,0.7258352,0.4009126,-0.9992475,0.05070664,0.5126799,False,4,1,0
6/24/2025 1:22:29 PM,1750764149793,Right,-0.9525491,0.1101586,0.5124589,-0.6769694,0.5753589,0.3232566,-0.9514801,0.1116434,0.5190619,-0.1,3,0,-0.9328521,0.7241765,0.4005121,-0.9992788,0.04892912,0.5125202,False,4,1,0
6/24/2025 1:22:29 PM,1750764149820,Right,-0.9530314,0.1055868,0.5130318,-0.6768121,0.5720956,0.3238674,-0.9530364,0.1084325,0.5181304,-0.1,3,0,-0.9342436,0.7210954,0.399974,-0.9998081,0.04493944,0.5116785,False,4,1,0
6/24/2025 1:22:29 PM,1750764149834,Right,-0.9530107,0.1027722,0.5134002,-0.6770879,0.5707242,0.3242334,-0.9529686,0.1059654,0.5184323,-0.1,3,0,-0.9348212,0.7195238,0.3996373,-0.9991644,0.04209569,0.5115623,False,4,1,0
6/24/2025 1:22:29 PM,1750764149862,Right,-0.953487,0.09994194,0.5148553,-0.6781646,0.5697942,0.3249398,-0.9536415,0.1029947,0.5198619,-0.1,3,0,-0.9354228,0.7165958,0.3986915,-0.9989794,0.03850057,0.5131111,False,4,1,0
6/24/2025 1:22:29 PM,1750764149876,Right,-0.9540218,0.09969407,0.5158871,-0.6788584,0.5688519,0.3253068,-0.9541592,0.1023534,0.5204831,-0.1,3,0,-0.9355544,0.7154504,0.3980993,-0.9996052,0.03792461,0.5138363,False,4,1,0
6/24/2025 1:22:29 PM,1750764149889,Right,-0.9545716,0.09977606,0.5169698,-0.6794816,0.568077,0.3255514,-0.9550853,0.1025028,0.5217458,-0.1,3,0,-0.9359215,0.7143147,0.3978299,-1.000694,0.03816991,0.5152897,False,4,1,0
6/24/2025 1:22:29 PM,1750764149918,Right,-0.9551853,0.09708185,0.5173296,-0.6814698,0.5674206,0.3259958,-0.9553815,0.09962272,0.5212986,-0.1,3,0,-0.9373962,0.7119482,0.3976127,-1.001147,0.03538746,0.5149801,False,4,1,0
6/24/2025 1:22:29 PM,1750764149932,Right,-0.9547952,0.09487171,0.517562,-0.6824991,0.5681024,0.3260049,-0.9550134,0.09759769,0.5214543,-0.1,3,0,-0.9377328,0.7107496,0.397241,-1.00043,0.03315577,0.5147346,False,4,1,0
6/24/2025 1:22:29 PM,1750764149960,Right,-0.9539493,0.09368289,0.5192524,-0.6833562,0.5692207,0.3258151,-0.9545649,0.09605467,0.522582,-0.1,3,0,-0.9380859,0.7088512,0.3964647,-0.9995956,0.03128469,0.5164434,False,4,1,0
6/24/2025 1:22:29 PM,1750764149973,Right,-0.9541816,0.0939607,0.5197943,-0.6841334,0.5695133,0.3256778,-0.9546845,0.09615857,0.5229456,-0.1,3,0,-0.9383653,0.7080923,0.3963474,-0.9999436,0.03151219,0.5171965,False,4,1,0
6/24/2025 1:22:30 PM,1750764150001,Right,-0.9546117,0.09459823,0.5196306,-0.6857287,0.5698683,0.3253509,-0.9553232,0.09651663,0.5228019,-0.1,3,0,-0.9389001,0.7070075,0.3962492,-1.000865,0.03207374,0.5169999,False,4,1,0
6/24/2025 1:22:30 PM,1750764150015,Right,-0.9543456,0.09423254,0.5193509,-0.686355,0.5699552,0.3252519,-0.9550334,0.09611554,0.5224194,-0.1,3,0,-0.9390897,0.7066715,0.3961121,-1.000556,0.03167904,0.5164034,False,4,1,0
6/24/2025 1:22:30 PM,1750764150043,Right,-0.9536065,0.09270933,0.5204309,-0.6868392,0.5698262,0.3252066,-0.9545048,0.0948131,0.523452,-0.1,3,0,-0.9396373,0.7062579,0.3960804,-0.9999743,0.03037553,0.5170554,False,4,1,0
6/24/2025 1:22:30 PM,1750764150057,Right,-0.9536918,0.0947019,0.5206865,-0.6870936,0.5697091,0.3251578,-0.9547199,0.0957491,0.5239242,-0.1,3,0,-0.9400448,0.7065378,0.3960921,-1.000371,0.03138787,0.5180743,False,4,1,0
6/24/2025 1:22:30 PM,1750764150071,Right,-0.9537505,0.09611836,0.5205749,-0.6872007,0.5696718,0.325137,-0.9550241,0.09736877,0.5242091,-0.1,3,0,-0.9403638,0.7068342,0.3960429,-1.000905,0.0331182,0.5189742,False,4,1,0
6/24/2025 1:22:30 PM,1750764150098,Right,-0.9521548,0.09648928,0.520856,-0.687879,0.5694546,0.3248891,-0.9535951,0.09771917,0.5237327,-0.1,3,0,-0.9409181,0.7078689,0.3960029,-0.9994044,0.03348892,0.5176848,False,4,1,0
6/24/2025 1:22:30 PM,1750764150112,Right,-0.9514064,0.09559037,0.5207487,-0.6880325,0.5694209,0.3247019,-0.9526294,0.0971617,0.5235403,-0.1,3,0,-0.941336,0.7084703,0.3957731,-0.9977752,0.03239908,0.5182244,False,4,1,0
