ts_datetime,ts_unix_ms,primary_grab_hand,pt_x,pt_y,pt_z,st_x,st_y,st_z,pv_x,pv_y,pv_z,sv_x,sv_y,sv_z,hmd_x,hmd_y,hmd_z,ee_x,ee_y,ee_z,shovel_loaded_state,cube_max_target_reached,grab_count,collision_or_load_count
6/26/2025 7:02:26 PM,1750957346302,Left,-0.9314475,0.05653574,0.4184792,-0.6031328,0.4617346,0.2721881,-0.9315212,0.05647927,0.4183753,0.1,3,0,-0.8465879,0.6358088,0.4416982,-0.9333939,0.07212539,0.4889029,False,1,1,0
6/26/2025 7:02:26 PM,1750957346316,Left,-0.9291399,0.0576662,0.4196587,-0.6035103,0.4601792,0.2733835,-0.9296277,0.05759167,0.4197258,0.1,3,0,-0.8470523,0.6343801,0.4429779,-0.9333571,0.072128,0.4889057,False,1,1,0
6/26/2025 7:02:26 PM,1750957346343,Left,-0.9257689,0.05954485,0.4214525,-0.6039142,0.4565061,0.2750436,-0.9258857,0.05947641,0.4213857,0.1,3,0,-0.8469024,0.6324233,0.4451022,-0.9333747,0.07217259,0.4888244,False,1,1,0
6/26/2025 7:02:26 PM,1750957346357,Left,-0.9234636,0.0606649,0.422332,-0.6051803,0.4502656,0.2756331,-0.9238294,0.06063938,0.4222271,0.1,3,0,-0.8469143,0.6310981,0.4459544,-0.933343,0.07213212,0.4888741,False,1,1,0
6/26/2025 7:02:26 PM,1750957346371,Left,-0.9220505,0.06151814,0.423341,-0.6059761,0.4453599,0.2756949,-0.9221774,0.06144586,0.4232684,0.1,3,0,-0.8468227,0.6296942,0.4465096,-0.9333198,0.072165,0.4888253,False,1,1,0
6/26/2025 7:02:26 PM,1750957346399,Left,-0.9187889,0.06346679,0.4251835,-0.6054584,0.4440635,0.279602,-0.9188932,0.06340173,0.4251252,0.1,3,0,-0.8455751,0.6269411,0.447029,-0.9333526,0.07216358,0.4887948,False,1,1,0
6/26/2025 7:02:26 PM,1750957346413,Left,-0.9169537,0.06464113,0.4262001,-0.6054276,0.4433692,0.281413,-0.9172282,0.06446188,0.426049,0.1,3,0,-0.8447044,0.625917,0.4469995,-0.9332584,0.07221104,0.4887626,False,1,1,0
6/26/2025 7:02:26 PM,1750957346440,Left,-0.9139212,0.06670773,0.4278435,-0.6042346,0.4448477,0.2855468,-0.9140201,0.06663784,0.4277907,0.1,3,0,-0.8443031,0.6235862,0.4476951,-0.9334444,0.07213809,0.488901,False,1,1,0
6/26/2025 7:02:26 PM,1750957346455,Left,-0.9123083,0.06787203,0.4286971,-0.6040025,0.4430053,0.2875552,-0.9124172,0.06779198,0.4286399,0.1,3,0,-0.8440578,0.6225951,0.448294,-0.9336138,0.07205541,0.4890547,False,1,1,0
6/26/2025 7:02:26 PM,1750957346483,Left,-0.9116657,0.06834877,0.429033,-0.6047841,0.4429719,0.2863158,-0.9116657,0.06834877,0.429033,0.1,3,0,-0.8432584,0.6218819,0.4489003,-0.9339992,0.07214372,0.4892806,False,1,1,0
6/26/2025 7:02:26 PM,1750957346496,Left,-0.9116657,0.06834877,0.429033,-0.6050522,0.4430517,0.2866129,-0.9116657,0.06834877,0.429033,0.1,3,0,-0.8432119,0.6215222,0.44919,-0.9340131,0.07208732,0.4894208,False,1,1,0
6/26/2025 7:02:26 PM,1750957346524,Left,-0.9116657,0.06834877,0.429033,-0.6043163,0.4423546,0.2867711,-0.9116657,0.06834877,0.429033,0.1,3,0,-0.8428688,0.6213378,0.4502362,-0.9340346,0.07196543,0.4893318,False,1,1,0
6/26/2025 7:02:26 PM,1750957346538,Left,-0.9116657,0.06834877,0.429033,-0.6040104,0.4415537,0.2865517,-0.9116657,0.06834877,0.429033,0.1,3,0,-0.8425422,0.6213154,0.4506887,-0.934086,0.07195055,0.4893408,False,1,1,0
6/26/2025 7:02:26 PM,1750957346552,Left,-0.9116657,0.06834877,0.429033,-0.6036225,0.4407749,0.2853856,-0.9116657,0.06834877,0.429033,0.1,3,0,-0.8422377,0.6213319,0.4509873,-0.934203,0.07193052,0.4893765,False,1,1,0
6/26/2025 7:02:26 PM,1750957346580,Left,-0.9116657,0.06834877,0.429033,-0.5994833,0.4416281,0.2878241,-0.9116657,0.06834877,0.429033,0.1,3,0,-0.8406644,0.6220099,0.4507288,-0.9344125,0.07191003,0.4895644,False,1,1,0
6/26/2025 7:02:26 PM,1750957346594,Left,-0.9116657,0.06834877,0.429033,-0.5994656,0.4414298,0.2879466,-0.9116657,0.06834877,0.429033,0.1,3,0,-0.8395102,0.6227238,0.45087,-0.9342501,0.07182761,0.4897294,False,1,1,0
6/26/2025 7:02:26 PM,1750957346621,Left,-0.9116657,0.06834877,0.429033,-0.599024,0.4424929,0.2871385,-0.9116657,0.06834877,0.429033,0.1,3,0,-0.8384941,0.6255866,0.4522386,-0.9341909,0.07196162,0.4906155,False,1,1,0
6/26/2025 7:02:26 PM,1750957346635,Left,-0.9116657,0.06834877,0.429033,-0.5986717,0.4436206,0.2864459,-0.9116657,0.06834877,0.429033,0.1,3,0,-0.838202,0.6271041,0.4530443,-0.934906,0.07243926,0.491146,False,1,1,0
6/26/2025 7:02:26 PM,1750957346663,Left,-0.9116657,0.06834877,0.429033,-0.6014737,0.4418409,0.2879343,-0.9116657,0.06834877,0.429033,0.1,3,0,-0.8365896,0.6303372,0.4540888,-0.9346691,0.0737849,0.4909355,False,1,1,0
6/26/2025 7:02:26 PM,1750957346677,Left,-0.9116657,0.06834877,0.429033,-0.6004907,0.4426276,0.2876829,-0.9116657,0.06834877,0.429033,0.1,3,0,-0.8356738,0.6322241,0.4541193,-0.9345871,0.07446156,0.491297,False,1,1,0
6/26/2025 7:02:26 PM,1750957346691,Left,-0.9116657,0.06834877,0.429033,-0.6008688,0.4427481,0.2879969,-0.9116657,0.06834877,0.429033,0.1,3,0,-0.8350208,0.6344224,0.4539773,-0.9343152,0.07525466,0.4917095,False,1,1,0
6/26/2025 7:02:26 PM,1750957346718,Left,-0.9116657,0.06834877,0.429033,-0.60115,0.4434385,0.2876849,-0.9116657,0.06834877,0.429033,0.1,3,0,-0.8335893,0.6395602,0.4534935,-0.9331532,0.07876134,0.4929543,False,1,1,0
6/26/2025 7:02:26 PM,1750957346732,Left,-0.9116657,0.06834877,0.429033,-0.6010247,0.4441166,0.2865971,-0.9116657,0.06834877,0.429033,0.1,3,0,-0.8328714,0.6422696,0.453117,-0.9323206,0.08110844,0.4932519,False,1,1,0
6/26/2025 7:02:26 PM,1750957346760,Left,-0.9116657,0.06834877,0.429033,-0.6018923,0.4450048,0.2856228,-0.9116657,0.06834877,0.429033,0.1,3,0,-0.8306189,0.6490884,0.451996,-0.932083,0.08655546,0.4917788,False,1,1,0
6/26/2025 7:02:26 PM,1750957346773,Left,-0.9116657,0.06834877,0.429033,-0.6025017,0.4466136,0.2840906,-0.9116657,0.06834877,0.429033,0.1,3,0,-0.8292942,0.6535124,0.451329,-0.9302823,0.08856347,0.4898496,False,1,1,0
6/26/2025 7:02:26 PM,1750957346802,Left,-0.9116657,0.06834877,0.429033,-0.602873,0.4504172,0.2821962,-0.9116657,0.06834877,0.429033,0.1,3,0,-0.8271539,0.6638091,0.4500692,-0.9348404,0.09338643,0.488139,False,1,1,0
6/26/2025 7:02:26 PM,1750957346816,Left,-0.9116657,0.06834877,0.429033,-0.6027182,0.4522163,0.2812854,-0.9116657,0.06834877,0.429033,0.1,3,0,-0.8257647,0.6692765,0.4493566,-0.9349378,0.09655894,0.4880764,False,1,1,0
6/26/2025 7:02:26 PM,1750957346843,Left,-0.9116657,0.06834877,0.429033,-0.6029249,0.4571474,0.279657,-0.9116657,0.06834877,0.429033,0.1,3,0,-0.8216701,0.6822184,0.4478214,-0.931993,0.1053339,0.4876882,False,1,1,0
6/26/2025 7:02:26 PM,1750957346858,Left,-0.9116657,0.06834877,0.429033,-0.6027567,0.4580134,0.2767868,-0.9116657,0.06834877,0.429033,0.1,3,0,-0.8200183,0.6896343,0.4470763,-0.9320714,0.1077633,0.4891769,False,1,1,0
6/26/2025 7:02:26 PM,1750957346872,Left,-0.9116657,0.06834877,0.429033,-0.6026495,0.4599726,0.2745892,-0.9116657,0.06834877,0.429033,0.1,3,0,-0.8184786,0.6973054,0.4464067,-0.9307044,0.1090433,0.4930778,False,1,1,0
6/26/2025 7:02:26 PM,1750957346899,Left,-0.9116657,0.06834877,0.429033,-0.6020598,0.4651179,0.2708094,-0.9116657,0.06834877,0.429033,0.1,3,0,-0.8151588,0.7132151,0.4442357,-0.9280502,0.1207497,0.4922519,False,1,1,0
6/26/2025 7:02:26 PM,1750957346913,Left,-0.9116657,0.06834877,0.429033,-0.6004425,0.4683175,0.2740009,-0.9116657,0.06834877,0.429033,0.1,3,0,-0.8130965,0.7216305,0.4425554,-0.9265781,0.1281291,0.4913494,False,1,1,0
6/26/2025 7:02:26 PM,1750957346940,Left,-0.9116657,0.06834877,0.429033,-0.599356,0.4750497,0.2705516,-0.9116657,0.06834877,0.429033,0.1,3,0,-0.8090501,0.7396999,0.4398458,-0.9220711,0.1432833,0.4887624,False,1,1,0
6/26/2025 7:02:26 PM,1750957346955,Left,-0.9116657,0.06834877,0.429033,-0.5990775,0.4776135,0.267135,-0.9116657,0.06834877,0.429033,0.1,3,0,-0.8070052,0.7485409,0.4384508,-0.9205418,0.1511572,0.487415,False,1,1,0
6/26/2025 7:02:26 PM,1750957346982,Left,-0.9116657,0.06834877,0.429033,-0.5977183,0.4850959,0.2638243,-0.9116657,0.06834877,0.429033,0.1,3,0,-0.802209,0.7666805,0.4340638,-0.917087,0.1669111,0.4844225,False,1,1,0
6/26/2025 7:02:26 PM,1750957346996,Left,-0.9116657,0.06834877,0.429033,-0.5969684,0.4893421,0.2622227,-0.9116657,0.06834877,0.429033,0.1,3,0,-0.7989079,0.7763663,0.4318336,-0.9151811,0.1752476,0.4822927,False,1,1,0
6/26/2025 7:02:27 PM,1750957347025,Left,-0.9116657,0.06834877,0.429033,-0.5946421,0.4992452,0.2608623,-0.9116657,0.06834877,0.429033,0.1,3,0,-0.7926983,0.7950561,0.4278957,-0.9108744,0.1917762,0.4776186,False,1,1,0
6/26/2025 7:02:27 PM,1750957347038,Left,-0.8988634,0.2227724,0.428064,-0.5933878,0.5042636,0.2595543,-0.8988634,0.2227724,0.428064,0.1,3,0,-0.7899367,0.8043168,0.4257736,-0.9084851,0.2006316,0.4751778,False,1,1,0
6/26/2025 7:02:27 PM,1750957347052,Left,-0.8971354,0.2301354,0.4252985,-0.5918398,0.5085123,0.2578054,-0.8971911,0.2298982,0.4253876,0.1,3,0,-0.7867831,0.8137559,0.4232461,-0.9069613,0.2091405,0.4721176,False,1,1,0
6/26/2025 7:02:27 PM,1750957347079,Left,-0.8932836,0.2490924,0.4175807,-0.5887736,0.5152919,0.2502103,-0.8933869,0.2485703,0.417795,0.1,3,0,-0.7805318,0.8332881,0.4190241,-0.9037507,0.2262705,0.465317,False,1,1,0
6/26/2025 7:02:27 PM,1750957347093,Left,-0.8907534,0.2589879,0.4135394,-0.5860192,0.5187728,0.2475207,-0.8908749,0.2584472,0.4137623,0.1,3,0,-0.7771317,0.8426866,0.4166317,-0.9020869,0.2349035,0.4612295,False,1,1,0
6/26/2025 7:02:27 PM,1750957347122,Left,-0.8868748,0.2754258,0.4051325,-0.5822795,0.5297938,0.2469686,-0.8870123,0.2748515,0.4054095,0.1,3,0,-0.7700373,0.8610122,0.4100899,-0.8983117,0.2505785,0.4531224,False,1,1,0
6/26/2025 7:02:27 PM,1750957347135,Left,-0.886057,0.2827769,0.4007254,-0.5790334,0.5336329,0.2450049,-0.8861517,0.282233,0.4010176,0.1,3,0,-0.766243,0.870369,0.4071248,-0.8963802,0.2585259,0.448567,False,1,1,0
6/26/2025 7:02:27 PM,1750957347163,Left,-0.8806932,0.2992921,0.390343,-0.5715163,0.5409274,0.239907,-0.88086,0.2987025,0.3907079,0.1,3,0,-0.7592918,0.888728,0.4022753,-0.8928999,0.2742651,0.4386375,False,1,1,0
6/26/2025 7:02:27 PM,1750957347177,Left,-0.8782192,0.3067918,0.3851343,-0.5674226,0.5436812,0.2364114,-0.8783906,0.3062318,0.3855007,0.1,3,0,-0.7557051,0.8976573,0.3994318,-0.8908074,0.2823584,0.4335117,False,1,1,0
6/26/2025 7:02:27 PM,1750957347190,Left,-0.8756424,0.3149765,0.3798858,-0.5629843,0.5468501,0.2333023,-0.8758954,0.3143836,0.3802505,0.1,3,0,-0.7517542,0.906101,0.3958844,-0.8890439,0.2900762,0.4281358,False,1,1,0
6/26/2025 7:02:27 PM,1750957347219,Left,-0.8710045,0.3296698,0.3694475,-0.5531642,0.5526338,0.2284289,-0.8711681,0.3291508,0.3698043,0.1,3,0,-0.7436185,0.9238012,0.3888036,-0.88375,0.3034008,0.4173818,False,1,1,0
6/26/2025 7:02:27 PM,1750957347233,Left,-0.868209,0.3371135,0.3640628,-0.5472953,0.5554399,0.2260555,-0.8682438,0.3369167,0.3644194,0.1,3,0,-0.7404248,0.9335995,0.3861425,-0.8809031,0.3104651,0.4115368,False,1,1,0
6/26/2025 7:02:27 PM,1750957347260,Left,-0.8626208,0.3518464,0.3524741,-0.5350125,0.560488,0.2221792,-0.8628072,0.3513646,0.3528447,0.1,3,0,-0.7340547,0.9533643,0.3811698,-0.875603,0.3255374,0.3995667,False,1,1,0
6/26/2025 7:02:27 PM,1750957347274,Left,-0.8596509,0.3592412,0.3465437,-0.5279337,0.5624702,0.2197202,-0.8598403,0.3585407,0.3470096,0.1,3,0,-0.7303184,0.9635977,0.3777409,-0.8727629,0.3332468,0.3935527,False,1,1,0
6/26/2025 7:02:27 PM,1750957347301,Left,-0.8540488,0.3750603,0.3350947,-0.5129195,0.5685395,0.2133567,-0.8542332,0.3745563,0.335461,0.1,3,0,-0.7235655,0.983625,0.3709173,-0.8669044,0.3486299,0.3821065,False,1,1,0
6/26/2025 7:02:27 PM,1750957347316,Left,-0.8506832,0.383561,0.3294451,-0.5045978,0.5705831,0.2099696,-0.8511031,0.3828389,0.3298138,0.1,3,0,-0.7201633,0.9940035,0.3679603,-0.8632036,0.35666,0.3765432,False,1,1,0
6/26/2025 7:02:27 PM,1750957347344,Left,-0.8440463,0.3998715,0.3188134,-0.4872527,0.5726732,0.2031227,-0.844283,0.3992973,0.3191904,0.1,3,0,-0.7120389,1.013968,0.3609718,-0.8555425,0.3726245,0.3660614,False,1,1,0
6/26/2025 7:02:27 PM,1750957347357,Left,-0.8399778,0.4084338,0.3139344,-0.4775034,0.5736434,0.1992967,-0.840347,0.4079431,0.3139821,0.1,3,0,-0.7078986,1.02347,0.3571091,-0.8515042,0.3809322,0.360698,False,1,1,0
6/26/2025 7:02:27 PM,1750957347371,Left,-0.8376139,0.4167742,0.3091763,-0.4674765,0.5738298,0.1956356,-0.8378234,0.4161934,0.3095172,0.1,3,0,-0.7038237,1.032969,0.3534349,-0.8480749,0.3882681,0.3563833,False,1,1,0
6/26/2025 7:02:27 PM,1750957347400,Left,-0.832176,0.4323662,0.3015442,-0.4484779,0.5764726,0.1838779,-0.8320163,0.4323278,0.3014452,0.1,3,0,-0.6951549,1.051229,0.3466001,-0.8403092,0.40411,0.3483562,False,1,1,0
6/26/2025 7:02:27 PM,1750957347413,Left,-0.8289606,0.4406042,0.2982282,-0.4388231,0.5778996,0.1769207,-0.8291571,0.4400827,0.2984613,0.1,3,0,-0.6898919,1.060303,0.3434945,-0.8369144,0.4119434,0.3454621,False,1,1,0
6/26/2025 7:02:27 PM,1750957347440,Left,-0.8237329,0.4554349,0.2935807,-0.4175443,0.581195,0.1649713,-0.8238733,0.454966,0.2933674,0.1,3,0,-0.680723,1.078401,0.3371584,-0.8312396,0.4274097,0.3406081,False,1,1,0
6/26/2025 7:02:27 PM,1750957347455,Left,-0.8205931,0.4635777,0.2917311,-0.4068674,0.5824986,0.1571302,-0.8207927,0.4630506,0.2918732,0.1,3,0,-0.6765101,1.086897,0.3340007,-0.8294249,0.4346412,0.3390557,False,1,1,0
6/26/2025 7:02:27 PM,1750957347482,Left,-0.8152734,0.4779614,0.2903103,-0.386952,0.5859782,0.1400359,-0.8156916,0.4772529,0.2900598,0.1,3,0,-0.6664639,1.103225,0.327158,-0.8220291,0.4497107,0.3378692,False,1,1,0
6/26/2025 7:02:27 PM,1750957347496,Left,-0.8121886,0.4854325,0.2897927,-0.3769245,0.5880671,0.1311907,-0.8124281,0.4848346,0.2898473,0.1,3,0,-0.6614788,1.11193,0.3245074,-0.819983,0.4571739,0.3371155,False,1,1,0
6/26/2025 7:02:27 PM,1750957347524,Left,-0.8056637,0.4993618,0.2905712,-0.3578149,0.5931807,0.1115174,-0.8058796,0.4991932,0.2902572,0.1,3,0,-0.6533622,1.129725,0.3210428,-0.8144523,0.4715338,0.3375738,False,1,1,0
6/26/2025 7:02:27 PM,1750957347538,Left,-0.8027667,0.5058561,0.2911394,-0.3482146,0.5963928,0.1020352,-0.802952,0.5054426,0.2911128,0.1,3,0,-0.6495594,1.137639,0.3190806,-0.8107628,0.4790398,0.339186,False,1,1,0
6/26/2025 7:02:27 PM,1750957347552,Left,-0.7995334,0.5127774,0.2926858,-0.3390841,0.6004258,0.09240115,-0.7997233,0.5123599,0.2926233,0.1,3,0,-0.6455619,1.144959,0.3167404,-0.8069936,0.4861034,0.3406711,False,1,1,0
6/26/2025 7:02:27 PM,1750957347579,Left,-0.7928388,0.5248312,0.2962223,-0.3208396,0.608813,0.07088745,-0.7930906,0.5243638,0.296095,0.1,3,0,-0.637001,1.156802,0.3098089,-0.7997743,0.4988865,0.3442101,False,1,1,0
6/26/2025 7:02:27 PM,1750957347594,Left,-0.7893778,0.5307148,0.2987179,-0.311252,0.6120844,0.05952141,-0.7895992,0.530327,0.2985798,0.1,3,0,-0.6325257,1.161693,0.3066267,-0.79708,0.5042905,0.3469315,False,1,1,0
6/26/2025 7:02:27 PM,1750957347621,Left,-0.7830764,0.5392622,0.3037129,-0.2946012,0.6210135,0.03728497,-0.7832953,0.538953,0.3035497,0.1,3,0,-0.6247166,1.172782,0.3030679,-0.7901968,0.5147903,0.3543418,False,1,1,0
6/26/2025 7:02:27 PM,1750957347636,Left,-0.7771605,0.5454281,0.3088124,-0.287,0.6265671,0.02622222,-0.7774974,0.5450477,0.3085421,0.1,3,0,-0.6208986,1.17704,0.3021467,-0.7860817,0.5195945,0.3581325,False,1,1,0
6/26/2025 7:02:27 PM,1750957347663,Left,-0.7688569,0.5536506,0.3173244,-0.272246,0.6376807,0.00545858,-0.7691135,0.553386,0.3170727,0.1,3,0,-0.6127363,1.18217,0.297242,-0.7771115,0.5281259,0.3647523,False,1,1,0
6/26/2025 7:02:27 PM,1750957347677,Left,-0.7642125,0.5574082,0.3218726,-0.2651891,0.6435584,-0.005399017,-0.7645261,0.5571232,0.3215718,0.1,3,0,-0.608618,1.183169,0.2943784,-0.7729095,0.5315159,0.36946,False,1,1,0
6/26/2025 7:02:27 PM,1750957347691,Left,-0.7602133,0.5603061,0.32665,-0.2585395,0.6497574,-0.01575329,-0.7600493,0.5606702,0.326017,0.1,3,0,-0.6043538,1.184365,0.2915082,-0.7683878,0.5349627,0.3744542,False,1,1,0
6/26/2025 7:02:27 PM,1750957347719,Left,-0.7526787,0.5650592,0.3371743,-0.2456536,0.6607215,-0.03700947,-0.7529102,0.5649038,0.3368597,0.1,3,0,-0.5957305,1.186345,0.2855284,-0.7611985,0.5396646,0.3859993,False,1,1,0
6/26/2025 7:02:27 PM,1750957347733,Left,-0.750127,0.5676163,0.3428881,-0.2390916,0.6655155,-0.04900208,-0.7494782,0.5674927,0.3424626,0.1,3,0,-0.590584,1.186938,0.2828343,-0.7567106,0.5430081,0.3920062,False,1,1,0
6/26/2025 7:02:27 PM,1750957347761,Left,-0.7434792,0.5712633,0.3551787,-0.2267538,0.6758668,-0.07266286,-0.7437163,0.57112,0.3547551,0.1,3,0,-0.5807039,1.187584,0.2767781,-0.7464916,0.5472273,0.4043253,False,1,1,0
6/26/2025 7:02:27 PM,1750957347774,Left,-0.739282,0.5736651,0.3614689,-0.2208462,0.6807433,-0.08517568,-0.7397984,0.5732346,0.3610351,0.1,3,0,-0.5758156,1.188427,0.2733351,-0.7423971,0.5490327,0.411018,False,1,1,0
6/26/2025 7:02:27 PM,1750957347802,Left,-0.7306862,0.5797938,0.3729537,-0.2106288,0.6901621,-0.1116532,-0.7309753,0.579589,0.3725703,0.1,3,0,-0.5651833,1.191593,0.2657828,-0.7329513,0.553843,0.4216159,False,1,1,0
6/26/2025 7:02:27 PM,1750957347816,Left,-0.7246983,0.5830435,0.3782201,-0.206429,0.6942286,-0.1257039,-0.7251847,0.5829139,0.378163,0.1,3,0,-0.5596782,1.193801,0.2617129,-0.7269799,0.5567147,0.4271283,False,1,1,0
6/26/2025 7:02:27 PM,1750957347844,Left,-0.7143719,0.5897275,0.388151,-0.1991201,0.7033325,-0.1547519,-0.7146827,0.5895271,0.3878575,0.1,3,0,-0.5497426,1.199559,0.2549454,-0.7148897,0.5632145,0.4368657,False,1,1,0
6/26/2025 7:02:27 PM,1750957347857,Left,-0.708366,0.5937344,0.3920054,-0.1957359,0.7076846,-0.1696059,-0.7087671,0.593304,0.3921523,0.1,3,0,-0.5452571,1.203939,0.2530853,-0.7093039,0.5662839,0.4410935,False,1,1,0
6/26/2025 7:02:27 PM,1750957347872,Left,-0.7027644,0.5978737,0.3956411,-0.1921796,0.7119369,-0.1844701,-0.7031459,0.5976029,0.3953798,0.1,3,0,-0.5406735,1.209044,0.2517322,-0.7031824,0.5703308,0.4443197,False,1,1,0
6/26/2025 7:02:27 PM,1750957347899,Left,-0.6912428,0.6067878,0.4011683,-0.1866613,0.7204735,-0.2124483,-0.6916448,0.6063817,0.4011237,0.1,3,0,-0.5297903,1.21926,0.2486951,-0.6922117,0.5788343,0.4503908,False,1,1,0
6/26/2025 7:02:27 PM,1750957347914,Left,-0.685132,0.6115116,0.4040217,-0.1840982,0.7250392,-0.2279757,-0.6855342,0.6112025,0.4038319,0.1,3,0,-0.5242455,1.224394,0.2473314,-0.685598,0.5839593,0.4538718,False,1,1,0
6/26/2025 7:02:27 PM,1750957347941,Left,-0.6731297,0.6204445,0.4090625,-0.179787,0.733507,-0.2571381,-0.6735276,0.6201456,0.4088933,0.1,3,0,-0.5122614,1.234075,0.2434477,-0.6731061,0.59412,0.4598664,False,1,1,0
6/26/2025 7:02:27 PM,1750957347955,Left,-0.6662298,0.6245694,0.4120943,-0.178223,0.7382632,-0.2711788,-0.6666819,0.6242654,0.4119031,0.1,3,0,-0.5062661,1.238515,0.2412168,-0.666131,0.598404,0.4623416,False,1,1,0
6/26/2025 7:02:27 PM,1750957347983,Left,-0.6532563,0.6332231,0.4190662,-0.1762599,0.7469069,-0.2981905,-0.65344,0.6324744,0.4184536,0.1,3,0,-0.4936025,1.247562,0.235581,-0.652503,0.604731,0.467443,False,1,1,0
6/26/2025 7:02:27 PM,1750957347996,Left,-0.6470778,0.6382552,0.4228234,-0.1751043,0.75107,-0.3112465,-0.6474586,0.6379637,0.4226104,0.1,3,0,-0.4869934,1.251995,0.2334197,-0.6468192,0.6086519,0.4705646,False,1,1,0
6/26/2025 7:02:28 PM,1750957348024,Left,-0.6333871,0.648508,0.4314713,-0.1739978,0.7585602,-0.3341752,-0.6339836,0.6482146,0.4310546,0.1,3,0,-0.4746002,1.261542,0.2296877,-0.6360737,0.6183845,0.4793286,False,1,1,0
6/26/2025 7:02:28 PM,1750957348039,Left,-0.6261765,0.6534097,0.435949,-0.1733671,0.7628804,-0.3449003,-0.6266437,0.6530815,0.4356682,0.1,3,0,-0.4681027,1.26661,0.2281168,-0.6307918,0.6252804,0.4861485,False,1,1,0
6/26/2025 7:02:28 PM,1750957348052,Left,-0.6196485,0.6593091,0.4401602,-0.1735053,0.7668499,-0.355446,-0.6200719,0.6589711,0.4399042,0.1,3,0,-0.4616747,1.271384,0.2262421,-0.6240933,0.6342462,0.4913218,False,1,1,0
6/26/2025 7:02:28 PM,1750957348079,Left,-0.6062083,0.6714013,0.4500253,-0.1730208,0.7759421,-0.3730453,-0.6066349,0.6710272,0.4497209,0.1,3,0,-0.4481602,1.281711,0.2229397,-0.6100129,0.6497267,0.5004162,False,1,1,0
6/26/2025 7:02:28 PM,1750957348094,Left,-0.5994797,0.6790629,0.4563313,-0.1726542,0.779467,-0.3820213,-0.5998752,0.678663,0.4560067,0.1,3,0,-0.4416727,1.287297,0.221325,-0.6016092,0.6571083,0.5059727,False,1,1,0
6/26/2025 7:02:28 PM,1750957348122,Left,-0.5842627,0.693348,0.4663413,-0.1724259,0.7878144,-0.3966708,-0.5848261,0.6928018,0.4659511,0.1,3,0,-0.428218,1.299385,0.2173815,-0.5846427,0.6710128,0.5153107,False,1,1,0
6/26/2025 7:02:28 PM,1750957348136,Left,-0.5763473,0.7021771,0.4710546,-0.1731687,0.7921731,-0.4021527,-0.5768652,0.7016393,0.4707304,0.1,3,0,-0.4210899,1.306007,0.215408,-0.5762218,0.6786497,0.5203286,False,1,1,0
6/26/2025 7:02:28 PM,1750957348163,Left,-0.560388,0.7194985,0.4786606,-0.1739806,0.8003453,-0.4121158,-0.5608503,0.7189974,0.4784347,0.1,3,0,-0.4069513,1.319367,0.211509,-0.5600829,0.695802,0.5287687,False,1,1,0
6/26/2025 7:02:28 PM,1750957348177,Left,-0.5523081,0.7288092,0.4825282,-0.1741739,0.8041713,-0.4164033,-0.5528429,0.7282076,0.4822745,0.1,3,0,-0.4001399,1.325603,0.2090969,-0.5509996,0.7054989,0.5323814,False,1,1,0
6/26/2025 7:02:28 PM,1750957348191,Left,-0.5446309,0.7381715,0.4860196,-0.1737902,0.8087,-0.4187729,-0.5451778,0.7375262,0.4857697,0.1,3,0,-0.3933583,1.3322,0.2064605,-0.5422118,0.7150774,0.5355504,False,1,1,0
6/26/2025 7:02:28 PM,1750957348219,Left,-0.5301955,0.7540874,0.4919491,-0.1736567,0.8140333,-0.4270896,-0.5306556,0.7535764,0.4917652,0.1,3,0,-0.3793919,1.346093,0.2009622,-0.5262093,0.7322683,0.541921,False,1,1,0
6/26/2025 7:02:28 PM,1750957348233,Left,-0.5225599,0.7624314,0.4948095,-0.1734455,0.8162034,-0.4312409,-0.522961,0.7620511,0.4945856,0.1,3,0,-0.3722768,1.352879,0.198347,-0.5183306,0.7407395,0.5450593,False,1,1,0
6/26/2025 7:02:28 PM,1750957348261,Left,-0.5085162,0.77797,0.499501,-0.1733231,0.8209275,-0.4370829,-0.5090128,0.7774226,0.4993428,0.1,3,0,-0.3580718,1.365479,0.1924293,-0.5029723,0.7561387,0.5489525,False,1,1,0
6/26/2025 7:02:28 PM,1750957348274,Left,-0.5016941,0.7850742,0.5010665,-0.1730298,0.8228658,-0.4390483,-0.5021332,0.7846051,0.5009507,0.1,3,0,-0.3512242,1.371164,0.1887201,-0.4910581,0.7678094,0.5516051,False,1,1,0
6/26/2025 7:02:28 PM,1750957348302,Left,-0.4886566,0.7988762,0.5041018,-0.1721516,0.8259309,-0.443262,-0.4890714,0.7984387,0.5040032,0.1,3,0,-0.3365256,1.380858,0.1805379,-0.4812931,0.7774547,0.553695,False,1,1,0
6/26/2025 7:02:28 PM,1750957348316,Left,-0.4820353,0.805585,0.5057026,-0.1714232,0.8273087,-0.4449768,-0.4824425,0.8051664,0.5056082,0.1,3,0,-0.3286765,1.385864,0.1766211,-0.4753045,0.7836809,0.5547078,False,1,1,0
6/26/2025 7:02:28 PM,1750957348344,Left,-0.468751,0.8165249,0.5071577,-0.170421,0.8290142,-0.4490861,-0.4691838,0.816161,0.5071082,0.1,3,0,-0.3114914,1.396528,0.1701143,-0.4633559,0.794093,0.5567967,False,1,1,0
6/26/2025 7:02:28 PM,1750957348358,Left,-0.4616531,0.821684,0.5070682,-0.1699364,0.8295735,-0.4516558,-0.4621465,0.8213051,0.5070518,0.1,3,0,-0.3023512,1.401725,0.1667831,-0.4566113,0.7990795,0.5569304,False,1,1,0
6/26/2025 7:02:28 PM,1750957348372,Left,-0.4550294,0.8268531,0.5072791,-0.1693197,0.8301427,-0.453768,-0.4554981,0.8264892,0.5072653,0.1,3,0,-0.2932917,1.406505,0.1629391,-0.4499671,0.8039599,0.5568607,False,1,1,0
6/26/2025 7:02:28 PM,1750957348400,Left,-0.4397987,0.8368027,0.5053616,-0.1658897,0.8315652,-0.458158,-0.4406362,0.8367425,0.5056961,0.1,3,0,-0.2743679,1.414317,0.1545687,-0.4355996,0.8141367,0.5557252,False,1,1,0
6/26/2025 7:02:28 PM,1750957348414,Left,-0.4318131,0.8419331,0.5044356,-0.1637528,0.8322717,-0.4602206,-0.4322767,0.8416286,0.5044875,0.1,3,0,-0.264734,1.417579,0.1503526,-0.4279658,0.8189645,0.554408,False,1,1,0
6/26/2025 7:02:28 PM,1750957348441,Left,-0.4145429,0.850626,0.5026327,-0.1576031,0.8334087,-0.4656569,-0.4157064,0.8504895,0.5027848,0.1,3,0,-0.2455258,1.423287,0.1424514,-0.4099758,0.8277771,0.5521712,False,1,1,0
6/26/2025 7:02:28 PM,1750957348455,Left,-0.4047239,0.8547655,0.5013991,-0.1551019,0.8339663,-0.4674949,-0.4052967,0.8545032,0.5014671,0.1,3,0,-0.235697,1.426078,0.1382236,-0.3985974,0.8316922,0.5506235,False,1,1,0
6/26/2025 7:02:28 PM,1750957348483,Left,-0.3831657,0.8611616,0.4979781,-0.1494556,0.836001,-0.4689737,-0.3844279,0.8610263,0.4983839,0.1,3,0,-0.2147685,1.431411,0.128915,-0.3770021,0.8385603,0.5474809,False,1,1,0
6/26/2025 7:02:28 PM,1750957348497,Left,-0.3716274,0.8645184,0.495969,-0.1456466,0.8379242,-0.4688064,-0.3723736,0.86429,0.4960967,0.1,3,0,-0.2035326,1.434298,0.1240591,-0.3649656,0.8416706,0.5452913,False,1,1,0
6/26/2025 7:02:28 PM,1750957348524,Left,-0.3471013,0.8702676,0.4913811,-0.1356817,0.8386027,-0.4720451,-0.3480504,0.8701498,0.4914928,0.1,3,0,-0.1815182,1.440119,0.1143447,-0.3395185,0.8477411,0.5407903,False,1,1,0
6/26/2025 7:02:28 PM,1750957348539,Left,-0.3343228,0.8731164,0.4888714,-0.1304073,0.8390234,-0.4739491,-0.3351126,0.8729325,0.489028,0.1,3,0,-0.1701294,1.443013,0.1096193,-0.3261738,0.8503667,0.5381188,False,1,1,0
6/26/2025 7:02:28 PM,1750957348553,Left,-0.3205827,0.8761495,0.4859009,-0.1250292,0.8380161,-0.4770325,-0.3214749,0.8759497,0.4860901,0.1,3,0,-0.158287,1.445995,0.1045557,-0.311794,0.8534748,0.5350938,False,1,1,0
6/26/2025 7:02:28 PM,1750957348580,Left,-0.2937801,0.8820271,0.4800818,-0.1133401,0.8366509,-0.4827489,-0.2947578,0.8818106,0.4803046,0.1,3,0,-0.13425,1.451514,0.09395897,-0.2842431,0.8595664,0.5292013,False,1,1,0
6/26/2025 7:02:28 PM,1750957348594,Left,-0.2795787,0.8851216,0.4769363,-0.107071,0.8355072,-0.4861713,-0.2804462,0.8849331,0.4771367,0.1,3,0,-0.121751,1.45419,0.08874798,-0.2694375,0.8628876,0.5259619,False,1,1,0
6/26/2025 7:02:28 PM,1750957348622,Left,-0.2517029,0.891412,0.4707932,-0.09412206,0.8335608,-0.4919859,-0.2526231,0.8912082,0.471008,0.1,3,0,-0.09549904,1.459862,0.07907093,-0.2407758,0.8692267,0.5195956,False,1,1,0
6/26/2025 7:02:28 PM,1750957348636,Left,-0.2373922,0.8945209,0.4677116,-0.08708998,0.8321835,-0.4946872,-0.2382708,0.8943267,0.4679131,0.1,3,0,-0.08188391,1.462551,0.07422507,-0.226271,0.872153,0.5165973,False,1,1,0
6/26/2025 7:02:28 PM,1750957348664,Left,-0.2087417,0.9000463,0.4612996,-0.07234068,0.8286136,-0.4999489,-0.2095912,0.8998782,0.4615004,0.1,3,0,-0.05387974,1.467214,0.06370521,-0.1970331,0.8777538,0.5101094,False,1,1,0
6/26/2025 7:02:28 PM,1750957348677,Left,-0.1941188,0.9025567,0.4579016,-0.0642975,0.8268857,-0.5024244,-0.1949743,0.9023982,0.4581069,0.1,3,0,-0.03934526,1.46933,0.05825114,-0.182264,0.8804216,0.5067691,False,1,1,0
6/26/2025 7:02:28 PM,1750957348691,Left,-0.1793484,0.9047725,0.4545643,-0.05614081,0.8245716,-0.5049602,-0.1803727,0.9046043,0.4548064,0.1,3,0,-0.02437532,1.471848,0.05277646,-0.167265,0.8828152,0.5032358,False,1,1,0
6/26/2025 7:02:28 PM,1750957348719,Left,-0.1514115,0.9085631,0.4483161,-0.03948384,0.8204666,-0.5089881,-0.1523847,0.9084316,0.4485464,0.1,3,0,0.007503152,1.477823,0.04309511,-0.1385596,0.8866801,0.4967493,False,1,1,0
6/26/2025 7:02:28 PM,1750957348733,Left,-0.1368843,0.9103026,0.4448375,-0.03019338,0.8183607,-0.5105089,-0.1379621,0.9101653,0.4450981,0.1,3,0,0.02424204,1.480731,0.03860176,-0.1240873,0.8883545,0.4932376,False,1,1,0
6/26/2025 7:02:28 PM,1750957348760,Left,-0.1089459,0.9131427,0.4381736,-0.01164688,0.8137707,-0.5123775,-0.1099346,0.9130403,0.4384155,0.1,3,0,0.05654263,1.484239,0.02752459,-0.0961521,0.8912463,0.4866382,False,1,1,0
6/26/2025 7:02:28 PM,1750957348775,Left,-0.0945972,0.9146963,0.4349064,-0.001418277,0.8111458,-0.5130436,-0.09552716,0.9146025,0.4351291,0.1,3,0,0.07233012,1.484941,0.02161849,-0.08233501,0.8923953,0.4833845,False,1,1,0
6/26/2025 7:02:28 PM,1750957348802,Left,-0.06656088,0.916507,0.4280627,0.02065243,0.8067308,-0.5128679,-0.06760162,0.9164235,0.4283197,0.1,3,0,0.1032473,1.486461,0.01027679,-0.05515003,0.8939161,0.4773433,False,1,1,0
6/26/2025 7:02:28 PM,1750957348817,Left,-0.05200391,0.9174417,0.4246551,0.03238991,0.8037668,-0.5126411,-0.05291006,0.9173766,0.4248737,0.1,3,0,0.1189033,1.487718,0.00588274,-0.04082248,0.8946421,0.47392,False,1,1,0
6/26/2025 7:02:28 PM,1750957348844,Left,-0.02368593,0.9189387,0.4179942,0.05857803,0.7992021,-0.5104285,-0.0246184,0.9188829,0.4182164,0.1,3,0,0.151176,1.490428,-0.0003569126,-0.0136286,0.8954581,0.467704,False,1,1,0
6/26/2025 7:02:28 PM,1750957348858,Left,-0.009032293,0.9194183,0.4147657,0.07306789,0.7968776,-0.5088605,-0.01013166,0.9193683,0.4150176,0.1,3,0,0.1664177,1.491272,-0.00308311,0.0004210174,0.895849,0.4646272,False,1,1,0
6/26/2025 7:02:28 PM,1750957348872,Left,0.00498789,0.9200733,0.4116368,0.08768244,0.7952597,-0.506585,0.004130667,0.9200296,0.4118323,0.1,3,0,0.1809983,1.491312,-0.005774856,0.01396449,0.8960049,0.461545,False,1,1,0
6/26/2025 7:02:28 PM,1750957348899,Left,0.03354872,0.9199553,0.4062834,0.1189997,0.7936837,-0.5025495,0.03259493,0.919949,0.4064658,0.1,3,0,0.205768,1.491306,-0.008986592,0.0425408,0.8960613,0.4562719,False,1,1,0
6/26/2025 7:02:28 PM,1750957348913,Left,0.04829025,0.9198838,0.4036833,0.1355903,0.7931854,-0.4995336,0.04743454,0.9198785,0.4038413,0.1,3,0,0.2180024,1.492101,-0.008715987,0.05747454,0.8957754,0.4533819,False,1,1,0
6/26/2025 7:02:28 PM,1750957348941,Left,0.07816719,0.9185106,0.3992842,0.1677513,0.7937702,-0.4912689,0.07712817,0.9185482,0.3994497,0.1,3,0,0.2429496,1.495118,-0.005602479,0.08787731,0.8936015,0.4487437,False,1,1,0
6/26/2025 7:02:28 PM,1750957348956,Left,0.09372124,0.9178883,0.3967914,0.1825793,0.7939937,-0.4872509,0.09274952,0.9179211,0.3969499,0.1,3,0,0.255053,1.495841,-0.003642797,0.103607,0.8925182,0.4459883,False,1,1,0
6/26/2025 7:02:28 PM,1750957348983,Left,0.1246204,0.9154708,0.3916103,0.2111783,0.7963359,-0.4750437,0.1235244,0.9158472,0.3916516,0.1,3,0,0.2789043,1.497246,0.0009381771,0.1347387,0.8896978,0.4403274,False,1,1,0
6/26/2025 7:02:28 PM,1750957348997,Left,0.1402729,0.9140646,0.3889599,0.2240729,0.7976218,-0.4700007,0.1392548,0.914145,0.3891382,0.1,3,0,0.2903098,1.497874,0.004411697,0.1511223,0.8879293,0.4374627,False,1,1,0
6/26/2025 7:02:29 PM,1750957349010,Left,0.1557312,0.9125265,0.3867462,0.2381115,0.8000275,-0.4629112,0.1546456,0.9126208,0.3869232,0.1,3,0,0.3008698,1.498865,0.008754492,0.1668239,0.885875,0.4347032,False,1,1,0
6/26/2025 7:02:29 PM,1750957349039,Left,0.1860343,0.9094273,0.3826109,0.2630502,0.8047398,-0.4515472,0.1849563,0.909534,0.3827755,0.1,3,0,0.3219151,1.499323,0.01767743,0.1980708,0.8815989,0.4300061,False,1,1,0
6/26/2025 7:02:29 PM,1750957349053,Left,0.2011235,0.9069319,0.3808041,0.2764975,0.8075783,-0.4449641,0.199942,0.9070999,0.3809691,0.1,3,0,0.3316516,1.499117,0.02249789,0.2137125,0.8795419,0.4279395,False,1,1,0
6/26/2025 7:02:29 PM,1750957349080,Left,0.2302483,0.9040599,0.3776999,0.302513,0.8136524,-0.4311287,0.2293677,0.9041581,0.3778098,0.1,3,0,0.350521,1.497083,0.0326376,0.2432572,0.875734,0.4241866,False,1,1,0
6/26/2025 7:02:29 PM,1750957349094,Left,0.2456172,0.9024658,0.3763767,0.3164322,0.8171439,-0.4228775,0.2444713,0.9025911,0.3765036,0.1,3,0,0.3594021,1.495279,0.03803492,0.2584724,0.8740978,0.4227516,False,1,1,0
6/26/2025 7:02:29 PM,1750957349122,Left,0.2742816,0.8986266,0.3745921,0.343355,0.8234721,-0.4064193,0.2733161,0.8987491,0.3746677,0.1,3,0,0.3770335,1.491308,0.04961979,0.2878162,0.8701164,0.4203424,False,1,1,0
6/26/2025 7:02:29 PM,1750957349136,Left,0.2891589,0.895788,0.3741162,0.3568753,0.8262823,-0.398018,0.2881257,0.8959533,0.3741772,0.1,3,0,0.3856206,1.488684,0.05569518,0.3029259,0.8674108,0.4199337,False,1,1,0
6/26/2025 7:02:29 PM,1750957349163,Left,0.3182665,0.8895879,0.3740186,0.3843381,0.8316967,-0.3803271,0.3173401,0.8897746,0.3740405,0.1,3,0,0.4028893,1.481933,0.06799054,0.3328696,0.8610466,0.4190766,False,1,1,0
6/26/2025 7:02:29 PM,1750957349177,Left,0.3333063,0.8853045,0.3741132,0.3981716,0.8339083,-0.371568,0.3322359,0.8855647,0.3741275,0.1,3,0,0.4109324,1.477911,0.07465053,0.3480242,0.8568256,0.4191086,False,1,1,0
6/26/2025 7:02:29 PM,1750957349192,Left,0.3478886,0.8807343,0.3749588,0.4124047,0.8356633,-0.362652,0.346905,0.8810159,0.3749349,0.1,3,0,0.419185,1.473415,0.08102989,0.3635123,0.8526021,0.4193531,False,1,1,0
6/26/2025 7:02:29 PM,1750957349220,Left,0.3766581,0.8711461,0.3760359,0.4397793,0.839253,-0.3464939,0.375683,0.8714626,0.3760068,0.1,3,0,0.4356622,1.464949,0.09443951,0.3928735,0.8430272,0.4200903,False,1,1,0
6/26/2025 7:02:29 PM,1750957349233,Left,0.3910619,0.865525,0.3770966,0.45365,0.8412267,-0.3370672,0.390267,0.8661193,0.3769372,0.1,3,0,0.4442005,1.460872,0.1022209,0.4078145,0.837826,0.4207151,False,1,1,0
6/26/2025 7:02:29 PM,1750957349261,Left,0.4198017,0.8542945,0.3792059,0.4811237,0.8453891,-0.3179769,0.4189134,0.8546398,0.379148,0.1,3,0,0.4621248,1.452647,0.1194195,0.4365464,0.8261501,0.4225302,False,1,1,0
6/26/2025 7:02:29 PM,1750957349274,Left,0.4341579,0.8480259,0.3803742,0.4946446,0.8465976,-0.3105273,0.4334276,0.848713,0.3799861,0.1,3,0,0.4717407,1.448823,0.1286356,0.4507399,0.8198445,0.4235617,False,1,1,0
6/26/2025 7:02:29 PM,1750957349303,Left,0.4622605,0.8356407,0.3832444,0.5211693,0.8513114,-0.2936656,0.4613845,0.83603,0.3831626,0.1,3,0,0.4920875,1.441692,0.1483325,0.4789733,0.8067781,0.4259099,False,1,1,0
6/26/2025 7:02:29 PM,1750957349317,Left,0.4760684,0.8286382,0.3844131,0.5362756,0.8541057,-0.2838522,0.4756688,0.8295048,0.3846572,0.1,3,0,0.502995,1.438623,0.1590099,0.4933492,0.8000525,0.4268524,False,1,1,0
6/26/2025 7:02:29 PM,1750957349344,Left,0.5032986,0.8152284,0.3864855,0.5635232,0.8596175,-0.2668369,0.5023514,0.8156917,0.3864172,0.1,3,0,0.5245969,1.431279,0.1797054,0.5209529,0.7867199,0.4289169,False,1,1,0
6/26/2025 7:02:29 PM,1750957349358,Left,0.5169749,0.8085022,0.3874589,0.5773689,0.8622131,-0.2591202,0.5163271,0.8089555,0.387327,0.1,3,0,0.5350602,1.42693,0.1889577,0.5348648,0.7797693,0.4302027,False,1,1,0
6/26/2025 7:02:29 PM,1750957349372,Left,0.5300944,0.8020529,0.3881974,0.5905197,0.8649537,-0.2511933,0.5292248,0.8024779,0.3881488,0.1,3,0,0.5451984,1.422755,0.1981238,0.5478379,0.7729471,0.4307269,False,1,1,0
6/26/2025 7:02:29 PM,1750957349400,Left,0.555225,0.7900863,0.3892569,0.6141847,0.8688691,-0.2342726,0.5546151,0.790279,0.3893014,0.1,3,0,0.5640783,1.414286,0.2128767,0.5731728,0.759749,0.4307389,False,1,1,0
6/26/2025 7:02:29 PM,1750957349413,Left,0.5672567,0.7842852,0.3899573,0.6250979,0.8706483,-0.2256459,0.5665125,0.7846413,0.3899252,0.1,3,0,0.5735832,1.410306,0.2196697,0.5846298,0.7531374,0.4305475,False,1,1,0
6/26/2025 7:02:29 PM,1750957349442,Left,0.5899292,0.7732078,0.3915901,0.6460869,0.8728985,-0.2059788,0.5893625,0.7736052,0.3915175,0.1,3,0,0.5938819,1.402132,0.2360797,0.6067882,0.7417067,0.4322854,False,1,1,0
6/26/2025 7:02:29 PM,1750957349455,Left,0.60142,0.7675517,0.3922997,0.6560038,0.8743643,-0.196051,0.6006809,0.7679155,0.3922565,0.1,3,0,0.6036869,1.398138,0.2443137,0.6176249,0.7363334,0.4334294,False,1,1,0
6/26/2025 7:02:29 PM,1750957349483,Left,0.6229973,0.756768,0.3934615,0.6732801,0.8755066,-0.1770657,0.6223556,0.7571721,0.3934414,0.1,3,0,0.6216532,1.390183,0.259706,0.6396624,0.7253709,0.4341687,False,1,1,0
6/26/2025 7:02:29 PM,1750957349496,Left,0.6336503,0.751403,0.3941507,0.6818837,0.8751603,-0.1675968,0.632951,0.7517552,0.394114,0.1,3,0,0.6303319,1.386038,0.266916,0.6502069,0.7194737,0.435067,False,1,1,0
6/26/2025 7:02:29 PM,1750957349511,Left,0.6437407,0.7462755,0.3946163,0.6885284,0.8736916,-0.160076,0.6431055,0.7465979,0.3945864,0.1,3,0,0.6385085,1.381709,0.2739315,0.6604687,0.7136605,0.4350122,False,1,1,0
6/26/2025 7:02:29 PM,1750957349539,Left,0.662748,0.7365019,0.395861,0.7036601,0.8697131,-0.1445653,0.6620647,0.7368563,0.3958248,0.1,3,0,0.6539858,1.373259,0.2886943,0.6797981,0.7025976,0.4352305,False,1,1,0
6/26/2025 7:02:29 PM,1750957349553,Left,0.6717461,0.7316743,0.3964143,0.7125436,0.8660548,-0.1397518,0.6711519,0.7319898,0.3963825,0.1,3,0,0.6614427,1.368367,0.2957997,0.6889785,0.6973404,0.4361133,False,1,1,0
6/26/2025 7:02:29 PM,1750957349580,Left,0.6888772,0.7225006,0.3978312,0.7326648,0.8590928,-0.127966,0.6883461,0.7227889,0.3977931,0.1,3,0,0.6764643,1.356976,0.3092259,0.7058344,0.6881588,0.437304,False,1,1,0
6/26/2025 7:02:29 PM,1750957349594,Left,0.6976992,0.717321,0.3984354,0.7411635,0.8538111,-0.1246719,0.6971483,0.7176357,0.3983961,0.1,3,0,0.6837294,1.351043,0.3149527,0.7141188,0.6835225,0.4383692,False,1,1,0
6/26/2025 7:02:29 PM,1750957349622,Left,0.7134539,0.7075324,0.400355,0.7599174,0.8443424,-0.1159941,0.712945,0.7078465,0.4003007,0.1,3,0,0.6970072,1.338193,0.3255442,0.7290887,0.673685,0.4403665,False,1,1,0
6/26/2025 7:02:29 PM,1750957349636,Left,0.7213592,0.7022496,0.4013179,0.7701291,0.837742,-0.1138592,0.7208527,0.7025759,0.4012631,0.1,3,0,0.7034851,1.331378,0.3301134,0.7365286,0.6683641,0.4415448,False,1,1,0
6/26/2025 7:02:29 PM,1750957349664,Left,0.7362353,0.6916718,0.4032836,0.789539,0.8231688,-0.1114812,0.7357913,0.6919803,0.4032302,0.1,3,0,0.7177168,1.316916,0.3391085,0.7505035,0.6571236,0.4439543,False,1,1,0
6/26/2025 7:02:29 PM,1750957349678,Left,0.7433429,0.6855339,0.4043802,0.7992534,0.8161715,-0.1092845,0.7428383,0.6859268,0.404313,0.1,3,0,0.7253609,1.309513,0.3433892,0.7570811,0.6513247,0.445229,False,1,1,0
6/26/2025 7:02:29 PM,1750957349691,Left,0.7504456,0.6795229,0.4054376,0.8092433,0.8098859,-0.1057588,0.7499839,0.6799003,0.4053737,0.1,3,0,0.7330159,1.301877,0.3481082,0.7642286,0.6455113,0.4462834,False,1,1,0
6/26/2025 7:02:29 PM,1750957349719,Left,0.7641562,0.6665942,0.407795,0.8346964,0.7962347,-0.09776704,0.7635269,0.6671654,0.4076959,0.1,3,0,0.7486183,1.285916,0.3572812,0.7776998,0.6328251,0.4485548,False,1,1,0
6/26/2025 7:02:29 PM,1750957349733,Left,0.7707391,0.6597781,0.4088288,0.8473839,0.7903752,-0.09246091,0.7702118,0.6602905,0.4087482,0.1,3,0,0.7570405,1.277707,0.3616827,0.7840886,0.6255119,0.4498878,False,1,1,0
6/26/2025 7:02:29 PM,1750957349761,Left,0.7824098,0.6458181,0.4111548,0.8710606,0.7796761,-0.08096104,0.782028,0.6462553,0.4110856,0.1,3,0,0.7755283,1.261453,0.3696039,0.7959407,0.610974,0.4516325,False,1,1,0
6/26/2025 7:02:29 PM,1750957349775,Left,0.788748,0.6384969,0.4119248,0.8823918,0.774069,-0.07499969,0.788155,0.6391145,0.4120571,0.1,3,0,0.7852921,1.253113,0.3728662,0.802016,0.6035081,0.4522682,False,1,1,0
6/26/2025 7:02:29 PM,1750957349802,Left,0.800154,0.6233733,0.4135347,0.9052326,0.7664255,-0.05915592,0.7997966,0.6238416,0.4134882,0.1,3,0,0.8043506,1.23682,0.3799846,0.8130647,0.5878835,0.4533814,False,1,1,0
6/26/2025 7:02:29 PM,1750957349816,Left,0.8070394,0.6153454,0.4130287,0.9171591,0.761961,-0.04992649,0.8066126,0.615871,0.4130225,0.1,3,0,0.8137274,1.228498,0.3843412,0.8189066,0.5795915,0.453826,False,1,1,0
6/26/2025 7:02:29 PM,1750957349844,Left,0.819339,0.6001821,0.4131198,0.9362985,0.7539183,-0.03020998,0.8189125,0.6007082,0.4131196,0.1,3,0,0.8330896,1.209939,0.3936205,0.8287124,0.5631382,0.4556822,False,1,1,0
6/26/2025 7:02:29 PM,1750957349858,Left,0.825597,0.5924577,0.4130997,0.9456658,0.7501467,-0.02046941,0.8251964,0.5929523,0.4131023,0.1,3,0,0.8431587,1.198515,0.3979143,0.8343992,0.5551602,0.4555379,False,1,1,0
6/26/2025 7:02:29 PM,1750957349872,Left,0.8318169,0.5847762,0.4130351,0.9554352,0.746864,-0.009916251,0.8314013,0.5852895,0.4130408,0.1,3,0,0.8531611,1.187224,0.4021151,0.8404938,0.5458267,0.4556569,False,1,1,0
6/26/2025 7:02:29 PM,1750957349900,Left,0.8442192,0.5694509,0.4127732,0.9731682,0.7408285,0.01189535,0.8438185,0.5699461,0.4127844,0.1,3,0,0.8734452,1.162242,0.4090292,0.8521149,0.5266072,0.4557955,False,1,1,0
6/26/2025 7:02:29 PM,1750957349913,Left,0.8452787,0.5681414,0.4127426,0.9821141,0.7374603,0.02207308,0.8452787,0.5681414,0.4127426,0.1,3,0,0.8837311,1.147779,0.4112482,0.8578337,0.5158343,0.456689,False,1,1,0
6/26/2025 7:02:29 PM,1750957349941,Left,0.8452787,0.5681414,0.4127426,0.9963914,0.7276198,0.0413461,0.8452787,0.5681414,0.4127426,0.1,3,0,0.9042219,1.118253,0.4162043,0.8699186,0.4946362,0.4574744,False,1,1,0
6/26/2025 7:02:29 PM,1750957349955,Left,0.8452787,0.5681414,0.4127426,1.004952,0.7236143,0.05380577,0.8452787,0.5681414,0.4127426,0.1,3,0,0.914073,1.103998,0.4180982,0.8768932,0.4830599,0.4575895,False,1,1,0
6/26/2025 7:02:29 PM,1750957349983,Left,0.8452787,0.5681414,0.4127426,1.018714,0.7126541,0.07383788,0.8452787,0.5681414,0.4127426,0.1,3,0,0.9336612,1.071743,0.420929,0.8912665,0.4594965,0.4597526,False,1,1,0
6/26/2025 7:02:29 PM,1750957349996,Left,0.8452787,0.5681414,0.4127426,1.025078,0.7065191,0.0830422,0.8452787,0.5681414,0.4127426,0.1,3,0,0.9426261,1.056165,0.4230253,0.8985291,0.4469441,0.4595162,False,1,1,0
6/26/2025 7:02:30 PM,1750957350025,Left,0.8452787,0.5681414,0.4127426,1.034215,0.6939562,0.09795737,0.8452787,0.5681414,0.4127426,0.1,3,0,0.9590453,1.023561,0.4279531,0.9127865,0.4217496,0.4597275,False,1,1,0
6/26/2025 7:02:30 PM,1750957350039,Left,0.8452787,0.5681414,0.4127426,1.038756,0.6876891,0.1050062,0.8452787,0.5681414,0.4127426,0.1,3,0,0.96622,1.00709,0.4299949,0.9208652,0.4088425,0.4599199,False,1,1,0
6/26/2025 7:02:30 PM,1750957350053,Left,0.8452787,0.5681414,0.4127426,1.040902,0.6785277,0.1075022,0.8452787,0.5681414,0.4127426,0.1,3,0,0.973356,0.9907983,0.4313775,0.9282486,0.3954299,0.4595636,False,1,1,0
6/26/2025 7:02:30 PM,1750957350080,Left,0.8452787,0.5681414,0.4127426,1.04629,0.6603821,0.113437,0.8452787,0.5681414,0.4127426,0.1,3,0,0.983669,0.9582899,0.4322191,0.9412879,0.3687541,0.4575428,False,1,1,0
6/26/2025 7:02:30 PM,1750957350094,Left,0.8452787,0.5681414,0.4127426,1.048301,0.6503782,0.1149123,0.8452787,0.5681414,0.4127426,0.1,3,0,0.9884945,0.9427243,0.4318718,0.9486024,0.3547224,0.4573673,False,1,1,0
6/26/2025 7:02:30 PM,1750957350121,Left,0.8452787,0.5681414,0.4127426,1.05099,0.6298372,0.1162322,0.8452787,0.5681414,0.4127426,0.1,3,0,0.9976206,0.912618,0.4325677,0.9633396,0.3273923,0.4568746,False,1,1,0
6/26/2025 7:02:30 PM,1750957350136,Left,0.8452787,0.5681414,0.4127426,1.051848,0.6199419,0.1161427,0.8452787,0.5681414,0.4127426,0.1,3,0,1.001691,0.8991861,0.4327061,0.9698805,0.3131238,0.456272,False,1,1,0
6/26/2025 7:02:30 PM,1750957350164,Left,0.8452787,0.5681414,0.4127426,1.052807,0.6012312,0.1155831,0.8452787,0.5681414,0.4127426,0.1,3,0,1.007682,0.8757383,0.4326966,0.9808771,0.2854274,0.4545941,False,1,1,0
6/26/2025 7:02:30 PM,1750957350178,Left,0.8452787,0.5681414,0.4127426,1.052576,0.5922197,0.1144907,0.8452787,0.5681414,0.4127426,0.1,3,0,1.009594,0.8646334,0.4332203,0.9856963,0.2722056,0.4536864,False,1,1,0
6/26/2025 7:02:30 PM,1750957350191,Left,0.8452787,0.5681414,0.4127426,1.05221,0.5836022,0.1131499,0.8452787,0.5681414,0.4127426,0.1,3,0,1.011222,0.8540047,0.4335362,0.990397,0.2595657,0.4527836,False,1,1,0
6/26/2025 7:02:30 PM,1750957350218,Left,0.8452787,0.5681414,0.4127426,1.05156,0.5696235,0.1114546,0.8452787,0.5681414,0.4127426,0.1,3,0,1.015666,0.8338068,0.4332496,0.9967647,0.2353434,0.4518275,False,2,1,0
6/26/2025 7:02:30 PM,1750957350233,Left,0.8452787,0.5681414,0.4127426,1.052193,0.5643518,0.1119214,0.8452787,0.5681414,0.4127426,0.1,3,0,1.017749,0.8240712,0.4330832,0.9993383,0.2237194,0.4518559,False,2,1,0
6/26/2025 7:02:30 PM,1750957350260,Left,0.9959388,0.2459459,0.4152448,1.053672,0.5586197,0.1124309,0.995906,0.24621,0.4152068,0.1,3,0,1.021633,0.8049158,0.4329339,1.000697,0.2034936,0.453142,False,2,1,0
6/26/2025 7:02:30 PM,1750957350274,Left,0.9966119,0.2350358,0.4168864,1.054434,0.5551233,0.1132618,0.9965746,0.2355102,0.4168151,0.1,3,0,1.023315,0.7958537,0.4333569,0.9994454,0.1929718,0.4547856,False,2,1,0
6/26/2025 7:02:30 PM,1750957350302,Left,0.9957248,0.2161893,0.4204941,1.057162,0.5499555,0.1135065,0.9957469,0.2168193,0.4203791,0.1,3,0,1.026086,0.7794181,0.4343063,0.9956442,0.1760574,0.4586771,False,2,1,0
6/26/2025 7:02:30 PM,1750957350316,Left,0.9948857,0.20832,0.4220239,1.058826,0.5491039,0.1135827,0.9949817,0.2084714,0.421982,0.1,3,0,1.0269,0.7719934,0.4342017,0.9941092,0.1675804,0.4602669,False,2,1,0
6/26/2025 7:02:30 PM,1750957350344,Left,0.993493,0.192918,0.4245792,1.062484,0.546455,0.1128761,0.9935345,0.1933973,0.4244984,0.1,3,0,1.028165,0.75779,0.4329032,0.9913151,0.1523002,0.4627378,False,2,1,0
6/26/2025 7:02:30 PM,1750957350358,Left,0.9930004,0.1856784,0.4260073,1.064856,0.5447973,0.1126571,0.9929261,0.1859174,0.4258991,0.1,3,0,1.028592,0.7511693,0.4326991,0.9900881,0.1445611,0.4639053,False,2,1,0
6/26/2025 7:02:30 PM,1750957350372,Left,0.9924381,0.1782363,0.4273956,1.066873,0.5423047,0.1108533,0.9924757,0.1787317,0.4273027,0.1,3,0,1.028816,0.7450109,0.4331239,0.9884061,0.1370849,0.4653142,False,2,1,0
6/26/2025 7:02:30 PM,1750957350400,Left,0.9913007,0.1634301,0.4302088,1.072704,0.5360709,0.1125196,0.9913447,0.1639968,0.4300998,0.1,3,0,1.029606,0.7328417,0.4347621,0.986245,0.1229722,0.4681706,False,2,1,0
6/26/2025 7:02:30 PM,1750957350414,Left,0.9907261,0.1560727,0.431632,1.075853,0.5340301,0.1139631,0.990761,0.1565175,0.4315455,0.1,3,0,1.029966,0.7280193,0.4352474,0.9853331,0.1169344,0.4694397,False,2,1,0
6/26/2025 7:02:30 PM,1750957350441,Left,0.9895599,0.1413901,0.4345224,1.08226,0.5325284,0.1177759,0.9896012,0.1419044,0.43442,0.1,3,0,1.029696,0.7176074,0.435234,0.983708,0.1069058,0.472395,False,2,1,0
6/26/2025 7:02:30 PM,1750957350455,Left,0.9890932,0.1356062,0.4356793,1.08511,0.5316164,0.1198979,0.9890932,0.1356062,0.4356793,0.1,3,0,1.029795,0.7129403,0.4354204,0.9828581,0.1025656,0.4742921,False,2,1,0
6/26/2025 7:02:30 PM,1750957350482,Left,0.9890932,0.1356062,0.4356793,1.089049,0.5270954,0.1224421,0.9890932,0.1356062,0.4356793,0.1,3,0,1.030573,0.7043056,0.4357289,0.9832249,0.09489755,0.4764993,False,2,1,0
6/26/2025 7:02:30 PM,1750957350496,Left,0.9890932,0.1356062,0.4356793,1.090953,0.5238987,0.1239968,0.9890932,0.1356062,0.4356793,0.1,3,0,1.03082,0.700364,0.4357634,0.9841494,0.09107331,0.4769931,False,2,1,0
6/26/2025 7:02:30 PM,1750957350524,Left,0.9890932,0.1356062,0.4356793,1.09238,0.521077,0.131308,0.9890932,0.1356062,0.4356793,0.1,3,0,1.030819,0.6932847,0.436146,0.985727,0.08354361,0.478535,False,2,1,0
6/26/2025 7:02:30 PM,1750957350539,Left,0.9890932,0.1356062,0.4356793,1.093832,0.5201293,0.1332304,0.9890932,0.1356062,0.4356793,0.1,3,0,1.030573,0.690286,0.4365121,0.9868315,0.08004972,0.4786377,False,2,1,0
6/26/2025 7:02:30 PM,1750957350552,Left,0.9890932,0.1356062,0.4356793,1.09492,0.5184196,0.1337933,0.9890932,0.1356062,0.4356793,0.1,3,0,1.030756,0.6875284,0.4369072,0.9879339,0.07877295,0.4788782,False,2,1,0
6/26/2025 7:02:30 PM,1750957350580,Left,0.9890932,0.1356062,0.4356793,1.097148,0.5173619,0.1365984,0.9890932,0.1356062,0.4356793,0.1,3,0,1.031682,0.6826762,0.4373448,0.99083,0.07676701,0.4798599,False,2,1,0
6/26/2025 7:02:30 PM,1750957350594,Left,0.9890932,0.1356062,0.4356793,1.098542,0.5165265,0.1357015,0.9890932,0.1356062,0.4356793,0.1,3,0,1.032137,0.6803021,0.437301,0.9924306,0.07583943,0.480059,False,2,1,0
6/26/2025 7:02:30 PM,1750957350622,Left,0.9890932,0.1356062,0.4356793,1.102811,0.5211545,0.1425592,0.9890932,0.1356062,0.4356793,0.1,3,0,1.033349,0.6767371,0.4371302,0.9946073,0.074173,0.4811958,False,2,1,0
6/26/2025 7:02:30 PM,1750957350635,Left,0.9890932,0.1356062,0.4356793,1.103252,0.5220363,0.1446494,0.9890932,0.1356062,0.4356793,0.1,3,0,1.03346,0.6754779,0.4375122,0.9954229,0.07361922,0.481407,False,2,1,0
6/26/2025 7:02:30 PM,1750957350663,Left,0.9890932,0.1356062,0.4356793,1.102768,0.5177525,0.1438894,0.9890932,0.1356062,0.4356793,0.1,3,0,1.033091,0.6734681,0.439013,0.9968032,0.0724064,0.4809822,False,2,1,0
6/26/2025 7:02:30 PM,1750957350677,Left,0.9890932,0.1356062,0.4356793,1.103788,0.5158718,0.1436449,0.9890932,0.1356062,0.4356793,0.1,3,0,1.033092,0.6727743,0.4395767,0.9968751,0.07179222,0.4808466,False,2,1,0
6/26/2025 7:02:30 PM,1750957350691,Left,0.9890932,0.1356062,0.4356793,1.105443,0.5156074,0.1441196,0.9890932,0.1356062,0.4356793,0.1,3,0,1.033189,0.6724972,0.4399468,0.9971797,0.07120466,0.4804793,False,2,1,0
6/26/2025 7:02:30 PM,1750957350719,Left,0.9890932,0.1356062,0.4356793,1.107341,0.5139543,0.146949,0.9890932,0.1356062,0.4356793,0.1,3,0,1.033492,0.6720434,0.4408212,0.9978808,0.06994621,0.4789337,False,2,1,0
6/26/2025 7:02:30 PM,1750957350733,Left,0.9890932,0.1356062,0.4356793,1.108534,0.5150058,0.1490013,0.9890932,0.1356062,0.4356793,0.1,3,0,1.03382,0.6718379,0.4412718,0.9983319,0.06930128,0.4779751,False,2,1,0
6/26/2025 7:02:30 PM,1750957350761,Left,0.9890932,0.1356062,0.4356793,1.109609,0.5109748,0.1501318,0.9890932,0.1356062,0.4356793,0.1,3,0,1.034556,0.6713322,0.4421941,0.9984645,0.06792816,0.4766777,False,2,1,0
6/26/2025 7:02:30 PM,1750957350774,Left,0.9890932,0.1356062,0.4356793,1.110038,0.5099102,0.1500523,0.9890932,0.1356062,0.4356793,0.1,3,0,1.034934,0.6712112,0.4425735,0.9985542,0.0675735,0.476122,False,2,1,0
6/26/2025 7:02:30 PM,1750957350803,Left,0.9890932,0.1356062,0.4356793,1.1126,0.5095235,0.1495682,0.9890932,0.1356062,0.4356793,0.1,3,0,1.036096,0.6713946,0.4433955,0.9986172,0.06778216,0.4762071,False,2,1,0
6/26/2025 7:02:30 PM,1750957350816,Left,0.9890932,0.1356062,0.4356793,1.11168,0.5085233,0.1518538,0.9890932,0.1356062,0.4356793,0.1,3,0,1.036312,0.671653,0.4436928,0.9986365,0.0677827,0.4762578,False,2,1,0
6/26/2025 7:02:30 PM,1750957350844,Left,0.9890932,0.1356062,0.4356793,1.113167,0.5083416,0.1534225,0.9890932,0.1356062,0.4356793,0.1,3,0,1.036243,0.6734768,0.4433553,0.9988284,0.06782318,0.4764988,False,2,1,0
6/26/2025 7:02:30 PM,1750957350858,Left,0.9890932,0.1356062,0.4356793,1.114276,0.5080826,0.1520564,0.9890932,0.1356062,0.4356793,0.1,3,0,1.0365,0.6748782,0.4426264,0.9987789,0.06786054,0.4767431,False,2,1,0
6/26/2025 7:02:30 PM,1750957350872,Left,0.9890932,0.1356062,0.4356793,1.115245,0.5067728,0.1510565,0.9890932,0.1356062,0.4356793,0.1,3,0,1.036648,0.6766871,0.4421617,0.998562,0.06812721,0.4768721,False,2,1,0
6/26/2025 7:02:30 PM,1750957350899,Left,0.9890932,0.1356062,0.4356793,1.116006,0.5056413,0.1509053,0.9890932,0.1356062,0.4356793,0.1,3,0,1.03544,0.6832765,0.4418896,0.9987924,0.06978178,0.4770737,False,2,1,0
6/26/2025 7:02:30 PM,1750957350914,Left,0.9890932,0.1356062,0.4356793,1.116719,0.5053484,0.1509768,0.9890932,0.1356062,0.4356793,0.1,3,0,1.033872,0.6881507,0.4425009,1.000127,0.07103594,0.4776857,False,2,1,0
6/26/2025 7:02:30 PM,1750957350942,Left,1.010341,0.1060813,0.4326828,1.118407,0.5056142,0.1524732,1.009843,0.1028411,0.4328468,0.1,3,0,1.030126,0.7002025,0.4436157,1.004019,0.07501138,0.4749864,False,2,1,0
6/26/2025 7:02:30 PM,1750957350955,Left,1.011829,0.1113431,0.4329346,1.119484,0.5054411,0.1527956,1.011764,0.1110873,0.4329275,0.1,3,0,1.028225,0.7071486,0.4442281,1.003394,0.07979484,0.4750072,False,2,1,0
6/26/2025 7:02:30 PM,1750957350983,Left,1.011564,0.123649,0.4331566,1.119725,0.5064049,0.1545974,1.011134,0.1219138,0.4327602,0.1,3,0,1.023886,0.7235661,0.4452996,1.002675,0.09232676,0.4756297,False,2,1,0
6/26/2025 7:02:30 PM,1750957350997,Left,1.011888,0.129788,0.4329609,1.120207,0.5069895,0.1535581,1.011859,0.1294036,0.4329659,0.1,3,0,1.021172,0.7324097,0.4457805,1.003691,0.1001766,0.4757584,False,2,1,0
6/26/2025 7:02:31 PM,1750957351011,Left,1.010943,0.1375577,0.4334838,1.119704,0.5080117,0.1531925,1.01097,0.1370564,0.4334633,0.1,3,0,1.018692,0.7414135,0.4462066,1.0044,0.1076698,0.4754317,False,2,1,0
6/26/2025 7:02:31 PM,1750957351039,Left,1.011626,0.1537942,0.4339977,1.118526,0.5087566,0.1536827,1.0116,0.1532772,0.4339912,0.1,3,0,1.013345,0.7616153,0.4467641,1.006906,0.1218989,0.4759677,False,2,1,0
6/26/2025 7:02:31 PM,1750957351053,Left,1.010612,0.1632184,0.4343492,1.117525,0.5073706,0.1510542,1.010643,0.1626602,0.4343322,0.1,3,0,1.010572,0.7726066,0.4470197,1.008597,0.1302225,0.476895,False,2,1,0
6/26/2025 7:02:31 PM,1750957351080,Left,1.010494,0.1806157,0.4346408,1.11513,0.5074016,0.1494732,1.010519,0.1800302,0.4346244,0.1,3,0,1.003979,0.794897,0.4467082,1.011632,0.1480124,0.4775641,False,2,1,0
6/26/2025 7:02:31 PM,1750957351094,Left,1.011241,0.1892819,0.4339453,1.114919,0.5065751,0.1469687,1.011225,0.1887109,0.4339606,0.1,3,0,1.000545,0.805986,0.4462982,1.012597,0.1586425,0.477996,False,2,1,0
6/26/2025 7:02:31 PM,1750957351122,Left,1.012104,0.2077919,0.434498,1.113234,0.5066874,0.1455044,1.012076,0.2071354,0.4344931,0.1,3,0,0.993753,0.8283209,0.4435339,1.01792,0.1795447,0.4791955,False,2,1,0
6/26/2025 7:02:31 PM,1750957351135,Left,1.01236,0.2173985,0.435403,1.112446,0.5078007,0.1454981,1.012339,0.2168015,0.4353746,0.1,3,0,0.9904718,0.8397948,0.442088,1.019121,0.1885094,0.479413,False,2,1,0
6/26/2025 7:02:31 PM,1750957351164,Left,1.011595,0.2352429,0.4378323,1.111754,0.5106271,0.1437423,1.011609,0.23462,0.4377634,0.1,3,0,0.98313,0.8646397,0.4401968,1.01823,0.2046814,0.4809292,False,2,1,0
6/26/2025 7:02:31 PM,1750957351177,Left,1.010332,0.2445164,0.4397887,1.112382,0.5116001,0.1403156,1.010382,0.2438788,0.4396892,0.1,3,0,0.9793019,0.8770234,0.4396905,1.016498,0.211892,0.4829638,False,2,1,0
6/26/2025 7:02:31 PM,1750957351191,Left,1.008844,0.2542627,0.4417334,1.112484,0.5158245,0.1398097,1.009081,0.2534202,0.4413885,0.1,3,0,0.9750113,0.8895062,0.4383801,1.015089,0.2201752,0.4850045,False,2,1,0
6/26/2025 7:02:31 PM,1750957351219,Left,1.00532,0.273995,0.4463215,1.112518,0.5256529,0.1399638,1.005421,0.2733804,0.4461884,0.1,3,0,0.966749,0.9139771,0.4330605,1.010798,0.2399037,0.4898929,False,2,1,0
6/26/2025 7:02:31 PM,1750957351233,Left,1.002851,0.2848749,0.4494748,1.112353,0.53197,0.1400658,1.003331,0.2840739,0.4489362,0.1,3,0,0.9630958,0.9264708,0.4302306,1.008702,0.2505031,0.4929014,False,2,1,0
6/26/2025 7:02:31 PM,1750957351260,Left,0.9970392,0.3065151,0.4566068,1.112473,0.542075,0.1381194,0.9972184,0.3058228,0.4563868,0.1,3,0,0.9560623,0.951211,0.4251946,1.003006,0.2732682,0.5003953,False,2,1,0
6/26/2025 7:02:31 PM,1750957351274,Left,0.9936846,0.3178338,0.4613909,1.113255,0.5513361,0.1388758,0.9940636,0.3168584,0.4605663,0.1,3,0,0.9529547,0.9627675,0.42343,1.000219,0.2850311,0.5048407,False,2,1,0
6/26/2025 7:02:31 PM,1750957351302,Left,0.9870353,0.3409494,0.4721841,1.114719,0.5619507,0.1345186,0.9872721,0.3401523,0.4718186,0.1,3,0,0.9477148,0.9858687,0.4185879,0.9929197,0.3082267,0.5163032,False,2,1,0
6/26/2025 7:02:31 PM,1750957351316,Left,0.9830821,0.3534503,0.4788304,1.117039,0.5705758,0.134537,0.9834822,0.3524164,0.4779749,0.1,3,0,0.9456262,0.9969622,0.4155878,0.9891761,0.3203742,0.5226744,False,2,1,0
6/26/2025 7:02:31 PM,1750957351344,Left,0.9750193,0.3785623,0.492656,1.120491,0.5820103,0.1315043,0.9752795,0.3777625,0.4922248,0.1,3,0,0.9416629,1.018868,0.4087902,0.9812171,0.3465677,0.5371374,False,2,1,0
6/26/2025 7:02:31 PM,1750957351358,Left,0.9706687,0.3927639,0.4998886,1.122537,0.5879314,0.1291093,0.9709854,0.3913886,0.4992962,0.1,3,0,0.939268,1.029926,0.4057515,0.9767937,0.3605295,0.5444568,False,2,1,0
6/26/2025 7:02:31 PM,1750957351372,Left,0.9663295,0.406605,0.5067972,1.124507,0.5932996,0.1263103,0.9666069,0.4057398,0.506363,0.1,3,0,0.9365259,1.04087,0.4030557,0.9722654,0.3750375,0.551939,False,2,1,0
6/26/2025 7:02:31 PM,1750957351400,Left,0.9567286,0.4349223,0.520066,1.129988,0.6053953,0.1220821,0.9572239,0.4338985,0.5195521,0.1,3,0,0.9306896,1.062185,0.397548,0.9625466,0.4047084,0.5661407,False,2,1,0
6/26/2025 7:02:31 PM,1750957351413,Left,0.9516732,0.4494121,0.5267832,1.132855,0.6111227,0.1198186,0.9519966,0.4484947,0.526362,0.1,3,0,0.9285241,1.07187,0.3936251,0.9576088,0.420139,0.5734055,False,2,1,0
6/26/2025 7:02:31 PM,1750957351441,Left,0.9414741,0.4780595,0.5390188,1.140065,0.6209708,0.1165889,0.9419455,0.4771936,0.5388253,0.1,3,0,0.9253846,1.090662,0.3863432,0.9478003,0.4495971,0.5865451,False,2,1,0
6/26/2025 7:02:31 PM,1750957351456,Left,0.936473,0.4931339,0.5446551,1.143974,0.6262113,0.1149206,0.9368627,0.4920258,0.5442272,0.1,3,0,0.9239213,1.099769,0.382722,0.9426007,0.4648162,0.5923355,False,2,1,0
6/26/2025 7:02:31 PM,1750957351483,Left,0.926765,0.5206636,0.5534425,1.151407,0.6310729,0.1106375,0.9268276,0.519815,0.5535682,0.1,3,0,0.9197977,1.117952,0.3764949,0.9329115,0.4941813,0.6022305,False,2,1,0
6/26/2025 7:02:31 PM,1750957351497,Left,0.9217876,0.5348192,0.557494,1.155714,0.6354324,0.1089586,0.9221077,0.5339241,0.5572354,0.1,3,0,0.9178309,1.127099,0.3733044,0.9278582,0.5084095,0.6065727,False,2,1,0
6/26/2025 7:02:31 PM,1750957351525,Left,0.9115148,0.5596789,0.5634432,1.165865,0.6428075,0.1062999,0.9122222,0.5593274,0.563454,0.1,3,0,0.9129571,1.145926,0.3659041,0.9179266,0.5351043,0.6133146,False,2,1,0
6/26/2025 7:02:31 PM,1750957351539,Left,0.9062926,0.5719915,0.5659484,1.170656,0.6460151,0.1046313,0.9066303,0.5711911,0.5657842,0.1,3,0,0.9098517,1.154447,0.3623056,0.9124532,0.5472979,0.6152421,False,2,1,0
6/26/2025 7:02:31 PM,1750957351552,Left,0.9006498,0.5831454,0.5677406,1.175482,0.6514428,0.1024575,0.9009899,0.5824215,0.5676118,0.1,3,0,0.9064779,1.162305,0.3584228,0.9063745,0.5584918,0.6176407,False,2,1,0
6/26/2025 7:02:31 PM,1750957351580,Left,0.888056,0.6037089,0.5699752,1.184909,0.6557704,0.09709296,0.8884398,0.6030548,0.5699056,0.1,3,0,0.900693,1.178085,0.3503262,0.8933071,0.5794814,0.6205076,False,2,1,0
6/26/2025 7:02:31 PM,1750957351594,Left,0.8809337,0.6133416,0.5698523,1.189419,0.6576059,0.09505869,0.8815116,0.6124647,0.5698183,0.1,3,0,0.8975804,1.186499,0.3465579,0.885869,0.5891541,0.6205634,False,2,1,0
6/26/2025 7:02:31 PM,1750957351622,Left,0.8673638,0.6299542,0.5678549,1.197302,0.6603024,0.08923538,0.8677933,0.6294042,0.5679102,0.1,3,0,0.8904311,1.20242,0.3396497,0.8712207,0.6069845,0.6189392,False,2,1,0
6/26/2025 7:02:31 PM,1750957351636,Left,0.8596206,0.6373169,0.5657865,1.200647,0.6619946,0.08505465,0.8600596,0.6368293,0.5658821,0.1,3,0,0.8863087,1.209081,0.3353044,0.8630739,0.6147527,0.6171195,False,2,1,0
6/26/2025 7:02:31 PM,1750957351663,Left,0.8441464,0.6509387,0.5604716,1.206941,0.6653792,0.07794417,0.8446934,0.6504393,0.5606536,0.1,3,0,0.8787565,1.221776,0.3265327,0.8469225,0.6282933,0.6119307,False,2,1,0
6/26/2025 7:02:31 PM,1750957351677,Left,0.8367916,0.6562768,0.5567001,1.209706,0.6667277,0.07459011,0.8372527,0.6559042,0.5568951,0.1,3,0,0.874382,1.22858,0.3228744,0.8388934,0.6336048,0.607954,False,2,1,0
6/26/2025 7:02:31 PM,1750957351692,Left,0.8290383,0.661204,0.5524707,1.21164,0.6688796,0.07068951,0.8297746,0.6613563,0.553091,0.1,3,0,0.8695292,1.235209,0.3195478,0.8308492,0.6389335,0.6041184,False,2,1,0
6/26/2025 7:02:31 PM,1750957351718,Left,0.8139662,0.6693731,0.5431665,1.213325,0.6733256,0.06552072,0.8144799,0.6690796,0.5434831,0.1,3,0,0.8588824,1.245537,0.3106993,0.8148181,0.6465012,0.5942932,False,2,1,0
6/26/2025 7:02:31 PM,1750957351733,Left,0.8064955,0.6728392,0.5380731,1.213856,0.675294,0.06273113,0.8024656,0.6748656,0.5354035,0.1,3,0,0.8533733,1.249114,0.3056185,0.8067807,0.6497098,0.5897766,False,2,1,0
6/26/2025 7:02:31 PM,1750957351761,Left,0.7913153,0.6781455,0.5279508,1.212713,0.6800463,0.05693795,0.791808,0.6779638,0.5282832,0.1,3,0,0.8407819,1.255383,0.2966635,0.7908354,0.6543432,0.5796381,False,2,1,0
6/26/2025 7:02:31 PM,1750957351774,Left,0.7831473,0.6798318,0.5230695,1.210885,0.6825173,0.05392527,0.7836603,0.6796903,0.5233925,0.1,3,0,0.8327909,1.258343,0.293062,0.7827577,0.6564264,0.5742766,False,2,1,0
6/26/2025 7:02:31 PM,1750957351802,Left,0.7673166,0.6820607,0.514088,1.206745,0.6869228,0.04782094,0.7678376,0.6819792,0.514387,0.1,3,0,0.8177407,1.26241,0.2840028,0.766148,0.6587467,0.5652806,False,2,1,0
6/26/2025 7:02:31 PM,1750957351816,Left,0.7586493,0.6825088,0.5099809,1.203974,0.68917,0.04459354,0.7591996,0.682455,0.5102662,0.1,3,0,0.8103079,1.262514,0.2792226,0.7573704,0.6587815,0.5613301,False,2,1,0
6/26/2025 7:02:31 PM,1750957351844,Left,0.7410116,0.6832387,0.5023636,1.19806,0.6932372,0.03829379,0.7415861,0.6832055,0.5026187,0.1,3,0,0.7940453,1.264294,0.2704641,0.7396302,0.6589701,0.5531518,False,2,1,0
6/26/2025 7:02:31 PM,1750957351858,Left,0.7304335,0.6837152,0.4988773,1.193214,0.695966,0.03502732,0.7314538,0.6837643,0.4989966,0.1,3,0,0.7845032,1.265046,0.2660775,0.7300631,0.6590984,0.5493037,False,2,1,0
6/26/2025 7:02:31 PM,1750957351872,Left,0.7205424,0.6840988,0.4952696,1.188932,0.6981778,0.03207039,0.7211709,0.6840684,0.4955064,0.1,3,0,0.7749097,1.26532,0.2613313,0.7194886,0.6589626,0.5460348,False,2,1,0
6/26/2025 7:02:31 PM,1750957351899,Left,0.7020267,0.6852006,0.4872347,1.181716,0.6998021,0.02540455,0.7028289,0.6853559,0.4877276,0.1,3,0,0.7542871,1.263934,0.2498609,0.6992885,0.6599418,0.5378393,False,2,1,0
6/26/2025 7:02:31 PM,1750957351914,Left,0.6919725,0.6855739,0.4827896,1.177189,0.7011022,0.0213536,0.6927299,0.685543,0.4831283,0.1,3,0,0.74374,1.2626,0.2433586,0.6880283,0.6614479,0.5327639,False,2,1,0
6/26/2025 7:02:31 PM,1750957351941,Left,0.670159,0.6868363,0.4736554,1.168844,0.702581,0.01210872,0.6707377,0.686977,0.4741545,0.1,3,0,0.7197779,1.2604,0.2311759,0.6668367,0.6633171,0.5236576,False,2,1,0
6/26/2025 7:02:31 PM,1750957351955,Left,0.6596923,0.6872996,0.4685732,1.164159,0.7036152,0.007152814,0.6603296,0.6872697,0.4688768,0.1,3,0,0.7076359,1.259479,0.2245724,0.6559966,0.6636552,0.518643,False,2,1,0
6/26/2025 7:02:31 PM,1750957351983,Left,0.6397265,0.6873502,0.4570493,1.153725,0.7047442,-0.002466336,0.6397973,0.6875498,0.4576433,0.1,3,0,0.6835732,1.256405,0.2106371,0.635501,0.6644843,0.5075012,False,2,1,0
6/26/2025 7:02:31 PM,1750957351997,Left,0.6293884,0.6872748,0.4507065,1.148005,0.7054748,-0.00782468,0.6301203,0.6872756,0.4511501,0.1,3,0,0.6718234,1.254827,0.2038504,0.6245285,0.6647782,0.5007161,False,2,1,0
6/26/2025 7:02:32 PM,1750957352011,Left,0.6190387,0.6868692,0.4440209,1.142091,0.7056657,-0.01356317,0.6196877,0.6868836,0.4444284,0.1,3,0,0.6595984,1.253614,0.1974624,0.6140628,0.6647115,0.4941621,False,2,1,0
6/26/2025 7:02:32 PM,1750957352039,Left,0.5968993,0.6858643,0.4304812,1.129078,0.7078934,-0.02544802,0.5976146,0.6858912,0.4309202,0.1,3,0,0.6347685,1.250963,0.1842972,0.5938014,0.6632103,0.4807838,False,2,1,0
6/26/2025 7:02:32 PM,1750957352052,Left,0.5866235,0.6903611,0.4246784,1.123853,0.7093894,-0.03221834,0.5873189,0.6901819,0.425089,0.1,3,0,0.6221679,1.249203,0.1777407,0.5814945,0.6624236,0.4745785,False,2,1,0
6/26/2025 7:02:32 PM,1750957352080,Left,0.5617755,0.6821586,0.4081507,1.109969,0.7096785,-0.04734503,0.5625836,0.6823835,0.4087029,0.1,3,0,0.5979118,1.244797,0.1640364,0.5614211,0.6624378,0.4654236,False,2,1,0
6/26/2025 7:02:32 PM,1750957352094,Left,0.5497575,0.6788117,0.3999111,1.103346,0.7101923,-0.0547472,0.5505931,0.6790446,0.4004856,0.1,3,0,0.5858893,1.242754,0.1577523,0.5489106,0.6602217,0.4573086,False,2,1,0
6/26/2025 7:02:32 PM,1750957352122,Left,0.5286495,0.6871948,0.3910814,1.089575,0.710069,-0.07257737,0.5297903,0.6871797,0.3917026,0.1,3,0,0.5616676,1.239636,0.145898,0.5238679,0.6575334,0.4401148,False,2,1,0
6/26/2025 7:02:32 PM,1750957352136,Left,0.5194741,0.6842319,0.3851411,1.083767,0.7103163,-0.08184322,0.5203833,0.6842996,0.385661,0.1,3,0,0.5496557,1.237919,0.1409435,0.5108832,0.6576551,0.4293272,False,2,1,0
6/26/2025 7:02:32 PM,1750957352164,Left,0.4896363,0.6757865,0.3636183,1.06978,0.7089014,-0.09834123,0.4905203,0.6760131,0.3642294,0.1,3,0,0.5275244,1.232965,0.1315761,0.4863661,0.6517131,0.4127033,False,2,1,0
6/26/2025 7:02:32 PM,1750957352177,Left,0.4778847,0.6730642,0.3568344,1.062436,0.707909,-0.1061153,0.478788,0.6732935,0.3574512,0.1,3,0,0.5177817,1.229131,0.1269345,0.4743062,0.6487789,0.4052889,False,2,1,0
6/26/2025 7:02:32 PM,1750957352192,Left,0.4661385,0.6702437,0.3502747,1.05513,0.706991,-0.1133494,0.4649816,0.6708205,0.3511709,0.1,3,0,0.5076075,1.225618,0.1223679,0.4609555,0.6452516,0.398107,False,2,1,0
6/26/2025 7:02:32 PM,1750957352219,Left,0.4436893,0.664404,0.3377501,1.039773,0.7082341,-0.1252725,0.4445493,0.6646228,0.3382443,0.1,3,0,0.4887575,1.217256,0.1149794,0.440277,0.6396212,0.3855459,False,2,1,0
6/26/2025 7:02:32 PM,1750957352233,Left,0.4336961,0.6610703,0.3321585,1.032357,0.7071615,-0.1310751,0.4339119,0.6605885,0.3315781,0.1,3,0,0.4797739,1.213588,0.1127264,0.4295924,0.6365935,0.3791832,False,2,1,0
6/26/2025 7:02:32 PM,1750957352261,Left,0.413135,0.6537921,0.3201305,1.017341,0.7040439,-0.1418827,0.4138651,0.6540596,0.3205531,0.1,3,0,0.4627154,1.206959,0.1093377,0.4093615,0.6290299,0.3677439,False,2,1,0
6/26/2025 7:02:32 PM,1750957352274,Left,0.4031071,0.6511083,0.3153197,1.009821,0.7026829,-0.1459408,0.4037842,0.6513233,0.3156761,0.1,3,0,0.4543983,1.203381,0.1077001,0.3982181,0.6252093,0.3627399,False,2,1,0
6/26/2025 7:02:32 PM,1750957352303,Left,0.3832149,0.6433519,0.3056243,0.9939004,0.7000061,-0.1538253,0.3839046,0.6435972,0.3059384,0.1,3,0,0.4389256,1.195926,0.1056397,0.3784481,0.6169135,0.3520868,False,2,1,0
6/26/2025 7:02:32 PM,1750957352317,Left,0.3731562,0.6401781,0.301858,0.9851013,0.6985915,-0.1576733,0.3741806,0.6402198,0.3016697,0.1,3,0,0.4312326,1.192575,0.1052827,0.3666431,0.6122257,0.3481947,False,2,1,0
6/26/2025 7:02:32 PM,1750957352344,Left,0.3525778,0.6342207,0.2950918,0.967477,0.6963541,-0.1645669,0.3532977,0.6344212,0.2953328,0.1,3,0,0.4169673,1.186116,0.1050931,0.3446678,0.6069565,0.3422841,False,2,1,0
6/26/2025 7:02:32 PM,1750957352358,Left,0.3403488,0.6313803,0.292123,0.9575614,0.6956953,-0.1680348,0.3418431,0.6315525,0.2919776,0.1,3,0,0.4100477,1.182856,0.1053745,0.3330229,0.6049458,0.3389296,False,2,1,0
6/26/2025 7:02:32 PM,1750957352372,Left,0.3286184,0.6287599,0.2894427,0.9487197,0.6952127,-0.1711181,0.3294802,0.6289557,0.2896583,0.1,3,0,0.4035062,1.179834,0.1053195,0.3216308,0.6030344,0.3371541,False,2,1,0
6/26/2025 7:02:32 PM,1750957352399,Left,0.3052196,0.625627,0.285983,0.931075,0.6947529,-0.1756014,0.3063723,0.6257913,0.2858123,0.1,3,0,0.3903332,1.174431,0.105716,0.2965885,0.5999994,0.3339168,False,2,1,0
6/26/2025 7:02:32 PM,1750957352413,Left,0.2931608,0.6236029,0.2842968,0.9226905,0.694613,-0.1774628,0.2939161,0.6237189,0.2844116,0.1,3,0,0.3835355,1.172092,0.1059042,0.2842566,0.5993684,0.3327783,False,2,1,0
6/26/2025 7:02:32 PM,1750957352441,Left,0.2709666,0.6226232,0.2827579,0.9068883,0.693848,-0.1805965,0.271259,0.6221546,0.2827426,0.1,3,0,0.3701986,1.169803,0.1074409,0.2592399,0.5976261,0.3316094,False,2,1,0
6/26/2025 7:02:32 PM,1750957352455,Left,0.2585198,0.6224279,0.282094,0.8987339,0.6933851,-0.1823224,0.2593518,0.6224506,0.2821561,0.1,3,0,0.3622306,1.16915,0.1087832,0.2459296,0.5981559,0.331138,False,2,1,0
6/26/2025 7:02:32 PM,1750957352483,Left,0.2323288,0.6182026,0.2800631,0.8838265,0.6924461,-0.1847636,0.2321786,0.6179732,0.2793952,0.1,3,0,0.3464814,1.168578,0.1117665,0.2209091,0.5984493,0.3290479,False,2,1,0
6/26/2025 7:02:32 PM,1750957352497,Left,0.2210318,0.6174607,0.2799267,0.8759578,0.6917133,-0.1862605,0.2217276,0.6175213,0.2799596,0.1,3,0,0.338904,1.168057,0.113441,0.2074214,0.5973283,0.3278189,False,2,1,0
6/26/2025 7:02:32 PM,1750957352524,Left,0.1980852,0.6171299,0.2801984,0.86027,0.6897421,-0.1880709,0.1988186,0.6171501,0.2802028,0.1,3,0,0.3236107,1.166592,0.1162403,0.1845842,0.5954673,0.3261307,False,2,1,0
6/26/2025 7:02:32 PM,1750957352538,Left,0.1864338,0.6165,0.280671,0.8521446,0.6881354,-0.1885721,0.18722,0.6165305,0.2806621,0.1,3,0,0.3154854,1.165709,0.1178066,0.1731381,0.5934607,0.3283405,False,2,1,0
6/26/2025 7:02:32 PM,1750957352552,Left,0.1743271,0.6153023,0.2810113,0.8438008,0.6859297,-0.1888294,0.1750917,0.6153528,0.2809976,0.1,3,0,0.3062559,1.164481,0.1198428,0.1609624,0.5915698,0.3290485,False,2,1,0
6/26/2025 7:02:32 PM,1750957352580,Left,0.1513366,0.612642,0.2815555,0.8272866,0.6822069,-0.1879716,0.1521191,0.6127236,0.281544,0.1,3,0,0.2877495,1.161824,0.1247489,0.1374567,0.5882272,0.3296619,False,2,1,0
6/26/2025 7:02:32 PM,1750957352594,Left,0.1390338,0.6117061,0.2822396,0.8185758,0.6790779,-0.1869994,0.139768,0.6117725,0.2822163,0.1,3,0,0.2786727,1.160472,0.1274817,0.1256553,0.5865141,0.3300175,False,2,1,0
6/26/2025 7:02:32 PM,1750957352622,Left,0.1167841,0.6082752,0.2826399,0.8017735,0.6736563,-0.1840664,0.1175418,0.6083752,0.282624,0.1,3,0,0.2607419,1.15757,0.1330985,0.1032151,0.5832783,0.330373,False,2,1,0
6/26/2025 7:02:32 PM,1750957352635,Left,0.1051761,0.6060106,0.2832728,0.7931421,0.6703767,-0.1819051,0.1059524,0.6061411,0.2832459,0.1,3,0,0.250982,1.15532,0.1361085,0.09167016,0.5813746,0.3308111,False,2,1,0
6/26/2025 7:02:32 PM,1750957352664,Left,0.08243796,0.6012992,0.285559,0.7754909,0.6634958,-0.178069,0.08318812,0.6014438,0.2854934,0.1,3,0,0.2326493,1.149499,0.1403509,0.06862234,0.5761941,0.3327867,False,2,1,0
6/26/2025 7:02:32 PM,1750957352677,Left,0.07129738,0.5979368,0.2868462,0.766481,0.6597689,-0.1756561,0.07213455,0.5981413,0.2867595,0.1,3,0,0.2238174,1.145818,0.1412606,0.05768493,0.5725529,0.3341152,False,2,1,0
6/26/2025 7:02:32 PM,1750957352691,Left,0.06035312,0.5957286,0.2886021,0.7574989,0.6560631,-0.1733825,0.06107151,0.5958161,0.2883873,0.1,3,0,0.2153061,1.14169,0.1424278,0.04682356,0.5694978,0.3355294,False,2,1,0
6/26/2025 7:02:32 PM,1750957352719,Left,0.03940149,0.591108,0.2914337,0.7384977,0.6494704,-0.1676991,0.04010786,0.5912519,0.2913336,0.1,3,0,0.197964,1.136006,0.1443478,0.02582347,0.564562,0.3380816,False,2,1,0
6/26/2025 7:02:32 PM,1750957352733,Left,0.02932219,0.5892143,0.2926827,0.728659,0.6466699,-0.1645231,0.02942128,0.5893415,0.2927796,0.1,3,0,0.1890262,1.133766,0.1456242,0.01507511,0.5627598,0.3398463,False,2,1,0
6/26/2025 7:02:32 PM,1750957352760,Left,0.01020092,0.5865652,0.2956035,0.7088127,0.641469,-0.1578062,0.0109503,0.5866722,0.2954909,0.1,3,0,0.1722633,1.130071,0.1492846,-0.003693923,0.5605016,0.3423911,False,2,1,0
6/26/2025 7:02:32 PM,1750957352774,Left,0.001688045,0.5851086,0.2965371,0.6993011,0.6395493,-0.1545279,0.001778482,0.5849268,0.2964615,0.1,3,0,0.1644185,1.127711,0.150838,-0.01172087,0.55887,0.3434213,False,2,1,0
6/26/2025 7:02:32 PM,1750957352802,Left,-0.01485301,0.5828975,0.2993943,0.6798905,0.6360304,-0.1480961,-0.01418476,0.5829897,0.2992859,0.1,3,0,0.1486189,1.12349,0.1531817,-0.0287439,0.5570813,0.3466088,False,2,1,0
6/26/2025 7:02:32 PM,1750957352816,Left,-0.02291221,0.5815357,0.3003351,0.6704296,0.6344221,-0.1448323,-0.02241785,0.5816104,0.3002665,0.1,3,0,0.1407186,1.121253,0.1545578,-0.0366217,0.5560555,0.3478678,False,2,1,0
6/26/2025 7:02:32 PM,1750957352843,Left,-0.03769027,0.5798779,0.3032443,0.6508203,0.6330104,-0.1396044,-0.03721176,0.5799395,0.3031628,0.1,3,0,0.1248461,1.117536,0.1567955,-0.05113003,0.5544024,0.3507852,False,2,1,0
6/26/2025 7:02:32 PM,1750957352858,Left,-0.04481597,0.5794249,0.3046484,0.6410194,0.632499,-0.136297,-0.04446832,0.5793372,0.3046842,0.1,3,0,0.1169289,1.116073,0.1582121,-0.05849316,0.5537232,0.3521014,False,2,1,0
6/26/2025 7:02:32 PM,1750957352872,Left,-0.05162221,0.5787325,0.3054802,0.631225,0.6328167,-0.1334351,-0.05114497,0.578778,0.3054093,0.1,3,0,0.1085355,1.115462,0.159901,-0.06507976,0.5532513,0.3534783,False,2,1,0
6/26/2025 7:02:32 PM,1750957352899,Left,-0.06555028,0.5776906,0.3070509,0.6129029,0.6338407,-0.1289955,-0.0650795,0.577647,0.3070541,0.1,3,0,0.09147775,1.114919,0.1629598,-0.07976747,0.5531588,0.355103,False,2,1,0
6/26/2025 7:02:32 PM,1750957352913,Left,-0.0726677,0.5767719,0.3076806,0.6037619,0.6347876,-0.1268319,-0.07216699,0.5768244,0.3076313,0.1,3,0,0.08284128,1.114665,0.1641402,-0.08597618,0.5524969,0.3556602,False,2,1,0
6/26/2025 7:02:32 PM,1750957352941,Left,-0.08640406,0.5748909,0.3085434,0.5871475,0.6371797,-0.1238422,-0.08598767,0.5748643,0.3085974,0.1,3,0,0.06598425,1.113753,0.1663916,-0.100187,0.550599,0.3565289,False,2,1,0
6/26/2025 7:02:32 PM,1750957352955,Left,-0.09333251,0.5744243,0.3090727,0.5787399,0.6382403,-0.1227026,-0.09287379,0.5744678,0.3090404,0.1,3,0,0.05797303,1.113773,0.1674716,-0.1072283,0.5494571,0.3571062,False,2,1,0
6/26/2025 7:02:32 PM,1750957352983,Left,-0.107122,0.5737145,0.3094858,0.5629361,0.6409488,-0.1212524,-0.1065075,0.5735626,0.3095314,0.1,3,0,0.04169333,1.114127,0.1700288,-0.1211908,0.5482542,0.3569511,False,2,1,0
6/26/2025 7:02:32 PM,1750957352996,Left,-0.1140618,0.5734603,0.309585,0.5550514,0.6419334,-0.1208903,-0.1136229,0.5734809,0.3095768,0.1,3,0,0.03362846,1.11432,0.1714081,-0.1284405,0.5484359,0.357226,False,2,1,0
6/26/2025 7:02:33 PM,1750957353024,Left,-0.1289376,0.5726721,0.3100034,0.5399326,0.6443387,-0.1214938,-0.1286577,0.5726154,0.3101055,0.1,3,0,0.0166657,1.113783,0.173432,-0.1435803,0.5483068,0.3578701,False,2,1,0
6/26/2025 7:02:33 PM,1750957353038,Left,-0.136421,0.5720714,0.3100003,0.5324238,0.6455683,-0.1206933,-0.1359199,0.5721062,0.3099968,0.1,3,0,0.008149981,1.113681,0.174242,-0.1510039,0.5474214,0.3577898,False,2,1,0
6/26/2025 7:02:33 PM,1750957353052,Left,-0.1442014,0.5715443,0.3105002,0.5250152,0.6463184,-0.1213009,-0.1437218,0.5715787,0.3104825,0.1,3,0,-0.000430584,1.113443,0.1749479,-0.1591976,0.5467854,0.358236,False,2,1,0
6/26/2025 7:02:33 PM,1750957353080,Left,-0.1596196,0.5704247,0.310891,0.5098423,0.6472151,-0.1222745,-0.1591025,0.5704624,0.3108776,0.1,3,0,-0.01828969,1.114719,0.1763469,-0.1743996,0.5454943,0.3584397,False,2,1,0
6/26/2025 7:02:33 PM,1750957353094,Left,-0.1677829,0.5702631,0.3114986,0.5014201,0.6475238,-0.1231292,-0.167292,0.5702853,0.3114743,0.1,3,0,-0.02774179,1.115645,0.1772755,-0.1827777,0.5451757,0.3589025,False,2,1,0
6/26/2025 7:02:33 PM,1750957353121,Left,-0.1837162,0.5693662,0.3122384,0.4846805,0.6476719,-0.1255035,-0.1832435,0.5693917,0.3122143,0.1,3,0,-0.04856241,1.117176,0.1794127,-0.1993142,0.5443783,0.3598838,False,2,1,0
6/26/2025 7:02:33 PM,1750957353135,Left,-0.1923668,0.5688371,0.3127261,0.4760356,0.6478803,-0.1266631,-0.1917946,0.5688698,0.3126971,0.1,3,0,-0.05936956,1.117737,0.1799949,-0.2077147,0.5437649,0.3604888,False,2,1,0
6/26/2025 7:02:33 PM,1750957353163,Left,-0.2096622,0.5681983,0.3144251,0.457927,0.6469995,-0.1292514,-0.2091207,0.5682198,0.314376,0.1,3,0,-0.08164215,1.118972,0.1807146,-0.2250537,0.5430223,0.3616195,False,2,1,0
6/26/2025 7:02:33 PM,1750957353177,Left,-0.2189761,0.5676214,0.315266,0.4486419,0.6465158,-0.1300498,-0.2183258,0.5676529,0.315205,0.1,3,0,-0.0938164,1.119656,0.1809872,-0.2339031,0.5423678,0.3627137,False,2,1,0
6/26/2025 7:02:33 PM,1750957353192,Left,-0.2284212,0.5672702,0.3165272,0.4390834,0.6460622,-0.1314348,-0.2279989,0.5674241,0.316468,0.1,3,0,-0.106023,1.120098,0.1814834,-0.2428605,0.5421124,0.3638278,False,2,1,0
6/26/2025 7:02:33 PM,1750957353219,Left,-0.247502,0.5659522,0.3185688,0.4190432,0.6453524,-0.1336151,-0.24685,0.5659936,0.3184922,0.1,3,0,-0.1333945,1.11974,0.1817111,-0.2613717,0.5409757,0.3661048,False,2,1,0
6/26/2025 7:02:33 PM,1750957353233,Left,-0.2572329,0.5652561,0.3198199,0.4087443,0.6453661,-0.1348768,-0.2567136,0.5654643,0.3198081,0.1,3,0,-0.1477528,1.118883,0.181409,-0.2707079,0.5406184,0.3677629,False,2,1,0
6/26/2025 7:02:33 PM,1750957353261,Left,-0.2783439,0.5638295,0.3223838,0.3863487,0.6457362,-0.1369606,-0.2776873,0.5638731,0.3223048,0.1,3,0,-0.1775103,1.117308,0.1810716,-0.2919969,0.5385841,0.370387,False,2,1,0
6/26/2025 7:02:33 PM,1750957353275,Left,-0.2888914,0.5628004,0.3231739,0.3745782,0.6461681,-0.1373297,-0.2883111,0.5629252,0.323313,0.1,3,0,-0.193727,1.116976,0.1813902,-0.3029414,0.5373268,0.3711039,False,2,1,0
6/26/2025 7:02:33 PM,1750957353302,Left,-0.3108069,0.5608252,0.3244174,0.3513195,0.6478103,-0.1393838,-0.3100874,0.560895,0.3243782,0.1,3,0,-0.2256423,1.115515,0.1812637,-0.3237115,0.5358913,0.3725869,False,2,1,0
6/26/2025 7:02:33 PM,1750957353315,Left,-0.3219448,0.5595257,0.3244723,0.3392942,0.6487471,-0.1406275,-0.3209489,0.5595651,0.32454,0.1,3,0,-0.2412432,1.114605,0.1806455,-0.3345097,0.5349492,0.3729005,False,2,1,0
6/26/2025 7:02:33 PM,1750957353344,Left,-0.3451383,0.5563077,0.3241302,0.3162006,0.6501122,-0.1443281,-0.3444203,0.5564051,0.3241374,0.1,3,0,-0.2726378,1.114032,0.1804399,-0.3576066,0.5315201,0.3721185,False,2,1,0
6/26/2025 7:02:33 PM,1750957353357,Left,-0.3571971,0.55541,0.3234688,0.3042773,0.651089,-0.1471047,-0.3562912,0.5553219,0.3237569,0.1,3,0,-0.2882077,1.114606,0.1813734,-0.3702558,0.530071,0.3732787,False,2,1,0
6/26/2025 7:02:33 PM,1750957353372,Left,-0.3684086,0.5543958,0.3225791,0.2926633,0.6519052,-0.1496269,-0.3676997,0.5544634,0.3226192,0.1,3,0,-0.3035767,1.115598,0.1826373,-0.3835501,0.5292098,0.375475,False,2,1,0
6/26/2025 7:02:33 PM,1750957353399,Left,-0.391385,0.5543687,0.3192461,0.2691724,0.6534378,-0.1564778,-0.3909385,0.5544534,0.3197174,0.1,3,0,-0.3325542,1.119103,0.1863887,-0.4012659,0.5309143,0.3720354,False,2,1,0
6/26/2025 7:02:33 PM,1750957353413,Left,-0.4029525,0.5542706,0.3173917,0.2571066,0.6541245,-0.1600889,-0.4022095,0.5542841,0.3174998,0.1,3,0,-0.3453219,1.12042,0.1884532,-0.4131596,0.5316551,0.3707739,False,2,1,0
6/26/2025 7:02:33 PM,1750957353441,Left,-0.4260632,0.5531192,0.3140218,0.2329843,0.6556639,-0.1684592,-0.4253238,0.5531569,0.314127,0.1,3,0,-0.3706067,1.121317,0.1919082,-0.4366868,0.5313557,0.3663127,False,2,1,0
6/26/2025 7:02:33 PM,1750957353455,Left,-0.4371612,0.5520708,0.3126768,0.2206472,0.6565697,-0.1725688,-0.4364006,0.5521259,0.3127732,0.1,3,0,-0.3823792,1.121742,0.1932269,-0.4471166,0.5293563,0.3636492,False,2,1,0
6/26/2025 7:02:33 PM,1750957353483,Left,-0.4583168,0.5494873,0.3101104,0.1960794,0.658609,-0.1798994,-0.4576846,0.5495586,0.3101855,0.1,3,0,-0.4048998,1.121738,0.1963017,-0.469002,0.5234752,0.358794,False,2,1,0
6/26/2025 7:02:33 PM,1750957353496,Left,-0.470152,0.5485852,0.3092027,0.1828497,0.6596639,-0.1834386,-0.4694243,0.5486528,0.3092704,0.1,3,0,-0.4148698,1.121755,0.1987214,-0.4784026,0.5224755,0.3574434,False,2,1,0
6/26/2025 7:02:33 PM,1750957353525,Left,-0.4924389,0.5473672,0.3076402,0.1566508,0.6622946,-0.1892908,-0.4918637,0.5472741,0.3075113,0.1,3,0,-0.4345967,1.121838,0.2054999,-0.5026858,0.5198441,0.3551079,False,2,1,0
6/26/2025 7:02:33 PM,1750957353539,Left,-0.5038273,0.5469081,0.3069938,0.1436878,0.6633025,-0.1917896,-0.5030394,0.5469428,0.3070375,0.1,3,0,-0.443646,1.122036,0.210652,-0.5138803,0.5204448,0.3566864,False,2,1,0
6/26/2025 7:02:33 PM,1750957353552,Left,-0.5152709,0.5461732,0.3067656,0.1322876,0.6651081,-0.1935686,-0.5145447,0.5462129,0.306789,0.1,3,0,-0.4524784,1.121903,0.2153249,-0.5264328,0.5203756,0.3572212,False,2,1,0
6/26/2025 7:02:33 PM,1750957353580,Left,-0.5368719,0.5445786,0.3070594,0.1091475,0.6683509,-0.1941701,-0.5361071,0.5446381,0.3070552,0.1,3,0,-0.4692559,1.121025,0.2241107,-0.5504309,0.5175587,0.3571218,False,2,1,0
6/26/2025 7:02:33 PM,1750957353593,Left,-0.5475603,0.5431991,0.3078219,0.09787895,0.6697066,-0.192997,-0.5469102,0.5432675,0.3077964,0.1,3,0,-0.4771277,1.120363,0.2283,-0.5618267,0.5158881,0.3574361,False,2,1,0
6/26/2025 7:02:33 PM,1750957353621,Left,-0.5692072,0.5398306,0.3097106,0.0779231,0.6726616,-0.1897926,-0.5685605,0.5399243,0.3096611,0.1,3,0,-0.4916852,1.117414,0.2373608,-0.5827177,0.5117583,0.3590616,False,2,1,0
6/26/2025 7:02:33 PM,1750957353635,Left,-0.5804298,0.5383303,0.3115831,0.06855078,0.6727068,-0.1866182,-0.5796958,0.5384313,0.3114976,0.1,3,0,-0.4982347,1.115454,0.2422308,-0.5933495,0.5093352,0.3604427,False,2,1,0
6/26/2025 7:02:33 PM,1750957353663,Left,-0.6025505,0.5356818,0.3160802,0.05010886,0.6701365,-0.1817888,-0.6018682,0.53577,0.3159486,0.1,3,0,-0.510537,1.110632,0.2529252,-0.6150869,0.5048555,0.3647353,False,2,1,0
6/26/2025 7:02:33 PM,1750957353678,Left,-0.6153679,0.5331135,0.3179785,0.04141313,0.6717659,-0.1778735,-0.6146013,0.5332438,0.3178526,0.1,3,0,-0.5162976,1.108191,0.2585713,-0.6250697,0.5024883,0.3674438,False,2,1,0
6/26/2025 7:02:33 PM,1750957353691,Left,-0.6255152,0.5306568,0.3209433,0.03255444,0.6712362,-0.1741795,-0.6254014,0.5307973,0.3202991,0.1,3,0,-0.5219353,1.105525,0.2646515,-0.6358904,0.5001487,0.3701882,False,2,1,0
6/26/2025 7:02:33 PM,1750957353719,Left,-0.6453834,0.5262665,0.3266355,0.01712887,0.670229,-0.1661693,-0.6446317,0.5264301,0.3264216,0.1,3,0,-0.5334394,1.100294,0.2772392,-0.657603,0.4956291,0.3766265,False,2,1,0
6/26/2025 7:02:33 PM,1750957353733,Left,-0.6544159,0.5239276,0.3301229,0.006480524,0.6693752,-0.163149,-0.6542392,0.5244707,0.3298586,0.1,3,0,-0.5393246,1.097791,0.2836334,-0.6683385,0.4935315,0.3799819,False,2,1,0
6/26/2025 7:02:33 PM,1750957353760,Left,-0.6725354,0.5179695,0.3370546,-0.007239193,0.6664456,-0.1525134,-0.671904,0.5181714,0.3368212,0.1,3,0,-0.552506,1.093382,0.2970538,-0.6830207,0.4902639,0.3840137,False,2,1,0
6/26/2025 7:02:33 PM,1750957353774,Left,-0.6815438,0.514044,0.340708,-0.0129906,0.664869,-0.1467781,-0.6809034,0.5146251,0.3403632,0.1,3,0,-0.5603,1.091306,0.3045542,-0.6898313,0.4885382,0.3871835,False,2,1,0
6/26/2025 7:02:33 PM,1750957353802,Left,-0.6988389,0.5071141,0.3487847,-0.02539832,0.6615238,-0.1337504,-0.6982688,0.5073432,0.3485325,0.1,3,0,-0.5767704,1.086321,0.3206482,-0.7065739,0.4828058,0.3962089,False,2,1,0
6/26/2025 7:02:33 PM,1750957353816,Left,-0.7072284,0.5033143,0.3533365,-0.03197927,0.6596367,-0.1267667,-0.7067623,0.5035194,0.3527517,0.1,3,0,-0.5847633,1.083076,0.3289747,-0.7150019,0.4791867,0.4002744,False,2,1,0
6/26/2025 7:02:33 PM,1750957353844,Left,-0.7236891,0.4955005,0.3615485,-0.04498301,0.6558341,-0.1135205,-0.723133,0.4957632,0.3612799,0.1,3,0,-0.5995201,1.075928,0.3448712,-0.7321194,0.4699649,0.4079654,False,2,1,0
6/26/2025 7:02:33 PM,1750957353857,Left,-0.7302168,0.4900069,0.3659767,-0.05255943,0.6529342,-0.1061142,-0.7313765,0.4912306,0.3654633,0.1,3,0,-0.6066636,1.072181,0.3529981,-0.740597,0.4652371,0.4118069,False,2,1,0
6/26/2025 7:02:33 PM,1750957353872,Left,-0.7368661,0.4847441,0.3701419,-0.05994643,0.6502954,-0.0988791,-0.7364073,0.4850875,0.3698626,0.1,3,0,-0.6138208,1.06874,0.3611757,-0.7493418,0.4595679,0.4154547,False,2,1,0
6/26/2025 7:02:33 PM,1750957353900,Left,-0.7525796,0.4758099,0.3774197,-0.07597505,0.6438472,-0.08291295,-0.7525489,0.4761805,0.377386,0.1,3,0,-0.6275012,1.060633,0.377764,-0.7647059,0.4493691,0.4227219,False,2,1,0
6/26/2025 7:02:33 PM,1750957353913,Left,-0.7608402,0.4707253,0.3809996,-0.08448707,0.6399078,-0.07414853,-0.7603366,0.471037,0.380769,0.1,3,0,-0.6337361,1.056119,0.3851219,-0.7731399,0.4434597,0.4259831,False,2,1,0
6/26/2025 7:02:33 PM,1750957353941,Left,-0.7797337,0.4584916,0.3877312,-0.09898745,0.6303048,-0.05387181,-0.7791187,0.4594405,0.3877314,0.1,3,0,-0.6457216,1.045312,0.3992714,-0.7919564,0.4311065,0.4325556,False,2,1,0
6/26/2025 7:02:33 PM,1750957353955,Left,-0.7888536,0.4519849,0.3910587,-0.1063376,0.624999,-0.04270525,-0.7881849,0.4524454,0.3908143,0.1,3,0,-0.6513864,1.039378,0.4057561,-0.8016894,0.423755,0.435311,False,2,1,0
6/26/2025 7:02:33 PM,1750957353983,Left,-0.806758,0.4390783,0.39701,-0.1174652,0.6128418,-0.01861629,-0.8061897,0.4394758,0.3968151,0.1,3,0,-0.6639091,1.026995,0.4196988,-0.8210526,0.4080588,0.4403573,False,2,1,0
6/26/2025 7:02:33 PM,1750957353996,Left,-0.8159388,0.4326937,0.4001504,-0.1228748,0.6063921,-0.006151043,-0.8153832,0.4330781,0.3999608,0.1,3,0,-0.6704915,1.020424,0.4271686,-0.8309507,0.400636,0.4416581,False,2,1,0
6/26/2025 7:02:34 PM,1750957354025,Left,-0.8341162,0.4202518,0.4063265,-0.1310162,0.5934313,0.01976288,-0.8335028,0.4206673,0.406119,0.1,3,0,-0.6853682,1.006491,0.441479,-0.8481922,0.3868114,0.4427686,False,2,1,0
6/26/2025 7:02:34 PM,1750957354038,Left,-0.8434856,0.4139407,0.4094892,-0.1341553,0.587602,0.03343057,-0.842832,0.4143788,0.409269,0.1,3,0,-0.692963,0.998789,0.4476432,-0.855775,0.3820718,0.4415424,False,2,1,0
6/26/2025 7:02:34 PM,1750957354052,Left,-0.8524133,0.4079908,0.4124901,-0.1380379,0.5824728,0.04633484,-0.8520014,0.408264,0.4123519,0.1,3,0,-0.7012676,0.9903589,0.4528037,-0.8641254,0.3753234,0.4421927,False,2,1,0
6/26/2025 7:02:34 PM,1750957354079,Left,-0.8524133,0.4079908,0.4124901,-0.1440358,0.5718563,0.07121447,-0.8524133,0.4079908,0.4124901,0.1,3,0,-0.7191188,0.9730203,0.4616663,-0.8808193,0.3618641,0.4433854,False,2,1,0
6/26/2025 7:02:34 PM,1750957354094,Left,-0.8524133,0.4079908,0.4124901,-0.1474372,0.5675216,0.0835714,-0.8524133,0.4079908,0.4124901,0.1,3,0,-0.7277544,0.9638352,0.4651238,-0.8878852,0.3546536,0.4442326,False,2,1,0
6/26/2025 7:02:34 PM,1750957354122,Left,-0.8524133,0.4079908,0.4124901,-0.1559991,0.5596805,0.1026957,-0.8524133,0.4079908,0.4124901,0.1,3,0,-0.7445595,0.9449587,0.4722275,-0.9014326,0.3390321,0.4451444,False,2,1,0
6/26/2025 7:02:34 PM,1750957354135,Left,-0.8524133,0.4079908,0.4124901,-0.1599251,0.5562383,0.1108499,-0.8524133,0.4079908,0.4124901,0.1,3,0,-0.7523339,0.9356181,0.4754429,-0.9078338,0.3299086,0.4456371,False,2,1,0
6/26/2025 7:02:34 PM,1750957354163,Left,-0.8524133,0.4079908,0.4124901,-0.169251,0.5527192,0.1239907,-0.8524133,0.4079908,0.4124901,0.1,3,0,-0.7669399,0.9173343,0.4834794,-0.9199224,0.3113683,0.4457353,False,2,1,0
6/26/2025 7:02:34 PM,1750957354178,Left,-0.8524133,0.4079908,0.4124901,-0.173724,0.550455,0.1295355,-0.8524133,0.4079908,0.4124901,0.1,3,0,-0.773643,0.9081246,0.4881694,-0.9244741,0.3026937,0.4463953,False,2,1,0
6/26/2025 7:02:34 PM,1750957354191,Left,-0.8524133,0.4079908,0.4124901,-0.1774489,0.5497163,0.133068,-0.8524133,0.4079908,0.4124901,0.1,3,0,-0.7803528,0.898546,0.4925225,-0.9296013,0.2942424,0.4467446,False,2,1,0
6/26/2025 7:02:34 PM,1750957354218,Left,-0.8524133,0.4079908,0.4124901,-0.1844063,0.5478249,0.1400426,-0.8524133,0.4079908,0.4124901,0.1,3,0,-0.7925061,0.8784137,0.5003392,-0.940643,0.2781508,0.4484396,False,2,1,0
6/26/2025 7:02:34 PM,1750957354233,Left,-0.8524133,0.4079908,0.4124901,-0.1861311,0.5472885,0.1414813,-0.8524133,0.4079908,0.4124901,0.1,3,0,-0.7976193,0.8687564,0.5033382,-0.9464835,0.2699975,0.4489979,False,2,1,0
6/26/2025 7:02:34 PM,1750957354260,Left,-0.8524133,0.4079908,0.4124901,-0.1903658,0.5446682,0.1444401,-0.8524133,0.4079908,0.4124901,0.1,3,0,-0.8083373,0.8514013,0.5101731,-0.9566113,0.2525511,0.4517435,False,2,1,0
6/26/2025 7:02:34 PM,1750957354275,Left,-0.8524133,0.4079908,0.4124901,-0.192032,0.5424899,0.145074,-0.8524133,0.4079908,0.4124901,0.1,3,0,-0.8139217,0.8434031,0.5140611,-0.9622256,0.2437693,0.452448,False,2,1,0
6/26/2025 7:02:34 PM,1750957354302,Left,-0.8524133,0.4079908,0.4124901,-0.195306,0.5395785,0.1451233,-0.8524133,0.4079908,0.4124901,0.1,3,0,-0.8246689,0.8267791,0.5230035,-0.9706831,0.2267786,0.4551821,False,3,1,0
6/26/2025 7:02:34 PM,1750957354316,Left,-0.8524133,0.4079908,0.4124901,-0.196211,0.5375448,0.1457184,-0.8524133,0.4079908,0.4124901,0.1,3,0,-0.8284028,0.8185902,0.5257121,-0.9745843,0.2181715,0.4569193,False,3,1,0
6/26/2025 7:02:34 PM,1750957354344,Left,-0.8524133,0.4079908,0.4124901,-0.2013356,0.5346507,0.1445331,-0.8524133,0.4079908,0.4124901,0.1,3,0,-0.8363919,0.8022535,0.5321707,-0.9820956,0.2029422,0.4613036,False,3,1,0
6/26/2025 7:02:34 PM,1750957354357,Left,-0.8524133,0.4079908,0.4124901,-0.2037013,0.532672,0.1434063,-0.8524133,0.4079908,0.4124901,0.1,3,0,-0.8412843,0.7950334,0.5360011,-0.9855315,0.1950749,0.4641494,False,3,1,0
6/26/2025 7:02:34 PM,1750957354371,Left,-0.8524133,0.4079908,0.4124901,-0.2060051,0.5308963,0.1429717,-0.8524133,0.4079908,0.4124901,0.1,3,0,-0.8459146,0.7871267,0.539618,-0.9892754,0.1881655,0.4667233,False,3,1,0
6/26/2025 7:02:34 PM,1750957354399,Left,-0.8524133,0.4079908,0.4124901,-0.2151927,0.528533,0.1395081,-0.8524133,0.4079908,0.4124901,0.1,3,0,-0.8540442,0.7727742,0.5465059,-0.9936892,0.1744825,0.4730797,False,3,1,0
6/26/2025 7:02:34 PM,1750957354413,Left,-0.8524133,0.4079908,0.4124901,-0.2191886,0.5266873,0.1377133,-0.8524133,0.4079908,0.4124901,0.1,3,0,-0.8572147,0.7664911,0.5498593,-0.9959416,0.1678513,0.4757247,False,3,1,0
6/26/2025 7:02:34 PM,1750957354441,Left,-0.8524133,0.4079908,0.4124901,-0.2262374,0.5237614,0.1359144,-0.8524133,0.4079908,0.4124901,0.1,3,0,-0.8639081,0.7544541,0.5564408,-0.9974713,0.1542127,0.4812733,False,3,1,0
6/26/2025 7:02:34 PM,1750957354454,Left,-0.8524133,0.4079908,0.4124901,-0.2297347,0.5224933,0.1349718,-0.8524133,0.4079908,0.4124901,0.1,3,0,-0.8677876,0.7497532,0.559654,-0.9973173,0.1472631,0.4838958,False,3,1,0
6/26/2025 7:02:34 PM,1750957354483,Left,-0.8524133,0.4079908,0.4124901,-0.2382917,0.518774,0.1349118,-0.8524133,0.4079908,0.4124901,0.1,3,0,-0.8741822,0.7400331,0.5650387,-0.9976109,0.1343677,0.4880325,False,3,1,0
6/26/2025 7:02:34 PM,1750957354497,Left,-0.8524133,0.4079908,0.4124901,-0.2414542,0.5170816,0.1325779,-0.8524133,0.4079908,0.4124901,0.1,3,0,-0.8769803,0.7351504,0.5677595,-0.9976779,0.1289819,0.4901626,False,3,1,0
6/26/2025 7:02:34 PM,1750957354524,Left,-0.8524133,0.4079908,0.4124901,-0.248182,0.516259,0.1304187,-0.8524133,0.4079908,0.4124901,0.1,3,0,-0.8813679,0.7263625,0.5721962,-0.996341,0.1192465,0.4946482,False,3,1,0
6/26/2025 7:02:34 PM,1750957354538,Left,-0.8524133,0.4079908,0.4124901,-0.2514919,0.5147856,0.1296508,-0.8524133,0.4079908,0.4124901,0.1,3,0,-0.8832819,0.7225879,0.574203,-0.995276,0.1146251,0.496739,False,3,1,0
6/26/2025 7:02:34 PM,1750957354552,Left,-0.8524133,0.4079908,0.4124901,-0.2573918,0.5105279,0.1324981,-0.8524133,0.4079908,0.4124901,0.1,3,0,-0.8853703,0.7192098,0.5761448,-0.9939876,0.10973,0.4980354,False,3,1,0
6/26/2025 7:02:34 PM,1750957354580,Left,-0.8524133,0.4079908,0.4124901,-0.2636328,0.5072691,0.1336292,-0.8524133,0.4079908,0.4124901,0.1,3,0,-0.8890955,0.7131624,0.5793458,-0.9923671,0.1011192,0.4991508,False,3,1,0
6/26/2025 7:02:34 PM,1750957354594,Left,-0.8524133,0.4079908,0.4124901,-0.2669605,0.5053288,0.1348332,-0.8524133,0.4079908,0.4124901,0.1,3,0,-0.8898714,0.7123456,0.5794482,-0.9909411,0.09767696,0.4994848,False,3,1,0
6/26/2025 7:02:34 PM,1750957354621,Left,-0.8524133,0.4079908,0.4124901,-0.2733294,0.4983267,0.1407481,-0.8524133,0.4079908,0.4124901,0.1,3,0,-0.8927546,0.7098526,0.5812253,-0.9885224,0.09159438,0.4997394,False,3,1,0
6/26/2025 7:02:34 PM,1750957354636,Left,-0.8524133,0.4079908,0.4124901,-0.2762928,0.4966283,0.1423418,-0.8524133,0.4079908,0.4124901,0.1,3,0,-0.893914,0.7091848,0.5826464,-0.9873655,0.08885353,0.4991973,False,3,1,0
6/26/2025 7:02:34 PM,1750957354663,Left,-0.8524133,0.4079908,0.4124901,-0.2821426,0.4944097,0.1454661,-0.8524133,0.4079908,0.4124901,0.1,3,0,-0.8949366,0.7083518,0.5851518,-0.9859315,0.0841129,0.4983915,False,3,1,0
6/26/2025 7:02:34 PM,1750957354677,Left,-0.8524133,0.4079908,0.4124901,-0.2829199,0.4919603,0.1445547,-0.8524133,0.4079908,0.4124901,0.1,3,0,-0.8955655,0.7078177,0.5865935,-0.9864238,0.0819257,0.4999779,False,3,1,0
6/26/2025 7:02:34 PM,1750957354691,Left,-0.8524133,0.4079908,0.4124901,-0.2844357,0.489752,0.1456151,-0.8524133,0.4079908,0.4124901,0.1,3,0,-0.8964975,0.707496,0.5876747,-0.9867399,0.08088695,0.5003273,False,3,1,0
6/26/2025 7:02:34 PM,1750957354718,Left,-0.8524133,0.4079908,0.4124901,-0.2871298,0.4887467,0.1467748,-0.8524133,0.4079908,0.4124901,0.1,3,0,-0.897687,0.7075614,0.5880533,-0.9884996,0.0811876,0.4992829,False,3,1,0
6/26/2025 7:02:34 PM,1750957354733,Left,-0.8524133,0.4079908,0.4124901,-0.2880951,0.4883916,0.1482604,-0.8524133,0.4079908,0.4124901,0.1,3,0,-0.8982267,0.7078354,0.5880302,-0.9897592,0.08065248,0.4991019,False,3,1,0
6/26/2025 7:02:34 PM,1750957354761,Left,-0.8524133,0.4079908,0.4124901,-0.2888325,0.4879266,0.1510843,-0.8524133,0.4079908,0.4124901,0.1,3,0,-0.8988409,0.7099523,0.5893492,-0.9914035,0.07989898,0.4993623,False,3,1,0
6/26/2025 7:02:34 PM,1750957354775,Left,-0.8524133,0.4079908,0.4124901,-0.2890625,0.4883329,0.1522774,-0.8524133,0.4079908,0.4124901,0.1,3,0,-0.898325,0.7118934,0.5906012,-0.9919676,0.07976328,0.4994226,False,3,1,0
6/26/2025 7:02:34 PM,1750957354802,Left,-0.8524133,0.4079908,0.4124901,-0.2897032,0.4895533,0.1537157,-0.8524133,0.4079908,0.4124901,0.1,3,0,-0.8961308,0.7169802,0.591928,-0.993749,0.07973999,0.4995428,False,3,1,0
6/26/2025 7:02:34 PM,1750957354816,Left,-0.8524133,0.4079908,0.4124901,-0.2896385,0.4903423,0.1542619,-0.8524133,0.4079908,0.4124901,0.1,3,0,-0.8944364,0.7200677,0.5923038,-0.9964349,0.07895393,0.4992988,False,3,1,0
6/26/2025 7:02:34 PM,1750957354844,Left,-0.8524133,0.4079908,0.4124901,-0.289768,0.4896591,0.1562624,-0.8524133,0.4079908,0.4124901,0.1,3,0,-0.8904588,0.7293257,0.5937524,-0.9940418,0.08286238,0.5004818,False,3,1,0
6/26/2025 7:02:34 PM,1750957354857,Left,-0.8524133,0.4079908,0.4124901,-0.2893481,0.489688,0.1579719,-0.8524133,0.4079908,0.4124901,0.1,3,0,-0.8883774,0.7355264,0.5946349,-0.9938208,0.08456594,0.500899,False,3,1,0
6/26/2025 7:02:34 PM,1750957354872,Left,-0.8524133,0.4079908,0.4124901,-0.2900128,0.4906252,0.1577352,-0.8524133,0.4079908,0.4124901,0.1,3,0,-0.8864882,0.7428056,0.5963472,-0.9953893,0.08660512,0.5009411,False,3,1,0
6/26/2025 7:02:34 PM,1750957354900,Left,-0.9731169,0.1263349,0.4602498,-0.2905127,0.4937581,0.1564221,-0.9731169,0.1263349,0.4602498,0.1,3,0,-0.8841543,0.7609821,0.6013526,-0.9949969,0.09339298,0.5018336,False,3,1,0
6/26/2025 7:02:34 PM,1750957354913,Left,-0.9717523,0.1324169,0.4604845,-0.291371,0.4964175,0.1558886,-0.9717933,0.1322339,0.4604775,0.1,3,0,-0.8833628,0.7710628,0.6046964,-0.9918022,0.09784504,0.5041086,False,3,1,0
6/26/2025 7:02:34 PM,1750957354941,Left,-0.9678397,0.1488228,0.4612906,-0.2952239,0.5042722,0.1567126,-0.9681833,0.1478991,0.4611712,0.1,3,0,-0.8806405,0.7918295,0.6113801,-0.9821452,0.1125973,0.5005056,False,3,1,0
6/26/2025 7:02:34 PM,1750957354954,Left,-0.9657713,0.1564657,0.4617928,-0.2961713,0.5078042,0.156801,-0.9658995,0.1559748,0.461764,0.1,3,0,-0.8776538,0.802691,0.6141508,-0.979416,0.1206352,0.5010991,False,3,1,0
6/26/2025 7:02:34 PM,1750957354983,Left,-0.9623365,0.1735016,0.4635319,-0.3002012,0.515747,0.1556393,-0.9624789,0.1726285,0.463258,0.1,3,0,-0.8694663,0.824151,0.6191349,-0.9749131,0.1366484,0.5032958,False,3,1,0
6/26/2025 7:02:34 PM,1750957354996,Left,-0.9607661,0.1823898,0.464654,-0.3024142,0.5201539,0.1548932,-0.9608809,0.1818016,0.4645881,0.1,3,0,-0.8646615,0.8355368,0.6212867,-0.97289,0.1455122,0.5044906,False,3,1,0
6/26/2025 7:02:35 PM,1750957355025,Left,-0.9585954,0.2007243,0.4679432,-0.3062866,0.5281991,0.1528252,-0.9583016,0.20023,0.4677384,0.1,3,0,-0.8553288,0.8592645,0.6255,-0.9693142,0.162623,0.5081697,False,3,1,0
6/26/2025 7:02:35 PM,1750957355039,Left,-0.958,0.2106991,0.4697764,-0.3085909,0.5328867,0.1525884,-0.9580561,0.2100798,0.4696705,0.1,3,0,-0.8507066,0.8715308,0.6277348,-0.9682984,0.1727552,0.5103632,False,3,1,0
6/26/2025 7:02:35 PM,1750957355052,Left,-0.9561769,0.2206628,0.4723023,-0.3104611,0.53721,0.1514956,-0.9562601,0.2200644,0.4721752,0.1,3,0,-0.8465571,0.884651,0.6300176,-0.9664532,0.1828486,0.5127148,False,3,1,0
6/26/2025 7:02:35 PM,1750957355080,Left,-0.9535875,0.2419744,0.478541,-0.3139791,0.5465106,0.1499964,-0.9536831,0.2412406,0.4783386,0.1,3,0,-0.8374629,0.911447,0.6354307,-0.9632051,0.2035397,0.5187879,False,3,1,0
6/26/2025 7:02:35 PM,1750957355094,Left,-0.9523582,0.2536363,0.4818828,-0.3160285,0.5520293,0.1492577,-0.9524515,0.2528998,0.4816768,0.1,3,0,-0.8323741,0.9254313,0.6372875,-0.9614388,0.2147931,0.5222837,False,3,1,0
6/26/2025 7:02:35 PM,1750957355122,Left,-0.9490623,0.2770668,0.4892626,-0.319778,0.5625803,0.1472733,-0.9491764,0.276276,0.4890265,0.1,3,0,-0.8218844,0.9539061,0.6403104,-0.9567885,0.2380622,0.5299284,False,3,1,0
6/26/2025 7:02:35 PM,1750957355135,Left,-0.9470245,0.289083,0.493514,-0.3211275,0.5687051,0.1484905,-0.9471368,0.2883778,0.4932878,0.1,3,0,-0.8161707,0.9683695,0.6418344,-0.953909,0.250505,0.5347747,False,3,1,0
6/26/2025 7:02:35 PM,1750957355163,Left,-0.9422885,0.3138274,0.5029259,-0.3256571,0.5820464,0.148026,-0.9424388,0.3130374,0.502647,0.1,3,0,-0.8033288,0.9969669,0.6446902,-0.947607,0.2753316,0.5442389,False,3,1,0
6/26/2025 7:02:35 PM,1750957355177,Left,-0.9392374,0.3265129,0.5079728,-0.3277808,0.5877666,0.1462761,-0.939402,0.3257308,0.5076826,0.1,3,0,-0.7962766,1.011207,0.645593,-0.94296,0.2889962,0.5494593,False,3,1,0
6/26/2025 7:02:35 PM,1750957355191,Left,-0.935755,0.3404454,0.5129436,-0.3294535,0.5941151,0.1444796,-0.9360643,0.3391745,0.5122583,0.1,3,0,-0.7896038,1.02526,0.6461619,-0.9404365,0.3016417,0.5542586,False,3,1,0
6/26/2025 7:02:35 PM,1750957355219,Left,-0.9294534,0.366411,0.5226024,-0.3338259,0.6055979,0.140121,-0.9296602,0.3655757,0.5223074,0.1,3,0,-0.7753968,1.051673,0.645447,-0.934149,0.3284139,0.56589,False,3,1,0
6/26/2025 7:02:35 PM,1750957355233,Left,-0.926369,0.3795939,0.5277359,-0.3355941,0.6113243,0.1386732,-0.9266772,0.3791199,0.5272165,0.1,3,0,-0.768026,1.064532,0.644769,-0.930543,0.3420659,0.5710164,False,3,1,0
6/26/2025 7:02:35 PM,1750957355261,Left,-0.9204547,0.4048179,0.5377887,-0.3392146,0.6222475,0.1348425,-0.9206493,0.4039874,0.5374722,0.1,3,0,-0.7517402,1.087958,0.6429849,-0.922358,0.3686711,0.5812122,False,3,1,0
6/26/2025 7:02:35 PM,1750957355275,Left,-0.9169765,0.417217,0.5428213,-0.3410312,0.6272259,0.1326751,-0.9176137,0.4165003,0.5426416,0.1,3,0,-0.7435448,1.098785,0.641242,-0.9182561,0.3817796,0.5865166,False,3,1,0
6/26/2025 7:02:35 PM,1750957355302,Left,-0.9098114,0.4414169,0.553062,-0.3431056,0.6350549,0.1267413,-0.910032,0.4406708,0.5527636,0.1,3,0,-0.7276738,1.119221,0.6373926,-0.9093426,0.4063239,0.5969817,False,3,1,0
6/26/2025 7:02:35 PM,1750957355316,Left,-0.9055979,0.4533757,0.5581282,-0.3435568,0.6377246,0.1227526,-0.9060957,0.4527026,0.5578042,0.1,3,0,-0.7201343,1.129348,0.6357493,-0.9047536,0.4183704,0.6023755,False,3,1,0
6/26/2025 7:02:35 PM,1750957355343,Left,-0.8969741,0.4754029,0.5673965,-0.3441577,0.6437526,0.1170356,-0.8972555,0.4746654,0.5671026,0.1,3,0,-0.7045079,1.148043,0.6321948,-0.8954741,0.441006,0.6133348,False,3,1,0
6/26/2025 7:02:35 PM,1750957355357,Left,-0.8920683,0.4866826,0.5721371,-0.3441575,0.6465881,0.1140379,-0.89242,0.4862364,0.5717666,0.1,3,0,-0.6959296,1.156909,0.6298599,-0.889973,0.4528221,0.6182007,False,3,1,0
6/26/2025 7:02:35 PM,1750957355372,Left,-0.8873616,0.4975963,0.5766139,-0.3440847,0.6490328,0.111012,-0.887682,0.4968343,0.576319,0.1,3,0,-0.68717,1.165312,0.6270791,-0.8845047,0.4636135,0.6231902,False,3,1,0
6/26/2025 7:02:35 PM,1750957355400,Left,-0.8768123,0.5185382,0.5850259,-0.3433857,0.6545755,0.1056374,-0.8773389,0.5180553,0.5846109,0.1,3,0,-0.6705725,1.182339,0.622346,-0.8725766,0.4855749,0.6314135,False,3,1,0
6/26/2025 7:02:35 PM,1750957355414,Left,-0.8710678,0.5291896,0.5889145,-0.3429051,0.6571577,0.1030476,-0.8714345,0.5284778,0.5886628,0.1,3,0,-0.6620085,1.190631,0.620252,-0.8660577,0.4961248,0.6355398,False,3,1,0
6/26/2025 7:02:35 PM,1750957355441,Left,-0.8584071,0.5495848,0.5960235,-0.341004,0.6586576,0.09413417,-0.8589023,0.5491788,0.5958065,0.1,3,0,-0.6441255,1.206342,0.6153095,-0.8525642,0.5171499,0.6425346,False,3,1,0
6/26/2025 7:02:35 PM,1750957355455,Left,-0.8519037,0.5601194,0.599537,-0.3398596,0.6599886,0.0897116,-0.8523421,0.5593944,0.5993103,0.1,3,0,-0.6344206,1.213836,0.6120948,-0.8453778,0.5276714,0.6461775,False,3,1,0
6/26/2025 7:02:35 PM,1750957355483,Left,-0.8384066,0.5795479,0.6057454,-0.3364131,0.6631465,0.08223147,-0.8391435,0.5787976,0.6055492,0.1,3,0,-0.6141827,1.228095,0.6052831,-0.8314518,0.5476292,0.652787,False,3,1,0
6/26/2025 7:02:35 PM,1750957355497,Left,-0.8313664,0.5895056,0.6088238,-0.3340624,0.6648457,0.07850453,-0.8318156,0.5888531,0.6086385,0.1,3,0,-0.6039439,1.235357,0.6021119,-0.8235691,0.5585226,0.6552877,False,3,1,0
6/26/2025 7:02:35 PM,1750957355524,Left,-0.8166885,0.6078186,0.6140503,-0.3291225,0.6680956,0.07155993,-0.8172215,0.6075612,0.6139214,0.1,3,0,-0.5831531,1.249504,0.5949229,-0.8081147,0.5775756,0.6610055,False,3,1,0
6/26/2025 7:02:35 PM,1750957355539,Left,-0.8091218,0.6168727,0.6165299,-0.3261419,0.6693183,0.06724865,-0.8096238,0.6162475,0.616372,0.1,3,0,-0.5726663,1.256361,0.5907429,-0.8000611,0.5871298,0.6632606,False,3,1,0
6/26/2025 7:02:35 PM,1750957355552,Left,-0.8012547,0.6254079,0.6185942,-0.3243296,0.671559,0.06394673,-0.8017284,0.6248567,0.6184649,0.1,3,0,-0.5613017,1.262868,0.5862279,-0.792046,0.5962098,0.665711,False,3,1,0
6/26/2025 7:02:35 PM,1750957355580,Left,-0.7855316,0.642742,0.6224504,-0.318653,0.6759281,0.05722551,-0.7860641,0.6421434,0.6223322,0.1,3,0,-0.5374429,1.275214,0.5772177,-0.7740304,0.614699,0.6694659,False,3,1,0
6/26/2025 7:02:35 PM,1750957355594,Left,-0.7772961,0.6516087,0.623993,-0.3152741,0.6778917,0.05323221,-0.777855,0.6509962,0.6238863,0.1,3,0,-0.5252811,1.281847,0.5723419,-0.7658074,0.6236925,0.6715147,False,3,1,0
6/26/2025 7:02:35 PM,1750957355622,Left,-0.7604641,0.669293,0.627722,-0.3091675,0.6815959,0.04442412,-0.7610194,0.6687037,0.6276236,0.1,3,0,-0.5015327,1.294946,0.5620776,-0.7481979,0.6406239,0.6746332,False,3,1,0
6/26/2025 7:02:35 PM,1750957355636,Left,-0.7522454,0.6773291,0.6293533,-0.3062067,0.683587,0.03999672,-0.7528505,0.676711,0.6292436,0.1,3,0,-0.4893615,1.30101,0.5568471,-0.739485,0.6488185,0.6763023,False,3,1,0
6/26/2025 7:02:35 PM,1750957355663,Left,-0.7361071,0.6935916,0.6326577,-0.3005607,0.688312,0.03102003,-0.736677,0.6930048,0.6325496,0.1,3,0,-0.4640825,1.312631,0.544842,-0.7225516,0.6647145,0.679426,False,3,1,0
6/26/2025 7:02:35 PM,1750957355677,Left,-0.7275873,0.7018052,0.6341856,-0.2976147,0.6912041,0.02711239,-0.7281471,0.7012461,0.6340877,0.1,3,0,-0.4514592,1.318451,0.5385553,-0.7133244,0.6728094,0.680675,False,3,1,0
6/26/2025 7:02:35 PM,1750957355691,Left,-0.7200574,0.710149,0.6363339,-0.2945395,0.6929191,0.02162269,-0.7204051,0.7095816,0.6359658,0.1,3,0,-0.4386524,1.324157,0.5322806,-0.7053234,0.6811799,0.6821822,False,3,1,0
6/26/2025 7:02:35 PM,1750957355718,Left,-0.7036294,0.725625,0.6400032,-0.2882831,0.6958897,0.009817587,-0.7041901,0.7250888,0.6398832,0.1,3,0,-0.4122795,1.334411,0.5198884,-0.6891949,0.697354,0.6850752,False,3,1,0
6/26/2025 7:02:35 PM,1750957355733,Left,-0.6952901,0.7329988,0.6423754,-0.2847819,0.6973764,0.003476502,-0.6959211,0.7327592,0.6419413,0.1,3,0,-0.3993808,1.338312,0.513815,-0.680863,0.7050233,0.6866974,False,3,1,0
6/26/2025 7:02:35 PM,1750957355761,Left,-0.6796452,0.747215,0.6479633,-0.2773471,0.6999011,-0.008326227,-0.6802021,0.7467019,0.6477748,0.1,3,0,-0.374168,1.346176,0.5023166,-0.6658884,0.7191143,0.6932389,False,3,1,0
6/26/2025 7:02:35 PM,1750957355774,Left,-0.6711805,0.7552367,0.651332,-0.2730848,0.7006602,-0.01489389,-0.6718909,0.7545682,0.651068,0.1,3,0,-0.361655,1.349589,0.4970433,-0.658062,0.7259161,0.6972135,False,3,1,0
6/26/2025 7:02:35 PM,1750957355802,Left,-0.6561462,0.7703843,0.6574764,-0.2647583,0.7033342,-0.02677157,-0.6566573,0.7698728,0.6572707,0.1,3,0,-0.3380076,1.355392,0.4860431,-0.6435102,0.7418463,0.7045298,False,3,1,0
6/26/2025 7:02:35 PM,1750957355816,Left,-0.6482142,0.7787166,0.6606159,-0.2604221,0.7047043,-0.0330277,-0.6487436,0.7781671,0.6604036,0.1,3,0,-0.327176,1.357662,0.4804041,-0.6361857,0.7503589,0.7079793,False,3,1,0
6/26/2025 7:02:35 PM,1750957355843,Left,-0.6335979,0.7951564,0.6654074,-0.2514859,0.7068056,-0.04572412,-0.634081,0.7946238,0.6652497,0.1,3,0,-0.3064305,1.361654,0.469888,-0.6220869,0.768966,0.7144315,False,3,1,0
6/26/2025 7:02:35 PM,1750957355857,Left,-0.6259725,0.8037031,0.6676167,-0.2467434,0.7080935,-0.05190756,-0.6264958,0.8031141,0.667456,0.1,3,0,-0.2972856,1.363757,0.4648598,-0.6148624,0.7787376,0.7172537,False,3,1,0
6/26/2025 7:02:35 PM,1750957355871,Left,-0.6198155,0.8116811,0.6702503,-0.2422459,0.7094048,-0.05742422,-0.6202226,0.8111861,0.6701027,0.1,3,0,-0.2888687,1.366105,0.4601562,-0.6087285,0.7885977,0.7201291,False,3,1,0
6/26/2025 7:02:35 PM,1750957355899,Left,-0.6081542,0.830616,0.6744281,-0.2347682,0.7119793,-0.06815282,-0.6082491,0.8299486,0.6743959,0.1,3,0,-0.2731959,1.370413,0.4535602,-0.5967426,0.8082633,0.7250689,False,3,1,0
6/26/2025 7:02:35 PM,1750957355913,Left,-0.602652,0.8398535,0.6763385,-0.2309206,0.7133783,-0.07344192,-0.6030276,0.8392319,0.6762049,0.1,3,0,-0.2661574,1.373165,0.4523453,-0.5916538,0.8181266,0.7266751,False,3,1,0
6/26/2025 7:02:35 PM,1750957355940,Left,-0.5914286,0.8592393,0.6775701,-0.2209646,0.7157954,-0.08349095,-0.5917645,0.8583665,0.6777156,0.1,3,0,-0.2517002,1.378706,0.4471802,-0.5811367,0.8383181,0.7290643,False,3,1,0
6/26/2025 7:02:35 PM,1750957355954,Left,-0.5855044,0.8694305,0.6778728,-0.2158305,0.7169809,-0.08809546,-0.5858742,0.8687797,0.6778335,0.1,3,0,-0.2457268,1.380656,0.4436655,-0.5749271,0.8490728,0.729267,False,3,1,0
6/26/2025 7:02:35 PM,1750957355982,Left,-0.572644,0.8908285,0.6779213,-0.2060298,0.7201464,-0.09480564,-0.5730497,0.8901321,0.6779069,0.1,3,0,-0.2329334,1.384319,0.4386882,-0.561644,0.8706403,0.7292549,False,3,1,0
6/26/2025 7:02:35 PM,1750957355996,Left,-0.5644265,0.9025597,0.6773095,-0.1994131,0.7226072,-0.09903388,-0.5649202,0.9017839,0.6773196,0.1,3,0,-0.2263328,1.386209,0.4363626,-0.5531874,0.8825322,0.7284337,False,3,1,0
6/26/2025 7:02:36 PM,1750957356024,Left,-0.5470243,0.9255296,0.6761762,-0.1917454,0.7258816,-0.1047364,-0.5475848,0.9247479,0.6762069,0.1,3,0,-0.2151548,1.389155,0.430849,-0.5358196,0.9046924,0.727902,False,3,1,0
6/26/2025 7:02:36 PM,1750957356038,Left,-0.5372223,0.9366851,0.6755441,-0.1897008,0.7266799,-0.1067711,-0.5378651,0.9358741,0.6755862,0.1,3,0,-0.2102398,1.39107,0.4285167,-0.5257579,0.9154398,0.7278392,False,3,1,0
6/26/2025 7:02:36 PM,1750957356052,Left,-0.5273054,0.947693,0.6742554,-0.1866574,0.7273073,-0.1084751,-0.5280254,0.9468377,0.674328,0.1,3,0,-0.2053671,1.392857,0.4261118,-0.5154877,0.9260091,0.7268196,False,3,1,0
6/26/2025 7:02:36 PM,1750957356080,Left,-0.5083761,0.9673437,0.6732199,-0.1795516,0.7281147,-0.1113722,-0.5090392,0.9666402,0.6732741,0.1,3,0,-0.1952965,1.396357,0.4213021,-0.4946631,0.9468154,0.7244752,False,3,1,0
6/26/2025 7:02:36 PM,1750957356094,Left,-0.4973485,0.9773572,0.6720797,-0.1755123,0.7282996,-0.1123679,-0.4980259,0.9766907,0.6721427,0.1,3,0,-0.1913189,1.397894,0.4189322,-0.483315,0.9569023,0.7234318,False,3,1,0
6/26/2025 7:02:36 PM,1750957356122,Left,-0.4751661,0.9949494,0.6708221,-0.1687573,0.7278678,-0.1146799,-0.4759326,0.9943164,0.6708833,0.1,3,0,-0.1842046,1.400529,0.4137316,-0.4600994,0.9741319,0.7220421,False,3,1,0
6/26/2025 7:02:36 PM,1750957356135,Left,-0.4639517,1.002112,0.6705946,-0.1656941,0.7271352,-0.1160213,-0.4646715,1.001588,0.6706326,0.1,3,0,-0.1805694,1.401874,0.4112893,-0.4487932,0.9812818,0.7219293,False,3,1,0
6/26/2025 7:02:36 PM,1750957356163,Left,-0.4416396,1.015907,0.6701198,-0.1607189,0.7264805,-0.1165419,-0.4423374,1.015459,0.6701488,0.1,3,0,-0.1734648,1.40506,0.4076188,-0.4260631,0.995012,0.7211602,False,3,1,0
6/26/2025 7:02:36 PM,1750957356177,Left,-0.4302789,1.020813,0.6708496,-0.1582291,0.7259108,-0.1163074,-0.4309607,1.020447,0.6708372,0.1,3,0,-0.1699367,1.406385,0.4063194,-0.4139995,1.000555,0.7219359,False,3,1,0
6/26/2025 7:02:36 PM,1750957356191,Left,-0.418478,1.024888,0.6720814,-0.1559959,0.7254323,-0.1162724,-0.4194787,1.025366,0.6717484,0.1,3,0,-0.1666275,1.407847,0.4048457,-0.4018385,1.005802,0.7225615,False,3,1,0
6/26/2025 7:02:36 PM,1750957356218,Left,-0.3961581,1.031851,0.6753137,-0.1502079,0.7239532,-0.1143388,-0.3969384,1.031595,0.6752161,0.1,3,0,-0.1598569,1.410242,0.4042391,-0.3785155,1.01246,0.7267104,False,3,1,0
6/26/2025 7:02:36 PM,1750957356233,Left,-0.3850734,1.034209,0.6776646,-0.1466416,0.723206,-0.1123052,-0.3855377,1.034472,0.6771964,0.1,3,0,-0.1565669,1.411046,0.404483,-0.3664304,1.015476,0.7284515,False,3,1,0
6/26/2025 7:02:36 PM,1750957356260,Left,-0.3642902,1.037769,0.6832185,-0.1405762,0.7224637,-0.1070531,-0.3649654,1.037638,0.6830509,0.1,3,0,-0.1505628,1.411008,0.4057183,-0.3444335,1.019234,0.7338167,False,3,1,0
6/26/2025 7:02:36 PM,1750957356274,Left,-0.3538717,1.039031,0.6863713,-0.1363253,0.7223274,-0.1036088,-0.3542885,1.03917,0.6859614,0.1,3,0,-0.1477624,1.410904,0.4060773,-0.3332661,1.021053,0.7365865,False,3,1,0
6/26/2025 7:02:36 PM,1750957356302,Left,-0.3336887,1.040976,0.6928362,-0.1277222,0.7225223,-0.09708008,-0.3343325,1.040899,0.6926298,0.1,3,0,-0.1425467,1.411641,0.4081624,-0.3123653,1.022945,0.742916,False,3,1,0
6/26/2025 7:02:36 PM,1750957356316,Left,-0.3238846,1.041628,0.6963781,-0.1229666,0.7228298,-0.09393544,-0.3243678,1.041908,0.6961243,0.1,3,0,-0.1398859,1.412017,0.4097767,-0.3019641,1.023747,0.746248,False,3,1,0
6/26/2025 7:02:36 PM,1750957356343,Left,-0.3050929,1.043161,0.7028511,-0.1147958,0.7236543,-0.08796011,-0.30574,1.043103,0.7026322,0.1,3,0,-0.1339462,1.41341,0.4128455,-0.2827506,1.025128,0.7529182,False,3,1,0
6/26/2025 7:02:36 PM,1750957356358,Left,-0.2958999,1.044,0.7063245,-0.1116892,0.724228,-0.08506066,-0.2962883,1.043925,0.7059857,0.1,3,0,-0.1311399,1.413885,0.41423,-0.272631,1.026084,0.7560967,False,3,1,0
6/26/2025 7:02:36 PM,1750957356372,Left,-0.2871194,1.045004,0.7096474,-0.1082011,0.7246636,-0.08235253,-0.2876843,1.044941,0.7094426,0.1,3,0,-0.1283238,1.414669,0.4157699,-0.263478,1.027109,0.759308,False,3,1,0
6/26/2025 7:02:36 PM,1750957356399,Left,-0.2706627,1.047864,0.7158135,-0.103454,0.7258288,-0.07780365,-0.2709446,1.047856,0.7156126,0.1,3,0,-0.1219519,1.416376,0.4197679,-0.2455585,1.03015,0.765317,False,3,1,0
6/26/2025 7:02:36 PM,1750957356413,Left,-0.2623251,1.049571,0.7188233,-0.1008669,0.7265522,-0.07552309,-0.2629494,1.049449,0.7186013,0.1,3,0,-0.1180626,1.417726,0.4228821,-0.2369857,1.032419,0.7680275,False,3,1,0
6/26/2025 7:02:36 PM,1750957356441,Left,-0.2460374,1.053488,0.7233265,-0.09577227,0.7284598,-0.07196001,-0.2465021,1.053419,0.7232598,0.1,3,0,-0.1100214,1.419795,0.4300505,-0.2198581,1.037055,0.7720391,False,3,1,0
6/26/2025 7:02:36 PM,1750957356455,Left,-0.237382,1.05547,0.7252375,-0.09302548,0.7295864,-0.07029404,-0.2379219,1.055342,0.7251088,0.1,3,0,-0.1062174,1.420245,0.4334351,-0.2107985,1.039386,0.7738971,False,3,1,0
6/26/2025 7:02:36 PM,1750957356483,Left,-0.2214731,1.058456,0.7303815,-0.08822773,0.7324813,-0.06801351,-0.2219649,1.058507,0.7299554,0.1,3,0,-0.09826589,1.42002,0.4398688,-0.1937719,1.042835,0.7776178,False,3,1,0
6/26/2025 7:02:36 PM,1750957356496,Left,-0.2130887,1.05986,0.7326037,-0.08635157,0.7340648,-0.06696405,-0.2136271,1.059756,0.7324523,0.1,3,0,-0.09425437,1.420351,0.4436736,-0.1842066,1.044306,0.7794077,False,3,1,0
6/26/2025 7:02:36 PM,1750957356524,Left,-0.1962987,1.061367,0.7377814,-0.08520849,0.7362413,-0.06605102,-0.1971316,1.06167,0.7375618,0.1,3,0,-0.08619857,1.420998,0.4524114,-0.165745,1.046196,0.7831274,False,3,1,0
6/26/2025 7:02:36 PM,1750957356538,Left,-0.1876026,1.06197,0.7401708,-0.08519502,0.7374227,-0.06558082,-0.1881574,1.061919,0.7400231,0.1,3,0,-0.08215809,1.421114,0.4568551,-0.1561487,1.046419,0.7851696,False,3,1,0
6/26/2025 7:02:36 PM,1750957356552,Left,-0.1784626,1.062058,0.7427045,-0.08585384,0.7383209,-0.06497525,-0.1789951,1.062032,0.7425647,0.1,3,0,-0.07810068,1.421215,0.4618542,-0.1460722,1.046323,0.7871804,False,3,1,0
6/26/2025 7:02:36 PM,1750957356580,Left,-0.1596108,1.0612,0.7476735,-0.08788516,0.7400067,-0.06364133,-0.1602316,1.061206,0.747519,0.1,3,0,-0.06957853,1.421433,0.4720584,-0.1262127,1.045224,0.7913515,False,3,1,0
6/26/2025 7:02:36 PM,1750957356594,Left,-0.1497414,1.060038,0.750614,-0.08882593,0.7406874,-0.06284411,-0.1504318,1.060081,0.7504327,0.1,3,0,-0.06518471,1.421516,0.4771324,-0.1153552,1.04391,0.793559,False,3,1,0
6/26/2025 7:02:36 PM,1750957356622,Left,-0.1296,1.056951,0.7562007,-0.09061797,0.7423783,-0.0603875,-0.1304181,1.057054,0.7559919,0.1,3,0,-0.05698144,1.421851,0.4873894,-0.09381783,1.040444,0.79737,False,3,1,0
6/26/2025 7:02:36 PM,1750957356636,Left,-0.1194156,1.054646,0.7589726,-0.09210205,0.7432187,-0.05863228,-0.1200841,1.054763,0.7588043,0.1,3,0,-0.05273592,1.422253,0.4922187,-0.08294094,1.038167,0.7995942,False,3,1,0
6/26/2025 7:02:36 PM,1750957356663,Left,-0.09886349,1.049691,0.7651308,-0.09507298,0.7452706,-0.05378663,-0.09960923,1.049852,0.7649335,0.1,3,0,-0.04296255,1.423864,0.5019438,-0.0610459,1.033284,0.8041444,False,3,1,0
6/26/2025 7:02:36 PM,1750957356677,Left,-0.08855668,1.047241,0.7682443,-0.09705572,0.746369,-0.05070593,-0.08923251,1.047391,0.7680585,0.1,3,0,-0.03757429,1.42512,0.5068402,-0.04990463,1.030349,0.8067086,False,3,1,0
6/26/2025 7:02:36 PM,1750957356691,Left,-0.07813969,1.044793,0.7717233,-0.09838156,0.7478237,-0.04661553,-0.07877968,1.044996,0.7716921,0.1,3,0,-0.03194726,1.426307,0.5113817,-0.0389134,1.027598,0.809149,False,3,1,0
6/26/2025 7:02:36 PM,1750957356719,Left,-0.05793366,1.040525,0.7778778,-0.1016566,0.75084,-0.03780976,-0.05864424,1.040672,0.7776732,0.1,3,0,-0.02065468,1.428103,0.5194364,-0.01784005,1.022561,0.8143089,False,3,1,0
6/26/2025 7:02:36 PM,1750957356733,Left,-0.04787013,1.038537,0.7810485,-0.1035384,0.7527894,-0.03306737,-0.04834849,1.038657,0.7807596,0.1,3,0,-0.01544011,1.428519,0.5228825,-0.007125378,1.020226,0.8166027,False,3,1,0
6/26/2025 7:02:36 PM,1750957356760,Left,-0.02775507,1.035011,0.7866627,-0.1064272,0.7564602,-0.02210235,-0.02845308,1.03513,0.7864757,0.1,3,0,-0.005259395,1.429085,0.5285908,0.01364309,1.016527,0.8209272,False,3,1,0
6/26/2025 7:02:36 PM,1750957356775,Left,-0.01749614,1.033406,0.7893377,-0.1073522,0.7582834,-0.01581013,-0.01816101,1.033603,0.7891799,0.1,3,0,-9.50098E-05,1.429466,0.530784,0.02455056,1.014428,0.8230082,False,3,1,0
6/26/2025 7:02:36 PM,1750957356802,Left,0.002419963,1.029746,0.7946096,-0.110015,0.7617843,-0.003377753,0.001751639,1.029864,0.7944486,0.1,3,0,0.01037025,1.431242,0.5340575,0.04577088,1.010803,0.8258706,False,3,1,0
6/26/2025 7:02:36 PM,1750957356816,Left,0.01157355,1.028704,0.7980154,-0.1117441,0.7632467,0.002875043,0.01093254,1.028691,0.7980114,0.1,3,0,0.01611447,1.43256,0.5354326,0.05632141,1.008871,0.8275014,False,3,1,0
6/26/2025 7:02:36 PM,1750957356844,Left,0.03087579,1.027153,0.8008782,-0.114489,0.7633381,0.01112679,0.03021473,1.027204,0.8007824,0.1,3,0,0.02870846,1.435999,0.5374732,0.07635249,1.006899,0.8291597,False,3,1,0
6/26/2025 7:02:36 PM,1750957356858,Left,0.04082612,1.026636,0.8020688,-0.1157976,0.7634694,0.01547411,0.04030238,1.026626,0.8018983,0.1,3,0,0.03497458,1.437693,0.5386163,0.08687878,1.006067,0.8297201,False,3,1,0
6/26/2025 7:02:36 PM,1750957356871,Left,0.04993217,1.026337,0.8030574,-0.1170724,0.764178,0.02082569,0.0492303,1.026365,0.8029845,0.1,3,0,0.04113984,1.439107,0.5397127,0.09611928,1.005572,0.830137,False,3,1,0
6/26/2025 7:02:36 PM,1750957356899,Left,0.06722865,1.026033,0.8043488,-0.1186483,0.766745,0.03168082,0.06679469,1.025844,0.8045071,0.1,3,0,0.0527221,1.441576,0.5409769,0.1143418,1.004991,0.8286538,False,3,1,0
6/26/2025 7:02:36 PM,1750957356913,Left,0.0761895,1.026058,0.8046266,-0.1190626,0.7677168,0.03697032,0.07563299,1.026057,0.804609,0.1,3,0,0.05851841,1.442766,0.5414908,0.1231489,1.005096,0.8275762,False,3,1,0
6/26/2025 7:02:36 PM,1750957356940,Left,0.09340321,1.02599,0.804502,-0.1192997,0.7697167,0.04805116,0.09285233,1.026002,0.8048004,0.1,3,0,0.07051098,1.444942,0.5431067,0.140747,1.004923,0.8268139,False,3,1,0
6/26/2025 7:02:36 PM,1750957356954,Left,0.1023547,1.025818,0.8044945,-0.1189291,0.770965,0.05357354,0.1017189,1.025821,0.804509,0.1,3,0,0.07678473,1.445709,0.543938,0.1500496,1.004768,0.826555,False,3,1,0
6/26/2025 7:02:36 PM,1750957356983,Left,0.1193324,1.025327,0.8041121,-0.1160098,0.7731737,0.06378772,0.1186859,1.025589,0.8040487,0.1,3,0,0.08952224,1.447397,0.5456855,0.1675665,1.004112,0.8253934,False,3,1,0
6/26/2025 7:02:36 PM,1750957356996,Left,0.1279556,1.024941,0.8040673,-0.1141016,0.7744651,0.06886916,0.1274122,1.024961,0.8040825,0.1,3,0,0.09577692,1.447741,0.5465783,0.176506,1.003626,0.8242723,False,3,1,0
6/26/2025 7:02:37 PM,1750957357024,Left,0.1450143,1.024085,0.8031051,-0.1082188,0.7763948,0.07831898,0.1444022,1.024114,0.8031433,0.1,3,0,0.1075284,1.447586,0.5476483,0.1939877,1.002394,0.8222104,False,3,1,0
6/26/2025 7:02:37 PM,1750957357038,Left,0.1534725,1.023678,0.8024345,-0.1044977,0.7775874,0.0825656,0.1528964,1.023705,0.8024808,0.1,3,0,0.1134763,1.447331,0.5480462,0.2027462,1.001838,0.821015,False,3,1,0
6/26/2025 7:02:37 PM,1750957357052,Left,0.1618568,1.022864,0.8021995,-0.1007413,0.7784358,0.0865766,0.1613583,1.022901,0.8022276,0.1,3,0,0.11935,1.447062,0.5485246,0.2112287,1.001186,0.8199677,False,3,1,0
6/26/2025 7:02:37 PM,1750957357080,Left,0.1784739,1.021554,0.8007111,-0.0928694,0.7793052,0.09381858,0.1779314,1.021596,0.8007622,0.1,3,0,0.1314799,1.446286,0.5501842,0.228087,0.9997693,0.8176775,False,3,1,0
6/26/2025 7:02:37 PM,1750957357094,Left,0.1872952,1.020347,0.7992398,-0.08900633,0.7799297,0.09718588,0.1867775,1.020401,0.7993187,0.1,3,0,0.1378953,1.445699,0.5508232,0.2370878,0.9989541,0.8163812,False,3,1,0
6/26/2025 7:02:37 PM,1750957357122,Left,0.2035971,1.018535,0.7985765,-0.08109134,0.7811497,0.1037662,0.2029882,1.018603,0.7986264,0.1,3,0,0.1504829,1.444406,0.5516524,0.2538183,0.9967472,0.8138037,False,3,1,0
6/26/2025 7:02:37 PM,1750957357135,Left,0.211959,1.017435,0.7978063,-0.07640585,0.7808174,0.1062011,0.2111855,1.017529,0.79788,0.1,3,0,0.1564332,1.443456,0.5521131,0.2622314,0.9957597,0.8122973,False,3,1,0
6/26/2025 7:02:37 PM,1750957357163,Left,0.2278132,1.015038,0.7959347,-0.06760152,0.7800727,0.1105914,0.2272197,1.015124,0.7960104,0.1,3,0,0.1688797,1.441662,0.5527698,0.2780973,0.9934177,0.809374,False,3,1,0
6/26/2025 7:02:37 PM,1750957357177,Left,0.2359237,1.013986,0.7946553,-0.0629172,0.7796249,0.1125205,0.2354185,1.014056,0.7947294,0.1,3,0,0.1753831,1.440599,0.552973,0.2861855,0.9921549,0.8079795,False,3,1,0
6/26/2025 7:02:37 PM,1750957357205,Left,0.2522413,1.011362,0.7921055,-0.05228213,0.7787797,0.1167323,0.2517028,1.011442,0.7921969,0.1,3,0,0.1895396,1.439037,0.5536973,0.3025289,0.9895387,0.8048173,False,3,1,0
6/26/2025 7:02:37 PM,1750957357219,Left,0.2605342,1.009388,0.7912607,-0.04610456,0.7780314,0.1186856,0.2599984,1.009495,0.7913318,0.1,3,0,0.1975216,1.438385,0.5541284,0.3113128,0.9878548,0.8035329,False,3,1,0
6/26/2025 7:02:37 PM,1750957357233,Left,0.2689169,1.007835,0.7897042,-0.04012818,0.7759471,0.1189545,0.2682713,1.007888,0.7900579,0.1,3,0,0.2058366,1.437557,0.5543004,0.3199171,0.9859504,0.802621,False,3,1,0
6/26/2025 7:02:37 PM,1750957357260,Left,0.2852615,1.004156,0.7864625,-0.0271411,0.7771271,0.1234278,0.2846759,1.004287,0.786581,0.1,3,0,0.2222969,1.435031,0.554294,0.3358215,0.9826346,0.7976941,False,3,1,0
6/26/2025 7:02:37 PM,1750957357275,Left,0.2936771,1.001971,0.7846616,-0.02071563,0.7767226,0.1244557,0.2929884,1.00228,0.7848668,0.1,3,0,0.230856,1.433542,0.5541143,0.3442802,0.9807004,0.7955155,False,3,1,0
6/26/2025 7:02:37 PM,1750957357302,Left,0.3108999,0.9974064,0.7805426,-0.007263149,0.772943,0.1244479,0.3103567,0.9975481,0.7806787,0.1,3,0,0.2491624,1.430078,0.553269,0.3618143,0.9758473,0.7911753,False,3,1,0
6/26/2025 7:02:37 PM,1750957357316,Left,0.319993,0.9945584,0.7784703,0.0008568417,0.7732293,0.1265997,0.3192746,0.9948751,0.7787566,0.1,3,0,0.2589741,1.428095,0.552689,0.3709127,0.9732786,0.7889042,False,3,1,0
6/26/2025 7:02:37 PM,1750957357343,Left,0.3380449,0.988747,0.773919,0.01574307,0.7711509,0.128446,0.3374393,0.9889412,0.7740783,0.1,3,0,0.2792071,1.423842,0.5515693,0.3889981,0.9670894,0.7832152,False,3,1,0
6/26/2025 7:02:37 PM,1750957357358,Left,0.3477247,0.9851455,0.770821,0.02375729,0.769624,0.1288441,0.3470837,0.9853629,0.7711422,0.1,3,0,0.2898682,1.421605,0.5509713,0.3986649,0.9639705,0.7806085,False,3,1,0
6/26/2025 7:02:37 PM,1750957357372,Left,0.3568759,0.9819016,0.7679977,0.03183162,0.7683016,0.1295254,0.3562478,0.9821221,0.7681946,0.1,3,0,0.30105,1.419296,0.5502304,0.4076819,0.9603514,0.7776127,False,3,1,0
6/26/2025 7:02:37 PM,1750957357400,Left,0.3759802,0.9742135,0.76261,0.04942177,0.7648074,0.130355,0.3753099,0.9745216,0.7627333,0.1,3,0,0.324406,1.414978,0.5484247,0.4274358,0.9528361,0.7738753,False,3,1,0
6/26/2025 7:02:37 PM,1750957357414,Left,0.3857512,0.9703088,0.7594857,0.05847297,0.7629203,0.1312072,0.3851555,0.9705441,0.7596793,0.1,3,0,0.3366086,1.412742,0.5471722,0.4372227,0.9488534,0.7700513,False,3,1,0
6/26/2025 7:02:37 PM,1750957357441,Left,0.4051237,0.962299,0.7530134,0.07703481,0.7585293,0.132246,0.404511,0.9625478,0.753227,0.1,3,0,0.3613157,1.40761,0.544591,0.4568772,0.9404519,0.7626138,False,3,1,0
6/26/2025 7:02:37 PM,1750957357455,Left,0.4154542,0.9575408,0.7496822,0.08662193,0.7564704,0.1327318,0.4148102,0.9578214,0.7499045,0.1,3,0,0.374153,1.405254,0.5434608,0.4672771,0.9356892,0.7586191,False,3,1,0
6/26/2025 7:02:37 PM,1750957357483,Left,0.4357018,0.9490769,0.7424745,0.1065793,0.7522209,0.1331341,0.4350765,0.9493393,0.7427058,0.1,3,0,0.4000047,1.399949,0.5408589,0.4873239,0.9267757,0.7500304,False,3,1,0
6/26/2025 7:02:37 PM,1750957357496,Left,0.4464445,0.9443896,0.7383798,0.1156703,0.7494353,0.132135,0.4458017,0.9446632,0.7386248,0.1,3,0,0.4128402,1.397146,0.5394547,0.498205,0.921699,0.7457595,False,3,1,0
6/26/2025 7:02:37 PM,1750957357511,Left,0.4563833,0.9375834,0.7348297,0.1279564,0.7479147,0.1322231,0.4557046,0.9379804,0.7350755,0.1,3,0,0.4252805,1.393844,0.5377256,0.5086212,0.9168757,0.7410644,False,3,1,0
6/26/2025 7:02:37 PM,1750957357538,Left,0.477814,0.9268683,0.7270226,0.1514134,0.7444263,0.1318863,0.477035,0.9272853,0.7273177,0.1,3,0,0.4490749,1.385785,0.5348691,0.5302679,0.9063166,0.7311599,False,3,1,0
6/26/2025 7:02:37 PM,1750957357552,Left,0.4891922,0.9219197,0.7223894,0.1634355,0.7424014,0.1314889,0.488535,0.9222352,0.7226511,0.1,3,0,0.4602202,1.381266,0.5333947,0.5419939,0.9002156,0.7259867,False,3,1,0
6/26/2025 7:02:37 PM,1750957357580,Left,0.5118772,0.9110468,0.7130951,0.1892651,0.7387503,0.1310685,0.5111477,0.9113995,0.7134058,0.1,3,0,0.4827125,1.373045,0.5306526,0.5644739,0.8881904,0.7145016,False,3,1,0
6/26/2025 7:02:37 PM,1750957357593,Left,0.5236313,0.9048207,0.7078152,0.2014798,0.7367649,0.1310171,0.5229357,0.905174,0.7081276,0.1,3,0,0.494041,1.36913,0.5293914,0.5760822,0.8816155,0.7085716,False,3,1,0
6/26/2025 7:02:37 PM,1750957357621,Left,0.5466629,0.8928004,0.6972408,0.2263803,0.7332314,0.1310654,0.5458484,0.8932284,0.6976363,0.1,3,0,0.51728,1.361303,0.5267977,0.5983077,0.8684663,0.6961942,False,3,1,0
6/26/2025 7:02:37 PM,1750957357635,Left,0.5578286,0.8866141,0.6915148,0.2393334,0.7313679,0.1312668,0.5571079,0.8870046,0.6918826,0.1,3,0,0.5290538,1.357415,0.5255821,0.6098898,0.8614053,0.6899036,False,3,1,0
6/26/2025 7:02:37 PM,1750957357663,Left,0.5806241,0.8730723,0.6815106,0.2663257,0.7273043,0.1331092,0.5798732,0.873515,0.6818792,0.1,3,0,0.552695,1.349776,0.5226575,0.6318088,0.8475772,0.6767504,False,3,1,0
6/26/2025 7:02:37 PM,1750957357677,Left,0.5917339,0.8664775,0.6762105,0.2775312,0.7269333,0.1333006,0.5910471,0.8668867,0.676555,0.1,3,0,0.5640886,1.345896,0.5208095,0.6425438,0.840545,0.6699824,False,3,1,0
6/26/2025 7:02:37 PM,1750957357691,Left,0.6030276,0.8594555,0.6705443,0.2907269,0.7259411,0.1348298,0.6021982,0.8599355,0.6708874,0.1,3,0,0.5752515,1.342096,0.5186771,0.6532236,0.8334001,0.6630595,False,3,1,0
6/26/2025 7:02:37 PM,1750957357718,Left,0.6243349,0.8458975,0.6591091,0.3168959,0.724592,0.137408,0.6236822,0.8463194,0.6594691,0.1,3,0,0.5972934,1.335181,0.5141559,0.673977,0.8184607,0.6500673,False,3,1,0
6/26/2025 7:02:37 PM,1750957357733,Left,0.6350725,0.8393203,0.6532099,0.3292887,0.7239314,0.1385099,0.6346415,0.8395504,0.6534944,0.1,3,0,0.6085172,1.331859,0.5117694,0.6845893,0.8105091,0.6430197,False,3,1,0
6/26/2025 7:02:37 PM,1750957357761,Left,0.6562992,0.825744,0.6426784,0.351797,0.7218367,0.1402026,0.655626,0.8261846,0.6430404,0.1,3,0,0.6308885,1.325163,0.5071834,0.7041556,0.7957034,0.6305708,False,3,1,0
6/26/2025 7:02:37 PM,1750957357775,Left,0.6667994,0.8190338,0.6374819,0.3640486,0.7211714,0.1421097,0.6660633,0.8193333,0.6375843,0.1,3,0,0.6420914,1.321869,0.5048561,0.7140711,0.7883927,0.6240003,False,3,1,0
6/26/2025 7:02:37 PM,1750957357802,Left,0.6872695,0.8056366,0.6271524,0.3829019,0.7189529,0.1449251,0.6865871,0.8060933,0.6275184,0.1,3,0,0.664026,1.313959,0.4993145,0.7336695,0.7745292,0.6120194,False,3,1,0
6/26/2025 7:02:37 PM,1750957357816,Left,0.6962926,0.7992312,0.6208575,0.3915329,0.717714,0.146423,0.6963564,0.7993802,0.6216173,0.1,3,0,0.674637,1.309733,0.4963217,0.7432451,0.7675476,0.6057383,False,3,1,0
6/26/2025 7:02:37 PM,1750957357844,Left,0.7171597,0.7845873,0.6123358,0.4093545,0.715222,0.1512643,0.7165061,0.7850665,0.6126294,0.1,3,0,0.6959524,1.300094,0.4907774,0.7618767,0.7528266,0.5941408,False,3,1,0
6/26/2025 7:02:37 PM,1750957357858,Left,0.7269004,0.7747363,0.6057341,0.4174217,0.7127351,0.1531237,0.7263532,0.7758104,0.6059313,0.1,3,0,0.7067496,1.295264,0.4881544,0.7714134,0.7449741,0.5873324,False,3,1,0
6/26/2025 7:02:37 PM,1750957357872,Left,0.7374637,0.7659594,0.6007807,0.4255931,0.7098659,0.1559088,0.7364729,0.7668439,0.601323,0.1,3,0,0.7177073,1.289925,0.4853376,0.7802985,0.7359793,0.5815404,False,3,1,0
6/26/2025 7:02:37 PM,1750957357899,Left,0.7575677,0.7489794,0.5930114,0.439688,0.7067816,0.1614119,0.7566867,0.7496656,0.5930251,0.1,3,0,0.7388722,1.279354,0.4792449,0.7991552,0.7164853,0.5715935,False,3,1,0
6/26/2025 7:02:37 PM,1750957357913,Left,0.7663507,0.7369112,0.5855002,0.4474901,0.7045721,0.1642495,0.7655897,0.7378166,0.5860186,0.1,3,0,0.7492425,1.273188,0.4755785,0.8075968,0.7063163,0.5659835,False,3,1,0
6/26/2025 7:02:37 PM,1750957357941,Left,0.7874475,0.7180182,0.58095,0.4579572,0.699685,0.1707151,0.7856274,0.7187107,0.5784227,0.1,3,0,0.7707188,1.260459,0.4679029,0.8246757,0.6853907,0.5566077,False,3,1,0
6/26/2025 7:02:37 PM,1750957357955,Left,0.7990378,0.7081366,0.5799969,0.4625383,0.696348,0.1737618,0.7983414,0.708771,0.5801031,0.1,3,0,0.7815432,1.254043,0.4639245,0.8335452,0.6739184,0.5525851,False,3,1,0
6/26/2025 7:02:37 PM,1750957357982,Left,0.8161275,0.6889804,0.5692849,0.4734593,0.6910195,0.1816477,0.8155366,0.689642,0.5695961,0.1,3,0,0.8044342,1.239389,0.4565562,0.851908,0.6507447,0.5457569,False,3,1,0
6/26/2025 7:02:37 PM,1750957357996,Left,0.8253253,0.6784531,0.5654263,0.4774543,0.68815,0.1858317,0.8247082,0.6791692,0.5657284,0.1,3,0,0.8159051,1.231442,0.4536552,0.8604934,0.6392267,0.5417474,False,3,1,0
6/26/2025 7:02:38 PM,1750957358024,Left,0.844129,0.6571407,0.5588155,0.4842758,0.6830308,0.1946422,0.8435457,0.6578325,0.559065,0.1,3,0,0.8383821,1.214239,0.4486841,0.877645,0.6169373,0.534717,False,3,1,0
6/26/2025 7:02:38 PM,1750957358038,Left,0.8538619,0.6457077,0.5561459,0.4860647,0.6795743,0.1984439,0.8532854,0.6464072,0.5563583,0.1,3,0,0.8499153,1.204344,0.4467287,0.8867008,0.6052854,0.5314978,False,3,1,0
6/26/2025 7:02:38 PM,1750957358052,Left,0.8631094,0.6343632,0.5525588,0.4876867,0.6759292,0.2018281,0.8625097,0.6351158,0.552802,0.1,3,0,0.8622873,1.193824,0.4452631,0.8947668,0.593573,0.5282058,False,3,1,0
6/26/2025 7:02:38 PM,1750957358080,Left,0.8809294,0.6111652,0.5471662,0.4891378,0.6676481,0.2090232,0.8803889,0.6118795,0.5473583,0.1,3,0,0.8868232,1.17009,0.4431001,0.910534,0.5702036,0.5222288,False,3,1,0
6/26/2025 7:02:38 PM,1750957358094,Left,0.8908003,0.5987116,0.5444007,0.4876332,0.6618409,0.2127904,0.8902333,0.5994472,0.544584,0.1,3,0,0.8985416,1.157257,0.4419301,0.9192621,0.558869,0.5176176,False,3,1,0
6/26/2025 7:02:38 PM,1750957358108,Left,0.9001413,0.5860889,0.5416093,0.4849295,0.6561435,0.2168909,0.8995438,0.5869005,0.5418136,0.1,3,0,0.9107602,1.144108,0.4406418,0.9308596,0.5464519,0.5168768,False,3,1,0
6/26/2025 7:02:38 PM,1750957358136,Left,0.9172556,0.5589889,0.5371205,0.4743508,0.6427356,0.2247202,0.9166125,0.5600065,0.537324,0.1,3,0,0.9319569,1.117036,0.4391941,0.9455864,0.5195379,0.5115882,False,3,1,0
6/26/2025 7:02:38 PM,1750957358150,Left,0.9253517,0.5452338,0.5346916,0.4661353,0.6352305,0.2291147,0.9248218,0.5464889,0.5347591,0.1,3,0,0.9416248,1.102251,0.4392028,0.9521949,0.5051985,0.5074373,False,3,1,0
6/26/2025 7:02:38 PM,1750957358177,Left,0.9403093,0.516748,0.5307829,0.4466388,0.6182122,0.23994,0.9397891,0.5177546,0.5309286,0.1,3,0,0.9595872,1.072612,0.4386114,0.9642828,0.4759148,0.5029095,False,3,1,0
6/26/2025 7:02:38 PM,1750957358191,Left,0.9485211,0.5008333,0.5292822,0.4332039,0.6094959,0.2481508,0.9470211,0.5027453,0.5288406,0.1,3,0,0.9680582,1.057359,0.4381394,0.9705994,0.4631465,0.502079,False,3,1,0
6/26/2025 7:02:38 PM,1750957358219,Left,0.9672136,0.4739223,0.528714,0.4082286,0.5941294,0.2655556,0.9665539,0.4749112,0.5287517,0.1,3,0,0.9830856,1.026302,0.438714,0.9833654,0.4323263,0.4989142,False,3,1,0
6/26/2025 7:02:38 PM,1750957358233,Left,0.9702956,0.4609008,0.5263256,0.3953984,0.5870451,0.2766343,0.9699051,0.4626161,0.5261816,0.1,3,0,0.9894546,1.010934,0.4390631,0.9902219,0.4167621,0.4969831,False,3,1,0
6/26/2025 7:02:38 PM,1750957358261,Left,0.9804077,0.431563,0.5238497,0.3735614,0.5716215,0.2982944,0.9800431,0.4325767,0.5239299,0.1,3,0,1.000695,0.9806565,0.4384578,1.000263,0.3859961,0.4932249,False,3,1,0
6/26/2025 7:02:38 PM,1750957358274,Left,0.9841509,0.4170309,0.5223086,0.3624546,0.5645862,0.3125018,0.985281,0.4184999,0.5228383,0.1,3,0,1.005359,0.9661828,0.4378133,1.004657,0.3717697,0.491971,False,3,1,0
6/26/2025 7:02:38 PM,1750957358289,Left,0.9836516,0.4018607,0.5195553,0.3522963,0.5579397,0.3269885,0.9835474,0.4029426,0.5197058,0.1,3,0,1.010092,0.9519958,0.4374084,1.007137,0.357412,0.4909222,False,3,1,0
6/26/2025 7:02:38 PM,1750957358316,Left,0.9919137,0.3734604,0.5188696,0.3350015,0.5475699,0.3603137,0.9916666,0.3742023,0.5187958,0.1,3,0,1.017202,0.9247453,0.4369427,1.011958,0.3297654,0.4890656,False,3,1,0
6/26/2025 7:02:38 PM,1750957358330,Left,0.994535,0.3595379,0.5180318,0.3268092,0.5418738,0.3762785,0.9942988,0.3607332,0.5180916,0.1,3,0,1.019943,0.9117375,0.4361947,1.013308,0.3163857,0.4880302,False,3,1,0
6/26/2025 7:02:38 PM,1750957358358,Left,0.9965487,0.3276417,0.5156904,0.3134553,0.5352746,0.4030987,0.996388,0.3357517,0.5164021,0.1,3,0,1.025836,0.8872471,0.4336447,1.01459,0.2926015,0.4851428,False,3,1,0
6/26/2025 7:02:38 PM,1750957358372,Left,0.9963349,0.3230212,0.5151277,0.3079164,0.5330468,0.4164873,0.9962899,0.3239533,0.5152003,0.1,3,0,1.028473,0.8755396,0.4324722,1.013568,0.2808854,0.4831926,False,3,1,0
6/26/2025 7:02:38 PM,1750957358399,Left,0.9974856,0.3011186,0.5134746,0.2971322,0.5284246,0.4419509,0.9979237,0.3018499,0.5134604,0.1,3,0,1.032515,0.8530082,0.4300486,1.010586,0.2583602,0.4799348,False,3,1,0
6/26/2025 7:02:38 PM,1750957358413,Left,0.9969323,0.2901755,0.5125027,0.2910058,0.525262,0.4556123,0.9969309,0.2910264,0.5125666,0.1,3,0,1.033639,0.8420886,0.4291694,1.007896,0.2480764,0.4782254,False,3,1,0
6/26/2025 7:02:38 PM,1750957358441,Left,0.9927161,0.2706334,0.5102808,0.2806819,0.522598,0.4776431,0.993143,0.2713667,0.5102795,0.1,3,0,1.034674,0.8217269,0.4266201,1.00364,0.2287784,0.4749763,False,4,1,0
6/26/2025 7:02:38 PM,1750957358455,Left,0.9905883,0.2611223,0.5094092,0.2758063,0.5211139,0.4888174,0.9907289,0.2618515,0.5094705,0.1,3,0,1.03524,0.8116862,0.4249454,1.00077,0.2205702,0.4734384,False,4,1,0
6/26/2025 7:02:38 PM,1750957358469,Left,0.9887655,0.2524707,0.5086881,0.2720047,0.5202386,0.499579,0.9889081,0.2531754,0.5087427,0.1,3,0,1.035665,0.8020229,0.4231355,0.9985067,0.212235,0.4721083,False,4,1,0
6/26/2025 7:02:38 PM,1750957358496,Left,0.9849884,0.2354501,0.5075232,0.2648515,0.5174766,0.5212628,0.9853347,0.2370734,0.5076196,0.1,3,0,1.035603,0.7838325,0.4206542,0.9938078,0.1967016,0.4699663,False,4,1,0
6/26/2025 7:02:38 PM,1750957358510,Left,0.9835727,0.2287932,0.5073299,0.2629193,0.5167388,0.5297231,0.9837112,0.2294393,0.5073571,0.1,3,0,1.035256,0.7749129,0.4195482,0.9921037,0.1893746,0.4694896,False,4,1,0
6/26/2025 7:02:38 PM,1750957358537,Left,0.980705,0.2153405,0.5077313,0.2595784,0.5145969,0.5476416,0.9808094,0.215832,0.5077165,0.1,3,0,1.033548,0.7588512,0.4179986,0.9895474,0.1758541,0.4695587,False,4,1,0
6/26/2025 7:02:38 PM,1750957358552,Left,0.9796697,0.2085358,0.5088739,0.2585617,0.5134355,0.5551925,0.9797611,0.209071,0.5088118,0.1,3,0,1.032842,0.7522327,0.417673,0.9882205,0.1698792,0.4704083,False,4,1,0
6/26/2025 7:02:38 PM,1750957358580,Left,0.9766223,0.1976729,0.5102587,0.2591005,0.5112649,0.5683898,0.9767218,0.1981097,0.5101991,0.1,3,0,1.032465,0.7394231,0.4161388,0.9863115,0.1585785,0.4711137,False,4,1,0
6/26/2025 7:02:38 PM,1750957358594,Left,0.974466,0.1927059,0.5110604,0.2599342,0.5101621,0.5735233,0.9745908,0.1930759,0.5110037,0.1,3,0,1.032845,0.7339112,0.4153956,0.9860728,0.1529885,0.4719253,False,4,1,0
6/26/2025 7:02:38 PM,1750957358621,Left,0.9734743,0.183228,0.5137714,0.2622008,0.5077313,0.5840744,0.9735246,0.1835992,0.5136716,0.1,3,0,1.032199,0.7243984,0.413945,0.9855324,0.1429992,0.4743174,False,4,1,0
6/26/2025 7:02:38 PM,1750957358635,Left,0.9736493,0.1790941,0.5153204,0.2631452,0.5060289,0.5896579,0.9736638,0.1794114,0.5152176,0.1,3,0,1.031297,0.7204964,0.4133514,0.9857851,0.1388388,0.4760782,False,4,1,0
6/26/2025 7:02:38 PM,1750957358649,Left,0.9741538,0.1756632,0.5168073,0.2637481,0.5044098,0.5935363,0.9737065,0.1755302,0.5167512,0.1,3,0,1.030629,0.716552,0.4129871,0.9862842,0.1346544,0.4774569,False,4,1,0
6/26/2025 7:02:38 PM,1750957358677,Left,0.9759701,0.1690194,0.5197031,0.2646887,0.5013716,0.6013763,0.9759087,0.1692981,0.5195836,0.1,3,0,1.029947,0.7104808,0.41248,0.9875628,0.1282503,0.4792481,False,4,1,0
6/26/2025 7:02:38 PM,1750957358691,Left,0.9776229,0.1659717,0.5210258,0.2654248,0.499843,0.6033238,0.9773491,0.1660108,0.5209841,0.1,3,0,1.029159,0.7088147,0.4124013,0.9887334,0.1247592,0.4800568,False,4,1,0
6/26/2025 7:02:38 PM,1750957358718,Left,0.9806995,0.160737,0.5233713,0.2669326,0.4967916,0.6093442,0.9805892,0.1609377,0.5232808,0.1,3,0,1.02655,0.7072023,0.4121393,0.9914632,0.1193274,0.4825254,False,4,1,0
6/26/2025 7:02:38 PM,1750957358733,Left,0.9820034,0.1580695,0.5246748,0.267331,0.4955319,0.6124641,0.9805714,0.1575562,0.5248085,0.1,3,0,1.024927,0.7080671,0.4116216,0.9931185,0.1167041,0.4837253,False,4,1,0
6/26/2025 7:02:38 PM,1750957358761,Left,0.9864648,0.1555261,0.5263907,0.2683809,0.493414,0.6172059,0.9863104,0.1556299,0.5263236,0.1,3,0,1.02286,0.7124443,0.409785,0.9970861,0.1134466,0.4859608,False,4,1,0
6/26/2025 7:02:38 PM,1750957358774,Left,0.9880203,0.154596,0.5271576,0.2685211,0.4925998,0.6184554,0.9880618,0.1543641,0.5271649,0.1,3,0,1.022736,0.7163321,0.4088148,0.9992194,0.1122466,0.4869146,False,4,1,0
6/26/2025 7:02:38 PM,1750957358788,Left,0.9897046,0.1543291,0.5276545,0.2691518,0.4920494,0.6196752,0.9895655,0.1543802,0.5276032,0.1,3,0,1.023373,0.7212566,0.4080539,1.000828,0.1120841,0.4875709,False,4,1,0
6/26/2025 7:02:38 PM,1750957358816,Left,0.9876988,0.1536634,0.5290197,0.270959,0.4923136,0.6201584,0.9866498,0.1521706,0.5296211,0.1,3,0,1.024655,0.7337674,0.4044049,1.004177,0.1130991,0.4885578,False,4,1,0
6/26/2025 7:02:38 PM,1750957358844,Left,0.9886668,0.1554428,0.5290688,0.2727419,0.4924545,0.6238998,0.9886062,0.1553375,0.5290533,0.1,3,0,1.024865,0.7406515,0.4024767,1.006618,0.1146974,0.4888721,False,4,1,0
6/26/2025 7:02:38 PM,1750957358858,Left,0.9976132,0.1657933,0.5277455,0.2767495,0.4947278,0.6238455,0.9959487,0.164206,0.5279633,0.1,3,0,1.024109,0.7491738,0.4003971,1.01023,0.1206381,0.4882301,False,4,1,0
6/26/2025 7:02:38 PM,1750957358871,Left,1.000567,0.1699339,0.5272558,0.2782324,0.4959867,0.6253474,1.000294,0.1696075,0.5272951,0.1,3,0,1.02329,0.7652891,0.3964092,1.012774,0.1285024,0.4896328,False,4,1,0
6/26/2025 7:02:38 PM,1750957358898,Left,1.002964,0.1776565,0.5268227,0.2816793,0.4990304,0.6245652,1.002843,0.1773888,0.526844,0.1,3,0,1.021589,0.783569,0.3935506,1.017408,0.1384561,0.4891709,False,4,1,0
6/26/2025 7:02:38 PM,1750957358913,Left,0.998109,0.1809586,0.5263103,0.2844803,0.5013611,0.6263061,0.998216,0.1807075,0.5263406,0.1,3,0,1.02032,0.7934343,0.3918546,1.019758,0.1436909,0.4895065,False,4,1,0
6/26/2025 7:02:38 PM,1750957358940,Left,0.9990972,0.1906113,0.5257177,0.2895755,0.5061688,0.6256948,0.9990745,0.1902935,0.5257401,0.1,3,0,1.017245,0.8142966,0.3878061,1.02169,0.1554399,0.4891887,False,4,1,0
6/26/2025 7:02:38 PM,1750957358955,Left,1.00797,0.1927504,0.5252739,0.2925352,0.5092584,0.6250567,1.007706,0.1925142,0.5253013,0.1,3,0,1.015764,0.8253054,0.3857055,1.0215,0.162056,0.4885178,False,4,1,0
6/26/2025 7:02:38 PM,1750957358983,Left,1.008048,0.2085594,0.5252587,0.2977417,0.515504,0.6238206,1.00798,0.2080998,0.5252685,0.1,3,0,1.011265,0.8483512,0.3815758,1.018411,0.1700137,0.482542,False,4,1,0
6/26/2025 7:02:38 PM,1750957358997,Left,1.006611,0.2216951,0.5222295,0.3001312,0.5190107,0.6229447,1.006613,0.2210337,0.5223287,0.1,3,0,1.008445,0.8608537,0.378562,1.017696,0.1802965,0.482795,False,4,1,0
6/26/2025 7:02:39 PM,1750957359010,Left,1.006153,0.2312529,0.5219128,0.3024214,0.5228604,0.6221839,1.006181,0.230568,0.5219719,0.1,3,0,1.005401,0.8731722,0.375331,1.016309,0.1907868,0.482518,False,4,1,0
6/26/2025 7:02:39 PM,1750957359038,Left,1.003753,0.2499943,0.5242621,0.3067299,0.5310125,0.62042,1.003819,0.2493293,0.5242075,0.1,3,0,0.9962159,0.899509,0.368425,1.013412,0.2120752,0.481787,False,4,1,0
6/26/2025 7:02:39 PM,1750957359051,Left,1.001059,0.2628581,0.523904,0.3087583,0.535516,0.6194493,1.001182,0.2621349,0.5238951,0.1,3,0,0.9913054,0.9136634,0.3651085,1.011437,0.2245385,0.4812777,False,4,1,0
6/26/2025 7:02:39 PM,1750957359078,Left,0.9978832,0.287605,0.5232452,0.3121936,0.5449626,0.6172859,0.997998,0.2867717,0.5232621,0.1,3,0,0.9822538,0.9428321,0.3578939,1.007705,0.2475822,0.478528,False,4,1,0
6/26/2025 7:02:39 PM,1750957359093,Left,0.9961931,0.3017879,0.522618,0.3138203,0.5500387,0.6167683,0.996305,0.3008692,0.5226499,0.1,3,0,0.9773862,0.9580392,0.3543565,1.005981,0.2625915,0.4782133,False,4,1,0
6/26/2025 7:02:39 PM,1750957359120,Left,0.9943153,0.3301083,0.5201868,0.3174206,0.5603237,0.615757,0.994404,0.3290575,0.5202739,0.1,3,0,0.9679976,0.9895399,0.3489426,1.000668,0.2914595,0.4758022,False,4,1,0
6/26/2025 7:02:39 PM,1750957359134,Left,0.9930252,0.3451253,0.5203401,0.3194211,0.5658402,0.6153569,0.9931269,0.3440004,0.5203815,0.1,3,0,0.9638789,1.005191,0.3462338,0.9978719,0.3064354,0.4739626,False,4,1,0
6/26/2025 7:02:39 PM,1750957359162,Left,0.9890208,0.3753214,0.5189711,0.3238234,0.576349,0.6153911,0.9891627,0.3742293,0.5190309,0.1,3,0,0.9540522,1.036735,0.340555,0.9921424,0.3328327,0.4723975,False,4,1,0
6/26/2025 7:02:39 PM,1750957359176,Left,0.9860094,0.3921084,0.5174115,0.3260592,0.5817165,0.6154277,0.9861734,0.3910796,0.5174942,0.1,3,0,0.9477192,1.052927,0.3387136,0.9873304,0.3553308,0.4696912,False,4,1,0
6/26/2025 7:02:39 PM,1750957359204,Left,0.9967608,0.4175982,0.5093756,0.3306191,0.5924569,0.6165,0.9965446,0.4166577,0.5095994,0.1,3,0,0.9357713,1.084185,0.3349682,0.9820005,0.3895465,0.465712,False,4,1,0
6/26/2025 7:02:39 PM,1750957359218,Left,1.006729,0.4303128,0.5054666,0.333128,0.5981545,0.6171389,1.006327,0.4294605,0.5057051,0.1,3,0,0.9293278,1.100136,0.3329424,0.9782469,0.4074239,0.463052,False,4,1,0
6/26/2025 7:02:39 PM,1750957359231,Left,1.013283,0.4442088,0.5014281,0.3356571,0.6038181,0.6178383,1.012884,0.4433614,0.5016825,0.1,3,0,0.9220563,1.115959,0.3313512,0.9745319,0.4254752,0.4605606,False,4,1,0
6/26/2025 7:02:39 PM,1750957359259,Left,0.9861931,0.4632486,0.5040817,0.3403793,0.6149792,0.6191273,0.9861789,0.4624115,0.5042304,0.1,3,0,0.9050093,1.146351,0.329693,0.9683667,0.4621937,0.4569259,False,4,1,0
6/26/2025 7:02:39 PM,1750957359273,Left,0.9715912,0.5122185,0.4978895,0.3422406,0.6204836,0.6198203,0.9720954,0.5101449,0.4981858,0.1,3,0,0.8954591,1.162079,0.3292528,0.9656023,0.4804745,0.4536521,False,4,1,0
6/26/2025 7:02:39 PM,1750957359301,Left,0.9656808,0.5519534,0.4915384,0.3462182,0.630968,0.6221803,0.9659173,0.5506676,0.4917529,0.1,3,0,0.8734117,1.19542,0.3281492,0.9588169,0.5164147,0.4472929,False,4,1,0
6/26/2025 7:02:39 PM,1750957359315,Left,0.9629391,0.5711099,0.487695,0.347848,0.6363902,0.623487,0.9631777,0.5697032,0.4879674,0.1,3,0,0.8622651,1.211897,0.3278847,0.9556094,0.534601,0.4441116,False,4,1,0
6/26/2025 7:02:39 PM,1750957359343,Left,0.9582233,0.6052201,0.4795744,0.3511888,0.646598,0.6265104,0.958438,0.6038895,0.4798878,0.1,3,0,0.8437033,1.242861,0.3300766,0.9436048,0.5716479,0.4318777,False,4,1,0
6/26/2025 7:02:39 PM,1750957359357,Left,0.95578,0.6229447,0.4748752,0.3532677,0.6516212,0.6282333,0.9559658,0.6217756,0.4751838,0.1,3,0,0.8338671,1.25653,0.3324738,0.9374216,0.5908673,0.4273023,False,4,1,0
6/26/2025 7:02:39 PM,1750957359384,Left,0.9494687,0.6576276,0.4652634,0.3553915,0.6612267,0.6326783,0.9496658,0.6565706,0.4655702,0.1,3,0,0.8149182,1.284366,0.3371694,0.9286429,0.6267579,0.418675,False,4,1,0
6/26/2025 7:02:39 PM,1750957359398,Left,0.9455099,0.6754389,0.4600382,0.3570276,0.6660544,0.6347448,0.9457498,0.6743537,0.4603692,0.1,3,0,0.8062032,1.298259,0.338841,0.9290426,0.6478284,0.4155873,False,4,1,0
6/26/2025 7:02:39 PM,1750957359412,Left,0.9413211,0.6915967,0.4552933,0.3576953,0.6712343,0.6368824,0.9415751,0.6905681,0.4556109,0.1,3,0,0.7976726,1.312114,0.3404816,0.9197032,0.6629809,0.4100954,False,4,1,0
6/26/2025 7:02:39 PM,1750957359440,Left,0.931807,0.7250639,0.4437937,0.3585002,0.6803762,0.6398917,0.9321662,0.7238665,0.4442152,0.1,3,0,0.7797068,1.337608,0.3468211,0.9043223,0.6976333,0.4006558,False,4,1,0
6/26/2025 7:02:39 PM,1750957359454,Left,0.9266359,0.7422923,0.4375971,0.3590905,0.6850116,0.6424799,0.9270052,0.7411115,0.4380273,0.1,3,0,0.7705883,1.349489,0.3507472,0.8982276,0.7141425,0.3979844,False,4,1,0
6/26/2025 7:02:39 PM,1750957359482,Left,0.9171448,0.7738168,0.4253785,0.3610246,0.6945837,0.6486164,0.9174905,0.7727019,0.4258296,0.1,3,0,0.7532775,1.373283,0.3588663,0.8870073,0.7475302,0.3903194,False,4,1,0
6/26/2025 7:02:39 PM,1750957359496,Left,0.9130918,0.7880186,0.4183351,0.3621165,0.6994854,0.6526138,0.9133812,0.7871053,0.4187421,0.1,3,0,0.7447051,1.385188,0.3625858,0.8794768,0.7662001,0.3861379,False,4,1,0
6/26/2025 7:02:39 PM,1750957359524,Left,0.8950601,0.8241878,0.4045373,0.363482,0.7090678,0.659404,0.8956745,0.8229346,0.4050622,0.1,3,0,0.728036,1.408875,0.3708354,0.8625262,0.8007525,0.3766943,False,4,1,0
6/26/2025 7:02:39 PM,1750957359538,Left,0.8864473,0.8409628,0.397393,0.3644938,0.7139997,0.6635099,0.8870652,0.8398054,0.3978929,0.1,3,0,0.719277,1.419887,0.3760744,0.857246,0.8118749,0.3735845,False,4,1,0
6/26/2025 7:02:39 PM,1750957359552,Left,0.8774983,0.8570147,0.3903613,0.3654537,0.7188126,0.6677814,0.878123,0.8559346,0.3908401,0.1,3,0,0.710631,1.430699,0.3815169,0.850079,0.8268828,0.3704616,False,4,1,0
6/26/2025 7:02:39 PM,1750957359579,Left,0.8580031,0.8881423,0.3762496,0.3676181,0.7278525,0.6766272,0.8586859,0.8871278,0.3767182,0.1,3,0,0.6937575,1.452903,0.3934045,0.8201443,0.8697798,0.356124,False,4,1,0
6/26/2025 7:02:39 PM,1750957359593,Left,0.8471851,0.9035953,0.3690499,0.3690459,0.732462,0.6814579,0.8478724,0.9026465,0.369495,0.1,3,0,0.6852258,1.463862,0.3997166,0.8106433,0.8899475,0.3528588,False,4,1,0
6/26/2025 7:02:39 PM,1750957359621,Left,0.8466891,0.9042772,0.3687297,0.3718665,0.7410069,0.6910678,0.8466891,0.9042772,0.3687297,0.1,3,0,0.6676477,1.483964,0.4131681,0.7885525,0.9265875,0.3457175,False,4,1,0
6/26/2025 7:02:39 PM,1750957359635,Left,0.8466891,0.9042772,0.3687297,0.3731857,0.7453533,0.6956697,0.8466891,0.9042772,0.3687297,0.1,3,0,0.6590961,1.493461,0.4196906,0.7776586,0.9459983,0.3430903,False,4,1,0
6/26/2025 7:02:39 PM,1750957359662,Left,0.8466891,0.9042772,0.3687297,0.3752734,0.753502,0.704857,0.8466891,0.9042772,0.3687297,0.1,3,0,0.6424608,1.510251,0.4335023,0.7551273,0.9843119,0.3389551,False,4,1,0
6/26/2025 7:02:39 PM,1750957359676,Left,0.8466891,0.9042772,0.3687297,0.3759733,0.7573489,0.7094432,0.8466891,0.9042772,0.3687297,0.1,3,0,0.6343997,1.517918,0.4402262,0.7423003,1.00414,0.3378916,False,4,1,0
6/26/2025 7:02:39 PM,1750957359704,Left,0.781843,1.050015,0.3489501,0.3778101,0.7642861,0.7188993,0.781843,1.050015,0.3489501,0.1,3,0,0.6182342,1.534267,0.4543914,0.7118301,1.043827,0.3433954,False,4,1,0
6/26/2025 7:02:39 PM,1750957359718,Left,0.7631053,1.083194,0.3444372,0.3787514,0.7674351,0.7238779,0.7637891,1.081941,0.3445913,0.1,3,0,0.6100923,1.542816,0.4619761,0.6963637,1.063742,0.3472066,False,4,1,0
6/26/2025 7:02:39 PM,1750957359731,Left,0.7510418,1.101685,0.3408907,0.3797011,0.77058,0.7285361,0.7517439,1.100526,0.3410776,0.1,3,0,0.6017761,1.551053,0.4695736,0.6813177,1.083182,0.3520389,False,4,1,0
6/26/2025 7:02:39 PM,1750957359760,Left,0.7267747,1.142526,0.3386596,0.3809479,0.77645,0.7375385,0.7275401,1.141281,0.3387361,0.1,3,0,0.5856313,1.565498,0.4846629,0.6700521,1.126217,0.3403976,False,4,1,0
6/26/2025 7:02:39 PM,1750957359774,Left,0.7131046,1.161462,0.3380313,0.3814309,0.7794522,0.7419721,0.7139372,1.160229,0.3380886,0.1,3,0,0.5781008,1.572375,0.4917221,0.654954,1.151054,0.3418335,False,4,1,0
6/26/2025 7:02:39 PM,1750957359801,Left,0.6844541,1.194808,0.344006,0.3804557,0.785314,0.7503659,0.6853127,1.193719,0.3439102,0.1,3,0,0.5626034,1.585262,0.5056142,0.6298752,1.187701,0.346858,False,4,1,0
6/26/2025 7:02:39 PM,1750957359816,Left,0.670201,1.212778,0.3456325,0.3798229,0.7881196,0.7546275,0.6711281,1.211614,0.3455246,0.1,3,0,0.554682,1.590844,0.5127,0.6161536,1.207488,0.3495935,False,4,1,0
6/26/2025 7:02:39 PM,1750957359843,Left,0.639197,1.252484,0.3475501,0.3777757,0.7916393,0.7635704,0.640833,1.250433,0.34731,0.1,3,0,0.5402679,1.59907,0.526695,0.5879337,1.244583,0.3554943,False,4,1,0
6/26/2025 7:02:39 PM,1750957359856,Left,0.6185818,1.278207,0.3506242,0.3766918,0.7931523,0.7679422,0.6198969,1.276573,0.3504255,0.1,3,0,0.5331705,1.601865,0.5334526,0.5731364,1.26306,0.3595436,False,4,1,0
6/26/2025 7:02:39 PM,1750957359871,Left,0.629447,1.269783,0.344372,0.3753005,0.7940177,0.7724144,0.6304697,1.268443,0.3442827,0.1,3,0,0.5256415,1.604904,0.5402851,0.5584868,1.28078,0.3616871,False,4,1,0
6/26/2025 7:02:39 PM,1750957359898,Left,0.5773562,1.324623,0.3487377,0.3722939,0.7961258,0.7806736,0.5787436,1.323085,0.348591,0.1,3,0,0.5096297,1.610828,0.5536025,0.5272905,1.313377,0.3717991,False,4,1,0
6/26/2025 7:02:39 PM,1750957359913,Left,0.559966,1.336529,0.3482068,0.3700446,0.7972947,0.7837693,0.561279,1.335321,0.3481515,0.1,3,0,0.5018288,1.613942,0.5598581,0.5100192,1.328683,0.3776495,False,4,1,0
6/26/2025 7:02:39 PM,1750957359940,Left,0.5265232,1.363361,0.3544044,0.3640558,0.7982119,0.7897538,0.5277489,1.362331,0.3541504,0.1,3,0,0.4863349,1.618632,0.5727363,0.4798131,1.357132,0.3823582,False,4,1,0
6/26/2025 7:02:39 PM,1750957359953,Left,0.5093946,1.376214,0.360201,0.3607895,0.7983649,0.7929237,0.5104607,1.375369,0.3599101,0.1,3,0,0.4777011,1.62147,0.578866,0.4625041,1.369949,0.3883558,False,4,1,0
6/26/2025 7:02:39 PM,1750957359982,Left,0.4726824,1.400598,0.3686215,0.3547571,0.7979991,0.799544,0.4739175,1.399748,0.368298,0.1,3,0,0.4616932,1.624891,0.5901561,0.4275998,1.393412,0.4040543,False,4,1,0
6/26/2025 7:02:39 PM,1750957359996,Left,0.4533305,1.412243,0.3732164,0.3511795,0.7976682,0.8032665,0.4545906,1.411429,0.3728825,0.1,3,0,0.4531134,1.626935,0.5954432,0.4089416,1.404611,0.4092572,False,4,1,0
6/26/2025 7:02:40 PM,1750957360024,Left,0.4157858,1.434034,0.3828667,0.3424922,0.7976369,0.8100341,0.4169748,1.433322,0.3825205,0.1,3,0,0.435632,1.630779,0.6061368,0.3727018,1.42595,0.4214243,False,4,1,0
6/26/2025 7:02:40 PM,1750957360037,Left,0.3940396,1.444778,0.3852834,0.3373157,0.7977445,0.813245,0.395293,1.444098,0.3850128,0.1,3,0,0.4265867,1.631893,0.6108937,0.354735,1.436146,0.4275605,False,4,1,0
6/26/2025 7:02:40 PM,1750957360051,Left,0.3749135,1.45473,0.3906416,0.3323615,0.7980483,0.8165284,0.376287,1.453998,0.3902823,0.1,3,0,0.4179312,1.632119,0.6153765,0.3372612,1.445989,0.4344873,False,4,1,0
6/26/2025 7:02:40 PM,1750957360079,Left,0.3371608,1.473514,0.4016799,0.3229795,0.7982016,0.8234717,0.3384764,1.472842,0.4012579,0.1,3,0,0.4009316,1.631265,0.6239612,0.3016292,1.464654,0.446887,False,4,1,0
6/26/2025 7:02:40 PM,1750957360093,Left,0.3183088,1.483225,0.4081351,0.3184103,0.798098,0.8270363,0.3194782,1.482618,0.4077122,0.1,3,0,0.3922088,1.630937,0.6283227,0.283135,1.473128,0.4532115,False,4,1,0
6/26/2025 7:02:40 PM,1750957360121,Left,0.3126331,1.484269,0.4094202,0.3092331,0.7977776,0.8339602,0.3135964,1.483796,0.4091176,0.1,3,0,0.3741027,1.630209,0.6362116,0.246695,1.488934,0.465739,False,4,1,0
6/26/2025 7:02:40 PM,1750957360135,Left,0.2619891,1.506341,0.4252566,0.3040907,0.797235,0.8377499,0.2642556,1.505331,0.4245111,0.1,3,0,0.3651698,1.630163,0.6398027,0.2282086,1.496437,0.472031,False,4,1,0
6/26/2025 7:02:40 PM,1750957360162,Left,0.2240704,1.520443,0.4369079,0.2939225,0.7958753,0.845796,0.2254673,1.519896,0.4364357,0.1,3,0,0.3469168,1.630269,0.6462476,0.1927697,1.509816,0.4842993,False,4,1,0
6/26/2025 7:02:40 PM,1750957360176,Left,0.2060585,1.526672,0.4422607,0.288527,0.7952309,0.8501037,0.2073212,1.526208,0.44185,0.1,3,0,0.3376344,1.629931,0.6488799,0.1746962,1.515996,0.4901485,False,4,1,0
6/26/2025 7:02:40 PM,1750957360204,Left,0.1709218,1.537922,0.4529973,0.2779311,0.7933091,0.8599505,0.1720818,1.537545,0.4526199,0.1,3,0,0.3191056,1.630597,0.6535213,0.1400698,1.527372,0.5014163,False,4,1,0
6/26/2025 7:02:40 PM,1750957360217,Left,0.1531916,1.542973,0.4581474,0.2735366,0.7927408,0.8653802,0.1543638,1.542618,0.4577783,0.1,3,0,0.3095497,1.630687,0.6557325,0.1223603,1.532455,0.507173,False,4,1,0
6/26/2025 7:02:40 PM,1750957360231,Left,0.1369174,1.548198,0.4634499,0.2689385,0.7919166,0.8705947,0.1380629,1.547842,0.4630629,0.1,3,0,0.3000113,1.630164,0.6575247,0.1057839,1.537522,0.5133541,False,4,1,0
6/26/2025 7:02:40 PM,1750957360259,Left,0.1029828,1.555487,0.4730349,0.2618584,0.7904438,0.88012,0.1040258,1.555244,0.4727092,0.1,3,0,0.281284,1.629115,0.6611524,0.07358224,1.545866,0.5245879,False,4,1,0
6/26/2025 7:02:40 PM,1750957360273,Left,0.0857778,1.558899,0.4779969,0.2589431,0.7898135,0.8848187,0.08682635,1.558677,0.4776668,0.1,3,0,0.2721434,1.628716,0.6625957,0.05700296,1.549523,0.5300366,False,4,1,0
6/26/2025 7:02:40 PM,1750957360300,Left,0.05255315,1.563906,0.4866534,0.2550661,0.7885488,0.892889,0.05362906,1.563718,0.4863425,0.1,3,0,0.2533674,1.627124,0.6649394,0.02381317,1.552986,0.5379787,False,4,1,0
6/26/2025 7:02:40 PM,1750957360315,Left,0.03562294,1.566235,0.4913792,0.2535505,0.7880559,0.8967718,0.03675691,1.566059,0.4910442,0.1,3,0,0.2437932,1.625874,0.6660324,0.0070737,1.554411,0.5421924,False,4,1,0
6/26/2025 7:02:40 PM,1750957360342,Left,0.002469182,1.56574,0.4974812,0.2517669,0.7869893,0.902564,0.003682123,1.565758,0.4971985,0.1,3,0,0.224849,1.623021,0.6683472,-0.02510388,1.555099,0.5493026,False,4,1,0
6/26/2025 7:02:40 PM,1750957360356,Left,-0.01325538,1.565152,0.5008675,0.2507282,0.7863799,0.9053,-0.01234048,1.565177,0.5006539,0.1,3,0,0.2154688,1.621204,0.6697587,-0.04129334,1.555143,0.5529952,False,4,1,0
6/26/2025 7:02:40 PM,1750957360370,Left,-0.02870366,1.564448,0.5043666,0.2495132,0.7859461,0.9072747,-0.02773353,1.564489,0.5041355,0.1,3,0,0.2061691,1.619129,0.6710023,-0.05713251,1.554187,0.5561128,False,4,1,0
6/26/2025 7:02:40 PM,1750957360398,Left,-0.05931486,1.561027,0.5116149,0.2464412,0.7851417,0.9106427,-0.0583457,1.561128,0.511368,0.1,3,0,0.186833,1.614893,0.6733066,-0.08951524,1.550457,0.562007,False,4,1,0
6/26/2025 7:02:40 PM,1750957360412,Left,-0.07487098,1.558352,0.514838,0.2442422,0.7846098,0.9119728,-0.0739157,1.558486,0.5146077,0.1,3,0,0.1769011,1.612962,0.6740882,-0.1048985,1.547061,0.5638881,False,4,1,0
6/26/2025 7:02:40 PM,1750957360439,Left,-0.1103202,1.550401,0.5243371,0.238915,0.7838715,0.9138198,-0.1091468,1.550638,0.524027,0.1,3,0,0.1573077,1.608289,0.6751251,-0.1380558,1.538927,0.5683436,False,4,1,0
6/26/2025 7:02:40 PM,1750957360453,Left,-0.1232054,1.549122,0.5270687,0.2353169,0.783391,0.9142877,-0.1222184,1.549283,0.5268283,0.1,3,0,0.1475854,1.605659,0.6756487,-0.1533101,1.534873,0.5711272,False,4,1,0
6/26/2025 7:02:40 PM,1750957360481,Left,-0.1533808,1.53912,0.5306687,0.2281958,0.7823459,0.9140918,-0.1522961,1.539446,0.5305006,0.1,3,0,0.1275481,1.600572,0.6760209,-0.1818225,1.526376,0.5725161,False,4,1,0
6/26/2025 7:02:40 PM,1750957360494,Left,-0.1688072,1.532607,0.5323904,0.224011,0.7812898,0.9144288,-0.1677077,1.533007,0.5322435,0.1,3,0,0.1172193,1.597977,0.6758794,-0.1956089,1.519745,0.5739777,False,4,1,0
6/26/2025 7:02:40 PM,1750957360523,Left,-0.1981822,1.519728,0.5353523,0.2154355,0.7796068,0.9132513,-0.1971129,1.520184,0.5352314,0.1,3,0,0.09639263,1.592742,0.6751002,-0.2255639,1.506729,0.576708,False,4,1,0
6/26/2025 7:02:40 PM,1750957360536,Left,-0.2131309,1.512793,0.5364896,0.2104459,0.7783995,0.9129162,-0.2120472,1.513272,0.5363883,0.1,3,0,0.08585405,1.589893,0.6742189,-0.2394596,1.497796,0.5817062,False,4,1,0
6/26/2025 7:02:40 PM,1750957360564,Left,-0.2419759,1.498907,0.5386257,0.1991612,0.7766592,0.9109368,-0.2410302,1.499353,0.5385513,0.1,3,0,0.06443381,1.584121,0.6723559,-0.2704012,1.486393,0.5823053,False,4,1,0
6/26/2025 7:02:40 PM,1750957360578,Left,-0.2570486,1.491907,0.5390436,0.1923511,0.775763,0.9100832,-0.2559336,1.49243,0.5389835,0.1,3,0,0.05355,1.581065,0.6713074,-0.2846561,1.479074,0.5828403,False,4,1,0
6/26/2025 7:02:40 PM,1750957360592,Left,-0.271278,1.484138,0.5395054,0.1852606,0.7751163,0.9086458,-0.2701756,1.485212,0.5397286,0.1,3,0,0.04256046,1.578021,0.6701785,-0.2990333,1.471688,0.5830556,False,4,1,0
6/26/2025 7:02:40 PM,1750957360620,Left,-0.2994403,1.469595,0.5400142,0.171118,0.7736067,0.9063661,-0.2985438,1.470063,0.53999,0.1,3,0,0.01886451,1.572811,0.6671933,-0.327422,1.45649,0.5837455,False,4,1,0
6/26/2025 7:02:40 PM,1750957360634,Left,-0.3136992,1.462149,0.5399176,0.1629012,0.7731882,0.9039906,-0.3128022,1.462613,0.5399112,0.1,3,0,0.006608725,1.570054,0.6654478,-0.3418686,1.448441,0.5846646,False,4,1,0
6/26/2025 7:02:40 PM,1750957360661,Left,-0.3405005,1.446873,0.5400899,0.1465248,0.7723077,0.9002213,-0.3396189,1.447367,0.5400817,0.1,3,0,-0.01730108,1.564095,0.6614904,-0.3694273,1.432392,0.5855544,False,4,1,0
6/26/2025 7:02:40 PM,1750957360676,Left,-0.3543323,1.439154,0.5399321,0.1367844,0.7722079,0.8976173,-0.3533846,1.439686,0.5399337,0.1,3,0,-0.02915478,1.561031,0.6593287,-0.3814806,1.425107,0.5839661,False,4,1,0
6/26/2025 7:02:40 PM,1750957360703,Left,-0.3804316,1.422663,0.5401126,0.1185619,0.7720727,0.8937006,-0.379481,1.423243,0.540107,0.1,3,0,-0.05438626,1.554642,0.6543738,-0.4023875,1.411507,0.5837772,False,4,1,0
6/26/2025 7:02:40 PM,1750957360717,Left,-0.3936732,1.413621,0.5402526,0.1083933,0.7720857,0.891539,-0.3925658,1.414341,0.5402421,0.1,3,0,-0.06787229,1.551722,0.6514332,-0.419477,1.399356,0.5841366,False,4,1,0
6/26/2025 7:02:40 PM,1750957360731,Left,-0.4059635,1.405264,0.5403156,0.09920313,0.7722576,0.889214,-0.4051461,1.405803,0.5403081,0.1,3,0,-0.08186781,1.549747,0.6482154,-0.4330344,1.389925,0.5840455,False,4,1,0
6/26/2025 7:02:40 PM,1750957360759,Left,-0.4313992,1.386965,0.540001,0.08001945,0.772688,0.8840594,-0.4305152,1.387598,0.5400057,0.1,3,0,-0.1095014,1.545899,0.6416229,-0.4589207,1.369238,0.5870132,False,4,1,0
6/26/2025 7:02:40 PM,1750957360773,Left,-0.4441393,1.377743,0.5397596,0.07228812,0.7726434,0.8826681,-0.4433687,1.378296,0.5397673,0.1,3,0,-0.1234413,1.544518,0.638368,-0.4721043,1.359765,0.5853167,False,4,1,0
6/26/2025 7:02:40 PM,1750957360801,Left,-0.4696497,1.35497,0.537933,0.05331992,0.7744747,0.876538,-0.4688663,1.355658,0.5379711,0.1,3,0,-0.1515092,1.542069,0.6322868,-0.4963487,1.339729,0.586125,False,4,1,0
6/26/2025 7:02:40 PM,1750957360814,Left,-0.4824936,1.343504,0.5375566,0.04324822,0.7752517,0.8733419,-0.481667,1.344233,0.5375885,0.1,3,0,-0.1658056,1.540655,0.6295719,-0.5088694,1.328745,0.5861276,False,4,1,0
6/26/2025 7:02:40 PM,1750957360842,Left,-0.505703,1.326758,0.538307,0.02163686,0.777017,0.8669749,-0.5049206,1.327296,0.538276,0.1,3,0,-0.1941087,1.537053,0.6248974,-0.5312769,1.31004,0.5828691,False,4,1,0
6/26/2025 7:02:40 PM,1750957360856,Left,-0.5170314,1.317309,0.538953,0.01229996,0.7777427,0.8647806,-0.5162733,1.31789,0.538914,0.1,3,0,-0.20785,1.534754,0.6228737,-0.541997,1.300473,0.5820249,False,4,1,0
6/26/2025 7:02:40 PM,1750957360884,Left,-0.5397333,1.297029,0.5384994,-0.01181412,0.7802001,0.8578436,-0.5389466,1.297725,0.5384969,0.1,3,0,-0.2349008,1.529691,0.6194305,-0.564379,1.279134,0.5829842,False,4,1,0
6/26/2025 7:02:40 PM,1750957360898,Left,-0.5490518,1.287987,0.5386531,-0.02325712,0.7812697,0.8556926,-0.548423,1.288573,0.5386447,0.1,3,0,-0.2487111,1.527209,0.6182033,-0.5753847,1.268321,0.5830415,False,4,1,0
6/26/2025 7:02:40 PM,1750957360912,Left,-0.5635157,1.279351,0.5364218,-0.03545678,0.7819483,0.8539038,-0.5627036,1.27994,0.5364916,0.1,3,0,-0.2625529,1.524943,0.6171199,-0.5857476,1.257373,0.5830994,False,4,1,0
6/26/2025 7:02:40 PM,1750957360939,Left,-0.5820234,1.259707,0.5358326,-0.05828051,0.7827755,0.8510975,-0.5813717,1.26036,0.5358646,0.1,3,0,-0.2908646,1.520709,0.6164715,-0.606701,1.235127,0.5844427,False,4,1,0
6/26/2025 7:02:40 PM,1750957360953,Left,-0.5921286,1.249242,0.5368429,-0.07013513,0.7839069,0.8497957,-0.5914106,1.249985,0.5368282,0.1,3,0,-0.3046644,1.518848,0.6163577,-0.6167892,1.223917,0.584857,False,4,1,0
6/26/2025 7:02:40 PM,1750957360981,Left,-0.611941,1.227267,0.5374848,-0.09469297,0.7898084,0.8482739,-0.6113008,1.227966,0.53747,0.1,3,0,-0.3319411,1.515022,0.6162262,-0.635309,1.201813,0.5857397,False,4,1,0
6/26/2025 7:02:40 PM,1750957360995,Left,-0.6237414,1.214367,0.5382721,-0.1071803,0.7901738,0.8492314,-0.6229223,1.215261,0.5382304,0.1,3,0,-0.3462396,1.513187,0.6162935,-0.6447755,1.190296,0.5860876,False,4,1,0
6/26/2025 7:02:41 PM,1750957361023,Left,-0.6419745,1.192487,0.5382346,-0.1311237,0.7923151,0.851168,-0.6413336,1.193255,0.5382392,0.1,3,0,-0.3764793,1.509227,0.6172425,-0.6631788,1.167521,0.5864947,False,4,1,0
6/26/2025 7:02:41 PM,1750957361037,Left,-0.6521599,1.17964,0.5386031,-0.1463485,0.794062,0.8520166,-0.6515036,1.180463,0.5385956,0.1,3,0,-0.3915042,1.506088,0.6183265,-0.671613,1.156386,0.5860135,False,4,1,0
6/26/2025 7:02:41 PM,1750957361051,Left,-0.6592064,1.168104,0.5388955,-0.16032,0.7948829,0.8534372,-0.6586241,1.168916,0.5388952,0.1,3,0,-0.4056817,1.502541,0.6193831,-0.6806023,1.144134,0.5855117,False,4,1,0
6/26/2025 7:02:41 PM,1750957361078,Left,-0.6764645,1.141573,0.5394828,-0.1872646,0.8000969,0.8559706,-0.675926,1.142392,0.5394859,0.1,3,0,-0.4321589,1.494737,0.6217279,-0.6982884,1.119094,0.5856897,False,4,1,0
6/26/2025 7:02:41 PM,1750957361092,Left,-0.685811,1.129878,0.5387015,-0.2000155,0.8017811,0.8581579,-0.6851299,1.130822,0.5387403,0.1,3,0,-0.4448918,1.490188,0.6231979,-0.7070233,1.105919,0.5858931,False,4,1,0
6/26/2025 7:02:41 PM,1750957361120,Left,-0.7020655,1.105218,0.5377014,-0.2273638,0.8049518,0.8600401,-0.7015362,1.106004,0.5377492,0.1,3,0,-0.4722941,1.480348,0.6265489,-0.7236034,1.081243,0.5833932,False,4,1,0
6/26/2025 7:02:41 PM,1750957361135,Left,-0.7099733,1.0925,0.5371795,-0.2430849,0.8091302,0.8603582,-0.7094797,1.093279,0.5372217,0.1,3,0,-0.4867845,1.475356,0.628256,-0.731786,1.067963,0.5834684,False,4,1,0
6/26/2025 7:02:41 PM,1750957361162,Left,-0.7254667,1.068259,0.5356082,-0.2716698,0.8118451,0.8592526,-0.7249839,1.069025,0.535669,0.1,3,0,-0.5147575,1.464602,0.6312653,-0.7468946,1.043085,0.5820039,False,4,1,0
6/26/2025 7:02:41 PM,1750957361176,Left,-0.7324787,1.055138,0.5348413,-0.2854697,0.8103874,0.8576245,-0.7319398,1.056082,0.5349139,0.1,3,0,-0.5277534,1.458592,0.6331005,-0.7537854,1.029515,0.5810122,False,4,1,0
6/26/2025 7:02:41 PM,1750957361204,Left,-0.7459181,1.030676,0.5330882,-0.3185351,0.811794,0.8564517,-0.7455053,1.031421,0.5331551,0.1,3,0,-0.5533648,1.44565,0.6371851,-0.7668198,1.004626,0.5787259,False,4,1,0
6/26/2025 7:02:41 PM,1750957361218,Left,-0.7526868,1.018065,0.5320903,-0.3357258,0.8120765,0.8565803,-0.7522428,1.018879,0.5321647,0.1,3,0,-0.5662072,1.438982,0.6391556,-0.7745578,0.9913886,0.5785372,False,4,1,0
6/26/2025 7:02:41 PM,1750957361231,Left,-0.7592774,1.00606,0.5309972,-0.3522299,0.8119686,0.8567777,-0.7588654,1.00681,0.5310767,0.1,3,0,-0.5796748,1.431559,0.6411788,-0.7827939,0.9780504,0.5777671,False,4,1,0
6/26/2025 7:02:41 PM,1750957361259,Left,-0.7709365,0.9823374,0.5287349,-0.3855512,0.8077474,0.8568828,-0.7705278,0.9831536,0.5288228,0.1,3,0,-0.6062385,1.415251,0.6446747,-0.7959377,0.9513838,0.5738595,False,4,1,0
6/26/2025 7:02:41 PM,1750957361273,Left,-0.777101,0.9705716,0.5273214,-0.4022282,0.8046337,0.8569535,-0.7767073,0.9713324,0.5274182,0.1,3,0,-0.6195532,1.406673,0.6464394,-0.8014421,0.9387289,0.5713559,False,4,1,0
6/26/2025 7:02:41 PM,1750957361301,Left,-0.788806,0.9455146,0.5243639,-0.4329557,0.7931576,0.857452,-0.788441,0.9462752,0.5244618,0.1,3,0,-0.6478388,1.387,0.6491407,-0.8138732,0.9123834,0.5673878,False,4,1,0
6/26/2025 7:02:41 PM,1750957361315,Left,-0.7952469,0.9326528,0.522487,-0.4494812,0.786673,0.8576877,-0.7948731,0.9334021,0.5225993,0.1,3,0,-0.6617012,1.375899,0.6504182,-0.8199661,0.8987413,0.5648034,False,4,1,0
6/26/2025 7:02:41 PM,1750957361343,Left,-0.8082557,0.9066069,0.5183662,-0.4815047,0.7698393,0.85877,-0.8078294,0.9074652,0.5185056,0.1,3,0,-0.6886595,1.35281,0.6526629,-0.8317972,0.8726637,0.5602087,False,4,1,0
6/26/2025 7:02:41 PM,1750957361357,Left,-0.8147628,0.8935563,0.5162703,-0.497994,0.7605723,0.8594985,-0.814344,0.8943802,0.5164106,0.1,3,0,-0.7019092,1.339492,0.6535058,-0.8387095,0.8588104,0.5575593,False,4,1,0
6/26/2025 7:02:41 PM,1750957361384,Left,-0.8269274,0.8659481,0.511605,-0.5265087,0.7382071,0.8621178,-0.8265136,0.86685,0.5117559,0.1,3,0,-0.7305497,1.312064,0.6541778,-0.8543516,0.8291224,0.5514612,False,4,1,0
6/26/2025 7:02:41 PM,1750957361398,Left,-0.8346549,0.8512604,0.5085849,-0.5400887,0.727189,0.8637867,-0.8341324,0.8522838,0.5087838,0.1,3,0,-0.7445418,1.296986,0.6543602,-0.862022,0.8140785,0.5480579,False,4,1,0
6/26/2025 7:02:41 PM,1750957361412,Left,-0.8416629,0.8365552,0.5053827,-0.5523512,0.7150562,0.8674415,-0.8412217,0.8374345,0.5055673,0.1,3,0,-0.7577779,1.280429,0.6542006,-0.869365,0.7991999,0.5450068,False,4,1,0
6/26/2025 7:02:41 PM,1750957361440,Left,-0.8566344,0.8063511,0.4987392,-0.576574,0.6928213,0.873923,-0.8561051,0.8074015,0.4989757,0.1,3,0,-0.7831398,1.247539,0.6527715,-0.884397,0.7692695,0.5367608,False,4,1,0
6/26/2025 7:02:41 PM,1750957361454,Left,-0.8648459,0.7906,0.4949561,-0.5873824,0.6813094,0.8780757,-0.8643042,0.7916304,0.4952027,0.1,3,0,-0.7952404,1.230821,0.6514791,-0.8926714,0.753091,0.534346,False,4,1,0
6/26/2025 7:02:41 PM,1750957361482,Left,-0.8797503,0.7577571,0.4876557,-0.607902,0.6591104,0.8871063,-0.8790358,0.7592432,0.4880068,0.1,3,0,-0.8173392,1.195391,0.6467781,-0.9039167,0.7238093,0.5285475,False,4,1,0
6/26/2025 7:02:41 PM,1750957361495,Left,-0.8863884,0.7412981,0.4842061,-0.6159749,0.6486691,0.8919526,-0.8858901,0.7424337,0.4844627,0.1,3,0,-0.827985,1.177796,0.6445313,-0.914045,0.7057183,0.5234542,False,4,1,0
6/26/2025 7:02:41 PM,1750957361523,Left,-0.8999879,0.7064568,0.4780015,-0.6301368,0.6271189,0.9004165,-0.8995581,0.7075292,0.47822,0.1,3,0,-0.8480475,1.142146,0.6402739,-0.9266354,0.6712195,0.5174565,False,4,1,0
6/26/2025 7:02:41 PM,1750957361537,Left,-0.9062948,0.6893559,0.4752143,-0.6353016,0.6150345,0.9039166,-0.9058704,0.6904653,0.475424,0.1,3,0,-0.856411,1.124307,0.637885,-0.9328921,0.6539507,0.5143809,False,4,1,0
6/26/2025 7:02:41 PM,1750957361551,Left,-0.912698,0.671626,0.4726842,-0.6387923,0.6022715,0.9070392,-0.9122528,0.6728254,0.4728859,0.1,3,0,-0.8641162,1.106928,0.6356248,-0.9388292,0.6370046,0.5118023,False,4,1,0
6/26/2025 7:02:41 PM,1750957361579,Left,-0.9243596,0.6383265,0.4687354,-0.644728,0.5781972,0.9122894,-0.923964,0.6394643,0.4688908,0.1,3,0,-0.8782036,1.072574,0.631249,-0.9518614,0.6022689,0.5075491,False,4,1,0
6/26/2025 7:02:41 PM,1750957361593,Left,-0.9306387,0.6210235,0.4676405,-0.644722,0.5651512,0.9147159,-0.9302568,0.6221151,0.4677489,0.1,3,0,-0.8849573,1.055533,0.6288145,-0.9578875,0.5848546,0.505931,False,4,1,0
6/26/2025 7:02:41 PM,1750957361621,Left,-0.9406115,0.5894716,0.4658319,-0.6460069,0.5405251,0.917836,-0.9403003,0.5904722,0.465905,0.1,3,0,-0.8984923,1.022357,0.6234349,-0.9693061,0.5507833,0.5028797,False,4,1,0
6/26/2025 7:02:41 PM,1750957361634,Left,-0.9451755,0.5730947,0.4656755,-0.6455426,0.5283083,0.9192567,-0.9448789,0.5741192,0.4657158,0.1,3,0,-0.9050312,1.006705,0.6204935,-0.9729365,0.534386,0.503068,False,4,1,0
6/26/2025 7:02:41 PM,1750957361662,Left,-0.9545901,0.5408198,0.465687,-0.6430727,0.5026273,0.9232378,-0.9542723,0.5419541,0.4656956,0.1,3,0,-0.9181912,0.9766051,0.6165673,-0.9825858,0.5009733,0.5026518,False,4,1,0
6/26/2025 7:02:41 PM,1750957361676,Left,-0.9593837,0.5246016,0.4656955,-0.6419413,0.4897982,0.9251933,-0.9590453,0.5257931,0.4657009,0.1,3,0,-0.9238122,0.960947,0.6150229,-0.9865301,0.4842634,0.502629,False,4,1,0
6/26/2025 7:02:41 PM,1750957361704,Left,-0.9667543,0.4940596,0.4664891,-0.639011,0.4636999,0.9280484,-0.9664115,0.4953935,0.4664782,0.1,3,0,-0.930831,0.9300421,0.6124707,-0.9936362,0.4515553,0.5030298,False,4,1,0
6/26/2025 7:02:41 PM,1750957361717,Left,-0.970363,0.4780785,0.4666357,-0.6371669,0.4505105,0.9289096,-0.9701231,0.4790771,0.4666259,0.1,3,0,-0.9344437,0.9147907,0.6106703,-0.9963691,0.4361001,0.5030893,False,4,1,0
6/26/2025 7:02:41 PM,1750957361731,Left,-0.9735591,0.4624492,0.4669343,-0.6352947,0.4373395,0.9294018,-0.9732972,0.4636208,0.4669212,0.1,3,0,-0.9380801,0.9008794,0.6080618,-0.9987733,0.4211464,0.5035024,False,4,1,0
6/26/2025 7:02:41 PM,1750957361759,Left,-0.9805269,0.4307396,0.4679832,-0.6321791,0.4132011,0.9292371,-0.980306,0.4317823,0.4679573,0.1,3,0,-0.949724,0.8746105,0.6036252,-1.003122,0.3922113,0.505806,False,4,1,0
6/26/2025 7:02:41 PM,1750957361773,Left,-0.9840284,0.4143264,0.4684731,-0.6303319,0.4016863,0.9288027,-0.9838048,0.4153647,0.4684481,0.1,3,0,-0.9556572,0.8624608,0.6015537,-1.00623,0.377216,0.5067653,False,4,1,0
6/26/2025 7:02:41 PM,1750957361800,Left,-0.9872427,0.3883237,0.4709844,-0.6280251,0.3800565,0.927019,-0.9870976,0.3892373,0.4709279,0.1,3,0,-0.9660747,0.8376237,0.5972118,-1.008841,0.3523635,0.508352,False,4,1,0
6/26/2025 7:02:41 PM,1750957361814,Left,-0.9889801,0.3745874,0.471971,-0.6272138,0.3702454,0.9260335,-0.988858,0.3754349,0.4719163,0.1,3,0,-0.9704783,0.8248888,0.5950754,-1.010481,0.3403027,0.509082,False,4,1,0
6/26/2025 7:02:41 PM,1750957361843,Left,-0.9908658,0.3496474,0.4740975,-0.6242231,0.3515792,0.9219274,-0.9907531,0.3508165,0.4740077,0.1,3,0,-0.9779015,0.8012426,0.5907747,-1.012212,0.3161647,0.511013,False,4,1,0
6/26/2025 7:02:41 PM,1750957361856,Left,-0.9920712,0.3378497,0.4751892,-0.62058,0.3449972,0.9187922,-0.9919819,0.3387307,0.4751148,0.1,3,0,-0.9818542,0.7897123,0.5886692,-1.012125,0.3045453,0.5121345,False,4,1,0
6/26/2025 7:02:41 PM,1750957361884,Left,-0.9935889,0.3165714,0.4768665,-0.6190218,0.3273252,0.9136717,-0.9935277,0.3172732,0.4768084,0.1,3,0,-0.9901457,0.7680509,0.5839312,-1.009688,0.2838457,0.5145202,False,4,1,0
6/26/2025 7:02:41 PM,1750957361898,Left,-0.994518,0.3056075,0.4777046,-0.6195758,0.3197976,0.909772,-0.994459,0.3062857,0.4776501,0.1,3,0,-0.994056,0.7577989,0.5819626,-1.009758,0.2730636,0.5154936,False,4,1,0
6/26/2025 7:02:41 PM,1750957361912,Left,-1.000334,0.298616,0.4770903,-0.6177226,0.3127401,0.90538,-1.000133,0.2991792,0.4770771,0.1,3,0,-0.997597,0.7477756,0.5798074,-1.009396,0.2631656,0.5167232,False,4,1,0
6/26/2025 7:02:41 PM,1750957361940,Left,-0.9981809,0.2775066,0.4792802,-0.6156565,0.3000404,0.8961799,-0.9982355,0.2782531,0.4792065,0.1,3,0,-1.003634,0.7286733,0.5763893,-1.008034,0.2428047,0.5202266,False,4,1,0
6/26/2025 7:02:41 PM,1750957361954,Left,-0.9959836,0.2662573,0.4805232,-0.6141533,0.2935402,0.8915099,-0.9960728,0.2670903,0.4804391,0.1,3,0,-1.006302,0.7196236,0.5746418,-1.006828,0.2325567,0.5226779,False,4,1,0
6/26/2025 7:02:41 PM,1750957361981,Left,-0.9971597,0.2479674,0.4809402,-0.6104372,0.2820531,0.8827576,-0.9971527,0.2486088,0.4809077,0.1,3,0,-1.010918,0.7028448,0.572152,-1.008494,0.2094773,0.5245067,False,4,1,0
6/26/2025 7:02:41 PM,1750957361996,Left,-0.9956521,0.2384882,0.4813662,-0.6084118,0.2755913,0.878255,-0.9957149,0.2401352,0.4812938,0.1,3,0,-1.013302,0.6957197,0.571157,-1.00753,0.2000145,0.5239275,False,4,1,0
6/26/2025 7:02:42 PM,1750957362023,Left,-0.993614,0.2207743,0.4811092,-0.605403,0.2653647,0.8717293,-0.9936638,0.2213529,0.4811054,0.1,3,0,-1.020212,0.6831577,0.5685689,-1.005076,0.1818709,0.5231774,False,4,1,0
6/26/2025 7:02:42 PM,1750957362036,Left,-0.9912109,0.2122787,0.4808173,-0.6025372,0.2603575,0.8683029,-0.9913084,0.212884,0.4808253,0.1,3,0,-1.023909,0.6778985,0.567446,-1.003369,0.1736864,0.5223919,False,4,1,0
6/26/2025 7:02:42 PM,1750957362051,Left,-0.9907588,0.2052136,0.4803323,-0.5996138,0.2557063,0.864726,-0.9908192,0.2057685,0.4803549,0.1,3,0,-1.027709,0.6726188,0.5664799,-1.004122,0.1661272,0.5216976,False,4,1,0
6/26/2025 7:02:42 PM,1750957362078,Left,-0.9902244,0.1932565,0.4794036,-0.594653,0.2476966,0.8583432,-0.9902466,0.1936532,0.4794294,0.1,3,0,-1.034422,0.661741,0.5637902,-1.005786,0.1538629,0.5205079,False,4,1,0
6/26/2025 7:02:42 PM,1750957362093,Left,-0.9896711,0.1874364,0.4784466,-0.5925395,0.2439414,0.8554123,-0.9897075,0.1878811,0.478499,0.1,3,0,-1.037286,0.6563204,0.5622388,-1.006119,0.1487344,0.5198409,False,4,1,0
6/26/2025 7:02:42 PM,1750957362120,Left,-0.988403,0.1762052,0.4770324,-0.5875964,0.2375442,0.8498151,-0.9884422,0.1765856,0.477076,0.1,3,0,-1.041795,0.6465425,0.5591689,-1.003848,0.1389776,0.5186663,False,4,1,0
6/26/2025 7:02:42 PM,1750957362134,Left,-0.9876351,0.1701494,0.4766884,-0.5851049,0.2350881,0.8467909,-0.9876778,0.1705088,0.4767166,0.1,3,0,-1.043461,0.6422206,0.5573986,-1.002009,0.1335205,0.5185403,False,4,1,0
6/26/2025 7:02:42 PM,1750957362162,Left,-0.9846623,0.1597641,0.4770095,-0.5806243,0.2307591,0.8411768,-0.984758,0.1601334,0.4770025,0.1,3,0,-1.046631,0.6341642,0.5541435,-1.000039,0.1213096,0.5182917,False,4,1,0
6/26/2025 7:02:42 PM,1750957362176,Left,-0.9829969,0.1550788,0.4772389,-0.578567,0.229145,0.839587,-0.9831024,0.1554329,0.477227,0.1,3,0,-1.048392,0.6304617,0.5528605,-0.9985201,0.1159978,0.5184914,False,4,1,0
6/26/2025 7:02:42 PM,1750957362203,Left,-0.9811755,0.1462697,0.4771726,-0.5768695,0.2262789,0.8337041,-0.9812455,0.1465943,0.4771715,0.1,3,0,-1.052,0.6235974,0.5504971,-0.9972714,0.1072235,0.5188438,False,4,1,0
6/26/2025 7:02:42 PM,1750957362217,Left,-0.9807314,0.1425962,0.4769439,-0.5752382,0.2252946,0.8323089,-0.9807739,0.1428516,0.4769515,0.1,3,0,-1.05368,0.6210113,0.5494598,-0.996663,0.1037888,0.5190876,False,4,1,0
6/26/2025 7:02:42 PM,1750957362232,Left,-0.9803058,0.1391008,0.476645,-0.5743305,0.2247438,0.8307942,-0.980339,0.1393344,0.4766581,0.1,3,0,-1.055317,0.6187204,0.5484267,-0.996365,0.1003222,0.5192753,False,4,1,0
6/26/2025 7:02:42 PM,1750957362259,Left,-0.9797079,0.1342655,0.4759687,-0.5721358,0.223691,0.8287815,-0.979728,0.1344463,0.47599,0.1,3,0,-1.05858,0.6147206,0.5467432,-0.9962564,0.095648,0.5188124,False,4,1,0
6/26/2025 7:02:42 PM,1750957362273,Left,-0.9794179,0.13193,0.475593,-0.5714237,0.2232712,0.8279718,-0.9794374,0.1320991,0.4756163,0.1,3,0,-1.060328,0.6128353,0.545697,-0.9962634,0.0935398,0.5186436,False,4,1,0
6/26/2025 7:02:42 PM,1750957362301,Left,-0.9811852,0.1284636,0.4747679,-0.5703528,0.22328,0.8268968,-0.9811411,0.1285825,0.474794,0.1,3,0,-1.063086,0.609537,0.5437168,-0.9965866,0.09096589,0.5177588,False,4,1,0
6/26/2025 7:02:42 PM,1750957362315,Left,-0.9820383,0.126873,0.4743159,-0.5700267,0.2233178,0.8264181,-0.9819854,0.1269898,0.474345,0.1,3,0,-1.064088,0.6080377,0.5425999,-0.9969465,0.08962774,0.5174796,False,4,1,0
6/26/2025 7:02:42 PM,1750957362343,Left,-0.9834168,0.1240142,0.4733522,-0.5691782,0.2234404,0.8255652,-0.9833663,0.1241238,0.4733858,0.1,3,0,-1.065657,0.6053416,0.5404339,-0.998818,0.08694188,0.5164285,False,4,1,0
6/26/2025 7:02:42 PM,1750957362357,Left,-0.9840909,0.1226667,0.4728217,-0.5688208,0.2236117,0.8251883,-0.9840454,0.1227612,0.4728546,0.1,3,0,-1.066616,0.6039976,0.5395825,-0.9998906,0.08552235,0.5158374,False,4,1,0
6/26/2025 7:02:42 PM,1750957362385,Left,-0.9867654,0.1194863,0.4714774,-0.568993,0.2239282,0.8252805,-0.986683,0.1195873,0.4715182,0.1,3,0,-1.068399,0.6018729,0.53774,-1.002267,0.08333664,0.5145421,False,4,1,0
6/26/2025 7:02:42 PM,1750957362398,Left,-0.9880639,0.1180595,0.4708696,-0.5691624,0.2240063,0.8254902,-0.9879836,0.1181529,0.4709085,0.1,3,0,-1.069018,0.6012465,0.5367315,-1.003346,0.082355,0.5141374,False,4,1,0
6/26/2025 7:02:42 PM,1750957362412,Left,-0.9891016,0.1169091,0.4703532,-0.5694904,0.2241315,0.8259534,-0.9890251,0.1169966,0.4703913,0.1,3,0,-1.069359,0.6006753,0.5357921,-1.004536,0.08104563,0.5137085,False,4,1,0
6/26/2025 7:02:42 PM,1750957362440,Left,-0.9902498,0.1147788,0.4698544,-0.570006,0.2241597,0.8270288,-0.9902025,0.114856,0.4698759,0.1,3,0,-1.070477,0.5999054,0.5342363,-1.00642,0.07869815,0.5131507,False,4,1,0
6/26/2025 7:02:42 PM,1750957362455,Left,-0.9906638,0.1135302,0.4697281,-0.5702856,0.224239,0.827845,-0.9906285,0.1136066,0.4697426,0.1,3,0,-1.07149,0.599632,0.5337406,-1.006731,0.07763377,0.5129611,False,4,1,0
6/26/2025 7:02:42 PM,1750957362482,Left,-0.9915588,0.1113375,0.4695563,-0.5711357,0.2244697,0.82959,-0.9915291,0.1114069,0.4695635,0.1,3,0,-1.073328,0.5992923,0.5329416,-1.007516,0.07546776,0.5127969,False,4,1,0
6/26/2025 7:02:42 PM,1750957362496,Left,-0.991605,0.1107595,0.4695446,-0.5717595,0.2247336,0.8305277,-0.9915844,0.1108199,0.4695491,0.1,3,0,-1.073826,0.5991443,0.5322399,-1.007638,0.07485992,0.5127971,False,4,1,0
6/26/2025 7:02:42 PM,1750957362523,Left,-0.9920096,0.1097596,0.4697614,-0.5731316,0.2252495,0.8325728,-0.9919965,0.1097948,0.4697571,0.1,3,0,-1.07466,0.5986591,0.5311977,-1.008286,0.07438603,0.5129496,False,4,1,0
6/26/2025 7:02:42 PM,1750957362538,Left,-0.9919583,0.1097194,0.4699476,-0.5738042,0.2254552,0.8338097,-0.9919525,0.1097405,0.4699394,0.1,3,0,-1.075269,0.598324,0.5308449,-1.00866,0.07431943,0.5130522,False,4,1,0
6/26/2025 7:02:42 PM,1750957362551,Left,-0.9920795,0.1092974,0.4700246,-0.5746638,0.2256984,0.8349532,-0.9920701,0.1093323,0.4700157,0.1,3,0,-1.075852,0.5980718,0.53067,-1.008831,0.07411223,0.5132301,False,4,1,0
6/26/2025 7:02:42 PM,1750957362579,Left,-0.9918926,0.1081208,0.470098,-0.5763007,0.2259779,0.8371285,-0.9918976,0.1081553,0.4700947,0.1,3,0,-1.076195,0.5980554,0.5298587,-1.008691,0.0735387,0.5135179,False,4,1,0
6/26/2025 7:02:42 PM,1750957362593,Left,-0.9914994,0.1073784,0.4700499,-0.576766,0.2261798,0.838109,-0.9915146,0.1074194,0.4700501,0.1,3,0,-1.076117,0.5980261,0.5293968,-1.008484,0.07319441,0.5134995,False,4,1,0
6/26/2025 7:02:42 PM,1750957362620,Left,-0.9904793,0.1053712,0.4697431,-0.5779171,0.2266487,0.839769,-0.990508,0.1054298,0.4697515,0.1,3,0,-1.076095,0.5982853,0.5286525,-1.008001,0.07204408,0.513046,False,4,1,0
6/26/2025 7:02:42 PM,1750957362635,Left,-0.9898019,0.1040119,0.4692974,-0.5783752,0.2268747,0.8405327,-0.9898429,0.1040957,0.4693198,0.1,3,0,-1.076263,0.5985405,0.5284551,-1.007708,0.07130892,0.5125225,False,4,1,0
6/26/2025 7:02:42 PM,1750957362662,Left,-0.9888985,0.1012352,0.4681966,-0.5795447,0.2274467,0.8420101,-0.9889315,0.1013255,0.4682302,0.1,3,0,-1.077012,0.5990744,0.5282751,-1.007011,0.07006384,0.5113322,False,4,1,0
6/26/2025 7:02:42 PM,1750957362677,Left,-0.9882016,0.0996917,0.4675151,-0.5798987,0.227623,0.842829,-0.9882413,0.09979063,0.4675552,0.1,3,0,-1.077103,0.5996558,0.5280688,-1.006666,0.06928375,0.5107577,False,4,1,0
6/26/2025 7:02:42 PM,1750957362704,Left,-0.9860222,0.09713905,0.4665344,-0.581102,0.2284957,0.843996,-0.9860862,0.09722453,0.4665679,0.1,3,0,-1.076972,0.6011537,0.5271864,-1.005471,0.0675279,0.5096942,False,4,1,0
6/26/2025 7:02:42 PM,1750957362718,Left,-0.9848332,0.09583482,0.4661984,-0.5813895,0.2288387,0.8444769,-0.9848997,0.09591085,0.4662224,0.1,3,0,-1.077103,0.6020838,0.5266707,-1.006956,0.06552448,0.5093264,False,4,1,0
6/26/2025 7:02:42 PM,1750957362732,Left,-0.9835789,0.09491128,0.4660729,-0.5818698,0.2292259,0.8450548,-0.9836563,0.09498349,0.46609,0.1,3,0,-1.077723,0.6029983,0.5262454,-1.01046,0.0616297,0.5089671,False,4,1,0
6/26/2025 7:02:42 PM,1750957362760,Left,-0.9824552,0.09518338,0.466195,-0.5825797,0.2301631,0.8462336,-0.9824961,0.09518715,0.4661965,0.1,3,0,-1.07863,0.6045718,0.5260193,-1.012309,0.0598915,0.5082998,False,4,1,0
6/26/2025 7:02:42 PM,1750957362773,Left,-0.9822432,0.09517705,0.4662476,-0.5830674,0.2306606,0.8469798,-0.9822648,0.09517872,0.4662466,0.1,3,0,-1.07868,0.6055472,0.5259404,-1.012864,0.05944727,0.5085294,False,4,1,0
6/26/2025 7:02:42 PM,1750957362802,Left,-0.9821346,0.09510388,0.4666254,-0.5839482,0.2322029,0.8483746,-0.9821492,0.0951075,0.4666152,0.1,3,0,-1.078049,0.6080751,0.5253644,-1.012692,0.05964018,0.5090548,False,4,1,0
6/26/2025 7:02:42 PM,1750957362815,Left,-0.9812171,0.09523038,0.4667461,-0.5844178,0.2328864,0.8489895,-0.9812296,0.09542768,0.4667363,0.1,3,0,-1.077433,0.6097472,0.5248318,-1.012823,0.05960848,0.5091476,False,4,1,0
6/26/2025 7:02:42 PM,1750957362844,Left,-0.9802433,0.0945126,0.4668858,-0.5845566,0.2343887,0.8499168,-0.9802745,0.09453084,0.46688,0.1,3,0,-1.076491,0.6138512,0.5235748,-1.01317,0.05959476,0.5092345,False,4,1,0
6/26/2025 7:02:42 PM,1750957362857,Left,-0.9795789,0.09416018,0.4669819,-0.5848124,0.2351458,0.8503602,-0.9796184,0.09418231,0.4669755,0.1,3,0,-1.076241,0.6163116,0.5232618,-1.01335,0.05961005,0.5092706,False,4,1,0
6/26/2025 7:02:42 PM,1750957362871,Left,-0.9787574,0.09373481,0.4669325,-0.5851985,0.2361419,0.8509716,-0.9787978,0.09376466,0.466931,0.1,3,0,-1.076331,0.619174,0.5230776,-1.013383,0.05964933,0.5092373,False,4,1,0
6/26/2025 7:02:42 PM,1750957362899,Left,-0.9769549,0.0917441,0.4663788,-0.5859875,0.2383695,0.8514984,-0.9770107,0.09179525,0.4663924,0.1,3,0,-1.076144,0.6265765,0.5223737,-1.01324,0.05989798,0.508915,False,4,1,0
6/26/2025 7:02:42 PM,1750957362913,Left,-0.9758728,0.0910657,0.46558,-0.5864675,0.2401838,0.8518015,-0.9759384,0.09111448,0.4656137,0.1,3,0,-1.075684,0.6312822,0.5215794,-1.01314,0.05999458,0.5088983,False,4,1,0
6/26/2025 7:02:42 PM,1750957362941,Left,-0.9726843,0.09022553,0.4628159,-0.5875522,0.2438886,0.8521392,-0.9727842,0.09025925,0.4628947,0.1,3,0,-1.074769,0.6418905,0.519783,-1.012663,0.0603235,0.5091144,False,4,1,0
6/26/2025 7:02:42 PM,1750957362954,Left,-0.9719138,0.0847813,0.4584428,-0.5876124,0.2466607,0.852556,-0.9719863,0.08500665,0.4586542,0.1,3,0,-1.074586,0.6482992,0.5187994,-1.012323,0.06060229,0.5091421,False,4,1,0
6/26/2025 7:02:42 PM,1750957362982,Left,-0.9713658,0.08143897,0.4482737,-0.5883474,0.2520765,0.8537782,-0.9713866,0.08156833,0.448577,0.1,3,0,-1.074677,0.6619622,0.5170897,-1.012559,0.06045102,0.5091425,False,4,1,0
6/26/2025 7:02:42 PM,1750957362996,Left,-0.9681573,0.07682375,0.4397977,-0.5877438,0.2552356,0.8554074,-0.9682738,0.07709491,0.4402887,0.1,3,0,-1.075081,0.6700038,0.5158976,-1.012722,0.06042792,0.5088946,False,4,1,0
6/26/2025 7:02:43 PM,1750957363024,Left,-0.9650934,0.06966323,0.4263006,-0.5878681,0.2629029,0.8575516,-0.9651846,0.06987718,0.4267198,0.1,3,0,-1.075544,0.6869915,0.513172,-1.01264,0.06060534,0.5089939,False,4,1,0
6/26/2025 7:02:43 PM,1750957363038,Left,-0.9635751,0.06609838,0.4191594,-0.5883122,0.2687045,0.8584464,-0.9636824,0.06635047,0.4196746,0.1,3,0,-1.075493,0.6964223,0.5115191,-1.012402,0.06058687,0.5088859,False,4,1,0
6/26/2025 7:02:43 PM,1750957363051,Left,-0.9621468,0.06274185,0.4121421,-0.588983,0.274428,0.8599586,-0.9622411,0.06296338,0.4126146,0.1,3,0,-1.075332,0.706211,0.5095861,-1.012366,0.06057705,0.5088718,False,4,1,0
6/26/2025 7:02:43 PM,1750957363079,Left,-0.9594693,0.05646674,0.3981405,-0.5913719,0.2883631,0.8623219,-0.9595561,0.05666955,0.398613,0.1,3,0,-1.075437,0.7266953,0.5055705,-1.012192,0.06062081,0.5087705,False,4,1,0
6/26/2025 7:02:43 PM,1750957363093,Left,-0.9588879,0.05511132,0.3949442,-0.592495,0.2951904,0.8640493,-0.9588879,0.05511132,0.3949442,0.1,3,0,-1.075747,0.737715,0.5032471,-1.012412,0.06055369,0.5087811,False,4,1,0
6/26/2025 7:02:43 PM,1750957363121,Left,-0.9588879,0.05511132,0.3949442,-0.5950621,0.3076504,0.8676831,-0.9588879,0.05511132,0.3949442,0.1,3,0,-1.075666,0.7605807,0.498682,-1.012661,0.06043932,0.5088412,False,4,1,0
6/26/2025 7:02:43 PM,1750957363135,Left,-0.9588879,0.05511132,0.3949442,-0.5944014,0.3133677,0.869656,-0.9588879,0.05511132,0.3949442,0.1,3,0,-1.075355,0.7726858,0.4959654,-1.012684,0.06039722,0.5088313,False,4,1,0
6/26/2025 7:02:43 PM,1750957363163,Left,-0.9588879,0.05511132,0.3949442,-0.5976365,0.328313,0.8739069,-0.9588879,0.05511132,0.3949442,0.1,3,0,-1.074314,0.798043,0.4901282,-1.012653,0.06034684,0.5087975,False,4,1,0
6/26/2025 7:02:43 PM,1750957363177,Left,-0.8915861,0.1411709,0.3683558,-0.5997199,0.336092,0.8762802,-0.8915861,0.1411709,0.3683558,0.1,3,0,-1.073399,0.8110629,0.4872561,-1.012693,0.06035644,0.5088279,False,4,1,0
6/26/2025 7:02:43 PM,1750957363205,Left,-0.885469,0.1531514,0.3632081,-0.6037509,0.3516003,0.8802448,-0.8856162,0.1528636,0.363332,0.1,3,0,-1.071947,0.8387046,0.4808457,-1.012794,0.06037883,0.509334,False,4,1,0
6/26/2025 7:02:43 PM,1750957363218,Left,-0.8831363,0.1577086,0.3612441,-0.6063926,0.3595601,0.8821523,-0.8832951,0.1573986,0.3613778,0.1,3,0,-1.070797,0.8531279,0.4775552,-1.012954,0.06038648,0.5093589,False,4,1,0
6/26/2025 7:02:43 PM,1750957363232,Left,-0.8808588,0.1621504,0.3593261,-0.6081384,0.3670095,0.8831322,-0.8809996,0.1618758,0.3594448,0.1,3,0,-1.069667,0.8679243,0.4741427,-1.013036,0.06037718,0.5094095,False,4,1,0
6/26/2025 7:02:43 PM,1750957363260,Left,-0.8589287,0.2038184,0.336427,-0.6129215,0.3826095,0.8862163,-0.8593881,0.2028667,0.3369226,0.1,3,0,-1.066907,0.8989034,0.4667162,-1.013137,0.06037629,0.5094824,False,4,1,0
6/26/2025 7:02:43 PM,1750957363274,Left,-0.8531967,0.2152672,0.3298416,-0.6160309,0.391191,0.8871636,-0.8535951,0.2144562,0.3302782,0.1,3,0,-1.065058,0.9145895,0.4624432,-1.013422,0.0604302,0.5096456,False,4,1,0
6/26/2025 7:02:43 PM,1750957363302,Left,-0.8404225,0.238524,0.3229031,-0.6236964,0.4078552,0.887843,-0.8408016,0.2377848,0.3231727,0.1,3,0,-1.060123,0.9472603,0.4536699,-1.011517,0.06028017,0.508016,False,4,1,0
6/26/2025 7:02:43 PM,1750957363316,Left,-0.8353549,0.2517504,0.3187398,-0.6275806,0.41648,0.8880307,-0.8351994,0.2506062,0.3188027,0.1,3,0,-1.05747,0.9641154,0.4491836,-1.011328,0.06029108,0.5079526,False,4,1,0
6/26/2025 7:02:43 PM,1750957363344,Left,-0.8246316,0.2774664,0.3101036,-0.6351554,0.4338726,0.8874796,-0.8249788,0.2766304,0.3103737,0.1,3,0,-1.051883,0.9979767,0.4395467,-1.012283,0.060296,0.508604,False,4,1,0
6/26/2025 7:02:43 PM,1750957363357,Left,-0.8191885,0.2913067,0.3057298,-0.6387855,0.4428212,0.8871013,-0.8195446,0.2904042,0.3060026,0.1,3,0,-1.048366,1.01478,0.4345345,-1.012886,0.06023216,0.5091471,False,4,1,0
6/26/2025 7:02:43 PM,1750957363371,Left,-0.8119557,0.3031473,0.3026858,-0.643039,0.451446,0.886577,-0.812383,0.3022591,0.3029466,0.1,3,0,-1.04417,1.031698,0.4297982,-1.012643,0.0603728,0.5095962,False,4,1,0
6/26/2025 7:02:43 PM,1750957363399,Left,-0.802066,0.3332161,0.2963925,-0.651827,0.4681324,0.8861533,-0.8023458,0.3323813,0.296614,0.1,3,0,-1.034311,1.065506,0.4216253,-1.012603,0.06023613,0.5084461,False,4,1,0
6/26/2025 7:02:43 PM,1750957363413,Left,-0.7953575,0.3452348,0.2930745,-0.6565561,0.4769246,0.8851838,-0.7957208,0.3443832,0.293285,0.1,3,0,-1.029324,1.082526,0.4174089,-1.011091,0.0604125,0.5080203,False,4,1,0
6/26/2025 7:02:43 PM,1750957363441,Left,-0.7825304,0.3721182,0.2892166,-0.6653701,0.493576,0.8831673,-0.782919,0.3712617,0.289343,0.1,3,0,-1.017962,1.115067,0.4087414,-1.012639,0.06040546,0.5088793,False,4,1,0
6/26/2025 7:02:43 PM,1750957363454,Left,-0.7774481,0.3856874,0.2845612,-0.6694402,0.5021611,0.881896,-0.7777659,0.3848349,0.2847882,0.1,3,0,-1.011279,1.131211,0.4049028,-1.012673,0.06037694,0.5091293,False,4,1,0
6/26/2025 7:02:43 PM,1750957363483,Left,-0.7664192,0.4115625,0.2799881,-0.6779711,0.5185545,0.8791648,-0.7667642,0.4107149,0.2801306,0.1,3,0,-0.998069,1.163947,0.3980819,-1.012683,0.06033373,0.5090829,False,4,1,0
6/26/2025 7:02:43 PM,1750957363497,Left,-0.7597993,0.4252335,0.2789567,-0.6818651,0.526826,0.877323,-0.7601839,0.4243514,0.279053,0.1,3,0,-0.9918511,1.180146,0.3945546,-1.012588,0.06045473,0.5090879,False,4,1,0
