ts_datetime,ts_unix_ms,primary_grab_hand,pt_x,pt_y,pt_z,st_x,st_y,st_z,pv_x,pv_y,pv_z,sv_x,sv_y,sv_z,hmd_x,hmd_y,hmd_z,ee_x,ee_y,ee_z,shovel_loaded_state,cube_max_target_reached,grab_count,collision_or_load_count
6/26/2025 6:58:22 PM,1750957102799,Left,-0.9154498,0.05210186,0.4173567,-0.6921558,0.456741,0.3397409,-0.9155461,0.05218486,0.4171907,0.1,3,0,-0.8924469,0.6335357,0.4588784,-0.9327682,0.06694128,0.4914401,False,1,1,0
6/26/2025 6:58:22 PM,1750957102813,Left,-0.9145061,0.05103887,0.4198882,-0.692606,0.4558288,0.3419674,-0.9154629,0.04997282,0.4197279,0.1,3,0,-0.8927299,0.6309642,0.4598252,-0.9329149,0.06613913,0.4916649,False,1,1,0
6/26/2025 6:58:22 PM,1750957102827,Left,-0.9126049,0.0506362,0.4225933,-0.6929749,0.4548255,0.34421,-0.9127696,0.04909762,0.4227594,0.1,3,0,-0.8927947,0.6282819,0.4606701,-0.9328179,0.06532751,0.4918754,False,1,1,0
6/26/2025 6:58:22 PM,1750957102854,Left,-0.9109886,0.05235156,0.4273916,-0.6936508,0.45292,0.3476915,-0.9100352,0.04877792,0.4280397,0.1,3,0,-0.8913201,0.6241709,0.4617077,-0.932702,0.06402738,0.4920645,False,1,1,0
6/26/2025 6:58:22 PM,1750957102868,Left,-0.9109038,0.05270441,0.4294069,-0.6939999,0.4516728,0.3493828,-0.9106632,0.04939296,0.4299004,0.1,3,0,-0.8909167,0.6226891,0.4622055,-0.9321997,0.06376181,0.4922551,False,1,1,0
6/26/2025 6:58:22 PM,1750957102896,Left,-0.9130179,0.05224369,0.4330823,-0.694552,0.4490789,0.3502629,-0.9127752,0.04800793,0.4336624,0.1,3,0,-0.8917543,0.6201441,0.4635295,-0.9320903,0.06297229,0.4931957,False,1,1,0
6/26/2025 6:58:22 PM,1750957102909,Left,-0.9137095,0.05266135,0.4348801,-0.6950613,0.4478395,0.3510584,-0.9136915,0.04834035,0.4354092,0.1,3,0,-0.8918597,0.6193783,0.4641805,-0.9319659,0.06284201,0.4941201,False,1,1,0
6/26/2025 6:58:22 PM,1750957102938,Left,-0.9136468,0.05422908,0.4379606,-0.6959247,0.4473797,0.3519088,-0.9136995,0.0494016,0.4388252,0.1,3,0,-0.8912128,0.6184879,0.4654095,-0.9321802,0.06260513,0.4945994,False,1,1,0
6/26/2025 6:58:22 PM,1750957102952,Left,-0.913846,0.05472279,0.4390511,-0.6964296,0.4475472,0.3525361,-0.9136111,0.04998816,0.4398391,0.1,3,0,-0.8909837,0.6182479,0.465968,-0.9321448,0.06252202,0.4946004,False,1,1,0
6/26/2025 6:58:22 PM,1750957102979,Left,-0.9145685,0.05700694,0.4403494,-0.6976876,0.447962,0.3536285,-0.9140719,0.0523506,0.4416319,0.1,3,0,-0.8909429,0.6186861,0.4672251,-0.9321524,0.06264202,0.4947868,False,1,1,0
6/26/2025 6:58:22 PM,1750957102992,Left,-0.9152473,0.05794043,0.4411187,-0.6976603,0.4482957,0.3535134,-0.9148473,0.05365656,0.442517,0.1,3,0,-0.8903931,0.6197308,0.4683802,-0.9321349,0.06291285,0.4950594,False,1,1,0
6/26/2025 6:58:23 PM,1750957103007,Left,-0.9174404,0.05890509,0.4419112,-0.6975683,0.4484007,0.353421,-0.9168447,0.05488831,0.4435355,0.1,3,0,-0.8900498,0.6205215,0.4693835,-0.9322882,0.06316421,0.4952376,False,1,1,0
6/26/2025 6:58:23 PM,1750957103035,Left,-0.9227665,0.0610819,0.4425506,-0.6975576,0.4487298,0.3538795,-0.9214415,0.05803071,0.4441389,0.1,3,0,-0.8889276,0.6230764,0.4705985,-0.9337683,0.06336666,0.496824,False,1,1,0
6/26/2025 6:58:23 PM,1750957103049,Left,-0.9247391,0.06263222,0.4420483,-0.6973621,0.4489891,0.3542732,-0.9233048,0.06009639,0.4435525,0.1,3,0,-0.8877853,0.6249276,0.4709314,-0.9331846,0.06404591,0.4974851,False,1,1,0
6/26/2025 6:58:23 PM,1750957103076,Left,-0.9282185,0.07022945,0.4417913,-0.6966071,0.4490764,0.3544966,-0.9263119,0.06862926,0.4436384,0.1,3,0,-0.8845342,0.6300814,0.472474,-0.9318392,0.06665505,0.4976681,False,1,1,0
6/26/2025 6:58:23 PM,1750957103090,Left,-0.928082,0.07592845,0.442135,-0.6959813,0.4487318,0.3543051,-0.9260158,0.07451063,0.4443507,0.1,3,0,-0.8831323,0.6330636,0.4742372,-0.9314667,0.06904238,0.4978786,False,1,1,0
6/26/2025 6:58:23 PM,1750957103118,Left,-0.9269131,0.08266012,0.4423513,-0.6942149,0.4465629,0.3546737,-0.9249879,0.08132019,0.4453977,0.1,3,0,-0.8805817,0.6411723,0.477291,-0.9305505,0.07483747,0.4984796,False,1,1,0
6/26/2025 6:58:23 PM,1750957103132,Left,-0.9262453,0.08769864,0.4421063,-0.6932454,0.4470076,0.3543503,-0.923373,0.08769857,0.4463565,0.1,3,0,-0.8789448,0.6463862,0.478786,-0.9307418,0.07843939,0.4952152,False,1,1,0
6/26/2025 6:58:23 PM,1750957103160,Left,-0.9245068,0.09903706,0.4427458,-0.6921418,0.4497538,0.3550807,-0.9204736,0.09775463,0.4474431,0.1,3,0,-0.8732482,0.6594433,0.481107,-0.9311934,0.08892731,0.4944653,False,1,1,0
6/26/2025 6:58:23 PM,1750957103173,Left,-0.923714,0.10503,0.4429215,-0.6914108,0.4514859,0.3555117,-0.9190743,0.1039653,0.4473219,0.1,3,0,-0.8702861,0.6666241,0.4819852,-0.9303902,0.09550277,0.4954594,False,1,1,0
6/26/2025 6:58:23 PM,1750957103188,Left,-0.9228208,0.111174,0.4428809,-0.6906806,0.4530046,0.3554221,-0.9178185,0.1118148,0.4477699,0.1,3,0,-0.8676261,0.6742191,0.4826617,-0.9292335,0.1032071,0.495952,False,1,1,0
6/26/2025 6:58:23 PM,1750957103216,Left,-0.9201178,0.1239685,0.4428822,-0.6886343,0.4554121,0.3543692,-0.9143355,0.1270874,0.4481542,0.1,3,0,-0.8621091,0.6918849,0.4849733,-0.9258112,0.1170381,0.4964413,False,1,1,0
6/26/2025 6:58:23 PM,1750957103229,Left,-0.9182296,0.1314205,0.442777,-0.6875549,0.4571833,0.3535165,-0.91215,0.135392,0.4483009,0.1,3,0,-0.8583645,0.7023869,0.4859087,-0.9237589,0.1244011,0.4966239,False,1,1,0
6/26/2025 6:58:23 PM,1750957103257,Left,-0.9141718,0.1468409,0.4422655,-0.6858804,0.4621399,0.3525631,-0.9078428,0.1538167,0.4481651,0.1,3,0,-0.8528854,0.7259216,0.4875879,-0.918899,0.1420041,0.4966024,False,1,1,0
6/26/2025 6:58:23 PM,1750957103271,Left,-0.9119439,0.1555643,0.4417762,-0.6851627,0.4651209,0.3522873,-0.9057128,0.163464,0.4481401,0.1,3,0,-0.8504106,0.7389627,0.4890448,-0.9163706,0.1514688,0.496795,False,1,1,0
6/26/2025 6:58:23 PM,1750957103299,Left,-0.9070301,0.1748849,0.4401752,-0.6835108,0.4710082,0.3509211,-0.900604,0.1854344,0.4474432,0.1,3,0,-0.8435148,0.7655591,0.4925203,-0.9106464,0.1724115,0.4959446,False,1,1,0
6/26/2025 6:58:23 PM,1750957103312,Left,-0.9037445,0.186205,0.4389321,-0.6824163,0.473621,0.3501179,-0.8970045,0.1971293,0.4470907,0.1,3,0,-0.8388101,0.7796472,0.4941822,-0.907589,0.1837205,0.4956229,False,1,1,0
6/26/2025 6:58:23 PM,1750957103341,Left,-0.897782,0.2091908,0.4365572,-0.6796736,0.4797827,0.3459668,-0.8899211,0.22343,0.4459578,0.1,3,0,-0.8284539,0.8108817,0.4989214,-0.9010297,0.2090685,0.4941456,False,1,1,0
6/26/2025 6:58:23 PM,1750957103354,Left,-0.8950172,0.2229672,0.434608,-0.6780744,0.4844084,0.3457093,-0.8869655,0.2368926,0.44525,0.1,3,0,-0.8234378,0.8271624,0.5018038,-0.8977668,0.2222793,0.4927429,False,1,1,0
6/26/2025 6:58:23 PM,1750957103368,Left,-0.8925862,0.2356733,0.4327968,-0.6761253,0.4888248,0.3446546,-0.8837087,0.2518985,0.4441499,0.1,3,0,-0.8184432,0.8437254,0.5045838,-0.8949627,0.2371983,0.4919695,False,1,1,0
6/26/2025 6:58:23 PM,1750957103396,Left,-0.8869478,0.2647678,0.4286186,-0.6703146,0.4982764,0.3441766,-0.8768666,0.2823234,0.4421133,0.1,3,0,-0.8068588,0.8781363,0.5109019,-0.8880652,0.2674621,0.4897115,False,1,1,0
6/26/2025 6:58:23 PM,1750957103410,Left,-0.8841752,0.279822,0.426326,-0.667218,0.5020781,0.344017,-0.8734021,0.2985071,0.4410165,0.1,3,0,-0.7999967,0.8961868,0.5142456,-0.8844103,0.2833444,0.4886208,False,1,1,0
6/26/2025 6:58:23 PM,1750957103437,Left,-0.8781347,0.3121738,0.4220665,-0.6594909,0.5109046,0.3440644,-0.8658297,0.3318037,0.4387442,0.1,3,0,-0.7859572,0.9327017,0.5206736,-0.8767683,0.3155334,0.4862342,False,1,1,0
6/26/2025 6:58:23 PM,1750957103451,Left,-0.8750107,0.328234,0.4195497,-0.6556472,0.5165775,0.3445895,-0.861841,0.3494461,0.4375584,0.1,3,0,-0.7785205,0.9512019,0.5233957,-0.8723136,0.3324971,0.4845633,False,1,1,0
6/26/2025 6:58:23 PM,1750957103479,Left,-0.8688456,0.3613057,0.4151025,-0.6453182,0.5387763,0.3451231,-0.854026,0.3839039,0.4350556,0.1,3,0,-0.7636395,0.9891728,0.5283428,-0.8641469,0.3664333,0.4816597,False,1,1,0
6/26/2025 6:58:23 PM,1750957103493,Left,-0.8654763,0.378277,0.413054,-0.6400394,0.547683,0.3442874,-0.8502249,0.4012615,0.4340675,0.1,3,0,-0.7576774,1.009014,0.5309441,-0.8602849,0.3836963,0.4803839,False,1,1,0
6/26/2025 6:58:23 PM,1750957103507,Left,-0.8622951,0.3942112,0.4112937,-0.6339763,0.5574164,0.3434151,-0.846454,0.4188183,0.433211,0.1,3,0,-0.7514485,1.028416,0.5338714,-0.855889,0.4020182,0.4792591,False,1,1,0
6/26/2025 6:58:23 PM,1750957103534,Left,-0.8531554,0.4277065,0.4088636,-0.6212327,0.5785905,0.3405814,-0.8359506,0.4536863,0.4324214,0.1,3,0,-0.7373028,1.066069,0.5386177,-0.8474221,0.4363065,0.4773473,False,1,1,0
6/26/2025 6:58:23 PM,1750957103549,Left,-0.8505807,0.4432526,0.4063185,-0.6138372,0.5891114,0.3387673,-0.8325221,0.4693733,0.430521,0.1,3,0,-0.7285515,1.083431,0.5397228,-0.8419713,0.4535747,0.4761809,False,1,1,0
6/26/2025 6:58:23 PM,1750957103577,Left,-0.8444653,0.4754713,0.4038274,-0.5986754,0.6126285,0.3380924,-0.8237318,0.5021617,0.4287406,0.1,3,0,-0.7098746,1.116999,0.5410023,-0.8339616,0.4855073,0.4742998,False,1,1,0
6/26/2025 6:58:23 PM,1750957103590,Left,-0.8408995,0.4918523,0.4031161,-0.5903561,0.6246637,0.3387056,-0.819006,0.5187356,0.4284226,0.1,3,0,-0.7001565,1.13355,0.5423336,-0.8288755,0.5017695,0.4739493,False,1,1,0
6/26/2025 6:58:23 PM,1750957103618,Left,-0.8338275,0.5231349,0.402581,-0.5733776,0.6471413,0.339715,-0.8096948,0.550312,0.4285555,0.1,3,0,-0.6811854,1.164787,0.5450436,-0.8188616,0.5325243,0.473821,False,1,1,0
6/26/2025 6:58:23 PM,1750957103632,Left,-0.8320708,0.539247,0.403235,-0.5634828,0.6569642,0.3397573,-0.806733,0.5664324,0.4292037,0.1,3,0,-0.671028,1.179189,0.5451313,-0.8134611,0.5472447,0.4743909,False,1,1,0
6/26/2025 6:58:23 PM,1750957103660,Left,-0.8241292,0.5682229,0.4049488,-0.5435083,0.6751129,0.3388368,-0.7966264,0.5954908,0.4301859,0.1,3,0,-0.6515911,1.207175,0.5435072,-0.8026917,0.5749683,0.4749749,False,1,1,0
6/26/2025 6:58:23 PM,1750957103674,Left,-0.8204784,0.5817587,0.4063743,-0.5325868,0.6823871,0.3380803,-0.7918887,0.6090795,0.4313621,0.1,3,0,-0.6429455,1.220383,0.5434974,-0.7981055,0.5883035,0.4758688,False,1,1,0
6/26/2025 6:58:23 PM,1750957103688,Left,-0.8170065,0.5946509,0.4079836,-0.5209944,0.6898333,0.3375201,-0.7875741,0.6219286,0.4326796,0.1,3,0,-0.6341339,1.23302,0.5438359,-0.7928885,0.6010185,0.4772233,False,1,1,0
6/26/2025 6:58:23 PM,1750957103715,Left,-0.8104275,0.6182387,0.4117259,-0.4981478,0.7009426,0.3362595,-0.7788727,0.64518,0.4354253,0.1,3,0,-0.615749,1.25566,0.5429972,-0.7831302,0.6243131,0.4802971,False,1,1,0
6/26/2025 6:58:23 PM,1750957103730,Left,-0.8073469,0.6289629,0.4142045,-0.486154,0.7053134,0.3357984,-0.7745275,0.6560061,0.4365587,0.1,3,0,-0.6062015,1.265318,0.5401942,-0.7775342,0.6353422,0.4811462,False,1,1,0
6/26/2025 6:58:23 PM,1750957103758,Left,-0.8010659,0.6484898,0.4190873,-0.4632528,0.7121422,0.3347393,-0.7667571,0.67478,0.4397743,0.1,3,0,-0.590217,1.284215,0.5336596,-0.7684261,0.6549231,0.4829154,False,1,1,0
6/26/2025 6:58:23 PM,1750957103771,Left,-0.7981182,0.6577471,0.4221841,-0.4510343,0.7147577,0.3336006,-0.7631685,0.6837515,0.4417768,0.1,3,0,-0.5837969,1.292336,0.5316296,-0.7643103,0.663765,0.4849282,False,1,1,0
6/26/2025 6:58:23 PM,1750957103799,Left,-0.7922272,0.673309,0.4278337,-0.4282473,0.7184509,0.3299853,-0.7567554,0.699082,0.4456019,0.1,3,0,-0.5713716,1.308588,0.5284994,-0.7542776,0.6806705,0.4892888,False,1,1,0
6/26/2025 6:58:23 PM,1750957103813,Left,-0.7886133,0.6805369,0.4314448,-0.416545,0.7199038,0.3269785,-0.7527373,0.7062837,0.4479941,0.1,3,0,-0.5655147,1.315294,0.5256571,-0.7499368,0.6878273,0.4915488,False,1,1,0
6/26/2025 6:58:23 PM,1750957103827,Left,-0.7854682,0.6877507,0.4351409,-0.4052024,0.7210566,0.3240261,-0.7491872,0.7133663,0.4501752,0.1,3,0,-0.5595391,1.322025,0.5221456,-0.7457446,0.6945593,0.4936891,False,1,1,0
6/26/2025 6:58:23 PM,1750957103854,Left,-0.7786223,0.6987166,0.4426569,-0.3837374,0.7214804,0.3162766,-0.7415326,0.7250187,0.4539964,0.1,3,0,-0.5485152,1.334446,0.5148324,-0.7378871,0.7061561,0.4998673,False,1,1,0
6/26/2025 6:58:23 PM,1750957103868,Left,-0.7751962,0.7040188,0.4462838,-0.3737616,0.721861,0.312616,-0.7381009,0.7305863,0.4563377,0.1,3,0,-0.5439206,1.340581,0.5107898,-0.7333366,0.7112519,0.5023012,False,1,1,0
6/26/2025 6:58:23 PM,1750957103896,Left,-0.7687187,0.7131149,0.4546879,-0.3532364,0.721792,0.2998118,-0.7313997,0.740951,0.461152,0.1,3,0,-0.5348547,1.353375,0.5018824,-0.7244496,0.7216328,0.506905,False,1,1,0
6/26/2025 6:58:23 PM,1750957103910,Left,-0.7650812,0.7178518,0.4589666,-0.3429801,0.7215698,0.2928338,-0.7280789,0.7460584,0.4637359,0.1,3,0,-0.5300456,1.360503,0.4978108,-0.7193738,0.7271272,0.5099511,False,1,1,0
6/26/2025 6:58:23 PM,1750957103938,Left,-0.7578647,0.7262284,0.4680154,-0.3263506,0.7237946,0.2778189,-0.7203637,0.7563723,0.4692449,0.1,3,0,-0.5206873,1.375337,0.4885961,-0.7109389,0.7381111,0.5142791,False,1,1,0
6/26/2025 6:58:23 PM,1750957103952,Left,-0.7538968,0.7305672,0.4723927,-0.3178806,0.7255269,0.2700709,-0.7173604,0.7611418,0.4722127,0.1,3,0,-0.5161452,1.383337,0.4834516,-0.7053058,0.7434476,0.5152811,False,1,1,0
6/26/2025 6:58:23 PM,1750957103979,Left,-0.7448418,0.7404535,0.481038,-0.3027305,0.730141,0.2524755,-0.7084216,0.7732927,0.4770864,0.1,3,0,-0.507237,1.398908,0.4717549,-0.694482,0.7544872,0.5187349,False,1,1,0
6/26/2025 6:58:23 PM,1750957103993,Left,-0.7404466,0.7452679,0.4851774,-0.2961248,0.7329593,0.242851,-0.7042306,0.7790704,0.4795232,0.1,3,0,-0.5029322,1.406382,0.4658481,-0.68922,0.7602867,0.5201924,False,1,1,0
6/26/2025 6:58:24 PM,1750957104007,Left,-0.7357554,0.7499821,0.4882959,-0.2909763,0.7364742,0.2318027,-0.6999324,0.7844731,0.4807578,0.1,3,0,-0.4992349,1.413657,0.4601246,-0.683871,0.7659056,0.521769,False,1,1,0
6/26/2025 6:58:24 PM,1750957104035,Left,-0.7267475,0.7605789,0.4950922,-0.2835374,0.7444271,0.2107878,-0.6926285,0.7954115,0.4844595,0.1,3,0,-0.4919472,1.42848,0.4499599,-0.6711444,0.778979,0.5240335,False,1,1,0
6/26/2025 6:58:24 PM,1750957104049,Left,-0.7216894,0.7664348,0.4981589,-0.2814324,0.7494754,0.1992971,-0.6879365,0.8017619,0.4859926,0.1,3,0,-0.4884967,1.435924,0.4448684,-0.6650567,0.7860305,0.5252614,False,1,1,0
6/26/2025 6:58:24 PM,1750957104077,Left,-0.711376,0.7780411,0.503691,-0.2784334,0.7594842,0.1797849,-0.6783643,0.8145489,0.4882047,0.1,3,0,-0.480435,1.450767,0.4345924,-0.6539893,0.7981668,0.5284576,False,1,1,0
6/26/2025 6:58:24 PM,1750957104090,Left,-0.705628,0.7844127,0.5063214,-0.2779408,0.7647466,0.1690933,-0.6733122,0.8209043,0.4896691,0.1,3,0,-0.4760804,1.457937,0.4295615,-0.6478123,0.8048472,0.5280733,False,1,1,0
6/26/2025 6:58:24 PM,1750957104118,Left,-0.6933336,0.7960514,0.5101003,-0.2788497,0.7738569,0.1479677,-0.6619401,0.8330711,0.4909372,0.1,3,0,-0.4684465,1.471348,0.4192045,-0.6357389,0.8176298,0.5281757,False,1,1,0
6/26/2025 6:58:24 PM,1750957104132,Left,-0.6862702,0.8018312,0.5115215,-0.2804936,0.7787876,0.1363578,-0.6557805,0.8389559,0.4910774,0.1,3,0,-0.4648947,1.478235,0.4139444,-0.628948,0.8240681,0.5278656,False,1,1,0
6/26/2025 6:58:24 PM,1750957104160,Left,-0.6723885,0.8142053,0.5143661,-0.2853067,0.7880888,0.1127282,-0.6435266,0.8519991,0.4919459,0.1,3,0,-0.4568549,1.49249,0.403641,-0.6142804,0.8368141,0.5255924,False,1,1,0
6/26/2025 6:58:24 PM,1750957104174,Left,-0.6635057,0.822389,0.5163421,-0.2884023,0.7926461,0.1012816,-0.6356836,0.8605533,0.4928684,0.1,3,0,-0.4525659,1.499546,0.3985785,-0.6062913,0.8427926,0.5246541,False,1,1,0
6/26/2025 6:58:24 PM,1750957104187,Left,-0.6542935,0.8295627,0.5160578,-0.2911815,0.7971516,0.08973958,-0.6283283,0.8674046,0.4921066,0.1,3,0,-0.4485065,1.506332,0.3934458,-0.5992637,0.8481128,0.5229002,False,1,1,0
6/26/2025 6:58:24 PM,1750957104215,Left,-0.6360493,0.8408837,0.5140748,-0.2977643,0.8053434,0.06811533,-0.6117379,0.8803315,0.4883552,0.1,3,0,-0.439917,1.518677,0.3828768,-0.5801135,0.8590632,0.5186778,False,1,1,0
6/26/2025 6:58:24 PM,1750957104229,Left,-0.6357125,0.8384624,0.5151032,-0.3013149,0.808506,0.05629988,-0.6039348,0.8870975,0.486119,0.1,3,0,-0.4356592,1.524497,0.3776838,-0.5711153,0.8642227,0.515956,False,1,1,0
6/26/2025 6:58:24 PM,1750957104257,Left,-0.6059023,0.8524762,0.5136575,-0.308205,0.8160738,0.0359319,-0.5859889,0.8929145,0.4859277,0.1,3,0,-0.4273223,1.534347,0.3673919,-0.5516881,0.8725414,0.511519,False,1,1,0
6/26/2025 6:58:24 PM,1750957104270,Left,-0.5947918,0.8566582,0.5128162,-0.3119143,0.8193715,0.02618619,-0.5758398,0.8982259,0.4841334,0.1,3,0,-0.4232432,1.538764,0.3626877,-0.5407141,0.8765013,0.5095046,False,1,1,0
6/26/2025 6:58:24 PM,1750957104298,Left,-0.5721397,0.8643188,0.5113242,-0.3183487,0.8244472,0.007745955,-0.5569209,0.9048877,0.4817815,0.1,3,0,-0.4149579,1.545719,0.3538581,-0.5190455,0.8839564,0.5046777,False,1,1,0
6/26/2025 6:58:24 PM,1750957104312,Left,-0.5593713,0.8680614,0.5100929,-0.3216278,0.8277907,-0.001066432,-0.5463169,0.9086796,0.479831,0.1,3,0,-0.4106619,1.548538,0.3500326,-0.5078382,0.8875014,0.5021492,False,1,1,0
6/26/2025 6:58:24 PM,1750957104340,Left,-0.5342848,0.8758177,0.5086049,-0.3269133,0.8294591,-0.01922255,-0.5253229,0.9152061,0.4783157,0.1,3,0,-0.4019057,1.553721,0.3430241,-0.4858849,0.8937629,0.4978968,False,1,1,0
6/26/2025 6:58:24 PM,1750957104354,Left,-0.5211349,0.8796476,0.5073579,-0.3297028,0.832203,-0.02735555,-0.5134373,0.9186568,0.4769898,0.1,3,0,-0.3971012,1.555958,0.3398854,-0.4739263,0.8972707,0.4949864,False,1,1,0
6/26/2025 6:58:24 PM,1750957104368,Left,-0.5082589,0.8828889,0.5079069,-0.3329313,0.8361422,-0.0325196,-0.5019927,0.9216018,0.4770191,0.1,3,0,-0.3921288,1.558089,0.3367534,-0.4607875,0.9006205,0.493165,False,1,1,0
6/26/2025 6:58:24 PM,1750957104395,Left,-0.4820846,0.890493,0.5087437,-0.3389531,0.8374614,-0.05162041,-0.4794738,0.927722,0.4774876,0.1,3,0,-0.3814638,1.561082,0.3312483,-0.4356141,0.9073009,0.4887386,False,1,1,0
6/26/2025 6:58:24 PM,1750957104410,Left,-0.4679693,0.8938347,0.5080425,-0.3397678,0.8371,-0.05385347,-0.4684588,0.9298121,0.4766558,0.1,3,0,-0.3761938,1.561936,0.3286169,-0.423828,0.910055,0.4875647,False,1,1,0
6/26/2025 6:58:24 PM,1750957104438,Left,-0.4397887,0.9007901,0.5077758,-0.3429605,0.8364736,-0.06429697,-0.442647,0.9356887,0.475586,0.1,3,0,-0.3649164,1.563911,0.3239383,-0.3975009,0.9169481,0.4832702,False,1,1,0
6/26/2025 6:58:24 PM,1750957104451,Left,-0.425597,0.9040775,0.5075345,-0.3446066,0.8361176,-0.06915718,-0.4309785,0.9373572,0.4757574,0.1,3,0,-0.3588059,1.564977,0.3216699,-0.3846281,0.9197247,0.4818923,False,1,1,0
6/26/2025 6:58:24 PM,1750957104479,Left,-0.3966804,0.911104,0.5049123,-0.3475644,0.8346102,-0.07581833,-0.4044738,0.9428616,0.4731336,0.1,3,0,-0.3455356,1.567061,0.3174734,-0.3585429,0.9257846,0.4776888,False,1,1,0
6/26/2025 6:58:24 PM,1750957104493,Left,-0.3817738,0.9149191,0.5036123,-0.3487396,0.8335318,-0.07777271,-0.3912295,0.9457423,0.4719523,0.1,3,0,-0.3377472,1.567312,0.3162469,-0.3449368,0.9281358,0.4760602,False,1,1,0
6/26/2025 6:58:24 PM,1750957104507,Left,-0.3674079,0.9185516,0.5024143,-0.3502622,0.8321243,-0.08003158,-0.377999,0.9484997,0.4709128,0.1,3,0,-0.3300672,1.567524,0.3152133,-0.3317208,0.9304975,0.4742572,False,1,1,0
6/26/2025 6:58:24 PM,1750957104535,Left,-0.3392484,0.9250678,0.501275,-0.3496101,0.8305532,-0.08337588,-0.352102,0.9528167,0.4702545,0.1,3,0,-0.3130927,1.56609,0.3139518,-0.3058819,0.9344149,0.4708277,False,1,1,0
6/26/2025 6:58:24 PM,1750957104549,Left,-0.32475,0.9287272,0.5004042,-0.3497857,0.8282802,-0.08300954,-0.3386502,0.9552233,0.4696149,0.1,3,0,-0.3045224,1.565164,0.3134435,-0.2928598,0.9362652,0.4693675,False,1,1,0
6/26/2025 6:58:24 PM,1750957104577,Left,-0.2968411,0.9349195,0.4987572,-0.3461158,0.824745,-0.08242217,-0.3127951,0.9588711,0.4684866,0.1,3,0,-0.2866063,1.562504,0.3126448,-0.267004,0.9394656,0.4665892,False,1,1,0
6/26/2025 6:58:24 PM,1750957104591,Left,-0.2826539,0.937012,0.4991677,-0.3457392,0.8213508,-0.08047941,-0.2996061,0.9596877,0.4690923,0.1,3,0,-0.2772795,1.560774,0.3123096,-0.2538114,0.9408273,0.4654896,False,1,1,0
6/26/2025 6:58:24 PM,1750957104619,Left,-0.2559248,0.9410375,0.4988497,-0.3440094,0.8141414,-0.07581847,-0.2742293,0.9613921,0.4691837,0.1,3,0,-0.2572517,1.557853,0.3123491,-0.2278685,0.9434163,0.4637673,False,1,1,0
6/26/2025 6:58:24 PM,1750957104633,Left,-0.2415939,0.9437402,0.4991021,-0.3424579,0.8101901,-0.07219904,-0.2608229,0.9628951,0.4695964,0.1,3,0,-0.2468171,1.556664,0.3125559,-0.2150273,0.9448379,0.4631964,False,1,1,0
6/26/2025 6:58:24 PM,1750957104660,Left,-0.2144456,0.9487007,0.4990531,-0.3383747,0.8027388,-0.0646683,-0.2349901,0.9657258,0.4698679,0.1,3,0,-0.2265507,1.554186,0.3130914,-0.189113,0.9473769,0.4624375,False,1,1,0
6/26/2025 6:58:24 PM,1750957104674,Left,-0.200358,0.9512664,0.4993819,-0.3350066,0.7994437,-0.05950296,-0.2213157,0.9673005,0.470342,0.1,3,0,-0.2155296,1.553252,0.3137386,-0.1755291,0.948806,0.4624915,False,1,1,0
6/26/2025 6:58:24 PM,1750957104688,Left,-0.1860818,0.9533752,0.4998993,-0.3317019,0.7955111,-0.05457358,-0.2077261,0.9685498,0.4707972,0.1,3,0,-0.2037565,1.552314,0.3146018,-0.161923,0.950054,0.4622901,False,1,1,0
6/26/2025 6:58:24 PM,1750957104716,Left,-0.1579608,0.9577478,0.5009954,-0.3214709,0.7888288,-0.04303004,-0.1800877,0.9709033,0.4728006,0.1,3,0,-0.1795527,1.549526,0.3174244,-0.134975,0.9519157,0.4626913,False,1,1,0
6/26/2025 6:58:24 PM,1750957104730,Left,-0.1433139,0.9595609,0.501824,-0.3141131,0.7874833,-0.03563735,-0.1748294,0.9708851,0.4740521,0.1,3,0,-0.1674366,1.547544,0.3189671,-0.1211205,0.9527673,0.4626337,False,1,1,0
6/26/2025 6:58:24 PM,1750957104757,Left,-0.1140294,0.9621959,0.5033697,-0.3009578,0.780811,-0.02496882,-0.1374645,0.9722064,0.4763136,0.1,3,0,-0.1417291,1.543218,0.3230938,-0.09246106,0.9530353,0.4635978,False,1,1,0
6/26/2025 6:58:24 PM,1750957104771,Left,-0.098788,0.9634015,0.504449,-0.2921392,0.775161,-0.02097682,-0.1225723,0.9725937,0.477754,0.1,3,0,-0.1276274,1.541353,0.3252724,-0.07751489,0.9531298,0.4643194,False,1,1,0
6/26/2025 6:58:24 PM,1750957104799,Left,-0.06872934,0.9648299,0.5064333,-0.2734729,0.770327,-0.008244717,-0.0934673,0.9726532,0.4804594,0.1,3,0,-0.09818161,1.53778,0.3298289,-0.04870079,0.9528695,0.4657902,False,1,1,0
6/26/2025 6:58:24 PM,1750957104813,Left,-0.05290854,0.9652516,0.5076702,-0.2623536,0.767435,-0.0009242129,-0.07705922,0.9726106,0.4819962,0.1,3,0,-0.08305442,1.535923,0.3321503,-0.03273328,0.9526746,0.4664392,False,1,1,0
6/26/2025 6:58:24 PM,1750957104826,Left,-0.0377496,0.965749,0.5085905,-0.2518892,0.7648517,0.006030736,-0.06145734,0.9723446,0.483447,0.1,3,0,-0.06773245,1.534274,0.3343247,-0.01725999,0.9521289,0.4672491,False,1,1,0
6/26/2025 6:58:24 PM,1750957104854,Left,-0.007182605,0.9657425,0.5108562,-0.229269,0.7599764,0.02020581,-0.03074723,0.9721767,0.4861042,0.1,3,0,-0.03594911,1.532577,0.3387001,0.01345623,0.9513733,0.4693242,False,1,1,0
6/26/2025 6:58:24 PM,1750957104868,Left,0.008355892,0.9658085,0.5119466,-0.2178608,0.7574686,0.02748667,-0.01563742,0.972807,0.4875272,0.1,3,0,-0.01666009,1.534668,0.3411827,0.02861876,0.9513243,0.4708028,False,1,1,0
6/26/2025 6:58:24 PM,1750957104896,Left,0.0397097,0.9653305,0.5152798,-0.1942646,0.7533377,0.04166156,0.0177308,0.9723734,0.491072,0.1,3,0,0.01675868,1.533114,0.3451729,0.06094714,0.9501376,0.4733977,False,1,1,0
6/26/2025 6:58:24 PM,1750957104910,Left,0.05550209,0.965109,0.5168171,-0.1820746,0.7513123,0.04877156,0.03352642,0.9721124,0.4929715,0.1,3,0,0.03286231,1.532357,0.3470836,0.07662546,0.9494705,0.4746985,False,1,1,0
6/26/2025 6:58:24 PM,1750957104938,Left,0.08604838,0.9648793,0.5197876,-0.1568966,0.7484064,0.06201263,0.06366489,0.9722229,0.4959874,0.1,3,0,0.0622623,1.532656,0.3506625,0.1064081,0.9493861,0.4771541,False,1,1,0
6/26/2025 6:58:24 PM,1750957104951,Left,0.1017149,0.9646116,0.5211333,-0.1432499,0.7472385,0.06852045,0.07928989,0.9717891,0.4975933,0.1,3,0,0.07672691,1.532428,0.3523257,0.1221054,0.9490318,0.4788315,False,1,1,0
6/26/2025 6:58:24 PM,1750957104980,Left,0.1325281,0.9631771,0.5242742,-0.1112052,0.7473088,0.08079182,0.1098552,0.9715335,0.5006173,0.1,3,0,0.1063054,1.533542,0.3557125,0.1524664,0.9486057,0.4818172,False,1,1,0
6/26/2025 6:58:24 PM,1750957104993,Left,0.1482639,0.9622299,0.5258104,-0.09475899,0.7470269,0.08631139,0.1247927,0.9705399,0.5022683,0.1,3,0,0.1209446,1.533691,0.3571399,0.1671722,0.9479629,0.483203,False,1,1,0
6/26/2025 6:58:25 PM,1750957105007,Left,0.1643358,0.9621295,0.5275069,-0.07559417,0.7465909,0.0914674,0.1412301,0.9706893,0.5039786,0.1,3,0,0.1353244,1.533487,0.3584189,0.1832047,0.9470152,0.4847133,False,1,1,0
6/26/2025 6:58:25 PM,1750957105035,Left,0.1949025,0.9610744,0.5301472,-0.0360065,0.7454093,0.1011756,0.1711216,0.9703023,0.5065744,0.1,3,0,0.1639313,1.533648,0.3611162,0.2129119,0.9456671,0.4874985,False,1,1,0
6/26/2025 6:58:25 PM,1750957105049,Left,0.2104834,0.9603495,0.5316809,-0.01502662,0.7454281,0.1060333,0.186633,0.969843,0.5080279,0.1,3,0,0.1775116,1.533718,0.3622469,0.2285257,0.9450991,0.4890817,False,1,1,0
6/26/2025 6:58:25 PM,1750957105077,Left,0.2402595,0.9603465,0.5344945,0.02674239,0.7459472,0.1142134,0.2154238,0.9704146,0.5107214,0.1,3,0,0.2016217,1.534759,0.3650684,0.2570156,0.9447216,0.4924089,False,1,1,0
6/26/2025 6:58:25 PM,1750957105090,Left,0.2551175,0.9600205,0.5362105,0.04802722,0.7478912,0.1186684,0.2287968,0.9705403,0.5122869,0.1,3,0,0.214507,1.535975,0.3664172,0.2702204,0.9446728,0.4937499,False,1,1,0
6/26/2025 6:58:25 PM,1750957105118,Left,0.2834946,0.9604633,0.5394867,0.08979227,0.7525021,0.1272516,0.2577417,0.972185,0.5155348,0.1,3,0,0.2394541,1.539009,0.3685457,0.298331,0.9450766,0.4965348,False,1,1,0
6/26/2025 6:58:25 PM,1750957105132,Left,0.29722,0.9608995,0.5409381,0.1112486,0.7573075,0.1314307,0.2712386,0.9732692,0.5169362,0.1,3,0,0.2514902,1.540743,0.3697169,0.3114274,0.9452714,0.4979158,False,1,1,0
6/26/2025 6:58:25 PM,1750957105159,Left,0.3239877,0.9612106,0.5435959,0.1517569,0.7684007,0.1391535,0.2976984,0.9750065,0.5197193,0.1,3,0,0.2754523,1.544425,0.3722878,0.3368899,0.9456376,0.5000584,False,1,1,0
6/26/2025 6:58:25 PM,1750957105174,Left,0.3375295,0.9613269,0.5451941,0.1724248,0.77637,0.1444017,0.310959,0.9758793,0.5213652,0.1,3,0,0.2874649,1.546095,0.3737483,0.3500472,0.9456835,0.501149,False,1,1,0
6/26/2025 6:58:25 PM,1750957105188,Left,0.3502576,0.9613744,0.545903,0.1902532,0.784214,0.1497644,0.3237741,0.9765558,0.5223277,0.1,3,0,0.2998917,1.547471,0.3752216,0.3628893,0.9454216,0.5020248,False,1,1,0
6/26/2025 6:58:25 PM,1750957105215,Left,0.3761841,0.9602795,0.5479911,0.2253205,0.7988489,0.1604003,0.3493957,0.9764477,0.5248326,0.1,3,0,0.3239567,1.548291,0.3786356,0.3873785,0.9440789,0.5036069,False,1,1,0
6/26/2025 6:58:25 PM,1750957105229,Left,0.389197,0.959168,0.5488027,0.2405434,0.8064747,0.1671775,0.3624425,0.9757912,0.5259314,0.1,3,0,0.335758,1.547495,0.3804473,0.3999242,0.9427904,0.5043243,False,1,1,0
6/26/2025 6:58:25 PM,1750957105257,Left,0.4152541,0.9555699,0.5508008,0.2699569,0.8206652,0.1795886,0.3879384,0.971969,0.5288904,0.1,3,0,0.3595534,1.543385,0.3848156,0.4229426,0.9392514,0.5045856,False,1,1,0
6/26/2025 6:58:25 PM,1750957105271,Left,0.4289348,0.9527956,0.5518455,0.2825332,0.8269835,0.1874136,0.4013027,0.969631,0.5301532,0.1,3,0,0.3713439,1.540466,0.3871802,0.4352406,0.9364621,0.5052188,False,1,1,0
6/26/2025 6:58:25 PM,1750957105299,Left,0.4539212,0.9425268,0.5527943,0.3063208,0.8382253,0.2021603,0.4261355,0.959477,0.5320126,0.1,3,0,0.3957701,1.533059,0.3926623,0.4614279,0.9281002,0.5079567,False,1,1,0
6/26/2025 6:58:25 PM,1750957105312,Left,0.4685241,0.9385498,0.5535821,0.3191245,0.8429654,0.2095995,0.4401687,0.9547705,0.5332577,0.1,3,0,0.4083245,1.527801,0.3958173,0.475132,0.9230947,0.5093185,False,1,1,0
6/26/2025 6:58:25 PM,1750957105341,Left,0.4973677,0.9281718,0.5563341,0.3433298,0.8499981,0.2226797,0.4686779,0.9449123,0.5367208,0.1,3,0,0.4343558,1.515979,0.4018086,0.5051751,0.9114918,0.5124536,False,1,1,0
6/26/2025 6:58:25 PM,1750957105354,Left,0.5122064,0.9219526,0.557718,0.3547971,0.8529999,0.2300476,0.4832193,0.9386241,0.5385947,0.1,3,0,0.4477198,1.509597,0.4049654,0.5196797,0.9050075,0.5137625,False,1,1,0
6/26/2025 6:58:25 PM,1750957105368,Left,0.5271552,0.9149997,0.559635,0.3668585,0.8548452,0.2376309,0.4980581,0.9315702,0.5410079,0.1,3,0,0.4612556,1.50249,0.4087656,0.5336773,0.8982055,0.515507,False,1,1,0
6/26/2025 6:58:25 PM,1750957105396,Left,0.5595379,0.8999333,0.565053,0.3883148,0.8562253,0.2530577,0.5291766,0.9166399,0.5466263,0.1,3,0,0.4895138,1.487442,0.4168739,0.5632259,0.8832263,0.5194491,False,1,1,0
6/26/2025 6:58:25 PM,1750957105409,Left,0.5766984,0.892586,0.5685666,0.3992136,0.8563744,0.260545,0.5448876,0.9104205,0.5506665,0.1,3,0,0.5039936,1.47938,0.4207284,0.5775585,0.8756214,0.5224221,False,1,1,0
6/26/2025 6:58:25 PM,1750957105437,Left,0.6060251,0.8758636,0.5708125,0.4197548,0.8559964,0.2766158,0.5765241,0.8931596,0.5544608,0.1,3,0,0.5351353,1.46301,0.4279993,0.609721,0.8578553,0.5266342,False,1,1,0
6/26/2025 6:58:25 PM,1750957105451,Left,0.6189297,0.8655794,0.5691025,0.4324736,0.8555316,0.2830528,0.5898044,0.8833109,0.5535556,0.1,3,0,0.5513103,1.454601,0.4322851,0.6241319,0.8480365,0.5271702,False,1,1,0
6/26/2025 6:58:25 PM,1750957105466,Left,0.6346521,0.8568993,0.5717966,0.4437044,0.8550511,0.2911722,0.6058447,0.8745037,0.5564811,0.1,3,0,0.5680463,1.4462,0.4366431,0.6392204,0.839901,0.5301887,False,1,1,0
6/26/2025 6:58:25 PM,1750957105493,Left,0.6658201,0.8391169,0.574913,0.465069,0.8530421,0.3079968,0.6352913,0.858606,0.5610062,0.1,3,0,0.6005391,1.428793,0.4463726,0.6670775,0.8229607,0.5332347,False,1,1,0
6/26/2025 6:58:25 PM,1750957105507,Left,0.6821985,0.8291601,0.576696,0.4762495,0.8512656,0.3165344,0.6501986,0.8496488,0.5630465,0.1,3,0,0.6183121,1.420079,0.4505314,0.6817541,0.8145403,0.5350977,False,1,1,0
6/26/2025 6:58:25 PM,1750957105535,Left,0.711631,0.8108627,0.5785809,0.4979482,0.8474511,0.3338816,0.6863087,0.8288476,0.5666425,0.1,3,0,0.6560645,1.402209,0.457745,0.7131043,0.7951813,0.5377725,False,1,1,0
6/26/2025 6:58:25 PM,1750957105548,Left,0.7272949,0.8019904,0.5787109,0.5095073,0.8449816,0.3431878,0.7015984,0.820641,0.5675194,0.1,3,0,0.6750925,1.391966,0.4619197,0.7272865,0.7859707,0.5387329,False,1,1,0
6/26/2025 6:58:25 PM,1750957105576,Left,0.7555988,0.7834125,0.5803569,0.5317373,0.8398698,0.3622072,0.7333562,0.8006284,0.5706849,0.1,3,0,0.7154936,1.371708,0.4689436,0.760578,0.7661001,0.5403332,False,1,1,0
6/26/2025 6:58:25 PM,1750957105590,Left,0.7699714,0.771435,0.5799972,0.5431272,0.835833,0.3727805,0.7486104,0.7883992,0.5710568,0.1,3,0,0.7343889,1.360298,0.4720871,0.7757659,0.7557884,0.5403508,False,1,1,0
6/26/2025 6:58:25 PM,1750957105618,Left,0.7990852,0.7539133,0.5794991,0.5651459,0.8267936,0.3938095,0.7797186,0.7693448,0.5722153,0.1,3,0,0.7705615,1.334491,0.4787036,0.804014,0.7334012,0.5405732,False,1,1,0
6/26/2025 6:58:25 PM,1750957105632,Left,0.815698,0.74066,0.5818642,0.5770183,0.8207526,0.4043573,0.7972219,0.7556437,0.5751747,0.1,3,0,0.7876373,1.322023,0.4817106,0.8169306,0.7223257,0.5407444,False,1,1,0
6/26/2025 6:58:25 PM,1750957105660,Left,0.8432675,0.7169999,0.5832955,0.5986986,0.8080058,0.42438,0.8269018,0.7294583,0.5777973,0.1,3,0,0.8195814,1.292891,0.4877179,0.8413649,0.6991065,0.542166,False,1,1,0
6/26/2025 6:58:25 PM,1750957105674,Left,0.8554132,0.705923,0.5829531,0.6087945,0.8004463,0.4339952,0.8363959,0.7199382,0.5778811,0.1,3,0,0.8355129,1.279816,0.4904225,0.8549483,0.6888439,0.5427262,False,1,1,0
6/26/2025 6:58:25 PM,1750957105688,Left,0.8678609,0.6937995,0.5835105,0.6184263,0.7909555,0.4416862,0.8501537,0.706628,0.5792809,0.1,3,0,0.8514369,1.267552,0.492092,0.8694043,0.676956,0.542643,False,1,1,0
6/26/2025 6:58:25 PM,1750957105716,Left,0.8913833,0.6708003,0.5838185,0.6352721,0.7667336,0.4532017,0.8763146,0.6811942,0.5802324,0.1,3,0,0.8817709,1.240463,0.4936924,0.8983443,0.6517019,0.5406854,False,1,1,0
6/26/2025 6:58:25 PM,1750957105730,Left,0.9029748,0.6590378,0.584484,0.6421868,0.7544351,0.4551229,0.8884306,0.6684006,0.5810053,0.1,3,0,0.896411,1.226226,0.4935778,0.9118069,0.6393079,0.5389201,False,1,1,0
6/26/2025 6:58:25 PM,1750957105757,Left,0.918666,0.6374392,0.5848333,0.6575678,0.7375193,0.4536317,0.9042853,0.6443932,0.5829025,0.1,3,0,0.9225124,1.194616,0.4944843,0.9373358,0.6137165,0.5346286,False,1,1,0
6/26/2025 6:58:25 PM,1750957105771,Left,0.9276294,0.6231721,0.5869512,0.6632015,0.729507,0.4544936,0.9150757,0.6261055,0.5853562,0.1,3,0,0.9330518,1.18019,0.4952461,0.9399371,0.6089891,0.5346525,False,1,1,0
6/26/2025 6:58:25 PM,1750957105799,Left,0.9437885,0.597008,0.5879505,0.6748949,0.7137825,0.4496327,0.9282679,0.6220117,0.5731015,0.1,3,0,0.9520752,1.150207,0.495755,0.9433084,0.5994976,0.5370916,False,1,1,0
6/26/2025 6:58:25 PM,1750957105813,Left,0.9510468,0.5835103,0.5877497,0.6784714,0.7031879,0.448808,0.9273692,0.6238582,0.5747817,0.1,3,0,0.960828,1.135664,0.4949355,0.9455761,0.5936423,0.5384591,False,1,1,0
6/26/2025 6:58:25 PM,1750957105827,Left,0.957813,0.569817,0.5881013,0.6797807,0.697802,0.4564537,0.9305034,0.6171377,0.5762833,0.1,3,0,0.9698517,1.12065,0.4936829,0.9485666,0.5865068,0.5396018,False,1,1,0
6/26/2025 6:58:25 PM,1750957105854,Left,0.9691201,0.5419042,0.5876561,0.6851257,0.6698002,0.4528944,0.9387298,0.6027917,0.5777671,0.1,3,0,0.9859612,1.088443,0.493855,0.9553328,0.5698859,0.5412042,False,1,1,0
6/26/2025 6:58:25 PM,1750957105869,Left,0.9743126,0.5276864,0.5873644,0.6868449,0.6546649,0.4505129,0.9426478,0.5941544,0.5790971,0.1,3,0,0.9917538,1.073508,0.4947098,0.9589699,0.5603309,0.5417786,False,1,1,0
6/26/2025 6:58:25 PM,1750957105896,Left,0.9812742,0.4996295,0.5858859,0.6901048,0.6395826,0.4539141,0.9513852,0.5721653,0.5806484,0.1,3,0,1.001475,1.043741,0.4960854,0.9667961,0.5375779,0.5424372,False,1,1,0
6/26/2025 6:58:25 PM,1750957105910,Left,0.984757,0.4847947,0.5852405,0.6925796,0.6310741,0.4541762,0.9573618,0.5586572,0.5812862,0.1,3,0,1.006229,1.027664,0.4965117,0.970544,0.5249427,0.5425281,False,1,1,0
6/26/2025 6:58:25 PM,1750957105938,Left,0.9874632,0.4576977,0.5822749,0.6954781,0.613829,0.4553634,0.9666498,0.5292341,0.5808652,0.1,3,0,1.015647,0.9955496,0.497592,0.9778251,0.4959403,0.5422077,False,1,1,0
6/26/2025 6:58:25 PM,1750957105952,Left,0.989323,0.4428372,0.5811113,0.6971791,0.6044343,0.4564887,0.9700712,0.5144432,0.5799369,0.1,3,0,1.019639,0.9806744,0.4984018,0.9812311,0.4801371,0.5419271,False,1,1,0
6/26/2025 6:58:25 PM,1750957105980,Left,0.9906199,0.4153474,0.5790727,0.6996184,0.5845912,0.460311,0.9776615,0.4795407,0.5798163,0.1,3,0,1.027214,0.9527565,0.4997201,0.9874123,0.4452598,0.5409383,False,1,1,0
6/26/2025 6:58:25 PM,1750957105994,Left,0.9914274,0.4005856,0.5791068,0.7007561,0.5748892,0.4627212,0.9798957,0.4601954,0.5803112,0.1,3,0,1.030684,0.9384598,0.4996568,0.9904219,0.4264393,0.5401124,False,1,1,0
6/26/2025 6:58:26 PM,1750957106007,Left,0.9924411,0.3883092,0.5778173,0.7020646,0.5660629,0.4652225,0.9835635,0.4401018,0.5790787,0.1,3,0,1.033762,0.9250194,0.4993629,0.9933141,0.4061655,0.5391383,False,1,1,0
6/26/2025 6:58:26 PM,1750957106035,Left,0.9992927,0.3643767,0.577463,0.7038278,0.5478653,0.4724348,0.9934129,0.3972477,0.5784649,0.1,3,0,1.037498,0.8962196,0.5001554,0.9989957,0.3632889,0.5369747,False,1,1,0
6/26/2025 6:58:26 PM,1750957106049,Left,0.9998837,0.3528447,0.575727,0.7049733,0.538488,0.4766691,0.9953402,0.3742681,0.5765773,0.1,3,0,1.039245,0.8824126,0.5007666,1.002051,0.3405465,0.5358056,False,1,1,0
6/26/2025 6:58:26 PM,1750957106076,Left,1.003021,0.3304241,0.5744836,0.7061183,0.5214977,0.4848098,1.001119,0.3287827,0.5746658,0.1,3,0,1.040867,0.8573075,0.500836,1.007952,0.2962441,0.5329849,False,1,1,0
6/26/2025 6:58:26 PM,1750957106090,Left,1.005086,0.3193163,0.5736012,0.7077168,0.5134419,0.488513,1.002907,0.3171739,0.5739198,0.1,3,0,1.041581,0.8448797,0.5005753,1.009534,0.2849741,0.5319992,False,1,1,0
6/26/2025 6:58:26 PM,1750957106118,Left,1.005996,0.2937846,0.5751774,0.7087236,0.4975394,0.4978046,1.00326,0.2907825,0.5761869,0.1,3,0,1.041303,0.8208789,0.5020825,1.011914,0.2633991,0.5304279,False,1,1,0
6/26/2025 6:58:26 PM,1750957106132,Left,1.005635,0.2882567,0.5697459,0.708558,0.4896232,0.5030273,1.002729,0.2846395,0.5713546,0.1,3,0,1.04097,0.810172,0.5027319,1.01243,0.2528638,0.5297592,False,1,1,0
6/26/2025 6:58:26 PM,1750957106160,Left,1.004111,0.2724275,0.5660174,0.7070753,0.4736296,0.5119764,1.000842,0.2683626,0.5676845,0.1,3,0,1.040493,0.7889931,0.5008755,1.013834,0.2328283,0.5277271,False,2,1,0
6/26/2025 6:58:26 PM,1750957106174,Left,1.007905,0.262483,0.564776,0.7050966,0.46678,0.5176716,1.004297,0.2582952,0.5664755,0.1,3,0,1.040349,0.7785095,0.5003492,1.014068,0.2230953,0.5265695,False,2,1,0
6/26/2025 6:58:26 PM,1750957106188,Left,1.010918,0.2530886,0.5642576,0.7029158,0.4603576,0.523397,1.007232,0.2487921,0.5657584,0.1,3,0,1.039979,0.769291,0.5002292,1.014596,0.2138407,0.52582,False,2,1,0
6/26/2025 6:58:26 PM,1750957106216,Left,1.015624,0.2350707,0.5624114,0.700039,0.4514305,0.5326074,1.011409,0.2307314,0.5645941,0.1,3,0,1.038958,0.7517689,0.5007762,1.014932,0.1967624,0.5248278,False,2,1,0
6/26/2025 6:58:26 PM,1750957106229,Left,1.018088,0.225729,0.5615935,0.699707,0.4482294,0.5334794,1.013722,0.2211281,0.5639271,0.1,3,0,1.03904,0.7445631,0.5012255,1.015195,0.1880613,0.5242745,False,2,1,0
6/26/2025 6:58:26 PM,1750957106257,Left,1.022923,0.2075945,0.5602763,0.7013124,0.4457816,0.5327249,1.018423,0.2039453,0.5629534,0.1,3,0,1.039029,0.7311541,0.501617,1.01614,0.1745118,0.5236149,False,2,1,0
6/26/2025 6:58:26 PM,1750957106271,Left,1.025389,0.1984384,0.5597466,0.7035695,0.4467015,0.5311136,1.020701,0.1951163,0.5624669,0.1,3,0,1.03863,0.7254511,0.5012301,1.016364,0.1680734,0.5232494,False,2,1,0
6/26/2025 6:58:26 PM,1750957106299,Left,1.027306,0.1913708,0.5593997,0.7068089,0.4470918,0.5304397,1.022277,0.1874319,0.5619527,0.1,3,0,1.037142,0.7141369,0.4994904,1.016997,0.1566621,0.5221882,False,2,1,0
6/26/2025 6:58:26 PM,1750957106312,Left,1.027306,0.1913708,0.5593997,0.7081285,0.4464675,0.5308406,1.022015,0.1876253,0.5618495,0.1,3,0,1.036584,0.7087235,0.4986429,1.017547,0.1507251,0.5214052,False,2,1,0
6/26/2025 6:58:26 PM,1750957106326,Left,1.027306,0.1913708,0.5593997,0.7091548,0.446034,0.5310855,1.021742,0.1875432,0.5618508,0.1,3,0,1.036314,0.7036778,0.4978658,1.018215,0.1455708,0.5205309,False,2,1,0
6/26/2025 6:58:26 PM,1750957106354,Left,1.027306,0.1913708,0.5593997,0.7106722,0.4440749,0.5320402,1.021438,0.1878873,0.5621467,0.1,3,0,1.036891,0.6942967,0.4974818,1.020128,0.1358476,0.5190464,False,2,1,0
6/26/2025 6:58:26 PM,1750957106368,Left,1.027306,0.1913708,0.5593997,0.7108513,0.4427452,0.5321598,1.021166,0.1881803,0.5623839,0.1,3,0,1.036823,0.6898975,0.4975237,1.021156,0.1307198,0.5180839,False,2,1,0
6/26/2025 6:58:26 PM,1750957106396,Left,1.027306,0.1913708,0.5593997,0.7112373,0.4398714,0.5315687,1.020831,0.1887872,0.5626335,0.1,3,0,1.036828,0.6816929,0.4969149,1.022493,0.121144,0.5165324,False,2,1,0
6/26/2025 6:58:26 PM,1750957106410,Left,1.027306,0.1913708,0.5593997,0.7112652,0.4382192,0.5311936,1.020787,0.189423,0.5628019,0.1,3,0,1.037024,0.6778595,0.496703,1.022864,0.1158272,0.5156466,False,2,1,0
6/26/2025 6:58:26 PM,1750957106438,Left,1.027306,0.1913708,0.5593997,0.7114537,0.4353675,0.5301589,1.020571,0.1907499,0.5630165,0.1,3,0,1.036975,0.6701975,0.4960155,1.023682,0.1050688,0.5141008,False,2,1,0
6/26/2025 6:58:26 PM,1750957106452,Left,1.027306,0.1913708,0.5593997,0.7121609,0.4345897,0.5297632,1.020316,0.1913012,0.5630405,0.1,3,0,1.03597,0.6666654,0.4958985,1.023829,0.100142,0.5139204,False,2,1,0
6/26/2025 6:58:26 PM,1750957106480,Left,1.027306,0.1913708,0.5593997,0.7137415,0.4339036,0.5295412,1.01993,0.1925563,0.563058,0.1,3,0,1.03536,0.6603233,0.4956282,1.024629,0.09097975,0.5135477,False,2,1,0
6/26/2025 6:58:26 PM,1750957106493,Left,1.027306,0.1913708,0.5593997,0.7144578,0.4334691,0.5297758,1.020123,0.1932091,0.563056,0.1,3,0,1.036199,0.6572132,0.4948456,1.024696,0.08634649,0.512773,False,2,1,0
6/26/2025 6:58:26 PM,1750957106508,Left,1.027306,0.1913708,0.5593997,0.7155812,0.433393,0.5297675,1.020052,0.19281,0.5626769,0.1,3,0,1.036654,0.6539394,0.4938868,1.025434,0.08400404,0.5133303,False,2,1,0
6/26/2025 6:58:26 PM,1750957106535,Left,1.027306,0.1913708,0.5593997,0.7174699,0.4337426,0.5296872,1.01932,0.1914717,0.5624037,0.1,3,0,1.035183,0.6487844,0.492834,1.026891,0.08197154,0.5133703,False,2,1,0
6/26/2025 6:58:26 PM,1750957106549,Left,1.027306,0.1913708,0.5593997,0.7181731,0.4339008,0.5290249,1.01905,0.1907299,0.5623951,0.1,3,0,1.0345,0.6465293,0.4927855,1.027286,0.08144724,0.5133564,False,2,1,0
6/26/2025 6:58:26 PM,1750957106577,Left,1.027306,0.1913708,0.5593997,0.7192588,0.4335903,0.5277921,1.018665,0.1892443,0.5622831,0.1,3,0,1.033619,0.6418725,0.4924655,1.027943,0.08015861,0.513544,False,2,1,0
6/26/2025 6:58:26 PM,1750957106591,Left,1.027306,0.1913708,0.5593997,0.7194672,0.4331138,0.5274116,1.018724,0.1887432,0.5621303,0.1,3,0,1.033299,0.6399006,0.4918011,1.027392,0.07945441,0.5134313,False,2,1,0
6/26/2025 6:58:26 PM,1750957106619,Left,1.027306,0.1913708,0.5593997,0.7198647,0.4317251,0.5268294,1.018934,0.1880532,0.5619298,0.1,3,0,1.033404,0.6376848,0.4907058,1.026529,0.07852433,0.5131027,False,2,1,0
6/26/2025 6:58:26 PM,1750957106633,Left,1.027306,0.1913708,0.5593997,0.7200563,0.4311147,0.5266335,1.019077,0.1878237,0.5618294,0.1,3,0,1.033555,0.6364975,0.4901639,1.026216,0.07818564,0.5129719,False,2,1,0
6/26/2025 6:58:26 PM,1750957106660,Left,1.027306,0.1913708,0.5593997,0.7205819,0.4300832,0.5255756,1.019372,0.1873454,0.5616185,0.1,3,0,1.034123,0.63468,0.4890146,1.025624,0.07749531,0.5126919,False,2,1,0
6/26/2025 6:58:26 PM,1750957106674,Left,1.027306,0.1913708,0.5593997,0.7212166,0.4299157,0.5250694,1.019464,0.187158,0.5615219,0.1,3,0,1.03413,0.6339467,0.4884913,1.025263,0.07719921,0.5125546,False,2,1,0
6/26/2025 6:58:26 PM,1750957106688,Left,1.027306,0.1913708,0.5593997,0.7217613,0.4296521,0.5245438,1.019564,0.1870431,0.5614063,0.1,3,0,1.034268,0.6335588,0.4879172,1.024918,0.07697718,0.5123955,False,2,1,0
6/26/2025 6:58:26 PM,1750957106716,Left,1.027306,0.1913708,0.5593997,0.7226731,0.4289137,0.5237619,1.019657,0.1867888,0.5612092,0.1,3,0,1.034279,0.6327093,0.4868188,1.024649,0.07663572,0.5121605,False,2,1,0
6/26/2025 6:58:26 PM,1750957106730,Left,1.027306,0.1913708,0.5593997,0.7233279,0.428557,0.5238365,1.020037,0.1954199,0.5633203,0.1,3,0,1.034381,0.632404,0.4861076,1.024598,0.07557274,0.5118335,False,2,1,0
6/26/2025 6:58:26 PM,1750957106757,Left,1.027306,0.1913708,0.5593997,0.7242324,0.4277055,0.524415,1.02013,0.1912695,0.5612416,0.1,3,0,1.035264,0.6317409,0.4847488,1.024178,0.07050095,0.5108693,False,2,1,0
6/26/2025 6:58:26 PM,1750957106772,Left,1.027306,0.1913708,0.5593997,0.7248659,0.4274649,0.5248356,1.020167,0.1897186,0.5608014,0.1,3,0,1.035528,0.6310725,0.4840955,1.023894,0.06841451,0.5110472,False,2,1,0
6/26/2025 6:58:26 PM,1750957106799,Left,1.027306,0.1913708,0.5593997,0.7261093,0.4270679,0.5250177,1.020305,0.1894149,0.5606765,0.1,3,0,1.035639,0.6299806,0.4831482,1.023472,0.06795847,0.5105615,False,2,1,0
6/26/2025 6:58:26 PM,1750957106813,Left,1.027306,0.1913708,0.5593997,0.7265058,0.4268501,0.5249653,1.020295,0.1892774,0.5606024,0.1,3,0,1.035596,0.6295617,0.482692,1.023464,0.06785303,0.5104977,False,2,1,0
6/26/2025 6:58:26 PM,1750957106827,Left,1.027306,0.1913708,0.5593997,0.7272857,0.426759,0.5247946,1.020278,0.1891452,0.5603917,0.1,3,0,1.035914,0.6291185,0.4819211,1.023606,0.06771095,0.5106364,False,2,1,0
6/26/2025 6:58:26 PM,1750957106855,Left,1.027306,0.1913708,0.5593997,0.7277561,0.4258987,0.5245676,1.020261,0.1886937,0.5601418,0.1,3,0,1.036081,0.6274815,0.4807495,1.02408,0.06718727,0.5102549,False,2,1,0
6/26/2025 6:58:26 PM,1750957106869,Left,1.027306,0.1913708,0.5593997,0.728264,0.4256585,0.5243291,1.020133,0.1884644,0.5600601,0.1,3,0,1.036095,0.6266955,0.4802725,1.024552,0.06689984,0.5101833,False,2,1,0
6/26/2025 6:58:26 PM,1750957106897,Left,1.027306,0.1913708,0.5593997,0.7293965,0.4252219,0.5240898,1.020084,0.1880853,0.5600168,0.1,3,0,1.035964,0.6253394,0.4799905,1.024631,0.06642921,0.5100694,False,2,1,0
6/26/2025 6:58:26 PM,1750957106911,Left,1.027306,0.1913708,0.5593997,0.7300128,0.4250443,0.5239441,1.020129,0.1878296,0.5599486,0.1,3,0,1.036159,0.6244934,0.4796916,1.024577,0.06618885,0.5100364,False,2,1,0
6/26/2025 6:58:26 PM,1750957106938,Left,1.027306,0.1913708,0.5593997,0.7306548,0.4241848,0.5232853,1.020229,0.1873072,0.5598687,0.1,3,0,1.036391,0.622875,0.47949,1.024489,0.06568433,0.5099491,False,2,1,0
6/26/2025 6:58:26 PM,1750957106952,Left,1.027306,0.1913708,0.5593997,0.7309258,0.4235666,0.5229058,1.020198,0.1871695,0.5599247,0.1,3,0,1.036247,0.6222824,0.4795203,1.024445,0.06550811,0.5099728,False,2,1,0
6/26/2025 6:58:26 PM,1750957106980,Left,1.027306,0.1913708,0.5593997,0.7317035,0.4230693,0.5224988,1.020173,0.1867401,0.5599582,0.1,3,0,1.036207,0.6208699,0.4797065,1.024478,0.06509139,0.5100442,False,2,1,0
6/26/2025 6:58:26 PM,1750957106993,Left,1.027306,0.1913708,0.5593997,0.7320479,0.4228791,0.5223009,1.020186,0.1865598,0.5599988,0.1,3,0,1.03615,0.6202734,0.479903,1.024384,0.0648946,0.5100319,False,2,1,0
6/26/2025 6:58:27 PM,1750957107007,Left,1.027306,0.1913708,0.5593997,0.7324744,0.4227725,0.5222262,1.020176,0.1864206,0.5600082,0.1,3,0,1.036344,0.6198183,0.4799758,1.024545,0.06473714,0.5100966,False,2,1,0
6/26/2025 6:58:27 PM,1750957107035,Left,1.027306,0.1913708,0.5593997,0.7329721,0.4221423,0.5220671,1.020299,0.1860401,0.5599855,0.1,3,0,1.03688,0.6184843,0.4798489,1.024673,0.06434525,0.5100582,False,2,1,0
6/26/2025 6:58:27 PM,1750957107049,Left,1.027306,0.1913708,0.5593997,0.7331151,0.421875,0.5221041,1.020283,0.1858368,0.5599792,0.1,3,0,1.036828,0.6177902,0.47978,1.024666,0.06412143,0.5100363,False,2,1,0
6/26/2025 6:58:27 PM,1750957107076,Left,1.027306,0.1913708,0.5593997,0.7334927,0.4215345,0.522007,1.020209,0.1856388,0.5599903,0.1,3,0,1.036401,0.6171653,0.4799056,1.024552,0.06396269,0.5100956,False,2,1,0
6/26/2025 6:58:27 PM,1750957107091,Left,1.027306,0.1913708,0.5593997,0.7335611,0.4214684,0.5220496,1.020178,0.1856535,0.5600468,0.1,3,0,1.036224,0.6172346,0.4801902,1.024503,0.06399763,0.5101544,False,2,1,0
6/26/2025 6:58:27 PM,1750957107119,Left,1.027306,0.1913708,0.5593997,0.7336609,0.4212385,0.5219563,1.020237,0.185564,0.5600014,0.1,3,0,1.036527,0.616915,0.4799994,1.024584,0.06391497,0.5101086,False,2,1,0
6/26/2025 6:58:27 PM,1750957107133,Left,1.027306,0.1913708,0.5593997,0.733956,0.4212952,0.5215985,1.020255,0.1854416,0.5599866,0.1,3,0,1.03675,0.6165271,0.4798844,1.024619,0.06378166,0.5100764,False,2,1,0
6/26/2025 6:58:27 PM,1750957107160,Left,1.027306,0.1913708,0.5593997,0.7339964,0.4211624,0.5212381,1.02028,0.1852111,0.5599675,0.1,3,0,1.036894,0.615805,0.4798013,1.024763,0.0636004,0.5100824,False,2,1,0
6/26/2025 6:58:27 PM,1750957107174,Left,1.027306,0.1913708,0.5593997,0.7337827,0.4210894,0.5212928,1.020236,0.1851258,0.5599963,0.1,3,0,1.03669,0.6155207,0.4799267,1.024736,0.06351508,0.5100926,False,2,1,0
6/26/2025 6:58:27 PM,1750957107188,Left,1.027306,0.1913708,0.5593997,0.7336828,0.4207826,0.5210559,1.020205,0.1850306,0.5600312,0.1,3,0,1.036533,0.6152002,0.4800826,1.024701,0.06341671,0.510109,False,2,1,0
6/26/2025 6:58:27 PM,1750957107216,Left,1.027306,0.1913708,0.5593997,0.7341949,0.4206701,0.5206624,1.020231,0.1848604,0.5600646,0.1,3,0,1.036609,0.6146447,0.4802564,1.024675,0.06325825,0.5101494,False,2,1,0
6/26/2025 6:58:27 PM,1750957107229,Left,1.027306,0.1913708,0.5593997,0.7342192,0.4205105,0.5208086,1.020253,0.1847719,0.5600635,0.1,3,0,1.036708,0.6143248,0.4801917,1.024709,0.06316118,0.5101583,False,2,1,0
6/26/2025 6:58:27 PM,1750957107258,Left,1.027306,0.1913708,0.5593997,0.7344815,0.4204339,0.5211397,1.020174,0.1845502,0.5601138,0.1,3,0,1.036316,0.6136386,0.4804715,1.024589,0.06298234,0.5101891,False,2,1,0
6/26/2025 6:58:27 PM,1750957107271,Left,1.027306,0.1913708,0.5593997,0.734617,0.4204102,0.5213776,1.020132,0.1844325,0.5601335,0.1,3,0,1.036209,0.6132476,0.4805828,1.02467,0.06285955,0.5102004,False,2,1,0
6/26/2025 6:58:27 PM,1750957107299,Left,1.027306,0.1913708,0.5593997,0.734971,0.4206035,0.5219884,1.020146,0.1842113,0.5601364,0.1,3,0,1.036105,0.6125682,0.4804846,1.024511,0.06269635,0.5100902,False,2,1,0
6/26/2025 6:58:27 PM,1750957107313,Left,1.027306,0.1913708,0.5593997,0.7350209,0.4205274,0.5222036,1.020107,0.1840829,0.5601072,0.1,3,0,1.035909,0.6121414,0.4803716,1.024514,0.06257309,0.510054,False,2,1,0
6/26/2025 6:58:27 PM,1750957107327,Left,1.027306,0.1913708,0.5593997,0.7350699,0.4202043,0.5223792,1.020062,0.1839509,0.5601106,0.1,3,0,1.035756,0.6117274,0.4803414,1.024485,0.0624516,0.5100655,False,2,1,0
6/26/2025 6:58:27 PM,1750957107355,Left,1.027306,0.1913708,0.5593997,0.7348915,0.4199567,0.5224395,1.020062,0.1837746,0.560113,0.1,3,0,1.035656,0.6111492,0.4803476,1.024396,0.06229637,0.5100472,False,2,1,0
6/26/2025 6:58:27 PM,1750957107369,Left,1.027306,0.1913708,0.5593997,0.7347804,0.4198425,0.5223624,1.02008,0.1836716,0.5601317,0.1,3,0,1.035859,0.610768,0.4803957,1.024466,0.06217629,0.5100496,False,2,1,0
6/26/2025 6:58:27 PM,1750957107396,Left,1.027306,0.1913708,0.5593997,0.73457,0.4196534,0.5216094,1.020068,0.1834452,0.5601607,0.1,3,0,1.035728,0.6100463,0.4805872,1.024445,0.06196215,0.5100957,False,2,1,0
6/26/2025 6:58:27 PM,1750957107411,Left,1.027306,0.1913708,0.5593997,0.7345223,0.4197583,0.5212891,1.02005,0.1832845,0.5602083,0.1,3,0,1.03562,0.6095046,0.4808162,1.024409,0.06179534,0.5101341,False,2,1,0
6/26/2025 6:58:27 PM,1750957107439,Left,1.027306,0.1913708,0.5593997,0.7346365,0.4197845,0.5202391,1.019929,0.1829938,0.5602867,0.1,3,0,1.034992,0.6085396,0.4811693,1.024358,0.06150819,0.510218,False,2,1,0
6/26/2025 6:58:27 PM,1750957107452,Left,1.027306,0.1913708,0.5593997,0.7340287,0.4195831,0.5201632,1.019876,0.1828695,0.5603175,0.1,3,0,1.034778,0.6081376,0.4813459,1.024263,0.06139671,0.5102273,False,2,1,0
6/26/2025 6:58:27 PM,1750957107480,Left,1.027306,0.1913708,0.5593997,0.7340696,0.4196863,0.5196764,1.019826,0.1825528,0.5604249,0.1,3,0,1.034656,0.6071151,0.481823,1.024273,0.06109008,0.5103059,False,2,1,0
6/26/2025 6:58:27 PM,1750957107494,Left,1.027306,0.1913708,0.5593997,0.7338918,0.4196439,0.5195359,1.019813,0.1823847,0.5604877,0.1,3,0,1.03462,0.6065551,0.4821454,1.024357,0.06094524,0.5103459,False,2,1,0
6/26/2025 6:58:27 PM,1750957107508,Left,1.027306,0.1913708,0.5593997,0.7339519,0.4195515,0.5192747,1.019756,0.1822302,0.5605735,0.1,3,0,1.034452,0.6060183,0.4825678,1.024437,0.06078294,0.5104276,False,2,1,0
6/26/2025 6:58:27 PM,1750957107535,Left,1.027306,0.1913708,0.5593997,0.7340207,0.4196225,0.5190867,1.019582,0.1819769,0.5607865,0.1,3,0,1.033841,0.6051963,0.4833766,1.0245,0.06053805,0.510382,False,2,1,0
6/26/2025 6:58:27 PM,1750957107549,Left,1.027306,0.1913708,0.5593997,0.7340338,0.4196625,0.5192378,1.019522,0.1819076,0.5608684,0.1,3,0,1.033577,0.6049156,0.483682,1.024494,0.06040521,0.5103685,False,2,1,0
6/26/2025 6:58:27 PM,1750957107578,Left,1.027306,0.1913708,0.5593997,0.7347001,0.4198855,0.5193823,1.01947,0.1817605,0.5610758,0.1,3,0,1.033394,0.6045046,0.4846762,1.024475,0.06030531,0.5104892,False,2,1,0
6/26/2025 6:58:27 PM,1750957107591,Left,1.027306,0.1913708,0.5593997,0.7347021,0.4198383,0.5197027,1.019481,0.1817675,0.56117,0.1,3,0,1.033365,0.604535,0.485001,1.024432,0.06036533,0.5104719,False,2,1,0
6/26/2025 6:58:27 PM,1750957107619,Left,1.027306,0.1913708,0.5593997,0.7337707,0.4194931,0.5206815,1.019411,0.1817085,0.5612881,0.1,3,0,1.033256,0.6044434,0.4855317,1.024581,0.06038464,0.510506,False,2,1,0
6/26/2025 6:58:27 PM,1750957107633,Left,1.027306,0.1913708,0.5593997,0.7337116,0.4194139,0.5208049,1.019351,0.1817456,0.5614389,0.1,3,0,1.033167,0.6046967,0.4860578,1.024712,0.06051274,0.5103983,False,2,1,0
6/26/2025 6:58:27 PM,1750957107646,Left,1.027306,0.1913708,0.5593997,0.7343601,0.4195589,0.5206425,1.019263,0.1817904,0.5616146,0.1,3,0,1.033154,0.6050655,0.4867508,1.024986,0.06073165,0.5103341,False,2,1,0
6/26/2025 6:58:27 PM,1750957107675,Left,1.027306,0.1913708,0.5593997,0.7342902,0.4194416,0.5209839,1.019329,0.1819632,0.5619017,0.1,3,0,1.033304,0.6060986,0.4877654,1.024978,0.06147239,0.5103098,False,2,1,0
6/26/2025 6:58:27 PM,1750957107689,Left,1.027306,0.1913708,0.5593997,0.7341636,0.4193561,0.5212061,1.019304,0.1818771,0.5619897,0.1,3,0,1.033388,0.6064738,0.487808,1.025161,0.06204853,0.5100007,False,2,1,0
6/26/2025 6:58:27 PM,1750957107716,Left,1.027306,0.1913708,0.5593997,0.7342098,0.4193663,0.521462,1.019031,0.1815301,0.5622911,0.1,3,0,1.032867,0.6075308,0.4877907,1.025801,0.06382316,0.50879,False,2,1,0
6/26/2025 6:58:27 PM,1750957107730,Left,1.027306,0.1913708,0.5593997,0.7342238,0.4194509,0.5215513,1.018865,0.1810386,0.5626518,0.1,3,0,1.032444,0.6085627,0.4881697,1.025954,0.06594006,0.5078198,False,2,1,0
6/26/2025 6:58:27 PM,1750957107758,Left,1.027306,0.1913708,0.5593997,0.7340472,0.4195684,0.5217024,1.01861,0.1795729,0.5633018,0.1,3,0,1.032044,0.6114686,0.4894509,1.026543,0.071776,0.506502,False,2,1,0
6/26/2025 6:58:27 PM,1750957107772,Left,1.027306,0.1913708,0.5593997,0.7334123,0.4195695,0.5220324,1.018467,0.1790412,0.5636094,0.1,3,0,1.03177,0.6130609,0.4900813,1.026891,0.07525263,0.505795,False,2,1,0
6/26/2025 6:58:27 PM,1750957107800,Left,1.027306,0.1913708,0.5593997,0.7339219,0.4198021,0.5216962,1.01818,0.1786706,0.564343,0.1,3,0,1.031342,0.6172124,0.4908936,1.02755,0.08013561,0.5037252,False,2,1,0
6/26/2025 6:58:27 PM,1750957107814,Left,1.027306,0.1913708,0.5593997,0.7340742,0.4199623,0.5217915,1.018116,0.1787601,0.5645176,0.1,3,0,1.031293,0.6199392,0.4911032,1.027761,0.08262768,0.503187,False,2,1,0
6/26/2025 6:58:27 PM,1750957107828,Left,1.027306,0.1913708,0.5593997,0.734239,0.4201791,0.5218667,1.018043,0.1790485,0.5647666,0.1,3,0,1.031182,0.6232847,0.4912823,1.027999,0.08545943,0.5023671,False,2,1,0
6/26/2025 6:58:27 PM,1750957107855,Left,1.023386,0.1248631,0.5522931,0.7341232,0.4205309,0.5231386,1.017874,0.1800367,0.5652497,0.1,3,0,1.030941,0.6315745,0.4914848,1.028434,0.09144351,0.5006371,False,2,1,0
6/26/2025 6:58:27 PM,1750957107869,Left,1.023386,0.1248631,0.5522931,0.7345639,0.4211326,0.5236841,1.013855,0.1140854,0.5583833,0.1,3,0,1.030789,0.6361,0.4915454,1.02864,0.0945396,0.4996934,False,2,1,0
6/26/2025 6:58:27 PM,1750957107897,Left,1.020724,0.1334634,0.5499408,0.7348297,0.4220353,0.5263062,1.011069,0.1239277,0.5566424,0.1,3,0,1.030663,0.6457297,0.4920223,1.029091,0.1009036,0.4978744,False,2,1,0
6/26/2025 6:58:27 PM,1750957107911,Left,1.021138,0.1380474,0.5497833,0.7349834,0.4223173,0.5274189,1.01149,0.1299056,0.5566038,0.1,3,0,1.030907,0.6510811,0.4924172,1.029175,0.1028417,0.4977519,False,2,1,0
6/26/2025 6:58:27 PM,1750957107939,Left,1.026916,0.1459908,0.548863,0.7350869,0.4230099,0.5308905,1.017281,0.1414226,0.5559045,0.1,3,0,1.03166,0.6631813,0.4934808,1.029338,0.1064055,0.4979629,False,2,1,0
6/26/2025 6:58:27 PM,1750957107952,Left,1.028317,0.1515058,0.5487808,0.7349648,0.4231325,0.5325925,1.018827,0.1489859,0.555926,0.1,3,0,1.032192,0.6699055,0.4940464,1.029443,0.1085011,0.4980794,False,2,1,0
6/26/2025 6:58:27 PM,1750957107981,Left,1.027337,0.164024,0.54849,0.7349919,0.4232767,0.5363977,1.018145,0.1654871,0.5558003,0.1,3,0,1.032978,0.6836303,0.4949116,1.029613,0.1126017,0.4982464,False,2,1,0
6/26/2025 6:58:27 PM,1750957107994,Left,1.027529,0.1704138,0.548218,0.7349893,0.4238419,0.53857,1.018348,0.174015,0.5555994,0.1,3,0,1.033159,0.6906108,0.4952242,1.029637,0.1147127,0.4983149,False,2,1,0
6/26/2025 6:58:28 PM,1750957108008,Left,1.028009,0.177435,0.5478505,0.7346757,0.4241849,0.540751,1.018794,0.1831885,0.5553495,0.1,3,0,1.03304,0.6978996,0.4957873,1.029613,0.1168993,0.4984275,False,2,1,0
6/26/2025 6:58:28 PM,1750957108036,Left,1.027332,0.1932333,0.5469205,0.7337717,0.4246132,0.5448391,1.021523,0.1435319,0.5479065,0.1,3,0,1.033025,0.7138292,0.496942,1.029366,0.1225829,0.4989714,False,2,1,0
6/26/2025 6:58:28 PM,1750957108050,Left,1.027467,0.2004857,0.5473604,0.7340516,0.4248278,0.5466616,1.020003,0.1495624,0.5489789,0.1,3,0,1.033245,0.7220693,0.4973975,1.029241,0.1268793,0.4994421,False,2,1,0
6/26/2025 6:58:28 PM,1750957108077,Left,1.027881,0.2149361,0.5476252,0.7335649,0.4258133,0.5513931,1.020408,0.1581331,0.5503498,0.1,3,0,1.033334,0.7393112,0.4978522,1.02897,0.1378193,0.5003313,False,2,1,0
6/26/2025 6:58:28 PM,1750957108091,Left,1.028418,0.2229343,0.5479013,0.7332388,0.4261094,0.5541065,1.02114,0.1649882,0.5508039,0.1,3,0,1.033398,0.7482768,0.4979688,1.028779,0.1452558,0.5008551,False,2,1,0
6/26/2025 6:58:28 PM,1750957108119,Left,1.028361,0.2396984,0.5485638,0.7337134,0.4276887,0.5581169,1.021127,0.1820402,0.5520363,0.1,3,0,1.034247,0.7667882,0.4981818,1.028411,0.1621678,0.5018871,False,2,1,0
6/26/2025 6:58:28 PM,1750957108132,Left,1.0282,0.2482058,0.5489501,0.7322816,0.4278178,0.5622153,1.021276,0.1917045,0.5529479,0.1,3,0,1.034579,0.776203,0.4982798,1.028171,0.1720766,0.5023738,False,2,1,0
6/26/2025 6:58:28 PM,1750957108147,Left,1.02815,0.2573496,0.5492099,0.7311357,0.4280207,0.566196,1.021742,0.2032397,0.5533357,0.1,3,0,1.034405,0.7857966,0.4986107,1.027797,0.1836299,0.5029287,False,2,1,0
6/26/2025 6:58:28 PM,1750957108175,Left,1.027908,0.2752185,0.5492569,0.729487,0.4297192,0.5721893,1.021546,0.2278481,0.5546833,0.1,3,0,1.033975,0.8054286,0.4991058,1.026858,0.2081763,0.503777,False,2,1,0
6/26/2025 6:58:28 PM,1750957108189,Left,1.027727,0.2848482,0.5495865,0.729025,0.4303138,0.5742052,1.021022,0.2419313,0.5553984,0.1,3,0,1.0341,0.8152967,0.4989321,1.026432,0.2221816,0.504086,False,2,1,0
6/26/2025 6:58:28 PM,1750957108216,Left,1.027358,0.303853,0.5498859,0.7298307,0.4344026,0.5764135,1.020478,0.2721515,0.555848,0.1,3,0,1.033139,0.834618,0.4987253,1.025404,0.2526432,0.5046592,False,2,1,0
6/26/2025 6:58:28 PM,1750957108230,Left,1.027249,0.313613,0.5498902,0.7296727,0.4375771,0.578449,1.019946,0.2882122,0.5560128,0.1,3,0,1.03217,0.8444382,0.4988426,1.024818,0.2688375,0.5049697,False,2,1,0
6/26/2025 6:58:28 PM,1750957108258,Left,1.029465,0.3318057,0.550814,0.7278268,0.4396656,0.5793838,1.021433,0.3238183,0.557204,0.1,3,0,1.030935,0.8648435,0.498908,1.023109,0.3064207,0.5056039,False,2,1,0
6/26/2025 6:58:28 PM,1750957108271,Left,1.030686,0.3414254,0.5506991,0.7290004,0.4439016,0.5801617,1.022525,0.3358876,0.5575038,0.1,3,0,1.030583,0.874959,0.4992701,1.022679,0.3190908,0.5053703,False,2,1,0
6/26/2025 6:58:28 PM,1750957108299,Left,1.03149,0.3611926,0.5505753,0.7300283,0.4515326,0.5828537,1.022985,0.356066,0.5574389,0.1,3,0,1.028739,0.8949781,0.5003128,1.022382,0.3388827,0.5054425,False,2,1,0
6/26/2025 6:58:28 PM,1750957108313,Left,1.031033,0.3728894,0.5502558,0.7296068,0.4559881,0.5838569,1.022561,0.3673936,0.5570586,0.1,3,0,1.028169,0.9062026,0.4999667,1.022184,0.3491167,0.5054981,False,2,1,0
6/26/2025 6:58:28 PM,1750957108327,Left,1.031037,0.3835303,0.5502061,0.7284102,0.4595561,0.582278,1.022353,0.3788542,0.5568484,0.1,3,0,1.028086,0.9172992,0.4989064,1.022557,0.3597656,0.505071,False,2,1,0
6/26/2025 6:58:28 PM,1750957108354,Left,1.031724,0.4027126,0.5501749,0.7263469,0.4689194,0.5837664,1.022756,0.398585,0.556391,0.1,3,0,1.027133,0.9392279,0.4976317,1.022338,0.3800075,0.5047969,False,2,1,0
6/26/2025 6:58:28 PM,1750957108369,Left,1.031839,0.4122541,0.549979,0.7250608,0.4737399,0.583226,1.022759,0.4085131,0.5564661,0.1,3,0,1.026051,0.9501473,0.4978571,1.022214,0.3903026,0.5044036,False,2,1,0
6/26/2025 6:58:28 PM,1750957108396,Left,1.032691,0.4314212,0.549561,0.7240753,0.4862718,0.5831977,1.022962,0.4291762,0.5561541,0.1,3,0,1.024103,0.9731079,0.49801,1.022355,0.4110439,0.5043216,False,2,1,0
6/26/2025 6:58:28 PM,1750957108410,Left,1.03321,0.4412031,0.5494254,0.7231368,0.4929553,0.582774,1.023392,0.4394825,0.5559375,0.1,3,0,1.023993,0.9851065,0.4971102,1.022684,0.4210858,0.5038901,False,2,1,0
6/26/2025 6:58:28 PM,1750957108438,Left,1.034346,0.4601039,0.5495368,0.7203422,0.508008,0.5813749,1.024241,0.4595164,0.5559953,0.1,3,0,1.022937,1.008913,0.496668,1.022734,0.4413894,0.5033124,False,2,1,0
6/26/2025 6:58:28 PM,1750957108452,Left,1.034968,0.4702182,0.5497397,0.7186122,0.5156726,0.5808946,1.024784,0.4702828,0.5561702,0.1,3,0,1.021886,1.021255,0.4971715,1.022427,0.4519185,0.5036862,False,2,1,0
6/26/2025 6:58:28 PM,1750957108479,Left,1.035859,0.4896512,0.5499394,0.7130038,0.5302899,0.579982,1.025412,0.4911999,0.5563697,0.1,3,0,1.019693,1.046098,0.497551,1.021597,0.4731839,0.5037472,False,2,1,0
6/26/2025 6:58:28 PM,1750957108493,Left,1.035833,0.5000812,0.5501301,0.7098574,0.5381121,0.5794557,1.025017,0.5027525,0.5566536,0.1,3,0,1.018156,1.058521,0.497087,1.021049,0.484184,0.5036047,False,2,1,0
6/26/2025 6:58:28 PM,1750957108508,Left,1.035735,0.5101467,0.5501671,0.7059883,0.545644,0.5792357,1.024646,0.5135062,0.5566596,0.1,3,0,1.016439,1.070998,0.4968022,1.020584,0.4950593,0.5033594,False,2,1,0
6/26/2025 6:58:28 PM,1750957108536,Left,1.035746,0.5301753,0.5503227,0.6966435,0.5595025,0.5819191,1.024117,0.5350764,0.5566339,0.1,3,0,1.012617,1.096746,0.4957509,1.018918,0.5173039,0.503052,False,2,1,0
6/26/2025 6:58:28 PM,1750957108549,Left,1.035579,0.5413454,0.5505404,0.6908446,0.5666919,0.5828798,1.023794,0.5464929,0.5567648,0.1,3,0,1.010398,1.109632,0.4952137,1.017546,0.5283366,0.5029936,False,2,1,0
6/26/2025 6:58:28 PM,1750957108577,Left,1.036023,0.5615746,0.5504029,0.681661,0.5813221,0.5846667,1.023459,0.5686768,0.5564176,0.1,3,0,1.00481,1.135739,0.4946588,1.014773,0.5510651,0.5029538,False,2,1,0
6/26/2025 6:58:28 PM,1750957108590,Left,1.037366,0.572134,0.5493674,0.6756793,0.5881318,0.5871853,1.024327,0.5798399,0.555562,0.1,3,0,1.001333,1.148732,0.4947073,1.013069,0.5621077,0.502672,False,2,1,0
6/26/2025 6:58:28 PM,1750957108618,Left,1.032084,0.5885557,0.5483955,0.6637355,0.602037,0.5942005,1.018324,0.5984524,0.5546666,0.1,3,0,0.9949316,1.17608,0.494275,1.010186,0.584818,0.5019294,False,2,1,0
6/26/2025 6:58:28 PM,1750957108633,Left,1.028466,0.6052255,0.5480857,0.6558849,0.6062616,0.5953172,1.014484,0.6157844,0.5541517,0.1,3,0,0.9918332,1.18979,0.4936582,1.00811,0.5966657,0.5020725,False,2,1,0
6/26/2025 6:58:28 PM,1750957108661,Left,1.026402,0.6263163,0.5473635,0.6447005,0.6184596,0.5998511,1.011387,0.6390495,0.5536547,0.1,3,0,0.9846666,1.217215,0.4941622,1.005181,0.6190612,0.5011876,False,2,1,0
6/26/2025 6:58:28 PM,1750957108674,Left,1.025675,0.6366581,0.5467454,0.6370447,0.6248071,0.6037821,1.010125,0.6503695,0.5533723,0.1,3,0,0.9802669,1.230736,0.4952319,1.002443,0.6306519,0.5014309,False,2,1,0
6/26/2025 6:58:28 PM,1750957108688,Left,1.024575,0.647034,0.5460581,0.6305023,0.6309357,0.6078673,1.00817,0.6612234,0.55314,0.1,3,0,0.9755889,1.243867,0.4962722,0.9999464,0.6419405,0.5014423,False,2,1,0
6/26/2025 6:58:28 PM,1750957108716,Left,1.021371,0.6664991,0.5442993,0.6138816,0.6409172,0.6165963,1.004166,0.6829721,0.5516615,0.1,3,0,0.9669079,1.270825,0.4970081,0.995847,0.6642604,0.5004283,False,2,1,0
6/26/2025 6:58:28 PM,1750957108730,Left,1.019671,0.6770012,0.5434611,0.6086174,0.6480201,0.620665,1.001897,0.6942711,0.5511298,0.1,3,0,0.9619815,1.284072,0.4974518,0.9932953,0.6755042,0.4995803,False,2,1,0
6/26/2025 6:58:28 PM,1750957108758,Left,1.01651,0.6971097,0.54113,0.6006753,0.6631478,0.6314931,0.9972202,0.7161441,0.5495262,0.1,3,0,0.9505193,1.309948,0.4997374,0.9882078,0.6974262,0.4990214,False,2,1,0
6/26/2025 6:58:28 PM,1750957108772,Left,1.020195,0.7112983,0.5398069,0.5944701,0.6696978,0.6353874,0.9977195,0.7294568,0.5485737,0.1,3,0,0.9445636,1.32268,0.4999677,0.9855521,0.7087531,0.4983345,False,2,1,0
6/26/2025 6:58:28 PM,1750957108800,Left,1.017021,0.7320135,0.5365382,0.5833395,0.6834879,0.6413913,0.9952211,0.753027,0.5457681,0.1,3,0,0.9320434,1.347317,0.4998287,0.9794078,0.7302778,0.4957304,False,2,1,0
6/26/2025 6:58:28 PM,1750957108813,Left,1.014662,0.7417632,0.5345833,0.578791,0.6917806,0.643266,0.9920902,0.7633359,0.5441433,0.1,3,0,0.9248527,1.358857,0.5007583,0.9755268,0.7406749,0.4951095,False,2,1,0
6/26/2025 6:58:28 PM,1750957108828,Left,1.012549,0.7519003,0.5323225,0.573712,0.6998752,0.6467503,0.9891942,0.7738584,0.5425372,0.1,3,0,0.9176542,1.370591,0.5022207,0.971503,0.7512444,0.4944327,False,2,1,0
6/26/2025 6:58:28 PM,1750957108855,Left,1.007021,0.7707596,0.5273796,0.563823,0.7122167,0.6517711,0.9820668,0.7934799,0.5379642,0.1,3,0,0.9035668,1.392939,0.502854,0.9638813,0.7717584,0.4937287,False,2,1,0
6/26/2025 6:58:28 PM,1750957108869,Left,1.004181,0.7804365,0.5245078,0.5588207,0.7186664,0.6556306,0.9785101,0.8036445,0.5353379,0.1,3,0,0.896595,1.403456,0.502382,0.9596542,0.7814016,0.492157,False,2,1,0
6/26/2025 6:58:28 PM,1750957108897,Left,0.9974985,0.7974961,0.5201741,0.5519328,0.7320591,0.6602973,0.9704278,0.8206391,0.532195,0.1,3,0,0.8821508,1.421637,0.5027242,0.9510352,0.7997316,0.4877572,False,2,1,0
6/26/2025 6:58:28 PM,1750957108911,Left,0.9943178,0.8060898,0.5180538,0.5488841,0.7383982,0.6631254,0.966773,0.8290685,0.5306875,0.1,3,0,0.8745279,1.430632,0.5037868,0.945532,0.8089148,0.4863824,False,2,1,0
6/26/2025 6:58:28 PM,1750957108939,Left,0.987928,0.8229621,0.5139421,0.5441303,0.7493778,0.6699445,0.9592647,0.8457468,0.5286619,0.1,3,0,0.8594528,1.446782,0.5069146,0.9347121,0.8257666,0.4811155,False,2,1,0
6/26/2025 6:58:28 PM,1750957108953,Left,0.9845802,0.8316066,0.5118636,0.5427581,0.7550584,0.6741794,0.9554901,0.8543604,0.5273535,0.1,3,0,0.8523602,1.455085,0.5072199,0.9293967,0.8340545,0.4783714,False,2,1,0
6/26/2025 6:58:28 PM,1750957108980,Left,0.9779639,0.8483261,0.5079029,0.5399867,0.7674859,0.6803098,0.948117,0.8714209,0.524588,0.1,3,0,0.8378416,1.471266,0.505983,0.9178618,0.8495405,0.4723017,False,2,1,0
6/26/2025 6:58:28 PM,1750957108995,Left,0.9775729,0.8492996,0.5076748,0.5380853,0.7718889,0.6839669,0.9472657,0.8730186,0.524841,0.1,3,0,0.8306599,1.478778,0.5051631,0.9116551,0.8568559,0.4690509,False,2,1,0
6/26/2025 6:58:29 PM,1750957109008,Left,0.9775729,0.8492996,0.5076748,0.5357016,0.7754086,0.6873159,0.9470242,0.8729468,0.5255657,0.1,3,0,0.823081,1.485022,0.5049251,0.9050421,0.863268,0.465914,False,2,1,0
6/26/2025 6:58:29 PM,1750957109036,Left,0.9775729,0.8492996,0.5076748,0.5326186,0.7820967,0.6928965,0.9466817,0.8721933,0.5274001,0.1,3,0,0.8083072,1.495624,0.5052553,0.8916385,0.8756277,0.4589064,False,2,1,0
6/26/2025 6:58:29 PM,1750957109049,Left,0.9775729,0.8492996,0.5076748,0.5308158,0.7850423,0.6950428,0.9468067,0.8716403,0.5283283,0.1,3,0,0.8015142,1.499694,0.5057551,0.8843212,0.8813303,0.4556026,False,2,1,0
6/26/2025 6:58:29 PM,1750957109077,Left,0.9775729,0.8492996,0.5076748,0.5269638,0.7898786,0.6983045,0.9472923,0.8705967,0.5303553,0.1,3,0,0.7898075,1.507805,0.5070614,0.8706964,0.8915342,0.4488919,False,2,1,0
6/26/2025 6:58:29 PM,1750957109092,Left,0.9775729,0.8492996,0.5076748,0.5256059,0.7913572,0.7000552,0.9477063,0.8701078,0.5312973,0.1,3,0,0.7837378,1.51221,0.5067874,0.8634242,0.8968584,0.445087,False,2,1,0
6/26/2025 6:58:29 PM,1750957109119,Left,0.9775729,0.8492996,0.5076748,0.5247769,0.7935587,0.7025343,0.9479691,0.8698307,0.5326507,0.1,3,0,0.7708143,1.521388,0.5048329,0.8489957,0.9069052,0.4374818,False,2,1,0
6/26/2025 6:58:29 PM,1750957109133,Left,0.9775729,0.8492996,0.5076748,0.5239412,0.7939123,0.7037986,0.9481807,0.8693975,0.5334473,0.1,3,0,0.7641808,1.525025,0.5034765,0.8415111,0.911588,0.4333104,False,2,1,0
6/26/2025 6:58:29 PM,1750957109147,Left,0.9775729,0.8492996,0.5076748,0.5234231,0.7943403,0.7044735,0.9483945,0.8690357,0.5341594,0.1,3,0,0.7577653,1.528377,0.5026304,0.8342451,0.9157488,0.4292443,False,2,1,0
6/26/2025 6:58:29 PM,1750957109175,Left,0.9775729,0.8492996,0.5076748,0.5219308,0.7951925,0.703146,0.9483656,0.867263,0.5352956,0.1,3,0,0.7449714,1.53346,0.5003593,0.8216759,0.9250394,0.4225085,False,2,1,0
6/26/2025 6:58:29 PM,1750957109188,Left,0.9775729,0.8492996,0.5076748,0.5212888,0.7947909,0.7028055,0.948313,0.8664786,0.5356523,0.1,3,0,0.7388414,1.535766,0.4989808,0.8156476,0.9291043,0.4196233,False,2,1,0
6/26/2025 6:58:29 PM,1750957109216,Left,0.9775729,0.8492996,0.5076748,0.51924,0.7934791,0.700513,0.9486915,0.8653553,0.5366606,0.1,3,0,0.7267973,1.540128,0.4943051,0.8020895,0.9360876,0.4109145,False,2,1,0
6/26/2025 6:58:29 PM,1750957109230,Left,0.9775729,0.8492996,0.5076748,0.5192262,0.7919937,0.6990915,0.9489488,0.8648076,0.536945,0.1,3,0,0.721463,1.541196,0.4921426,0.7955289,0.9387776,0.4075527,False,2,1,0
6/26/2025 6:58:29 PM,1750957109258,Left,0.9775729,0.8492996,0.5076748,0.5181959,0.7888345,0.6949534,0.9495957,0.8637178,0.537408,0.1,3,0,0.7109339,1.543171,0.4870439,0.782609,0.9429511,0.4006636,False,2,1,0
6/26/2025 6:58:29 PM,1750957109271,Left,0.9775729,0.8492996,0.5076748,0.5176026,0.7869951,0.6920298,0.9499264,0.8632882,0.5375412,0.1,3,0,0.7056774,1.543517,0.4837682,0.7760299,0.9443001,0.3968551,False,2,1,0
6/26/2025 6:58:29 PM,1750957109299,Left,0.9775729,0.8492996,0.5076748,0.5176395,0.7830878,0.6867374,0.9505824,0.862608,0.5376864,0.1,3,0,0.6955994,1.54409,0.4773686,0.7633277,0.9464601,0.3898746,False,2,1,0
6/26/2025 6:58:29 PM,1750957109313,Left,0.9775729,0.8492996,0.5076748,0.5186258,0.7808854,0.683881,0.9509912,0.8619123,0.5379201,0.1,3,0,0.6913161,1.543095,0.4745537,0.7572864,0.9473503,0.3860628,False,2,1,0
6/26/2025 6:58:29 PM,1750957109327,Left,0.9775729,0.8492996,0.5076748,0.5192349,0.7788009,0.6806918,0.9516541,0.8609204,0.5379931,0.1,3,0,0.6878806,1.541634,0.4715543,0.7513222,0.9479419,0.3828337,False,2,1,0
6/26/2025 6:58:29 PM,1750957109355,Left,0.9775729,0.8492996,0.5076748,0.522049,0.775088,0.6741924,0.9528185,0.8591567,0.5380774,0.1,3,0,0.6818298,1.539171,0.4646907,0.7406185,0.9495381,0.3757724,False,2,1,0
6/26/2025 6:58:29 PM,1750957109369,Left,0.9775729,0.8492996,0.5076748,0.5235285,0.7731555,0.6702894,0.9532856,0.8584167,0.537872,0.1,3,0,0.6784638,1.538368,0.4607136,0.7354088,0.9504476,0.3726214,False,2,1,0
6/26/2025 6:58:29 PM,1750957109396,Left,0.9775729,0.8492996,0.5076748,0.5259923,0.7708312,0.660746,0.9543732,0.8572801,0.5376311,0.1,3,0,0.672443,1.536936,0.4523692,0.7250084,0.951738,0.3650965,False,2,1,0
6/26/2025 6:58:29 PM,1750957109410,Left,0.9775729,0.8492996,0.5076748,0.5276849,0.7706624,0.6555836,0.954955,0.8568704,0.5375702,0.1,3,0,0.6701691,1.536058,0.4480448,0.7201333,0.9518568,0.3610225,False,2,1,0
6/26/2025 6:58:29 PM,1750957109438,Left,0.9775729,0.8492996,0.5076748,0.531884,0.7662633,0.6448976,0.9565024,0.8561986,0.5375431,0.1,3,0,0.6665624,1.534062,0.4404809,0.7106448,0.9514279,0.3533635,False,2,1,0
6/26/2025 6:58:29 PM,1750957109452,Left,0.9775729,0.8492996,0.5076748,0.5342085,0.7651701,0.6396343,0.9574738,0.8561121,0.5374438,0.1,3,0,0.6650841,1.53332,0.4364266,0.705195,0.9508793,0.3498331,False,2,1,0
6/26/2025 6:58:29 PM,1750957109479,Left,0.9775729,0.8492996,0.5076748,0.5384066,0.764377,0.6285745,0.9591198,0.855765,0.5374673,0.1,3,0,0.662818,1.532091,0.4281727,0.6963969,0.9504272,0.3415551,False,2,1,0
6/26/2025 6:58:29 PM,1750957109494,Left,0.9775729,0.8492996,0.5076748,0.5401534,0.7637797,0.6220393,0.9600534,0.8556525,0.5373171,0.1,3,0,0.6617927,1.531665,0.4233024,0.6916795,0.9502544,0.3373443,False,2,1,0
6/26/2025 6:58:29 PM,1750957109507,Left,0.9775729,0.8492996,0.5076748,0.5420225,0.7641078,0.6160633,0.9611652,0.8555558,0.5369624,0.1,3,0,0.6611254,1.531215,0.4179553,0.6864786,0.9500263,0.3336053,False,2,1,0
6/26/2025 6:58:29 PM,1750957109535,Left,0.9775729,0.8492996,0.5076748,0.545481,0.7658219,0.6046776,0.9632295,0.8555191,0.5363343,0.1,3,0,0.6611582,1.530575,0.4062451,0.6780575,0.94956,0.3242562,False,2,1,0
6/26/2025 6:58:29 PM,1750957109549,Left,0.9775729,0.8492996,0.5076748,0.5472199,0.7661113,0.5985786,0.9644088,0.8552643,0.5361235,0.1,3,0,0.6617354,1.529837,0.4002955,0.6741583,0.9493415,0.3190529,False,2,1,0
6/26/2025 6:58:29 PM,1750957109577,Left,0.9775729,0.8492996,0.5076748,0.549288,0.7691644,0.5866963,0.9669107,0.8552274,0.5350803,0.1,3,0,0.6635101,1.528575,0.3865881,0.6655811,0.9483759,0.309515,False,2,1,0
6/26/2025 6:58:29 PM,1750957109591,Left,0.7197076,0.9667869,0.3035436,0.549902,0.7709745,0.5807319,0.7105064,0.97269,0.3301845,0.1,3,0,0.6645195,1.527705,0.3788117,0.661096,0.9473875,0.3050103,False,2,1,0
6/26/2025 6:58:29 PM,1750957109619,Left,0.7048498,0.9634019,0.285895,0.5515137,0.7751616,0.5696286,0.6986622,0.9690543,0.3110712,0.1,3,0,0.6671892,1.52503,0.3630263,0.6530335,0.9454084,0.2963367,False,2,1,0
6/26/2025 6:58:29 PM,1750957109632,Left,0.6994301,0.9619471,0.2812944,0.5526122,0.7773955,0.5642393,0.6946324,0.9674028,0.3058137,0.1,3,0,0.6690767,1.523362,0.3547331,0.6496438,0.9442487,0.2907407,False,2,1,0
6/26/2025 6:58:29 PM,1750957109660,Left,0.6894733,0.9581821,0.2714896,0.5551327,0.7804186,0.5544093,0.6874304,0.9634175,0.2935359,0.1,3,0,0.6724049,1.520091,0.337604,0.6417196,0.9415562,0.2832866,False,2,1,0
6/26/2025 6:58:29 PM,1750957109674,Left,0.6837786,0.9532173,0.2680607,0.5574076,0.7826797,0.5498313,0.6851172,0.9605464,0.2906826,0.1,3,0,0.6736698,1.518699,0.3289024,0.6371699,0.9386999,0.279093,False,2,1,0
6/26/2025 6:58:29 PM,1750957109688,Left,0.6801196,0.9506754,0.2637043,0.5597965,0.7847919,0.5456629,0.6841856,0.958572,0.2866674,0.1,3,0,0.6748434,1.517111,0.3203292,0.6316878,0.9362282,0.2738392,False,2,1,0
6/26/2025 6:58:29 PM,1750957109715,Left,0.6717159,0.9444983,0.2543934,0.5618125,0.7857372,0.5383813,0.6749259,0.9508287,0.2722585,0.1,3,0,0.6776813,1.513193,0.3028486,0.6257136,0.9323027,0.26509,False,2,1,0
6/26/2025 6:58:29 PM,1750957109730,Left,0.6672586,0.9413953,0.2498943,0.5631192,0.7844623,0.5332668,0.6716027,0.9475504,0.2665531,0.1,3,0,0.6791909,1.510954,0.2941955,0.6226732,0.9304507,0.2611871,False,2,1,0
6/26/2025 6:58:29 PM,1750957109758,Left,0.6579707,0.9352718,0.2412514,0.5664489,0.7841019,0.5236069,0.6651592,0.9411807,0.2550189,0.1,3,0,0.6832656,1.505834,0.2764444,0.6156595,0.9259829,0.255147,False,2,1,0
6/26/2025 6:58:29 PM,1750957109771,Left,0.6530894,0.9322167,0.237065,0.5678848,0.7821994,0.520084,0.6626039,0.938842,0.2509898,0.1,3,0,0.6856009,1.502802,0.2675006,0.6124767,0.9235635,0.2508958,False,2,1,0
6/26/2025 6:58:29 PM,1750957109799,Left,0.6433234,0.926395,0.2293399,0.5714135,0.7795869,0.512879,0.6552117,0.9327461,0.2411183,0.1,3,0,0.6903659,1.496471,0.248679,0.6057211,0.9171207,0.2395778,False,2,1,0
6/26/2025 6:58:29 PM,1750957109813,Left,0.6433234,0.926395,0.2293399,0.5744259,0.7787054,0.5080421,0.6570136,0.9326878,0.2402174,0.1,3,0,0.6925954,1.493024,0.2390218,0.6009558,0.9135717,0.232997,False,2,1,0
6/26/2025 6:58:29 PM,1750957109841,Left,0.6397507,0.9212958,0.2131465,0.5798106,0.7769656,0.5000894,0.6536069,0.9261746,0.220363,0.1,3,0,0.6962934,1.486416,0.2198249,0.6014608,0.9084007,0.2246287,False,2,1,0
6/26/2025 6:58:29 PM,1750957109855,Left,0.6359628,0.9176421,0.2058877,0.5824337,0.7752163,0.4973814,0.650153,0.9235406,0.2126305,0.1,3,0,0.6969065,1.483674,0.2094897,0.600705,0.9061411,0.21989,False,2,1,0
6/26/2025 6:58:29 PM,1750957109868,Left,0.6340708,0.9128463,0.2005637,0.5859653,0.772774,0.4947014,0.6497751,0.9184198,0.2058176,0.1,3,0,0.6971737,1.4807,0.1989143,0.5974482,0.9031571,0.2152646,False,2,1,0
6/26/2025 6:58:29 PM,1750957109896,Left,0.6272483,0.9089228,0.190829,0.5958148,0.7671305,0.4890749,0.6434328,0.9121764,0.1931487,0.1,3,0,0.698192,1.47091,0.1790577,0.5941164,0.896065,0.2048492,False,2,1,0
6/26/2025 6:58:29 PM,1750957109910,Left,0.6247066,0.9066882,0.1871586,0.6014594,0.7648395,0.4862411,0.6411362,0.9104936,0.1877893,0.1,3,0,0.6971685,1.467973,0.1687346,0.5918896,0.89288,0.1998163,False,2,1,0
6/26/2025 6:58:29 PM,1750957109938,Left,0.6189708,0.8998031,0.177121,0.6094134,0.759784,0.4788386,0.6358356,0.9032903,0.1747189,0.1,3,0,0.693619,1.461996,0.1492809,0.5862454,0.8860233,0.1905188,False,2,1,0
6/26/2025 6:58:29 PM,1750957109952,Left,0.6156097,0.8948977,0.1719596,0.6159854,0.7570672,0.4755125,0.6327972,0.8994316,0.1689188,0.1,3,0,0.6910396,1.458894,0.1398473,0.5832336,0.8823096,0.1858942,False,2,1,0
6/26/2025 6:58:29 PM,1750957109980,Left,0.6104516,0.8877018,0.1638231,0.6265685,0.7537695,0.4690752,0.6270281,0.8932505,0.1585459,0.1,3,0,0.6838682,1.451993,0.1215369,0.579257,0.8761685,0.1775469,False,2,1,0
6/26/2025 6:58:29 PM,1750957109994,Left,0.6079829,0.8844,0.159853,0.632562,0.7520506,0.4654838,0.624105,0.8888551,0.1533731,0.1,3,0,0.6802014,1.447962,0.1130855,0.5767347,0.8721704,0.1733994,False,2,1,0
6/26/2025 6:58:30 PM,1750957110007,Left,0.6055532,0.8812784,0.156318,0.6391237,0.7500859,0.4624372,0.6213099,0.8857619,0.1485576,0.1,3,0,0.6767966,1.444322,0.1045722,0.574214,0.8677877,0.1691419,False,2,1,0
6/26/2025 6:58:30 PM,1750957110035,Left,0.6002894,0.870724,0.1473028,0.6530696,0.7468858,0.4558208,0.6156858,0.8755473,0.1375381,0.1,3,0,0.6688939,1.43577,0.08898294,0.567997,0.8586214,0.1613678,False,2,1,0
6/26/2025 6:58:30 PM,1750957110049,Left,0.5978286,0.8653387,0.1431515,0.6613626,0.7449988,0.452145,0.6124253,0.8707072,0.1329017,0.1,3,0,0.6641856,1.432149,0.0817126,0.5662052,0.8538338,0.1563037,False,2,1,0
6/26/2025 6:58:30 PM,1750957110076,Left,0.5935994,0.8594252,0.1369994,0.6777974,0.7420435,0.4429463,0.6064583,0.8652226,0.1252896,0.1,3,0,0.65394,1.424392,0.06723595,0.5629342,0.8449005,0.1475519,False,2,1,0
6/26/2025 6:58:30 PM,1750957110091,Left,0.5910731,0.8538874,0.132945,0.6872956,0.7426109,0.4379109,0.6037211,0.8611022,0.1212275,0.1,3,0,0.6486424,1.420346,0.06003523,0.560254,0.8398836,0.1432897,False,2,1,0
6/26/2025 6:58:30 PM,1750957110119,Left,0.5881177,0.8397762,0.1244114,0.7031208,0.7391184,0.4281323,0.5993245,0.8475422,0.110892,0.1,3,0,0.6385189,1.410587,0.04661047,0.5538799,0.8268934,0.1342919,False,2,1,0
6/26/2025 6:58:30 PM,1750957110132,Left,0.5851598,0.8329211,0.1196901,0.7106642,0.7372758,0.4233708,0.5959678,0.8411168,0.1057391,0.1,3,0,0.6335444,1.405259,0.04033113,0.5507559,0.820666,0.129914,False,2,1,0
6/26/2025 6:58:30 PM,1750957110159,Left,0.5759001,0.8186188,0.1096074,0.7248173,0.734296,0.4132513,0.5859036,0.8275082,0.09495544,0.1,3,0,0.6221696,1.393749,0.02703929,0.544054,0.8088227,0.1208057,False,2,1,0
6/26/2025 6:58:30 PM,1750957110173,Left,0.5718421,0.8120449,0.1052367,0.7313222,0.7325845,0.4081885,0.5814613,0.8210831,0.09011132,0.1,3,0,0.616279,1.387173,0.020298,0.5399683,0.8019816,0.1160296,False,2,1,0
6/26/2025 6:58:30 PM,1750957110188,Left,0.5681792,0.8048388,0.101227,0.7372885,0.7307497,0.4027479,0.576789,0.8136157,0.0849386,0.1,3,0,0.6107377,1.380061,0.01377738,0.5358244,0.794346,0.1115086,False,2,1,0
6/26/2025 6:58:30 PM,1750957110215,Left,0.559858,0.7914017,0.09422367,0.7482126,0.7262396,0.3913682,0.5679631,0.79958,0.07698317,0.1,3,0,0.5999811,1.363912,0.001781344,0.528598,0.7793674,0.1042922,False,2,1,0
6/26/2025 6:58:30 PM,1750957110229,Left,0.5557739,0.7852226,0.09214154,0.7533498,0.7232185,0.3849253,0.5631095,0.793031,0.07324637,0.1,3,0,0.5938103,1.356522,-0.004533529,0.5240976,0.771672,0.1007177,False,2,1,0
6/26/2025 6:58:30 PM,1750957110257,Left,0.544442,0.7704358,0.08154623,0.7635978,0.7161843,0.3715451,0.5512203,0.7789451,0.06217682,0.1,3,0,0.5807127,1.340433,-0.01700771,0.5158248,0.7563555,0.09492235,False,2,1,0
6/26/2025 6:58:30 PM,1750957110271,Left,0.540047,0.7624399,0.07891805,0.7677565,0.7120254,0.3645414,0.5454218,0.7709644,0.05793943,0.1,3,0,0.5738335,1.332316,-0.02299547,0.511346,0.7482833,0.09136208,False,2,1,0
6/26/2025 6:58:30 PM,1750957110285,Left,0.5354425,0.7546334,0.07555202,0.7718274,0.7079071,0.3571635,0.5409465,0.7628349,0.05460151,0.1,3,0,0.5664288,1.324103,-0.02912903,0.5058833,0.7400594,0.08826872,False,2,1,0
6/26/2025 6:58:30 PM,1750957110312,Left,0.5255669,0.7409554,0.07017238,0.7777533,0.6995476,0.3424317,0.5284782,0.748098,0.04780147,0.1,3,0,0.5512045,1.307048,-0.04198933,0.4969603,0.7258497,0.08185022,False,2,1,0
6/26/2025 6:58:30 PM,1750957110340,Left,0.5168886,0.7286548,0.06457161,0.7837223,0.6896276,0.3264879,0.5213085,0.7360268,0.0414833,0.1,3,0,0.535005,1.288863,-0.05431283,0.485412,0.71163,0.07528453,False,2,1,0
6/26/2025 6:58:30 PM,1750957110354,Left,0.5112714,0.721903,0.06132923,0.7849773,0.6844545,0.3194496,0.5145742,0.7277436,0.03739323,0.1,3,0,0.5267462,1.279511,-0.06004357,0.4787755,0.7036292,0.07140475,False,2,1,0
6/26/2025 6:58:30 PM,1750957110368,Left,0.5045683,0.715563,0.0576969,0.7868873,0.6777908,0.314097,0.5067042,0.7195016,0.03291359,0.1,3,0,0.518411,1.270133,-0.06569147,0.4712949,0.6954429,0.06686487,False,2,1,1
6/26/2025 6:58:30 PM,1750957110395,Left,0.4894363,0.7033235,0.04945503,0.7867564,0.6657898,0.3015402,0.491148,0.705512,0.02394004,0.1,3,0,0.5014821,1.251947,-0.0769186,0.4562844,0.6812354,0.05863982,False,2,1,1
6/26/2025 6:58:30 PM,1750957110409,Left,0.4824386,0.6967999,0.04535049,0.7884958,0.6581116,0.2945366,0.484009,0.6981623,0.01947645,0.1,3,0,0.4930382,1.243101,-0.08223665,0.448332,0.6743049,0.05477782,False,2,1,1
6/26/2025 6:58:30 PM,1750957110437,Left,0.4672503,0.6836952,0.03786798,0.7890242,0.6515422,0.2791137,0.4685678,0.6835169,0.01139927,0.1,3,0,0.4782265,1.226225,-0.09174705,0.4346138,0.6609354,0.04771855,False,2,1,1
6/26/2025 6:58:30 PM,1750957110451,Left,0.4608838,0.6773955,0.03499249,0.7902935,0.6458614,0.2713967,0.4621319,0.6764812,0.00798073,0.1,3,0,0.4713736,1.21781,-0.09712911,0.4280196,0.6543784,0.04434002,False,2,1,1
6/26/2025 6:58:30 PM,1750957110479,Left,0.446826,0.6650957,0.02949966,0.7936937,0.6323031,0.2609411,0.4480279,0.6630647,0.001006812,0.1,3,0,0.4581522,1.201968,-0.1081779,0.4148665,0.6407638,0.03884464,False,2,1,1
6/26/2025 6:58:30 PM,1750957110493,Left,0.4397283,0.6582363,0.02683606,0.7953464,0.6254508,0.2542222,0.4412195,0.656363,-0.001995686,0.1,3,0,0.4516685,1.194366,-0.1131843,0.4085649,0.6340705,0.03595494,False,2,1,1
6/26/2025 6:58:30 PM,1750957110521,Left,0.4272751,0.6461661,0.02247864,0.793859,0.6142309,0.240737,0.4283921,0.6440989,-0.006863501,0.1,3,0,0.4391937,1.181805,-0.1197261,0.3962068,0.6210272,0.03077095,False,2,1,1
6/26/2025 6:58:30 PM,1750957110535,Left,0.4197102,0.6399444,0.01942309,0.7925353,0.6095085,0.2328309,0.4217152,0.6387388,-0.009803042,0.1,3,0,0.4327051,1.17585,-0.1241828,0.3888865,0.6144527,0.02739333,False,2,1,1
6/26/2025 6:58:30 PM,1750957110549,Left,0.4132936,0.6336979,0.01681103,0.7910027,0.6055405,0.2261408,0.4149712,0.6322485,-0.01324412,0.1,3,0,0.426122,1.169783,-0.1290084,0.3810596,0.6074832,0.02447048,False,2,1,1
6/26/2025 6:58:30 PM,1750957110577,Left,0.4001972,0.6229796,0.01228049,0.7883319,0.5986739,0.2136958,0.4021427,0.6211312,-0.01860578,0.1,3,0,0.4139603,1.15735,-0.13766,0.3677177,0.5959525,0.01902542,False,2,1,1
6/26/2025 6:58:30 PM,1750957110590,Left,0.3931803,0.6178331,0.01001049,0.7869127,0.5963062,0.2066985,0.3952045,0.6158324,-0.02132716,0.1,3,0,0.4077343,1.151392,-0.1410148,0.3614458,0.5904337,0.0171615,False,2,1,1
6/26/2025 6:58:30 PM,1750957110618,Left,0.3798529,0.6082573,0.007019792,0.7840172,0.5923156,0.1942651,0.3819023,0.6053861,-0.02523137,0.1,3,0,0.3957664,1.139395,-0.1481611,0.3492283,0.5803086,0.01382746,False,2,1,1
6/26/2025 6:58:30 PM,1750957110632,Left,0.3731794,0.6037483,0.006281821,0.7826653,0.5906687,0.1890387,0.3754248,0.6004223,-0.0265983,0.1,3,0,0.389598,1.133624,-0.1516563,0.3422647,0.5754752,0.01267318,False,2,1,1
6/26/2025 6:58:30 PM,1750957110660,Left,0.359913,0.5950751,0.005454627,0.7809535,0.5881657,0.1777343,0.3624814,0.5911841,-0.02864626,0.1,3,0,0.3764005,1.122487,-0.1588022,0.3278206,0.5655732,0.01000942,False,2,1,1
6/26/2025 6:58:30 PM,1750957110674,Left,0.352609,0.5905676,0.005474982,0.7802098,0.5871052,0.1727549,0.3555312,0.5864333,-0.02916701,0.1,3,0,0.3703774,1.116711,-0.1613387,0.3203962,0.5605558,0.00942713,False,2,1,1
6/26/2025 6:58:30 PM,1750957110687,Left,0.3466181,0.5871298,0.005186447,0.7792194,0.5863094,0.1677193,0.3501958,0.581902,-0.02925692,0.1,3,0,0.3651915,1.11109,-0.1641457,0.3134586,0.5557537,0.008175075,False,2,1,1
6/26/2025 6:58:30 PM,1750957110715,Left,0.3338601,0.579312,0.006261683,0.7775125,0.5847521,0.1594431,0.3361863,0.5739369,-0.0298125,0.1,3,0,0.3532075,1.100955,-0.1705129,0.3055681,0.5476246,0.006148025,False,2,1,1
6/26/2025 6:58:30 PM,1750957110729,Left,0.3273872,0.5751662,0.007017015,0.7763852,0.583863,0.1553975,0.3292798,0.569433,-0.02971063,0.1,3,0,0.3464791,1.096363,-0.1735456,0.30019,0.5437322,0.005717069,False,2,1,1
6/26/2025 6:58:30 PM,1750957110757,Left,0.3148703,0.5669873,0.009092904,0.7751909,0.5820334,0.1472548,0.316797,0.5608829,-0.02925564,0.1,3,0,0.3326398,1.088294,-0.1787842,0.286353,0.5364894,0.006814912,False,2,1,1
6/26/2025 6:58:30 PM,1750957110771,Left,0.3084168,0.5626843,0.01048967,0.7752913,0.5812438,0.1433116,0.3102589,0.5564148,-0.02856982,0.1,3,0,0.3254914,1.084146,-0.1814492,0.2799742,0.5328664,0.006792679,False,2,1,1
6/26/2025 6:58:30 PM,1750957110798,Left,0.2963277,0.5544595,0.01372949,0.7751364,0.5802014,0.1351832,0.2976211,0.5481229,-0.02690411,0.1,3,0,0.3113315,1.07594,-0.186788,0.2674277,0.5247524,0.007845551,False,2,1,1
6/26/2025 6:58:30 PM,1750957110812,Left,0.2924972,0.551807,0.01493152,0.7746676,0.580263,0.1307229,0.293155,0.5454015,-0.02650038,0.1,3,0,0.3039552,1.071793,-0.1895087,0.2611318,0.520165,0.008706182,False,2,1,1
6/26/2025 6:58:30 PM,1750957110826,Left,0.2924972,0.551807,0.01493152,0.7742642,0.5800522,0.1264978,0.2928109,0.5457507,-0.02759899,0.1,3,0,0.2965906,1.067949,-0.1922318,0.2550129,0.5154825,0.01034844,False,2,1,1
6/26/2025 6:58:30 PM,1750957110854,Left,0.2924972,0.551807,0.01493152,0.7731694,0.5803179,0.1175921,0.2918864,0.5459777,-0.02869548,0.1,3,0,0.2811149,1.061135,-0.1965235,0.2433244,0.5081593,0.01053682,False,2,1,1
6/26/2025 6:58:30 PM,1750957110868,Left,0.2924972,0.551807,0.01493152,0.7724614,0.5804306,0.1132105,0.291676,0.5459109,-0.02903946,0.1,3,0,0.2735727,1.058091,-0.1977046,0.2369788,0.5049706,0.01020829,False,2,1,1
6/26/2025 6:58:30 PM,1750957110895,Left,0.2924972,0.551807,0.01493152,0.7702185,0.5810926,0.1024497,0.2909978,0.5461222,-0.02992876,0.1,3,0,0.2579271,1.05202,-0.2011195,0.2237578,0.4987102,0.01089136,False,2,1,1
6/26/2025 6:58:30 PM,1750957110909,Left,0.2924972,0.551807,0.01493152,0.7689494,0.5816136,0.09704781,0.2903593,0.5458097,-0.03040604,0.1,3,0,0.2501202,1.048724,-0.2032331,0.2184382,0.49614,0.01066954,False,2,1,1
6/26/2025 6:58:30 PM,1750957110937,Left,0.2924972,0.551807,0.01493152,0.7656142,0.5829601,0.08588389,0.2897584,0.5449066,-0.03135336,0.1,3,0,0.236632,1.041369,-0.2080263,0.20716,0.4910494,0.00978297,False,2,1,1
6/26/2025 6:58:30 PM,1750957110952,Left,0.2924972,0.551807,0.01493152,0.763171,0.583696,0.07981545,0.2894812,0.5442592,-0.03203976,0.1,3,0,0.2302881,1.03756,-0.2108459,0.2020974,0.4885645,0.009626597,False,2,1,1
6/26/2025 6:58:30 PM,1750957110979,Left,0.2924972,0.551807,0.01493152,0.7582628,0.5845984,0.06761545,0.2884497,0.5434606,-0.03309201,0.1,3,0,0.2158993,1.032033,-0.2164004,0.1922344,0.4847753,0.008132949,False,2,1,1
6/26/2025 6:58:30 PM,1750957110993,Left,0.2924972,0.551807,0.01493152,0.7552361,0.5845157,0.05941916,0.2871106,0.5433061,-0.03320961,0.1,3,0,0.2063206,1.03017,-0.2176105,0.1876333,0.4834286,0.00750643,False,2,1,1
6/26/2025 6:58:31 PM,1750957111007,Left,0.2924972,0.551807,0.01493152,0.7528017,0.5837727,0.05212221,0.2860161,0.5434066,-0.03326661,0.1,3,0,0.1971201,1.028772,-0.2183511,0.1828107,0.4817951,0.006993726,False,2,1,1
6/26/2025 6:58:31 PM,1750957111035,Left,0.2924972,0.551807,0.01493152,0.7493497,0.5818746,0.03538961,0.2846209,0.5434076,-0.03292919,0.1,3,0,0.1814927,1.025848,-0.2181967,0.1726591,0.4788423,0.005695492,False,2,1,1
6/26/2025 6:58:31 PM,1750957111049,Left,0.2924972,0.551807,0.01493152,0.7478891,0.5813173,0.02472532,0.284201,0.5433899,-0.03271241,0.1,3,0,0.1743973,1.024319,-0.2184311,0.1672044,0.4774237,0.004781723,False,2,1,1
6/26/2025 6:58:31 PM,1750957111076,Left,0.2924972,0.551807,0.01493152,0.7445942,0.5823174,0.00751451,0.283691,0.5429245,-0.03287679,0.1,3,0,0.1621704,1.020567,-0.2209481,0.1571613,0.4747155,0.002837554,False,2,1,1
6/26/2025 6:58:31 PM,1750957111090,Left,0.2924972,0.551807,0.01493152,0.7425283,0.5840587,-0.0009437772,0.2835903,0.5427608,-0.03308655,0.1,3,0,0.1568363,1.018178,-0.2228056,0.1519119,0.4729404,0.002082869,False,2,1,1
6/26/2025 6:58:31 PM,1750957111118,Left,0.2924972,0.551807,0.01493152,0.7368618,0.5882661,-0.01481003,0.2829823,0.5424833,-0.03347942,0.1,3,0,0.1459351,1.013337,-0.2256435,0.1437607,0.468515,0.0005526394,False,2,1,1
6/26/2025 6:58:31 PM,1750957111132,Left,0.1660443,0.5031371,0.001329571,0.734188,0.5901822,-0.02133296,0.1559724,0.4941044,-0.04730348,0.1,3,0,0.1411172,1.011763,-0.2271593,0.1411713,0.4662625,-7.461011E-05,False,2,1,1
6/26/2025 6:58:31 PM,1750957111159,Left,0.1612181,0.5008088,0.0006372292,0.7295757,0.594556,-0.03437477,0.1499964,0.4923248,-0.04854517,0.1,3,0,0.1327089,1.009472,-0.2306649,0.1377987,0.4627925,-0.001333982,False,2,1,1
6/26/2025 6:58:31 PM,1750957111174,Left,0.1604203,0.4991126,-0.0007913341,0.7279435,0.5962839,-0.04098472,0.1483427,0.4908765,-0.05006471,0.1,3,0,0.128673,1.008686,-0.2323276,0.1370668,0.4614995,-0.002475858,False,2,1,1
6/26/2025 6:58:31 PM,1750957111188,Left,0.1603607,0.4980848,-0.001950004,0.7259874,0.5977675,-0.04824073,0.1475988,0.489801,-0.05121951,0.1,3,0,0.1256416,1.007231,-0.2335086,0.1366138,0.4601524,-0.003613666,False,2,1,1
6/26/2025 6:58:31 PM,1750957111215,Left,0.1601681,0.4960651,-0.004143925,0.7224367,0.6004466,-0.06130541,0.1462464,0.4875234,-0.05360314,0.1,3,0,0.1217165,1.004409,-0.2365201,0.1372009,0.4579036,-0.005874127,False,2,1,1
6/26/2025 6:58:31 PM,1750957111230,Left,0.1610119,0.495473,-0.005791069,0.7211395,0.6011038,-0.06725265,0.1462562,0.4864699,-0.05520467,0.1,3,0,0.1206036,1.003106,-0.2382962,0.1373353,0.4568862,-0.007015526,False,2,1,1
6/26/2025 6:58:31 PM,1750957111257,Left,0.1620012,0.4936408,-0.009045535,0.7196631,0.6023411,-0.07901736,0.1469688,0.484918,-0.05843493,0.1,3,0,0.1184788,1.001614,-0.2405696,0.1382519,0.4555317,-0.0100608,False,2,1,1
6/26/2025 6:58:31 PM,1750957111271,Left,0.1628492,0.4930818,-0.01090316,0.7198824,0.6028196,-0.08373918,0.1474589,0.4843201,-0.06015014,0.1,3,0,0.117946,1.001397,-0.2417409,0.139026,0.4551255,-0.01172739,False,2,1,1
6/26/2025 6:58:31 PM,1750957111299,Left,0.1637122,0.4937593,-0.01405196,0.7202009,0.6036657,-0.09100805,0.1480369,0.4849295,-0.0631242,0.1,3,0,0.1173347,1.001199,-0.2444707,0.139693,0.4551559,-0.01519375,False,2,1,1
6/26/2025 6:58:31 PM,1750957111313,Left,0.164316,0.4938858,-0.01593233,0.7201232,0.6043906,-0.09369531,0.1484479,0.4850826,-0.06478862,0.1,3,0,0.1170664,1.001489,-0.2450629,0.1402866,0.4555809,-0.01661733,False,2,1,1
6/26/2025 6:58:31 PM,1750957111327,Left,0.1645741,0.4941644,-0.01745996,0.720174,0.6049234,-0.09584709,0.1486168,0.4854323,-0.06598404,0.1,3,0,0.1175394,1.0026,-0.2448752,0.1410394,0.456369,-0.01780547,False,2,1,1
6/26/2025 6:58:31 PM,1750957111354,Left,0.1656934,0.4952273,-0.02076997,0.719828,0.6063183,-0.09983933,0.1498128,0.4850681,-0.06893037,0.1,3,0,0.1183497,1.005339,-0.2444382,0.1429796,0.4581265,-0.02018099,False,2,1,1
6/26/2025 6:58:31 PM,1750957111368,Left,0.1666759,0.4970445,-0.02204585,0.7204388,0.6066596,-0.101559,0.1504115,0.4886473,-0.06946643,0.1,3,0,0.1196105,1.006532,-0.2440168,0.1440091,0.4593386,-0.02142569,False,2,1,1
6/26/2025 6:58:31 PM,1750957111396,Left,0.1692869,0.4983912,-0.02470565,0.7204409,0.6077504,-0.1059795,0.1533873,0.4909424,-0.07146191,0.1,3,0,0.1232243,1.010007,-0.2439245,0.1465868,0.4621231,-0.02375373,False,2,1,1
6/26/2025 6:58:31 PM,1750957111410,Left,0.1705536,0.4990286,-0.02585969,0.7207592,0.6082393,-0.1077791,0.1547397,0.4912173,-0.07273355,0.1,3,0,0.1247677,1.011808,-0.2447389,0.1476423,0.4632668,-0.02419561,False,2,1,1
6/26/2025 6:58:31 PM,1750957111438,Left,0.1734158,0.5024838,-0.02746374,0.720321,0.6100934,-0.1104731,0.1571472,0.4958543,-0.07410585,0.1,3,0,0.1276244,1.015677,-0.2463872,0.15042,0.4664863,-0.02628581,False,2,1,1
6/26/2025 6:58:31 PM,1750957111452,Left,0.1746216,0.5050526,-0.02805693,0.7203551,0.6110203,-0.1116112,0.1588455,0.4978202,-0.07500805,0.1,3,0,0.1291771,1.018183,-0.2471585,0.1515997,0.4681295,-0.02660751,False,2,1,1
6/26/2025 6:58:31 PM,1750957111480,Left,0.1783074,0.5092597,-0.02860692,0.7201844,0.6132673,-0.1141614,0.1625929,0.5018969,-0.07571778,0.1,3,0,0.1338063,1.02395,-0.2474151,0.155703,0.4725288,-0.0274311,False,2,1,1
6/26/2025 6:58:31 PM,1750957111493,Left,0.1802806,0.5113952,-0.02884733,0.720097,0.6146384,-0.1157052,0.1646812,0.5049176,-0.07552971,0.1,3,0,0.1365014,1.027178,-0.2469417,0.1580989,0.4752724,-0.02767581,False,2,1,1
6/26/2025 6:58:31 PM,1750957111508,Left,0.1823898,0.5142893,-0.02885157,0.7205337,0.6158759,-0.1170599,0.1669046,0.5081422,-0.07549352,0.1,3,0,0.1392494,1.03073,-0.2461816,0.1603718,0.4779485,-0.02725182,False,2,1,1
6/26/2025 6:58:31 PM,1750957111535,Left,0.1869434,0.5194579,-0.02850587,0.7217332,0.618484,-0.1197625,0.1714899,0.5138848,-0.07455635,0.1,3,0,0.1444741,1.038288,-0.2430794,0.1655277,0.4843276,-0.02636804,False,2,1,1
6/26/2025 6:58:31 PM,1750957111549,Left,0.1898941,0.521755,-0.02831481,0.7230144,0.6198217,-0.1215461,0.1744894,0.5163926,-0.07403322,0.1,3,0,0.1478719,1.042264,-0.2406986,0.1686568,0.4878236,-0.02532294,False,2,1,1
6/26/2025 6:58:31 PM,1750957111577,Left,0.1963192,0.5283853,-0.02688966,0.7261033,0.6219897,-0.1252828,0.1813342,0.5234295,-0.07191963,0.1,3,0,0.156999,1.050185,-0.235981,0.1756384,0.4946964,-0.02338058,False,2,1,1
6/26/2025 6:58:31 PM,1750957111591,Left,0.2005214,0.5319858,-0.02582437,0.7284938,0.6228985,-0.1277237,0.1857815,0.5269798,-0.07069807,0.1,3,0,0.1622512,1.053962,-0.2340636,0.1797201,0.4985468,-0.02210167,False,2,1,1
6/26/2025 6:58:31 PM,1750957111619,Left,0.208887,0.53877,-0.02328141,0.7335078,0.624361,-0.132082,0.1945181,0.5337973,-0.06804965,0.1,3,0,0.1728595,1.060781,-0.2308781,0.1890704,0.505314,-0.01955362,False,2,1,1
6/26/2025 6:58:31 PM,1750957111632,Left,0.213789,0.5422064,-0.02153897,0.7360434,0.6250494,-0.1338473,0.1994536,0.5372564,-0.06626047,0.1,3,0,0.1780572,1.064144,-0.2292101,0.193965,0.5087218,-0.01808544,False,2,1,1
6/26/2025 6:58:31 PM,1750957111660,Left,0.2235219,0.5486147,-0.01796974,0.7409732,0.6263725,-0.1370341,0.2094838,0.542999,-0.06284425,0.1,3,0,0.1892695,1.069391,-0.2262743,0.2038605,0.5154221,-0.01465437,False,2,1,1
6/26/2025 6:58:31 PM,1750957111674,Left,0.2289878,0.5514441,-0.01609527,0.7433105,0.6267353,-0.1376788,0.2152524,0.5456492,-0.06096413,0.1,3,0,0.1957463,1.072347,-0.2243247,0.2090064,0.518798,-0.01287028,False,2,1,1
6/26/2025 6:58:31 PM,1750957111688,Left,0.2347882,0.555074,-0.01409133,0.7456155,0.6271084,-0.1385806,0.2208036,0.5485577,-0.05901375,0.1,3,0,0.2024922,1.07539,-0.2218636,0.2149036,0.5221764,-0.01073502,False,2,1,1
6/26/2025 6:58:31 PM,1750957111716,Left,0.2464616,0.5609109,-0.01063639,0.7503968,0.6273789,-0.1404138,0.2334103,0.5548524,-0.05497231,0.1,3,0,0.216499,1.08071,-0.2161572,0.2270801,0.527846,-0.00668107,False,2,1,1
6/26/2025 6:58:31 PM,1750957111729,Left,0.2528039,0.5646219,-0.00886744,0.7538867,0.6263311,-0.1410937,0.2397816,0.5584473,-0.05277957,0.1,3,0,0.2238758,1.083188,-0.2127519,0.2336191,0.5309642,-0.004576668,False,2,1,1
6/26/2025 6:58:31 PM,1750957111758,Left,0.2627926,0.5645089,-0.006858518,0.7618017,0.621699,-0.1415113,0.2503102,0.5579547,-0.05034401,0.1,3,0,0.2388564,1.087847,-0.2054417,0.2472108,0.5364987,0.0007435381,False,2,1,1
6/26/2025 6:58:31 PM,1750957111771,Left,0.2682391,0.5678272,-0.004642564,0.7660809,0.6212814,-0.1422346,0.25599,0.5609589,-0.04765376,0.1,3,0,0.2463011,1.089969,-0.201069,0.2537693,0.5391225,0.00310041,False,2,1,1
6/26/2025 6:58:31 PM,1750957111799,Left,0.2783808,0.5745026,-0.0002897101,0.7755116,0.6204314,-0.1437,0.2667464,0.5668707,-0.04213568,0.1,3,0,0.2628383,1.094141,-0.1914029,0.2678347,0.5449111,0.007993743,False,2,1,1
6/26/2025 6:58:31 PM,1750957111813,Left,0.2861591,0.5769781,0.002220496,0.7777528,0.6183338,-0.1450265,0.2747213,0.5691451,-0.03907615,0.1,3,0,0.2714491,1.096021,-0.1863632,0.2751656,0.547296,0.01075608,False,2,1,1
6/26/2025 6:58:31 PM,1750957111840,Left,0.3017965,0.5809782,0.006777878,0.7857985,0.6168814,-0.1455797,0.2911772,0.5730877,-0.03330592,0.1,3,0,0.28979,1.100156,-0.175764,0.2901131,0.5516822,0.01655568,False,2,1,1
6/26/2025 6:58:31 PM,1750957111855,Left,0.3093827,0.5830024,0.00932159,0.7923087,0.6166761,-0.1444622,0.299246,0.5750227,-0.03005137,0.1,3,0,0.2993394,1.102341,-0.1697985,0.2982271,0.5539517,0.01956534,False,2,1,1
6/26/2025 6:58:31 PM,1750957111868,Left,0.3169962,0.5846114,0.01163421,0.7981426,0.6164967,-0.1432254,0.3071808,0.5767129,-0.0268018,0.1,3,0,0.3094502,1.104405,-0.1632822,0.3065781,0.5559936,0.02243154,False,2,1,1
6/26/2025 6:58:31 PM,1750957111896,Left,0.3324862,0.5874397,0.01670975,0.8124363,0.6162781,-0.1401971,0.3237199,0.5801535,-0.02009771,0.1,3,0,0.3311304,1.108594,-0.1492107,0.3238168,0.5591099,0.02956671,False,2,1,1
6/26/2025 6:58:31 PM,1750957111910,Left,0.3407151,0.5887524,0.01951178,0.8195287,0.6162586,-0.1384785,0.3326085,0.5816466,-0.01647294,0.1,3,0,0.3426009,1.110734,-0.1417565,0.332508,0.5605075,0.03397609,False,2,1,1
6/26/2025 6:58:31 PM,1750957111938,Left,0.3564422,0.59062,0.02554862,0.8350433,0.6160621,-0.1346923,0.3494863,0.5843658,-0.008147202,0.1,3,0,0.3654616,1.115098,-0.1253287,0.3509941,0.5629619,0.04121725,False,2,1,1
6/26/2025 6:58:31 PM,1750957111952,Left,0.3656144,0.5915183,0.02891063,0.8435111,0.6157227,-0.1324518,0.3593486,0.5857649,-0.003674261,0.1,3,0,0.3774775,1.117087,-0.1162819,0.3599501,0.5637836,0.04573078,False,2,1,1
6/26/2025 6:58:31 PM,1750957111980,Left,0.3846579,0.5930742,0.03542027,0.8614329,0.614554,-0.1279683,0.3796136,0.588105,0.005097076,0.1,3,0,0.4040223,1.12026,-0.09772992,0.3794473,0.5653747,0.0551344,False,2,1,1
6/26/2025 6:58:31 PM,1750957111994,Left,0.3944893,0.5939062,0.03900236,0.8713084,0.6137815,-0.1253954,0.3905945,0.5891468,0.009659085,0.1,3,0,0.4176406,1.121533,-0.08831728,0.389553,0.5660346,0.0603842,False,2,1,1
6/26/2025 6:58:32 PM,1750957112007,Left,0.4025985,0.5942047,0.04341245,0.8814927,0.6131106,-0.1225153,0.3999251,0.5897938,0.01517187,0.1,3,0,0.4310856,1.122811,-0.07860017,0.3992497,0.5664499,0.06588913,False,2,1,1
6/26/2025 6:58:32 PM,1750957112036,Left,0.4211038,0.5947923,0.05199302,0.9018484,0.6116906,-0.1167424,0.4202297,0.5909897,0.02604666,0.1,3,0,0.458125,1.125261,-0.05866838,0.4189977,0.5674995,0.07652508,False,2,1,1
6/26/2025 6:58:32 PM,1750957112049,Left,0.4303781,0.5952075,0.05671669,0.9128225,0.6113113,-0.1128588,0.4304754,0.5917286,0.03184051,0.1,3,0,0.4719055,1.126795,-0.04861331,0.4287445,0.5681744,0.08213474,False,2,1,1
6/26/2025 6:58:32 PM,1750957112077,Left,0.4480191,0.5953153,0.06636921,0.9339568,0.6106826,-0.1061519,0.4500729,0.5930453,0.04371257,0.1,3,0,0.4989253,1.130368,-0.02777016,0.4477884,0.5690473,0.09395424,False,2,1,1
6/26/2025 6:58:32 PM,1750957112090,Left,0.4570641,0.5950881,0.07157143,0.9451785,0.6108598,-0.1023152,0.4599661,0.593128,0.0501069,0.1,3,0,0.5123093,1.131734,-0.01716602,0.457957,0.5697445,0.09984229,False,2,1,1
6/26/2025 6:58:32 PM,1750957112118,Left,0.4743612,0.5955472,0.08163291,0.967153,0.6114845,-0.09498132,0.4792337,0.5938591,0.06239435,0.1,3,0,0.5394474,1.133023,0.003404975,0.4770839,0.5704921,0.1116513,False,2,1,1
6/26/2025 6:58:32 PM,1750957112133,Left,0.4838913,0.5959077,0.08659434,0.9784829,0.6121498,-0.09134114,0.4898621,0.5943033,0.06821695,0.1,3,0,0.5534353,1.133402,0.01310873,0.4870242,0.5705338,0.1178842,False,2,1,1
6/26/2025 6:58:32 PM,1750957112160,Left,0.5025049,0.5945643,0.09685973,0.999945,0.6136841,-0.08370297,0.5104387,0.5932903,0.08012002,0.1,3,0,0.5806324,1.134205,0.03203642,0.5063028,0.5706677,0.1302201,False,2,1,1
6/26/2025 6:58:32 PM,1750957112174,Left,0.5117497,0.5942464,0.1021156,1.010842,0.6145723,-0.08008004,0.520439,0.593321,0.0861692,0.1,3,0,0.5938625,1.135125,0.04114854,0.5163621,0.5707844,0.1361085,False,2,1,1
6/26/2025 6:58:32 PM,1750957112188,Left,0.5208589,0.5936955,0.1074305,1.021632,0.6154056,-0.07671475,0.5301392,0.593203,0.09230186,0.1,3,0,0.6067567,1.135933,0.05038869,0.5268345,0.5706066,0.1419501,False,2,1,1
6/26/2025 6:58:32 PM,1750957112216,Left,0.5390822,0.5929485,0.1175883,1.042061,0.6170076,-0.0702403,0.5495853,0.5933902,0.1041068,0.1,3,0,0.631081,1.137616,0.06883717,0.5469627,0.5700285,0.1540078,False,2,1,1
6/26/2025 6:58:32 PM,1750957112230,Left,0.5494165,0.59231,0.1225829,1.051603,0.6177944,-0.06678456,0.5600852,0.5931425,0.110021,0.1,3,0,0.6426579,1.138209,0.07777166,0.5573756,0.5698026,0.1593822,False,2,1,1
6/26/2025 6:58:32 PM,1750957112258,Left,0.5691913,0.5902453,0.132834,1.068965,0.6190493,-0.06028061,0.580356,0.5921858,0.1217132,0.1,3,0,0.6651,1.139287,0.09549272,0.5778127,0.5683486,0.1711504,False,2,1,1
6/26/2025 6:58:32 PM,1750957112271,Left,0.5796635,0.5895155,0.1377704,1.076386,0.6194614,-0.05688404,0.5904949,0.5921237,0.1270716,0.1,3,0,0.6757346,1.139715,0.1042317,0.5875828,0.5673476,0.1769078,False,2,1,1
6/26/2025 6:58:32 PM,1750957112299,Left,0.5992272,0.5870805,0.1482163,1.089386,0.6194166,-0.05056113,0.6104156,0.5907777,0.1390825,0.1,3,0,0.6952754,1.140397,0.1209821,0.6079006,0.5654532,0.1885336,False,2,1,1
6/26/2025 6:58:32 PM,1750957112313,Left,0.6084328,0.5854315,0.1539645,1.094611,0.6189328,-0.04758618,0.6194217,0.5896128,0.1454813,0.1,3,0,0.7039383,1.140318,0.1294084,0.6173382,0.5641825,0.1945255,False,2,1,1
6/26/2025 6:58:32 PM,1750957112327,Left,0.617763,0.5838996,0.1595893,1.099609,0.6186168,-0.04476132,0.6284719,0.5885118,0.1517289,0.1,3,0,0.7119563,1.140164,0.1378452,0.6266456,0.5630301,0.2005338,False,2,1,1
6/26/2025 6:58:32 PM,1750957112355,Left,0.6350998,0.5807417,0.1715638,1.106243,0.6182242,-0.03729825,0.6452671,0.5859596,0.164398,0.1,3,0,0.7267059,1.138627,0.1546236,0.6435056,0.5600779,0.2134869,False,2,1,1
6/26/2025 6:58:32 PM,1750957112369,Left,0.6442009,0.579237,0.1775686,1.109071,0.617443,-0.03308273,0.6539137,0.5844886,0.1711903,0.1,3,0,0.7330343,1.137438,0.162985,0.651716,0.5588385,0.219583,False,2,1,1
6/26/2025 6:58:32 PM,1750957112396,Left,0.6602089,0.5761501,0.1909211,1.112534,0.619418,-0.02171272,0.6694691,0.58116,0.1849558,0.1,3,0,0.7448596,1.133923,0.1792029,0.6679291,0.5555423,0.233137,False,2,1,1
6/26/2025 6:58:32 PM,1750957112411,Left,0.668886,0.5742184,0.1976292,1.113526,0.6203593,-0.01608949,0.6767414,0.5793908,0.1920712,0.1,3,0,0.7497119,1.131892,0.1874021,0.6760003,0.5534946,0.2405897,False,2,1,1
6/26/2025 6:58:32 PM,1750957112439,Left,0.685755,0.5704261,0.2115882,1.111962,0.6221377,-0.001837672,0.6918136,0.5753646,0.2066043,0.1,3,0,0.7583432,1.127153,0.2042717,0.6917716,0.5493397,0.2550471,False,2,1,1
6/26/2025 6:58:32 PM,1750957112452,Left,0.6945335,0.5682806,0.2185456,1.110925,0.622848,0.005842965,0.6994076,0.5730134,0.2137016,0.1,3,0,0.7621211,1.124325,0.2121823,0.7000273,0.5470359,0.262244,False,2,1,1
6/26/2025 6:58:32 PM,1750957112480,Left,0.7111528,0.5636017,0.2325497,1.105474,0.6254165,0.02055485,0.7140233,0.5678725,0.2280699,0.1,3,0,0.768763,1.118263,0.2282687,0.7149311,0.542099,0.2769445,False,2,1,1
6/26/2025 6:58:32 PM,1750957112493,Left,0.7200854,0.5615768,0.2398243,1.103338,0.6266676,0.027629,0.7217333,0.565688,0.23552,0.1,3,0,0.7717943,1.115077,0.2363924,0.7228118,0.5392756,0.2843522,False,2,1,1
6/26/2025 6:58:32 PM,1750957112507,Left,0.7260854,0.5584148,0.2482019,1.099257,0.6284674,0.03551295,0.7268021,0.5624959,0.2439427,0.1,3,0,0.7746861,1.111982,0.2446172,0.7296299,0.536328,0.2921268,False,2,1,1
6/26/2025 6:58:32 PM,1750957112536,Left,0.7408698,0.5525658,0.2633795,1.090077,0.6344022,0.05273838,0.739394,0.5566244,0.2596418,0.1,3,0,0.7800179,1.106035,0.2614503,0.7437326,0.5303921,0.3067946,False,2,1,1
6/26/2025 6:58:32 PM,1750957112549,Left,0.7488923,0.5489267,0.2710974,1.084433,0.6349355,0.06062495,0.746293,0.553311,0.267632,0.1,3,0,0.7823287,1.103358,0.2704811,0.7507186,0.5268891,0.3148426,False,2,1,1
6/26/2025 6:58:32 PM,1750957112577,Left,0.7632117,0.5414887,0.2863441,1.073146,0.6384201,0.07706733,0.7582612,0.546851,0.283834,0.1,3,0,0.7869312,1.098131,0.2896523,0.7645785,0.5195974,0.3302614,False,2,1,1
6/26/2025 6:58:32 PM,1750957112591,Left,0.7712854,0.5368806,0.2941756,1.067708,0.6398641,0.0858169,0.7649688,0.542876,0.2922964,0.1,3,0,0.7886237,1.095477,0.3000993,0.7714142,0.5156035,0.3379649,False,2,1,1
6/26/2025 6:58:32 PM,1750957112619,Left,0.7852119,0.5267324,0.309806,1.057319,0.6416255,0.1028372,0.7761737,0.533664,0.3092478,0.1,3,0,0.79198,1.088912,0.3208814,0.7859986,0.5069894,0.3535903,False,2,1,1
6/26/2025 6:58:32 PM,1750957112632,Left,0.7926519,0.5212739,0.3176538,1.054343,0.6397326,0.1091594,0.782198,0.5286878,0.3176875,0.1,3,0,0.7929243,1.08487,0.3315493,0.7929271,0.5022156,0.3618354,False,2,1,1
6/26/2025 6:58:32 PM,1750957112647,Left,0.7989347,0.5152806,0.3259453,1.050093,0.6405596,0.1207113,0.7871301,0.5234151,0.3261979,0.1,3,0,0.79422,1.07993,0.3413019,0.7991779,0.4953834,0.3703971,False,2,1,1
6/26/2025 6:58:32 PM,1750957112674,Left,0.8137146,0.5020938,0.3414865,1.041333,0.6415088,0.1381055,0.7996616,0.5109128,0.3422663,0.1,3,0,0.7964888,1.067477,0.3592154,0.8106054,0.4812901,0.3866673,False,2,1,1
6/26/2025 6:58:32 PM,1750957112688,Left,0.8206686,0.4947391,0.349434,1.037012,0.6401208,0.1481071,0.8053759,0.5036677,0.3503021,0.1,3,0,0.7977181,1.059681,0.367752,0.8168101,0.4736935,0.3950107,False,2,1,1
6/26/2025 6:58:32 PM,1750957112716,Left,0.8344651,0.4802427,0.3645976,1.028306,0.6410248,0.1647705,0.8170232,0.4889735,0.3656463,0.1,3,0,0.8013543,1.044768,0.3833438,0.8290418,0.4589512,0.4097169,False,2,1,1
6/26/2025 6:58:32 PM,1750957112730,Left,0.8414457,0.4725176,0.3719732,1.025354,0.6402034,0.1739022,0.8230171,0.4812782,0.3728536,0.1,3,0,0.8036704,1.036398,0.3907501,0.834821,0.4510071,0.4171874,False,2,1,1
6/26/2025 6:58:32 PM,1750957112758,Left,0.8548649,0.457139,0.38573,1.020092,0.6385621,0.1923712,0.8345061,0.4656699,0.3871593,0.1,3,0,0.8067536,1.020359,0.4064529,0.8461629,0.4352163,0.4313227,False,2,1,1
6/26/2025 6:58:32 PM,1750957112771,Left,0.8611829,0.4490723,0.3923606,1.017697,0.6376642,0.2012026,0.8399701,0.4574558,0.3941934,0.1,3,0,0.8084759,1.012021,0.414605,0.8513967,0.4270928,0.4380754,False,2,1,1
6/26/2025 6:58:32 PM,1750957112799,Left,0.8738219,0.4333111,0.4044889,1.013834,0.6349391,0.2163799,0.8510653,0.441414,0.407351,0.1,3,0,0.8126519,0.9950701,0.431583,0.8619232,0.4106942,0.4512182,False,2,1,1
6/26/2025 6:58:32 PM,1750957112813,Left,0.8802029,0.4254416,0.4102409,1.012274,0.6326769,0.2235568,0.8566955,0.4334789,0.4134633,0.1,3,0,0.8148031,0.9861411,0.4395419,0.8668179,0.4021156,0.4575666,False,2,1,1
6/26/2025 6:58:32 PM,1750957112828,Left,0.8864642,0.4174794,0.4156575,1.011007,0.6308044,0.2305366,0.8624242,0.4250758,0.4192633,0.1,3,0,0.8176289,0.9765816,0.4463804,0.8719118,0.3935494,0.4633643,False,2,1,1
6/26/2025 6:58:32 PM,1750957112855,Left,0.8974546,0.4030591,0.4252659,1.010189,0.6253795,0.2427918,0.8722587,0.4093725,0.4298087,0.1,3,0,0.824217,0.957131,0.4590809,0.8820598,0.3768245,0.4735169,False,2,1,1
6/26/2025 6:58:32 PM,1750957112869,Left,0.9030045,0.3958768,0.4297404,1.010115,0.6225333,0.2487508,0.8778619,0.4015091,0.4344611,0.1,3,0,0.8283027,0.947397,0.465407,0.8871114,0.3688219,0.4778511,False,2,1,1
6/26/2025 6:58:32 PM,1750957112897,Left,0.9141114,0.3806023,0.4370429,1.011319,0.6152868,0.2583305,0.8888659,0.3853462,0.4427631,0.1,3,0,0.8369008,0.9294645,0.4768087,0.8972954,0.3528031,0.4862801,False,2,1,1
6/26/2025 6:58:32 PM,1750957112910,Left,0.9195411,0.3724697,0.4404191,1.012064,0.6113298,0.262803,0.8936121,0.3766469,0.4464516,0.1,3,0,0.8407243,0.9202974,0.4824526,0.9028758,0.345084,0.4900331,False,2,1,1
6/26/2025 6:58:32 PM,1750957112938,Left,0.9301155,0.356935,0.4462546,1.015108,0.6013758,0.2694134,0.9034756,0.3605232,0.4530268,0.1,3,0,0.8468928,0.9023986,0.4919571,0.9117477,0.3287224,0.4965562,False,2,1,1
6/26/2025 6:58:32 PM,1750957112952,Left,0.9348031,0.3485986,0.4489488,1.016918,0.5966371,0.2724054,0.9080003,0.3520665,0.4561099,0.1,3,0,0.8499621,0.8935496,0.4967139,0.9157072,0.3200626,0.4999148,False,2,1,1
6/26/2025 6:58:32 PM,1750957112980,Left,0.9443908,0.3319444,0.4518924,1.021793,0.5864223,0.2785073,0.9172814,0.3354495,0.4603935,0.1,3,0,0.8567436,0.8764372,0.5059652,0.9234888,0.3027668,0.5039905,False,2,1,1
6/26/2025 6:58:32 PM,1750957112994,Left,0.9492725,0.3237346,0.4533033,1.024084,0.5821237,0.2814672,0.9220923,0.3273711,0.4623913,0.1,3,0,0.8604122,0.8680354,0.5097777,0.9276767,0.2941474,0.505553,False,2,1,1
6/26/2025 6:58:33 PM,1750957113007,Left,0.9530039,0.3152451,0.4541752,1.026603,0.5765958,0.2833314,0.9258564,0.3190694,0.4637612,0.1,3,0,0.864239,0.8599959,0.5126106,0.9314188,0.2857025,0.5064985,False,2,1,1
6/26/2025 6:58:33 PM,1750957113035,Left,0.9595723,0.2977594,0.4553144,1.032347,0.5695735,0.2917943,0.9325361,0.3018443,0.4660328,0.1,3,0,0.8713207,0.8440804,0.5188882,0.9383565,0.269173,0.5084012,False,2,1,1
6/26/2025 6:58:33 PM,1750957113050,Left,0.9630995,0.2894789,0.455719,1.034263,0.5649898,0.2925501,0.9361193,0.2938574,0.4671901,0.1,3,0,0.8751537,0.8363822,0.5229111,0.9419373,0.2608538,0.5091695,False,2,1,1
6/26/2025 6:58:33 PM,1750957113077,Left,0.9685454,0.2731072,0.4564279,1.039978,0.5546424,0.2987661,0.9420257,0.2782376,0.4693253,0.1,3,0,0.8827236,0.822247,0.5299456,0.9478376,0.2450087,0.5107747,False,2,1,1
6/26/2025 6:58:33 PM,1750957113091,Left,0.9718674,0.2659725,0.4569634,1.041086,0.5505602,0.3000234,0.9454308,0.2714074,0.4705747,0.1,3,0,0.8859393,0.8152508,0.533251,0.9506129,0.2373609,0.5113555,False,2,1,1
6/26/2025 6:58:33 PM,1750957113119,Left,0.9789807,0.2518233,0.4560537,1.042898,0.5403889,0.2994022,0.9529811,0.2575786,0.4707662,0.1,3,0,0.8926588,0.8012165,0.5379766,0.9555014,0.2223202,0.5117975,False,2,1,1
6/26/2025 6:58:33 PM,1750957113133,Left,0.9802281,0.2438736,0.4550293,1.044883,0.5366775,0.3038378,0.9548801,0.2495355,0.4700686,0.1,3,0,0.8966386,0.7934069,0.5396764,0.9573077,0.214727,0.5122497,False,2,1,1
6/26/2025 6:58:33 PM,1750957113160,Left,0.9829099,0.2286516,0.4551484,1.045826,0.5321534,0.3122341,0.9586471,0.2338288,0.4708378,0.1,3,0,0.9053074,0.7770325,0.5429902,0.9618264,0.1995054,0.5127918,False,2,1,1
6/26/2025 6:58:33 PM,1750957113174,Left,0.9849734,0.2202161,0.4553598,1.047933,0.5257987,0.314806,0.9611604,0.2264719,0.4712,0.1,3,0,0.9097523,0.7695259,0.5445706,0.9640107,0.1910786,0.5136442,False,2,1,1
6/26/2025 6:58:33 PM,1750957113188,Left,0.986643,0.2121149,0.4550281,1.047943,0.52218,0.3151984,0.9632512,0.2185314,0.4711647,0.1,3,0,0.913713,0.7622738,0.5462306,0.9664,0.1830858,0.5142456,False,2,1,1
6/26/2025 6:58:33 PM,1750957113216,Left,0.9898761,0.1975301,0.4548749,1.050482,0.512965,0.3180296,0.9673877,0.2041896,0.4718343,0.1,3,0,0.9191068,0.7494174,0.5500541,0.9683831,0.1686052,0.5147923,False,2,1,1
6/26/2025 6:58:33 PM,1750957113230,Left,0.9911653,0.1901628,0.4547473,1.052377,0.5111192,0.3221534,0.9689289,0.1972645,0.4720147,0.1,3,0,0.9206639,0.7434469,0.5515394,0.9690052,0.161361,0.5152378,False,2,1,1
6/26/2025 6:58:33 PM,1750957113257,Left,0.9935907,0.1758345,0.4547759,1.057057,0.5058078,0.3264586,0.9715714,0.1838157,0.4726323,0.1,3,0,0.9226138,0.731823,0.554407,0.9700317,0.1479941,0.5155544,False,2,1,1
6/26/2025 6:58:33 PM,1750957113271,Left,0.9945849,0.1692518,0.4547529,1.058796,0.5063753,0.3334843,0.9724511,0.1773754,0.4728945,0.1,3,0,0.923951,0.7264579,0.555172,0.9703567,0.1414789,0.5157399,False,2,1,1
6/26/2025 6:58:33 PM,1750957113300,Left,0.996711,0.1564661,0.4550611,1.064075,0.5046265,0.3413221,0.9754037,0.1652839,0.4731198,0.1,3,0,0.9270028,0.7160745,0.5560375,0.9717189,0.1298503,0.5163417,False,2,1,1
6/26/2025 6:58:33 PM,1750957113314,Left,0.997561,0.1500023,0.4556028,1.067637,0.5042272,0.3449009,0.9763432,0.1591078,0.4737376,0.1,3,0,0.9283761,0.7106311,0.5566913,0.9726751,0.1239633,0.5166166,False,2,1,1
6/26/2025 6:58:33 PM,1750957113327,Left,0.9992412,0.1441018,0.4558376,1.071051,0.5016506,0.3485455,0.9782858,0.1533467,0.4740268,0.1,3,0,0.9304802,0.7054489,0.5571989,0.9734066,0.1182698,0.5169609,False,2,1,1
6/26/2025 6:58:33 PM,1750957113355,Left,1.001321,0.134065,0.4558904,1.079287,0.4971221,0.3534613,0.9810086,0.143361,0.4744601,0.1,3,0,0.9341322,0.6960682,0.558115,0.9758843,0.1081801,0.5170724,False,2,1,1
6/26/2025 6:58:33 PM,1750957113368,Left,1.002839,0.1292322,0.4556892,1.083605,0.4972122,0.3554565,0.9822516,0.1388282,0.4742614,0.1,3,0,0.9351757,0.6916962,0.5585247,0.9769064,0.1035785,0.5168289,False,2,1,1
6/26/2025 6:58:33 PM,1750957113396,Left,1.005445,0.1192462,0.4552915,1.091557,0.4916484,0.3621695,0.9843166,0.128869,0.4745225,0.1,3,0,0.9364362,0.6836162,0.559486,0.9803688,0.09535275,0.5152274,False,2,1,1
6/26/2025 6:58:33 PM,1750957113410,Left,1.006728,0.114222,0.4550049,1.09614,0.4901345,0.3623209,0.9855652,0.1237562,0.4744356,0.1,3,0,0.9372094,0.6799364,0.5597306,0.9813064,0.09181605,0.5146266,False,2,1,1
6/26/2025 6:58:33 PM,1750957113438,Left,1.009231,0.1042125,0.4542603,1.10253,0.4891218,0.3668751,0.987475,0.1132321,0.4738543,0.1,3,0,0.9386365,0.6736672,0.5602851,0.9851154,0.08677986,0.5145692,False,2,1,1
6/26/2025 6:58:33 PM,1750957113452,Left,1.0105,0.09903658,0.453784,1.105204,0.4895667,0.3685593,0.9884566,0.1077688,0.4734378,0.1,3,0,0.938963,0.6709049,0.5608619,0.9867049,0.08455569,0.5148173,False,2,1,1
6/26/2025 6:58:33 PM,1750957113480,Left,1.010899,0.09739478,0.4536199,1.107928,0.4901884,0.370294,0.9889531,0.1051574,0.4736126,0.1,3,0,0.9395254,0.6658479,0.5623266,0.9870737,0.08115798,0.5149083,False,2,1,1
6/26/2025 6:58:33 PM,1750957113493,Left,1.010899,0.09739478,0.4536199,1.109126,0.4894252,0.3716144,0.9889798,0.1047173,0.4736944,0.1,3,0,0.9400575,0.6633918,0.5628901,0.9874737,0.07971159,0.5150732,False,2,1,1
6/26/2025 6:58:33 PM,1750957113508,Left,1.010899,0.09739478,0.4536199,1.109605,0.4868611,0.3726488,0.9890552,0.1043351,0.4737641,0.1,3,0,0.9406353,0.6615086,0.5633683,0.9877753,0.07873726,0.5153441,False,2,1,1
6/26/2025 6:58:33 PM,1750957113536,Left,1.010899,0.09739478,0.4536199,1.110071,0.4832637,0.3730243,0.9890071,0.1038301,0.4739711,0.1,3,0,0.9417914,0.6584216,0.5645136,0.9891237,0.07682866,0.5156614,False,2,1,1
6/26/2025 6:58:33 PM,1750957113550,Left,1.010899,0.09739478,0.4536199,1.110605,0.4818268,0.3741165,0.9890076,0.1037418,0.4741754,0.1,3,0,0.9419266,0.6571386,0.5653,0.9893609,0.07566808,0.5154832,False,2,1,1
6/26/2025 6:58:33 PM,1750957113577,Left,1.010899,0.09739478,0.4536199,1.11176,0.4794136,0.3774536,0.9892812,0.1033331,0.4750224,0.1,3,0,0.9419018,0.6544183,0.566906,0.9881611,0.07396997,0.5138813,False,2,1,1
6/26/2025 6:58:33 PM,1750957113591,Left,1.010899,0.09739478,0.4536199,1.112663,0.4783826,0.3793311,0.9893853,0.103231,0.4753469,0.1,3,0,0.9420145,0.65337,0.5672719,0.9878626,0.07309627,0.513014,False,2,1,1
6/26/2025 6:58:33 PM,1750957113619,Left,1.010899,0.09739478,0.4536199,1.115044,0.4747641,0.3793176,0.9896415,0.1029064,0.4760468,0.1,3,0,0.9425491,0.6514546,0.567964,0.987344,0.07201681,0.5108088,False,2,1,1
6/26/2025 6:58:33 PM,1750957113632,Left,1.010899,0.09739478,0.4536199,1.116022,0.4741774,0.3805896,0.9895027,0.1033565,0.4760431,0.1,3,0,0.942792,0.650436,0.5684862,0.9881184,0.0699721,0.5112927,False,2,1,1
6/26/2025 6:58:33 PM,1750957113661,Left,1.010899,0.09739478,0.4536199,1.117133,0.4749655,0.3857255,0.9894301,0.1032301,0.4762666,0.1,3,0,0.9433529,0.6480477,0.5694269,0.9889935,0.06785464,0.5113926,False,2,1,1
6/26/2025 6:58:33 PM,1750957113674,Left,1.010899,0.09739478,0.4536199,1.118042,0.4740688,0.3866865,0.9894778,0.1027344,0.4763511,0.1,3,0,0.9433823,0.6468746,0.5694332,0.9889596,0.0679255,0.5112481,False,2,1,1
6/26/2025 6:58:33 PM,1750957113688,Left,1.010899,0.09739478,0.4536199,1.118822,0.4733678,0.3879046,0.9894432,0.1023155,0.4763096,0.1,3,0,0.9433709,0.6456873,0.5691693,0.9890146,0.0676565,0.511034,False,2,1,1
6/26/2025 6:58:33 PM,1750957113716,Left,1.010899,0.09739478,0.4536199,1.120256,0.4728281,0.3908747,0.9895132,0.1016652,0.4761878,0.1,3,0,0.9437525,0.6434644,0.5687708,0.989019,0.06697508,0.5110085,False,2,1,1
6/26/2025 6:58:33 PM,1750957113730,Left,1.010899,0.09739478,0.4536199,1.120811,0.4726026,0.3916381,0.9895574,0.1013124,0.4761618,0.1,3,0,0.943894,0.6423348,0.5686147,0.9890249,0.06661642,0.5109997,False,2,1,1
6/26/2025 6:58:33 PM,1750957113758,Left,1.010899,0.09739478,0.4536199,1.121647,0.4729764,0.394841,0.9895728,0.1007469,0.4760725,0.1,3,0,0.9438415,0.6405165,0.5680492,0.9889677,0.0660957,0.5108494,False,2,1,1
6/26/2025 6:58:33 PM,1750957113772,Left,1.010899,0.09739478,0.4536199,1.121934,0.4727778,0.3951946,0.9895483,0.100437,0.4760075,0.1,3,0,0.9435843,0.6396572,0.5674431,0.9888049,0.0659711,0.5104983,False,2,1,1
6/26/2025 6:58:33 PM,1750957113800,Left,1.010899,0.09739478,0.4536199,1.122297,0.4719279,0.3952978,0.9895087,0.1000143,0.4758413,0.1,3,0,0.9433759,0.6383376,0.5665637,0.9886591,0.06564813,0.51024,False,2,1,1
6/26/2025 6:58:33 PM,1750957113813,Left,1.010899,0.09739478,0.4536199,1.122965,0.470104,0.3934717,0.9895197,0.09989852,0.4757972,0.1,3,0,0.943302,0.637973,0.5663449,0.9885841,0.06555367,0.510188,False,2,1,1
6/26/2025 6:58:33 PM,1750957113827,Left,1.010899,0.09739478,0.4536199,1.123229,0.4693959,0.3930874,0.9895396,0.09986715,0.4757798,0.1,3,0,0.9433647,0.6378942,0.5663242,0.9885598,0.06550497,0.5102328,False,2,1,1
6/26/2025 6:58:33 PM,1750957113855,Left,1.010899,0.09739478,0.4536199,1.12339,0.4686839,0.3932841,0.9894924,0.09999361,0.4758029,0.1,3,0,0.9432975,0.6382717,0.5665965,0.988669,0.06557317,0.5103715,False,2,1,1
6/26/2025 6:58:33 PM,1750957113869,Left,1.010899,0.09739478,0.4536199,1.12344,0.4682997,0.3931243,0.9894482,0.1000662,0.475822,0.1,3,0,0.9431583,0.6375902,0.566165,0.9887103,0.06565133,0.5103892,False,2,1,1
6/26/2025 6:58:33 PM,1750957113897,Left,1.010899,0.09739478,0.4536199,1.123268,0.4680952,0.3926399,0.989331,0.1000431,0.4757628,0.1,3,0,0.942577,0.638387,0.5663384,0.9886136,0.06563028,0.5103194,False,2,1,1
6/26/2025 6:58:33 PM,1750957113911,Left,1.010899,0.09739478,0.4536199,1.123164,0.4680149,0.392311,0.9891567,0.1005199,0.4758409,0.1,3,0,0.9416715,0.6400774,0.5667378,0.9884449,0.06611037,0.5103917,False,2,1,1
6/26/2025 6:58:33 PM,1750957113938,Left,1.010899,0.09739478,0.4536199,1.122885,0.4674375,0.3912614,0.9889483,0.1010329,0.4758883,0.1,3,0,0.940501,0.6417402,0.5669225,0.9882026,0.06658939,0.5104796,False,2,1,1
6/26/2025 6:58:33 PM,1750957113953,Left,1.010899,0.09739478,0.4536199,1.122773,0.4670075,0.3907785,0.9888077,0.1013477,0.4758701,0.1,3,0,0.9398255,0.6427434,0.5669373,0.9880326,0.0668702,0.5104718,False,2,1,1
6/26/2025 6:58:33 PM,1750957113979,Left,1.010899,0.09739478,0.4536199,1.121946,0.4674259,0.391731,0.9885172,0.1019975,0.4757942,0.1,3,0,0.9384937,0.6448357,0.566511,0.9877483,0.06754144,0.5103756,False,2,1,1
6/26/2025 6:58:33 PM,1750957113994,Left,1.010899,0.09739478,0.4536199,1.121733,0.46708,0.3915758,0.9883884,0.1023237,0.4758118,0.1,3,0,0.9378214,0.645983,0.566556,0.9876285,0.06790504,0.5103406,False,2,1,1
6/26/2025 6:58:34 PM,1750957114008,Left,1.010899,0.09739478,0.4536199,1.122152,0.4650612,0.3893837,0.9882661,0.1026786,0.4758646,0.1,3,0,0.9370732,0.6471443,0.5669088,0.9874351,0.06829375,0.5103158,False,2,1,1
6/26/2025 6:58:34 PM,1750957114035,Left,1.010899,0.09739478,0.4536199,1.121544,0.4647622,0.3888736,0.987997,0.1031752,0.476051,0.1,3,0,0.9357815,0.6488414,0.5676847,0.9871543,0.06877658,0.5105128,False,2,1,1
6/26/2025 6:58:34 PM,1750957114050,Left,1.010899,0.09739478,0.4536199,1.121023,0.4650359,0.3885417,0.9879121,0.1034677,0.4760691,0.1,3,0,0.9353582,0.6498224,0.5677634,0.9870706,0.06907495,0.5105191,False,2,1,1
6/26/2025 6:58:34 PM,1750957114077,Left,1.010899,0.09739478,0.4536199,1.12031,0.4651125,0.388085,0.9877732,0.1038135,0.4760225,0.1,3,0,0.9346753,0.651026,0.5674785,0.9869435,0.06947179,0.5104208,False,2,1,1
6/26/2025 6:58:34 PM,1750957114091,Left,1.010899,0.09739478,0.4536199,1.119986,0.4650471,0.3878275,0.9876863,0.103938,0.4759908,0.1,3,0,0.9342602,0.6514354,0.5673087,0.986876,0.06959064,0.5103775,False,2,1,1
6/26/2025 6:58:34 PM,1750957114119,Left,1.010899,0.09739478,0.4536199,1.119137,0.4652215,0.3875647,0.9874945,0.1041541,0.4759494,0.1,3,0,0.9333184,0.6521637,0.5670933,0.9867011,0.06981479,0.5103276,False,2,1,1
6/26/2025 6:58:34 PM,1750957114132,Left,1.010899,0.09739478,0.4536199,1.118784,0.4652048,0.3874907,0.9874402,0.1042496,0.4758703,0.1,3,0,0.9330021,0.6524676,0.5667037,0.9866021,0.06989591,0.5102546,False,2,1,1
6/26/2025 6:58:34 PM,1750957114161,Left,1.010899,0.09739478,0.4536199,1.117466,0.4665284,0.3886628,0.9872686,0.1042719,0.4756717,0.1,3,0,0.9321585,0.6525302,0.5657181,0.9864448,0.06990633,0.5100634,False,2,1,1
6/26/2025 6:58:34 PM,1750957114175,Left,1.010899,0.09739478,0.4536199,1.117287,0.4658843,0.3880993,0.9871476,0.1042036,0.4755129,0.1,3,0,0.9315469,0.6523123,0.5649079,0.9863172,0.06984771,0.5098883,False,2,1,1
6/26/2025 6:58:34 PM,1750957114189,Left,1.010899,0.09739478,0.4536199,1.117018,0.4654429,0.3876041,0.9870347,0.104121,0.4753117,0.1,3,0,0.9309986,0.6519952,0.5638592,0.9862364,0.06976628,0.5096932,False,2,1,1
6/26/2025 6:58:34 PM,1750957114216,Left,1.010899,0.09739478,0.4536199,1.11697,0.4637593,0.3855743,0.9867908,0.1040076,0.4749125,0.1,3,0,0.9296547,0.6518089,0.5618012,0.9859186,0.06975509,0.5092222,False,2,1,1
6/26/2025 6:58:34 PM,1750957114230,Left,1.010899,0.09739478,0.4536199,1.116763,0.4632652,0.3849454,0.9866326,0.1040241,0.4747097,0.1,3,0,0.928866,0.6518694,0.5607497,0.9856966,0.06982369,0.5089426,False,2,1,1
6/26/2025 6:58:34 PM,1750957114258,Left,1.010899,0.09739478,0.4536199,1.116056,0.4629589,0.384104,0.9863082,0.1040879,0.4743497,0.1,3,0,0.9272307,0.6520787,0.558928,0.9853587,0.06988423,0.5085613,False,2,1,1
6/26/2025 6:58:34 PM,1750957114272,Left,1.010899,0.09739478,0.4536199,1.115579,0.4630042,0.3835253,0.9861613,0.1041643,0.4741755,0.1,3,0,0.9265658,0.6523516,0.5580822,0.9852522,0.06996404,0.5084164,False,2,1,1
6/26/2025 6:58:34 PM,1750957114300,Left,1.010899,0.09739478,0.4536199,1.114665,0.4630827,0.3819137,0.9859456,0.1044183,0.4739074,0.1,3,0,0.9254818,0.653187,0.5567405,0.984995,0.07021655,0.5081289,False,2,1,1
6/26/2025 6:58:34 PM,1750957114313,Left,1.010899,0.09739478,0.4536199,1.113764,0.4640193,0.3829158,0.9858284,0.1046059,0.473781,0.1,3,0,0.9248376,0.6538333,0.556089,0.9848847,0.07043004,0.5079972,False,2,1,1
6/26/2025 6:58:34 PM,1750957114328,Left,1.010899,0.09739478,0.4536199,1.113692,0.4633109,0.3804137,0.9856931,0.1047818,0.4736947,0.1,3,0,0.924154,0.6543825,0.55573,0.9847547,0.07058052,0.5079489,False,2,1,1
6/26/2025 6:58:34 PM,1750957114355,Left,1.010899,0.09739478,0.4536199,1.113295,0.4624124,0.3779987,0.9853859,0.1052176,0.4735501,0.1,3,0,0.9226449,0.6559103,0.5549895,0.9844791,0.07099364,0.5078192,False,2,1,1
6/26/2025 6:58:34 PM,1750957114369,Left,1.010899,0.09739478,0.4536199,1.112305,0.4633462,0.3798405,0.9852328,0.1055338,0.4734472,0.1,3,0,0.9219213,0.6568441,0.5545502,0.9843511,0.07127582,0.5077935,False,2,1,1
6/26/2025 6:58:34 PM,1750957114397,Left,1.010899,0.09739478,0.4536199,1.112279,0.4616,0.3762398,0.9849726,0.106203,0.4733087,0.1,3,0,0.9206903,0.6590856,0.5539347,0.9841666,0.07191432,0.5076717,False,2,1,1
6/26/2025 6:58:34 PM,1750957114411,Left,1.010899,0.09739478,0.4536199,1.11197,0.4612489,0.375727,0.9848442,0.1065347,0.4732997,0.1,3,0,0.9200053,0.6601748,0.5538191,0.9839892,0.07227121,0.5076522,False,2,1,1
6/26/2025 6:58:34 PM,1750957114438,Left,1.010899,0.09739478,0.4536199,1.110961,0.4611174,0.3750844,0.9844792,0.1070785,0.4732952,0.1,3,0,0.9182861,0.6618479,0.5539258,0.9836959,0.07269102,0.5077753,False,2,1,1
6/26/2025 6:58:34 PM,1750957114452,Left,1.010899,0.09739478,0.4536199,1.110374,0.4611361,0.3746105,0.9842947,0.1073655,0.4732422,0.1,3,0,0.9176388,0.6625469,0.5538915,0.9837754,0.07275614,0.5079986,False,2,1,1
6/26/2025 6:58:34 PM,1750957114480,Left,1.010899,0.09739478,0.4536199,1.1094,0.4608753,0.3739277,0.9841167,0.1077485,0.4731285,0.1,3,0,0.916809,0.663844,0.5533874,0.9836676,0.07311662,0.5079454,False,2,1,1
6/26/2025 6:58:34 PM,1750957114493,Left,1.010899,0.09739478,0.4536199,1.109008,0.46073,0.373666,0.9840639,0.1079228,0.4730425,0.1,3,0,0.916455,0.6644393,0.5529799,0.98356,0.07329673,0.5078422,False,2,1,1
6/26/2025 6:58:34 PM,1750957114507,Left,1.010899,0.09739478,0.4536199,1.108477,0.4608082,0.3733855,0.9840318,0.1080049,0.4729835,0.1,3,0,0.9160975,0.6648699,0.552471,0.983331,0.0735358,0.5075693,False,2,1,1
6/26/2025 6:58:34 PM,1750957114535,Left,1.010899,0.09739478,0.4536199,1.107475,0.4606466,0.3723855,0.9838469,0.1080713,0.4728974,0.1,3,0,0.915044,0.6651607,0.5518194,0.9830108,0.0737147,0.5072885,False,2,1,1
6/26/2025 6:58:34 PM,1750957114549,Left,1.010899,0.09739478,0.4536199,1.107117,0.4603648,0.3720676,0.9837453,0.1080894,0.4728462,0.1,3,0,0.9145525,0.6652454,0.5516177,0.9829323,0.07371397,0.5072651,False,2,1,1
6/26/2025 6:58:34 PM,1750957114577,Left,1.010899,0.09739478,0.4536199,1.106425,0.459971,0.3714588,0.9835771,0.1080143,0.4727892,0.1,3,0,0.9138212,0.6649109,0.5513381,0.9827306,0.07368337,0.5071709,False,2,1,1
6/26/2025 6:58:34 PM,1750957114591,Left,1.010899,0.09739478,0.4536199,1.106164,0.4596824,0.3709447,0.9835721,0.1078952,0.472758,0.1,3,0,0.9136591,0.6645965,0.551064,0.9826952,0.0735736,0.5070875,False,2,1,1
6/26/2025 6:58:34 PM,1750957114619,Left,1.010899,0.09739478,0.4536199,1.10573,0.4594845,0.3697776,0.9835061,0.1076658,0.4726288,0.1,3,0,0.9132993,0.663713,0.5504091,0.9826104,0.0733479,0.5069717,False,2,1,1
6/26/2025 6:58:34 PM,1750957114633,Left,1.010899,0.09739478,0.4536199,1.105654,0.4592066,0.3693317,0.9834341,0.1074012,0.4725678,0.1,3,0,0.9129617,0.6630117,0.5501401,0.9825858,0.07308623,0.506901,False,2,1,1
6/26/2025 6:58:34 PM,1750957114660,Left,1.010899,0.09739478,0.4536199,1.105514,0.4585174,0.3686385,0.9832932,0.1068716,0.4725321,0.1,3,0,0.9122052,0.6612365,0.549956,0.9824423,0.07255733,0.5068644,False,2,1,1
6/26/2025 6:58:34 PM,1750957114674,Left,1.010899,0.09739478,0.4536199,1.105516,0.4580532,0.3685932,0.9832163,0.1065765,0.4725188,0.1,3,0,0.9118803,0.6602406,0.5499361,0.9823757,0.07223935,0.506893,False,2,1,1
6/26/2025 6:58:34 PM,1750957114688,Left,1.010899,0.09739478,0.4536199,1.105695,0.4574656,0.3689009,0.9831936,0.1062486,0.4725106,0.1,3,0,0.9116808,0.6592755,0.5499071,0.9822806,0.07203699,0.5068319,False,2,1,1
6/26/2025 6:58:34 PM,1750957114716,Left,1.010899,0.09739478,0.4536199,1.105553,0.4568279,0.3691757,0.9832027,0.1055903,0.4724321,0.1,3,0,0.9116041,0.6571403,0.5494539,0.982154,0.07144023,0.5067575,False,2,1,1
6/26/2025 6:58:34 PM,1750957114730,Left,1.010899,0.09739478,0.4536199,1.105625,0.4564976,0.3694706,0.9831921,0.1052703,0.4724026,0.1,3,0,0.9115934,0.6560519,0.549284,0.9821857,0.07109837,0.5067056,False,2,1,1
6/26/2025 6:58:34 PM,1750957114757,Left,1.010899,0.09739478,0.4536199,1.105663,0.4560462,0.3702385,0.9831904,0.1045551,0.4723789,0.1,3,0,0.911596,0.6536863,0.5491177,0.9822,0.0704198,0.5066812,False,2,1,1
6/26/2025 6:58:34 PM,1750957114771,Left,1.010899,0.09739478,0.4536199,1.105701,0.4558761,0.370697,0.9832059,0.1041913,0.4723761,0.1,3,0,0.9116744,0.652526,0.5491441,0.9821615,0.07011735,0.5066512,False,2,1,1
6/26/2025 6:58:34 PM,1750957114799,Left,1.010899,0.09739478,0.4536199,1.105764,0.4554884,0.3715265,0.9831977,0.1034554,0.4723357,0.1,3,0,0.9114751,0.6501879,0.5488021,0.9820582,0.06949262,0.5065269,False,2,1,1
6/26/2025 6:58:34 PM,1750957114813,Left,1.010899,0.09739478,0.4536199,1.105876,0.4551938,0.3718577,0.9831727,0.1030384,0.4722879,0.1,3,0,0.9113402,0.6488618,0.5485699,0.9820101,0.06911614,0.5064504,False,2,1,1
6/26/2025 6:58:34 PM,1750957114840,Left,1.010899,0.09739478,0.4536199,1.106128,0.454452,0.372218,0.9830498,0.1022584,0.4722521,0.1,3,0,0.9107538,0.6462361,0.5484071,0.9819156,0.06831048,0.506431,False,2,1,1
6/26/2025 6:58:34 PM,1750957114854,Left,1.010899,0.09739478,0.4536199,1.106162,0.4541214,0.3722454,0.9829746,0.1018634,0.472194,0.1,3,0,0.9103428,0.6449317,0.5481179,0.9818335,0.06792873,0.5063753,False,2,1,1
6/26/2025 6:58:34 PM,1750957114868,Left,1.010899,0.09739478,0.4536199,1.106152,0.4538641,0.372279,0.9829108,0.1015081,0.4720932,0.1,3,0,0.9099238,0.6437778,0.5478419,0.9816415,0.06760282,0.506501,False,2,1,1
6/26/2025 6:58:34 PM,1750957114896,Left,1.010899,0.09739478,0.4536199,1.105962,0.4532503,0.3720869,0.9827509,0.1007566,0.4716433,0.1,3,0,0.9086939,0.6416059,0.5474478,0.9810635,0.0672072,0.5079012,False,2,1,1
6/26/2025 6:58:34 PM,1750957114910,Left,1.010899,0.09739478,0.4536199,1.105847,0.4528951,0.3719277,0.9825864,0.1003452,0.4714722,0.1,3,0,0.9080131,0.6403297,0.5474794,0.9810281,0.06686818,0.5086226,False,2,1,1
6/26/2025 6:58:34 PM,1750957114938,Left,1.010899,0.09739478,0.4536199,1.105592,0.4521503,0.371551,0.9823748,0.09963503,0.4711751,0.1,3,0,0.9071048,0.6378438,0.547171,0.9808945,0.06603947,0.5095081,False,2,1,1
6/26/2025 6:58:34 PM,1750957114952,Left,1.010899,0.09739478,0.4536199,1.105435,0.451909,0.3714271,0.9822974,0.09928462,0.4710943,0.1,3,0,0.9066758,0.6365884,0.5468318,0.9808471,0.06560154,0.5094867,False,2,1,1
6/26/2025 6:58:34 PM,1750957114980,Left,1.010899,0.09739478,0.4536199,1.105042,0.4517034,0.371325,0.9820543,0.09857514,0.4709157,0.1,3,0,0.9056034,0.6339698,0.5460618,0.9807469,0.06463838,0.5094311,False,2,1,1
6/26/2025 6:58:34 PM,1750957114993,Left,1.010899,0.09739478,0.4536199,1.104791,0.4516106,0.3713567,0.9819067,0.09828701,0.4708539,0.1,3,0,0.9050338,0.6328244,0.5459311,0.9807768,0.06413646,0.5095075,False,2,1,1
6/26/2025 6:58:35 PM,1750957115007,Left,1.010899,0.09739478,0.4536199,1.104419,0.4515853,0.3713664,0.981772,0.09790551,0.4708107,0.1,3,0,0.9044193,0.6314344,0.5457715,0.980692,0.06366549,0.5095609,False,2,1,1
6/26/2025 6:58:35 PM,1750957115036,Left,1.010899,0.09739478,0.4536199,1.103574,0.4514547,0.3712662,0.981561,0.09708169,0.4707141,0.1,3,0,0.9033778,0.6286604,0.5453362,0.9805039,0.06281594,0.5095283,False,2,1,1
6/26/2025 6:58:35 PM,1750957115049,Left,1.010899,0.09739478,0.4536199,1.103125,0.4513984,0.3711511,0.9814427,0.09665412,0.4706555,0.1,3,0,0.9027722,0.6272115,0.5451021,0.9804089,0.06237577,0.509493,False,2,1,1
6/26/2025 6:58:35 PM,1750957115077,Left,1.010899,0.09739478,0.4536199,1.102125,0.4516123,0.3713069,0.9811963,0.09579037,0.4706104,0.1,3,0,0.9015675,0.6243834,0.5447905,0.9801432,0.06154983,0.509381,False,2,1,1
6/26/2025 6:58:35 PM,1750957115090,Left,1.010899,0.09739478,0.4536199,1.101586,0.4516036,0.3714846,0.9810472,0.09535202,0.4705713,0.1,3,0,0.9008338,0.6229326,0.5445969,0.9800058,0.06112181,0.5093437,False,2,1,1
6/26/2025 6:58:35 PM,1750957115118,Left,1.010899,0.09739478,0.4536199,1.100488,0.4514439,0.3718759,0.9807287,0.09440698,0.4703601,0.1,3,0,0.8992128,0.6197913,0.5435078,0.9796585,0.06018557,0.5090992,False,2,1,1
6/26/2025 6:58:35 PM,1750957115132,Left,1.010899,0.09739478,0.4536199,1.100039,0.4512997,0.3716769,0.9805925,0.09392615,0.4702401,0.1,3,0,0.8984491,0.6182191,0.5428915,0.97944,0.05973539,0.5089632,False,2,1,1
6/26/2025 6:58:35 PM,1750957115160,Left,1.010899,0.09739478,0.4536199,1.099126,0.4510222,0.3712841,0.9803343,0.09287027,0.4700097,0.1,3,0,0.8972539,0.6148629,0.5420917,0.9792624,0.05882594,0.5090524,False,2,1,1
6/26/2025 6:58:35 PM,1750957115174,Left,1.010899,0.09739478,0.4536199,1.098753,0.4506943,0.3711086,0.980241,0.09228027,0.4698788,0.1,3,0,0.8968415,0.6132906,0.5419172,0.9792382,0.05864724,0.5094342,False,2,1,1
6/26/2025 6:58:35 PM,1750957115188,Left,1.010899,0.09739478,0.4536199,1.098496,0.4502235,0.3709561,0.9801902,0.09179516,0.4696243,0.1,3,0,0.8966274,0.6120613,0.5415401,0.9791367,0.05846785,0.5100549,False,2,1,1
6/26/2025 6:58:35 PM,1750957115216,Left,1.010899,0.09739478,0.4536199,1.098104,0.4494612,0.3710532,0.9801618,0.09095336,0.4684132,0.1,3,0,0.8962819,0.6094669,0.5405617,0.9789953,0.05791964,0.5139409,False,2,1,1
6/26/2025 6:58:35 PM,1750957115230,Left,1.010899,0.09739478,0.4536199,1.097824,0.449281,0.3713395,0.9801669,0.09071384,0.4678865,0.1,3,0,0.8962049,0.6084438,0.5403175,0.9788197,0.05742735,0.5158145,False,2,1,1
6/26/2025 6:58:35 PM,1750957115258,Left,1.010899,0.09739478,0.4536199,1.097335,0.4489708,0.3718115,0.9804163,0.09007268,0.4663102,0.1,3,0,0.8960203,0.6067134,0.5401019,0.9777158,0.0572211,0.5218931,False,2,1,1
6/26/2025 6:58:35 PM,1750957115271,Left,1.010899,0.09739478,0.4536199,1.097205,0.4488872,0.3721584,0.980661,0.08990545,0.4655316,0.1,3,0,0.8958602,0.6064842,0.5397743,0.9765771,0.05738204,0.5246802,False,2,1,1
6/26/2025 6:58:35 PM,1750957115299,Left,1.010899,0.09739478,0.4536199,1.097148,0.4486306,0.372958,0.9807014,0.0897668,0.4645354,0.1,3,0,0.8958031,0.6073232,0.5379171,0.9763579,0.05854461,0.5268075,False,2,1,1
6/26/2025 6:58:35 PM,1750957115313,Left,1.010899,0.09739478,0.4536199,1.097286,0.4482103,0.3732866,0.9808195,0.08991488,0.4640367,0.1,3,0,0.8957265,0.6086797,0.536983,0.9758474,0.05946044,0.5278237,False,2,1,1
6/26/2025 6:58:35 PM,1750957115341,Left,1.009644,0.09278602,0.4675835,1.097467,0.4469031,0.3736048,0.979691,0.08600803,0.4775094,0.1,3,0,0.8948557,0.6124277,0.5366679,0.9744357,0.06166573,0.5295165,False,2,1,1
6/26/2025 6:58:35 PM,1750957115354,Left,1.006283,0.095782,0.4694831,1.097423,0.4463318,0.3735609,0.9774033,0.08823615,0.4788519,0.1,3,0,0.8942993,0.6151161,0.5370924,0.9738675,0.0634013,0.5299155,False,2,1,1
6/26/2025 6:58:35 PM,1750957115369,Left,1.003994,0.09838013,0.4704916,1.097333,0.4459825,0.3735824,0.9751265,0.0915667,0.4801858,0.1,3,0,0.8936483,0.6193576,0.5376744,0.9721195,0.06560279,0.5303653,False,2,1,1
6/26/2025 6:58:35 PM,1750957115396,Left,0.9978251,0.106198,0.4716736,1.096824,0.4464103,0.3735912,0.9703676,0.09867003,0.4812535,0.1,3,0,0.8922216,0.6287726,0.5381485,0.9676115,0.07281322,0.5314667,False,2,1,1
6/26/2025 6:58:35 PM,1750957115410,Left,0.9946681,0.1106048,0.4721993,1.09655,0.4467039,0.3734407,0.9678544,0.1033698,0.4815578,0.1,3,0,0.8914146,0.6345128,0.5381324,0.964825,0.07767652,0.5320108,False,2,1,1
6/26/2025 6:58:35 PM,1750957115438,Left,0.9867092,0.119607,0.4722714,1.095953,0.4475339,0.3719877,0.9596561,0.114543,0.4818309,0.1,3,0,0.8889641,0.6471723,0.5383625,0.9579523,0.09050243,0.5329946,False,2,1,1
6/26/2025 6:58:35 PM,1750957115452,Left,0.9836484,0.1250985,0.4723186,1.095728,0.447935,0.3710949,0.9569265,0.1206546,0.4817578,0.1,3,0,0.8873535,0.6540391,0.538416,0.9549006,0.09701639,0.5331599,False,2,1,1
6/26/2025 6:58:35 PM,1750957115480,Left,0.976945,0.138541,0.4724303,1.095552,0.4487428,0.3690389,0.9510816,0.1346467,0.4818366,0.1,3,0,0.8840144,0.6698759,0.5381848,0.9486117,0.1103868,0.5333651,False,2,1,1
6/26/2025 6:58:35 PM,1750957115494,Left,0.9725028,0.1447355,0.4723359,1.09554,0.449117,0.3681046,0.9470373,0.1414519,0.4816484,0.1,3,0,0.8822156,0.678468,0.5378969,0.9453992,0.1177843,0.5332413,False,2,1,1
6/26/2025 6:58:35 PM,1750957115507,Left,0.968056,0.1518441,0.4722789,1.095638,0.4495245,0.3672133,0.9427577,0.1494299,0.481437,0.1,3,0,0.8799101,0.687812,0.5372372,0.9419467,0.1258986,0.5331882,False,2,1,1
6/26/2025 6:58:35 PM,1750957115535,Left,0.9594982,0.1669047,0.4715932,1.095771,0.4504045,0.3652087,0.9345082,0.165921,0.4805025,0.1,3,0,0.874613,0.7076052,0.5357361,0.9353988,0.1422609,0.5327427,False,2,1,1
6/26/2025 6:58:35 PM,1750957115549,Left,0.9561941,0.1759756,0.4712757,1.09596,0.4508733,0.364204,0.9311983,0.1758431,0.4801147,0.1,3,0,0.871124,0.7186025,0.5351981,0.9318511,0.1509541,0.5323793,False,2,1,1
6/26/2025 6:58:35 PM,1750957115577,Left,0.9511133,0.1911923,0.4703439,1.096078,0.4524909,0.3622202,0.9258808,0.1933322,0.4789903,0.1,3,0,0.8642513,0.7409425,0.5325317,0.9256039,0.1680585,0.5310695,False,2,1,1
6/26/2025 6:58:35 PM,1750957115591,Left,0.9468974,0.1991845,0.4696055,1.096243,0.4530763,0.3623016,0.9216218,0.2025976,0.4780067,0.1,3,0,0.860653,0.7527648,0.5305879,0.9224563,0.1770314,0.5297064,False,2,1,1
6/26/2025 6:58:35 PM,1750957115618,Left,0.9395739,0.2148855,0.4675123,1.096467,0.4548109,0.3622399,0.9141417,0.2208948,0.4753841,0.1,3,0,0.8536223,0.7771552,0.5259433,0.9160257,0.1952567,0.5271865,False,2,1,1
6/26/2025 6:58:35 PM,1750957115632,Left,0.9349411,0.2232685,0.4659763,1.098152,0.4559789,0.3586428,0.9095379,0.2304638,0.4737252,0.1,3,0,0.8504023,0.789566,0.5237151,0.9129492,0.2048109,0.5257128,False,2,1,1
6/26/2025 6:58:35 PM,1750957115660,Left,0.927776,0.240011,0.4624461,1.096225,0.4620817,0.3566946,0.9023356,0.2494473,0.4699243,0.1,3,0,0.8447052,0.8143057,0.5187629,0.907233,0.2242131,0.5219765,False,2,1,1
6/26/2025 6:58:35 PM,1750957115674,Left,0.925177,0.2489,0.4606656,1.095505,0.4656749,0.3563367,0.8997422,0.2594544,0.467952,0.1,3,0,0.8421736,0.8267025,0.5161192,0.9044278,0.2342403,0.5199566,False,2,1,1
6/26/2025 6:58:35 PM,1750957115687,Left,0.9232389,0.2580288,0.4588872,1.094703,0.4697886,0.3557384,0.8973572,0.2695279,0.4660943,0.1,3,0,0.8394415,0.8391932,0.5134467,0.9017643,0.2442587,0.5178918,False,2,1,1
6/26/2025 6:58:35 PM,1750957115715,Left,0.9179872,0.2764414,0.4549802,1.092673,0.4801394,0.35506,0.892244,0.2901961,0.4617608,0.1,3,0,0.8334814,0.8643571,0.5076919,0.8967705,0.2643161,0.5136206,False,2,1,1
6/26/2025 6:58:35 PM,1750957115730,Left,0.9155455,0.2861938,0.4526986,1.091455,0.4858551,0.3553559,0.889944,0.3008362,0.4593861,0.1,3,0,0.8308489,0.8772682,0.5044878,0.894377,0.274776,0.5112612,False,2,1,1
6/26/2025 6:58:35 PM,1750957115757,Left,0.9107484,0.3057463,0.4481322,1.089313,0.4970376,0.3556989,0.8847582,0.3223891,0.454518,0.1,3,0,0.8258307,0.9028925,0.4988453,0.8901486,0.2960626,0.5064194,False,2,1,1
6/26/2025 6:58:35 PM,1750957115771,Left,0.9090701,0.3157842,0.4457293,1.088342,0.5035974,0.3556666,0.8826866,0.3335162,0.4521011,0.1,3,0,0.8227471,0.9160377,0.4963197,0.8876477,0.3067572,0.5040118,False,2,1,1
6/26/2025 6:58:35 PM,1750957115798,Left,0.9050076,0.3357221,0.4405297,1.086595,0.5178958,0.3560471,0.878393,0.3554432,0.4467703,0.1,3,0,0.8166264,0.9425106,0.4904704,0.8833783,0.3283528,0.4987416,False,2,1,1
6/26/2025 6:58:35 PM,1750957115813,Left,0.906023,0.3447707,0.43799,1.086161,0.524003,0.3562921,0.8766272,0.3665597,0.4440582,0.1,3,0,0.8140236,0.9557718,0.4875343,0.8812936,0.3394288,0.4959822,False,2,1,1
6/26/2025 6:58:35 PM,1750957115827,Left,0.904456,0.3546393,0.4351315,1.086024,0.5311887,0.3562682,0.8775494,0.3760954,0.4413005,0.1,3,0,0.8116634,0.9688042,0.4843404,0.8792999,0.3505569,0.4929808,False,2,1,1
6/26/2025 6:58:35 PM,1750957115854,Left,0.9001668,0.3741825,0.4293084,1.084855,0.546218,0.3575872,0.873615,0.3980733,0.4353407,0.1,3,0,0.8066387,0.9947411,0.4774803,0.8749311,0.3723519,0.4869062,False,2,1,1
6/26/2025 6:58:35 PM,1750957115868,Left,0.8990171,0.3845207,0.4263192,1.084076,0.5542073,0.3581945,0.8719459,0.4088449,0.4322909,0.1,3,0,0.8036709,1.007599,0.4744458,0.8721288,0.382796,0.4838425,False,2,1,1
6/26/2025 6:58:35 PM,1750957115896,Left,0.8941764,0.4029746,0.4200562,1.084761,0.5680752,0.3588748,0.8674186,0.4299368,0.4260253,0.1,3,0,0.7972602,1.032357,0.4676858,0.8669496,0.4032072,0.4774615,False,2,1,1
6/26/2025 6:58:35 PM,1750957115910,Left,0.8913604,0.4122088,0.4168003,1.085132,0.5749652,0.3592186,0.8640554,0.4394142,0.4226777,0.1,3,0,0.7947023,1.044688,0.4642519,0.8643391,0.4133115,0.4740639,False,2,1,1
6/26/2025 6:58:35 PM,1750957115938,Left,0.8850293,0.4308153,0.4102192,1.086506,0.5872526,0.3603737,0.8579933,0.4595025,0.4159736,0.1,3,0,0.7899233,1.067888,0.4567217,0.8586474,0.4329663,0.4671591,False,2,1,1
6/26/2025 6:58:35 PM,1750957115951,Left,0.881744,0.4401349,0.406922,1.087215,0.5934134,0.3611291,0.8549273,0.4692848,0.4126544,0.1,3,0,0.7877554,1.078454,0.4532615,0.8555312,0.4425767,0.4636597,False,2,1,1
6/26/2025 6:58:35 PM,1750957115980,Left,0.8738912,0.4575444,0.4003873,1.088004,0.6037534,0.3625239,0.8480588,0.4877879,0.4058877,0.1,3,0,0.7838303,1.098973,0.4455947,0.8484507,0.4605975,0.4569904,False,2,1,1
6/26/2025 6:58:35 PM,1750957115994,Left,0.8703135,0.4659015,0.3970548,1.08911,0.6080886,0.3621673,0.8452097,0.4959325,0.4023315,0.1,3,0,0.7830031,1.10641,0.4415385,0.8441221,0.4684999,0.4538112,False,2,1,1
6/26/2025 6:58:36 PM,1750957116008,Left,0.865821,0.473853,0.3938508,1.090528,0.6113712,0.3614368,0.8413451,0.5036345,0.3990279,0.1,3,0,0.7820092,1.113663,0.437086,0.8408407,0.4762344,0.4498473,False,2,1,1
6/26/2025 6:58:36 PM,1750957116035,Left,0.85775,0.4881765,0.3873142,1.093088,0.6168582,0.3607418,0.8348746,0.5175081,0.3918409,0.1,3,0,0.7807465,1.126399,0.4266962,0.8329884,0.4904995,0.442255,False,2,1,1
6/26/2025 6:58:36 PM,1750957116049,Left,0.8530562,0.4949407,0.3842063,1.094558,0.6186908,0.3603596,0.8310316,0.5242137,0.3883767,0.1,3,0,0.7797959,1.132642,0.4218744,0.8288615,0.4968267,0.4385698,False,2,1,1
6/26/2025 6:58:36 PM,1750957116077,Left,0.8429388,0.507134,0.3783934,1.098112,0.6200768,0.3592688,0.8225709,0.5362772,0.3819315,0.1,3,0,0.7770926,1.143847,0.4124329,0.8197224,0.5082222,0.4316969,False,2,1,1
6/26/2025 6:58:36 PM,1750957116091,Left,0.8379765,0.5126408,0.3752862,1.100406,0.6190612,0.3585359,0.8185025,0.5416396,0.3783821,0.1,3,0,0.7758383,1.148533,0.4071676,0.8150063,0.5132528,0.4282621,False,2,1,1
6/26/2025 6:58:36 PM,1750957116118,Left,0.8282467,0.5218636,0.3691913,1.105425,0.6165428,0.3564875,0.8102616,0.5510185,0.3714277,0.1,3,0,0.7725949,1.158417,0.3971512,0.8057544,0.5229712,0.4216663,False,2,1,1
6/26/2025 6:58:36 PM,1750957116132,Left,0.821992,0.5263825,0.3663002,1.109292,0.6140148,0.3546978,0.8050953,0.5557033,0.3683479,0.1,3,0,0.7707075,1.164648,0.3922613,0.8011289,0.5277141,0.4184935,False,2,1,1
6/26/2025 6:58:36 PM,1750957116160,Left,0.8105465,0.5347793,0.3604247,1.115074,0.6096006,0.3503273,0.7951032,0.5657994,0.361394,0.1,3,0,0.7670588,1.177461,0.3819066,0.7903056,0.5377569,0.4114501,False,2,1,1
6/26/2025 6:58:36 PM,1750957116173,Left,0.8049563,0.5387101,0.3570313,1.116946,0.6076093,0.3482719,0.7905079,0.5705484,0.3576978,0.1,3,0,0.7655985,1.184294,0.3770047,0.784861,0.5425523,0.4076463,False,2,1,1
6/26/2025 6:58:36 PM,1750957116187,Left,0.7989514,0.542746,0.3533704,1.119693,0.6052292,0.3455203,0.7857016,0.5753677,0.3541312,0.1,3,0,0.7640154,1.190768,0.3726225,0.7792986,0.5474424,0.4039444,False,2,1,1
6/26/2025 6:58:36 PM,1750957116215,Left,0.7860188,0.5501304,0.3456495,1.124741,0.6000846,0.3408875,0.774638,0.5837006,0.3461833,0.1,3,0,0.7606025,1.201473,0.3646983,0.7675466,0.5559965,0.3961176,False,2,1,1
6/26/2025 6:58:36 PM,1750957116229,Left,0.7788606,0.5538804,0.3412811,1.128259,0.5978889,0.3362812,0.7691185,0.5874789,0.3420184,0.1,3,0,0.7597888,1.20507,0.3606449,0.7614735,0.5599872,0.3917507,False,2,1,1
6/26/2025 6:58:36 PM,1750957116257,Left,0.7642496,0.561159,0.3321717,1.132917,0.5935552,0.3302606,0.757117,0.5939246,0.3327626,0.1,3,0,0.7587836,1.209882,0.3511645,0.7489002,0.5663156,0.3825033,False,2,1,1
6/26/2025 6:58:36 PM,1750957116271,Left,0.7565508,0.5643834,0.3271265,1.133819,0.591673,0.328196,0.7509369,0.5970439,0.3278863,0.1,3,0,0.7568011,1.212132,0.3459015,0.7419697,0.5694371,0.3776529,False,2,1,1
6/26/2025 6:58:36 PM,1750957116299,Left,0.7406287,0.5701005,0.3172962,1.133166,0.589461,0.3250434,0.7370421,0.6024846,0.3179664,0.1,3,0,0.7505625,1.217329,0.336253,0.7270409,0.5747507,0.3675786,False,2,1,1
6/26/2025 6:58:36 PM,1750957116313,Left,0.7321324,0.5723521,0.3119271,1.130542,0.5885279,0.325449,0.7298499,0.604745,0.3126826,0.1,3,0,0.7469653,1.219266,0.3310882,0.7192811,0.5771584,0.3622888,False,2,1,1
6/26/2025 6:58:36 PM,1750957116341,Left,0.7142725,0.5771079,0.3007853,1.127294,0.5891786,0.3208424,0.7143421,0.608696,0.3014443,0.1,3,0,0.7412332,1.221088,0.3185703,0.7036501,0.5803355,0.3503796,False,2,1,1
6/26/2025 6:58:36 PM,1750957116354,Left,0.705752,0.5786269,0.294829,1.125845,0.5906987,0.3165895,0.7067443,0.6102828,0.2954779,0.1,3,0,0.7377966,1.22151,0.3121874,0.6952341,0.5817198,0.3444695,False,2,1,1
6/26/2025 6:58:36 PM,1750957116368,Left,0.6971019,0.5805178,0.2894065,1.124497,0.5919172,0.3124855,0.6993397,0.6113751,0.289702,0.1,3,0,0.734199,1.221705,0.3055619,0.6873336,0.5828239,0.33847,False,2,1,1
6/26/2025 6:58:36 PM,1750957116396,Left,0.6804873,0.5830582,0.2783205,1.116704,0.5950137,0.3057425,0.6843864,0.6129976,0.2779717,0.1,3,0,0.7249368,1.220361,0.291129,0.6712494,0.5844659,0.3264429,False,2,1,1
6/26/2025 6:58:36 PM,1750957116410,Left,0.6720067,0.5843618,0.2725577,1.112384,0.596761,0.3019893,0.6768036,0.613517,0.2718142,0.1,3,0,0.7200226,1.219751,0.2834704,0.6626986,0.585008,0.3204277,False,2,1,1
6/26/2025 6:58:36 PM,1750957116437,Left,0.6532879,0.5859972,0.2616718,1.102103,0.6003776,0.2921478,0.6596705,0.6141337,0.2599258,0.1,3,0,0.7085948,1.217509,0.2672204,0.6460561,0.5858189,0.3083388,False,2,1,1
6/26/2025 6:58:36 PM,1750957116451,Left,0.6441645,0.5866147,0.2565252,1.096823,0.6022028,0.286643,0.6510231,0.6139473,0.2540742,0.1,3,0,0.7022774,1.215908,0.2584251,0.6373608,0.5857264,0.3025682,False,2,1,1
6/26/2025 6:58:36 PM,1750957116480,Left,0.6255734,0.5871278,0.2471236,1.085265,0.6057494,0.2735095,0.6336625,0.6129245,0.2425361,0.1,3,0,0.689025,1.211601,0.2398463,0.6196511,0.585026,0.291013,False,2,1,1
6/26/2025 6:58:36 PM,1750957116493,Left,0.6157796,0.5874209,0.2424936,1.079056,0.6074356,0.2666737,0.6243458,0.6122513,0.236956,0.1,3,0,0.6820979,1.208981,0.2294409,0.610279,0.5844159,0.2854789,False,2,1,1
6/26/2025 6:58:36 PM,1750957116507,Left,0.6069847,0.5875435,0.2384804,1.072409,0.6090313,0.2595984,0.6160885,0.6116018,0.2315971,0.1,3,0,0.6750582,1.206597,0.2189159,0.6010463,0.5838508,0.2802609,False,2,1,1
6/26/2025 6:58:36 PM,1750957116535,Left,0.5876809,0.5880575,0.2314269,1.057765,0.6125088,0.2446958,0.5978254,0.6103228,0.2215259,0.1,3,0,0.6607919,1.201581,0.197329,0.5826123,0.5830201,0.2705286,False,2,1,1
6/26/2025 6:58:36 PM,1750957116549,Left,0.5776553,0.5886237,0.2287682,1.047988,0.614785,0.2378577,0.5884096,0.6097777,0.217088,0.1,3,0,0.6538476,1.198597,0.1856878,0.5731244,0.5827079,0.2661164,False,2,1,1
6/26/2025 6:58:36 PM,1750957116576,Left,0.5586632,0.5891796,0.224023,1.032706,0.6185013,0.2209311,0.570331,0.6085316,0.2083252,0.1,3,0,0.6387405,1.194518,0.1618838,0.5546653,0.582545,0.257961,False,2,1,1
6/26/2025 6:58:36 PM,1750957116590,Left,0.5490427,0.5897526,0.2225092,1.02515,0.6200747,0.2114641,0.5609981,0.608438,0.2047784,0.1,3,0,0.6311443,1.193477,0.1502875,0.5454266,0.5829904,0.2542212,False,2,1,1
6/26/2025 6:58:36 PM,1750957116618,Left,0.53089,0.5910258,0.2199191,1.010556,0.6234904,0.1917436,0.5435547,0.6088273,0.1982576,0.1,3,0,0.6163843,1.192226,0.1288337,0.5279189,0.5840138,0.2484042,False,2,1,1
6/26/2025 6:58:36 PM,1750957116632,Left,0.5222563,0.5919642,0.21898,1.004678,0.6298916,0.180005,0.5350987,0.6090661,0.1955843,0.1,3,0,0.6082556,1.191853,0.1193126,0.5191192,0.5852379,0.2457685,False,2,1,1
6/26/2025 6:58:36 PM,1750957116646,Left,0.5134962,0.5932401,0.218602,0.9958928,0.63287,0.1696067,0.5265386,0.609566,0.1929073,0.1,3,0,0.6010038,1.191008,0.1093323,0.5107715,0.5860157,0.2435279,False,2,1,1
6/26/2025 6:58:36 PM,1750957116674,Left,0.4971264,0.596424,0.2186827,0.9783057,0.6377988,0.150542,0.5107116,0.610934,0.1893612,0.1,3,0,0.5870324,1.188742,0.09035528,0.4947549,0.5880159,0.2400433,False,2,1,1
6/26/2025 6:58:36 PM,1750957116687,Left,0.48891,0.5980614,0.2192248,0.9697703,0.6401971,0.1410839,0.5025449,0.6118366,0.1877965,0.1,3,0,0.5803498,1.188063,0.08141673,0.4866379,0.5891181,0.2387366,False,2,1,1
6/26/2025 6:58:36 PM,1750957116715,Left,0.4732011,0.602196,0.2209172,0.9521829,0.6457697,0.1248641,0.4876342,0.6146123,0.1860059,0.1,3,0,0.5676331,1.187719,0.06535375,0.4718527,0.5918366,0.23733,False,2,1,1
6/26/2025 6:58:36 PM,1750957116729,Left,0.4658052,0.6052378,0.2224431,0.943377,0.6497488,0.116379,0.4800125,0.6164804,0.1854915,0.1,3,0,0.5608445,1.187824,0.05832326,0.4644597,0.5936028,0.2368928,False,2,1,1
6/26/2025 6:58:36 PM,1750957116757,Left,0.4529616,0.6118332,0.2260392,0.9270628,0.6557214,0.1017205,0.4674495,0.6209764,0.1860586,0.1,3,0,0.5483676,1.187313,0.04614568,0.4519532,0.598886,0.2381472,False,2,1,1
6/26/2025 6:58:36 PM,1750957116771,Left,0.4469459,0.6157714,0.2282307,0.9196334,0.6583452,0.09482022,0.4616443,0.6235942,0.1867596,0.1,3,0,0.542829,1.187262,0.04112077,0.4456808,0.6018041,0.2389725,False,2,1,1
6/26/2025 6:58:36 PM,1750957116798,Left,0.4374458,0.6224749,0.2327313,0.9082534,0.6641104,0.0837399,0.4514372,0.6280829,0.188804,0.1,3,0,0.5314197,1.1878,0.03350878,0.4365397,0.60762,0.2412072,False,2,1,1
6/26/2025 6:58:36 PM,1750957116812,Left,0.4330249,0.6257682,0.2347887,0.9024437,0.6675356,0.07853603,0.4464911,0.6305893,0.189811,0.1,3,0,0.5250784,1.188746,0.03040516,0.4321417,0.6104406,0.2423537,False,2,1,1
6/26/2025 6:58:36 PM,1750957116841,Left,0.4263493,0.6309695,0.2382737,0.8935394,0.6755286,0.07105357,0.4386037,0.6347216,0.1913679,0.1,3,0,0.5132404,1.189891,0.02476394,0.425121,0.6140781,0.2443921,False,2,1,1
6/26/2025 6:58:36 PM,1750957116854,Left,0.4210415,0.6339205,0.2406168,0.8892164,0.6797394,0.06731084,0.4347058,0.6361701,0.1922422,0.1,3,0,0.508303,1.189726,0.02285862,0.4216532,0.615503,0.245541,False,2,1,1
6/26/2025 6:58:36 PM,1750957116868,Left,0.4198761,0.6342798,0.2410285,0.8857644,0.6837969,0.06390008,0.4311488,0.6368379,0.1928948,0.1,3,0,0.5038051,1.188926,0.02165508,0.4194058,0.6160772,0.2463365,False,2,1,1
6/26/2025 6:58:36 PM,1750957116896,Left,0.4135398,0.635672,0.2429958,0.8776258,0.6890754,0.05940552,0.4239667,0.6369385,0.1941838,0.1,3,0,0.4953981,1.185999,0.02014542,0.4136683,0.6166716,0.2479544,False,2,1,1
6/26/2025 6:58:36 PM,1750957116910,Left,0.4102126,0.6362416,0.2439087,0.8754135,0.6889409,0.05764349,0.4204787,0.6367915,0.1948745,0.1,3,0,0.4910631,1.18446,0.02028322,0.4106033,0.6164862,0.2487142,False,2,1,1
6/26/2025 6:58:36 PM,1750957116938,Left,0.4020998,0.6368899,0.2448995,0.8713226,0.6924577,0.04871875,0.4126477,0.6365851,0.1960282,0.1,3,0,0.4839767,1.181741,0.02157068,0.4033651,0.6163839,0.2499412,False,2,1,1
6/26/2025 6:58:36 PM,1750957116951,Left,0.3977651,0.6370302,0.2451204,0.8693169,0.6938866,0.04496196,0.4083521,0.6357068,0.1963301,0.1,3,0,0.4804288,1.179877,0.02225852,0.3989265,0.6163505,0.2498702,False,2,1,1
6/26/2025 6:58:36 PM,1750957116980,Left,0.3888066,0.6376835,0.2439739,0.8659255,0.6950554,0.03689636,0.4000188,0.6348346,0.1957538,0.1,3,0,0.4735651,1.176214,0.02426124,0.3898267,0.6161008,0.2501147,False,2,1,1
6/26/2025 6:58:36 PM,1750957116993,Left,0.3840002,0.6381044,0.2435961,0.8640048,0.6957109,0.03264574,0.3956442,0.6343766,0.1955066,0.1,3,0,0.4703912,1.174388,0.02508366,0.3848597,0.6164842,0.2501591,False,2,1,1
6/26/2025 6:58:37 PM,1750957117007,Left,0.3785024,0.6384792,0.2434215,0.8627713,0.6954395,0.02841163,0.3906476,0.6337531,0.1956111,0.1,3,0,0.466971,1.172719,0.02625954,0.3794445,0.6171188,0.2499343,False,2,1,1
6/26/2025 6:58:37 PM,1750957117035,Left,0.3660646,0.6377435,0.2437364,0.8603212,0.6940452,0.01991822,0.3791382,0.6316319,0.1964573,0.1,3,0,0.4592265,1.169336,0.02896035,0.368385,0.617085,0.2506139,False,2,1,1
6/26/2025 6:58:37 PM,1750957117049,Left,0.3602645,0.6369929,0.2445834,0.8581229,0.6934738,0.0165734,0.3736766,0.6306545,0.1975067,0.1,3,0,0.4553719,1.167291,0.0309962,0.3630198,0.6157262,0.2516675,False,2,1,1
6/26/2025 6:58:37 PM,1750957117077,Left,0.3506026,0.632864,0.2457879,0.8519511,0.6929219,0.01005305,0.3648289,0.6267477,0.1992953,0.1,3,0,0.4489805,1.163181,0.03534079,0.3532377,0.6111647,0.253696,False,2,1,1
6/26/2025 6:58:37 PM,1750957117091,Left,0.3456056,0.6310353,0.2464477,0.8488868,0.690307,0.002000002,0.3603916,0.6251078,0.200188,0.1,3,0,0.4465994,1.160833,0.03760815,0.3486457,0.6083863,0.2550186,False,2,1,1
6/26/2025 6:58:37 PM,1750957117118,Left,0.3359897,0.6274478,0.2473762,0.8425655,0.6862245,-0.007824329,0.3514197,0.6217558,0.2022381,0.1,3,0,0.4411697,1.156894,0.04342759,0.3404225,0.6038582,0.2564004,False,2,1,1
6/26/2025 6:58:37 PM,1750957117133,Left,0.3304234,0.625922,0.2478032,0.8386304,0.6834213,-0.01356744,0.3461714,0.6199757,0.2034023,0.1,3,0,0.4377377,1.154686,0.04787374,0.3359207,0.6022428,0.2578996,False,2,1,1
6/26/2025 6:58:37 PM,1750957117160,Left,0.3196233,0.6227636,0.2485567,0.8306277,0.6781449,-0.02451129,0.3360264,0.6156909,0.2054277,0.1,3,0,0.4308376,1.148976,0.0547744,0.3264283,0.5991385,0.2597352,False,2,1,1
6/26/2025 6:58:37 PM,1750957117174,Left,0.3134558,0.6208546,0.2490104,0.8264412,0.6753567,-0.02917492,0.3311976,0.6132332,0.2061949,0.1,3,0,0.4277954,1.145388,0.05715489,0.3206189,0.5973637,0.2605169,False,2,1,1
6/26/2025 6:58:37 PM,1750957117188,Left,0.3065879,0.6188204,0.2497537,0.8222591,0.6743042,-0.0341176,0.3250555,0.6107069,0.207329,0.1,3,0,0.4244694,1.142049,0.0597626,0.3140949,0.5952415,0.2617197,False,2,1,1
6/26/2025 6:58:37 PM,1750957117215,Left,0.2925274,0.6140496,0.2511249,0.8116282,0.6705651,-0.04648649,0.3118348,0.6054335,0.209371,0.1,3,0,0.4168444,1.136164,0.06484759,0.301308,0.5898796,0.2640966,False,2,1,1
6/26/2025 6:58:37 PM,1750957117230,Left,0.2848338,0.6107911,0.2519732,0.8059875,0.6672225,-0.05396686,0.3047727,0.6026422,0.2106721,0.1,3,0,0.4123227,1.13334,0.0673027,0.2942267,0.5871645,0.2651714,False,2,1,1
6/26/2025 6:58:37 PM,1750957117257,Left,0.2699999,0.6041345,0.253751,0.7947487,0.6599732,-0.06586065,0.2910385,0.5959313,0.2130744,0.1,3,0,0.4028948,1.126955,0.07212615,0.2804475,0.5800179,0.2671722,False,2,1,1
6/26/2025 6:58:37 PM,1750957117271,Left,0.2627027,0.6001956,0.2544716,0.7894878,0.6548116,-0.07060057,0.2844167,0.5920466,0.2139533,0.1,3,0,0.3984426,1.122424,0.07393253,0.2738818,0.5758124,0.2683193,False,2,1,1
6/26/2025 6:58:37 PM,1750957117299,Left,0.2472667,0.5937983,0.2563074,0.7775321,0.6484838,-0.07837947,0.2703497,0.584812,0.216276,0.1,3,0,0.391624,1.112891,0.07788742,0.2612851,0.5678287,0.2703193,False,2,1,1
6/26/2025 6:58:37 PM,1750957117313,Left,0.2397806,0.5911205,0.2571066,0.7705669,0.6444151,-0.08478451,0.2635236,0.5814355,0.2173843,0.1,3,0,0.3882322,1.108354,0.07950747,0.2550951,0.5642065,0.2710165,False,2,1,1
6/26/2025 6:58:37 PM,1750957117340,Left,0.2248016,0.5861185,0.2582139,0.7568361,0.6362898,-0.09652498,0.250299,0.574792,0.2184251,0.1,3,0,0.3810467,1.098651,0.0806278,0.2408408,0.5589042,0.2721832,False,2,1,1
6/26/2025 6:58:37 PM,1750957117354,Left,0.216825,0.5844888,0.2592108,0.7498099,0.6321014,-0.1021395,0.2431944,0.572194,0.2193288,0.1,3,0,0.3764544,1.093904,0.08032942,0.2333713,0.5563814,0.2726189,False,2,1,1
6/26/2025 6:58:37 PM,1750957117368,Left,0.2091202,0.5818895,0.2596506,0.7427508,0.6283489,-0.1078564,0.2361041,0.5685141,0.2193545,0.1,3,0,0.3719629,1.088535,0.07911408,0.2257632,0.5535282,0.2727025,False,2,1,1
6/26/2025 6:58:37 PM,1750957117396,Left,0.1945423,0.5767769,0.260649,0.729206,0.6203386,-0.11914,0.2221953,0.5617825,0.2196663,0.1,3,0,0.3621547,1.078247,0.07674623,0.211728,0.546886,0.2737378,False,2,1,1
6/26/2025 6:58:37 PM,1750957117410,Left,0.1873936,0.5748442,0.2611645,0.7219325,0.6167256,-0.1247209,0.215602,0.559271,0.2200626,0.1,3,0,0.3568164,1.073147,0.0769515,0.205562,0.5432287,0.2737834,False,2,1,1
6/26/2025 6:58:37 PM,1750957117437,Left,0.1741014,0.5725068,0.259554,0.708254,0.6108078,-0.1334278,0.2034476,0.5560657,0.219264,0.1,3,0,0.3484161,1.066994,0.07675087,0.1929915,0.5387492,0.2729754,False,2,1,1
6/26/2025 6:58:37 PM,1750957117451,Left,0.166908,0.5713218,0.2582875,0.7013043,0.6076435,-0.1384857,0.1970054,0.5545747,0.2178192,0.1,3,0,0.3466918,1.066066,0.07650268,0.1870451,0.5379002,0.2710686,False,2,1,1
6/26/2025 6:58:37 PM,1750957117479,Left,0.1539527,0.568113,0.2536121,0.6864622,0.6029578,-0.1489951,0.1863344,0.5519374,0.2145157,0.1,3,0,0.3425549,1.065274,0.07801366,0.1756624,0.5370774,0.2677338,False,2,1,1
6/26/2025 6:58:37 PM,1750957117493,Left,0.1469475,0.5660877,0.2518438,0.6788619,0.6012465,-0.1542658,0.1800176,0.5501316,0.2131924,0.1,3,0,0.3399983,1.064742,0.07883155,0.1694437,0.5357076,0.2665225,False,2,1,1
6/26/2025 6:58:37 PM,1750957117521,Left,0.1342634,0.5612425,0.2487411,0.6644448,0.5990134,-0.1648995,0.1683,0.546371,0.2105652,0.1,3,0,0.3333396,1.062057,0.0793798,0.1584061,0.5305973,0.2641822,False,2,1,1
6/26/2025 6:58:37 PM,1750957117535,Left,0.1279456,0.5590017,0.2472198,0.6573551,0.598018,-0.1702125,0.1622327,0.5443893,0.2093126,0.1,3,0,0.3303432,1.059996,0.07831442,0.1546371,0.528016,0.2629878,False,2,1,1
6/26/2025 6:58:37 PM,1750957117548,Left,0.1222761,0.5577891,0.2461744,0.6506209,0.5979045,-0.1746808,0.1567176,0.5429924,0.208205,0.1,3,0,0.3273135,1.057625,0.07685614,0.1509019,0.5259942,0.2618374,False,2,1,1
6/26/2025 6:58:37 PM,1750957117577,Left,0.1103146,0.5554217,0.2439721,0.6386927,0.599071,-0.1830206,0.1473209,0.5406288,0.2059521,0.1,3,0,0.320738,1.054125,0.07346535,0.1400502,0.5230489,0.2595056,False,2,1,1
6/26/2025 6:58:37 PM,1750957117590,Left,0.1048118,0.5545342,0.2428397,0.6337863,0.6002201,-0.1859944,0.1421943,0.5396575,0.2047544,0.1,3,0,0.3171788,1.053388,0.07170212,0.1329306,0.5218464,0.2578843,False,2,1,1
6/26/2025 6:58:37 PM,1750957117618,Left,0.09380755,0.552022,0.2398548,0.6247616,0.603054,-0.1917416,0.1313202,0.5377881,0.2016284,0.1,3,0,0.3098403,1.053453,0.06880176,0.1212756,0.5202096,0.254692,False,2,1,1
6/26/2025 6:58:37 PM,1750957117632,Left,0.08834629,0.5502086,0.2383357,0.6209641,0.604494,-0.1947944,0.1259992,0.5365413,0.2001973,0.1,3,0,0.3057866,1.053472,0.06788158,0.1164471,0.5190307,0.2533765,False,2,1,1
6/26/2025 6:58:37 PM,1750957117660,Left,0.07795969,0.5472362,0.2362436,0.6137492,0.6067743,-0.2005369,0.1158859,0.5347343,0.1981825,0.1,3,0,0.2964683,1.05381,0.06607568,0.10593,0.5166388,0.2511725,False,2,1,1
6/26/2025 6:58:37 PM,1750957117674,Left,0.07344294,0.5458943,0.2351763,0.6106904,0.6077089,-0.2031817,0.1112393,0.5339889,0.1971174,0.1,3,0,0.2914988,1.053758,0.06474197,0.1015074,0.5152061,0.249849,False,2,1,1
6/26/2025 6:58:37 PM,1750957117688,Left,0.06905997,0.5451605,0.2343709,0.6073854,0.6087473,-0.2056975,0.1064867,0.5337002,0.1961732,0.1,3,0,0.2858637,1.053829,0.06278539,0.09727557,0.5141531,0.2484143,False,2,1,1
6/26/2025 6:58:37 PM,1750957117715,Left,0.06152004,0.541596,0.2320235,0.6019468,0.6097349,-0.2113764,0.09796372,0.5308003,0.1932323,0.1,3,0,0.2737746,1.053039,0.05813622,0.08882387,0.5119943,0.2460368,False,2,1,1
6/26/2025 6:58:37 PM,1750957117729,Left,0.05809868,0.5399178,0.231001,0.599273,0.6101273,-0.2140188,0.09363203,0.5294708,0.1920764,0.1,3,0,0.2672689,1.05241,0.05632567,0.08445004,0.5105951,0.2449277,False,2,1,1
6/26/2025 6:58:37 PM,1750957117757,Left,0.05101431,0.536804,0.2293193,0.5933751,0.6116958,-0.2184848,0.08546927,0.5272667,0.1898707,0.1,3,0,0.2539188,1.051628,0.0517627,0.07679832,0.5075513,0.2423476,False,2,1,1
6/26/2025 6:58:37 PM,1750957117771,Left,0.04709662,0.5350499,0.228372,0.590142,0.6126184,-0.2205768,0.08090058,0.525999,0.1885917,0.1,3,0,0.2468551,1.051316,0.04898357,0.07290249,0.506034,0.2409887,False,2,1,1
6/26/2025 6:58:37 PM,1750957117798,Left,0.03930723,0.5313637,0.2266991,0.5834405,0.614439,-0.2244534,0.07161731,0.5230746,0.1862476,0.1,3,0,0.2321465,1.050484,0.04375017,0.06371875,0.503543,0.2383468,False,2,1,1
6/26/2025 6:58:37 PM,1750957117812,Left,0.03515638,0.5295107,0.2258228,0.5792153,0.6157333,-0.226991,0.06662354,0.5215743,0.1850359,0.1,3,0,0.2232759,1.049881,0.04171717,0.05817102,0.5022154,0.2374714,False,2,1,1
6/26/2025 6:58:37 PM,1750957117841,Left,0.02508697,0.5272714,0.2249992,0.5705743,0.6189896,-0.2317763,0.05493007,0.5198565,0.1833863,0.1,3,0,0.2048857,1.048403,0.03649771,0.04666537,0.4993441,0.2356834,False,2,1,1
6/26/2025 6:58:37 PM,1750957117854,Left,0.01952399,0.5264859,0.2240528,0.5657429,0.6209221,-0.2341758,0.04897345,0.518978,0.1821322,0.1,3,0,0.1958447,1.048048,0.03356946,0.04032336,0.4985174,0.2343966,False,2,1,1
6/26/2025 6:58:37 PM,1750957117868,Left,0.01413889,0.5254536,0.2229365,0.5612662,0.622777,-0.2361962,0.04267142,0.5182955,0.1805086,0.1,3,0,0.1870624,1.048075,0.03050554,0.03408885,0.498245,0.2330202,False,2,1,1
6/26/2025 6:58:37 PM,1750957117896,Left,0.002673896,0.5235179,0.2204632,0.5510798,0.6264428,-0.2413078,0.03040715,0.5172453,0.1775613,0.1,3,0,0.1688261,1.04921,0.02516639,0.02088251,0.4980907,0.2298289,False,2,1,1
6/26/2025 6:58:37 PM,1750957117910,Left,-0.003614367,0.5225436,0.2194877,0.5457887,0.6284192,-0.244105,0.02296017,0.5166588,0.1763243,0.1,3,0,0.1588035,1.050174,0.02301836,0.01409645,0.4973661,0.2284469,False,2,1,1
6/26/2025 6:58:37 PM,1750957117937,Left,-0.01578745,0.5207517,0.2177358,0.5337595,0.6328806,-0.2499166,0.009402653,0.5159879,0.1740886,0.1,3,0,0.1389201,1.051412,0.01854205,0.0005092621,0.4959574,0.225969,False,2,1,1
6/26/2025 6:58:37 PM,1750957117952,Left,-0.02261603,0.5201672,0.2170462,0.5271216,0.6363925,-0.2535996,0.001763333,0.515836,0.1729551,0.1,3,0,0.1287885,1.051777,0.0161562,-0.00730592,0.4954141,0.225293,False,2,1,1
6/26/2025 6:58:37 PM,1750957117979,Left,-0.03552914,0.5197403,0.2148973,0.5145022,0.6409007,-0.2603432,-0.01253637,0.515622,0.1700833,0.1,3,0,0.1088753,1.053818,0.01160431,-0.0214987,0.4957463,0.2230231,False,2,1,1
6/26/2025 6:58:37 PM,1750957117993,Left,-0.04240258,0.5195532,0.2137365,0.507901,0.6425378,-0.2639861,-0.02004533,0.5160964,0.1689148,0.1,3,0,0.0988481,1.05508,0.009984851,-0.02904572,0.4965401,0.2219521,False,2,1,1
6/26/2025 6:58:38 PM,1750957118020,Left,-0.05538759,0.5193503,0.2108744,0.495064,0.6449884,-0.2703721,-0.03466248,0.517244,0.1664792,0.1,3,0,0.07745039,1.05862,0.007653952,-0.04336166,0.498143,0.2194548,False,2,1,1
6/26/2025 6:58:38 PM,1750957118035,Left,-0.06197621,0.5193115,0.2093946,0.4885409,0.6464617,-0.273346,-0.04238402,0.5173492,0.1646994,0.1,3,0,0.06641471,1.060499,0.005888104,-0.05057628,0.4985242,0.2175747,False,2,1,1
6/26/2025 6:58:38 PM,1750957118049,Left,-0.06839524,0.5195214,0.207864,0.4820963,0.6477635,-0.2770162,-0.04989925,0.5183149,0.1630453,0.1,3,0,0.05513775,1.062496,0.003851891,-0.05741291,0.4987304,0.2160562,False,2,1,1
6/26/2025 6:58:38 PM,1750957118077,Left,-0.08250733,0.5199948,0.2044833,0.4686457,0.6502854,-0.2830602,-0.0661964,0.5202824,0.1595038,0.1,3,0,0.03161442,1.067583,0.0007927418,-0.07190327,0.5003052,0.2137299,False,2,1,1
6/26/2025 6:58:38 PM,1750957118091,Left,-0.08992919,0.5213687,0.2028108,0.4609585,0.6512225,-0.2854467,-0.07448848,0.522136,0.1579549,0.1,3,0,0.02003801,1.070653,-0.000172019,-0.08004023,0.5020508,0.2120977,False,2,1,1
6/26/2025 6:58:38 PM,1750957118118,Left,-0.1057371,0.5242411,0.198974,0.4448488,0.6531758,-0.2903387,-0.09142957,0.5258514,0.1546844,0.1,3,0,-0.003219962,1.076657,-0.002317667,-0.09774525,0.5059898,0.2081061,False,2,1,1
6/26/2025 6:58:38 PM,1750957118132,Left,-0.1135189,0.5268809,0.1972766,0.4356763,0.653927,-0.292741,-0.1000447,0.5286951,0.1530626,0.1,3,0,-0.01527452,1.079798,-0.003423572,-0.1071857,0.5086755,0.2064877,False,2,1,1
6/26/2025 6:58:38 PM,1750957118160,Left,-0.1302368,0.5315641,0.1941158,0.4174842,0.6551749,-0.2962427,-0.118424,0.5340606,0.1500203,0.1,3,0,-0.03985286,1.087632,-0.004905939,-0.1249514,0.5146636,0.2043202,False,2,1,1
6/26/2025 6:58:38 PM,1750957118174,Left,-0.1390688,0.5340289,0.1922644,0.4077025,0.6555942,-0.2982996,-0.1278619,0.5372029,0.1485066,0.1,3,0,-0.05176365,1.092052,-0.005560637,-0.134376,0.517686,0.2025055,False,2,1,1
6/26/2025 6:58:38 PM,1750957118188,Left,-0.1475957,0.5367157,0.190533,0.3982178,0.655294,-0.2998454,-0.1371634,0.5405495,0.1470191,0.1,3,0,-0.06360698,1.096807,-0.005930066,-0.1433249,0.5205157,0.2014105,False,2,1,1
6/26/2025 6:58:38 PM,1750957118215,Left,-0.1647886,0.5427544,0.1867618,0.3793731,0.6537031,-0.303618,-0.1553903,0.5481129,0.1441775,0.1,3,0,-0.08670545,1.106786,-0.005664587,-0.161204,0.5270117,0.1978412,False,2,1,1
6/26/2025 6:58:38 PM,1750957118229,Left,-0.1736855,0.5458811,0.1847935,0.3698291,0.6531175,-0.3059089,-0.1648668,0.5516642,0.1424973,0.1,3,0,-0.09822369,1.111574,-0.005716324,-0.1706431,0.530386,0.196395,False,2,1,1
6/26/2025 6:58:38 PM,1750957118257,Left,-0.1922732,0.5535145,0.1820331,0.3518545,0.6516542,-0.3115217,-0.1842796,0.5601685,0.1403185,0.1,3,0,-0.1193929,1.121408,-0.005694747,-0.1891652,0.5387182,0.194077,False,2,1,1
6/26/2025 6:58:38 PM,1750957118270,Left,-0.2018103,0.5575607,0.1810798,0.3424381,0.6497063,-0.3171777,-0.193997,0.5648828,0.1397416,0.1,3,0,-0.1297693,1.127083,-0.004013658,-0.1984105,0.5430265,0.193577,False,2,1,1
6/26/2025 6:58:38 PM,1750957118298,Left,-0.2211077,0.5665826,0.1802053,0.3257845,0.6444063,-0.328359,-0.2134879,0.5739812,0.1398967,0.1,3,0,-0.1498796,1.137168,-2.264977E-05,-0.2182668,0.552916,0.1937431,False,2,1,1
6/26/2025 6:58:38 PM,1750957118313,Left,-0.2312815,0.5709444,0.1801935,0.3182075,0.6413712,-0.3348224,-0.2234759,0.5784498,0.1401079,0.1,3,0,-0.159677,1.141859,0.001485825,-0.2280886,0.5574749,0.193889,False,2,1,1
6/26/2025 6:58:38 PM,1750957118340,Left,-0.2515288,0.5794793,0.1809662,0.3047883,0.6357487,-0.3465537,-0.24343,0.5868271,0.1415078,0.1,3,0,-0.1774619,1.15011,0.005122185,-0.2477668,0.5660632,0.1953935,False,2,1,1
6/26/2025 6:58:38 PM,1750957118354,Left,-0.2620325,0.5836828,0.1815736,0.2977446,0.6331951,-0.3520188,-0.2535594,0.59098,0.1425564,0.1,3,0,-0.1859444,1.153739,0.007766843,-0.2575922,0.5701891,0.1965807,False,2,1,1
6/26/2025 6:58:38 PM,1750957118368,Left,-0.2721856,0.5875494,0.1821837,0.2911458,0.6309972,-0.3574186,-0.2633485,0.5944583,0.1435838,0.1,3,0,-0.194344,1.156882,0.0110507,-0.2673247,0.5737621,0.1976903,False,2,1,1
6/26/2025 6:58:38 PM,1750957118396,Left,-0.2922896,0.5942841,0.184318,0.2785906,0.6286705,-0.3646365,-0.2826078,0.6012208,0.1465843,0.1,3,0,-0.2109609,1.162576,0.01790619,-0.2875483,0.5804269,0.2010484,False,2,1,1
6/26/2025 6:58:38 PM,1750957118410,Left,-0.3023848,0.59759,0.1855882,0.2718828,0.6280009,-0.3675884,-0.2922682,0.60394,0.1483593,0.1,3,0,-0.2190334,1.164642,0.02150464,-0.2973725,0.5828621,0.2026044,False,2,1,1
6/26/2025 6:58:38 PM,1750957118437,Left,-0.3222352,0.6024609,0.1888547,0.2571495,0.6280185,-0.3671253,-0.3112455,0.6088822,0.1524667,0.1,3,0,-0.2347755,1.16838,0.02891338,-0.3157567,0.5875575,0.2060975,False,2,1,1
6/26/2025 6:58:38 PM,1750957118451,Left,-0.3326407,0.6048023,0.1906047,0.2493528,0.6282905,-0.366964,-0.3204497,0.6104296,0.1544322,0.1,3,0,-0.2422955,1.169622,0.03267109,-0.3251429,0.589228,0.2085984,False,2,1,1
6/26/2025 6:58:38 PM,1750957118479,Left,-0.3518472,0.6073923,0.1937668,0.2324314,0.6291272,-0.3625352,-0.3391091,0.6130645,0.1585941,0.1,3,0,-0.2567848,1.170898,0.04051208,-0.3445832,0.5915939,0.2130334,False,2,1,1
6/26/2025 6:58:38 PM,1750957118493,Left,-0.3621568,0.6084363,0.195549,0.2237616,0.6294366,-0.3599904,-0.3490207,0.6135062,0.1609657,0.1,3,0,-0.2645642,1.171199,0.04563177,-0.3540832,0.5926379,0.2158459,False,2,1,1
6/26/2025 6:58:38 PM,1750957118507,Left,-0.3714935,0.6083223,0.196903,0.2149752,0.6297432,-0.3562334,-0.3585882,0.6132439,0.16299,0.1,3,0,-0.2723689,1.171431,0.05091047,-0.3617877,0.5933846,0.2185819,False,2,1,1
6/26/2025 6:58:38 PM,1750957118535,Left,-0.3911731,0.6083691,0.2002861,0.1962554,0.6296213,-0.3480251,-0.3771367,0.613585,0.1682269,0.1,3,0,-0.2883068,1.171725,0.06226707,-0.3795524,0.5931239,0.2221168,False,2,1,1
6/26/2025 6:58:38 PM,1750957118548,Left,-0.4012947,0.6079637,0.2020114,0.186654,0.6285558,-0.3432707,-0.3865717,0.6134398,0.1706975,0.1,3,0,-0.2958126,1.171724,0.06735075,-0.3896699,0.5924967,0.2241859,False,2,1,1
6/26/2025 6:58:38 PM,1750957118577,Left,-0.421537,0.6089309,0.2066779,0.1677377,0.6269879,-0.332201,-0.4064862,0.614683,0.1771891,0.1,3,0,-0.3118299,1.171689,0.07871759,-0.4091399,0.5916631,0.2284795,False,2,1,1
6/26/2025 6:58:38 PM,1750957118591,Left,-0.4340371,0.6066827,0.2087925,0.1580989,0.6254618,-0.325883,-0.4166422,0.61278,0.1797492,0.1,3,0,-0.3206542,1.171732,0.08544123,-0.4185755,0.5913177,0.2311425,False,2,1,1
6/26/2025 6:58:38 PM,1750957118618,Left,-0.4570621,0.6045434,0.2127711,0.1393677,0.6205014,-0.3136311,-0.4413345,0.6108966,0.1863251,0.1,3,0,-0.3386523,1.171199,0.09947276,-0.4386205,0.5899665,0.2372795,False,2,1,1
6/26/2025 6:58:38 PM,1750957118632,Left,-0.4470319,0.6051553,0.2115852,0.1288841,0.6202372,-0.3061624,-0.430157,0.6119868,0.1858036,0.1,3,0,-0.3470484,1.170509,0.1067929,-0.4487553,0.5885822,0.2406231,False,2,1,1
6/26/2025 6:58:38 PM,1750957118660,Left,-0.4791404,0.5995777,0.219126,0.1091533,0.6156445,-0.291974,-0.4619409,0.6068943,0.1955542,0.1,3,0,-0.3630365,1.168543,0.1217819,-0.4687467,0.5852005,0.247833,False,2,1,1
6/26/2025 6:58:38 PM,1750957118673,Left,-0.4881886,0.5975187,0.221963,0.09887928,0.610979,-0.2837833,-0.470776,0.605029,0.1996466,0.1,3,0,-0.3706011,1.167062,0.1303304,-0.4775338,0.5832813,0.2513464,False,2,1,1
6/26/2025 6:58:38 PM,1750957118688,Left,-0.4975967,0.595841,0.2254858,0.08897984,0.6071115,-0.2757968,-0.4800851,0.6037951,0.2043671,0.1,3,0,-0.3782114,1.165585,0.1395515,-0.4868517,0.5812877,0.2553944,False,2,1,1
6/26/2025 6:58:38 PM,1750957118715,Left,-0.5174092,0.5910221,0.2327193,0.06928533,0.6003742,-0.258692,-0.4987261,0.59914,0.213966,0.1,3,0,-0.3937736,1.161473,0.1589175,-0.5061655,0.5762963,0.2655495,False,2,1,1
6/26/2025 6:58:38 PM,1750957118729,Left,-0.5278096,0.5878182,0.2368316,0.05894416,0.5953212,-0.2486251,-0.5087063,0.5966687,0.2193804,0.1,3,0,-0.4018025,1.158851,0.1700573,-0.5161179,0.5737768,0.2712106,False,2,1,1
6/26/2025 6:58:38 PM,1750957118757,Left,-0.5486532,0.581652,0.245826,0.03620562,0.5844824,-0.2280567,-0.5282526,0.5895319,0.2306233,0.1,3,0,-0.416129,1.150602,0.1900444,-0.5352045,0.5663174,0.2823045,False,2,1,1
6/26/2025 6:58:38 PM,1750957118771,Left,-0.5589005,0.5780368,0.2505349,0.02700651,0.5774385,-0.2154869,-0.5376883,0.5861176,0.2364197,0.1,3,0,-0.4230961,1.145956,0.2001964,-0.5450208,0.5621698,0.2879121,False,2,1,1
6/26/2025 6:58:38 PM,1750957118799,Left,-0.5814837,0.5718912,0.260617,0.006823602,0.5657798,-0.1926762,-0.5568245,0.5796276,0.2481972,0.1,3,0,-0.4370852,1.136251,0.2201298,-0.5682026,0.5533569,0.298797,False,2,1,1
6/26/2025 6:58:38 PM,1750957118813,Left,-0.5930703,0.5677555,0.2656659,-0.002825666,0.5614082,-0.1780215,-0.5685254,0.5750681,0.2546048,0.1,3,0,-0.4443767,1.130638,0.2293648,-0.5800202,0.5486522,0.3049796,False,2,1,1
6/26/2025 6:58:38 PM,1750957118840,Left,-0.6145701,0.5593088,0.2743676,-0.02070662,0.5543556,-0.147988,-0.5888277,0.5647792,0.2649777,0.1,3,0,-0.4594733,1.119804,0.2456737,-0.5998217,0.5411122,0.3146372,False,2,1,1
6/26/2025 6:58:38 PM,1750957118854,Left,-0.6252391,0.5538723,0.2787026,-0.02851077,0.5518689,-0.1309204,-0.5976682,0.5597544,0.2693803,0.1,3,0,-0.4668612,1.115139,0.2529391,-0.6105299,0.5373667,0.319705,False,2,1,1
6/26/2025 6:58:38 PM,1750957118868,Left,-0.6356193,0.548959,0.2830345,-0.03612637,0.5483163,-0.1156837,-0.6079757,0.554563,0.2740675,0.1,3,0,-0.4749538,1.11144,0.2602683,-0.6217418,0.5328725,0.326781,False,2,1,1
6/26/2025 6:58:38 PM,1750957118896,Left,-0.6555696,0.5388884,0.2911575,-0.05103668,0.5446742,-0.08482072,-0.6272665,0.545514,0.2843268,0.1,3,0,-0.4931073,1.104498,0.2783357,-0.6444659,0.523109,0.3375531,False,2,1,1
6/26/2025 6:58:38 PM,1750957118910,Left,-0.6657733,0.5336977,0.294996,-0.05767758,0.5418748,-0.06992605,-0.6373916,0.5410975,0.2892642,0.1,3,0,-0.5032911,1.10098,0.2873363,-0.6540347,0.517857,0.3416843,False,2,1,1
6/26/2025 6:58:38 PM,1750957118937,Left,-0.6850995,0.5233239,0.3024378,-0.07169102,0.5424179,-0.04021552,-0.6560909,0.5311024,0.2982898,0.1,3,0,-0.5218502,1.091389,0.3023962,-0.6756656,0.5074273,0.350657,False,2,1,1
6/26/2025 6:58:38 PM,1750957118951,Left,-0.6950309,0.5174193,0.3057154,-0.07897429,0.5420586,-0.02602228,-0.6660984,0.5254153,0.3021781,0.1,3,0,-0.5305992,1.086253,0.309363,-0.6838725,0.5019017,0.3551694,False,2,1,1
6/26/2025 6:58:38 PM,1750957118979,Left,-0.7146149,0.5063273,0.3117566,-0.09358419,0.5426996,0.0005632946,-0.685525,0.5142926,0.3095993,0.1,3,0,-0.5474256,1.074113,0.3221338,-0.7013199,0.4898465,0.3625431,False,2,1,1
6/26/2025 6:58:38 PM,1750957118993,Left,-0.7246202,0.5006098,0.3144943,-0.1008369,0.5432351,0.01379312,-0.6965168,0.5087575,0.3136871,0.1,3,0,-0.5558609,1.068361,0.3279375,-0.7060287,0.4835831,0.3633127,False,2,1,1
6/26/2025 6:58:39 PM,1750957119007,Left,-0.7347822,0.4947698,0.3170364,-0.1085225,0.5449359,0.02629958,-0.7068335,0.5034184,0.3170951,0.1,3,0,-0.5643491,1.062561,0.3334572,-0.7124814,0.4775241,0.3650149,False,2,1,1
6/26/2025 6:58:39 PM,1750957119035,Left,-0.7524718,0.4845295,0.3208944,-0.1234763,0.5491128,0.05073767,-0.7221554,0.4941561,0.3210968,0.1,3,0,-0.5804379,1.050375,0.3431327,-0.7290033,0.4662744,0.3706217,False,2,1,1
6/26/2025 6:58:39 PM,1750957119049,Left,-0.7524718,0.4845295,0.3208944,-0.1314223,0.5514758,0.06275568,-0.7222552,0.4943836,0.3217805,0.1,3,0,-0.5881284,1.044998,0.3477014,-0.7385112,0.4600641,0.3735254,False,2,1,1
6/26/2025 6:58:39 PM,1750957119076,Left,-0.7524718,0.4845295,0.3208944,-0.1477652,0.5559078,0.08478314,-0.7243366,0.4934537,0.3237557,0.1,3,0,-0.6034561,1.035417,0.357025,-0.7562306,0.4480163,0.3781323,False,2,1,1
6/26/2025 6:58:39 PM,1750957119091,Left,-0.7524718,0.4845295,0.3208944,-0.1565701,0.5575672,0.09590439,-0.7243857,0.493918,0.3244156,0.1,3,0,-0.6113683,1.03127,0.3620709,-0.7639231,0.4427202,0.3805794,False,2,1,1
6/26/2025 6:58:39 PM,1750957119118,Left,-0.7524718,0.4845295,0.3208944,-0.1743824,0.5607243,0.1169878,-0.7248452,0.494357,0.3259711,0.1,3,0,-0.6277344,1.021834,0.3725185,-0.7784743,0.4323261,0.3847641,False,2,1,1
6/26/2025 6:58:39 PM,1750957119132,Left,-0.7524718,0.4845295,0.3208944,-0.1840164,0.5617412,0.1276202,-0.7250381,0.4945685,0.3265034,0.1,3,0,-0.6357239,1.016788,0.3769784,-0.7857572,0.4268412,0.3870319,False,2,1,1
6/26/2025 6:58:39 PM,1750957119160,Left,-0.7524718,0.4845295,0.3208944,-0.2035306,0.5625805,0.1501212,-0.7248336,0.4949207,0.3272699,0.1,3,0,-0.6512932,1.005527,0.3862755,-0.8001432,0.4156738,0.3924444,False,2,1,1
6/26/2025 6:58:39 PM,1750957119174,Left,-0.7524718,0.4845295,0.3208944,-0.2142362,0.5626617,0.1618185,-0.7234662,0.4955339,0.3270695,0.1,3,0,-0.6590174,0.9991548,0.3913238,-0.8086017,0.409924,0.3962077,False,2,1,1
6/26/2025 6:58:39 PM,1750957119188,Left,-0.7524718,0.4845295,0.3208944,-0.2260994,0.5619672,0.1740408,-0.7245341,0.4946211,0.3279397,0.1,3,0,-0.6664953,0.9925573,0.3963228,-0.8176702,0.4030621,0.4002723,False,2,1,1
6/26/2025 6:58:39 PM,1750957119216,Left,-0.7524718,0.4845295,0.3208944,-0.2513868,0.5623766,0.1981747,-0.7249706,0.4942063,0.3286031,0.1,3,0,-0.681356,0.9789732,0.4059566,-0.8315944,0.3898167,0.4076742,False,2,1,1
6/26/2025 6:58:39 PM,1750957119230,Left,-0.7524718,0.4845295,0.3208944,-0.2647844,0.5631927,0.2107447,-0.7252344,0.4941604,0.3290007,0.1,3,0,-0.6890759,0.9720341,0.4112884,-0.838259,0.3829846,0.4114159,False,2,1,1
6/26/2025 6:58:39 PM,1750957119258,Left,-0.7524718,0.4845295,0.3208944,-0.2952504,0.5642774,0.2317011,-0.7256696,0.4937373,0.3296506,0.1,3,0,-0.7052469,0.9572425,0.4237241,-0.8527985,0.3694112,0.4210167,False,2,1,1
6/26/2025 6:58:39 PM,1750957119271,Left,-0.7524718,0.4845295,0.3208944,-0.3130091,0.5655406,0.2397052,-0.7258598,0.4934684,0.330104,0.1,3,0,-0.7136289,0.9495211,0.4307542,-0.8601054,0.362248,0.4259978,False,2,1,1
6/26/2025 6:58:39 PM,1750957119298,Left,-0.7524718,0.4845295,0.3208944,-0.3476724,0.5653865,0.2546143,-0.7267656,0.4927224,0.3313123,0.1,3,0,-0.729315,0.9327032,0.4444131,-0.8723735,0.3470092,0.4352939,False,2,1,1
6/26/2025 6:58:39 PM,1750957119313,Left,-0.7524718,0.4845295,0.3208944,-0.3660343,0.5646364,0.2606148,-0.7263703,0.4931186,0.3312286,0.1,3,0,-0.7367991,0.9236939,0.4502748,-0.8789982,0.3392652,0.4399696,False,2,1,1
6/26/2025 6:58:39 PM,1750957119341,Left,-0.7524718,0.4845295,0.3208944,-0.4011528,0.5615626,0.2708026,-0.7272528,0.4918202,0.3318914,0.1,3,0,-0.7519299,0.9040349,0.4600949,-0.8929554,0.3204754,0.4486814,False,2,1,1
6/26/2025 6:58:39 PM,1750957119355,Left,-0.7524718,0.4845295,0.3208944,-0.4183102,0.5587765,0.274969,-0.7277426,0.4912571,0.3320622,0.1,3,0,-0.7594804,0.893267,0.4649477,-0.8986307,0.310992,0.4528292,False,2,1,1
6/26/2025 6:58:39 PM,1750957119368,Left,-0.7524718,0.4845295,0.3208944,-0.435468,0.5564159,0.2788645,-0.7286568,0.4906613,0.3324475,0.1,3,0,-0.7673644,0.8830646,0.4701111,-0.9028411,0.3021255,0.4563654,False,2,1,1
6/26/2025 6:58:39 PM,1750957119396,Left,-0.7524718,0.4845295,0.3208944,-0.4656072,0.5497804,0.2836998,-0.7296454,0.4901674,0.3329316,0.1,3,0,-0.7837297,0.86435,0.4805143,-0.9152691,0.2846176,0.4649179,False,2,1,1
6/26/2025 6:58:39 PM,1750957119410,Left,-0.7524718,0.4845295,0.3208944,-0.4798107,0.5463262,0.2862111,-0.7301412,0.4896692,0.3333519,0.1,3,0,-0.791805,0.8554913,0.4869536,-0.9214139,0.2769033,0.4697064,False,2,1,1
6/26/2025 6:58:39 PM,1750957119437,Left,-0.7524718,0.4845295,0.3208944,-0.505084,0.5390445,0.2886961,-0.7312511,0.4882266,0.3340664,0.1,3,0,-0.8065407,0.836653,0.4983324,-0.9318038,0.2614498,0.4783821,False,2,1,1
6/26/2025 6:58:39 PM,1750957119452,Left,-0.7524718,0.4845295,0.3208944,-0.5176443,0.535412,0.2901678,-0.7315429,0.4878244,0.3340846,0.1,3,0,-0.8123902,0.8274237,0.5020788,-0.9364517,0.2531553,0.4820079,False,2,1,1
6/26/2025 6:58:39 PM,1750957119480,Left,-0.7524718,0.4845295,0.3208944,-0.5389976,0.5250499,0.2905497,-0.7318353,0.4879438,0.3340084,0.1,3,0,-0.8242189,0.8096522,0.508947,-0.9461365,0.2360124,0.4885342,False,3,1,1
6/26/2025 6:58:39 PM,1750957119493,Left,-0.7524718,0.4845295,0.3208944,-0.5493543,0.5194803,0.2903005,-0.7330782,0.4874989,0.3341893,0.1,3,0,-0.8304194,0.8017173,0.5123191,-0.9481217,0.2280139,0.4916737,False,3,1,1
6/26/2025 6:58:39 PM,1750957119507,Left,-0.7524718,0.4845295,0.3208944,-0.5583082,0.5131531,0.2891398,-0.7337083,0.4874181,0.3343326,0.1,3,0,-0.8366057,0.7934004,0.5160371,-0.9518935,0.2200831,0.494837,False,3,1,1
6/26/2025 6:58:39 PM,1750957119535,Left,-0.7524718,0.4845295,0.3208944,-0.5751791,0.5020863,0.2885103,-0.7348015,0.4877805,0.3348269,0.1,3,0,-0.8484319,0.7781281,0.523779,-0.959347,0.2039652,0.5006013,False,3,1,1
6/26/2025 6:58:39 PM,1750957119549,Left,-0.7524718,0.4845295,0.3208944,-0.5816739,0.4965324,0.2874914,-0.7353706,0.4881546,0.3350552,0.1,3,0,-0.8542062,0.7710741,0.5271132,-0.9628448,0.1960383,0.5030224,False,3,1,1
6/26/2025 6:58:39 PM,1750957119577,Left,-0.7524718,0.4845295,0.3208944,-0.5937819,0.485832,0.2859839,-0.736204,0.4887238,0.3352339,0.1,3,0,-0.8644382,0.7573363,0.5322034,-0.9697428,0.1809723,0.5073979,False,3,1,1
6/26/2025 6:58:39 PM,1750957119591,Left,-0.7524718,0.4845295,0.3208944,-0.5996,0.4794137,0.2846086,-0.7364913,0.4888151,0.3353709,0.1,3,0,-0.8691822,0.7508176,0.5343449,-0.9733243,0.174199,0.5090563,False,3,1,1
6/26/2025 6:58:39 PM,1750957119618,Left,-0.7524718,0.4845295,0.3208944,-0.6084851,0.4692895,0.2816049,-0.7370489,0.4886875,0.3354736,0.1,3,0,-0.8777725,0.7382331,0.5378522,-0.9797685,0.1618965,0.5120669,False,3,1,1
6/26/2025 6:58:39 PM,1750957119632,Left,-0.7524718,0.4845295,0.3208944,-0.612934,0.4642483,0.2802386,-0.7373436,0.4887022,0.3355076,0.1,3,0,-0.8819138,0.7326937,0.539368,-0.9826892,0.1562585,0.5134173,False,3,1,1
6/26/2025 6:58:39 PM,1750957119660,Left,-0.7524718,0.4845295,0.3208944,-0.6208114,0.454622,0.2782288,-0.7383389,0.4885844,0.3357249,0.1,3,0,-0.8907684,0.721727,0.5422413,-0.9874933,0.145599,0.515637,False,3,1,1
6/26/2025 6:58:39 PM,1750957119674,Left,-0.7524718,0.4845295,0.3208944,-0.6244971,0.4498321,0.2774673,-0.7389504,0.488656,0.3358564,0.1,3,0,-0.8949775,0.7167802,0.5437225,-0.9892967,0.1405746,0.5164271,False,3,1,1
6/26/2025 6:58:39 PM,1750957119688,Left,-0.7524718,0.4845295,0.3208944,-0.6275802,0.4452807,0.2765404,-0.7395772,0.4888534,0.3359986,0.1,3,0,-0.8988284,0.712212,0.5451421,-0.9906405,0.1355457,0.5172776,False,3,1,1
6/26/2025 6:58:39 PM,1750957119715,Left,-0.7524718,0.4845295,0.3208944,-0.6337362,0.4351858,0.2761831,-0.740656,0.4890371,0.336078,0.1,3,0,-0.9050201,0.7036331,0.5468369,-0.9926624,0.126362,0.518684,False,3,1,1
6/26/2025 6:58:39 PM,1750957119729,Left,-0.7524718,0.4845295,0.3208944,-0.6366799,0.4291086,0.2755077,-0.7412494,0.4891139,0.3362225,0.1,3,0,-0.9081312,0.6996706,0.5474573,-0.993376,0.1221478,0.5188578,False,3,1,1
6/26/2025 6:58:39 PM,1750957119758,Left,-0.7524718,0.4845295,0.3208944,-0.6409284,0.4195174,0.2718694,-0.7422989,0.4887943,0.336624,0.1,3,0,-0.9141546,0.6922574,0.5490625,-0.9951748,0.1156273,0.5187334,False,3,1,1
6/26/2025 6:58:39 PM,1750957119772,Left,-0.9937308,0.1371773,0.4574433,-0.6427478,0.4149229,0.2712321,-0.7427052,0.48882,0.3368299,0.1,3,0,-0.9168271,0.6887145,0.5496696,-0.9961272,0.112126,0.5184802,False,3,1,1
6/26/2025 6:58:39 PM,1750957119798,Left,-0.994918,0.1321194,0.4568634,-0.6468308,0.4058998,0.2720709,-0.9857792,0.136721,0.4732131,0.1,3,0,-0.9209524,0.6823938,0.5505413,-0.997753,0.10538,0.5177985,False,3,1,1
6/26/2025 6:58:39 PM,1750957119812,Left,-0.9955331,0.1290748,0.4563186,-0.6484756,0.4013696,0.2746572,-0.9867626,0.1338792,0.4729327,0.1,3,0,-0.9231111,0.679629,0.5508381,-0.9984651,0.102172,0.5171264,False,3,1,1
6/26/2025 6:58:39 PM,1750957119841,Left,-0.9970245,0.1237771,0.4552424,-0.6509234,0.3944408,0.2738446,-0.9889808,0.1286979,0.4723702,0.1,3,0,-0.9278377,0.6750301,0.5517634,-1.000052,0.09737724,0.5159341,False,3,1,1
6/26/2025 6:58:39 PM,1750957119854,Left,-0.9973568,0.1214383,0.4546826,-0.6519296,0.3914366,0.2737473,-0.9898664,0.1263443,0.4721547,0.1,3,0,-0.9300731,0.6728956,0.5523744,-1.000853,0.09506507,0.5155202,False,3,1,1
6/26/2025 6:58:39 PM,1750957119868,Left,-0.9969975,0.1187105,0.454062,-0.6529528,0.3885288,0.273219,-0.9896611,0.1234969,0.471716,0.1,3,0,-0.931971,0.6709322,0.5530666,-1.001527,0.09351297,0.5151467,False,3,1,1
6/26/2025 6:58:39 PM,1750957119896,Left,-0.9966862,0.1150921,0.4526328,-0.6573159,0.3848425,0.2697789,-0.9900144,0.119384,0.4706885,0.1,3,0,-0.9353408,0.6669297,0.5539412,-1.001845,0.090106,0.5144382,False,3,1,1
6/26/2025 6:58:39 PM,1750957119910,Left,-0.9969486,0.1134355,0.4520181,-0.6591755,0.3827824,0.2688049,-0.9904234,0.1178511,0.4701048,0.1,3,0,-0.9367377,0.6649417,0.5543158,-1.003075,0.08837578,0.5147104,False,3,1,1
6/26/2025 6:58:39 PM,1750957119938,Left,-0.9979759,0.1115867,0.4516023,-0.6599401,0.3789326,0.2691738,-0.9921575,0.1154745,0.4697485,0.1,3,0,-0.9385065,0.6616445,0.5550131,-1.002564,0.0858728,0.5149181,False,3,1,1
6/26/2025 6:58:39 PM,1750957119952,Left,-0.9982006,0.1105337,0.4514585,-0.660485,0.3771576,0.2691313,-0.9922696,0.1142305,0.4697338,0.1,3,0,-0.9392329,0.6598976,0.5554498,-1.003135,0.0849027,0.5149746,False,3,1,1
6/26/2025 6:58:39 PM,1750957119979,Left,-0.9986315,0.1077891,0.4509676,-0.6613339,0.3738226,0.2688948,-0.9927362,0.1109818,0.4693833,0.1,3,0,-0.9405583,0.6565805,0.5562447,-1.00436,0.08270401,0.5152439,False,3,1,1
6/26/2025 6:58:39 PM,1750957119993,Left,-0.9985564,0.1066895,0.4506067,-0.6616895,0.3724409,0.2689634,-0.9922702,0.1101938,0.468957,0.1,3,0,-0.9410177,0.6551159,0.5565152,-1.005839,0.0809705,0.5156173,False,3,1,1
6/26/2025 6:58:40 PM,1750957120021,Left,-0.998096,0.1042469,0.4494529,-0.6619895,0.3693856,0.2693626,-0.9922127,0.1072838,0.4679541,0.1,3,0,-0.9421331,0.6527357,0.5567244,-1.006312,0.07903881,0.5154411,False,3,1,1
6/26/2025 6:58:40 PM,1750957120035,Left,-0.998018,0.1030866,0.4488625,-0.6621108,0.3678995,0.2697225,-0.9921694,0.1060596,0.467521,0.1,3,0,-0.9427482,0.6516791,0.5570221,-1.006413,0.07833844,0.5150836,False,3,1,1
6/26/2025 6:58:40 PM,1750957120049,Left,-0.9979491,0.1021015,0.4483536,-0.6623425,0.3665396,0.2699957,-0.992216,0.1049569,0.4672092,0.1,3,0,-0.9433717,0.6505333,0.5576311,-1.006567,0.07745802,0.5149021,False,3,1,1
6/26/2025 6:58:40 PM,1750957120077,Left,-0.9981011,0.09841246,0.4467565,-0.6623726,0.3639875,0.2707492,-0.9924712,0.1015067,0.4656833,0.1,3,0,-0.9436492,0.6480974,0.5580457,-1.006451,0.07459518,0.5152574,False,3,1,1
6/26/2025 6:58:40 PM,1750957120091,Left,-0.9978851,0.09657209,0.4456798,-0.6623385,0.3625979,0.2709701,-0.9922896,0.09957435,0.4647644,0.1,3,0,-0.9437259,0.6469542,0.557938,-1.006371,0.07365859,0.5144068,False,3,1,1
6/26/2025 6:58:40 PM,1750957120118,Left,-0.9975531,0.09288226,0.4430719,-0.6624441,0.3599639,0.2718445,-0.9919827,0.09584998,0.4626663,0.1,3,0,-0.9443079,0.645076,0.5581216,-1.006848,0.07186561,0.5126322,False,3,1,1
6/26/2025 6:58:40 PM,1750957120132,Left,-0.9971042,0.09132878,0.4417406,-0.6624904,0.3586853,0.2719461,-0.9916059,0.09423039,0.4616089,0.1,3,0,-0.9445983,0.6441225,0.5584568,-1.006912,0.07104593,0.5118948,False,3,1,1
6/26/2025 6:58:40 PM,1750957120160,Left,-0.9964214,0.0892219,0.4395715,-0.6627958,0.356807,0.2730792,-0.991124,0.09181752,0.459879,0.1,3,0,-0.9451491,0.6422966,0.5590166,-1.006585,0.06982189,0.5106742,False,3,1,1
6/26/2025 6:58:40 PM,1750957120174,Left,-0.9958448,0.08864741,0.4388418,-0.6627833,0.3557209,0.2739283,-0.9906753,0.09108149,0.459254,0.1,3,0,-0.9453162,0.6414543,0.5588021,-1.006366,0.06934983,0.5099803,False,3,1,1
6/26/2025 6:58:40 PM,1750957120188,Left,-0.9957877,0.08784896,0.4381998,-0.6627645,0.3547404,0.2743317,-0.9906645,0.089797,0.4584964,0.1,3,0,-0.9454645,0.6405156,0.5585369,-1.006145,0.06897497,0.5094218,False,3,1,1
6/26/2025 6:58:40 PM,1750957120215,Left,-0.9957502,0.08707915,0.4377135,-0.6628972,0.3527947,0.2754908,-0.9907078,0.08870219,0.4581363,0.1,3,0,-0.9460286,0.6385337,0.5580637,-1.006392,0.0682364,0.509002,False,3,1,1
6/26/2025 6:58:40 PM,1750957120229,Left,-0.995416,0.08747376,0.4377697,-0.6627498,0.3518386,0.2761538,-0.9908155,0.08829094,0.4580508,0.1,3,0,-0.9462675,0.6375186,0.5577613,-1.006423,0.06790175,0.5089054,False,3,1,1
6/26/2025 6:58:40 PM,1750957120257,Left,-0.9952284,0.08771951,0.4379956,-0.6626301,0.3500369,0.2771986,-0.9903519,0.08847051,0.4581927,0.1,3,0,-0.9465822,0.6357834,0.557007,-1.006383,0.06740823,0.5087607,False,3,1,1
6/26/2025 6:58:40 PM,1750957120271,Left,-0.9953674,0.0873772,0.4381008,-0.6625013,0.3491209,0.2778918,-0.9904864,0.08803165,0.4582776,0.1,3,0,-0.9467775,0.6348122,0.5567542,-1.006377,0.06713423,0.5086883,False,3,1,1
6/26/2025 6:58:40 PM,1750957120299,Left,-0.995694,0.08641972,0.438015,-0.6623508,0.3478448,0.2783436,-0.9908389,0.08637913,0.4580094,0.1,3,0,-0.9467398,0.6329713,0.5559485,-1.006367,0.06655183,0.5085325,False,3,1,1
6/26/2025 6:58:40 PM,1750957120313,Left,-0.9954858,0.0860851,0.4377866,-0.6623561,0.3471587,0.2786835,-0.9907475,0.08576245,0.4578809,0.1,3,0,-0.9468502,0.6323787,0.5558062,-1.006398,0.0665255,0.5082744,False,3,1,1
6/26/2025 6:58:40 PM,1750957120340,Left,-0.9954652,0.08535964,0.4373322,-0.6618845,0.3456611,0.2791419,-0.9907377,0.08477906,0.4573598,0.1,3,0,-0.9473873,0.6315641,0.5556734,-1.006509,0.06631444,0.5081674,False,3,1,1
6/26/2025 6:58:40 PM,1750957120354,Left,-0.9956319,0.08473536,0.4369245,-0.6618695,0.3452308,0.2789939,-0.990828,0.08414512,0.4570151,0.1,3,0,-0.9474581,0.6311947,0.5556846,-1.006499,0.06623755,0.5081737,False,3,1,1
6/26/2025 6:58:40 PM,1750957120368,Left,-0.9958132,0.08415347,0.4364972,-0.6616247,0.3447117,0.2788003,-0.9910723,0.08339244,0.4565183,0.1,3,0,-0.947347,0.6308216,0.5556033,-1.006486,0.06613314,0.5081601,False,3,1,1
6/26/2025 6:58:40 PM,1750957120396,Left,-0.9964666,0.08317454,0.4350643,-0.6611749,0.3439068,0.2784256,-0.9917278,0.08200142,0.4551853,0.1,3,0,-0.9474908,0.6297264,0.5555428,-1.006521,0.06583328,0.5081284,False,3,1,1
6/26/2025 6:58:40 PM,1750957120410,Left,-0.9966382,0.08283146,0.4344267,-0.6608841,0.3435031,0.2782109,-0.9919475,0.08157903,0.4544558,0.1,3,0,-0.9476413,0.6293164,0.5554761,-1.006561,0.06570762,0.5081121,False,3,1,1
6/26/2025 6:58:40 PM,1750957120437,Left,-0.9968305,0.08258575,0.4335862,-0.6600375,0.3426754,0.2775298,-0.9921138,0.08111449,0.4535837,0.1,3,0,-0.9474598,0.6286198,0.5554329,-1.006526,0.06549825,0.5081139,False,3,1,1
6/26/2025 6:58:40 PM,1750957120451,Left,-0.997234,0.08300415,0.4337818,-0.6598496,0.3424999,0.2769077,-0.9924822,0.08143584,0.4537721,0.1,3,0,-0.9473282,0.6283511,0.5554863,-1.006505,0.06540823,0.5081375,False,3,1,1
6/26/2025 6:58:40 PM,1750957120479,Left,-0.9977125,0.08344099,0.4342106,-0.6595179,0.3424161,0.275627,-0.9930823,0.08172192,0.4541943,0.1,3,0,-0.9479424,0.6278481,0.5555266,-1.006616,0.06526475,0.5081227,False,3,1,1
6/26/2025 6:58:40 PM,1750957120493,Left,-0.9979711,0.08363838,0.4343435,-0.6593326,0.3425161,0.2748687,-0.9934291,0.08182386,0.4543641,0.1,3,0,-0.948393,0.6275817,0.5558189,-1.00671,0.06519125,0.5081676,False,3,1,1
6/26/2025 6:58:40 PM,1750957120507,Left,-0.9982157,0.08382425,0.4344706,-0.6594529,0.3426478,0.2740597,-0.9936632,0.08191843,0.4544866,0.1,3,0,-0.9483205,0.6272495,0.555709,-1.006702,0.06509174,0.5081646,False,3,1,1
6/26/2025 6:58:40 PM,1750957120534,Left,-0.9987151,0.08420078,0.4347341,-0.6591126,0.3422792,0.2734281,-0.9941844,0.08224051,0.4548064,0.1,3,0,-0.9484302,0.6270734,0.5560004,-1.006746,0.0650294,0.5082246,False,3,1,1
6/26/2025 6:58:40 PM,1750957120549,Left,-0.9989692,0.08439096,0.4348703,-0.6591205,0.3422222,0.2727772,-0.9944714,0.08232547,0.4550009,0.1,3,0,-0.9483339,0.6269363,0.5561018,-1.006523,0.06514805,0.5080957,False,3,1,1
6/26/2025 6:58:40 PM,1750957120577,Left,-0.9992675,0.08461294,0.435032,-0.6589985,0.3416315,0.271386,-0.9947647,0.08236782,0.4551423,0.1,3,0,-0.948234,0.6264686,0.5564007,-1.006479,0.06512997,0.5085117,False,3,1,1
6/26/2025 6:58:40 PM,1750957120591,Left,-0.9992675,0.08461294,0.435032,-0.6589763,0.3413523,0.2706147,-0.9947057,0.08228483,0.4550728,0.1,3,0,-0.9480664,0.6262141,0.5566403,-1.006591,0.06507762,0.5089859,False,3,1,1
6/26/2025 6:58:40 PM,1750957120618,Left,-0.9992675,0.08461294,0.435032,-0.6592935,0.341224,0.2696513,-0.9944215,0.0822375,0.4550717,0.1,3,0,-0.9471232,0.6259189,0.5575054,-1.006722,0.06489173,0.5098759,False,3,1,1
6/26/2025 6:58:40 PM,1750957120632,Left,-0.9992675,0.08461294,0.435032,-0.6593428,0.3408743,0.2696072,-0.9943538,0.08219047,0.4550872,0.1,3,0,-0.9468631,0.6256864,0.5577848,-1.006752,0.0648017,0.5101308,False,3,1,1
6/26/2025 6:58:40 PM,1750957120660,Left,-0.9992675,0.08461294,0.435032,-0.659521,0.3401448,0.2691655,-0.9941413,0.08194292,0.4550383,0.1,3,0,-0.9464337,0.6249121,0.5583508,-1.007172,0.06456494,0.5108776,False,3,1,1
6/26/2025 6:58:40 PM,1750957120674,Left,-0.9992675,0.08461294,0.435032,-0.6596306,0.3397533,0.2690995,-0.9940651,0.08176091,0.4549992,0.1,3,0,-0.94621,0.6243829,0.5583849,-1.00724,0.0644988,0.5110944,False,3,1,1
6/26/2025 6:58:40 PM,1750957120687,Left,-0.9992675,0.08461294,0.435032,-0.6596567,0.3394759,0.2690585,-0.993996,0.08156306,0.4549643,0.1,3,0,-0.9460324,0.623868,0.5584563,-1.007352,0.06440712,0.5112793,False,3,1,1
6/26/2025 6:58:40 PM,1750957120715,Left,-0.9992675,0.08461294,0.435032,-0.6597642,0.3390804,0.2690437,-0.9939169,0.0812014,0.4546603,0.1,3,0,-0.9456986,0.6226129,0.5578076,-1.007329,0.06399693,0.5119613,False,3,1,1
6/26/2025 6:58:40 PM,1750957120729,Left,-0.9992675,0.08461294,0.435032,-0.6597977,0.3388619,0.2690172,-0.9940104,0.08103204,0.4544256,0.1,3,0,-0.9456352,0.6220523,0.5573623,-1.006897,0.0638305,0.5123401,False,3,1,1
6/26/2025 6:58:40 PM,1750957120758,Left,-0.9992675,0.08461294,0.435032,-0.6601709,0.3386582,0.268618,-0.9943835,0.08066583,0.4538984,0.1,3,0,-0.9457814,0.6208312,0.5560434,-1.005551,0.06346386,0.5131301,False,3,1,1
6/26/2025 6:58:40 PM,1750957120771,Left,-0.9992675,0.08461294,0.435032,-0.6601892,0.338403,0.2682697,-0.9945537,0.0805668,0.453618,0.1,3,0,-0.9458758,0.6205366,0.5553123,-1.004964,0.06340037,0.5135207,False,3,1,1
6/26/2025 6:58:40 PM,1750957120799,Left,-0.9992675,0.08461294,0.435032,-0.6599618,0.3376657,0.2674278,-0.9944934,0.08058136,0.4531993,0.1,3,0,-0.9452904,0.6205874,0.5535531,-1.004654,0.06339562,0.5134162,False,3,1,1
6/26/2025 6:58:40 PM,1750957120813,Left,-0.9992675,0.08461294,0.435032,-0.6595145,0.3370028,0.2668253,-0.9942933,0.08075037,0.4530182,0.1,3,0,-0.9445242,0.6209542,0.552953,-1.004655,0.06338964,0.5135604,False,3,1,1
6/26/2025 6:58:40 PM,1750957120841,Left,-0.9992675,0.08461294,0.435032,-0.6587136,0.3361802,0.2651931,-0.9939118,0.0811049,0.4527619,0.1,3,0,-0.9429432,0.6226059,0.5525893,-1.0046,0.06421405,0.514222,False,3,1,1
6/26/2025 6:58:40 PM,1750957120855,Left,-0.9992675,0.08461294,0.435032,-0.6581464,0.3356885,0.2642468,-0.993775,0.08132644,0.4526933,0.1,3,0,-0.942382,0.6239116,0.5528866,-1.004586,0.06500281,0.5147936,False,3,1,1
6/26/2025 6:58:40 PM,1750957120869,Left,-0.9992675,0.08461294,0.435032,-0.6574349,0.3352223,0.2637164,-0.9935723,0.08123083,0.4524894,0.1,3,0,-0.9416677,0.6255872,0.5532566,-1.00461,0.06662595,0.5158485,False,3,1,1
6/26/2025 6:58:40 PM,1750957120896,Left,-0.9992675,0.08461294,0.435032,-0.6568239,0.335516,0.2609775,-0.9928887,0.08158071,0.4520071,0.1,3,0,-0.9396633,0.629393,0.553738,-1.005412,0.06989101,0.5183898,False,3,1,1
6/26/2025 6:58:40 PM,1750957120910,Left,-0.9992675,0.08461294,0.435032,-0.6563713,0.3355761,0.2596039,-0.9926265,0.08178164,0.4518256,0.1,3,0,-0.9383332,0.631704,0.5540627,-1.005131,0.07173315,0.5194407,False,3,1,1
6/26/2025 6:58:40 PM,1750957120938,Left,-0.9992675,0.08461294,0.435032,-0.65588,0.3369342,0.2565611,-0.9917595,0.08203542,0.4527023,0.1,3,0,-0.9355997,0.6375822,0.5553359,-1.005819,0.07675283,0.5171062,False,3,1,1
6/26/2025 6:58:40 PM,1750957120951,Left,-0.9992675,0.08461294,0.435032,-0.6551435,0.3374895,0.2557549,-0.9920854,0.08006893,0.4519885,0.1,3,0,-0.9344536,0.6411055,0.5560341,-1.005091,0.08006116,0.518214,False,3,1,1
6/26/2025 6:58:40 PM,1750957120980,Left,-0.9992675,0.08461294,0.435032,-0.65431,0.3393321,0.2536739,-0.9922643,0.07465526,0.4503185,0.1,3,0,-0.9320115,0.6500614,0.5584743,-1.003651,0.08975412,0.5214652,False,3,1,1
6/26/2025 6:58:40 PM,1750957120993,Left,-0.9992675,0.08461294,0.435032,-0.654118,0.3407526,0.2523994,-0.9930628,0.07173013,0.4498032,0.1,3,0,-0.9301039,0.6549962,0.5601,-1.002355,0.09586159,0.5233116,False,3,1,1
6/26/2025 6:58:41 PM,1750957121007,Left,-0.9992675,0.08461294,0.435032,-0.6539978,0.3428914,0.2509268,-0.993273,0.07066954,0.4495936,0.1,3,0,-0.927708,0.6604404,0.5619568,-1.000599,0.1031151,0.5255246,False,3,1,1
6/26/2025 6:58:41 PM,1750957121035,Left,-0.9992675,0.08461294,0.435032,-0.6531666,0.3453261,0.247649,-0.9927391,0.07123938,0.4495342,0.1,3,0,-0.9212602,0.6724879,0.5654992,-0.9959934,0.1193466,0.5309398,False,3,1,1
6/26/2025 6:58:41 PM,1750957121049,Left,-0.9992675,0.08461294,0.435032,-0.6531695,0.3477299,0.2458656,-0.9917932,0.07307547,0.4502068,0.1,3,0,-0.9169248,0.6788976,0.5673996,-0.9927232,0.1288704,0.5341165,False,3,1,1
6/26/2025 6:58:41 PM,1750957121076,Left,-0.9943911,0.174767,0.472262,-0.6527343,0.3488119,0.2428008,-0.9846041,0.1656415,0.4883921,0.1,3,0,-0.9055966,0.692947,0.5715133,-0.985433,0.1475781,0.5396132,False,3,1,1
6/26/2025 6:58:41 PM,1750957121091,Left,-0.99302,0.1825361,0.4740839,-0.6523758,0.3511133,0.2414404,-0.9825467,0.1725977,0.4899836,0.1,3,0,-0.8997928,0.7001557,0.5732274,-0.9822505,0.1559888,0.5420037,False,3,1,1
6/26/2025 6:58:41 PM,1750957121118,Left,-0.9890394,0.2018948,0.4792111,-0.6520617,0.356763,0.2414616,-0.9773363,0.1908541,0.4942726,0.1,3,0,-0.8884999,0.7156985,0.5747668,-0.9760544,0.1733439,0.5465767,False,3,1,1
6/26/2025 6:58:41 PM,1750957121132,Left,-0.9875624,0.2096608,0.4813345,-0.6521883,0.3593331,0.2395941,-0.9754645,0.1984129,0.496035,0.1,3,0,-0.883046,0.7239414,0.57565,-0.9720607,0.1824358,0.5488808,False,3,1,1
6/26/2025 6:58:41 PM,1750957121160,Left,-0.9810311,0.225755,0.4861715,-0.6509078,0.3657933,0.2393591,-0.9679951,0.2145438,0.5002183,0.1,3,0,-0.8717583,0.7409257,0.5769324,-0.9650462,0.1992285,0.5526516,False,3,1,1
6/26/2025 6:58:41 PM,1750957121174,Left,-0.9789934,0.2325613,0.4879111,-0.6496938,0.3679241,0.2387422,-0.9654018,0.2217261,0.5017302,0.1,3,0,-0.8663663,0.7490343,0.5777378,-0.9615893,0.2066841,0.554558,False,3,1,1
6/26/2025 6:58:41 PM,1750957121188,Left,-0.9767452,0.2393758,0.4895307,-0.6489881,0.3695005,0.2383986,-0.9626334,0.2290787,0.503135,0.1,3,0,-0.8613809,0.7572168,0.57813,-0.9583029,0.2139695,0.5559713,False,3,1,1
6/26/2025 6:58:41 PM,1750957121216,Left,-0.9725537,0.2522618,0.4922057,-0.6474381,0.3753844,0.2387396,-0.9587873,0.2432334,0.505406,0.1,3,0,-0.8551401,0.7742158,0.5784453,-0.9507175,0.2277122,0.5578204,False,3,1,1
6/26/2025 6:58:41 PM,1750957121230,Left,-0.9703265,0.2581957,0.4930321,-0.6466492,0.3792765,0.2392218,-0.956637,0.2503546,0.5063055,0.1,3,0,-0.8523287,0.7826161,0.5793685,-0.9475577,0.2342508,0.5588132,False,3,1,1
6/26/2025 6:58:41 PM,1750957121257,Left,-0.9660932,0.2697845,0.4941524,-0.6452391,0.3879768,0.2409561,-0.9524196,0.2632896,0.5075248,0.1,3,0,-0.8465322,0.7995242,0.5805806,-0.9419711,0.2472844,0.5595084,False,3,1,1
6/26/2025 6:58:41 PM,1750957121271,Left,-0.9633577,0.2756965,0.4943292,-0.6441936,0.3926346,0.241817,-0.9499403,0.2701468,0.5080873,0.1,3,0,-0.8431338,0.8080403,0.5811473,-0.938808,0.2536759,0.5596076,False,3,1,1
6/26/2025 6:58:41 PM,1750957121299,Left,-0.9588019,0.2870283,0.4943838,-0.6419915,0.4022719,0.2436516,-0.9451401,0.2835613,0.5078765,0.1,3,0,-0.8357579,0.825637,0.5821517,-0.9314975,0.2662218,0.5608559,False,3,1,1
6/26/2025 6:58:41 PM,1750957121312,Left,-0.9560143,0.2925164,0.4941268,-0.6405027,0.4063197,0.2440811,-0.9422579,0.290179,0.5077215,0.1,3,0,-0.8315347,0.8347377,0.5829462,-0.9276279,0.2727043,0.5611404,False,3,1,1
6/26/2025 6:58:41 PM,1750957121341,Left,-0.9492844,0.3034674,0.4934411,-0.6378045,0.4175375,0.2442559,-0.9348302,0.3039435,0.5071971,0.1,3,0,-0.8223773,0.8533267,0.5842936,-0.9215854,0.2848165,0.5619884,False,3,1,1
6/26/2025 6:58:41 PM,1750957121354,Left,-0.9455423,0.3091794,0.4926068,-0.6363044,0.424026,0.2435466,-0.9308531,0.3109823,0.5066823,0.1,3,0,-0.8174108,0.8628456,0.5848629,-0.9172865,0.2912277,0.5612795,False,3,1,1
6/26/2025 6:58:41 PM,1750957121368,Left,-0.9422764,0.314752,0.4922061,-0.6346403,0.4283836,0.2423474,-0.9273775,0.3179725,0.506624,0.1,3,0,-0.8124011,0.8723639,0.5854682,-0.9132921,0.2973741,0.5604596,False,3,1,1
6/26/2025 6:58:41 PM,1750957121396,Left,-0.9341027,0.3269067,0.4913495,-0.6310424,0.4367598,0.2396618,-0.9192092,0.3337634,0.506879,0.1,3,0,-0.8020409,0.8913691,0.586908,-0.9038308,0.3103235,0.559366,False,3,1,1
6/26/2025 6:58:41 PM,1750957121410,Left,-0.9301624,0.3331393,0.491419,-0.6290478,0.4411738,0.2383013,-0.9148368,0.3402506,0.506678,0.1,3,0,-0.7967064,0.9009539,0.5873821,-0.8992213,0.3169175,0.5589715,False,3,1,1
6/26/2025 6:58:41 PM,1750957121437,Left,-0.9232785,0.3438762,0.4921056,-0.6237143,0.4511172,0.23448,-0.9075398,0.3535042,0.5079405,0.1,3,0,-0.7853837,0.9200147,0.5884881,-0.8894538,0.3301734,0.5576111,False,3,1,1
6/26/2025 6:58:41 PM,1750957121452,Left,-0.9197276,0.3493352,0.4924128,-0.6202666,0.4565164,0.2326288,-0.9038172,0.3602165,0.5084829,0.1,3,0,-0.7792486,0.9295658,0.5889038,-0.8840545,0.3367712,0.5571073,False,3,1,1
6/26/2025 6:58:41 PM,1750957121479,Left,-0.9126224,0.3599642,0.4927278,-0.6121706,0.4671745,0.2283569,-0.8962747,0.3734734,0.5090311,0.1,3,0,-0.7662718,0.9483564,0.5890816,-0.8728684,0.3494236,0.5564034,False,3,1,1
6/26/2025 6:58:41 PM,1750957121493,Left,-0.9089119,0.365371,0.4927403,-0.607576,0.4732969,0.2259391,-0.8923874,0.3800264,0.5091814,0.1,3,0,-0.7591771,0.9577034,0.5891625,-0.8668516,0.3561422,0.5560916,False,3,1,1
6/26/2025 6:58:41 PM,1750957121507,Left,-0.9052684,0.3705917,0.4926549,-0.6023724,0.4796862,0.2241321,-0.888503,0.3865274,0.5090649,0.1,3,0,-0.7525108,0.9669504,0.5887417,-0.8606849,0.3625459,0.5561228,False,3,1,1
6/26/2025 6:58:41 PM,1750957121535,Left,-0.9008133,0.3768627,0.4924229,-0.5911552,0.4939689,0.2199867,-0.8834463,0.3951418,0.5085253,0.1,3,0,-0.7388899,0.9859665,0.5873852,-0.8485912,0.376738,0.5555278,False,3,1,1
6/26/2025 6:58:41 PM,1750957121549,Left,-0.8830294,0.3863344,0.4901876,-0.5844468,0.5018374,0.217011,-0.8658101,0.4054784,0.5061663,0.1,3,0,-0.7321113,0.9957147,0.5868645,-0.8413098,0.3843565,0.5554568,False,3,1,1
6/26/2025 6:58:41 PM,1750957121576,Left,-0.8690707,0.4008182,0.4942928,-0.5729564,0.5160142,0.2078396,-0.8521978,0.422051,0.5094027,0.1,3,0,-0.7191322,1.015377,0.584661,-0.8282526,0.3984302,0.556511,False,3,1,1
6/26/2025 6:58:41 PM,1750957121591,Left,-0.8629763,0.4076085,0.4958115,-0.5675405,0.5230497,0.2013049,-0.8467044,0.4293658,0.5104944,0.1,3,0,-0.7128383,1.025427,0.5832766,-0.8210536,0.4061507,0.5566794,False,3,1,1
6/26/2025 6:58:41 PM,1750957121618,Left,-0.8509527,0.4242338,0.5016187,-0.5575274,0.536531,0.1893528,-0.8343661,0.4481173,0.5155549,0.1,3,0,-0.7006011,1.047541,0.5804783,-0.8089101,0.4238728,0.5565438,False,3,1,1
6/26/2025 6:58:41 PM,1750957121632,Left,-0.8463338,0.4315774,0.5042708,-0.5530795,0.5433239,0.1833963,-0.8297064,0.4571769,0.5175139,0.1,3,0,-0.6946003,1.059374,0.5788907,-0.80254,0.4317419,0.5577693,False,3,1,1
6/26/2025 6:58:41 PM,1750957121660,Left,-0.8360147,0.4456802,0.509328,-0.5443168,0.5570307,0.1708934,-0.8196845,0.4741302,0.5211726,0.1,3,0,-0.6833454,1.082964,0.5753624,-0.7903433,0.4488447,0.5598433,False,3,1,1
6/26/2025 6:58:41 PM,1750957121674,Left,-0.8312522,0.4531717,0.5121879,-0.5396405,0.5638508,0.1654693,-0.8149566,0.4827555,0.5231469,0.1,3,0,-0.6783794,1.094942,0.572865,-0.7852552,0.458085,0.5607904,False,3,1,1
6/26/2025 6:58:41 PM,1750957121687,Left,-0.8262417,0.4614146,0.5148804,-0.5357054,0.5707398,0.1596676,-0.8100327,0.4917672,0.524564,0.1,3,0,-0.6739,1.106625,0.5702027,-0.7800936,0.4670528,0.5627079,False,3,1,1
6/26/2025 6:58:41 PM,1750957121715,Left,-0.8167276,0.4769378,0.5198466,-0.5285053,0.5837848,0.1489026,-0.8004545,0.5102776,0.5274046,0.1,3,0,-0.666186,1.129157,0.5643139,-0.7728699,0.4833176,0.5658276,False,3,1,1
6/26/2025 6:58:41 PM,1750957121729,Left,-0.8124703,0.485784,0.5227602,-0.524512,0.5899504,0.1431253,-0.7972654,0.517737,0.5304152,0.1,3,0,-0.6620778,1.140686,0.5613705,-0.7678374,0.4922872,0.5638112,False,3,1,1
6/26/2025 6:58:41 PM,1750957121757,Left,-0.8042367,0.5035229,0.5280169,-0.5174053,0.6008164,0.1316095,-0.78824,0.5396261,0.5318334,0.1,3,0,-0.6539606,1.16398,0.5551293,-0.759245,0.5118402,0.5717403,False,3,1,1
6/26/2025 6:58:41 PM,1750957121770,Left,-0.8003394,0.5128971,0.5309054,-0.5147715,0.6081815,0.1268723,-0.7843691,0.5495088,0.5329821,0.1,3,0,-0.6504848,1.175583,0.5513499,-0.7549096,0.5222135,0.5742005,False,3,1,1
6/26/2025 6:58:41 PM,1750957121799,Left,-0.7928077,0.5318432,0.5362271,-0.5102949,0.6206893,0.1173992,-0.7771853,0.5696989,0.5362049,0.1,3,0,-0.6437329,1.197896,0.5431964,-0.7472415,0.5416598,0.5752138,False,3,1,1
6/26/2025 6:58:41 PM,1750957121812,Left,-0.7889295,0.5424842,0.5389689,-0.5088246,0.6270604,0.1121861,-0.7737593,0.5791649,0.5379814,0.1,3,0,-0.6399754,1.209216,0.5394981,-0.7432921,0.551872,0.5748658,False,3,1,1
6/26/2025 6:58:41 PM,1750957121840,Left,-0.7818369,0.5629047,0.5444087,-0.5063811,0.6362911,0.1007466,-0.7666396,0.6018437,0.5408729,0.1,3,0,-0.6324792,1.231225,0.531671,-0.7343658,0.5723422,0.5777451,False,3,1,1
6/26/2025 6:58:41 PM,1750957121855,Left,-0.7780771,0.5742182,0.5466154,-0.5061418,0.6408786,0.09350794,-0.7630306,0.6126523,0.5414468,0.1,3,0,-0.6291862,1.242047,0.5271778,-0.730631,0.5833511,0.5790672,False,3,1,1
6/26/2025 6:58:41 PM,1750957121868,Left,-0.7743497,0.5851743,0.5492687,-0.5056418,0.6461294,0.08825503,-0.7594472,0.6236889,0.5429304,0.1,3,0,-0.6259623,1.253545,0.5231067,-0.7268777,0.5952486,0.580297,False,3,1,1
6/26/2025 6:58:41 PM,1750957121896,Left,-0.7673442,0.6068017,0.5552047,-0.5049015,0.6565608,0.07888983,-0.7527363,0.6453835,0.546383,0.1,3,0,-0.6190411,1.276673,0.5156788,-0.7192559,0.6184345,0.5826273,False,3,1,1
6/26/2025 6:58:41 PM,1750957121910,Left,-0.7634524,0.6183971,0.5578911,-0.5045632,0.6617183,0.07384489,-0.7489745,0.6566706,0.5478293,0.1,3,0,-0.6161839,1.287303,0.5117042,-0.715289,0.6297433,0.5837587,False,3,1,1
6/26/2025 6:58:41 PM,1750957121937,Left,-0.7551442,0.6417938,0.5629812,-0.5037795,0.6708592,0.06384621,-0.7415461,0.6794065,0.5503017,0.1,3,0,-0.611204,1.308911,0.5045722,-0.7076523,0.6525741,0.5862651,False,3,1,1
6/26/2025 6:58:41 PM,1750957121951,Left,-0.7512165,0.6536736,0.5653978,-0.5029468,0.6753197,0.05856014,-0.7376329,0.6911772,0.5515516,0.1,3,0,-0.6089605,1.319627,0.5007752,-0.7045538,0.6637987,0.5881075,False,3,1,1
6/26/2025 6:58:41 PM,1750957121979,Left,-0.7424077,0.6761987,0.5699146,-0.5002443,0.6833613,0.04909476,-0.7289592,0.712293,0.5529578,0.1,3,0,-0.602167,1.340343,0.4901623,-0.6976185,0.6874452,0.5896403,False,3,1,1
6/26/2025 6:58:41 PM,1750957121994,Left,-0.7377638,0.6881434,0.572331,-0.4987979,0.687799,0.04448458,-0.7246595,0.723931,0.5540113,0.1,3,0,-0.5986964,1.350646,0.4843239,-0.6924437,0.6989081,0.590265,False,3,1,1
6/26/2025 6:58:42 PM,1750957122007,Left,-0.7332689,0.6988523,0.5751045,-0.4970358,0.6920059,0.04029986,-0.7202531,0.7343744,0.5555195,0.1,3,0,-0.5945597,1.360589,0.4791505,-0.687933,0.709644,0.5895038,False,3,1,1
6/26/2025 6:58:42 PM,1750957122035,Left,-0.7238178,0.7209704,0.5806104,-0.4931982,0.7008095,0.03177412,-0.7114776,0.7554526,0.5577528,0.1,3,0,-0.5883887,1.379674,0.4673727,-0.6792325,0.7308098,0.5905344,False,3,1,1
6/26/2025 6:58:42 PM,1750957122048,Left,-0.7189698,0.7316371,0.5838091,-0.491027,0.7053717,0.02719891,-0.7072635,0.765488,0.5595156,0.1,3,0,-0.5865095,1.388104,0.4611732,-0.6744793,0.7412046,0.5903153,False,3,1,1
6/26/2025 6:58:42 PM,1750957122076,Left,-0.7083207,0.7539265,0.5909077,-0.4875347,0.7144015,0.01921354,-0.6974267,0.7853398,0.5642117,0.1,3,0,-0.5825976,1.404792,0.4479949,-0.6676366,0.7633551,0.5865389,False,3,1,1
6/26/2025 6:58:42 PM,1750957122091,Left,-0.7029123,0.7642885,0.5942832,-0.4859453,0.7193645,0.01494836,-0.6924147,0.7944297,0.5661709,0.1,3,0,-0.5801179,1.412668,0.4410775,-0.6637389,0.7741322,0.5852214,False,3,1,1
6/26/2025 6:58:42 PM,1750957122118,Left,-0.6910659,0.7848402,0.6009375,-0.4830313,0.7294762,0.007258547,-0.6812917,0.8121773,0.5697035,0.1,3,0,-0.5748591,1.427243,0.4260659,-0.6559131,0.795087,0.582612,False,3,1,1
6/26/2025 6:58:42 PM,1750957122132,Left,-0.6844701,0.7949746,0.6048396,-0.4816469,0.7345495,0.003732175,-0.6750259,0.820747,0.5718533,0.1,3,0,-0.5721923,1.43386,0.4177461,-0.6519087,0.8055106,0.5812691,False,3,1,1
6/26/2025 6:58:42 PM,1750957122160,Left,-0.670313,0.8160469,0.6129122,-0.4781518,0.7443702,-0.003828883,-0.6777505,0.8257681,0.55893,0.1,3,0,-0.5661905,1.449207,0.4032458,-0.6456371,0.80361,0.5936805,False,3,1,1
6/26/2025 6:58:42 PM,1750957122174,Left,-0.6628056,0.8266023,0.6180605,-0.4759909,0.7490423,-0.008190824,-0.6700497,0.8370866,0.563718,0.1,3,0,-0.5627792,1.456544,0.3964378,-0.6375863,0.8134823,0.599626,False,3,1,1
6/26/2025 6:58:42 PM,1750957122187,Left,-0.6546193,0.8369895,0.6218908,-0.4733215,0.7536024,-0.01297565,-0.6614813,0.8481734,0.5674691,0.1,3,0,-0.559605,1.462765,0.3883791,-0.6282924,0.8251578,0.6053865,False,3,1,1
6/26/2025 6:58:42 PM,1750957122215,Left,-0.6372645,0.8573592,0.630603,-0.4671237,0.7621694,-0.02256682,-0.6398243,0.8736998,0.5760913,0.1,3,0,-0.5533105,1.473835,0.3707448,-0.6076814,0.850057,0.6128251,False,3,1,1
6/26/2025 6:58:42 PM,1750957122229,Left,-0.6278728,0.867519,0.6351279,-0.4629061,0.7662837,-0.02828125,-0.62836,0.8864325,0.5790836,0.1,3,0,-0.5499145,1.478722,0.3623679,-0.596071,0.8632807,0.6161622,False,3,1,1
6/26/2025 6:58:42 PM,1750957122257,Left,-0.607626,0.8877777,0.6429738,-0.453653,0.7741035,-0.04020455,-0.6095675,0.9045294,0.5826591,0.1,3,0,-0.5427368,1.489551,0.3480059,-0.5775439,0.8825141,0.62075,False,3,1,1
6/26/2025 6:58:42 PM,1750957122271,Left,-0.5966495,0.8980976,0.6470014,-0.4482538,0.777756,-0.04685173,-0.6005393,0.9128882,0.5845919,0.1,3,0,-0.5391444,1.494381,0.3403869,-0.5685366,0.8914508,0.6223444,False,3,1,1
6/26/2025 6:58:42 PM,1750957122299,Left,-0.5749736,0.9180217,0.6542805,-0.4371473,0.7853417,-0.06019061,-0.581712,0.929672,0.5867625,0.1,3,0,-0.5321655,1.502063,0.3243319,-0.5481803,0.9069069,0.6261002,False,3,1,1
6/26/2025 6:58:42 PM,1750957122313,Left,-0.5637768,0.9279815,0.657816,-0.4314962,0.7892158,-0.06738514,-0.5720641,0.9378157,0.5879138,0.1,3,0,-0.5285372,1.506366,0.3165758,-0.5386845,0.9151802,0.6276978,False,3,1,1
6/26/2025 6:58:42 PM,1750957122340,Left,-0.5407375,0.9463557,0.6624874,-0.4197302,0.7970101,-0.08161871,-0.5518937,0.952845,0.5883893,0.1,3,0,-0.5209104,1.514531,0.3014815,-0.5192638,0.9315008,0.629822,False,3,1,1
6/26/2025 6:58:42 PM,1750957122354,Left,-0.5288551,0.9551135,0.6646284,-0.4136747,0.8002703,-0.08965919,-0.5417305,0.9599395,0.5886256,0.1,3,0,-0.5170927,1.518141,0.2936084,-0.5094314,0.9395743,0.6305933,False,3,1,1
6/26/2025 6:58:42 PM,1750957122369,Left,-0.5171225,0.9638143,0.6664319,-0.4085516,0.8034828,-0.0977427,-0.5314544,0.9666883,0.5883915,0.1,3,0,-0.5130428,1.521319,0.2857745,-0.4990468,0.9468901,0.6299754,False,3,1,1
6/26/2025 6:58:42 PM,1750957122396,Left,-0.4925488,0.9815077,0.6676408,-0.399219,0.8077351,-0.1164478,-0.5101756,0.980637,0.5861442,0.1,3,0,-0.504647,1.527567,0.2701833,-0.4783756,0.96131,0.6284053,False,3,1,1
6/26/2025 6:58:42 PM,1750957122410,Left,-0.4797139,0.9900312,0.6667435,-0.3940999,0.8097446,-0.1259523,-0.4990565,0.9877323,0.5837718,0.1,3,0,-0.5002085,1.531077,0.2617509,-0.4670455,0.968142,0.6262689,False,3,1,1
6/26/2025 6:58:42 PM,1750957122437,Left,-0.4557412,1.00515,0.662585,-0.3839295,0.8138061,-0.1442239,-0.4786712,1.000238,0.577732,0.1,3,0,-0.4916784,1.537919,0.2444693,-0.4453483,0.98158,0.6196687,False,3,1,1
6/26/2025 6:58:42 PM,1750957122451,Left,-0.443342,1.013909,0.6601483,-0.3787445,0.8160079,-0.1540398,-0.4682117,1.006901,0.5737521,0.1,3,0,-0.4874679,1.541212,0.2354113,-0.4343425,0.9885052,0.6154006,False,3,1,1
6/26/2025 6:58:42 PM,1750957122479,Left,-0.4196816,1.02838,0.6529123,-0.3676825,0.8191553,-0.1732964,-0.4466275,1.01894,0.5644143,0.1,3,0,-0.4791385,1.547423,0.2169768,-0.4149411,1.001783,0.6072015,False,3,1,1
6/26/2025 6:58:42 PM,1750957122493,Left,-0.4072309,1.035733,0.648229,-0.3620249,0.8208468,-0.1833965,-0.435758,1.024836,0.5582482,0.1,3,0,-0.4748225,1.55035,0.2077857,-0.4045559,1.007917,0.6015851,False,3,1,1
6/26/2025 6:58:42 PM,1750957122521,Left,-0.3846157,1.047877,0.6387896,-0.3518575,0.823927,-0.2031981,-0.4155319,1.035179,0.5471306,0.1,3,0,-0.466521,1.556064,0.1899773,-0.3848287,1.019153,0.5906015,False,3,1,1
6/26/2025 6:58:42 PM,1750957122535,Left,-0.3730913,1.05353,0.6334803,-0.3467179,0.8256577,-0.212667,-0.4057015,1.039243,0.5410137,0.1,3,0,-0.4623716,1.55855,0.1810678,-0.3750094,1.024461,0.5847207,False,3,1,1
6/26/2025 6:58:42 PM,1750957122549,Left,-0.3621752,1.058691,0.628015,-0.3416171,0.8271947,-0.2226855,-0.3961766,1.043424,0.5348467,0.1,3,0,-0.4583682,1.560606,0.1721952,-0.3652831,1.028884,0.5786788,False,3,1,1
6/26/2025 6:58:42 PM,1750957122577,Left,-0.3410353,1.068176,0.616763,-0.3315359,0.831142,-0.2406328,-0.3777655,1.050823,0.5223988,0.1,3,0,-0.4504105,1.563661,0.1548941,-0.3469709,1.036791,0.5663866,False,3,1,1
6/26/2025 6:58:42 PM,1750957122591,Left,-0.3309826,1.071697,0.6110808,-0.3258561,0.8327721,-0.25084,-0.3687775,1.053771,0.5161757,0.1,3,0,-0.4465276,1.565336,0.1468481,-0.3380798,1.039882,0.5603702,False,3,1,1
6/26/2025 6:58:42 PM,1750957122618,Left,-0.3112879,1.077734,0.5994612,-0.3152946,0.8369103,-0.2679678,-0.3514062,1.058987,0.5035421,0.1,3,0,-0.4396178,1.568726,0.1309645,-0.3219992,1.045415,0.5486776,False,3,1,1
6/26/2025 6:58:42 PM,1750957122633,Left,-0.3020723,1.079971,0.5933203,-0.3083264,0.8382271,-0.2776098,-0.3432501,1.060927,0.4971557,0.1,3,0,-0.4362233,1.570427,0.1238387,-0.3142029,1.047788,0.5423107,False,3,1,1
6/26/2025 6:58:42 PM,1750957122660,Left,-0.2844034,1.08359,0.581281,-0.2958964,0.8425869,-0.294666,-0.3275195,1.064314,0.4847267,0.1,3,0,-0.4288909,1.573833,0.1107823,-0.2989918,1.05194,0.5311089,False,3,1,1
6/26/2025 6:58:42 PM,1750957122673,Left,-0.27659,1.084348,0.5755033,-0.2874903,0.8444127,-0.3022162,-0.3204508,1.065223,0.4790505,0.1,3,0,-0.4249778,1.5753,0.1054422,-0.2918792,1.053153,0.525281,False,3,1,1
6/26/2025 6:58:42 PM,1750957122688,Left,-0.2684351,1.085448,0.5698873,-0.280394,0.8470261,-0.3096079,-0.3131662,1.066748,0.4734214,0.1,3,0,-0.4220344,1.577564,0.09993327,-0.284754,1.05453,0.5197464,False,3,1,1
6/26/2025 6:58:42 PM,1750957122715,Left,-0.2531562,1.087349,0.558373,-0.2648421,0.8522445,-0.3236836,-0.2998532,1.069277,0.4619181,0.1,3,0,-0.4162339,1.580817,0.08831275,-0.2715721,1.056261,0.5080957,False,3,1,1
6/26/2025 6:58:42 PM,1750957122730,Left,-0.2460781,1.088343,0.5524805,-0.2557098,0.8552142,-0.3300009,-0.2934727,1.070749,0.4562317,0.1,3,0,-0.4141824,1.582944,0.08297122,-0.2650461,1.05756,0.5021908,False,3,1,1
6/26/2025 6:58:42 PM,1750957122758,Left,-0.2321148,1.08948,0.5394918,-0.2387194,0.8626368,-0.3406351,-0.2816318,1.072616,0.4437769,0.1,3,0,-0.4088509,1.587209,0.07339466,-0.2527944,1.059957,0.4904088,False,3,1,1
6/26/2025 6:58:42 PM,1750957122771,Left,-0.22537,1.089367,0.5324684,-0.2300166,0.866728,-0.3451259,-0.2754216,1.073321,0.4371853,0.1,3,0,-0.4059471,1.589453,0.06900251,-0.2465124,1.061075,0.4842178,False,3,1,1
6/26/2025 6:58:42 PM,1750957122799,Left,-0.2128125,1.088331,0.5198934,-0.2141462,0.8736897,-0.3533613,-0.2647274,1.073578,0.4256576,0.1,3,0,-0.4014956,1.59282,0.06055033,-0.2359031,1.060738,0.4718732,False,3,1,1
6/26/2025 6:58:42 PM,1750957122812,Left,-0.2068356,1.087279,0.5141326,-0.2076598,0.8776241,-0.3562061,-0.2593956,1.073615,0.4200367,0.1,3,0,-0.399732,1.594243,0.05603826,-0.2307996,1.060249,0.4656487,False,3,1,1
6/26/2025 6:58:42 PM,1750957122840,Left,-0.195514,1.085279,0.5027887,-0.1946462,0.8845035,-0.3612115,-0.2495206,1.073243,0.4093329,0.1,3,0,-0.3953629,1.596816,0.0472399,-0.2209682,1.058458,0.4550229,False,3,1,1
6/26/2025 6:58:42 PM,1750957122854,Left,-0.1903327,1.08409,0.4972213,-0.1884975,0.8879548,-0.3627215,-0.2446378,1.073184,0.4041202,0.1,3,0,-0.3927678,1.598819,0.0437355,-0.2158244,1.058135,0.4495184,False,3,1,1
6/26/2025 6:58:42 PM,1750957122869,Left,-0.1852929,1.082918,0.4917122,-0.1823666,0.8912069,-0.3644356,-0.2403534,1.072396,0.3990465,0.1,3,0,-0.3904506,1.599558,0.03978336,-0.2115918,1.057972,0.4444317,False,3,1,1
6/26/2025 6:58:42 PM,1750957122896,Left,-0.1761266,1.08033,0.4813288,-0.1688944,0.8977083,-0.3665425,-0.2323855,1.071097,0.3887476,0.1,3,0,-0.387104,1.601387,0.03098404,-0.2034795,1.056923,0.4351859,False,3,1,1
6/26/2025 6:58:42 PM,1750957122910,Left,-0.1717003,1.079052,0.476484,-0.1624168,0.9009098,-0.367474,-0.2285205,1.070315,0.3839768,0.1,3,0,-0.3853528,1.601722,0.02633715,-0.1995316,1.055726,0.4302787,False,3,1,1
6/26/2025 6:58:42 PM,1750957122937,Left,-0.1629435,1.076486,0.4675208,-0.1488798,0.9077707,-0.3676644,-0.2204706,1.069485,0.3750119,0.1,3,0,-0.3809562,1.603595,0.01713514,-0.1923113,1.053752,0.4208342,False,3,1,1
6/26/2025 6:58:42 PM,1750957122952,Left,-0.1586197,1.075293,0.4629073,-0.1418296,0.9121333,-0.3669698,-0.216543,1.068869,0.3705696,0.1,3,0,-0.3784151,1.604505,0.01302528,-0.1880846,1.053098,0.4161329,False,3,1,1
6/26/2025 6:58:42 PM,1750957122980,Left,-0.150526,1.073287,0.4542355,-0.1291764,0.9158654,-0.366786,-0.2090273,1.067661,0.3616513,0.1,3,0,-0.3728085,1.605913,0.004210591,-0.1800396,1.052203,0.4074458,False,3,1,1
6/26/2025 6:58:42 PM,1750957122994,Left,-0.1464023,1.072396,0.4500751,-0.1232453,0.9169173,-0.3665905,-0.2052125,1.067301,0.357532,0.1,3,0,-0.3701192,1.606438,-0.001186848,-0.1763606,1.051859,0.403067,False,3,1,1
6/26/2025 6:58:43 PM,1750957123007,Left,-0.1422992,1.071926,0.4463388,-0.1171784,0.9170918,-0.3663037,-0.2013411,1.06714,0.3533034,0.1,3,0,-0.3675705,1.606711,-0.006903529,-0.1726481,1.051462,0.3989041,False,3,1,1
6/26/2025 6:58:43 PM,1750957123035,Left,-0.1340306,1.071428,0.438903,-0.103082,0.9174267,-0.3649156,-0.1938013,1.067078,0.3450853,0.1,3,0,-0.3626882,1.60756,-0.01828122,-0.1649341,1.051177,0.3905519,False,3,1,1
6/26/2025 6:58:43 PM,1750957123049,Left,-0.1298698,1.07162,0.4352135,-0.0960678,0.9168853,-0.3645843,-0.1900062,1.067222,0.3410631,0.1,3,0,-0.3600566,1.608019,-0.02386093,-0.1607847,1.051706,0.3862328,False,3,1,1
6/26/2025 6:58:43 PM,1750957123077,Left,-0.1216229,1.072405,0.4275369,-0.08268378,0.915436,-0.3641953,-0.1822302,1.068232,0.3325743,0.1,3,0,-0.3534647,1.610057,-0.03562438,-0.152416,1.053162,0.377849,False,3,1,1
6/26/2025 6:58:43 PM,1750957123091,Left,-0.1173349,1.072897,0.4234078,-0.07550925,0.9143067,-0.3637069,-0.1780088,1.06865,0.3277635,0.1,3,0,-0.3496182,1.611015,-0.04271019,-0.1482876,1.054253,0.3735379,False,3,1,1
6/26/2025 6:58:43 PM,1750957123118,Left,-0.10932,1.073116,0.4150218,-0.06012394,0.9122454,-0.3620993,-0.1700113,1.069252,0.3179158,0.1,3,0,-0.3413845,1.613727,-0.05829763,-0.1401575,1.05586,0.3641542,False,3,1,1
6/26/2025 6:58:43 PM,1750957123132,Left,-0.1054436,1.072973,0.4106524,-0.05170505,0.9121138,-0.3604614,-0.1660774,1.069808,0.3129437,0.1,3,0,-0.3366203,1.615759,-0.06721461,-0.1363527,1.056464,0.3587245,False,3,1,1
6/26/2025 6:58:43 PM,1750957123159,Left,-0.09816374,1.072105,0.401389,-0.03524359,0.912545,-0.3571605,-0.1575156,1.070403,0.3015363,0.1,3,0,-0.3232242,1.619568,-0.08561456,-0.1274903,1.057072,0.3475728,False,3,1,1
6/26/2025 6:58:43 PM,1750957123174,Left,-0.09486972,1.071273,0.3967992,-0.02645245,0.9135706,-0.3548866,-0.1534326,1.070343,0.2963437,0.1,3,0,-0.3155862,1.621754,-0.09369957,-0.1228795,1.057354,0.3414454,False,3,1,1
6/26/2025 6:58:43 PM,1750957123188,Left,-0.09169708,1.070407,0.3926069,-0.01710546,0.9143267,-0.3523594,-0.1492403,1.070286,0.2915671,0.1,3,0,-0.3071193,1.623319,-0.1008426,-0.1182392,1.057501,0.336429,False,3,1,1
6/26/2025 6:58:43 PM,1750957123216,Left,-0.08488373,1.070032,0.3851309,0.001646194,0.9163618,-0.3462936,-0.1404296,1.070969,0.2826362,0.1,3,0,-0.2906632,1.625372,-0.1160929,-0.1096092,1.05666,0.3274541,False,3,1,1
6/26/2025 6:58:43 PM,1750957123229,Left,-0.08144095,1.069838,0.3818462,0.0108837,0.9168386,-0.3432483,-0.1358135,1.071001,0.2780667,0.1,3,0,-0.2818305,1.625269,-0.1243482,-0.1054108,1.055964,0.3231581,False,3,1,1
6/26/2025 6:58:43 PM,1750957123258,Left,-0.07416076,1.06981,0.3764515,0.03032663,0.9176419,-0.3371731,-0.1258253,1.07157,0.2706448,0.1,3,0,-0.2620401,1.62643,-0.140698,-0.09701295,1.056453,0.3159223,False,3,1,1
6/26/2025 6:58:43 PM,1750957123271,Left,-0.07062841,1.070213,0.3739059,0.04177003,0.9189093,-0.3338187,-0.1207826,1.071579,0.2670231,0.1,3,0,-0.2512277,1.626707,-0.1480296,-0.09196778,1.056322,0.3125235,False,3,1,1
6/26/2025 6:58:43 PM,1750957123299,Left,-0.06383295,1.071086,0.3681186,0.06390817,0.9224416,-0.3275228,-0.1110772,1.072917,0.2597653,0.1,3,0,-0.2293768,1.628968,-0.1616774,-0.08200102,1.057811,0.3050844,False,3,1,1
6/26/2025 6:58:43 PM,1750957123313,Left,-0.06055573,1.071586,0.3649734,0.07505505,0.9244662,-0.3246393,-0.1059253,1.073858,0.2560985,0.1,3,0,-0.2178659,1.630935,-0.1673819,-0.07714939,1.058935,0.3013886,False,3,1,1
6/26/2025 6:58:43 PM,1750957123341,Left,-0.0544389,1.072832,0.359347,0.09752399,0.9278906,-0.3192624,-0.09566984,1.076817,0.2493528,0.1,3,0,-0.192228,1.637011,-0.1775042,-0.06829849,1.061029,0.2957104,False,3,1,1
6/26/2025 6:58:43 PM,1750957123355,Left,-0.05164419,1.07352,0.3568439,0.1085057,0.9295509,-0.3171374,-0.09064457,1.077825,0.2462474,0.1,3,0,-0.1791763,1.638222,-0.1827636,-0.06414518,1.061496,0.2928327,False,3,1,1
6/26/2025 6:58:43 PM,1750957123368,Left,-0.04971221,1.074306,0.3547968,0.1182753,0.9314881,-0.3158522,-0.0863558,1.078637,0.2434295,0.1,3,0,-0.1660422,1.63856,-0.187939,-0.0602951,1.06177,0.2906489,False,3,1,1
6/26/2025 6:58:43 PM,1750957123396,Left,-0.04618346,1.075833,0.3496532,0.1338898,0.9335535,-0.3158889,-0.0778846,1.079504,0.2372863,0.1,3,0,-0.139768,1.637363,-0.1974453,-0.05339547,1.062266,0.2858439,False,3,1,1
6/26/2025 6:58:43 PM,1750957123410,Left,-0.04410621,1.076591,0.3469146,0.1429628,0.935285,-0.3156135,-0.07326832,1.079921,0.2339113,0.1,3,0,-0.126449,1.636673,-0.2015384,-0.05059969,1.0622,0.2837647,False,3,1,1
6/26/2025 6:58:43 PM,1750957123438,Left,-0.04012759,1.076962,0.3421933,0.1609841,0.93746,-0.3169079,-0.06429856,1.079867,0.2286155,0.1,3,0,-0.09947693,1.635694,-0.207545,-0.04354867,1.062286,0.2799309,False,3,1,1
6/26/2025 6:58:43 PM,1750957123452,Left,-0.03802854,1.076599,0.3402213,0.1701142,0.9379346,-0.3185927,-0.05979269,1.079634,0.2265671,0.1,3,0,-0.08576202,1.635331,-0.2093772,-0.03946823,1.061745,0.278339,False,3,1,1
6/26/2025 6:58:43 PM,1750957123479,Left,-0.03387952,1.075756,0.3365309,0.1882178,0.9375375,-0.32282,-0.05122499,1.078813,0.223092,0.1,3,0,-0.05951452,1.633957,-0.2121406,-0.03090361,1.060288,0.274656,False,3,1,1
6/26/2025 6:58:43 PM,1750957123493,Left,-0.03165044,1.074885,0.3343931,0.1978253,0.9357966,-0.3266626,-0.04698334,1.077778,0.2212139,0.1,3,0,-0.0470345,1.632914,-0.2128002,-0.02649837,1.059555,0.2728487,False,3,1,1
6/26/2025 6:58:43 PM,1750957123507,Left,-0.02937368,1.07365,0.3321269,0.206763,0.934021,-0.3312077,-0.04267278,1.07653,0.2192632,0.1,3,0,-0.03466392,1.632059,-0.2134368,-0.02226714,1.058939,0.2711077,False,3,1,1
6/26/2025 6:58:43 PM,1750957123535,Left,-0.02463175,1.072372,0.3287922,0.2243464,0.9278609,-0.3430194,-0.03408344,1.075636,0.2170095,0.1,3,0,-0.009101629,1.632656,-0.2122929,-0.0123891,1.058303,0.2676313,False,3,1,1
6/26/2025 6:58:43 PM,1750957123549,Left,-0.02172825,1.07122,0.3272952,0.233215,0.9243551,-0.3505144,-0.02934242,1.074973,0.2162431,0.1,3,0,0.003254652,1.632928,-0.21078,-0.007120749,1.057844,0.2663068,False,3,1,1
6/26/2025 6:58:43 PM,1750957123577,Left,-0.01609291,1.068556,0.3245389,0.2491724,0.914556,-0.3678658,-0.01991223,1.073029,0.2149804,0.1,3,0,0.02792215,1.632341,-0.2072905,0.002204354,1.055697,0.2639098,False,3,1,1
6/26/2025 6:58:43 PM,1750957123591,Left,-0.01334191,1.067055,0.3233293,0.2558431,0.908323,-0.3789995,-0.01547893,1.071808,0.2145294,0.1,3,0,0.03951323,1.631691,-0.2050576,0.0070607,1.054248,0.2630493,False,3,1,1
6/26/2025 6:58:43 PM,1750957123618,Left,-0.008076221,1.064073,0.321028,0.2674021,0.8954084,-0.3989825,-0.006545886,1.069586,0.2136679,0.1,3,0,0.0627563,1.630778,-0.2002223,0.01565259,1.051626,0.2621507,False,3,1,1
6/26/2025 6:58:43 PM,1750957123632,Left,-0.005798385,1.062346,0.3201221,0.272189,0.8888457,-0.4106822,-0.002281308,1.068337,0.213456,0.1,3,0,0.07454073,1.630948,-0.1973615,0.01974995,1.050563,0.2620354,False,3,1,1
6/26/2025 6:58:43 PM,1750957123660,Left,-0.0006801228,1.059751,0.3187489,0.2802858,0.8756715,-0.4342955,0.006538717,1.066046,0.2134657,0.1,3,0,0.09815633,1.629387,-0.1915114,0.02803457,1.048419,0.2624617,False,3,1,1
6/26/2025 6:58:43 PM,1750957123674,Left,0.00252536,1.059331,0.3183863,0.2818274,0.8699833,-0.4452009,0.01148115,1.065335,0.2135486,0.1,3,0,0.1088368,1.627583,-0.1890186,0.03222705,1.047098,0.2629633,False,3,1,1
6/26/2025 6:58:43 PM,1750957123687,Left,0.005662188,1.058706,0.3184486,0.2854186,0.8634529,-0.4570487,0.01609538,1.064396,0.2137468,0.1,3,0,0.1191773,1.625483,-0.1869774,0.03634145,1.045665,0.263516,False,3,1,1
6/26/2025 6:58:43 PM,1750957123715,Left,0.01210516,1.057167,0.3188779,0.2892239,0.8518438,-0.4803462,0.02560932,1.062326,0.2150659,0.1,3,0,0.1394737,1.621667,-0.1825895,0.04441273,1.043182,0.2651571,False,3,1,1
6/26/2025 6:58:43 PM,1750957123730,Left,0.01585025,1.056683,0.3192655,0.2913473,0.8467239,-0.49238,0.0304814,1.061202,0.215822,0.1,3,0,0.1492068,1.619714,-0.180228,0.04863504,1.042115,0.2660329,False,3,1,1
6/26/2025 6:58:43 PM,1750957123757,Left,0.02305529,1.055714,0.320297,0.2960851,0.8385732,-0.5140138,0.04071042,1.059365,0.217327,0.1,3,0,0.1695157,1.615732,-0.1765511,0.05771693,1.040719,0.2677406,False,3,1,1
6/26/2025 6:58:43 PM,1750957123771,Left,0.02702814,1.055553,0.3207567,0.2987714,0.8348265,-0.5253512,0.04574753,1.058443,0.2178717,0.1,3,0,0.1794015,1.613303,-0.1756569,0.06236143,1.039888,0.2686467,False,3,1,1
6/26/2025 6:58:43 PM,1750957123799,Left,0.03407431,1.05482,0.3217718,0.30626,0.8284698,-0.5464166,0.05568071,1.056563,0.2188258,0.1,3,0,0.1986533,1.608588,-0.1738428,0.07101202,1.038043,0.2705079,False,3,1,1
6/26/2025 6:58:43 PM,1750957123813,Left,0.03728929,1.054471,0.3222387,0.3108134,0.8260159,-0.5561866,0.06052284,1.055592,0.2192866,0.1,3,0,0.2083681,1.606276,-0.1730131,0.0753508,1.037052,0.2711172,False,3,1,1
6/26/2025 6:58:43 PM,1750957123840,Left,0.04424018,1.053967,0.3226318,0.3219481,0.8212186,-0.5740808,0.07007727,1.054245,0.2202511,0.1,3,0,0.2287688,1.603346,-0.1710839,0.08414219,1.03606,0.271071,False,3,1,1
6/26/2025 6:58:43 PM,1750957123854,Left,0.04846844,1.053872,0.3225848,0.3286968,0.8196613,-0.5826768,0.07568887,1.053983,0.2206393,0.1,3,0,0.2402922,1.603195,-0.1694899,0.08887865,1.035887,0.2713381,False,3,1,1
6/26/2025 6:58:43 PM,1750957123868,Left,0.05281045,1.053863,0.322441,0.3358608,0.8175915,-0.5908197,0.08186102,1.05399,0.2204813,0.1,3,0,0.2518746,1.602679,-0.1685416,0.0940252,1.035707,0.2718992,False,3,1,1
6/26/2025 6:58:43 PM,1750957123896,Left,0.06201782,1.054113,0.3215995,0.3530632,0.8149258,-0.6032777,0.09399502,1.052963,0.2200373,0.1,3,0,0.2753407,1.599074,-0.1679125,0.1055221,1.034941,0.2714938,False,3,1,1
6/26/2025 6:58:43 PM,1750957123910,Left,0.06675371,1.054314,0.3210647,0.3620814,0.8132552,-0.6093351,0.1003419,1.05306,0.2196246,0.1,3,0,0.2870773,1.598663,-0.1670729,0.1113038,1.035047,0.2714302,False,3,1,1
6/26/2025 6:58:43 PM,1750957123938,Left,0.07669242,1.055099,0.3196058,0.3830054,0.8101105,-0.6184353,0.1131185,1.053374,0.2190909,0.1,3,0,0.3099812,1.597918,-0.1636457,0.1228143,1.035469,0.2713163,False,3,1,1
6/26/2025 6:58:43 PM,1750957123952,Left,0.0815869,1.055326,0.3190121,0.3944438,0.8085678,-0.6224832,0.1193996,1.053559,0.2189849,0.1,3,0,0.3213449,1.599137,-0.1612211,0.1287476,1.035903,0.2712482,False,3,1,1
6/26/2025 6:58:43 PM,1750957123979,Left,0.09122394,1.055328,0.3177844,0.4215895,0.8075857,-0.6257816,0.1315146,1.054202,0.2190119,0.1,3,0,0.3427002,1.600153,-0.1569457,0.1402564,1.036623,0.2710945,False,3,1,1
6/26/2025 6:58:43 PM,1750957123994,Left,0.09615348,1.055211,0.3170471,0.4361472,0.8074046,-0.6266,0.1373871,1.054036,0.21874,0.1,3,0,0.3521881,1.599833,-0.1551852,0.1459901,1.036235,0.2710092,False,3,1,1
6/26/2025 6:58:44 PM,1750957124007,Left,0.101054,1.055157,0.3161041,0.4513285,0.8083853,-0.6249683,0.1432693,1.054051,0.2182583,0.1,3,0,0.3617204,1.599918,-0.1534963,0.1513618,1.035931,0.2706397,False,3,1,1
6/26/2025 6:58:44 PM,1750957124035,Left,0.11098,1.05498,0.3145254,0.481627,0.8099416,-0.6196002,0.1551121,1.053991,0.2178363,0.1,3,0,0.3804168,1.60007,-0.1492108,0.1622851,1.035817,0.2703014,False,3,1,1
6/26/2025 6:58:44 PM,1750957124049,Left,0.1160748,1.054897,0.3140387,0.4971432,0.8108826,-0.6151816,0.1610999,1.053949,0.2180423,0.1,3,0,0.3895871,1.60055,-0.1461473,0.1678618,1.036202,0.2705503,False,3,1,1
6/26/2025 6:58:44 PM,1750957124077,Left,0.1259614,1.05569,0.314222,0.5301383,0.8135917,-0.6025327,0.1731129,1.054935,0.219475,0.1,3,0,0.408674,1.601999,-0.1394796,0.1785235,1.037139,0.2720506,False,3,1,1
6/26/2025 6:58:44 PM,1750957124091,Left,0.131397,1.0568,0.314882,0.5487056,0.8151568,-0.5934837,0.1795217,1.055829,0.2206811,0.1,3,0,0.4181541,1.602173,-0.1359434,0.1840929,1.037761,0.2733155,False,3,1,1
6/26/2025 6:58:44 PM,1750957124118,Left,0.1414775,1.05831,0.3164739,0.5851191,0.8182178,-0.5737709,0.1914787,1.056928,0.2237131,0.1,3,0,0.4373016,1.602547,-0.1270331,0.1954662,1.039068,0.2763225,False,3,1,1
6/26/2025 6:58:44 PM,1750957124132,Left,0.1466037,1.058743,0.3175556,0.6032825,0.8198382,-0.5623311,0.1975416,1.057028,0.22547,0.1,3,0,0.4465771,1.602038,-0.1223882,0.2013166,1.039381,0.2782692,False,3,1,1
6/26/2025 6:58:44 PM,1750957124160,Left,0.1580187,1.058988,0.3198843,0.6392706,0.8244142,-0.5380579,0.2103721,1.05658,0.2293727,0.1,3,0,0.4649871,1.60059,-0.1122923,0.2139046,1.039605,0.2820028,False,3,1,1
6/26/2025 6:58:44 PM,1750957124174,Left,0.1641153,1.058689,0.3215469,0.6574394,0.8267239,-0.5233083,0.217046,1.05609,0.2317161,0.1,3,0,0.4739152,1.599561,-0.1070098,0.2204688,1.039058,0.2844939,False,3,1,1
6/26/2025 6:58:44 PM,1750957124187,Left,0.1704799,1.057992,0.3234009,0.6755311,0.8292192,-0.5076774,0.2237913,1.055485,0.2342504,0.1,3,0,0.482621,1.598325,-0.101084,0.2270941,1.038405,0.286996,False,3,1,1
6/26/2025 6:58:44 PM,1750957124216,Left,0.1833746,1.056071,0.3274834,0.7101583,0.8348024,-0.4752402,0.237501,1.053148,0.2402557,0.1,3,0,0.4991425,1.595248,-0.08794105,0.2408341,1.035764,0.2927903,False,3,1,1
6/26/2025 6:58:44 PM,1750957124229,Left,0.1903328,1.054389,0.3297006,0.7269575,0.8378908,-0.4570408,0.2442616,1.051432,0.2432962,0.1,3,0,0.5071522,1.59315,-0.08141959,0.2482041,1.034334,0.2957742,False,3,1,1
6/26/2025 6:58:44 PM,1750957124257,Left,0.2042807,1.050708,0.3346288,0.7585982,0.8439431,-0.4195617,0.2587446,1.047163,0.2501611,0.1,3,0,0.5222744,1.588229,-0.06699336,0.2624425,1.030192,0.3028151,False,3,1,1
6/26/2025 6:58:44 PM,1750957124271,Left,0.2116618,1.048398,0.3376735,0.7735021,0.8470526,-0.3989073,0.2661152,1.044872,0.2538805,0.1,3,0,0.5297925,1.58552,-0.05935121,0.2695908,1.027959,0.306624,False,3,1,1
6/26/2025 6:58:44 PM,1750957124299,Left,0.2257732,1.042485,0.3443571,0.8008258,0.8536308,-0.3580475,0.2805117,1.038755,0.2628181,0.1,3,0,0.544641,1.580012,-0.04199958,0.283597,1.022612,0.3155603,False,3,1,1
6/26/2025 6:58:44 PM,1750957124313,Left,0.2328185,1.038707,0.3484691,0.8135532,0.8563811,-0.336456,0.2876899,1.035528,0.2678205,0.1,3,0,0.5517805,1.577079,-0.03277063,0.2905207,1.019619,0.320504,False,3,1,1
6/26/2025 6:58:44 PM,1750957124341,Left,0.2458159,1.029513,0.3563822,0.836588,0.8616008,-0.2937367,0.3006828,1.026404,0.2778776,0.1,3,0,0.5654711,1.570143,-0.01401138,0.3039081,1.011538,0.3314824,False,3,1,1
6/26/2025 6:58:44 PM,1750957124354,Left,0.253614,1.023712,0.3607642,0.8467808,0.8636626,-0.2715174,0.3080235,1.021541,0.2830968,0.1,3,0,0.5717749,1.566489,-0.004324913,0.31072,1.007103,0.3373873,False,3,1,1
6/26/2025 6:58:44 PM,1750957124368,Left,0.2601639,1.018459,0.3651765,0.8563168,0.8668499,-0.2494986,0.3147424,1.016205,0.2885104,0.1,3,0,0.5779816,1.562575,0.005490065,0.3176637,1.00204,0.3435986,False,3,1,1
6/26/2025 6:58:44 PM,1750957124396,Left,0.2767005,1.00541,0.3763081,0.8719168,0.8682777,-0.2073904,0.3305768,1.005033,0.3013186,0.1,3,0,0.5901402,1.554693,0.02674568,0.3323039,0.9909416,0.3568137,False,3,1,1
6/26/2025 6:58:44 PM,1750957124410,Left,0.284975,0.9985275,0.3822686,0.8806924,0.8699586,-0.1860606,0.3378681,0.9994046,0.307985,0.1,3,0,0.5961237,1.550754,0.03818476,0.3397138,0.9845684,0.3639716,False,3,1,1
6/26/2025 6:58:44 PM,1750957124437,Left,0.3022873,0.9824684,0.3951468,0.8941731,0.8729922,-0.1437218,0.3543017,0.9853678,0.3233134,0.1,3,0,0.6076531,1.542109,0.06269121,0.356572,0.9704499,0.3798361,False,3,1,1
6/26/2025 6:58:44 PM,1750957124452,Left,0.3120599,0.9741256,0.4017569,0.8997955,0.8744317,-0.1235158,0.363491,0.9786441,0.3315975,0.1,3,0,0.6138491,1.539302,0.07680154,0.3654201,0.9634399,0.3882586,False,3,1,1
6/26/2025 6:58:44 PM,1750957124480,Left,0.3310967,0.9570416,0.4150237,0.9097891,0.8749329,-0.08623517,0.3806758,0.9643432,0.3480563,0.1,3,0,0.6253095,1.530941,0.1055429,0.3828961,0.9488832,0.4045007,False,3,1,1
6/26/2025 6:58:44 PM,1750957124494,Left,0.3423323,0.9478812,0.4218376,0.9140159,0.8763803,-0.06737344,0.3909796,0.9569949,0.3560337,0.1,3,0,0.6308643,1.526882,0.1208093,0.3918554,0.9411969,0.413473,False,3,1,1
6/26/2025 6:58:44 PM,1750957124507,Left,0.3519937,0.9393662,0.4282311,0.9179075,0.8787265,-0.04716508,0.3999349,0.9497904,0.3644321,0.1,3,0,0.6363554,1.523374,0.1358161,0.4017777,0.9337528,0.4219345,False,3,1,1
6/26/2025 6:58:44 PM,1750957124534,Left,0.3724817,0.9221705,0.4406397,0.9239657,0.8806314,-0.01323012,0.4181441,0.9347574,0.3804671,0.1,3,0,0.6458802,1.513185,0.1655053,0.4206813,0.9185833,0.4375145,False,3,1,1
6/26/2025 6:58:44 PM,1750957124549,Left,0.3839079,0.9132518,0.4466086,0.9242944,0.8797917,0.0009224452,0.4280079,0.9270879,0.3882296,0.1,3,0,0.6504572,1.507766,0.1794227,0.4311308,0.9105567,0.4442247,False,3,1,1
6/26/2025 6:58:44 PM,1750957124577,Left,0.4056287,0.89624,0.4575814,0.9281602,0.8793597,0.02855806,0.4467783,0.9119564,0.4030035,0.1,3,0,0.6594887,1.496278,0.2078644,0.4518929,0.8944373,0.4573853,False,3,1,1
6/26/2025 6:58:44 PM,1750957124591,Left,0.4180373,0.887293,0.4629179,0.9287996,0.8784407,0.04228088,0.4574233,0.9039003,0.4100367,0.1,3,0,0.6639561,1.489875,0.2220132,0.4626643,0.8861127,0.4644164,False,3,1,1
6/26/2025 6:58:44 PM,1750957124618,Left,0.4412542,0.870192,0.472813,0.9295201,0.8762563,0.06634367,0.4777867,0.8877602,0.4238313,0.1,3,0,0.6743991,1.475156,0.2510531,0.4844181,0.8690833,0.4780637,False,3,1,1
6/26/2025 6:58:44 PM,1750957124632,Left,0.452953,0.8614352,0.4773712,0.9300591,0.8763553,0.07993741,0.4880007,0.8795319,0.4304278,0.1,3,0,0.679583,1.467431,0.2653193,0.495327,0.8605265,0.4842484,False,3,1,1
6/26/2025 6:58:44 PM,1750957124660,Left,0.4765504,0.8442017,0.4859661,0.9292011,0.8708649,0.1029434,0.5090437,0.8623856,0.442802,0.1,3,0,0.6898383,1.450891,0.2918557,0.517065,0.8427688,0.4961181,False,3,1,1
6/26/2025 6:58:44 PM,1750957124674,Left,0.4882599,0.835373,0.4897763,0.9286948,0.867289,0.1117779,0.5193056,0.8537729,0.4486879,0.1,3,0,0.6953257,1.4424,0.3049914,0.5280227,0.8341484,0.5009305,False,3,1,1
6/26/2025 6:58:44 PM,1750957124688,Left,0.499667,0.8262796,0.4929691,0.9277873,0.8663182,0.1227775,0.5293918,0.8447221,0.4540626,0.1,3,0,0.700564,1.432933,0.3175733,0.5391905,0.8250963,0.5058861,False,3,1,1
6/26/2025 6:58:44 PM,1750957124715,Left,0.5226086,0.8083801,0.4976303,0.9275625,0.8581069,0.1406419,0.549628,0.8262898,0.4626544,0.1,3,0,0.7123253,1.412776,0.3426496,0.5607297,0.8059065,0.5144486,False,3,1,1
6/26/2025 6:58:44 PM,1750957124730,Left,0.5337896,0.7991885,0.499275,0.9276477,0.8531829,0.1487452,0.5600105,0.8169585,0.4666958,0.1,3,0,0.7180818,1.402621,0.3553408,0.5713959,0.7960773,0.5184759,False,3,1,1
6/26/2025 6:58:44 PM,1750957124757,Left,0.5558454,0.7802538,0.5011892,0.9275994,0.8413393,0.1632385,0.5794236,0.7968271,0.4723687,0.1,3,0,0.7294302,1.378915,0.3782767,0.5919358,0.7753762,0.5260825,False,3,1,1
6/26/2025 6:58:44 PM,1750957124771,Left,0.5668073,0.7705414,0.5016022,0.9275479,0.8350199,0.1700414,0.5893761,0.7866184,0.4745464,0.1,3,0,0.7348462,1.366535,0.3892587,0.6015699,0.7641541,0.5301439,False,3,1,1
6/26/2025 6:58:44 PM,1750957124799,Left,0.5864702,0.750292,0.500972,0.9281451,0.820838,0.1819609,0.6072794,0.7640778,0.4787644,0.1,3,0,0.7461731,1.339939,0.410313,0.6200309,0.7427576,0.5317867,False,3,1,1
6/26/2025 6:58:44 PM,1750957124813,Left,0.5960194,0.7396389,0.5002717,0.9284697,0.8131832,0.1875862,0.6160199,0.752676,0.4806769,0.1,3,0,0.7524791,1.326071,0.4205141,0.6292841,0.7313184,0.5329762,False,3,1,1
6/26/2025 6:58:44 PM,1750957124841,Left,0.6140759,0.718545,0.4983215,0.9293376,0.7968265,0.1975868,0.6328584,0.7288201,0.4821455,0.1,3,0,0.7641085,1.295409,0.4373719,0.6462389,0.7065423,0.534926,False,3,1,1
6/26/2025 6:58:44 PM,1750957124855,Left,0.6225097,0.7072144,0.4973833,0.9299285,0.7875703,0.2020194,0.6403893,0.7166762,0.4836437,0.1,3,0,0.768474,1.281357,0.4461398,0.6545538,0.6942768,0.5339366,False,3,1,1
6/26/2025 6:58:44 PM,1750957124868,Left,0.6313426,0.6962196,0.4960671,0.9308582,0.7778435,0.2066823,0.6483827,0.7044891,0.4843166,0.1,3,0,0.7736462,1.265967,0.454089,0.6625858,0.6820481,0.5340874,False,3,1,1
6/26/2025 6:58:44 PM,1750957124897,Left,0.6486699,0.67467,0.4926542,0.9332916,0.7582498,0.2139636,0.6648923,0.6808555,0.4843731,0.1,3,0,0.7847371,1.234857,0.4694686,0.6773666,0.6556714,0.5358607,False,3,1,1
6/26/2025 6:58:44 PM,1750957124910,Left,0.6575438,0.6636449,0.490477,0.9346227,0.74788,0.2174516,0.673033,0.6688879,0.4839968,0.1,3,0,0.7899922,1.219118,0.4765204,0.6855898,0.6419273,0.5356828,False,3,1,1
6/26/2025 6:58:44 PM,1750957124938,Left,0.6707821,0.648669,0.491049,0.9377834,0.7268654,0.2230142,0.6630135,0.6772401,0.4915357,0.1,3,0,0.7999942,1.18789,0.488138,0.7004427,0.6150139,0.5326322,False,3,1,1
6/26/2025 6:58:44 PM,1750957124952,Left,0.6884183,0.6227747,0.487567,0.939819,0.7166574,0.2260728,0.7010808,0.6263688,0.485992,0.1,3,0,0.805037,1.172314,0.4930773,0.7089925,0.6013262,0.5329196,False,3,1,1
6/26/2025 6:58:44 PM,1750957124980,Left,0.7127974,0.5930591,0.4808821,0.9456318,0.6966188,0.2324363,0.7239996,0.5947443,0.4828439,0.1,3,0,0.814503,1.140861,0.5031828,0.7253066,0.5733955,0.5290695,False,3,1,1
6/26/2025 6:58:44 PM,1750957124993,Left,0.7276311,0.574803,0.4766382,0.9485739,0.6862967,0.2354186,0.7375059,0.5759724,0.4799413,0.1,3,0,0.8188304,1.124752,0.5076637,0.7342123,0.5593436,0.5282389,False,3,1,1
6/26/2025 6:58:45 PM,1750957125007,Left,0.7207807,0.5727324,0.4764496,0.9521052,0.6763535,0.2390903,0.7298623,0.5739689,0.4816879,0.1,3,0,0.8232752,1.108451,0.5133915,0.741872,0.543681,0.5267642,False,3,1,1
6/26/2025 6:58:45 PM,1750957125035,Left,0.7365326,0.5469523,0.4732461,0.9577543,0.6570816,0.2452064,0.7442322,0.5459772,0.4805577,0.1,3,0,0.8328201,1.076813,0.521891,0.7585332,0.5161424,0.5260659,False,3,1,1
6/26/2025 6:58:45 PM,1750957125049,Left,0.7445526,0.5316585,0.4703008,0.9602148,0.6465883,0.2479649,0.751197,0.530221,0.478738,0.1,3,0,0.8382739,1.060696,0.5242826,0.7675332,0.5017455,0.5242447,False,3,1,1
6/26/2025 6:58:45 PM,1750957125077,Left,0.7603187,0.501994,0.4636208,0.9655594,0.6264211,0.2528532,0.7659363,0.4986454,0.4739684,0.1,3,0,0.8504343,1.02948,0.5280381,0.7857215,0.4729007,0.5201228,False,3,1,1
6/26/2025 6:58:45 PM,1750957125091,Left,0.7684034,0.4869942,0.4597469,0.9685628,0.6165364,0.2561754,0.773226,0.4831713,0.4708117,0.1,3,0,0.8562109,1.014552,0.5302944,0.7947114,0.4590238,0.5195684,False,3,1,1
6/26/2025 6:58:45 PM,1750957125119,Left,0.784462,0.4576404,0.4511727,0.9744878,0.5965889,0.2602738,0.7873173,0.4531096,0.4639234,0.1,3,0,0.8676062,0.9858377,0.5350986,0.8136785,0.4320019,0.5178986,False,3,1,1
6/26/2025 6:58:45 PM,1750957125132,Left,0.7876047,0.4519657,0.4493602,0.9771094,0.5869566,0.2632082,0.7900746,0.4465711,0.462544,0.1,3,0,0.8733146,0.9725275,0.5373975,0.8232013,0.4185378,0.5172147,False,3,1,1
6/26/2025 6:58:45 PM,1750957125160,Left,0.7876047,0.4519657,0.4493602,0.9835002,0.5682616,0.2665334,0.7884978,0.4463359,0.4639874,0.1,3,0,0.8842069,0.9462914,0.5414143,0.8404009,0.3928503,0.5154578,False,3,1,1
6/26/2025 6:58:45 PM,1750957125174,Left,0.7876047,0.4519657,0.4493602,0.9871876,0.5582615,0.2666636,0.7869199,0.4472901,0.4643427,0.1,3,0,0.8891722,0.933245,0.5432239,0.84922,0.3799514,0.5156977,False,3,1,1
6/26/2025 6:58:45 PM,1750957125188,Left,0.7876047,0.4519657,0.4493602,0.9910803,0.5491633,0.2678628,0.7864642,0.4467028,0.4649175,0.1,3,0,0.8937075,0.9203002,0.5446759,0.8581647,0.3659912,0.5152584,False,3,1,1
6/26/2025 6:58:45 PM,1750957125216,Left,0.7876047,0.4519657,0.4493602,0.9980043,0.5344056,0.2724805,0.7847756,0.4472221,0.4654418,0.1,3,0,0.9033893,0.8955611,0.547869,0.8744723,0.3400524,0.5160949,False,3,1,1
6/26/2025 6:58:45 PM,1750957125229,Left,0.7876047,0.4519657,0.4493602,1.002316,0.5264949,0.2737314,0.7839612,0.4477131,0.46596,0.1,3,0,0.9081292,0.8839564,0.5504154,0.8824698,0.3273019,0.5165686,False,3,1,1
6/26/2025 6:58:45 PM,1750957125257,Left,0.7876047,0.4519657,0.4493602,1.010147,0.514493,0.2768253,0.7822846,0.4484787,0.4670103,0.1,3,0,0.9159456,0.8619548,0.5567892,0.8969923,0.3035139,0.518741,False,3,1,1
6/26/2025 6:58:45 PM,1750957125271,Left,0.7876047,0.4519657,0.4493602,1.014241,0.5076297,0.2770624,0.7814854,0.448907,0.4673256,0.1,3,0,0.9198074,0.8511797,0.5589768,0.9040508,0.2917394,0.5196677,False,3,1,1
6/26/2025 6:58:45 PM,1750957125299,Left,0.7876047,0.4519657,0.4493602,1.017816,0.4989996,0.2792971,0.7808477,0.4492581,0.4674339,0.1,3,0,0.9298168,0.8306194,0.5603099,0.9163947,0.2703056,0.5205835,False,3,1,1
6/26/2025 6:58:45 PM,1750957125312,Left,0.7876047,0.4519657,0.4493602,1.020509,0.4948637,0.280928,0.7805788,0.4494189,0.4672868,0.1,3,0,0.9346342,0.8207592,0.5600294,0.9225273,0.2600279,0.5209475,False,3,1,1
6/26/2025 6:58:45 PM,1750957125341,Left,0.7876047,0.4519657,0.4493602,1.024011,0.4901434,0.2859299,0.7801883,0.4494341,0.4667789,0.1,3,0,0.9426713,0.8031074,0.5604619,0.9321031,0.2424373,0.5233392,False,3,1,1
6/26/2025 6:58:45 PM,1750957125354,Left,0.7876047,0.4519657,0.4493602,1.025316,0.4908197,0.2912662,0.7798455,0.4498945,0.4665695,0.1,3,0,0.9458199,0.7951849,0.5615153,0.936511,0.2335903,0.5251837,False,4,1,1
6/26/2025 6:58:45 PM,1750957125368,Left,0.7876047,0.4519657,0.4493602,1.026294,0.4903445,0.2947246,0.779296,0.4500269,0.4667423,0.1,3,0,0.9485352,0.7879241,0.5632712,0.9415363,0.2258708,0.5262949,False,4,1,1
6/26/2025 6:58:45 PM,1750957125396,Left,0.7876047,0.4519657,0.4493602,1.027833,0.4893495,0.2997285,0.7784191,0.4513944,0.4672515,0.1,3,0,0.9530053,0.7752166,0.5678787,0.9497352,0.2097697,0.5288192,False,4,1,1
6/26/2025 6:58:45 PM,1750957125410,Left,0.7876047,0.4519657,0.4493602,1.029006,0.4886374,0.3017625,0.7779974,0.4521455,0.4675902,0.1,3,0,0.9549044,0.7689803,0.5695802,0.9532703,0.2018374,0.5293021,False,4,1,1
6/26/2025 6:58:45 PM,1750957125437,Left,0.7876047,0.4519657,0.4493602,1.032018,0.4864561,0.3035301,0.7770789,0.4537367,0.4679481,0.1,3,0,0.9582447,0.7578582,0.571368,0.9595026,0.1879629,0.5296164,False,4,1,1
6/26/2025 6:58:45 PM,1750957125451,Left,0.7876047,0.4519657,0.4493602,1.034626,0.4852501,0.3056685,0.7769758,0.4540605,0.4681492,0.1,3,0,0.9602191,0.7527988,0.5717953,0.962501,0.1813336,0.5291915,False,4,1,1
6/26/2025 6:58:45 PM,1750957125479,Left,0.7876047,0.4519657,0.4493602,1.040261,0.4863081,0.3115338,0.7768387,0.4550673,0.4693253,0.1,3,0,0.9639765,0.7449241,0.5731007,0.9668071,0.17111,0.5257926,False,4,1,1
6/26/2025 6:58:45 PM,1750957125493,Left,0.7876047,0.4519657,0.4493602,1.042778,0.4824723,0.3092455,0.776545,0.4558905,0.4699316,0.1,3,0,0.9652979,0.7412203,0.5743502,0.9693028,0.1654852,0.524617,False,4,1,1
6/26/2025 6:58:45 PM,1750957125521,Left,0.7876047,0.4519657,0.4493602,1.045937,0.4882671,0.3183406,0.7757685,0.457913,0.4704628,0.1,3,0,0.9671857,0.735724,0.5765496,0.9742943,0.1552321,0.5246933,False,4,1,1
6/26/2025 6:58:45 PM,1750957125535,Left,0.7876047,0.4519657,0.4493602,1.046522,0.4850238,0.3171528,0.7758951,0.4590012,0.4707936,0.1,3,0,0.9683242,0.7327209,0.5776081,0.9749292,0.1497274,0.5244268,False,4,1,1
6/26/2025 6:58:45 PM,1750957125549,Left,0.7876047,0.4519657,0.4493602,1.048507,0.4836363,0.3185951,0.776017,0.4596702,0.4712067,0.1,3,0,0.9691622,0.7300622,0.5791385,0.9752824,0.1454953,0.5243149,False,4,1,1
6/26/2025 6:58:45 PM,1750957125577,Left,0.7876047,0.4519657,0.4493602,1.053159,0.4799031,0.3220158,0.7763369,0.4607801,0.4717804,0.1,3,0,0.9712895,0.7246221,0.5813069,0.976127,0.1374779,0.5241784,False,4,1,1
6/26/2025 6:58:45 PM,1750957125590,Left,0.7876047,0.4519657,0.4493602,1.055608,0.4776783,0.3233163,0.7765446,0.4612059,0.4718774,0.1,3,0,0.9726543,0.7224111,0.5816129,0.9766762,0.1342058,0.5241691,False,4,1,1
6/26/2025 6:58:45 PM,1750957125618,Left,0.7876047,0.4519657,0.4493602,1.060115,0.4750416,0.3259761,0.7767816,0.4616811,0.4721511,0.1,3,0,0.9754626,0.718629,0.5825673,0.9785213,0.1293827,0.5239561,False,4,1,1
6/26/2025 6:58:45 PM,1750957125632,Left,0.7876047,0.4519657,0.4493602,1.063266,0.4733433,0.3273329,0.7768096,0.4620467,0.4722874,0.1,3,0,0.9762222,0.7172552,0.5834641,0.9793022,0.1270659,0.5242172,False,4,1,1
6/26/2025 6:58:45 PM,1750957125660,Left,0.7876047,0.4519657,0.4493602,1.068254,0.4701451,0.3297803,0.7765082,0.4628243,0.4728387,0.1,3,0,0.9768407,0.7147098,0.5855895,0.980993,0.1227959,0.5242278,False,4,1,1
6/26/2025 6:58:45 PM,1750957125674,Left,0.7876047,0.4519657,0.4493602,1.070393,0.4686559,0.3310933,0.7762331,0.4632919,0.4731238,0.1,3,0,0.9767612,0.7135209,0.5866084,0.9822049,0.1205043,0.5241084,False,4,1,1
6/26/2025 6:58:45 PM,1750957125688,Left,0.7876047,0.4519657,0.4493602,1.071999,0.4675736,0.3324575,0.7758679,0.4636053,0.473419,0.1,3,0,0.976898,0.7122878,0.5874761,0.9836115,0.1185516,0.5237933,False,4,1,1
6/26/2025 6:58:45 PM,1750957125714,Left,0.7876047,0.4519657,0.4493602,1.074798,0.4652437,0.3344872,0.775551,0.4648126,0.4739642,0.1,3,0,0.9776729,0.7111365,0.5891544,0.9856539,0.1145831,0.5232908,False,4,1,1
6/26/2025 6:58:45 PM,1750957125729,Left,0.7876047,0.4519657,0.4493602,1.075528,0.464368,0.335679,0.7753182,0.465372,0.4743259,0.1,3,0,0.9779994,0.7103885,0.5903468,0.9869117,0.1125302,0.5230363,False,4,1,1
6/26/2025 6:58:45 PM,1750957125757,Left,0.7876047,0.4519657,0.4493602,1.076441,0.4622829,0.3378917,0.7747105,0.4663113,0.4749974,0.1,3,0,0.9775148,0.7094113,0.5921708,0.988858,0.1093611,0.5221742,False,4,1,1
6/26/2025 6:58:45 PM,1750957125771,Left,0.7876047,0.4519657,0.4493602,1.076637,0.4614415,0.3389528,0.7743644,0.4668445,0.4753093,0.1,3,0,0.9769528,0.7091113,0.5931897,0.9896804,0.1078169,0.5219454,False,4,1,1
6/26/2025 6:58:45 PM,1750957125798,Left,0.7876047,0.4519657,0.4493602,1.076818,0.4609266,0.3403348,0.7739733,0.4674788,0.4757662,0.1,3,0,0.9762158,0.7088124,0.5942676,0.9904372,0.1059124,0.5213008,False,4,1,1
6/26/2025 6:58:45 PM,1750957125812,Left,0.7876047,0.4519657,0.4493602,1.077185,0.4607659,0.3408511,0.7737586,0.4678088,0.4760139,0.1,3,0,0.9759377,0.7091133,0.5947524,0.9910884,0.1055689,0.5206898,False,4,1,1
6/26/2025 6:58:45 PM,1750957125840,Left,0.7876047,0.4519657,0.4493602,1.077924,0.4602362,0.3419607,0.7731184,0.4685161,0.47659,0.1,3,0,0.9740767,0.7096334,0.596265,0.9917882,0.1044387,0.5198981,False,4,1,1
6/26/2025 6:58:45 PM,1750957125854,Left,0.7876047,0.4519657,0.4493602,1.078081,0.459955,0.3427048,0.7726963,0.4688018,0.4769317,0.1,3,0,0.9731219,0.7099818,0.5970167,0.9924923,0.1040275,0.5192037,False,4,1,1
6/26/2025 6:58:45 PM,1750957125868,Left,0.7876047,0.4519657,0.4493602,1.07769,0.4598836,0.3439377,0.7724608,0.469294,0.4772355,0.1,3,0,0.9724181,0.7107539,0.5974575,0.9927598,0.1037441,0.5185087,False,4,1,1
6/26/2025 6:58:45 PM,1750957125895,Left,0.7876047,0.4519657,0.4493602,1.077593,0.4593902,0.3463574,0.7698513,0.4696426,0.4798947,0.1,3,0,0.9693525,0.7119551,0.5979849,0.9938278,0.1035146,0.5165948,False,4,1,1
6/26/2025 6:58:45 PM,1750957125909,Left,0.7876047,0.4519657,0.4493602,1.077854,0.4590412,0.3476752,0.7685244,0.4698294,0.4811863,0.1,3,0,0.9675875,0.7129158,0.5979761,0.9953891,0.1037662,0.5144749,False,4,1,1
6/26/2025 6:58:45 PM,1750957125937,Left,0.7876047,0.4519657,0.4493602,1.078537,0.4586845,0.3511606,0.7696847,0.4717449,0.4797254,0.1,3,0,0.9636352,0.7151455,0.5990839,0.9950144,0.1024274,0.510079,False,4,1,1
6/26/2025 6:58:45 PM,1750957125951,Left,0.7876047,0.4519657,0.4493602,1.0789,0.459362,0.3540365,0.7693171,0.4727019,0.4801944,0.1,3,0,0.9617525,0.7161649,0.5994326,0.9946693,0.1012033,0.5086484,False,4,1,1
6/26/2025 6:58:45 PM,1750957125979,Left,0.7876047,0.4519657,0.4493602,1.078678,0.4589024,0.3540705,0.7686654,0.4742603,0.4811422,0.1,3,0,0.9586311,0.7174374,0.5991415,0.9941549,0.09883951,0.5045656,False,4,1,1
6/26/2025 6:58:45 PM,1750957125993,Left,0.7876047,0.4519657,0.4493602,1.079283,0.460682,0.3570009,0.7683529,0.4744113,0.4814252,0.1,3,0,0.9574873,0.7177256,0.5990312,0.9941468,0.0988737,0.5031716,False,4,1,1
6/26/2025 6:58:46 PM,1750957126020,Left,0.7876047,0.4519657,0.4493602,1.079805,0.4600461,0.3584705,0.7679455,0.4745783,0.4815413,0.1,3,0,0.9557168,0.7183499,0.5989165,0.9938588,0.09914961,0.5029179,False,4,1,1
6/26/2025 6:58:46 PM,1750957126034,Left,0.7876047,0.4519657,0.4493602,1.08037,0.4597948,0.3593563,0.7677745,0.4745628,0.4814579,0.1,3,0,0.9550788,0.7183841,0.5993949,0.99382,0.09931815,0.5035123,False,4,1,1
6/26/2025 6:58:46 PM,1750957126048,Left,0.7876047,0.4519657,0.4493602,1.081057,0.4594967,0.36055,0.7675796,0.4744409,0.4814961,0.1,3,0,0.9541179,0.718584,0.5997233,0.9939849,0.09956472,0.5037321,False,4,1,1
6/26/2025 6:58:46 PM,1750957126076,Left,0.7876047,0.4519657,0.4493602,1.081601,0.4591106,0.3612666,0.7675343,0.4739719,0.4814375,0.1,3,0,0.9546345,0.7172456,0.5993922,0.9945365,0.09942175,0.5037286,False,4,1,1
6/26/2025 6:58:46 PM,1750957126090,Left,0.7876047,0.4519657,0.4493602,1.081709,0.4583332,0.3618617,0.7675881,0.4738575,0.4813309,0.1,3,0,0.9546709,0.7169605,0.5989995,0.9945274,0.09923868,0.5036643,False,4,1,1
6/26/2025 6:58:46 PM,1750957126117,Left,0.7876047,0.4519657,0.4493602,1.081736,0.4566428,0.3631514,0.7674531,0.4737664,0.4813553,0.1,3,0,0.9540316,0.7166535,0.5991776,0.9943879,0.09913965,0.5036932,False,4,1,1
6/26/2025 6:58:46 PM,1750957126131,Left,0.7876047,0.4519657,0.4493602,1.082059,0.4551876,0.3639589,0.7673624,0.4737785,0.4813949,0.1,3,0,0.9535603,0.7166466,0.5993035,0.994296,0.09917285,0.5037172,False,4,1,1
6/26/2025 6:58:46 PM,1750957126159,Left,0.7876047,0.4519657,0.4493602,1.082384,0.454015,0.3650866,0.7671059,0.4735608,0.481448,0.1,3,0,0.9521747,0.7160335,0.5996045,0.9939359,0.09906781,0.5038056,False,4,1,1
6/26/2025 6:58:46 PM,1750957126173,Left,0.7876047,0.4519657,0.4493602,1.081511,0.4552815,0.3652641,0.7670026,0.4732999,0.4814905,0.1,3,0,0.9518002,0.7149577,0.5998111,0.993908,0.09870686,0.503852,False,4,1,1
6/26/2025 6:58:46 PM,1750957126201,Left,0.7876047,0.4519657,0.4493602,1.080543,0.4557797,0.3657794,0.7671467,0.4727932,0.4814441,0.1,3,0,0.9523723,0.7134723,0.599582,0.9939779,0.09829406,0.5038207,False,4,1,1
6/26/2025 6:58:46 PM,1750957126215,Left,0.7876047,0.4519657,0.4493602,1.080279,0.4554551,0.3661753,0.7671491,0.4725413,0.4814033,0.1,3,0,0.9522102,0.7127489,0.5994461,0.9938284,0.09815566,0.5038431,False,4,1,1
6/26/2025 6:58:46 PM,1750957126229,Left,0.7876047,0.4519657,0.4493602,1.079882,0.4557896,0.3663566,0.7670912,0.4723683,0.4813562,0.1,3,0,0.951654,0.7121321,0.5994781,0.9934743,0.09794882,0.5040466,False,4,1,1
6/26/2025 6:58:46 PM,1750957126256,Left,0.7876047,0.4519657,0.4493602,1.079548,0.4554961,0.3674581,0.7670749,0.4718539,0.4810552,0.1,3,0,0.9503732,0.7102885,0.5996298,0.9922587,0.09730568,0.5054021,False,4,1,1
6/26/2025 6:58:46 PM,1750957126271,Left,0.7876047,0.4519657,0.4493602,1.079365,0.4553045,0.368127,0.7671531,0.4716151,0.4807827,0.1,3,0,0.9501191,0.7093935,0.5992399,0.9916918,0.09696767,0.5061023,False,4,1,1
6/26/2025 6:58:46 PM,1750957126298,Left,0.7876047,0.4519657,0.4493602,1.079569,0.4549866,0.3676869,0.7671199,0.4711277,0.4802747,0.1,3,0,0.9491789,0.707699,0.5979521,0.9908844,0.0964105,0.5068465,False,4,1,1
6/26/2025 6:58:46 PM,1750957126312,Left,0.7876047,0.4519657,0.4493602,1.080163,0.4538938,0.3686827,0.7670164,0.4709125,0.480075,0.1,3,0,0.947942,0.7071198,0.597486,0.9902173,0.09629428,0.5071529,False,4,1,1
6/26/2025 6:58:46 PM,1750957126340,Left,0.7876047,0.4519657,0.4493602,1.080977,0.4521498,0.368931,0.7667037,0.4705457,0.4795258,0.1,3,0,0.9459338,0.7058319,0.5971451,0.9893039,0.0959013,0.5090349,False,4,1,1
6/26/2025 6:58:46 PM,1750957126354,Left,0.7876047,0.4519657,0.4493602,1.08089,0.4522014,0.3691318,0.7665898,0.4703855,0.4793837,0.1,3,0,0.945324,0.7053999,0.5970283,0.9890974,0.09583038,0.5094519,False,4,1,1
6/26/2025 6:58:46 PM,1750957126367,Left,0.7876047,0.4519657,0.4493602,1.078705,0.4549793,0.3692105,0.766503,0.4702777,0.4793519,0.1,3,0,0.9446308,0.7050932,0.5969329,0.9888678,0.09567934,0.5094725,False,4,1,1
6/26/2025 6:58:46 PM,1750957126395,Left,0.7876047,0.4519657,0.4493602,1.078242,0.455128,0.3692014,0.7662826,0.470419,0.4787129,0.1,3,0,0.9424854,0.7054196,0.5961478,0.987688,0.0955978,0.5113387,False,4,1,1
6/26/2025 6:58:46 PM,1750957126410,Left,0.7876047,0.4519657,0.4493602,1.078688,0.4537222,0.3695952,0.7660496,0.4706329,0.4784415,0.1,3,0,0.9412215,0.7058492,0.5956724,0.9872082,0.09571525,0.5118995,False,4,1,1
6/26/2025 6:58:46 PM,1750957126437,Left,0.7876047,0.4519657,0.4493602,1.079776,0.4513269,0.3694824,0.7653698,0.4710943,0.4780598,0.1,3,0,0.9375872,0.707706,0.5948001,0.9862931,0.09649551,0.512554,False,4,1,1
6/26/2025 6:58:46 PM,1750957126451,Left,0.7876047,0.4519657,0.4493602,1.079461,0.4493835,0.3687735,0.7651105,0.4715021,0.4778338,0.1,3,0,0.9357954,0.7094226,0.5944093,0.9855386,0.09726061,0.5130672,False,4,1,1
6/26/2025 6:58:46 PM,1750957126479,Left,0.7876047,0.4519657,0.4493602,1.079201,0.4483773,0.3696232,0.7647629,0.4722704,0.4774339,0.1,3,0,0.9327744,0.7145906,0.5936934,0.983818,0.1003445,0.5139819,False,4,1,1
6/26/2025 6:58:46 PM,1750957126493,Left,0.7876047,0.4519657,0.4493602,1.079061,0.4491833,0.3708574,0.7700586,0.4740345,0.47816,0.1,3,0,0.930774,0.7177831,0.5931935,0.9810767,0.1002029,0.5135856,False,4,1,1
6/26/2025 6:58:46 PM,1750957126520,Left,0.7876047,0.4519657,0.4493602,1.077963,0.4496625,0.371767,0.7708111,0.4762335,0.4777282,0.1,3,0,0.9263813,0.725685,0.5925345,0.9723254,0.1009763,0.512894,False,4,1,1
6/26/2025 6:58:46 PM,1750957126534,Left,0.7876047,0.4519657,0.4493602,1.076912,0.4498068,0.3712077,0.7698939,0.4778793,0.4775593,0.1,3,0,0.9242458,0.7303687,0.5922666,0.9665691,0.1018894,0.5125956,False,4,1,1
6/26/2025 6:58:46 PM,1750957126548,Left,0.7876047,0.4519657,0.4493602,1.074538,0.4506712,0.3696123,0.768077,0.4801048,0.4774157,0.1,3,0,0.9220824,0.7359723,0.5919658,0.9599966,0.1033905,0.5123266,False,4,1,1
6/26/2025 6:58:46 PM,1750957126576,Left,0.7876047,0.4519657,0.4493602,1.072494,0.4519677,0.3667221,0.7689546,0.4844627,0.477352,0.1,3,0,0.916834,0.7489147,0.591513,0.9513854,0.1062898,0.5120179,False,4,1,1
6/26/2025 6:58:46 PM,1750957126590,Left,0.7876047,0.4519657,0.4493602,1.072193,0.4521966,0.3655368,0.7558571,0.4741266,0.4713791,0.1,3,0,0.9137662,0.7557925,0.5909915,0.9551356,0.1097321,0.5138076,False,4,1,1
6/26/2025 6:58:46 PM,1750957126618,Left,0.7876047,0.4519657,0.4493602,1.072674,0.4499459,0.3640361,0.7635262,0.4810266,0.4735573,0.1,3,0,0.9074749,0.7704821,0.5893821,0.9589589,0.1224269,0.51863,False,4,1,1
6/26/2025 6:58:46 PM,1750957126631,Left,0.7876047,0.4519657,0.4493602,1.073414,0.4475125,0.3663041,0.763903,0.4866037,0.4745399,0.1,3,0,0.9049509,0.7786801,0.588183,0.9594711,0.130709,0.5198863,False,4,1,1
6/26/2025 6:58:46 PM,1750957126660,Left,0.7876047,0.4519657,0.4493602,1.073047,0.4487269,0.3645985,0.7631792,0.4907421,0.4737436,0.1,3,0,0.8987359,0.7968463,0.585342,0.956254,0.139728,0.5203661,False,4,1,1
6/26/2025 6:58:46 PM,1750957126673,Left,0.7876047,0.4519657,0.4493602,1.073298,0.4495282,0.3638416,0.7626884,0.4922349,0.4734202,0.1,3,0,0.8949305,0.8064755,0.5843533,0.954649,0.1451219,0.520692,False,4,1,1
6/26/2025 6:58:46 PM,1750957126701,Left,0.7876047,0.4519657,0.4493602,1.074005,0.4515588,0.3613392,0.7618679,0.4951412,0.4726219,0.1,3,0,0.8881143,0.8257535,0.5818228,0.9511257,0.1579206,0.5212651,False,4,1,1
6/26/2025 6:58:46 PM,1750957126715,Left,0.7876047,0.4519657,0.4493602,1.074748,0.45272,0.3575941,0.7614462,0.4966596,0.4721856,0.1,3,0,0.8849826,0.8356647,0.5800393,0.9494042,0.1646981,0.5213645,False,4,1,1
6/26/2025 6:58:46 PM,1750957126729,Left,0.7876047,0.4519657,0.4493602,1.075547,0.4541889,0.3565443,0.7607542,0.4992004,0.471244,0.1,3,0,0.881146,0.8458543,0.5784123,0.9483464,0.1690066,0.5233207,False,4,1,1
6/26/2025 6:58:46 PM,1750957126756,Left,0.9622028,0.1617948,0.4625554,1.077488,0.4557004,0.3494564,0.9359432,0.2087668,0.4828345,0.1,3,0,0.8722171,0.8675149,0.5746177,0.9439665,0.1794582,0.5255672,False,4,1,1
6/26/2025 6:58:46 PM,1750957126771,Left,0.9584693,0.1706101,0.4634658,1.079023,0.4584627,0.3470783,0.9327109,0.2164223,0.4830451,0.1,3,0,0.8680834,0.8785934,0.5724999,0.9413955,0.1864021,0.5258102,False,4,1,1
6/26/2025 6:58:46 PM,1750957126798,Left,0.9498659,0.1941258,0.4654413,1.082046,0.4651166,0.3442797,0.9248322,0.2363776,0.4837502,0.1,3,0,0.8590392,0.9013259,0.5672364,0.9356008,0.2032998,0.5259719,False,4,1,1
6/26/2025 6:58:46 PM,1750957126812,Left,0.9457286,0.2038194,0.4663876,1.0832,0.4690888,0.3425559,0.9209726,0.2453042,0.4837099,0.1,3,0,0.853483,0.9125593,0.5637372,0.9321572,0.2129031,0.5261139,False,4,1,1
6/26/2025 6:58:46 PM,1750957126840,Left,0.9374292,0.2253605,0.4682325,1.084175,0.4753155,0.3377015,0.9124627,0.26678,0.4836324,0.1,3,0,0.8427695,0.9362231,0.5566053,0.9239622,0.2353714,0.5264417,False,4,1,1
6/26/2025 6:58:46 PM,1750957126854,Left,0.9332257,0.236792,0.4690954,1.085086,0.4773979,0.3344868,0.9078379,0.2787685,0.4834597,0.1,3,0,0.8374564,0.9489374,0.5533739,0.9194773,0.2474864,0.52677,False,4,1,1
6/26/2025 6:58:46 PM,1750957126868,Left,0.9293143,0.24816,0.4700224,1.085964,0.4793617,0.3314536,0.902682,0.2922594,0.4838322,0.1,3,0,0.8319631,0.961885,0.5502251,0.9145662,0.2615622,0.5269018,False,4,1,1
6/26/2025 6:58:46 PM,1750957126895,Left,0.9216933,0.2722749,0.4717236,1.087791,0.4833306,0.325318,0.8925785,0.3212296,0.4838693,0.1,3,0,0.8209053,0.9886515,0.5428617,0.9052653,0.2907676,0.5269403,False,4,1,1
6/26/2025 6:58:46 PM,1750957126909,Left,0.917906,0.2849575,0.4723955,1.088757,0.4853693,0.3221635,0.8874811,0.3370366,0.4834975,0.1,3,0,0.8151742,1.002474,0.5389501,0.9002779,0.3068628,0.5269165,False,4,1,1
6/26/2025 6:58:46 PM,1750957126937,Left,0.9096264,0.3102546,0.4737425,1.090341,0.4886271,0.3171183,0.8778075,0.3645065,0.4827818,0.1,3,0,0.8035115,1.030185,0.5303433,0.8916097,0.3351526,0.5265725,False,4,1,1
6/26/2025 6:58:46 PM,1750957126951,Left,0.9050475,0.3235464,0.474548,1.090341,0.4886271,0.3171183,0.8732317,0.3775003,0.4825076,0.1,3,0,0.7980061,1.043764,0.5254583,0.8868815,0.3479308,0.526364,False,4,1,1
6/26/2025 6:58:46 PM,1750957126979,Left,0.8963112,0.3498341,0.4755668,1.090341,0.4886271,0.3171183,0.8639556,0.4045467,0.4810961,0.1,3,0,0.7872483,1.071571,0.515004,0.8776478,0.375252,0.5254778,False,4,1,1
6/26/2025 6:58:46 PM,1750957126992,Left,0.8917137,0.3633958,0.4759284,1.090341,0.4886271,0.3171183,0.8592425,0.4184377,0.4802462,0.1,3,0,0.7819968,1.085974,0.510166,0.8727998,0.389004,0.5250946,False,4,1,1
6/26/2025 6:58:47 PM,1750957127021,Left,0.8822055,0.3896866,0.4763298,1.090341,0.4886271,0.3171183,0.8493446,0.4449523,0.4787322,0.1,3,0,0.7712299,1.114311,0.5008123,0.8638905,0.4165013,0.5236855,False,4,1,1
6/26/2025 6:58:47 PM,1750957127034,Left,0.8777544,0.4032593,0.4763275,1.090341,0.4886271,0.3171183,0.844629,0.4587162,0.4778115,0.1,3,0,0.7657746,1.12888,0.4961271,0.8593294,0.4307974,0.5227102,False,4,1,1
6/26/2025 6:58:47 PM,1750957127048,Left,0.873105,0.4161216,0.4759697,1.090341,0.4886271,0.3171183,0.8398799,0.471848,0.4764756,0.1,3,0,0.7607409,1.143605,0.4909493,0.8547118,0.4449459,0.5215161,False,4,1,1
6/26/2025 6:58:47 PM,1750957127076,Left,0.8639681,0.4419862,0.4755787,1.090341,0.4886271,0.3171183,0.830696,0.4982166,0.474236,0.1,3,0,0.7516177,1.172726,0.4811939,0.8456513,0.4730604,0.5191823,False,4,1,1
6/26/2025 6:58:47 PM,1750957127090,Left,0.8592039,0.4560811,0.4753913,1.090341,0.4886271,0.3171183,0.8260203,0.5123684,0.4731448,0.1,3,0,0.7472986,1.187205,0.4766123,0.8410754,0.4871965,0.5181965,False,4,1,1
6/26/2025 6:58:47 PM,1750957127118,Left,0.8496424,0.4821772,0.4743725,1.090341,0.4886271,0.3171183,0.8164912,0.5388181,0.4702385,0.1,3,0,0.7383758,1.215809,0.4663792,0.8320736,0.51495,0.5156706,False,4,1,1
6/26/2025 6:58:47 PM,1750957127132,Left,0.8440998,0.4959983,0.4735698,1.090341,0.4886271,0.3171183,0.8111942,0.5526805,0.4685511,0.1,3,0,0.7343288,1.230693,0.4611815,0.8271233,0.5295498,0.5142493,False,4,1,1
6/26/2025 6:58:47 PM,1750957127159,Left,0.8333043,0.5239988,0.471548,1.06024,0.6584483,0.3356706,0.8011634,0.5809209,0.4647115,0.1,3,0,0.728451,1.259544,0.4509356,0.8181354,0.5581934,0.5109324,False,4,1,1
6/26/2025 6:58:47 PM,1750957127173,Left,0.8278703,0.538363,0.4704545,1.061601,0.6645054,0.3359211,0.796163,0.5948911,0.4628529,0.1,3,0,0.7257989,1.273744,0.4457227,0.8139346,0.5730129,0.5089754,False,4,1,1
6/26/2025 6:58:47 PM,1750957127201,Left,0.8179088,0.5667257,0.4679943,1.0665,0.6788186,0.3358133,0.787048,0.6233259,0.4587346,0.1,3,0,0.7213587,1.303284,0.4351037,0.8057366,0.6023411,0.5048714,False,4,1,1
6/26/2025 6:58:47 PM,1750957127215,Left,0.812267,0.581405,0.4666399,1.069592,0.6847372,0.3356163,0.7821502,0.6381778,0.4566448,0.1,3,0,0.7201473,1.318681,0.4302713,0.8014449,0.6174171,0.5029044,False,4,1,1
6/26/2025 6:58:47 PM,1750957127229,Left,0.8071408,0.5960373,0.46531,1.072407,0.6911275,0.33546,0.7779055,0.653009,0.4546696,0.1,3,0,0.7195822,1.334136,0.4255339,0.7976465,0.6325123,0.5009851,False,4,1,1
6/26/2025 6:58:47 PM,1750957127256,Left,0.7988374,0.6257141,0.4622164,1.079373,0.7026125,0.334284,0.7714966,0.6823909,0.4501951,0.1,3,0,0.7202244,1.363989,0.4155996,0.7907957,0.6627526,0.4966711,False,4,1,1
6/26/2025 6:58:47 PM,1750957127271,Left,0.793455,0.6406043,0.4608581,1.082725,0.7080616,0.3332038,0.7671472,0.6969335,0.4481116,0.1,3,0,0.7211073,1.377936,0.410606,0.7874468,0.6777402,0.4945289,False,4,1,1
6/26/2025 6:58:47 PM,1750957127298,Left,0.7836361,0.6719005,0.4599173,1.089607,0.7190754,0.3300513,0.7594734,0.7270281,0.4454508,0.1,3,0,0.7242544,1.404462,0.3999101,0.7820847,0.7067236,0.4904729,False,4,1,1
6/26/2025 6:58:47 PM,1750957127312,Left,0.7804164,0.6861486,0.4582869,1.092944,0.7242737,0.3288867,0.7573888,0.740667,0.4428125,0.1,3,0,0.7266323,1.416857,0.3936737,0.7795598,0.7208694,0.4884185,False,4,1,1
6/26/2025 6:58:47 PM,1750957127340,Left,0.7719396,0.7158793,0.4579467,1.098584,0.733429,0.3258724,0.7512555,0.7693507,0.4404089,0.1,3,0,0.732221,1.441924,0.3818077,0.7756884,0.7484281,0.4847265,False,4,1,1
6/26/2025 6:58:47 PM,1750957127354,Left,0.7668765,0.7325553,0.4584408,1.101391,0.7376696,0.3243572,0.747407,0.785313,0.4396636,0.1,3,0,0.7346938,1.454713,0.3751075,0.7735089,0.7627234,0.4829682,False,4,1,1
6/26/2025 6:58:47 PM,1750957127368,Left,0.763756,0.7483612,0.4577677,1.103618,0.7412644,0.3230484,0.745194,0.800018,0.4379155,0.1,3,0,0.7373306,1.467101,0.368628,0.7723655,0.7776234,0.4806744,False,4,1,1
6/26/2025 6:58:47 PM,1750957127396,Left,0.7573642,0.7776912,0.4566683,1.107648,0.7478912,0.3196376,0.7409526,0.8267023,0.4341051,0.1,3,0,0.7435622,1.49038,0.3540868,0.7699776,0.8072186,0.4769991,False,4,1,1
6/26/2025 6:58:47 PM,1750957127407,Left,0.7543537,0.7943165,0.4566625,1.108878,0.750781,0.3180505,0.7390522,0.8413177,0.4328692,0.1,3,0,0.74683,1.500537,0.347561,0.768675,0.8218634,0.4753646,False,4,1,1
6/26/2025 6:58:47 PM,1750957127435,Left,0.749442,0.825102,0.4568779,1.110513,0.7555735,0.3154558,0.7365768,0.8657159,0.4309048,0.1,3,0,0.753677,1.518604,0.3358383,0.7666202,0.8465797,0.4733284,False,4,1,1
6/26/2025 6:58:47 PM,1750957127449,Left,0.7465968,0.8419908,0.4571151,1.110754,0.7579638,0.3138492,0.7350011,0.8780904,0.4300047,0.1,3,0,0.7570641,1.528277,0.3294331,0.7656291,0.8604581,0.4720931,False,4,1,1
6/26/2025 6:58:47 PM,1750957127477,Left,0.740792,0.8793976,0.457007,1.110069,0.7626542,0.3106243,0.7312832,0.9114465,0.4269713,0.1,3,0,0.7635956,1.545162,0.3154012,0.7631467,0.8929693,0.469169,False,4,1,1
6/26/2025 6:58:47 PM,1750957127491,Left,0.7394093,0.8977916,0.4570976,1.108797,0.7646558,0.3075802,0.7310479,0.9278651,0.4255239,0.1,3,0,0.7669142,1.553055,0.3087164,0.7614344,0.9094597,0.4679929,False,4,1,1
6/26/2025 6:58:47 PM,1750957127519,Left,0.7329738,0.9348437,0.4576218,1.105804,0.7683372,0.3022271,0.7269056,0.9592592,0.4234217,0.1,3,0,0.7732294,1.568738,0.2960829,0.7581067,0.9416137,0.4654528,False,4,1,1
6/26/2025 6:58:47 PM,1750957127533,Left,0.7301111,0.9536147,0.457443,1.103266,0.7706162,0.301353,0.7252328,0.9748032,0.4220142,0.1,3,0,0.7763879,1.577002,0.2896628,0.756444,0.9581136,0.4639224,False,4,1,1
6/26/2025 6:58:47 PM,1750957127560,Left,0.7235075,0.9929559,0.4568403,1.098166,0.7750983,0.3001286,0.7208476,1.007088,0.4187453,0.1,3,0,0.7806037,1.592705,0.2758014,0.7520603,0.990537,0.4608725,False,4,1,1
6/26/2025 6:58:47 PM,1750957127575,Left,0.7191092,1.013272,0.4566278,1.095425,0.7774636,0.2992148,0.7176561,1.023311,0.4171858,0.1,3,0,0.7826809,1.599317,0.2687258,0.7491836,1.006513,0.4591653,False,4,1,1
6/26/2025 6:58:47 PM,1750957127588,Left,0.7144477,1.033282,0.4561606,1.092377,0.7796727,0.2976241,0.7145506,1.038949,0.4153069,0.1,3,0,0.7843742,1.604747,0.2615049,0.7462326,1.022058,0.4573385,False,4,1,1
6/26/2025 6:58:47 PM,1750957127616,Left,0.7041044,1.072726,0.4543669,1.085363,0.7838683,0.2958772,0.706737,1.069601,0.4109549,0.1,3,0,0.787701,1.615149,0.2463436,0.7383469,1.052775,0.4528613,False,4,1,1
6/26/2025 6:58:47 PM,1750957127630,Left,0.6980517,1.092548,0.4530238,1.080869,0.7868144,0.2960192,0.7051483,1.073239,0.409359,0.1,3,0,0.7883311,1.620637,0.2386819,0.7335068,1.068825,0.4510005,False,4,1,1
6/26/2025 6:58:47 PM,1750957127658,Left,0.6848354,1.130383,0.4498049,1.07148,0.7927709,0.29526,0.6915947,1.114638,0.4024819,0.1,3,0,0.7877846,1.631652,0.2230408,0.7224793,1.099076,0.4453712,False,4,1,1
6/26/2025 6:58:47 PM,1750957127672,Left,0.6767619,1.148968,0.4480128,1.067228,0.7959374,0.2948982,0.6855715,1.129234,0.3993001,0.1,3,0,0.7873548,1.636446,0.2156073,0.7163371,1.113968,0.4428896,False,4,1,1
6/26/2025 6:58:47 PM,1750957127699,Left,0.6599842,1.18517,0.443296,1.055084,0.8029562,0.2943488,0.6713808,1.15637,0.3926984,0.1,3,0,0.7857293,1.644273,0.2008733,0.7019843,1.142242,0.4364746,False,4,1,1
6/26/2025 6:58:47 PM,1750957127713,Left,0.6506367,1.203131,0.4404586,1.047765,0.8076734,0.2940999,0.6639088,1.169642,0.3889326,0.1,3,0,0.7842535,1.647308,0.1936487,0.6945112,1.156394,0.433224,False,4,1,1
6/26/2025 6:58:47 PM,1750957127727,Left,0.6413993,1.220932,0.4374536,1.041204,0.8115369,0.293423,0.6560783,1.182742,0.3849954,0.1,3,0,0.7824912,1.650074,0.18642,0.6861621,1.170069,0.4295897,False,4,1,1
6/26/2025 6:58:47 PM,1750957127755,Left,0.6219778,1.2541,0.4316616,1.028376,0.8191381,0.2920145,0.6397798,1.207552,0.3772283,0.1,3,0,0.7776781,1.655296,0.1718456,0.6691825,1.1955,0.4224681,False,4,1,1
6/26/2025 6:58:47 PM,1750957127769,Left,0.611679,1.270705,0.4283158,1.021647,0.8224647,0.291629,0.6309292,1.219481,0.3732504,0.1,3,0,0.7745118,1.657376,0.1649892,0.6599433,1.207738,0.4187615,False,4,1,1
6/26/2025 6:58:47 PM,1750957127797,Left,0.5915055,1.301663,0.420976,1.008639,0.8291293,0.2875151,0.6132975,1.241743,0.3644851,0.1,3,0,0.7676987,1.660117,0.1505296,0.641785,1.231567,0.4105183,False,4,1,1
6/26/2025 6:58:47 PM,1750957127810,Left,0.5815167,1.317165,0.4167958,1.001057,0.8325979,0.2858166,0.6048809,1.252332,0.3593851,0.1,3,0,0.7639225,1.660348,0.1426252,0.6325905,1.24304,0.4058753,False,4,1,1
6/26/2025 6:58:47 PM,1750957127838,Left,0.5617642,1.347024,0.4081928,0.9861098,0.8387823,0.282332,0.5875863,1.273014,0.3491807,0.1,3,0,0.7550949,1.660617,0.1270226,0.61471,1.264805,0.3962219,False,4,1,1
6/26/2025 6:58:47 PM,1750957127852,Left,0.5519542,1.361667,0.4035485,0.978496,0.8421195,0.2808233,0.5787005,1.283068,0.3440098,0.1,3,0,0.7499378,1.660847,0.1191927,0.6055909,1.27521,0.3913385,False,4,1,1
6/26/2025 6:58:47 PM,1750957127880,Left,0.5332115,1.388779,0.3944684,0.9644217,0.845266,0.2750002,0.5613873,1.302262,0.3334249,0.1,3,0,0.7386878,1.660769,0.1037593,0.5876212,1.295119,0.3809948,False,4,1,1
6/26/2025 6:58:47 PM,1750957127894,Left,0.5244216,1.403089,0.3896123,0.9569489,0.8469442,0.2717831,0.5534799,1.311792,0.3281628,0.1,3,0,0.732451,1.660113,0.09615541,0.5784875,1.304563,0.3758321,False,4,1,1
6/26/2025 6:58:47 PM,1750957127908,Left,0.5146536,1.414399,0.3853632,0.9501171,0.8470758,0.2679736,0.5443959,1.319061,0.3233075,0.1,3,0,0.7259755,1.659644,0.08843935,0.5692826,1.313568,0.3704785,False,4,1,1
6/26/2025 6:58:47 PM,1750957127935,Left,0.497896,1.437378,0.3764044,0.9345751,0.8502267,0.2607551,0.5284871,1.334425,0.3128099,0.1,3,0,0.7111374,1.65804,0.07256734,0.5510592,1.329943,0.3608867,False,4,1,1
6/26/2025 6:58:47 PM,1750957127949,Left,0.4890161,1.447427,0.3730086,0.9265851,0.8491032,0.2561276,0.5197459,1.341327,0.3083313,0.1,3,0,0.7032406,1.657616,0.06470215,0.5422537,1.337045,0.3569876,False,4,1,1
6/26/2025 6:58:47 PM,1750957127977,Left,0.4694857,1.46515,0.3685009,0.9108936,0.8458868,0.2450276,0.5003427,1.353721,0.301736,0.1,3,0,0.6853727,1.658441,0.04831922,0.5244095,1.350448,0.3485809,False,4,1,1
6/26/2025 6:58:47 PM,1750957127991,Left,0.4623711,1.474884,0.3636515,0.9026963,0.8430694,0.2383545,0.4930167,1.361468,0.2960972,0.1,3,0,0.676002,1.660746,0.04011536,0.5156045,1.356934,0.3439586,False,4,1,1
6/26/2025 6:58:48 PM,1750957128018,Left,0.4451419,1.490532,0.3572773,0.8874977,0.8363144,0.2241228,0.4753164,1.372694,0.2875995,0.1,3,0,0.6575407,1.660789,0.02303398,0.4989403,1.367797,0.3353546,False,4,1,1
6/26/2025 6:58:48 PM,1750957128033,Left,0.4365124,1.498633,0.353268,0.8797438,0.8333626,0.2167294,0.4666573,1.378668,0.2825891,0.1,3,0,0.648478,1.661466,0.01420462,0.4901175,1.373327,0.3306301,False,4,1,1
6/26/2025 6:58:48 PM,1750957128060,Left,0.4213617,1.514373,0.3448351,0.8648863,0.8288202,0.2040657,0.4510991,1.390862,0.2721345,0.1,3,0,0.6293389,1.663683,-0.002878189,0.4721139,1.384183,0.3214644,False,4,1,1
6/26/2025 6:58:48 PM,1750957128075,Left,0.4120793,1.521905,0.3414982,0.8564775,0.8285859,0.2007122,0.4418184,1.39597,0.2676493,0.1,3,0,0.6201297,1.663202,-0.01190245,0.4631031,1.389357,0.3169692,False,4,1,1
6/26/2025 6:58:48 PM,1750957128088,Left,0.4034133,1.529621,0.3379118,0.8504769,0.8284355,0.1984951,0.4331078,1.401236,0.2629663,0.1,3,0,0.6112332,1.663187,-0.0205518,0.4543628,1.39462,0.3125588,False,4,1,1
6/26/2025 6:58:48 PM,1750957128116,Left,0.3866508,1.545559,0.330513,0.8332783,0.8281329,0.1894676,0.4159743,1.413928,0.2538305,0.1,3,0,0.5918248,1.668556,-0.03605032,0.4368058,1.407271,0.3041071,False,4,1,1
6/26/2025 6:58:48 PM,1750957128130,Left,0.3774481,1.55388,0.3272029,0.8236275,0.827448,0.1819246,0.4065674,1.420363,0.2498489,0.1,3,0,0.5821111,1.670117,-0.04312074,0.4277885,1.413797,0.2997974,False,4,1,1
6/26/2025 6:58:48 PM,1750957128157,Left,0.3610437,1.570512,0.3196724,0.8044822,0.8258718,0.1633768,0.3898418,1.431908,0.2405823,0.1,3,0,0.5645096,1.67057,-0.0576843,0.410922,1.426162,0.2921835,False,4,1,1
6/26/2025 6:58:48 PM,1750957128171,Left,0.3529229,1.579418,0.3158623,0.7946225,0.8259577,0.1545947,0.3814605,1.438194,0.2363579,0.1,3,0,0.5559162,1.671535,-0.06495404,0.4023307,1.432265,0.2875899,False,4,1,1
6/26/2025 6:58:48 PM,1750957128199,Left,0.3369469,1.597321,0.3078291,0.7754768,0.8266177,0.1366729,0.3655907,1.45197,0.2272216,0.1,3,0,0.5381771,1.675371,-0.07816327,0.3853665,1.446333,0.2779072,False,4,1,1
6/26/2025 6:58:48 PM,1750957128213,Left,0.3294632,1.607071,0.3031451,0.7663039,0.8271292,0.127768,0.3582831,1.459396,0.2221072,0.1,3,0,0.5300077,1.677043,-0.08389103,0.3772878,1.453723,0.2732808,False,4,1,1
6/26/2025 6:58:48 PM,1750957128227,Left,0.3214509,1.616821,0.2984796,0.7573682,0.8277735,0.1197216,0.3500618,1.466558,0.2173383,0.1,3,0,0.5223825,1.678061,-0.08939445,0.3697774,1.460636,0.2689316,False,4,1,1
6/26/2025 6:58:48 PM,1750957128254,Left,0.3080344,1.635641,0.2890054,0.7409953,0.8297132,0.1034302,0.3368984,1.480124,0.2076935,0.1,3,0,0.5078672,1.680201,-0.1000116,0.3549764,1.475146,0.2589055,False,4,1,1
6/26/2025 6:58:48 PM,1750957128269,Left,0.301189,1.645051,0.2840172,0.7332596,0.8302857,0.09443297,0.3299164,1.487153,0.2023588,0.1,3,0,0.500272,1.681405,-0.1048069,0.346788,1.481956,0.2555598,False,4,1,1
6/26/2025 6:58:48 PM,1750957128297,Left,0.2903133,1.664138,0.2714829,0.7176729,0.8325354,0.07987225,0.320865,1.502749,0.1885781,0.1,3,0,0.4841501,1.684386,-0.1138448,0.3298677,1.494859,0.2478617,False,4,1,1
6/26/2025 6:58:48 PM,1750957128310,Left,0.2804687,1.67052,0.2710968,0.7100981,0.8335759,0.07177528,0.3095674,1.506005,0.1889285,0.1,3,0,0.4760494,1.685407,-0.1183002,0.3216017,1.50154,0.2436645,False,4,1,1
6/26/2025 6:58:48 PM,1750957128338,Left,0.2669607,1.686586,0.2619845,0.6964846,0.8348499,0.06011669,0.2971097,1.518214,0.1786048,0.1,3,0,0.4611224,1.686318,-0.1268773,0.3059365,1.514366,0.2350501,False,4,1,1
6/26/2025 6:58:48 PM,1750957128352,Left,0.2601324,1.693898,0.2582487,0.6897459,0.8358356,0.05457822,0.2894501,1.521691,0.1763096,0.1,3,0,0.4536697,1.686808,-0.130751,0.2981726,1.520903,0.23056,False,4,1,1
6/26/2025 6:58:48 PM,1750957128380,Left,0.2448759,1.703636,0.254603,0.677709,0.8377617,0.04521909,0.2724913,1.529383,0.1716772,0.1,3,0,0.437073,1.687815,-0.1377198,0.2885251,1.527769,0.225239,False,4,1,1
6/26/2025 6:58:48 PM,1750957128394,Left,0.2370621,1.708873,0.2526551,0.6715888,0.8401582,0.04122067,0.2629526,1.53446,0.1695544,0.1,3,0,0.4285779,1.68837,-0.1409199,0.2868261,1.527936,0.224599,False,4,1,1
6/26/2025 6:58:48 PM,1750957128407,Left,0.228835,1.712945,0.2516227,0.6666285,0.8404379,0.03811706,0.2531422,1.538512,0.1678775,0.1,3,0,0.4204464,1.688195,-0.1439778,0.2852089,1.527885,0.2239866,False,4,1,1
6/26/2025 6:58:48 PM,1750957128435,Left,0.2127737,1.719413,0.2503062,0.6568576,0.8408972,0.03134555,0.233923,1.544332,0.1653056,0.1,3,0,0.4048389,1.685731,-0.1500193,0.2820783,1.527144,0.2227791,False,4,1,1
6/26/2025 6:58:48 PM,1750957128449,Left,0.2069979,1.72343,0.2479247,0.6521298,0.8403401,0.02789326,0.2265126,1.547791,0.1624941,0.1,3,0,0.3970571,1.683976,-0.1525104,0.2805219,1.526618,0.2222809,False,4,1,1
6/26/2025 6:58:48 PM,1750957128477,Left,0.1882882,1.726088,0.250133,0.642287,0.8380195,0.02015637,0.2048286,1.549733,0.163709,0.1,3,0,0.3806446,1.681319,-0.1567686,0.2772394,1.52582,0.2214292,False,4,1,1
6/26/2025 6:58:48 PM,1750957128491,Left,0.1832394,1.728964,0.24784,0.6372016,0.8349875,0.01440168,0.1978665,1.552178,0.1612627,0.1,3,0,0.3722873,1.679845,-0.1579398,0.2755679,1.525378,0.221195,False,4,1,1
6/26/2025 6:58:48 PM,1750957128518,Left,0.1665505,1.730232,0.249381,0.6291091,0.8300162,0.00689346,0.1780287,1.552505,0.1621876,0.1,3,0,0.3566226,1.676446,-0.1607474,0.272435,1.524359,0.2206335,False,4,1,1
6/26/2025 6:58:48 PM,1750957128532,Left,0.1595332,1.730314,0.2498043,0.6237431,0.8268651,0.003599548,0.1695443,1.552109,0.1624472,0.1,3,0,0.3492612,1.674716,-0.1612947,0.2709561,1.523835,0.2204937,False,4,1,1
6/26/2025 6:58:48 PM,1750957128560,Left,0.1444604,1.729337,0.2524571,0.6131665,0.8186973,-0.00217368,0.1513951,1.55027,0.1651412,0.1,3,0,0.3338528,1.671613,-0.160923,0.2678811,1.522909,0.2205983,False,4,1,1
6/26/2025 6:58:48 PM,1750957128574,Left,0.1367784,1.727928,0.2543314,0.6058165,0.8168961,-0.007963721,0.1421215,1.548535,0.1670753,0.1,3,0,0.3259271,1.670443,-0.160481,0.2662993,1.522547,0.2206801,False,4,1,1
6/26/2025 6:58:48 PM,1750957128588,Left,0.129417,1.726891,0.2559803,0.5995641,0.8128088,-0.009011741,0.1329176,1.547212,0.168804,0.1,3,0,0.3182182,1.669026,-0.1598481,0.2647517,1.522138,0.2208099,False,4,1,1
6/26/2025 6:58:48 PM,1750957128616,Left,0.115151,1.724201,0.2597885,0.5838209,0.8051409,-0.01757979,0.1160517,1.54327,0.1730185,0.1,3,0,0.3039441,1.66521,-0.1579958,0.2618993,1.520988,0.2211838,False,4,1,1
6/26/2025 6:58:48 PM,1750957128629,Left,0.107967,1.723051,0.2616803,0.5745332,0.8018422,-0.01771803,0.1074693,1.541235,0.1750025,0.1,3,0,0.2973751,1.662312,-0.1572038,0.2605855,1.520118,0.2213422,False,4,1,1
6/26/2025 6:58:48 PM,1750957128658,Left,0.0919027,1.721604,0.2649191,0.5580163,0.7942982,-0.02196748,0.08875139,1.54127,0.1789704,0.1,3,0,0.2834995,1.667411,-0.1539288,0.2578104,1.521626,0.2219774,False,4,1,1
6/26/2025 6:58:48 PM,1750957128672,Left,0.08434948,1.721168,0.2666483,0.5488613,0.7906461,-0.02437049,0.07987715,1.540513,0.18089,0.1,3,0,0.2758657,1.665653,-0.1518865,0.2563342,1.521295,0.2223717,False,4,1,1
6/26/2025 6:58:48 PM,1750957128699,Left,0.07012787,1.719971,0.2698916,0.5297934,0.7844363,-0.02949072,0.06251627,1.540827,0.1849729,0.1,3,0,0.2610771,1.671762,-0.1487486,0.2533118,1.522812,0.2230338,False,4,1,1
6/26/2025 6:58:48 PM,1750957128713,Left,0.06250791,1.719053,0.2716991,0.5197243,0.7822136,-0.031128,0.0535274,1.540705,0.1868692,0.1,3,0,0.2537094,1.673276,-0.1475312,0.2518524,1.523408,0.2232767,False,4,1,1
6/26/2025 6:58:48 PM,1750957128741,Left,0.04747534,1.717247,0.2751599,0.5000562,0.7789322,-0.03418712,0.03579067,1.53907,0.1908695,0.1,3,0,0.2408296,1.674103,-0.1459947,0.2492325,1.523766,0.2236585,False,4,1,1
6/26/2025 6:58:48 PM,1750957128755,Left,0.03987125,1.716524,0.2766291,0.4908952,0.7785476,-0.03625052,0.02692148,1.538386,0.1924025,0.1,3,0,0.2344005,1.674276,-0.1455413,0.2479763,1.523812,0.2237094,False,4,1,1
6/26/2025 6:58:48 PM,1750957128769,Left,0.03228268,1.715893,0.2779352,0.4814219,0.7787688,-0.037314,0.01804943,1.537762,0.1937385,0.1,3,0,0.2278188,1.674788,-0.1454856,0.2466927,1.523825,0.2237284,False,4,1,1
6/26/2025 6:58:48 PM,1750957128796,Left,0.01714657,1.714895,0.2800706,0.4622291,0.7792065,-0.03899739,0.0003564209,1.537876,0.1956618,0.1,3,0,0.2155232,1.678431,-0.1464884,0.2442151,1.524954,0.2234853,False,4,1,1
6/26/2025 6:58:48 PM,1750957128811,Left,0.009275239,1.714511,0.2809371,0.4521693,0.7799504,-0.03965168,-0.008779734,1.537925,0.1966184,0.1,3,0,0.2089009,1.679883,-0.1460544,0.2428907,1.52539,0.2235721,False,4,1,1
6/26/2025 6:58:48 PM,1750957128838,Left,0.006516375,1.714398,0.2812017,0.4322864,0.7822627,-0.04039501,-0.01440924,1.538769,0.1971054,0.1,3,0,0.1972193,1.683041,-0.1451074,0.2405209,1.526368,0.2237443,False,4,1,1
6/26/2025 6:58:48 PM,1750957128852,Left,0.006516375,1.714398,0.2812017,0.4221162,0.7838726,-0.04000315,-0.01554516,1.53929,0.1971553,0.1,3,0,0.1913726,1.68488,-0.144944,0.239385,1.526889,0.2237942,False,4,1,1
6/26/2025 6:58:48 PM,1750957128880,Left,0.006516375,1.714398,0.2812017,0.4038335,0.7893495,-0.03932195,-0.01779395,1.539812,0.1970674,0.1,3,0,0.1801286,1.68662,-0.1453834,0.2371362,1.527411,0.2237063,False,4,1,1
6/26/2025 6:58:48 PM,1750957128894,Left,0.006516375,1.714398,0.2812017,0.3947305,0.7920833,-0.03845156,-0.0188905,1.540007,0.1969104,0.1,3,0,0.1749338,1.687077,-0.1461564,0.2360397,1.527606,0.2235493,False,4,1,1
6/26/2025 6:58:48 PM,1750957128907,Left,0.006516375,1.714398,0.2812017,0.386447,0.7956489,-0.03750668,-0.01993012,1.540151,0.1967448,0.1,3,0,0.1694477,1.68775,-0.1469963,0.235,1.52775,0.2233837,False,4,1,1
6/26/2025 6:58:48 PM,1750957128935,Left,0.006516375,1.714398,0.2812017,0.3715999,0.801946,-0.03533778,-0.02212659,1.540552,0.1965588,0.1,3,0,0.1584654,1.689087,-0.1479263,0.2328036,1.528151,0.2231977,False,4,1,1
6/26/2025 6:58:48 PM,1750957128949,Left,0.006516375,1.714398,0.2812017,0.3650922,0.8053017,-0.03418695,-0.02324843,1.540876,0.1965739,0.1,3,0,0.1528561,1.690167,-0.1478508,0.2316817,1.528475,0.2232128,False,4,1,1
6/26/2025 6:58:48 PM,1750957128977,Left,0.006516375,1.714398,0.2812017,0.3543423,0.8118147,-0.03221323,-0.02533948,1.541361,0.1965441,0.1,3,0,0.1427313,1.691736,-0.1477596,0.2295907,1.528961,0.223183,False,4,1,1
6/26/2025 6:58:48 PM,1750957128991,Left,0.006516375,1.714398,0.2812017,0.3496138,0.815067,-0.03138776,-0.02628751,1.541448,0.1965244,0.1,3,0,0.1376607,1.692075,-0.1480981,0.2286427,1.529048,0.2231633,False,4,1,1
6/26/2025 6:58:49 PM,1750957129018,Left,0.006516375,1.714398,0.2812017,0.3415328,0.8207343,-0.03090995,-0.02827469,1.541544,0.196499,0.1,3,0,0.1277249,1.692393,-0.1482254,0.2266555,1.529143,0.2231379,False,4,1,1
6/26/2025 6:58:49 PM,1750957129033,Left,0.006516375,1.714398,0.2812017,0.3381627,0.8233258,-0.03112662,0.2545622,1.557389,0.1297197,0.1,3,0,0.1231604,1.692606,-0.1482178,0.2248133,1.529054,0.2235711,False,4,1,1
6/26/2025 6:58:49 PM,1750957129060,Left,0.006516375,1.714398,0.2812017,0.332579,0.8275733,-0.0325029,0.2576852,1.563328,0.1244504,0.1,3,0,0.1153642,1.692765,-0.14834,0.2180118,1.52862,0.2252589,False,4,1,1
6/26/2025 6:58:49 PM,1750957129074,Left,0.006516375,1.714398,0.2812017,0.3304001,0.8291845,-0.03370108,0.2580019,1.566132,0.1223464,0.1,3,0,0.1117831,1.692377,-0.1487008,0.2135227,1.528289,0.2264044,False,4,1,1
6/26/2025 6:58:49 PM,1750957129088,Left,0.006516375,1.714398,0.2812017,0.3287651,0.830443,-0.03468694,0.2559414,1.568274,0.1219671,0.1,3,0,0.1081001,1.692046,-0.1491578,0.2078282,1.527829,0.2278683,False,4,1,1
6/26/2025 6:58:49 PM,1750957129115,Left,0.006516375,1.714398,0.2812017,0.3257431,0.8327262,-0.03814141,0.2481656,1.571202,0.1218625,0.1,3,0,0.1007354,1.692335,-0.1492652,0.1936932,1.526579,0.2315676,False,4,1,1
6/26/2025 6:58:49 PM,1750957129130,Left,0.006516375,1.714398,0.2812017,0.3247985,0.8331725,-0.04031045,0.242789,1.572522,0.122322,0.1,3,0,0.09726357,1.693231,-0.1487427,0.1854503,1.525794,0.2337591,False,4,1,1
6/26/2025 6:58:49 PM,1750957129157,Left,0.006516375,1.714398,0.2812017,0.3234367,0.8341689,-0.04447787,0.228579,1.574287,0.1245747,0.1,3,0,0.09047222,1.694166,-0.1480294,0.1657317,1.523793,0.2390848,False,4,1,1
6/26/2025 6:58:49 PM,1750957129171,Left,0.006516375,1.714398,0.2812017,0.3228625,0.834675,-0.04610274,0.2205134,1.574783,0.1260096,0.1,3,0,0.08734071,1.693628,-0.1484523,0.1547328,1.522602,0.2420862,False,4,1,1
6/26/2025 6:58:49 PM,1750957129199,Left,-0.07933965,1.665784,0.3410541,0.3218116,0.8356253,-0.05061384,0.1154392,1.525351,0.1910831,0.1,3,0,0.08006251,1.692508,-0.1490505,0.1294352,1.519741,0.2489481,False,4,1,1
6/26/2025 6:58:49 PM,1750957129213,Left,-0.08290694,1.665288,0.3411086,0.3215643,0.835967,-0.05345945,0.1016726,1.524232,0.1940714,0.1,3,0,0.07589376,1.692286,-0.1493787,0.1158709,1.518166,0.2525766,False,4,1,1
6/26/2025 6:58:49 PM,1750957129227,Left,-0.08600923,1.664923,0.3413343,0.3206852,0.8364971,-0.05558309,0.08671635,1.522538,0.1983738,0.1,3,0,0.07176054,1.691869,-0.1498247,0.1008307,1.51642,0.2565015,False,4,1,1
6/26/2025 6:58:49 PM,1750957129255,Left,-0.09335499,1.66425,0.3424222,0.3184366,0.8372405,-0.0607121,0.05165545,1.518542,0.2092485,0.1,3,0,0.06365776,1.691203,-0.1506202,0.06786653,1.512598,0.2645732,False,4,1,1
6/26/2025 6:58:49 PM,1750957129268,Left,-0.09690861,1.663947,0.3428477,0.3175308,0.8375583,-0.06298193,0.03427506,1.516472,0.2132385,0.1,3,0,0.05938411,1.690775,-0.1509269,0.05044207,1.510609,0.2686945,False,4,1,1
6/26/2025 6:58:49 PM,1750957129296,Left,-0.1047844,1.663424,0.3437935,0.3142455,0.8381162,-0.0681028,-0.005222238,1.512027,0.2222525,0.1,3,0,0.0499897,1.690092,-0.1515357,0.01142304,1.506254,0.2775907,False,4,1,1
6/26/2025 6:58:49 PM,1750957129310,Left,-0.1088733,1.663268,0.3442374,0.3126472,0.8382881,-0.07111587,-0.02553944,1.509919,0.2266073,0.1,3,0,0.04488552,1.689842,-0.15167,-0.008763374,1.504071,0.2819747,False,4,1,1
6/26/2025 6:58:49 PM,1750957129338,Left,-0.1175431,1.663584,0.3448945,0.3079889,0.8340232,-0.07916482,-0.0697255,1.505742,0.2354641,0.1,3,0,0.03442025,1.688872,-0.1523218,-0.05316301,1.499622,0.2907815,False,4,1,1
6/26/2025 6:58:49 PM,1750957129352,Left,-0.1220617,1.663939,0.345129,0.3048158,0.8337027,-0.08283663,-0.09301891,1.504,0.2392909,0.1,3,0,0.02876711,1.688245,-0.1527228,-0.07675347,1.49762,0.2947509,False,4,1,1
6/26/2025 6:58:49 PM,1750957129380,Left,-0.1321261,1.664339,0.3455278,0.2990367,0.8324732,-0.08843024,-0.1131591,1.503063,0.2412611,0.1,3,0,0.01686645,1.687071,-0.1531231,-0.09695355,1.496924,0.2966079,False,4,1,1
6/26/2025 6:58:49 PM,1750957129394,Left,-0.1375461,1.664368,0.3457389,0.2954098,0.8317408,-0.09139434,-0.1190599,1.502721,0.2413036,0.1,3,0,0.01033258,1.686378,-0.1535646,-0.1026019,1.496881,0.2965548,False,4,1,1
6/26/2025 6:58:49 PM,1750957129408,Left,-0.1430719,1.664278,0.3459338,0.2911736,0.8316052,-0.09252813,-0.1248567,1.502386,0.2413504,0.1,3,0,0.003382325,1.685485,-0.1541657,-0.1083191,1.496655,0.296666,False,4,1,1
6/26/2025 6:58:49 PM,1750957129435,Left,-0.1548269,1.663614,0.3467378,0.2814867,0.8301221,-0.09892268,-0.1372191,1.501954,0.2419555,0.1,3,0,-0.01148283,1.685511,-0.1540399,-0.1204583,1.496065,0.2974525,False,4,1,1
6/26/2025 6:58:49 PM,1750957129449,Left,-0.1613203,1.662701,0.3472205,0.2764322,0.8290567,-0.1021977,-0.1439247,1.501442,0.2423977,0.1,3,0,-0.01915336,1.685712,-0.1537343,-0.1273371,1.495502,0.2979926,False,4,1,1
6/26/2025 6:58:49 PM,1750957129477,Left,-0.1746382,1.660953,0.3485611,0.2655202,0.8279604,-0.106723,-0.1577415,1.500042,0.2435472,0.1,3,0,-0.03533292,1.685031,-0.1531811,-0.1413132,1.494044,0.2992449,False,4,1,1
6/26/2025 6:58:49 PM,1750957129491,Left,-0.1816612,1.659924,0.3492,0.2588989,0.8277001,-0.1085736,-0.165043,1.499121,0.2440597,0.1,3,0,-0.04403722,1.684165,-0.1529746,-0.1488237,1.493126,0.2999997,False,4,1,1
6/26/2025 6:58:49 PM,1750957129519,Left,-0.1957109,1.657761,0.3509385,0.2458565,0.8274518,-0.1118453,-0.179876,1.497057,0.2456026,0.1,3,0,-0.061764,1.682684,-0.1523662,-0.1635658,1.491233,0.3013259,False,4,1,1
6/26/2025 6:58:49 PM,1750957129532,Left,-0.203355,1.656333,0.3519402,0.2385064,0.8277285,-0.1131895,-0.1878702,1.495771,0.2465062,0.1,3,0,-0.07096279,1.681918,-0.1519573,-0.1712105,1.490176,0.3020902,False,4,1,1
6/26/2025 6:58:49 PM,1750957129561,Left,-0.2175358,1.653808,0.353589,0.224224,0.8281655,-0.1152802,-0.2030432,1.493484,0.2480594,0.1,3,0,-0.08960247,1.679914,-0.151135,-0.1859408,1.487616,0.3033168,False,4,1,1
6/26/2025 6:58:49 PM,1750957129574,Left,-0.224606,1.652334,0.35451,0.216322,0.8286499,-0.1161689,-0.2106029,1.492316,0.2489467,0.1,3,0,-0.09884048,1.679488,-0.1505967,-0.1933368,1.486478,0.3039962,False,4,1,1
6/26/2025 6:58:49 PM,1750957129588,Left,-0.2315144,1.651101,0.3551916,0.2080859,0.8285766,-0.1169659,-0.217931,1.4914,0.2496228,0.1,3,0,-0.1080801,1.679019,-0.1499134,-0.200908,1.485265,0.3047204,False,4,1,1
6/26/2025 6:58:49 PM,1750957129616,Left,-0.2457058,1.64833,0.356743,0.1912082,0.8286683,-0.1185093,-0.2329825,1.488861,0.2511092,0.1,3,0,-0.1267102,1.67663,-0.1486262,-0.2158497,1.48248,0.3062106,False,4,1,1
6/26/2025 6:58:49 PM,1750957129630,Left,-0.2526702,1.646625,0.3574736,0.1822959,0.8282359,-0.1191902,-0.2404133,1.487713,0.2517686,0.1,3,0,-0.1360919,1.675953,-0.147819,-0.2234638,1.481111,0.3070112,False,4,1,1
6/26/2025 6:58:49 PM,1750957129658,Left,-0.2660819,1.643807,0.358958,0.1639799,0.8277852,-0.1209757,-0.2549712,1.485801,0.2535969,0.1,3,0,-0.1548718,1.677089,-0.1452476,-0.2378473,1.479396,0.308563,False,4,1,1
6/26/2025 6:58:49 PM,1750957129671,Left,-0.2730345,1.642219,0.3597951,0.1550942,0.8274618,-0.1215494,-0.2624154,1.48512,0.2546609,0.1,3,0,-0.1642207,1.678752,-0.1434101,-0.2450936,1.478955,0.3095827,False,4,1,1
6/26/2025 6:58:49 PM,1750957129699,Left,-0.2861452,1.639483,0.3611549,0.1367675,0.8273683,-0.1229411,-0.2766358,1.483088,0.256538,0.1,3,0,-0.1824917,1.678363,-0.1395537,-0.2589698,1.476923,0.3112664,False,4,1,1
6/26/2025 6:58:49 PM,1750957129713,Left,-0.2928652,1.638094,0.3619165,0.1269645,0.82738,-0.1241641,-0.2839261,1.482117,0.2574912,0.1,3,0,-0.1915066,1.67827,-0.1379718,-0.2659881,1.47582,0.3121081,False,4,1,1
6/26/2025 6:58:49 PM,1750957129741,Left,-0.3063016,1.635368,0.3635159,0.1072036,0.8281319,-0.1259438,-0.2983283,1.480432,0.2595455,0.1,3,0,-0.2093985,1.677552,-0.1340618,-0.2795532,1.47272,0.3141304,False,4,1,1
6/26/2025 6:58:49 PM,1750957129755,Left,-0.3130277,1.634028,0.3643548,0.09691518,0.8283638,-0.1271525,-0.3055784,1.479633,0.2605696,0.1,3,0,-0.2182484,1.677046,-0.1321613,-0.2865325,1.470925,0.3153112,False,4,1,1
6/26/2025 6:58:49 PM,1750957129768,Left,-0.3196908,1.632718,0.365211,0.08610045,0.8289154,-0.1287029,-0.312715,1.478868,0.2616375,0.1,3,0,-0.2268871,1.676136,-0.1300421,-0.2932977,1.468741,0.3165792,False,4,1,1
6/26/2025 6:58:49 PM,1750957129797,Left,-0.3220471,1.632259,0.3655197,0.06460735,0.8295602,-0.1312338,-0.316414,1.479033,0.2625216,0.1,3,0,-0.2445713,1.67281,-0.1253798,-0.3072462,1.463865,0.3191867,False,4,1,1
6/26/2025 6:58:49 PM,1750957129810,Left,-0.3220471,1.632259,0.3655197,0.05313901,0.8296058,-0.1331314,-0.3168192,1.4794,0.2627689,0.1,3,0,-0.2531868,1.670769,-0.1230927,-0.314442,1.461019,0.3204626,False,4,1,1
6/26/2025 6:58:49 PM,1750957129838,Left,-0.3220471,1.632259,0.3655197,0.03190532,0.8290224,-0.1357616,-0.3171215,1.480274,0.2629659,0.1,3,0,-0.2702335,1.66753,-0.1183611,-0.3301696,1.455585,0.3244067,False,4,1,1
6/26/2025 6:58:49 PM,1750957129852,Left,-0.3220471,1.632259,0.3655197,0.02127846,0.8287802,-0.1369638,-0.3172767,1.480956,0.2630603,0.1,3,0,-0.2784668,1.665879,-0.1155823,-0.337782,1.452342,0.3268077,False,4,1,1
6/26/2025 6:58:49 PM,1750957129879,Left,-0.3876846,1.608853,0.3792304,0.001726331,0.8278095,-0.1394401,-0.3831783,1.458746,0.2776714,0.1,3,0,-0.2949663,1.662131,-0.1093745,-0.3532255,1.445805,0.3294137,False,4,1,1
6/26/2025 6:58:49 PM,1750957129894,Left,-0.3952755,1.604847,0.3806916,-0.007589224,0.8270729,-0.1404583,-0.3905729,1.455507,0.2794313,0.1,3,0,-0.3033609,1.660079,-0.1059366,-0.3616093,1.442225,0.3313822,False,4,1,1
6/26/2025 6:58:49 PM,1750957129907,Left,-0.4059606,1.598505,0.3828729,-0.01616057,0.8268155,-0.1419676,-0.4011226,1.44996,0.2819559,0.1,3,0,-0.311819,1.65807,-0.1023092,-0.3695005,1.438743,0.3335277,False,4,1,1
6/26/2025 6:58:49 PM,1750957129936,Left,-0.4218362,1.588372,0.3864047,-0.03400218,0.8256495,-0.1431307,-0.4166473,1.441823,0.2865498,0.1,3,0,-0.3279103,1.654543,-0.09298849,-0.3865983,1.430737,0.3381955,False,4,1,1
6/26/2025 6:58:49 PM,1750957129949,Left,-0.4148533,1.579396,0.3870187,-0.04211113,0.8248462,-0.143692,-0.4099378,1.433982,0.2877247,0.1,3,0,-0.335855,1.652262,-0.08827376,-0.3953536,1.426064,0.3409227,False,4,1,1
6/26/2025 6:58:49 PM,1750957129977,Left,-0.4317636,1.567238,0.3920893,-0.05749062,0.8235111,-0.1446637,-0.4259695,1.423386,0.2938985,0.1,3,0,-0.3511304,1.646005,-0.07720768,-0.4127888,1.415997,0.34752,False,4,1,1
6/26/2025 6:58:49 PM,1750957129991,Left,-0.4407513,1.560406,0.394787,-0.06550752,0.823446,-0.1446042,-0.4346948,1.417739,0.2973503,0.1,3,0,-0.359001,1.642787,-0.07097793,-0.4215205,1.410022,0.3507034,False,4,1,1
6/26/2025 6:58:50 PM,1750957130019,Left,-0.4581128,1.546377,0.4004405,-0.07992866,0.8232978,-0.1441678,-0.451332,1.405791,0.3044746,0.1,3,0,-0.373742,1.635402,-0.05753434,-0.4391284,1.398134,0.3582044,False,4,1,1
6/26/2025 6:58:50 PM,1750957130033,Left,-0.4671493,1.537817,0.4036484,-0.08652979,0.8231683,-0.1430881,-0.4598745,1.398582,0.3084092,0.1,3,0,-0.3809526,1.63194,-0.0502671,-0.4476655,1.391746,0.3621017,False,4,1,1
6/26/2025 6:58:50 PM,1750957130061,Left,-0.4821939,1.522686,0.4088665,-0.09913611,0.822987,-0.1400417,-0.4748319,1.385464,0.3162998,0.1,3,0,-0.3951732,1.625343,-0.03435409,-0.4628462,1.380015,0.3675971,False,4,1,1
6/26/2025 6:58:50 PM,1750957130074,Left,-0.4900182,1.513792,0.4117479,-0.1052681,0.8234941,-0.1375951,-0.4817894,1.378442,0.3201759,0.1,3,0,-0.4020333,1.621962,-0.02613437,-0.4700123,1.374151,0.3706377,False,4,1,1
6/26/2025 6:58:50 PM,1750957130088,Left,-0.4975548,1.504539,0.4147529,-0.1111515,0.8236228,-0.1350284,-0.4902848,1.370251,0.3247118,0.1,3,0,-0.4092251,1.618493,-0.01752877,-0.4766214,1.366531,0.3744543,False,4,1,1
6/26/2025 6:58:50 PM,1750957130116,Left,-0.5125017,1.485521,0.4208804,-0.1225788,0.8245401,-0.128487,-0.5052255,1.354934,0.3331044,0.1,3,0,-0.4233216,1.61278,0.0007704496,-0.4906789,1.352413,0.3833985,False,4,1,1
6/26/2025 6:58:50 PM,1750957130130,Left,-0.5208371,1.475579,0.4241905,-0.1276603,0.8252652,-0.1244841,-0.5131085,1.347131,0.3372554,0.1,3,0,-0.4299612,1.609853,0.01028299,-0.4982313,1.344944,0.3889649,False,4,1,1
6/26/2025 6:58:50 PM,1750957130157,Left,-0.5351402,1.454322,0.4312367,-0.1384825,0.8263233,-0.1157538,-0.5270318,1.330015,0.3468649,0.1,3,0,-0.4425114,1.603233,0.02974641,-0.5133288,1.328569,0.3986682,False,4,1,1
6/26/2025 6:58:50 PM,1750957130171,Left,-0.5425459,1.442881,0.4349717,-0.1438643,0.8269039,-0.1104657,-0.5341476,1.320873,0.3518769,0.1,3,0,-0.4488863,1.599791,0.03961205,-0.5208084,1.319561,0.4035889,False,4,1,1
6/26/2025 6:58:50 PM,1750957130200,Left,-0.5577244,1.419748,0.4427214,-0.156755,0.8275256,-0.1005787,-0.5485831,1.302763,0.3620745,0.1,3,0,-0.4614731,1.592843,0.06006598,-0.5360811,1.301136,0.4140726,False,4,1,1
6/26/2025 6:58:50 PM,1750957130214,Left,-0.5665919,1.406674,0.4475972,-0.16356,0.8280904,-0.09444466,-0.5561876,1.293616,0.3676727,0.1,3,0,-0.4680524,1.589307,0.07098198,-0.5440963,1.29144,0.4197323,False,4,1,1
6/26/2025 6:58:50 PM,1750957130227,Left,-0.5743594,1.394409,0.4517068,-0.1709848,0.8296686,-0.08821396,-0.5645171,1.282777,0.3737417,0.1,3,0,-0.4744066,1.585421,0.08226871,-0.5519211,1.281142,0.4255641,False,4,1,1
6/26/2025 6:58:50 PM,1750957130255,Left,-0.5914155,1.367884,0.4610501,-0.1856119,0.8298811,-0.07342573,-0.5807524,1.261876,0.3856188,0.1,3,0,-0.4873674,1.576802,0.1043582,-0.5679541,1.259635,0.4373909,False,4,1,1
6/26/2025 6:58:50 PM,1750957130269,Left,-0.600297,1.35426,0.4658244,-0.192524,0.8293034,-0.0657046,-0.5889946,1.251179,0.3915366,0.1,3,0,-0.4938689,1.571762,0.1152313,-0.5761074,1.248629,0.4433236,False,4,1,1
6/26/2025 6:58:50 PM,1750957130297,Left,-0.6177561,1.326049,0.4741409,-0.2056693,0.8283798,-0.04629587,-0.6054721,1.228347,0.4026452,0.1,3,0,-0.5060933,1.561485,0.1371104,-0.5933155,1.224989,0.4547095,False,4,1,1
6/26/2025 6:58:50 PM,1750957130311,Left,-0.6269521,1.311843,0.4785663,-0.2130399,0.8278779,-0.03518493,-0.6128027,1.217882,0.4077362,0.1,3,0,-0.511712,1.555927,0.1474414,-0.6027705,1.213474,0.460201,False,4,1,1
6/26/2025 6:58:50 PM,1750957130339,Left,-0.6453356,1.284339,0.4874289,-0.2282372,0.8271945,-0.008844509,-0.6313346,1.195551,0.419733,0.1,3,0,-0.523326,1.544749,0.1670737,-0.6160518,1.188416,0.4684935,False,4,1,1
6/26/2025 6:58:50 PM,1750957130353,Left,-0.6549264,1.270437,0.4920617,-0.2363278,0.827118,0.005639086,-0.639579,1.186073,0.4263829,0.1,3,0,-0.5299281,1.540937,0.1794703,-0.6257248,1.175799,0.4719836,False,4,1,1
6/26/2025 6:58:50 PM,1750957130380,Left,-0.6739317,1.243734,0.5012625,-0.2541523,0.8261108,0.03655561,-0.6559057,1.16701,0.4384768,0.1,3,0,-0.5433176,1.530362,0.2054663,-0.6421297,1.152665,0.4815431,False,4,1,1
6/26/2025 6:58:50 PM,1750957130394,Left,-0.6811972,1.233809,0.5047873,-0.2637038,0.826108,0.05234967,-0.6653026,1.158519,0.4453703,0.1,3,0,-0.5502253,1.525553,0.2184001,-0.6501106,1.139098,0.4862696,False,4,1,1
6/26/2025 6:58:50 PM,1750957130408,Left,-0.6811972,1.233809,0.5047873,-0.2732713,0.8253918,0.06820054,-0.6657288,1.160637,0.4480112,0.1,3,0,-0.5569689,1.520619,0.230427,-0.6590761,1.124777,0.4900841,False,4,1,1
6/26/2025 6:58:50 PM,1750957130436,Left,-0.6811972,1.233809,0.5047873,-0.2947405,0.8242813,0.101839,-0.6646709,1.167028,0.4521616,0.1,3,0,-0.5707513,1.508794,0.2541451,-0.676833,1.098256,0.4970553,False,4,1,1
6/26/2025 6:58:50 PM,1750957130450,Left,-0.6811972,1.233809,0.5047873,-0.3075044,0.8228871,0.1192645,-0.6642482,1.169698,0.4545221,0.1,3,0,-0.5776755,1.50174,0.2652065,-0.6857054,1.084754,0.4988198,False,4,1,1
6/26/2025 6:58:50 PM,1750957130478,Left,-0.6811972,1.233809,0.5047873,-0.3328207,0.8214716,0.15274,-0.6639395,1.175315,0.460238,0.1,3,0,-0.5916101,1.486287,0.2870505,-0.7010217,1.056341,0.4979055,False,4,1,1
6/26/2025 6:58:50 PM,1750957130491,Left,-0.6811972,1.233809,0.5047873,-0.3468552,0.8203567,0.169987,-0.6628144,1.179075,0.4620879,0.1,3,0,-0.5987704,1.47877,0.2973289,-0.7097377,1.042695,0.5002054,False,4,1,1
6/26/2025 6:58:50 PM,1750957130519,Left,-0.6811972,1.233809,0.5047873,-0.3737452,0.8211964,0.2035643,-0.6612597,1.183867,0.4651098,0.1,3,0,-0.6128314,1.461721,0.3166643,-0.7304471,1.0136,0.5068882,False,4,1,1
6/26/2025 6:58:50 PM,1750957130533,Left,-0.7618633,1.06678,0.4948889,-0.3884559,0.8212426,0.220046,-0.7420871,1.019023,0.457504,0.1,3,0,-0.6202999,1.452691,0.3262734,-0.7396384,0.9975463,0.5083656,False,4,1,1
6/26/2025 6:58:50 PM,1750957130561,Left,-0.7861058,1.017799,0.4887401,-0.4178827,0.8170205,0.2508917,-0.7643482,0.977474,0.4565693,0.1,3,0,-0.6360738,1.432194,0.3472859,-0.7573602,0.9665619,0.5088521,False,4,1,1
6/26/2025 6:58:50 PM,1750957130575,Left,-0.7991928,0.9987442,0.4861954,-0.4343035,0.8173037,0.2643119,-0.7773751,0.9604672,0.4567278,0.1,3,0,-0.6445938,1.421562,0.3585227,-0.7667788,0.9500244,0.5094873,False,4,1,1
6/26/2025 6:58:50 PM,1750957130588,Left,-0.8050612,0.9823631,0.4825396,-0.4503915,0.8172958,0.2763747,-0.7839653,0.9453222,0.4560493,0.1,3,0,-0.6528636,1.41081,0.3686833,-0.7754759,0.9332653,0.5081586,False,4,1,1
6/26/2025 6:58:50 PM,1750957130616,Left,-0.823217,0.9472062,0.4756842,-0.4833173,0.8152413,0.2974462,-0.801571,0.9142021,0.4542768,0.1,3,0,-0.6680443,1.388527,0.3867385,-0.792578,0.9015458,0.5058137,False,4,1,1
6/26/2025 6:58:50 PM,1750957130631,Left,-0.8307964,0.9298034,0.4720344,-0.4995612,0.8127387,0.3076264,-0.8081283,0.9001788,0.453307,0.1,3,0,-0.6759027,1.376655,0.3953809,-0.8013225,0.8862865,0.5045022,False,4,1,1
6/26/2025 6:58:50 PM,1750957130658,Left,-0.8462299,0.8947313,0.4649681,-0.5299438,0.8098238,0.3215003,-0.8240783,0.8669096,0.4506406,0.1,3,0,-0.6920441,1.350432,0.4107308,-0.8184899,0.8518671,0.5017284,False,4,1,1
6/26/2025 6:58:50 PM,1750957130671,Left,-0.8546581,0.8766704,0.4618699,-0.5436688,0.8078874,0.3268923,-0.8323911,0.8501098,0.4496082,0.1,3,0,-0.6997617,1.337329,0.4178797,-0.8269831,0.8347543,0.5000565,False,4,1,1
6/26/2025 6:58:50 PM,1750957130700,Left,-0.86973,0.8418449,0.4549096,-0.5689945,0.802088,0.3354069,-0.8470256,0.8179774,0.4463669,0.1,3,0,-0.7139845,1.309438,0.4292707,-0.84315,0.8010039,0.4968784,False,4,1,1
6/26/2025 6:58:50 PM,1750957130714,Left,-0.8778477,0.8237733,0.452655,-0.5817933,0.799326,0.3372538,-0.8552188,0.8011593,0.446046,0.1,3,0,-0.7215704,1.295005,0.4355452,-0.8503097,0.7837698,0.4952503,False,4,1,1
6/26/2025 6:58:50 PM,1750957130727,Left,-0.8827643,0.8054832,0.4485506,-0.5935084,0.7944595,0.3382841,-0.8602951,0.7840728,0.444129,0.1,3,0,-0.7294424,1.280599,0.4418446,-0.8579431,0.7665672,0.493048,False,4,1,1
6/26/2025 6:58:50 PM,1750957130755,Left,-0.8959401,0.7695363,0.4432061,-0.6149772,0.7788048,0.3341987,-0.8739458,0.7500947,0.4423652,0.1,3,0,-0.7452389,1.249327,0.4531257,-0.871941,0.7309095,0.4899698,False,4,1,1
6/26/2025 6:58:50 PM,1750957130769,Left,-0.9027228,0.7507018,0.4402164,-0.6253218,0.7693555,0.3308969,-0.8803221,0.7327884,0.4404087,0.1,3,0,-0.752174,1.233145,0.4575624,-0.8793228,0.7128263,0.4902105,False,4,1,1
6/26/2025 6:58:50 PM,1750957130797,Left,-0.9123677,0.7147019,0.4357179,-0.6424615,0.7510549,0.3285486,-0.8909656,0.6978168,0.4386125,0.1,3,0,-0.7657238,1.2016,0.4646895,-0.8900742,0.6772513,0.4863758,False,4,1,1
6/26/2025 6:58:50 PM,1750957130811,Left,-0.9166588,0.6972606,0.4330583,-0.6504366,0.7412332,0.3257609,-0.8955026,0.6813676,0.4372083,0.1,3,0,-0.7726866,1.186834,0.4672463,-0.8962224,0.6597704,0.4845761,False,4,1,1
6/26/2025 6:58:50 PM,1750957130839,Left,-0.9262699,0.6608198,0.4293757,-0.6638359,0.7182226,0.3178278,-0.9057304,0.6467312,0.4350176,0.1,3,0,-0.7858845,1.156155,0.4714878,-0.9069795,0.6252527,0.4823967,False,4,1,1
6/26/2025 6:58:50 PM,1750957130852,Left,-0.9305087,0.6425255,0.427059,-0.6699952,0.7073566,0.3143321,-0.9102932,0.6293029,0.4334169,0.1,3,0,-0.792051,1.140667,0.4733179,-0.9121228,0.607684,0.4812953,False,4,1,1
6/26/2025 6:58:50 PM,1750957130880,Left,-0.9371425,0.6064876,0.4236156,-0.6777439,0.6832078,0.3078575,-0.9184903,0.5945598,0.431306,0.1,3,0,-0.8048941,1.108957,0.4767265,-0.9189203,0.5726001,0.4788316,False,4,1,1
6/26/2025 6:58:50 PM,1750957130894,Left,-0.9404758,0.5876836,0.4216479,-0.6813263,0.6690187,0.3049193,-0.9226585,0.576902,0.4299777,0.1,3,0,-0.8115956,1.093932,0.4779526,-0.922271,0.5550916,0.4777901,False,4,1,1
6/26/2025 6:58:50 PM,1750957130908,Left,-0.9434707,0.5701454,0.4204278,-0.6829233,0.6544825,0.3017345,-0.9261262,0.560535,0.4290493,0.1,3,0,-0.8184558,1.079407,0.4781493,-0.927331,0.5378014,0.4769181,False,4,1,1
6/26/2025 6:58:50 PM,1750957130936,Left,-0.9490084,0.5352105,0.4185254,-0.6857275,0.6321316,0.2960919,-0.9332152,0.5275965,0.4274276,0.1,3,0,-0.8306233,1.05035,0.4772875,-0.9332017,0.504383,0.4746167,False,4,1,1
6/26/2025 6:58:50 PM,1750957130950,Left,-0.9507914,0.5199661,0.4190409,-0.686299,0.6208121,0.2937933,-0.9356741,0.5132512,0.4280638,0.1,3,0,-0.836557,1.036016,0.4771513,-0.93663,0.4876547,0.4737134,False,4,1,1
6/26/2025 6:58:50 PM,1750957130977,Left,-0.9561539,0.4885533,0.4173078,-0.6870259,0.5954481,0.2869515,-0.9414294,0.4836212,0.4265122,0.1,3,0,-0.8445801,1.008254,0.476511,-0.9430643,0.4554723,0.4724752,False,4,1,1
6/26/2025 6:58:50 PM,1750957130991,Left,-0.9578722,0.4711217,0.4167114,-0.6884266,0.584506,0.2794513,-0.9438238,0.4670855,0.4261833,0.1,3,0,-0.8496534,0.9947971,0.4769613,-0.9454746,0.4402318,0.4718662,False,4,1,1
6/26/2025 6:58:51 PM,1750957131019,Left,-0.961179,0.4408235,0.4159151,-0.689131,0.5687587,0.2713801,-0.94852,0.4378663,0.4253324,0.1,3,0,-0.8592445,0.9685559,0.4757345,-0.9496295,0.4112505,0.4707769,False,4,1,1
6/26/2025 6:58:51 PM,1750957131033,Left,-0.962816,0.4241205,0.4140234,-0.6898792,0.5633661,0.2702752,-0.9508719,0.4220755,0.4235336,0.1,3,0,-0.8639849,0.9568479,0.4758395,-0.9515657,0.3974749,0.4706332,False,4,1,1
6/26/2025 6:58:51 PM,1750957131047,Left,-0.9631242,0.4136275,0.4164322,-0.6895008,0.5560492,0.2697918,-0.9518872,0.4120555,0.4257595,0.1,3,0,-0.8689924,0.9446509,0.4759293,-0.9536543,0.3839495,0.4707864,False,4,1,1
6/26/2025 6:58:51 PM,1750957131074,Left,-0.9654329,0.3883903,0.4167626,-0.6882704,0.5448007,0.267869,-0.9554926,0.3873459,0.4260558,0.1,3,0,-0.8776051,0.9204923,0.4753711,-0.9573392,0.358359,0.4706976,False,4,1,1
6/26/2025 6:58:51 PM,1750957131088,Left,-0.9664977,0.375226,0.4169763,-0.6870373,0.5375316,0.2680069,-0.9571686,0.3743529,0.4259671,0.1,3,0,-0.8818272,0.9082148,0.4738759,-0.9591179,0.3455999,0.4704165,False,4,1,1
6/26/2025 6:58:51 PM,1750957131117,Left,-0.9686664,0.3495182,0.4167028,-0.6849748,0.5255848,0.2709705,-0.9608099,0.3493782,0.4251897,0.1,3,0,-0.8910762,0.8858602,0.4717277,-0.9624927,0.3215852,0.4703586,False,4,1,1
6/26/2025 6:58:51 PM,1750957131131,Left,-0.9694607,0.3372604,0.4171772,-0.6838992,0.521556,0.274093,-0.9624317,0.3374803,0.4254152,0.1,3,0,-0.8955036,0.8750205,0.4712369,-0.9636374,0.3097973,0.4707903,False,4,1,1
6/26/2025 6:58:51 PM,1750957131158,Left,-0.9703487,0.3142458,0.417734,-0.6811746,0.5140927,0.278944,-0.964666,0.3153087,0.4256278,0.1,3,0,-0.9035107,0.8541831,0.4701158,-0.9664351,0.2868478,0.4709937,False,4,1,1
6/26/2025 6:58:51 PM,1750957131172,Left,-0.9709905,0.3031361,0.4179371,-0.6798134,0.5101907,0.280298,-0.9659926,0.304401,0.4254476,0.1,3,0,-0.9068214,0.8434485,0.4680859,-0.9671131,0.2757759,0.4708447,False,4,1,1
6/26/2025 6:58:51 PM,1750957131200,Left,-0.9732028,0.2826883,0.4190505,-0.6775212,0.5023404,0.2814837,-0.9692101,0.2841987,0.4255394,0.1,3,0,-0.9133478,0.8236756,0.4636856,-0.9692212,0.2553156,0.4701232,False,4,1,1
6/26/2025 6:58:51 PM,1750957131214,Left,-0.9735801,0.2723198,0.419863,-0.6763803,0.4984354,0.282577,-0.9700869,0.2742486,0.4258372,0.1,3,0,-0.9161695,0.8154979,0.4623243,-0.9702482,0.2458933,0.4706244,False,4,1,1
6/26/2025 6:58:51 PM,1750957131227,Left,-0.9753316,0.2628559,0.4208497,-0.6757069,0.4953661,0.2838394,-0.9721801,0.2650929,0.4265622,0.1,3,0,-0.9192253,0.8071733,0.4620194,-0.9717393,0.2368367,0.4713138,False,4,1,1
6/26/2025 6:58:51 PM,1750957131256,Left,-0.9712521,0.2452072,0.423006,-0.6758257,0.4927869,0.2862281,-0.9692405,0.2475691,0.4282098,0.1,3,0,-0.9251763,0.7916513,0.4619219,-0.9738172,0.2206882,0.4733375,False,4,1,1
6/26/2025 6:58:51 PM,1750957131269,Left,-0.9704862,0.2380351,0.4240487,-0.675935,0.4912164,0.2883963,-0.9688016,0.2405602,0.4288829,0.1,3,0,-0.9280485,0.7844778,0.4613184,-0.9752634,0.2131691,0.4742653,False,4,1,1
6/26/2025 6:58:51 PM,1750957131297,Left,-0.9715939,0.2241832,0.426582,-0.6785896,0.4906119,0.2925273,-0.9706646,0.2268971,0.4306679,0.1,3,0,-0.9335886,0.7717925,0.4597496,-0.9776298,0.1997436,0.475531,False,4,1,1
6/26/2025 6:58:51 PM,1750957131311,Left,-0.9765931,0.2126446,0.4292792,-0.6797764,0.489894,0.2935556,-0.9757309,0.2159966,0.4329768,0.1,3,0,-0.9360093,0.7660457,0.4597657,-0.9790214,0.193218,0.4769379,False,4,1,1
6/26/2025 6:58:51 PM,1750957131338,Left,-0.9805031,0.2001456,0.4309946,-0.6820173,0.4891808,0.295583,-0.980082,0.2039534,0.4344525,0.1,3,0,-0.9398841,0.7556715,0.4612286,-0.9812868,0.1810653,0.4795502,False,4,1,1
6/26/2025 6:58:51 PM,1750957131353,Left,-0.9860603,0.1949888,0.4325179,-0.6828645,0.488468,0.2970172,-0.9852993,0.1997627,0.4356302,0.1,3,0,-0.9414798,0.7508978,0.4617966,-0.9822897,0.1751765,0.4810834,False,4,1,1
6/26/2025 6:58:51 PM,1750957131367,Left,-0.9864395,0.1894573,0.4337789,-0.6831195,0.4870534,0.2983549,-0.9860743,0.1945351,0.436617,0.1,3,0,-0.9430441,0.746163,0.4621254,-0.9832535,0.169855,0.4824851,False,4,1,1
6/26/2025 6:58:51 PM,1750957131394,Left,-0.9874283,0.1800297,0.436352,-0.683339,0.4851435,0.2994873,-0.9875846,0.1847212,0.4390372,0.1,3,0,-0.9459153,0.736988,0.4629052,-0.985239,0.1602678,0.4843468,False,4,1,1
6/26/2025 6:58:51 PM,1750957131408,Left,-0.9887924,0.1749345,0.437618,-0.6835047,0.4836786,0.2999292,-0.9890617,0.1795298,0.4401226,0.1,3,0,-0.9476453,0.73254,0.4631113,-0.9864426,0.1560272,0.4852684,False,4,1,1
6/26/2025 6:58:51 PM,1750957131436,Left,-0.9903455,0.1660195,0.4397385,-0.6835466,0.4801838,0.2998977,-0.9907009,0.1703824,0.441947,0.1,3,0,-0.9504434,0.7244319,0.4639189,-0.9890064,0.1483719,0.4873517,False,4,1,1
6/26/2025 6:58:51 PM,1750957131450,Left,-0.9909577,0.161914,0.4408255,-0.6836321,0.4783247,0.29924,-0.9913206,0.1662188,0.4428506,0.1,3,0,-0.9518298,0.7206154,0.464219,-0.9903955,0.1447915,0.4882954,False,4,1,1
6/26/2025 6:58:51 PM,1750957131478,Left,-0.991801,0.1537977,0.4425239,-0.6843668,0.4757303,0.2998067,-0.9921671,0.1579285,0.4441583,0.1,3,0,-0.9540805,0.7130416,0.4639014,-0.9927065,0.1375226,0.4896626,False,4,1,1
6/26/2025 6:58:51 PM,1750957131492,Left,-0.992373,0.1497568,0.4429385,-0.6847148,0.4744646,0.3003634,-0.9926516,0.1542037,0.4443475,0.1,3,0,-0.9547199,0.7097551,0.463532,-0.9936609,0.1335777,0.4902444,False,4,1,1
6/26/2025 6:58:51 PM,1750957131519,Left,-0.992923,0.142211,0.4430747,-0.6860019,0.4729444,0.3009807,-0.9933887,0.1471702,0.4444194,0.1,3,0,-0.9563257,0.7038925,0.4637952,-0.9946687,0.1263399,0.490851,False,4,1,1
6/26/2025 6:58:51 PM,1750957131533,Left,-0.9934515,0.1383472,0.4426743,-0.6868426,0.4723037,0.3010917,-0.9941227,0.1437081,0.4440372,0.1,3,0,-0.9575108,0.7016661,0.4639869,-0.9949126,0.1229986,0.4910068,False,4,1,1
6/26/2025 6:58:51 PM,1750957131547,Left,-0.9897239,0.1333435,0.44262,-0.6874323,0.4714865,0.3015895,-0.9953836,0.1402603,0.4436969,0.1,3,0,-0.9584333,0.699381,0.4642621,-0.9948717,0.1198525,0.4910785,False,4,1,1
6/26/2025 6:58:51 PM,1750957131575,Left,-0.9857747,0.1252222,0.4416586,-0.6889555,0.4705715,0.301658,-0.987367,0.1319538,0.4436254,0.1,3,0,-0.959303,0.6958203,0.4652691,-0.9936231,0.1141636,0.4900771,False,4,1,1
6/26/2025 6:58:51 PM,1750957131589,Left,-0.9853452,0.1224833,0.4408422,-0.689496,0.4701021,0.3017249,-0.9869858,0.1297063,0.4430897,0.1,3,0,-0.9592723,0.6944911,0.4657141,-0.9931991,0.111532,0.4894387,False,4,1,1
6/26/2025 6:58:51 PM,1750957131616,Left,-0.9850019,0.1179203,0.4394989,-0.6911617,0.4697038,0.3021456,-0.9868651,0.1260505,0.442257,0.1,3,0,-0.9603704,0.6920936,0.4664679,-0.9931929,0.106836,0.488087,False,4,1,1
6/26/2025 6:58:51 PM,1750957131630,Left,-0.9848605,0.1160468,0.4390243,-0.6919003,0.4693215,0.3026676,-0.9871276,0.1243645,0.4421031,0.1,3,0,-0.9610435,0.6909456,0.4669379,-0.992267,0.1052197,0.4873043,False,4,1,1
6/26/2025 6:58:51 PM,1750957131658,Left,-0.9841172,0.1128007,0.4378062,-0.6931815,0.4681242,0.3028095,-0.9866284,0.1220879,0.4414437,0.1,3,0,-0.9620663,0.6896004,0.4678345,-0.992341,0.1016206,0.4860013,False,4,1,1
6/26/2025 6:58:51 PM,1750957131672,Left,-0.9839747,0.1109766,0.4367993,-0.694337,0.4675656,0.3024891,-0.9866076,0.1206963,0.4408304,0.1,3,0,-0.9624392,0.6889402,0.4686345,-0.9921969,0.09997033,0.485296,False,4,1,1
6/26/2025 6:58:51 PM,1750957131700,Left,-0.9834358,0.108376,0.4350238,-0.6956296,0.4667859,0.302727,-0.9864368,0.118856,0.4397086,0.1,3,0,-0.9634145,0.6882007,0.4700347,-0.9917433,0.09731176,0.4840248,False,4,1,1
6/26/2025 6:58:51 PM,1750957131714,Left,-0.9831243,0.1072566,0.4340856,-0.6965026,0.4665973,0.3030369,-0.9861289,0.1181337,0.4390337,0.1,3,0,-0.9636737,0.6879198,0.4705684,-0.9920108,0.09607501,0.4834734,False,4,1,1
6/26/2025 6:58:51 PM,1750957131727,Left,-0.9826841,0.1064081,0.433252,-0.6971774,0.4664462,0.3033542,-0.9858052,0.1176135,0.4385593,0.1,3,0,-0.9641231,0.6876773,0.4712789,-0.9919963,0.09515639,0.482861,False,4,1,1
6/26/2025 6:58:51 PM,1750957131755,Left,-0.9823515,0.105021,0.4320685,-0.6986271,0.4662242,0.3038391,-0.9856365,0.1166387,0.4378912,0.1,3,0,-0.9651636,0.6870764,0.4721876,-0.9924247,0.09348095,0.4818172,False,4,1,1
6/26/2025 6:58:51 PM,1750957131770,Left,-0.9824099,0.1039618,0.4314923,-0.6994025,0.4659334,0.3037878,-0.9857001,0.1158708,0.4374357,0.1,3,0,-0.9655079,0.6868135,0.472261,-0.9926465,0.09260417,0.4812046,False,4,1,1
6/26/2025 6:58:51 PM,1750957131798,Left,-0.9828004,0.1022067,0.4306734,-0.7001358,0.4654857,0.3050078,-0.9863814,0.1145681,0.4370389,0.1,3,0,-0.9664656,0.6866754,0.47302,-0.9922789,0.09142779,0.480211,False,4,1,1
6/26/2025 6:58:51 PM,1750957131811,Left,-0.9827304,0.1013139,0.4303478,-0.7004669,0.465104,0.3053701,-0.9865349,0.113619,0.4370091,0.1,3,0,-0.9670652,0.6862726,0.4736389,-0.9920777,0.0911088,0.47964,False,4,1,1
6/26/2025 6:58:51 PM,1750957131839,Left,-0.9824733,0.09960398,0.4304508,-0.7011077,0.4643038,0.305773,-0.9863904,0.1118277,0.4372108,0.1,3,0,-0.967373,0.685445,0.4744192,-0.9921917,0.09050189,0.4800255,False,4,1,1
6/26/2025 6:58:51 PM,1750957131853,Left,-0.982321,0.09899417,0.4305784,-0.7015125,0.4639506,0.3059732,-0.9861451,0.1111727,0.4372738,0.1,3,0,-0.9672025,0.6850133,0.474435,-0.9921779,0.09012507,0.4801897,False,4,1,1
6/26/2025 6:58:51 PM,1750957131880,Left,-0.9822121,0.09814809,0.4311972,-0.702116,0.4633694,0.3061626,-0.9858437,0.1103123,0.4378325,0.1,3,0,-0.9664129,0.6844881,0.4748298,-0.992128,0.08959579,0.4807819,False,4,1,1
6/26/2025 6:58:51 PM,1750957131895,Left,-0.9822319,0.09760745,0.4313855,-0.7025021,0.4631757,0.3062755,-0.9858264,0.1098232,0.4380601,0.1,3,0,-0.9663314,0.684375,0.4752711,-0.9921879,0.08937404,0.481068,False,4,1,1
6/26/2025 6:58:51 PM,1750957131908,Left,-0.9823097,0.09696153,0.4315496,-0.7025571,0.4629767,0.3064802,-0.9859752,0.1091819,0.4382846,0.1,3,0,-0.9667646,0.6842367,0.4758852,-0.9922595,0.08921452,0.4812744,False,4,1,1
6/26/2025 6:58:51 PM,1750957131936,Left,-0.9824631,0.09584885,0.4319482,-0.7032897,0.4628802,0.3070504,-0.9862422,0.1081271,0.4389568,0.1,3,0,-0.9673222,0.6840082,0.4773442,-0.9924212,0.08888115,0.4818025,False,4,1,1
6/26/2025 6:58:51 PM,1750957131950,Left,-0.9824181,0.09523164,0.4320859,-0.7035021,0.4627684,0.3073866,-0.9861298,0.1075568,0.4391501,0.1,3,0,-0.9672617,0.6837871,0.4777812,-0.9926456,0.08857287,0.4820189,False,4,1,1
6/26/2025 6:58:51 PM,1750957131978,Left,-0.9822226,0.09405845,0.4321302,-0.7036278,0.4621862,0.3077162,-0.9858423,0.1064101,0.4391533,0.1,3,0,-0.9669532,0.6834451,0.4776475,-0.9927275,0.08813947,0.4820951,False,4,1,1
6/26/2025 6:58:51 PM,1750957131992,Left,-0.9820416,0.09355132,0.4320203,-0.7036223,0.4617686,0.3077897,-0.9857227,0.1058707,0.4390911,0.1,3,0,-0.9671625,0.6829336,0.4779388,-0.9926098,0.08777677,0.482117,False,4,1,1
6/26/2025 6:58:52 PM,1750957132020,Left,-0.9820513,0.09209006,0.4315978,-0.7039949,0.4612643,0.3080764,-0.9856623,0.1045317,0.4388416,0.1,3,0,-0.9677683,0.6818981,0.4792595,-0.9934621,0.08643973,0.4826239,False,4,1,1
6/26/2025 6:58:52 PM,1750957132034,Left,-0.9819944,0.09119415,0.4311662,-0.7042072,0.4610594,0.3082072,-0.9854954,0.1037204,0.4385759,0.1,3,0,-0.9675411,0.6815446,0.4793482,-0.9938277,0.08583342,0.4823764,False,4,1,1
6/26/2025 6:58:52 PM,1750957132048,Left,-0.9819137,0.09049053,0.4306767,-0.7046695,0.4610102,0.3082486,-0.9853423,0.1030122,0.4381102,0.1,3,0,-0.9672967,0.6810768,0.4792511,-0.9938327,0.08539997,0.4821798,False,4,1,1
6/26/2025 6:58:52 PM,1750957132075,Left,-0.9818458,0.08950765,0.4298296,-0.7053022,0.4607214,0.3081428,-0.985193,0.1024408,0.4372545,0.1,3,0,-0.9669892,0.6805993,0.4795599,-0.9938477,0.08391922,0.4825174,False,4,1,1
6/26/2025 6:58:52 PM,1750957132089,Left,-0.981825,0.08896006,0.4292879,-0.7056036,0.4604804,0.3081064,-0.9849869,0.1020635,0.4367793,0.1,3,0,-0.9670855,0.6802257,0.4802132,-0.9945661,0.08314394,0.4827563,False,4,1,1
6/26/2025 6:58:52 PM,1750957132117,Left,-0.9819764,0.08754483,0.428285,-0.7063856,0.460059,0.3076554,-0.9849508,0.1009017,0.4358973,0.1,3,0,-0.9669088,0.6796196,0.4809085,-0.995299,0.08200122,0.4831361,False,4,1,1
6/26/2025 6:58:52 PM,1750957132130,Left,-0.9819825,0.08721458,0.4281666,-0.7067405,0.4598764,0.3074162,-0.984941,0.100444,0.4357897,0.1,3,0,-0.9667488,0.6793334,0.4810789,-0.9951409,0.08195017,0.4832002,False,4,1,1
6/26/2025 6:58:52 PM,1750957132158,Left,-0.9820353,0.08701497,0.4285139,-0.7075426,0.4596698,0.3073553,-0.9849932,0.100117,0.4361164,0.1,3,0,-0.9668366,0.6789759,0.4813362,-0.9952366,0.08185399,0.4834501,False,4,1,1
6/26/2025 6:58:52 PM,1750957132173,Left,-0.9820066,0.08678323,0.4286992,-0.7078623,0.4596117,0.3073561,-0.9850435,0.09975564,0.4362854,0.1,3,0,-0.9671077,0.678526,0.4814237,-0.9952832,0.08175988,0.4835474,False,4,1,1
6/26/2025 6:58:52 PM,1750957132201,Left,-0.9820617,0.08631904,0.4289978,-0.7087684,0.4597833,0.3074154,-0.9849223,0.09914257,0.436574,0.1,3,0,-0.9668347,0.6777695,0.4818864,-0.9956213,0.08130111,0.4840987,False,4,1,1
6/26/2025 6:58:52 PM,1750957132214,Left,-0.9820879,0.08609029,0.4291787,-0.7091641,0.4600717,0.3075348,-0.9848725,0.0988392,0.4367561,0.1,3,0,-0.966545,0.6773432,0.4821711,-0.9956927,0.08108608,0.4843881,False,4,1,1
6/26/2025 6:58:52 PM,1750957132228,Left,-0.9820856,0.08587755,0.4293498,-0.7094091,0.4601964,0.3077764,-0.984822,0.09855386,0.4368778,0.1,3,0,-0.9663802,0.6770531,0.4821267,-0.9956661,0.08093096,0.4845242,False,4,1,1
6/26/2025 6:58:52 PM,1750957132256,Left,-0.9819183,0.0856006,0.4294428,-0.7095205,0.4601779,0.3087574,-0.9846429,0.09818849,0.4368622,0.1,3,0,-0.9661721,0.6766864,0.4817713,-0.9955304,0.08076136,0.4846332,False,4,1,1
6/26/2025 6:58:52 PM,1750957132270,Left,-0.9817804,0.08543929,0.4293916,-0.7095922,0.460191,0.3091025,-0.9844829,0.09804389,0.436811,0.1,3,0,-0.9659923,0.6766939,0.4818861,-0.9954863,0.08070908,0.4847591,False,4,1,1
6/26/2025 6:58:52 PM,1750957132298,Left,-0.9814737,0.08506792,0.4289492,-0.7096533,0.4596806,0.3092858,-0.9841558,0.09767166,0.4364523,0.1,3,0,-0.9658889,0.6765849,0.482298,-0.9954377,0.08063346,0.4848964,False,4,1,1
6/26/2025 6:58:52 PM,1750957132311,Left,-0.9846361,0.08221465,0.4293121,-0.7095779,0.4593076,0.3094673,-0.9871678,0.09493876,0.4368095,0.1,3,0,-0.9658526,0.6766031,0.4824383,-0.9954199,0.08060207,0.484944,False,4,1,1
6/26/2025 6:58:52 PM,1750957132339,Left,-0.9843704,0.08218803,0.4289287,-0.7094942,0.4590908,0.3097714,-0.9870294,0.0948809,0.4364876,0.1,3,0,-0.9657713,0.6769946,0.4826331,-0.9953977,0.08066789,0.4850407,False,4,1,1
6/26/2025 6:58:52 PM,1750957132353,Left,-0.9835463,0.08265953,0.4286428,-0.7094697,0.4591531,0.3099904,-0.9862044,0.09543572,0.4361888,0.1,3,0,-0.9655651,0.6772658,0.482537,-0.9953467,0.08076578,0.4850334,False,4,1,1
6/26/2025 6:58:52 PM,1750957132381,Left,-0.9826416,0.0827172,0.4280351,-0.7094507,0.4597305,0.3105947,-0.985213,0.09561882,0.4355145,0.1,3,0,-0.9652933,0.677559,0.4822245,-0.9953068,0.08086677,0.4849756,False,4,1,1
6/26/2025 6:58:52 PM,1750957132394,Left,-0.9826721,0.08234001,0.4277847,-0.7094635,0.4599163,0.3108427,-0.9852302,0.09529095,0.4352334,0.1,3,0,-0.9652716,0.6776639,0.482132,-0.995311,0.08090176,0.4849602,False,4,1,1
6/26/2025 6:58:52 PM,1750957132408,Left,-0.9820336,0.08241289,0.427325,-0.7091767,0.4595379,0.3111745,-0.9846221,0.09541322,0.4348051,0.1,3,0,-0.9653395,0.6779079,0.4822429,-0.9953339,0.08099943,0.4849697,False,4,1,1
6/26/2025 6:58:52 PM,1750957132437,Left,-0.9813572,0.0822952,0.4265751,-0.7091075,0.4591166,0.3107258,-0.9838846,0.0955136,0.4339701,0.1,3,0,-0.9650904,0.6786447,0.4817506,-0.995296,0.08124375,0.4848298,False,4,1,1
6/26/2025 6:58:52 PM,1750957132450,Left,-0.9814339,0.08185206,0.4258516,-0.7092733,0.4590497,0.3102267,-0.9838693,0.09544221,0.4330284,0.1,3,0,-0.9646586,0.6800342,0.4805868,-0.9952288,0.08163878,0.4845814,False,4,1,1
6/26/2025 6:58:52 PM,1750957132478,Left,-0.9817245,0.08062609,0.4237016,-0.709725,0.4589101,0.3096417,-0.9842619,0.0953235,0.4309793,0.1,3,0,-0.965273,0.6835511,0.4808972,-0.9953278,0.08276521,0.4845989,False,4,1,1
6/26/2025 6:58:52 PM,1750957132492,Left,-0.9818099,0.07956485,0.4216416,-0.7099238,0.4588826,0.30925,-0.9844592,0.09515248,0.4289621,0.1,3,0,-0.9658598,0.6864878,0.4809093,-0.9954555,0.08367021,0.4845903,False,4,1,1
6/26/2025 6:58:52 PM,1750957132519,Left,-0.9827175,0.07668275,0.4152004,-0.7098374,0.458319,0.3084045,-0.9856939,0.094755,0.4225394,0.1,3,0,-0.967671,0.6946961,0.4804373,-0.9958666,0.08616407,0.4844312,False,4,1,1
6/26/2025 6:58:52 PM,1750957132534,Left,-0.9827655,0.0757697,0.4097564,-0.7099528,0.4578643,0.3075821,-0.9859797,0.09551366,0.4171986,0.1,3,0,-0.9687804,0.7003834,0.4806483,-0.9960929,0.08788668,0.4844637,False,4,1,1
6/26/2025 6:58:52 PM,1750957132547,Left,-0.9825113,0.07447424,0.402929,-0.709677,0.4572308,0.306966,-0.9859554,0.09607565,0.4106216,0.1,3,0,-0.9698626,0.7065622,0.481185,-0.9963123,0.08978076,0.4845155,False,4,1,1
6/26/2025 6:58:52 PM,1750957132576,Left,-0.9815465,0.07362114,0.3858019,-0.7099569,0.4568435,0.3056402,-0.9856017,0.09955153,0.3938956,0.1,3,0,-0.9729251,0.7212874,0.4820502,-0.9969769,0.09429959,0.4845359,False,4,1,1
6/26/2025 6:58:52 PM,1750957132589,Left,-0.9819235,0.07270316,0.374782,-0.710111,0.4565148,0.3050281,-0.9863203,0.1009024,0.3829593,0.1,3,0,-0.9747328,0.728891,0.4821517,-0.997343,0.09660922,0.4845044,False,4,1,1
6/26/2025 6:58:52 PM,1750957132617,Left,-0.9823089,0.07190942,0.3557239,-0.7102525,0.4557488,0.3024488,-0.9876322,0.1057632,0.3640041,0.1,3,0,-0.9794098,0.7478233,0.4828118,-0.9982895,0.1022828,0.48465,False,4,1,1
6/26/2025 6:58:52 PM,1750957132631,Left,-0.9825807,0.07182349,0.3459774,-0.7105969,0.4553399,0.300139,-0.9883355,0.1086252,0.3542769,0.1,3,0,-0.9815639,0.7577876,0.4829731,-0.9987114,0.1052651,0.484697,False,4,1,1
6/26/2025 6:58:52 PM,1750957132659,Left,-0.9832467,0.07229079,0.3267716,-0.711203,0.4544524,0.2959795,-0.9899622,0.1152869,0.3351247,0.1,3,0,-0.9867607,0.7789301,0.4829038,-0.9997027,0.1114333,0.4847034,False,4,1,1
6/26/2025 6:58:52 PM,1750957132672,Left,-0.9836448,0.07285482,0.3169964,-0.7121788,0.4542762,0.2933533,-0.9910538,0.1193703,0.3253235,0.1,3,0,-0.9898828,0.7901711,0.4829391,-1.000373,0.1149567,0.4847195,False,4,1,1
6/26/2025 6:58:52 PM,1750957132701,Left,-0.967101,0.1145103,0.2740869,-0.7123595,0.452525,0.2867688,-0.9760761,0.1675312,0.2834551,0.1,3,0,-0.9959878,0.81405,0.4822339,-1.001646,0.1220872,0.4846372,False,4,1,1
6/26/2025 6:58:52 PM,1750957132714,Left,-0.9625424,0.1267949,0.2436892,-0.7125036,0.4508359,0.2823037,-0.9721578,0.1835866,0.2528636,0.1,3,0,-0.9993819,0.8267056,0.4813985,-1.002248,0.1258697,0.4844866,False,4,1,1
6/26/2025 6:58:52 PM,1750957132728,Left,-0.9579471,0.139518,0.2136832,-0.7131248,0.4506683,0.2784634,-0.9683983,0.2001864,0.2228539,0.1,3,0,-1.003465,0.8400325,0.4803514,-1.003056,0.129822,0.4843615,False,4,1,1
6/26/2025 6:58:52 PM,1750957132756,Left,-0.9486468,0.1661209,0.1550824,-0.7142966,0.453533,0.2720844,-0.9610729,0.2349295,0.1638332,0.1,3,0,-1.013297,0.8676379,0.4781355,-1.004986,0.1380484,0.4838925,False,4,1,1
6/26/2025 6:58:52 PM,1750957132770,Left,-0.9438112,0.1803043,0.125807,-0.71437,0.4543366,0.2681121,-0.9572612,0.2535047,0.1340385,0.1,3,0,-1.018302,0.8819999,0.4763095,-1.006052,0.142395,0.4835497,False,4,1,1
6/26/2025 6:58:52 PM,1750957132798,Left,-0.9395334,0.1930011,0.1006112,-0.7170539,0.4602778,0.2623393,-0.9543845,0.276036,0.1060657,0.1,3,0,-1.026906,0.9116167,0.4718877,-1.007766,0.1512546,0.482713,False,4,1,1
6/26/2025 6:58:52 PM,1750957132812,Left,-0.9395334,0.1930011,0.1006112,-0.7172576,0.4621902,0.255484,-0.9551203,0.280586,0.105551,0.1,3,0,-1.030618,0.9267209,0.4694488,-1.008504,0.1557789,0.4822417,False,4,1,1
6/26/2025 6:58:52 PM,1750957132839,Left,-0.9395334,0.1930011,0.1006112,-0.7202888,0.4721956,0.2454076,-0.9566305,0.2901487,0.1044968,0.1,3,0,-1.038116,0.9585438,0.4642444,-1.009961,0.1652888,0.4812543,False,4,1,1
6/26/2025 6:58:52 PM,1750957132853,Left,-0.9395334,0.1930011,0.1006112,-0.7218945,0.476092,0.2444606,-0.957636,0.2950247,0.1039314,0.1,3,0,-1.043117,0.9747494,0.4614085,-1.010978,0.1701336,0.4807379,False,4,1,1
6/26/2025 6:58:52 PM,1750957132868,Left,-0.9395334,0.1930011,0.1006112,-0.7250512,0.4849291,0.2453064,-0.9585738,0.2998821,0.1033835,0.1,3,0,-1.048038,0.9910694,0.4587497,-1.011932,0.1749627,0.4802057,False,4,1,1
6/26/2025 6:58:52 PM,1750957132895,Left,-0.9395334,0.1930011,0.1006112,-0.7306768,0.5024986,0.2478088,-0.9602653,0.3098693,0.1017602,0.1,3,0,-1.056324,1.024177,0.4507087,-1.01363,0.1849071,0.4786649,False,4,1,1
6/26/2025 6:58:52 PM,1750957132908,Left,-0.9395334,0.1930011,0.1006112,-0.7339441,0.5116015,0.2502325,-0.9609659,0.315139,0.1007324,0.1,3,0,-1.059816,1.041687,0.4455991,-1.014319,0.1901215,0.4776663,False,4,1,1
6/26/2025 6:58:52 PM,1750957132936,Left,-0.9395334,0.1930011,0.1006112,-0.7400614,0.5296166,0.2553672,-0.962896,0.3259403,0.09888262,0.1,3,0,-1.069449,1.077773,0.4363858,-1.016182,0.200886,0.4759171,False,4,1,1
6/26/2025 6:58:52 PM,1750957132950,Left,-0.9395334,0.1930011,0.1006112,-0.7427369,0.5385572,0.2575825,-0.9637714,0.331415,0.09785527,0.1,3,0,-1.073843,1.095834,0.4311485,-1.017057,0.2062847,0.4749781,False,4,1,1
6/26/2025 6:58:52 PM,1750957132978,Left,-0.9395334,0.1930011,0.1006112,-0.7483907,0.5552053,0.2617143,-0.9651865,0.3418969,0.09549844,0.1,3,0,-1.07995,1.131197,0.4196341,-1.017571,0.2171958,0.4726374,False,4,1,1
6/26/2025 6:58:52 PM,1750957132993,Left,-0.9395334,0.1930011,0.1006112,-0.7505943,0.5631903,0.264154,-0.9657725,0.3471485,0.09430608,0.1,3,0,-1.082734,1.148922,0.4131742,-1.018011,0.2226673,0.4709468,False,4,1,1
6/26/2025 6:58:53 PM,1750957133020,Left,-0.9395334,0.1930011,0.1006112,-0.7530308,0.5769494,0.2689502,-0.9674638,0.3576528,0.09194285,0.1,3,0,-1.089286,1.185194,0.4004655,-1.017902,0.2344724,0.4676482,False,4,1,1
6/26/2025 6:58:53 PM,1750957133034,Left,-0.9395334,0.1930011,0.1006112,-0.7542363,0.5830531,0.2716246,-0.9677873,0.3630764,0.09055409,0.1,3,0,-1.091936,1.202924,0.3934128,-1.019154,0.2395047,0.4661935,False,4,1,1
6/26/2025 6:58:53 PM,1750957133048,Left,-0.9395334,0.1930011,0.1006112,-0.7559485,0.5920962,0.2730595,-0.9682987,0.3682343,0.08909303,0.1,3,0,-1.094205,1.220427,0.3859359,-1.019377,0.2449719,0.4645607,False,4,1,1
6/26/2025 6:58:53 PM,1750957133075,Left,-0.9395334,0.1930011,0.1006112,-0.756484,0.6051313,0.2752187,-0.9689632,0.3781891,0.08570439,0.1,3,0,-1.09821,1.253868,0.3690635,-1.020595,0.2551838,0.4615075,False,4,1,1
