ts_datetime,ts_unix_ms,primary_grab_hand,pt_x,pt_y,pt_z,st_x,st_y,st_z,pv_x,pv_y,pv_z,sv_x,sv_y,sv_z,hmd_x,hmd_y,hmd_z,ee_x,ee_y,ee_z,shovel_loaded_state,cube_max_target_reached,grab_count,collision_or_load_count
6/25/2025 12:55:10 PM,1750848910783,Left,-0.920476,0.06202872,0.4116481,-0.6694822,0.3362411,0.40305,-0.9206833,0.06264681,0.4115901,-0.6559314,0.3843151,0.5982578,-0.8325908,0.647792,0.4054363,-0.9419404,0.06167056,0.4820394,False,1,1,0
6/25/2025 12:55:10 PM,1750848910797,Left,-0.9195708,0.05907694,0.4143263,-0.6682564,0.3353114,0.4060782,-0.919621,0.05840879,0.4123853,-0.6559314,0.3843151,0.5982578,-0.8323181,0.6454792,0.4070442,-0.9419096,0.06182607,0.483379,False,1,1,0
6/25/2025 12:55:10 PM,1750848910824,Left,-0.9262394,0.05875574,0.4212509,-0.6655156,0.3329275,0.4113818,-0.9256334,0.05699426,0.4186497,-0.6559314,0.3843151,0.5982578,-0.8312085,0.6411159,0.4106323,-0.9421893,0.06088748,0.4900213,False,1,1,0
6/25/2025 12:55:10 PM,1750848910838,Left,-0.9280428,0.05954297,0.4250017,-0.6642551,0.3320472,0.4139701,-0.9273679,0.05758111,0.4238724,-0.6559314,0.3843151,0.5982578,-0.8302677,0.6395685,0.4127525,-0.9422975,0.06097276,0.4941234,False,1,1,0
6/25/2025 12:55:10 PM,1750848910852,Left,-0.9275395,0.06114759,0.4280967,-0.6631927,0.3315952,0.4155954,-0.9270956,0.05870864,0.4273425,-0.6559314,0.3843151,0.5982578,-0.829746,0.6378509,0.4148923,-0.9425805,0.06120912,0.4961773,False,1,1,0
6/25/2025 12:55:10 PM,1750848910879,Left,-0.9266218,0.0629877,0.4335114,-0.6601871,0.3279127,0.4187188,-0.9261948,0.05984559,0.4330297,-0.6559314,0.3843151,0.5982578,-0.8292184,0.6353344,0.4189845,-0.9425545,0.06149888,0.4980776,False,1,1,0
6/25/2025 12:55:10 PM,1750848910893,Left,-0.9257452,0.06420481,0.4360834,-0.6588908,0.3265778,0.4198623,-0.9252523,0.06087573,0.4356005,-0.6559314,0.3843151,0.5982578,-0.8286743,0.6341242,0.4208124,-0.9427323,0.06109278,0.4996244,False,1,1,0
6/25/2025 12:55:10 PM,1750848910920,Left,-0.9228199,0.06678484,0.4412155,-0.6560092,0.3239055,0.4222133,-0.9222264,0.0631468,0.4407728,-0.6559314,0.3843151,0.5982578,-0.8265188,0.633062,0.4236509,-0.9422277,0.06096859,0.5025759,False,1,1,0
6/25/2025 12:55:10 PM,1750848910935,Left,-0.9202508,0.06716178,0.4428972,-0.654512,0.3222641,0.4231256,-0.9196213,0.06353407,0.4423993,-0.6559314,0.3843151,0.5982578,-0.8257749,0.6326234,0.4252337,-0.9421486,0.06078397,0.5046049,False,1,1,0
6/25/2025 12:55:10 PM,1750848910962,Left,-0.9179624,0.06877868,0.4450625,-0.6518821,0.3196013,0.4250492,-0.9171412,0.0651598,0.4447778,-0.6559314,0.3843151,0.5982578,-0.8242123,0.6330088,0.4282359,-0.9417058,0.06109129,0.5065532,False,1,1,0
6/25/2025 12:55:10 PM,1750848910976,Left,-0.9185243,0.0701919,0.4466707,-0.650906,0.3189677,0.4255278,-0.9174979,0.0666218,0.4465081,-0.6559314,0.3843151,0.5982578,-0.8234811,0.6337303,0.4298759,-0.9422045,0.06154801,0.5070146,False,1,1,0
6/25/2025 12:55:11 PM,1750848911004,Left,-0.9202473,0.0744691,0.4502382,-0.6496832,0.3175124,0.4269054,-0.9189314,0.07113521,0.4503688,-0.6559314,0.3843151,0.5982578,-0.8212504,0.6367893,0.4338135,-0.9419972,0.06296085,0.5078064,False,1,1,0
6/25/2025 12:55:11 PM,1750848911018,Left,-0.9203022,0.0779672,0.452018,-0.6493819,0.3171471,0.4275013,-0.918905,0.07487621,0.4523033,-0.6559314,0.3843151,0.5982578,-0.8201368,0.638806,0.4357873,-0.9418339,0.06432868,0.5088479,False,1,1,0
6/25/2025 12:55:11 PM,1750848911032,Left,-0.92044,0.08155581,0.4537188,-0.649187,0.3168464,0.4280747,-0.9188527,0.07877512,0.4541171,-0.6559314,0.3843151,0.5982578,-0.8188589,0.6415296,0.4377376,-0.9423023,0.06563014,0.5097125,False,1,1,0
6/25/2025 12:55:11 PM,1750848911059,Left,-0.9207073,0.09161001,0.456645,-0.6497886,0.3163798,0.4284937,-0.9188322,0.089393,0.4573065,-0.6559314,0.3843151,0.5982578,-0.8164814,0.6485633,0.4414495,-0.9425948,0.07000409,0.5111847,False,1,1,0
6/25/2025 12:55:11 PM,1750848911074,Left,-0.9205387,0.09702629,0.4580486,-0.650456,0.3163431,0.4282966,-0.918572,0.09519664,0.4588082,-0.6559314,0.3843151,0.5982578,-0.8151457,0.6533275,0.443331,-0.9423057,0.07264153,0.5121276,False,1,1,0
6/25/2025 12:55:11 PM,1750848911101,Left,-0.917069,0.1090997,0.4593278,-0.6537864,0.3188695,0.4268989,-0.9171114,0.1052209,0.4600368,-0.6559314,0.3843151,0.5982578,-0.8119555,0.6630372,0.4469748,-0.9364807,0.08071969,0.5134781,False,1,1,0
6/25/2025 12:55:11 PM,1750848911115,Left,-0.9146362,0.1153739,0.459587,-0.6557818,0.3209973,0.425959,-0.9150587,0.1112234,0.4603523,-0.6559314,0.3843151,0.5982578,-0.8096974,0.6692542,0.4492368,-0.9328014,0.08612073,0.5144327,False,1,1,0
6/25/2025 12:55:11 PM,1750848911143,Left,-0.9091269,0.1301744,0.4579611,-0.6613893,0.3292016,0.423137,-0.91001,0.1262687,0.459817,-0.6559314,0.3843151,0.5982578,-0.8041034,0.6857319,0.4545285,-0.9227335,0.1013353,0.5148472,False,1,1,0
6/25/2025 12:55:11 PM,1750848911157,Left,-0.9060975,0.1391291,0.4570416,-0.6642044,0.333425,0.4215163,-0.9060933,0.1367232,0.4592049,-0.6559314,0.3843151,0.5982578,-0.8018396,0.6924677,0.4567953,-0.9169627,0.1106005,0.5145733,False,1,1,0
6/25/2025 12:55:11 PM,1750848911185,Left,-0.8980958,0.1626165,0.4540771,-0.6697917,0.3438673,0.417509,-0.8982087,0.1598979,0.4571516,-0.6559314,0.3843151,0.5982578,-0.7967055,0.7089146,0.4625591,-0.9074301,0.1298842,0.5121638,False,1,1,0
6/25/2025 12:55:11 PM,1750848911199,Left,-0.8939925,0.1748689,0.4522496,-0.6723003,0.3493646,0.4158449,-0.8945845,0.171652,0.4560453,-0.6559314,0.3843151,0.5982578,-0.7907779,0.7224141,0.4669493,-0.9020468,0.1410111,0.511255,False,1,1,0
6/25/2025 12:55:11 PM,1750848911212,Left,-0.8888223,0.1890968,0.449831,-0.6742756,0.355324,0.4142331,-0.8901998,0.1844025,0.4541329,-0.6559314,0.3843151,0.5982578,-0.7867804,0.7327249,0.469521,-0.8956215,0.1531909,0.5102235,False,1,1,0
6/25/2025 12:55:11 PM,1750848911240,Left,-0.8800222,0.2205305,0.4452773,-0.6768334,0.3675851,0.411824,-0.8822427,0.2140563,0.4506487,-0.6559314,0.3843151,0.5982578,-0.7785563,0.7548339,0.4744542,-0.8809586,0.1806471,0.5068325,False,1,1,0
6/25/2025 12:55:11 PM,1750848911254,Left,-0.8746894,0.2382683,0.4421264,-0.6772881,0.3741371,0.4109121,-0.8774382,0.2305033,0.4483598,-0.6559314,0.3843151,0.5982578,-0.7744057,0.76648,0.476877,-0.8726249,0.1963631,0.5036148,False,1,1,0
6/25/2025 12:55:11 PM,1750848911282,Left,-0.8646201,0.2716199,0.4351541,-0.6766804,0.3870043,0.4108018,-0.8669071,0.263961,0.4423557,-0.6559314,0.3843151,0.5982578,-0.764986,0.7908385,0.4820882,-0.8566265,0.2309743,0.4961596,False,1,1,0
6/25/2025 12:55:11 PM,1750848911296,Left,-0.8596117,0.2891182,0.4318246,-0.6757977,0.3941023,0.4102314,-0.8622634,0.280159,0.4396898,-0.6559314,0.3843151,0.5982578,-0.7603283,0.803628,0.4842762,-0.8489549,0.2486285,0.4925655,False,1,1,0
6/25/2025 12:55:11 PM,1750848911324,Left,-0.8503642,0.3264691,0.4247838,-0.673601,0.4075171,0.4085758,-0.8535601,0.3153564,0.4338855,-0.6559314,0.3843151,0.5982578,-0.7522399,0.8302101,0.4891106,-0.8355002,0.2834525,0.4863624,False,1,1,0
6/25/2025 12:55:11 PM,1750848911338,Left,-0.8465706,0.3465931,0.4216899,-0.6724077,0.4153976,0.4071585,-0.8500727,0.3342845,0.4314837,-0.6559314,0.3843151,0.5982578,-0.7480459,0.8439469,0.4912462,-0.8284041,0.3015836,0.4823145,False,1,1,0
6/25/2025 12:55:11 PM,1750848911352,Left,-0.8424426,0.3658242,0.4184456,-0.6710017,0.4234714,0.405478,-0.8461776,0.3523957,0.4289111,-0.6559314,0.3843151,0.5982578,-0.7436936,0.8582118,0.4934199,-0.821851,0.320297,0.4780893,False,1,1,0
6/25/2025 12:55:11 PM,1750848911379,Left,-0.8341215,0.4033284,0.4117187,-0.6683506,0.4424674,0.4010054,-0.8390406,0.3854466,0.4239067,-0.6559314,0.3843151,0.5982578,-0.7350473,0.8872919,0.4964349,-0.808686,0.3587515,0.4696988,False,1,1,0
6/25/2025 12:55:11 PM,1750848911393,Left,-0.8303836,0.4250412,0.4111003,-0.6671801,0.4531877,0.3980393,-0.834834,0.4077896,0.4233274,-0.6559314,0.3843151,0.5982578,-0.730742,0.9022703,0.4981111,-0.8021389,0.3790031,0.4658744,False,1,1,0
6/25/2025 12:55:11 PM,1750848911421,Left,-0.8219947,0.4650546,0.406564,-0.6648101,0.4747218,0.3911197,-0.8268558,0.4458339,0.4200942,-0.6559314,0.3843151,0.5982578,-0.7215374,0.9328829,0.5017846,-0.7907871,0.415275,0.4592689,False,1,1,0
6/25/2025 12:55:11 PM,1750848911434,Left,-0.8173172,0.4821853,0.4032504,-0.6632305,0.4857337,0.3886552,-0.8221539,0.4633191,0.4172301,-0.6559314,0.3843151,0.5982578,-0.7164314,0.9482524,0.5033194,-0.784465,0.4332554,0.4557461,False,1,1,0
6/25/2025 12:55:11 PM,1750848911462,Left,-0.8079796,0.5184286,0.3968901,-0.6599201,0.5095395,0.384922,-0.8130341,0.4984603,0.411972,-0.6559314,0.3843151,0.5982578,-0.7049048,0.9793056,0.505627,-0.7713923,0.4681042,0.4485441,False,1,1,0
6/25/2025 12:55:11 PM,1750848911477,Left,-0.802599,0.5363891,0.3934329,-0.6581439,0.52423,0.3829229,-0.8078279,0.5161664,0.4089638,-0.6559314,0.3843151,0.5982578,-0.698308,0.9946703,0.5066271,-0.7636983,0.4844566,0.4455062,False,1,1,0
6/25/2025 12:55:11 PM,1750848911503,Left,-0.7909527,0.5709527,0.3856429,-0.6548588,0.55405,0.3780456,-0.7962056,0.5499848,0.4023725,-0.6559314,0.3843151,0.5982578,-0.6840541,1.025603,0.5074393,-0.7496242,0.5183971,0.436128,False,1,1,0
6/25/2025 12:55:11 PM,1750848911518,Left,-0.7844521,0.5875389,0.3817075,-0.6530837,0.5695528,0.3761971,-0.7897256,0.5664956,0.3989958,-0.6559314,0.3843151,0.5982578,-0.6768608,1.041044,0.5078936,-0.7418727,0.5351276,0.4310622,False,1,1,0
6/25/2025 12:55:11 PM,1750848911532,Left,-0.7785226,0.6041576,0.3787607,-0.6506612,0.584615,0.3748782,-0.7837013,0.5827328,0.3965904,-0.6559314,0.3843151,0.5982578,-0.6682906,1.056423,0.5078515,-0.7344862,0.5515548,0.4261958,False,1,1,0
6/25/2025 12:55:11 PM,1750848911560,Left,-0.7662475,0.6344777,0.3744426,-0.6421469,0.6115271,0.3758185,-0.7712209,0.6133387,0.3931885,-0.6559314,0.3843151,0.5982578,-0.6520801,1.087117,0.5078218,-0.7202437,0.5815083,0.4173026,False,1,1,0
6/25/2025 12:55:11 PM,1750848911574,Left,-0.7597758,0.6500191,0.3715304,-0.6382927,0.6256625,0.3746684,-0.7645951,0.6277298,0.3908572,-0.6559314,0.3843151,0.5982578,-0.6429212,1.101605,0.5063136,-0.7145777,0.5977105,0.412472,False,1,1,0
6/25/2025 12:55:11 PM,1750848911601,Left,-0.7465509,0.6789561,0.3647309,-0.6323578,0.6542749,0.3680124,-0.7507502,0.6569164,0.3847173,-0.6559314,0.3843151,0.5982578,-0.6243763,1.129955,0.5041572,-0.6997378,0.628148,0.4026954,False,1,1,0
6/25/2025 12:55:11 PM,1750848911615,Left,-0.7403685,0.6932434,0.3625523,-0.6285841,0.6679905,0.3637006,-0.7442079,0.6710772,0.3827172,-0.6559314,0.3843151,0.5982578,-0.6145227,1.143139,0.5024835,-0.6927661,0.6421909,0.3991138,False,1,1,0
6/25/2025 12:55:11 PM,1750848911643,Left,-0.7291474,0.7169677,0.3614513,-0.6202883,0.6941909,0.3567814,-0.7323452,0.69543,0.3814687,-0.6559314,0.3843151,0.5982578,-0.5961912,1.169914,0.4992279,-0.6807027,0.6662945,0.3963778,False,1,1,0
6/25/2025 12:55:11 PM,1750848911657,Left,-0.7237059,0.7288812,0.3605571,-0.6162437,0.7087004,0.3542748,-0.7264635,0.7076213,0.3805028,-0.6559314,0.3843151,0.5982578,-0.5870988,1.182831,0.4975003,-0.6748954,0.6787044,0.3952175,False,1,1,0
6/25/2025 12:55:11 PM,1750848911685,Left,-0.7138899,0.7539986,0.3580495,-0.6053831,0.7379522,0.3515237,-0.715915,0.7328861,0.3779851,-0.6559314,0.3843151,0.5982578,-0.5684061,1.207361,0.4936016,-0.6626171,0.7028139,0.3916678,False,1,1,0
6/25/2025 12:55:11 PM,1750848911699,Left,-0.7084343,0.7662436,0.3584508,-0.5995798,0.752859,0.3503748,-0.7100804,0.7450953,0.3783016,-0.6559314,0.3843151,0.5982578,-0.5588493,1.218594,0.4908981,-0.6562521,0.7148001,0.3897191,False,1,1,0
6/25/2025 12:55:11 PM,1750848911713,Left,-0.7026821,0.7777867,0.3594459,-0.593557,0.7676054,0.3501312,-0.7040207,0.7566714,0.3790597,-0.6559314,0.3843151,0.5982578,-0.5493391,1.229633,0.4879701,-0.6497025,0.725198,0.3881416,False,1,1,0
6/25/2025 12:55:11 PM,1750848911740,Left,-0.6897933,0.7991434,0.358993,-0.581679,0.7920092,0.3493006,-0.6905612,0.7780995,0.3783538,-0.6559314,0.3843151,0.5982578,-0.5298061,1.250992,0.4813986,-0.6357747,0.7464805,0.3841801,False,1,1,0
6/25/2025 12:55:11 PM,1750848911754,Left,-0.6823574,0.8093621,0.3587664,-0.57678,0.801191,0.3489267,-0.6830733,0.7886358,0.3778262,-0.6559314,0.3843151,0.5982578,-0.5200331,1.261801,0.4782101,-0.6270685,0.7559258,0.3835509,False,1,1,0
6/25/2025 12:55:11 PM,1750848911782,Left,-0.6677591,0.8288147,0.3586597,-0.564153,0.8194011,0.3458247,-0.6680734,0.8082457,0.3769706,-0.6559314,0.3843151,0.5982578,-0.4998577,1.281722,0.4694232,-0.6111729,0.7750189,0.3814377,False,1,1,0
6/25/2025 12:55:11 PM,1750848911796,Left,-0.6605006,0.8380703,0.3590012,-0.5558447,0.8285132,0.3439145,-0.6605231,0.8179538,0.3768936,-0.6559314,0.3843151,0.5982578,-0.4894505,1.291556,0.4644581,-0.6030578,0.7831628,0.3802674,False,1,1,0
6/25/2025 12:55:11 PM,1750848911823,Left,-0.6467003,0.8547505,0.358415,-0.5399963,0.8460968,0.3425623,-0.6461841,0.8353631,0.3758771,-0.6559314,0.3843151,0.5982578,-0.4681216,1.312056,0.4566141,-0.5862985,0.8012585,0.3763512,False,1,1,0
6/25/2025 12:55:11 PM,1750848911838,Left,-0.6390304,0.8623418,0.3588285,-0.5330438,0.8530691,0.3391649,-0.6384109,0.843345,0.3759752,-0.6559314,0.3843151,0.5982578,-0.4580939,1.321886,0.4525219,-0.5780205,0.8094179,0.3750018,False,1,1,0
6/25/2025 12:55:11 PM,1750848911852,Left,-0.631191,0.869949,0.3595755,-0.5265825,0.8601203,0.3359907,-0.6301454,0.8512725,0.3764789,-0.6559314,0.3843151,0.5982578,-0.4480965,1.331181,0.4474142,-0.571591,0.8183557,0.3727231,False,1,1,0
6/25/2025 12:55:11 PM,1750848911880,Left,-0.6146117,0.8842473,0.3599842,-0.5129735,0.8744383,0.3309246,-0.6128846,0.8653874,0.3758667,-0.6559314,0.3843151,0.5982578,-0.4283338,1.34754,0.4352243,-0.5580562,0.8350234,0.3688837,False,1,1,0
6/25/2025 12:55:11 PM,1750848911893,Left,-0.6064077,0.8919225,0.358239,-0.5062171,0.8816028,0.3282658,-0.6044964,0.8732163,0.3737282,-0.6559314,0.3843151,0.5982578,-0.4183621,1.3556,0.4291006,-0.5496587,0.8424345,0.3669,False,1,1,0
6/25/2025 12:55:11 PM,1750848911921,Left,-0.5962623,0.899739,0.3583344,-0.4909577,0.8946475,0.325166,-0.5938994,0.8819728,0.3729286,-0.6559314,0.3843151,0.5982578,-0.3979745,1.373101,0.4187011,-0.5326425,0.8565707,0.3642994,False,1,1,0
6/25/2025 12:55:11 PM,1750848911935,Left,-0.581282,0.910194,0.3594623,-0.4819713,0.9012182,0.3245261,-0.5794283,0.8925404,0.3736074,-0.6559314,0.3843151,0.5982578,-0.3866056,1.382319,0.4141952,-0.5237202,0.8631256,0.3636786,False,1,1,0
6/25/2025 12:55:11 PM,1750848911962,Left,-0.5607576,0.9241023,0.3614068,-0.4628679,0.9132342,0.3227777,-0.558147,0.9072762,0.3743172,-0.6559314,0.3843151,0.5982578,-0.3653004,1.397032,0.4017069,-0.5041781,0.8765706,0.3618695,False,1,1,0
6/25/2025 12:55:11 PM,1750848911977,Left,-0.5502975,0.9303994,0.3623942,-0.4529632,0.9193303,0.3214599,-0.547914,0.9133952,0.3747083,-0.6559314,0.3843151,0.5982578,-0.3544096,1.403324,0.3950689,-0.4939442,0.8827484,0.3607663,False,1,1,0
6/25/2025 12:55:12 PM,1750848912004,Left,-0.5281711,0.9424656,0.3638993,-0.4333087,0.9291924,0.3179719,-0.5253059,0.9257205,0.3752093,-0.6559314,0.3843151,0.5982578,-0.3307917,1.414882,0.3840315,-0.4721555,0.8944573,0.3583595,False,1,1,0
6/25/2025 12:55:12 PM,1750848912018,Left,-0.5163508,0.9479783,0.3641479,-0.422861,0.934834,0.3163437,-0.5134107,0.9314696,0.3751439,-0.6559314,0.3843151,0.5982578,-0.3179867,1.420788,0.3794452,-0.4600881,0.8993438,0.3569531,False,1,1,0
6/25/2025 12:55:12 PM,1750848912032,Left,-0.504411,0.9534375,0.3641253,-0.4121161,0.9400954,0.3144167,-0.501375,0.9370161,0.3747213,-0.6559314,0.3843151,0.5982578,-0.3049637,1.426171,0.3745281,-0.4485064,0.904522,0.3557615,False,1,1,0
6/25/2025 12:55:12 PM,1750848912060,Left,-0.4797535,0.962451,0.3636114,-0.3893832,0.9506665,0.3111463,-0.476577,0.9458308,0.3732969,-0.6559314,0.3843151,0.5982578,-0.2791243,1.434248,0.3630934,-0.4249751,0.9142609,0.3529649,False,1,1,0
6/25/2025 12:55:12 PM,1750848912074,Left,-0.4669881,0.9669848,0.3634026,-0.3779654,0.9549798,0.3089059,-0.4636342,0.9499288,0.372608,-0.6559314,0.3843151,0.5982578,-0.2662714,1.437439,0.3573958,-0.4127612,0.9184902,0.351429,False,1,1,0
6/25/2025 12:55:12 PM,1750848912102,Left,-0.4413135,0.9757388,0.3638517,-0.3544047,0.9619586,0.304826,-0.4377452,0.9582789,0.3723782,-0.6559314,0.3843151,0.5982578,-0.2386822,1.443007,0.3486724,-0.38743,0.925699,0.3486176,False,1,1,0
6/25/2025 12:55:12 PM,1750848912115,Left,-0.4278124,0.9791909,0.3636459,-0.3420415,0.9651262,0.302789,-0.4240326,0.9615408,0.3719243,-0.6559314,0.3843151,0.5982578,-0.2237262,1.445232,0.3447896,-0.3742987,0.9288479,0.3470957,False,1,1,0
6/25/2025 12:55:12 PM,1750848912143,Left,-0.400066,0.9831266,0.362877,-0.3164987,0.9692816,0.2993984,-0.3962426,0.9653143,0.370658,-0.6559314,0.3843151,0.5982578,-0.1953876,1.447951,0.3370832,-0.3473518,0.9325066,0.3439933,False,1,1,0
6/25/2025 12:55:12 PM,1750848912157,Left,-0.3858162,0.9852273,0.3621253,-0.3030331,0.9714044,0.2975308,-0.3820401,0.9673066,0.3697295,-0.6559314,0.3843151,0.5982578,-0.18169,1.449183,0.3336595,-0.3338197,0.9341907,0.3423669,False,1,1,0
6/25/2025 12:55:12 PM,1750848912185,Left,-0.3580342,0.9877331,0.360742,-0.2756023,0.9729159,0.2947555,-0.3541792,0.970221,0.3680187,-0.6559314,0.3843151,0.5982578,-0.1536324,1.452604,0.3275393,-0.3063312,0.9361459,0.3392192,False,1,1,0
6/25/2025 12:55:12 PM,1750848912198,Left,-0.3435546,0.9887787,0.3599606,-0.2611103,0.9732415,0.2931104,-0.3398351,0.9714082,0.3671053,-0.6559314,0.3843151,0.5982578,-0.1405958,1.453551,0.324592,-0.2920256,0.9366025,0.3375236,False,1,1,0
6/25/2025 12:55:12 PM,1750848912212,Left,-0.3293466,0.9884568,0.3591961,-0.2463424,0.972775,0.292207,-0.3272388,0.9713834,0.3663689,-0.6559314,0.3843151,0.5982578,-0.128258,1.454159,0.3220848,-0.2791978,0.9363478,0.3362011,False,1,1,0
6/25/2025 12:55:12 PM,1750848912240,Left,-0.3004548,0.9875427,0.3576937,-0.2162687,0.9715884,0.2901075,-0.2974133,0.9711336,0.3646963,-0.6559314,0.3843151,0.5982578,-0.1034559,1.455917,0.318608,-0.2488158,0.9355096,0.3328354,False,1,1,0
6/25/2025 12:55:12 PM,1750848912254,Left,-0.2859268,0.9859297,0.3572224,-0.2011617,0.9703748,0.288272,-0.2833045,0.9699932,0.3641722,-0.6559314,0.3843151,0.5982578,-0.09160578,1.456398,0.3171103,-0.2339967,0.9342883,0.331743,False,1,1,0
6/25/2025 12:55:12 PM,1750848912281,Left,-0.2576935,0.9838673,0.3570644,-0.1719179,0.9678764,0.2847247,-0.2556949,0.9686915,0.3639784,-0.6559314,0.3843151,0.5982578,-0.06922793,1.458227,0.3146996,-0.2053708,0.9329966,0.3292111,False,1,1,0
6/25/2025 12:55:12 PM,1750848912296,Left,-0.2431799,0.9834431,0.358012,-0.157523,0.9674134,0.2830691,-0.2416679,0.9686947,0.3649072,-0.6559314,0.3843151,0.5982578,-0.05836368,1.459425,0.3138071,-0.1906201,0.9324724,0.3282032,False,1,1,0
6/25/2025 12:55:12 PM,1750848912324,Left,-0.2156834,0.978996,0.3598375,-0.1293469,0.9654194,0.2806695,-0.2148178,0.9652977,0.3668022,-0.6559314,0.3843151,0.5982578,-0.03579974,1.46209,0.3131752,-0.1616611,0.9312859,0.3267444,False,1,1,0
6/25/2025 12:55:12 PM,1750848912338,Left,-0.2021443,0.9758268,0.3608198,-0.1146731,0.9645762,0.2795561,-0.2016802,0.9626517,0.3677483,-0.6559314,0.3843151,0.5982578,-0.02531242,1.463307,0.3129755,-0.1468763,0.9305362,0.3265741,False,1,1,0
6/25/2025 12:55:12 PM,1750848912351,Left,-0.1883474,0.9723259,0.3626696,-0.09935487,0.9634604,0.2788508,-0.1885897,0.9597906,0.3695779,-0.6559314,0.3843151,0.5982578,-0.01482642,1.464271,0.3128743,-0.1315759,0.9292071,0.3263032,False,1,1,0
6/25/2025 12:55:12 PM,1750848912379,Left,-0.1623594,0.9667336,0.368084,-0.07089073,0.9610291,0.2773072,-0.1632974,0.954982,0.37507,-0.6559314,0.3843151,0.5982578,0.006296635,1.465901,0.3135151,-0.1019767,0.9274425,0.3258668,False,1,1,0
6/25/2025 12:55:12 PM,1750848912393,Left,-0.1496453,0.9655755,0.3723475,-0.05561535,0.9596649,0.2771156,-0.1510597,0.9541077,0.3793629,-0.6559314,0.3843151,0.5982578,0.01745462,1.466046,0.3150556,-0.08664386,0.9264119,0.3264057,False,1,1,0
6/25/2025 12:55:12 PM,1750848912421,Left,-0.1256042,0.9646153,0.3821556,-0.0258947,0.9566802,0.2771117,-0.1280398,0.9536676,0.389263,-0.6559314,0.3843151,0.5982578,0.03844213,1.465661,0.3173573,-0.05612569,0.9234878,0.3272121,False,1,1,0
6/25/2025 12:55:12 PM,1750848912435,Left,-0.1152977,0.963768,0.3872146,-0.009761089,0.9559722,0.2782154,-0.1182369,0.953114,0.3944041,-0.6559314,0.3843151,0.5982578,0.04868746,1.464494,0.3190755,-0.04040157,0.9211823,0.3282151,False,1,1,0
6/25/2025 12:55:12 PM,1750848912463,Left,-0.09730058,0.9590298,0.3958447,0.02209257,0.9515096,0.2800756,-0.1012789,0.9484388,0.403418,-0.6559314,0.3843151,0.5982578,0.07024348,1.462027,0.323586,-0.008721219,0.9188135,0.3294182,False,1,1,0
6/25/2025 12:55:12 PM,1750848912476,Left,-0.08939196,0.954941,0.3996177,0.03799171,0.9481425,0.2812184,-0.09400098,0.9450832,0.4073107,-0.6559314,0.3843151,0.5982578,0.08090723,1.460511,0.3263594,0.007778373,0.9146802,0.3311837,False,1,1,0
6/25/2025 12:55:12 PM,1750848912504,Left,-0.07456816,0.9454136,0.406218,0.06986519,0.9409411,0.2837554,-0.08036157,0.936703,0.4143336,-0.6559314,0.3843151,0.5982578,0.1023177,1.456573,0.3326274,0.04088235,0.9064183,0.3342291,False,1,1,0
6/25/2025 12:55:12 PM,1750848912518,Left,-0.06787407,0.939409,0.4085225,0.08699699,0.9368526,0.2855253,-0.07452551,0.9313003,0.4168645,-0.6559314,0.3843151,0.5982578,0.1132138,1.454093,0.3361182,0.05835169,0.9018763,0.3359534,False,1,1,0
6/25/2025 12:55:12 PM,1750848912532,Left,-0.06130483,0.9334516,0.4107475,0.1037145,0.9326797,0.2866845,-0.06853858,0.9257656,0.4193603,-0.6559314,0.3843151,0.5982578,0.1243486,1.450963,0.3400469,0.07589868,0.8971355,0.3375395,False,1,1,0
6/25/2025 12:55:12 PM,1750848912560,Left,-0.05083333,0.9191652,0.4127763,0.1372674,0.9239228,0.2900034,-0.0596367,0.9120902,0.4218929,-0.6559314,0.3843151,0.5982578,0.1457841,1.443611,0.3477451,0.1117137,0.8881139,0.3413082,False,1,1,0
6/25/2025 12:55:12 PM,1750848912574,Left,-0.04598479,0.9121557,0.4134315,0.1539358,0.9195179,0.2912247,-0.05555055,0.9051831,0.4228552,-0.6559314,0.3843151,0.5982578,0.1561296,1.439693,0.3515853,0.1300986,0.88314,0.3428395,False,1,1,0
6/25/2025 12:55:12 PM,1750848912602,Left,-0.03736079,0.8966734,0.4139688,0.1893617,0.9121307,0.2960987,-0.04868867,0.8898338,0.4238131,-0.6559314,0.3843151,0.5982578,0.1766582,1.43045,0.3597617,0.1665668,0.8737327,0.3475403,False,1,1,0
6/25/2025 12:55:12 PM,1750848912616,Left,-0.03313839,0.8887164,0.4143239,0.207254,0.9077774,0.2980738,-0.0455261,0.8821211,0.4244195,-0.6559314,0.3843151,0.5982578,0.1872265,1.426327,0.364403,0.1849809,0.8689206,0.3497254,False,1,1,0
6/25/2025 12:55:12 PM,1750848912644,Left,-0.0252805,0.8729809,0.4148791,0.2410984,0.8977507,0.3031599,-0.0391064,0.8665794,0.4253708,-0.6559314,0.3843151,0.5982578,0.2097924,1.416958,0.373876,0.22234,0.8587096,0.3558777,False,1,1,0
6/25/2025 12:55:12 PM,1750848912658,Left,-0.0210566,0.8650222,0.415399,0.2591317,0.8929698,0.3064991,-0.03580847,0.8585627,0.425902,-0.6559314,0.3843151,0.5982578,0.2214894,1.4116,0.3788022,0.2411089,0.853401,0.3591622,False,1,1,0
6/25/2025 12:55:12 PM,1750848912685,Left,-0.01173858,0.8500239,0.4167886,0.295117,0.8816981,0.3125754,-0.02808389,0.8437998,0.4277852,-0.6559314,0.3843151,0.5982578,0.2447425,1.400195,0.3890246,0.2787753,0.8417649,0.3661115,False,1,1,0
6/25/2025 12:55:12 PM,1750848912699,Left,-0.006768619,0.8429183,0.4173903,0.3124798,0.8763363,0.3154571,-0.02381995,0.8366275,0.4287116,-0.6559314,0.3843151,0.5982578,0.2569107,1.394279,0.3944209,0.298037,0.8354187,0.368647,False,1,1,0
6/25/2025 12:55:12 PM,1750848912712,Left,-0.0004442809,0.8360381,0.4182768,0.3303711,0.8705614,0.3190071,-0.01829493,0.8300567,0.4299398,-0.6559314,0.3843151,0.5982578,0.2705796,1.388417,0.4003137,0.3177369,0.8286873,0.3713125,False,1,1,0
6/25/2025 12:55:12 PM,1750848912740,Left,0.01113022,0.8233256,0.4201911,0.3640772,0.8599132,0.3255645,-0.007744759,0.8167632,0.4324259,-0.6559314,0.3843151,0.5982578,0.296726,1.373926,0.4107308,0.3540425,0.8158273,0.3766703,False,1,1,0
6/25/2025 12:55:12 PM,1750848912754,Left,0.01753649,0.81683,0.4215645,0.3806625,0.8534929,0.3288579,-0.00191617,0.810075,0.4339936,-0.6559314,0.3843151,0.5982578,0.3088789,1.365883,0.4156861,0.3718829,0.809892,0.3801977,False,1,1,0
6/25/2025 12:55:12 PM,1750848912783,Left,0.03344391,0.8036195,0.4233894,0.4146167,0.8411499,0.3351423,0.01274785,0.7956714,0.4362014,-0.6559314,0.3843151,0.5982578,0.3342376,1.348244,0.4254272,0.4066144,0.7961123,0.3862895,False,1,1,0
6/25/2025 12:55:12 PM,1750848912796,Left,0.04205226,0.7966846,0.4241988,0.4309019,0.8340759,0.3385368,0.02076551,0.7880849,0.4370829,-0.6559314,0.3843151,0.5982578,0.3463876,1.33886,0.4299166,0.4236147,0.7891124,0.3899809,False,1,1,0
6/25/2025 12:55:12 PM,1750848912823,Left,0.0580801,0.7834841,0.425368,0.4630124,0.8213788,0.3449236,0.03570947,0.7734548,0.4386805,-0.6559314,0.3843151,0.5982578,0.369308,1.318748,0.4390193,0.4570227,0.7743049,0.3953844,False,1,1,0
6/25/2025 12:55:12 PM,1750848912838,Left,0.06585269,0.776766,0.4260014,0.4794097,0.8145771,0.3485632,0.04290721,0.7664964,0.4395111,-0.6559314,0.3843151,0.5982578,0.3815436,1.310173,0.4438407,0.473878,0.7670066,0.3985,False,1,1,0
6/25/2025 12:55:12 PM,1750848912852,Left,0.0736554,0.7705086,0.4267075,0.4950086,0.8074281,0.3523378,0.0503315,0.759881,0.4403462,-0.6559314,0.3843151,0.5982578,0.3940778,1.301537,0.4482447,0.4901481,0.7596141,0.4017294,False,1,1,0
6/25/2025 12:55:12 PM,1750848912880,Left,0.08855575,0.7587256,0.4286228,0.5251159,0.792262,0.3588783,0.06440061,0.7473493,0.4425516,-0.6559314,0.3843151,0.5982578,0.4170036,1.283522,0.4571813,0.521234,0.7446113,0.4078938,False,1,1,0
6/25/2025 12:55:12 PM,1750848912893,Left,0.09597079,0.7536939,0.4300956,0.5399538,0.7842348,0.3622382,0.07131654,0.7420624,0.4441808,-0.6559314,0.3843151,0.5982578,0.4287391,1.27446,0.4614489,0.5369093,0.7363107,0.4105873,False,1,1,0
6/25/2025 12:55:12 PM,1750848912922,Left,0.1104157,0.7449337,0.4328929,0.5682802,0.7676712,0.3679165,0.08482441,0.7326717,0.4472083,-0.6559314,0.3843151,0.5982578,0.4490926,1.255507,0.4683025,0.565712,0.7196636,0.4152772,False,1,1,0
6/25/2025 12:55:12 PM,1750848912935,Left,0.1175842,0.742017,0.4333665,0.5827382,0.7586182,0.3710941,0.09160361,0.7295818,0.447857,-0.6559314,0.3843151,0.5982578,0.4597336,1.245874,0.4717965,0.5802237,0.710405,0.4175076,False,1,1,0
6/25/2025 12:55:12 PM,1750848912976,Right,0.6217178,0.7306842,0.380183,0.1382832,0.7364951,0.4294781,0.620733,0.7313601,0.3799916,0.09825078,0.7266662,0.4481833,0.4910919,1.216212,0.483609,0.5941626,0.7012468,0.4197281,False,1,2,0
6/25/2025 12:55:13 PM,1750848913005,Right,0.6473726,0.7123544,0.3856627,0.1501394,0.7338136,0.4224911,0.572134,0.7384893,0.3912112,0.09825078,0.7266662,0.4481833,0.5128195,1.194553,0.4905698,0.5981994,0.6999566,0.4194118,False,1,2,0
6/25/2025 12:55:13 PM,1750848913018,Right,0.6603437,0.7026534,0.3885752,0.1541833,0.7314987,0.4191208,0.5749015,0.7388504,0.394198,0.09825078,0.7266662,0.4481833,0.5227733,1.182392,0.4941347,0.6016537,0.6984302,0.4192312,False,1,2,0
6/25/2025 12:55:13 PM,1750848913032,Right,0.6729046,0.6922342,0.3917286,0.158544,0.7290964,0.4156796,0.5776085,0.7380986,0.3989299,0.09825078,0.7266662,0.4481833,0.5319948,1.16821,0.4978515,0.6063552,0.6960394,0.4189538,False,1,2,0
6/25/2025 12:55:13 PM,1750848913060,Right,0.6959612,0.670142,0.3983747,0.1683432,0.7229435,0.4135055,0.5887713,0.7308686,0.4009424,0.09825078,0.7266662,0.4481833,0.5506079,1.140394,0.5044677,0.6190988,0.6885449,0.4187036,False,1,2,0
6/25/2025 12:55:13 PM,1750848913074,Right,0.7082083,0.6585945,0.4013359,0.173203,0.7196235,0.4130809,0.5967491,0.72557,0.4016919,0.09825078,0.7266662,0.4481833,0.5597037,1.125329,0.5071099,0.6271334,0.6832788,0.418855,False,1,2,0
6/25/2025 12:55:13 PM,1750848913102,Right,0.7309309,0.6328951,0.4075519,0.1871823,0.712038,0.4160856,0.6140042,0.7111685,0.4035168,0.09825078,0.7266662,0.4481833,0.5760015,1.094569,0.5122375,0.6461909,0.6695291,0.4197931,False,1,2,0
6/25/2025 12:55:13 PM,1750848913116,Right,0.7429834,0.6171125,0.4113064,0.1948823,0.7078204,0.4199931,0.6231112,0.7025223,0.4044023,0.09825078,0.7266662,0.4481833,0.5832558,1.078697,0.5146863,0.6561211,0.6617481,0.4205796,False,1,2,0
6/25/2025 12:55:13 PM,1750848913143,Right,0.7629448,0.5894182,0.4167666,0.2086967,0.7001675,0.4286709,0.6457195,0.6793182,0.4075193,0.09825078,0.7266662,0.4481833,0.5981656,1.047597,0.5196056,0.6809385,0.6407379,0.4231004,False,1,2,0
6/25/2025 12:55:13 PM,1750848913157,Right,0.772939,0.5731599,0.4201035,0.2160091,0.6952368,0.4339159,0.6552199,0.6674646,0.4104925,0.09825078,0.7266662,0.4481833,0.6064764,1.032156,0.5221274,0.6922587,0.6304461,0.424354,False,1,2,0
6/25/2025 12:55:13 PM,1750848913185,Right,0.7924237,0.5410137,0.4242727,0.2271882,0.6806577,0.4460606,0.6813087,0.6362109,0.4161671,0.09825078,0.7266662,0.4481833,0.620869,0.999785,0.5246532,0.7207562,0.6027798,0.4273821,False,1,2,0
6/25/2025 12:55:13 PM,1750848913199,Right,0.8025786,0.5254955,0.4262945,0.2328225,0.6727232,0.4525815,0.695521,0.6203421,0.4183557,0.09825078,0.7266662,0.4481833,0.6260418,0.9837621,0.5258017,0.735577,0.587375,0.4289913,False,1,2,0
6/25/2025 12:55:13 PM,1750848913212,Right,0.8114515,0.5100371,0.4284482,0.2381927,0.6659546,0.4562386,0.7093507,0.6037148,0.4221866,0.09825078,0.7266662,0.4481833,0.6314604,0.9682754,0.5270997,0.751265,0.5702966,0.430529,False,1,2,0
6/25/2025 12:55:13 PM,1750848913240,Right,0.8311886,0.4772856,0.4307148,0.2483947,0.6520651,0.4621574,0.7415597,0.5654919,0.4257958,0.09825078,0.7266662,0.4481833,0.643014,0.9387062,0.5288163,0.7832576,0.5327902,0.433785,False,1,2,0
6/25/2025 12:55:13 PM,1750848913254,Right,0.8404175,0.461174,0.4317761,0.2533144,0.6444021,0.4660585,0.7570979,0.5455344,0.4297392,0.09825078,0.7266662,0.4481833,0.6486393,0.9260801,0.530081,0.7998741,0.511959,0.4349437,False,1,2,0
6/25/2025 12:55:13 PM,1750848913282,Right,0.8566722,0.4311311,0.4342334,0.2617274,0.6298037,0.4706056,0.7918861,0.5010251,0.4340487,0.09825078,0.7266662,0.4481833,0.6586544,0.8996364,0.5356641,0.8344582,0.464719,0.4373415,False,1,2,0
6/25/2025 12:55:13 PM,1750848913296,Right,0.8638923,0.4163457,0.4354724,0.2647327,0.6216742,0.4721617,0.8091335,0.4767448,0.4347843,0.09825078,0.7266662,0.4481833,0.6639918,0.8858242,0.5376035,0.8510513,0.4395355,0.4389958,False,1,2,0
6/25/2025 12:55:13 PM,1750848913324,Right,0.8760496,0.3897796,0.4386086,0.2695749,0.6057181,0.4738531,0.8437102,0.4204074,0.440478,0.09825078,0.7266662,0.4481833,0.6716076,0.864623,0.5399095,0.8855989,0.3821769,0.4419667,False,1,2,0
6/25/2025 12:55:13 PM,1750848913338,Right,0.8811591,0.3768995,0.4404024,0.2717068,0.5979719,0.4731963,0.8600902,0.3897054,0.4419437,0.09825078,0.7266662,0.4481833,0.6749345,0.8539711,0.5414681,0.9014282,0.351559,0.4461749,False,1,2,0
6/25/2025 12:55:13 PM,1750848913352,Right,0.8856848,0.3649553,0.4426062,0.2737631,0.590596,0.4730894,0.870809,0.3659151,0.4457914,0.09825078,0.7266662,0.4481833,0.6786548,0.8430801,0.5432444,0.9121972,0.3276175,0.4495035,False,1,2,0
6/25/2025 12:55:13 PM,1750848913379,Right,0.8944967,0.3416587,0.4462013,0.277323,0.5784053,0.4712269,0.8793632,0.3429693,0.449275,0.09825078,0.7266662,0.4481833,0.6846259,0.8215838,0.5451708,0.9210769,0.304249,0.4525719,False,1,2,0
6/25/2025 12:55:13 PM,1750848913393,Right,0.8985987,0.3303663,0.4480812,0.2790256,0.5731876,0.4701596,0.8833527,0.3320476,0.4509681,0.09825078,0.7266662,0.4481833,0.6870372,0.8116789,0.5454183,0.9244632,0.293029,0.4543448,False,1,2,0
6/25/2025 12:55:13 PM,1750848913422,Right,0.9058374,0.3088531,0.4513919,0.2855283,0.566149,0.4735686,0.8904587,0.3110989,0.4542742,0.09825078,0.7266662,0.4481833,0.6922688,0.7931607,0.5469389,0.931593,0.271558,0.4562348,False,1,2,0
6/25/2025 12:55:13 PM,1750848913435,Right,0.9089171,0.2986411,0.4534756,0.2910197,0.5657129,0.4750274,0.8935144,0.3015391,0.4561878,0.09825078,0.7266662,0.4481833,0.6948218,0.7845622,0.5481625,0.934155,0.260867,0.4585869,False,1,2,0
6/25/2025 12:55:13 PM,1750848913463,Right,0.9138758,0.2794397,0.4566727,0.2983202,0.5623625,0.4787015,0.898519,0.2834947,0.4592678,0.09825078,0.7266662,0.4481833,0.6988748,0.770584,0.5490972,0.9383966,0.2417768,0.4607143,False,1,2,0
6/25/2025 12:55:13 PM,1750848913476,Right,0.9160221,0.2703473,0.4581023,0.2992212,0.5590913,0.4791117,0.9007552,0.2750633,0.4605076,0.09825078,0.7266662,0.4481833,0.7009013,0.7648506,0.5493616,0.9398348,0.2327907,0.4630112,False,2,2,0
6/25/2025 12:55:13 PM,1750848913491,Right,0.9180468,0.2616046,0.4594867,0.3007673,0.5559795,0.4805191,0.9028776,0.2671956,0.4617463,0.09825078,0.7266662,0.4481833,0.7030926,0.7602159,0.549906,0.9413415,0.2245141,0.4646458,False,2,2,0
6/25/2025 12:55:13 PM,1750848913519,Right,0.9203644,0.2470818,0.4629485,0.3036529,0.5514726,0.4833679,0.9054389,0.2540115,0.4649332,0.09825078,0.7266662,0.4481833,0.7063434,0.752063,0.5511122,0.9428059,0.211131,0.4683244,False,2,2,0
6/25/2025 12:55:13 PM,1750848913532,Right,0.9215756,0.2400356,0.4642993,0.3057379,0.5497464,0.4854442,0.9066983,0.2480268,0.4661453,0.09825078,0.7266662,0.4481833,0.707454,0.7499995,0.5522795,0.9434863,0.2048353,0.4707868,False,2,2,0
6/25/2025 12:55:13 PM,1750848913560,Right,0.9224632,0.2289953,0.4669888,0.3097835,0.5475982,0.4915128,0.9079084,0.2389126,0.4687972,0.09825078,0.7266662,0.4481833,0.710955,0.7486006,0.5542212,0.9444838,0.1953262,0.4731643,False,2,2,0
6/25/2025 12:55:13 PM,1750848913574,Right,0.9229444,0.2237973,0.4676968,0.3110094,0.5460434,0.4945319,0.9085013,0.234832,0.4697493,0.09825078,0.7266662,0.4481833,0.712443,0.748454,0.5550525,0.9447747,0.1907659,0.4743447,False,2,2,0
6/25/2025 12:55:13 PM,1750848913602,Right,0.9235461,0.2169035,0.4689661,0.3132139,0.5441756,0.4980777,0.9093804,0.2298412,0.4709836,0.09825078,0.7266662,0.4481833,0.7142301,0.750652,0.5573657,0.944463,0.1847515,0.4748594,False,2,2,0
6/25/2025 12:55:13 PM,1750848913615,Right,0.9237276,0.2136198,0.4693675,0.3143461,0.543191,0.4994975,0.9096552,0.2276727,0.4715095,0.09825078,0.7266662,0.4481833,0.715046,0.7526102,0.5585085,0.9444664,0.1822232,0.4749464,False,2,2,0
6/25/2025 12:55:13 PM,1750848913643,Right,0.92314,0.2103502,0.4700294,0.3174984,0.5438781,0.4990389,0.9093876,0.2259214,0.4723688,0.09825078,0.7266662,0.4481833,0.7174222,0.7571394,0.5606205,0.9441586,0.1803103,0.4754309,False,2,2,0
6/25/2025 12:55:13 PM,1750848913658,Right,0.9235402,0.2098794,0.4703881,0.318967,0.5445229,0.4982766,0.9098845,0.2260249,0.4728204,0.09825078,0.7266662,0.4481833,0.7185277,0.7595314,0.5616767,0.9441952,0.1798565,0.4756355,False,2,2,0
6/25/2025 12:55:13 PM,1750848913685,Right,0.9241561,0.2108586,0.4705132,0.3205481,0.545233,0.4966638,0.9104022,0.228329,0.4732381,0.09825078,0.7266662,0.4481833,0.7178895,0.7671894,0.5644541,0.9445436,0.1821503,0.4758989,False,2,2,0
6/25/2025 12:55:13 PM,1750848913699,Right,0.9253305,0.2123879,0.4698038,0.321222,0.5461169,0.4955648,0.9115272,0.2303815,0.472634,0.09825078,0.7266662,0.4481833,0.7178727,0.7708706,0.5654569,0.9445653,0.1835718,0.4762253,False,2,2,0
6/25/2025 12:55:13 PM,1750848913712,Right,0.925914,0.2146974,0.4694537,0.3215647,0.5470304,0.4945704,0.9120749,0.2330782,0.4724307,0.09825078,0.7266662,0.4481833,0.7179452,0.7750983,0.5665112,0.9450533,0.1860944,0.4759299,False,2,2,0
6/25/2025 12:55:13 PM,1750848913741,Right,0.925854,0.219762,0.4695576,0.3225823,0.5496874,0.4917915,0.9118804,0.2389373,0.472906,0.09825078,0.7266662,0.4481833,0.7169475,0.7850152,0.5694058,0.9456961,0.19228,0.4751555,False,2,2,0
6/25/2025 12:55:13 PM,1750848913755,Right,0.9256625,0.2237186,0.4696102,0.3229741,0.5511904,0.4920242,0.9116312,0.2430057,0.4729704,0.09825078,0.7266662,0.4481833,0.7159842,0.7903895,0.5708475,0.9453344,0.1966,0.4762781,False,2,2,0
6/25/2025 12:55:13 PM,1750848913782,Right,0.9245467,0.2329819,0.4699125,0.3240183,0.5547583,0.4917724,0.9105248,0.2534358,0.4735386,0.09825078,0.7266662,0.4481833,0.7151327,0.805439,0.573245,0.9444511,0.2072539,0.4765742,False,2,2,0
6/25/2025 12:55:13 PM,1750848913796,Right,0.9231753,0.2391162,0.4698644,0.3245641,0.5575004,0.4911503,0.9094524,0.2596223,0.4734836,0.09825078,0.7266662,0.4481833,0.7151533,0.8144314,0.5748775,0.9429478,0.2135756,0.477633,False,2,2,0
6/25/2025 12:55:13 PM,1750848913824,Right,0.9196238,0.253475,0.4698903,0.3260184,0.5621161,0.490361,0.9060883,0.2753292,0.4740104,0.09825078,0.7266662,0.4481833,0.713805,0.8334786,0.5799143,0.9395246,0.2290538,0.4788723,False,2,2,0
6/25/2025 12:55:13 PM,1750848913838,Right,0.9167554,0.2622719,0.4698496,0.3264847,0.565611,0.4890953,0.903679,0.2838792,0.474316,0.09825078,0.7266662,0.4481833,0.7129496,0.8468184,0.5840261,0.9374585,0.2377371,0.4793082,False,2,2,0
6/25/2025 12:55:13 PM,1750848913851,Right,0.9136927,0.2721322,0.469724,0.326932,0.5686842,0.4879235,0.9009228,0.2940975,0.474582,0.09825078,0.7266662,0.4481833,0.7128091,0.8598212,0.5872393,0.9348864,0.2480129,0.4794337,False,2,2,0
6/25/2025 12:55:13 PM,1750848913880,Right,0.9068416,0.2924488,0.4684398,0.3280393,0.5762161,0.48414,0.8943527,0.3168164,0.4739463,0.09825078,0.7266662,0.4481833,0.7110219,0.8871233,0.593769,0.9284136,0.271706,0.4806151,False,2,2,0
6/25/2025 12:55:13 PM,1750848913894,Right,0.903004,0.304149,0.4673175,0.3291018,0.580829,0.4824571,0.8907437,0.3291463,0.4732483,0.09825078,0.7266662,0.4481833,0.709376,0.9026114,0.5977752,0.9248,0.2846456,0.480868,False,2,2,0
6/25/2025 12:55:13 PM,1750848913922,Right,0.8943013,0.3294674,0.4655787,0.3307295,0.5906347,0.4798615,0.8825718,0.3558286,0.4723221,0.09825078,0.7266662,0.4481833,0.7067435,0.9353631,0.6053351,0.9175934,0.3115825,0.4811355,False,2,2,0
6/25/2025 12:55:13 PM,1750848913935,Right,0.8898408,0.3434363,0.4636009,0.3306044,0.595369,0.4793941,0.8785325,0.3704433,0.4709348,0.09825078,0.7266662,0.4481833,0.705698,0.9537153,0.6094882,0.9133564,0.3264998,0.4802681,False,2,2,0
6/25/2025 12:55:13 PM,1750848913963,Right,0.8801047,0.3716616,0.4604666,0.3299953,0.6042759,0.4794741,0.8694149,0.4002625,0.4688774,0.09825078,0.7266662,0.4481833,0.7016882,0.9898461,0.617955,0.9036757,0.3564915,0.47934,False,2,2,0
6/25/2025 12:55:13 PM,1750848913977,Right,0.8746556,0.3866714,0.4588048,0.3283518,0.6087976,0.4792172,0.8643924,0.4156903,0.4676431,0.09825078,0.7266662,0.4481833,0.698535,1.008694,0.6216059,0.8981423,0.3719705,0.4789146,False,2,2,0
6/25/2025 12:55:14 PM,1750848914005,Right,0.8640828,0.4160551,0.4531917,0.3233596,0.6187881,0.4777193,0.8541002,0.4472829,0.4629077,0.09825078,0.7266662,0.4481833,0.6913252,1.048882,0.6264613,0.8873057,0.4047775,0.4769051,False,2,2,0
6/25/2025 12:55:14 PM,1750848914019,Right,0.8585196,0.4327019,0.4519236,0.3209712,0.6254867,0.4766739,0.8489205,0.4641231,0.4621027,0.09825078,0.7266662,0.4481833,0.687758,1.069473,0.6292591,0.8821569,0.4213349,0.4754004,False,2,2,0
6/25/2025 12:55:14 PM,1750848914032,Right,0.8524553,0.4501468,0.4516331,0.3181051,0.6321656,0.4762231,0.8429539,0.4826708,0.4618456,0.09825078,0.7266662,0.4481833,0.6836019,1.089965,0.6317581,0.8759829,0.4394686,0.4750267,False,2,2,0
6/25/2025 12:55:14 PM,1750848914060,Right,0.8414073,0.4835457,0.4479807,0.3109973,0.6453218,0.4762791,0.8323744,0.5165572,0.4585414,0.09825078,0.7266662,0.4481833,0.6738111,1.128899,0.6356121,0.8617071,0.4767994,0.4777435,False,2,2,0
6/25/2025 12:55:14 PM,1750848914074,Right,0.8352993,0.5019239,0.4483772,0.3068056,0.6522476,0.4766731,0.8263818,0.5351483,0.4586055,0.09825078,0.7266662,0.4481833,0.6683573,1.148142,0.6356006,0.8551952,0.4950635,0.4777589,False,2,2,0
6/25/2025 12:55:14 PM,1750848914102,Right,0.824656,0.5366982,0.4472412,0.2993319,0.6663327,0.4767585,0.815899,0.5706939,0.4574078,0.09825078,0.7266662,0.4481833,0.6578245,1.186055,0.6345755,0.8428752,0.5301667,0.4794645,False,2,2,0
6/25/2025 12:55:14 PM,1750848914116,Right,0.819136,0.5540034,0.4474147,0.2950937,0.6736851,0.4768673,0.8104122,0.5885626,0.4572605,0.09825078,0.7266662,0.4481833,0.6521514,1.204417,0.6344022,0.8365863,0.5475053,0.4797809,False,2,2,0
6/25/2025 12:55:14 PM,1750848914144,Right,0.8088827,0.5870773,0.4487311,0.28564,0.6881679,0.4767371,0.7999516,0.6215231,0.4584021,0.09825078,0.7266662,0.4481833,0.6393636,1.237777,0.6323073,0.8257213,0.5806435,0.4811438,False,2,2,0
6/25/2025 12:55:14 PM,1750848914158,Right,0.8037794,0.6023716,0.4485578,0.280728,0.6955459,0.4768012,0.7947156,0.6372766,0.457602,0.09825078,0.7266662,0.4481833,0.6328099,1.254967,0.6305501,0.8199791,0.5972973,0.4824476,False,2,2,0
6/25/2025 12:55:14 PM,1750848914171,Right,0.7989498,0.6189067,0.4505613,0.2757732,0.7027326,0.4766279,0.7897412,0.6535226,0.4593887,0.09825078,0.7266662,0.4481833,0.6260918,1.270823,0.6279685,0.8147054,0.6132209,0.4841408,False,2,2,0
6/25/2025 12:55:14 PM,1750848914199,Right,0.7899743,0.6485491,0.4547859,0.2662473,0.7159008,0.4748989,0.7803993,0.683467,0.4617372,0.09825078,0.7266662,0.4481833,0.6112169,1.301734,0.622421,0.8045937,0.6434284,0.487775,False,2,2,0
6/25/2025 12:55:14 PM,1750848914214,Right,0.7855167,0.6631261,0.4570103,0.2616082,0.7222821,0.4737452,0.7754392,0.6980434,0.4641225,0.09825078,0.7266662,0.4481833,0.6032951,1.315652,0.6188188,0.7995435,0.6574535,0.4898759,False,2,2,0
6/25/2025 12:55:14 PM,1750848914241,Right,0.7783234,0.6893932,0.4621346,0.2538478,0.7348052,0.4706198,0.7674074,0.7251337,0.4676463,0.09825078,0.7266662,0.4481833,0.5875419,1.343436,0.6105957,0.7896525,0.6837696,0.4943138,False,2,2,0
6/25/2025 12:55:14 PM,1750848914255,Right,0.7747868,0.7023782,0.4645168,0.2500704,0.7411851,0.4692989,0.7636567,0.7381664,0.4694294,0.09825078,0.7266662,0.4481833,0.5805385,1.357397,0.6062779,0.7856609,0.6958442,0.4968334,False,2,2,0
6/25/2025 12:55:14 PM,1750848914283,Right,0.7680936,0.7264174,0.4712486,0.2430706,0.7529612,0.4655678,0.7562152,0.7629727,0.4741629,0.09825078,0.7266662,0.4481833,0.565886,1.382734,0.5964725,0.7770337,0.7193908,0.5021237,False,2,2,0
6/25/2025 12:55:14 PM,1750848914297,Right,0.7647051,0.7385774,0.4747164,0.2394514,0.7592993,0.4630379,0.7525037,0.7746454,0.4767274,0.09825078,0.7266662,0.4481833,0.5572488,1.394257,0.5902253,0.7721446,0.7313983,0.506143,False,2,2,0
6/25/2025 12:55:14 PM,1750848914325,Right,0.7585716,0.7614569,0.4834425,0.2337885,0.7717664,0.4560279,0.7455453,0.7970695,0.4825427,0.09825078,0.7266662,0.4481833,0.5415733,1.414039,0.5757712,0.7632318,0.7540077,0.5136346,False,2,2,0
6/25/2025 12:55:14 PM,1750848914339,Right,0.75594,0.7728229,0.4872898,0.2313095,0.778447,0.4520877,0.7427126,0.8077023,0.4855067,0.09825078,0.7266662,0.4481833,0.5342022,1.424398,0.5688653,0.7583084,0.7662293,0.5183016,False,2,2,0
6/25/2025 12:55:14 PM,1750848914352,Right,0.7531514,0.7842526,0.4923593,0.2292141,0.7843731,0.4475081,0.7401227,0.8176199,0.4889279,0.09825078,0.7266662,0.4481833,0.5277777,1.435051,0.56264,0.7527379,0.7797076,0.5238664,False,2,2,0
6/25/2025 12:55:14 PM,1750848914380,Right,0.7474051,0.8070093,0.50316,0.2241321,0.7941579,0.4372367,0.7334949,0.8404926,0.497586,0.09825078,0.7266662,0.4481833,0.5141519,1.454623,0.549947,0.7442686,0.8031112,0.5335748,False,2,2,0
6/25/2025 12:55:14 PM,1750848914394,Right,0.7466526,0.8199447,0.5093076,0.2217429,0.7996075,0.4291648,0.7323267,0.852361,0.5021202,0.09825078,0.7266662,0.4481833,0.50677,1.462746,0.5421268,0.7398019,0.8143037,0.5392066,False,2,2,0
6/25/2025 12:55:14 PM,1750848914421,Right,0.7422832,0.8434627,0.5216272,0.2170889,0.8079985,0.4132766,0.7273269,0.8736918,0.5114595,0.09825078,0.7266662,0.4481833,0.4927849,1.474992,0.5254884,0.731549,0.8361171,0.5499516,False,2,2,0
6/25/2025 12:55:14 PM,1750848914435,Right,0.7394947,0.8556306,0.5285259,0.2153533,0.8119153,0.4046364,0.7244038,0.884308,0.5167517,0.09825078,0.7266662,0.4481833,0.4873425,1.480475,0.5178037,0.7277003,0.8472311,0.5558851,False,2,2,0
6/25/2025 12:55:14 PM,1750848914463,Right,0.7332736,0.8790719,0.541854,0.2097819,0.8178035,0.3903645,0.7181804,0.9048738,0.5271021,0.09825078,0.7266662,0.4481833,0.4771061,1.491742,0.5044611,0.7182111,0.8697279,0.5687888,False,2,2,0
6/25/2025 12:55:14 PM,1750848914478,Right,0.7297572,0.8899649,0.548461,0.2061108,0.8201759,0.3838367,0.7146733,0.9142756,0.5322355,0.09825078,0.7266662,0.4481833,0.4716477,1.496477,0.4983112,0.7122883,0.8810918,0.576419,False,2,2,0
6/25/2025 12:55:14 PM,1750848914505,Right,0.7230149,0.9112462,0.5616099,0.1999482,0.8238358,0.3711312,0.7078656,0.9318193,0.542708,0.09825078,0.7266662,0.4481833,0.4614724,1.50212,0.486462,0.7030286,0.9015,0.5885929,False,2,2,0
6/25/2025 12:55:14 PM,1750848914519,Right,0.7192948,0.9207452,0.5683838,0.1950334,0.8239915,0.3658082,0.7042034,0.9395094,0.5482257,0.09825078,0.7266662,0.4481833,0.4567964,1.504124,0.4806138,0.6977314,0.9112118,0.5943034,False,2,2,0
6/25/2025 12:55:14 PM,1750848914533,Right,0.7153683,0.9302018,0.5747092,0.1901729,0.8242524,0.3607578,0.7004123,0.9470245,0.5533733,0.09825078,0.7266662,0.4481833,0.4528997,1.504657,0.475677,0.6926039,0.9198387,0.600193,False,2,2,0
6/25/2025 12:55:14 PM,1750848914561,Right,0.7053214,0.9449446,0.5880082,0.1844445,0.8263082,0.3515627,0.6907212,0.9585685,0.5644515,0.09825078,0.7266662,0.4481833,0.4455329,1.504211,0.4672582,0.6827275,0.9325276,0.6115867,False,2,2,0
6/25/2025 12:55:14 PM,1750848914574,Right,0.7004426,0.9513158,0.5949972,0.1802792,0.8261401,0.3465682,0.6858634,0.9636467,0.5699753,0.09825078,0.7266662,0.4481833,0.4420424,1.502999,0.4638883,0.6771259,0.938649,0.6173665,False,2,2,0
6/25/2025 12:55:14 PM,1750848914602,Right,0.6918337,0.9625531,0.6089773,0.1736889,0.8255964,0.3357381,0.6777168,0.9720404,0.5824886,0.09825078,0.7266662,0.4481833,0.4352922,1.499268,0.4587622,0.668057,0.9445931,0.6290292,False,2,2,0
6/25/2025 12:55:14 PM,1750848914616,Right,0.6869835,0.9668587,0.6156162,0.1705307,0.8248132,0.3298693,0.6730586,0.9752588,0.5883462,0.09825078,0.7266662,0.4481833,0.4319727,1.496684,0.4561766,0.6629739,0.9466351,0.6338952,False,2,2,0
6/25/2025 12:55:14 PM,1750848914644,Right,0.675275,0.9707003,0.6260351,0.1652511,0.8213645,0.3169547,0.6621954,0.9773529,0.5974889,0.09825078,0.7266662,0.4481833,0.4255795,1.490479,0.4535418,0.6496844,0.9480205,0.6433138,False,2,2,0
6/25/2025 12:55:14 PM,1750848914658,Right,0.6693649,0.9705309,0.6312391,0.1628049,0.8192078,0.3103856,0.6565859,0.9778782,0.6022491,0.09825078,0.7266662,0.4481833,0.4218304,1.487679,0.4537208,0.6428011,0.9481042,0.6476458,False,2,2,0
6/25/2025 12:55:14 PM,1750848914672,Right,0.6633325,0.9701934,0.6359989,0.1605903,0.81715,0.3040176,0.6509631,0.9760032,0.6066176,0.09825078,0.7266662,0.4481833,0.4179819,1.48485,0.4541708,0.6359304,0.9464102,0.6516831,False,2,2,0
6/25/2025 12:55:14 PM,1750848914699,Right,0.6510456,0.9638667,0.6443156,0.1574698,0.8126453,0.2912743,0.6395213,0.9702404,0.6147292,0.09825078,0.7266662,0.4481833,0.4109135,1.477416,0.4576812,0.6218946,0.9413753,0.6592152,False,2,2,0
6/25/2025 12:55:14 PM,1750848914713,Right,0.645316,0.9605205,0.6482927,0.1561623,0.8104321,0.2849033,0.6340808,0.9660476,0.6184559,0.09825078,0.7266662,0.4481833,0.4069163,1.473124,0.4602213,0.6148925,0.9368123,0.6619011,False,2,2,0
6/25/2025 12:55:14 PM,1750848914741,Right,0.631522,0.9479986,0.6529182,0.1545815,0.8059645,0.2733016,0.6211361,0.9546812,0.6232684,0.09825078,0.7266662,0.4481833,0.3989973,1.464394,0.4657547,0.5978528,0.9274384,0.6681899,False,2,2,0
6/25/2025 12:55:14 PM,1750848914755,Right,0.6250452,0.9417363,0.6552372,0.1549079,0.8036966,0.2674428,0.6151515,0.9479442,0.6257145,0.09825078,0.7266662,0.4481833,0.394527,1.458876,0.4703948,0.590542,0.9207132,0.6703004,False,2,2,0
6/25/2025 12:55:14 PM,1750848914783,Right,0.6122977,0.9251961,0.6587003,0.155978,0.7993279,0.2593546,0.602811,0.9330707,0.6303491,0.09825078,0.7266662,0.4481833,0.3854216,1.444513,0.4816201,0.5770369,0.9045462,0.6731015,False,2,2,0
6/25/2025 12:55:14 PM,1750848914797,Right,0.6057265,0.9164045,0.6603584,0.1568966,0.7974911,0.2556303,0.5965922,0.9237682,0.6322512,0.09825078,0.7266662,0.4481833,0.3807372,1.436949,0.4863043,0.5701938,0.8951429,0.6741772,False,2,2,0
6/25/2025 12:55:14 PM,1750848914825,Right,0.5929788,0.8961528,0.6621329,0.1604229,0.7935503,0.2503417,0.5841569,0.9051443,0.6350668,0.09825078,0.7266662,0.4481833,0.3710921,1.420846,0.4960724,0.5569918,0.8748812,0.6756798,False,2,2,0
6/25/2025 12:55:14 PM,1750848914838,Right,0.5865036,0.885748,0.6628954,0.1624607,0.7915748,0.2479484,0.5779149,0.8947768,0.6363202,0.09825078,0.7266662,0.4481833,0.3656794,1.412855,0.5012951,0.5497316,0.8642888,0.6760093,False,2,2,0
6/25/2025 12:55:14 PM,1750848914852,Right,0.5801861,0.8753867,0.6637141,0.1655765,0.7901627,0.2465097,0.5717824,0.8850747,0.6377321,0.09825078,0.7266662,0.4481833,0.3604243,1.404994,0.5065346,0.5425518,0.8536704,0.6761024,False,2,2,0
6/25/2025 12:55:14 PM,1750848914880,Right,0.566305,0.8530446,0.6631889,0.1709764,0.7865869,0.2438373,0.5582726,0.8640072,0.6385332,0.09825078,0.7266662,0.4481833,0.3493266,1.387766,0.5180987,0.5286294,0.8317045,0.6762787,False,2,2,0
6/25/2025 12:55:14 PM,1750848914894,Right,0.5589911,0.8416546,0.6631485,0.1742722,0.7849056,0.2430521,0.5511662,0.8533149,0.6391688,0.09825078,0.7266662,0.4481833,0.3436437,1.378351,0.5235865,0.5212715,0.8196239,0.6756871,False,2,2,0
6/25/2025 12:55:14 PM,1750848914922,Right,0.5445841,0.8192564,0.6630792,0.1806899,0.7824603,0.2429734,0.5370668,0.8322636,0.6403748,0.09825078,0.7266662,0.4481833,0.3319223,1.360274,0.533698,0.5068133,0.796102,0.6743505,False,2,2,0
6/25/2025 12:55:14 PM,1750848914935,Right,0.5365452,0.8070293,0.6634966,0.1838112,0.781401,0.2439688,0.5292091,0.8205481,0.6414602,0.09825078,0.7266662,0.4481833,0.3258549,1.351122,0.5387762,0.4992827,0.7850332,0.6732836,False,2,2,0
6/25/2025 12:55:14 PM,1750848914963,Right,0.5206991,0.7829132,0.6635299,0.1893559,0.7794899,0.2463278,0.5140994,0.7975797,0.6426593,0.09825078,0.7266662,0.4481833,0.3133104,1.332201,0.5479313,0.4828183,0.7632423,0.6722187,False,2,2,0
6/25/2025 12:55:14 PM,1750848914977,Right,0.5127945,0.7721447,0.6635815,0.1921133,0.778623,0.2487411,0.5061958,0.7867487,0.643232,0.09825078,0.7266662,0.4481833,0.3065145,1.322611,0.5520613,0.4738638,0.7522741,0.6714741,False,2,2,0
6/25/2025 12:55:15 PM,1750848915005,Right,0.4961782,0.7509411,0.6636848,0.1969732,0.7772202,0.2534041,0.4900804,0.7663215,0.644327,0.09825078,0.7266662,0.4481833,0.2925451,1.303937,0.5607613,0.4553642,0.7301873,0.6712779,False,2,2,0
6/25/2025 12:55:15 PM,1750848915019,Right,0.4872559,0.7395301,0.6636235,0.1991245,0.7764174,0.2553226,0.4814957,0.7552733,0.6447248,0.09825078,0.7266662,0.4481833,0.2852986,1.294145,0.5647169,0.4452057,0.7189983,0.6711155,False,2,2,0
6/25/2025 12:55:15 PM,1750848915032,Right,0.4781482,0.7286416,0.6636012,0.2010898,0.7755037,0.2577749,0.4729101,0.7448242,0.644897,0.09825078,0.7266662,0.4481833,0.2776881,1.28506,0.567939,0.4356362,0.7077121,0.6708961,False,2,2,0
6/25/2025 12:55:15 PM,1750848915061,Right,0.4592711,0.7075752,0.6636404,0.2044642,0.7734718,0.2618248,0.4542695,0.7244315,0.6457782,0.09825078,0.7266662,0.4481833,0.2629938,1.267525,0.5717427,0.4171296,0.6878055,0.6689458,False,2,2,0
6/25/2025 12:55:15 PM,1750848915075,Right,0.4492572,0.6969287,0.6636153,0.2055706,0.772111,0.2633793,0.4448104,0.714168,0.6456896,0.09825078,0.7266662,0.4481833,0.2552729,1.258927,0.5727935,0.4071549,0.6781419,0.6684694,False,2,2,0
6/25/2025 12:55:15 PM,1750848915102,Right,0.4303741,0.6760967,0.6634308,0.2076217,0.7693092,0.265734,0.4261092,0.6941912,0.6464417,0.09825078,0.7266662,0.4481833,0.2380055,1.243022,0.5761664,0.3877543,0.6597114,0.6656153,False,2,2,0
6/25/2025 12:55:15 PM,1750848915116,Right,0.4208123,0.665717,0.6637262,0.2083023,0.7677118,0.2665204,0.4164165,0.6838543,0.6465639,0.09825078,0.7266662,0.4481833,0.229243,1.235011,0.5782793,0.3770164,0.6499104,0.6649392,False,2,2,0
6/25/2025 12:55:15 PM,1750848915144,Right,0.4013768,0.6460617,0.6629686,0.2090876,0.7642259,0.2671722,0.3973249,0.6646126,0.6466737,0.09825078,0.7266662,0.4481833,0.211619,1.218761,0.5815213,0.3564366,0.6319554,0.6645582,False,2,2,0
6/25/2025 12:55:15 PM,1750848915158,Right,0.3912479,0.6367822,0.6631273,0.2085932,0.7617525,0.2668176,0.3872969,0.6554599,0.6466215,0.09825078,0.7266662,0.4481833,0.2023396,1.210184,0.581905,0.3470067,0.6224102,0.6637679,False,2,2,0
6/25/2025 12:55:15 PM,1750848915172,Right,0.3816178,0.6276886,0.6630318,0.2080261,0.7594105,0.2664939,0.3776939,0.6467929,0.6470219,0.09825078,0.7266662,0.4481833,0.1930573,1.201876,0.5826073,0.3366409,0.612635,0.6629687,False,2,2,0
6/25/2025 12:55:15 PM,1750848915199,Right,0.3620023,0.6115298,0.6643829,0.2064008,0.7548522,0.2648796,0.3585237,0.630875,0.6480497,0.09825078,0.7266662,0.4481833,0.1740526,1.185032,0.5819277,0.3156949,0.5963324,0.66275,False,2,2,0
6/25/2025 12:55:15 PM,1750848915213,Right,0.3523577,0.6029732,0.6646391,0.2049247,0.7522895,0.2639985,0.3488528,0.6220375,0.6485648,0.09825078,0.7266662,0.4481833,0.1648445,1.176723,0.5816238,0.3055037,0.5877605,0.6623024,False,2,2,0
6/25/2025 12:55:15 PM,1750848915241,Right,0.3319403,0.5887634,0.6659161,0.2002511,0.7462642,0.2610956,0.3287995,0.6069688,0.6493325,0.09825078,0.7266662,0.4481833,0.1452622,1.162079,0.580726,0.284303,0.574487,0.6626351,False,2,2,0
6/25/2025 12:55:15 PM,1750848915255,Right,0.3214363,0.5819877,0.6663435,0.1979042,0.7435412,0.2589594,0.3181129,0.6004254,0.6500152,0.09825078,0.7266662,0.4481833,0.1351608,1.155338,0.5794775,0.2735422,0.5681537,0.6623439,False,2,2,0
6/25/2025 12:55:15 PM,1750848915283,Right,0.3003124,0.5711251,0.6678829,0.1904654,0.7379541,0.2550484,0.2976691,0.5883598,0.6512652,0.09825078,0.7266662,0.4481833,0.1141274,1.143973,0.5772002,0.2520733,0.5573402,0.662155,False,2,2,0
6/25/2025 12:55:15 PM,1750848915297,Right,0.2895019,0.5662543,0.6685508,0.186498,0.7350996,0.252921,0.2864668,0.5842894,0.6518745,0.09825078,0.7266662,0.4481833,0.1035908,1.139525,0.5757532,0.2405851,0.5532018,0.6619836,False,2,2,0
6/25/2025 12:55:15 PM,1750848915325,Right,0.2685943,0.5583401,0.6693429,0.1767321,0.7297553,0.2477893,0.2657701,0.5758808,0.6526971,0.09825078,0.7266662,0.4481833,0.08168244,1.131547,0.5735494,0.2186608,0.5463941,0.6619409,False,2,2,0
6/25/2025 12:55:15 PM,1750848915339,Right,0.2577337,0.5546213,0.6695598,0.1716565,0.727143,0.2448717,0.2545621,0.5723643,0.6524618,0.09825078,0.7266662,0.4481833,0.07021952,1.128727,0.5715926,0.2075327,0.5435908,0.6615124,False,2,2,0
6/25/2025 12:55:15 PM,1750848915352,Right,0.2467282,0.5523123,0.670005,0.1661236,0.7247935,0.2419136,0.2435771,0.5700375,0.652747,0.09825078,0.7266662,0.4481833,0.0585084,1.126783,0.5698174,0.196339,0.5413761,0.6612213,False,2,2,0
6/25/2025 12:55:15 PM,1750848915380,Right,0.2248632,0.5478802,0.6704898,0.1537345,0.7198282,0.2364832,0.2216019,0.5654793,0.6529522,0.09825078,0.7266662,0.4481833,0.03519166,1.123179,0.5668056,0.1739908,0.5383168,0.6606253,False,2,2,0
6/25/2025 12:55:15 PM,1750848915394,Right,0.213962,0.5466253,0.6708208,0.1467281,0.7176637,0.2333708,0.2107415,0.5640038,0.6531291,0.09825078,0.7266662,0.4481833,0.02344513,1.122082,0.5651031,0.1621488,0.5374388,0.6602872,False,2,2,0
6/25/2025 12:55:15 PM,1750848915421,Right,0.1923726,0.5460336,0.6705672,0.1323839,0.7140425,0.2276549,0.1888292,0.5634081,0.6526505,0.09825078,0.7266662,0.4481833,-0.0008664131,1.121152,0.5618156,0.1398859,0.5363598,0.659185,False,2,2,0
6/25/2025 12:55:15 PM,1750848915436,Right,0.1807888,0.5456277,0.6700561,0.1244467,0.7125866,0.2248342,0.1771302,0.5629773,0.6520827,0.09825078,0.7266662,0.4481833,-0.01375842,1.121143,0.560388,0.1285828,0.536754,0.6584453,False,2,2,0
6/25/2025 12:55:15 PM,1750848915464,Right,0.1591418,0.5456629,0.6696211,0.1074914,0.7100053,0.2197635,0.155098,0.5628074,0.651437,0.09825078,0.7266662,0.4481833,-0.03966546,1.121266,0.5567224,0.1057483,0.5376032,0.6567062,False,2,2,0
6/25/2025 12:55:15 PM,1750848915478,Right,0.1485265,0.5461518,0.6690992,0.09740617,0.7086331,0.2170133,0.1445039,0.5635126,0.6509283,0.09825078,0.7266662,0.4481833,-0.05236912,1.1211,0.5548881,0.0942691,0.5364881,0.6548835,False,2,2,0
6/25/2025 12:55:15 PM,1750848915492,Right,0.1373471,0.5466716,0.6687527,0.08786058,0.7074916,0.2146745,0.1333559,0.5641461,0.6502635,0.09825078,0.7266662,0.4481833,-0.06510222,1.121101,0.5526699,0.08282495,0.535706,0.6536158,False,2,2,0
6/25/2025 12:55:15 PM,1750848915519,Right,0.1152019,0.5475553,0.6676437,0.07271335,0.706493,0.2117393,0.110577,0.5648439,0.6489183,0.09825078,0.7266662,0.4481833,-0.09066868,1.122151,0.5472414,0.06085513,0.5376617,0.6523196,False,2,2,0
6/25/2025 12:55:15 PM,1750848915533,Right,0.1046209,0.5469528,0.66699,0.06372177,0.7063011,0.2105636,0.09970346,0.5643644,0.6480984,0.09825078,0.7266662,0.4481833,-0.1034696,1.122396,0.5448709,0.04966104,0.5379047,0.651165,False,2,2,0
6/25/2025 12:55:15 PM,1750848915560,Right,0.08328152,0.5477558,0.6658248,0.04516011,0.7065338,0.2083613,0.07801537,0.565398,0.6465106,0.09825078,0.7266662,0.4481833,-0.1282188,1.124046,0.5395174,0.02807356,0.5382828,0.6497453,False,2,2,0
6/25/2025 12:55:15 PM,1750848915575,Right,0.07218369,0.5477713,0.6651306,0.03545586,0.7070769,0.2073491,0.06701207,0.5658291,0.6456504,0.09825078,0.7266662,0.4481833,-0.1405476,1.124682,0.5367243,0.01706816,0.5384813,0.6487116,False,2,2,0
6/25/2025 12:55:15 PM,1750848915603,Right,0.04968165,0.5473868,0.6627663,0.01657881,0.7078851,0.2053895,0.04419228,0.5661641,0.6430505,0.09825078,0.7266662,0.4481833,-0.1648595,1.126723,0.5312824,-0.004450943,0.5365015,0.6455665,False,2,2,0
6/25/2025 12:55:15 PM,1750848915616,Right,0.03835747,0.5468972,0.6613806,0.007244837,0.7086958,0.2045741,0.03797416,0.5665534,0.6425474,0.09825078,0.7266662,0.4481833,-0.1756964,1.128658,0.5288366,-0.01640486,0.5359983,0.6434239,False,2,2,0
6/25/2025 12:55:15 PM,1750848915644,Right,0.01559778,0.5460026,0.6580171,-0.01065174,0.7098057,0.2025247,0.009926047,0.5663114,0.638203,0.09825078,0.7266662,0.4481833,-0.1983268,1.131159,0.5242304,-0.03721933,0.5349042,0.6395653,False,2,2,0
6/25/2025 12:55:15 PM,1750848915658,Right,0.00373437,0.5452853,0.6554246,-0.01930326,0.7102072,0.2015102,-0.001983777,0.5665163,0.635856,0.09825078,0.7266662,0.4481833,-0.2090024,1.132285,0.5225036,-0.04847635,0.5342051,0.6374233,False,2,2,0
6/25/2025 12:55:15 PM,1750848915672,Right,-0.008084376,0.5447266,0.6533183,-0.02768595,0.7104372,0.2003911,-0.01366806,0.5659501,0.6336939,0.09825078,0.7266662,0.4481833,-0.2193272,1.133183,0.520763,-0.0596486,0.5333582,0.6345869,False,2,2,0
6/25/2025 12:55:15 PM,1750848915700,Right,-0.03189217,0.5441696,0.6472827,-0.04279933,0.7104301,0.1983233,-0.036894,0.565941,0.6279888,0.09825078,0.7266662,0.4481833,-0.2397341,1.135156,0.517284,-0.08248085,0.5320139,0.629392,False,2,2,0
6/25/2025 12:55:15 PM,1750848915714,Right,-0.04430206,0.544086,0.6445929,-0.05065289,0.7100475,0.1971034,-0.04920028,0.5660347,0.6254603,0.09825078,0.7266662,0.4481833,-0.2495744,1.136157,0.5162259,-0.09440519,0.5334077,0.6262968,False,2,2,0
6/25/2025 12:55:15 PM,1750848915742,Right,-0.06899341,0.5458111,0.6392019,-0.06469063,0.7085752,0.1950341,-0.07303571,0.5674076,0.6200913,0.09825078,0.7266662,0.4481833,-0.2695069,1.138492,0.5146068,-0.1181996,0.5351695,0.6197708,False,2,2,0
6/25/2025 12:55:15 PM,1750848915756,Right,-0.08130598,0.5464872,0.6366392,-0.07165603,0.7074944,0.1939476,-0.08547133,0.568416,0.6182705,0.09825078,0.7266662,0.4481833,-0.2789109,1.139433,0.5139558,-0.1304649,0.5364568,0.6169912,False,2,2,0
6/25/2025 12:55:15 PM,1750848915783,Right,-0.1064683,0.549154,0.6316226,-0.08445583,0.705466,0.1926818,-0.1098403,0.5710397,0.613646,0.09825078,0.7266662,0.4481833,-0.2966729,1.141609,0.5119648,-0.1549418,0.5386637,0.6114716,False,2,2,0
6/25/2025 12:55:15 PM,1750848915796,Right,-0.1190451,0.5508446,0.6296785,-0.09088426,0.7043762,0.1925956,-0.1221834,0.5725219,0.6118662,0.09825078,0.7266662,0.4481833,-0.3056831,1.142689,0.5110246,-0.1678057,0.5405571,0.6087143,False,2,2,0
6/25/2025 12:55:15 PM,1750848915825,Right,-0.1450761,0.5552781,0.6245488,-0.1025363,0.7026588,0.1930721,-0.1472425,0.576079,0.6059312,0.09825078,0.7266662,0.4481833,-0.3237033,1.144831,0.5097233,-0.1928885,0.5452324,0.6038212,False,2,2,0
6/25/2025 12:55:15 PM,1750848915839,Right,-0.1578478,0.557565,0.6229621,-0.1079311,0.7020804,0.193419,-0.1597274,0.5779302,0.6056683,0.09825078,0.7266662,0.4481833,-0.3328384,1.145967,0.5094054,-0.2056414,0.5488691,0.6021529,False,2,2,0
6/25/2025 12:55:15 PM,1750848915853,Right,-0.1715334,0.5602119,0.6198707,-0.1135852,0.7018659,0.1946373,-0.1728963,0.5802773,0.6028342,0.09825078,0.7266662,0.4481833,-0.3418801,1.147119,0.50915,-0.2184524,0.551107,0.5998893,False,2,2,0
6/25/2025 12:55:15 PM,1750848915880,Right,-0.1982208,0.5662482,0.6156077,-0.1241435,0.702325,0.1988078,-0.1987034,0.58556,0.5989565,0.09825078,0.7266662,0.4481833,-0.3589381,1.149531,0.5084611,-0.244196,0.556552,0.5957495,False,2,2,0
6/25/2025 12:55:15 PM,1750848915894,Right,-0.2119388,0.5693359,0.6151345,-0.1292277,0.7032706,0.2015683,-0.2118602,0.5884252,0.5986006,0.09825078,0.7266662,0.4481833,-0.3673,1.150891,0.5081891,-0.2573231,0.558715,0.5936117,False,2,2,0
6/25/2025 12:55:15 PM,1750848915922,Right,-0.2325794,0.5828934,0.6221179,-0.1394437,0.7051506,0.208008,-0.2318791,0.6015665,0.6058258,0.09825078,0.7266662,0.4481833,-0.3854737,1.153735,0.5083014,-0.2827878,0.562161,0.5890109,False,2,2,0
6/25/2025 12:55:15 PM,1750848915936,Right,-0.2511203,0.5807112,0.6151769,-0.144566,0.7062182,0.2116586,-0.2495725,0.5993564,0.5994436,0.09825078,0.7266662,0.4481833,-0.3950763,1.155342,0.5086418,-0.2957709,0.5647852,0.5874174,False,2,2,0
6/25/2025 12:55:15 PM,1750848915964,Right,-0.2791462,0.5854516,0.6122603,-0.1547033,0.7088516,0.2193844,-0.277082,0.6031544,0.5968137,0.09825078,0.7266662,0.4481833,-0.4144812,1.158503,0.5091598,-0.3221405,0.5720541,0.5849913,False,2,2,0
6/25/2025 12:55:15 PM,1750848915978,Right,-0.2935548,0.5885569,0.6121494,-0.1605126,0.7093881,0.2230538,-0.290973,0.6060845,0.5968267,0.09825078,0.7266662,0.4481833,-0.4239204,1.159999,0.5093448,-0.3355473,0.5741324,0.5838302,False,2,2,0
6/25/2025 12:55:15 PM,1750848915992,Right,-0.3077807,0.5925026,0.6111478,-0.1661076,0.7100073,0.2263286,-0.3047508,0.6099606,0.5959975,0.09825078,0.7266662,0.4481833,-0.4339483,1.161255,0.5096337,-0.3490876,0.5754067,0.5826974,False,2,2,0
6/25/2025 12:55:16 PM,1750848916019,Right,-0.3362267,0.5979242,0.6097863,-0.1785044,0.7105396,0.2327099,-0.3325385,0.6151575,0.5948635,0.09825078,0.7266662,0.4481833,-0.452695,1.163481,0.5101706,-0.3748799,0.578871,0.5810882,False,2,2,0
6/25/2025 12:55:16 PM,1750848916033,Right,-0.3512224,0.6002797,0.6099698,-0.1859571,0.7103119,0.2354379,-0.3467355,0.6171774,0.5948938,0.09825078,0.7266662,0.4481833,-0.4623134,1.164143,0.5110444,-0.3881228,0.5806379,0.579865,False,2,2,0
6/25/2025 12:55:16 PM,1750848916061,Right,-0.3808601,0.6044494,0.6092816,-0.2011926,0.7095425,0.2403879,-0.3757575,0.6213101,0.5948604,0.09825078,0.7266662,0.4481833,-0.4818022,1.165813,0.5125762,-0.4156924,0.5828293,0.5786433,False,2,2,0
6/25/2025 12:55:16 PM,1750848916075,Right,-0.3965564,0.6060573,0.6100667,-0.2096258,0.7100731,0.2441155,-0.3907076,0.62199,0.5952815,0.09825078,0.7266662,0.4481833,-0.4933456,1.164478,0.5135205,-0.4301273,0.5835686,0.5779887,False,2,2,0
6/25/2025 12:55:16 PM,1750848916103,Right,-0.4270529,0.6062503,0.6109732,-0.2272199,0.7086561,0.2488463,-0.4201592,0.6220387,0.5969111,0.09825078,0.7266662,0.4481833,-0.5143719,1.161153,0.5143702,-0.4579575,0.5834957,0.5770505,False,2,2,0
6/25/2025 12:55:16 PM,1750848916117,Right,-0.4421273,0.6060613,0.61135,-0.2365703,0.7074579,0.2502695,-0.4354481,0.6213092,0.5972876,0.09825078,0.7266662,0.4481833,-0.5243242,1.158273,0.5145218,-0.4728099,0.5822807,0.5768892,False,2,2,0
6/25/2025 12:55:16 PM,1750848916145,Right,-0.4735511,0.6031646,0.6061253,-0.2568465,0.7042992,0.2544294,-0.4653955,0.617062,0.5923269,0.09825078,0.7266662,0.4481833,-0.5411623,1.149051,0.5137738,-0.5019795,0.5794457,0.5758954,False,2,2,0
6/25/2025 12:55:16 PM,1750848916158,Right,-0.4894094,0.6032898,0.6045619,-0.267984,0.7018578,0.2564946,-0.4803384,0.6164256,0.5907938,0.09825078,0.7266662,0.4481833,-0.5493701,1.144724,0.5135019,-0.516481,0.5773961,0.5749371,False,2,2,0
6/25/2025 12:55:16 PM,1750848916173,Right,-0.5044559,0.6013101,0.603135,-0.2784395,0.6993764,0.2584566,-0.4950215,0.6140228,0.5894646,0.09825078,0.7266662,0.4481833,-0.5583332,1.141031,0.5134182,-0.5318052,0.5755668,0.5734769,False,2,2,0
6/25/2025 12:55:16 PM,1750848916200,Right,-0.5347382,0.5990557,0.6002352,-0.2994292,0.6938597,0.2636454,-0.5235072,0.6094921,0.5867693,0.09825078,0.7266662,0.4481833,-0.5717268,1.126246,0.5102844,-0.5615597,0.5709005,0.5689333,False,2,2,0
6/25/2025 12:55:16 PM,1750848916215,Right,-0.5498269,0.5963007,0.5984104,-0.3125479,0.6853023,0.2599354,-0.5377718,0.6060154,0.584933,0.09825078,0.7266662,0.4481833,-0.5804193,1.120401,0.5093862,-0.5758028,0.5673984,0.5678834,False,2,2,0
6/25/2025 12:55:16 PM,1750848916242,Right,-0.5791081,0.5913208,0.5968837,-0.3267646,0.6853887,0.2722878,-0.5591288,0.6011749,0.5843642,0.09825078,0.7266662,0.4481833,-0.6014559,1.110301,0.5066221,-0.6041337,0.561763,0.5646987,False,2,2,0
6/25/2025 12:55:16 PM,1750848916256,Right,-0.5931262,0.5886708,0.5952122,-0.3345535,0.6830932,0.2757077,-0.5801253,0.5965028,0.5818521,0.09825078,0.7266662,0.4481833,-0.610842,1.104837,0.5054742,-0.6167237,0.5592207,0.5626577,False,2,2,0
6/25/2025 12:55:16 PM,1750848916283,Right,-0.6198004,0.5847493,0.5919018,-0.3458112,0.6818896,0.2847149,-0.6141925,0.5897689,0.5774744,0.09825078,0.7266662,0.4481833,-0.6303036,1.094404,0.5000176,-0.642033,0.5535819,0.5581944,False,2,2,0
6/25/2025 12:55:16 PM,1750848916297,Right,-0.633502,0.5825033,0.5909791,-0.3516096,0.6811494,0.288713,-0.6191713,0.5885502,0.5773973,0.09825078,0.7266662,0.4481833,-0.6383338,1.0888,0.4970876,-0.6544684,0.5504489,0.5563306,False,2,2,0
6/25/2025 12:55:16 PM,1750848916311,Right,-0.6461205,0.5790262,0.5911304,-0.3571426,0.6805865,0.2924263,-0.6314093,0.5844616,0.5773968,0.09825078,0.7266662,0.4481833,-0.6462982,1.082359,0.4947593,-0.6671439,0.5465173,0.5547934,False,2,2,0
6/25/2025 12:55:16 PM,1750848916339,Right,-0.6694337,0.5738062,0.5822291,-0.3669777,0.6799417,0.2995069,-0.6541622,0.5778224,0.5687187,0.09825078,0.7266662,0.4481833,-0.6640279,1.069317,0.4907917,-0.6912794,0.5390789,0.550699,False,2,2,0
6/25/2025 12:55:16 PM,1750848916353,Right,-0.6815718,0.5692834,0.5797316,-0.3717904,0.6802454,0.3035031,-0.6658655,0.5727646,0.5662282,0.09825078,0.7266662,0.4481833,-0.6737881,1.06155,0.4891167,-0.7033154,0.5340306,0.548829,False,2,2,0
6/25/2025 12:55:16 PM,1750848916380,Right,-0.7033994,0.5575402,0.573036,-0.3823999,0.6779299,0.3074757,-0.6872851,0.5601997,0.559665,0.09825078,0.7266662,0.4481833,-0.6921046,1.04748,0.4855331,-0.7264717,0.5235959,0.5442778,False,2,2,0
6/25/2025 12:55:16 PM,1750848916394,Right,-0.7152508,0.5510121,0.5707636,-0.386213,0.6766055,0.3107127,-0.6989903,0.5528801,0.5574601,0.09825078,0.7266662,0.4481833,-0.7009151,1.037135,0.4845632,-0.7379692,0.516173,0.541854,False,2,2,0
6/25/2025 12:55:16 PM,1750848916422,Right,-0.7379163,0.5365753,0.5648146,-0.3932148,0.6734856,0.3174546,-0.7207931,0.5369337,0.551628,0.09825078,0.7266662,0.4481833,-0.7148199,1.015772,0.4805119,-0.7599686,0.5010123,0.5367667,False,2,2,0
6/25/2025 12:55:16 PM,1750848916436,Right,-0.7490577,0.5272202,0.5608397,-0.3991386,0.6701758,0.3184101,-0.7304363,0.5280651,0.5479491,0.09825078,0.7266662,0.4481833,-0.7204738,1.003801,0.478671,-0.7695932,0.4919087,0.5346608,False,2,2,0
6/25/2025 12:55:16 PM,1750848916464,Right,-0.7705392,0.508721,0.5549579,-0.4087851,0.6632182,0.3216991,-0.7521296,0.5076818,0.5421196,0.09825078,0.7266662,0.4481833,-0.7330914,0.9817036,0.4754401,-0.789672,0.4738471,0.5287329,False,2,2,0
6/25/2025 12:55:16 PM,1750848916478,Right,-0.7810066,0.4984605,0.5518718,-0.4131186,0.6590165,0.3237709,-0.7619904,0.4973809,0.539319,0.09825078,0.7266662,0.4481833,-0.7396235,0.9705064,0.4737985,-0.7995641,0.4634022,0.525276,False,2,2,0
6/25/2025 12:55:16 PM,1750848916492,Right,-0.7907482,0.4872971,0.5485503,-0.4173744,0.654148,0.3252966,-0.7716033,0.4860427,0.5360047,0.09825078,0.7266662,0.4481833,-0.7464993,0.958818,0.4714782,-0.8092411,0.4519234,0.5225116,False,2,2,0
6/25/2025 12:55:16 PM,1750848916520,Right,-0.8091941,0.4650739,0.5429097,-0.4264908,0.6435251,0.3272344,-0.7899039,0.4638144,0.5304062,0.09825078,0.7266662,0.4481833,-0.761796,0.9360341,0.4677329,-0.8273789,0.4287809,0.5178215,False,2,2,0
6/25/2025 12:55:16 PM,1750848916534,Right,-0.8187137,0.4528385,0.5406278,-0.4311233,0.6377998,0.3284954,-0.7992212,0.451877,0.5282133,0.09825078,0.7266662,0.4481833,-0.7687654,0.9248606,0.466098,-0.8363097,0.4164717,0.5152113,False,2,2,0
6/25/2025 12:55:16 PM,1750848916562,Right,-0.8364361,0.4274529,0.5353065,-0.4410628,0.6259233,0.3307722,-0.8163438,0.4270371,0.5228971,0.09825078,0.7266662,0.4481833,-0.7808893,0.9007479,0.4614018,-0.8534173,0.3908085,0.5106139,False,2,2,0
6/25/2025 12:55:16 PM,1750848916575,Right,-0.8444165,0.4126682,0.5322415,-0.4464495,0.6193225,0.3315117,-0.8246693,0.4135255,0.5203252,0.09825078,0.7266662,0.4481833,-0.7865772,0.8888986,0.4592009,-0.8619604,0.3775901,0.5084431,False,2,2,0
6/25/2025 12:55:16 PM,1750848916603,Right,-0.8603756,0.3846243,0.5276117,-0.4572214,0.6071779,0.3325868,-0.8395879,0.3857403,0.5150828,0.09825078,0.7266662,0.4481833,-0.7978456,0.8654833,0.4548173,-0.8772413,0.3498257,0.5050371,False,2,2,0
6/25/2025 12:55:16 PM,1750848916617,Right,-0.8687778,0.3705964,0.5262305,-0.4651692,0.6025858,0.3312123,-0.8477653,0.3724764,0.5137262,0.09825078,0.7266662,0.4481833,-0.8033025,0.8548498,0.4539171,-0.8847584,0.3359266,0.503482,False,2,2,0
6/25/2025 12:55:16 PM,1750848916645,Right,-0.8837575,0.3419383,0.5227599,-0.4872211,0.5981886,0.3313091,-0.8625739,0.345748,0.5101717,0.09825078,0.7266662,0.4481833,-0.8158045,0.8350133,0.4505621,-0.89907,0.3086416,0.5008852,False,2,2,0
6/25/2025 12:55:16 PM,1750848916659,Right,-0.8910276,0.327094,0.5212501,-0.4945397,0.5956827,0.3319641,-0.8696899,0.3320828,0.5086392,0.09825078,0.7266662,0.4481833,-0.8215685,0.8250672,0.4494646,-0.9058154,0.2943879,0.4999336,False,2,2,0
6/25/2025 12:55:16 PM,1750848916673,Right,-0.8978833,0.3130492,0.5198781,-0.5035964,0.5911142,0.328539,-0.8765452,0.3189755,0.5072815,0.09825078,0.7266662,0.4481833,-0.827173,0.8158989,0.4485762,-0.9125586,0.2806824,0.4987321,False,2,2,0
6/25/2025 12:55:16 PM,1750848916700,Right,-0.9105935,0.2855654,0.5176913,-0.5340597,0.5812867,0.3160162,-0.8891341,0.2942207,0.5048158,0.09825078,0.7266662,0.4481833,-0.8377628,0.7994537,0.4457271,-0.9244457,0.2534082,0.4983066,False,2,2,0
6/25/2025 12:55:16 PM,1750848916714,Right,-0.9172189,0.2720081,0.5168452,-0.5430292,0.5781977,0.3137283,-0.8955582,0.2823078,0.5038027,0.09825078,0.7266662,0.4481833,-0.8419878,0.792486,0.4443498,-0.9300524,0.2401683,0.4983875,False,2,2,0
6/25/2025 12:55:16 PM,1750848916742,Right,-0.9272494,0.2475959,0.5150456,-0.5548338,0.5729633,0.30874,-0.9056127,0.2603034,0.5020831,0.09825078,0.7266662,0.4481833,-0.8502884,0.7798366,0.4432952,-0.9391873,0.2171369,0.4965255,False,3,2,0
6/25/2025 12:55:16 PM,1750848916756,Right,-0.9323043,0.2355279,0.5145739,-0.5614414,0.5701221,0.305448,-0.9106798,0.2494494,0.5015351,0.09825078,0.7266662,0.4481833,-0.8545487,0.7734276,0.4427676,-0.9434347,0.2058056,0.4965523,False,3,2,0
6/25/2025 12:55:16 PM,1750848916783,Right,-0.9400561,0.2145087,0.513046,-0.5728406,0.568021,0.3020441,-0.9182196,0.2327437,0.5002426,0.09825078,0.7266662,0.4481833,-0.8613417,0.7688836,0.4419734,-0.9497616,0.1877593,0.4947856,False,3,2,0
6/25/2025 12:55:16 PM,1750848916798,Right,-0.9438312,0.2058801,0.5127215,-0.5774549,0.5667636,0.300392,-0.9221665,0.2251875,0.499787,0.09825078,0.7266662,0.4481833,-0.8648708,0.766511,0.441636,-0.9526434,0.178875,0.4948826,False,3,2,0
6/25/2025 12:55:16 PM,1750848916825,Right,-0.9477723,0.1917774,0.5119948,-0.5846694,0.5641785,0.2981836,-0.9269331,0.2121578,0.4985352,0.09825078,0.7266662,0.4481833,-0.8716648,0.7636572,0.4423991,-0.9562011,0.1645328,0.4953002,False,3,2,0
6/25/2025 12:55:16 PM,1750848916839,Right,-0.9500055,0.1851841,0.5116561,-0.5882916,0.5630191,0.297208,-0.9292095,0.2080015,0.4987843,0.09825078,0.7266662,0.4481833,-0.8741405,0.7635868,0.4426036,-0.9571038,0.1590003,0.4946736,False,3,2,0
6/25/2025 12:55:16 PM,1750848916853,Right,-0.9507585,0.179887,0.5112162,-0.5914357,0.5618775,0.2965121,-0.9302589,0.2038574,0.4983019,0.09825078,0.7266662,0.4481833,-0.8767276,0.7638067,0.442402,-0.9576445,0.1539576,0.4950253,False,3,2,0
6/25/2025 12:55:16 PM,1750848916881,Right,-0.9522237,0.1727184,0.5108103,-0.5967905,0.5609132,0.2958559,-0.9322185,0.1990816,0.498014,0.09825078,0.7266662,0.4481833,-0.8817365,0.7662928,0.4431323,-0.9583548,0.1469215,0.4945284,False,3,2,0
6/25/2025 12:55:16 PM,1750848916895,Right,-0.9513998,0.17057,0.5107427,-0.5990589,0.5609831,0.2952894,-0.9318174,0.1976206,0.498145,0.09825078,0.7266662,0.4481833,-0.8846695,0.768378,0.4441012,-0.9580597,0.1459383,0.4936403,False,3,2,0
6/25/2025 12:55:16 PM,1750848916922,Right,-0.9496955,0.1692182,0.5099485,-0.6031616,0.5620685,0.2947374,-0.9308938,0.197591,0.4976083,0.09825078,0.7266662,0.4481833,-0.8899736,0.7742487,0.445923,-0.9566166,0.1459137,0.4932053,False,3,2,0
6/25/2025 12:55:16 PM,1750848916936,Right,-0.9476876,0.1698066,0.5093679,-0.6040543,0.5621356,0.2941278,-0.929372,0.1988362,0.4972061,0.09825078,0.7266662,0.4481833,-0.8914826,0.779891,0.4462941,-0.9555448,0.1476354,0.4926957,False,3,2,0
6/25/2025 12:55:16 PM,1750848916964,Right,-0.9445716,0.1742654,0.5085626,-0.605249,0.5612653,0.2914937,-0.92685,0.2049553,0.4966563,0.09825078,0.7266662,0.4481833,-0.8950293,0.792276,0.448648,-0.9524312,0.1534001,0.4919871,False,3,2,0
6/25/2025 12:55:16 PM,1750848916979,Right,-0.9431323,0.179024,0.5083609,-0.6051482,0.5609964,0.290101,-0.925941,0.2103785,0.4966702,0.09825078,0.7266662,0.4481833,-0.8977022,0.7994303,0.4504613,-0.9504577,0.1579605,0.4918988,False,3,2,0
6/25/2025 12:55:16 PM,1750848916992,Right,-0.9395658,0.1830104,0.5081573,-0.6051468,0.5617406,0.2895057,-0.9229702,0.2148177,0.4966287,0.09825078,0.7266662,0.4481833,-0.9000368,0.8071941,0.451853,-0.9482943,0.1631707,0.4918288,False,3,2,0
6/25/2025 12:55:17 PM,1750848917020,Right,-0.9345094,0.195193,0.5083547,-0.604774,0.5649112,0.2905048,-0.9189836,0.227396,0.4971812,0.09825078,0.7266662,0.4481833,-0.9041603,0.822298,0.4545506,-0.9438567,0.1752893,0.4912085,False,3,2,0
6/25/2025 12:55:17 PM,1750848917033,Right,-0.93169,0.2032744,0.5085501,-0.6038033,0.5663521,0.2907751,-0.9167315,0.2355769,0.4976027,0.09825078,0.7266662,0.4481833,-0.9049857,0.8335423,0.4565591,-0.9411494,0.1831882,0.4910754,False,3,2,0
6/25/2025 12:55:17 PM,1750848917061,Right,-0.9236609,0.2198267,0.5091223,-0.6015112,0.5697217,0.2912916,-0.9096427,0.2534455,0.4987104,0.09825078,0.7266662,0.4481833,-0.9091194,0.8542027,0.462115,-0.934858,0.2018914,0.4915723,False,3,2,0
6/25/2025 12:55:17 PM,1750848917075,Right,-0.9192222,0.2293207,0.5096964,-0.6005974,0.5724407,0.2920554,-0.9064142,0.2633167,0.4996346,0.09825078,0.7266662,0.4481833,-0.9111171,0.8654929,0.464829,-0.9315491,0.2118728,0.491884,False,3,2,0
6/25/2025 12:55:17 PM,1750848917102,Right,-0.9101387,0.2508065,0.5109583,-0.5987985,0.5793554,0.2939761,-0.8978541,0.2848531,0.5012497,0.09825078,0.7266662,0.4481833,-0.9135592,0.8892382,0.4696186,-0.9241648,0.2349407,0.4925806,False,3,2,0
6/25/2025 12:55:17 PM,1750848917116,Right,-0.9046943,0.2626185,0.5115865,-0.5983083,0.58423,0.2954318,-0.8930503,0.2960615,0.5018749,0.09825078,0.7266662,0.4481833,-0.9143045,0.9021343,0.4723223,-0.9204078,0.2472639,0.4928767,False,3,2,0
6/25/2025 12:55:17 PM,1750848917144,Right,-0.8931936,0.2866859,0.5129295,-0.5960396,0.5982439,0.3019596,-0.8826923,0.3208415,0.5040199,0.09825078,0.7266662,0.4481833,-0.9163949,0.9286022,0.4788574,-0.911735,0.2734081,0.4944666,False,3,2,0
6/25/2025 12:55:17 PM,1750848917158,Right,-0.88736,0.3001164,0.5133944,-0.5952824,0.606878,0.306648,-0.8771595,0.3337833,0.504634,0.09825078,0.7266662,0.4481833,-0.9175069,0.9429817,0.4816471,-0.9073305,0.2875364,0.4949485,False,3,2,0
6/25/2025 12:55:17 PM,1750848917172,Right,-0.8814921,0.3138744,0.5140822,-0.5976892,0.6151009,0.3099473,-0.8722189,0.3481171,0.5056775,0.09825078,0.7266662,0.4481833,-0.9182642,0.9577483,0.4843113,-0.9025028,0.3020226,0.4954841,False,3,2,0
6/25/2025 12:55:17 PM,1750848917200,Right,-0.8732674,0.344818,0.518993,-0.6066398,0.6340972,0.3163191,-0.8654222,0.3792405,0.5117455,0.09825078,0.7266662,0.4481833,-0.9181576,0.9890264,0.4911604,-0.8930854,0.3324446,0.4971333,False,3,2,0
6/25/2025 12:55:17 PM,1750848917214,Right,-0.8678147,0.3603939,0.520651,-0.6100797,0.6447979,0.3200294,-0.8601614,0.3949671,0.5129671,0.09825078,0.7266662,0.4481833,-0.9184084,1.005856,0.4947255,-0.8877808,0.3476576,0.4986197,False,3,2,0
6/25/2025 12:55:17 PM,1750848917242,Right,-0.8567676,0.3907034,0.5232021,-0.6145285,0.6682974,0.328772,-0.8500491,0.4260356,0.5160849,0.09825078,0.7266662,0.4481833,-0.91851,1.040486,0.5009288,-0.8781726,0.3795812,0.5004703,False,3,2,0
6/25/2025 12:55:17 PM,1750848917255,Right,-0.8506519,0.4062788,0.5242121,-0.6160964,0.6808119,0.3333111,-0.8446193,0.4419763,0.5172693,0.09825078,0.7266662,0.4481833,-0.9179204,1.058221,0.5040652,-0.8730739,0.396068,0.5017684,False,3,2,0
6/25/2025 12:55:17 PM,1750848917283,Right,-0.8409402,0.4378526,0.5272284,-0.6315365,0.6934295,0.3358176,-0.8352034,0.4739333,0.5207786,0.09825078,0.7266662,0.4481833,-0.9144499,1.094247,0.5108364,-0.8636311,0.4300409,0.5035101,False,3,2,0
6/25/2025 12:55:17 PM,1750848917297,Right,-0.8357403,0.4542986,0.5288069,-0.6354499,0.7028623,0.3383338,-0.8306651,0.4900457,0.5226937,0.09825078,0.7266662,0.4481833,-0.9121673,1.112484,0.5138321,-0.8590208,0.4486824,0.5040134,False,3,2,0
6/25/2025 12:55:17 PM,1750848917325,Right,-0.8264026,0.4866716,0.531216,-0.6380423,0.7235901,0.3438224,-0.8216614,0.5237394,0.5257967,0.09825078,0.7266662,0.4481833,-0.9076023,1.1487,0.5194851,-0.8502814,0.4818468,0.5076623,False,3,2,0
6/25/2025 12:55:17 PM,1750848917339,Right,-0.8224193,0.5041539,0.5332857,-0.6400963,0.7338883,0.3460106,-0.8178385,0.5408239,0.5273926,0.09825078,0.7266662,0.4481833,-0.9047399,1.166417,0.5216439,-0.8464846,0.4988088,0.5093405,False,3,2,0
6/25/2025 12:55:17 PM,1750848917352,Right,-0.8185055,0.5207682,0.5343118,-0.6418569,0.7440294,0.3477759,-0.8138746,0.5578501,0.5285255,0.09825078,0.7266662,0.4481833,-0.9006686,1.183266,0.5238374,-0.8425969,0.5158805,0.5113682,False,3,2,0
6/25/2025 12:55:17 PM,1750848917381,Right,-0.8108597,0.5543979,0.538609,-0.6379631,0.7458568,0.3489943,-0.8059268,0.5915236,0.5328945,0.09825078,0.7266662,0.4481833,-0.8915486,1.217723,0.5289495,-0.8355391,0.5498335,0.5153109,False,3,2,0
6/25/2025 12:55:17 PM,1750848917395,Right,-0.8075943,0.5718935,0.5406809,-0.6416339,0.778245,0.3564659,-0.8025665,0.6088247,0.5349756,0.09825078,0.7266662,0.4481833,-0.8877056,1.235272,0.5314103,-0.8324348,0.5677041,0.5175118,False,3,2,0
6/25/2025 12:55:17 PM,1750848917422,Right,-0.8030515,0.6069531,0.5470686,-0.6476455,0.79674,0.3604147,-0.7972011,0.6443136,0.5412229,0.09825078,0.7266662,0.4481833,-0.8762233,1.268723,0.5359737,-0.8276276,0.5994652,0.5226814,False,3,2,0
6/25/2025 12:55:17 PM,1750848917436,Right,-0.8017365,0.625654,0.5501742,-0.6507444,0.804338,0.3631667,-0.7960177,0.6591141,0.5438986,0.09825078,0.7266662,0.4481833,-0.8694878,1.28402,0.5380099,-0.8253873,0.614059,0.5244899,False,3,2,0
6/25/2025 12:55:17 PM,1750848917464,Right,-0.7966513,0.6610177,0.5540978,-0.6567122,0.8195655,0.3663611,-0.7895741,0.6943264,0.5477723,0.09825078,0.7266662,0.4481833,-0.854166,1.314804,0.5420198,-0.8204939,0.6486794,0.5296354,False,3,2,0
6/25/2025 12:55:17 PM,1750848917478,Right,-0.7941111,0.6773511,0.5577987,-0.6609611,0.8260779,0.3656313,-0.7862713,0.7107515,0.5515497,0.09825078,0.7266662,0.4481833,-0.8467717,1.330303,0.5441769,-0.8182442,0.6678199,0.532219,False,3,2,0
6/25/2025 12:55:17 PM,1750848917492,Right,-0.7912978,0.6938117,0.5601322,-0.6639881,0.8324707,0.3667848,-0.7825795,0.7287334,0.5540907,0.09825078,0.7266662,0.4481833,-0.8395386,1.344952,0.5460961,-0.815749,0.6866233,0.5355695,False,3,2,0
6/25/2025 12:55:17 PM,1750848917519,Right,-0.7864857,0.7271855,0.5652107,-0.6699846,0.844686,0.3689006,-0.7766507,0.7600039,0.5586305,0.09825078,0.7266662,0.4481833,-0.8235896,1.372175,0.5486622,-0.8117202,0.7199779,0.5417517,False,3,2,0
6/25/2025 12:55:17 PM,1750848917533,Right,-0.7850166,0.7448012,0.5685171,-0.6732543,0.8502545,0.3703114,-0.7743597,0.7765521,0.5615144,0.09825078,0.7266662,0.4481833,-0.8143642,1.383727,0.5493846,-0.8098382,0.7375116,0.5446246,False,3,2,0
6/25/2025 12:55:17 PM,1750848917561,Right,-0.7805525,0.7780256,0.5747052,-0.6794996,0.8603959,0.3730721,-0.7682641,0.80735,0.5672904,0.09825078,0.7266662,0.4481833,-0.795964,1.405378,0.5497468,-0.8051966,0.7686731,0.5507223,False,3,2,0
6/25/2025 12:55:17 PM,1750848917575,Right,-0.7774007,0.7935814,0.5779275,-0.6824068,0.8645302,0.3745699,-0.7641937,0.8218629,0.5698726,0.09825078,0.7266662,0.4481833,-0.7866745,1.415576,0.5493162,-0.8025929,0.7841263,0.5546364,False,3,2,0
6/25/2025 12:55:17 PM,1750848917602,Right,-0.7722921,0.8252816,0.5840411,-0.6885902,0.8710573,0.3767653,-0.7579585,0.8510925,0.5752448,0.09825078,0.7266662,0.4481833,-0.7691627,1.435062,0.5489963,-0.7969605,0.8124587,0.5624683,False,3,2,0
6/25/2025 12:55:17 PM,1750848917617,Right,-0.7696766,0.841554,0.5871275,-0.691994,0.8740345,0.3781639,-0.7546982,0.8660098,0.5779122,0.09825078,0.7266662,0.4481833,-0.7604969,1.444012,0.5490924,-0.7940868,0.82694,0.5664322,False,3,2,0
6/25/2025 12:55:17 PM,1750848917645,Right,-0.7618562,0.867642,0.5951815,-0.6947175,0.877187,0.3797073,-0.7457458,0.8898641,0.5849797,0.09825078,0.7266662,0.4481833,-0.7425447,1.460987,0.5484098,-0.7870942,0.8531743,0.5740627,False,3,2,0
6/25/2025 12:55:17 PM,1750848917658,Right,-0.7581777,0.8807209,0.598712,-0.696693,0.8783324,0.3806747,-0.7414116,0.9020584,0.5880873,0.09825078,0.7266662,0.4481833,-0.7336838,1.470136,0.5482811,-0.7837478,0.8664894,0.5780774,False,3,2,0
6/25/2025 12:55:17 PM,1750848917673,Right,-0.7542269,0.8939082,0.6020781,-0.6984339,0.8795673,0.381759,-0.7366784,0.9127636,0.5907017,0.09825078,0.7266662,0.4481833,-0.7218862,1.47109,0.5454994,-0.7793415,0.877079,0.5819986,False,3,2,0
6/25/2025 12:55:17 PM,1750848917700,Right,-0.7466082,0.9190826,0.6087519,-0.6990871,0.8809981,0.3824285,-0.7281128,0.9360026,0.5961924,0.09825078,0.7266662,0.4481833,-0.701082,1.482016,0.5434725,-0.7713011,0.8999964,0.5895415,False,3,2,0
6/25/2025 12:55:17 PM,1750848917714,Right,-0.7421452,0.9305953,0.6119949,-0.7015379,0.8799531,0.3828238,-0.7226316,0.9451537,0.5990222,0.09825078,0.7266662,0.4481833,-0.6909695,1.487138,0.5422621,-0.7665356,0.9105986,0.5931063,False,3,2,0
6/25/2025 12:55:17 PM,1750848917741,Right,-0.7326412,0.9504035,0.6173468,-0.7053761,0.8772227,0.3839664,-0.7117014,0.9623459,0.6032801,0.09825078,0.7266662,0.4481833,-0.6710618,1.4956,0.5391964,-0.757354,0.9304646,0.5999781,False,3,2,0
6/25/2025 12:55:17 PM,1750848917756,Right,-0.7278808,0.9608889,0.6199781,-0.7062013,0.8764722,0.3843039,-0.7065954,0.9712399,0.6055019,0.09825078,0.7266662,0.4481833,-0.6614089,1.499717,0.5377738,-0.7528134,0.9406297,0.6027066,False,3,2,0
6/25/2025 12:55:17 PM,1750848917783,Right,-0.7184089,0.9806672,0.6251925,-0.7081627,0.8741074,0.3847764,-0.6962056,0.9885585,0.6096578,0.09825078,0.7266662,0.4481833,-0.6428733,1.507185,0.5338922,-0.7428933,0.9577877,0.6082779,False,3,2,0
6/25/2025 12:55:17 PM,1750848917797,Right,-0.7134606,0.9902859,0.6278093,-0.708814,0.8726975,0.384499,-0.6907883,0.9970812,0.61173,0.09825078,0.7266662,0.4481833,-0.6338422,1.510793,0.5317903,-0.7378853,0.9659346,0.6110584,False,3,2,0
6/25/2025 12:55:17 PM,1750848917825,Right,-0.7035556,1.00883,0.6324933,-0.7118183,0.8706402,0.3869117,-0.6801043,1.012994,0.6153688,0.09825078,0.7266662,0.4481833,-0.6168573,1.516623,0.5271614,-0.7279624,0.9824831,0.6160851,False,3,2,0
6/25/2025 12:55:17 PM,1750848917839,Right,-0.6990625,1.019226,0.6345744,-0.7129064,0.8697203,0.3883703,-0.6752639,1.021869,0.6169274,0.09825078,0.7266662,0.4481833,-0.6089332,1.518975,0.5244309,-0.7226952,0.991,0.6183234,False,3,2,0
6/25/2025 12:55:17 PM,1750848917853,Right,-0.693831,1.029274,0.636587,-0.7139111,0.8685778,0.3895684,-0.6698164,1.030425,0.6183181,0.09825078,0.7266662,0.4481833,-0.6012423,1.521416,0.5216573,-0.7174722,0.999122,0.620961,False,3,2,0
6/25/2025 12:55:17 PM,1750848917881,Right,-0.6828826,1.048572,0.6411873,-0.7161307,0.8660636,0.3914605,-0.6585268,1.046683,0.6218032,0.09825078,0.7266662,0.4481833,-0.5873997,1.526775,0.5165583,-0.7066246,1.016568,0.6259975,False,3,2,0
6/25/2025 12:55:17 PM,1750848917895,Right,-0.6759253,1.05867,0.6446459,-0.7167767,0.8649589,0.3921947,-0.6516054,1.055181,0.6246346,0.09825078,0.7266662,0.4481833,-0.5804846,1.529769,0.514365,-0.7004219,1.025823,0.628749,False,3,2,0
6/25/2025 12:55:17 PM,1750848917923,Right,-0.6606812,1.081533,0.6532427,-0.7172609,0.8633987,0.3945845,-0.6362042,1.07463,0.632075,0.09825078,0.7266662,0.4481833,-0.5668881,1.534436,0.5102208,-0.6888359,1.043883,0.6346265,False,3,2,0
6/25/2025 12:55:17 PM,1750848917936,Right,-0.6554472,1.088997,0.6559179,-0.7166997,0.863058,0.3962511,-0.630893,1.080241,0.63424,0.09825078,0.7266662,0.4481833,-0.5606422,1.535716,0.507946,-0.6825479,1.053244,0.6374648,False,3,2,0
6/25/2025 12:55:17 PM,1750848917964,Right,-0.6415387,1.110979,0.6567571,-0.7155447,0.862832,0.4000979,-0.6170484,1.098421,0.6339992,0.09825078,0.7266662,0.4481833,-0.5473413,1.538249,0.5037123,-0.6688986,1.07068,0.6440631,False,3,2,0
6/25/2025 12:55:17 PM,1750848917978,Right,-0.6349683,1.117819,0.6604754,-0.7139823,0.8630255,0.401174,-0.6105618,1.103564,0.6369635,0.09825078,0.7266662,0.4481833,-0.5406792,1.539238,0.5013772,-0.6611057,1.079095,0.6478289,False,3,2,0
6/25/2025 12:55:17 PM,1750848917992,Right,-0.6269632,1.125657,0.664381,-0.7128952,0.8632111,0.4027668,-0.6027513,1.109715,0.6401327,0.09825078,0.7266662,0.4481833,-0.5340824,1.540595,0.4991494,-0.6532689,1.087227,0.6517223,False,3,2,0
6/25/2025 12:55:18 PM,1750848918020,Right,-0.6098596,1.140412,0.6715906,-0.7094225,0.863574,0.4057555,-0.5862439,1.120734,0.6459448,0.09825078,0.7266662,0.4481833,-0.5205853,1.540222,0.4957695,-0.6361035,1.101817,0.6599441,False,3,2,0
6/25/2025 12:55:18 PM,1750848918034,Right,-0.6008345,1.147182,0.6763345,-0.7122053,0.8610903,0.4094367,-0.5773344,1.126133,0.6500595,0.09825078,0.7266662,0.4481833,-0.5138593,1.540163,0.4942257,-0.6271076,1.107984,0.6643558,False,3,2,0
6/25/2025 12:55:18 PM,1750848918061,Right,-0.5815079,1.157044,0.6847262,-0.7100739,0.8600594,0.4137142,-0.5587012,1.133377,0.6572159,0.09825078,0.7266662,0.4481833,-0.5006096,1.538833,0.4918574,-0.6083672,1.117131,0.6732179,False,3,2,0
6/25/2025 12:55:18 PM,1750848918075,Right,-0.570436,1.160607,0.6889588,-0.7085692,0.8594444,0.4154222,-0.548605,1.136398,0.6607423,0.09825078,0.7266662,0.4481833,-0.494204,1.537324,0.490707,-0.5982793,1.120384,0.6779646,False,3,2,0
6/25/2025 12:55:18 PM,1750848918103,Right,-0.5475216,1.164704,0.6973037,-0.7060931,0.8580506,0.4198363,-0.5265072,1.13861,0.6676737,0.09825078,0.7266662,0.4481833,-0.4812405,1.533979,0.4892679,-0.5779449,1.122951,0.6878076,False,3,2,0
6/25/2025 12:55:18 PM,1750848918117,Right,-0.5357557,1.166403,0.7022867,-0.7038261,0.8574468,0.4218875,-0.5153078,1.140869,0.6720568,0.09825078,0.7266662,0.4481833,-0.4743359,1.532307,0.488804,-0.5656719,1.123461,0.6922902,False,3,2,0
6/25/2025 12:55:18 PM,1750848918144,Right,-0.5110207,1.162483,0.7111496,-0.6989504,0.8571439,0.4258222,-0.4915843,1.135787,0.6801155,0.09825078,0.7266662,0.4481833,-0.4601097,1.527017,0.4893097,-0.5407055,1.119299,0.7016726,False,3,2,0
6/25/2025 12:55:18 PM,1750848918159,Right,-0.4973345,1.159217,0.7151441,-0.6961288,0.8572382,0.4276979,-0.4789581,1.133393,0.6836586,0.09825078,0.7266662,0.4481833,-0.4531388,1.524974,0.4892763,-0.5274086,1.116419,0.706507,False,3,2,0
6/25/2025 12:55:18 PM,1750848918173,Right,-0.4833955,1.15512,0.7189438,-0.6931599,0.857279,0.4295333,-0.4654244,1.129023,0.6870419,0.09825078,0.7266662,0.4481833,-0.4459394,1.521694,0.489975,-0.5135003,1.112025,0.7108253,False,3,2,0
6/25/2025 12:55:18 PM,1750848918199,Right,-0.4537533,1.143157,0.7251887,-0.6858615,0.8576723,0.4317564,-0.4379696,1.119323,0.6926354,0.09825078,0.7266662,0.4481833,-0.4310204,1.516558,0.4914559,-0.4845282,1.101368,0.7183666,False,3,2,0
6/25/2025 12:55:18 PM,1750848918214,Right,-0.4380741,1.136479,0.7274975,-0.6797848,0.8588638,0.4320848,-0.4227856,1.112848,0.6948525,0.09825078,0.7266662,0.4481833,-0.4228282,1.513226,0.4935815,-0.4690328,1.094833,0.7217662,False,3,2,0
6/25/2025 12:55:18 PM,1750848918241,Right,-0.4067418,1.120648,0.7293784,-0.66584,0.8622088,0.4315341,-0.3929634,1.098653,0.6970212,0.09825078,0.7266662,0.4481833,-0.406916,1.507195,0.4959271,-0.4386159,1.08305,0.7254504,False,3,2,0
6/25/2025 12:55:18 PM,1750848918255,Right,-0.3904851,1.112052,0.7293341,-0.6602131,0.8631444,0.431484,-0.3774247,1.090898,0.6967162,0.09825078,0.7266662,0.4481833,-0.3985879,1.504143,0.4969913,-0.4225228,1.075783,0.7266983,False,3,2,0
6/25/2025 12:55:18 PM,1750848918283,Right,-0.3584709,1.094534,0.7278517,-0.6504653,0.8633203,0.4320532,-0.3469379,1.075852,0.6957651,0.09825078,0.7266662,0.4481833,-0.3814226,1.497442,0.4986581,-0.3906785,1.060459,0.727471,False,3,2,0
6/25/2025 12:55:18 PM,1750848918298,Right,-0.3424527,1.085249,0.726162,-0.6458772,0.8633534,0.4328693,-0.3319487,1.067684,0.6939152,0.09825078,0.7266662,0.4481833,-0.3722819,1.494139,0.4992335,-0.374342,1.052043,0.726675,False,3,2,0
6/25/2025 12:55:18 PM,1750848918325,Right,-0.3109718,1.067093,0.7212051,-0.6313614,0.8636279,0.428703,-0.3018194,1.052232,0.6893759,0.09825078,0.7266662,0.4481833,-0.3534728,1.487891,0.4999151,-0.3429632,1.034951,0.7237578,False,3,2,0
6/25/2025 12:55:18 PM,1750848918339,Right,-0.2952,1.05777,0.7179114,-0.6246524,0.8635845,0.4275252,-0.2866941,1.044122,0.6864628,0.09825078,0.7266662,0.4481833,-0.3442,1.485139,0.4999976,-0.3276414,1.027134,0.7213342,False,3,2,0
6/25/2025 12:55:18 PM,1750848918352,Right,-0.2797656,1.049407,0.7142751,-0.6176689,0.8635806,0.4261437,-0.2719082,1.036993,0.6830833,0.09825078,0.7266662,0.4481833,-0.3347533,1.482553,0.4998032,-0.3124035,1.019674,0.7190228,False,3,2,0
6/25/2025 12:55:18 PM,1750848918381,Right,-0.2497924,1.033666,0.7054932,-0.6036321,0.8633954,0.4234542,-0.2430515,1.023472,0.674879,0.09825078,0.7266662,0.4481833,-0.3150564,1.478175,0.4984279,-0.2818443,1.006063,0.7129096,False,3,2,0
6/25/2025 12:55:18 PM,1750848918395,Right,-0.2344026,1.026099,0.7007719,-0.5961139,0.8631277,0.4219689,-0.2283997,1.017025,0.6704732,0.09825078,0.7266662,0.4481833,-0.3052406,1.476167,0.497498,-0.2662345,0.9996627,0.7095423,False,3,2,0
6/25/2025 12:55:18 PM,1750848918422,Right,-0.2045324,1.01499,0.6912454,-0.5833488,0.8625062,0.4229831,-0.1997306,1.008093,0.6615959,0.09825078,0.7266662,0.4481833,-0.2853894,1.472414,0.4948341,-0.2346986,0.9865528,0.7009876,False,3,2,0
6/25/2025 12:55:18 PM,1750848918436,Right,-0.1891626,1.010921,0.6860315,-0.5748516,0.8624527,0.4206849,-0.1849009,1.004792,0.6566979,0.09825078,0.7266662,0.4481833,-0.2754195,1.47106,0.4929912,-0.2199135,0.9818722,0.6964169,False,3,2,0
6/25/2025 12:55:18 PM,1750848918463,Right,-0.1631907,1.002419,0.6736627,-0.5584336,0.8618955,0.4187039,-0.1597209,0.9973507,0.6449676,0.09825078,0.7266662,0.4481833,-0.2561474,1.468554,0.488263,-0.1922642,0.9749693,0.6864235,False,3,2,0
6/25/2025 12:55:18 PM,1750848918478,Right,-0.1496119,0.999683,0.6672587,-0.5492482,0.8618909,0.4186948,-0.1466639,0.9950931,0.6388322,0.09825078,0.7266662,0.4481833,-0.2468287,1.467713,0.4851626,-0.1781014,0.9719082,0.6808798,False,3,2,0
6/25/2025 12:55:18 PM,1750848918491,Right,-0.1361724,0.9978886,0.6606508,-0.5398226,0.8620309,0.418579,-0.1338134,0.9937343,0.6326023,0.09825078,0.7266662,0.4481833,-0.2376752,1.467638,0.4821963,-0.1645017,0.9699064,0.6750054,False,3,2,0
6/25/2025 12:55:18 PM,1750848918520,Right,-0.1102996,0.9954559,0.6469657,-0.5205896,0.8623322,0.4185427,-0.1086538,0.9923022,0.6193101,0.09825078,0.7266662,0.4481833,-0.2183677,1.471186,0.4734001,-0.1389816,0.9691503,0.6631658,False,3,2,0
6/25/2025 12:55:18 PM,1750848918533,Right,-0.09772944,0.9952949,0.6398931,-0.5104025,0.8625016,0.4191498,-0.1038903,0.9924193,0.6163504,0.09825078,0.7266662,0.4481833,-0.2086805,1.471242,0.4703572,-0.1255747,0.9687859,0.6564645,False,3,2,0
6/25/2025 12:55:18 PM,1750848918561,Right,-0.0740227,0.9952093,0.6258118,-0.490187,0.8626309,0.4212559,-0.0732192,0.992321,0.5993428,0.09825078,0.7266662,0.4481833,-0.190129,1.472008,0.4653482,-0.1014522,0.9685358,0.6439019,False,3,2,0
6/25/2025 12:55:18 PM,1750848918576,Right,-0.06225023,0.9953741,0.6186213,-0.4794755,0.8629141,0.4227262,-0.06175893,0.992495,0.5926182,0.09825078,0.7266662,0.4481833,-0.1813073,1.472528,0.4635482,-0.08940798,0.9689878,0.6375712,False,3,2,0
6/25/2025 12:55:18 PM,1750848918603,Right,-0.03864003,0.995885,0.6048465,-0.4587502,0.8631708,0.4268336,-0.03886796,0.9927851,0.5797525,0.09825078,0.7266662,0.4481833,-0.1632164,1.472568,0.4590664,-0.06508299,0.9698461,0.6251118,False,3,2,0
6/25/2025 12:55:18 PM,1750848918617,Right,-0.02656524,0.9965438,0.5979133,-0.4475251,0.8637356,0.4291712,-0.02747161,0.9934482,0.5734237,0.09825078,0.7266662,0.4481833,-0.1536654,1.472599,0.4570282,-0.05217271,0.9697117,0.618769,False,3,2,0
6/25/2025 12:55:18 PM,1750848918645,Right,-0.003815098,0.9974056,0.5847253,-0.4248259,0.8661557,0.4322299,-0.005104927,0.9938728,0.560859,0.09825078,0.7266662,0.4481833,-0.1356928,1.47198,0.4521097,-0.0281125,0.9709229,0.6071002,False,3,2,0
6/25/2025 12:55:18 PM,1750848918659,Right,0.00792535,0.9979556,0.5783301,-0.4135053,0.867239,0.4349443,0.006290317,0.9941273,0.5548104,0.09825078,0.7266662,0.4481833,-0.1267245,1.471856,0.4497695,-0.01614701,0.9719537,0.6015628,False,3,2,0
6/25/2025 12:55:18 PM,1750848918673,Right,0.01907407,0.9986708,0.5718527,-0.4028423,0.8678905,0.4382504,0.01712193,0.9943433,0.5486559,0.09825078,0.7266662,0.4481833,-0.1190197,1.471295,0.4473344,-0.004467852,0.9733927,0.5957088,False,3,2,0
6/25/2025 12:55:18 PM,1750848918700,Right,0.04084814,1.00116,0.5597483,-0.3801215,0.8707009,0.4435814,0.03807747,0.9962921,0.5373775,0.09825078,0.7266662,0.4481833,-0.1021383,1.4712,0.4430515,0.01921952,0.9752984,0.5841784,False,3,2,0
6/25/2025 12:55:18 PM,1750848918714,Right,0.05161413,1.002348,0.5534683,-0.3686256,0.8720523,0.4464935,0.04838765,0.9973093,0.5315099,0.09825078,0.7266662,0.4481833,-0.09424281,1.470881,0.4408191,0.03100228,0.9757293,0.5786479,False,3,2,0
6/25/2025 12:55:18 PM,1750848918742,Right,0.07327667,1.003482,0.5413849,-0.3467901,0.8749841,0.4524835,0.06931761,0.9977262,0.5200709,0.09825078,0.7266662,0.4481833,-0.07842886,1.470726,0.436668,0.05335183,0.9784819,0.5684317,False,3,2,0
6/25/2025 12:55:18 PM,1750848918756,Right,0.08427723,1.004192,0.5351139,-0.3355332,0.876399,0.4557334,0.07983338,0.9979215,0.5141532,0.09825078,0.7266662,0.4481833,-0.07137346,1.470843,0.4346521,0.06397633,0.9806622,0.5638499,False,3,2,0
6/25/2025 12:55:18 PM,1750848918784,Right,0.1038472,1.005657,0.5238345,-0.3146301,0.8791907,0.4622545,0.09281977,0.9974228,0.5061104,0.09825078,0.7266662,0.4481833,-0.05644095,1.471178,0.4313654,0.08483716,0.9851737,0.5553105,False,3,2,0
6/25/2025 12:55:18 PM,1750848918798,Right,0.1132447,1.00647,0.5181394,-0.3044446,0.8803979,0.4650982,0.1080438,0.9989938,0.4980466,0.09825078,0.7266662,0.4481833,-0.04873812,1.471318,0.430096,0.09491568,0.9859574,0.5507575,False,3,2,0
6/25/2025 12:55:18 PM,1750848918825,Right,0.1296947,1.008579,0.5074756,-0.2847023,0.8826932,0.471203,0.1241995,1.000629,0.4879022,0.09825078,0.7266662,0.4481833,-0.03320646,1.471675,0.4277703,0.1156747,0.9870093,0.5411823,False,3,2,0
6/25/2025 12:55:18 PM,1750848918839,Right,0.1412215,1.009397,0.5017088,-0.2746003,0.8835313,0.4747811,0.1351749,1.00163,0.4828329,0.09825078,0.7266662,0.4481833,-0.02533066,1.471689,0.4267962,0.1258842,0.9875154,0.5362234,False,3,2,0
6/25/2025 12:55:18 PM,1750848918853,Right,0.1507669,1.009281,0.4960054,-0.2648003,0.8840798,0.478185,0.1444744,1.001621,0.4776166,0.09825078,0.7266662,0.4481833,-0.01753902,1.471528,0.4259338,0.13601,0.9870453,0.5311064,False,3,2,0
6/25/2025 12:55:18 PM,1750848918881,Right,0.1681952,1.007941,0.4846088,-0.2445428,0.8843421,0.485305,0.1613928,1.001195,0.4673975,0.09825078,0.7266662,0.4481833,-0.002191305,1.471072,0.4254204,0.1566221,0.9831319,0.519971,False,3,2,0
6/25/2025 12:55:18 PM,1750848918895,Right,0.1770854,1.006973,0.4787816,-0.2368817,0.8843834,0.4902016,0.1700284,1.000408,0.4622066,0.09825078,0.7266662,0.4481833,0.005754828,1.470273,0.4255887,0.1668264,0.9816774,0.5144651,False,3,2,0
6/25/2025 12:55:18 PM,1750848918923,Right,0.1930475,1.003421,0.4676208,-0.2196421,0.8842978,0.4996271,0.1856577,0.9970748,0.4522475,0.09825078,0.7266662,0.4481833,0.02191484,1.468673,0.426689,0.1861126,0.9794703,0.5049156,False,3,2,0
6/25/2025 12:55:18 PM,1750848918937,Right,0.201956,1.001575,0.4621392,-0.2090074,0.8839616,0.5036207,0.1943571,0.9954761,0.4473871,0.09825078,0.7266662,0.4481833,0.03014159,1.467834,0.4278156,0.1961086,0.9776021,0.5001551,False,3,2,0
6/25/2025 12:55:18 PM,1750848918964,Right,0.2190917,0.9974403,0.4513243,-0.1892849,0.8829761,0.5133022,0.2110933,0.9919444,0.4379525,0.09825078,0.7266662,0.4481833,0.04637408,1.465584,0.4305897,0.2156836,0.9732214,0.4901748,False,3,2,0
6/25/2025 12:55:18 PM,1750848918978,Right,0.2284896,0.9953812,0.4460235,-0.178999,0.8824682,0.5178964,0.2203071,0.9900418,0.4333918,0.09825078,0.7266662,0.4481833,0.054317,1.464236,0.4324449,0.2257224,0.9710443,0.4854129,False,3,2,0
6/25/2025 12:55:18 PM,1750848918992,Right,0.2377927,0.9925438,0.4406328,-0.168439,0.8817409,0.5228136,0.229322,0.9873995,0.4288481,0.09825078,0.7266662,0.4481833,0.06243598,1.462706,0.4351391,0.235796,0.9689105,0.4807934,False,3,2,0
6/25/2025 12:55:19 PM,1750848919020,Right,0.2555583,0.9864721,0.43022,-0.147452,0.8801087,0.5324174,0.246756,0.9821833,0.4200034,0.09825078,0.7266662,0.4481833,0.07896256,1.459797,0.4401548,0.2557476,0.9626488,0.4714298,False,3,2,0
6/25/2025 12:55:19 PM,1750848919034,Right,0.2647219,0.983056,0.4252152,-0.1365425,0.8791358,0.5374205,0.2557051,0.9793986,0.4159636,0.09825078,0.7266662,0.4481833,0.08745897,1.458279,0.4439629,0.2656409,0.9587628,0.4667175,False,3,2,0
6/25/2025 12:55:19 PM,1750848919062,Right,0.2827145,0.9763274,0.4157315,-0.114937,0.8771602,0.546738,0.2733277,0.9744337,0.4081501,0.09825078,0.7266662,0.4481833,0.1039844,1.454842,0.4507868,0.2857611,0.9483734,0.4581091,False,3,2,0
6/25/2025 12:55:19 PM,1750848919075,Right,0.2922277,0.973588,0.4114724,-0.1036556,0.8760723,0.551243,0.2827376,0.9721709,0.404765,0.09825078,0.7266662,0.4481833,0.1124477,1.453178,0.4550712,0.2956749,0.944559,0.4533316,False,3,2,0
6/25/2025 12:55:19 PM,1750848919103,Right,0.3102206,0.9659184,0.4029011,-0.08097849,0.8733865,0.560158,0.300539,0.9658962,0.3983781,0.09825078,0.7266662,0.4481833,0.1307132,1.450999,0.4659361,0.3155288,0.9368838,0.4451037,False,3,2,0
6/25/2025 12:55:19 PM,1750848919118,Right,0.318528,0.9619188,0.3991187,-0.06926367,0.8716237,0.5645974,0.3089209,0.9627038,0.3954986,0.09825078,0.7266662,0.4481833,0.1408508,1.450103,0.4708933,0.3252853,0.932901,0.4419441,False,3,2,0
6/25/2025 12:55:19 PM,1750848919145,Right,0.3356214,0.9538116,0.3915617,-0.04611915,0.8676635,0.5729344,0.3259113,0.9560969,0.3899415,0.09825078,0.7266662,0.4481833,0.1606342,1.448653,0.4812331,0.3453268,0.9255849,0.4345438,False,3,2,0
6/25/2025 12:55:19 PM,1750848919158,Right,0.3433421,0.9501988,0.387994,-0.03460753,0.8651716,0.5769443,0.3337138,0.953334,0.3872865,0.09825078,0.7266662,0.4481833,0.1713889,1.449553,0.4869856,0.3558407,0.9222938,0.4314542,False,3,2,0
6/25/2025 12:55:19 PM,1750848919173,Right,0.3511231,0.9468485,0.3844792,-0.02310107,0.8626342,0.5810072,0.3417398,0.9510924,0.384791,0.09825078,0.7266662,0.4481833,0.1822603,1.45018,0.492695,0.365247,0.918831,0.4278883,False,3,2,0
6/25/2025 12:55:19 PM,1750848919201,Right,0.3670545,0.9373475,0.3784782,-0.001686089,0.8569287,0.5878018,0.3580945,0.9436673,0.3807814,0.09825078,0.7266662,0.4481833,0.2033978,1.449964,0.5023843,0.3821643,0.9111407,0.4201724,False,3,2,0
6/25/2025 12:55:19 PM,1750848919215,Right,0.3743728,0.9337347,0.3753649,0.009297385,0.85427,0.5910254,0.3656296,0.9406862,0.3785973,0.09825078,0.7266662,0.4481833,0.2128851,1.448378,0.5062724,0.3905433,0.9075794,0.4162849,False,3,2,0
6/25/2025 12:55:19 PM,1750848919242,Right,0.3870322,0.927702,0.3678367,0.03063923,0.8503128,0.5969971,0.37868,0.9354033,0.3726401,0.09825078,0.7266662,0.4481833,0.2312412,1.445973,0.512766,0.4049307,0.9012107,0.4086481,False,3,2,0
6/25/2025 12:55:19 PM,1750848919256,Right,0.3938313,0.9250423,0.3635365,0.04141027,0.8485592,0.600017,0.385846,0.9331632,0.3690178,0.09825078,0.7266662,0.4481833,0.2411046,1.44546,0.5155613,0.4119222,0.8986624,0.4050688,False,3,2,0
6/25/2025 12:55:19 PM,1750848919283,Right,0.4060898,0.9232004,0.3587352,0.06396511,0.8471606,0.6048947,0.3988396,0.9319317,0.3651019,0.09825078,0.7266662,0.4481833,0.260812,1.445249,0.5194769,0.4252312,0.8956165,0.4000228,False,3,2,0
6/25/2025 12:55:19 PM,1750848919298,Right,0.4119668,0.9215532,0.3555714,0.07461835,0.846629,0.6066713,0.405086,0.9305896,0.3623941,0.09825078,0.7266662,0.4481833,0.2704897,1.444991,0.5208519,0.4318759,0.8941323,0.3973554,False,3,2,0
6/25/2025 12:55:19 PM,1750848919311,Right,0.41715,0.9200894,0.3530163,0.08560672,0.8468396,0.6082925,0.4106276,0.9287846,0.3601763,0.09825078,0.7266662,0.4481833,0.2800215,1.444601,0.522155,0.4379613,0.8951458,0.3957071,False,3,2,0
6/25/2025 12:55:19 PM,1750848919340,Right,0.4268586,0.9171863,0.3480778,0.1062622,0.8476356,0.6110826,0.4212841,0.9262205,0.3562405,0.09825078,0.7266662,0.4481833,0.2997676,1.44382,0.5250903,0.4494893,0.893013,0.3895081,False,3,2,0
6/25/2025 12:55:19 PM,1750848919354,Right,0.4314685,0.9153796,0.3456675,0.1161743,0.8486492,0.6123139,0.426478,0.9250344,0.3542353,0.09825078,0.7266662,0.4481833,0.3103516,1.443938,0.5258706,0.4555081,0.8906205,0.3862737,False,3,2,0
6/25/2025 12:55:19 PM,1750848919381,Right,0.4407185,0.9101582,0.3393765,0.1366382,0.8511302,0.6147807,0.4366604,0.9205394,0.348646,0.09825078,0.7266662,0.4481833,0.3302782,1.443197,0.5268098,0.4667073,0.8872994,0.3815399,False,3,2,0
6/25/2025 12:55:19 PM,1750848919395,Right,0.4459756,0.9083278,0.3375963,0.1471324,0.8531022,0.615392,0.442429,0.919067,0.3471237,0.09825078,0.7266662,0.4481833,0.340286,1.442887,0.5274814,0.472244,0.8853722,0.3793534,False,3,2,0
6/25/2025 12:55:19 PM,1750848919422,Right,0.455706,0.9053382,0.3345887,0.1668834,0.8563194,0.6160765,0.4532939,0.9168521,0.344584,0.09825078,0.7266662,0.4481833,0.3621018,1.441386,0.5273618,0.4836318,0.8806838,0.374571,False,3,2,0
6/25/2025 12:55:19 PM,1750848919437,Right,0.4613593,0.9030588,0.3325758,0.1761164,0.8575327,0.6157259,0.4594616,0.9148012,0.3427841,0.09825078,0.7266662,0.4481833,0.3730338,1.44003,0.5275338,0.4900469,0.8784443,0.3727908,False,3,2,0
6/25/2025 12:55:19 PM,1750848919464,Right,0.472802,0.8983461,0.328991,0.1937096,0.8591344,0.6142056,0.4720521,0.9104502,0.3396334,0.09825078,0.7266662,0.4481833,0.3956432,1.436107,0.5275146,0.5021308,0.8731759,0.3688686,False,3,2,0
6/25/2025 12:55:19 PM,1750848919479,Right,0.4790477,0.8953996,0.3277749,0.202924,0.8584157,0.6143755,0.4787373,0.9077085,0.3385358,0.09825078,0.7266662,0.4481833,0.407205,1.43388,0.5271488,0.5095813,0.8701999,0.3672712,False,3,2,0
6/25/2025 12:55:19 PM,1750848919492,Right,0.4855216,0.8925515,0.3267347,0.211405,0.8575938,0.6137577,0.4856687,0.9051025,0.3376318,0.09825078,0.7266662,0.4481833,0.4188759,1.431426,0.5268421,0.5169186,0.8668063,0.3655264,False,3,2,0
6/25/2025 12:55:19 PM,1750848919520,Right,0.4986761,0.8870124,0.3255763,0.226445,0.8542413,0.6133426,0.4998787,0.8999107,0.3368131,0.09825078,0.7266662,0.4481833,0.443541,1.425081,0.5266421,0.5314752,0.8592954,0.3621881,False,3,2,0
6/25/2025 12:55:19 PM,1750848919534,Right,0.5057728,0.8831301,0.3232026,0.2346461,0.8515446,0.6136254,0.5075059,0.8961563,0.3346099,0.09825078,0.7266662,0.4481833,0.4565248,1.421512,0.5267862,0.5397211,0.8551874,0.3610935,False,3,2,0
6/25/2025 12:55:19 PM,1750848919562,Right,0.5219677,0.8742476,0.3214521,0.2507017,0.8456877,0.6139064,0.5245966,0.8874688,0.333093,0.09825078,0.7266662,0.4481833,0.482582,1.412528,0.5265622,0.5568007,0.8457195,0.358545,False,3,2,0
6/25/2025 12:55:19 PM,1750848919576,Right,0.5308437,0.8694817,0.3211167,0.2588685,0.8424988,0.6135981,0.533904,0.8826978,0.3328015,0.09825078,0.7266662,0.4481833,0.4952019,1.407341,0.5263503,0.5660293,0.8404476,0.3576348,False,3,2,0
6/25/2025 12:55:19 PM,1750848919604,Right,0.5489937,0.8590899,0.3211061,0.2750325,0.8350928,0.6132367,0.5526116,0.8722833,0.3327339,0.09825078,0.7266662,0.4481833,0.519195,1.395822,0.5248294,0.5845476,0.8293338,0.3563415,False,3,2,0
6/25/2025 12:55:19 PM,1750848919617,Right,0.5593793,0.852917,0.3218315,0.2825698,0.8308642,0.61294,0.5631407,0.866183,0.3333538,0.09825078,0.7266662,0.4481833,0.5311276,1.389622,0.524115,0.5942118,0.8229636,0.3562654,False,3,2,0
6/25/2025 12:55:19 PM,1750848919645,Right,0.5800408,0.841065,0.3249938,0.2976755,0.8223335,0.6125883,0.5838388,0.8546176,0.3363216,0.09825078,0.7266662,0.4481833,0.5547255,1.376192,0.5226882,0.6148895,0.8089409,0.3554813,False,3,2,0
6/25/2025 12:55:19 PM,1750848919659,Right,0.590748,0.8329182,0.3246486,0.3047681,0.8172403,0.6133884,0.5950814,0.8464506,0.3359961,0.09825078,0.7266662,0.4481833,0.5677249,1.368483,0.5221126,0.6257279,0.8009481,0.3556831,False,3,2,0
6/25/2025 12:55:19 PM,1750848919672,Right,0.6014352,0.8248007,0.3247399,0.3115056,0.8121674,0.6140339,0.6060612,0.8384956,0.3360787,0.09825078,0.7266662,0.4481833,0.5806212,1.360729,0.5215515,0.6360503,0.7926398,0.3553845,False,3,2,0
6/25/2025 12:55:19 PM,1750848919701,Right,0.624281,0.8064597,0.3264464,0.3236058,0.8024628,0.6156951,0.6292467,0.8203698,0.3375872,0.09825078,0.7266662,0.4481833,0.6065193,1.34257,0.5209258,0.6582793,0.773998,0.3561688,False,3,2,0
6/25/2025 12:55:19 PM,1750848919715,Right,0.6362171,0.7968993,0.3278636,0.3301789,0.7974479,0.6166125,0.6413102,0.8111299,0.3389897,0.09825078,0.7266662,0.4481833,0.6195937,1.332968,0.5212322,0.6690892,0.7634963,0.3563924,False,3,2,0
6/25/2025 12:55:19 PM,1750848919742,Right,0.6607009,0.7773544,0.3318343,0.3448758,0.7896839,0.6181049,0.6664019,0.7913806,0.3427975,0.09825078,0.7266662,0.4481833,0.647302,1.311713,0.5223842,0.6918111,0.7429462,0.3586562,False,3,2,0
6/25/2025 12:55:19 PM,1750848919757,Right,0.6732697,0.7661555,0.3325324,0.353632,0.7855764,0.619961,0.6786861,0.7801109,0.3433847,0.09825078,0.7266662,0.4481833,0.6585978,1.299308,0.5224152,0.7033759,0.7320117,0.3598382,False,3,2,0
6/25/2025 12:55:19 PM,1750848919784,Right,0.6984163,0.7437038,0.3329507,0.3700249,0.7763334,0.6194975,0.7036439,0.7567385,0.3437835,0.09825078,0.7266662,0.4481833,0.6802504,1.273624,0.5238898,0.7282031,0.7095647,0.3624657,False,3,2,0
6/25/2025 12:55:19 PM,1750848919798,Right,0.7110732,0.7316995,0.3324815,0.3764476,0.7714381,0.6197463,0.7160925,0.7445481,0.3433479,0.09825078,0.7266662,0.4481833,0.6910186,1.261364,0.5251069,0.7409601,0.6979565,0.3635352,False,3,2,0
6/25/2025 12:55:19 PM,1750848919812,Right,0.7240642,0.7194675,0.3327888,0.3810906,0.7663141,0.6199621,0.7288443,0.7323401,0.343856,0.09825078,0.7266662,0.4481833,0.7025538,1.249143,0.5275078,0.7544319,0.6858503,0.3635685,False,3,2,0
6/25/2025 12:55:19 PM,1750848919840,Right,0.7497537,0.6962809,0.3371027,0.3888418,0.7565892,0.6183712,0.7544025,0.7094542,0.3485149,0.09825078,0.7266662,0.4481833,0.7299997,1.22531,0.53214,0.7810929,0.6613954,0.3642239,False,3,2,0
6/25/2025 12:55:19 PM,1750848919853,Right,0.7623238,0.6843414,0.3398437,0.3913497,0.7517899,0.6167786,0.7671113,0.6972845,0.3512818,0.09825078,0.7266662,0.4481833,0.7428454,1.212978,0.534297,0.7939255,0.6495737,0.3657122,False,3,2,0
6/25/2025 12:55:19 PM,1750848919881,Right,0.7867803,0.660308,0.3427897,0.3959996,0.7416178,0.6149495,0.7913696,0.6718941,0.3543887,0.09825078,0.7266662,0.4481833,0.7636472,1.18297,0.5384756,0.8180563,0.6244863,0.3689433,False,3,2,0
6/25/2025 12:55:19 PM,1750848919895,Right,0.7986192,0.6468538,0.3434813,0.3981049,0.737125,0.6128745,0.8028822,0.65795,0.3551416,0.09825078,0.7266662,0.4481833,0.7716842,1.168214,0.5405396,0.8296524,0.611729,0.3709226,False,3,2,0
6/25/2025 12:55:19 PM,1750848919923,Right,0.8213222,0.6225446,0.3504416,0.4004111,0.7282562,0.6053589,0.8251009,0.63319,0.3618882,0.09825078,0.7266662,0.4481833,0.7904938,1.139862,0.5448167,0.8521643,0.5860515,0.3760824,False,3,2,0
6/25/2025 12:55:19 PM,1750848919937,Right,0.8320935,0.6125972,0.3592486,0.4013535,0.7239053,0.602223,0.8352302,0.622323,0.3701847,0.09825078,0.7266662,0.4481833,0.7936425,1.124113,0.5454378,0.8618978,0.5731415,0.3798704,False,3,2,0
6/25/2025 12:55:19 PM,1750848919965,Right,0.8505388,0.5849726,0.3647622,0.402881,0.7148425,0.5949449,0.8529133,0.593731,0.3752669,0.09825078,0.7266662,0.4481833,0.8049009,1.094097,0.5481125,0.8808045,0.5474086,0.3877478,False,3,2,0
6/25/2025 12:55:19 PM,1750848919978,Right,0.8608262,0.5719189,0.3693757,0.4034585,0.7096497,0.5913773,0.8627877,0.5803912,0.3794911,0.09825078,0.7266662,0.4481833,0.8100429,1.079267,0.549562,0.8896662,0.5335489,0.3922335,False,3,2,0
6/25/2025 12:55:19 PM,1750848919992,Right,0.8689766,0.55955,0.37647,0.4042307,0.7046593,0.5872875,0.8707075,0.5676723,0.386183,0.09825078,0.7266662,0.4481833,0.8153698,1.064315,0.5510273,0.8978814,0.5198203,0.3968727,False,3,2,0
6/25/2025 12:55:20 PM,1750848920020,Right,0.8861737,0.5346137,0.3888215,0.4048876,0.6944838,0.5783765,0.8871432,0.5428386,0.3977283,0.09825078,0.7266662,0.4481833,0.8248882,1.036203,0.553534,0.9136441,0.4917681,0.4056952,False,3,2,0
6/25/2025 12:55:20 PM,1750848920034,Right,0.8937772,0.5205997,0.3937452,0.4063523,0.6892202,0.5757213,0.8944252,0.529313,0.4026118,0.09825078,0.7266662,0.4481833,0.8297026,1.022236,0.5553279,0.9218138,0.4760145,0.4084634,False,3,2,0
6/25/2025 12:55:20 PM,1750848920062,Right,0.9079966,0.4927482,0.4042675,0.4060774,0.6789395,0.5731064,0.9080164,0.5019104,0.412633,0.09825078,0.7266662,0.4481833,0.8392903,0.9947746,0.5596374,0.9367747,0.4474132,0.4166358,False,3,2,0
6/25/2025 12:55:20 PM,1750848920076,Right,0.9142649,0.4762639,0.4080995,0.4067947,0.6733784,0.5716872,0.913981,0.4851705,0.4162118,0.09825078,0.7266662,0.4481833,0.8420902,0.9806109,0.5609584,0.9435441,0.4338431,0.4212703,False,3,2,0
6/25/2025 12:55:20 PM,1750848920104,Right,0.927172,0.4482443,0.4179423,0.4100707,0.6619679,0.5713079,0.9259525,0.4569444,0.4254992,0.09825078,0.7266662,0.4481833,0.846656,0.9532701,0.5638824,0.9567177,0.4070718,0.4290777,False,3,2,0
6/25/2025 12:55:20 PM,1750848920118,Right,0.9345365,0.4358254,0.4210432,0.4141082,0.6550472,0.5732189,0.932863,0.4444644,0.428449,0.09825078,0.7266662,0.4481833,0.8493811,0.9400787,0.565618,0.9632038,0.3938887,0.4323071,False,3,2,0
6/25/2025 12:55:20 PM,1750848920131,Right,0.9423512,0.4235321,0.4235134,0.4184474,0.6480735,0.5754529,0.9402265,0.4321813,0.4307997,0.09825078,0.7266662,0.4481833,0.8525607,0.9277636,0.5678902,0.9695445,0.3809047,0.4357416,False,3,2,0
6/25/2025 12:55:20 PM,1750848920159,Right,0.9552712,0.4020301,0.4279118,0.4315987,0.6353033,0.5845962,0.9528785,0.4107401,0.4351814,0.09825078,0.7266662,0.4481833,0.8596021,0.9044778,0.572927,0.9802606,0.3575132,0.4423295,False,3,2,0
6/25/2025 12:55:20 PM,1750848920173,Right,0.9605959,0.3902271,0.4318262,0.4376123,0.6293533,0.5883843,0.9580257,0.399269,0.4388846,0.09825078,0.7266662,0.4481833,0.8630382,0.8940374,0.5747824,0.9856496,0.3457721,0.4455009,False,3,2,0
6/25/2025 12:55:20 PM,1750848920201,Right,0.9694124,0.36685,0.4374841,0.4512192,0.6167488,0.6022527,0.9664667,0.3763364,0.4442816,0.09825078,0.7266662,0.4481833,0.8672913,0.8734412,0.5777961,0.9940426,0.3233705,0.4511436,False,3,2,0
6/25/2025 12:55:20 PM,1750848920215,Right,0.9742157,0.3543477,0.4388075,0.4569371,0.6105808,0.6089652,0.9709948,0.36433,0.4455815,0.09825078,0.7266662,0.4481833,0.8688167,0.863773,0.579798,0.9980587,0.3117414,0.4536978,False,3,2,0
6/25/2025 12:55:20 PM,1750848920243,Right,0.9803434,0.3315352,0.4461953,0.4665047,0.5999142,0.6223395,0.9770092,0.3426116,0.452695,0.09825078,0.7266662,0.4481833,0.8727928,0.8459817,0.5831244,1.003902,0.2893286,0.4589216,False,3,2,0
6/25/2025 12:55:20 PM,1750848920256,Right,0.9837614,0.3199006,0.4477751,0.4718397,0.5950351,0.628452,0.9804078,0.3316717,0.4541572,0.09825078,0.7266662,0.4481833,0.8751529,0.837926,0.5844698,1.006275,0.2780855,0.4618256,False,3,2,0
6/25/2025 12:55:20 PM,1750848920284,Right,0.9877222,0.2979742,0.4515183,0.4814041,0.5884542,0.6370049,0.9846058,0.3113502,0.4579113,0.09825078,0.7266662,0.4481833,0.8791656,0.8232366,0.5884857,1.008944,0.2572719,0.4659333,False,3,2,0
6/25/2025 12:55:20 PM,1750848920298,Right,0.9893572,0.2870896,0.4540614,0.4859751,0.5851738,0.6411037,0.9863117,0.3015547,0.4604329,0.09825078,0.7266662,0.4481833,0.8810466,0.8167574,0.590323,1.010138,0.2468691,0.4675901,False,3,2,0
6/25/2025 12:55:20 PM,1750848920312,Right,0.9898567,0.2768584,0.4560774,0.4892823,0.5826988,0.6436931,0.9869933,0.2923239,0.4623578,0.09825078,0.7266662,0.4481833,0.8826841,0.8110468,0.5913699,1.010457,0.2373002,0.4695523,False,4,2,0
6/25/2025 12:55:20 PM,1750848920339,Right,0.9909548,0.2574932,0.4565791,0.4948351,0.5808132,0.6441715,0.9885372,0.2743762,0.4628878,0.09825078,0.7266662,0.4481833,0.8856514,0.7999071,0.5931492,1.00988,0.2197395,0.4720693,False,4,2,0
6/25/2025 12:55:20 PM,1750848920353,Right,0.9903122,0.2493623,0.4584156,0.4968033,0.5810248,0.6427448,0.9881729,0.2669475,0.4645867,0.09825078,0.7266662,0.4481833,0.8869117,0.7953383,0.5942943,1.008983,0.212299,0.4741286,False,4,2,0
6/25/2025 12:55:20 PM,1750848920382,Right,0.9889583,0.2340058,0.4589939,0.4996753,0.577243,0.6445405,0.987296,0.2530388,0.4649119,0.09825078,0.7266662,0.4481833,0.8887802,0.7877298,0.5978796,1.007032,0.1980845,0.4802527,False,4,2,0
6/25/2025 12:55:20 PM,1750848920396,Right,0.987683,0.2277543,0.4596766,0.4995026,0.5758373,0.6429999,0.9863385,0.247567,0.4657754,0.09825078,0.7266662,0.4481833,0.890115,0.7843505,0.5992036,1.005743,0.1922783,0.479886,False,4,2,0
6/25/2025 12:55:20 PM,1750848920423,Right,0.9851385,0.2167193,0.4597508,0.5036606,0.5723937,0.6440443,0.9844881,0.2371026,0.4659677,0.09825078,0.7266662,0.4481833,0.8936131,0.7784517,0.6008759,1.002935,0.1831861,0.4809441,False,4,2,0
6/25/2025 12:55:20 PM,1750848920437,Right,0.9834691,0.2123398,0.4603927,0.5038339,0.5710157,0.6429026,0.9831973,0.2329286,0.4666593,0.09825078,0.7266662,0.4481833,0.894753,0.7757502,0.6018286,1.001024,0.1797508,0.4811817,False,4,2,0
6/25/2025 12:55:20 PM,1750848920451,Right,0.981791,0.2079418,0.460377,0.5048058,0.5694324,0.6423854,0.9822653,0.2302435,0.4690477,0.09825078,0.7266662,0.4481833,0.8956532,0.7730088,0.6027935,0.9999964,0.1767966,0.4766299,False,4,2,0
6/25/2025 12:55:20 PM,1750848920478,Right,0.9788313,0.2012306,0.4607756,0.5079833,0.5662162,0.6431215,0.9791247,0.2230742,0.4686179,0.09825078,0.7266662,0.4481833,0.8963886,0.7682312,0.6048229,0.9975791,0.1666218,0.4704066,False,4,2,0
6/25/2025 12:55:20 PM,1750848920493,Right,0.9772249,0.1981629,0.4614065,0.5096382,0.5649134,0.6437926,0.9776955,0.2203742,0.4693961,0.09825078,0.7266662,0.4481833,0.8967481,0.7662277,0.6056927,0.9962574,0.1631063,0.4696737,False,4,2,0
6/25/2025 12:55:20 PM,1750848920520,Right,0.9744228,0.1923342,0.4616146,0.5120417,0.5641326,0.6428897,0.9752789,0.2154931,0.4696518,0.09825078,0.7266662,0.4481833,0.8970681,0.7653349,0.6065871,0.9930789,0.1580528,0.4701547,False,4,2,0
6/25/2025 12:55:20 PM,1750848920534,Right,0.9728608,0.1896578,0.4616104,0.5125636,0.5639585,0.6428693,0.9739357,0.2134674,0.4697678,0.09825078,0.7266662,0.4481833,0.8973153,0.765726,0.6076558,0.9914332,0.1561095,0.4702378,False,4,2,0
6/25/2025 12:55:20 PM,1750848920562,Right,0.9698023,0.1864477,0.4615998,0.5132048,0.5626044,0.6450177,0.9712847,0.2116807,0.470114,0.09825078,0.7266662,0.4481833,0.897588,0.7691317,0.6111398,0.9881104,0.1535846,0.4705369,False,4,2,0
6/25/2025 12:55:20 PM,1750848920576,Right,0.9678735,0.186335,0.4617473,0.513304,0.562545,0.6463842,0.9695826,0.2125471,0.4704429,0.09825078,0.7266662,0.4481833,0.8976483,0.7735454,0.6126249,0.9862177,0.1536013,0.4702857,False,4,2,0
6/25/2025 12:55:20 PM,1750848920604,Right,0.9631713,0.187833,0.4619807,0.5121074,0.5614997,0.6502039,0.965514,0.2156683,0.4710084,0.09825078,0.7266662,0.4481833,0.8988639,0.7834499,0.6153651,0.9819131,0.1562211,0.4700201,False,4,2,0
6/25/2025 12:55:20 PM,1750848920618,Right,0.9604535,0.1905253,0.4617679,0.511093,0.5622332,0.6513265,0.9632021,0.2189707,0.4709376,0.09825078,0.7266662,0.4481833,0.8996628,0.7890433,0.6171048,0.9792716,0.1597207,0.4706242,False,4,2,0
6/25/2025 12:55:20 PM,1750848920632,Right,0.957684,0.1934479,0.4616137,0.510409,0.5637638,0.6515066,0.9608001,0.2228781,0.4710707,0.09825078,0.7266662,0.4481833,0.8998473,0.7973228,0.619634,0.9766242,0.1635709,0.4705167,False,4,2,0
6/25/2025 12:55:20 PM,1750848920659,Right,0.9516397,0.2033379,0.4603035,0.5077012,0.569236,0.6510948,0.9554591,0.2341703,0.4702476,0.09825078,0.7266662,0.4481833,0.9003739,0.8145199,0.6235869,0.9704412,0.1750275,0.4704304,False,4,2,0
6/25/2025 12:55:20 PM,1750848920673,Right,0.9482415,0.2087257,0.4596868,0.5066506,0.5719522,0.651848,0.9525142,0.2401209,0.4698235,0.09825078,0.7266662,0.4481833,0.9010428,0.824412,0.6256928,0.9672869,0.1816591,0.4707642,False,4,2,0
6/25/2025 12:55:20 PM,1750848920701,Right,0.9408185,0.2235334,0.4576856,0.5041396,0.5799877,0.6524253,0.9460612,0.2564684,0.4684964,0.09825078,0.7266662,0.4481833,0.9031997,0.8475171,0.6323743,0.9611477,0.1987972,0.4716193,False,4,2,0
6/25/2025 12:55:20 PM,1750848920715,Right,0.9371534,0.2327589,0.4578443,0.5029606,0.584427,0.6527807,0.9428425,0.2663468,0.4689362,0.09825078,0.7266662,0.4481833,0.9038239,0.8598785,0.6355193,0.9578943,0.2080814,0.4719107,False,4,2,0
6/25/2025 12:55:20 PM,1750848920742,Right,0.9292685,0.2541288,0.4579851,0.5009528,0.5949011,0.6520007,0.9358869,0.2882214,0.4695417,0.09825078,0.7266662,0.4481833,0.9049592,0.8847105,0.6414814,0.9503321,0.2302399,0.4734379,False,4,2,0
6/25/2025 12:55:20 PM,1750848920757,Right,0.9251425,0.2650007,0.4573595,0.4981373,0.6004191,0.6534041,0.9322878,0.2994801,0.4691861,0.09825078,0.7266662,0.4481833,0.9047232,0.9009932,0.6455551,0.9465452,0.2419824,0.4744392,False,4,2,0
6/25/2025 12:55:20 PM,1750848920784,Right,0.9175559,0.2923917,0.4585467,0.4922694,0.6120008,0.6566213,0.9252432,0.3285197,0.4711281,0.09825078,0.7266662,0.4481833,0.9041038,0.9338812,0.6537765,0.9400287,0.2703618,0.4761999,False,4,2,0
6/25/2025 12:55:20 PM,1750848920799,Right,0.9137782,0.3060668,0.4584322,0.4879548,0.6179582,0.6579508,0.9218094,0.3427933,0.4713328,0.09825078,0.7266662,0.4481833,0.9042664,0.9508495,0.6575797,0.9369445,0.285102,0.477432,False,4,2,0
6/25/2025 12:55:20 PM,1750848920812,Right,0.9099795,0.3208008,0.4565955,0.4835902,0.6235025,0.6615124,0.9183637,0.3576632,0.4699213,0.09825078,0.7266662,0.4481833,0.9039466,0.9682997,0.661405,0.9343352,0.3008783,0.4781663,False,4,2,0
6/25/2025 12:55:20 PM,1750848920840,Right,0.9033727,0.354409,0.4623148,0.4785848,0.6365231,0.668068,0.912256,0.3922966,0.4759479,0.09825078,0.7266662,0.4481833,0.9018673,1.007191,0.6701186,0.9270467,0.3358988,0.482255,False,4,2,0
6/25/2025 12:55:20 PM,1750848920854,Right,0.8997992,0.3722712,0.4637328,0.4773076,0.6443122,0.6712508,0.9088873,0.4102809,0.4775479,0.09825078,0.7266662,0.4481833,0.9004433,1.026572,0.6745079,0.9236633,0.354795,0.4851797,False,4,2,0
6/25/2025 12:55:20 PM,1750848920882,Right,0.8931551,0.4106672,0.4690558,0.4757559,0.6598513,0.6782173,0.9023758,0.4492616,0.4828898,0.09825078,0.7266662,0.4481833,0.8948392,1.068454,0.6833812,0.9165334,0.3941608,0.493475,False,4,2,0
6/25/2025 12:55:20 PM,1750848920896,Right,0.8900911,0.4310601,0.4723455,0.4761788,0.6693272,0.6812846,0.8993748,0.4695236,0.4861419,0.09825078,0.7266662,0.4481833,0.8916215,1.089928,0.6874192,0.9134978,0.4144856,0.4972945,False,4,2,0
6/25/2025 12:55:20 PM,1750848920923,Right,0.8841164,0.4699134,0.479203,0.4779602,0.6883147,0.6864405,0.8930387,0.509439,0.4932211,0.09825078,0.7266662,0.4481833,0.8831835,1.132381,0.6956403,0.9077234,0.4536399,0.5034628,False,4,2,0
6/25/2025 12:55:20 PM,1750848920938,Right,0.881251,0.4898485,0.4831258,0.4800894,0.6984239,0.6884287,0.8899513,0.5294338,0.4970409,0.09825078,0.7266662,0.4481833,0.877832,1.152669,0.6992033,0.904353,0.4737762,0.5078315,False,4,2,0
6/25/2025 12:55:20 PM,1750848920965,Right,0.8763151,0.5282914,0.4913769,0.484558,0.7208726,0.6879809,0.8842237,0.5683366,0.5049107,0.09825078,0.7266662,0.4481833,0.8654702,1.194005,0.7054403,0.8987975,0.5133079,0.5171962,False,4,2,0
6/25/2025 12:55:20 PM,1750848920979,Right,0.8736376,0.5483108,0.4964712,0.4851088,0.7296282,0.6905383,0.8812155,0.5880978,0.5094389,0.09825078,0.7266662,0.4481833,0.8591023,1.214008,0.7075815,0.8957894,0.5336725,0.5238798,False,4,2,0
6/25/2025 12:55:20 PM,1750848920993,Right,0.870563,0.5664912,0.5014696,0.4851779,0.7366257,0.693339,0.8777313,0.6066231,0.5140458,0.09825078,0.7266662,0.4481833,0.8526056,1.233924,0.7097538,0.8926652,0.5533087,0.5298758,False,4,2,0
6/25/2025 12:55:21 PM,1750848921021,Right,0.8661951,0.6044845,0.511829,0.4854532,0.7517738,0.6972374,0.8722945,0.6443506,0.5235612,0.09825078,0.7266662,0.4481833,0.8373731,1.270486,0.7131493,0.8868078,0.5907012,0.5405709,False,4,2,0
6/25/2025 12:55:21 PM,1750848921034,Right,0.8625769,0.6212412,0.5177541,0.4849016,0.7606902,0.6958678,0.8681694,0.6608738,0.5288527,0.09825078,0.7266662,0.4481833,0.8287529,1.287699,0.7141618,0.8836881,0.6091785,0.5470119,False,4,2,0
6/25/2025 12:55:21 PM,1750848921063,Right,0.8603415,0.6562597,0.5268616,0.4811864,0.7723451,0.697027,0.8647122,0.6957245,0.5367939,0.09825078,0.7266662,0.4481833,0.8122396,1.322524,0.7153232,0.877029,0.6443963,0.5588507,False,4,2,0
6/25/2025 12:55:21 PM,1750848921077,Right,0.8550136,0.6719112,0.5342653,0.4780228,0.7774404,0.6961199,0.8590961,0.7113972,0.5433047,0.09825078,0.7266662,0.4481833,0.8040895,1.340246,0.716283,0.8729121,0.6620458,0.5666389,False,4,2,0
6/25/2025 12:55:21 PM,1750848921104,Right,0.8499851,0.7030553,0.545062,0.4695541,0.7852325,0.694416,0.8528714,0.7417424,0.5527151,0.09825078,0.7266662,0.4481833,0.7866166,1.367959,0.7144117,0.8658333,0.6939934,0.5782732,False,4,2,0
6/25/2025 12:55:21 PM,1750848921118,Right,0.8459009,0.7200938,0.5518968,0.4641748,0.7878414,0.693323,0.8497372,0.7521285,0.5562677,0.09825078,0.7266662,0.4481833,0.7770967,1.380835,0.7133083,0.861325,0.7095701,0.5852539,False,4,2,0
6/25/2025 12:55:21 PM,1750848921132,Right,0.8427371,0.7368333,0.5575217,0.458752,0.7904973,0.692103,0.8455201,0.7690272,0.5618511,0.09825078,0.7266662,0.4481833,0.7671179,1.39293,0.7117381,0.8566909,0.726739,0.5918462,False,4,2,0
6/25/2025 12:55:21 PM,1750848921159,Right,0.8378945,0.7639706,0.5676154,0.4465604,0.7931882,0.6900179,0.8383126,0.7997634,0.5720348,0.09825078,0.7266662,0.4481833,0.7480437,1.419079,0.7092174,0.8488308,0.7571263,0.6026098,False,4,2,0
6/25/2025 12:55:21 PM,1750848921174,Right,0.8350765,0.7771301,0.5723366,0.4403534,0.794684,0.6886619,0.8345047,0.8112237,0.5758397,0.09825078,0.7266662,0.4481833,0.7348033,1.42406,0.7050557,0.844505,0.769212,0.6070487,False,4,2,0
6/25/2025 12:55:21 PM,1750848921201,Right,0.8294637,0.8004401,0.5825178,0.427451,0.7967138,0.6855095,0.8275841,0.8333499,0.5841812,0.09825078,0.7266662,0.4481833,0.7140515,1.442112,0.6993963,0.8354487,0.7924359,0.617823,False,4,2,0
6/25/2025 12:55:21 PM,1750848921215,Right,0.8270891,0.8126209,0.5875939,0.4206413,0.7978063,0.6836426,0.8245901,0.8448262,0.5883573,0.09825078,0.7266662,0.4481833,0.7042735,1.450419,0.6956524,0.8310974,0.8035457,0.6223887,False,4,2,0
6/25/2025 12:55:21 PM,1750848921243,Right,0.8216324,0.832765,0.5971746,0.4070304,0.7999383,0.6789113,0.8180153,0.8643963,0.5960695,0.09825078,0.7266662,0.4481833,0.6852767,1.467235,0.6871002,0.8221732,0.8232143,0.6309296,False,4,2,0
6/25/2025 12:55:21 PM,1750848921257,Right,0.823931,0.8458146,0.6028333,0.4002584,0.8011749,0.6761841,0.8195996,0.8768709,0.6007219,0.09825078,0.7266662,0.4481833,0.6757499,1.474476,0.6818657,0.8179003,0.8325773,0.6346011,False,4,2,0
6/25/2025 12:55:21 PM,1750848921285,Right,0.8169707,0.8609189,0.6098794,0.386407,0.8025311,0.6732234,0.8117111,0.8912096,0.6056998,0.09825078,0.7266662,0.4481833,0.6568545,1.488217,0.671061,0.808887,0.8495172,0.6421457,False,4,2,0
6/25/2025 12:55:21 PM,1750848921299,Right,0.8124127,0.8676122,0.6146954,0.3800021,0.8039978,0.6705348,0.8068442,0.8969841,0.6092707,0.09825078,0.7266662,0.4481833,0.6489968,1.492028,0.6630467,0.8042806,0.8574712,0.6454542,False,4,2,0
6/25/2025 12:55:21 PM,1750848921313,Right,0.8111793,0.875779,0.6166413,0.3740835,0.8052298,0.6680765,0.8051351,0.9045488,0.6101485,0.09825078,0.7266662,0.4481833,0.6408255,1.497391,0.6562341,0.7998921,0.8649096,0.6486933,False,4,2,0
6/25/2025 12:55:21 PM,1750848921340,Right,0.8056512,0.8889928,0.6230025,0.3633334,0.808425,0.6590998,0.799066,0.9167119,0.6141568,0.09825078,0.7266662,0.4481833,0.6261274,1.506927,0.641057,0.7900533,0.8790255,0.6548356,False,4,2,0
6/25/2025 12:55:21 PM,1750848921354,Right,0.8023354,0.8947767,0.6266541,0.3579386,0.8108202,0.6527663,0.7955706,0.9218847,0.6165422,0.09825078,0.7266662,0.4481833,0.6195063,1.510785,0.6326811,0.7850948,0.8856135,0.6578677,False,4,2,0
6/25/2025 12:55:21 PM,1750848921382,Right,0.7948332,0.9091454,0.6356127,0.3539029,0.8117693,0.6406423,0.7878098,0.9348481,0.6230868,0.09825078,0.7266662,0.4481833,0.6068529,1.517477,0.6166742,0.775343,0.89764,0.6630552,False,4,2,0
6/25/2025 12:55:21 PM,1750848921395,Right,0.7911335,0.914296,0.6380986,0.3486651,0.8125781,0.6374607,0.784165,0.9392291,0.6244017,0.09825078,0.7266662,0.4481833,0.6012156,1.521027,0.6091626,0.7693174,0.9044121,0.6664439,False,4,2,0
6/25/2025 12:55:21 PM,1750848921424,Right,0.7799159,0.9225056,0.6421496,0.3436941,0.8189143,0.6160425,0.7730639,0.9463908,0.6265113,0.09825078,0.7266662,0.4481833,0.5914023,1.527604,0.5947465,0.7598337,0.915695,0.6701534,False,4,2,0
6/25/2025 12:55:21 PM,1750848921438,Right,0.7759512,0.9281477,0.6453434,0.340752,0.8210004,0.607956,0.7689286,0.9515124,0.6287746,0.09825078,0.7266662,0.4481833,0.5867152,1.530348,0.5878742,0.7556983,0.9204216,0.6715403,False,4,2,0
6/25/2025 12:55:21 PM,1750848921465,Right,0.7691722,0.9391545,0.6509862,0.3347019,0.8245793,0.5893031,0.7621953,0.9611472,0.6325487,0.09825078,0.7266662,0.4481833,0.5774718,1.535709,0.5740615,0.7457067,0.9310545,0.6744406,False,4,2,0
6/25/2025 12:55:21 PM,1750848921479,Right,0.7663537,0.9448627,0.6536383,0.3314176,0.8247321,0.5793095,0.7593766,0.9661132,0.6342586,0.09825078,0.7266662,0.4481833,0.5734659,1.535935,0.5668447,0.7411333,0.9356444,0.6758195,False,4,2,0
6/25/2025 12:55:21 PM,1750848921493,Right,0.7641774,0.9517125,0.6567183,0.3287517,0.8248534,0.5683414,0.7572399,0.9715996,0.6363723,0.09825078,0.7266662,0.4481833,0.5695674,1.536634,0.5595973,0.7364006,0.940482,0.6772934,False,4,2,0
6/25/2025 12:55:21 PM,1750848921521,Right,0.7585314,0.9653447,0.6620044,0.3218895,0.8245878,0.547815,0.7517149,0.983238,0.6398348,0.09825078,0.7266662,0.4481833,0.5616909,1.539892,0.546,0.7276337,0.9514536,0.680031,False,4,2,0
6/25/2025 12:55:21 PM,1750848921535,Right,0.7553281,0.9727486,0.6646551,0.3186528,0.8235677,0.535571,0.7485712,0.9894361,0.6416978,0.09825078,0.7266662,0.4481833,0.5582209,1.541677,0.5397191,0.7239693,0.9577891,0.680784,False,4,2,0
6/25/2025 12:55:21 PM,1750848921562,Right,0.7492424,0.9903318,0.67019,0.3133317,0.821359,0.5112887,0.7430144,1.003183,0.6453443,0.09825078,0.7266662,0.4481833,0.5518511,1.54501,0.527337,0.7165549,0.9719439,0.6835497,False,4,2,0
6/25/2025 12:55:21 PM,1750848921576,Right,0.7459275,1.00151,0.6731413,0.3097633,0.81979,0.4981506,0.7402899,1.011249,0.6470935,0.09825078,0.7266662,0.4481833,0.548702,1.546486,0.5212731,0.7124789,0.9808277,0.6857394,False,4,2,0
6/25/2025 12:55:21 PM,1750848921604,Right,0.7388931,1.027176,0.6792956,0.3033194,0.8172002,0.4745037,0.7336084,1.032423,0.6512919,0.09825078,0.7266662,0.4481833,0.5432165,1.549647,0.5094961,0.7026023,1.002631,0.6914694,False,4,2,0
6/25/2025 12:55:21 PM,1750848921618,Right,0.7347825,1.04336,0.6826693,0.3009341,0.8153815,0.4638153,0.7307799,1.042647,0.6531401,0.09825078,0.7266662,0.4481833,0.5403044,1.550967,0.5032098,0.6975445,1.015126,0.6943151,False,4,2,0
6/25/2025 12:55:21 PM,1750848921632,Right,0.7307885,1.05878,0.6859716,0.2974717,0.8136741,0.4528894,0.7270942,1.054258,0.6554555,0.09825078,0.7266662,0.4481833,0.537468,1.552172,0.4966588,0.6920356,1.029671,0.6972053,False,4,2,0
6/25/2025 12:55:21 PM,1750848921660,Right,0.7219189,1.095629,0.693787,0.2902013,0.8125502,0.4339809,0.7185408,1.083584,0.6613473,0.09825078,0.7266662,0.4481833,0.5321079,1.555097,0.48386,0.6811799,1.062958,0.7028123,False,4,2,0
6/25/2025 12:55:21 PM,1750848921673,Right,0.7168884,1.114836,0.6972423,0.2861454,0.8121654,0.4247097,0.713807,1.099145,0.6639041,0.09825078,0.7266662,0.4481833,0.5292723,1.556446,0.477374,0.6751635,1.080718,0.7057493,False,4,2,0
6/25/2025 12:55:21 PM,1750848921701,Right,0.7044922,1.152864,0.7054486,0.2811681,0.8122081,0.4067979,0.7014633,1.131218,0.6707933,0.09825078,0.7266662,0.4481833,0.523537,1.559153,0.4647563,0.6603281,1.1213,0.7100529,False,4,2,0
6/25/2025 12:55:21 PM,1750848921715,Right,0.6984503,1.173885,0.7089411,0.2755941,0.8122463,0.4008633,0.695684,1.148429,0.673484,0.09825078,0.7266662,0.4481833,0.5207691,1.560368,0.4587681,0.65202,1.141615,0.7121358,False,4,2,0
6/25/2025 12:55:21 PM,1750848921743,Right,0.6851789,1.218352,0.7144818,0.2711915,0.8137802,0.3858779,0.6830971,1.184525,0.6773294,0.09825078,0.7266662,0.4481833,0.5153496,1.562253,0.4468656,0.6409191,1.176595,0.7162789,False,4,2,0
6/25/2025 12:55:21 PM,1750848921757,Right,0.6775152,1.240096,0.7160147,0.2686733,0.8147383,0.3782933,0.6760562,1.201691,0.6781146,0.09825078,0.7266662,0.4481833,0.5125728,1.563341,0.4406537,0.6336552,1.194906,0.7172988,False,4,2,0
6/25/2025 12:55:21 PM,1750848921785,Right,0.658511,1.281418,0.7179824,0.2642062,0.8171346,0.3641322,0.6586257,1.234382,0.678507,0.09825078,0.7266662,0.4481833,0.5068504,1.565175,0.4283502,0.6165998,1.229911,0.719804,False,4,2,0
6/25/2025 12:55:21 PM,1750848921799,Right,0.6493693,1.302183,0.7178283,0.2614495,0.8186954,0.3572043,0.650002,1.251082,0.6778273,0.09825078,0.7266662,0.4481833,0.5041161,1.566391,0.4235113,0.6085454,1.248147,0.720614,False,4,2,0
6/25/2025 12:55:21 PM,1750848921812,Right,0.6394213,1.320894,0.717262,0.2587404,0.8200544,0.3517178,0.6416249,1.264189,0.6780144,0.09825078,0.7266662,0.4481833,0.5012519,1.567728,0.4184028,0.5991065,1.265625,0.7142259,False,4,2,0
6/25/2025 12:55:21 PM,1750848921840,Right,0.6193323,1.357679,0.7135211,0.2543888,0.8231493,0.3404127,0.6232392,1.292662,0.6737095,0.09825078,0.7266662,0.4481833,0.4944651,1.569993,0.4099135,0.5774437,1.302203,0.7086675,False,4,2,0
6/25/2025 12:55:21 PM,1750848921854,Right,0.6081702,1.374526,0.7116123,0.2545632,0.8246029,0.3358018,0.6119158,1.307829,0.6714319,0.09825078,0.7266662,0.4481833,0.4906476,1.570933,0.4059894,0.566025,1.318097,0.7056311,False,4,2,0
6/25/2025 12:55:21 PM,1750848921882,Right,0.5845381,1.406409,0.7071831,0.2519028,0.8255978,0.3270853,0.5900015,1.332976,0.6669803,0.09825078,0.7266662,0.4481833,0.4835904,1.572505,0.398736,0.5442336,1.346845,0.6989368,False,4,2,0
6/25/2025 12:55:21 PM,1750848921895,Right,0.5722365,1.421771,0.7044376,0.2531711,0.8273556,0.3226413,0.5785922,1.345304,0.6642524,0.09825078,0.7266662,0.4481833,0.4800639,1.573165,0.3961079,0.5322229,1.36013,0.695675,False,4,2,0
6/25/2025 12:55:21 PM,1750848921924,Right,0.5468415,1.449801,0.6983104,0.2498486,0.8279622,0.3172809,0.5551307,1.367417,0.658415,0.09825078,0.7266662,0.4481833,0.4712906,1.574417,0.3895749,0.5081894,1.384638,0.687676,False,4,2,0
6/25/2025 12:55:21 PM,1750848921937,Right,0.5335811,1.462609,0.6956883,0.2468294,0.8287579,0.314569,0.5426869,1.377872,0.6558505,0.09825078,0.7266662,0.4481833,0.4665229,1.57518,0.3868182,0.4953017,1.395606,0.6837803,False,4,2,0
6/25/2025 12:55:21 PM,1750848921965,Right,0.5067977,1.486197,0.6895394,0.2437566,0.8301641,0.3086339,0.5176363,1.396607,0.6499202,0.09825078,0.7266662,0.4481833,0.4560285,1.576332,0.3812973,0.4700404,1.416245,0.6765894,False,4,2,0
6/25/2025 12:55:21 PM,1750848921979,Right,0.4923542,1.496871,0.6866099,0.2420066,0.8309402,0.3052204,0.5040791,1.405109,0.6470355,0.09825078,0.7266662,0.4481833,0.4505699,1.576468,0.3786607,0.4561845,1.425525,0.6732138,False,4,2,0
6/25/2025 12:55:21 PM,1750848921993,Right,0.4777302,1.506974,0.6836011,0.2393424,0.8318697,0.3024047,0.4904179,1.413178,0.6441258,0.09825078,0.7266662,0.4481833,0.4449259,1.576795,0.3760363,0.4421155,1.434168,0.6695373,False,4,2,0
6/25/2025 12:55:22 PM,1750848922021,Right,0.4479354,1.525078,0.6771659,0.2343352,0.8339863,0.2972696,0.4626002,1.427329,0.6380069,0.09825078,0.7266662,0.4481833,0.4333999,1.576514,0.3711185,0.4141364,1.449794,0.6621201,False,4,2,0
6/25/2025 12:55:22 PM,1750848922035,Right,0.4318666,1.533339,0.6738722,0.2318522,0.8353046,0.2947507,0.4477363,1.433673,0.6348541,0.09825078,0.7266662,0.4481833,0.4271307,1.576383,0.3682406,0.3985893,1.457298,0.6583545,False,4,2,0
6/25/2025 12:55:22 PM,1750848922063,Right,0.4004039,1.547238,0.6676486,0.2258455,0.8375218,0.2894692,0.4178804,1.445121,0.629089,0.09825078,0.7266662,0.4481833,0.4140166,1.575896,0.3630941,0.3683102,1.467583,0.6481541,False,4,2,0
6/25/2025 12:55:22 PM,1750848922077,Right,0.3834592,1.553498,0.6644845,0.2210862,0.8382164,0.285881,0.4019692,1.450638,0.6263768,0.09825078,0.7266662,0.4481833,0.4072225,1.575814,0.3609681,0.3533881,1.470406,0.6416764,False,4,2,0
6/25/2025 12:55:22 PM,1750848922104,Right,0.3506098,1.564842,0.6573307,0.2121554,0.8396779,0.2788723,0.3712016,1.459089,0.6189061,0.09825078,0.7266662,0.4481833,0.3929682,1.575381,0.3564994,0.3204399,1.481869,0.6407156,False,4,2,0
6/25/2025 12:55:22 PM,1750848922118,Right,0.3335876,1.569832,0.6537338,0.2083801,0.8405296,0.2756522,0.3551734,1.4631,0.615506,0.09825078,0.7266662,0.4481833,0.3856218,1.57512,0.3543489,0.3040275,1.485631,0.6366861,False,4,2,0
6/25/2025 12:55:22 PM,1750848922133,Right,0.3167526,1.574546,0.6500054,0.2047295,0.8413792,0.2725239,0.3392372,1.466856,0.6119863,0.09825078,0.7266662,0.4481833,0.3778169,1.575089,0.3521323,0.2879186,1.489579,0.6326487,False,4,2,0
6/25/2025 12:55:22 PM,1750848922159,Right,0.2836449,1.582551,0.6424294,0.1971999,0.842984,0.2655168,0.3079525,1.473097,0.6046842,0.09825078,0.7266662,0.4481833,0.3620803,1.574552,0.3476039,0.2552794,1.496325,0.6255896,False,4,2,0
6/25/2025 12:55:22 PM,1750848922174,Right,0.2659788,1.586258,0.6385742,0.1931624,0.8434138,0.2615777,0.2912513,1.475965,0.6011041,0.09825078,0.7266662,0.4481833,0.3536786,1.574227,0.3454858,0.2387445,1.499422,0.6211089,False,4,2,0
6/25/2025 12:55:22 PM,1750848922202,Right,0.2325935,1.593066,0.6304699,0.1832523,0.8444114,0.2538004,0.2595839,1.481552,0.5934933,0.09825078,0.7266662,0.4481833,0.3363798,1.574683,0.3417494,0.2071082,1.504661,0.6131769,False,4,2,0
6/25/2025 12:55:22 PM,1750848922216,Right,0.2158042,1.596244,0.6261278,0.1781965,0.8451582,0.2500961,0.24356,1.484218,0.589528,0.09825078,0.7266662,0.4481833,0.3276033,1.574747,0.3398058,0.191218,1.506947,0.6080409,False,4,2,0
6/25/2025 12:55:22 PM,1750848922244,Right,0.183429,1.601988,0.6173407,0.1669565,0.846246,0.2423219,0.2125096,1.489166,0.581412,0.09825078,0.7266662,0.4481833,0.3095847,1.573584,0.3354917,0.1600547,1.509108,0.5973896,False,4,2,0
6/25/2025 12:55:22 PM,1750848922257,Right,0.1669781,1.604609,0.6129928,0.1609924,0.8465909,0.2382622,0.1968114,1.491404,0.5773189,0.09825078,0.7266662,0.4481833,0.3002213,1.574018,0.3333127,0.1442632,1.511118,0.5930861,False,4,2,0
6/25/2025 12:55:22 PM,1750848922284,Right,0.133929,1.608227,0.6057006,0.149177,0.8471192,0.2301378,0.1651368,1.493655,0.5696803,0.09825078,0.7266662,0.4481833,0.281132,1.575234,0.3283718,0.1123854,1.517974,0.5907259,False,4,2,0
6/25/2025 12:55:22 PM,1750848922299,Right,0.1181499,1.610028,0.6007639,0.1430842,0.8471035,0.2258418,0.1500036,1.495614,0.5652263,0.09825078,0.7266662,0.4481833,0.2716808,1.57533,0.3256922,0.09683231,1.517511,0.5841017,False,4,2,0
6/25/2025 12:55:22 PM,1750848922312,Right,0.1009744,1.609081,0.5959457,0.136723,0.8465695,0.220985,0.1335799,1.494788,0.5607321,0.09825078,0.7266662,0.4481833,0.2623097,1.575315,0.3231138,0.08153462,1.517314,0.5788531,False,4,2,0
6/25/2025 12:55:22 PM,1750848922341,Right,0.0688903,1.609628,0.5900751,0.1245788,0.8457968,0.2115927,0.1030021,1.494668,0.5550224,0.09825078,0.7266662,0.4481833,0.2443695,1.573858,0.3179046,0.05088717,1.518653,0.5718552,False,4,2,0
6/25/2025 12:55:22 PM,1750848922354,Right,0.05338984,1.611205,0.5874574,0.1177861,0.8449972,0.206283,0.08807229,1.495813,0.5523233,0.09825078,0.7266662,0.4481833,0.235661,1.572993,0.3150897,0.03588423,1.519318,0.5693251,False,4,2,0
6/25/2025 12:55:22 PM,1750848922382,Right,0.02388895,1.61278,0.5809693,0.1049849,0.8444613,0.1955338,0.06004293,1.497148,0.545926,0.09825078,0.7266662,0.4481833,0.2181485,1.571983,0.3100499,0.005894125,1.519259,0.5638473,False,4,2,0
6/25/2025 12:55:22 PM,1750848922396,Right,0.006360024,1.613777,0.5795207,0.09681159,0.8442652,0.1896815,0.04308038,1.498292,0.5443842,0.09825078,0.7266662,0.4481833,0.2092685,1.57195,0.3076129,-0.00935781,1.518624,0.5614147,False,4,2,0
6/25/2025 12:55:22 PM,1750848922424,Right,-0.02695472,1.615981,0.576351,0.08029266,0.8446346,0.1785606,0.01127713,1.500794,0.541194,0.09825078,0.7266662,0.4481833,0.191605,1.571671,0.3028945,-0.03912961,1.517181,0.5568055,False,4,2,0
6/25/2025 12:55:22 PM,1750848922438,Right,-0.04236355,1.614087,0.574178,0.07120758,0.8452011,0.1730937,-0.003499053,1.499224,0.5389906,0.09825078,0.7266662,0.4481833,0.1827329,1.571712,0.3007946,-0.0540646,1.51624,0.5549985,False,4,2,0
6/25/2025 12:55:22 PM,1750848922452,Right,-0.05711684,1.613223,0.571932,0.06246744,0.8457932,0.1676665,-0.01767492,1.4987,0.536693,0.09825078,0.7266662,0.4481833,0.1737896,1.571527,0.2984248,-0.06866246,1.514766,0.5531101,False,4,2,0
6/25/2025 12:55:22 PM,1750848922479,Right,-0.08616544,1.610364,0.56735,0.04459095,0.8469228,0.1569302,-0.0456422,1.496559,0.5320531,0.09825078,0.7266662,0.4481833,0.1560475,1.570618,0.294189,-0.09727755,1.511148,0.5493764,False,4,2,0
6/25/2025 12:55:22 PM,1750848922494,Right,-0.0986087,1.609483,0.5637122,0.03583311,0.8478162,0.1517391,-0.05752253,1.496174,0.5284547,0.09825078,0.7266662,0.4481833,0.1470358,1.570259,0.2921817,-0.1114599,1.508833,0.5474458,False,4,2,0
6/25/2025 12:55:22 PM,1750848922521,Right,-0.1265963,1.605432,0.5600381,0.01794655,0.8490118,0.1412338,-0.0844485,1.493139,0.5247716,0.09825078,0.7266662,0.4481833,0.1288251,1.568479,0.2882615,-0.1386924,1.503389,0.5431439,False,4,2,0
6/25/2025 12:55:22 PM,1750848922535,Right,-0.1407712,1.601848,0.5581818,0.00910701,0.8495313,0.1357331,-0.0981209,1.490002,0.522911,0.09825078,0.7266662,0.4481833,0.1199052,1.567087,0.2861704,-0.1520281,1.500197,0.5409666,False,4,2,0
6/25/2025 12:55:22 PM,1750848922562,Right,-0.1670568,1.596881,0.5543146,-0.006390718,0.8506611,0.1253924,-0.1236446,1.485948,0.5191519,0.09825078,0.7266662,0.4481833,0.1015546,1.564429,0.2828069,-0.1775625,1.493916,0.5364286,False,4,2,0
6/25/2025 12:55:22 PM,1750848922577,Right,-0.1798627,1.595731,0.5520748,-0.01406391,0.8508605,0.119971,-0.1362489,1.485223,0.5169924,0.09825078,0.7266662,0.4481833,0.09211171,1.563102,0.2810477,-0.1903715,1.490517,0.5340569,False,4,2,0
6/25/2025 12:55:22 PM,1750848922605,Right,-0.2050427,1.588676,0.5485097,-0.02811345,0.8511928,0.1101358,-0.1607483,1.479465,0.5136634,0.09825078,0.7266662,0.4481833,0.0727874,1.560305,0.2780399,-0.2149413,1.482963,0.5290794,False,4,2,0
6/25/2025 12:55:22 PM,1750848922618,Right,-0.2174291,1.584705,0.5475246,-0.03416436,0.8513867,0.1062505,-0.1728968,1.476211,0.5128216,0.09825078,0.7266662,0.4481833,0.06295872,1.558523,0.2768979,-0.2273053,1.478336,0.5262709,False,4,2,0
6/25/2025 12:55:22 PM,1750848922633,Right,-0.2298216,1.581113,0.5460303,-0.04036824,0.8513938,0.1022886,-0.1850073,1.473427,0.5114981,0.09825078,0.7266662,0.4481833,0.05333638,1.557037,0.2754152,-0.239451,1.473631,0.5232804,False,4,2,0
6/25/2025 12:55:22 PM,1750848922660,Right,-0.2531306,1.572402,0.5436413,-0.05134292,0.8502083,0.09630262,-0.2079595,1.466116,0.5091952,0.09825078,0.7266662,0.4481833,0.03327942,1.553303,0.2743261,-0.2635483,1.464758,0.5209179,False,4,2,0
6/25/2025 12:55:22 PM,1750848922674,Right,-0.2649111,1.567299,0.5423052,-0.05697388,0.8494204,0.09333,-0.2196604,1.461946,0.508172,0.09825078,0.7266662,0.4481833,0.02293634,1.551279,0.2739259,-0.2747869,1.45871,0.5180235,False,4,2,0
6/25/2025 12:55:22 PM,1750848922702,Right,-0.2876431,1.553403,0.5410923,-0.06696258,0.8469695,0.08991881,-0.2422423,1.450611,0.5074608,0.09825078,0.7266662,0.4481833,0.001610875,1.547055,0.2733998,-0.2975468,1.44466,0.5126469,False,4,2,0
6/25/2025 12:55:22 PM,1750848922716,Right,-0.2995345,1.546621,0.5407391,-0.07155006,0.8455955,0.08822624,-0.2539615,1.445074,0.5073047,0.09825078,0.7266662,0.4481833,-0.008977652,1.544463,0.273355,-0.3090211,1.43723,0.5108104,False,4,2,0
6/25/2025 12:55:22 PM,1750848922743,Right,-0.3224326,1.527299,0.5407353,-0.0785808,0.8413856,0.0836451,-0.2765922,1.428813,0.5074443,0.09825078,0.7266662,0.4481833,-0.03104007,1.539435,0.2743154,-0.3322753,1.421036,0.5100342,False,4,2,0
6/25/2025 12:55:22 PM,1750848922758,Right,-0.3343257,1.517621,0.5410256,-0.08198971,0.8386912,0.08159283,-0.2886906,1.420651,0.5080992,0.09825078,0.7266662,0.4481833,-0.04223013,1.536863,0.2754072,-0.3431309,1.411865,0.5077532,False,4,2,0
6/25/2025 12:55:22 PM,1750848922785,Right,-0.3578654,1.495787,0.542097,-0.08730613,0.8324543,0.07805987,-0.3120576,1.402621,0.5092807,0.09825078,0.7266662,0.4481833,-0.06487441,1.53154,0.2776548,-0.3673201,1.39178,0.5090636,False,4,2,0
6/25/2025 12:55:22 PM,1750848922799,Right,-0.3709603,1.483172,0.5422395,-0.08951278,0.829323,0.07648955,-0.3251956,1.391935,0.5096274,0.09825078,0.7266662,0.4481833,-0.07648873,1.528282,0.2796737,-0.3782195,1.38091,0.5093797,False,4,2,0
6/25/2025 12:55:22 PM,1750848922813,Right,-0.3827279,1.468092,0.5433822,-0.09176629,0.8261479,0.07545947,-0.3370042,1.379052,0.5108389,0.09825078,0.7266662,0.4481833,-0.08847749,1.525458,0.2814521,-0.3899622,1.369721,0.5102631,False,4,2,0
6/25/2025 12:55:22 PM,1750848922841,Right,-0.4076789,1.441034,0.5456471,-0.0964944,0.820281,0.0745918,-0.3619165,1.3567,0.5134922,0.09825078,0.7266662,0.4481833,-0.1141105,1.519228,0.2863647,-0.4146741,1.34512,0.5114623,False,4,2,0
6/25/2025 12:55:22 PM,1750848922855,Right,-0.4204658,1.425597,0.5481209,-0.09890116,0.8177513,0.07516999,-0.3746816,1.34387,0.5162483,0.09825078,0.7266662,0.4481833,-0.1273184,1.515835,0.2887448,-0.4281543,1.3315,0.5109185,False,4,2,0
6/25/2025 12:55:22 PM,1750848922883,Right,-0.4458778,1.395107,0.5512044,-0.1034451,0.8128123,0.07597881,-0.4001459,1.318545,0.5198232,0.09825078,0.7266662,0.4481833,-0.154933,1.508525,0.2945544,-0.4546675,1.30382,0.5125923,False,4,2,0
6/25/2025 12:55:22 PM,1750848922896,Right,-0.4586688,1.378878,0.5529502,-0.1055325,0.8107359,0.07660525,-0.4142269,1.302336,0.5216327,0.09825078,0.7266662,0.4481833,-0.1692367,1.504756,0.2977576,-0.459512,1.299198,0.5151545,False,4,2,0
6/25/2025 12:55:22 PM,1750848922924,Right,-0.4846275,1.34661,0.555832,-0.1105034,0.8065218,0.0785865,-0.4169188,1.304729,0.5247247,0.09825078,0.7266662,0.4481833,-0.1993524,1.496135,0.3041404,-0.4713443,1.28542,0.5155012,False,4,2,0
6/25/2025 12:55:22 PM,1750848922939,Right,-0.4976992,1.329792,0.5581462,-0.1134278,0.8042009,0.07947963,-0.4250042,1.296385,0.526572,0.09825078,0.7266662,0.4481833,-0.2147013,1.49157,0.3075347,-0.4784538,1.277134,0.5157858,False,4,2,0
6/25/2025 12:55:22 PM,1750848922952,Right,-0.5097937,1.31285,0.5595698,-0.1199624,0.7996578,0.07823641,-0.4336046,1.28637,0.527093,0.09825078,0.7266662,0.4481833,-0.2309722,1.486229,0.3111693,-0.4871404,1.267026,0.5163932,False,4,2,0
6/25/2025 12:55:22 PM,1750848922980,Right,-0.5355464,1.280487,0.5621435,-0.1295481,0.7933254,0.07905721,-0.4530389,1.266896,0.5284154,0.09825078,0.7266662,0.4481833,-0.2632899,1.475244,0.3188031,-0.5055614,1.24546,0.518127,False,4,2,0
6/25/2025 12:55:22 PM,1750848922993,Right,-0.5489728,1.262693,0.5636654,-0.133412,0.7915245,0.0799792,-0.4638447,1.254767,0.5299996,0.09825078,0.7266662,0.4481833,-0.2798971,1.469243,0.3230246,-0.5163381,1.232967,0.5192142,False,4,2,0
6/25/2025 12:55:23 PM,1750848923021,Right,-0.5756813,1.22868,0.5668238,-0.1440528,0.7860881,0.08153231,-0.4897268,1.228286,0.5337341,0.09825078,0.7266662,0.4481833,-0.3138485,1.456785,0.3305873,-0.5402994,1.204802,0.5216171,False,4,2,0
6/25/2025 12:55:23 PM,1750848923035,Right,-0.5885673,1.210909,0.567899,-0.1505712,0.7831501,0.08255712,-0.5037212,1.213056,0.535871,0.09825078,0.7266662,0.4481833,-0.334475,1.45224,0.3343784,-0.5535049,1.189181,0.5226957,False,4,2,0
6/25/2025 12:55:23 PM,1750848923064,Right,-0.6154747,1.175101,0.5695001,-0.1641407,0.778292,0.0861704,-0.5345811,1.178608,0.5392062,0.09825078,0.7266662,0.4481833,-0.3716364,1.439674,0.3416196,-0.5829218,1.154319,0.5245805,False,4,2,0
6/25/2025 12:55:23 PM,1750848923077,Right,-0.6291149,1.156267,0.5703019,-0.1712282,0.7768048,0.08959066,-0.5498693,1.160421,0.5400971,0.09825078,0.7266662,0.4481833,-0.3901633,1.433971,0.3447503,-0.5984527,1.136238,0.5256339,False,4,2,0
6/25/2025 12:55:23 PM,1750848923105,Right,-0.6557746,1.117942,0.570544,-0.1903915,0.7723464,0.09257294,-0.5853519,1.11911,0.5416703,0.09825078,0.7266662,0.4481833,-0.4315335,1.425367,0.3505727,-0.6336574,1.095567,0.5277925,False,4,2,0
6/25/2025 12:55:23 PM,1750848923119,Right,-0.6683199,1.098353,0.5703945,-0.2020438,0.7705557,0.09393661,-0.6041123,1.097026,0.5427973,0.09825078,0.7266662,0.4481833,-0.4499552,1.418547,0.3531532,-0.6518479,1.073629,0.5284246,False,4,2,0
6/25/2025 12:55:23 PM,1750848923133,Right,-0.6800536,1.078941,0.5693476,-0.2138278,0.7697172,0.09575298,-0.6237218,1.073876,0.5443053,0.09825078,0.7266662,0.4481833,-0.468786,1.411667,0.3558567,-0.6707754,1.050006,0.5279724,False,4,2,0
6/25/2025 12:55:23 PM,1750848923160,Right,-0.7023808,1.038998,0.5653166,-0.2397773,0.7687504,0.09899592,-0.6615503,1.020177,0.5398916,0.09825078,0.7266662,0.4481833,-0.5034628,1.392648,0.3596636,-0.7084967,0.9972991,0.5268793,False,4,2,0
6/25/2025 12:55:23 PM,1750848923175,Right,-0.713899,1.019817,0.5637867,-0.2540069,0.7694632,0.1014485,-0.6790673,0.99462,0.538222,0.09825078,0.7266662,0.4481833,-0.5201304,1.382357,0.3612691,-0.7253397,0.9715242,0.5256947,False,4,2,0
6/25/2025 12:55:23 PM,1750848923202,Right,-0.736052,0.9836895,0.5594277,-0.2832256,0.7714607,0.1069233,-0.7023438,0.9627133,0.5351554,0.09825078,0.7266662,0.4481833,-0.5535533,1.364277,0.364545,-0.7475098,0.937753,0.5204911,False,4,2,0
6/25/2025 12:55:23 PM,1750848923217,Right,-0.7466122,0.9656406,0.5567124,-0.2987749,0.7732314,0.1106631,-0.7142583,0.9470321,0.5332438,0.09825078,0.7266662,0.4481833,-0.5687416,1.354851,0.365362,-0.7580097,0.9204494,0.5175985,False,4,2,0
6/25/2025 12:55:23 PM,1750848923244,Right,-0.7655255,0.9290531,0.550429,-0.3286726,0.7770943,0.1190106,-0.7337792,0.9138541,0.5277342,0.09825078,0.7266662,0.4481833,-0.5997856,1.335388,0.3676307,-0.7764235,0.8869961,0.510442,False,4,2,0
6/25/2025 12:55:23 PM,1750848923257,Right,-0.7745949,0.9124138,0.547752,-0.3430476,0.7794067,0.1236034,-0.7435096,0.8975157,0.525044,0.09825078,0.7266662,0.4481833,-0.6133707,1.323783,0.3685948,-0.7850093,0.8693185,0.5071506,False,4,2,0
6/25/2025 12:55:23 PM,1750848923272,Right,-0.783716,0.8960308,0.5447046,-0.3565037,0.7814996,0.1279529,-0.7520708,0.8850965,0.523016,0.09825078,0.7266662,0.4481833,-0.6272063,1.312639,0.3691789,-0.7962555,0.851432,0.5043008,False,4,2,0
6/25/2025 12:55:23 PM,1750848923300,Right,-0.8006504,0.8635256,0.5383167,-0.3808455,0.7850014,0.1360017,-0.771293,0.8542721,0.5171736,0.09825078,0.7266662,0.4481833,-0.6537871,1.290632,0.3697209,-0.8124927,0.8172798,0.4954804,False,4,2,0
6/25/2025 12:55:23 PM,1750848923314,Right,-0.8092304,0.8470789,0.5347713,-0.3928912,0.7863962,0.1399569,-0.7802545,0.8389683,0.514439,0.09825078,0.7266662,0.4481833,-0.6673012,1.27987,0.3699374,-0.820182,0.8012934,0.4912397,False,4,2,0
6/25/2025 12:55:23 PM,1750848923341,Right,-0.8244411,0.8146861,0.5271508,-0.4149877,0.7879536,0.1474174,-0.7972258,0.808815,0.5077811,0.09825078,0.7266662,0.4481833,-0.6920464,1.255328,0.3715016,-0.834037,0.7694674,0.4835243,False,4,2,0
6/25/2025 12:55:23 PM,1750848923355,Right,-0.8313833,0.7982439,0.5229771,-0.4262604,0.7884735,0.1511293,-0.8041742,0.7932549,0.504131,0.09825078,0.7266662,0.4481833,-0.704128,1.243093,0.3718607,-0.8414959,0.7526774,0.4804087,False,4,2,0
6/25/2025 12:55:23 PM,1750848923382,Right,-0.845724,0.7673876,0.5163301,-0.4459789,0.787865,0.1589909,-0.8196653,0.7639069,0.4981076,0.09825078,0.7266662,0.4481833,-0.7269936,1.217766,0.3723699,-0.8545611,0.7208033,0.4747146,False,4,2,0
6/25/2025 12:55:23 PM,1750848923396,Right,-0.8527729,0.7513852,0.5139906,-0.4547119,0.7864108,0.1631443,-0.8272208,0.7485817,0.4960216,0.09825078,0.7266662,0.4481833,-0.7379713,1.204673,0.3727874,-0.8611155,0.7045856,0.472434,False,4,2,0
6/25/2025 12:55:23 PM,1750848923424,Right,-0.8659772,0.7194789,0.5089399,-0.4709444,0.782245,0.1701827,-0.8410583,0.717869,0.4915002,0.09825078,0.7266662,0.4481833,-0.7567458,1.176889,0.3742437,-0.8745522,0.6725087,0.4691394,False,4,2,0
6/25/2025 12:55:23 PM,1750848923438,Right,-0.8736482,0.7038283,0.5076218,-0.4786286,0.7785869,0.1737115,-0.8488419,0.7028474,0.4902602,0.09825078,0.7266662,0.4481833,-0.7654903,1.162742,0.3744106,-0.8812496,0.6560335,0.4683385,False,4,2,0
6/25/2025 12:55:23 PM,1750848923452,Right,-0.8803337,0.6874362,0.5067286,-0.4851047,0.7740429,0.1770557,-0.8557037,0.686853,0.4893459,0.09825078,0.7266662,0.4481833,-0.7734578,1.148111,0.3743905,-0.8877964,0.6399058,0.4680626,False,4,2,0
6/25/2025 12:55:23 PM,1750848923479,Right,-0.8935764,0.656549,0.5058879,-0.497128,0.763455,0.18466,-0.8695852,0.656369,0.4886134,0.09825078,0.7266662,0.4481833,-0.7911804,1.119714,0.374923,-0.9004948,0.6091726,0.4669508,False,4,2,0
6/25/2025 12:55:23 PM,1750848923494,Right,-0.8999024,0.6397214,0.5057323,-0.5015024,0.75738,0.1862257,-0.8760697,0.6398154,0.4884487,0.09825078,0.7266662,0.4481833,-0.7991066,1.104856,0.3753422,-0.9072675,0.5931489,0.4672745,False,4,2,0
6/25/2025 12:55:23 PM,1750848923522,Right,-0.9119845,0.6067597,0.5057686,-0.5123059,0.7455124,0.1903974,-0.8881283,0.6069347,0.4882635,0.09825078,0.7266662,0.4481833,-0.8115182,1.072676,0.3748581,-0.9198411,0.5613131,0.4689198,False,4,2,0
6/25/2025 12:55:23 PM,1750848923536,Right,-0.9175251,0.5901828,0.5062458,-0.5187524,0.739477,0.1923789,-0.8938109,0.5905975,0.4885894,0.09825078,0.7266662,0.4481833,-0.8186533,1.057764,0.3739951,-0.9257385,0.5453367,0.4691283,False,4,2,0
6/25/2025 12:55:23 PM,1750848923563,Right,-0.9276605,0.5565594,0.5077417,-0.5328552,0.7281232,0.1951204,-0.9042836,0.5573912,0.4896672,0.09825078,0.7266662,0.4481833,-0.8326938,1.027557,0.3731467,-0.937066,0.5135332,0.4716125,False,4,2,0
6/25/2025 12:55:23 PM,1750848923578,Right,-0.9330251,0.5402144,0.5091338,-0.5410927,0.7224647,0.1949496,-0.9098028,0.5411153,0.4909402,0.09825078,0.7266662,0.4481833,-0.8385355,1.011849,0.3723586,-0.9420031,0.4971699,0.4717724,False,4,2,0
6/25/2025 12:55:23 PM,1750848923605,Right,-0.942107,0.5071967,0.5099946,-0.5589501,0.7122595,0.1947809,-0.9187009,0.5086985,0.4915494,0.09825078,0.7266662,0.4481833,-0.8457267,0.9825066,0.3701663,-0.95058,0.4654448,0.4719717,False,4,2,0
6/25/2025 12:55:23 PM,1750848923619,Right,-0.9458491,0.490469,0.509936,-0.5652503,0.7064849,0.1968849,-0.9226163,0.492317,0.4914841,0.09825078,0.7266662,0.4481833,-0.850904,0.9675689,0.3692979,-0.9546295,0.449326,0.4714229,False,4,2,0
6/25/2025 12:55:23 PM,1750848923632,Right,-0.9494113,0.4735781,0.5103079,-0.581399,0.7011035,0.1886969,-0.926459,0.4757578,0.4915574,0.09825078,0.7266662,0.4481833,-0.8560097,0.9530166,0.3685843,-0.9587108,0.4333998,0.4715401,False,4,2,0
6/25/2025 12:55:23 PM,1750848923660,Right,-0.9555549,0.4403402,0.5103564,-0.5975195,0.6919906,0.1875037,-0.9329275,0.4438324,0.4915542,0.09825078,0.7266662,0.4481833,-0.8664386,0.926895,0.3680061,-0.9653186,0.4021123,0.4732724,False,4,2,0
6/25/2025 12:55:23 PM,1750848923674,Right,-0.9585518,0.4237845,0.5098248,-0.6058255,0.68638,0.1862702,-0.9361637,0.4278795,0.4912995,0.09825078,0.7266662,0.4481833,-0.8712084,0.9136658,0.3672215,-0.9679441,0.3866733,0.4704264,False,4,2,0
6/25/2025 12:55:23 PM,1750848923702,Right,-0.9631156,0.3911991,0.5111033,-0.6196908,0.6741624,0.1841314,-0.9410426,0.3963155,0.4927658,0.09825078,0.7266662,0.4481833,-0.8798399,0.8873616,0.3666946,-0.9743826,0.3556753,0.4674808,False,4,2,0
6/25/2025 12:55:23 PM,1750848923715,Right,-0.965241,0.3749087,0.511134,-0.6263145,0.6677254,0.1830207,-0.9431434,0.3808616,0.4929863,0.09825078,0.7266662,0.4481833,-0.8828053,0.8753885,0.3663309,-0.9777251,0.3402914,0.4658122,False,4,2,0
6/25/2025 12:55:23 PM,1750848923743,Right,-0.9682966,0.3443769,0.5113913,-0.6366535,0.6541884,0.1813437,-0.9462025,0.3520669,0.4934904,0.09825078,0.7266662,0.4481833,-0.8898516,0.8521101,0.364731,-0.9847705,0.3104272,0.4620018,False,4,2,0
6/25/2025 12:55:23 PM,1750848923757,Right,-0.9698023,0.3293166,0.5110686,-0.6414957,0.647336,0.1807605,-0.9477148,0.3379581,0.4933578,0.09825078,0.7266662,0.4481833,-0.8937628,0.8412451,0.3643698,-0.988622,0.2953438,0.4598938,False,4,2,0
6/25/2025 12:55:23 PM,1750848923784,Right,-0.9713972,0.3019802,0.5105395,-0.648802,0.6335905,0.1802623,-0.9596109,0.3213092,0.4853497,0.09825078,0.7266662,0.4481833,-0.9009409,0.8210161,0.3644916,-0.9857957,0.283775,0.4625808,False,4,2,0
6/25/2025 12:55:23 PM,1750848923799,Right,-0.9705763,0.2865741,0.5076972,-0.6522717,0.6265976,0.1799785,-0.9560454,0.3117349,0.4856684,0.09825078,0.7266662,0.4481833,-0.9043224,0.8114519,0.364399,-0.9830258,0.2755185,0.4644998,False,4,2,0
6/25/2025 12:55:23 PM,1750848923812,Right,-0.9685325,0.2728532,0.5047358,-0.6548882,0.6198464,0.1795976,-0.9519057,0.3053789,0.4844233,0.09825078,0.7266662,0.4481833,-0.907321,0.8021439,0.3638996,-0.9816546,0.2649446,0.4654426,False,4,2,0
6/25/2025 12:55:23 PM,1750848923840,Right,-0.969588,0.2493657,0.504378,-0.6606301,0.607578,0.179863,-0.9513453,0.281408,0.4853487,0.09825078,0.7266662,0.4481833,-0.9126272,0.7844142,0.363605,-0.9803668,0.2404805,0.4664011,False,4,2,0
6/25/2025 12:55:23 PM,1750848923854,Right,-0.971454,0.2400921,0.5051656,-0.6633966,0.601725,0.1802424,-0.9527386,0.2688007,0.4863491,0.09825078,0.7266662,0.4481833,-0.9147549,0.7760758,0.3637664,-0.9803005,0.2261128,0.4666429,False,4,2,0
6/25/2025 12:55:23 PM,1750848923881,Right,-0.9725711,0.2192021,0.5046529,-0.66863,0.5914159,0.1813471,-0.9540464,0.234529,0.4858792,0.09825078,0.7266662,0.4481833,-0.9192524,0.7596446,0.3635637,-0.9818885,0.1923794,0.4682091,False,4,2,0
6/25/2025 12:55:23 PM,1750848923895,Right,-0.9732885,0.2105725,0.5047333,-0.6713359,0.5869145,0.1817172,-0.9550138,0.2249216,0.4859027,0.09825078,0.7266662,0.4481833,-0.9213881,0.7517388,0.363376,-0.9825857,0.1815906,0.4689798,False,4,2,0
6/25/2025 12:55:23 PM,1750848923923,Right,-0.9737622,0.1925305,0.5046917,-0.6766923,0.5779558,0.1817459,-0.9553951,0.2124115,0.4855798,0.09825078,0.7266662,0.4481833,-0.9248486,0.7389826,0.3636656,-0.983577,0.1698195,0.469457,False,4,2,0
6/25/2025 12:55:23 PM,1750848923937,Right,-0.974067,0.1844406,0.5040866,-0.6794633,0.5736811,0.1817041,-0.9558349,0.2055266,0.4851408,0.09825078,0.7266662,0.4481833,-0.9270616,0.7348107,0.3639344,-0.9841757,0.1620771,0.4696336,False,4,2,0
6/25/2025 12:55:23 PM,1750848923964,Right,-0.9746137,0.1692468,0.502651,-0.6850077,0.5665191,0.1812395,-0.9568263,0.1897436,0.4837013,0.09825078,0.7266662,0.4481833,-0.9310358,0.723132,0.3634542,-0.9859443,0.1416488,0.470269,False,4,2,0
6/25/2025 12:55:23 PM,1750848923978,Right,-0.9747864,0.1624672,0.5022517,-0.6874673,0.5639177,0.18067,-0.95732,0.1813492,0.4832817,0.09825078,0.7266662,0.4481833,-0.9329689,0.7172315,0.3632324,-0.9869994,0.1305869,0.4706786,False,4,2,0
6/25/2025 12:55:23 PM,1750848923992,Right,-0.9751123,0.1571291,0.5023951,-0.6896783,0.5618959,0.1803121,-0.9575463,0.1768986,0.4833744,0.09825078,0.7266662,0.4481833,-0.9325902,0.7154108,0.3639777,-0.9876759,0.1225576,0.4711064,False,4,2,0
6/25/2025 12:55:24 PM,1750848924020,Right,-0.9754723,0.1457503,0.5019641,-0.6938903,0.5576164,0.1794979,-0.9580025,0.1677352,0.4829968,0.09825078,0.7266662,0.4481833,-0.935277,0.707497,0.3651445,-0.9894847,0.1060541,0.4720374,False,4,2,0
6/25/2025 12:55:24 PM,1750848924034,Right,-0.9756106,0.1406003,0.5018191,-0.6955466,0.5555203,0.1788513,-0.9582703,0.1618545,0.4828888,0.09825078,0.7266662,0.4481833,-0.9365797,0.703844,0.3655947,-0.9896449,0.1050499,0.4720976,False,4,2,0
6/25/2025 12:55:24 PM,1750848924062,Right,-0.9757441,0.1316535,0.5014999,-0.698112,0.5515533,0.1778326,-0.9586294,0.151712,0.4826496,0.09825078,0.7266662,0.4481833,-0.9387999,0.6980071,0.3663937,-0.9898669,0.1038825,0.4721776,False,4,2,0
6/25/2025 12:55:24 PM,1750848924075,Right,-0.9758807,0.1278799,0.5013368,-0.6991861,0.5496922,0.1770858,-0.9588889,0.1473444,0.4825491,0.09825078,0.7266662,0.4481833,-0.9400573,0.6951222,0.367039,-0.9899926,0.1033056,0.4722421,False,4,2,0
6/25/2025 12:55:24 PM,1750848924103,Right,-0.9759644,0.1203548,0.5011942,-0.7010307,0.5462348,0.175276,-0.9592084,0.1386623,0.4825338,0.09825078,0.7266662,0.4481833,-0.9423747,0.6894625,0.3683641,-0.9902244,0.1021736,0.4723746,False,4,2,0
6/25/2025 12:55:24 PM,1750848924117,Right,-0.9759533,0.1166106,0.500748,-0.701722,0.5446638,0.1743915,-0.9593163,0.1345919,0.4822845,0.09825078,0.7266662,0.4481833,-0.9437602,0.6879199,0.3692455,-0.9903629,0.1018651,0.4724627,False,4,2,0
6/25/2025 12:55:24 PM,1750848924145,Right,-0.9762197,0.1112671,0.5002387,-0.703491,0.5422589,0.1727339,-0.9598014,0.1288464,0.4817501,0.09825078,0.7266662,0.4481833,-0.9457972,0.6861368,0.3699639,-0.9905666,0.1015085,0.4725346,False,4,2,0
6/25/2025 12:55:24 PM,1750848924158,Right,-0.9762592,0.1083835,0.4998362,-0.7045761,0.5414087,0.1722565,-0.9599327,0.1255921,0.4814012,0.09825078,0.7266662,0.4481833,-0.9466772,0.6843343,0.3704563,-0.9906546,0.101148,0.4725838,False,4,2,0
6/25/2025 12:55:24 PM,1750848924173,Right,-0.9762726,0.1056678,0.4994485,-0.7057328,0.5406715,0.1715489,-0.960027,0.1224921,0.4810616,0.09825078,0.7266662,0.4481833,-0.947453,0.6824356,0.3709452,-0.9907326,0.1007773,0.4726302,False,4,2,0
6/25/2025 12:55:24 PM,1750848924200,Right,-0.9757439,0.1005595,0.498157,-0.7079571,0.5395477,0.1705531,-0.959863,0.1165151,0.4800509,0.09825078,0.7266662,0.4481833,-0.9487634,0.6787885,0.3716785,-0.9908633,0.1000388,0.472706,False,4,2,0
6/25/2025 12:55:24 PM,1750848924214,Right,-0.9759333,0.09906777,0.4980601,-0.7090356,0.538713,0.1695453,-0.9598739,0.1147195,0.4797467,0.09825078,0.7266662,0.4481833,-0.9492972,0.6768652,0.3716742,-0.9909166,0.09965415,0.4727056,False,4,2,0
6/25/2025 12:55:24 PM,1750848924241,Right,-0.9769279,0.09736342,0.4968975,-0.71096,0.5369392,0.1678307,-0.9607587,0.1118528,0.4784969,0.09825078,0.7266662,0.4481833,-0.9491842,0.6736884,0.3727521,-0.9909053,0.09901878,0.4728134,False,4,2,0
6/25/2025 12:55:24 PM,1750848924255,Right,-0.9774636,0.09676135,0.4967517,-0.7119358,0.5361658,0.1669167,-0.9613221,0.1114399,0.4786083,0.09825078,0.7266662,0.4481833,-0.9485946,0.672522,0.3735414,-0.9908678,0.09875059,0.4728786,False,4,2,0
6/25/2025 12:55:24 PM,1750848924283,Right,-0.9778513,0.09607829,0.4960254,-0.7130131,0.5349092,0.1662832,-0.9617974,0.1105086,0.4780501,0.09825078,0.7266662,0.4481833,-0.9478216,0.6711522,0.3744035,-0.9907691,0.09851155,0.4729785,False,4,2,0
6/25/2025 12:55:24 PM,1750848924297,Right,-0.9777223,0.09548102,0.4955714,-0.7133069,0.5343424,0.166114,-0.9614931,0.1100507,0.4775623,0.09825078,0.7266662,0.4481833,-0.9475,0.6722779,0.3746593,-0.990747,0.09866165,0.4730043,False,4,2,0
6/25/2025 12:55:24 PM,1750848924325,Right,-0.9753342,0.09307773,0.4940957,-0.7129143,0.5330749,0.1657677,-0.9593496,0.1086018,0.4760121,0.09825078,0.7266662,0.4481833,-0.9471312,0.6770805,0.3754952,-0.9906808,0.09965989,0.4730851,False,4,2,0
6/25/2025 12:55:24 PM,1750848924339,Right,-0.9740683,0.09186241,0.4938782,-0.7121631,0.5323749,0.1657587,-0.9578712,0.1080372,0.47594,0.09825078,0.7266662,0.4481833,-0.9471629,0.6797494,0.3753678,-0.9907032,0.100231,0.473075,False,4,2,0
6/25/2025 12:55:24 PM,1750848924353,Right,-0.9718531,0.08955453,0.4947781,-0.7116832,0.5315921,0.1653422,-0.9557854,0.1067665,0.4766867,0.09825078,0.7266662,0.4481833,-0.9479697,0.6848392,0.3742567,-0.9907779,0.1012098,0.4729693,False,4,2,0
6/25/2025 12:55:24 PM,1750848924381,Right,-0.9644907,0.08422212,0.4963692,-0.7081543,0.5324219,0.1670335,-0.9461289,0.1227566,0.485554,0.09825078,0.7266662,0.4481833,-0.9492805,0.6960258,0.3733679,-0.9911522,0.1001325,0.471964,False,4,2,0
6/25/2025 12:55:24 PM,1750848924394,Right,-0.9589695,0.08255637,0.4978782,-0.705622,0.533844,0.1679014,-0.9412182,0.1178663,0.4842714,0.09825078,0.7266662,0.4481833,-0.9497118,0.7022505,0.3728232,-0.991715,0.09687353,0.4706766,False,4,2,0
6/25/2025 12:55:24 PM,1750848924422,Right,-0.9453319,0.07912653,0.5006955,-0.7019285,0.5380512,0.1692746,-0.9295434,0.10732,0.4826843,0.09825078,0.7266662,0.4481833,-0.9509583,0.7173896,0.3704181,-0.9936739,0.08985865,0.4677348,False,4,2,0
6/25/2025 12:55:24 PM,1750848924436,Right,-0.9380267,0.08050852,0.5020434,-0.7009802,0.5408849,0.1688375,-0.922378,0.1103128,0.4838986,0.09825078,0.7266662,0.4481833,-0.9518826,0.725651,0.3693928,-0.9939431,0.09130416,0.4678512,False,4,2,0
6/25/2025 12:55:24 PM,1750848924464,Right,-0.9229969,0.08527119,0.5039724,-0.69797,0.5484229,0.1694354,-0.9075674,0.1185501,0.4856478,0.09825078,0.7266662,0.4481833,-0.954015,0.7438139,0.3671283,-0.994181,0.09506376,0.4674203,False,4,2,0
6/25/2025 12:55:24 PM,1750848924478,Right,-0.9145541,0.08976524,0.5036277,-0.6961889,0.5531678,0.1697537,-0.8992559,0.1248824,0.4851829,0.09825078,0.7266662,0.4481833,-0.9545631,0.7535765,0.3652927,-0.9941396,0.0970723,0.4671202,False,4,2,0
6/25/2025 12:55:24 PM,1750848924505,Right,-0.8967882,0.1003236,0.5012051,-0.6917598,0.5622899,0.1697563,-0.8816844,0.139214,0.4825326,0.09825078,0.7266662,0.4481833,-0.9559031,0.7733002,0.3621856,-0.9941143,0.1010947,0.4666735,False,4,2,0
6/25/2025 12:55:24 PM,1750848924519,Right,-0.8870673,0.1069839,0.4992069,-0.6877334,0.5674881,0.1703997,-0.8720447,0.1479372,0.4803945,0.09825078,0.7266662,0.4481833,-0.9561338,0.7838547,0.3602352,-0.9940792,0.103302,0.4663185,False,4,2,0
6/25/2025 12:55:24 PM,1750848924533,Right,-0.8766851,0.1140806,0.4962717,-0.683508,0.5715109,0.1701631,-0.8623782,0.1566222,0.477945,0.09825078,0.7266662,0.4481833,-0.9563253,0.7941801,0.3582014,-0.9940553,0.105409,0.4660175,False,4,2,0
6/25/2025 12:55:24 PM,1750848924560,Right,-0.8558245,0.130085,0.49023,-0.6740046,0.5787072,0.1681378,-0.8409516,0.1772604,0.470911,0.09825078,0.7266662,0.4481833,-0.9569626,0.8156326,0.3542945,-0.9940709,0.1097245,0.4656661,False,4,2,0
6/25/2025 12:55:24 PM,1750848924574,Right,-0.8457541,0.1389112,0.4863165,-0.6680475,0.5831537,0.1677758,-0.8305369,0.1881474,0.4674424,0.09825078,0.7266662,0.4481833,-0.9572852,0.8276139,0.3521641,-0.994111,0.1121034,0.4654765,False,4,2,0
6/25/2025 12:55:24 PM,1750848924602,Right,-0.8248509,0.1584197,0.4777676,-0.6555799,0.5929651,0.1674483,-0.8101228,0.2128163,0.4578334,0.09825078,0.7266662,0.4481833,-0.9581311,0.8524985,0.3471565,-0.9941375,0.1170697,0.4650158,False,4,2,0
6/25/2025 12:55:24 PM,1750848924617,Right,-0.8110825,0.1690473,0.4735262,-0.6488655,0.5986003,0.1670793,-0.7979574,0.2256511,0.4534882,0.09825078,0.7266662,0.4481833,-0.958519,0.8650508,0.344285,-0.9940754,0.119571,0.4647024,False,4,2,0
6/25/2025 12:55:24 PM,1750848924644,Right,-0.7851958,0.1919646,0.4652662,-0.6359732,0.6098275,0.1655767,-0.770741,0.2545505,0.4444201,0.09825078,0.7266662,0.4481833,-0.9596395,0.8940278,0.3381435,-0.9941742,0.1254556,0.4639047,False,4,2,0
6/25/2025 12:55:24 PM,1750848924658,Right,-0.7726231,0.2049485,0.4608111,-0.6305286,0.6168112,0.1645607,-0.7579608,0.2698384,0.440064,0.09825078,0.7266662,0.4481833,-0.9601591,0.9074894,0.3353393,-0.9942338,0.1281727,0.4636065,False,4,2,0
6/25/2025 12:55:24 PM,1750848924672,Right,-0.7603148,0.2176345,0.4569571,-0.6256745,0.6238942,0.1637266,-0.7458907,0.2855952,0.4355213,0.09825078,0.7266662,0.4481833,-0.9606793,0.9209629,0.3325325,-0.9942825,0.1308685,0.4633548,False,4,2,0
6/25/2025 12:55:24 PM,1750848924699,Right,-0.7369601,0.2451956,0.4491487,-0.6196786,0.6411462,0.1620471,-0.7226997,0.3193971,0.4274245,0.09825078,0.7266662,0.4481833,-0.9615107,0.9520258,0.3263116,-0.9943641,0.1369345,0.4627618,False,4,2,0
6/25/2025 12:55:24 PM,1750848924714,Right,-0.7261659,0.2601098,0.4455144,-0.6170958,0.6497738,0.1607925,-0.711933,0.3383839,0.4227246,0.09825078,0.7266662,0.4481833,-0.9631939,0.9775612,0.317529,-0.9944886,0.1413573,0.4619761,False,4,2,0
6/25/2025 12:55:24 PM,1750848924742,Right,-0.7059155,0.2900358,0.4395702,-0.613996,0.6658486,0.1561405,-0.6918623,0.3760262,0.4157203,0.09825078,0.7266662,0.4481833,-0.9649947,1.012262,0.3090316,-0.9946471,0.1490668,0.4611093,False,4,2,0
6/25/2025 12:55:24 PM,1750848924755,Right,-0.6964969,0.3061083,0.4362744,-0.6117333,0.6729053,0.1532807,-0.6824903,0.3957881,0.4119748,0.09825078,0.7266662,0.4481833,-0.9652305,1.031492,0.3041714,-0.9947525,0.152921,0.4605466,False,4,2,0
6/25/2025 12:55:24 PM,1750848924783,Right,-0.6811481,0.3367285,0.4320069,-0.6084083,0.6857495,0.1462324,-0.6665896,0.4343432,0.4063435,0.09825078,0.7266662,0.4481833,-0.9618139,1.070224,0.2913727,-0.9943272,0.1606199,0.4593802,False,4,2,0
6/25/2025 12:55:24 PM,1750848924797,Right,-0.6746696,0.3528227,0.4299632,-0.6082476,0.6915097,0.1405252,-0.6598375,0.454308,0.4036162,0.09825078,0.7266662,0.4481833,-0.9596558,1.089658,0.2844055,-0.9940314,0.1645778,0.4585928,False,4,2,0
6/25/2025 12:55:24 PM,1750848924824,Right,-0.6657794,0.3846336,0.4236556,-0.6069473,0.7038493,0.1318742,-0.6501993,0.4932448,0.396951,0.09825078,0.7266662,0.4481833,-0.9554725,1.127301,0.2724261,-0.9936781,0.1720836,0.4574602,False,4,2,0
6/25/2025 12:55:24 PM,1750848924839,Right,-0.6612508,0.4009579,0.4218036,-0.607841,0.7093688,0.1260561,-0.6455427,0.5134901,0.3936903,0.09825078,0.7266662,0.4481833,-0.9522107,1.145756,0.2665162,-0.9934618,0.1758222,0.456805,False,4,2,0
