ts_datetime,ts_unix_ms,primary_grab_hand,pt_x,pt_y,pt_z,st_x,st_y,st_z,pv_x,pv_y,pv_z,sv_x,sv_y,sv_z,hmd_x,hmd_y,hmd_z,ee_x,ee_y,ee_z,shovel_loaded_state,cube_max_target_reached,grab_count,collision_or_load_count
6/25/2025 12:45:47 PM,1750848347550,Right,-0.9352323,0.1280337,0.4456832,-0.8756636,0.6313906,0.2217288,-0.9352323,0.1280337,0.4456832,-0.4196846,0.7962674,0.1057573,-0.8309613,0.7481649,0.3897127,-0.9780631,0.06000001,0.5001206,False,1,1,0
6/25/2025 12:45:47 PM,1750848347564,Right,-0.9362346,0.1271162,0.4477499,-0.8767344,0.6283253,0.2238742,-0.9362346,0.1271162,0.4477498,-0.4196846,0.7962674,0.1057573,-0.8310283,0.7466264,0.392177,-0.9799922,0.05988205,0.5024429,False,1,1,0
6/25/2025 12:45:47 PM,1750848347591,Right,-0.9357382,0.1283018,0.4532739,-0.8766516,0.622125,0.2319909,-0.9360629,0.1280077,0.4531789,-0.4196846,0.7962674,0.1057573,-0.8316034,0.7463857,0.3965286,-0.9796769,0.06032003,0.5074255,False,1,1,0
6/25/2025 12:45:47 PM,1750848347606,Right,-0.9344038,0.1300472,0.4557877,-0.8755416,0.6188945,0.2368833,-0.9347643,0.1297042,0.4556897,-0.4196846,0.7962674,0.1057573,-0.8322884,0.7476436,0.3988845,-0.9779993,0.06026518,0.5079913,False,1,1,0
6/25/2025 12:45:47 PM,1750848347633,Right,-0.9317683,0.1324847,0.4598789,-0.8737718,0.6132866,0.246857,-0.9321543,0.1323889,0.4598211,-0.4196846,0.7962674,0.1057573,-0.8334631,0.7511263,0.4044497,-0.973639,0.06076238,0.5105671,False,1,1,0
6/25/2025 12:45:47 PM,1750848347647,Right,-0.9302903,0.1355337,0.4608935,-0.8738095,0.6116369,0.2508399,-0.9303197,0.1349683,0.4611519,-0.4196846,0.7962674,0.1057573,-0.8343056,0.7533259,0.4076014,-0.9721974,0.06161448,0.5090263,False,1,1,0
6/25/2025 12:45:47 PM,1750848347675,Right,-0.9288169,0.1456353,0.4616349,-0.8741339,0.6091731,0.2552075,-0.9288169,0.1456353,0.4616349,-0.4196846,0.7962674,0.1057573,-0.8354703,0.758115,0.414099,-0.9727416,0.07443609,0.5109074,False,1,1,0
6/25/2025 12:45:47 PM,1750848347689,Right,-0.9286557,0.1512569,0.4620681,-0.8742608,0.6073281,0.2575758,-0.9285702,0.1504774,0.4622316,-0.4196846,0.7962674,0.1057573,-0.835544,0.7607642,0.4170409,-0.9737549,0.08018862,0.5116717,False,1,1,0
6/25/2025 12:45:47 PM,1750848347716,Right,-0.9265867,0.1629247,0.4651181,-0.8759333,0.607214,0.2638879,-0.9265867,0.1629247,0.4651181,-0.4196846,0.7962674,0.1057573,-0.8352398,0.7664863,0.4226942,-0.9712142,0.09351495,0.5162763,False,1,1,0
6/25/2025 12:45:47 PM,1750848347730,Right,-0.9249736,0.169416,0.4661446,-0.8769504,0.6100281,0.2647753,-0.9249736,0.169416,0.4661446,-0.4196846,0.7962674,0.1057573,-0.8347739,0.7699782,0.425387,-0.970593,0.09982868,0.5161743,False,1,1,0
6/25/2025 12:45:47 PM,1750848347744,Right,-0.9224287,0.176824,0.4664869,-0.8776988,0.6159127,0.2638316,-0.9226178,0.1765576,0.4666235,-0.4196846,0.7962674,0.1057573,-0.8346943,0.7740615,0.4275095,-0.9691405,0.1071191,0.5160242,False,1,1,0
6/25/2025 12:45:47 PM,1750848347772,Right,-0.916984,0.1918768,0.4667733,-0.8761939,0.6272473,0.2650023,-0.9172002,0.1914908,0.4667635,-0.4196846,0.7962674,0.1057573,-0.8330923,0.7848653,0.4321297,-0.9656648,0.1225142,0.5149288,False,1,1,0
6/25/2025 12:45:47 PM,1750848347786,Right,-0.9136368,0.2007084,0.4679562,-0.8748771,0.6321724,0.2665485,-0.9138902,0.2002641,0.4678457,-0.4196846,0.7962674,0.1057573,-0.8317989,0.7914221,0.4351641,-0.9625405,0.1326822,0.5177689,False,1,1,0
6/25/2025 12:45:47 PM,1750848347813,Right,-0.9038223,0.2212358,0.4737679,-0.8730279,0.642633,0.2699997,-0.9038223,0.2212358,0.4737679,-0.4196846,0.7962674,0.1057573,-0.8285779,0.8070847,0.4417692,-0.951152,0.1552779,0.5270215,False,1,1,0
6/25/2025 12:45:47 PM,1750848347828,Right,-0.8974956,0.2318802,0.4780569,-0.8731662,0.6483179,0.2712055,-0.8974956,0.2318802,0.4780569,-0.4196846,0.7962674,0.1057573,-0.826856,0.8164702,0.4462909,-0.9432777,0.1652708,0.5318499,False,1,1,0
6/25/2025 12:45:47 PM,1750848347855,Right,-0.8823239,0.2555005,0.486122,-0.8749238,0.6626527,0.2725717,-0.8826929,0.2552159,0.4860259,-0.4196846,0.7962674,0.1057573,-0.821443,0.8349617,0.4529986,-0.9260745,0.1888685,0.5420844,False,1,1,0
6/25/2025 12:45:47 PM,1750848347870,Right,-0.8746878,0.2669684,0.4894588,-0.8748366,0.669737,0.2738993,-0.87507,0.2666993,0.4894007,-0.4196846,0.7962674,0.1057573,-0.8180982,0.8450368,0.4567968,-0.9172593,0.2007792,0.5468559,False,1,1,0
6/25/2025 12:45:47 PM,1750848347897,Right,-0.8567275,0.2902335,0.495878,-0.8709854,0.6847719,0.2785645,-0.8575212,0.2900089,0.4958448,-0.4196846,0.7962674,0.1057573,-0.8103174,0.8661276,0.4638674,-0.8976763,0.2244198,0.5551079,False,1,1,0
6/25/2025 12:45:47 PM,1750848347911,Right,-0.8472511,0.301351,0.4989046,-0.8677334,0.6921422,0.2814121,-0.8472511,0.301351,0.4989046,-0.4196846,0.7962674,0.1057573,-0.8062567,0.8772068,0.4673116,-0.886401,0.2354386,0.5584807,False,1,1,0
6/25/2025 12:45:47 PM,1750848347925,Right,-0.8365735,0.3125398,0.5017287,-0.8635229,0.6998429,0.2849953,-0.8365735,0.3125398,0.5017287,-0.4196846,0.7962674,0.1057573,-0.8017427,0.8885339,0.4709556,-0.8743464,0.2464326,0.5619742,False,1,1,0
6/25/2025 12:45:47 PM,1750848347953,Right,-0.815883,0.3348188,0.5063442,-0.856445,0.7159505,0.2901119,-0.815883,0.3348188,0.5063442,-0.4196846,0.7962674,0.1057573,-0.7914325,0.9106421,0.4787225,-0.8508188,0.2683519,0.567892,False,1,1,0
6/25/2025 12:45:47 PM,1750848347967,Right,-0.804659,0.3458047,0.5074584,-0.8524233,0.72422,0.292022,-0.8050927,0.3458069,0.5078136,-0.4196846,0.7962674,0.1057573,-0.7862257,0.9220235,0.4818274,-0.8381172,0.2791652,0.5702215,False,1,1,0
6/25/2025 12:45:47 PM,1750848347995,Right,-0.7834378,0.3677541,0.5086018,-0.8448046,0.7369748,0.2956715,-0.7834378,0.3677541,0.5086018,-0.4196846,0.7962674,0.1057573,-0.7754637,0.9454226,0.4873461,-0.8132806,0.3009506,0.5724234,False,1,1,0
6/25/2025 12:45:48 PM,1750848348008,Right,-0.7718016,0.3798226,0.5089028,-0.8400158,0.7399412,0.2977514,-0.7722903,0.3795292,0.5091524,-0.4196846,0.7962674,0.1057573,-0.7692636,0.9573152,0.4901181,-0.8009459,0.3129123,0.5737088,False,1,1,0
6/25/2025 12:45:48 PM,1750848348036,Right,-0.7476765,0.4036932,0.51019,-0.8313857,0.7439469,0.3027469,-0.7479481,0.4035894,0.5102775,-0.4196846,0.7962674,0.1057573,-0.7558371,0.9807695,0.4961249,-0.7724295,0.3366975,0.5762519,False,1,1,0
6/25/2025 12:45:48 PM,1750848348050,Right,-0.7353593,0.4151257,0.510276,-0.8285078,0.7470377,0.3036736,-0.7357012,0.4150803,0.5105389,-0.4196846,0.7962674,0.1057573,-0.7485353,0.992139,0.4991565,-0.7578546,0.3476231,0.5767601,False,1,1,0
6/25/2025 12:45:48 PM,1750848348063,Right,-0.7235876,0.4264348,0.5100086,-0.8257347,0.7511128,0.3043792,-0.7236577,0.4264269,0.5102109,-0.4196846,0.7962674,0.1057573,-0.7411319,1.0036,0.5018883,-0.7437562,0.358355,0.5764586,False,1,1,0
6/25/2025 12:45:48 PM,1750848348092,Right,-0.7007593,0.4500414,0.5073769,-0.8193079,0.7593006,0.3052295,-0.7007593,0.4500414,0.5073769,-0.4196846,0.7962674,0.1057573,-0.7253555,1.027425,0.5062997,-0.7181188,0.3817931,0.5742149,False,1,1,0
6/25/2025 12:45:48 PM,1750848348106,Right,-0.6900028,0.4621311,0.5054681,-0.8151935,0.7629838,0.3069324,-0.6900028,0.4621311,0.5054681,-0.4196846,0.7962674,0.1057573,-0.7170216,1.039396,0.5083191,-0.7062727,0.3945402,0.5732416,False,1,1,0
6/25/2025 12:45:48 PM,1750848348133,Right,-0.6675607,0.4845424,0.5020434,-0.8061615,0.7730602,0.3105544,-0.6676675,0.4846412,0.5021106,-0.4196846,0.7962674,0.1057573,-0.699612,1.062787,0.5124362,-0.6799897,0.4175708,0.5712208,False,1,1,0
6/25/2025 12:45:48 PM,1750848348147,Right,-0.6556765,0.4951363,0.5006173,-0.8014063,0.7796677,0.3120592,-0.6556765,0.4951363,0.5006173,-0.4196846,0.7962674,0.1057573,-0.690075,1.074017,0.5145559,-0.6666175,0.4271568,0.5690686,False,1,1,0
6/25/2025 12:45:48 PM,1750848348175,Right,-0.632012,0.5168066,0.4970788,-0.7911404,0.7953092,0.314386,-0.6320204,0.5168276,0.4971702,-0.4196846,0.7962674,0.1057573,-0.6713792,1.097041,0.517318,-0.6393554,0.448753,0.5660071,False,1,1,0
6/25/2025 12:45:48 PM,1750848348188,Right,-0.6204873,0.5277762,0.4950678,-0.7852896,0.8005847,0.3161818,-0.6204873,0.5277762,0.4950678,-0.4196846,0.7962674,0.1057573,-0.6616536,1.108512,0.5182644,-0.6260171,0.4600931,0.5644573,False,1,1,0
6/25/2025 12:45:48 PM,1750848348217,Right,-0.5964645,0.5497686,0.491267,-0.7724627,0.8068518,0.3216883,-0.5964645,0.5497686,0.491267,-0.4196846,0.7962674,0.1057573,-0.6417004,1.13074,0.5198662,-0.5984846,0.482651,0.5613928,False,1,1,0
6/25/2025 12:45:48 PM,1750848348231,Right,-0.5843145,0.5602004,0.4889903,-0.765144,0.807865,0.3249999,-0.5843555,0.5602959,0.4890827,-0.4196846,0.7962674,0.1057573,-0.6316887,1.141488,0.5203863,-0.584974,0.4931066,0.5591662,False,1,1,0
6/25/2025 12:45:48 PM,1750848348245,Right,-0.5726992,0.5704046,0.4861604,-0.757387,0.8082018,0.3276268,-0.5726992,0.5704046,0.4861604,-0.4196846,0.7962674,0.1057573,-0.6213089,1.151907,0.5205231,-0.5716481,0.5033415,0.5563596,False,1,1,0
6/25/2025 12:45:48 PM,1750848348273,Right,-0.5511061,0.5904716,0.478151,-0.7401615,0.8065687,0.3307068,-0.5509588,0.5905738,0.4783921,-0.4196846,0.7962674,0.1057573,-0.5991331,1.172422,0.5191369,-0.5455351,0.5253776,0.5501314,False,1,1,0
6/25/2025 12:45:48 PM,1750848348286,Right,-0.540774,0.6002724,0.4738667,-0.7308823,0.8042312,0.3306473,-0.540774,0.6002724,0.4738667,-0.4196846,0.7962674,0.1057573,-0.5870034,1.182799,0.5176493,-0.5334801,0.5357947,0.5460881,False,1,1,0
6/25/2025 12:45:48 PM,1750848348314,Right,-0.5202993,0.6194648,0.4649481,-0.7135779,0.8000593,0.3276529,-0.5202993,0.6194648,0.4649481,-0.4196846,0.7962674,0.1057573,-0.561942,1.203007,0.5142134,-0.5100946,0.5553215,0.5371144,False,1,1,0
6/25/2025 12:45:48 PM,1750848348328,Right,-0.5094837,0.6286927,0.4609659,-0.705211,0.7993376,0.3261951,-0.5094837,0.6286927,0.4609659,-0.4196846,0.7962674,0.1057573,-0.5497361,1.212803,0.5121506,-0.4973488,0.5642544,0.5325685,False,1,1,0
6/25/2025 12:45:48 PM,1750848348356,Right,-0.487726,0.6461716,0.4529033,-0.685115,0.8010589,0.3215203,-0.487726,0.6461716,0.4529033,-0.4196846,0.7962674,0.1057573,-0.5234476,1.230895,0.5072516,-0.4717437,0.5804746,0.5225809,False,1,1,0
6/25/2025 12:45:48 PM,1750848348370,Right,-0.4774753,0.6545172,0.4488857,-0.6746117,0.8039702,0.3193467,-0.4773718,0.6546725,0.4489178,-0.4196846,0.7962674,0.1057573,-0.5106537,1.239794,0.5046458,-0.46,0.5885009,0.5178093,False,1,1,0
6/25/2025 12:45:48 PM,1750848348397,Right,-0.4580697,0.669857,0.440836,-0.6535431,0.8107938,0.3169694,-0.4579589,0.6700058,0.4409389,-0.4196846,0.7962674,0.1057573,-0.4850104,1.256685,0.4977807,-0.4396074,0.6031414,0.5089012,False,1,1,0
6/25/2025 12:45:48 PM,1750848348411,Right,-0.4491214,0.6770638,0.4367231,-0.6440645,0.8128416,0.3166292,-0.4489011,0.6772966,0.4367837,-0.4196846,0.7962674,0.1057573,-0.4725373,1.264881,0.4938345,-0.4297183,0.6102507,0.5043363,False,1,1,0
6/25/2025 12:45:48 PM,1750848348425,Right,-0.4411473,0.6833349,0.4321423,-0.6348218,0.8140624,0.3175256,-0.440752,0.6836795,0.4323,-0.4196846,0.7962674,0.1057573,-0.4603969,1.272811,0.4898089,-0.4216001,0.6161768,0.4994049,False,1,1,0
6/25/2025 12:45:48 PM,1750848348453,Right,-0.423771,0.6965045,0.4228463,-0.615688,0.8161029,0.3252881,-0.4235891,0.6966511,0.4229957,-0.4196846,0.7962674,0.1057573,-0.4362324,1.288338,0.4824363,-0.4034835,0.6288443,0.4895125,False,1,1,0
6/25/2025 12:45:48 PM,1750848348467,Right,-0.4155031,0.7027301,0.4180713,-0.6050483,0.8193218,0.3319578,-0.4150625,0.7031661,0.4181401,-0.4196846,0.7962674,0.1057573,-0.4239378,1.296184,0.4790385,-0.3936734,0.6358839,0.4847891,False,1,1,0
6/25/2025 12:45:48 PM,1750848348495,Right,-0.4005086,0.7142267,0.408347,-0.5819045,0.828379,0.3447111,-0.4003384,0.7143761,0.4083805,-0.4196846,0.7962674,0.1057573,-0.3989099,1.310997,0.4722928,-0.3791826,0.6461295,0.4741173,False,1,1,0
6/25/2025 12:45:48 PM,1750848348509,Right,-0.3925976,0.7195315,0.4036137,-0.5690995,0.833,0.3505977,-0.3925976,0.7195315,0.4036137,-0.4196846,0.7962674,0.1057573,-0.3865138,1.317664,0.4682344,-0.3710866,0.6511992,0.4691458,False,1,1,0
6/25/2025 12:45:48 PM,1750848348536,Right,-0.3754585,0.7293295,0.3944331,-0.5389067,0.8418052,0.3604141,-0.3754585,0.7293295,0.3944331,-0.4196846,0.7962674,0.1057573,-0.3616197,1.329584,0.4586543,-0.3533052,0.6609557,0.4597074,False,1,1,0
6/25/2025 12:45:48 PM,1750848348550,Right,-0.3662113,0.7336089,0.3900858,-0.5225145,0.8458635,0.3640032,-0.3663522,0.7338082,0.3900398,-0.4196846,0.7962674,0.1057573,-0.3487942,1.335529,0.4542128,-0.3437517,0.665203,0.4549168,False,1,1,0
6/25/2025 12:45:48 PM,1750848348564,Right,-0.3557054,0.7370831,0.3860735,-0.5060661,0.8504171,0.3675936,-0.3559301,0.7373126,0.3860042,-0.4196846,0.7962674,0.1057573,-0.3360145,1.341336,0.4505775,-0.3321445,0.6683078,0.4500283,False,1,1,0
6/25/2025 12:45:48 PM,1750848348592,Right,-0.3325955,0.7427036,0.3789504,-0.4766531,0.8593968,0.3769288,-0.3328078,0.74288,0.3788657,-0.4196846,0.7962674,0.1057573,-0.309341,1.352786,0.4431897,-0.3064238,0.6726673,0.4405142,False,1,1,0
6/25/2025 12:45:48 PM,1750848348606,Right,-0.3212361,0.7458274,0.3752768,-0.4629061,0.8625585,0.3818063,-0.3212361,0.7458274,0.3752768,-0.4196846,0.7962674,0.1057573,-0.2957778,1.358333,0.4387927,-0.2937787,0.6751466,0.4359134,False,1,1,0
6/25/2025 12:45:48 PM,1750848348633,Right,-0.2980429,0.7525518,0.3670909,-0.4361848,0.8654166,0.3906218,-0.2980429,0.7525518,0.3670909,-0.4196846,0.7962674,0.1057573,-0.269542,1.370032,0.4290963,-0.2688348,0.6805229,0.4252735,False,1,1,0
6/25/2025 12:45:48 PM,1750848348648,Right,-0.2865129,0.7566555,0.3623183,-0.423257,0.8663538,0.3944451,-0.2865651,0.7565851,0.3624519,-0.4196846,0.7962674,0.1057573,-0.2570835,1.376093,0.424076,-0.2564362,0.6837155,0.4190978,False,1,1,0
6/25/2025 12:45:48 PM,1750848348676,Right,-0.2665116,0.7661982,0.3517159,-0.3990871,0.8697753,0.4027023,-0.2665116,0.7661982,0.3517159,-0.4196846,0.7962674,0.1057573,-0.2344725,1.388221,0.4142013,-0.2351602,0.6919013,0.405786,False,1,1,0
6/25/2025 12:45:48 PM,1750848348690,Right,-0.258435,0.7713556,0.3465599,-0.3877305,0.8718161,0.4077449,-0.258435,0.7713556,0.3465599,-0.4196846,0.7962674,0.1057573,-0.2235746,1.394451,0.4096775,-0.2269427,0.6968766,0.4002964,False,1,1,0
6/25/2025 12:45:48 PM,1750848348717,Right,-0.2464807,0.7825907,0.3366982,-0.3698204,0.8733956,0.4242692,-0.2464807,0.7825907,0.3366982,-0.4196846,0.7962674,0.1057573,-0.2026888,1.406639,0.401823,-0.2160047,0.7084382,0.3914622,False,1,1,0
6/25/2025 12:45:48 PM,1750848348730,Right,-0.2402052,0.7877935,0.332332,-0.3639728,0.871951,0.4361403,-0.2397935,0.7877855,0.3322041,-0.4196846,0.7962674,0.1057573,-0.192345,1.412127,0.3983754,-0.2097808,0.7136424,0.387236,False,1,1,0
6/25/2025 12:45:48 PM,1750848348745,Right,-0.2330916,0.7924534,0.3281955,-0.3591049,0.8701728,0.4463719,-0.232977,0.7925099,0.328106,-0.4196846,0.7962674,0.1057573,-0.1824962,1.417298,0.3953201,-0.2037685,0.7181371,0.3832608,False,1,1,0
6/25/2025 12:45:48 PM,1750848348773,Right,-0.2174957,0.8014619,0.3213494,-0.3474207,0.8692537,0.4560262,-0.2174957,0.8014619,0.3213494,-0.4196846,0.7962674,0.1057573,-0.1640724,1.426401,0.3897389,-0.1892476,0.7275648,0.3776323,False,1,1,0
6/25/2025 12:45:48 PM,1750848348787,Right,-0.2078362,0.8055701,0.3185765,-0.3336155,0.8737831,0.4553441,-0.2081361,0.8056939,0.3183918,-0.4196846,0.7962674,0.1057573,-0.155177,1.430276,0.3873512,-0.1793948,0.7324837,0.3753189,False,1,1,0
6/25/2025 12:45:48 PM,1750848348814,Right,-0.1837119,0.8112421,0.3142947,-0.2922832,0.8979539,0.4521364,-0.1842675,0.8115084,0.3140829,-0.4196846,0.7962674,0.1057573,-0.1371683,1.437497,0.3836722,-0.1542701,0.738751,0.3709423,False,1,1,0
6/25/2025 12:45:48 PM,1750848348828,Right,-0.1697564,0.8129419,0.3126129,-0.2714173,0.9120634,0.4511404,-0.1702976,0.8132395,0.3124164,-0.4196846,0.7962674,0.1057573,-0.1283621,1.440702,0.3824053,-0.1391191,0.7402826,0.3683778,False,1,1,0
6/25/2025 12:45:48 PM,1750848348856,Right,-0.1422521,0.8148367,0.3098533,-0.2393087,0.9324785,0.4468497,-0.1425165,0.815106,0.3096632,-0.4196846,0.7962674,0.1057573,-0.1111063,1.446291,0.3796685,-0.1084543,0.7419037,0.3635859,False,1,1,0
6/25/2025 12:45:48 PM,1750848348870,Right,-0.1283411,0.815459,0.3092363,-0.2268192,0.9380679,0.4451584,-0.1285948,0.8156341,0.3090329,-0.4196846,0.7962674,0.1057573,-0.1022979,1.448894,0.378613,-0.09294208,0.7427013,0.3622888,False,1,1,0
6/25/2025 12:45:48 PM,1750848348884,Right,-0.1144444,0.8164874,0.3086208,-0.2149528,0.9416574,0.4445717,-0.1144444,0.8164874,0.3086208,-0.4196846,0.7962674,0.1057573,-0.09339654,1.451178,0.3778045,-0.07705994,0.7440199,0.3613214,False,1,1,0
6/25/2025 12:45:48 PM,1750848348911,Right,-0.08405626,0.8177709,0.3090109,-0.1945049,0.9415886,0.446766,-0.08518696,0.8181026,0.3083175,-0.4196846,0.7962674,0.1057573,-0.07563853,1.454587,0.375679,-0.0440753,0.7464092,0.3592721,False,1,1,0
6/25/2025 12:45:48 PM,1750848348926,Right,-0.06753743,0.8185817,0.3097121,-0.1842123,0.9404572,0.4486456,-0.06753744,0.8185817,0.3097121,-0.4196846,0.7962674,0.1057573,-0.06663525,1.455774,0.3741695,-0.02352542,0.7475768,0.3591867,False,1,1,0
6/25/2025 12:45:48 PM,1750848348953,Right,-0.03211904,0.820469,0.3117934,-0.1626831,0.9385375,0.4504941,-0.03279638,0.8205556,0.3114736,-0.4196846,0.7962674,0.1057573,-0.0478301,1.457726,0.3716253,0.01560739,0.7503769,0.3579335,False,1,1,0
6/25/2025 12:45:48 PM,1750848348967,Right,-0.01484895,0.8213543,0.31268,-0.1514233,0.9370527,0.4497123,-0.01509618,0.821382,0.3125466,-0.4196846,0.7962674,0.1057573,-0.03786075,1.458555,0.3706301,0.03514719,0.7514396,0.3573813,False,1,1,0
6/25/2025 12:45:48 PM,1750848348995,Right,0.01888573,0.8226998,0.3148115,-0.1286277,0.9339175,0.4462539,0.01888572,0.8226998,0.3148115,-0.4196846,0.7962674,0.1057573,-0.01811588,1.458997,0.3692918,0.07324477,0.7541865,0.356972,False,1,1,0
6/25/2025 12:45:49 PM,1750848349009,Right,0.03547978,0.8233639,0.3162646,-0.1172218,0.9313391,0.4430528,0.03542399,0.823373,0.3161248,-0.4196846,0.7962674,0.1057573,-0.007821918,1.458594,0.3691703,0.09176249,0.7556429,0.3569303,False,1,1,0
6/25/2025 12:45:49 PM,1750848349037,Right,0.06826615,0.8240712,0.3194729,-0.09493577,0.9252501,0.4370258,0.06829381,0.8241725,0.3194054,-0.4196846,0.7962674,0.1057573,0.01303005,1.457392,0.3689766,0.1288451,0.7584164,0.3573021,False,1,1,0
6/25/2025 12:45:49 PM,1750848349050,Right,0.08419669,0.8238446,0.3208055,-0.08446777,0.9218977,0.434563,0.08422387,0.8239117,0.3207583,-0.4196846,0.7962674,0.1057573,0.02378297,1.45647,0.3689297,0.1464876,0.7589267,0.3571819,False,1,1,0
6/25/2025 12:45:49 PM,1750848349065,Right,0.1001549,0.8237879,0.3221399,-0.07448936,0.9182229,0.4325278,0.1001694,0.8238282,0.3221031,-0.4196846,0.7962674,0.1057573,0.03492641,1.455352,0.3690113,0.1640424,0.7596718,0.3571845,False,1,1,0
6/25/2025 12:45:49 PM,1750848349092,Right,0.1321353,0.8239666,0.3254946,-0.05420947,0.9126839,0.4307442,0.1321523,0.8239667,0.3254299,-0.4196846,0.7962674,0.1057573,0.05816948,1.451838,0.3700079,0.1989377,0.7612235,0.3575155,False,1,1,0
6/25/2025 12:45:49 PM,1750848349106,Right,0.1478667,0.8238684,0.32704,-0.04377341,0.9102106,0.431145,0.1478667,0.8238684,0.32704,-0.4196846,0.7962674,0.1057573,0.06945634,1.449494,0.3708025,0.2159759,0.7617874,0.3575944,False,1,1,0
6/25/2025 12:45:49 PM,1750848349134,Right,0.1772817,0.8221101,0.3305213,-0.02168489,0.9047309,0.4359018,0.1772817,0.8221101,0.3305213,-0.4196846,0.7962674,0.1057573,0.09206164,1.443417,0.3732427,0.2466187,0.7605662,0.3593523,False,1,1,0
6/25/2025 12:45:49 PM,1750848349148,Right,0.1915108,0.8208338,0.33283,-0.009895086,0.9014298,0.4392035,0.1917131,0.8209898,0.3326814,-0.4196846,0.7962674,0.1057573,0.1035312,1.439931,0.3749496,0.2616246,0.759762,0.3607887,False,1,1,0
6/25/2025 12:45:49 PM,1750848349176,Right,0.2175828,0.816341,0.3388717,0.01503193,0.8926288,0.4454281,0.2178516,0.8165592,0.3387307,-0.4196846,0.7962674,0.1057573,0.1270974,1.432411,0.3790038,0.2879162,0.755812,0.3674924,False,1,1,0
6/25/2025 12:45:49 PM,1750848349190,Right,0.2298391,0.8134246,0.3419687,0.02786124,0.8878177,0.4483386,0.2298391,0.8134246,0.3419687,-0.4196846,0.7962674,0.1057573,0.1391158,1.428349,0.381698,0.3005022,0.7535747,0.3711442,False,1,1,0
6/25/2025 12:45:49 PM,1750848349217,Right,0.2535814,0.8056661,0.3478963,0.05629504,0.8790729,0.4557388,0.2539918,0.8062903,0.3478017,-0.4196846,0.7962674,0.1057573,0.1646385,1.419642,0.38806,0.3253537,0.7474726,0.3773732,False,1,1,0
6/25/2025 12:45:49 PM,1750848349231,Right,0.2652668,0.8006136,0.3507149,0.07133806,0.8756282,0.4590341,0.2655656,0.8011858,0.3506656,-0.4196846,0.7962674,0.1057573,0.1781056,1.415375,0.3915746,0.3368571,0.7422611,0.3801933,False,1,1,0
6/25/2025 12:45:49 PM,1750848349245,Right,0.2773057,0.7960314,0.3533702,0.086923,0.8725895,0.4616106,0.2774191,0.796263,0.3533618,-0.4196846,0.7962674,0.1057573,0.1921374,1.411336,0.3955705,0.3487583,0.7373747,0.3828469,False,1,1,0
6/25/2025 12:45:49 PM,1750848349273,Right,0.3010554,0.7862028,0.3581467,0.119047,0.8670529,0.465385,0.3010554,0.7862028,0.3581467,-0.4196846,0.7962674,0.1057573,0.2224793,1.402991,0.4042153,0.3723448,0.7273145,0.3877522,False,1,1,0
6/25/2025 12:45:49 PM,1750848349287,Right,0.3128548,0.7806425,0.3599665,0.1356521,0.8648588,0.4671394,0.312904,0.7808154,0.3600554,-0.4196846,0.7962674,0.1057573,0.2381604,1.398144,0.4083252,0.3842241,0.7217525,0.3892361,False,1,1,0
6/25/2025 12:45:49 PM,1750848349315,Right,0.3376929,0.7701964,0.3628348,0.1678232,0.8594407,0.4721224,0.3376929,0.7701964,0.3628348,-0.4196846,0.7962674,0.1057573,0.2684772,1.387486,0.4151679,0.4094117,0.7108095,0.3903322,False,1,1,0
6/25/2025 12:45:49 PM,1750848349328,Right,0.3514619,0.7655221,0.3636175,0.1834255,0.8563197,0.4748487,0.3512472,0.7654824,0.3637516,-0.4196846,0.7962674,0.1057573,0.2832927,1.381431,0.4180777,0.4234633,0.7062319,0.3902222,False,1,1,0
6/25/2025 12:45:49 PM,1750848349356,Right,0.3818275,0.7572851,0.364531,0.2128474,0.8503387,0.4792147,0.3818275,0.7572851,0.364531,-0.4196846,0.7962674,0.1057573,0.3115716,1.368263,0.4229879,0.4555261,0.6984684,0.3876742,False,1,1,0
6/25/2025 12:45:49 PM,1750848349370,Right,0.3986439,0.7528662,0.3645446,0.2266291,0.8479329,0.4810443,0.3986439,0.7528662,0.3645446,-0.4196846,0.7962674,0.1057573,0.3259026,1.361938,0.4252524,0.472784,0.6937092,0.3852851,False,1,1,0
6/25/2025 12:45:49 PM,1750848349384,Right,0.4157319,0.747981,0.364663,0.2395853,0.8457042,0.4829527,0.4155332,0.7480515,0.3647096,-0.4196846,0.7962674,0.1057573,0.3403765,1.355601,0.4270394,0.4900382,0.6886387,0.3833002,False,1,1,0
6/25/2025 12:45:49 PM,1750848349411,Right,0.4465547,0.7374479,0.3664236,0.2644535,0.8415958,0.4866011,0.4466242,0.7375281,0.3664014,-0.4196846,0.7962674,0.1057573,0.3699394,1.342439,0.4307692,0.5217811,0.678265,0.3827049,False,1,1,0
6/25/2025 12:45:49 PM,1750848349426,Right,0.4611048,0.7320869,0.3674283,0.2750136,0.840191,0.4880102,0.4611048,0.7320869,0.3674283,-0.4196846,0.7962674,0.1057573,0.3840556,1.335214,0.4324569,0.5369157,0.6734813,0.3830677,False,1,1,0
6/25/2025 12:45:49 PM,1750848349454,Right,0.4904876,0.7208739,0.3685892,0.2944648,0.8374925,0.4901793,0.4904875,0.7208739,0.3685892,-0.4196846,0.7962674,0.1057573,0.4106807,1.321275,0.4354212,0.5669011,0.6625515,0.3822259,False,1,1,0
6/25/2025 12:45:49 PM,1750848349468,Right,0.5048968,0.7149661,0.3686671,0.3024901,0.8362603,0.4903448,0.5049946,0.7150596,0.3687575,-0.4196846,0.7962674,0.1057573,0.4232525,1.313484,0.4365208,0.5814108,0.6565124,0.3813779,False,1,1,0
6/25/2025 12:45:49 PM,1750848349495,Right,0.5328857,0.7025806,0.3694506,0.3173493,0.8334218,0.4894496,0.5328857,0.7025806,0.3694506,-0.4196846,0.7962674,0.1057573,0.4484104,1.2976,0.4388756,0.6089234,0.6432207,0.3804572,False,1,1,0
6/25/2025 12:45:49 PM,1750848349509,Right,0.5463911,0.695806,0.3705049,0.3232027,0.8316166,0.4875107,0.5463911,0.695806,0.3705049,-0.4196846,0.7962674,0.1057573,0.4610081,1.289195,0.4402676,0.6223767,0.636313,0.3811469,False,1,1,0
6/25/2025 12:45:49 PM,1750848349536,Right,0.5739259,0.6812208,0.3737266,0.3335072,0.8263881,0.4801459,0.5739259,0.6812208,0.3737266,-0.4196846,0.7962674,0.1057573,0.4868404,1.271356,0.4427345,0.6497943,0.6215456,0.3841829,False,1,1,0
6/25/2025 12:45:49 PM,1750848349550,Right,0.5874572,0.6724829,0.3759754,0.3372401,0.8234271,0.4744806,0.5875238,0.6727676,0.3758297,-0.4196846,0.7962674,0.1057573,0.4998037,1.261752,0.4439343,0.6633441,0.6131057,0.3867026,False,1,1,0
6/25/2025 12:45:49 PM,1750848349565,Right,0.601025,0.6633461,0.3782895,0.3408747,0.8206378,0.4688709,0.6010878,0.6636547,0.3781753,-0.4196846,0.7962674,0.1057573,0.5121875,1.250956,0.4449449,0.6768399,0.6039906,0.3895024,False,1,1,0
6/25/2025 12:45:49 PM,1750848349592,Right,0.6284598,0.6432712,0.3834038,0.3469299,0.814187,0.4578946,0.628485,0.6436104,0.3832926,-0.4196846,0.7962674,0.1057573,0.5358738,1.227105,0.4477849,0.7037627,0.5834693,0.3952433,False,1,1,0
6/25/2025 12:45:49 PM,1750848349606,Right,0.6421617,0.6320868,0.3860704,0.3492186,0.8098559,0.4527736,0.6421838,0.6324853,0.3859777,-0.4196846,0.7962674,0.1057573,0.5474117,1.213973,0.4487898,0.7173874,0.5722675,0.3980078,False,1,1,0
6/25/2025 12:45:49 PM,1750848349634,Right,0.6698383,0.6062,0.3917168,0.3525498,0.7985671,0.4433312,0.669856,0.6066429,0.3916298,-0.4196846,0.7962674,0.1057573,0.5685575,1.18597,0.4501963,0.7441788,0.5453709,0.4038099,False,1,1,0
6/25/2025 12:45:49 PM,1750848349648,Right,0.6832107,0.5925898,0.3949265,0.3540388,0.7916527,0.439266,0.6833214,0.5929781,0.3948153,-0.4196846,0.7962674,0.1057573,0.5782229,1.171422,0.4514217,0.757211,0.5312519,0.407333,False,1,1,0
6/25/2025 12:45:49 PM,1750848349676,Right,0.7076935,0.5645412,0.4015967,0.356737,0.7766245,0.4325839,0.7079142,0.5649796,0.4015764,-0.4196846,0.7962674,0.1057573,0.5954003,1.142963,0.4542971,0.7823121,0.5042254,0.4157318,False,1,1,0
6/25/2025 12:45:49 PM,1750848349690,Right,0.7193017,0.5490113,0.4043173,0.3579777,0.7685508,0.4297961,0.7194762,0.549475,0.4043915,-0.4196846,0.7962674,0.1057573,0.6039448,1.12972,0.4555414,0.7938305,0.4887857,0.4190458,False,1,1,0
6/25/2025 12:45:49 PM,1750848349717,Right,0.7431716,0.5142094,0.407846,0.3610064,0.7508656,0.4251304,0.7432168,0.5147691,0.4080096,-0.4196846,0.7962674,0.1057573,0.6221173,1.104164,0.457967,0.8155105,0.4510754,0.4199771,False,1,1,0
6/25/2025 12:45:49 PM,1750848349731,Right,0.7553905,0.4958369,0.4093306,0.3629907,0.7420853,0.4228871,0.7553905,0.4958369,0.4093306,-0.4196846,0.7962674,0.1057573,0.6307483,1.091486,0.4599775,0.8257297,0.4295528,0.4185666,False,1,1,0
6/25/2025 12:45:49 PM,1750848349744,Right,0.766588,0.4758184,0.4107668,0.3652238,0.732734,0.4209251,0.7670247,0.4768147,0.4108877,-0.4196846,0.7962674,0.1057573,0.6383249,1.078524,0.4615521,0.8346938,0.4075999,0.4184171,False,1,1,0
6/25/2025 12:45:49 PM,1750848349773,Right,0.7854687,0.4358926,0.4137408,0.3702393,0.715498,0.417236,0.7854687,0.4358926,0.4137408,-0.4196846,0.7962674,0.1057573,0.6505945,1.052592,0.463007,0.8440908,0.3586283,0.4182319,False,1,1,0
6/25/2025 12:45:49 PM,1750848349786,Right,0.792453,0.4175493,0.4148998,0.3732067,0.707396,0.4158204,0.793049,0.4175103,0.4149687,-0.4196846,0.7962674,0.1057573,0.6559586,1.040331,0.463697,0.8489855,0.3381838,0.4171836,False,1,1,0
6/25/2025 12:45:49 PM,1750848349814,Right,0.8009856,0.3859257,0.4185622,0.3794118,0.6913186,0.413267,0.8022571,0.3851104,0.4185293,-0.4196846,0.7962674,0.1057573,0.667083,1.016309,0.4664629,0.8529021,0.302277,0.4180868,False,1,1,0
6/25/2025 12:45:49 PM,1750848349828,Right,0.8053594,0.3728095,0.4201114,0.3824636,0.6837618,0.4120958,0.8053594,0.3728095,0.4201114,-0.4196846,0.7962674,0.1057573,0.6740818,1.005384,0.4680028,0.8535337,0.2885187,0.4192245,False,1,1,0
6/25/2025 12:45:49 PM,1750848349856,Right,0.8162299,0.3510042,0.4213789,0.3889339,0.67132,0.4102356,0.8162299,0.3510042,0.4213789,-0.4196846,0.7962674,0.1057573,0.6877556,0.9840569,0.472177,0.8610505,0.2650032,0.4167497,False,1,1,0
6/25/2025 12:45:49 PM,1750848349870,Right,0.822482,0.3436832,0.4232545,0.3923721,0.6666685,0.4095883,0.8225085,0.3428995,0.423058,-0.4196846,0.7962674,0.1057573,0.6926649,0.9725257,0.4747252,0.8670787,0.256772,0.4183629,False,1,1,0
6/25/2025 12:45:49 PM,1750848349898,Right,0.834271,0.3269761,0.4298253,0.3989313,0.6575037,0.407384,0.834271,0.3269761,0.4298253,-0.4196846,0.7962674,0.1057573,0.6998206,0.9494067,0.4790246,0.8805593,0.2416567,0.4277085,False,1,1,0
6/25/2025 12:45:49 PM,1750848349912,Right,0.839652,0.3190177,0.4338094,0.4021804,0.6530284,0.405741,0.8396519,0.3190177,0.4338094,-0.4196846,0.7962674,0.1057573,0.7031109,0.9381932,0.4808582,0.8870862,0.2343042,0.4334902,False,1,1,0
6/25/2025 12:45:49 PM,1750848349925,Right,0.8427297,0.3140503,0.4390414,0.4055533,0.6513096,0.4017123,0.8427297,0.3140503,0.4390414,-0.4196846,0.7962674,0.1057573,0.7042433,0.9270259,0.4819803,0.894689,0.232042,0.4402054,False,1,1,0
6/25/2025 12:45:49 PM,1750848349953,Right,0.8492056,0.2954971,0.444159,0.4112335,0.6445856,0.3966398,0.8492056,0.2954971,0.444159,-0.4196846,0.7962674,0.1057573,0.708953,0.9063561,0.4843187,0.9007486,0.2132405,0.4460768,False,1,1,0
6/25/2025 12:45:49 PM,1750848349967,Right,0.8518337,0.286364,0.446332,0.4137163,0.6413621,0.3945185,0.8521766,0.2862787,0.4465364,-0.4196846,0.7962674,0.1057573,0.7116316,0.8969032,0.4861217,0.9035526,0.2039399,0.4492436,False,1,1,0
6/25/2025 12:45:49 PM,1750848349994,Right,0.8592737,0.2693241,0.4494909,0.41837,0.6342427,0.3910791,0.8592735,0.2692055,0.4496168,-0.4196846,0.7962674,0.1057573,0.7177569,0.8787104,0.488346,0.9116133,0.1874782,0.4523889,False,1,1,0
6/25/2025 12:45:50 PM,1750848350008,Right,0.8636488,0.2613195,0.4502132,0.4202753,0.6301837,0.3900852,0.8635744,0.2611471,0.4504318,-0.4196846,0.7962674,0.1057573,0.7204543,0.8707095,0.4891181,0.9164943,0.1797838,0.4528758,False,1,1,0
6/25/2025 12:45:50 PM,1750848350036,Right,0.8722922,0.2466783,0.4511645,0.4235346,0.6211954,0.3894551,0.8722922,0.2466783,0.4511645,-0.4196846,0.7962674,0.1057573,0.7243378,0.8541257,0.4915594,0.9259752,0.1657887,0.452389,False,2,1,0
6/25/2025 12:45:50 PM,1750848350050,Right,0.8758885,0.2400395,0.452122,0.4249593,0.6163031,0.3894141,0.8758885,0.2400395,0.452122,-0.4196846,0.7962674,0.1057573,0.7252986,0.8470367,0.4931357,0.9303861,0.1596872,0.4521818,False,2,1,0
6/25/2025 12:45:50 PM,1750848350065,Right,0.8780643,0.2352278,0.452955,0.4260399,0.6111097,0.3895469,0.8780643,0.2352278,0.452955,-0.4196846,0.7962674,0.1057573,0.7259147,0.8414436,0.494025,0.9327786,0.1550229,0.4528675,False,2,1,0
6/25/2025 12:45:50 PM,1750848350092,Right,0.8775495,0.2275386,0.4559801,0.428136,0.6023042,0.389577,0.8788378,0.2263607,0.4559724,-0.4196846,0.7962674,0.1057573,0.728332,0.8336496,0.4960003,0.9324921,0.1454484,0.456928,False,2,1,0
6/25/2025 12:45:50 PM,1750848350105,Right,0.877423,0.2251139,0.4571414,0.4291397,0.5982325,0.3894393,0.8779148,0.2240156,0.4570807,-0.4196846,0.7962674,0.1057573,0.7293835,0.8308407,0.4978259,0.9302709,0.1422857,0.4594367,False,2,1,0
6/25/2025 12:45:50 PM,1750848350134,Right,0.8794324,0.2236238,0.4580022,0.4305698,0.5905756,0.3893666,0.8794324,0.2236238,0.4580022,-0.4196846,0.7962674,0.1057573,0.7314491,0.8274544,0.5014513,0.9333318,0.1428882,0.4597633,False,2,1,0
6/25/2025 12:45:50 PM,1750848350147,Right,0.8799507,0.2244599,0.4577124,0.4312127,0.5873216,0.3894643,0.8800756,0.2238588,0.4580193,-0.4196846,0.7962674,0.1057573,0.7327231,0.8274332,0.5022473,0.9345726,0.1435199,0.4595096,False,2,1,0
6/25/2025 12:45:50 PM,1750848350175,Right,0.877645,0.2288599,0.4561597,0.4330624,0.5882056,0.3909211,0.8780054,0.2283503,0.4562185,-0.4196846,0.7962674,0.1057573,0.7349596,0.8331824,0.5037837,0.9321612,0.1477695,0.4568216,False,2,1,0
6/25/2025 12:45:50 PM,1750848350189,Right,0.8752103,0.2322353,0.4559734,0.4346315,0.5925653,0.3924255,0.8755276,0.2318039,0.4559713,-0.4196846,0.7962674,0.1057573,0.7357257,0.8370152,0.5057158,0.9298278,0.1513259,0.4570952,False,2,1,0
6/25/2025 12:45:50 PM,1750848350216,Right,0.8651386,0.2457245,0.4574535,0.4387635,0.6054031,0.3956239,0.8667289,0.2433431,0.4572768,-0.4196846,0.7962674,0.1057573,0.736339,0.8488706,0.5092119,0.9232789,0.164544,0.4616682,False,2,1,0
6/25/2025 12:45:50 PM,1750848350230,Right,0.8586398,0.2551466,0.4590218,0.4408301,0.6109968,0.3970168,0.8592691,0.2542166,0.4588034,-0.4196846,0.7962674,0.1057573,0.736787,0.8568267,0.5110748,0.917715,0.1772412,0.4680422,False,2,1,0
6/25/2025 12:45:50 PM,1750848350245,Right,0.8512336,0.2653908,0.4612722,0.4430155,0.6177512,0.3989544,0.8519058,0.2644798,0.4610754,-0.4196846,0.7962674,0.1057573,0.7374492,0.8658748,0.5137558,0.9118733,0.1895065,0.4755458,False,2,1,0
6/25/2025 12:45:50 PM,1750848350273,Right,0.8342889,0.2889416,0.4639459,0.44677,0.6313252,0.4025687,0.8346512,0.2883066,0.4640849,-0.4196846,0.7962674,0.1057573,0.737846,0.8872058,0.5199459,0.8955045,0.2160827,0.4866032,False,2,1,0
6/25/2025 12:45:50 PM,1750848350287,Right,0.8264143,0.300923,0.4642215,0.4482518,0.6384417,0.4036865,0.8264143,0.300923,0.4642215,-0.4196846,0.7962674,0.1057573,0.737615,0.899484,0.5228302,0.887266,0.2292034,0.4883018,False,2,1,0
6/25/2025 12:45:50 PM,1750848350314,Right,0.8083186,0.3293993,0.4647317,0.4507095,0.6555891,0.4048978,0.8087218,0.3286982,0.4647818,-0.4196846,0.7962674,0.1057573,0.7365705,0.9262646,0.5288589,0.8699393,0.2584836,0.4921461,False,2,1,0
6/25/2025 12:45:50 PM,1750848350328,Right,0.7978588,0.3454417,0.4650624,0.4514697,0.6651846,0.4053262,0.7978588,0.3454417,0.4650624,-0.4196846,0.7962674,0.1057573,0.7350019,0.9412326,0.5324576,0.8580718,0.2755999,0.4954434,False,2,1,0
6/25/2025 12:45:50 PM,1750848350356,Right,0.7767124,0.3780006,0.4632258,0.450861,0.6858155,0.4054632,0.7767124,0.3780006,0.4632258,-0.4196846,0.7962674,0.1057573,0.7313502,0.9744757,0.5387827,0.8332031,0.3068864,0.4975486,False,2,1,0
6/25/2025 12:45:50 PM,1750848350370,Right,0.7654372,0.3933715,0.46175,0.4496113,0.6967941,0.4062285,0.7654372,0.3933715,0.46175,-0.4196846,0.7962674,0.1057573,0.7295378,0.9916664,0.5410645,0.8206443,0.3210303,0.4955942,False,2,1,0
6/25/2025 12:45:50 PM,1750848350397,Right,0.7440187,0.427413,0.4585662,0.4467671,0.7192588,0.4103713,0.7439497,0.4270199,0.4588146,-0.4196846,0.7962674,0.1057573,0.7238031,1.026321,0.5469577,0.7992249,0.3558398,0.4949331,False,2,1,0
6/25/2025 12:45:50 PM,1750848350411,Right,0.7360752,0.4447464,0.4554329,0.4449693,0.7310636,0.4134336,0.7360752,0.4447464,0.4554329,-0.4196846,0.7962674,0.1057573,0.719452,1.044966,0.5496192,0.790496,0.3730468,0.4918201,False,2,1,0
6/25/2025 12:45:50 PM,1750848350426,Right,0.7299562,0.4615934,0.4515529,0.4431989,0.7426957,0.4168322,0.7295183,0.4614556,0.4518712,-0.4196846,0.7962674,0.1057573,0.7151527,1.064248,0.5519897,0.7828993,0.3885071,0.4873039,False,2,1,0
6/25/2025 12:45:50 PM,1750848350453,Right,0.717215,0.495327,0.4458995,0.4382917,0.7653304,0.4261738,0.717215,0.495327,0.4458995,-0.4196846,0.7962674,0.1057573,0.7057937,1.101966,0.5560346,0.7676864,0.4200927,0.4808125,False,2,1,0
6/25/2025 12:45:50 PM,1750848350466,Right,0.7099862,0.5125669,0.4445765,0.4352598,0.7759047,0.4313315,0.7099862,0.5125669,0.4445765,-0.4196846,0.7962674,0.1057573,0.6996912,1.11993,0.5573316,0.7604241,0.4379544,0.480846,False,2,1,0
6/25/2025 12:45:50 PM,1750848350495,Right,0.6961157,0.5456454,0.4424834,0.4280185,0.7960167,0.4423976,0.6961157,0.5456454,0.4424834,-0.4196846,0.7962674,0.1057573,0.6861064,1.158677,0.5579851,0.7460624,0.4719033,0.4811347,False,2,1,0
6/25/2025 12:45:50 PM,1750848350509,Right,0.6893933,0.5612219,0.4419775,0.4232181,0.8056188,0.4486932,0.6893933,0.5612219,0.4419775,-0.4196846,0.7962674,0.1057573,0.6798446,1.177673,0.5585709,0.7384024,0.4872246,0.481335,False,2,1,0
6/25/2025 12:45:50 PM,1750848350537,Right,0.675829,0.5920874,0.4426852,0.4113828,0.8232951,0.4622306,0.675829,0.5920874,0.4426852,-0.4196846,0.7962674,0.1057573,0.6639233,1.214116,0.5597554,0.7228298,0.5180002,0.4842607,False,2,1,0
6/25/2025 12:45:50 PM,1750848350550,Right,0.6692241,0.6073219,0.4437773,0.4041243,0.8310841,0.4694978,0.6691496,0.6073943,0.4435787,-0.4196846,0.7962674,0.1057573,0.653918,1.230732,0.558826,0.7153119,0.5336593,0.4866912,False,2,1,0
6/25/2025 12:45:50 PM,1750848350564,Right,0.6627674,0.6226217,0.4448304,0.3968242,0.8387551,0.4762349,0.6627674,0.6226217,0.4448304,-0.4196846,0.7962674,0.1057573,0.6441233,1.248672,0.5571396,0.7085294,0.549782,0.4898494,False,2,1,0
6/25/2025 12:45:50 PM,1750848350592,Right,0.6510422,0.6516197,0.4474169,0.3789479,0.8523319,0.4866772,0.6510422,0.6516197,0.4474169,-0.4196846,0.7962674,0.1057573,0.6257829,1.285931,0.5537653,0.6954604,0.5799407,0.4955381,False,2,1,0
6/25/2025 12:45:50 PM,1750848350606,Right,0.6464058,0.664728,0.449367,0.3695945,0.8592474,0.4902992,0.6459462,0.6651849,0.449012,-0.4196846,0.7962674,0.1057573,0.6177434,1.303003,0.5527878,0.6892807,0.593547,0.4981713,False,2,1,0
6/25/2025 12:45:50 PM,1750848350634,Right,0.638019,0.6910813,0.4532675,0.3486534,0.8717896,0.4939029,0.638019,0.6910813,0.4532675,-0.4196846,0.7962674,0.1057573,0.5981366,1.334772,0.5481654,0.6791332,0.6203884,0.5055994,False,2,1,0
6/25/2025 12:45:50 PM,1750848350648,Right,0.6346132,0.7030801,0.4554962,0.3376671,0.8769484,0.494916,0.6346132,0.7030801,0.4554962,-0.4196846,0.7962674,0.1057573,0.5870083,1.348776,0.5432048,0.674613,0.6327692,0.5091887,False,2,1,0
6/25/2025 12:45:50 PM,1750848350676,Right,0.6290801,0.7248252,0.4614089,0.3150469,0.8857422,0.4960462,0.6290801,0.7248252,0.4614089,-0.4196846,0.7962674,0.1057573,0.5653487,1.374103,0.5303255,0.6665162,0.655057,0.5175998,False,2,1,0
6/25/2025 12:45:50 PM,1750848350689,Right,0.6263537,0.7354503,0.4648589,0.3034778,0.8896484,0.4963129,0.6261763,0.7356853,0.4646704,-0.4196846,0.7962674,0.1057573,0.5552459,1.384531,0.5243998,0.6626374,0.6665282,0.5222411,False,2,1,0
6/25/2025 12:45:50 PM,1750848350718,Right,0.6218354,0.7550346,0.4714799,0.2787136,0.8952571,0.4931948,0.6215994,0.7552956,0.4713898,-0.4196846,0.7962674,0.1057573,0.5357249,1.404318,0.5113852,0.6574603,0.6886442,0.5322016,False,2,1,0
6/25/2025 12:45:50 PM,1750848350731,Right,0.6201146,0.7645664,0.4745517,0.2667328,0.897269,0.4888012,0.6201146,0.7645664,0.4745517,-0.4196846,0.7962674,0.1057573,0.5267388,1.413247,0.5058943,0.6553025,0.6987309,0.5366322,False,2,1,0
6/25/2025 12:45:50 PM,1750848350745,Right,0.6192336,0.7748747,0.4784135,0.2552749,0.8990577,0.4831445,0.6189703,0.7748922,0.4782605,-0.4196846,0.7962674,0.1057573,0.5186347,1.422282,0.5006974,0.6534466,0.7098553,0.5415699,False,2,1,0
6/25/2025 12:45:50 PM,1750848350773,Right,0.6169624,0.7955043,0.4856956,0.2324768,0.9008638,0.4686114,0.6169624,0.7955043,0.4856956,-0.4196846,0.7962674,0.1057573,0.5030834,1.437525,0.4890661,0.6507104,0.7329616,0.5518467,False,2,1,0
6/25/2025 12:45:50 PM,1750848350787,Right,0.614856,0.8045341,0.4890323,0.2206551,0.9007491,0.4599869,0.6148937,0.8046975,0.4889827,-0.4196846,0.7962674,0.1057573,0.4956725,1.443912,0.4828297,0.6478139,0.7431805,0.5564986,False,2,1,0
6/25/2025 12:45:50 PM,1750848350815,Right,0.6097639,0.8224868,0.4967257,0.196586,0.8999586,0.4420028,0.6098006,0.822539,0.4965873,-0.4196846,0.7962674,0.1057573,0.4809762,1.455044,0.4712615,0.640968,0.763606,0.5671705,False,2,1,0
6/25/2025 12:45:50 PM,1750848350828,Right,0.6074877,0.8311847,0.5010835,0.184415,0.8990703,0.4312789,0.6074877,0.8311847,0.5010835,-0.4196846,0.7962674,0.1057573,0.4738652,1.460242,0.4665064,0.6374583,0.7734598,0.5731674,False,2,1,0
6/25/2025 12:45:50 PM,1750848350856,Right,0.6046589,0.8460516,0.508904,0.1612606,0.8967079,0.4085355,0.6045471,0.8462933,0.5088377,-0.4196846,0.7962674,0.1057573,0.4610413,1.47061,0.4565518,0.6327398,0.789847,0.5826311,False,2,1,0
6/25/2025 12:45:50 PM,1750848350870,Right,0.6032068,0.8525029,0.513365,0.150771,0.89421,0.394214,0.6032242,0.8526945,0.5132097,-0.4196846,0.7962674,0.1057573,0.4559654,1.474514,0.4518375,0.6302778,0.7965846,0.587683,False,2,1,0
6/25/2025 12:45:50 PM,1750848350884,Right,0.6011451,0.859074,0.5180712,0.1405915,0.8921572,0.3809944,0.6011451,0.859074,0.5180712,-0.4196846,0.7962674,0.1057573,0.4509565,1.478138,0.447492,0.627122,0.8035426,0.593357,False,2,1,0
6/25/2025 12:45:50 PM,1750848350912,Right,0.5972188,0.8685607,0.5279138,0.1247424,0.8882052,0.3518764,0.5972012,0.8689371,0.5278275,-0.4196846,0.7962674,0.1057573,0.4428293,1.482612,0.4413364,0.6220575,0.8142093,0.604074,False,2,1,0
6/25/2025 12:45:50 PM,1750848350925,Right,0.595538,0.8724946,0.5327029,0.1180817,0.886553,0.3383441,0.595538,0.8724946,0.5327029,-0.4196846,0.7962674,0.1057573,0.4391297,1.483793,0.439008,0.6200157,0.8182381,0.6094073,False,2,1,0
6/25/2025 12:45:50 PM,1750848350953,Right,0.5928456,0.877903,0.5432562,0.1089308,0.8820561,0.3134208,0.5927657,0.8782756,0.5431405,-0.4196846,0.7962674,0.1057573,0.4329251,1.482162,0.4372244,0.6175809,0.8261973,0.6212338,False,2,1,0
6/25/2025 12:45:50 PM,1750848350981,Right,0.5920517,0.8797224,0.548646,0.1043916,0.8794509,0.3016865,0.5920517,0.8797224,0.548646,-0.4196846,0.7962674,0.1057573,0.4299859,1.480458,0.4365971,0.6168759,0.8281935,0.6271,False,2,1,0
6/25/2025 12:45:50 PM,1750848350995,Right,0.5929096,0.8756378,0.5545256,0.104282,0.8744428,0.2935899,0.5927864,0.8764735,0.554468,-0.4196846,0.7962674,0.1057573,0.4278495,1.475964,0.4380174,0.6181813,0.8247287,0.6325966,False,2,1,0
6/25/2025 12:45:51 PM,1750848351008,Right,0.591234,0.8762226,0.5647504,0.09559357,0.8679126,0.273661,0.591234,0.8762226,0.5647504,-0.4196846,0.7962674,0.1057573,0.4230011,1.469086,0.4396818,0.6175618,0.8255631,0.6432804,False,2,1,0
6/25/2025 12:45:51 PM,1750848351036,Right,0.5882545,0.8693067,0.5745451,0.09019685,0.8594545,0.2597932,0.5882545,0.8693067,0.5745451,-0.4196846,0.7962674,0.1057573,0.4184402,1.458297,0.4445121,0.6159225,0.8198253,0.653365,False,2,1,0
6/25/2025 12:45:51 PM,1750848351050,Right,0.5867446,0.8629745,0.5787199,0.08806741,0.8555967,0.2549185,0.586786,0.8636137,0.5788251,-0.4196846,0.7962674,0.1057573,0.4160775,1.452217,0.448247,0.6151052,0.8143122,0.6575263,False,2,1,0
6/25/2025 12:45:51 PM,1750848351064,Right,0.5852997,0.8563583,0.5825579,0.08624613,0.8524898,0.2518575,0.5853394,0.8569773,0.5826925,-0.4196846,0.7962674,0.1057573,0.4136993,1.445812,0.4524288,0.6141969,0.8074363,0.661047,False,2,1,0
6/25/2025 12:45:51 PM,1750848351092,Right,0.5801493,0.8412859,0.5893283,0.08250129,0.8479688,0.248913,0.5808182,0.8422975,0.5896258,-0.4196846,0.7962674,0.1057573,0.4095331,1.43135,0.462535,0.6113959,0.7921882,0.6669599,False,2,1,0
6/25/2025 12:45:51 PM,1750848351106,Right,0.57482,0.8333511,0.5922898,0.08148789,0.8471842,0.2515221,0.5753717,0.8337547,0.5924408,-0.4196846,0.7962674,0.1057573,0.4070913,1.423424,0.468245,0.6057368,0.7840507,0.6701195,False,2,1,0
6/25/2025 12:45:51 PM,1750848351134,Right,0.5601305,0.8170891,0.5975699,0.08114505,0.8448328,0.2581533,0.5601305,0.8170891,0.5975699,-0.4196846,0.7962674,0.1057573,0.4017478,1.406565,0.4811769,0.5870324,0.7691808,0.6776172,False,2,1,0
6/25/2025 12:45:51 PM,1750848351147,Right,0.5511391,0.8082006,0.599322,0.08330894,0.8426468,0.2638019,0.5515026,0.8084422,0.5994742,-0.4196846,0.7962674,0.1057573,0.398632,1.39749,0.4881946,0.5761148,0.7611297,0.6806053,False,2,1,0
6/25/2025 12:45:51 PM,1750848351175,Right,0.5365996,0.7910239,0.6033676,0.09016752,0.8365234,0.2737441,0.5369957,0.791401,0.60355,-0.4196846,0.7962674,0.1057573,0.3926784,1.380524,0.5002742,0.5597067,0.7434993,0.6848895,False,2,1,0
6/25/2025 12:45:51 PM,1750848351189,Right,0.5290531,0.782239,0.6055406,0.09483051,0.833984,0.2792308,0.5290531,0.782239,0.6055406,-0.4196846,0.7962674,0.1057573,0.389012,1.371761,0.5063465,0.5510671,0.7330629,0.6863093,False,2,1,0
6/25/2025 12:45:51 PM,1750848351217,Right,0.5106592,0.7638934,0.6100214,0.1060902,0.8315112,0.2921616,0.5106592,0.7638934,0.6100214,-0.4196846,0.7962674,0.1057573,0.3807334,1.353881,0.5195541,0.5303703,0.7123833,0.6899255,False,2,1,0
6/25/2025 12:45:51 PM,1750848351231,Right,0.5000085,0.7549801,0.6123111,0.1114842,0.8315254,0.2995048,0.5004609,0.7550474,0.6123312,-0.4196846,0.7962674,0.1057573,0.3763264,1.345078,0.5267063,0.5185666,0.7030566,0.6923038,False,2,1,0
6/25/2025 12:45:51 PM,1750848351244,Right,0.4886869,0.7461836,0.6146874,0.1154629,0.8319429,0.3064566,0.4895309,0.7462263,0.6147091,-0.4196846,0.7962674,0.1057573,0.3717831,1.336339,0.5331794,0.5056347,0.6941231,0.6950361,False,2,1,0
6/25/2025 12:45:51 PM,1750848351273,Right,0.4657382,0.7288336,0.6197453,0.1231946,0.8328708,0.3197789,0.4657382,0.7288336,0.6197453,-0.4196846,0.7962674,0.1057573,0.3607672,1.316615,0.5449634,0.4778596,0.6784474,0.7018476,False,2,1,0
6/25/2025 12:45:51 PM,1750848351287,Right,0.4542924,0.719367,0.6228566,0.1280363,0.8333177,0.3261172,0.4544481,0.7194676,0.6227758,-0.4196846,0.7962674,0.1057573,0.3549531,1.30636,0.5500658,0.4650499,0.6686925,0.7048488,False,2,1,0
6/25/2025 12:45:51 PM,1750848351314,Right,0.4329156,0.6999706,0.6298425,0.1379634,0.8342348,0.3363792,0.432978,0.7000881,0.6297174,-0.4196846,0.7962674,0.1057573,0.343118,1.28613,0.558874,0.4411868,0.6470464,0.7106228,False,2,1,0
6/25/2025 12:45:51 PM,1750848351328,Right,0.4218432,0.6900086,0.6335833,0.142413,0.8351035,0.3402133,0.4219729,0.6900713,0.633509,-0.4196846,0.7962674,0.1057573,0.336923,1.276269,0.5629398,0.4288988,0.635498,0.7135108,False,2,1,0
6/25/2025 12:45:51 PM,1750848351356,Right,0.3968688,0.6711667,0.6397105,0.1489929,0.836756,0.3473147,0.3968688,0.6711667,0.6397105,-0.4196846,0.7962674,0.1057573,0.3232092,1.255875,0.5684789,0.4008904,0.6169117,0.7201264,False,2,1,0
6/25/2025 12:45:51 PM,1750848351370,Right,0.3835903,0.6618038,0.6422204,0.1516799,0.8375198,0.3503306,0.3835903,0.6618038,0.6422204,-0.4196846,0.7962674,0.1057573,0.316175,1.246143,0.5709965,0.3856823,0.6082389,0.7231705,False,2,1,0
6/25/2025 12:45:51 PM,1750848351398,Right,0.3579782,0.6428531,0.6478466,0.1556216,0.8377743,0.3537557,0.3579782,0.6428531,0.6478466,-0.4196846,0.7962674,0.1057573,0.3026246,1.227329,0.5773374,0.356981,0.5898871,0.7292106,False,2,1,0
6/25/2025 12:45:51 PM,1750848351411,Right,0.3462018,0.6332717,0.6510878,0.1573983,0.8368431,0.3541758,0.3461756,0.6332825,0.6510723,-0.4196846,0.7962674,0.1057573,0.2955862,1.218015,0.5806527,0.3446144,0.5797205,0.7320362,False,2,1,0
6/25/2025 12:45:51 PM,1750848351425,Right,0.3343936,0.6239128,0.6540645,0.1591944,0.8348679,0.3534342,0.3343736,0.6238965,0.6540661,-0.4196846,0.7962674,0.1057573,0.2876058,1.208589,0.5830584,0.3320772,0.569965,0.7347668,False,2,1,0
6/25/2025 12:45:51 PM,1750848351453,Right,0.3111464,0.6055848,0.6600965,0.1632797,0.8295134,0.3512605,0.3111039,0.605548,0.6601074,-0.4196846,0.7962674,0.1057573,0.2718545,1.190258,0.5865873,0.3072937,0.5509505,0.7403014,False,2,1,0
6/25/2025 12:45:51 PM,1750848351466,Right,0.2995218,0.5964649,0.6628029,0.1648566,0.8259047,0.3492014,0.2995096,0.5964659,0.662869,-0.4196846,0.7962674,0.1057573,0.2644529,1.181014,0.5881909,0.2951611,0.5418891,0.7430497,False,2,1,0
6/25/2025 12:45:51 PM,1750848351494,Right,0.275979,0.5794177,0.6666954,0.1657797,0.8176236,0.3443633,0.275979,0.5794176,0.6666954,-0.4196846,0.7962674,0.1057573,0.249819,1.163309,0.5911129,0.2696734,0.5251025,0.7469237,False,2,1,0
6/25/2025 12:45:51 PM,1750848351509,Right,0.2648246,0.5721164,0.6682698,0.164801,0.8133421,0.3411702,0.2646881,0.5718967,0.6683371,-0.4196846,0.7962674,0.1057573,0.241634,1.15512,0.591679,0.2574746,0.5171303,0.7481812,False,2,1,0
6/25/2025 12:45:51 PM,1750848351536,Right,0.2442942,0.5601249,0.6723868,0.1625897,0.8048866,0.335034,0.2442942,0.5601249,0.6723868,-0.4196846,0.7962674,0.1057573,0.225069,1.140056,0.5925928,0.2374166,0.5043004,0.7515247,False,2,1,0
6/25/2025 12:45:51 PM,1750848351550,Right,0.2342176,0.5555305,0.6745856,0.1605885,0.800556,0.3312311,0.2341391,0.5551806,0.6745983,-0.4196846,0.7962674,0.1057573,0.2173975,1.133238,0.5929754,0.2274842,0.4992781,0.7537002,False,2,1,0
6/25/2025 12:45:51 PM,1750848351564,Right,0.2236928,0.5517102,0.6765075,0.1578175,0.7971998,0.3270099,0.2236756,0.5513586,0.6765809,-0.4196846,0.7962674,0.1057573,0.2093837,1.126241,0.5926558,0.2164702,0.4963258,0.7562425,False,2,1,0
6/25/2025 12:45:51 PM,1750848351592,Right,0.2021426,0.5461237,0.6782919,0.1518006,0.7930179,0.3194839,0.2021426,0.5461237,0.6782919,-0.4196846,0.7962674,0.1057573,0.1924897,1.114313,0.5895696,0.1929821,0.4941142,0.7597633,False,2,1,0
6/25/2025 12:45:51 PM,1750848351606,Right,0.1918604,0.5459759,0.6777331,0.1476519,0.7907341,0.3152907,0.1917621,0.5454632,0.6779668,-0.4196846,0.7962674,0.1057573,0.1843272,1.109525,0.5880984,0.1811678,0.4949609,0.760209,False,2,1,0
6/25/2025 12:45:51 PM,1750848351634,Right,0.1723887,0.5460367,0.677707,0.1386315,0.7858488,0.3068286,0.1723887,0.5460367,0.677707,-0.4196846,0.7962674,0.1057573,0.1690453,1.101722,0.5864403,0.1608707,0.4960813,0.7601587,False,2,1,0
6/25/2025 12:45:51 PM,1750848351648,Right,0.162995,0.5474084,0.6779727,0.1337245,0.7840687,0.3027903,0.162995,0.5474084,0.6779727,-0.4196846,0.7962674,0.1057573,0.1602319,1.099074,0.5860578,0.1512462,0.4970142,0.7601242,False,2,1,0
6/25/2025 12:45:51 PM,1750848351676,Right,0.1434838,0.5517257,0.6767473,0.1221002,0.7821249,0.2949598,0.1434838,0.5517257,0.6767473,-0.4196846,0.7962674,0.1057573,0.1421722,1.094647,0.5835942,0.1296204,0.5026979,0.7593946,False,2,1,0
6/25/2025 12:45:51 PM,1750848351689,Right,0.1339563,0.5549132,0.6749618,0.1153181,0.7819883,0.2910624,0.1338998,0.5546511,0.6751448,-0.4196846,0.7962674,0.1057573,0.1333232,1.093428,0.5816751,0.118767,0.5068793,0.7583033,False,2,1,0
6/25/2025 12:45:51 PM,1750848351717,Right,0.1151031,0.5593689,0.6726105,0.1036025,0.780983,0.28455,0.1151031,0.5593689,0.6726105,-0.4196846,0.7962674,0.1057573,0.1156517,1.092364,0.5778674,0.09737759,0.511694,0.7553112,False,2,1,0
6/25/2025 12:45:51 PM,1750848351731,Right,0.1060125,0.5613071,0.6714871,0.09773886,0.7806463,0.2818018,0.1060125,0.5613071,0.6714871,-0.4196846,0.7962674,0.1057573,0.1062549,1.092435,0.5757186,0.08757121,0.5130996,0.7537211,False,2,1,0
6/25/2025 12:45:51 PM,1750848351745,Right,0.09685481,0.5626721,0.6700555,0.0916214,0.7803171,0.2789677,0.09685481,0.5626721,0.6700555,-0.4196846,0.7962674,0.1057573,0.09684801,1.092704,0.5734769,0.07753623,0.5144299,0.7520676,False,2,1,0
6/25/2025 12:45:51 PM,1750848351773,Right,0.07845294,0.5644889,0.6668347,0.07826495,0.7805455,0.2742724,0.07845294,0.5644889,0.6668347,-0.4196846,0.7962674,0.1057573,0.07851946,1.093789,0.5697656,0.05758666,0.5163985,0.7485562,False,2,1,0
6/25/2025 12:45:51 PM,1750848351787,Right,0.06904709,0.5653648,0.6651653,0.07107282,0.7808983,0.272503,0.06905091,0.5654001,0.6652333,-0.4196846,0.7962674,0.1057573,0.06887448,1.095333,0.5679342,0.0471517,0.517412,0.7467444,False,2,1,0
6/25/2025 12:45:51 PM,1750848351814,Right,0.04993558,0.5672373,0.6617619,0.05533004,0.7815915,0.2689637,0.04994905,0.5672528,0.6618086,-0.4196846,0.7962674,0.1057573,0.04742301,1.098546,0.5634712,0.02558614,0.5197276,0.7428906,False,2,1,0
6/25/2025 12:45:51 PM,1750848351828,Right,0.04033244,0.5682806,0.6600549,0.04744017,0.7817059,0.2670382,0.04033244,0.5682806,0.6600549,-0.4196846,0.7962674,0.1057573,0.03660572,1.100508,0.5609136,0.01472376,0.5208375,0.7408004,False,2,1,0
6/25/2025 12:45:51 PM,1750848351856,Right,0.02089226,0.5703472,0.6562541,0.03186691,0.7815002,0.2631938,0.02089226,0.5703472,0.6562541,-0.4196846,0.7962674,0.1057573,0.01495016,1.104671,0.5551144,-0.006523643,0.5219695,0.7358433,False,2,1,0
6/25/2025 12:45:51 PM,1750848351870,Right,0.01096201,0.5715715,0.6540023,0.02404249,0.7812818,0.2608883,0.01103926,0.5715202,0.654144,-0.4196846,0.7962674,0.1057573,0.003323793,1.107306,0.5517923,-0.01685395,0.5226051,0.7332375,False,2,1,0
6/25/2025 12:45:51 PM,1750848351884,Right,0.0009422302,0.5730366,0.6516078,0.01600635,0.7812877,0.258279,0.001054168,0.5729309,0.6518058,-0.4196846,0.7962674,0.1057573,-0.008717179,1.109851,0.5487108,-0.0271927,0.523803,0.7306414,False,2,1,0
6/25/2025 12:45:51 PM,1750848351912,Right,-0.02000773,0.5764348,0.6456776,-2.741814E-05,0.7817281,0.2531241,-0.02000773,0.5764348,0.6456776,-0.4196846,0.7962674,0.1057573,-0.03240669,1.115212,0.5422766,-0.0500828,0.5278248,0.7241572,False,2,1,0
6/25/2025 12:45:51 PM,1750848351926,Right,-0.03076375,0.5781111,0.6423706,-0.008099914,0.7822672,0.2506608,-0.03076375,0.5781111,0.6423706,-0.4196846,0.7962674,0.1057573,-0.04435921,1.118094,0.5387391,-0.06188954,0.5297886,0.7206177,False,2,1,0
6/25/2025 12:45:51 PM,1750848351953,Right,-0.05231106,0.5812115,0.6365366,-0.02430344,0.7836009,0.2454667,-0.05231106,0.5812115,0.6365366,-0.4196846,0.7962674,0.1057573,-0.06919527,1.124361,0.5306444,-0.08513974,0.5321354,0.7136099,False,2,1,0
6/25/2025 12:45:51 PM,1750848351967,Right,-0.06330597,0.5829647,0.6336991,-0.03223801,0.7842694,0.2427822,-0.06330597,0.5829647,0.6336991,-0.4196846,0.7962674,0.1057573,-0.08147204,1.127453,0.5264493,-0.09675665,0.5336628,0.7103598,False,2,1,0
6/25/2025 12:45:51 PM,1750848351995,Right,-0.08532608,0.5868376,0.6277792,-0.04763019,0.7854241,0.237565,-0.08509064,0.5866319,0.6279038,-0.4196846,0.7962674,0.1057573,-0.1055685,1.133851,0.517835,-0.1201323,0.5370968,0.7036986,False,2,1,0
6/25/2025 12:45:52 PM,1750848352009,Right,-0.09649861,0.5890811,0.6246854,-0.05499876,0.7859272,0.2347806,-0.09649861,0.5890811,0.6246854,-0.4196846,0.7962674,0.1057573,-0.1173013,1.137159,0.5132945,-0.1324743,0.5393271,0.6998969,False,2,1,0
6/25/2025 12:45:52 PM,1750848352037,Right,-0.120454,0.5960992,0.6159853,-0.06857169,0.7873218,0.2272482,-0.120454,0.5960992,0.6159853,-0.4196846,0.7962674,0.1057573,-0.1390352,1.145025,0.5018717,-0.158393,0.5458454,0.6898884,False,2,1,0
6/25/2025 12:45:52 PM,1750848352051,Right,-0.1322737,0.5994906,0.6106855,-0.07578039,0.787966,0.2233577,-0.1321222,0.5992995,0.6111408,-0.4196846,0.7962674,0.1057573,-0.1497142,1.149123,0.496543,-0.1713952,0.5491678,0.6844274,False,2,1,0
6/25/2025 12:45:52 PM,1750848352064,Right,-0.1440461,0.6025729,0.6053656,-0.08306372,0.7886838,0.2193706,-0.1440461,0.6025729,0.6053656,-0.4196846,0.7962674,0.1057573,-0.1603544,1.153293,0.491204,-0.185036,0.5525902,0.677809,False,2,1,0
6/25/2025 12:45:52 PM,1750848352092,Right,-0.1675906,0.6089019,0.5937625,-0.09707248,0.7900438,0.2107702,-0.1675906,0.6089019,0.5937625,-0.4196846,0.7962674,0.1057573,-0.1810447,1.161633,0.4819905,-0.2118905,0.5589465,0.6642499,False,2,1,0
6/25/2025 12:45:52 PM,1750848352106,Right,-0.1793108,0.6121665,0.5872039,-0.1035252,0.7906307,0.2062755,-0.1793108,0.6121665,0.5872039,-0.4196846,0.7962674,0.1057573,-0.1909616,1.165701,0.4774897,-0.2256986,0.5623347,0.6564242,False,2,1,0
6/25/2025 12:45:52 PM,1750848352134,Right,-0.2021438,0.6192525,0.5738128,-0.1144003,0.7920693,0.1977001,-0.2021438,0.6192525,0.5738128,-0.4196846,0.7962674,0.1057573,-0.2100489,1.173101,0.4690661,-0.2529598,0.5704781,0.6406356,False,2,1,0
6/25/2025 12:45:52 PM,1750848352148,Right,-0.2134511,0.62343,0.5672225,-0.1192073,0.7930653,0.1942589,-0.2134511,0.62343,0.5672225,-0.4196846,0.7962674,0.1057573,-0.2191267,1.176393,0.4650236,-0.2670017,0.5757729,0.6327025,False,2,1,0
6/25/2025 12:45:52 PM,1750848352175,Right,-0.235284,0.6337324,0.5543272,-0.1251223,0.7954518,0.1896852,-0.235284,0.6337324,0.5543272,-0.4196846,0.7962674,0.1057573,-0.2376724,1.1824,0.4572159,-0.2950544,0.5884879,0.6160275,False,2,1,0
6/25/2025 12:45:52 PM,1750848352189,Right,-0.2455584,0.6390681,0.5487801,-0.1254185,0.7965925,0.1891575,-0.2455584,0.6390681,0.5487801,-0.4196846,0.7962674,0.1057573,-0.246822,1.185038,0.4535576,-0.3070697,0.5940671,0.608928,False,2,1,0
6/25/2025 12:45:52 PM,1750848352204,Right,-0.2557166,0.6441184,0.5437462,-0.1238993,0.7981546,0.1900821,-0.2558215,0.6440451,0.5436014,-0.4196846,0.7962674,0.1057573,-0.2558843,1.187521,0.4501401,-0.3185688,0.599247,0.6026132,False,2,1,0
6/25/2025 12:45:52 PM,1750848352231,Right,-0.2760779,0.65391,0.5344456,-0.1229823,0.8022996,0.1913848,-0.2760779,0.65391,0.5344456,-0.4196846,0.7962674,0.1057573,-0.2731755,1.192046,0.4441652,-0.3409298,0.6099011,0.5917512,False,2,1,0
6/25/2025 12:45:52 PM,1750848352245,Right,-0.2860876,0.6583946,0.5305301,-0.1220212,0.804944,0.1937667,-0.2860876,0.6583946,0.5305301,-0.4196846,0.7962674,0.1057573,-0.2815814,1.193939,0.4419186,-0.3519986,0.6147397,0.5868903,False,2,1,0
6/25/2025 12:45:52 PM,1750848352273,Right,-0.3060443,0.6655704,0.5234421,-0.1233935,0.8086106,0.1975816,-0.3061117,0.6657065,0.5232525,-0.4196846,0.7962674,0.1057573,-0.2980906,1.197398,0.437541,-0.3738174,0.622128,0.577505,False,2,1,0
6/25/2025 12:45:52 PM,1750848352287,Right,-0.3157548,0.6686378,0.5205712,-0.1254141,0.8103456,0.2000428,-0.3158319,0.6688031,0.5203468,-0.4196846,0.7962674,0.1057573,-0.3067124,1.199012,0.4356958,-0.3843512,0.625446,0.5737486,False,2,1,0
6/25/2025 12:45:52 PM,1750848352314,Right,-0.3349348,0.6723787,0.5168039,-0.1325995,0.8128754,0.2049676,-0.3349664,0.6726586,0.5165784,-0.4196846,0.7962674,0.1057573,-0.3242046,1.201547,0.432265,-0.4046744,0.6291115,0.5682597,False,2,1,0
6/25/2025 12:45:52 PM,1750848352328,Right,-0.3447089,0.6735671,0.5149719,-0.1377568,0.8135959,0.2078047,-0.3447089,0.6735671,0.5149719,-0.4196846,0.7962674,0.1057573,-0.3326117,1.202446,0.4309551,-0.4149621,0.6296674,0.5656059,False,2,1,0
6/25/2025 12:45:52 PM,1750848352356,Right,-0.3643893,0.6737948,0.5122758,-0.1508731,0.8147311,0.2138201,-0.3643893,0.6737948,0.5122758,-0.4196846,0.7962674,0.1057573,-0.3492063,1.203748,0.4289005,-0.435839,0.6295591,0.5609034,False,2,1,0
6/25/2025 12:45:52 PM,1750848352370,Right,-0.3742639,0.6731965,0.5112891,-0.1586086,0.8151499,0.21716,-0.3742635,0.6738111,0.5109199,-0.4196846,0.7962674,0.1057573,-0.3575073,1.204198,0.4283092,-0.4463892,0.629528,0.5584949,False,2,1,0
6/25/2025 12:45:52 PM,1750848352384,Right,-0.384166,0.6723787,0.5105025,-0.1664605,0.815624,0.2206361,-0.384166,0.6723787,0.5105025,-0.4196846,0.7962674,0.1057573,-0.365992,1.204481,0.4276633,-0.4568732,0.6279253,0.5570218,False,2,1,0
6/25/2025 12:45:52 PM,1750848352411,Right,-0.4044985,0.6691889,0.5104045,-0.1836349,0.8164749,0.2287844,-0.4044985,0.6691889,0.5104045,-0.4196846,0.7962674,0.1057573,-0.3835042,1.204636,0.4269599,-0.4781725,0.6243739,0.5550167,False,2,1,0
6/25/2025 12:45:52 PM,1750848352426,Right,-0.4149994,0.6671147,0.5108802,-0.1923027,0.8171287,0.2332779,-0.4149994,0.6671147,0.5108802,-0.4196846,0.7962674,0.1057573,-0.3923398,1.204404,0.4271063,-0.4889908,0.6220791,0.5547385,False,2,1,0
6/25/2025 12:45:52 PM,1750848352454,Right,-0.4367995,0.6620633,0.5125358,-0.2098162,0.8192082,0.2431986,-0.4366931,0.6622583,0.5123553,-0.4196846,0.7962674,0.1057573,-0.4098592,1.203425,0.4279581,-0.5108353,0.6163027,0.5549875,False,2,1,0
6/25/2025 12:45:52 PM,1750848352467,Right,-0.4481374,0.6594969,0.5137097,-0.2188846,0.8206124,0.2492348,-0.4480187,0.6596166,0.5135731,-0.4196846,0.7962674,0.1057573,-0.4190415,1.202733,0.4285293,-0.5222731,0.6133843,0.5557078,False,2,1,0
6/25/2025 12:45:52 PM,1750848352495,Right,-0.4712878,0.655169,0.515613,-0.2359463,0.8236977,0.2608175,-0.4712878,0.655169,0.515613,-0.4196846,0.7962674,0.1057573,-0.437633,1.200633,0.4303774,-0.5461274,0.6076856,0.5552469,False,2,1,0
6/25/2025 12:45:52 PM,1750848352509,Right,-0.4832895,0.652952,0.5163205,-0.2446158,0.8253685,0.2667447,-0.4832895,0.652952,0.5163205,-0.4196846,0.7962674,0.1057573,-0.4467405,1.198928,0.4315578,-0.5586404,0.604785,0.5541182,False,2,1,0
6/25/2025 12:45:52 PM,1750848352537,Right,-0.5078069,0.6496814,0.5165528,-0.2631748,0.8281139,0.2790028,-0.5078069,0.6496814,0.5165528,-0.4196846,0.7962674,0.1057573,-0.4640191,1.19417,0.4343557,-0.5850145,0.60233,0.5515288,False,2,1,0
6/25/2025 12:45:52 PM,1750848352550,Right,-0.5211672,0.6473706,0.5151837,-0.2732338,0.8293902,0.2855251,-0.5202733,0.6477599,0.5160689,-0.4196846,0.7962674,0.1057573,-0.4730595,1.191221,0.435886,-0.5981773,0.6005373,0.5496471,False,2,1,0
6/25/2025 12:45:52 PM,1750848352564,Right,-0.5345179,0.6447667,0.5137855,-0.283734,0.831418,0.2919288,-0.5345179,0.6447667,0.5137855,-0.4196846,0.7962674,0.1057573,-0.4828446,1.187644,0.437529,-0.6130016,0.5975816,0.5460399,False,2,1,0
6/25/2025 12:45:52 PM,1750848352592,Right,-0.5617722,0.6393596,0.5101715,-0.3057894,0.8376696,0.3030697,-0.5617722,0.6393596,0.5101715,-0.4196846,0.7962674,0.1057573,-0.5022697,1.178617,0.4403956,-0.6419991,0.5927539,0.5387731,False,2,1,0
6/25/2025 12:45:52 PM,1750848352607,Right,-0.5757428,0.635482,0.5082237,-0.3175118,0.8408594,0.3079628,-0.5757428,0.635482,0.5082237,-0.4196846,0.7962674,0.1057573,-0.5108534,1.172112,0.4414085,-0.6564928,0.5886237,0.5348737,False,2,1,0
6/25/2025 12:45:52 PM,1750848352634,Right,-0.6024863,0.6242431,0.5028223,-0.3409635,0.845225,0.3166879,-0.6024863,0.6242431,0.5028223,-0.4196846,0.7962674,0.1057573,-0.5250856,1.157844,0.44274,-0.6840912,0.5764554,0.52481,False,2,1,0
6/25/2025 12:45:52 PM,1750848352647,Right,-0.6149834,0.6183982,0.4999282,-0.352271,0.8466547,0.3205366,-0.6149834,0.6183982,0.4999282,-0.4196846,0.7962674,0.1057573,-0.5323752,1.150546,0.442919,-0.6969993,0.5704044,0.5198404,False,2,1,0
6/25/2025 12:45:52 PM,1750848352676,Right,-0.6384069,0.6068132,0.4955268,-0.3731817,0.8483885,0.3272036,-0.6385516,0.6071659,0.4953543,-0.4196846,0.7962674,0.1057573,-0.5486099,1.136164,0.4421444,-0.7220451,0.5609444,0.513212,False,2,1,0
6/25/2025 12:45:52 PM,1750848352689,Right,-0.6505667,0.6006041,0.4944028,-0.3821591,0.8486379,0.330231,-0.6505667,0.6006041,0.4944028,-0.4196846,0.7962674,0.1057573,-0.5583755,1.128838,0.4417211,-0.7338014,0.553818,0.5119966,False,2,1,0
6/25/2025 12:45:52 PM,1750848352717,Right,-0.6746496,0.5858793,0.4930069,-0.3961725,0.8466342,0.3378376,-0.6746496,0.5858793,0.4930069,-0.4196846,0.7962674,0.1057573,-0.5818487,1.114789,0.441159,-0.7565395,0.5367279,0.5104618,False,2,1,0
6/25/2025 12:45:52 PM,1750848352731,Right,-0.6866277,0.5777655,0.4921238,-0.4017633,0.8446729,0.3429965,-0.6866277,0.5777655,0.4921238,-0.4196846,0.7962674,0.1057573,-0.593258,1.106776,0.4415307,-0.767629,0.527153,0.5095499,False,2,1,0
6/25/2025 12:45:52 PM,1750848352746,Right,-0.6985396,0.5680465,0.491046,-0.4055074,0.8410909,0.3496635,-0.698557,0.568359,0.4910451,-0.4196846,0.7962674,0.1057573,-0.6033398,1.097697,0.4417062,-0.7783964,0.5159124,0.5084094,False,2,1,0
6/25/2025 12:45:52 PM,1750848352773,Right,-0.7226969,0.547121,0.4885268,-0.4138837,0.836475,0.3629965,-0.7226955,0.5479991,0.488585,-0.4196846,0.7962674,0.1057573,-0.6222354,1.078254,0.4419067,-0.8009516,0.4932005,0.5058932,False,2,1,0
6/25/2025 12:45:52 PM,1750848352787,Right,-0.7347163,0.5350991,0.4867907,-0.4168358,0.8359462,0.3682986,-0.7347268,0.5355772,0.4868774,-0.4196846,0.7962674,0.1057573,-0.6311535,1.067646,0.4419852,-0.8120332,0.4794201,0.5040992,False,2,1,0
6/25/2025 12:45:52 PM,1750848352814,Right,-0.7583007,0.5082859,0.4812053,-0.4256002,0.8359094,0.3745692,-0.7584194,0.5092778,0.4816692,-0.4196846,0.7962674,0.1057573,-0.6492594,1.044417,0.4411298,-0.8345411,0.4512928,0.4980916,False,2,1,0
6/25/2025 12:45:52 PM,1750848352828,Right,-0.7697116,0.4943216,0.4777626,-0.4311905,0.8347241,0.3758825,-0.7698032,0.494768,0.4779869,-0.4196846,0.7962674,0.1057573,-0.6582252,1.032025,0.4406784,-0.8460191,0.4368291,0.4941334,False,2,1,0
6/25/2025 12:45:52 PM,1750848352856,Right,-0.7911361,0.4642256,0.4702274,-0.4439079,0.8279398,0.3765129,-0.7911361,0.4642256,0.4702274,-0.4196846,0.7962674,0.1057573,-0.6751465,1.005954,0.4404875,-0.8680186,0.4070333,0.4858679,False,2,1,0
6/25/2025 12:45:52 PM,1750848352870,Right,-0.8006569,0.4480021,0.4670649,-0.4511592,0.8218284,0.375111,-0.8008784,0.4483604,0.4670208,-0.4196846,0.7962674,0.1057573,-0.6824774,0.9931116,0.4403417,-0.8777766,0.3911052,0.4823505,False,2,1,0
6/25/2025 12:45:52 PM,1750848352884,Right,-0.8103341,0.4323445,0.4646635,-0.4583579,0.8162383,0.3742728,-0.8103341,0.4323445,0.4646635,-0.4196846,0.7962674,0.1057573,-0.6899594,0.9804514,0.4403491,-0.886649,0.374341,0.4800947,False,2,1,0
6/25/2025 12:45:52 PM,1750848352912,Right,-0.8250166,0.3959705,0.4613817,-0.4770423,0.7968249,0.36702,-0.8253833,0.3963465,0.4612807,-0.4196846,0.7962674,0.1057573,-0.7053694,0.9553828,0.4405622,-0.8982223,0.3345469,0.4786523,False,2,1,0
6/25/2025 12:45:52 PM,1750848352926,Right,-0.8317338,0.3778652,0.4599328,-0.48724,0.7855563,0.3645936,-0.8320731,0.3781177,0.4597812,-0.4196846,0.7962674,0.1057573,-0.7134389,0.9432631,0.4409021,-0.9028524,0.3143118,0.4783713,False,2,1,0
6/25/2025 12:45:52 PM,1750848352953,Right,-0.8449727,0.3455461,0.4587044,-0.50819,0.7634451,0.3596017,-0.8453022,0.3454342,0.4583545,-0.4196846,0.7962674,0.1057573,-0.730111,0.920356,0.4413874,-0.9128386,0.2784157,0.4776896,False,2,1,0
6/25/2025 12:45:52 PM,1750848352968,Right,-0.8522106,0.3292722,0.4583302,-0.5190837,0.7535602,0.3560154,-0.8523084,0.3293381,0.4581516,-0.4196846,0.7962674,0.1057573,-0.7381426,0.9099145,0.4417812,-0.9174868,0.2601316,0.4778678,False,2,1,0
6/25/2025 12:45:52 PM,1750848352995,Right,-0.8658067,0.2969456,0.4575886,-0.541073,0.735197,0.3482003,-0.8658067,0.2969456,0.4575886,-0.4196846,0.7962674,0.1057573,-0.7527362,0.8895204,0.4423957,-0.9268106,0.2244148,0.4786669,False,3,1,0
6/25/2025 12:45:53 PM,1750848353009,Right,-0.8713039,0.2817046,0.4564627,-0.5528919,0.7256886,0.344743,-0.8719276,0.281423,0.4565693,-0.4196846,0.7962674,0.1057573,-0.7587651,0.8802463,0.4430401,-0.9315083,0.2077691,0.4778235,False,3,1,0
6/25/2025 12:45:53 PM,1750848353023,Right,-0.8750583,0.2672665,0.4546347,-0.5648063,0.7160571,0.3414547,-0.8758806,0.2669484,0.454596,-0.4196846,0.7962674,0.1057573,-0.7651705,0.8721057,0.4437723,-0.9342822,0.1922275,0.4753937,False,3,1,0
6/25/2025 12:45:53 PM,1750848353050,Right,-0.8818153,0.2398193,0.4513215,-0.5878049,0.6985055,0.3348486,-0.8818153,0.2398193,0.4513215,-0.4196846,0.7962674,0.1057573,-0.7787503,0.8577963,0.4457824,-0.9378341,0.1630767,0.4712953,False,3,1,0
6/25/2025 12:45:53 PM,1750848353065,Right,-0.8825403,0.2283848,0.4514012,-0.5989062,0.6919973,0.331683,-0.8832656,0.2276763,0.4511331,-0.4196846,0.7962674,0.1057573,-0.7861649,0.852807,0.4469237,-0.9374009,0.1497176,0.4715854,False,3,1,0
6/25/2025 12:45:53 PM,1750848353092,Right,-0.8857213,0.2082001,0.4518914,-0.6191736,0.6811441,0.3269607,-0.885974,0.2073896,0.4519293,-0.4196846,0.7962674,0.1057573,-0.7989537,0.8442686,0.4502952,-0.9355609,0.1270438,0.4745608,False,3,1,0
6/25/2025 12:45:53 PM,1750848353106,Right,-0.8877877,0.2027872,0.4519845,-0.6278692,0.6780767,0.3262765,-0.8877877,0.2027872,0.4519845,-0.4196846,0.7962674,0.1057573,-0.8043119,0.8411657,0.4525958,-0.9377885,0.1228754,0.4752334,False,3,1,0
6/25/2025 12:45:53 PM,1750848353134,Right,-0.8934633,0.1997943,0.4518011,-0.641445,0.6753883,0.3256762,-0.8934633,0.1997943,0.4518011,-0.4196846,0.7962674,0.1057573,-0.8139111,0.8376886,0.4563508,-0.9452475,0.1211464,0.4754524,False,3,1,0
6/25/2025 12:45:53 PM,1750848353147,Right,-0.8964654,0.2035772,0.4519905,-0.6466933,0.6748356,0.326785,-0.8964654,0.2035772,0.4519905,-0.4196846,0.7962674,0.1057573,-0.818035,0.8377199,0.4577806,-0.9500915,0.1260766,0.4753227,False,3,1,0
6/25/2025 12:45:53 PM,1750848353175,Right,-0.9006816,0.2176121,0.4516095,-0.6531345,0.6755332,0.331214,-0.9006816,0.2176121,0.4516095,-0.4196846,0.7962674,0.1057573,-0.8258997,0.8413403,0.462448,-0.9579466,0.1418876,0.471932,False,3,1,0
6/25/2025 12:45:53 PM,1750848353189,Right,-0.9012777,0.2261723,0.4509251,-0.6561903,0.6763787,0.3333642,-0.9012777,0.2261723,0.4509251,-0.4196846,0.7962674,0.1057573,-0.8301953,0.8455334,0.4647719,-0.9598861,0.1510365,0.4695302,False,3,1,0
6/25/2025 12:45:53 PM,1750848353217,Right,-0.8995351,0.2492314,0.4493284,-0.6640676,0.6808493,0.3352023,-0.8995351,0.2492314,0.4493284,-0.4196846,0.7962674,0.1057573,-0.8386456,0.8578049,0.4683533,-0.9638112,0.1784595,0.4662521,False,3,1,0
6/25/2025 12:45:53 PM,1750848353231,Right,-0.897704,0.2608623,0.448716,-0.6679701,0.6848146,0.334779,-0.8980645,0.2600577,0.4487076,-0.4196846,0.7962674,0.1057573,-0.8430246,0.8661574,0.4708911,-0.9640052,0.1908277,0.4656051,False,3,1,0
6/25/2025 12:45:53 PM,1750848353245,Right,-0.8951102,0.2742324,0.4481776,-0.6712226,0.689612,0.3342018,-0.8957952,0.272645,0.4481922,-0.4196846,0.7962674,0.1057573,-0.8471433,0.8749569,0.4741398,-0.9632156,0.2048314,0.464994,False,3,1,0
6/25/2025 12:45:53 PM,1750848353273,Right,-0.8897856,0.3028412,0.4468323,-0.6762592,0.6992701,0.3338866,-0.8897856,0.3028412,0.4468323,-0.4196846,0.7962674,0.1057573,-0.8544756,0.8941641,0.4810026,-0.9599023,0.2372795,0.4613859,False,3,1,0
6/25/2025 12:45:53 PM,1750848353287,Right,-0.8864292,0.3191389,0.446354,-0.6784815,0.7040707,0.333957,-0.8867222,0.3183901,0.4463416,-0.4196846,0.7962674,0.1057573,-0.8574313,0.9047341,0.4849238,-0.9576387,0.2535353,0.4601687,False,3,1,0
6/25/2025 12:45:53 PM,1750848353314,Right,-0.8787163,0.3527854,0.4446933,-0.6839699,0.7124293,0.3327092,-0.8787163,0.3527854,0.4446933,-0.4196846,0.7962674,0.1057573,-0.861925,0.9268892,0.4932842,-0.9514101,0.289939,0.4585656,False,3,1,0
6/25/2025 12:45:53 PM,1750848353328,Right,-0.8727595,0.3731857,0.4426061,-0.6872445,0.7172476,0.3309227,-0.8727595,0.3731857,0.4426061,-0.4196846,0.7962674,0.1057573,-0.8630899,0.9393008,0.4977432,-0.9471979,0.3122543,0.4557506,False,3,1,0
6/25/2025 12:45:53 PM,1750848353356,Right,-0.8608829,0.412023,0.4382241,-0.6952263,0.7287444,0.3254713,-0.8608829,0.412023,0.4382241,-0.4196846,0.7962674,0.1057573,-0.8645922,0.9654266,0.5063297,-0.9370579,0.3526887,0.4483876,False,3,1,0
6/25/2025 12:45:53 PM,1750848353370,Right,-0.8542453,0.432483,0.4364991,-0.6997489,0.7351747,0.3226185,-0.8545071,0.4320689,0.4364955,-0.4196846,0.7962674,0.1057573,-0.8643838,0.9796076,0.5110415,-0.9313976,0.3735272,0.4458335,False,3,1,0
6/25/2025 12:45:53 PM,1750848353384,Right,-0.8476208,0.4527415,0.4351805,-0.7041258,0.7423418,0.3198112,-0.8478631,0.4523996,0.4351722,-0.4196846,0.7962674,0.1057573,-0.8640653,0.9945918,0.5159512,-0.9254655,0.3947636,0.4442525,False,3,1,0
6/25/2025 12:45:53 PM,1750848353412,Right,-0.8335012,0.4942294,0.4324621,-0.7135082,0.75664,0.3157158,-0.8339106,0.4936597,0.4324741,-0.4196846,0.7962674,0.1057573,-0.8625766,1.026899,0.5256845,-0.9128088,0.4377086,0.4409025,False,3,1,0
6/25/2025 12:45:53 PM,1750848353426,Right,-0.8264896,0.5152005,0.431263,-0.7192034,0.7643575,0.3136992,-0.8264896,0.5152005,0.431263,-0.4196846,0.7962674,0.1057573,-0.8610672,1.044204,0.5307732,-0.9058251,0.4598132,0.4393009,False,3,1,0
6/25/2025 12:45:53 PM,1750848353454,Right,-0.8131791,0.5593448,0.4313517,-0.7320811,0.7814021,0.3085203,-0.8131791,0.5593448,0.4313517,-0.4196846,0.7962674,0.1057573,-0.8573607,1.080412,0.5405079,-0.8937992,0.5058177,0.4392085,False,3,1,0
6/25/2025 12:45:53 PM,1750848353468,Right,-0.8073109,0.5819769,0.4335269,-0.7385937,0.7893004,0.3059757,-0.8072065,0.58154,0.4327872,-0.4196846,0.7962674,0.1057573,-0.8546067,1.09902,0.5455133,-0.8882219,0.5286402,0.4408244,False,3,1,0
6/25/2025 12:45:53 PM,1750848353495,Right,-0.795796,0.6249282,0.4388217,-0.7498251,0.8008106,0.3016071,-0.795796,0.6249282,0.4388217,-0.4196846,0.7962674,0.1057573,-0.8468591,1.135739,0.5549506,-0.8761729,0.5714917,0.4493374,False,3,1,0
6/25/2025 12:45:53 PM,1750848353509,Right,-0.7905327,0.6456479,0.443308,-0.7549735,0.803271,0.3006903,-0.7905327,0.6456479,0.443308,-0.4196846,0.7962674,0.1057573,-0.8423268,1.153703,0.5594087,-0.8704438,0.591916,0.4557007,False,3,1,0
6/25/2025 12:45:53 PM,1750848353537,Right,-0.7802643,0.6856251,0.4517659,-0.7699775,0.8096996,0.2996098,-0.7802643,0.6856251,0.4517659,-0.4196846,0.7962674,0.1057573,-0.8294598,1.189399,0.5676845,-0.8599772,0.632592,0.4678851,False,3,1,0
6/25/2025 12:45:53 PM,1750848353551,Right,-0.7750751,0.7047568,0.4561777,-0.7799324,0.8173926,0.2963789,-0.7750386,0.704968,0.4559612,-0.4196846,0.7962674,0.1057573,-0.8230747,1.206516,0.5719845,-0.8547945,0.6524723,0.4735593,False,3,1,0
6/25/2025 12:45:53 PM,1750848353565,Right,-0.7699288,0.7231159,0.4605787,-0.7904946,0.8261463,0.2929435,-0.7699288,0.7231159,0.4605787,-0.4196846,0.7962674,0.1057573,-0.8158313,1.222756,0.5763667,-0.8497218,0.6711825,0.4796177,False,3,1,0
6/25/2025 12:45:53 PM,1750848353593,Right,-0.7595643,0.7580746,0.4690353,-0.8120881,0.8392587,0.2888776,-0.7595659,0.7583585,0.4689699,-0.4196846,0.7962674,0.1057573,-0.7992111,1.252269,0.584703,-0.8396466,0.7077916,0.4903373,False,3,1,0
6/25/2025 12:45:53 PM,1750848353607,Right,-0.7542008,0.7750084,0.4731532,-0.8206133,0.8443471,0.2896079,-0.7542008,0.7750084,0.4731532,-0.4196846,0.7962674,0.1057573,-0.7899054,1.265224,0.5881807,-0.8347815,0.725545,0.4952125,False,3,1,0
6/25/2025 12:45:53 PM,1750848353634,Right,-0.7434751,0.8068557,0.4821955,-0.8318666,0.8544175,0.2993102,-0.7434751,0.8068557,0.4821955,-0.4196846,0.7962674,0.1057573,-0.7704321,1.288624,0.5930082,-0.8246538,0.7592353,0.5060449,False,3,1,0
6/25/2025 12:45:53 PM,1750848353648,Right,-0.7382308,0.821737,0.4867706,-0.8358516,0.8595551,0.3058872,-0.7382308,0.821737,0.4867706,-0.4196846,0.7962674,0.1057573,-0.761391,1.300429,0.5947362,-0.8194903,0.7747729,0.5116257,False,3,1,0
6/25/2025 12:45:53 PM,1750848353676,Right,-0.7278055,0.8501724,0.4963964,-0.8419248,0.8711887,0.3189567,-0.7278055,0.8501724,0.4963964,-0.4196846,0.7962674,0.1057573,-0.743204,1.322526,0.5987409,-0.8091068,0.8048959,0.5240843,False,3,1,0
6/25/2025 12:45:53 PM,1750848353690,Right,-0.722541,0.8615984,0.5018522,-0.8388215,0.8771834,0.3286505,-0.7225596,0.8618833,0.501799,-0.4196846,0.7962674,0.1057573,-0.734038,1.332412,0.6006583,-0.8038573,0.8175166,0.5309327,False,3,1,0
6/25/2025 12:45:53 PM,1750848353704,Right,-0.7171746,0.874334,0.5065075,-0.837721,0.880734,0.3357078,-0.7171732,0.8746572,0.506538,-0.4196846,0.7962674,0.1057573,-0.7239739,1.342274,0.6026442,-0.7986707,0.8315001,0.5369044,False,3,1,0
6/25/2025 12:45:53 PM,1750848353732,Right,-0.7067229,0.8982062,0.5149351,-0.8345376,0.8817524,0.3499451,-0.70673,0.8985002,0.514957,-0.4196846,0.7962674,0.1057573,-0.7032405,1.361268,0.6051687,-0.7885084,0.8575883,0.5475914,False,3,1,0
6/25/2025 12:45:53 PM,1750848353746,Right,-0.7012693,0.9095193,0.519276,-0.8324395,0.8808566,0.356537,-0.7012893,0.9097445,0.519293,-0.4196846,0.7962674,0.1057573,-0.6929122,1.370499,0.6057831,-0.7831621,0.8703613,0.5535318,False,3,1,0
6/25/2025 12:45:53 PM,1750848353773,Right,-0.6901335,0.9318083,0.5278794,-0.8274933,0.8810345,0.3672293,-0.6901876,0.9322923,0.5278587,-0.4196846,0.7962674,0.1057573,-0.6714751,1.388289,0.6064105,-0.772391,0.8952285,0.5638499,False,3,1,0
6/25/2025 12:45:53 PM,1750848353787,Right,-0.6845132,0.9424421,0.5324197,-0.824124,0.8821816,0.3717046,-0.6845132,0.9424421,0.5324197,-0.4196846,0.7962674,0.1057573,-0.6609007,1.396545,0.606887,-0.7665257,0.9058185,0.5692862,False,3,1,0
6/25/2025 12:45:53 PM,1750848353814,Right,-0.6731211,0.9627523,0.5416906,-0.8152,0.8814778,0.3819851,-0.6731211,0.9627523,0.5416906,-0.4196846,0.7962674,0.1057573,-0.6402026,1.411362,0.6065149,-0.7547991,0.9275889,0.5806614,False,3,1,0
6/25/2025 12:45:53 PM,1750848353829,Right,-0.6674992,0.9724138,0.5466751,-0.8100008,0.879447,0.3881801,-0.6674992,0.9724138,0.5466751,-0.4196846,0.7962674,0.1057573,-0.6303662,1.418396,0.6050773,-0.74858,0.9386277,0.5880379,False,3,1,0
6/25/2025 12:45:53 PM,1750848353856,Right,-0.6569732,0.9904361,0.5563644,-0.801304,0.8798884,0.399322,-0.6569496,0.990622,0.5563439,-0.4196846,0.7962674,0.1057573,-0.6120573,1.431383,0.6020101,-0.7362779,0.9587759,0.6023803,False,3,1,0
6/25/2025 12:45:53 PM,1750848353871,Right,-0.651606,0.9994134,0.5612228,-0.7972227,0.8825021,0.4046077,-0.6516215,0.9994918,0.561204,-0.4196846,0.7962674,0.1057573,-0.603783,1.437814,0.6002016,-0.7300014,0.9689484,0.6096826,False,3,1,0
6/25/2025 12:45:53 PM,1750848353885,Right,-0.6461316,1.008705,0.5659134,-0.7929648,0.8853561,0.4102991,-0.6461316,1.008705,0.5659134,-0.4196846,0.7962674,0.1057573,-0.5952164,1.443479,0.5982679,-0.7238866,0.9792815,0.616062,False,3,1,0
6/25/2025 12:45:53 PM,1750848353912,Right,-0.6354221,1.02701,0.57493,-0.7830335,0.8884767,0.4229825,-0.6354221,1.02701,0.57493,-0.4196846,0.7962674,0.1057573,-0.5792252,1.454445,0.5934279,-0.71157,0.9996201,0.628575,False,3,1,0
6/25/2025 12:45:53 PM,1750848353927,Right,-0.6297354,1.036893,0.5788894,-0.7773072,0.889141,0.429485,-0.6297795,1.036811,0.5789909,-0.4196846,0.7962674,0.1057573,-0.5713233,1.459237,0.5909486,-0.705193,1.011488,0.6346511,False,3,1,0
6/25/2025 12:45:53 PM,1750848353954,Right,-0.6184145,1.057755,0.5865692,-0.764675,0.8893738,0.4425669,-0.6184145,1.057755,0.5865692,-0.4196846,0.7962674,0.1057573,-0.5559591,1.468672,0.5864263,-0.6927599,1.036499,0.6452839,False,3,1,0
6/25/2025 12:45:53 PM,1750848353968,Right,-0.6125942,1.068452,0.5914794,-0.7577726,0.8887891,0.4494911,-0.6125942,1.068452,0.5914794,-0.4196846,0.7962674,0.1057573,-0.5489324,1.473063,0.5838977,-0.6855975,1.047715,0.6520351,False,3,1,0
6/25/2025 12:45:53 PM,1750848353995,Right,-0.5993305,1.090277,0.6003479,-0.744984,0.8897451,0.4622858,-0.5994526,1.09027,0.6004394,-0.4196846,0.7962674,0.1057573,-0.5346471,1.48107,0.5782979,-0.6706715,1.07186,0.6638068,False,3,1,0
6/25/2025 12:45:54 PM,1750848354009,Right,-0.5924133,1.100067,0.6036896,-0.7382222,0.8905795,0.4687437,-0.5924133,1.100067,0.6036896,-0.4196846,0.7962674,0.1057573,-0.5274402,1.484469,0.5755364,-0.6629125,1.083266,0.6682968,False,3,1,0
6/25/2025 12:45:54 PM,1750848354037,Right,-0.5773288,1.11575,0.6101524,-0.7231973,0.8908063,0.4815198,-0.5773288,1.11575,0.6101524,-0.4196846,0.7962674,0.1057573,-0.5133036,1.489595,0.5704434,-0.6461268,1.101873,0.6772401,False,3,1,0
6/25/2025 12:45:54 PM,1750848354051,Right,-0.5684325,1.120178,0.6153985,-0.7150608,0.8899966,0.4872272,-0.5687348,1.120775,0.6151637,-0.4196846,0.7962674,0.1057573,-0.5066265,1.490915,0.5681815,-0.6359555,1.106477,0.6837453,False,3,1,0
6/25/2025 12:45:54 PM,1750848354065,Right,-0.5588058,1.123979,0.621209,-0.7069193,0.8889406,0.4927164,-0.5592228,1.124704,0.6209503,-0.4196846,0.7962674,0.1057573,-0.5004421,1.492117,0.5659751,-0.6244426,1.109984,0.6913505,False,3,1,0
6/25/2025 12:45:54 PM,1750848354093,Right,-0.5357031,1.124215,0.6344434,-0.6889445,0.8852096,0.5025532,-0.5361639,1.125184,0.6342088,-0.4196846,0.7962674,0.1057573,-0.489045,1.492238,0.5619859,-0.596438,1.108964,0.7085755,False,3,1,0
6/25/2025 12:45:54 PM,1750848354107,Right,-0.5225798,1.119519,0.6417813,-0.6805316,0.882444,0.5063779,-0.5225798,1.119519,0.6417813,-0.4196846,0.7962674,0.1057573,-0.4833512,1.491335,0.5605627,-0.5785904,1.101701,0.7190591,False,3,1,0
6/25/2025 12:45:54 PM,1750848354135,Right,-0.494202,1.107162,0.6563605,-0.6662863,0.8758718,0.5126206,-0.494202,1.107162,0.6563605,-0.4196846,0.7962674,0.1057573,-0.472741,1.488327,0.559437,-0.5418882,1.087388,0.7385888,False,3,1,0
6/25/2025 12:45:54 PM,1750848354149,Right,-0.4781929,1.0958,0.6638889,-0.6605161,0.8721592,0.5147623,-0.478685,1.096999,0.6637559,-0.4196846,0.7962674,0.1057573,-0.4678506,1.485927,0.5601647,-0.5222687,1.074867,0.7476434,False,3,1,0
6/25/2025 12:45:54 PM,1750848354177,Right,-0.4444093,1.069883,0.6784967,-0.6511122,0.8646631,0.5184051,-0.4449378,1.070936,0.678475,-0.4196846,0.7962674,0.1057573,-0.4589528,1.480363,0.5631669,-0.4795811,1.041993,0.7644323,False,3,1,0
6/25/2025 12:45:54 PM,1750848354190,Right,-0.4261678,1.055388,0.6851579,-0.6472222,0.8605282,0.5197033,-0.4261678,1.055388,0.6851579,-0.4196846,0.7962674,0.1057573,-0.454445,1.476866,0.5653592,-0.4562116,1.022418,0.7713954,False,3,1,0
6/25/2025 12:45:54 PM,1750848354204,Right,-0.4073218,1.040963,0.6909086,-0.6431886,0.8563781,0.5208597,-0.4083171,1.042286,0.6912823,-0.4196846,0.7962674,0.1057573,-0.4501171,1.472524,0.5678231,-0.4338325,1.005989,0.7776418,False,3,1,0
6/25/2025 12:45:54 PM,1750848354232,Right,-0.3692425,1.016212,0.6990415,-0.6355449,0.8486602,0.5216784,-0.3692425,1.016212,0.6990415,-0.4196846,0.7962674,0.1057573,-0.4410859,1.463415,0.5741966,-0.3836126,0.9780308,0.7871447,False,3,1,0
6/25/2025 12:45:54 PM,1750848354246,Right,-0.3508343,1.007127,0.7005839,-0.6319312,0.8459094,0.520999,-0.3508343,1.007127,0.7005839,-0.4196846,0.7962674,0.1057573,-0.4360739,1.458694,0.5779226,-0.360354,0.9708127,0.7901223,False,3,1,0
6/25/2025 12:45:54 PM,1750848354273,Right,-0.3144196,0.9978916,0.7041159,-0.6242121,0.8408392,0.5194222,-0.3145486,0.997102,0.7042792,-0.4196846,0.7962674,0.1057573,-0.4246391,1.448662,0.5855175,-0.3166012,0.9637786,0.7954484,False,3,1,0
6/25/2025 12:45:54 PM,1750848354287,Right,-0.2960795,0.9949406,0.7068142,-0.6201986,0.8379887,0.5182885,-0.2961451,0.9941877,0.706949,-0.4196846,0.7962674,0.1057573,-0.4184338,1.443368,0.5890275,-0.2940323,0.9611225,0.7982108,False,3,1,0
6/25/2025 12:45:54 PM,1750848354315,Right,-0.2619518,0.9934272,0.7097331,-0.6111313,0.8315567,0.5138389,-0.2616743,0.992815,0.7100605,-0.4196846,0.7962674,0.1057573,-0.4050497,1.43184,0.5950221,-0.251942,0.9591416,0.8006026,False,3,1,0
6/25/2025 12:45:54 PM,1750848354329,Right,-0.2469863,0.9929246,0.7098898,-0.6060559,0.8281243,0.511274,-0.2469863,0.9929246,0.7098898,-0.4196846,0.7962674,0.1057573,-0.3978447,1.42616,0.597332,-0.2342124,0.9607493,0.8005985,False,3,1,0
6/25/2025 12:45:54 PM,1750848354357,Right,-0.2208468,0.995837,0.7081883,-0.594649,0.8213742,0.5042176,-0.2208468,0.995837,0.7081883,-0.4196846,0.7962674,0.1057573,-0.38262,1.4157,0.600976,-0.2036769,0.9682702,0.7996856,False,3,1,0
6/25/2025 12:45:54 PM,1750848354371,Right,-0.2076532,0.9975961,0.7075217,-0.5883707,0.818417,0.5002497,-0.2073928,0.9972252,0.7077146,-0.4196846,0.7962674,0.1057573,-0.3745936,1.41112,0.6022725,-0.187903,0.9706175,0.7990308,False,3,1,0
6/25/2025 12:45:54 PM,1750848354385,Right,-0.1946484,0.9989349,0.7065357,-0.5820369,0.815731,0.4961394,-0.1941999,0.9985543,0.7069206,-0.4196846,0.7962674,0.1057573,-0.3659285,1.407117,0.6032096,-0.1724826,0.9721594,0.797795,False,3,1,0
6/25/2025 12:45:54 PM,1750848354412,Right,-0.1699201,0.9985816,0.703392,-0.5702463,0.8106537,0.4874922,-0.1699201,0.9985816,0.703392,-0.4196846,0.7962674,0.1057573,-0.3478056,1.398724,0.6042862,-0.1443524,0.9729944,0.7934924,False,3,1,0
6/25/2025 12:45:54 PM,1750848354427,Right,-0.1590625,0.9970305,0.7008635,-0.5649248,0.8083394,0.4826435,-0.1587509,0.9971837,0.7010925,-0.4196846,0.7962674,0.1057573,-0.3384647,1.394811,0.6042516,-0.1316413,0.9721777,0.7909048,False,3,1,0
6/25/2025 12:45:54 PM,1750848354454,Right,-0.13676,0.9934535,0.6960256,-0.5546986,0.8040876,0.4735143,-0.1365957,0.9935746,0.6961739,-0.4196846,0.7962674,0.1057573,-0.3200198,1.388498,0.6034054,-0.106438,0.9702393,0.7854626,False,3,1,0
6/25/2025 12:45:54 PM,1750848354468,Right,-0.1254895,0.9916241,0.6935774,-0.5498844,0.8024949,0.4690788,-0.1254895,0.9916241,0.6935774,-0.4196846,0.7962674,0.1057573,-0.310043,1.385891,0.6022305,-0.09391915,0.9686849,0.7824796,False,3,1,0
6/25/2025 12:45:54 PM,1750848354495,Right,-0.1026348,0.9888243,0.6884292,-0.5405995,0.7998012,0.4605433,-0.1026348,0.9888243,0.6884292,-0.4196846,0.7962674,0.1057573,-0.2900562,1.381268,0.5992441,-0.06804691,0.9664223,0.7763401,False,3,1,0
6/25/2025 12:45:54 PM,1750848354509,Right,-0.09224033,0.9878645,0.6852814,-0.5363678,0.7990702,0.456421,-0.09224033,0.9878645,0.6852814,-0.4196846,0.7962674,0.1057573,-0.2798065,1.379299,0.5972139,-0.05719965,0.9645894,0.7727852,False,3,1,0
6/25/2025 12:45:54 PM,1750848354524,Right,-0.08173811,0.9872487,0.6825383,-0.5318083,0.798142,0.4522518,-0.08173812,0.9872487,0.6825383,-0.4196846,0.7962674,0.1057573,-0.2694451,1.37779,0.5952554,-0.04573344,0.9637221,0.7695822,False,3,1,0
6/25/2025 12:45:54 PM,1750848354552,Right,-0.06289661,0.9889885,0.6755415,-0.5221206,0.7967499,0.4434303,-0.06226457,0.9881331,0.6760067,-0.4196846,0.7962674,0.1057573,-0.2471434,1.377681,0.5910754,-0.02404658,0.9655021,0.7623416,False,3,1,0
6/25/2025 12:45:54 PM,1750848354565,Right,-0.05318499,0.991088,0.6718025,-0.5169083,0.7961558,0.4389677,-0.0531248,0.9907541,0.6719112,-0.4196846,0.7962674,0.1057573,-0.2353818,1.377762,0.5884356,-0.01398845,0.9692885,0.7581322,False,3,1,0
6/25/2025 12:45:54 PM,1750848354593,Right,-0.03203213,0.9973043,0.6637486,-0.5057205,0.7947472,0.4302164,-0.03206825,0.9970324,0.6638737,-0.4196846,0.7962674,0.1057573,-0.2120807,1.377977,0.5816151,0.008675028,0.975446,0.7493166,False,3,1,0
6/25/2025 12:45:54 PM,1750848354607,Right,-0.02140462,1.000205,0.6595037,-0.4999981,0.7939254,0.4260896,-0.02141107,1.000017,0.6596394,-0.4196846,0.7962674,0.1057573,-0.2000587,1.37817,0.5774641,0.01982641,0.9780141,0.7447383,False,3,1,0
6/25/2025 12:45:54 PM,1750848354635,Right,-0.0003752708,1.005104,0.6501352,-0.4883326,0.7919728,0.4184793,-0.0003107823,1.005152,0.6504028,-0.4196846,0.7962674,0.1057573,-0.1751755,1.379295,0.5692112,0.04181632,0.9823996,0.7348666,False,3,1,0
6/25/2025 12:45:54 PM,1750848354649,Right,0.009903312,1.006474,0.6451145,-0.4819684,0.7908803,0.4150324,0.009960055,1.006592,0.6452461,-0.4196846,0.7962674,0.1057573,-0.1616495,1.380714,0.565169,0.0519769,0.9833546,0.7296326,False,3,1,0
6/25/2025 12:45:54 PM,1750848354676,Right,0.03013098,1.007096,0.6343187,-0.469201,0.7887354,0.4086999,0.03013444,1.007323,0.6344544,-0.4196846,0.7962674,0.1057573,-0.1348902,1.382914,0.5561506,0.07172482,0.9837403,0.7189564,False,3,1,0
6/25/2025 12:45:54 PM,1750848354690,Right,0.04097319,1.006595,0.6286237,-0.4628136,0.7877191,0.4060872,0.04097318,1.006595,0.6286237,-0.4196846,0.7962674,0.1057573,-0.1209208,1.383737,0.5509449,0.08270096,0.9828643,0.7130166,False,3,1,0
6/25/2025 12:45:54 PM,1750848354705,Right,0.05261123,1.005587,0.6227789,-0.4566221,0.7868049,0.4035604,0.05261124,1.005587,0.6227789,-0.4196846,0.7962674,0.1057573,-0.1071587,1.384731,0.545857,0.0947853,0.9815184,0.7068534,False,3,1,0
6/25/2025 12:45:54 PM,1750848354732,Right,0.07728064,1.001943,0.6104031,-0.444173,0.7852765,0.3995149,0.07728064,1.001943,0.6104031,-0.4196846,0.7962674,0.1057573,-0.07917345,1.387945,0.5355862,0.1206223,0.9765078,0.6934754,False,3,1,0
6/25/2025 12:45:54 PM,1750848354746,Right,0.08971858,0.9977582,0.6036234,-0.437577,0.7845842,0.3982563,0.0896548,0.9982166,0.6037703,-0.4196846,0.7962674,0.1057573,-0.06562901,1.389619,0.5295314,0.1335915,0.9711722,0.6860178,False,3,1,0
6/25/2025 12:45:54 PM,1750848354774,Right,0.1120423,0.9878799,0.5888121,-0.4215471,0.7832847,0.3965071,0.1121272,0.9881865,0.5890257,-0.4196846,0.7962674,0.1057573,-0.03844249,1.393535,0.517327,0.155717,0.9577006,0.6702478,False,3,1,0
6/25/2025 12:45:54 PM,1750848354787,Right,0.1229588,0.9837523,0.5809243,-0.4123443,0.7829648,0.3958204,0.1230248,0.9839327,0.5811629,-0.4196846,0.7962674,0.1057573,-0.02492702,1.395773,0.5116066,0.1669227,0.9526021,0.6618962,False,3,1,0
6/25/2025 12:45:54 PM,1750848354815,Right,0.1456616,0.9772622,0.5630089,-0.390491,0.7832353,0.3960266,0.1456023,0.9772202,0.5632225,-0.4196846,0.7962674,0.1057573,0.001213074,1.400686,0.500687,0.1924877,0.9467458,0.6425923,False,3,1,0
6/25/2025 12:45:54 PM,1750848354830,Right,0.1577207,0.9744652,0.5540304,-0.3790867,0.7836152,0.3966595,0.1577207,0.9744652,0.5540304,-0.4196846,0.7962674,0.1057573,0.01436543,1.403244,0.4954875,0.2064066,0.9442099,0.6323936,False,3,1,0
6/25/2025 12:45:54 PM,1750848354857,Right,0.182032,0.9677789,0.5365319,-0.3534447,0.7866193,0.401226,0.1820239,0.967856,0.536602,-0.4196846,0.7962674,0.1057573,0.04056132,1.407824,0.4864556,0.2334629,0.9347256,0.611987,False,3,1,0
6/25/2025 12:45:54 PM,1750848354871,Right,0.1933037,0.9638692,0.5277693,-0.3401407,0.7893345,0.4049765,0.1935072,0.9640548,0.5278786,-0.4196846,0.7962674,0.1057573,0.05328572,1.409381,0.4818318,0.2461215,0.9290669,0.6015948,False,3,1,0
6/25/2025 12:45:54 PM,1750848354885,Right,0.2040464,0.9602782,0.5192022,-0.3265017,0.7925346,0.4094784,0.2040464,0.9602782,0.5192022,-0.4196846,0.7962674,0.1057573,0.06565821,1.410472,0.4770393,0.2578986,0.9240195,0.5913945,False,3,1,0
6/25/2025 12:45:54 PM,1750848354912,Right,0.2240081,0.9555771,0.5023661,-0.2981416,0.8000866,0.4201702,0.2241718,0.9554029,0.5023302,-0.4196846,0.7962674,0.1057573,0.09001946,1.412488,0.4676982,0.2811828,0.9202823,0.5726351,False,3,1,0
6/25/2025 12:45:54 PM,1750848354927,Right,0.2339622,0.9539031,0.4943777,-0.2835521,0.8041103,0.4261299,0.2340311,0.9537728,0.4943074,-0.4196846,0.7962674,0.1057573,0.1020375,1.413221,0.4628034,0.2925474,0.9196066,0.5638416,False,3,1,0
6/25/2025 12:45:54 PM,1750848354955,Right,0.2558366,0.9495043,0.4790001,-0.2546083,0.8114021,0.4380322,0.2558366,0.9495043,0.4790001,-0.4196846,0.7962674,0.1057573,0.1263738,1.414093,0.4524891,0.3173777,0.9144822,0.5454277,False,3,1,0
6/25/2025 12:45:54 PM,1750848354969,Right,0.2674519,0.9469761,0.4716332,-0.2397665,0.8149124,0.4444513,0.2672752,0.9470173,0.4714465,-0.4196846,0.7962674,0.1057573,0.1380728,1.414126,0.4478648,0.3300483,0.9108365,0.536076,False,3,1,0
6/25/2025 12:45:54 PM,1750848354996,Right,0.2896446,0.9407279,0.4574937,-0.2098001,0.8211137,0.45709,0.2896446,0.9407279,0.4574937,-0.4196846,0.7962674,0.1057573,0.161554,1.413582,0.4387106,0.354182,0.9012335,0.5183344,False,3,1,0
6/25/2025 12:45:55 PM,1750848355010,Right,0.3001474,0.9365129,0.4509468,-0.1948761,0.8231606,0.4630293,0.3001474,0.9365129,0.4509468,-0.4196846,0.7962674,0.1057573,0.1728516,1.412965,0.4339578,0.365468,0.8959767,0.5102472,False,3,1,0
6/25/2025 12:45:55 PM,1750848355038,Right,0.3205954,0.9276232,0.4381216,-0.1650563,0.8254886,0.4741166,0.3205954,0.9276232,0.4381216,-0.4196846,0.7962674,0.1057573,0.1959176,1.411904,0.4250457,0.3875863,0.8863276,0.4949843,False,3,1,0
6/25/2025 12:45:55 PM,1750848355052,Right,0.3309197,0.922169,0.4321625,-0.1502573,0.8259638,0.4797713,0.330917,0.9224517,0.4320364,-0.4196846,0.7962674,0.1057573,0.2074453,1.411111,0.4204245,0.398192,0.8798714,0.4876015,False,3,1,0
6/25/2025 12:45:55 PM,1750848355066,Right,0.3417221,0.9153928,0.4264427,-0.1358889,0.8258479,0.485599,0.3416368,0.9157338,0.4263438,-0.4196846,0.7962674,0.1057573,0.2187849,1.410159,0.416365,0.4084413,0.8705326,0.4803855,False,3,1,0
6/25/2025 12:45:55 PM,1750848355094,Right,0.365162,0.9022622,0.4138513,-0.1084365,0.8249286,0.4979701,0.364952,0.9023796,0.413909,-0.4196846,0.7962674,0.1057573,0.2409626,1.407353,0.4099737,0.4330159,0.8540943,0.4635307,False,3,1,0
6/25/2025 12:45:55 PM,1750848355107,Right,0.3779578,0.8960984,0.407014,-0.0952965,0.823862,0.5049443,0.3777491,0.8962216,0.407032,-0.4196846,0.7962674,0.1057573,0.2522395,1.405412,0.4069582,0.4477634,0.8484369,0.4543723,False,3,1,0
6/25/2025 12:45:55 PM,1750848355135,Right,0.4035062,0.8819244,0.394749,-0.0688076,0.8222108,0.5193322,0.4031843,0.8822452,0.3945827,-0.4196846,0.7962674,0.1057573,0.2750705,1.40101,0.4020787,0.474111,0.831454,0.4371989,False,3,1,0
6/25/2025 12:45:55 PM,1750848355149,Right,0.4164315,0.874902,0.389099,-0.05551112,0.8216257,0.526561,0.4164315,0.874902,0.389099,-0.4196846,0.7962674,0.1057573,0.2864357,1.398035,0.4000533,0.4874077,0.82252,0.4296576,False,3,1,0
6/25/2025 12:45:55 PM,1750848355177,Right,0.4424576,0.8602445,0.3786132,-0.02855074,0.8208953,0.540558,0.4423812,0.8603529,0.3784842,-0.4196846,0.7962674,0.1057573,0.3091792,1.390761,0.3978038,0.5140983,0.8052726,0.4138299,False,3,1,0
6/25/2025 12:45:55 PM,1750848355190,Right,0.4552915,0.853087,0.3737918,-0.01484096,0.8206951,0.5470058,0.4552415,0.8531147,0.3736467,-0.4196846,0.7962674,0.1057573,0.3208598,1.386366,0.3974785,0.5274311,0.7971889,0.4066235,False,3,1,0
6/25/2025 12:45:55 PM,1750848355204,Right,0.4682487,0.8459843,0.3693074,-0.001005411,0.8205196,0.5531532,0.4682487,0.8459843,0.3693074,-0.4196846,0.7962674,0.1057573,0.332795,1.381738,0.3974024,0.5410519,0.7897743,0.4003979,False,3,1,0
6/25/2025 12:45:55 PM,1750848355232,Right,0.4955804,0.8303776,0.3625853,0.02710187,0.8201512,0.5636573,0.4955804,0.8303776,0.3625853,-0.4196846,0.7962674,0.1057573,0.3574078,1.370315,0.3986301,0.5688577,0.7728651,0.3899575,False,3,1,0
6/25/2025 12:45:55 PM,1750848355246,Right,0.5095299,0.8224964,0.3602189,0.04099607,0.8194538,0.5674677,0.5094156,0.8225635,0.3599567,-0.4196846,0.7962674,0.1057573,0.3695811,1.363742,0.3998928,0.583106,0.7647777,0.3855891,False,3,1,0
6/25/2025 12:45:55 PM,1750848355274,Right,0.5367728,0.8058357,0.3566818,0.06835425,0.8161737,0.5726125,0.5367728,0.8058357,0.3566818,-0.4196846,0.7962674,0.1057573,0.392994,1.349728,0.4035984,0.6110185,0.7475421,0.3793958,False,3,1,0
6/25/2025 12:45:55 PM,1750848355287,Right,0.5494753,0.7959781,0.3569925,0.08183062,0.8134009,0.5726987,0.5495536,0.7962542,0.3565784,-0.4196846,0.7962674,0.1057573,0.4047796,1.342499,0.4059733,0.624142,0.737942,0.3780901,False,3,1,0
6/25/2025 12:45:55 PM,1750848355316,Right,0.574706,0.7751038,0.3580437,0.1081522,0.8075001,0.5718046,0.574706,0.7751038,0.3580437,-0.4196846,0.7962674,0.1057573,0.4291472,1.327595,0.41079,0.6496837,0.7163369,0.3767865,False,3,1,0
6/25/2025 12:45:55 PM,1750848355329,Right,0.5878561,0.7633564,0.3597071,0.1204653,0.8032606,0.5693411,0.5878112,0.7636132,0.3594298,-0.4196846,0.7962674,0.1057573,0.4418875,1.319654,0.4136575,0.6623967,0.7038723,0.3765916,False,3,1,0
6/25/2025 12:45:55 PM,1750848355358,Right,0.6155728,0.7405208,0.3620796,0.1448873,0.7943754,0.5667816,0.6154518,0.7407287,0.3618755,-0.4196846,0.7962674,0.1057573,0.4684402,1.303799,0.4200244,0.688134,0.6779262,0.3760043,False,3,1,0
6/25/2025 12:45:55 PM,1750848355371,Right,0.6291605,0.7283809,0.363812,0.1564096,0.7887772,0.5651277,0.6292018,0.7285993,0.3636136,-0.4196846,0.7962674,0.1057573,0.4821646,1.295628,0.4234589,0.7008537,0.664281,0.3760895,False,3,1,0
6/25/2025 12:45:55 PM,1750848355385,Right,0.6418597,0.7161241,0.3655059,0.1678752,0.7831259,0.5636908,0.6418597,0.7161241,0.3655059,-0.4196846,0.7962674,0.1057573,0.4961343,1.287414,0.4269354,0.7127005,0.6506239,0.3763596,False,3,1,0
6/25/2025 12:45:55 PM,1750848355413,Right,0.6658843,0.6902312,0.3697231,0.1896485,0.769385,0.5604247,0.6659891,0.6904382,0.3695699,-0.4196846,0.7962674,0.1057573,0.5250708,1.269924,0.4341609,0.7357913,0.6233245,0.3766339,False,3,1,0
6/25/2025 12:45:55 PM,1750848355426,Right,0.6778306,0.6770257,0.3719733,0.2001333,0.7620494,0.5589755,0.6779175,0.6772117,0.371825,-0.4196846,0.7962674,0.1057573,0.5394351,1.260533,0.4379241,0.7469951,0.6091924,0.3771319,False,3,1,0
6/25/2025 12:45:55 PM,1750848355454,Right,0.7008264,0.6488865,0.3778529,0.2205106,0.7470605,0.5568242,0.7009525,0.6491516,0.3776728,-0.4196846,0.7962674,0.1057573,0.5690513,1.240369,0.4466517,0.7680804,0.5791404,0.3820068,False,3,1,0
6/25/2025 12:45:55 PM,1750848355468,Right,0.7120985,0.6341555,0.3811237,0.2304765,0.7393128,0.5561996,0.7122081,0.6343774,0.3809769,-0.4196846,0.7962674,0.1057573,0.5854878,1.229494,0.4518636,0.7794766,0.5644378,0.3841224,False,3,1,0
6/25/2025 12:45:55 PM,1750848355496,Right,0.734023,0.6040658,0.3871639,0.2498754,0.7234011,0.5562935,0.734023,0.6040658,0.3871639,-0.4196846,0.7962674,0.1057573,0.6172765,1.206583,0.4613671,0.8027567,0.5355086,0.3886057,False,3,1,0
6/25/2025 12:45:55 PM,1750848355510,Right,0.7452018,0.5882742,0.3895764,0.2590958,0.7155393,0.557155,0.7451987,0.5885245,0.3896222,-0.4196846,0.7962674,0.1057573,0.6322888,1.194073,0.4661722,0.8129589,0.5189952,0.390474,False,3,1,0
6/25/2025 12:45:55 PM,1750848355538,Right,0.7685251,0.5560867,0.3933119,0.2770871,0.7002459,0.5602179,0.7685251,0.5560867,0.3933119,-0.4196846,0.7962674,0.1057573,0.6607271,1.167362,0.4753354,0.8340867,0.4845201,0.3907846,False,3,1,0
6/25/2025 12:45:55 PM,1750848355552,Right,0.7796893,0.5394236,0.3957969,0.2858788,0.6932465,0.5625489,0.7797968,0.5396234,0.3957169,-0.4196846,0.7962674,0.1057573,0.6735895,1.153446,0.4795892,0.8442956,0.467161,0.3917681,False,3,1,0
6/25/2025 12:45:55 PM,1750848355566,Right,0.7899086,0.5224449,0.3991294,0.2943736,0.6871567,0.5654079,0.790226,0.5227805,0.3988557,-0.4196846,0.7962674,0.1057573,0.6857442,1.139596,0.4834335,0.853828,0.4495546,0.394469,False,3,1,0
6/25/2025 12:45:55 PM,1750848355593,Right,0.8085251,0.4887475,0.4062159,0.3087906,0.6780703,0.5732334,0.808799,0.4888383,0.4061294,-0.4196846,0.7962674,0.1057573,0.7088857,1.112429,0.49,0.8721015,0.4153523,0.4017615,False,3,1,0
6/25/2025 12:45:55 PM,1750848355607,Right,0.8167791,0.4721479,0.4095916,0.3152149,0.673995,0.576907,0.8170643,0.4721828,0.4095595,-0.4196846,0.7962674,0.1057573,0.7199844,1.098773,0.4943006,0.8800607,0.3984479,0.4049639,False,3,1,0
6/25/2025 12:45:55 PM,1750848355635,Right,0.8323182,0.4397535,0.4149978,0.3249662,0.66721,0.5836767,0.832531,0.4396943,0.4150891,-0.4196846,0.7962674,0.1057573,0.7406556,1.073256,0.5022848,0.894533,0.3652508,0.4087323,False,3,1,0
6/25/2025 12:45:55 PM,1750848355648,Right,0.8398476,0.4243079,0.4171257,0.3277756,0.6644463,0.5863431,0.8400586,0.4241771,0.4171977,-0.4196846,0.7962674,0.1057573,0.7514287,1.060898,0.5057526,0.9012789,0.3492129,0.409521,False,3,1,0
6/25/2025 12:45:55 PM,1750848355676,Right,0.8531488,0.3948144,0.4221294,0.3317996,0.6584687,0.5910369,0.8534546,0.3946491,0.4220977,-0.4196846,0.7962674,0.1057573,0.771173,1.03592,0.5128691,0.9130719,0.3185335,0.4132279,False,3,1,0
6/25/2025 12:45:55 PM,1750848355690,Right,0.858781,0.3807074,0.4249756,0.3326045,0.6552512,0.5927819,0.858781,0.3807074,0.4249756,-0.4196846,0.7962674,0.1057573,0.7796152,1.024488,0.5162444,0.9179945,0.3042685,0.4161808,False,3,1,0
6/25/2025 12:45:55 PM,1750848355704,Right,0.8646585,0.3669749,0.4275534,0.3332804,0.6513445,0.5941569,0.8646585,0.3669749,0.4275534,-0.4196846,0.7962674,0.1057573,0.787787,1.013164,0.5190396,0.9232851,0.2901444,0.4182544,False,3,1,0
6/25/2025 12:45:55 PM,1750848355732,Right,0.8769816,0.3432632,0.4317613,0.3324925,0.6430086,0.5963792,0.8769816,0.3432632,0.4317613,-0.4196846,0.7962674,0.1057573,0.8029864,0.9904082,0.5230925,0.9345126,0.2657897,0.4210595,False,3,1,0
6/25/2025 12:45:55 PM,1750848355746,Right,0.8825738,0.3326278,0.4340667,0.3317014,0.6387117,0.597806,0.8827742,0.3322142,0.4340582,-0.4196846,0.7962674,0.1057573,0.8089468,0.9796154,0.5248166,0.9397365,0.2543901,0.4228691,False,3,1,0
6/25/2025 12:45:55 PM,1750848355773,Right,0.8910955,0.3138949,0.4389584,0.3292912,0.6302772,0.6017076,0.8913156,0.3136025,0.4389813,-0.4196846,0.7962674,0.1057573,0.8192184,0.9591875,0.5287336,0.9478719,0.2354869,0.4277638,False,4,1,0
6/25/2025 12:45:55 PM,1750848355787,Right,0.8953186,0.3042151,0.4411664,0.3283967,0.6266358,0.6041255,0.8955319,0.303893,0.4411965,-0.4196846,0.7962674,0.1057573,0.8240166,0.9502433,0.530489,0.9515721,0.2254946,0.4293781,False,4,1,0
6/25/2025 12:45:55 PM,1750848355815,Right,0.9027535,0.2882491,0.4455419,0.3271605,0.6209776,0.6096469,0.9028963,0.2878588,0.4456482,-0.4196846,0.7962674,0.1057573,0.8332403,0.9340941,0.5336126,0.9595659,0.2098185,0.4344785,False,4,1,0
6/25/2025 12:45:55 PM,1750848355828,Right,0.9062572,0.2806438,0.4477674,0.3270084,0.6185605,0.6122642,0.9062572,0.2806438,0.4477674,-0.4196846,0.7962674,0.1057573,0.8374364,0.9271275,0.5354896,0.9637097,0.2030267,0.4377033,False,4,1,0
6/25/2025 12:45:55 PM,1750848355857,Right,0.9112325,0.2662888,0.4510064,0.3265387,0.6148451,0.616755,0.9112325,0.2662888,0.4510064,-0.4196846,0.7962674,0.1057573,0.8455014,0.9159567,0.5401347,0.9688165,0.1889465,0.4396592,False,4,1,0
6/25/2025 12:45:55 PM,1750848355870,Right,0.9125403,0.2610202,0.4514737,0.3260924,0.613487,0.6181624,0.9128155,0.2606107,0.4517534,-0.4196846,0.7962674,0.1057573,0.850199,0.9118471,0.5425493,0.9695002,0.1826327,0.4402306,False,4,1,0
6/25/2025 12:45:55 PM,1750848355884,Right,0.9136056,0.2561602,0.452306,0.3258868,0.6123179,0.6191745,0.9136056,0.2561602,0.452306,-0.4196846,0.7962674,0.1057573,0.8542668,0.9081913,0.5449202,0.9695755,0.1777049,0.4405322,False,4,1,0
6/25/2025 12:45:55 PM,1750848355911,Right,0.9127555,0.2534529,0.4545244,0.326892,0.6125051,0.6191721,0.9127555,0.2534529,0.4545244,-0.4196846,0.7962674,0.1057573,0.8618599,0.9061322,0.5495433,0.9686968,0.1749093,0.4432117,False,4,1,0
6/25/2025 12:45:55 PM,1750848355926,Right,0.9114237,0.2548909,0.455897,0.3283594,0.6140037,0.6175605,0.9120691,0.253345,0.4558942,-0.4196846,0.7962674,0.1057573,0.8653277,0.9066914,0.5517157,0.9672076,0.1741587,0.4451349,False,4,1,0
6/25/2025 12:45:55 PM,1750848355953,Right,0.9093331,0.2599,0.4588263,0.3323584,0.6174243,0.613078,0.9093331,0.2599,0.4588263,-0.4196846,0.7962674,0.1057573,0.8714725,0.9100741,0.5557739,0.9643712,0.1803928,0.4501149,False,4,1,0
6/25/2025 12:45:55 PM,1750848355968,Right,0.9081438,0.2673326,0.4606808,0.3357249,0.6206483,0.6090075,0.908263,0.2663245,0.4606307,-0.4196846,0.7962674,0.1057573,0.8737501,0.9134058,0.5578336,0.9649674,0.1878224,0.4536658,False,4,1,0
6/25/2025 12:45:55 PM,1750848355996,Right,0.9064486,0.28418,0.4646934,0.343274,0.6274278,0.6010432,0.9064486,0.28418,0.4646934,-0.4196846,0.7962674,0.1057573,0.8779178,0.9236174,0.5616863,0.9655835,0.2072219,0.4620491,False,4,1,0
6/25/2025 12:45:56 PM,1750848356009,Right,0.9045548,0.2953772,0.4666694,0.3486518,0.6324169,0.5969177,0.904763,0.2945482,0.4666498,-0.4196846,0.7962674,0.1057573,0.8800827,0.9306607,0.5631425,0.9638889,0.2175384,0.4663295,False,4,1,0
6/25/2025 12:45:56 PM,1750848356037,Right,0.9000016,0.3169968,0.4703605,0.3602108,0.6437468,0.5912265,0.9000016,0.3169968,0.4703605,-0.4196846,0.7962674,0.1057573,0.8837987,0.9479844,0.5668075,0.960043,0.2407607,0.4734533,False,4,1,0
6/25/2025 12:45:56 PM,1750848356051,Right,0.8976071,0.3290967,0.4718258,0.3662161,0.6499191,0.5896658,0.8976071,0.3290967,0.4718258,-0.4196846,0.7962674,0.1057573,0.8853332,0.9584613,0.5689712,0.9583658,0.2534116,0.4744019,False,4,1,0
6/25/2025 12:45:56 PM,1750848356065,Right,0.895493,0.3418158,0.4735949,0.3719907,0.6558043,0.5885757,0.895493,0.3418158,0.4735949,-0.4196846,0.7962674,0.1057573,0.8874054,0.9697627,0.5706625,0.9572822,0.2670093,0.4771417,False,4,1,0
6/25/2025 12:45:56 PM,1750848356092,Right,0.889459,0.3733298,0.4776758,0.3853616,0.6687868,0.5878055,0.8896276,0.3727612,0.4776629,-0.4196846,0.7962674,0.1057573,0.892336,0.9962626,0.573669,0.9527929,0.2995605,0.4865106,False,4,1,0
6/25/2025 12:45:56 PM,1750848356106,Right,0.8861963,0.3890123,0.4797037,0.3916198,0.6749163,0.5876231,0.8861963,0.3890123,0.4797037,-0.4196846,0.7962674,0.1057573,0.8942018,1.009941,0.5756115,0.9498537,0.3166175,0.4912459,False,4,1,0
6/25/2025 12:45:56 PM,1750848356134,Right,0.8798273,0.4223582,0.4835148,0.4034582,0.6866353,0.5874945,0.8798997,0.4219138,0.4835896,-0.4196846,0.7962674,0.1057573,0.8959152,1.03826,0.5795259,0.9450264,0.3519809,0.5007475,False,4,1,0
6/25/2025 12:45:56 PM,1750848356147,Right,0.8767413,0.4389764,0.4849167,0.4094445,0.6925735,0.5874809,0.8768059,0.4386222,0.4850112,-0.4196846,0.7962674,0.1057573,0.8958478,1.052537,0.581208,0.9425233,0.3699058,0.5046519,False,4,1,0
6/25/2025 12:45:56 PM,1750848356176,Right,0.870743,0.4720277,0.4867868,0.4208955,0.7050127,0.5896803,0.870743,0.4720277,0.4867868,-0.4196846,0.7962674,0.1057573,0.8938544,1.083312,0.5839651,0.9375583,0.4052322,0.5091603,False,4,1,0
6/25/2025 12:45:56 PM,1750848356189,Right,0.8679656,0.4883868,0.4876425,0.4262215,0.7114007,0.5919654,0.8679656,0.4883868,0.4876426,-0.4196846,0.7962674,0.1057573,0.8929952,1.098326,0.5850593,0.9346671,0.4218555,0.5111158,False,4,1,0
6/25/2025 12:45:56 PM,1750848356218,Right,0.8621348,0.5227529,0.4889387,0.4367263,0.7250866,0.5975292,0.8621839,0.5225318,0.4890128,-0.4196846,0.7962674,0.1057573,0.8890842,1.1281,0.5871861,0.9283201,0.4566146,0.51561,False,4,1,0
6/25/2025 12:45:56 PM,1750848356232,Right,0.8587976,0.5402451,0.4896612,0.4415642,0.7320945,0.5998302,0.85888,0.5400919,0.4896945,-0.4196846,0.7962674,0.1057573,0.8858535,1.143027,0.5877225,0.9247817,0.4749073,0.518581,False,4,1,0
6/25/2025 12:45:56 PM,1750848356245,Right,0.8553283,0.5574485,0.4904723,0.4458963,0.7389887,0.6009543,0.8554156,0.5573344,0.4905016,-0.4196846,0.7962674,0.1057573,0.8825783,1.158525,0.5874848,0.9206586,0.4926355,0.5218686,False,4,1,0
6/25/2025 12:45:56 PM,1750848356273,Right,0.8479713,0.5921605,0.4918773,0.4543868,0.752651,0.5981396,0.8480509,0.5920544,0.4919267,-0.4196846,0.7962674,0.1057573,0.8756402,1.1893,0.5870596,0.9128736,0.5298088,0.5286689,False,4,1,0
6/25/2025 12:45:56 PM,1750848356287,Right,0.8440272,0.6092865,0.4925213,0.4586924,0.7597122,0.595063,0.8441155,0.6092871,0.4925356,-0.4196846,0.7962674,0.1057573,0.8707494,1.204459,0.5877982,0.9090311,0.5487344,0.5318526,False,4,1,0
6/25/2025 12:45:56 PM,1750848356315,Right,0.8359678,0.6423592,0.4944291,0.4675299,0.7745802,0.5840248,0.8359678,0.6423592,0.4944291,-0.4196846,0.7962674,0.1057573,0.8599243,1.235647,0.5860484,0.9003724,0.5859008,0.5401565,False,4,1,0
6/25/2025 12:45:56 PM,1750848356329,Right,0.832184,0.6589032,0.4955099,0.4721035,0.7813803,0.5771325,0.8321841,0.6589032,0.4955098,-0.4196846,0.7962674,0.1057573,0.8548532,1.251533,0.5842245,0.8963157,0.6050261,0.5446105,False,4,1,0
6/25/2025 12:45:56 PM,1750848356357,Right,0.8258055,0.6908811,0.4972773,0.4795387,0.7938773,0.5575979,0.8258055,0.6908811,0.4972773,-0.4196846,0.7962674,0.1057573,0.8437251,1.282452,0.5822011,0.8885045,0.6432852,0.5541099,False,4,1,0
6/25/2025 12:45:56 PM,1750848356371,Right,0.8244709,0.7055623,0.4973731,0.4817544,0.7998279,0.5495069,0.8241816,0.7057816,0.4974766,-0.4196846,0.7962674,0.1057573,0.8365049,1.297041,0.5813069,0.8858943,0.659698,0.5565894,False,4,1,0
6/25/2025 12:45:56 PM,1750848356384,Right,0.8236173,0.7198504,0.497314,0.4837868,0.8056808,0.5431502,0.8236173,0.7198504,0.497314,-0.4196846,0.7962674,0.1057573,0.8286758,1.310883,0.5797246,0.8848464,0.6746912,0.557631,False,4,1,0
6/25/2025 12:45:56 PM,1750848356412,Right,0.8230377,0.7443306,0.4969745,0.4857244,0.8177148,0.5349783,0.8229265,0.7447432,0.4970116,-0.4196846,0.7962674,0.1057573,0.8114726,1.33529,0.5754731,0.882158,0.6991826,0.5589983,False,4,1,0
6/25/2025 12:45:56 PM,1750848356426,Right,0.8217544,0.7557753,0.4969126,0.4863137,0.8242087,0.5321461,0.8217238,0.7562236,0.4969579,-0.4196846,0.7962674,0.1057573,0.8019255,1.346548,0.5726762,0.8794809,0.7105845,0.5602641,False,4,1,0
6/25/2025 12:45:56 PM,1750848356454,Right,0.8176161,0.7743174,0.4963591,0.4841668,0.8386333,0.529211,0.8177279,0.7748174,0.4963964,-0.4196846,0.7962674,0.1057573,0.7822862,1.365957,0.5661743,0.8717577,0.7285861,0.5625019,False,4,1,0
6/25/2025 12:45:56 PM,1750848356467,Right,0.8149858,0.7832875,0.4961184,0.4819145,0.846494,0.5274262,0.8149858,0.7832875,0.4961184,-0.4196846,0.7962674,0.1057573,0.772589,1.37571,0.5619481,0.8668631,0.736854,0.5637879,False,4,1,0
6/25/2025 12:45:56 PM,1750848356495,Right,0.8086609,0.8004096,0.4955032,0.474704,0.862671,0.5205133,0.8086609,0.8004096,0.4955032,-0.4196846,0.7962674,0.1057573,0.755895,1.394429,0.553323,0.8565003,0.7548297,0.5666394,False,4,1,0
6/25/2025 12:45:56 PM,1750848356509,Right,0.8050256,0.8084028,0.4947903,0.4700813,0.8706039,0.5145668,0.8050256,0.8084028,0.4947903,-0.4196846,0.7962674,0.1057573,0.7481353,1.40346,0.5492425,0.8509485,0.7639104,0.567852,False,4,1,0
6/25/2025 12:45:56 PM,1750848356536,Right,0.7978471,0.8230058,0.4931736,0.4599905,0.8834669,0.498058,0.7979021,0.823257,0.493221,-0.4196846,0.7962674,0.1057573,0.7320422,1.420932,0.5422006,0.8390552,0.7798741,0.5697118,False,4,1,0
6/25/2025 12:45:56 PM,1750848356550,Right,0.794633,0.8298057,0.4923146,0.454729,0.8878903,0.4884585,0.7946343,0.8300562,0.4923555,-0.4196846,0.7962674,0.1057573,0.7236425,1.429176,0.5383306,0.8338429,0.7870173,0.5700525,False,4,1,0
6/25/2025 12:45:56 PM,1750848356564,Right,0.7916615,0.8366104,0.4914148,0.4493783,0.8916493,0.4789441,0.7916615,0.8366104,0.4914148,-0.4196846,0.7962674,0.1057573,0.7150665,1.437152,0.533637,0.8291953,0.7937494,0.5700318,False,4,1,0
6/25/2025 12:45:56 PM,1750848356592,Right,0.7861927,0.8495594,0.4892428,0.4363669,0.8951937,0.4601358,0.7861927,0.8495594,0.4892428,-0.4196846,0.7962674,0.1057573,0.6976518,1.453079,0.5247304,0.8206357,0.8074455,0.5696579,False,4,1,0
6/25/2025 12:45:56 PM,1750848356606,Right,0.7836726,0.8558889,0.4885944,0.4285775,0.8959215,0.452346,0.7836726,0.8558889,0.4885944,-0.4196846,0.7962674,0.1057573,0.6897491,1.460649,0.5202637,0.8164405,0.8138473,0.569744,False,4,1,0
6/25/2025 12:45:56 PM,1750848356633,Right,0.778756,0.8685267,0.48792,0.4103283,0.8962456,0.4413247,0.7786623,0.8687046,0.4877909,-0.4196846,0.7962674,0.1057573,0.673315,1.474507,0.5105057,0.8078552,0.8267937,0.5703604,False,4,1,0
6/25/2025 12:45:56 PM,1750848356647,Right,0.7763442,0.8748553,0.4876058,0.4015929,0.8968964,0.4362526,0.7763442,0.8748553,0.4876058,-0.4196846,0.7962674,0.1057573,0.6647924,1.480989,0.5052804,0.8040966,0.8333218,0.57086,False,4,1,0
6/25/2025 12:45:56 PM,1750848356676,Right,0.772609,0.888213,0.4896889,0.3817598,0.8966389,0.4279698,0.7725241,0.8881021,0.4894378,-0.4196846,0.7962674,0.1057573,0.649853,1.491796,0.4943478,0.7987251,0.847457,0.5736279,False,4,1,0
6/25/2025 12:45:56 PM,1750848356689,Right,0.7709143,0.8960099,0.4914513,0.3723842,0.8971625,0.42313,0.7709143,0.8960099,0.4914512,-0.4196846,0.7962674,0.1057573,0.6431401,1.497231,0.4892539,0.7965771,0.8560174,0.5761183,False,4,1,0
6/25/2025 12:45:56 PM,1750848356717,Right,0.7680103,0.9154281,0.4978837,0.3542099,0.897615,0.4129186,0.7679424,0.9150299,0.4975452,-0.4196846,0.7962674,0.1057573,0.6301332,1.506997,0.4789834,0.7916673,0.8765486,0.5834685,False,4,1,0
6/25/2025 12:45:56 PM,1750848356731,Right,0.7665704,0.9263929,0.5016421,0.3454486,0.8977516,0.4077816,0.7665023,0.9258991,0.501277,-0.4196846,0.7962674,0.1057573,0.6237478,1.511217,0.4736497,0.7893163,0.8886161,0.5879717,False,4,1,0
6/25/2025 12:45:56 PM,1750848356745,Right,0.7651645,0.9390048,0.5065408,0.336638,0.8978444,0.4028785,0.7651308,0.9384676,0.5061429,-0.4196846,0.7962674,0.1057573,0.6176437,1.514929,0.4681418,0.7869105,0.9029715,0.5938478,False,4,1,0
6/25/2025 12:45:56 PM,1750848356772,Right,0.762267,0.9669457,0.5187957,0.3200327,0.8988867,0.3924245,0.7622987,0.9659776,0.5178771,-0.4196846,0.7962674,0.1057573,0.6064647,1.521384,0.4574707,0.7828053,0.9351271,0.6076224,False,4,1,0
6/25/2025 12:45:56 PM,1750848356786,Right,0.7600016,0.9815238,0.5260313,0.312736,0.8997945,0.3868272,0.7601277,0.9810861,0.5255946,-0.4196846,0.7962674,0.1057573,0.6013646,1.524045,0.452456,0.77974,0.9527378,0.6163592,False,4,1,0
6/25/2025 12:45:56 PM,1750848356815,Right,0.7529489,1.013762,0.5422745,0.2987244,0.9010524,0.3755214,0.7529489,1.013762,0.5422745,-0.4196846,0.7962674,0.1057573,0.5912155,1.529267,0.4416506,0.7696891,0.9915958,0.6353062,False,4,1,0
6/25/2025 12:45:56 PM,1750848356828,Right,0.7491737,1.031432,0.5504227,0.2922815,0.90159,0.3695824,0.7492931,1.030863,0.5501454,-0.4196846,0.7962674,0.1057573,0.5862792,1.532176,0.4367095,0.7646076,1.012221,0.6441902,False,4,1,0
6/25/2025 12:45:56 PM,1750848356856,Right,0.742946,1.069886,0.5675111,0.2804304,0.9030837,0.3564938,0.7429796,1.069295,0.5672717,-0.4196846,0.7962674,0.1057573,0.5769674,1.537608,0.426671,0.7570914,1.056818,0.662517,False,4,1,0
6/25/2025 12:45:56 PM,1750848356869,Right,0.739081,1.090961,0.5763531,0.2752279,0.9043069,0.3496257,0.7395126,1.089623,0.5759478,-0.4196846,0.7962674,0.1057573,0.5728918,1.540743,0.4210389,0.7526731,1.079939,0.6716531,False,4,1,0
6/25/2025 12:45:56 PM,1750848356898,Right,0.7257004,1.133205,0.5941864,0.2661809,0.9074306,0.3357388,0.7257004,1.133205,0.5941864,-0.4196846,0.7962674,0.1057573,0.5659035,1.546557,0.410619,0.7342452,1.130981,0.6908742,False,4,1,0
6/25/2025 12:45:56 PM,1750848356912,Right,0.7143289,1.154946,0.6036686,0.2637571,0.9097634,0.3283598,0.7143289,1.154946,0.6036686,-0.4196846,0.7962674,0.1057573,0.5632728,1.549419,0.4057689,0.7185208,1.156241,0.7006595,False,4,1,0
6/25/2025 12:45:56 PM,1750848356926,Right,0.7042375,1.176214,0.6121457,0.2614607,0.9117039,0.321178,0.7042375,1.176214,0.6121457,-0.4196846,0.7962674,0.1057573,0.5606262,1.551938,0.4008183,0.7050271,1.181451,0.7090912,False,4,1,0
6/25/2025 12:45:56 PM,1750848356953,Right,0.678318,1.221113,0.6274965,0.2588059,0.915318,0.3068047,0.6796167,1.220797,0.6275165,-0.4196846,0.7962674,0.1057573,0.5558299,1.55688,0.3913686,0.6720909,1.233791,0.7234385,False,4,1,0
6/25/2025 12:45:56 PM,1750848356967,Right,0.6650055,1.242427,0.6350644,0.2578522,0.9172263,0.2997453,0.6650055,1.242427,0.6350644,-0.4196846,0.7962674,0.1057573,0.5533087,1.559136,0.3865685,0.6511217,1.256143,0.7301728,False,4,1,0
6/25/2025 12:45:56 PM,1750848356995,Right,0.6337844,1.283776,0.6478246,0.2553648,0.9211442,0.2860086,0.6337844,1.283776,0.6478246,-0.4196846,0.7962674,0.1057573,0.5484816,1.564198,0.3773875,0.6074182,1.299579,0.7399201,False,4,1,0
6/25/2025 12:45:57 PM,1750848357009,Right,0.6129302,1.305102,0.6502082,0.2538618,0.9229928,0.2795582,0.6147527,1.304972,0.6513913,-0.4196846,0.7962674,0.1057573,0.5465,1.566395,0.3735391,0.5805956,1.322673,0.7405341,False,4,1,0
6/25/2025 12:45:57 PM,1750848357036,Right,0.5710517,1.345263,0.6511207,0.2494168,0.9261238,0.2672111,0.5718302,1.345468,0.6520467,-0.4196846,0.7962674,0.1057573,0.5419279,1.570704,0.3659886,0.5227494,1.365355,0.7334229,False,4,1,0
6/25/2025 12:45:57 PM,1750848357050,Right,0.5498938,1.36395,0.6466166,0.2466462,0.9275662,0.261229,0.5504167,1.364175,0.6486449,-0.4196846,0.7962674,0.1057573,0.5394048,1.572315,0.3622992,0.496054,1.385302,0.7262646,False,4,1,0
6/25/2025 12:45:57 PM,1750848357064,Right,0.5337223,1.384461,0.6418808,0.2435433,0.9290391,0.255365,0.5332363,1.384315,0.6429358,-0.4196846,0.7962674,0.1057573,0.5366474,1.574089,0.3587363,0.4784344,1.412871,0.7178206,False,4,1,0
6/25/2025 12:45:57 PM,1750848357092,Right,0.5049896,1.423935,0.6332369,0.236423,0.9314399,0.2438128,0.5049896,1.423935,0.6332369,-0.4196846,0.7962674,0.1057573,0.5313566,1.576858,0.3524792,0.4531712,1.47042,0.7009158,False,4,1,0
6/25/2025 12:45:57 PM,1750848357106,Right,0.4891097,1.43885,0.6314552,0.2322942,0.9322005,0.2381163,0.4893236,1.440672,0.6312646,-0.4196846,0.7962674,0.1057573,0.5287589,1.577916,0.3496181,0.4342399,1.488234,0.6955312,False,4,1,0
6/25/2025 12:45:57 PM,1750848357134,Right,0.4531287,1.464258,0.6301404,0.2241832,0.9332536,0.2263808,0.4534832,1.46513,0.6302249,-0.4196846,0.7962674,0.1057573,0.5228919,1.579606,0.3440797,0.3890402,1.506672,0.6897887,False,4,1,0
6/25/2025 12:45:57 PM,1750848357147,Right,0.4340522,1.474383,0.6285605,0.2204288,0.9334442,0.2202785,0.4342209,1.475133,0.6285732,-0.4196846,0.7962674,0.1057573,0.5191405,1.580353,0.3410482,0.3662501,1.515488,0.6849461,False,4,1,0
6/25/2025 12:45:57 PM,1750848357176,Right,0.396983,1.493135,0.6286968,0.2134147,0.9334313,0.2078567,0.3975195,1.494586,0.628345,-0.4196846,0.7962674,0.1057573,0.5109967,1.581612,0.3356092,0.3286603,1.535258,0.6833962,False,4,1,0
6/25/2025 12:45:57 PM,1750848357189,Right,0.3774124,1.501045,0.6283047,0.2101613,0.9332714,0.2016325,0.3774124,1.501045,0.6283047,-0.4196846,0.7962674,0.1057573,0.5066263,1.582473,0.3332479,0.3071142,1.539512,0.6831224,False,4,1,0
6/25/2025 12:45:57 PM,1750848357217,Right,0.3355023,1.509717,0.6242898,0.2041714,0.9324682,0.1889513,0.3355023,1.509717,0.6242898,-0.4196846,0.7962674,0.1057573,0.4972523,1.583867,0.3292205,0.2584588,1.541035,0.6743894,False,4,1,0
6/25/2025 12:45:57 PM,1750848357231,Right,0.3138213,1.511121,0.6209391,0.2012825,0.9317673,0.1824121,0.3141539,1.51213,0.6212134,-0.4196846,0.7962674,0.1057573,0.4917954,1.584086,0.3266119,0.2331623,1.53853,0.667796,False,4,1,0
6/25/2025 12:45:57 PM,1750848357245,Right,0.2932087,1.510912,0.6176766,0.1986148,0.9310091,0.1758559,0.2930502,1.512347,0.6179918,-0.4196846,0.7962674,0.1057573,0.4860035,1.584279,0.3239567,0.2091561,1.533676,0.6619619,False,4,1,0
6/25/2025 12:45:57 PM,1750848357273,Right,0.2566221,1.514647,0.6152724,0.1938955,0.9288138,0.1626966,0.2564995,1.5151,0.6151694,-0.4196846,0.7962674,0.1057573,0.4732383,1.584396,0.3190069,0.1735166,1.536881,0.660622,False,4,1,0
6/25/2025 12:45:57 PM,1750848357286,Right,0.2380487,1.514807,0.6135887,0.1917799,0.9274071,0.1560696,0.2380487,1.514807,0.6135887,-0.4196846,0.7962674,0.1057573,0.4665545,1.584543,0.3168904,0.1551937,1.534814,0.6600779,False,4,1,0
6/25/2025 12:45:57 PM,1750848357314,Right,0.2008952,1.508986,0.6073107,0.1876982,0.9240258,0.1428547,0.2006768,1.510115,0.6075143,-0.4196846,0.7962674,0.1057573,0.4522896,1.584156,0.3128021,0.1157333,1.521943,0.6530247,False,4,1,0
6/25/2025 12:45:57 PM,1750848357328,Right,0.1833662,1.507542,0.6044904,0.1855345,0.922056,0.1361654,0.1828328,1.508069,0.6046768,-0.4196846,0.7962674,0.1057573,0.4446124,1.583912,0.3106334,0.09720482,1.51607,0.6497359,False,4,1,0
6/25/2025 12:45:57 PM,1750848357356,Right,0.1504406,1.510134,0.6026858,0.1809652,0.9174872,0.1222997,0.1504406,1.510134,0.6026858,-0.4196846,0.7962674,0.1057573,0.4281709,1.582791,0.3068173,0.06629755,1.514693,0.6509109,False,4,1,0
6/25/2025 12:45:57 PM,1750848357370,Right,0.1356114,1.511464,0.5989478,0.1784415,0.9148887,0.115327,0.1356114,1.511464,0.5989478,-0.4196846,0.7962674,0.1057573,0.4195038,1.582204,0.305197,0.0505897,1.51784,0.6453929,False,4,1,0
6/25/2025 12:45:57 PM,1750848357398,Right,0.1037534,1.511965,0.5910045,0.1733733,0.9092955,0.1014557,0.1035713,1.511856,0.5911505,-0.4196846,0.7962674,0.1057573,0.4015203,1.58004,0.3020287,0.01726366,1.515758,0.6354479,False,4,1,0
6/25/2025 12:45:57 PM,1750848357412,Right,0.08914316,1.514246,0.5863688,0.170943,0.9057953,0.09456682,0.08889472,1.514065,0.5865958,-0.4196846,0.7962674,0.1057573,0.3920897,1.578516,0.3002974,0.00205446,1.518967,0.6297377,False,4,1,0
6/25/2025 12:45:57 PM,1750848357425,Right,0.07417262,1.516075,0.5821828,0.168758,0.9020396,0.08792663,0.07417262,1.516075,0.5821828,-0.4196846,0.7962674,0.1057573,0.3818868,1.577181,0.2983902,-0.01338258,1.520729,0.6238831,False,4,1,0
6/25/2025 12:45:57 PM,1750848357453,Right,0.0434972,1.518865,0.5749233,0.1646463,0.8940544,0.07569933,0.04344213,1.518951,0.5750221,-0.4196846,0.7962674,0.1057573,0.3601346,1.574058,0.2951756,-0.04457012,1.520423,0.6159875,False,4,1,0
6/25/2025 12:45:57 PM,1750848357467,Right,0.02781749,1.518758,0.57066,0.162497,0.8901583,0.06988966,0.02781749,1.518758,0.57066,-0.4196846,0.7962674,0.1057573,0.3487771,1.572248,0.2936738,-0.06042197,1.518454,0.6111593,False,4,1,0
6/25/2025 12:45:57 PM,1750848357494,Right,-0.004857183,1.512576,0.5598537,0.1572925,0.8807369,0.05891418,-0.004761338,1.513068,0.5600495,-0.4196846,0.7962674,0.1057573,0.3246148,1.567524,0.2904379,-0.09325786,1.507995,0.5996616,False,4,1,0
6/25/2025 12:45:57 PM,1750848357509,Right,-0.0213536,1.508515,0.5540987,0.1543285,0.8759227,0.05382979,-0.02127302,1.509387,0.5545182,-0.4196846,0.7962674,0.1057573,0.3122367,1.564356,0.2883,-0.1098741,1.501238,0.593376,False,4,1,0
6/25/2025 12:45:57 PM,1750848357536,Right,-0.05354178,1.501858,0.5431191,0.1475202,0.8666641,0.04459524,-0.05354177,1.501858,0.5431191,-0.4196846,0.7962674,0.1057573,0.2858118,1.55763,0.2845192,-0.1423044,1.489505,0.5804698,False,4,1,0
6/25/2025 12:45:57 PM,1750848357550,Right,-0.06975877,1.497173,0.5378954,0.1430727,0.862191,0.04071021,-0.06975877,1.497173,0.5378954,-0.4196846,0.7962674,0.1057573,0.2718915,1.55366,0.2830212,-0.1582008,1.483926,0.5756977,False,4,1,0
6/25/2025 12:45:57 PM,1750848357564,Right,-0.08607674,1.491988,0.5326215,0.1383808,0.8578351,0.03686547,-0.08604348,1.492359,0.5326599,-0.4196846,0.7962674,0.1057573,0.2575872,1.549787,0.281538,-0.1743658,1.47817,0.5704004,False,4,1,0
6/25/2025 12:45:57 PM,1750848357592,Right,-0.118892,1.479151,0.5218459,0.1268979,0.8492506,0.03093791,-0.1188919,1.479151,0.5218459,-0.4196846,0.7962674,0.1057573,0.2280821,1.541153,0.278224,-0.2069286,1.461663,0.5588623,False,4,1,0
6/25/2025 12:45:57 PM,1750848357606,Right,-0.1350864,1.472849,0.516328,0.1202402,0.844511,0.02847362,-0.1350864,1.472849,0.516328,-0.4196846,0.7962674,0.1057573,0.2125577,1.536598,0.2763295,-0.223125,1.454068,0.5527009,False,4,1,0
6/25/2025 12:45:57 PM,1750848357633,Right,-0.1675698,1.464117,0.5072744,0.1049774,0.8343,0.02501321,-0.1674925,1.463926,0.5070727,-0.4196846,0.7962674,0.1057573,0.1809862,1.528567,0.2730768,-0.255924,1.446016,0.5429279,False,4,1,0
6/25/2025 12:45:57 PM,1750848357647,Right,-0.1846017,1.460961,0.5043359,0.09687436,0.82958,0.02409339,-0.1844131,1.460648,0.5037935,-0.4196846,0.7962674,0.1057573,0.1650122,1.525651,0.2717186,-0.2730371,1.444511,0.5400132,False,4,1,0
6/25/2025 12:45:57 PM,1750848357675,Right,-0.2179295,1.452811,0.4968237,0.08266521,0.8204715,0.0205394,-0.2179295,1.452811,0.4968237,-0.4196846,0.7962674,0.1057573,0.1327441,1.519265,0.2687857,-0.3065979,1.438335,0.533632,False,4,1,0
6/25/2025 12:45:57 PM,1750848357689,Right,-0.2346207,1.447398,0.4939812,0.07340312,0.8157288,0.02030468,-0.2346207,1.447398,0.4939813,-0.4196846,0.7962674,0.1057573,0.1155895,1.517632,0.2675469,-0.3232793,1.43318,0.5309137,False,4,1,0
6/25/2025 12:45:57 PM,1750848357717,Right,-0.2675257,1.432383,0.4897227,0.04809046,0.8083106,0.0227021,-0.2675257,1.432383,0.4897227,-0.4196846,0.7962674,0.1057573,0.08207738,1.516642,0.2644423,-0.3565998,1.420007,0.5263167,False,4,1,0
6/25/2025 12:45:57 PM,1750848357730,Right,-0.283973,1.426275,0.4881961,0.03614128,0.8062703,0.02343571,-0.283973,1.426275,0.4881961,-0.4196846,0.7962674,0.1057573,0.06697214,1.51468,0.262273,-0.3729722,1.413878,0.5249648,False,4,1,0
6/25/2025 12:45:57 PM,1750848357744,Right,-0.2994665,1.417832,0.4855993,0.02407539,0.8044848,0.02401459,-0.2996057,1.418282,0.4856038,-0.4196846,0.7962674,0.1057573,0.05276513,1.512648,0.2604795,-0.388447,1.403867,0.5220168,False,4,1,0
6/25/2025 12:45:57 PM,1750848357773,Right,-0.3300532,1.396676,0.4795295,-0.0007133484,0.8042454,0.02716887,-0.3301812,1.397213,0.4795508,-0.4196846,0.7962674,0.1057573,0.02451491,1.510311,0.2578245,-0.4189047,1.379441,0.5147473,False,4,1,0
6/25/2025 12:45:57 PM,1750848357786,Right,-0.3449473,1.385518,0.4767172,-0.01420653,0.8069423,0.03074229,-0.3451444,1.385871,0.4767202,-0.4196846,0.7962674,0.1057573,0.009722829,1.510129,0.2565182,-0.434079,1.367745,0.5111958,False,4,1,0
6/25/2025 12:45:57 PM,1750848357814,Right,-0.3733552,1.365464,0.4722483,-0.04264009,0.8127826,0.0393213,-0.3735378,1.36554,0.4721576,-0.4196846,0.7962674,0.1057573,-0.01918995,1.509064,0.253883,-0.4626854,1.346906,0.5058022,False,4,1,0
6/25/2025 12:45:57 PM,1750848357828,Right,-0.3872048,1.355754,0.4701967,-0.05674016,0.8158227,0.04384995,-0.3872048,1.355754,0.4701967,-0.4196846,0.7962674,0.1057573,-0.0328604,1.50841,0.2523524,-0.4763038,1.336062,0.5033641,False,4,1,0
6/25/2025 12:45:57 PM,1750848357856,Right,-0.4127232,1.33453,0.4672482,-0.08468175,0.8241885,0.05443609,-0.4127232,1.33453,0.4672482,-0.4196846,0.7962674,0.1057573,-0.0588156,1.505768,0.249578,-0.50142,1.311318,0.4991949,False,4,1,0
6/25/2025 12:45:57 PM,1750848357870,Right,-0.4251591,1.323201,0.4665883,-0.09855855,0.8294426,0.06014884,-0.4251591,1.323201,0.4665883,-0.4196846,0.7962674,0.1057573,-0.07134295,1.504572,0.2483099,-0.5131773,1.298002,0.4989039,False,4,1,0
6/25/2025 12:45:57 PM,1750848357898,Right,-0.4483476,1.299527,0.4650356,-0.125563,0.8401605,0.07045162,-0.4487654,1.29993,0.4648591,-0.4196846,0.7962674,0.1057573,-0.09677184,1.501728,0.245659,-0.5359926,1.2722,0.4972469,False,4,1,0
6/25/2025 12:45:57 PM,1750848357911,Right,-0.4601361,1.287096,0.464211,-0.1382399,0.8455694,0.07537949,-0.4601361,1.287096,0.464211,-0.4196846,0.7962674,0.1057573,-0.1094897,1.500056,0.244159,-0.546744,1.257689,0.4967803,False,4,1,0
6/25/2025 12:45:57 PM,1750848357925,Right,-0.4712472,1.273506,0.4629936,-0.1504186,0.8509998,0.08002126,-0.4712472,1.273506,0.4629936,-0.4196846,0.7962674,0.1057573,-0.1219463,1.497967,0.2423317,-0.5572279,1.241931,0.4951934,False,4,1,0
6/25/2025 12:45:57 PM,1750848357953,Right,-0.4918309,1.246072,0.4598105,-0.1740366,0.8603615,0.08794451,-0.4920941,1.246248,0.459826,-0.4196846,0.7962674,0.1057573,-0.1463594,1.493221,0.2389463,-0.5775936,1.212008,0.4905494,False,4,1,0
6/25/2025 12:45:57 PM,1750848357967,Right,-0.501171,1.232372,0.458438,-0.184935,0.8640128,0.09163642,-0.501171,1.232372,0.458438,-0.4196846,0.7962674,0.1057573,-0.1582661,1.490108,0.2373712,-0.5865927,1.197299,0.4884295,False,4,1,0
6/25/2025 12:45:57 PM,1750848357995,Right,-0.5178423,1.202322,0.4553926,-0.2031561,0.8697072,0.09939182,-0.5178422,1.202322,0.4553926,-0.4196846,0.7962674,0.1057573,-0.1815605,1.483287,0.2339981,-0.6024863,1.164576,0.4843252,False,4,1,0
6/25/2025 12:45:58 PM,1750848358009,Right,-0.5260607,1.18587,0.4538609,-0.211211,0.8715251,0.1028534,-0.52628,1.186236,0.4538733,-0.4196846,0.7962674,0.1057573,-0.1929556,1.479374,0.2322012,-0.6101824,1.146603,0.4824409,False,4,1,0
6/25/2025 12:45:58 PM,1750848358036,Right,-0.5404402,1.152023,0.4506552,-0.225044,0.8736287,0.1089493,-0.5407349,1.15227,0.4506114,-0.4196846,0.7962674,0.1057573,-0.2158486,1.471447,0.2286483,-0.623041,1.108207,0.4772687,False,4,1,0
6/25/2025 12:45:58 PM,1750848358050,Right,-0.5472661,1.135392,0.4497277,-0.2313867,0.8743178,0.1117049,-0.5472661,1.135392,0.4497277,-0.4196846,0.7962674,0.1057573,-0.227532,1.467376,0.2273245,-0.6287875,1.089608,0.4758933,False,4,1,0
6/25/2025 12:45:58 PM,1750848358063,Right,-0.5542356,1.118133,0.449927,-0.2366031,0.8737745,0.1137602,-0.5542356,1.118133,0.449927,-0.4196846,0.7962674,0.1057573,-0.2390579,1.463229,0.2256533,-0.6348948,1.071262,0.4768284,False,4,1,0
6/25/2025 12:45:58 PM,1750848358092,Right,-0.5688025,1.082469,0.4503094,-0.247126,0.8706054,0.116879,-0.5688025,1.082469,0.4503094,-0.4196846,0.7962674,0.1057573,-0.2614354,1.453916,0.2241089,-0.6478529,1.033533,0.4782886,False,4,1,0
6/25/2025 12:45:58 PM,1750848358106,Right,-0.575333,1.064306,0.4499987,-0.2516546,0.8690982,0.1183743,-0.575333,1.064306,0.4499987,-0.4196846,0.7962674,0.1057573,-0.2724444,1.449311,0.2234352,-0.6535399,1.013955,0.4778351,False,4,1,0
6/25/2025 12:45:58 PM,1750848358133,Right,-0.5869125,1.028359,0.4490203,-0.2578553,0.8663865,0.1214999,-0.587001,1.02835,0.4489964,-0.4196846,0.7962674,0.1057573,-0.2950767,1.438864,0.2230701,-0.663909,0.9754215,0.4756466,False,4,1,0
6/25/2025 12:45:58 PM,1750848358148,Right,-0.5931836,1.011824,0.4483728,-0.2602539,0.8646359,0.123072,-0.5931836,1.011824,0.4483729,-0.4196846,0.7962674,0.1057573,-0.3063934,1.433107,0.2231543,-0.6702921,0.9584246,0.4734582,False,4,1,0
6/25/2025 12:45:58 PM,1750848358175,Right,-0.6065787,0.9821121,0.4464628,-0.2642537,0.8602843,0.1263019,-0.6065787,0.9821121,0.4464628,-0.4196846,0.7962674,0.1057573,-0.3294278,1.420482,0.2244012,-0.6862753,0.9309512,0.4678521,False,4,1,0
6/25/2025 12:45:58 PM,1750848358189,Right,-0.6134964,0.9692742,0.4455562,-0.2654302,0.857613,0.1278216,-0.6134323,0.9685587,0.445554,-0.4196846,0.7962674,0.1057573,-0.3412515,1.413706,0.2255374,-0.6950676,0.9196228,0.4647231,False,4,1,0
6/25/2025 12:45:58 PM,1750848358217,Right,-0.6271397,0.9406915,0.44557,-0.267648,0.8519725,0.1307508,-0.6271397,0.9406915,0.44557,-0.4196846,0.7962674,0.1057573,-0.3651102,1.398961,0.2281638,-0.7115741,0.8951337,0.4604635,False,4,1,0
6/25/2025 12:45:58 PM,1750848358231,Right,-0.635815,0.9211292,0.4493333,-0.2679305,0.8482106,0.1321198,-0.6356,0.921519,0.4488984,-0.4196846,0.7962674,0.1057573,-0.377105,1.391009,0.2301919,-0.7177118,0.873606,0.4686083,False,4,1,0
6/25/2025 12:45:58 PM,1750848358245,Right,-0.6439055,0.9036537,0.4519737,-0.268716,0.8446833,0.1336921,-0.6438059,0.9037624,0.4516833,-0.4196846,0.7962674,0.1057573,-0.389133,1.382499,0.2324493,-0.725071,0.8558764,0.474692,False,4,1,0
6/25/2025 12:45:58 PM,1750848358272,Right,-0.6593932,0.8710541,0.4556473,-0.269923,0.8366694,0.138528,-0.6594132,0.8709164,0.4556628,-0.4196846,0.7962674,0.1057573,-0.4140555,1.365095,0.2377418,-0.7395112,0.8216727,0.4798675,False,4,1,0
6/25/2025 12:45:58 PM,1750848358287,Right,-0.6668426,0.8560579,0.4563376,-0.2706085,0.8325109,0.1414744,-0.6668426,0.8560579,0.4563376,-0.4196846,0.7962674,0.1057573,-0.427037,1.355742,0.2406412,-0.7471715,0.8062476,0.4785342,False,4,1,0
6/25/2025 12:45:58 PM,1750848358313,Right,-0.6824867,0.8267841,0.4568825,-0.2731885,0.823341,0.1468617,-0.6823069,0.8271464,0.4568015,-0.4196846,0.7962674,0.1057573,-0.4543316,1.334853,0.2459531,-0.7649746,0.7799509,0.4759097,False,4,1,0
6/25/2025 12:45:58 PM,1750848358328,Right,-0.6923906,0.8062606,0.4585018,-0.2754142,0.8179036,0.1489861,-0.6923906,0.8062606,0.4585018,-0.4196846,0.7962674,0.1057573,-0.4684544,1.322983,0.2489215,-0.7717666,0.7556323,0.4822233,False,4,1,0
6/25/2025 12:45:58 PM,1750848358356,Right,-0.7093941,0.7686681,0.4599984,-0.2811291,0.8047458,0.1526688,-0.7094373,0.7688593,0.4601521,-0.4196846,0.7962674,0.1057573,-0.4964751,1.297348,0.2550616,-0.7869824,0.7157159,0.484422,False,4,1,0
6/25/2025 12:45:58 PM,1750848358370,Right,-0.7172455,0.7492288,0.4595857,-0.2850004,0.7970872,0.1540095,-0.7172953,0.7494507,0.4597166,-0.4196846,0.7962674,0.1057573,-0.5102571,1.28364,0.2577962,-0.7945763,0.695149,0.4821989,False,4,1,0
6/25/2025 12:45:58 PM,1750848358398,Right,-0.7321166,0.7126974,0.4592893,-0.2937992,0.7815001,0.156287,-0.7322222,0.7126722,0.4593407,-0.4196846,0.7962674,0.1057573,-0.5375463,1.254608,0.2633102,-0.8108335,0.6592721,0.47922,False,4,1,0
6/25/2025 12:45:58 PM,1750848358411,Right,-0.7395922,0.6940008,0.4594046,-0.2987994,0.7733352,0.1573449,-0.7395922,0.6940008,0.4594046,-0.4196846,0.7962674,0.1057573,-0.5512387,1.239384,0.2661586,-0.8189693,0.6416287,0.4789731,False,4,1,0
6/25/2025 12:45:58 PM,1750848358425,Right,-0.7474431,0.6736239,0.4598832,-0.3042217,0.7654067,0.1585329,-0.7474431,0.6736239,0.4598832,-0.4196846,0.7962674,0.1057573,-0.564624,1.22326,0.2683949,-0.8263945,0.6209553,0.4803573,False,4,1,0
6/25/2025 12:45:58 PM,1750848358453,Right,-0.7626563,0.6309793,0.46193,-0.3167077,0.7514006,0.1605517,-0.76272,0.6313021,0.4618152,-0.4196846,0.7962674,0.1057573,-0.5904864,1.192032,0.2721956,-0.8396423,0.5761683,0.4834881,False,4,1,0
6/25/2025 12:45:58 PM,1750848358466,Right,-0.76956,0.609318,0.4631487,-0.323617,0.7446427,0.1613208,-0.76956,0.609318,0.4631487,-0.4196846,0.7962674,0.1057573,-0.6025656,1.177099,0.2742866,-0.8441697,0.5514016,0.4856333,False,4,1,0
6/25/2025 12:45:58 PM,1750848358495,Right,-0.7814561,0.5691899,0.464576,-0.3374454,0.7307957,0.1630812,-0.7814561,0.5691899,0.464576,-0.4196846,0.7962674,0.1057573,-0.6249031,1.146281,0.2775965,-0.8525828,0.5066927,0.4860606,False,4,1,0
6/25/2025 12:45:58 PM,1750848358509,Right,-0.7868575,0.5508481,0.46509,-0.3440535,0.7241116,0.1644441,-0.787064,0.5505814,0.4650941,-0.4196846,0.7962674,0.1057573,-0.6346236,1.131609,0.2781148,-0.8569435,0.4866896,0.4865688,False,4,1,0
6/25/2025 12:45:58 PM,1750848358536,Right,-0.7967254,0.5163277,0.4660393,-0.356111,0.7123059,0.1692272,-0.7967254,0.5163277,0.4660393,-0.4196846,0.7962674,0.1057573,-0.6530772,1.102858,0.2802609,-0.86535,0.452058,0.490258,False,4,1,0
6/25/2025 12:45:58 PM,1750848358550,Right,-0.8013254,0.4992468,0.4659685,-0.3615649,0.7067419,0.1724188,-0.8015558,0.4989719,0.4661138,-0.4196846,0.7962674,0.1057573,-0.6620668,1.088655,0.2816,-0.8686775,0.4331574,0.4903957,False,4,1,0
6/25/2025 12:45:58 PM,1750848358563,Right,-0.8051025,0.4836664,0.464715,-0.3663535,0.7016101,0.1766678,-0.8055438,0.4829057,0.4651625,-0.4196846,0.7962674,0.1057573,-0.6713911,1.0745,0.2820984,-0.8709137,0.414977,0.4883777,False,4,1,0
6/25/2025 12:45:58 PM,1750848358592,Right,-0.8128942,0.4548582,0.4619238,-0.3754041,0.6919956,0.1859004,-0.8128942,0.4548582,0.4619238,-0.4196846,0.7962674,0.1057573,-0.6884409,1.047141,0.2818038,-0.877349,0.3855364,0.4835239,False,4,1,0
6/25/2025 12:45:58 PM,1750848358606,Right,-0.8168579,0.4434562,0.4601738,-0.3787273,0.6872675,0.1922485,-0.8168892,0.4424915,0.4603336,-0.4196846,0.7962674,0.1057573,-0.6955441,1.034734,0.2818372,-0.8811392,0.3729005,0.4816762,False,4,1,0
6/25/2025 12:45:58 PM,1750848358634,Right,-0.8268405,0.4203813,0.4586232,-0.3840408,0.6772425,0.2060144,-0.8267418,0.4198694,0.4585692,-0.4196846,0.7962674,0.1057573,-0.7096347,1.009908,0.2825466,-0.8910236,0.3502303,0.4796579,False,4,1,0
6/25/2025 12:45:58 PM,1750848358647,Right,-0.8321508,0.4097392,0.4584129,-0.3864042,0.6727244,0.2130299,-0.8321508,0.4097392,0.4584129,-0.4196846,0.7962674,0.1057573,-0.7157608,0.9978248,0.2826371,-0.8959917,0.3396338,0.4792951,False,4,1,0
6/25/2025 12:45:58 PM,1750848358675,Right,-0.8429593,0.3905511,0.4573553,-0.3886421,0.6622513,0.2262233,-0.8429505,0.3903092,0.4574459,-0.4196846,0.7962674,0.1057573,-0.7257835,0.9753755,0.2825415,-0.9063541,0.319844,0.4784488,False,4,1,0
6/25/2025 12:45:58 PM,1750848358689,Right,-0.8478819,0.3798843,0.4560653,-0.3895807,0.6568259,0.2309648,-0.8478819,0.3798843,0.4560653,-0.4196846,0.7962674,0.1057573,-0.7307831,0.9646879,0.2827941,-0.9113054,0.3094476,0.4771037,False,4,1,0
6/25/2025 12:45:58 PM,1750848358716,Right,-0.8566054,0.3580897,0.4529599,-0.3916212,0.6476043,0.2367766,-0.856692,0.3580042,0.4530097,-0.4196846,0.7962674,0.1057573,-0.7410845,0.9437363,0.2825201,-0.9191891,0.2864233,0.4729288,False,4,1,0
6/25/2025 12:45:58 PM,1750848358730,Right,-0.8605965,0.347699,0.4518559,-0.3928341,0.6434693,0.2384576,-0.860793,0.347366,0.4518313,-0.4196846,0.7962674,0.1057573,-0.7460526,0.9334624,0.2821012,-0.9229063,0.275351,0.4713829,False,4,1,0
6/25/2025 12:45:58 PM,1750848358744,Right,-0.8646532,0.3386893,0.450929,-0.393996,0.6391691,0.2387197,-0.8648793,0.3375533,0.450881,-0.4196846,0.7962674,0.1057573,-0.7507552,0.9239857,0.2816226,-0.9266228,0.2651215,0.4700607,False,4,1,0
6/25/2025 12:45:58 PM,1750848358772,Right,-0.8733371,0.3223814,0.4503407,-0.3962988,0.6297567,0.2395452,-0.8733209,0.3220786,0.4501907,-0.4196846,0.7962674,0.1057573,-0.7594892,0.9061856,0.2813897,-0.9350216,0.2494393,0.4687122,False,4,1,0
6/25/2025 12:45:58 PM,1750848358786,Right,-0.8778669,0.3144019,0.4508227,-0.397384,0.6250592,0.2401474,-0.8778669,0.3144019,0.4508227,-0.4196846,0.7962674,0.1057573,-0.7632891,0.8980668,0.2813267,-0.9398732,0.2422305,0.4701356,False,4,1,0
6/25/2025 12:45:58 PM,1750848358814,Right,-0.8862768,0.2990813,0.4527173,-0.3997219,0.6161554,0.2408756,-0.8863596,0.2988673,0.45261,-0.4196846,0.7962674,0.1057573,-0.7697786,0.8845782,0.2806904,-0.9474527,0.2265512,0.4741624,False,4,1,0
6/25/2025 12:45:58 PM,1750848358828,Right,-0.8893319,0.2922429,0.4531162,-0.4011537,0.6118536,0.2410994,-0.8896686,0.2918161,0.4529587,-0.4196846,0.7962674,0.1057573,-0.77312,0.8784088,0.2810153,-0.9499896,0.21916,0.4755187,False,4,1,0
6/25/2025 12:45:58 PM,1750848358856,Right,-0.8942605,0.2792483,0.4523643,-0.4045731,0.6038151,0.2406044,-0.8942605,0.2792483,0.4523643,-0.4196846,0.7962674,0.1057573,-0.7796527,0.8675692,0.2822378,-0.9539402,0.2055837,0.4733011,False,4,1,0
6/25/2025 12:45:58 PM,1750848358869,Right,-0.8965293,0.2736692,0.4528925,-0.4067478,0.6004135,0.239639,-0.8967148,0.2731157,0.4527409,-0.4196846,0.7962674,0.1057573,-0.7825087,0.8625759,0.2823356,-0.9563543,0.199543,0.4741113,False,4,1,0
6/25/2025 12:45:58 PM,1750848358897,Right,-0.9011399,0.2642165,0.4547408,-0.4120132,0.5950406,0.2380549,-0.9013506,0.2634932,0.4548539,-0.4196846,0.7962674,0.1057573,-0.7882391,0.8545892,0.2824601,-0.9604349,0.1900161,0.4780198,False,4,1,0
6/25/2025 12:45:58 PM,1750848358911,Right,-0.9030503,0.2603606,0.4553833,-0.4147722,0.5928444,0.2373978,-0.9030503,0.2603606,0.4553833,-0.4196846,0.7962674,0.1057573,-0.7911328,0.8507381,0.282848,-0.9620423,0.1869297,0.4789277,False,4,1,0
6/25/2025 12:45:58 PM,1750848358925,Right,-0.9047574,0.2572842,0.4555564,-0.4178725,0.5914788,0.2366625,-0.904991,0.2566007,0.4554194,-0.4196846,0.7962674,0.1057573,-0.7937702,0.8476256,0.2834549,-0.9639874,0.183402,0.4796652,False,4,1,0
6/25/2025 12:45:58 PM,1750848358953,Right,-0.9076113,0.2532682,0.4553186,-0.4245927,0.5907967,0.2356865,-0.9078513,0.2525712,0.4554293,-0.4196846,0.7962674,0.1057573,-0.7984949,0.8439471,0.2844497,-0.9663265,0.1786002,0.4785691,False,4,1,0
6/25/2025 12:45:58 PM,1750848358967,Right,-0.9086369,0.2515824,0.455179,-0.4278272,0.5905638,0.2355584,-0.9089254,0.2510459,0.4552362,-0.4196846,0.7962674,0.1057573,-0.8008238,0.8425164,0.2851049,-0.9667807,0.1764354,0.4778756,False,4,1,0
6/25/2025 12:45:58 PM,1750848358994,Right,-0.9103585,0.2473161,0.4555017,-0.4340162,0.5906699,0.2358752,-0.9103585,0.2473161,0.4555017,-0.4196846,0.7962674,0.1057573,-0.8056632,0.8409653,0.2871667,-0.9668172,0.1716623,0.4782045,False,4,1,0
6/25/2025 12:45:59 PM,1750848359008,Right,-0.9107565,0.245686,0.455713,-0.4369909,0.5913175,0.2363131,-0.9109021,0.2454892,0.4556892,-0.4196846,0.7962674,0.1057573,-0.807974,0.8410378,0.2884145,-0.9668809,0.1695339,0.4785729,False,4,1,0
6/25/2025 12:45:59 PM,1750848359036,Right,-0.9111534,0.2436905,0.4573656,-0.4424978,0.5941598,0.2381548,-0.9112617,0.2434062,0.4573172,-0.4196846,0.7962674,0.1057573,-0.8118936,0.8430119,0.2902373,-0.9644626,0.1658081,0.48129,False,4,1,0
6/25/2025 12:45:59 PM,1750848359049,Right,-0.9111789,0.2441045,0.4580175,-0.4448611,0.595451,0.2392292,-0.9111789,0.2441045,0.4580175,-0.4196846,0.7962674,0.1057573,-0.8138996,0.8438898,0.2912064,-0.9644223,0.1664997,0.4818739,False,4,1,0
6/25/2025 12:45:59 PM,1750848359077,Right,-0.9109927,0.2452205,0.4601899,-0.4489746,0.5997499,0.2415481,-0.9109927,0.2452205,0.4601899,-0.4196846,0.7962674,0.1057573,-0.8177189,0.8468007,0.2936902,-0.9635525,0.1670801,0.4838127,False,4,1,0
6/25/2025 12:45:59 PM,1750848359091,Right,-0.9112364,0.2456995,0.4615617,-0.4510926,0.6019203,0.2423882,-0.9112364,0.2456995,0.4615617,-0.4196846,0.7962674,0.1057573,-0.8195964,0.8482714,0.294799,-0.9638297,0.1678375,0.4860143,False,4,1,0
6/25/2025 12:45:59 PM,1750848359105,Right,-0.9116036,0.246476,0.4634154,-0.4528266,0.6045745,0.2431155,-0.911605,0.2463,0.4633141,-0.4196846,0.7962674,0.1057573,-0.8211693,0.8498567,0.2957394,-0.9636913,0.1684285,0.4887999,False,4,1,0
