ts_datetime,ts_unix_ms,primary_grab_hand,pt_x,pt_y,pt_z,st_x,st_y,st_z,pv_x,pv_y,pv_z,sv_x,sv_y,sv_z,hmd_x,hmd_y,hmd_z,ee_x,ee_y,ee_z,shovel_loaded_state,cube_max_target_reached,grab_count,collision_or_load_count
6/23/2025 2:56:59 PM,1750683419784,Right,0.04198183,0.09521757,0.02075642,0.009897572,0.1146376,0.3070316,0.04215666,0.09597529,0.02042124,0.009750018,0.1153375,0.3064182,0.07252824,0.6531275,0.1843184,0.02158653,0.06645697,0.7705423,False,0,1,0
6/23/2025 2:56:59 PM,1750683419812,Right,0.0406718,0.08055094,0.02771702,0.01301606,0.1035067,0.3205588,0.01167718,0.03036735,0.02976159,0.01491739,0.02324498,0.324384,0.06916356,0.6422479,0.1934586,0.02182158,0.06243004,0.7706861,False,0,1,0
6/23/2025 2:56:59 PM,1750683419826,Right,0.04046718,0.07380366,0.03071778,0.01411445,0.09731505,0.3269882,0.01213857,0.03091237,0.02966147,0.01533655,0.02364229,0.327694,0.06746811,0.637527,0.1980171,0.0220673,0.06281353,0.7705959,False,0,1,0
6/23/2025 2:56:59 PM,1750683419853,Right,0.04439018,0.06509404,0.0310709,0.01172078,0.08442915,0.3401226,0.01278812,0.03328471,0.029127,0.01597969,0.02525892,0.339027,0.06406522,0.6296279,0.2047726,0.0222353,0.0640779,0.7701146,False,0,1,0
6/23/2025 2:56:59 PM,1750683419868,Right,0.04574853,0.06169305,0.03139338,0.009510002,0.07775378,0.3468782,0.01347631,0.03314922,0.02931959,0.01653439,0.02486957,0.3467246,0.06211817,0.6266357,0.2074913,0.02240338,0.06380451,0.7703193,False,0,1,0
6/23/2025 2:56:59 PM,1750683419882,Right,0.0446993,0.05821151,0.03006403,0.009135492,0.07341547,0.350831,0.01418499,0.0328757,0.0294347,0.01703994,0.02459515,0.3520535,0.06028795,0.6244326,0.2095655,0.02264485,0.06383669,0.7704272,False,0,1,0
6/23/2025 2:56:59 PM,1750683419909,Right,0.04560958,0.0548386,0.02717232,0.008174784,0.06667875,0.3577288,0.01410885,0.03442726,0.02927873,0.01669995,0.02538975,0.361675,0.05707705,0.6216665,0.2137498,0.02210603,0.06424768,0.7703232,False,0,1,0
6/23/2025 2:56:59 PM,1750683419923,Right,0.04580551,0.0529382,0.02579279,0.006637966,0.06424409,0.3619861,0.01477421,0.03410859,0.02953516,0.01713957,0.02501867,0.3673758,0.05557692,0.6217145,0.2161859,0.02246182,0.06412531,0.770575,False,0,1,0
6/23/2025 2:56:59 PM,1750683419950,Right,0.04355713,0.04998442,0.02524044,0.007768643,0.06413541,0.3670266,0.01419876,0.03497645,0.02982277,0.01666215,0.02549437,0.3734106,0.05360329,0.6226915,0.221018,0.02235431,0.06446293,0.7708789,False,0,1,0
6/23/2025 2:56:59 PM,1750683419965,Right,0.04259216,0.04736227,0.02330242,0.008220077,0.06505021,0.3705251,0.01330716,0.03516353,0.03013799,0.01632458,0.02548042,0.3790783,0.05282074,0.6235226,0.2239563,0.02269596,0.06452905,0.7711843,False,0,1,0
6/23/2025 2:56:59 PM,1750683419993,Right,0.04206461,0.04782129,0.02270564,0.01131592,0.06732244,0.3740902,0.01095804,0.0361865,0.03105664,0.01513993,0.02556648,0.3839192,0.051018,0.6262427,0.2298809,0.02299173,0.06379819,0.7721322,False,0,1,0
6/23/2025 2:57:00 PM,1750683420007,Right,0.04067547,0.04811913,0.02269401,0.01221342,0.06817367,0.3742328,0.01128297,0.03885395,0.03140622,0.01594075,0.02668235,0.3843366,0.05015874,0.628459,0.2322811,0.02456464,0.06319851,0.7725749,False,0,1,0
6/23/2025 2:57:00 PM,1750683420020,Right,0.03913222,0.04902127,0.02277724,0.01325507,0.06955424,0.3740477,0.00892715,0.04320515,0.03147722,0.01476249,0.02879397,0.3839271,0.04927957,0.631565,0.2345535,0.02502746,0.06278868,0.7727311,False,0,1,0
6/23/2025 2:57:00 PM,1750683420048,Right,0.03830473,0.05312989,0.02306104,0.01540051,0.07237143,0.3759401,0.006055836,0.04957831,0.03192961,0.01362833,0.03174828,0.3855072,0.04689974,0.6375867,0.2387191,0.02620848,0.06207154,0.7732378,False,0,1,0
6/23/2025 2:57:00 PM,1750683420062,Right,0.03855962,0.05679735,0.02375554,0.01635502,0.07413188,0.3775339,0.005342837,0.05372681,0.03225791,0.01333014,0.03402676,0.386766,0.04604542,0.6412553,0.2402436,0.02664611,0.06239003,0.7735886,False,0,1,0
6/23/2025 2:57:00 PM,1750683420089,Right,0.0392129,0.06484284,0.02361618,0.01743157,0.07842906,0.3804419,0.006969351,0.06340652,0.03336481,0.01461968,0.03803435,0.3900333,0.04528928,0.6490993,0.2436074,0.02843547,0.06047454,0.7747357,False,0,1,0
6/23/2025 2:57:00 PM,1750683420104,Right,0.03977145,0.07042807,0.02414798,0.01821935,0.082526,0.3828466,0.007538375,0.06925175,0.03374968,0.0151491,0.04113414,0.3920589,0.04477942,0.6533971,0.2455397,0.02922405,0.0608667,0.7750725,False,0,1,0
6/23/2025 2:57:00 PM,1750683420131,Right,0.04190229,0.08306739,0.02626479,0.0190426,0.08979797,0.3877212,0.003145672,0.07911377,0.03527398,0.0123148,0.04427104,0.3956275,0.04389727,0.6642112,0.2506096,0.02831653,0.05728724,0.7762126,False,0,1,0
6/23/2025 2:57:00 PM,1750683420146,Right,0.04214572,0.08990141,0.02844707,0.01936104,0.09409612,0.3905377,0.002530042,0.08429091,0.03571416,0.01226877,0.04608354,0.3963376,0.04403353,0.6714112,0.2541474,0.02886156,0.05567595,0.7763814,False,0,1,0
6/23/2025 2:57:00 PM,1750683420173,Right,0.04441511,0.104813,0.03242967,0.02071241,0.1031709,0.3960465,0.004445808,0.09930793,0.03644611,0.01319019,0.05238918,0.3976345,0.0454706,0.6866928,0.2637569,0.02862902,0.05320186,0.7763038,False,0,1,0
6/23/2025 2:57:00 PM,1750683420187,Right,0.0476134,0.1133784,0.03343982,0.02133563,0.1070683,0.3984121,0.004592931,0.1073447,0.03652495,0.01341735,0.05606655,0.3986263,0.04669011,0.6946917,0.2699685,0.02890806,0.05272885,0.7757989,False,0,1,0
6/23/2025 2:57:00 PM,1750683420201,Right,0.05091971,0.1219614,0.03438229,0.02217833,0.1109883,0.4001361,0.006257873,0.1165821,0.03726697,0.01422701,0.05936103,0.3996505,0.04718989,0.7029232,0.2754391,0.0286682,0.05020262,0.7756379,False,0,1,0
6/23/2025 2:57:00 PM,1750683420229,Right,0.05443264,0.1400572,0.03781551,0.02302203,0.1179685,0.4001721,0.007435592,0.1366462,0.04042552,0.01417331,0.06825373,0.398723,0.04593706,0.7206317,0.2824867,0.02757877,0.04664424,0.7763563,False,0,1,0
6/23/2025 2:57:00 PM,1750683420242,Right,0.05644289,0.1503426,0.0399887,0.02272637,0.121605,0.4004888,0.008452639,0.1465891,0.04192032,0.01439222,0.07233039,0.3974577,0.04474568,0.7290292,0.2842898,0.02776591,0.04377109,0.7761924,False,0,1,0
6/23/2025 2:57:00 PM,1750683420270,Right,0.05819493,0.1697932,0.04250333,0.02020771,0.1274767,0.3972263,0.01315242,0.1705477,0.04334073,0.01659848,0.08569937,0.3915384,0.04192352,0.7455478,0.2837807,0.03028915,0.04297552,0.7737733,False,0,1,0
6/23/2025 2:57:00 PM,1750683420284,Right,0.05914497,0.1791586,0.04232804,0.01854784,0.131121,0.3960522,0.01277198,0.1828318,0.0421332,0.01544064,0.09194829,0.3897265,0.04264343,0.7531968,0.2832737,0.03041296,0.04259358,0.7702281,False,0,1,0
6/23/2025 2:57:00 PM,1750683420312,Right,0.06208804,0.1964335,0.03589949,0.01608132,0.1415497,0.3924011,0.01541133,0.2038295,0.03688666,0.01561959,0.1046829,0.3866186,0.03765821,0.7703657,0.2839553,0.03407039,0.04679221,0.7615185,False,0,1,0
6/23/2025 2:57:00 PM,1750683420326,Right,0.06387119,0.205173,0.03222756,0.01455839,0.1468974,0.3901068,0.01779907,0.2141855,0.03398606,0.01622491,0.1111315,0.3849627,0.03675818,0.7793316,0.2849002,0.0351677,0.04941821,0.7569315,False,0,1,0
6/23/2025 2:57:00 PM,1750683420354,Right,0.06731821,0.2215732,0.02163776,0.01275514,0.1595968,0.3851066,0.02351753,0.234639,0.02658869,0.01770419,0.1252442,0.3830175,0.03607392,0.7982531,0.2868812,0.03850771,0.05793595,0.7467633,False,0,1,0
6/23/2025 2:57:00 PM,1750683420368,Right,0.06901447,0.2304548,0.01590526,0.01186936,0.1660232,0.3815162,0.02508795,0.2434621,0.02175754,0.01808282,0.1328692,0.3804252,0.03644323,0.807828,0.2877321,0.04051254,0.0640543,0.7412539,False,0,1,0
6/23/2025 2:57:00 PM,1750683420381,Right,0.0713686,0.2393951,0.009258674,0.01193737,0.1731628,0.377292,0.02574099,0.2543343,0.01713695,0.01910775,0.1421144,0.3784992,0.03683364,0.8178015,0.2885995,0.04282786,0.07290205,0.7360879,False,0,1,0
6/23/2025 2:57:00 PM,1750683420409,Right,0.07641408,0.2620206,0.0003216551,0.01034267,0.1887465,0.3735706,0.02938225,0.2748817,0.007701278,0.02311568,0.1578289,0.3752958,0.03777993,0.8375891,0.2906016,0.04636654,0.08904533,0.7255289,False,0,1,0
6/23/2025 2:57:00 PM,1750683420424,Right,0.0802658,0.2772637,-0.001018902,0.01451127,0.2000613,0.3703576,0.03262031,0.2853378,0.003336012,0.02771151,0.1665294,0.3694095,0.03856087,0.8470331,0.29105,0.04949319,0.09725691,0.7205815,False,0,1,0
6/23/2025 2:57:00 PM,1750683420451,Right,0.08607217,0.3024306,-0.004009478,0.02549676,0.2153618,0.3550477,0.03729831,0.3076102,-0.003950059,0.03410957,0.1847152,0.3499139,0.0394963,0.8655499,0.2902359,0.05144044,0.107893,0.710202,False,0,1,0
6/23/2025 2:57:00 PM,1750683420464,Right,0.08806548,0.3147224,-0.006650958,0.02970767,0.2244104,0.3499522,0.03781037,0.3183588,-0.008489907,0.03685752,0.1928856,0.342368,0.04017019,0.8743479,0.2895082,0.05239527,0.1136128,0.7042277,False,0,1,0
6/23/2025 2:57:00 PM,1750683420493,Right,0.09499028,0.3378799,-0.01468558,0.03870871,0.2440104,0.3391891,0.04519849,0.3419287,-0.01641214,0.04653073,0.2107925,0.3301103,0.04120719,0.8903729,0.2882588,0.06069567,0.1252284,0.6927429,False,0,1,0
6/23/2025 2:57:00 PM,1750683420506,Right,0.0985712,0.3495404,-0.01871186,0.04159937,0.2501902,0.33625,0.04788231,0.352843,-0.02048497,0.05068739,0.2182288,0.3272847,0.04193175,0.8979905,0.288026,0.06563943,0.1309803,0.6870189,False,0,1,0
6/23/2025 2:57:00 PM,1750683420534,Right,0.105623,0.372387,-0.02775487,0.04818219,0.2597625,0.3287644,0.05356077,0.3755141,-0.02879034,0.05755397,0.2344637,0.3220028,0.04352665,0.9126052,0.2871643,0.07470797,0.1442269,0.6755953,False,0,1,0
6/23/2025 2:57:00 PM,1750683420548,Right,0.1090878,0.3850758,-0.03316328,0.05299459,0.2663847,0.3255172,0.05697047,0.3878539,-0.0341693,0.06174108,0.2433912,0.3191152,0.04442334,0.9199502,0.2863494,0.0802933,0.1522669,0.6687211,False,0,1,0
6/23/2025 2:57:00 PM,1750683420562,Right,0.1101546,0.3969782,-0.03784922,0.05802776,0.2759338,0.3228657,0.05961045,0.4000058,-0.03941509,0.06507862,0.2523917,0.3146454,0.04521728,0.9277292,0.285483,0.08450405,0.1595609,0.6617744,False,0,1,0
6/23/2025 2:57:00 PM,1750683420590,Right,0.1178455,0.4238343,-0.05094694,0.06662937,0.2934493,0.3184304,0.06628464,0.4245616,-0.05385613,0.07396545,0.2699511,0.3092297,0.04708868,0.9432507,0.2839868,0.09330238,0.1793072,0.6455868,False,0,1,0
6/23/2025 2:57:00 PM,1750683420603,Right,0.1229895,0.4387519,-0.05968782,0.06892068,0.2982284,0.3179563,0.07003674,0.4382103,-0.06170908,0.0786515,0.2776476,0.3088283,0.04804432,0.9508896,0.2835399,0.09759361,0.1887402,0.6362203,False,0,1,0
6/23/2025 2:57:00 PM,1750683420632,Right,0.1301545,0.467163,-0.07670023,0.07347178,0.3083506,0.316954,0.07775165,0.4663679,-0.08131661,0.08863717,0.2926853,0.3091391,0.04923558,0.967828,0.2837112,0.1043713,0.2109193,0.6144833,False,0,1,0
6/23/2025 2:57:00 PM,1750683420645,Right,0.1368676,0.4840178,-0.08832794,0.07423005,0.3179854,0.3199408,0.08216645,0.4809417,-0.09269455,0.09354822,0.2995016,0.3126057,0.05008328,0.9775065,0.2846735,0.1074561,0.224016,0.6026109,False,0,1,0
6/23/2025 2:57:00 PM,1750683420673,Right,0.1454191,0.5138065,-0.1125157,0.0763709,0.3423113,0.3277583,0.08982418,0.5095586,-0.1172467,0.1025589,0.3130529,0.3165592,0.05169261,0.9969849,0.2883261,0.1139388,0.2497492,0.5770283,False,0,1,0
6/23/2025 2:57:00 PM,1750683420687,Right,0.1488574,0.530569,-0.1254077,0.08403149,0.3524745,0.324165,0.09332611,0.5242159,-0.1301662,0.1063176,0.3230755,0.3131042,0.05246627,1.006448,0.291327,0.1168978,0.2639869,0.5639702,False,0,1,0
6/23/2025 2:57:00 PM,1750683420715,Right,0.1564712,0.5603624,-0.1495153,0.1007752,0.3648958,0.3101695,0.1005258,0.5546473,-0.1529498,0.1134074,0.3444122,0.3028,0.05285299,1.023315,0.2970145,0.1228685,0.2901169,0.5395995,False,0,1,0
6/23/2025 2:57:00 PM,1750683420729,Right,0.1612518,0.5799589,-0.1596861,0.1059301,0.3727738,0.3044003,0.1054004,0.5719222,-0.1632021,0.1178938,0.3551864,0.3000794,0.05210483,1.031288,0.2995524,0.1264068,0.3036828,0.527961,False,0,1,0
6/23/2025 2:57:00 PM,1750683420743,Right,0.164727,0.5971021,-0.1687557,0.1105883,0.3819868,0.2989686,0.1085952,0.5893604,-0.1712997,0.1210124,0.3669904,0.2955171,0.05100036,1.038999,0.3023882,0.1286239,0.3163296,0.5180138,False,0,1,0
6/23/2025 2:57:00 PM,1750683420771,Right,0.1695744,0.6274799,-0.1834908,0.1191794,0.4076652,0.2910504,0.1133996,0.6228246,-0.1845034,0.1259043,0.38943,0.2859702,0.0486052,1.052295,0.3096122,0.1323776,0.338847,0.5004029,False,0,1,0
6/23/2025 2:57:00 PM,1750683420785,Right,0.1718523,0.643824,-0.1888687,0.1231479,0.4181538,0.2879239,0.117235,0.639796,-0.1894493,0.127947,0.3993509,0.2821234,0.04773962,1.057133,0.3141645,0.133181,0.3482711,0.4923565,False,0,1,0
6/23/2025 2:57:00 PM,1750683420812,Right,0.1776833,0.6756167,-0.1937739,0.1317775,0.4312285,0.2887198,0.1247618,0.6703623,-0.1964498,0.1306939,0.4133682,0.283428,0.04498923,1.065408,0.324417,0.1331256,0.3651051,0.4794556,False,0,1,0
6/23/2025 2:57:00 PM,1750683420826,Right,0.1813361,0.6912326,-0.1958806,0.1369954,0.4343514,0.2851943,0.1305961,0.6851673,-0.19772,0.1312262,0.4201464,0.2805858,0.04318285,1.068519,0.3299298,0.1315151,0.3702557,0.4737932,False,0,1,0
6/23/2025 2:57:00 PM,1750683420853,Right,0.1888644,0.7159936,-0.1952749,0.1441103,0.4443553,0.281968,0.1402712,0.711165,-0.1980405,0.1297226,0.4306698,0.2769485,0.03935421,1.072633,0.3448433,0.1263216,0.3780044,0.464462,False,0,1,0
6/23/2025 2:57:00 PM,1750683420868,Right,0.1923861,0.728144,-0.1937662,0.1467504,0.4477316,0.27995,0.1431387,0.7228486,-0.1959574,0.1286251,0.4338648,0.2744187,0.03702533,1.07386,0.3539388,0.1235688,0.3782194,0.4605088,False,0,1,0
6/23/2025 2:57:00 PM,1750683420882,Right,0.1963258,0.7393888,-0.1895538,0.1504053,0.4478074,0.2764119,0.1455849,0.7335228,-0.1917138,0.1291942,0.4365843,0.2727806,0.03456062,1.074132,0.3641481,0.1228874,0.3772555,0.4584082,False,0,1,0
6/23/2025 2:57:00 PM,1750683420909,Right,0.2027227,0.7582158,-0.177493,0.1532085,0.4489617,0.2754936,0.1491009,0.7529234,-0.1792502,0.1305875,0.4408092,0.2740729,0.02971876,1.073789,0.3848727,0.1231728,0.3747081,0.45823,False,0,1,0
6/23/2025 2:57:00 PM,1750683420923,Right,0.2049024,0.7655806,-0.1676901,0.1526293,0.4493232,0.2802729,0.1510999,0.7603353,-0.1705042,0.1317085,0.4399461,0.2771217,0.02738398,1.071071,0.3960682,0.1243539,0.3705706,0.4599466,False,0,1,0
6/23/2025 2:57:00 PM,1750683420951,Right,0.2068375,0.7768727,-0.1465348,0.1525255,0.4452045,0.2894079,0.1530987,0.7712393,-0.1503421,0.1313506,0.4367602,0.2862626,0.02121049,1.065766,0.4180889,0.1233988,0.361265,0.4670225,False,0,1,0
6/23/2025 2:57:00 PM,1750683420965,Right,0.2071541,0.7798629,-0.1339178,0.1514405,0.4407113,0.2966796,0.1509571,0.7724848,-0.1389169,0.1300616,0.4311503,0.2930082,0.01742542,1.061294,0.4302905,0.1217699,0.3532414,0.4722158,False,0,1,0
6/23/2025 2:57:00 PM,1750683420993,Right,0.2048595,0.7806743,-0.1064644,0.1488546,0.4312263,0.3148944,0.1523049,0.7749142,-0.1121831,0.1291942,0.4214264,0.3089012,0.01017934,1.051614,0.4551703,0.1188664,0.3378641,0.4861221,False,0,1,0
6/23/2025 2:57:01 PM,1750683421007,Right,0.2028473,0.7787933,-0.09051331,0.1469126,0.4239133,0.3263425,0.1514272,0.7736852,-0.09643409,0.1274627,0.414557,0.3198355,0.006207585,1.045507,0.4684386,0.1162811,0.3286326,0.4958437,False,0,1,0
6/23/2025 2:57:01 PM,1750683421034,Right,0.1969384,0.7704275,-0.05790094,0.14299,0.4090114,0.3521737,0.145425,0.7656565,-0.06466505,0.1220034,0.3991686,0.343807,-0.002201915,1.033698,0.496206,0.1097828,0.3091275,0.5187825,False,0,1,0
6/23/2025 2:57:01 PM,1750683421048,Right,0.1938673,0.7647678,-0.03839403,0.1399166,0.4003776,0.368982,0.1449335,0.7612771,-0.04485065,0.120585,0.3919332,0.3609204,-0.006948948,1.026978,0.5097483,0.1074702,0.3006026,0.5352145,False,0,1,0
6/23/2025 2:57:01 PM,1750683421062,Right,0.1905421,0.7584382,-0.0184359,0.1364268,0.3917813,0.3870543,0.1397179,0.7531271,-0.02676913,0.1159794,0.3828893,0.3783843,-0.01093602,1.020252,0.5230583,0.1023792,0.2912555,0.5523514,False,0,1,0
6/23/2025 2:57:01 PM,1750683421090,Right,0.1835114,0.7429565,0.02217476,0.1281622,0.3753872,0.4268605,0.1346233,0.7363853,0.01263011,0.1088244,0.3652634,0.4170344,-0.01772714,1.011149,0.5489,0.09346009,0.2733318,0.5905463,False,0,1,0
6/23/2025 2:57:01 PM,1750683421104,Right,0.1793999,0.7319639,0.04423604,0.1227573,0.367205,0.4500684,0.1304783,0.7263538,0.03473201,0.1034107,0.3576564,0.4401272,-0.02081352,1.00806,0.5612681,0.08720027,0.26594,0.6145993,False,0,1,0
6/23/2025 2:57:01 PM,1750683421132,Right,0.1709441,0.7090477,0.08623353,0.1100242,0.3520544,0.4988782,0.1207076,0.7029142,0.0763945,0.09089511,0.3403539,0.4875878,-0.02744079,1.001391,0.5862098,0.07325493,0.2515969,0.6630469,False,0,1,0
6/23/2025 2:57:01 PM,1750683421146,Right,0.1667274,0.6957024,0.1079596,0.1026054,0.34545,0.526778,0.1162617,0.6901586,0.09835339,0.08349825,0.3338812,0.515676,-0.03003764,0.9984741,0.5978482,0.06497757,0.248448,0.6919541,False,0,1,0
6/23/2025 2:57:01 PM,1750683421173,Right,0.1565577,0.6690381,0.1526075,0.08739554,0.3336808,0.5828483,0.1056485,0.6646022,0.143324,0.06848383,0.3204752,0.5706057,-0.03667629,0.9931923,0.6169026,0.04825283,0.2403245,0.7489595,False,0,1,0
6/23/2025 2:57:01 PM,1750683421188,Right,0.151259,0.6574836,0.1768581,0.07959394,0.3286573,0.6127771,0.09885372,0.6495242,0.1660657,0.05999777,0.3152452,0.6019328,-0.04024482,0.9908248,0.6249211,0.03905709,0.2398511,0.7814455,False,0,1,0
6/23/2025 2:57:01 PM,1750683421215,Right,0.140958,0.6262693,0.2213342,0.06366014,0.322947,0.6731513,0.08810863,0.6223916,0.2126672,0.04445383,0.3074641,0.6610178,-0.04670882,0.9866449,0.6389809,0.02120113,0.239132,0.8441224,False,0,1,0
6/23/2025 2:57:01 PM,1750683421229,Right,0.134288,0.6110161,0.2433081,0.05569012,0.3232512,0.7039263,0.08206986,0.608135,0.2354177,0.03568226,0.3079646,0.6925332,-0.04990435,0.9857358,0.6453559,0.01146186,0.2450235,0.8782743,False,0,1,0
6/23/2025 2:57:01 PM,1750683421243,Right,0.1266731,0.5936561,0.2660446,0.04750993,0.3240269,0.7338803,0.07626806,0.5947933,0.2578007,0.02768191,0.307141,0.7191585,-0.05311501,0.9848232,0.6519717,0.002376556,0.2470835,0.9087524,True,0,1,1
6/23/2025 2:57:01 PM,1750683421271,Right,0.115461,0.5636484,0.3061732,0.03053333,0.3304131,0.7919964,0.06323053,0.5691806,0.2998988,0.00989737,0.3120742,0.7777051,-0.05934262,0.9852673,0.6639098,-0.01620987,0.2641267,0.9712641,True,0,1,1
6/23/2025 2:57:01 PM,1750683421285,Right,0.1094843,0.5501265,0.32654,0.02251446,0.3348163,0.8200914,0.05605926,0.5572466,0.3202638,0.0004528984,0.3194529,0.8079773,-0.06193417,0.9867156,0.6687678,-0.02560341,0.279499,1.003116,True,0,1,1
6/23/2025 2:57:01 PM,1750683421312,Right,0.09907614,0.537126,0.3671519,0.007083028,0.3500876,0.8700282,0.04403384,0.5367383,0.3557442,-0.01675506,0.3399142,0.8596295,-0.06727475,0.9908502,0.6773247,-0.0430881,0.3157464,1.058362,True,0,1,1
6/23/2025 2:57:01 PM,1750683421326,Right,0.09220501,0.5266559,0.3835168,-0.0002081012,0.3598723,0.8934745,0.0386281,0.5279657,0.3729359,-0.02418186,0.34783,0.8828478,-0.06944561,0.9936393,0.6805464,-0.05065445,0.3302713,1.082193,True,0,1,1
6/23/2025 2:57:01 PM,1750683421353,Right,0.08021847,0.513474,0.4091136,-0.0118721,0.3855324,0.9308597,0.02853025,0.5141241,0.400295,-0.03596704,0.3723286,0.9224322,-0.07402951,1.001442,0.6864471,-0.06224091,0.3698044,1.122121,True,0,1,1
6/23/2025 2:57:01 PM,1750683421368,Right,0.07566568,0.5087713,0.420961,-0.01685092,0.3991708,0.9478334,0.02401423,0.5102619,0.4121598,-0.04102722,0.3879409,0.9402759,-0.07700425,1.006717,0.6889634,-0.06668064,0.3931897,1.138912,True,0,1,1
6/23/2025 2:57:01 PM,1750683421382,Right,0.0730655,0.5063311,0.4306784,-0.02003194,0.4128021,0.960801,0.01990761,0.5077878,0.4223459,-0.04515006,0.4031471,0.9545158,-0.08035147,1.012554,0.6911662,-0.07003371,0.4151013,1.152702,True,0,1,1
6/23/2025 2:57:01 PM,1750683421409,Right,0.06522211,0.5044747,0.4461307,-0.0255774,0.4388919,0.9823858,0.01412372,0.5081187,0.439872,-0.05132962,0.4314084,0.9782743,-0.08664572,1.025994,0.6935819,-0.07545006,0.4539935,1.174138,True,0,1,1
6/23/2025 2:57:01 PM,1750683421423,Right,0.06329475,0.5075446,0.4524434,-0.02731362,0.4519089,0.9892988,0.01188178,0.5109463,0.4457761,-0.05319106,0.4456415,0.9852262,-0.08899564,1.033171,0.6941986,-0.07696924,0.4722861,1.181107,True,0,1,1
6/23/2025 2:57:01 PM,1750683421451,Right,0.06094033,0.5155075,0.4622796,-0.03163395,0.4799424,1.0002,0.00864093,0.518095,0.4547576,-0.05709207,0.4744179,0.996038,-0.09374231,1.0485,0.6941608,-0.08091583,0.5088477,1.19096,True,0,1,1
6/23/2025 2:57:01 PM,1750683421465,Right,0.06175322,0.5224231,0.4653132,-0.03354234,0.4938236,1.002705,0.008004203,0.5232152,0.4570017,-0.05912499,0.4884681,0.9983104,-0.09623253,1.056137,0.6933305,-0.08353623,0.5260685,1.193013,True,0,1,1
6/23/2025 2:57:01 PM,1750683421493,Right,0.06258176,0.5344698,0.4688115,-0.03766736,0.5196021,1.005078,0.008417681,0.5346103,0.4588192,-0.06282779,0.5147832,0.9995933,-0.09989536,1.071484,0.6900084,-0.08922024,0.5576893,1.193689,True,0,1,1
6/23/2025 2:57:01 PM,1750683421507,Right,0.06335143,0.5411982,0.4677721,-0.03991118,0.5313082,1.003919,0.01024361,0.5415445,0.457852,-0.06500152,0.5262531,0.9985287,-0.100992,1.07886,0.6870424,-0.0930416,0.5707911,1.19173,True,0,1,1
6/23/2025 2:57:01 PM,1750683421535,Right,0.06721026,0.554751,0.4644193,-0.0446927,0.5544854,0.9996628,0.01451032,0.5553557,0.4542194,-0.06890268,0.5498156,0.9946044,-0.1040154,1.095184,0.6795206,-0.1002704,0.5978217,1.18574,True,0,1,1
6/23/2025 2:57:01 PM,1750683421548,Right,0.06993812,0.5627114,0.46185,-0.04729505,0.5655847,0.9958515,0.01637672,0.5620102,0.4504286,-0.07165521,0.5592657,0.9900227,-0.1053734,1.10366,0.6757157,-0.1054679,0.6082226,1.180578,True,0,1,1
6/23/2025 2:57:01 PM,1750683421562,Right,0.07214653,0.5696788,0.4584372,-0.04971495,0.5759038,0.9913812,0.01933914,0.569237,0.4468805,-0.07427702,0.5688083,0.9855326,-0.1062813,1.112243,0.6717234,-0.1103662,0.6185646,1.175471,True,0,1,1
6/23/2025 2:57:01 PM,1750683421590,Right,0.07752723,0.5845962,0.4504998,-0.05412596,0.59467,0.9816358,0.02495286,0.5833584,0.4385754,-0.07907767,0.588561,0.9758559,-0.1063573,1.128676,0.6628836,-0.1188123,0.6402849,1.163966,True,0,1,1
6/23/2025 2:57:01 PM,1750683421603,Right,0.08078668,0.5924825,0.4453897,-0.0555226,0.6032228,0.9756227,0.02822861,0.5911627,0.4333849,-0.08131642,0.5967368,0.9698501,-0.1058067,1.136035,0.657228,-0.1230032,0.6485804,1.157217,True,0,1,1
6/23/2025 2:57:01 PM,1750683421632,Right,0.08715486,0.6087301,0.4346793,-0.0572871,0.6189401,0.9624837,0.03474347,0.6070555,0.4220209,-0.08351816,0.6132772,0.956367,-0.1043331,1.149355,0.6449401,-0.1282351,0.6653566,1.143228,True,0,1,1
6/23/2025 2:57:01 PM,1750683421645,Right,0.09066837,0.6165909,0.4266029,-0.05751104,0.6256309,0.9547889,0.03861015,0.6164606,0.4151081,-0.08397225,0.619644,0.9498377,-0.1042977,1.15633,0.6367064,-0.1298611,0.6706465,1.135373,True,0,1,1
6/23/2025 2:57:01 PM,1750683421674,Right,0.09625289,0.6342154,0.4115773,-0.05731419,0.6379202,0.9375787,0.04515097,0.6343336,0.3990667,-0.08400488,0.6334531,0.9316134,-0.1059654,1.170871,0.6206332,-0.1316089,0.6830871,1.117731,True,0,1,1
6/23/2025 2:57:01 PM,1750683421687,Right,0.1004572,0.6432949,0.4023151,-0.05676459,0.6440439,0.9276933,0.04935376,0.6440864,0.3900531,-0.08334939,0.6387467,0.9221206,-0.1075779,1.178471,0.6134874,-0.1316474,0.6868437,1.108044,True,0,1,1
6/23/2025 2:57:01 PM,1750683421701,Right,0.104861,0.6526636,0.3937443,-0.05631119,0.6497475,0.9179269,0.05347024,0.6535878,0.3809442,-0.08279081,0.6460959,0.9121004,-0.1094086,1.185878,0.6070546,-0.132164,0.6934466,1.097918,True,0,1,1
6/23/2025 2:57:01 PM,1750683421728,Right,0.1127128,0.6703039,0.3738,-0.05594091,0.6613618,0.895737,0.06051637,0.6710002,0.360151,-0.0822192,0.6554068,0.8895991,-0.1125541,1.198667,0.5931395,-0.1336857,0.6999273,1.075377,True,0,1,1
6/23/2025 2:57:01 PM,1750683421743,Right,0.1161762,0.6798644,0.3635231,-0.05600081,0.6676897,0.8839415,0.06415078,0.6797634,0.3491778,-0.08216779,0.662054,0.8772993,-0.1151407,1.204039,0.5840142,-0.1350901,0.7058172,1.063128,True,0,1,1
6/23/2025 2:57:01 PM,1750683421771,Right,0.1237445,0.6980221,0.3428594,-0.05830064,0.6797263,0.8595693,0.07210945,0.6965884,0.3273561,-0.08274454,0.6735632,0.8528838,-0.1223633,1.213455,0.5642591,-0.1394483,0.7154288,1.037982,True,0,1,1
6/23/2025 2:57:01 PM,1750683421785,Right,0.1294184,0.708807,0.333614,-0.05974836,0.6856824,0.8465949,0.07566462,0.7042803,0.3151819,-0.08400013,0.6785975,0.83801,-0.1270851,1.216982,0.554284,-0.1435241,0.7194232,1.023579,True,0,1,1
6/23/2025 2:57:01 PM,1750683421813,Right,0.1387115,0.7277997,0.3145216,-0.06508345,0.6952274,0.8214194,0.08509271,0.7229556,0.2946834,-0.087851,0.6900529,0.8128943,-0.1396062,1.223448,0.5369885,-0.152858,0.7282664,0.9971443,True,0,1,1
6/23/2025 2:57:01 PM,1750683421826,Right,0.1434263,0.7376757,0.3048694,-0.0679101,0.7000267,0.8085057,0.08943136,0.7319744,0.284328,-0.08984089,0.6956338,0.8003261,-0.1477218,1.226421,0.5280795,-0.1574549,0.7326072,0.9837184,True,0,1,1
6/23/2025 2:57:01 PM,1750683421853,Right,0.1504878,0.7594908,0.2891257,-0.07666472,0.7082713,0.7836156,0.09966461,0.7519677,0.2664123,-0.09695557,0.7029981,0.7740673,-0.1676755,1.230697,0.5077665,-0.1732434,0.7351703,0.9558607,True,0,1,1
6/23/2025 2:57:01 PM,1750683421868,Right,0.1540238,0.7688761,0.2809301,-0.08146176,0.7123768,0.7707294,0.1047002,0.7624689,0.25768,-0.09992096,0.7080519,0.7613919,-0.178386,1.232383,0.4963939,-0.1798791,0.7381582,0.9421679,True,0,1,1
6/23/2025 2:57:01 PM,1750683421882,Right,0.1581526,0.7807686,0.2745788,-0.08766828,0.7147633,0.758064,0.1086135,0.7718072,0.2500564,-0.106438,0.710355,0.7485508,-0.1892674,1.23359,0.4841113,-0.1911323,0.7377933,0.9276223,True,0,1,1
6/23/2025 2:57:01 PM,1750683421910,Right,0.1613794,0.7986597,0.2624311,-0.101657,0.7215293,0.734048,0.1162005,0.7936878,0.2370998,-0.1191411,0.7174761,0.7232749,-0.2135115,1.235235,0.4583967,-0.2130834,0.7392046,0.899447,True,0,1,1
6/23/2025 2:57:01 PM,1750683421923,Right,0.1638418,0.8078807,0.2574164,-0.111075,0.7264226,0.7226375,0.1178487,0.8030168,0.2314112,-0.1288253,0.7187772,0.7116629,-0.2250212,1.236456,0.445376,-0.2270283,0.7376595,0.8847781,True,0,1,1
6/23/2025 2:57:01 PM,1750683421951,Right,0.1644866,0.826591,0.2506375,-0.1315122,0.7334256,0.7000091,0.1206037,0.8209882,0.2217011,-0.1465107,0.722066,0.6876014,-0.2463558,1.239473,0.4187487,-0.2537618,0.7352733,0.8562116,True,0,1,1
6/23/2025 2:57:01 PM,1750683421965,Right,0.1630174,0.8368472,0.2489091,-0.1431962,0.7351955,0.688273,0.1209503,0.8301169,0.2183128,-0.1573062,0.7229824,0.6746302,-0.2562823,1.241102,0.4064913,-0.2701196,0.7327643,0.840958,True,0,1,1
6/23/2025 2:57:01 PM,1750683421993,Right,0.1556523,0.8549286,0.2454149,-0.1670467,0.733884,0.6669267,0.1190882,0.8472279,0.2136249,-0.179673,0.7241969,0.6518605,-0.2778807,1.24575,0.3841543,-0.3021086,0.7275689,0.8122693,True,0,1,1
6/23/2025 2:57:02 PM,1750683422007,Right,0.150591,0.8642006,0.2450344,-0.1797625,0.7315772,0.6562849,0.1174617,0.8557282,0.2126648,-0.1925758,0.7241091,0.6397377,-0.2889205,1.248418,0.3736788,-0.3204719,0.7239013,0.7965621,True,0,1,1
6/23/2025 2:57:02 PM,1750683422035,Right,0.1390051,0.8811536,0.2446261,-0.2109213,0.7304207,0.6372706,0.1080992,0.8701569,0.2094732,-0.2224907,0.7224255,0.619473,-0.3106673,1.252969,0.3526989,-0.3570666,0.7169162,0.7664636,True,0,1,1
6/23/2025 2:57:02 PM,1750683422048,Right,0.1311315,0.890402,0.2477295,-0.2279075,0.7305391,0.6268054,0.1021985,0.877366,0.2095725,-0.2379675,0.7216079,0.6072317,-0.321317,1.255236,0.3426466,-0.3778303,0.7124779,0.7503908,True,0,1,1
6/23/2025 2:57:02 PM,1750683422062,Right,0.1207976,0.8981485,0.2484543,-0.245957,0.7303585,0.6160989,0.09512123,0.8843918,0.2109629,-0.2547722,0.7204708,0.5962898,-0.3323015,1.257635,0.3329633,-0.399552,0.7078304,0.7346275,True,0,1,1
6/23/2025 2:57:02 PM,1750683422090,Right,0.09967869,0.9120114,0.2514744,-0.284367,0.7285052,0.5950674,0.07806444,0.8971635,0.2132489,-0.2896763,0.7163754,0.5754918,-0.3556733,1.26204,0.3150862,-0.4420216,0.6971879,0.7027592,True,0,1,1
6/23/2025 2:57:02 PM,1750683422104,Right,0.08737609,0.9174839,0.2539658,-0.3055743,0.7275321,0.5836208,0.06789297,0.902487,0.215259,-0.3095206,0.7149996,0.5638419,-0.3677343,1.263973,0.3067867,-0.4662446,0.6929203,0.6852368,True,0,1,1
6/23/2025 2:57:02 PM,1750683422131,Right,0.06146149,0.928213,0.260164,-0.3436388,0.7220892,0.5602164,0.04437494,0.9114164,0.2191602,-0.3492252,0.7132887,0.5392246,-0.3929386,1.266821,0.2916691,-0.5152742,0.6854329,0.6502339,True,0,1,1
6/23/2025 2:57:02 PM,1750683422145,Right,0.0469098,0.93286,0.2637945,-0.3686698,0.7222792,0.5482514,0.0316588,0.9142338,0.2215842,-0.3729779,0.7127475,0.5274441,-0.4064603,1.268097,0.2842349,-0.5423234,0.6838062,0.6309102,True,0,1,1
6/23/2025 2:57:02 PM,1750683422173,Right,0.01337349,0.9393023,0.2695326,-0.4135195,0.7194069,0.5229761,0.002164334,0.9188455,0.2272421,-0.4177322,0.7114751,0.5020344,-0.4356158,1.269441,0.2699908,-0.5961074,0.678151,0.5936263,True,0,1,1
6/23/2025 2:57:02 PM,1750683422187,Right,-0.00700022,0.9423097,0.2723191,-0.4402298,0.7184636,0.510466,-0.01451573,0.9206712,0.2302582,-0.4419624,0.7089369,0.4896958,-0.4507173,1.269183,0.2633595,-0.6233443,0.6735621,0.5743003,True,0,1,1
6/23/2025 2:57:02 PM,1750683422215,Right,-0.04897904,0.9457867,0.276444,-0.495532,0.7182966,0.4863507,-0.05256253,0.9206214,0.2365074,-0.4975729,0.7084122,0.464702,-0.4803133,1.267115,0.2501407,-0.6849018,0.6719797,0.53387,True,0,1,1
6/23/2025 2:57:02 PM,1750683422229,Right,-0.07307435,0.947014,0.2778095,-0.5257837,0.7185693,0.4733698,-0.07445401,0.9210695,0.2392489,-0.5271231,0.7085414,0.4519048,-0.4948447,1.265322,0.2442085,-0.7168503,0.6714795,0.513351,True,0,1,1
6/23/2025 2:57:02 PM,1750683422242,Right,-0.09759237,0.9476428,0.2781275,-0.5558625,0.7182086,0.4607942,-0.09646431,0.921267,0.2417969,-0.5553498,0.7061536,0.439447,-0.5094261,1.262999,0.2386708,-0.7465258,0.6677889,0.4933303,True,0,1,1
6/23/2025 2:57:02 PM,1750683422270,Right,-0.1525005,0.9476932,0.2750607,-0.6181816,0.7216164,0.4349549,-0.1441537,0.9197018,0.2423322,-0.6129518,0.7051116,0.4121905,-0.540688,1.258347,0.2274619,-0.8082376,0.6646063,0.4521394,True,0,1,1
6/23/2025 2:57:02 PM,1750683422284,Right,-0.1803049,0.9475845,0.2726927,-0.6517529,0.7226931,0.4218999,-0.1714255,0.920232,0.2415099,-0.6457046,0.7075851,0.3991064,-0.5570945,1.255676,0.2220334,-0.8419498,0.6669691,0.4321802,True,0,1,1
6/23/2025 2:57:02 PM,1750683422312,Right,-0.2382478,0.9485712,0.2652704,-0.7164764,0.726797,0.3950006,-0.2248847,0.9167507,0.2388347,-0.7082361,0.7062553,0.3728579,-0.5886925,1.248925,0.2118651,-0.9052128,0.6645609,0.3926336,True,0,1,1
6/23/2025 2:57:02 PM,1750683422326,Right,-0.2683083,0.9486541,0.2600258,-0.7504708,0.7287112,0.3807767,-0.2537121,0.9149316,0.2345682,-0.740934,0.7086141,0.3585637,-0.6028733,1.244581,0.2073214,-0.9388785,0.6666249,0.372376,True,0,1,1
6/23/2025 2:57:02 PM,1750683422354,Right,-0.3301649,0.9492576,0.2447824,-0.8166741,0.7347991,0.3513456,-0.3113633,0.909494,0.2259678,-0.8054361,0.7085668,0.3300621,-0.6275606,1.236331,0.1980685,-1.003483,0.6648105,0.3318017,True,0,1,1
6/23/2025 2:57:02 PM,1750683422368,Right,-0.3609803,0.9483382,0.235322,-0.8471823,0.7322075,0.3417517,-0.3416535,0.9071473,0.2196134,-0.8383085,0.711563,0.3168083,-0.6386639,1.233455,0.1931183,-1.036799,0.6660429,0.3131062,True,0,1,1
6/23/2025 2:57:02 PM,1750683422381,Right,-0.391324,0.947594,0.2239435,-0.8843592,0.7389849,0.3177446,-0.3706334,0.9061303,0.2151895,-0.8720429,0.7163785,0.303635,-0.6494292,1.23041,0.1886847,-1.069361,0.6701456,0.2938699,True,0,1,1
6/23/2025 2:57:02 PM,1750683422409,Right,-0.4456842,0.9434382,0.1997867,-0.9531346,0.7356061,0.286207,-0.4257006,0.9014207,0.199671,-0.942886,0.7153763,0.2740253,-0.6705359,1.226057,0.1813356,-1.128064,0.6691976,0.2531367,True,0,1,1
6/23/2025 2:57:02 PM,1750683422423,Right,-0.4722552,0.9432314,0.1862317,-0.9895133,0.7289319,0.2720067,-0.4534692,0.898358,0.1893542,-0.9843648,0.7164333,0.2611044,-0.6810067,1.224622,0.1783864,-1.157935,0.6709586,0.2353761,True,0,1,1
6/23/2025 2:57:02 PM,1750683422450,Right,-0.5191862,0.9403854,0.1592699,-0.9615844,0.7513393,0.2677806,-0.5016247,0.8961043,0.1733016,-0.9681879,0.7439009,0.2229031,-0.701938,1.221737,0.1726254,-1.207415,0.6695082,0.198088,True,0,1,1
6/23/2025 2:57:02 PM,1750683422463,Right,-0.5389675,0.9399108,0.1476747,-1.052231,0.7694402,0.2025481,-0.5217192,0.8963496,0.166476,-1.037286,0.7359078,0.2146415,-0.7106489,1.220355,0.169929,-1.229003,0.673653,0.1824839,True,0,1,1
6/23/2025 2:57:02 PM,1750683422490,Right,-0.5698715,0.9377646,0.1313293,-1.087015,0.7760596,0.1766259,-0.5533203,0.8967073,0.1575448,-1.072899,0.7420236,0.1911026,-0.7245064,1.218446,0.1648136,-1.261109,0.6750643,0.1544671,False,0,1,1
6/23/2025 2:57:02 PM,1750683422504,Right,-0.5820707,0.9376408,0.1251233,-1.098781,0.7774799,0.1693389,-0.5665653,0.8967842,0.153598,-1.087326,0.7467582,0.1803517,-0.7299998,1.217949,0.1619741,-1.275538,0.6792567,0.1417992,False,0,1,1
6/23/2025 2:57:02 PM,1750683422532,Right,-0.6033406,0.9372709,0.115211,-1.122583,0.7790651,0.1549994,-0.5876943,0.8960862,0.1465165,-1.110969,0.7481441,0.1639496,-0.7402225,1.217416,0.1581401,-1.296785,0.6799447,0.1225786,False,0,1,1
6/23/2025 2:57:02 PM,1750683422546,Right,-0.6093972,0.9375105,0.113445,-1.128478,0.78031,0.151479,-0.5949561,0.8959689,0.144056,-1.118687,0.7508634,0.1589901,-0.7459407,1.217022,0.1559623,-1.305181,0.6840093,0.1165905,False,0,1,1
6/23/2025 2:57:02 PM,1750683422573,Right,-0.618916,0.9370829,0.1114214,-1.138955,0.7819083,0.145875,-0.6050318,0.8952341,0.1406512,-1.129379,0.7516384,0.1519991,-0.7535695,1.21855,0.1549168,-1.31575,0.6856436,0.1082305,False,0,1,1
6/23/2025 2:57:02 PM,1750683422587,Right,-0.6210773,0.9363758,0.1117831,-1.141275,0.7826365,0.1455596,-0.607422,0.8945512,0.1407509,-1.132156,0.7534184,0.1518061,-0.7565472,1.220121,0.1558701,-1.319279,0.6889603,0.1077108,False,0,1,1
6/23/2025 2:57:02 PM,1750683422615,Right,-0.6224243,0.9350556,0.1136438,-1.143478,0.7841232,0.146585,-0.6092418,0.893752,0.1425352,-1.134349,0.7539448,0.1513449,-0.7614373,1.223744,0.1588558,-1.321436,0.6898415,0.1064822,False,0,1,1
6/23/2025 2:57:02 PM,1750683422629,Right,-0.6214483,0.9347214,0.1154487,-1.142417,0.7850901,0.1477041,-0.608241,0.8935056,0.1444823,-1.133332,0.7554929,0.153797,-0.764326,1.225187,0.1596228,-1.321238,0.6923205,0.1089933,False,0,1,1
6/23/2025 2:57:02 PM,1750683422642,Right,-0.6203644,0.9345129,0.1171932,-1.141473,0.7856123,0.1497848,-0.6070436,0.8932572,0.1465957,-1.131812,0.7540966,0.1537793,-0.7641544,1.228391,0.1644564,-1.319266,0.6898341,0.10841,False,0,1,1
6/23/2025 2:57:02 PM,1750683422670,Right,-0.6146256,0.9354419,0.1238142,-1.13536,0.7845545,0.1573502,-0.6016599,0.8934404,0.1521216,-1.126641,0.7542459,0.1591885,-0.765732,1.23395,0.1713865,-1.31384,0.6898887,0.1138216,False,0,1,1
6/23/2025 2:57:02 PM,1750683422684,Right,-0.6114648,0.9368117,0.1280433,-1.131124,0.7838912,0.1619116,-0.5972446,0.8941547,0.1562433,-1.121725,0.7546945,0.1647905,-0.7651087,1.237326,0.1757052,-1.309649,0.6910725,0.1196746,False,0,1,1
6/23/2025 2:57:02 PM,1750683422712,Right,-0.6013411,0.9419632,0.141588,-1.116981,0.7806028,0.1746379,-0.5859357,0.8978208,0.1638243,-1.107406,0.7530003,0.1783132,-0.7621118,1.244126,0.1825484,-1.297546,0.6908206,0.1344685,False,0,1,1
6/23/2025 2:57:02 PM,1750683422726,Right,-0.5961834,0.9452667,0.1489734,-1.108961,0.7789155,0.1811142,-0.579533,0.9000394,0.1681074,-1.098732,0.7518127,0.1827469,-0.7601537,1.246877,0.1861293,-1.289821,0.6885281,0.1388915,False,0,1,1
6/23/2025 2:57:02 PM,1750683422753,Right,-0.5821859,0.9489574,0.1631864,-1.090611,0.7700338,0.2018804,-0.5642895,0.9039367,0.1781394,-1.080417,0.7456771,0.1981642,-0.7542889,1.252778,0.1946031,-1.271783,0.6824576,0.1557929,False,0,1,1
6/23/2025 2:57:02 PM,1750683422768,Right,-0.5746074,0.9519532,0.1705483,-1.080343,0.7652,0.2132645,-0.5554777,0.9066515,0.1830389,-1.069521,0.7407495,0.2093932,-0.7501421,1.256332,0.200913,-1.2608,0.6776797,0.1691766,False,0,1,1
6/23/2025 2:57:02 PM,1750683422781,Right,-0.5658127,0.9553197,0.1785804,-1.067894,0.7588928,0.2272797,-0.5457641,0.9095783,0.1880009,-1.057056,0.7350908,0.221803,-0.7453231,1.260026,0.2089725,-1.24823,0.6716101,0.1843362,False,0,1,1
6/23/2025 2:57:02 PM,1750683422810,Right,-0.5446874,0.9618294,0.1960752,-1.038031,0.7473201,0.2520651,-0.5232205,0.9153738,0.1975691,-1.028206,0.7266411,0.24107,-0.7343801,1.267003,0.2298008,-1.220107,0.6617063,0.2076537,False,0,1,1
6/23/2025 2:57:02 PM,1750683422823,Right,-0.5317419,0.9643093,0.204853,-1.018522,0.7366034,0.2709399,-0.5086928,0.9188573,0.2032025,-1.010022,0.7208427,0.2539909,-0.7274011,1.270774,0.2423432,-1.201924,0.655983,0.2238824,False,0,1,1
6/23/2025 2:57:02 PM,1750683422851,Right,-0.5008499,0.971016,0.2224532,-0.9839962,0.7177553,0.3048051,-0.478428,0.9259762,0.2122942,-0.9810522,0.7081835,0.2747587,-0.7078305,1.278062,0.2696475,-1.164675,0.647069,0.2493909,False,0,1,1
6/23/2025 2:57:02 PM,1750683422865,Right,-0.4818303,0.9728492,0.2308057,-0.9667343,0.7088639,0.321996,-0.459655,0.9287462,0.2159668,-0.9633971,0.6964559,0.2863418,-0.6954834,1.282273,0.2837588,-1.141065,0.6400197,0.2651348,False,0,1,1
6/23/2025 2:57:02 PM,1750683422892,Right,-0.4420209,0.9752672,0.2426766,-0.9328215,0.691744,0.3565904,-0.4207174,0.9351324,0.2208237,-0.9305606,0.6783181,0.3073062,-0.6637388,1.289699,0.3127346,-1.09328,0.6308463,0.2927238,False,0,1,1
6/23/2025 2:57:02 PM,1750683422906,Right,-0.4182955,0.9773622,0.2459025,-0.9160566,0.6834494,0.3741088,-0.3987709,0.9421704,0.2226151,-0.9127557,0.6673518,0.3227015,-0.645878,1.293148,0.3261629,-1.063748,0.6262504,0.3126148,False,0,1,1
6/23/2025 2:57:02 PM,1750683422934,Right,-0.3692834,0.9847284,0.2503549,-0.8971061,0.6742065,0.3942556,-0.3556426,0.9524018,0.214938,-0.860921,0.6544068,0.3410047,-0.6052955,1.299819,0.3502986,-1.004567,0.6161198,0.3410808,False,0,1,1
6/23/2025 2:57:02 PM,1750683422948,Right,-0.3432682,0.9891556,0.2483891,-0.8971061,0.6742065,0.3942556,-0.3335091,0.9617632,0.2108142,-0.8253611,0.6496174,0.3545036,-0.5836797,1.302529,0.3610539,-0.9682702,0.6095155,0.3628013,False,0,1,1
6/23/2025 2:57:02 PM,1750683422962,Right,-0.317391,0.9944493,0.2450168,-0.8971061,0.6742065,0.3942556,-0.312471,0.9719957,0.2014624,-0.7879785,0.6445227,0.3647234,-0.5618408,1.304606,0.3707318,-0.9293456,0.6018962,0.3819958,False,0,1,1
6/23/2025 2:57:02 PM,1750683422990,Right,-0.2661791,1.00738,0.2331828,-0.8971061,0.6742065,0.3942556,-0.2647705,0.9855383,0.1837339,-0.7158408,0.6383094,0.3733854,-0.5182458,1.308201,0.3901349,-0.8539252,0.5923163,0.4036734,False,0,1,1
6/23/2025 2:57:03 PM,1750683423004,Right,-0.2380982,1.014923,0.22341,-0.8971061,0.6742065,0.3942556,-0.2403727,0.9938566,0.1750399,-0.6746523,0.6343666,0.3803889,-0.4961731,1.308685,0.3990077,-0.8099222,0.5858577,0.4184539,False,0,1,1
6/23/2025 2:57:03 PM,1750683423032,Right,-0.189165,1.03102,0.202562,-0.8971061,0.6742065,0.3942556,-0.1976081,1.013968,0.1537863,-0.6014478,0.633293,0.3818209,-0.4524301,1.307866,0.4159973,-0.7308407,0.5798732,0.431859,False,0,1,1
6/23/2025 2:57:03 PM,1750683423045,Right,-0.1661779,1.03873,0.1889682,-0.8971061,0.6742065,0.3942556,-0.1776739,1.024431,0.1409649,-0.5598472,0.6312687,0.3846175,-0.4305054,1.305665,0.4230375,-0.6846129,0.5746382,0.4422938,False,0,1,1
6/23/2025 2:57:03 PM,1750683423073,Right,-0.1238963,1.055942,0.1631766,-0.8971061,0.6742065,0.3942556,-0.1423055,1.046146,0.117903,-0.4876289,0.6316718,0.3805112,-0.3898405,1.299514,0.4356596,-0.6038001,0.5692911,0.4491618,False,0,1,1
6/23/2025 2:57:03 PM,1750683423088,Right,-0.1031255,1.065349,0.1500299,-0.4194602,0.6784725,0.3816897,-0.1264389,1.057548,0.1047932,-0.4195272,0.6668292,0.3561355,-0.3711855,1.296161,0.4418191,-0.5564756,0.5648548,0.4546821,False,0,1,1
6/23/2025 2:57:03 PM,1750683423101,Right,-0.08371224,1.07461,0.1369145,-0.3839292,0.6800445,0.3771955,-0.1115135,1.068563,0.09254318,-0.3907758,0.6696957,0.3486208,-0.3532653,1.292212,0.4473159,-0.5217192,0.5653031,0.4510975,False,0,1,1
6/23/2025 2:57:03 PM,1750683423128,Right,-0.05353095,1.09165,0.111743,-0.2999251,0.682231,0.3630722,-0.08503279,1.086634,0.06894839,-0.3165087,0.6785305,0.3359526,-0.3193052,1.282337,0.4576292,-0.4337261,0.5593615,0.4568874,False,0,1,1
6/23/2025 2:57:03 PM,1750683423143,Right,-0.03830618,1.100441,0.09952713,-0.2665205,0.6823667,0.3561345,-0.07276747,1.095576,0.05755389,-0.289881,0.6802853,0.3276871,-0.3046805,1.27672,0.4630675,-0.4001325,0.5589923,0.4512678,False,0,1,1
6/23/2025 2:57:03 PM,1750683423171,Right,-0.01421129,1.113566,0.07705209,-0.2075839,0.6833806,0.3427563,-0.05249131,1.110654,0.04015338,-0.2320818,0.6813207,0.3162555,-0.2779591,1.264988,0.4764563,-0.3258157,0.5536105,0.4464738,False,0,1,1
6/23/2025 2:57:03 PM,1750683423185,Right,-0.002576873,1.119719,0.06521991,-0.178991,0.68359,0.3375428,-0.0441854,1.116557,0.03284955,-0.2024246,0.6786227,0.3129398,-0.265572,1.258339,0.4836539,-0.2859397,0.5494236,0.445178,False,0,1,1
6/23/2025 2:57:03 PM,1750683423212,Right,0.01286376,1.12523,0.05128454,-0.1298893,0.683874,0.3282918,-0.03020701,1.122717,0.02067363,-0.1489285,0.6781925,0.3038295,-0.2413818,1.24328,0.4984082,-0.2157639,0.5419043,0.4429597,False,0,1,1
6/23/2025 2:57:03 PM,1750683423226,Right,0.02080138,1.126987,0.04346883,-0.1056725,0.6818751,0.3228003,-0.02442023,1.12404,0.01489738,-0.1280384,0.6756278,0.2981923,-0.2299799,1.234631,0.5050876,-0.1877104,0.5376058,0.4386086,False,0,1,1
6/23/2025 2:57:03 PM,1750683423254,Right,0.0351408,1.122951,0.03354799,-0.06561075,0.6723593,0.3186763,-0.01515287,1.120108,0.007101566,-0.08800118,0.6645222,0.2949023,-0.209631,1.214926,0.5166851,-0.1324182,0.5270487,0.4367864,False,0,1,1
6/23/2025 2:57:03 PM,1750683423268,Right,0.03948284,1.117474,0.02779862,-0.04632718,0.6669772,0.3180744,-0.01234382,1.112934,0.003684223,-0.0700877,0.6592129,0.2956791,-0.2006754,1.204352,0.5214094,-0.1065219,0.5213038,0.4409534,False,0,1,1
6/23/2025 2:57:03 PM,1750683423282,Right,0.04281591,1.108321,0.02463697,-0.03124249,0.6591429,0.3199587,-0.01072305,1.102624,0.001198471,-0.05493053,0.6515011,0.2993609,-0.1920447,1.193864,0.5260966,-0.08415519,0.5148208,0.4475117,False,0,1,1
6/23/2025 2:57:03 PM,1750683423309,Right,0.04691823,1.086066,0.02022765,-0.003921494,0.6409025,0.3283111,-0.009318709,1.079052,-0.0004428327,-0.02784212,0.631181,0.3071644,-0.1779215,1.173007,0.5357044,-0.0445808,0.4974334,0.4584433,False,0,1,1
6/23/2025 2:57:03 PM,1750683423324,Right,0.04797038,1.069946,0.01953397,0.008022069,0.628705,0.3353499,-0.008694768,1.062933,0.0009339154,-0.01479735,0.6195585,0.3160316,-0.1721567,1.162867,0.5410259,-0.02608146,0.4883466,0.4696008,False,0,1,1
6/23/2025 2:57:03 PM,1750683423351,Right,0.04893275,1.033506,0.01977942,0.02700786,0.6005484,0.3515839,-0.009891823,1.02695,0.008204371,0.006954959,0.5906556,0.3356777,-0.1599522,1.143165,0.5526127,0.006138327,0.4649631,0.4919536,False,0,1,1
6/23/2025 2:57:03 PM,1750683423365,Right,0.04959795,1.010326,0.02152203,0.03274881,0.5804933,0.3604048,-0.01107737,1.004012,0.0115118,0.01482503,0.5745022,0.3499931,-0.1535293,1.134171,0.558024,0.01849868,0.4540135,0.5082278,False,0,1,1
6/23/2025 2:57:03 PM,1750683423393,Right,0.04990323,0.9608204,0.02691911,0.04394495,0.5463106,0.3882798,-0.01105934,0.9564988,0.02267072,0.0292911,0.5396662,0.378896,-0.1420411,1.116158,0.5676476,0.04104318,0.4277883,0.5402136,False,0,1,1
6/23/2025 2:57:03 PM,1750683423407,Right,0.04734385,0.9315839,0.03372758,0.05061381,0.532368,0.4089218,-0.01081894,0.9299214,0.03155228,0.03332068,0.5242195,0.3970173,-0.137751,1.107182,0.5723671,0.04831025,0.4153297,0.5624,False,0,1,1
6/23/2025 2:57:03 PM,1750683423434,Right,0.04553552,0.8733129,0.0497527,0.05797618,0.4967054,0.4435312,-0.01691471,0.8719238,0.05116391,0.03779594,0.4862241,0.4323024,-0.130002,1.089613,0.5823224,0.05972408,0.3834946,0.6040323,False,0,1,1
6/23/2025 2:57:03 PM,1750683423448,Right,0.04431836,0.8413473,0.06091781,0.05897186,0.4753314,0.4657515,-0.01613209,0.8425128,0.06511426,0.03973132,0.466722,0.45709,-0.127636,1.08097,0.5869358,0.06298046,0.3693367,0.6307516,False,0,1,1
6/23/2025 2:57:03 PM,1750683423462,Right,0.04197273,0.8106455,0.07777485,0.05889083,0.4538131,0.4894102,-0.01679893,0.8145485,0.08008713,0.04277988,0.4454263,0.4781429,-0.1258169,1.072659,0.5912471,0.06860805,0.3512337,0.6529267,False,0,1,1
6/23/2025 2:57:03 PM,1750683423490,Right,0.03547027,0.7510617,0.109659,0.05437578,0.4125736,0.5387274,-0.02539992,0.7549606,0.1159897,0.03355555,0.4061162,0.5328115,-0.1226171,1.057674,0.6007957,0.06019975,0.3212803,0.7115518,False,0,1,1
6/23/2025 2:57:03 PM,1750683423504,Right,0.03266948,0.7218092,0.1305401,0.04953486,0.3937467,0.5672808,-0.0279783,0.7272789,0.1381277,0.02790596,0.3876482,0.5625391,-0.1200822,1.051485,0.6056335,0.0543495,0.3064601,0.7433003,False,0,1,1
6/23/2025 2:57:03 PM,1750683423532,Right,0.0270626,0.6698447,0.1737308,0.03569904,0.3589434,0.6244023,-0.03429087,0.6773075,0.1838995,0.01680249,0.3531817,0.6222169,-0.1149367,1.038009,0.6148292,0.04240245,0.2793961,0.8050957,False,0,1,1
6/23/2025 2:57:03 PM,1750683423545,Right,0.02243174,0.6467499,0.1988004,0.02631635,0.3470728,0.6577531,-0.03831619,0.6539372,0.2073987,0.005782086,0.3404587,0.6548292,-0.1133756,1.031089,0.6188693,0.02852477,0.2715456,0.8393869,False,0,1,1
6/23/2025 2:57:03 PM,1750683423573,Right,0.01112199,0.6055692,0.2457442,0.005969055,0.3345104,0.7226314,-0.0414232,0.6175471,0.2516784,-0.01209449,0.3252574,0.7148877,-0.1147124,1.020269,0.6256449,0.004863415,0.2653044,0.9027413,True,0,1,2
6/23/2025 2:57:03 PM,1750683423587,Right,0.007739914,0.5914311,0.267745,-0.005106735,0.3344932,0.753397,-0.0481676,0.6024318,0.2732274,-0.02595431,0.3242413,0.7466015,-0.117555,1.016505,0.629208,-0.0121075,0.2707143,0.9356195,True,0,1,2
6/23/2025 2:57:03 PM,1750683423601,Right,0.00264907,0.5769198,0.2897018,-0.01611408,0.3355441,0.7833068,-0.05501974,0.5877084,0.2947086,-0.03473527,0.3214958,0.7752457,-0.1216664,1.014319,0.6338913,-0.0213203,0.2728433,0.9653982,True,0,1,2
6/23/2025 2:57:03 PM,1750683423629,Right,-0.009987542,0.5582001,0.3255759,-0.0348849,0.34651,0.8340032,-0.06480195,0.5675766,0.3324631,-0.05287486,0.3298916,0.8310781,-0.1291322,1.012711,0.6454101,-0.04213604,0.294018,1.021486,True,0,1,2
6/23/2025 2:57:03 PM,1750683423643,Right,-0.0169872,0.5499677,0.3433046,-0.04424347,0.3538984,0.8587949,-0.07365845,0.5615349,0.3497843,-0.06401512,0.3405373,0.8556714,-0.1344873,1.014937,0.6522632,-0.0544133,0.3108384,1.047553,True,0,1,2
6/23/2025 2:57:03 PM,1750683423670,Right,-0.0336052,0.5415498,0.3733369,-0.05846957,0.375062,0.8969404,-0.09014768,0.5529404,0.3784693,-0.08108701,0.3614791,0.8943697,-0.1462967,1.022085,0.6642118,-0.07262743,0.3421436,1.089355,True,0,1,2
6/23/2025 2:57:03 PM,1750683423684,Right,-0.04155861,0.5385963,0.3890406,-0.06586404,0.3864391,0.9147412,-0.09625194,0.5505978,0.3898023,-0.08796665,0.3752527,0.908828,-0.1531797,1.026565,0.6697241,-0.08057939,0.3609785,1.10667,True,0,1,2
6/23/2025 2:57:03 PM,1750683423712,Right,-0.05186356,0.5384365,0.4074451,-0.07774249,0.4059245,0.9369182,-0.1079194,0.5488936,0.408237,-0.1008593,0.4002198,0.9340955,-0.1659622,1.03861,0.6786026,-0.09478559,0.3955883,1.133789,True,0,1,2
6/23/2025 2:57:03 PM,1750683423725,Right,-0.05652031,0.5396526,0.4164503,-0.08288287,0.4172643,0.9473257,-0.1111688,0.5492349,0.4171308,-0.1063235,0.4119527,0.94507,-0.1727583,1.046343,0.6834534,-0.1011806,0.4112957,1.14581,True,0,1,2
6/23/2025 2:57:03 PM,1750683423754,Right,-0.06244102,0.5446357,0.428572,-0.09179961,0.4422238,0.9631378,-0.118967,0.554954,0.4287623,-0.11782,0.4366226,0.9610898,-0.1886563,1.063772,0.6939323,-0.1146635,0.4431149,1.161956,True,0,1,2
6/23/2025 2:57:03 PM,1750683423768,Right,-0.06424802,0.5492571,0.4345362,-0.09707142,0.454523,0.9696292,-0.1219048,0.5590722,0.4327628,-0.1231421,0.4484256,0.9658479,-0.196126,1.072912,0.6983379,-0.1210769,0.4575779,1.167472,True,0,1,2
6/23/2025 2:57:03 PM,1750683423782,Right,-0.06470646,0.5557275,0.4383825,-0.1026215,0.4662474,0.9745886,-0.1233118,0.5642177,0.4363242,-0.127713,0.4592948,0.971061,-0.203145,1.081067,0.7021011,-0.1273272,0.4707644,1.172089,True,0,1,2
6/23/2025 2:57:03 PM,1750683423809,Right,-0.06543282,0.5698116,0.4449827,-0.1133368,0.4885048,0.9824579,-0.1251808,0.5757935,0.441775,-0.1376348,0.4818729,0.979161,-0.2190479,1.097863,0.7061179,-0.1410695,0.4976654,1.179165,True,0,1,2
6/23/2025 2:57:03 PM,1750683423823,Right,-0.06489499,0.5779567,0.4472811,-0.1190652,0.4985008,0.9848128,-0.1249968,0.58352,0.4440631,-0.1432768,0.4925773,0.982173,-0.2280593,1.107107,0.7085583,-0.1492785,0.5095707,1.181655,True,0,1,2
6/23/2025 2:57:03 PM,1750683423851,Right,-0.06614491,0.5958138,0.451914,-0.1301098,0.5190717,0.9889565,-0.1248857,0.6000978,0.4465902,-0.1548546,0.5139747,0.9851751,-0.2447164,1.125322,0.7135744,-0.1662041,0.5328014,1.184062,True,0,1,2
6/23/2025 2:57:03 PM,1750683423865,Right,-0.06523436,0.6056904,0.4538335,-0.1361349,0.5285548,0.9901044,-0.1247743,0.6088973,0.4477385,-0.1611448,0.5224517,0.9860315,-0.251116,1.133145,0.7159306,-0.1757419,0.5411792,1.184567,True,0,1,2
6/23/2025 2:57:03 PM,1750683423892,Right,-0.06193494,0.6253874,0.4563004,-0.14748,0.5481522,0.9910756,-0.1226124,0.6268803,0.4493295,-0.1722167,0.542104,0.9874601,-0.2627544,1.147126,0.7172087,-0.1926307,0.561544,1.184808,True,0,1,2
6/23/2025 2:57:03 PM,1750683423906,Right,-0.06101794,0.6349922,0.4575898,-0.1532034,0.5582369,0.9911613,-0.121601,0.6372162,0.4489922,-0.1781437,0.5509906,0.9860607,-0.2690631,1.153612,0.716445,-0.2019287,0.5698261,1.183231,True,0,1,2
6/23/2025 2:57:03 PM,1750683423934,Right,-0.06140043,0.6526648,0.4572147,-0.1650128,0.5785215,0.9905064,-0.1209114,0.6564269,0.4490482,-0.1899398,0.5703899,0.986075,-0.2836061,1.167811,0.7161223,-0.2192982,0.5894977,1.181128,True,0,1,2
6/23/2025 2:57:03 PM,1750683423949,Right,-0.05931514,0.664254,0.4572889,-0.1720422,0.5898684,0.9895507,-0.120068,0.6661362,0.4488111,-0.1965308,0.5803727,0.9857162,-0.2911905,1.175491,0.7169024,-0.2292165,0.5996818,1.179407,True,0,1,2
6/23/2025 2:57:03 PM,1750683423962,Right,-0.0588222,0.6762314,0.4603155,-0.1797842,0.601747,0.9883474,-0.1187301,0.6756945,0.4481798,-0.2025532,0.5918491,0.9820392,-0.2995408,1.183429,0.7176436,-0.2394389,0.6112682,1.177137,True,0,1,2
6/23/2025 2:57:03 PM,1750683423990,Right,-0.05894712,0.6983024,0.4624965,-0.1975963,0.6261799,0.9850574,-0.1152078,0.6952102,0.447384,-0.2168981,0.6157076,0.9773415,-0.3199012,1.197882,0.7182006,-0.2626551,0.6361338,1.171863,True,0,1,2
6/23/2025 2:57:04 PM,1750683424004,Right,-0.05993109,0.7102619,0.4630788,-0.2089724,0.639446,0.9826206,-0.1141232,0.705677,0.4467826,-0.2279123,0.6280658,0.9742187,-0.3336388,1.203821,0.7162061,-0.2794912,0.6488819,1.167565,True,0,1,2
6/23/2025 2:57:04 PM,1750683424032,Right,-0.06052792,0.7342533,0.4638949,-0.2342297,0.6632984,0.9771562,-0.1147647,0.7273571,0.4465478,-0.2520166,0.6516981,0.9700062,-0.3629304,1.21492,0.7098738,-0.3141662,0.6729102,1.15885,True,0,1,2
6/23/2025 2:57:04 PM,1750683424045,Right,-0.0617347,0.7481353,0.4668548,-0.249994,0.675082,0.9740726,-0.1142501,0.7395487,0.4477516,-0.2672767,0.6636068,0.9662285,-0.3797431,1.219146,0.7042913,-0.3366308,0.68425,1.153151,True,0,1,2
6/23/2025 2:57:04 PM,1750683424073,Right,-0.06347951,0.7772825,0.4749038,-0.2845547,0.6968012,0.9681525,-0.1160163,0.7633355,0.4515586,-0.3002981,0.6851715,0.9599662,-0.4157844,1.227199,0.6905704,-0.3831686,0.7042781,1.140936,True,0,1,2
6/23/2025 2:57:04 PM,1750683424087,Right,-0.07062151,0.7884812,0.4788642,-0.302827,0.7069659,0.9651822,-0.1177759,0.7768546,0.4548381,-0.3210524,0.6957634,0.9539818,-0.4335957,1.230122,0.6825486,-0.4127779,0.7130005,1.132331,True,0,1,2
6/23/2025 2:57:04 PM,1750683424102,Right,-0.07660154,0.8018642,0.4838462,-0.3117254,0.7125726,0.9649779,-0.1205001,0.7896613,0.4582555,-0.3386971,0.7064113,0.9483948,-0.4512352,1.232473,0.6731833,-0.4381503,0.7218907,1.125043,True,0,1,2
6/23/2025 2:57:04 PM,1750683424129,Right,-0.0885127,0.8308269,0.4979023,-0.3788091,0.7379593,0.952923,-0.1315227,0.8099125,0.4669428,-0.3905118,0.7207627,0.9409584,-0.4869539,1.235926,0.6507825,-0.5042738,0.7337872,1.103623,True,0,1,2
6/23/2025 2:57:04 PM,1750683424142,Right,-0.09652504,0.845643,0.5051243,-0.4058596,0.7443722,0.9475443,-0.1382025,0.8222235,0.4721487,-0.414968,0.7288886,0.9370186,-0.5045202,1.237084,0.6383528,-0.534883,0.7401623,1.093446,True,0,1,2
6/23/2025 2:57:04 PM,1750683424171,Right,-0.122395,0.8676161,0.5193777,-0.4640675,0.75682,0.9319594,-0.1549264,0.8438206,0.484809,-0.47147,0.7413533,0.9188578,-0.5372266,1.238444,0.6111773,-0.6085004,0.7474892,1.06368,True,0,1,2
6/23/2025 2:57:04 PM,1750683424185,Right,-0.1360407,0.8778932,0.5261232,-0.4951264,0.76273,0.9232391,-0.1652811,0.8533931,0.4909202,-0.4994776,0.7460756,0.9110492,-0.5522507,1.239062,0.5967915,-0.6429472,0.7498915,1.048794,True,0,1,2
6/23/2025 2:57:04 PM,1750683424212,Right,-0.1696398,0.8993723,0.5399973,-0.5563542,0.7713687,0.9018925,-0.1921112,0.8705124,0.501193,-0.5623039,0.7542409,0.8836262,-0.579401,1.24,0.5687039,-0.7215766,0.7526461,1.007033,True,0,1,2
6/23/2025 2:57:04 PM,1750683424226,Right,-0.1886759,0.9090953,0.5454772,-0.5882746,0.7724277,0.8916032,-0.2076965,0.8785297,0.5060824,-0.59421,0.7571951,0.8719459,-0.5912135,1.240511,0.5559772,-0.7585527,0.7532955,0.9866799,True,0,1,2
6/23/2025 2:57:04 PM,1750683424254,Right,-0.2309016,0.9241156,0.5524248,-0.6505857,0.7662848,0.872043,-0.2437504,0.8911887,0.5140703,-0.6650442,0.76219,0.8438542,-0.6137787,1.242287,0.5322872,-0.8372054,0.7547857,0.9375152,True,0,1,2
6/23/2025 2:57:04 PM,1750683424268,Right,-0.2541065,0.9312331,0.5543698,-0.6824256,0.7589133,0.8623506,-0.2643005,0.8981781,0.5169704,-0.7016336,0.762296,0.8298107,-0.6242676,1.243178,0.5229206,-0.8747923,0.7526752,0.9122283,True,0,1,2
6/23/2025 2:57:04 PM,1750683424282,Right,-0.2795084,0.9395965,0.5541965,-0.7129118,0.7490683,0.8532901,-0.2866755,0.9046211,0.5188404,-0.740589,0.7634166,0.8141371,-0.6348617,1.244169,0.5144254,-0.9136226,0.7522027,0.8846356,True,0,1,2
6/23/2025 2:57:04 PM,1750683424310,Right,-0.3332476,0.954004,0.5496796,-0.7472076,0.7345564,0.8433874,-0.3316921,0.9138135,0.5203838,-0.802343,0.7661801,0.7724352,-0.6550604,1.245569,0.4996376,-0.9860657,0.7476094,0.8274203,True,0,1,2
6/23/2025 2:57:04 PM,1750683424323,Right,-0.3628141,0.9589279,0.5437282,-0.7472076,0.7345564,0.8433874,-0.3581135,0.9189423,0.5177622,-0.8238775,0.7740479,0.7436378,-0.6640937,1.245878,0.4929433,-1.024035,0.7483328,0.7962229,True,0,1,2
6/23/2025 2:57:04 PM,1750683424351,Right,-0.4183738,0.9707601,0.5272191,-0.7472076,0.7345564,0.8433874,-0.4078587,0.9261531,0.5094085,-0.8671811,0.7818943,0.690312,-0.6803683,1.245397,0.4812279,-1.091134,0.7425742,0.7319693,True,0,1,2
6/23/2025 2:57:04 PM,1750683424365,Right,-0.4463468,0.9747652,0.5161315,-0.7472076,0.7345564,0.8433874,-0.4340168,0.9280788,0.5030079,-0.8919733,0.7873761,0.6649953,-0.6876624,1.244252,0.4768444,-1.124799,0.7427639,0.699423,True,0,1,2
6/23/2025 2:57:04 PM,1750683424392,Right,-0.4990222,0.9792958,0.4904169,-0.7472076,0.7345564,0.8433874,-0.484632,0.9302081,0.4859804,-0.9430884,0.7901038,0.6143044,-0.7026368,1.242602,0.4688532,-1.185123,0.735346,0.6324078,True,0,1,2
6/23/2025 2:57:04 PM,1750683424407,Right,-0.5240954,0.9798869,0.4747022,-0.7472076,0.7345564,0.8433874,-0.5071948,0.9282565,0.4753588,-0.9707493,0.7935648,0.5887652,-0.7095909,1.242115,0.4651215,-1.213438,0.7377174,0.5978956,True,0,1,2
6/23/2025 2:57:04 PM,1750683424434,Right,-0.5674347,0.9763589,0.4451047,-0.7472076,0.7345564,0.8433874,-0.5521131,0.9238201,0.4543511,-1.025475,0.7918985,0.5421062,-0.7234179,1.240605,0.457227,-1.263315,0.7295834,0.5353659,True,0,1,2
6/23/2025 2:57:04 PM,1750683424449,Right,-0.5862956,0.9726672,0.4299281,-0.7472076,0.7345564,0.8433874,-0.5718749,0.9226677,0.4436936,-1.053366,0.7960907,0.5171157,-0.7304684,1.239759,0.4532539,-1.28645,0.732784,0.5022328,True,0,1,2
6/23/2025 2:57:04 PM,1750683424462,Right,-0.6040797,0.9692562,0.4153189,-1.115074,0.8251769,0.4905239,-0.5895856,0.9198833,0.4351839,-1.108091,0.7917744,0.495404,-0.7363534,1.238603,0.4491047,-1.307156,0.7353398,0.4689042,False,0,1,2
6/23/2025 2:57:04 PM,1750683424490,Right,-0.6322155,0.9621997,0.3944854,-1.155946,0.8259812,0.4304472,-0.620383,0.9144794,0.421781,-1.147258,0.7884542,0.4483789,-0.7453364,1.23653,0.4420661,-1.338019,0.7274765,0.4104072,False,0,1,2
6/23/2025 2:57:04 PM,1750683424504,Right,-0.6441708,0.9582466,0.3872346,-1.171908,0.8253968,0.4073691,-0.6329208,0.9126656,0.4180056,-1.163599,0.79136,0.425641,-0.7483971,1.235939,0.4393589,-1.350928,0.7303366,0.3816434,False,0,1,2
6/23/2025 2:57:04 PM,1750683424531,Right,-0.6615263,0.9523571,0.3788408,-1.190687,0.824604,0.3716383,-0.653397,0.9067408,0.4119852,-1.184102,0.7877343,0.3893516,-0.7541634,1.23708,0.4345716,-1.368443,0.7250705,0.3357926,False,0,1,2
6/23/2025 2:57:04 PM,1750683424546,Right,-0.668627,0.9494503,0.378088,-1.197255,0.8245456,0.3589793,-0.6612284,0.903482,0.4112524,-1.19138,0.7903169,0.3719829,-0.7569277,1.238559,0.4330189,-1.375559,0.730197,0.3122333,False,0,1,2
6/23/2025 2:57:04 PM,1750683424573,Right,-0.6782209,0.9453351,0.3791322,-1.206559,0.8238986,0.3391499,-0.6718068,0.8979855,0.4105466,-1.200275,0.787481,0.3474636,-0.7612402,1.243493,0.4318571,-1.382022,0.7295323,0.2789474,False,0,1,2
6/23/2025 2:57:04 PM,1750683424587,Right,-0.6802964,0.9431303,0.3800907,-1.208231,0.8238227,0.3323673,-0.6753784,0.8957545,0.4105445,-1.201698,0.7817082,0.3376796,-0.7629321,1.247049,0.4321142,-1.381823,0.722207,0.2659155,False,0,1,2
6/23/2025 2:57:04 PM,1750683424601,Right,-0.6818988,0.9412118,0.3812065,-1.209704,0.8238679,0.3261815,-0.6761319,0.8947906,0.4121435,-1.202168,0.7847214,0.3313256,-0.7647145,1.25046,0.432488,-1.381816,0.7280477,0.2562363,False,0,1,2
6/23/2025 2:57:04 PM,1750683424629,Right,-0.6800002,0.9381781,0.3845612,-1.207052,0.8238564,0.322133,-0.6743841,0.8917593,0.4145988,-1.200348,0.7912588,0.3250725,-0.7676846,1.259601,0.4333265,-1.380447,0.7392983,0.2462798,False,0,1,2
6/23/2025 2:57:04 PM,1750683424643,Right,-0.6785524,0.9369217,0.385837,-1.205305,0.8232923,0.3209073,-0.6728243,0.8906078,0.4156965,-1.197169,0.7874148,0.3207462,-0.7688336,1.265662,0.4336797,-1.376189,0.7336042,0.2404033,False,0,1,2
6/23/2025 2:57:04 PM,1750683424671,Right,-0.6720982,0.9373989,0.3868315,-1.195171,0.8233487,0.3205319,-0.6649927,0.8892474,0.418281,-1.187568,0.7905599,0.3273956,-0.7707033,1.278419,0.4339292,-1.370933,0.7396085,0.2469433,False,0,1,2
6/23/2025 2:57:04 PM,1750683424685,Right,-0.6684576,0.9385976,0.3874218,-1.190397,0.8213997,0.3229405,-0.6605863,0.8895888,0.4194828,-1.181213,0.7869301,0.3257154,-0.770511,1.285406,0.4333031,-1.364312,0.7342452,0.2441593,False,0,1,2
6/23/2025 2:57:04 PM,1750683424712,Right,-0.6583493,0.9460313,0.3874711,-1.178346,0.8129548,0.3323479,-0.6491196,0.8976763,0.4175395,-1.170088,0.7827912,0.3367527,-0.7705195,1.297851,0.4318426,-1.353784,0.7291526,0.2589595,False,0,1,2
6/23/2025 2:57:04 PM,1750683424727,Right,-0.6528168,0.9502575,0.3877518,-1.171293,0.8082998,0.3370678,-0.6426163,0.9018631,0.4163272,-1.162117,0.7791927,0.3352139,-0.7706603,1.303894,0.4304578,-1.344654,0.7230781,0.2573339,False,0,1,2
6/23/2025 2:57:04 PM,1750683424754,Right,-0.6394668,0.96122,0.390086,-1.152071,0.7957923,0.3475398,-0.6259161,0.9100288,0.4109817,-1.14333,0.7677569,0.3481966,-0.7692568,1.315508,0.4268999,-1.326798,0.7083787,0.2760678,False,0,1,2
6/23/2025 2:57:04 PM,1750683424768,Right,-0.6319838,0.9657527,0.3911088,-1.141135,0.7887031,0.3531855,-0.6167404,0.9137939,0.4107491,-1.131797,0.7629299,0.3480238,-0.7677171,1.321272,0.4246094,-1.314267,0.7007973,0.2758807,False,0,1,2
6/23/2025 2:57:04 PM,1750683424782,Right,-0.6229029,0.970187,0.3927946,-1.127963,0.7796174,0.3599944,-0.6058488,0.9180544,0.4100766,-1.118474,0.7547575,0.3555626,-0.765752,1.327977,0.4230835,-1.300869,0.6907589,0.2860471,False,0,1,2
6/23/2025 2:57:04 PM,1750683424809,Right,-0.6037163,0.9795659,0.3960988,-1.099547,0.7589231,0.3756807,-0.5828061,0.9266513,0.4056458,-1.090548,0.7391227,0.3627406,-0.7591628,1.341213,0.4229139,-1.270696,0.6713517,0.2973404,False,0,1,2
6/23/2025 2:57:04 PM,1750683424824,Right,-0.5919831,0.9849055,0.3966447,-1.079889,0.75016,0.38045,-0.5698814,0.9321122,0.4037848,-1.071043,0.7292975,0.3710198,-0.754433,1.347725,0.4246967,-1.252729,0.6584925,0.3091754,False,0,1,2
6/23/2025 2:57:04 PM,1750683424851,Right,-0.5679287,0.9952621,0.3987336,-1.040189,0.7355986,0.3904473,-0.5431365,0.9423974,0.3958341,-1.030544,0.7129331,0.3786824,-0.7419335,1.359984,0.42954,-1.213985,0.6346074,0.3228424,False,0,1,2
6/23/2025 2:57:04 PM,1750683424865,Right,-0.5544075,0.9999413,0.4002762,-1.017664,0.718702,0.4014683,-0.528254,0.9494653,0.3921705,-1.009195,0.7000465,0.3867475,-0.7313803,1.365631,0.4317017,-1.189919,0.619084,0.3360665,False,0,1,2
6/23/2025 2:57:04 PM,1750683424893,Right,-0.525504,1.011635,0.4019313,-0.9751365,0.6932893,0.4169762,-0.4972745,0.9632002,0.3843654,-0.9691777,0.6793489,0.3932612,-0.7040401,1.37351,0.4336026,-1.141131,0.5966761,0.3495947,False,0,1,2
6/23/2025 2:57:04 PM,1750683424906,Right,-0.5077282,1.015802,0.401736,-0.9539707,0.6795635,0.4267869,-0.4810114,0.9705241,0.3809924,-0.946788,0.6624968,0.4007915,-0.6872498,1.375714,0.4324203,-1.11144,0.5802475,0.3624495,False,0,1,2
6/23/2025 2:57:04 PM,1750683424935,Right,-0.4719158,1.021134,0.4027037,-0.9153128,0.6526884,0.4475541,-0.4453937,0.9816183,0.3725595,-0.9045991,0.6329787,0.4062027,-0.6496065,1.380198,0.4266207,-1.052865,0.5560888,0.3745954,False,0,1,2
6/23/2025 2:57:04 PM,1750683424948,Right,-0.4512915,1.024328,0.4013885,-0.8963436,0.6384947,0.4592296,-0.4251187,0.9859365,0.3672164,-0.8822102,0.6139024,0.4120787,-0.632237,1.382044,0.4231071,-1.020146,0.543548,0.3855026,False,0,1,2
6/23/2025 2:57:04 PM,1750683424963,Right,-0.4292179,1.02656,0.3995015,-0.8780549,0.6240678,0.4715179,-0.4067222,0.9921334,0.362159,-0.8575132,0.5997804,0.4155143,-0.6154783,1.384319,0.4203407,-0.9892586,0.5341965,0.3944925,False,0,1,2
6/23/2025 2:57:04 PM,1750683424990,Right,-0.3819731,1.033789,0.3935761,-0.8761352,0.6225071,0.4728702,-0.3663965,1.003642,0.3506066,-0.7987741,0.5921524,0.411644,-0.5820996,1.389483,0.4143412,-0.930923,0.5251075,0.3997416,False,0,1,2
6/23/2025 2:57:05 PM,1750683425004,Right,-0.3573196,1.037246,0.3855381,-0.8761352,0.6225071,0.4728702,-0.3456627,1.009706,0.3405322,-0.7651578,0.5870147,0.4137151,-0.5665498,1.391475,0.4130287,-0.8968206,0.518145,0.4090352,False,0,1,2
6/23/2025 2:57:05 PM,1750683425032,Right,-0.3120661,1.043722,0.3653443,-0.6813185,0.6339177,0.4405437,-0.3047354,1.018687,0.317363,-0.6748914,0.6142021,0.4097833,-0.5385625,1.39582,0.4135028,-0.8336623,0.5093577,0.421863,False,0,1,2
6/23/2025 2:57:05 PM,1750683425046,Right,-0.2882352,1.048795,0.3528011,-0.6402834,0.633818,0.4401328,-0.2838597,1.022999,0.3040417,-0.6418103,0.6178435,0.4105327,-0.5238473,1.39738,0.4140894,-0.8021699,0.5080693,0.4317213,False,0,1,2
6/23/2025 2:57:05 PM,1750683425074,Right,-0.2434704,1.057398,0.3227555,-0.5808958,0.6370679,0.4368356,-0.2449582,1.033487,0.2738493,-0.588905,0.6231649,0.403505,-0.4920315,1.398486,0.4123588,-0.7460315,0.5118187,0.4378245,False,0,1,2
6/23/2025 2:57:05 PM,1750683425088,Right,-0.2189415,1.060771,0.3038987,-0.5546255,0.644015,0.4350943,-0.2268615,1.038907,0.2534597,-0.5630462,0.6289688,0.4032497,-0.4781746,1.399025,0.4120333,-0.7177607,0.5187688,0.4498625,False,0,1,2
6/23/2025 2:57:05 PM,1750683425101,Right,-0.1959971,1.064822,0.2841658,-0.5310442,0.6500549,0.4328085,-0.2105902,1.04396,0.2337471,-0.5441417,0.6323117,0.3933735,-0.4652109,1.399346,0.4115927,-0.6955549,0.5248669,0.4469412,False,0,1,2
6/23/2025 2:57:05 PM,1750683425129,Right,-0.1590822,1.064638,0.2352249,-0.4796934,0.6634943,0.4300892,-0.1857223,1.049218,0.1865138,-0.4977368,0.6495148,0.3975554,-0.4401228,1.400181,0.4119602,-0.6416668,0.5441377,0.4816545,False,0,1,2
6/23/2025 2:57:05 PM,1750683425143,Right,-0.1429328,1.06806,0.2102347,-0.4556382,0.6709638,0.4286815,-0.1739435,1.054196,0.1641741,-0.4802754,0.6551986,0.3877915,-0.4290675,1.40147,0.4114133,-0.620217,0.5516222,0.477798,False,0,1,2
6/23/2025 2:57:05 PM,1750683425171,Right,-0.1273869,1.075874,0.1625583,-0.4123695,0.6896308,0.4243218,-0.1592848,1.060871,0.1159724,-0.4320762,0.6763636,0.3928348,-0.4072335,1.400913,0.4115212,-0.5612482,0.5748752,0.5062721,False,0,1,2
6/23/2025 2:57:05 PM,1750683425185,Right,-0.1205424,1.080673,0.1384233,-0.3884457,0.6991121,0.4220875,-0.1534819,1.06539,0.09304941,-0.4149984,0.6836821,0.3822841,-0.3975645,1.402077,0.4122423,-0.5403503,0.5822641,0.5017326,False,0,1,2
6/23/2025 2:57:05 PM,1750683425213,Right,-0.1124264,1.096183,0.09986553,-0.3464673,0.7151708,0.4147221,-0.151606,1.07962,0.05695356,-0.369233,0.7028741,0.3880275,-0.3774666,1.404005,0.415069,-0.4769482,0.6041923,0.5240946,False,0,1,2
6/23/2025 2:57:05 PM,1750683425227,Right,-0.1098478,1.104354,0.08095846,-0.3240847,0.7229428,0.4118934,-0.1502735,1.088752,0.04287899,-0.3549311,0.7105495,0.3829952,-0.3679256,1.404091,0.4170263,-0.4561267,0.6128821,0.5225685,False,0,1,2
6/23/2025 2:57:05 PM,1750683425254,Right,-0.1085671,1.117122,0.05154707,-0.2867139,0.737624,0.4015597,-0.1500109,1.105737,0.02190796,-0.3088762,0.7266975,0.3815092,-0.3506047,1.403141,0.4224365,-0.3917643,0.626613,0.5338608,False,0,1,2
6/23/2025 2:57:05 PM,1750683425269,Right,-0.1075,1.125759,0.03914262,-0.2667778,0.7444709,0.396273,-0.151571,1.112941,0.009618521,-0.294876,0.7333176,0.3750548,-0.341948,1.402223,0.4256853,-0.370851,0.6330364,0.5308746,False,0,1,2
6/23/2025 2:57:05 PM,1750683425282,Right,-0.1066466,1.132946,0.02921102,-0.2502902,0.7518685,0.3926956,-0.1551933,1.117252,-0.002639085,-0.2753081,0.7380602,0.3710929,-0.3338916,1.400218,0.4302866,-0.3418604,0.6375907,0.5313842,False,0,1,2
6/23/2025 2:57:05 PM,1750683425310,Right,-0.1076414,1.146248,0.01309613,-0.2204484,0.7624162,0.3866547,-0.1573774,1.129895,-0.01632902,-0.242758,0.7477483,0.3659705,-0.3185686,1.395048,0.4405403,-0.2942606,0.6474,0.5300791,False,0,1,2
6/23/2025 2:57:05 PM,1750683425324,Right,-0.1067145,1.149825,0.005940915,-0.2045963,0.7649345,0.3815068,-0.1582848,1.132983,-0.02322289,-0.2266066,0.7517364,0.3623638,-0.3111143,1.391303,0.4468124,-0.2703961,0.6511729,0.5293983,False,0,1,2
6/23/2025 2:57:05 PM,1750683425351,Right,-0.1038109,1.155133,-0.005683731,-0.1758152,0.7693822,0.3740498,-0.1567588,1.140664,-0.02772871,-0.1975456,0.757133,0.358708,-0.2967207,1.381049,0.4612628,-0.2297324,0.6549526,0.5280229,False,0,1,2
6/23/2025 2:57:05 PM,1750683425365,Right,-0.10149,1.15663,-0.008147908,-0.1636024,0.7696107,0.3717086,-0.1563018,1.142612,-0.02959317,-0.1842407,0.7577216,0.356363,-0.2899426,1.374583,0.4689808,-0.2115632,0.6545813,0.52617,False,0,1,2
6/23/2025 2:57:05 PM,1750683425394,Right,-0.09804594,1.158207,-0.008462109,-0.1411443,0.766602,0.3692267,-0.15341,1.145061,-0.02653673,-0.1605958,0.7558259,0.3558914,-0.2777554,1.359976,0.485146,-0.178697,0.6507041,0.5257967,False,0,1,2
6/23/2025 2:57:05 PM,1750683425407,Right,-0.09713758,1.15798,-0.004601102,-0.1313198,0.7631918,0.3704473,-0.1523251,1.144681,-0.02139002,-0.1510943,0.7526356,0.358011,-0.2719975,1.35176,0.4939443,-0.1650158,0.6462013,0.5276607,False,0,1,2
6/23/2025 2:57:05 PM,1750683425421,Right,-0.09624188,1.155395,-0.001283558,-0.1224779,0.7588242,0.3733127,-0.1515758,1.143333,-0.01691371,-0.1407542,0.7489046,0.3606559,-0.2662798,1.342595,0.5038406,-0.1502214,0.6420159,0.5296938,False,0,1,2
6/23/2025 2:57:05 PM,1750683425448,Right,-0.09427065,1.145922,0.00805316,-0.1057141,0.7460898,0.3795889,-0.1506566,1.134139,-0.002632111,-0.1266706,0.7351325,0.3691805,-0.2557551,1.321403,0.5246478,-0.1299867,0.6260132,0.5372577,False,0,1,2
6/23/2025 2:57:05 PM,1750683425463,Right,-0.09363934,1.138619,0.01593148,-0.09883673,0.7374683,0.384704,-0.1503901,1.126435,0.005331576,-0.1205657,0.7270132,0.3748458,-0.2502718,1.309885,0.5355207,-0.1211195,0.6166815,0.5432858,False,0,1,2
6/23/2025 2:57:05 PM,1750683425491,Right,-0.09007551,1.12326,0.03780839,-0.08667731,0.7153726,0.3981193,-0.1486889,1.108706,0.02537245,-0.1080144,0.706706,0.3900084,-0.2403953,1.28698,0.5568841,-0.1032275,0.594513,0.5579502,False,0,1,2
6/23/2025 2:57:05 PM,1750683425504,Right,-0.08946019,1.110003,0.04892758,-0.08116868,0.7019752,0.4097737,-0.1469233,1.097481,0.03868064,-0.1033963,0.6937511,0.4017928,-0.2365577,1.274912,0.5683639,-0.09713534,0.5813232,0.5689659,False,0,1,2
6/23/2025 2:57:05 PM,1750683425532,Right,-0.08600251,1.084199,0.07761501,-0.07266223,0.6731662,0.4352415,-0.1442874,1.070569,0.06703365,-0.09460531,0.6648523,0.4274701,-0.2291806,1.24963,0.5935144,-0.08498272,0.5518548,0.5938342,False,0,1,2
6/23/2025 2:57:05 PM,1750683425546,Right,-0.08475872,1.069596,0.09471865,-0.06950293,0.6560046,0.4512492,-0.1424589,1.054119,0.08372527,-0.09174044,0.6474106,0.4447868,-0.2251642,1.236434,0.6054138,-0.08119931,0.5354192,0.6103157,False,0,1,2
6/23/2025 2:57:05 PM,1750683425573,Right,-0.08246464,1.033791,0.1272494,-0.06458594,0.6217188,0.4860331,-0.1392734,1.018865,0.1177348,-0.08620933,0.6127164,0.4797407,-0.2189863,1.211401,0.6280625,-0.07326669,0.5016722,0.6452336,False,0,1,2
6/23/2025 2:57:05 PM,1750683425588,Right,-0.08185149,1.012095,0.1451163,-0.06280859,0.6022511,0.5068979,-0.1382739,0.99766,0.1363067,-0.08528019,0.5933024,0.500837,-0.217211,1.198668,0.6385916,-0.07169711,0.483551,0.66674,False,0,1,2
6/23/2025 2:57:05 PM,1750683425601,Right,-0.08154985,0.9904035,0.1632853,-0.06120859,0.5824523,0.5268451,-0.1390893,0.9755529,0.1538666,-0.08371273,0.5728503,0.5196083,-0.2156193,1.184932,0.648981,-0.06870922,0.4637061,0.6859941,False,0,1,2
6/23/2025 2:57:05 PM,1750683425629,Right,-0.08261271,0.945622,0.2038687,-0.05987995,0.5416346,0.5716012,-0.1370829,0.9325525,0.1952649,-0.08103875,0.5335233,0.5651925,-0.2120253,1.159115,0.6682742,-0.06456257,0.4264038,0.7325305,False,0,1,2
6/23/2025 2:57:05 PM,1750683425643,Right,-0.08402791,0.9223621,0.2242068,-0.05995992,0.5208763,0.5944993,-0.1393526,0.9088703,0.217174,-0.08273916,0.5133603,0.5903379,-0.2101305,1.148331,0.6773863,-0.06529871,0.4075925,0.7587796,False,0,1,2
6/23/2025 2:57:05 PM,1750683425671,Right,-0.0865342,0.8771533,0.2666534,-0.06206219,0.4830059,0.6448231,-0.1411434,0.8644466,0.2621145,-0.08455841,0.4756837,0.6424094,-0.2077891,1.127894,0.6961534,-0.06575779,0.3731633,0.8126214,False,0,1,2
6/23/2025 2:57:05 PM,1750683425685,Right,-0.08772675,0.8535352,0.2887518,-0.06397638,0.4637519,0.6709785,-0.1435589,0.8404924,0.2838167,-0.08584693,0.4554087,0.6671752,-0.2066491,1.118575,0.7061883,-0.06610475,0.3542126,0.8384633,False,0,1,2
6/23/2025 2:57:05 PM,1750683425713,Right,-0.09039811,0.8089947,0.3286636,-0.06985067,0.4331158,0.7253705,-0.1484497,0.7964178,0.3244373,-0.09255771,0.4241595,0.7211097,-0.2054427,1.102656,0.7253476,-0.07325642,0.3291069,0.8954597,True,0,1,3
6/23/2025 2:57:05 PM,1750683425727,Right,-0.0921424,0.7870364,0.3495058,-0.07337393,0.4188692,0.7532488,-0.150571,0.774956,0.3455514,-0.09551466,0.4082096,0.7472421,-0.2058458,1.095379,0.7326709,-0.07594312,0.3154761,0.9229672,True,0,1,3
6/23/2025 2:57:05 PM,1750683425740,Right,-0.0940013,0.7685899,0.3672585,-0.07755532,0.4091655,0.7809058,-0.1516066,0.7568639,0.3643943,-0.1003537,0.3974362,0.7750512,-0.2062416,1.088723,0.7406117,-0.08163564,0.3092943,0.951664,True,0,1,3
6/23/2025 2:57:05 PM,1750683425768,Right,-0.09660412,0.7368242,0.4002107,-0.08500998,0.3968041,0.8316134,-0.1556326,0.7243086,0.3997166,-0.1092092,0.3811149,0.8261622,-0.2101734,1.07755,0.7555206,-0.09125412,0.3010403,1.005356,True,0,1,3
6/23/2025 2:57:05 PM,1750683425782,Right,-0.09972292,0.7202581,0.4140762,-0.08902916,0.3941297,0.8549674,-0.1568204,0.7127902,0.4164896,-0.1133737,0.3797133,0.8501189,-0.2125888,1.073509,0.7623944,-0.09602255,0.3031524,1.031795,True,0,1,3
6/23/2025 2:57:05 PM,1750683425810,Right,-0.1019214,0.6947515,0.4397197,-0.09623651,0.3955035,0.8987755,-0.1609359,0.69052,0.4437506,-0.1208915,0.3793904,0.8930807,-0.2164981,1.069739,0.7729859,-0.1043817,0.3115404,1.078791,True,0,1,3
6/23/2025 2:57:05 PM,1750683425823,Right,-0.1044579,0.683303,0.4504429,-0.09954076,0.399202,0.9179299,-0.1657555,0.6799567,0.4534956,-0.1254404,0.3839419,0.9118007,-0.2186695,1.069922,0.777467,-0.1091563,0.3216021,1.100395,True,0,1,3
6/23/2025 2:57:05 PM,1750683425852,Right,-0.1101427,0.6695765,0.4708314,-0.1048134,0.4103132,0.9501908,-0.1717603,0.6660082,0.47184,-0.1312701,0.3961954,0.9436864,-0.2251793,1.072483,0.7860074,-0.1154188,0.3431283,1.137178,True,0,1,3
6/23/2025 2:57:05 PM,1750683425865,Right,-0.1130886,0.6635336,0.4769141,-0.106956,0.4182914,0.963585,-0.1731741,0.6619216,0.4791499,-0.1328507,0.4052584,0.9582496,-0.2281148,1.076081,0.7893115,-0.1176654,0.357528,1.153215,True,0,1,3
6/23/2025 2:57:05 PM,1750683425894,Right,-0.1199173,0.6531149,0.4876032,-0.111192,0.4339632,0.9858802,-0.179707,0.654741,0.4907104,-0.1375416,0.4215283,0.9808286,-0.2325556,1.084495,0.7929872,-0.1220362,0.382902,1.178371,True,0,1,3
6/23/2025 2:57:05 PM,1750683425907,Right,-0.1224679,0.6512252,0.4913301,-0.1130144,0.4426065,0.9944901,-0.1826393,0.6525282,0.4944546,-0.1393429,0.4305708,0.9900666,-0.2345948,1.089669,0.7930156,-0.1233464,0.3966722,1.188084,True,0,1,3
6/23/2025 2:57:05 PM,1750683425921,Right,-0.1256058,0.6501337,0.4946654,-0.1149666,0.4510616,1.001219,-0.1857031,0.6498042,0.4978474,-0.1419618,0.4394501,0.9982255,-0.236867,1.095358,0.7923033,-0.1255075,0.4100635,1.197133,True,0,1,3
6/23/2025 2:57:05 PM,1750683425949,Right,-0.1308209,0.6516184,0.4998423,-0.117735,0.4663821,1.010839,-0.1896628,0.6522855,0.502006,-0.1448944,0.4583111,1.00797,-0.2393832,1.10913,0.7903391,-0.1281939,0.4349865,1.208478,True,0,1,3
6/23/2025 2:57:05 PM,1750683425963,Right,-0.1325707,0.6548387,0.5014033,-0.1189644,0.4737868,1.013813,-0.1925753,0.6548229,0.5033216,-0.1464076,0.4665637,1.011229,-0.2396454,1.116281,0.7895492,-0.1296453,0.4454503,1.212055,True,0,1,3
6/23/2025 2:57:05 PM,1750683425991,Right,-0.136765,0.6621038,0.5033066,-0.1211696,0.4904151,1.019482,-0.195771,0.6613218,0.5045922,-0.1485821,0.4835539,1.016782,-0.2401321,1.130506,0.7857162,-0.131666,0.4668334,1.217449,True,0,1,3
6/23/2025 2:57:06 PM,1750683426005,Right,-0.1379723,0.6663222,0.5031072,-0.1220036,0.4996347,1.020208,-0.1962755,0.6646926,0.5038711,-0.1489585,0.4914373,1.016913,-0.2404084,1.137725,0.7825779,-0.132139,0.4761911,1.218332,True,0,1,3
6/23/2025 2:57:06 PM,1750683426032,Right,-0.139579,0.6739876,0.5016966,-0.1231039,0.5160656,1.019661,-0.1964768,0.672156,0.5012002,-0.1499285,0.5081916,1.01551,-0.2403713,1.151334,0.7750196,-0.1334379,0.4958383,1.218862,True,0,1,3
6/23/2025 2:57:06 PM,1750683426046,Right,-0.1392496,0.6795706,0.5007716,-0.1231868,0.5241082,1.018697,-0.1955853,0.6765107,0.4989359,-0.1501096,0.5153115,1.013407,-0.2405181,1.158503,0.7705579,-0.1341411,0.5037243,1.217594,True,0,1,3
6/23/2025 2:57:06 PM,1750683426073,Right,-0.1379256,0.6878567,0.4954594,-0.123672,0.5384383,1.014834,-0.1941142,0.6838408,0.4927765,-0.1505347,0.5307221,1.009455,-0.242184,1.1744,0.7596433,-0.1353308,0.5221753,1.214239,True,0,1,3
6/23/2025 2:57:06 PM,1750683426088,Right,-0.1365028,0.6921868,0.4916855,-0.1237957,0.5460409,1.011699,-0.192361,0.6887644,0.4892514,-0.1505671,0.5380057,1.006442,-0.2433481,1.182082,0.7541513,-0.1360309,0.5302713,1.211613,True,0,1,3
6/23/2025 2:57:06 PM,1750683426102,Right,-0.13448,0.6963627,0.4875656,-0.1236464,0.5535649,1.007653,-0.1898499,0.6938127,0.4854795,-0.1497948,0.5466064,1.002959,-0.2445669,1.189688,0.748314,-0.1357627,0.5399658,1.209017,True,0,1,3
6/23/2025 2:57:06 PM,1750683426130,Right,-0.1301718,0.7059404,0.4786627,-0.1232974,0.567201,1.000578,-0.186418,0.7039669,0.4771056,-0.1499171,0.5591778,0.9961365,-0.2457095,1.204541,0.7343819,-0.1370273,0.5537288,1.201736,True,0,1,3
6/23/2025 2:57:06 PM,1750683426144,Right,-0.1288287,0.7110404,0.474769,-0.1232941,0.5745338,0.9966973,-0.1852124,0.7088621,0.4724688,-0.1499602,0.5673659,0.991922,-0.2459574,1.21172,0.7268302,-0.1373042,0.5630248,1.198097,True,0,1,3
6/23/2025 2:57:06 PM,1750683426171,Right,-0.1242332,0.7213875,0.4654029,-0.1243298,0.5896919,0.9885666,-0.1810381,0.7195225,0.4622897,-0.1508411,0.5817579,0.9830095,-0.2486587,1.224866,0.711076,-0.1401654,0.5788786,1.189372,True,0,1,3
6/23/2025 2:57:06 PM,1750683426185,Right,-0.121976,0.7268048,0.4602799,-0.1250587,0.5975012,0.9839549,-0.1789,0.7244592,0.4566209,-0.1509608,0.5898503,0.9782222,-0.2503481,1.230252,0.7033579,-0.1413029,0.5881941,1.184713,True,0,1,3
6/23/2025 2:57:06 PM,1750683426213,Right,-0.1164957,0.7369776,0.4485246,-0.1285042,0.611596,0.973657,-0.1734346,0.7343552,0.4439035,-0.1545015,0.6044649,0.9677145,-0.2532954,1.238406,0.6870301,-0.1486064,0.6048684,1.173778,True,0,1,3
6/23/2025 2:57:06 PM,1750683426226,Right,-0.1134239,0.7423036,0.4417653,-0.1307696,0.6193314,0.9680925,-0.1709366,0.7391322,0.4369655,-0.1558357,0.6118933,0.9623027,-0.2559161,1.242068,0.6781464,-0.1517733,0.6135687,1.167696,True,0,1,3
6/23/2025 2:57:06 PM,1750683426254,Right,-0.1072735,0.7551854,0.4303673,-0.1380787,0.6350587,0.9556569,-0.1645676,0.7519072,0.4232005,-0.1624773,0.6272175,0.9483377,-0.2638911,1.251475,0.6611643,-0.1645649,0.6295193,1.15472,True,0,1,3
6/23/2025 2:57:06 PM,1750683426269,Right,-0.1037963,0.7622399,0.4244348,-0.1422935,0.6426899,0.9492762,-0.1608783,0.7592091,0.4161983,-0.1646964,0.6355229,0.9414825,-0.2688904,1.256368,0.6539705,-0.1697023,0.6381567,1.147887,True,0,1,3
6/23/2025 2:57:06 PM,1750683426283,Right,-0.1006257,0.7697558,0.4183757,-0.1478238,0.65004,0.942486,-0.1575915,0.7665274,0.4096044,-0.1699996,0.6426038,0.9347082,-0.2740149,1.26173,0.6482021,-0.1793599,0.6450704,1.140956,True,0,1,3
6/23/2025 2:57:06 PM,1750683426310,Right,-0.09403447,0.7846436,0.407551,-0.1601065,0.6643087,0.9288845,-0.1523868,0.7808724,0.3969345,-0.1822591,0.6573268,0.9208428,-0.2848178,1.272938,0.6395414,-0.1991306,0.6597042,1.127163,True,0,1,3
6/23/2025 2:57:06 PM,1750683426324,Right,-0.09074882,0.792792,0.4027798,-0.1672461,0.6714,0.9218726,-0.148053,0.7881112,0.3910282,-0.1894367,0.6638823,0.9134313,-0.2914373,1.278099,0.6356332,-0.2115756,0.6657436,1.119788,True,0,1,3
6/23/2025 2:57:06 PM,1750683426352,Right,-0.08532328,0.8089474,0.3939234,-0.1834819,0.6836033,0.9088929,-0.1420418,0.8030712,0.3804532,-0.2026181,0.6761639,0.9007686,-0.3083497,1.28689,0.6259611,-0.2337616,0.6769134,1.105554,True,0,1,3
6/23/2025 2:57:06 PM,1750683426366,Right,-0.08335257,0.8168457,0.3913919,-0.1927708,0.6889305,0.9026693,-0.1369045,0.811112,0.3767319,-0.2105849,0.6814067,0.8939179,-0.3169866,1.290426,0.6206361,-0.2472752,0.680778,1.098488,True,0,1,3
6/23/2025 2:57:06 PM,1750683426393,Right,-0.08066686,0.8333527,0.3883819,-0.212109,0.6981075,0.890819,-0.1346823,0.8243456,0.3703468,-0.2294237,0.6907318,0.8814232,-0.3364278,1.297237,0.6108402,-0.2752953,0.6879352,1.085693,True,0,1,3
6/23/2025 2:57:06 PM,1750683426408,Right,-0.08075767,0.8416325,0.3882372,-0.2232075,0.7018412,0.8855004,-0.1331396,0.8324251,0.3696853,-0.24032,0.6941819,0.8761642,-0.3475032,1.300346,0.6060107,-0.2919375,0.689141,1.079863,True,0,1,3
6/23/2025 2:57:06 PM,1750683426421,Right,-0.08242194,0.8496157,0.3884298,-0.2352799,0.7056217,0.8805632,-0.1330419,0.8388805,0.3686453,-0.2522389,0.696485,0.8704723,-0.3598185,1.303207,0.6008447,-0.3096493,0.6893663,1.073312,True,0,1,3
6/23/2025 2:57:06 PM,1750683426449,Right,-0.08751033,0.8643805,0.3896085,-0.2604304,0.7110308,0.8710245,-0.1348964,0.8522832,0.3676997,-0.2767771,0.7021756,0.8601716,-0.3860415,1.309218,0.5894539,-0.3453432,0.6912065,1.060424,True,0,1,3
6/23/2025 2:57:06 PM,1750683426463,Right,-0.09089652,0.8718345,0.391359,-0.2755151,0.714248,0.8665052,-0.1381792,0.8577363,0.3674425,-0.2924807,0.7039534,0.8545021,-0.4001145,1.312142,0.5825226,-0.3672276,0.6910842,1.052909,True,0,1,3
6/23/2025 2:57:06 PM,1750683426491,Right,-0.09850588,0.884931,0.3940675,-0.3080705,0.7204517,0.8578623,-0.1463692,0.8698574,0.3685051,-0.3242971,0.7083772,0.8462796,-0.4284406,1.318304,0.5680366,-0.409751,0.692467,1.038776,True,0,1,3
6/23/2025 2:57:06 PM,1750683426505,Right,-0.1041702,0.8903085,0.3965095,-0.3279172,0.7254395,0.8538819,-0.1518731,0.8774149,0.3696482,-0.3426202,0.7110742,0.8411412,-0.442607,1.321096,0.5606083,-0.434087,0.6930539,1.030304,True,0,1,3
6/23/2025 2:57:06 PM,1750683426532,Right,-0.1228654,0.9072799,0.4047622,-0.3673776,0.7314608,0.8450044,-0.1649671,0.8889884,0.3734949,-0.379633,0.7151213,0.8297728,-0.4708924,1.327075,0.5467311,-0.483749,0.6925882,1.013733,True,0,1,3
6/23/2025 2:57:06 PM,1750683426546,Right,-0.1342255,0.915335,0.408595,-0.3899637,0.7339457,0.8408769,-0.172626,0.8950642,0.3755573,-0.400946,0.7174861,0.8243797,-0.4848427,1.329815,0.5399278,-0.5114847,0.6932272,1.003679,True,0,1,3
6/23/2025 2:57:06 PM,1750683426574,Right,-0.1563801,0.928583,0.4150264,-0.435897,0.7386978,0.8301042,-0.1922946,0.9017596,0.3783221,-0.4451562,0.7200609,0.8135509,-0.512737,1.334827,0.5266395,-0.5669801,0.6936516,0.9836335,True,0,1,3
6/23/2025 2:57:06 PM,1750683426588,Right,-0.1706983,0.9349903,0.4188678,-0.4613385,0.7411581,0.8234285,-0.203674,0.9078186,0.3821204,-0.4701126,0.7237867,0.8073323,-0.5270616,1.336751,0.5208908,-0.5989087,0.6954775,0.9727141,True,0,1,3
6/23/2025 2:57:06 PM,1750683426602,Right,-0.1851173,0.9406123,0.4224465,-0.4851892,0.7422896,0.8153577,-0.2141168,0.913878,0.3861422,-0.4921198,0.726572,0.8001231,-0.5418292,1.338111,0.5159153,-0.6277245,0.6954893,0.9617594,True,0,1,3
6/23/2025 2:57:06 PM,1750683426630,Right,-0.2196356,0.9515787,0.4308975,-0.5421428,0.7482625,0.802716,-0.242836,0.9193259,0.3924428,-0.5457227,0.7293497,0.7870246,-0.572731,1.33985,0.5063072,-0.6939216,0.6949893,0.9367726,True,0,1,3
6/23/2025 2:57:06 PM,1750683426644,Right,-0.2385279,0.9568523,0.4342375,-0.570895,0.7503744,0.7954591,-0.2586588,0.9218741,0.3957406,-0.5727203,0.729247,0.7801198,-0.5891597,1.339891,0.5012604,-0.7262406,0.6928515,0.9239603,True,0,1,3
6/23/2025 2:57:06 PM,1750683426671,Right,-0.2805122,0.9650388,0.4390759,-0.6324731,0.7576029,0.7778673,-0.2941825,0.9302317,0.4016074,-0.6316549,0.7366722,0.7625723,-0.6216664,1.33761,0.4904306,-0.7978547,0.6958613,0.8930187,True,0,1,3
6/23/2025 2:57:06 PM,1750683426685,Right,-0.3032584,0.9685436,0.4404257,-0.6647711,0.7603607,0.7681988,-0.3133627,0.9326113,0.4036095,-0.6609477,0.7365619,0.7530779,-0.6378661,1.335448,0.4847157,-0.8318827,0.6932455,0.8768337,True,0,1,3
6/23/2025 2:57:06 PM,1750683426713,Right,-0.3502155,0.9760864,0.4411921,-0.7306073,0.7740422,0.7466229,-0.3546452,0.9381202,0.4076803,-0.7260554,0.7453727,0.7294354,-0.671725,1.329599,0.4738265,-0.9090356,0.6986246,0.8382534,True,0,1,3
6/23/2025 2:57:06 PM,1750683426727,Right,-0.3757832,0.9784062,0.4396725,-0.7692842,0.7791612,0.7319655,-0.3768233,0.9393434,0.4083491,-0.7587695,0.7442761,0.717885,-0.6892421,1.326192,0.4683187,-0.9447211,0.6955256,0.8184042,True,0,1,3
6/23/2025 2:57:06 PM,1750683426755,Right,-0.4273595,0.9821609,0.4347206,-0.8463653,0.7891958,0.7010707,-0.421575,0.9406898,0.408269,-0.8310993,0.7509531,0.6906747,-0.7234412,1.317895,0.4581609,-1.022596,0.7020499,0.7714839,True,0,1,3
6/23/2025 2:57:06 PM,1750683426769,Right,-0.452991,0.9840602,0.4307696,-0.8814822,0.7911003,0.684476,-0.4442101,0.939482,0.4077352,-0.8637261,0.7482577,0.6767405,-0.7387763,1.313995,0.4528351,-1.056714,0.697202,0.7486742,True,0,1,3
6/23/2025 2:57:06 PM,1750683426783,Right,-0.4791115,0.9855562,0.424404,-0.9147856,0.7940843,0.6637579,-0.4669245,0.9387412,0.4061845,-0.8971776,0.7527193,0.6588565,-0.7539222,1.310193,0.4477882,-1.094168,0.7004827,0.7222518,True,0,1,3
6/23/2025 2:57:06 PM,1750683426810,Right,-0.5289743,0.9828432,0.4107175,-0.98277,0.7967921,0.6243026,-0.5105169,0.9348263,0.4011272,-0.961499,0.7535244,0.6237855,-0.781626,1.302387,0.4376605,-1.16061,0.6991752,0.6693583,True,0,1,3
6/23/2025 2:57:06 PM,1750683426825,Right,-0.5530915,0.9816715,0.4025964,-1.019629,0.7921292,0.6067916,-0.5329873,0.9351349,0.3972835,-1.000919,0.7553326,0.6054395,-0.7947512,1.29915,0.433054,-1.194507,0.7023417,0.638736,True,0,1,3
6/23/2025 2:57:06 PM,1750683426852,Right,-0.5962636,0.9801609,0.3833886,-1.091038,0.7721606,0.5782472,-0.5751745,0.9323899,0.3882026,-1.081984,0.7470265,0.5720739,-0.8198781,1.293533,0.4244562,-1.25177,0.6974453,0.580866,True,0,1,3
6/23/2025 2:57:06 PM,1750683426866,Right,-0.615244,0.978012,0.3762912,-1.127987,0.7561384,0.5662578,-0.595386,0.9296356,0.3818602,-1.126514,0.744256,0.5561806,-0.8319228,1.290955,0.4204829,-1.278577,0.6974732,0.5534718,True,0,1,3
6/23/2025 2:57:06 PM,1750683426894,Right,-0.648527,0.9700112,0.3602537,-1.186698,0.7221659,0.5513345,-0.6288254,0.9241362,0.3758195,-1.182851,0.7405325,0.5149066,-0.853267,1.284979,0.4119582,-1.322187,0.691276,0.4988055,True,0,1,3
6/23/2025 2:57:06 PM,1750683426908,Right,-0.6647207,0.9699141,0.353467,-1.186698,0.7221659,0.5513345,-0.6433853,0.9228863,0.3748347,-1.204374,0.7446605,0.4911424,-0.8623551,1.281763,0.408373,-1.34205,0.6927871,0.4698224,False,0,1,3
6/23/2025 2:57:06 PM,1750683426922,Right,-0.6779767,0.9684036,0.3487076,-1.186698,0.7221659,0.5513345,-0.6570065,0.9220155,0.3736925,-1.22359,0.7485765,0.4680419,-0.870513,1.278682,0.4045742,-1.359632,0.6945502,0.4420831,False,0,1,3
6/23/2025 2:57:06 PM,1750683426949,Right,-0.7012066,0.9640257,0.3419194,-1.201933,0.7981297,0.4063016,-0.6806452,0.9179172,0.372546,-1.188679,0.7650732,0.423777,-0.8843606,1.273724,0.3980174,-1.385419,0.6881306,0.3968705,False,0,1,3
6/23/2025 2:57:06 PM,1750683426963,Right,-0.7108787,0.9627034,0.3394094,-1.211551,0.7966458,0.3943902,-0.6910764,0.9145296,0.3700344,-1.199508,0.7660535,0.4075726,-0.8899102,1.271882,0.3952208,-1.397676,0.6891793,0.3759107,False,0,1,3
6/23/2025 2:57:06 PM,1750683426991,Right,-0.7261914,0.9589954,0.3364356,-1.232081,0.7928042,0.3684779,-0.7083184,0.9125088,0.366011,-1.219861,0.7622188,0.3836516,-0.8996489,1.268952,0.3916612,-1.41387,0.6848373,0.3444898,False,0,1,3
6/23/2025 2:57:07 PM,1750683427005,Right,-0.7325687,0.9570464,0.3347553,-1.239249,0.7907804,0.3600265,-0.7151299,0.9108349,0.3643329,-1.22752,0.761399,0.3749493,-0.9042273,1.267974,0.3908972,-1.42089,0.6849703,0.3329049,False,0,1,3
6/23/2025 2:57:07 PM,1750683427032,Right,-0.7425557,0.9535628,0.3322041,-1.249401,0.7866309,0.3482031,-0.7257924,0.9063732,0.3632368,-1.23791,0.7555989,0.3612288,-0.9121749,1.267596,0.3906957,-1.429868,0.6783111,0.3145963,False,0,1,3
6/23/2025 2:57:07 PM,1750683427046,Right,-0.7457439,0.9521157,0.3317999,-1.25245,0.7844902,0.3454507,-0.7293053,0.9054483,0.3628309,-1.241553,0.7550685,0.3587776,-0.9153583,1.268323,0.3913517,-1.433452,0.678257,0.3112358,False,0,1,3
6/23/2025 2:57:07 PM,1750683427074,Right,-0.7503894,0.9504296,0.3315696,-1.256393,0.7801227,0.3433317,-0.7340012,0.9037128,0.3624688,-1.245448,0.7503415,0.3538139,-0.9200201,1.269693,0.3934653,-1.43628,0.6722813,0.3046368,False,0,1,3
6/23/2025 2:57:07 PM,1750683427088,Right,-0.751489,0.9507149,0.3325817,-1.256579,0.7778258,0.3450794,-0.734646,0.9025932,0.3628026,-1.245985,0.7488202,0.3559386,-0.9211445,1.270839,0.3953028,-1.437221,0.6715631,0.3070087,False,0,1,3
6/23/2025 2:57:07 PM,1750683427102,Right,-0.7523791,0.9508779,0.3337204,-1.256554,0.775364,0.3475898,-0.7352697,0.9025394,0.3630538,-1.245552,0.7453783,0.3530756,-0.9217136,1.272089,0.3975431,-1.435856,0.6665604,0.3031149,False,0,1,3
6/23/2025 2:57:07 PM,1750683427130,Right,-0.7508605,0.9519128,0.3385145,-1.252502,0.7697543,0.358872,-0.7328839,0.9053132,0.3652851,-1.241576,0.742628,0.3663781,-0.9220843,1.274971,0.4030434,-1.432906,0.6645452,0.3194594,False,0,1,3
6/23/2025 2:57:07 PM,1750683427143,Right,-0.7496379,0.9526723,0.3410642,-1.24985,0.7668327,0.3654479,-0.73131,0.9063433,0.3669811,-1.238763,0.7395474,0.3667078,-0.92176,1.276415,0.4061782,-1.429209,0.6598378,0.3193189,False,0,1,3
6/23/2025 2:57:07 PM,1750683427171,Right,-0.7449644,0.9556631,0.3486844,-1.240318,0.7603906,0.3834401,-0.7247739,0.9055656,0.3732109,-1.229524,0.7331625,0.388045,-0.9192965,1.279629,0.4149809,-1.421643,0.6531458,0.3456937,False,0,1,3
6/23/2025 2:57:07 PM,1750683427185,Right,-0.7419553,0.9572406,0.3533231,-1.235422,0.7566903,0.3934375,-0.7210386,0.906778,0.3757045,-1.224766,0.7297786,0.3910969,-0.9170203,1.281793,0.4209825,-1.415705,0.648277,0.3489328,False,0,1,3
6/23/2025 2:57:07 PM,1750683427212,Right,-0.7313821,0.9603974,0.3648424,-1.220427,0.7503018,0.4145983,-0.7090024,0.9082937,0.3808163,-1.20899,0.7227398,0.4172158,-0.9118974,1.286646,0.4363209,-1.401295,0.6421559,0.3820722,False,0,1,3
6/23/2025 2:57:07 PM,1750683427227,Right,-0.7253539,0.9632307,0.3717078,-1.211138,0.7459977,0.4288507,-0.7019452,0.910069,0.3838656,-1.200728,0.7200508,0.4223478,-0.9082166,1.289375,0.4465994,-1.392351,0.6390994,0.3877627,False,0,1,3
6/23/2025 2:57:07 PM,1750683427241,Right,-0.7165604,0.9666233,0.380668,-1.197602,0.7377527,0.4491255,-0.692225,0.9123721,0.3876944,-1.189597,0.7163972,0.4379415,-0.9038811,1.292523,0.458823,-1.380992,0.6379299,0.4072431,False,0,1,3
6/23/2025 2:57:07 PM,1750683427268,Right,-0.6946726,0.9730836,0.3986621,-1.165395,0.7310925,0.481231,-0.6698638,0.9232991,0.397398,-1.159151,0.7149734,0.4613347,-0.8901849,1.297929,0.48691,-1.3535,0.6383065,0.4364008,False,0,1,3
6/23/2025 2:57:07 PM,1750683427283,Right,-0.6780625,0.9773256,0.4082723,-1.14856,0.7262698,0.4984924,-0.6551677,0.929297,0.399854,-1.143256,0.7100684,0.4770662,-0.8798432,1.300645,0.5020733,-1.334623,0.6375617,0.45757,False,0,1,3
6/23/2025 2:57:07 PM,1750683427310,Right,-0.6428136,0.9809619,0.4237565,-1.120999,0.7151622,0.5338544,-0.6202301,0.9360387,0.401977,-1.114374,0.6979663,0.5014163,-0.8539183,1.30618,0.5314515,-1.293069,0.6366236,0.4899459,False,0,1,3
6/23/2025 2:57:07 PM,1750683427324,Right,-0.6201956,0.983329,0.4274196,-1.108217,0.7085664,0.5528349,-0.6010256,0.9406877,0.3997055,-1.100551,0.6875356,0.5212017,-0.8374369,1.308634,0.5446763,-1.266784,0.635374,0.5165334,False,0,1,3
6/23/2025 2:57:07 PM,1750683427352,Right,-0.5718471,0.9881999,0.4305152,-1.014094,0.7113962,0.5683126,-0.558975,0.9516742,0.3949952,-1.015927,0.699578,0.5344979,-0.8024244,1.31325,0.5679971,-1.210242,0.6338243,0.5528668,False,0,1,3
6/23/2025 2:57:07 PM,1750683427365,Right,-0.5438395,0.9906569,0.4277951,-0.9685393,0.7059816,0.5858839,-0.5357917,0.9570005,0.3876502,-0.9769251,0.6984549,0.5465421,-0.7830589,1.315329,0.5778283,-1.173434,0.6301314,0.5791401,False,0,1,3
6/23/2025 2:57:07 PM,1750683427394,Right,-0.4916843,0.998616,0.4163463,-0.9006581,0.7027153,0.602446,-0.4956494,0.9725596,0.367943,-0.9160181,0.698555,0.561635,-0.7437588,1.318464,0.5942742,-1.105119,0.6292862,0.6145414,False,0,1,3
6/23/2025 2:57:07 PM,1750683427408,Right,-0.4650334,1.00468,0.407006,-0.8611608,0.7050818,0.6081187,-0.4731707,0.9780091,0.3545535,-0.873302,0.695281,0.5713659,-0.7239158,1.319486,0.6018759,-1.058447,0.6224844,0.6394296,False,0,1,3
6/23/2025 2:57:07 PM,1750683427422,Right,-0.4379152,1.011446,0.3943401,-0.8201456,0.7045896,0.6130256,-0.4531482,0.9902955,0.3448307,-0.834169,0.6964097,0.5822546,-0.7042578,1.319729,0.6084179,-1.012103,0.6209646,0.663051,False,0,1,3
6/23/2025 2:57:07 PM,1750683427449,Right,-0.3921041,1.027815,0.3674735,-0.7406987,0.7064972,0.6192788,-0.4127506,1.010717,0.3201441,-0.7616552,0.7009637,0.5852671,-0.6644362,1.31945,0.6194745,-0.9280454,0.6200038,0.6833444,False,0,1,3
6/23/2025 2:57:07 PM,1750683427463,Right,-0.3722537,1.037554,0.3530962,-0.701482,0.7094703,0.6194715,-0.3954325,1.020458,0.3063026,-0.7188873,0.701011,0.5894633,-0.6450181,1.318117,0.6240898,-0.8772264,0.614902,0.6980926,False,0,1,3
6/23/2025 2:57:07 PM,1750683427491,Right,-0.3377528,1.057343,0.3249474,-0.6252216,0.713298,0.6170964,-0.3658497,1.04164,0.279617,-0.6476156,0.7064357,0.5869117,-0.6072738,1.31376,0.6326375,-0.791159,0.6127158,0.7100077,False,0,1,3
6/23/2025 2:57:07 PM,1750683427505,Right,-0.3213521,1.067895,0.3104331,-0.5872111,0.7189034,0.6139448,-0.3535427,1.051132,0.2639965,-0.6074743,0.7082519,0.5840316,-0.5889041,1.310898,0.6371305,-0.7406912,0.6100127,0.7174604,False,0,1,3
6/23/2025 2:57:07 PM,1750683427533,Right,-0.2937217,1.088613,0.2833061,-0.5164305,0.7215859,0.6049206,-0.3344202,1.072797,0.2400918,-0.5452366,0.713313,0.5773032,-0.5533612,1.304775,0.6470953,-0.6580748,0.6108384,0.721695,False,0,1,3
6/23/2025 2:57:07 PM,1750683427546,Right,-0.2832652,1.098511,0.2726075,-0.4833772,0.7247518,0.5995399,-0.326232,1.084009,0.233852,-0.5079453,0.7143319,0.5755568,-0.5358415,1.301393,0.6527774,-0.6085917,0.6065721,0.7262207,False,0,1,3
6/23/2025 2:57:07 PM,1750683427574,Right,-0.2661961,1.112731,0.2520379,-0.4219531,0.7255943,0.5877064,-0.3107206,1.10015,0.2188148,-0.4488704,0.7158641,0.5650299,-0.5013149,1.292401,0.6648891,-0.5300546,0.6016997,0.7223427,False,0,1,3
6/23/2025 2:57:07 PM,1750683427589,Right,-0.2588058,1.118238,0.2446141,-0.3935207,0.7265562,0.5818766,-0.3041319,1.106102,0.2122826,-0.4159012,0.7152604,0.5586225,-0.483755,1.286844,0.6712723,-0.485859,0.5965421,0.7196521,False,0,1,3
6/23/2025 2:57:07 PM,1750683427602,Right,-0.2510839,1.12384,0.2376388,-0.3645696,0.7259606,0.5758759,-0.2972763,1.111584,0.2066627,-0.3929425,0.7158663,0.5526038,-0.4661443,1.280831,0.6773808,-0.4554148,0.5950659,0.7148958,False,0,1,3
6/23/2025 2:57:07 PM,1750683427630,Right,-0.234288,1.130275,0.2278975,-0.3135364,0.7200216,0.562767,-0.2841688,1.11702,0.2014226,-0.3363425,0.7084672,0.5433893,-0.4310275,1.266959,0.6890495,-0.3785321,0.5826461,0.7070317,False,0,1,3
6/23/2025 2:57:07 PM,1750683427643,Right,-0.2233634,1.13374,0.2239937,-0.2878723,0.716304,0.5572007,-0.2769278,1.118919,0.1998661,-0.3141105,0.7043594,0.5403836,-0.4141845,1.259327,0.6948617,-0.3490566,0.5783809,0.702575,False,0,1,3
6/23/2025 2:57:07 PM,1750683427672,Right,-0.2062605,1.131754,0.2231596,-0.2462992,0.7065976,0.5523554,-0.2622291,1.114157,0.2003047,-0.2677153,0.6919065,0.5353924,-0.3804417,1.242187,0.7068863,-0.2878664,0.5636476,0.6966739,False,0,1,3
6/23/2025 2:57:07 PM,1750683427686,Right,-0.1987922,1.127566,0.2227639,-0.2254545,0.7002671,0.5510314,-0.2546823,1.110388,0.2017398,-0.2475286,0.6850742,0.5333846,-0.3634789,1.233363,0.7133664,-0.2615331,0.5556942,0.6940485,False,0,1,3
6/23/2025 2:57:07 PM,1750683427714,Right,-0.1802548,1.110275,0.2278631,-0.1889525,0.6820092,0.5532326,-0.2361906,1.094281,0.2098065,-0.2105068,0.6677763,0.5365072,-0.3303943,1.214625,0.7282043,-0.2142512,0.5362745,0.697912,False,0,1,3
6/23/2025 2:57:07 PM,1750683427727,Right,-0.1699466,1.099916,0.2309801,-0.1713454,0.6706226,0.556154,-0.2254789,1.085601,0.2159165,-0.1913133,0.6566859,0.5396525,-0.3132418,1.204723,0.7361748,-0.1901274,0.5248564,0.7000814,False,0,1,3
6/23/2025 2:57:07 PM,1750683427741,Right,-0.159175,1.085905,0.2361419,-0.1562432,0.657716,0.5628203,-0.2170667,1.071571,0.2216443,-0.1772276,0.6436193,0.5460875,-0.2960947,1.195132,0.7443573,-0.1720048,0.5125555,0.7070011,False,0,1,3
6/23/2025 2:57:07 PM,1750683427768,Right,-0.1370776,1.053723,0.2473929,-0.1286799,0.6287511,0.5796915,-0.195975,1.039755,0.2350896,-0.147698,0.6138412,0.5626305,-0.2632513,1.174209,0.7594624,-0.1361483,0.4852827,0.7240489,False,0,1,3
6/23/2025 2:57:07 PM,1750683427783,Right,-0.1240434,1.033403,0.2540281,-0.1158422,0.6115429,0.5919629,-0.1858833,1.019895,0.2442521,-0.1364286,0.5967877,0.5769304,-0.2484934,1.163399,0.7658595,-0.1232191,0.470999,0.7391125,False,0,1,3
6/23/2025 2:57:07 PM,1750683427811,Right,-0.09976231,0.9882203,0.2689264,-0.09256236,0.5760508,0.6191651,-0.1609705,0.9778679,0.2634403,-0.1114065,0.5612779,0.6048063,-0.2207386,1.142979,0.775224,-0.09566042,0.4393705,0.7692617,False,0,1,3
6/23/2025 2:57:07 PM,1750683427825,Right,-0.08821572,0.9614908,0.2789893,-0.08208036,0.5557322,0.635802,-0.1491946,0.9523504,0.274208,-0.1021711,0.5425507,0.6232144,-0.2077982,1.133009,0.7791053,-0.08625142,0.4234201,0.7903194,False,0,1,3
6/23/2025 2:57:07 PM,1750683427852,Right,-0.06808271,0.9074487,0.3003244,-0.06555086,0.517364,0.6738625,-0.1269833,0.902239,0.2988487,-0.08351159,0.5035964,0.6605728,-0.1845924,1.114634,0.7854745,-0.06632961,0.3896539,0.8314629,True,0,1,4
6/23/2025 2:57:07 PM,1750683427866,Right,-0.05934984,0.8788959,0.3138412,-0.05843707,0.4966772,0.6959716,-0.1203654,0.874027,0.312738,-0.0794196,0.484105,0.6846687,-0.1738439,1.106602,0.7887138,-0.06208298,0.374698,0.858058,True,0,1,4
6/23/2025 2:57:07 PM,1750683427894,Right,-0.04596354,0.8230668,0.3424022,-0.04826176,0.4603861,0.739769,-0.1079983,0.8205844,0.3417525,-0.06944254,0.4484804,0.7284486,-0.152948,1.092188,0.7955053,-0.05101289,0.344914,0.9079595,True,0,1,4
6/23/2025 2:57:07 PM,1750683427908,Right,-0.04074305,0.7953558,0.3580908,-0.04555019,0.4438487,0.7650844,-0.104038,0.7927921,0.3572677,-0.06824299,0.4324821,0.7549058,-0.1434118,1.085261,0.7994548,-0.05015077,0.3341061,0.9376154,True,0,1,4
6/23/2025 2:57:07 PM,1750683427922,Right,-0.03655495,0.7688839,0.373463,-0.04316605,0.430896,0.7928448,-0.1025735,0.7683495,0.3736407,-0.06803802,0.4194997,0.7825564,-0.1348512,1.079026,0.8037448,-0.04975941,0.3271042,0.9674532,True,0,1,4
6/23/2025 2:57:07 PM,1750683427950,Right,-0.03027695,0.7208786,0.4055928,-0.04194207,0.4084477,0.8437349,-0.09518651,0.7251262,0.4081622,-0.06579807,0.3975422,0.8341802,-0.1210005,1.067506,0.8122721,-0.04693104,0.3141243,1.023669,True,0,1,4
6/23/2025 2:57:07 PM,1750683427963,Right,-0.02825005,0.7009014,0.4227256,-0.04314572,0.4011022,0.8694299,-0.09341275,0.7054427,0.4251227,-0.06834536,0.391261,0.8613124,-0.1159673,1.062065,0.8155148,-0.04978414,0.3135459,1.053306,True,0,1,4
6/23/2025 2:57:07 PM,1750683427991,Right,-0.02669111,0.6663463,0.4567521,-0.04818376,0.391309,0.9212586,-0.08679508,0.6752018,0.4583488,-0.06892616,0.3824348,0.9119514,-0.1077071,1.052234,0.822029,-0.05261749,0.3155163,1.106082,True,0,1,4
6/23/2025 2:57:08 PM,1750683428005,Right,-0.02511564,0.6541589,0.4723529,-0.050315,0.3916536,0.9444425,-0.08392538,0.6648086,0.4734562,-0.0715086,0.382751,0.9345649,-0.1072401,1.049682,0.8242943,-0.05817526,0.3208678,1.13007,True,0,1,4
6/23/2025 2:57:08 PM,1750683428032,Right,-0.02669654,0.6323257,0.5008649,-0.05441071,0.397375,0.9845891,-0.08237956,0.6463554,0.500721,-0.07603931,0.3875775,0.97294,-0.1060352,1.048005,0.8295735,-0.0656548,0.3340813,1.173257,True,0,1,4
6/23/2025 2:57:08 PM,1750683428047,Right,-0.0308449,0.6236063,0.5135791,-0.05670815,0.4029916,1.000086,-0.08394063,0.6410056,0.5120862,-0.07980803,0.3953442,0.9872724,-0.1057836,1.048382,0.8325894,-0.07060321,0.3451024,1.192059,True,0,1,4
6/23/2025 2:57:08 PM,1750683428075,Right,-0.0281145,0.6222126,0.534207,-0.06062487,0.4156523,1.026583,-0.08558925,0.6337239,0.5320132,-0.08451489,0.4088557,1.017373,-0.1089585,1.053961,0.8385934,-0.07651169,0.3674936,1.224212,True,0,1,4
6/23/2025 2:57:08 PM,1750683428088,Right,-0.02446183,0.6255512,0.5379462,-0.06192054,0.4251043,1.036335,-0.08636983,0.6329269,0.5391386,-0.08760896,0.4166937,1.032207,-0.1129633,1.059352,0.8409818,-0.08098768,0.3810486,1.236726,True,0,1,4
6/23/2025 2:57:08 PM,1750683428102,Right,-0.02775539,0.6228291,0.5452493,-0.06452331,0.4343948,1.046719,-0.08774581,0.6323007,0.5458463,-0.09075116,0.4264909,1.041805,-0.1183435,1.066325,0.8429503,-0.08493993,0.3943949,1.248337,True,0,1,4
6/23/2025 2:57:08 PM,1750683428130,Right,-0.03194,0.6266784,0.5563667,-0.07371059,0.4548531,1.061462,-0.08963253,0.6336201,0.5526127,-0.09835015,0.4480011,1.054474,-0.1321686,1.082735,0.8466418,-0.0962349,0.423537,1.263894,True,0,1,4
6/23/2025 2:57:08 PM,1750683428144,Right,-0.03135122,0.6307794,0.5594644,-0.0784817,0.4662411,1.067535,-0.09054514,0.6351991,0.5556375,-0.1022426,0.4591285,1.061866,-0.1404958,1.092113,0.8484504,-0.1016592,0.4391116,1.270848,True,0,1,4
6/23/2025 2:57:08 PM,1750683428172,Right,-0.03165669,0.6405244,0.5634341,-0.09090402,0.4911533,1.074087,-0.09198262,0.6453125,0.5576071,-0.1141288,0.4835261,1.06746,-0.1605481,1.112544,0.8524013,-0.1192335,0.4691937,1.277565,True,0,1,4
6/23/2025 2:57:08 PM,1750683428186,Right,-0.03216524,0.6463417,0.5652953,-0.09803902,0.5034506,1.076783,-0.09369661,0.6509736,0.5584474,-0.1209697,0.4966135,1.070142,-0.1711968,1.122847,0.8537285,-0.1286358,0.4852867,1.280547,True,0,1,4
6/23/2025 2:57:08 PM,1750683428213,Right,-0.03269606,0.6614624,0.5669197,-0.1151283,0.527782,1.07839,-0.0957357,0.6639564,0.5574954,-0.1384739,0.5198896,1.071006,-0.1937766,1.142605,0.8532324,-0.1542664,0.5128293,1.28126,True,0,1,4
6/23/2025 2:57:08 PM,1750683428228,Right,-0.03364367,0.6687841,0.5679262,-0.1246382,0.5401047,1.079175,-0.09671493,0.6708797,0.5569674,-0.1468021,0.5330765,1.071475,-0.206012,1.151848,0.8516631,-0.1662529,0.5285738,1.281546,True,0,1,4
6/23/2025 2:57:08 PM,1750683428242,Right,-0.03466487,0.6769562,0.5688297,-0.1360309,0.5521927,1.079518,-0.09713551,0.6778085,0.5563303,-0.1574135,0.5443808,1.07129,-0.219296,1.160341,0.8490076,-0.1818604,0.5418035,1.280502,True,0,1,4
6/23/2025 2:57:08 PM,1750683428269,Right,-0.0415292,0.6921619,0.5698164,-0.1588289,0.5765758,1.079228,-0.09980807,0.6929253,0.5555431,-0.1789258,0.5679257,1.070045,-0.2478054,1.17785,0.8425078,-0.2124419,0.5687364,1.278032,True,0,1,4
6/23/2025 2:57:08 PM,1750683428283,Right,-0.04146159,0.7015542,0.5713081,-0.1721142,0.5870562,1.078118,-0.1015561,0.7008276,0.5547961,-0.1917518,0.5797111,1.068797,-0.2638009,1.186124,0.839077,-0.2302211,0.5821887,1.275539,True,0,1,4
6/23/2025 2:57:08 PM,1750683428310,Right,-0.05082595,0.7170534,0.5756149,-0.2005877,0.6117657,1.075397,-0.1060087,0.717253,0.5543137,-0.217666,0.604428,1.062399,-0.2975628,1.201263,0.8310804,-0.2670605,0.6091397,1.270186,True,0,1,4
6/23/2025 2:57:08 PM,1750683428324,Right,-0.05603673,0.7278299,0.5778506,-0.2178683,0.6254832,1.073697,-0.1105974,0.7263098,0.5541666,-0.2345194,0.6165981,1.059299,-0.3160338,1.2085,0.8260723,-0.2902477,0.622271,1.266207,True,0,1,4
6/23/2025 2:57:08 PM,1750683428352,Right,-0.06735376,0.7492139,0.5807897,-0.2546723,0.6507491,1.069089,-0.1234013,0.742933,0.5541942,-0.2709394,0.6389749,1.05478,-0.3573632,1.221642,0.8126539,-0.3387648,0.6468039,1.257385,True,0,1,4
6/23/2025 2:57:08 PM,1750683428366,Right,-0.07741763,0.7599136,0.5813808,-0.2761053,0.6622036,1.065318,-0.1266837,0.7539138,0.5550684,-0.2906282,0.6512901,1.050802,-0.3795857,1.227586,0.8037685,-0.3664249,0.6594166,1.25055,True,0,1,4
6/23/2025 2:57:08 PM,1750683428394,Right,-0.09293409,0.7834324,0.5860783,-0.3220595,0.6842053,1.056075,-0.1365232,0.7743818,0.5579731,-0.3328903,0.6735132,1.042141,-0.426704,1.239123,0.7813246,-0.4241747,0.6817682,1.235306,True,0,1,4
6/23/2025 2:57:08 PM,1750683428408,Right,-0.1021513,0.7951538,0.5894669,-0.3485524,0.6950696,1.04967,-0.1441202,0.7841773,0.5592566,-0.3589813,0.6835119,1.034798,-0.4506063,1.244604,0.7680817,-0.4592761,0.6913043,1.224201,True,0,1,4
6/23/2025 2:57:08 PM,1750683428422,Right,-0.1122613,0.8070444,0.5924911,-0.3758107,0.7045453,1.042481,-0.1534197,0.7943565,0.5607644,-0.3869902,0.6926657,1.027106,-0.4743285,1.249873,0.7545004,-0.4959477,0.6996428,1.211767,True,0,1,4
6/23/2025 2:57:08 PM,1750683428449,Right,-0.1351338,0.8305905,0.5997158,-0.4360639,0.7221252,1.029286,-0.1741742,0.8144965,0.5635544,-0.4444712,0.7092207,1.013508,-0.5230999,1.259081,0.7247152,-0.567161,0.7150674,1.184663,True,0,1,4
6/23/2025 2:57:08 PM,1750683428463,Right,-0.1501076,0.8427174,0.6030527,-0.4682535,0.7301421,1.019024,-0.1867201,0.8247019,0.5652,-0.4760906,0.7160526,1.00246,-0.5465125,1.262743,0.7085177,-0.607137,0.7200922,1.167202,True,0,1,4
6/23/2025 2:57:08 PM,1750683428491,Right,-0.1832871,0.8642566,0.6068926,-0.5317909,0.7467464,0.9956551,-0.2151605,0.842552,0.5672789,-0.5372511,0.7270357,0.9785877,-0.5913129,1.267807,0.6746645,-0.6831067,0.7271556,1.131026,True,0,1,4
6/23/2025 2:57:08 PM,1750683428505,Right,-0.2027653,0.8762825,0.6096908,-0.5663846,0.7525067,0.9808819,-0.2310676,0.8532025,0.5693221,-0.5701342,0.7331975,0.9641064,-0.6135533,1.269503,0.6562897,-0.7245421,0.7303923,1.10923,True,0,1,4
6/23/2025 2:57:08 PM,1750683428532,Right,-0.2400033,0.8965286,0.6107464,-0.6343386,0.7605985,0.9512348,-0.2639359,0.869236,0.5707307,-0.6378032,0.7409189,0.9359438,-0.6552364,1.271002,0.6180621,-0.8026928,0.7350144,1.062488,True,0,1,4
6/23/2025 2:57:08 PM,1750683428546,Right,-0.2626835,0.9064856,0.6110799,-0.6697751,0.7600467,0.9365909,-0.2837128,0.8782278,0.5703224,-0.675189,0.744703,0.9191297,-0.6751627,1.271362,0.5990062,-0.8441585,0.7371374,1.035182,True,0,1,4
6/23/2025 2:57:08 PM,1750683428574,Right,-0.3099025,0.9237204,0.6093705,-0.7384081,0.7485848,0.9091301,-0.3237926,0.8918509,0.5677317,-0.7499787,0.7478999,0.8859514,-0.7118807,1.270994,0.5625395,-0.9214913,0.7386289,0.9792889,True,0,1,4
6/23/2025 2:57:08 PM,1750683428588,Right,-0.3346182,0.9312625,0.6070553,-0.7732772,0.7373645,0.8956231,-0.3448842,0.8964463,0.5660586,-0.7912087,0.7476831,0.8682162,-0.7288258,1.270256,0.5454839,-0.9608742,0.7387176,0.9478675,True,0,1,4
6/23/2025 2:57:08 PM,1750683428602,Right,-0.3592977,0.937448,0.6037976,-0.8069143,0.7228628,0.8828808,-0.3661088,0.9003853,0.5640246,-0.8320053,0.745026,0.8509548,-0.7453195,1.269366,0.5293458,-0.9974816,0.736307,0.9169366,True,0,1,4
6/23/2025 2:57:08 PM,1750683428630,Right,-0.4130606,0.94943,0.5926788,-0.8360872,0.7071334,0.8720669,-0.4116913,0.9119912,0.557975,-0.8947213,0.7526128,0.7987968,-0.7777169,1.267452,0.499361,-1.071148,0.7381827,0.8495347,True,0,1,4
6/23/2025 2:57:08 PM,1750683428643,Right,-0.4408325,0.9549252,0.5846837,-0.8360872,0.7071334,0.8720669,-0.4359588,0.9166341,0.5530759,-0.915128,0.7562354,0.7670942,-0.793491,1.266465,0.4855813,-1.105838,0.7349995,0.8145531,True,0,1,4
6/23/2025 2:57:08 PM,1750683428671,Right,-0.4930216,0.9655741,0.5685508,-0.8360872,0.7071334,0.8720669,-0.4868548,0.9248036,0.5375995,-0.9595172,0.766575,0.7075182,-0.8242543,1.263153,0.4594826,-1.173072,0.7345759,0.7450126,True,0,1,4
6/23/2025 2:57:08 PM,1750683428685,Right,-0.5196279,0.9701082,0.557927,-0.8360872,0.7071334,0.8720669,-0.5115293,0.9275244,0.5284212,-0.9812631,0.7675516,0.6775094,-0.8388983,1.260605,0.4469382,-1.203445,0.729696,0.7079105,True,0,1,4
6/23/2025 2:57:08 PM,1750683428712,Right,-0.5726783,0.9784992,0.5333097,-0.8360872,0.7071334,0.8720669,-0.5592443,0.9292219,0.5087023,-1.027801,0.772315,0.626217,-0.8641274,1.252056,0.4229996,-1.2601,0.7254323,0.6405044,True,0,1,4
6/23/2025 2:57:08 PM,1750683428727,Right,-0.5989444,0.9808444,0.5191306,-0.8360872,0.7071334,0.8720669,-0.5832344,0.928979,0.4970849,-1.052196,0.7688655,0.5981315,-0.8751122,1.247292,0.4115326,-1.285946,0.7167745,0.6032274,True,0,1,4
6/23/2025 2:57:08 PM,1750683428755,Right,-0.6484256,0.9869874,0.487505,-0.8360872,0.7071334,0.8720669,-0.6293747,0.9346696,0.4753553,-1.108265,0.7715932,0.5469509,-0.8924836,1.237557,0.3897947,-1.335216,0.7143588,0.5332474,True,0,1,4
6/23/2025 2:57:08 PM,1750683428768,Right,-0.672103,0.9882915,0.4700738,-0.8360872,0.7071334,0.8720669,-0.65244,0.9358755,0.4626699,-1.136576,0.7645971,0.5198533,-0.9000555,1.232726,0.3798079,-1.355902,0.7034062,0.4973069,True,0,1,4
6/23/2025 2:57:08 PM,1750683428782,Right,-0.6935598,0.9908069,0.4529229,-0.8360872,0.7071334,0.8720669,-0.6731222,0.9377472,0.4508982,-1.165971,0.7621881,0.4948842,-0.9073633,1.228353,0.3705707,-1.375267,0.699181,0.464263,True,0,1,4
6/23/2025 2:57:08 PM,1750683428810,Right,-0.7309481,0.9923229,0.4186887,-1.223495,0.7864388,0.4394745,-0.7111415,0.9385107,0.4270516,-1.212964,0.7529923,0.4454249,-0.9209229,1.220682,0.3554617,-1.407038,0.6831161,0.4025097,True,0,1,4
6/23/2025 2:57:08 PM,1750683428824,Right,-0.7478672,0.9919068,0.4011414,-1.23826,0.7838494,0.4158538,-0.7285081,0.9391293,0.414236,-1.228554,0.7533346,0.4194721,-0.9270856,1.217702,0.3497279,-1.421422,0.6780667,0.371616,True,0,1,4
6/23/2025 2:57:08 PM,1750683428851,Right,-0.776824,0.9875697,0.3695849,-1.27065,0.7785683,0.3578828,-0.7592944,0.9369678,0.3919545,-1.259312,0.7436873,0.3726023,-0.939146,1.211906,0.339838,-1.443325,0.6603366,0.3166063,True,0,1,4
6/23/2025 2:57:08 PM,1750683428865,Right,-0.7886917,0.9842364,0.3567898,-1.282294,0.7742605,0.334841,-0.7719303,0.9362096,0.3827582,-1.271347,0.7418447,0.3509008,-0.9443351,1.209806,0.3358107,-1.452367,0.6556567,0.2911294,False,0,1,4
6/23/2025 2:57:08 PM,1750683428892,Right,-0.8070763,0.9767706,0.3362648,-1.307365,0.7667972,0.2897277,-0.7925208,0.9314467,0.3638186,-1.295236,0.7289461,0.3135857,-0.9511191,1.206096,0.3310325,-1.464894,0.6399823,0.249525,False,0,1,4
6/23/2025 2:57:08 PM,1750683428906,Right,-0.8139076,0.9734606,0.3281282,-1.305465,0.7598643,0.2907741,-0.8004127,0.9287518,0.357052,-1.295598,0.7292708,0.300077,-0.9537966,1.204639,0.3295531,-1.470946,0.6370556,0.2329617,False,0,1,4
6/23/2025 2:57:08 PM,1750683428921,Right,-0.8196891,0.970084,0.3220357,-1.311476,0.7547731,0.2772504,-0.8064139,0.9265826,0.351537,-1.302394,0.7264593,0.2893729,-0.9552943,1.20384,0.3295357,-1.475664,0.6349323,0.220601,False,0,1,4
6/23/2025 2:57:08 PM,1750683428948,Right,-0.8277232,0.9657025,0.313655,-1.318712,0.7470466,0.2652749,-0.8138325,0.9212863,0.3423972,-1.308445,0.7167056,0.2745513,-0.9587121,1.203115,0.3319511,-1.479251,0.6244184,0.2038794,False,0,1,4
6/23/2025 2:57:08 PM,1750683428962,Right,-0.8285551,0.9641196,0.3123896,-1.322786,0.7431455,0.2584726,-0.8147925,0.9187084,0.3401731,-1.313867,0.7134967,0.2723863,-0.9599981,1.203261,0.3350914,-1.481444,0.6245146,0.2018768,False,0,1,4
6/23/2025 2:57:08 PM,1750683428990,Right,-0.827883,0.9613191,0.3130697,-1.33137,0.7346062,0.2445455,-0.8135493,0.9137692,0.3385905,-1.322788,0.7013988,0.2696852,-0.9604193,1.205473,0.3446634,-1.47935,0.6176859,0.2002293,False,0,1,4
6/23/2025 2:57:09 PM,1750683429004,Right,-0.8256666,0.9602957,0.3165383,-1.335883,0.7299467,0.2374386,-0.8107041,0.9119666,0.3401175,-1.328839,0.6969698,0.2746271,-0.9586157,1.207511,0.3513397,-1.478744,0.6185695,0.2069217,False,0,1,4
6/23/2025 2:57:09 PM,1750683429032,Right,-0.8193161,0.9601627,0.3279547,-1.344583,0.7206404,0.2241427,-0.8023317,0.9095268,0.3459878,-1.338987,0.6828316,0.2835532,-0.9521049,1.213677,0.3682497,-1.470551,0.6138096,0.2189675,False,0,1,4
6/23/2025 2:57:09 PM,1750683429046,Right,-0.8137668,0.9611584,0.3376543,-1.346924,0.7180638,0.2206533,-0.7951591,0.9084675,0.3512563,-1.342826,0.6770989,0.2956253,-0.9483609,1.217243,0.3782012,-1.46615,0.6152665,0.2333394,False,0,1,4
6/23/2025 2:57:09 PM,1750683429074,Right,-0.7998923,0.9641707,0.360808,-1.288405,0.7236173,0.3165663,-0.7786938,0.9110507,0.3664507,-1.277131,0.6929138,0.3226001,-0.9388238,1.224225,0.3986626,-1.449795,0.6147527,0.2572206,False,0,1,4
6/23/2025 2:57:09 PM,1750683429088,Right,-0.789934,0.965835,0.3753186,-1.276353,0.7221855,0.3351248,-0.7677275,0.9135582,0.3743699,-1.264613,0.6919348,0.3393239,-0.9325695,1.228,0.408783,-1.440811,0.6176034,0.2770563,False,0,1,4
6/23/2025 2:57:09 PM,1750683429102,Right,-0.7803112,0.9675227,0.3895473,-1.27143,0.7215822,0.3427545,-0.7568364,0.9151241,0.3811158,-1.257084,0.6868,0.3470055,-0.9237621,1.232351,0.419872,-1.428544,0.61542,0.285789,False,0,1,4
6/23/2025 2:57:09 PM,1750683429130,Right,-0.7505149,0.9732852,0.4200636,-1.261617,0.7203389,0.3580692,-0.7283093,0.9220583,0.3999303,-1.244817,0.6743761,0.3897275,-0.9041946,1.241527,0.4473579,-1.402126,0.6179922,0.3398027,False,0,1,4
6/23/2025 2:57:09 PM,1750683429143,Right,-0.7339017,0.9776438,0.4351351,-1.256517,0.7196711,0.3660849,-0.7116945,0.9267578,0.4120738,-1.237856,0.6690724,0.4013827,-0.8934623,1.246664,0.4626278,-1.384032,0.6193107,0.352583,False,0,1,4
6/23/2025 2:57:09 PM,1750683429171,Right,-0.6923718,0.9859835,0.4576421,-1.246858,0.7183648,0.3813767,-0.67377,0.9387587,0.4309943,-1.207025,0.6637474,0.4337465,-0.8679905,1.257926,0.4978234,-1.34402,0.6235274,0.3923354,False,0,1,4
6/23/2025 2:57:09 PM,1750683429185,Right,-0.6708711,0.98936,0.4690194,-1.246369,0.7182972,0.3821549,-0.6498777,0.9447735,0.4391957,-1.179047,0.6625695,0.4576531,-0.8529712,1.26356,0.5164658,-1.317996,0.6231569,0.4224418,False,0,1,4
6/23/2025 2:57:09 PM,1750683429212,Right,-0.6153257,0.997208,0.484533,-1.246369,0.7182972,0.3821549,-0.5978643,0.9574159,0.4481565,-1.117358,0.6633886,0.508771,-0.8155296,1.273069,0.5521704,-1.259402,0.6244889,0.4885094,False,0,1,4
6/23/2025 2:57:09 PM,1750683429226,Right,-0.5857071,1.002217,0.4916053,-1.246369,0.7182972,0.3821549,-0.5708011,0.9647888,0.4513198,-1.087177,0.6671633,0.5204207,-0.7946937,1.276399,0.5676742,-1.229563,0.6279978,0.5033244,False,0,1,4
6/23/2025 2:57:09 PM,1750683429254,Right,-0.5218959,1.014198,0.4967891,-0.9632698,0.7164618,0.5868081,-0.5170851,0.9872845,0.448313,-0.9633088,0.7039199,0.5569168,-0.74869,1.281683,0.5952048,-1.156343,0.6321162,0.5720277,False,0,1,4
6/23/2025 2:57:09 PM,1750683429269,Right,-0.4890353,1.020851,0.4976786,-0.9232871,0.719308,0.6047798,-0.4882131,0.9968098,0.4469455,-0.9294429,0.7102499,0.5652931,-0.7250301,1.283899,0.607595,-1.122015,0.6376026,0.5861081,False,0,1,4
6/23/2025 2:57:09 PM,1750683429282,Right,-0.4559778,1.028469,0.4951153,-0.8806285,0.7226142,0.6197169,-0.4585588,1.003138,0.4402402,-0.8874782,0.7117538,0.583212,-0.7029631,1.285344,0.6203067,-1.078818,0.6376847,0.6186283,False,0,1,4
6/23/2025 2:57:09 PM,1750683429310,Right,-0.3899917,1.043281,0.4848571,-0.797694,0.7324275,0.6442951,-0.4019423,1.021931,0.4287551,-0.8117177,0.7231207,0.6047494,-0.6597133,1.286223,0.6457621,-0.9984335,0.6473936,0.661178,False,0,1,4
6/23/2025 2:57:09 PM,1750683429324,Right,-0.3583741,1.052641,0.4763337,-0.7543666,0.7369529,0.6538101,-0.3767028,1.035454,0.4214872,-0.7695807,0.7281508,0.6191874,-0.638206,1.285754,0.6585438,-0.9507818,0.6495097,0.6890323,False,0,1,4
6/23/2025 2:57:09 PM,1750683429352,Right,-0.3057891,1.070461,0.4553809,-0.6738846,0.7470815,0.6705565,-0.3311401,1.058277,0.4008871,-0.6940374,0.7390609,0.6303954,-0.5952575,1.281387,0.6832129,-0.865386,0.6548717,0.720176,False,0,1,4
6/23/2025 2:57:09 PM,1750683429365,Right,-0.2810546,1.083065,0.4455325,-0.6312078,0.7568313,0.6774321,-0.3119417,1.073341,0.3937875,-0.6507837,0.745414,0.6396144,-0.5739397,1.278207,0.6958311,-0.8153833,0.654925,0.7424629,False,0,1,4
6/23/2025 2:57:09 PM,1750683429393,Right,-0.2401513,1.104951,0.4263784,-0.5535691,0.7599417,0.6839375,-0.2761106,1.0947,0.3777681,-0.5801377,0.7512251,0.6480275,-0.5305876,1.269702,0.7207046,-0.7295086,0.6545604,0.7661077,False,0,1,4
6/23/2025 2:57:09 PM,1750683429407,Right,-0.2195934,1.114733,0.4179631,-0.5152036,0.7596112,0.6859237,-0.2603702,1.104053,0.3719586,-0.5405118,0.7493927,0.6562623,-0.5089717,1.263515,0.7329489,-0.6786861,0.6491174,0.7820146,False,0,1,4
6/23/2025 2:57:09 PM,1750683429435,Right,-0.1891284,1.130201,0.4043303,-0.4457398,0.7598209,0.6916885,-0.233269,1.120262,0.3636087,-0.4744415,0.7492863,0.6629972,-0.4670244,1.249109,0.7582591,-0.5959858,0.6417624,0.7990105,False,0,1,4
6/23/2025 2:57:09 PM,1750683429448,Right,-0.1763303,1.135301,0.4001696,-0.4112962,0.7566049,0.6937133,-0.2218121,1.125785,0.3619844,-0.4373289,0.7450694,0.6673253,-0.4460994,1.240576,0.7714182,-0.5485018,0.6321358,0.8088448,False,0,1,4
6/23/2025 2:57:09 PM,1750683429463,Right,-0.165113,1.138109,0.3977137,-0.3794705,0.7516091,0.6954376,-0.2122606,1.128463,0.3601806,-0.4025564,0.7392955,0.6703405,-0.4247854,1.231426,0.7840267,-0.5034886,0.6214548,0.8165018,False,0,1,4
6/23/2025 2:57:09 PM,1750683429490,Right,-0.1440189,1.139072,0.3954204,-0.3186966,0.7372919,0.6999158,-0.1934411,1.129596,0.3614181,-0.344408,0.7266712,0.6766045,-0.3822917,1.20986,0.8078465,-0.4285067,0.6025726,0.8273481,False,0,1,4
6/23/2025 2:57:09 PM,1750683429504,Right,-0.1342743,1.135983,0.3967555,-0.2890257,0.7269,0.7024214,-0.18413,1.126122,0.3645793,-0.3127713,0.7161202,0.6806452,-0.3625586,1.19735,0.8178977,-0.3873735,0.5884696,0.8333247,False,0,1,4
6/23/2025 2:57:09 PM,1750683429532,Right,-0.1126948,1.125969,0.4022654,-0.2349752,0.7042122,0.7086616,-0.1657601,1.114327,0.3722761,-0.259489,0.6927455,0.688529,-0.3257985,1.171442,0.8353144,-0.318494,0.5612884,0.842298,False,0,1,4
6/23/2025 2:57:09 PM,1750683429546,Right,-0.1030861,1.115787,0.4064213,-0.2079952,0.6895505,0.7127295,-0.1553842,1.104367,0.3779985,-0.2317078,0.67869,0.6931689,-0.3089519,1.15969,0.8426702,-0.2826332,0.5449695,0.8480858,False,0,1,4
6/23/2025 2:57:09 PM,1750683429573,Right,-0.08338186,1.091136,0.4159221,-0.1615212,0.6592231,0.723189,-0.1372079,1.079437,0.3894496,-0.1842174,0.6475285,0.7028136,-0.2779918,1.135606,0.8571177,-0.2219019,0.5111508,0.8584679,False,0,1,4
6/23/2025 2:57:09 PM,1750683429588,Right,-0.07266395,1.074718,0.4216332,-0.1390012,0.6407118,0.730621,-0.1279936,1.064108,0.3954704,-0.1617472,0.6287718,0.7087241,-0.2643213,1.124175,0.8645875,-0.1929957,0.4926991,0.863836,True,0,1,5
6/23/2025 2:57:09 PM,1750683429602,Right,-0.06213627,1.057967,0.4264882,-0.1176617,0.6218687,0.7367569,-0.1177333,1.044986,0.4023033,-0.1405612,0.6093328,0.7170476,-0.2510059,1.112947,0.8712313,-0.1660525,0.4738262,0.8729855,True,0,1,5
6/23/2025 2:57:09 PM,1750683429629,Right,-0.04103155,1.014699,0.4378318,-0.07990962,0.5826637,0.7534371,-0.09857631,1.001463,0.4164652,-0.1033155,0.5709019,0.7363462,-0.2270925,1.09143,0.8827407,-0.1197636,0.4360929,0.8960564,True,0,1,5
6/23/2025 2:57:09 PM,1750683429643,Right,-0.02956789,0.9912335,0.4436428,-0.0627082,0.5595913,0.7628719,-0.09023851,0.976459,0.4225658,-0.08454145,0.5463205,0.7452568,-0.2160296,1.081765,0.8870752,-0.09608301,0.4132931,0.9051735,True,0,1,5
6/23/2025 2:57:09 PM,1750683429671,Right,-0.009482552,0.9377118,0.4566043,-0.03932777,0.5113977,0.7885128,-0.07093576,0.9250341,0.4394924,-0.05647215,0.5023423,0.7767605,-0.1965587,1.063682,0.8923376,-0.06244581,0.3769493,0.9391233,True,0,1,5
6/23/2025 2:57:09 PM,1750683429685,Right,0.0005885232,0.9091225,0.4634915,-0.02900868,0.4879693,0.8045636,-0.06225428,0.8970334,0.4481443,-0.04235466,0.4769678,0.79098,-0.1883998,1.055777,0.8938253,-0.04488096,0.3548467,0.9539425,True,0,1,5
6/23/2025 2:57:09 PM,1750683429712,Right,0.0172902,0.8511868,0.4803591,-0.01226524,0.4573484,0.8446134,-0.04702744,0.8417503,0.4674871,-0.03111923,0.4450727,0.8295621,-0.1718014,1.041778,0.8953173,-0.03129957,0.3287498,1.002915,True,0,1,5
6/23/2025 2:57:09 PM,1750683429726,Right,0.02489349,0.8224213,0.4888021,-0.00748805,0.440225,0.8660125,-0.04090779,0.8139151,0.4782106,-0.02322084,0.4232465,0.8475657,-0.1642905,1.036111,0.8963604,-0.0212846,0.3105693,1.022598,True,0,1,5
6/23/2025 2:57:09 PM,1750683429754,Right,0.03394474,0.7718687,0.5085798,-0.009958889,0.4144019,0.9107999,-0.03292583,0.7659714,0.5014526,-0.02861144,0.3998291,0.8980775,-0.1537445,1.026773,0.8984773,-0.0293257,0.3007271,1.079064,True,0,1,5
6/23/2025 2:57:09 PM,1750683429768,Right,0.03640987,0.7479856,0.5186108,-0.01323466,0.4025017,0.9323953,-0.03111729,0.7427103,0.512702,-0.02734973,0.3844073,0.9183111,-0.1502112,1.021881,0.8990338,-0.02726382,0.2902592,1.100387,True,0,1,5
6/23/2025 2:57:09 PM,1750683429782,Right,0.03533997,0.7273207,0.5283055,-0.0176768,0.3982632,0.9518675,-0.0318774,0.7232112,0.5232437,-0.03564528,0.3820068,0.9404423,-0.1473735,1.01782,0.8991249,-0.03781337,0.2934448,1.127699,True,0,1,5
6/23/2025 2:57:09 PM,1750683429810,Right,0.03098818,0.6933117,0.546173,-0.03070436,0.3949428,0.9905347,-0.03661871,0.6935998,0.5462292,-0.04866626,0.3773381,0.9821795,-0.1465787,1.015127,0.8987603,-0.0521097,0.2996233,1.174435,True,0,1,5
6/23/2025 2:57:09 PM,1750683429824,Right,0.02613416,0.6795617,0.5554588,-0.03880295,0.3983669,1.011537,-0.04215086,0.6809334,0.555034,-0.05895627,0.3814662,1.003631,-0.1482919,1.01587,0.8986499,-0.06287787,0.3117728,1.197989,True,0,1,5
6/23/2025 2:57:09 PM,1750683429851,Right,0.01455813,0.6588085,0.5735321,-0.0543009,0.407298,1.045676,-0.05282195,0.6619085,0.5726863,-0.07432266,0.3911179,1.038608,-0.1539987,1.023518,0.9005907,-0.07855235,0.3333918,1.237152,True,0,1,5
6/23/2025 2:57:09 PM,1750683429866,Right,0.007513095,0.6522111,0.582582,-0.06301644,0.4141337,1.059708,-0.05918844,0.655602,0.5801724,-0.08386871,0.4016668,1.0537,-0.1594181,1.028915,0.9024794,-0.08934729,0.3501026,1.255347,True,0,1,5
6/23/2025 2:57:09 PM,1750683429893,Right,-0.005891045,0.6435829,0.5971437,-0.0799678,0.4297126,1.083379,-0.07316303,0.6471424,0.5931268,-0.1011136,0.4205233,1.078432,-0.17466,1.041932,0.9066513,-0.1081751,0.3795806,1.283985,True,0,1,5
6/23/2025 2:57:09 PM,1750683429907,Right,-0.01359436,0.6415599,0.6046625,-0.09038173,0.4399336,1.093696,-0.08000489,0.6458898,0.5986337,-0.1115582,0.4333907,1.088153,-0.1839422,1.049443,0.9083028,-0.1205798,0.3974404,1.296292,True,0,1,5
6/23/2025 2:57:09 PM,1750683429935,Right,-0.03030543,0.6397952,0.6164101,-0.1118577,0.4622306,1.110772,-0.09214211,0.6462221,0.6083341,-0.1319213,0.4570795,1.103611,-0.2048851,1.066594,0.9106784,-0.1443304,0.4294873,1.315725,True,0,1,5
6/23/2025 2:57:09 PM,1750683429948,Right,-0.03779939,0.6415463,0.6214339,-0.1243436,0.4742301,1.118582,-0.09723365,0.6493169,0.6127481,-0.1444756,0.4700784,1.111064,-0.2172818,1.076111,0.9107995,-0.15987,0.4467102,1.323471,True,0,1,5
6/23/2025 2:57:09 PM,1750683429963,Right,-0.0436211,0.6444365,0.6254926,-0.1365721,0.4866296,1.125314,-0.1032466,0.6517782,0.616634,-0.1547932,0.4824646,1.118162,-0.2306528,1.085959,0.9110019,-0.1716336,0.4633592,1.330722,True,0,1,5
6/23/2025 2:57:09 PM,1750683429990,Right,-0.05510939,0.6524873,0.6343537,-0.1628437,0.5125144,1.136856,-0.1165427,0.6604826,0.6223279,-0.1831878,0.5084865,1.128452,-0.2595029,1.105874,0.9105752,-0.2066789,0.4970534,1.340148,True,0,1,5
6/23/2025 2:57:10 PM,1750683430004,Right,-0.05967185,0.6586273,0.6380848,-0.177505,0.5263296,1.140682,-0.1218899,0.6659678,0.6246656,-0.1977834,0.522076,1.132125,-0.278935,1.115972,0.9072797,-0.2257891,0.514178,1.343181,True,0,1,5
6/23/2025 2:57:10 PM,1750683430032,Right,-0.06996869,0.6715766,0.6431689,-0.2078119,0.5544549,1.145769,-0.1308891,0.6767315,0.6279631,-0.2259117,0.5499464,1.138093,-0.3139949,1.135771,0.9006348,-0.2625352,0.5496164,1.34672,True,0,1,5
6/23/2025 2:57:10 PM,1750683430046,Right,-0.07780819,0.6798985,0.6465538,-0.2253992,0.5708214,1.146978,-0.1375372,0.6835464,0.629076,-0.2442762,0.5657564,1.137874,-0.3332733,1.145501,0.8963456,-0.2867891,0.5687756,1.346468,True,0,1,5
6/23/2025 2:57:10 PM,1750683430073,Right,-0.08773604,0.6969407,0.6511533,-0.2628748,0.6022614,1.147043,-0.1505401,0.6975325,0.6310014,-0.2801344,0.5970003,1.139513,-0.3742507,1.164201,0.8857033,-0.332767,0.6074038,1.344283,True,0,1,5
6/23/2025 2:57:10 PM,1750683430088,Right,-0.09728137,0.7077605,0.6559954,-0.2848716,0.6184599,1.145721,-0.1575118,0.7061979,0.6326028,-0.3020374,0.6131239,1.136074,-0.3964548,1.172791,0.8787651,-0.3625391,0.6259382,1.340856,True,0,1,5
6/23/2025 2:57:10 PM,1750683430101,Right,-0.1051334,0.7182994,0.6596622,-0.3069527,0.6338153,1.143789,-0.1642884,0.7150771,0.6339728,-0.32125,0.6292417,1.134239,-0.4192765,1.180947,0.8710845,-0.3877653,0.6448014,1.337691,True,0,1,5
6/23/2025 2:57:10 PM,1750683430129,Right,-0.1255114,0.7407051,0.6660215,-0.3586293,0.6661081,1.138585,-0.1780617,0.7364668,0.6371217,-0.372774,0.6576829,1.126019,-0.4673734,1.195808,0.8511682,-0.456829,0.6760334,1.321765,True,0,1,5
6/23/2025 2:57:10 PM,1750683430143,Right,-0.1351143,0.7529441,0.6694208,-0.3861419,0.6813369,1.134325,-0.1853221,0.7476907,0.638719,-0.3963968,0.6734314,1.122566,-0.4924688,1.201976,0.8378489,-0.4872578,0.6936686,1.314009,True,0,1,5
6/23/2025 2:57:10 PM,1750683430170,Right,-0.1563101,0.7812982,0.6779003,-0.446726,0.7062995,1.119161,-0.202703,0.7700129,0.6433092,-0.4574878,0.6966124,1.106204,-0.5440977,1.214307,0.8077116,-0.5680803,0.7167323,1.286552,True,0,1,5
6/23/2025 2:57:10 PM,1750683430185,Right,-0.1683595,0.794643,0.6814901,-0.4791983,0.7195637,1.110664,-0.2123425,0.7812366,0.645454,-0.4857771,0.7097881,1.099784,-0.5699006,1.22022,0.7920889,-0.6033005,0.7307577,1.273709,True,0,1,5
6/23/2025 2:57:10 PM,1750683430213,Right,-0.1954511,0.8220726,0.688284,-0.5454286,0.7378839,1.086118,-0.2369485,0.8031079,0.6488624,-0.555257,0.7254279,1.073531,-0.6186142,1.22992,0.7551955,-0.6910345,0.7435902,1.232269,True,0,1,5
6/23/2025 2:57:10 PM,1750683430226,Right,-0.2113483,0.8340692,0.6916528,-0.5798619,0.7455304,1.07207,-0.2507094,0.8147295,0.6503162,-0.5872605,0.7353486,1.060947,-0.6414589,1.233648,0.7349405,-0.7302588,0.7526609,1.212704,True,0,1,5
6/23/2025 2:57:10 PM,1750683430254,Right,-0.2510726,0.858952,0.6962654,-0.6512387,0.7580876,1.038669,-0.2822104,0.8358433,0.6528525,-0.6582273,0.7455362,1.024159,-0.6852586,1.239576,0.6931283,-0.818699,0.7576019,1.158973,True,0,1,5
6/23/2025 2:57:10 PM,1750683430268,Right,-0.272405,0.8702005,0.697417,-0.6871523,0.7613547,1.020897,-0.2989916,0.8466451,0.6536886,-0.6917297,0.7519539,1.00739,-0.7062176,1.2421,0.6718698,-0.8583345,0.7621054,1.133364,True,0,1,5
6/23/2025 2:57:10 PM,1750683430282,Right,-0.29142,0.8802211,0.6983909,-0.722573,0.7659794,1.000183,-0.3181489,0.856496,0.6533064,-0.7287139,0.7535286,0.9859231,-0.7259951,1.244068,0.6504917,-0.9013979,0.7603189,1.101269,True,0,1,5
6/23/2025 2:57:10 PM,1750683430310,Right,-0.336769,0.9008349,0.6966082,-0.7919118,0.7697509,0.955812,-0.3581715,0.8726606,0.6491583,-0.7974659,0.757055,0.9405702,-0.7630186,1.247542,0.6078839,-0.980252,0.7584411,1.036547,True,0,1,5
6/23/2025 2:57:10 PM,1750683430323,Right,-0.362078,0.9091627,0.694152,-0.8272375,0.7664396,0.9335366,-0.3795927,0.8803462,0.6477135,-0.8340242,0.7567985,0.9160076,-0.7795926,1.248125,0.5868357,-1.020091,0.7553242,1.000178,True,0,1,5
6/23/2025 2:57:10 PM,1750683430352,Right,-0.4123206,0.925249,0.6866342,-0.8919896,0.7742814,0.8804896,-0.4229969,0.8932461,0.6411535,-0.894302,0.756583,0.8614685,-0.8102223,1.24882,0.5489372,-1.091945,0.7470809,0.926187,True,0,1,5
6/23/2025 2:57:10 PM,1750683430366,Right,-0.4406467,0.9317853,0.6800673,-0.9330968,0.7758148,0.845049,-0.4465708,0.8987913,0.6369162,-0.9297454,0.7547641,0.8345191,-0.8245064,1.248525,0.5310495,-1.127384,0.7426319,0.886331,True,0,1,5
6/23/2025 2:57:10 PM,1750683430393,Right,-0.4960249,0.9403722,0.6628795,-0.9951944,0.775966,0.7874733,-0.4958722,0.9081965,0.6225889,-0.9900376,0.7529221,0.7746667,-0.8500093,1.247256,0.4978404,-1.193044,0.7338785,0.8060687,True,0,1,5
6/23/2025 2:57:10 PM,1750683430407,Right,-0.5227927,0.9457005,0.6528565,-1.023898,0.7753684,0.7567902,-0.5208147,0.9127998,0.6137549,-1.019122,0.7530373,0.7437574,-0.8621078,1.246593,0.4829863,-1.223781,0.7305714,0.7645227,True,0,1,5
6/23/2025 2:57:10 PM,1750683430421,Right,-0.5505062,0.9524037,0.6404957,-1.050776,0.7736933,0.7270738,-0.5435099,0.9152021,0.6050924,-1.044691,0.7527876,0.7148138,-0.8738377,1.24513,0.4690534,-1.250751,0.7266627,0.7249411,True,0,1,5
6/23/2025 2:57:10 PM,1750683430449,Right,-0.6050028,0.960853,0.6115265,-1.085337,0.7720129,0.6882273,-0.5902798,0.9180473,0.5818903,-1.080498,0.7523733,0.6504737,-0.8967767,1.240919,0.4432174,-1.300731,0.7140039,0.6429264,True,0,1,5
6/23/2025 2:57:10 PM,1750683430462,Right,-0.6311936,0.9639836,0.5949156,-1.133222,0.7744535,0.6289819,-0.6138651,0.920468,0.5728261,-1.120004,0.7480671,0.6235105,-0.9075336,1.238328,0.4312226,-1.324503,0.7102639,0.6029512,True,0,1,5
6/23/2025 2:57:10 PM,1750683430490,Right,-0.6797657,0.9712362,0.5616974,-1.179754,0.769314,0.5707128,-0.658585,0.9183814,0.5483001,-1.167832,0.7424634,0.5651947,-0.9248607,1.231065,0.410201,-1.365926,0.6963899,0.5262007,True,0,1,5
6/23/2025 2:57:10 PM,1750683430505,Right,-0.7014418,0.9710974,0.5444523,-1.198854,0.7675223,0.5386297,-0.6800893,0.9214308,0.5368022,-1.187937,0.7457073,0.5340538,-0.9318199,1.227101,0.4009731,-1.384748,0.6956498,0.4860151,True,0,1,5
6/23/2025 2:57:10 PM,1750683430532,Right,-0.7422122,0.9723656,0.5091932,-1.237458,0.7702222,0.4737444,-0.7219074,0.92084,0.5088737,-1.225242,0.7394715,0.4755928,-0.9437542,1.2194,0.383983,-1.416792,0.6796103,0.4137737,True,0,1,5
6/23/2025 2:57:10 PM,1750683430546,Right,-0.7607293,0.9738008,0.4904661,-1.252577,0.7739019,0.4399142,-0.7416978,0.9215225,0.4973183,-1.239061,0.7328002,0.4496553,-0.9489902,1.215578,0.3768197,-1.428313,0.6660014,0.381699,True,0,1,5
6/23/2025 2:57:10 PM,1750683430573,Right,-0.7907984,0.9698555,0.4569033,-1.27898,0.7694234,0.3833407,-0.7722777,0.9156978,0.4734522,-1.26691,0.7332046,0.3968584,-0.9582725,1.208335,0.3653144,-1.450939,0.6601688,0.3178136,True,0,1,5
6/23/2025 2:57:10 PM,1750683430588,Right,-0.8030975,0.9676059,0.4405433,-1.289825,0.7671345,0.3563669,-0.786415,0.9155421,0.4604271,-1.279585,0.7343029,0.3707878,-0.9627131,1.20527,0.3604969,-1.460061,0.6577988,0.2875976,True,0,1,5
6/23/2025 2:57:10 PM,1750683430602,Right,-0.8142904,0.9639769,0.42466,-1.300073,0.7641597,0.3302038,-0.7992289,0.9134743,0.4483202,-1.288473,0.7249925,0.3492493,-0.9668399,1.202465,0.3560694,-1.464552,0.6426772,0.2636187,True,0,1,5
6/23/2025 2:57:10 PM,1750683430629,Right,-0.8304158,0.9574532,0.3999729,-1.322252,0.7513599,0.292214,-0.8187566,0.9096205,0.4281602,-1.313956,0.7208793,0.3069897,-0.9746792,1.197845,0.3493098,-1.475974,0.6369219,0.2188721,False,0,1,5
6/23/2025 2:57:10 PM,1750683430643,Right,-0.8372337,0.9527236,0.3875074,-1.334466,0.7419288,0.2721039,-0.826941,0.9047942,0.4178972,-1.325883,0.7074742,0.28921,-0.9774532,1.195775,0.3475496,-1.477837,0.6218836,0.2024996,False,0,1,5
6/23/2025 2:57:10 PM,1750683430671,Right,-0.8457705,0.9433225,0.3699262,-1.358178,0.7172502,0.2359655,-0.8401797,0.9019664,0.4061263,-1.358189,0.6993842,0.2600642,-0.9820521,1.191755,0.3466604,-1.487059,0.6204702,0.1771991,False,0,1,5
6/23/2025 2:57:10 PM,1750683430684,Right,-0.8492417,0.9393199,0.3626998,-1.369897,0.7014811,0.2191629,-0.8445438,0.8986015,0.3987532,-1.372285,0.6849326,0.2466012,-0.984043,1.190403,0.3467952,-1.486762,0.608271,0.1677464,False,0,1,5
6/23/2025 2:57:10 PM,1750683430712,Right,-0.8518983,0.9355257,0.355976,-1.386277,0.6742684,0.1964685,-0.8466929,0.8923783,0.3917199,-1.38573,0.6788222,0.2373406,-0.9856532,1.189686,0.3509105,-1.491662,0.6086414,0.1601839,False,0,1,5
6/23/2025 2:57:10 PM,1750683430726,Right,-0.8521833,0.9331543,0.3533518,-1.386277,0.6742684,0.1964685,-0.8466362,0.8894646,0.3889562,-1.383501,0.6706286,0.2344032,-0.9856849,1.189893,0.3545628,-1.488578,0.5988224,0.1575737,False,0,1,5
6/23/2025 2:57:10 PM,1750683430754,Right,-0.8475925,0.9301394,0.3539636,-1.386277,0.6742684,0.1964685,-0.8402856,0.8860311,0.3880135,-1.38218,0.6720307,0.2446448,-0.9842472,1.192489,0.3672086,-1.490163,0.6040391,0.1683766,False,0,1,5
6/23/2025 2:57:10 PM,1750683430768,Right,-0.8444704,0.929378,0.3553255,-1.386277,0.6742684,0.1964685,-0.8360132,0.8843971,0.3880566,-1.376665,0.6658151,0.2469257,-0.9828885,1.194695,0.3751993,-1.484301,0.5966021,0.1712688,False,0,1,5
6/23/2025 2:57:10 PM,1750683430782,Right,-0.839711,0.9305859,0.3591532,-1.386277,0.6742684,0.1964685,-0.8296676,0.8832303,0.3891913,-1.373497,0.6666606,0.2574815,-0.9805477,1.197226,0.383916,-1.483202,0.5997202,0.1827566,False,0,1,5
6/23/2025 2:57:10 PM,1750683430809,Right,-0.828348,0.9316456,0.3690656,-1.386277,0.6742684,0.1964685,-0.8144706,0.8819013,0.3946757,-1.360856,0.6629982,0.2782932,-0.9738815,1.203352,0.4030881,-1.472984,0.5977225,0.2057233,False,0,1,5
6/23/2025 2:57:10 PM,1750683430823,Right,-0.8213131,0.9315836,0.379394,-1.386277,0.6742684,0.1964685,-0.8057341,0.8828472,0.4008126,-1.353778,0.6629508,0.2945431,-0.9694197,1.206763,0.4139087,-1.468036,0.6002921,0.2229954,False,0,1,5
6/23/2025 2:57:10 PM,1750683430851,Right,-0.8037043,0.9393929,0.4019338,-1.386277,0.6742684,0.1964685,-0.7848197,0.8862786,0.4131877,-1.332373,0.657685,0.3241324,-0.9568795,1.213786,0.4408265,-1.449525,0.597795,0.2549328,False,0,1,5
6/23/2025 2:57:10 PM,1750683430865,Right,-0.7916704,0.9415842,0.4152556,-1.386277,0.6742684,0.1964685,-0.7708314,0.8867818,0.4226287,-1.319064,0.6548314,0.3475267,-0.9487083,1.217699,0.4564718,-1.439354,0.5986597,0.2806311,False,0,1,5
6/23/2025 2:57:10 PM,1750683430892,Right,-0.7640323,0.9454959,0.445325,-1.386277,0.6742684,0.1964685,-0.7397292,0.8932626,0.4398826,-1.28547,0.6499603,0.3853718,-0.9284177,1.225536,0.4911926,-1.410346,0.5987831,0.3230275,False,0,1,5
6/23/2025 2:57:10 PM,1750683430906,Right,-0.7448209,0.9475629,0.4610644,-1.229989,0.6998916,0.4156733,-0.7192543,0.8964254,0.4507206,-1.214431,0.670078,0.4158419,-0.9162328,1.229723,0.5103726,-1.392424,0.6002682,0.3546282,False,0,1,5
6/23/2025 2:57:10 PM,1750683430935,Right,-0.7011563,0.956655,0.4903933,-1.229989,0.6998916,0.4156733,-0.6774471,0.9074044,0.4671255,-1.208302,0.6474307,0.4533085,-0.8871955,1.237881,0.5496023,-1.349326,0.5997456,0.4036781,False,0,1,5
6/23/2025 2:57:10 PM,1750683430949,Right,-0.6737869,0.9616459,0.5038733,-1.229989,0.6998916,0.4156733,-0.6522894,0.9130298,0.475765,-1.186627,0.640143,0.4797878,-0.8696526,1.240832,0.568611,-1.323021,0.5987718,0.4375366,False,0,1,5
6/23/2025 2:57:10 PM,1750683430963,Right,-0.6470834,0.9632423,0.5128271,-1.229989,0.6998916,0.4156733,-0.6251704,0.918757,0.482435,-1.154899,0.6379247,0.5052595,-0.8500814,1.244373,0.5870291,-1.294132,0.5986634,0.4710152,False,0,1,5
6/23/2025 2:57:10 PM,1750683430990,Right,-0.5900524,0.9727228,0.5287418,-1.229989,0.6998916,0.4156733,-0.5718629,0.9332528,0.4878757,-1.089845,0.6355422,0.5432154,-0.8068073,1.25012,0.6212512,-1.231779,0.5964859,0.5224938,False,0,1,5
6/23/2025 2:57:11 PM,1750683431004,Right,-0.5574675,0.9810804,0.5343158,-1.018974,0.6840574,0.5736443,-0.5434507,0.9449289,0.4916771,-1.010477,0.6594985,0.563783,-0.7836633,1.252785,0.6367259,-1.193648,0.5943991,0.5585514,False,0,1,5
6/23/2025 2:57:11 PM,1750683431032,Right,-0.4941104,0.9971787,0.5400944,-0.9124667,0.6832859,0.6308527,-0.4873359,0.9699192,0.4904886,-0.9187366,0.6762604,0.590257,-0.7377251,1.257329,0.6662878,-1.116428,0.5940833,0.6049046,False,0,1,5
6/23/2025 2:57:11 PM,1750683431046,Right,-0.4618855,1.005481,0.537245,-0.8742661,0.685509,0.6431289,-0.4573726,0.9800013,0.4869548,-0.8764319,0.6746587,0.609122,-0.7148684,1.259249,0.6803795,-1.070038,0.5892071,0.6353501,False,0,1,5
6/23/2025 2:57:11 PM,1750683431074,Right,-0.4002284,1.024029,0.5306702,-0.7917355,0.6892355,0.6691822,-0.4018021,1.000654,0.4765308,-0.7981453,0.678873,0.6309151,-0.668203,1.261309,0.7081312,-0.9851661,0.5876628,0.6745833,False,0,1,5
6/23/2025 2:57:11 PM,1750683431088,Right,-0.369859,1.03444,0.5248438,-0.7464378,0.6917928,0.6796098,-0.3749374,1.012147,0.4696448,-0.7525591,0.6808184,0.6449665,-0.6435401,1.261394,0.7214335,-0.9351799,0.5848093,0.7011845,False,0,1,5
6/23/2025 2:57:11 PM,1750683431101,Right,-0.3376302,1.043997,0.5176352,-0.7017638,0.6929298,0.6896328,-0.3490363,1.02405,0.4624297,-0.7179008,0.6848131,0.6470744,-0.6187382,1.260971,0.7342774,-0.8959144,0.5874413,0.7081877,False,0,1,5
6/23/2025 2:57:11 PM,1750683431129,Right,-0.2866166,1.065341,0.4971093,-0.6211052,0.7054533,0.700686,-0.307511,1.050096,0.4449822,-0.6301447,0.6894507,0.6655291,-0.5697715,1.258571,0.7588714,-0.7939219,0.5813623,0.7512395,False,0,1,5
6/23/2025 2:57:11 PM,1750683431144,Right,-0.2642947,1.077043,0.4859012,-0.57708,0.7056618,0.7045724,-0.2879042,1.062743,0.4354795,-0.5967087,0.6940648,0.6638054,-0.5457517,1.256293,0.7706481,-0.7549551,0.5829533,0.7544859,False,0,1,5
6/23/2025 2:57:11 PM,1750683431171,Right,-0.2309154,1.097821,0.4648735,-0.4951257,0.7031114,0.7036414,-0.2596769,1.083937,0.4170093,-0.5158656,0.6950245,0.6730399,-0.4988178,1.250062,0.7925173,-0.6532121,0.5742277,0.7850128,False,0,1,5
6/23/2025 2:57:11 PM,1750683431184,Right,-0.2134846,1.107852,0.4551525,-0.4566797,0.7046319,0.7046602,-0.2455653,1.095472,0.4106975,-0.4871119,0.698563,0.67119,-0.4765456,1.245701,0.8031006,-0.6174828,0.5754057,0.7866071,False,0,1,5
6/23/2025 2:57:11 PM,1750683431212,Right,-0.1863036,1.122897,0.4414283,-0.3882463,0.7054799,0.7039521,-0.2254775,1.108756,0.3978685,-0.4136137,0.6948633,0.6754231,-0.4335322,1.23499,0.8236476,-0.5210502,0.5634858,0.8045837,False,0,1,5
6/23/2025 2:57:11 PM,1750683431226,Right,-0.1746059,1.128787,0.435127,-0.3549829,0.7043718,0.7040277,-0.2167834,1.114008,0.3920703,-0.388075,0.6937898,0.6728412,-0.4122335,1.228919,0.8338279,-0.4880208,0.5602863,0.8042867,False,0,1,5
6/23/2025 2:57:11 PM,1750683431254,Right,-0.1555993,1.132564,0.4285799,-0.2968257,0.698184,0.7044831,-0.2008374,1.1183,0.3914835,-0.3202504,0.6852803,0.6792858,-0.3725311,1.21424,0.8534446,-0.3981344,0.5447415,0.8183383,False,0,1,5
6/23/2025 2:57:11 PM,1750683431268,Right,-0.1453001,1.132231,0.4257126,-0.2683163,0.6938982,0.7059991,-0.1927278,1.117934,0.3908272,-0.2964762,0.6799824,0.6790057,-0.353626,1.205998,0.8628595,-0.3672751,0.537975,0.8189404,False,0,1,5
6/23/2025 2:57:11 PM,1750683431282,Right,-0.1342138,1.128597,0.4260158,-0.2430576,0.6872721,0.7079848,-0.1846711,1.114713,0.3932875,-0.2675124,0.6731243,0.6832845,-0.3353595,1.197141,0.871593,-0.3285421,0.5295915,0.8257614,False,0,1,5
6/23/2025 2:57:11 PM,1750683431310,Right,-0.1163791,1.114625,0.4297217,-0.1934401,0.6726117,0.715861,-0.166734,1.101902,0.4000792,-0.2189412,0.6579157,0.6886337,-0.3017424,1.17841,0.8855464,-0.2654072,0.5097888,0.8356994,False,0,1,5
6/23/2025 2:57:11 PM,1750683431324,Right,-0.1047206,1.103841,0.433809,-0.1727088,0.6583746,0.7203347,-0.156505,1.091334,0.4060604,-0.1946388,0.6449935,0.6964875,-0.2859778,1.168899,0.8915145,-0.2335751,0.4979573,0.8443125,False,0,1,5
6/23/2025 2:57:11 PM,1750683431351,Right,-0.08321556,1.077114,0.4441104,-0.1342252,0.6227971,0.7298597,-0.1370604,1.06465,0.4188073,-0.1541231,0.6141301,0.71403,-0.257404,1.149515,0.9020452,-0.1810962,0.471526,0.8619385,True,0,1,6
6/23/2025 2:57:11 PM,1750683431365,Right,-0.07139712,1.059034,0.4511111,-0.1165817,0.6063887,0.741371,-0.1263398,1.046441,0.4268949,-0.1361483,0.5980521,0.7266493,-0.2446047,1.140219,0.9066343,-0.1585764,0.4573871,0.8764237,True,0,1,6
6/23/2025 2:57:11 PM,1750683431393,Right,-0.04925795,1.019121,0.4660017,-0.08538006,0.5715929,0.7639117,-0.1063745,1.005427,0.442476,-0.105769,0.563647,0.7508731,-0.2219272,1.122967,0.9144895,-0.1208942,0.4258723,0.9050829,True,0,1,6
6/23/2025 2:57:11 PM,1750683431407,Right,-0.03596609,0.995503,0.4744658,-0.07063234,0.5518824,0.7743614,-0.09505454,0.9808876,0.4523177,-0.09311654,0.5463402,0.7671416,-0.2117891,1.114708,0.9182205,-0.10647,0.4097387,0.9253491,True,0,1,6
6/23/2025 2:57:11 PM,1750683431435,Right,-0.01509432,0.9451391,0.4936075,-0.04881126,0.5242046,0.8178136,-0.07412201,0.9325821,0.4751944,-0.06693622,0.5105131,0.7984411,-0.1923789,1.098688,0.9242702,-0.0769493,0.3743848,0.963567,True,0,1,6
6/23/2025 2:57:11 PM,1750683431448,Right,-0.005095657,0.9168283,0.5045255,-0.03825136,0.4994776,0.8433368,-0.06425346,0.9047877,0.4868575,-0.05881466,0.4857961,0.8243967,-0.1834488,1.091683,0.9265873,-0.06862424,0.3589318,0.9889753,True,0,1,6
6/23/2025 2:57:11 PM,1750683431463,Right,0.005279858,0.8885889,0.5153606,-0.03515298,0.4764712,0.8610625,-0.05476092,0.8766687,0.4981509,-0.05357888,0.4673521,0.8490362,-0.1753228,1.085436,0.9280827,-0.06391245,0.3466083,1.016854,True,0,1,6
6/23/2025 2:57:11 PM,1750683431490,Right,0.02310254,0.8308535,0.5365064,-0.02500768,0.4470697,0.9107695,-0.03790636,0.8211485,0.5209257,-0.0418178,0.4338805,0.8945541,-0.1612415,1.072762,0.9315891,-0.0522226,0.3228129,1.070068,True,0,1,6
6/23/2025 2:57:11 PM,1750683431504,Right,0.03144,0.8015378,0.5467936,-0.02022621,0.4393794,0.937496,-0.02955186,0.791508,0.5311171,-0.04087999,0.4236564,0.9197581,-0.1558282,1.068853,0.9329493,-0.05393063,0.3188184,1.102143,True,0,1,6
6/23/2025 2:57:11 PM,1750683431532,Right,0.04376882,0.7469224,0.5657126,-0.01910152,0.4223181,0.9850899,-0.01611818,0.7385806,0.5526924,-0.03939584,0.4027987,0.9672728,-0.146271,1.06186,0.9351308,-0.05655265,0.3118297,1.15796,True,0,1,6
6/23/2025 2:57:11 PM,1750683431546,Right,0.0471498,0.7209663,0.5747514,-0.01984301,0.4193079,1.007786,-0.01179062,0.7128846,0.5628569,-0.03718074,0.3918241,0.9868225,-0.1437665,1.059185,0.9360275,-0.05445473,0.3062851,1.181692,True,0,1,6
6/23/2025 2:57:11 PM,1750683431574,Right,0.05143022,0.6769312,0.5914987,-0.02224422,0.418574,1.051322,-0.0103893,0.6756672,0.5815837,-0.04550149,0.4000758,1.035804,-0.1412675,1.056025,0.9380748,-0.06440534,0.3353392,1.238363,True,0,1,6
6/23/2025 2:57:11 PM,1750683431588,Right,0.05252709,0.6605663,0.5975394,-0.02391711,0.4227315,1.06986,-0.0124317,0.65858,0.5900621,-0.0497025,0.405035,1.058753,-0.1420487,1.05703,0.9380291,-0.06814266,0.3513081,1.262803,True,0,1,6
6/23/2025 2:57:11 PM,1750683431602,Right,0.0538662,0.6450045,0.6036996,-0.02604655,0.4268706,1.088014,-0.01599336,0.6433005,0.5985664,-0.05199551,0.404575,1.078175,-0.1434619,1.058532,0.9375687,-0.06881046,0.3590623,1.281589,True,0,1,6
6/23/2025 2:57:11 PM,1750683431629,Right,0.04431383,0.6236829,0.620611,-0.0326841,0.4398564,1.116983,-0.02249581,0.6252977,0.6146619,-0.0590932,0.4267673,1.109982,-0.1490551,1.065358,0.9377227,-0.07517108,0.3970567,1.318389,True,0,1,6
6/23/2025 2:57:11 PM,1750683431643,Right,0.03881537,0.6145999,0.6288236,-0.03692226,0.445866,1.130527,-0.02730791,0.6173034,0.6223186,-0.06287751,0.43435,1.123473,-0.1534542,1.070874,0.9385102,-0.07742336,0.4110802,1.332995,True,0,1,6
6/23/2025 2:57:11 PM,1750683431671,Right,0.02656359,0.6071461,0.6413689,-0.04756295,0.4637869,1.149887,-0.03792873,0.6141671,0.6366491,-0.07284119,0.4565855,1.145484,-0.1635348,1.084136,0.9402163,-0.08602341,0.4434771,1.356824,True,0,1,6
6/23/2025 2:57:11 PM,1750683431685,Right,0.02194015,0.6069214,0.6481901,-0.05391111,0.4738547,1.159087,-0.04395165,0.6153477,0.6423026,-0.07887638,0.4678158,1.153674,-0.1710422,1.092731,0.9410961,-0.09201463,0.4586942,1.365663,True,0,1,6
6/23/2025 2:57:11 PM,1750683431712,Right,0.009400198,0.6145391,0.6599219,-0.07114884,0.4959084,1.173301,-0.05627707,0.6218741,0.6524,-0.09537962,0.4892045,1.167182,-0.190008,1.110555,0.9418204,-0.1103436,0.4861069,1.379548,True,0,1,6
6/23/2025 2:57:11 PM,1750683431727,Right,0.002964644,0.6188393,0.6654763,-0.08040003,0.5081668,1.179528,-0.06185001,0.6259763,0.6570169,-0.1027339,0.5024517,1.173311,-0.2013848,1.119979,0.941633,-0.1183832,0.5029188,1.386236,True,0,1,6
6/23/2025 2:57:11 PM,1750683431754,Right,-0.008543352,0.6323775,0.6735725,-0.1035198,0.5316535,1.186855,-0.07230875,0.6386271,0.6626875,-0.1260114,0.5248246,1.179254,-0.2259145,1.138492,0.9391243,-0.1479454,0.5290738,1.392329,True,0,1,6
6/23/2025 2:57:11 PM,1750683431768,Right,-0.01431852,0.6397442,0.6773294,-0.1162489,0.543542,1.189579,-0.07715306,0.6454188,0.6652189,-0.1358502,0.5388022,1.182213,-0.2399454,1.14787,0.937067,-0.1601597,0.5458559,1.395491,True,0,1,6
6/23/2025 2:57:11 PM,1750683431782,Right,-0.01895423,0.6464123,0.6798213,-0.1305112,0.5557283,1.190926,-0.08065078,0.6525065,0.6664328,-0.1497819,0.5500257,1.182811,-0.2550764,1.157347,0.9343667,-0.1790158,0.5587356,1.395563,True,0,1,6
6/23/2025 2:57:11 PM,1750683431809,Right,-0.02872337,0.6649728,0.6843311,-0.1617587,0.5822834,1.19223,-0.08780453,0.6679578,0.6678703,-0.1776606,0.575834,1.183559,-0.2886579,1.175949,0.9287117,-0.2158783,0.5889169,1.394128,True,0,1,6
6/23/2025 2:57:11 PM,1750683431823,Right,-0.03383754,0.6760138,0.6865501,-0.1794996,0.5956488,1.190541,-0.09266451,0.6770886,0.6680248,-0.1963646,0.5887366,1.181018,-0.3072491,1.184918,0.9250278,-0.2408985,0.6031702,1.390979,True,0,1,6
6/23/2025 2:57:11 PM,1750683431851,Right,-0.0461523,0.6989326,0.6906284,-0.2175688,0.620801,1.186344,-0.1049018,0.6956591,0.668231,-0.2336952,0.6141479,1.176162,-0.3479056,1.200965,0.91453,-0.2898852,0.6312026,1.383582,True,0,1,6
6/23/2025 2:57:11 PM,1750683431865,Right,-0.05226016,0.7111938,0.6925419,-0.2401996,0.6346324,1.182542,-0.1103339,0.7064433,0.6681176,-0.256507,0.6262865,1.17158,-0.3697264,1.207939,0.9073558,-0.3208646,0.6438097,1.376534,True,0,1,6
6/23/2025 2:57:11 PM,1750683431893,Right,-0.06896087,0.7353435,0.6968423,-0.2884842,0.6592396,1.173612,-0.1218303,0.7300172,0.6693829,-0.3010101,0.6518704,1.162367,-0.4151006,1.220958,0.8886507,-0.3805178,0.6699997,1.361899,True,0,1,6
6/23/2025 2:57:11 PM,1750683431906,Right,-0.08104366,0.7475644,0.7000868,-0.3170556,0.6718015,1.167384,-0.12993,0.7420411,0.670303,-0.3292096,0.662567,1.153789,-0.4384937,1.227189,0.8774991,-0.4187122,0.6796924,1.35061,True,0,1,6
6/23/2025 2:57:11 PM,1750683431935,Right,-0.1022526,0.7763051,0.7058291,-0.3744717,0.693034,1.15293,-0.1494827,0.7651454,0.6720574,-0.3850131,0.6835934,1.139725,-0.4878927,1.238437,0.8523622,-0.4904103,0.6997383,1.327489,True,0,1,6
6/23/2025 2:57:11 PM,1750683431948,Right,-0.1167623,0.7891434,0.7082922,-0.4071795,0.7021196,1.143769,-0.1615508,0.778143,0.6735925,-0.4182181,0.6923964,1.12988,-0.5124295,1.243475,0.8379869,-0.5329845,0.7066799,1.311582,True,0,1,6
6/23/2025 2:57:11 PM,1750683431963,Right,-0.1320816,0.8018748,0.7113772,-0.4416297,0.7106311,1.13404,-0.1727746,0.7908342,0.6753597,-0.4517036,0.7003919,1.118802,-0.5367484,1.248228,0.8220495,-0.5755628,0.7127803,1.293235,True,0,1,6
6/23/2025 2:57:11 PM,1750683431991,Right,-0.1634643,0.8272943,0.7168441,-0.5094417,0.7277493,1.108433,-0.2025449,0.812847,0.6759401,-0.5176207,0.7151705,1.093084,-0.5855272,1.255542,0.7873298,-0.6574026,0.7241337,1.255021,True,0,1,6
6/23/2025 2:57:12 PM,1750683432004,Right,-0.1822409,0.8395351,0.7189519,-0.5457269,0.7349236,1.092969,-0.2185514,0.8226178,0.6767298,-0.554231,0.7195692,1.076152,-0.609771,1.258601,0.76912,-0.7027978,0.7261341,1.23017,True,0,1,6
6/23/2025 2:57:12 PM,1750683432032,Right,-0.2212479,0.864859,0.7201368,-0.6171069,0.7426544,1.059766,-0.252211,0.841805,0.6774441,-0.625872,0.7287698,1.044004,-0.655579,1.26279,0.729543,-0.7864709,0.7321237,1.180074,True,0,1,6
6/23/2025 2:57:12 PM,1750683432045,Right,-0.2427264,0.8743087,0.720874,-0.6551116,0.7475796,1.039979,-0.2722564,0.8503907,0.6764704,-0.6639928,0.7315573,1.023108,-0.6769931,1.264588,0.7083127,-0.8310021,0.7327203,1.149817,True,0,1,6
6/23/2025 2:57:12 PM,1750683432074,Right,-0.2885981,0.8877615,0.7210294,-0.7285154,0.7540443,0.9970835,-0.3123838,0.8651084,0.6745729,-0.7338853,0.7374086,0.9803338,-0.7162269,1.266064,0.6654949,-0.9130954,0.7345878,1.089555,True,0,1,6
6/23/2025 2:57:12 PM,1750683432087,Right,-0.3134395,0.8942553,0.7200161,-0.7643154,0.7557483,0.9726627,-0.3341652,0.872621,0.6715486,-0.7687043,0.7402814,0.9566102,-0.735056,1.266549,0.6445521,-0.952847,0.7355418,1.05696,True,0,1,6
6/23/2025 2:57:12 PM,1750683432101,Right,-0.3380376,0.9001523,0.7180843,-0.7978418,0.7558336,0.947473,-0.3563974,0.8784317,0.6693757,-0.8021109,0.7418104,0.9291663,-0.7514815,1.266639,0.6245205,-0.9934361,0.7344021,1.020854,True,0,1,6
6/23/2025 2:57:12 PM,1750683432129,Right,-0.3912584,0.910962,0.7097619,-0.8688422,0.7603393,0.8935037,-0.4010662,0.8856758,0.6637751,-0.8697905,0.7431875,0.8745732,-0.7844419,1.266891,0.5874243,-1.070295,0.7327793,0.9445871,True,0,1,6
6/23/2025 2:57:12 PM,1750683432142,Right,-0.4189157,0.9143622,0.7039807,-0.904134,0.7616355,0.8647916,-0.4243859,0.8900536,0.6594552,-0.9018348,0.743386,0.846617,-0.8006084,1.266616,0.5700444,-1.105644,0.7309054,0.9057462,True,0,1,6
6/23/2025 2:57:12 PM,1750683432171,Right,-0.4738818,0.9241099,0.6898208,-0.9713504,0.7662326,0.8055085,-0.4740128,0.8951104,0.6451109,-0.9674311,0.7420692,0.787003,-0.8304858,1.263656,0.5380161,-1.173926,0.7268693,0.8237631,True,0,1,6
6/23/2025 2:57:12 PM,1750683432185,Right,-0.5013237,0.9276343,0.6811688,-1.003794,0.7665436,0.7744474,-0.5011327,0.8995032,0.6369328,-0.9998665,0.7450566,0.7567151,-0.8438499,1.261185,0.5227045,-1.207974,0.7284081,0.7825441,True,0,1,6
6/23/2025 2:57:12 PM,1750683432212,Right,-0.5552933,0.9367573,0.6612138,-1.06136,0.7697585,0.7123753,-0.548897,0.9048892,0.620355,-1.054547,0.7468595,0.6967506,-0.8685639,1.254943,0.4941405,-1.264234,0.7257568,0.6997584,True,0,1,6
6/23/2025 2:57:12 PM,1750683432226,Right,-0.5822588,0.9409519,0.6498572,-1.089911,0.7703215,0.680575,-0.5722734,0.9052673,0.6113251,-1.080485,0.7432048,0.6666421,-0.8799874,1.251426,0.481671,-1.288763,0.7195669,0.6588468,True,0,1,6
6/23/2025 2:57:12 PM,1750683432253,Right,-0.6336388,0.9501052,0.6221539,-1.141143,0.7718289,0.6190355,-0.6180899,0.9076291,0.5901604,-1.130153,0.7444019,0.6093313,-0.9021194,1.244076,0.4566346,-1.33458,0.7161652,0.5810351,True,0,1,6
6/23/2025 2:57:12 PM,1750683432268,Right,-0.6588468,0.9537544,0.6069642,-1.16491,0.7733817,0.5858009,-0.6405946,0.9076356,0.5791525,-1.150969,0.7389187,0.5796103,-0.9118419,1.239887,0.4452444,-1.353435,0.7062334,0.5417984,True,0,1,6
6/23/2025 2:57:12 PM,1750683432282,Right,-0.6830166,0.9568764,0.5905725,-1.187538,0.774286,0.5536584,-0.6620742,0.909429,0.5685145,-1.172106,0.7400835,0.5527397,-0.9209127,1.235783,0.4345326,-1.371886,0.7037078,0.5056901,True,0,1,6
6/23/2025 2:57:12 PM,1750683432310,Right,-0.7264246,0.9632915,0.5576363,-1.23432,0.7613333,0.4906689,-0.7035384,0.9077248,0.5433669,-1.221358,0.7275975,0.4978234,-0.9354304,1.226794,0.4162441,-1.402999,0.6854451,0.4363791,True,0,1,6
6/23/2025 2:57:12 PM,1750683432324,Right,-0.7459019,0.9652572,0.5388064,-1.257394,0.7491137,0.4590039,-0.7233306,0.9118593,0.5326878,-1.248643,0.7268851,0.4708984,-0.9423239,1.222792,0.4078205,-1.417081,0.6834598,0.4036766,True,0,1,6
6/23/2025 2:57:12 PM,1750683432351,Right,-0.7806278,0.9678401,0.50181,-1.299469,0.7146254,0.3986685,-0.7594559,0.9126069,0.506133,-1.301467,0.7094963,0.4169495,-0.9541295,1.215453,0.3919628,-1.438888,0.6630747,0.3442514,True,0,1,6
6/23/2025 2:57:12 PM,1750683432365,Right,-0.7935075,0.9661466,0.4799743,-1.317129,0.6940631,0.3715891,-0.7759358,0.9137733,0.4938042,-1.329065,0.7055904,0.3903239,-0.958976,1.211833,0.3847817,-1.449418,0.658336,0.3169608,True,0,1,6
6/23/2025 2:57:12 PM,1750683432393,Right,-0.8149441,0.9605675,0.4417005,-1.317129,0.6940631,0.3715891,-0.8006778,0.9094419,0.4640409,-1.324416,0.7042831,0.3512972,-0.9671268,1.205363,0.3727608,-1.462632,0.6359928,0.2713166,True,0,1,6
6/23/2025 2:57:12 PM,1750683432407,Right,-0.8228023,0.9558495,0.4238716,-1.317129,0.6940631,0.3715891,-0.8111521,0.907487,0.4523916,-1.323869,0.7078792,0.3342372,-0.9701003,1.202122,0.3683234,-1.469474,0.6309941,0.2517313,False,0,1,6
6/23/2025 2:57:12 PM,1750683432421,Right,-0.829057,0.9510062,0.4089184,-1.317129,0.6940631,0.3715891,-0.819932,0.903556,0.4396287,-1.323885,0.7102404,0.3173582,-0.9726771,1.199414,0.3648652,-1.47637,0.6270922,0.2328512,False,0,1,6
6/23/2025 2:57:12 PM,1750683432448,Right,-0.8397464,0.9402958,0.3834516,-1.317129,0.6940631,0.3715891,-0.8339686,0.8971589,0.4190674,-1.321127,0.7051926,0.294626,-0.9774512,1.195107,0.3593,-1.484839,0.6116733,0.2070161,False,0,1,6
6/23/2025 2:57:12 PM,1750683432462,Right,-0.8440241,0.9368755,0.3763275,-1.317129,0.6940631,0.3715891,-0.8382996,0.8932655,0.4121443,-1.320878,0.706293,0.2863348,-0.9792987,1.193748,0.358027,-1.489795,0.6120196,0.1963784,False,0,1,6
6/23/2025 2:57:12 PM,1750683432490,Right,-0.8491042,0.9314664,0.3677076,-1.317129,0.6940631,0.3715891,-0.8436744,0.8861912,0.4037565,-1.318196,0.699717,0.2782032,-0.9822602,1.19226,0.3586676,-1.493316,0.60252,0.1855903,False,0,1,6
6/23/2025 2:57:12 PM,1750683432504,Right,-0.8502894,0.9287779,0.3666577,-1.317129,0.6940631,0.3715891,-0.8439979,0.8827865,0.4005913,-1.317815,0.7002105,0.2765055,-0.9827076,1.193257,0.3611717,-1.496277,0.6050521,0.182655,False,0,1,6
6/23/2025 2:57:12 PM,1750683432532,Right,-0.8493668,0.9249363,0.3681947,-1.317129,0.6940631,0.3715891,-0.8416214,0.8779787,0.4002667,-1.314454,0.6941351,0.2786445,-0.9827003,1.196078,0.3669335,-1.494249,0.5991745,0.1847558,False,0,1,6
6/23/2025 2:57:12 PM,1750683432546,Right,-0.8465939,0.9245083,0.3716687,-1.317129,0.6940631,0.3715891,-0.837978,0.8771073,0.4026166,-1.314123,0.6943568,0.2829276,-0.9821644,1.198569,0.3719629,-1.493133,0.6021992,0.1897847,False,0,1,6
6/23/2025 2:57:12 PM,1750683432573,Right,-0.8387642,0.9255636,0.381871,-1.317129,0.6940631,0.3715891,-0.827388,0.876914,0.4100822,-1.310387,0.6879876,0.2947694,-0.9790825,1.204141,0.386417,-1.483434,0.5983026,0.2049495,False,0,1,6
6/23/2025 2:57:12 PM,1750683432587,Right,-0.8329649,0.926118,0.3901491,-1.317129,0.6940631,0.3715891,-0.819237,0.8776606,0.4152334,-1.308968,0.6870371,0.3052189,-0.9767249,1.207397,0.3954552,-1.478734,0.6015056,0.2179967,False,0,1,6
6/23/2025 2:57:12 PM,1750683432601,Right,-0.8273972,0.9289271,0.3989362,-1.317129,0.6940631,0.3715891,-0.8106819,0.8784333,0.4212358,-1.304981,0.6802343,0.3129835,-0.9732536,1.210849,0.4064779,-1.468534,0.5956095,0.2279966,False,0,1,6
6/23/2025 2:57:12 PM,1750683432628,Right,-0.8064204,0.9387969,0.421396,-1.317129,0.6940631,0.3715891,-0.7887958,0.8846895,0.4345628,-1.304035,0.6698736,0.3366242,-0.9647447,1.217262,0.4283131,-1.448988,0.5958489,0.2590133,False,0,1,6
6/23/2025 2:57:12 PM,1750683432643,Right,-0.7958897,0.9426181,0.4343195,-1.317129,0.6940631,0.3715891,-0.7746441,0.8858453,0.4447885,-1.303011,0.6628609,0.3572662,-0.9585764,1.220642,0.4412112,-1.438692,0.5970633,0.2843355,False,0,1,6
6/23/2025 2:57:12 PM,1750683432671,Right,-0.7679729,0.9481811,0.4640566,-1.317129,0.6940631,0.3715891,-0.744328,0.8968204,0.4628179,-1.289341,0.652694,0.4048222,-0.942573,1.2274,0.4736527,-1.41344,0.6006742,0.3416297,False,0,1,6
6/23/2025 2:57:12 PM,1750683432685,Right,-0.7521738,0.9518739,0.4791642,-1.317129,0.6940631,0.3715891,-0.7273963,0.9004131,0.4724866,-1.269397,0.6482567,0.4209866,-0.9328054,1.230968,0.4931901,-1.394327,0.5962292,0.3594595,False,0,1,6
6/23/2025 2:57:12 PM,1750683432712,Right,-0.7096541,0.9645094,0.5103143,-1.317129,0.6940631,0.3715891,-0.6854244,0.9117926,0.4911725,-1.222206,0.6439941,0.4789311,-0.9078853,1.237782,0.5359035,-1.355045,0.5988377,0.4297923,False,0,1,6
6/23/2025 2:57:12 PM,1750683432726,Right,-0.6862408,0.970332,0.5254247,-1.317129,0.6940631,0.3715891,-0.6623375,0.9204034,0.5005525,-1.19469,0.643723,0.4936118,-0.8929734,1.241269,0.5580322,-1.328676,0.599086,0.4471853,False,0,1,6
6/23/2025 2:57:12 PM,1750683432753,Right,-0.6309911,0.978618,0.5468396,-1.317129,0.6940631,0.3715891,-0.6109945,0.9353406,0.5111517,-1.13128,0.6390725,0.5502465,-0.8560899,1.24721,0.6011169,-1.271391,0.5979244,0.5223963,False,0,1,6
6/23/2025 2:57:12 PM,1750683432768,Right,-0.6013792,0.9838952,0.5571521,-1.317129,0.6940631,0.3715891,-0.5838906,0.9438215,0.5143234,-1.098638,0.6394497,0.5632411,-0.8343868,1.249901,0.6215147,-1.239305,0.597567,0.539608,False,0,1,6
6/23/2025 2:57:12 PM,1750683432782,Right,-0.5699992,0.9905454,0.5632123,-1.012179,0.6930261,0.6166612,-0.5556744,0.9536799,0.5164204,-1.005292,0.6737548,0.5837222,-0.8100586,1.251875,0.6401724,-1.203048,0.5972499,0.5793859,False,0,1,6
6/23/2025 2:57:12 PM,1750683432810,Right,-0.5053517,1.006853,0.5686832,-0.9333189,0.6942558,0.6550152,-0.5010096,0.9813952,0.5166348,-0.9343977,0.6809042,0.6158801,-0.759874,1.255076,0.6741581,-1.127314,0.6006443,0.6300895,False,0,1,6
6/23/2025 2:57:12 PM,1750683432823,Right,-0.4736273,1.016149,0.5677105,-0.8861637,0.6972722,0.6739693,-0.4707725,0.9909832,0.5126906,-0.8884643,0.6848263,0.6347684,-0.7355647,1.255579,0.6895838,-1.082484,0.5994235,0.662992,False,0,1,6
6/23/2025 2:57:12 PM,1750683432851,Right,-0.4148723,1.037875,0.5593903,-0.8016927,0.7046872,0.7025016,-0.4160586,1.013121,0.5033346,-0.8100587,0.6935308,0.6572104,-0.6881027,1.254233,0.7204701,-0.9994339,0.6015638,0.7043177,False,0,1,6
6/23/2025 2:57:12 PM,1750683432865,Right,-0.3869675,1.050985,0.5523332,-0.7564111,0.7094658,0.7134915,-0.3914787,1.027866,0.497584,-0.7656971,0.6987026,0.6726883,-0.665289,1.252418,0.7357486,-0.9505836,0.6012287,0.7331302,False,0,1,6
6/23/2025 2:57:12 PM,1750683432893,Right,-0.3346241,1.07698,0.5371318,-0.6721341,0.7229612,0.7314859,-0.3499416,1.05808,0.4817504,-0.6889679,0.7108265,0.6852068,-0.6212626,1.247897,0.7653985,-0.8632517,0.6037431,0.7649306,False,0,1,6
6/23/2025 2:57:12 PM,1750683432907,Right,-0.3107331,1.09169,0.5290141,-0.6304494,0.7255804,0.7356555,-0.3335354,1.073285,0.4728098,-0.6481467,0.7124318,0.6954812,-0.5983338,1.245301,0.7804462,-0.8115531,0.6010273,0.786772,False,0,1,6
6/23/2025 2:57:12 PM,1750683432935,Right,-0.2720608,1.114676,0.5108468,-0.552993,0.7309083,0.7417498,-0.3006027,1.101752,0.461966,-0.5774114,0.7214209,0.7028969,-0.551713,1.239363,0.807912,-0.7251052,0.6017416,0.8082142,False,0,1,6
6/23/2025 2:57:12 PM,1750683432948,Right,-0.2585074,1.126276,0.5025804,-0.5163683,0.7347776,0.7437167,-0.286805,1.113882,0.4566579,-0.537426,0.7243174,0.7080748,-0.5294114,1.235347,0.8205929,-0.6752441,0.5985978,0.8223041,False,0,1,6
6/23/2025 2:57:12 PM,1750683432962,Right,-0.2441495,1.136453,0.495326,-0.4804851,0.7379342,0.7455934,-0.2750201,1.125532,0.4520946,-0.4993857,0.7267752,0.7125545,-0.5085484,1.230714,0.8322064,-0.6264171,0.5957965,0.8341945,False,0,1,6
6/23/2025 2:57:12 PM,1750683432990,Right,-0.2168577,1.153342,0.4840178,-0.4116829,0.7397749,0.7476011,-0.2535968,1.141917,0.4426974,-0.4360511,0.7285896,0.7150129,-0.4680145,1.219607,0.8551173,-0.5450438,0.5910224,0.8447843,False,0,1,6
6/23/2025 2:57:13 PM,1750683433004,Right,-0.2027091,1.159699,0.479668,-0.3794428,0.7415246,0.7493888,-0.2447087,1.145428,0.4370548,-0.4008251,0.7264661,0.7177612,-0.4487736,1.213562,0.8655512,-0.4981996,0.5862195,0.8531412,False,0,1,6
6/23/2025 2:57:13 PM,1750683433032,Right,-0.1793021,1.164706,0.4722957,-0.3199873,0.7390605,0.7532496,-0.2264698,1.150561,0.4350693,-0.3431903,0.7216809,0.7217197,-0.4119588,1.200162,0.8857014,-0.4219859,0.5774178,0.8632994,False,0,1,6
6/23/2025 2:57:13 PM,1750683433046,Right,-0.1678514,1.164051,0.4709693,-0.2903649,0.7331826,0.7538677,-0.2179565,1.151037,0.4350109,-0.3198204,0.716436,0.7226549,-0.3946579,1.1929,0.894994,-0.390785,0.5718931,0.8649213,False,0,1,6
6/23/2025 2:57:13 PM,1750683433074,Right,-0.1456733,1.155915,0.4696927,-0.2351809,0.7185953,0.756299,-0.2008412,1.142004,0.4415188,-0.2606269,0.7020613,0.7315456,-0.3619249,1.176655,0.9118805,-0.3105401,0.5539603,0.8800057,False,0,1,6
6/23/2025 2:57:13 PM,1750683433088,Right,-0.1380094,1.146765,0.4724851,-0.2116386,0.7022813,0.7567215,-0.1914889,1.133544,0.4454501,-0.2337046,0.6904033,0.7377437,-0.3463275,1.167835,0.9199388,-0.2741614,0.5434815,0.8871422,False,0,1,6
6/23/2025 2:57:13 PM,1750683433102,Right,-0.1286368,1.137671,0.4746115,-0.1871757,0.6902736,0.7599995,-0.1829456,1.12427,0.449203,-0.2122811,0.6783129,0.740921,-0.3311498,1.159044,0.9267883,-0.2461437,0.5313967,0.8903461,False,0,1,6
6/23/2025 2:57:13 PM,1750683433129,Right,-0.1086057,1.109946,0.4837846,-0.1443643,0.6616022,0.7732134,-0.1639849,1.096752,0.4606771,-0.1658218,0.6518306,0.7572992,-0.3041925,1.142311,0.937443,-0.1855453,0.5067482,0.9095995,False,0,1,6
6/23/2025 2:57:13 PM,1750683433144,Right,-0.09854679,1.093695,0.4883253,-0.1239575,0.6455233,0.7807861,-0.1548052,1.080208,0.4664386,-0.1466227,0.6348512,0.7638816,-0.2923076,1.134362,0.9417682,-0.1606501,0.4907732,0.9165854,False,0,1,6
6/23/2025 2:57:13 PM,1750683433171,Right,-0.0760608,1.052663,0.5002781,-0.08939905,0.6066429,0.7982761,-0.1365307,1.037958,0.4812295,-0.1104704,0.6002406,0.7902731,-0.2704135,1.11909,0.9487936,-0.1149011,0.4612176,0.9470647,False,0,1,6
6/23/2025 2:57:13 PM,1750683433185,Right,-0.066636,1.029868,0.5063102,-0.07431891,0.5861589,0.8089077,-0.1271647,1.01572,0.4893311,-0.09326264,0.5796618,0.8009049,-0.2613876,1.112676,0.9515049,-0.0933971,0.4422321,0.9584484,True,0,1,7
6/23/2025 2:57:13 PM,1750683433213,Right,-0.04709318,0.9786384,0.5223739,-0.05304294,0.5520936,0.8463954,-0.108339,0.9659454,0.5078147,-0.06947522,0.5433794,0.8347057,-0.2452006,1.101346,0.956892,-0.06537285,0.4114411,0.9985072,True,0,1,7
6/23/2025 2:57:13 PM,1750683433226,Right,-0.03850235,0.9510648,0.5309976,-0.0383871,0.5395716,0.8688277,-0.09902722,0.9393416,0.5177562,-0.05671674,0.5234439,0.847489,-0.2381155,1.095741,0.9588215,-0.04957645,0.3912343,1.014982,True,0,1,7
6/23/2025 2:57:13 PM,1750683433255,Right,-0.02193759,0.8963685,0.5512118,-0.02598639,0.5030733,0.9090293,-0.08454441,0.8851056,0.5395009,-0.04716631,0.4878793,0.8909366,-0.2241015,1.084934,0.961462,-0.04006601,0.3646008,1.065995,True,0,1,7
6/23/2025 2:57:13 PM,1750683433268,Right,-0.01514579,0.868076,0.5623445,-0.02153637,0.4843726,0.9303102,-0.07815459,0.8578799,0.5517287,-0.03993902,0.4669157,0.9099202,-0.218037,1.080328,0.9623227,-0.03155318,0.3467931,1.08719,True,0,1,7
6/23/2025 2:57:13 PM,1750683433282,Right,-0.008720635,0.8416773,0.5743672,-0.02074627,0.4692427,0.9530575,-0.07156867,0.833074,0.5644482,-0.03934454,0.453213,0.9344273,-0.2130581,1.075691,0.962707,-0.03289896,0.3382852,1.115618,True,0,1,7
6/23/2025 2:57:13 PM,1750683433309,Right,0.0004120339,0.7960097,0.5987993,-0.02389059,0.4440198,0.9971575,-0.06241211,0.7856128,0.5878423,-0.04064574,0.4255332,0.9789823,-0.2045476,1.066495,0.9626639,-0.03742348,0.3212695,1.165649,True,0,1,7
6/23/2025 2:57:13 PM,1750683433323,Right,0.001844862,0.7766165,0.6109067,-0.02858661,0.4357261,1.018516,-0.06034175,0.7651138,0.5988932,-0.04827689,0.4188672,1.002863,-0.20117,1.062412,0.9633825,-0.04869726,0.32135,1.193063,True,0,1,7
6/23/2025 2:57:13 PM,1750683433352,Right,0.002025479,0.7410864,0.6305205,-0.04062157,0.4274311,1.055656,-0.05922496,0.7299768,0.6209312,-0.0595973,0.4088799,1.042668,-0.2002378,1.057909,0.9636419,-0.06530736,0.3212421,1.2398,True,0,1,7
6/23/2025 2:57:13 PM,1750683433365,Right,0.001580449,0.7247536,0.6382098,-0.04826885,0.4275658,1.074589,-0.06174417,0.7148286,0.6288977,-0.06938156,0.4100301,1.062758,-0.2020015,1.057644,0.9632626,-0.0780855,0.330179,1.262836,True,0,1,7
6/23/2025 2:57:13 PM,1750683433393,Right,-0.001174474,0.6971759,0.6523833,-0.06289277,0.4347219,1.110296,-0.0645026,0.6910147,0.6444977,-0.08277676,0.4151347,1.098211,-0.2074993,1.06151,0.962698,-0.09432857,0.3494164,1.302161,True,0,1,7
6/23/2025 2:57:13 PM,1750683433407,Right,-0.003764361,0.6861321,0.6577408,-0.07091866,0.4403585,1.124509,-0.06822236,0.6811144,0.6500213,-0.09275305,0.4237957,1.114662,-0.2128961,1.065885,0.9630418,-0.1064076,0.3666757,1.32067,True,0,1,7
6/23/2025 2:57:13 PM,1750683433435,Right,-0.00893649,0.6711057,0.6679597,-0.08765148,0.4572509,1.148802,-0.07489637,0.6661403,0.6594029,-0.1090333,0.441049,1.140299,-0.2281175,1.076573,0.9644299,-0.1269449,0.3983002,1.349079,True,0,1,7
6/23/2025 2:57:13 PM,1750683433449,Right,-0.01322957,0.669121,0.6730387,-0.09705836,0.468643,1.158532,-0.07877013,0.6633205,0.6636845,-0.1191097,0.4546645,1.151257,-0.2368774,1.083115,0.9648745,-0.1407339,0.4188425,1.361174,True,0,1,7
6/23/2025 2:57:13 PM,1750683433462,Right,-0.01758224,0.6691626,0.6781679,-0.107923,0.4814241,1.167277,-0.0825465,0.6637294,0.6682696,-0.1298552,0.4686935,1.160556,-0.2474132,1.090577,0.9647534,-0.1553535,0.4385045,1.371173,True,0,1,7
6/23/2025 2:57:13 PM,1750683433490,Right,-0.02646513,0.6711148,0.6872177,-0.1303647,0.5053264,1.180475,-0.09127884,0.6657907,0.6756359,-0.1512988,0.4944031,1.174264,-0.27202,1.108554,0.9641137,-0.182483,0.4738144,1.386218,True,0,1,7
6/23/2025 2:57:13 PM,1750683433504,Right,-0.03117453,0.6739888,0.6914369,-0.1436654,0.5180545,1.185681,-0.09603891,0.6688488,0.6786284,-0.1647154,0.5079481,1.179279,-0.2861655,1.118206,0.9630973,-0.1996072,0.491665,1.391355,True,0,1,7
6/23/2025 2:57:13 PM,1750683433532,Right,-0.04100803,0.6830437,0.6987286,-0.1713944,0.5434694,1.193658,-0.1036459,0.6776583,0.6842327,-0.1909291,0.5351093,1.187714,-0.3169961,1.138718,0.95854,-0.2336289,0.5266238,1.398651,True,0,1,7
6/23/2025 2:57:13 PM,1750683433546,Right,-0.04667721,0.6905617,0.7028161,-0.1878061,0.5571806,1.196237,-0.1082475,0.6839867,0.6867043,-0.2072608,0.5483308,1.18967,-0.3335617,1.148605,0.955054,-0.2555799,0.5425568,1.39972,True,0,1,7
6/23/2025 2:57:13 PM,1750683433574,Right,-0.06600243,0.7062094,0.7104397,-0.2210917,0.58354,1.196933,-0.1203218,0.697014,0.6902363,-0.2400828,0.5755132,1.187016,-0.3683639,1.167682,0.9469359,-0.2996969,0.5738237,1.399284,True,0,1,7
6/23/2025 2:57:13 PM,1750683433588,Right,-0.07241994,0.7152396,0.7133443,-0.2408587,0.5968036,1.196681,-0.1263901,0.7054252,0.6919519,-0.2601047,0.5881357,1.186326,-0.3864526,1.176461,0.941354,-0.3262109,0.5881821,1.396527,True,0,1,7
6/23/2025 2:57:13 PM,1750683433602,Right,-0.07866242,0.7243272,0.7161546,-0.2612364,0.6106217,1.199255,-0.1330748,0.7142945,0.6935699,-0.2790657,0.6019064,1.189129,-0.4060922,1.184633,0.9344923,-0.3492978,0.6049914,1.39457,True,0,1,7
6/23/2025 2:57:13 PM,1750683433629,Right,-0.09346328,0.7414443,0.721954,-0.3063843,0.6366595,1.196546,-0.1439067,0.7330192,0.6979609,-0.3233857,0.6247027,1.185322,-0.4468222,1.199275,0.919126,-0.4077683,0.629742,1.383388,True,0,1,7
6/23/2025 2:57:13 PM,1750683433644,Right,-0.09890461,0.7519701,0.7257903,-0.3302113,0.6485543,1.193605,-0.1513225,0.7427127,0.6996311,-0.3453105,0.6382866,1.183776,-0.4681084,1.204776,0.9103622,-0.4352699,0.645187,1.377837,True,0,1,7
6/23/2025 2:57:13 PM,1750683433671,Right,-0.1191616,0.7756582,0.7330889,-0.3827447,0.671069,1.183993,-0.1695133,0.762997,0.7036591,-0.398795,0.6589714,1.172942,-0.5106034,1.215289,0.8899634,-0.5040665,0.6657589,1.358425,True,0,1,7
6/23/2025 2:57:13 PM,1750683433685,Right,-0.1290718,0.7872472,0.7360307,-0.4113317,0.6828124,1.178531,-0.1795959,0.773671,0.7052894,-0.4252068,0.671098,1.169328,-0.53311,1.219961,0.8786261,-0.5360141,0.6788962,1.348783,True,0,1,7
6/23/2025 2:57:13 PM,1750683433713,Right,-0.1492774,0.809406,0.7400506,-0.4725668,0.7028544,1.162905,-0.2053754,0.7942885,0.7078215,-0.4902184,0.686763,1.156806,-0.5802537,1.227804,0.8510354,-0.6125921,0.6939938,1.319553,True,0,1,7
6/23/2025 2:57:13 PM,1750683433726,Right,-0.1599002,0.8203672,0.7412108,-0.5037227,0.7115804,1.153384,-0.2197987,0.804172,0.7086914,-0.5230445,0.6956509,1.151183,-0.6032962,1.230873,0.8348219,-0.6491047,0.7035311,1.30507,True,0,1,7
6/23/2025 2:57:13 PM,1750683433754,Right,-0.181686,0.8415733,0.7417619,-0.5695339,0.7288959,1.12812,-0.2505416,0.8271757,0.7113973,-0.5965838,0.7073475,1.133022,-0.648754,1.236474,0.7985809,-0.7301983,0.7134871,1.265567,True,0,1,7
6/23/2025 2:57:13 PM,1750683433768,Right,-0.1895546,0.8488521,0.7413992,-0.6057949,0.7379742,1.114751,-0.2670189,0.8380825,0.7119707,-0.636578,0.7135093,1.126327,-0.6707337,1.238444,0.7786337,-0.7691762,0.7208233,1.245064,True,0,1,7
6/23/2025 2:57:13 PM,1750683433782,Right,-0.1895546,0.8488521,0.7413992,-0.6417487,0.7457738,1.099206,-0.286283,0.8466818,0.7108188,-0.6834368,0.7147161,1.118999,-0.6922538,1.239936,0.758518,-0.8112484,0.72381,1.220146,True,0,1,7
6/23/2025 2:57:13 PM,1750683433810,Right,-0.1895546,0.8488521,0.7413992,-0.7117527,0.7546494,1.062613,-0.3257931,0.8640775,0.7086456,-0.765554,0.7191241,1.09022,-0.7332863,1.241978,0.7171197,-0.8916451,0.7281038,1.168453,True,0,1,7
6/23/2025 2:57:13 PM,1750683433824,Right,-0.1895546,0.8488521,0.7413992,-0.74926,0.758648,1.041737,-0.3477185,0.8707962,0.7061122,-0.8034596,0.7215441,1.066701,-0.7518914,1.242079,0.695801,-0.9337459,0.7286727,1.137938,True,0,1,7
6/23/2025 2:57:13 PM,1750683433852,Right,-0.1895546,0.8488521,0.7413992,-0.8222491,0.7554234,1.003223,-0.3934693,0.8810458,0.6971802,-0.8762445,0.7228121,1.016383,-0.7863655,1.241353,0.6541091,-1.013298,0.7260878,1.073877,True,0,1,7
6/23/2025 2:57:13 PM,1750683433866,Right,-0.385084,0.9170706,0.7396945,-0.859152,0.7482446,0.9837036,-0.4170004,0.8855081,0.691658,-0.8771831,0.7338163,0.9676677,-0.8020939,1.240987,0.6341007,-1.052334,0.722918,1.038092,True,0,1,7
6/23/2025 2:57:13 PM,1750683433893,Right,-0.4569174,0.9309222,0.7225101,-0.9235412,0.7649529,0.9195793,-0.4638384,0.8929684,0.6791452,-0.9210265,0.739139,0.9023644,-0.8311069,1.240369,0.5965173,-1.124579,0.7148458,0.9651426,True,0,1,7
6/23/2025 2:57:13 PM,1750683433907,Right,-0.4876112,0.936911,0.7103278,-0.9686593,0.7663339,0.8805087,-0.4889707,0.8970827,0.6721761,-0.9598305,0.7375823,0.8753616,-0.843977,1.239119,0.5802331,-1.161288,0.7118988,0.924755,True,0,1,7
6/23/2025 2:57:13 PM,1750683433935,Right,-0.5420694,0.9447037,0.685477,-1.028339,0.7641308,0.8211467,-0.5369515,0.9034056,0.6543905,-1.019659,0.7350096,0.8149659,-0.8699775,1.235539,0.5504327,-1.225243,0.7021307,0.8437132,True,0,1,7
6/23/2025 2:57:13 PM,1750683433949,Right,-0.5703156,0.9493859,0.6700491,-1.056516,0.7650174,0.7886308,-0.5625223,0.906422,0.6400132,-1.047954,0.7354242,0.7793278,-0.8821907,1.23338,0.5375518,-1.256663,0.6989719,0.798861,True,0,1,7
6/23/2025 2:57:13 PM,1750683433963,Right,-0.5965614,0.9547311,0.6531808,-1.085578,0.7658091,0.7552315,-0.5855919,0.90847,0.6277146,-1.076388,0.7352658,0.7468102,-0.893364,1.230825,0.5251086,-1.284627,0.6961601,0.7556767,True,0,1,7
6/23/2025 2:57:13 PM,1750683433991,Right,-0.645813,0.9618724,0.6179074,-1.139329,0.7836661,0.6817473,-0.6299512,0.9108863,0.6023321,-1.12182,0.7362949,0.6856203,-0.9134305,1.223654,0.5022542,-1.333528,0.6882138,0.676475,True,0,1,7
6/23/2025 2:57:14 PM,1750683434005,Right,-0.6695778,0.9647178,0.5984129,-1.168406,0.7850881,0.6455472,-0.6516703,0.9138756,0.5881445,-1.149259,0.7382933,0.6559927,-0.9220663,1.219372,0.491662,-1.356209,0.6873936,0.6374519,True,0,1,7
6/23/2025 2:57:14 PM,1750683434033,Right,-0.7123649,0.9684274,0.557142,-1.228,0.7747471,0.5764394,-0.6923916,0.9141185,0.5564502,-1.209337,0.7297378,0.5969421,-0.9363633,1.209951,0.4728512,-1.395081,0.6768656,0.562642,True,0,1,7
6/23/2025 2:57:14 PM,1750683434046,Right,-0.7312751,0.969106,0.5365201,-1.258834,0.7627878,0.5427198,-0.7125347,0.9142777,0.5403437,-1.245256,0.7263312,0.567117,-0.9421477,1.205135,0.4642965,-1.414212,0.6743984,0.5259584,True,0,1,7
6/23/2025 2:57:14 PM,1750683434074,Right,-0.7654353,0.9693864,0.4968264,-1.319168,0.726012,0.4796563,-0.7474151,0.9144194,0.510357,-1.311768,0.7107046,0.5078037,-0.9510953,1.196941,0.4490657,-1.442691,0.6616945,0.4572355,True,0,1,7
6/23/2025 2:57:14 PM,1750683434088,Right,-0.779366,0.9684761,0.4789475,-1.333646,0.7143408,0.4649786,-0.762312,0.9153467,0.4985005,-1.32665,0.7125286,0.4788079,-0.9543885,1.19346,0.4430865,-1.454705,0.6599371,0.4246234,True,0,1,7
6/23/2025 2:57:14 PM,1750683434102,Right,-0.7919578,0.9667714,0.4613982,-1.333646,0.7143408,0.4649786,-0.7760598,0.9136996,0.4859768,-1.336089,0.705363,0.4528555,-0.9576986,1.19016,0.4379487,-1.462613,0.6478804,0.3960581,True,0,1,7
6/23/2025 2:57:14 PM,1750683434129,Right,-0.8110573,0.9615596,0.4354539,-1.333646,0.7143408,0.4649786,-0.7971883,0.9095716,0.4642724,-1.340666,0.7149936,0.4070151,-0.9642493,1.185302,0.4299492,-1.48065,0.6477588,0.3441309,False,0,1,7
6/23/2025 2:57:14 PM,1750683434143,Right,-0.8188118,0.9578339,0.4238726,-1.333646,0.7143408,0.4649786,-0.8071633,0.9076062,0.4531738,-1.339804,0.7100033,0.3874826,-0.9677101,1.184313,0.4260077,-1.484829,0.6361201,0.3221602,False,0,1,7
6/23/2025 2:57:14 PM,1750683434171,Right,-0.8280728,0.9531137,0.4128147,-1.333646,0.7143408,0.4649786,-0.8171048,0.9027039,0.4395296,-1.340869,0.7140827,0.3626732,-0.9726031,1.182213,0.4203197,-1.494214,0.63796,0.2927866,False,0,1,7
6/23/2025 2:57:14 PM,1750683434185,Right,-0.832009,0.950642,0.4078156,-1.333646,0.7143408,0.4649786,-0.8210377,0.8992959,0.4344355,-1.33842,0.7078191,0.3522322,-0.9729246,1.181452,0.4194205,-1.49393,0.6279982,0.2804415,False,0,1,7
6/23/2025 2:57:14 PM,1750683434213,Right,-0.8336634,0.9453932,0.4040853,-1.333646,0.7143408,0.4649786,-0.822988,0.893939,0.4301019,-1.338714,0.7088401,0.3464687,-0.9712049,1.181343,0.4195454,-1.498466,0.6310887,0.2728147,False,0,1,7
6/23/2025 2:57:14 PM,1750683434227,Right,-0.8338074,0.9424223,0.4026892,-1.333646,0.7143408,0.4649786,-0.8228128,0.8910947,0.4283572,-1.335473,0.7022827,0.3423555,-0.9694135,1.182509,0.420923,-1.495138,0.6220521,0.2680619,False,0,1,7
6/23/2025 2:57:14 PM,1750683434254,Right,-0.8290132,0.9397736,0.4053522,-1.333646,0.7143408,0.4649786,-0.8172688,0.8881895,0.4299297,-1.334905,0.7011776,0.3521921,-0.9650612,1.18592,0.4269267,-1.494247,0.6248295,0.2801208,False,0,1,7
6/23/2025 2:57:14 PM,1750683434268,Right,-0.8263857,0.9395921,0.4081726,-1.333646,0.7143408,0.4649786,-0.813348,0.887275,0.4315099,-1.331122,0.6950616,0.3532616,-0.9624159,1.188918,0.4326566,-1.487811,0.6176276,0.2815427,False,0,1,7
6/23/2025 2:57:14 PM,1750683434281,Right,-0.8214392,0.9414289,0.4130006,-1.333646,0.7143408,0.4649786,-0.8073936,0.8875929,0.434393,-1.330417,0.6932145,0.3634695,-0.9592124,1.192598,0.4396027,-1.484295,0.6188359,0.2941287,False,0,1,7
6/23/2025 2:57:14 PM,1750683434310,Right,-0.8092707,0.9449934,0.4252405,-1.333646,0.7143408,0.4649786,-0.7930644,0.889573,0.44372,-1.325517,0.684118,0.3834581,-0.9515898,1.201434,0.4586523,-1.470121,0.6140545,0.318086,False,0,1,7
6/23/2025 2:57:14 PM,1750683434323,Right,-0.8010162,0.9478657,0.4366956,-1.333646,0.7143408,0.4649786,-0.7832558,0.8931115,0.449272,-1.322592,0.6803509,0.4003517,-0.9465367,1.206052,0.4704833,-1.461775,0.6149532,0.3381898,False,0,1,7
6/23/2025 2:57:14 PM,1750683434352,Right,-0.7805163,0.9543456,0.4634189,-1.333646,0.7143408,0.4649786,-0.7599199,0.9002602,0.4639102,-1.312129,0.6681906,0.4291506,-0.9329284,1.215559,0.4973073,-1.43719,0.6124901,0.3712079,False,0,1,7
6/23/2025 2:57:14 PM,1750683434365,Right,-0.765253,0.9565426,0.4786198,-1.333646,0.7143408,0.4649786,-0.743329,0.9025368,0.4731332,-1.293863,0.6649499,0.4515773,-0.9235829,1.220348,0.5123883,-1.422061,0.613432,0.3967021,False,0,1,7
6/23/2025 2:57:14 PM,1750683434393,Right,-0.7298295,0.9621267,0.5097123,-1.333646,0.7143408,0.4649786,-0.7070766,0.9095209,0.4908727,-1.252796,0.6601616,0.487641,-0.9006176,1.229701,0.5453024,-1.385457,0.6142594,0.4387124,False,0,1,7
6/23/2025 2:57:14 PM,1750683434407,Right,-0.7050413,0.9662984,0.5259029,-1.333646,0.7143408,0.4649786,-0.6843795,0.9150662,0.5025211,-1.226087,0.6573187,0.5134218,-0.8862636,1.234195,0.5630251,-1.361828,0.6148735,0.4701441,False,0,1,7
6/23/2025 2:57:14 PM,1750683434435,Right,-0.6541441,0.9695634,0.5525152,-1.333646,0.7143408,0.4649786,-0.6351395,0.9246708,0.5208138,-1.169734,0.6538152,0.5499036,-0.852271,1.243352,0.5999521,-1.309148,0.6151779,0.5156875,False,0,1,7
6/23/2025 2:57:14 PM,1750683434449,Right,-0.6238421,0.9725391,0.5620511,-1.333646,0.7143408,0.4649786,-0.6067532,0.9295363,0.5252091,-1.135391,0.6498034,0.5730791,-0.8319776,1.247561,0.6189833,-1.276889,0.6124479,0.5469484,False,0,1,7
6/23/2025 2:57:14 PM,1750683434462,Right,-0.5924805,0.9771692,0.5693682,-1.065361,0.7008212,0.6049562,-0.5783829,0.936211,0.5275878,-1.053638,0.672629,0.5912527,-0.8108947,1.251716,0.637542,-1.242531,0.6102993,0.5804051,False,0,1,7
6/23/2025 2:57:14 PM,1750683434490,Right,-0.5269768,0.9879254,0.5794433,-0.9665911,0.6951509,0.6526304,-0.5229863,0.9592577,0.52918,-0.9716246,0.6854833,0.6186925,-0.7647887,1.259995,0.6725315,-1.1715,0.612869,0.6268802,False,0,1,7
6/23/2025 2:57:14 PM,1750683434504,Right,-0.4923575,0.9955133,0.5799628,-0.9238539,0.6964407,0.6686321,-0.4902231,0.9678275,0.5280048,-0.9278278,0.6850476,0.6374762,-0.7392591,1.262573,0.6890022,-1.126568,0.6096674,0.657954,False,0,1,7
6/23/2025 2:57:14 PM,1750683434532,Right,-0.4264075,1.011478,0.5737513,-0.8412422,0.6995038,0.6949297,-0.428452,0.9858087,0.5199964,-0.8486605,0.6887274,0.6585406,-0.6855108,1.266327,0.7196221,-1.042673,0.60917,0.6959974,False,0,1,7
6/23/2025 2:57:14 PM,1750683434546,Right,-0.3927869,1.0216,0.5670629,-0.7939309,0.7010949,0.7042782,-0.3987628,0.9978687,0.5128931,-0.8029009,0.6914096,0.6715941,-0.6574692,1.266937,0.7335752,-0.9937506,0.6073448,0.7216532,False,0,1,7
6/23/2025 2:57:14 PM,1750683434574,Right,-0.3261266,1.041674,0.5487049,-0.707464,0.7079355,0.7192526,-0.342637,1.021922,0.4939601,-0.7236335,0.6985179,0.6836015,-0.6018977,1.265564,0.7579404,-0.9039599,0.6104546,0.7503015,False,0,1,7
6/23/2025 2:57:14 PM,1750683434588,Right,-0.2963882,1.053342,0.5354619,-0.6637952,0.7190536,0.7248586,-0.3162961,1.035963,0.4817232,-0.6743546,0.7030598,0.6904531,-0.5746614,1.263373,0.7694342,-0.8495595,0.6083157,0.769556,False,0,1,7
6/23/2025 2:57:14 PM,1750683434602,Right,-0.2678935,1.065017,0.5218539,-0.6208182,0.7267405,0.7288345,-0.2917468,1.050425,0.46966,-0.6375978,0.7114308,0.6869944,-0.5480058,1.260473,0.7808529,-0.8091767,0.6132529,0.771731,False,0,1,7
6/23/2025 2:57:14 PM,1750683434630,Right,-0.2236792,1.094779,0.4922293,-0.529324,0.7264268,0.7236348,-0.2529199,1.081921,0.4435565,-0.5503262,0.7190258,0.6932492,-0.4958135,1.253077,0.802959,-0.7020868,0.6112585,0.7996832,False,0,1,7
6/23/2025 2:57:14 PM,1750683434644,Right,-0.2018966,1.109829,0.4783193,-0.4851821,0.7257526,0.7191849,-0.2343377,1.097591,0.4304039,-0.5193229,0.7258067,0.6874045,-0.4706261,1.248662,0.8135195,-0.6638013,0.6169066,0.7972877,False,0,1,7
6/23/2025 2:57:14 PM,1750683434671,Right,-0.1694991,1.137842,0.45295,-0.4116352,0.7393333,0.711989,-0.2099723,1.126602,0.4094096,-0.4370775,0.7299315,0.6840831,-0.4233239,1.238282,0.8344092,-0.5584987,0.6082799,0.809374,False,0,1,7
6/23/2025 2:57:14 PM,1750683434685,Right,-0.1558964,1.150886,0.4416913,-0.3744666,0.7418642,0.7074044,-0.1984748,1.139647,0.4001883,-0.4093633,0.7349627,0.6780739,-0.4013827,1.231926,0.8446516,-0.5235324,0.610536,0.8057485,False,0,1,7
6/23/2025 2:57:14 PM,1750683434712,Right,-0.1376045,1.169282,0.4262122,-0.3072105,0.7413228,0.6948429,-0.1839022,1.155586,0.3875441,-0.3349165,0.7316476,0.6728371,-0.3586442,1.217562,0.8652267,-0.4251863,0.5955843,0.8097758,False,0,1,7
6/23/2025 2:57:14 PM,1750683434727,Right,-0.12804,1.176025,0.4188162,-0.2737265,0.7386135,0.6896503,-0.1767538,1.162537,0.382563,-0.3104704,0.7314669,0.6688471,-0.3378997,1.20924,0.8748884,-0.3926868,0.5936729,0.8066701,False,0,1,7
6/23/2025 2:57:14 PM,1750683434755,Right,-0.1121313,1.174912,0.410061,-0.2187998,0.7340066,0.6911339,-0.1646734,1.16183,0.378603,-0.245243,0.7202522,0.6669796,-0.3001394,1.190327,0.8911133,-0.3037775,0.5756251,0.8111694,False,0,1,7
6/23/2025 2:57:14 PM,1750683434768,Right,-0.1052924,1.171096,0.4057139,-0.1902664,0.7250729,0.6886232,-0.1579854,1.158895,0.3772447,-0.222744,0.7135116,0.6659804,-0.2830362,1.179614,0.8977761,-0.2732585,0.5684409,0.8110381,False,0,1,7
6/23/2025 2:57:14 PM,1750683434782,Right,-0.09816144,1.161736,0.4035156,-0.1656006,0.7111269,0.6857451,-0.1524725,1.149215,0.3774763,-0.1949336,0.7019129,0.6693077,-0.2672423,1.168193,0.9035847,-0.2338466,0.5572327,0.8168337,False,0,1,7
6/23/2025 2:57:14 PM,1750683434810,Right,-0.08474062,1.136817,0.4030664,-0.1169879,0.6822158,0.6891224,-0.1391378,1.126882,0.3843589,-0.146708,0.6761822,0.6778597,-0.2392228,1.144911,0.9135566,-0.1677035,0.5324759,0.8270386,False,0,1,7
6/23/2025 2:57:14 PM,1750683434824,Right,-0.07502063,1.119851,0.4065337,-0.09590128,0.6661895,0.6952584,-0.1345647,1.107504,0.3892846,-0.1234051,0.6590737,0.686322,-0.2264071,1.13326,0.916954,-0.1343102,0.5167671,0.8377595,False,0,1,7
6/23/2025 2:57:14 PM,1750683434852,Right,-0.06087577,1.078587,0.4181195,-0.05574768,0.627196,0.7075153,-0.1222518,1.065652,0.4031043,-0.08201022,0.6232833,0.703306,-0.2025672,1.111039,0.9212077,-0.077666,0.4817697,0.8582889,False,0,1,7
6/23/2025 2:57:14 PM,1750683434865,Right,-0.05428225,1.053606,0.4272043,-0.03743626,0.6070555,0.7122416,-0.1139303,1.042627,0.4142051,-0.06140704,0.608537,0.71395,-0.1921644,1.100797,0.9232643,-0.0507644,0.4636712,0.8734658,False,0,1,7
6/23/2025 2:57:14 PM,1750683434893,Right,-0.03740117,1.001452,0.4455163,-0.008782852,0.5726711,0.7552981,-0.09383069,0.9938317,0.4376474,-0.0275046,0.5658082,0.7413132,-0.1762146,1.082909,0.9262781,-0.008553743,0.4228818,0.9033127,True,0,1,8
6/23/2025 2:57:14 PM,1750683434907,Right,-0.02798415,0.9719713,0.4559914,0.006052567,0.5453632,0.7774037,-0.08495574,0.9645557,0.448798,-0.01484089,0.5376859,0.7630547,-0.1687834,1.073973,0.9275746,0.005969778,0.4025399,0.924162,True,0,1,8
6/23/2025 2:57:14 PM,1750683434935,Right,-0.007327856,0.9132833,0.4743201,0.02083667,0.5027353,0.8170941,-0.06608897,0.9076566,0.4704413,0.004840247,0.4915289,0.7996992,-0.1568253,1.058891,0.9303019,0.0288899,0.3631031,0.9649518,True,0,1,8
6/23/2025 2:57:14 PM,1750683434948,Right,0.004666557,0.8840234,0.4835946,0.02373226,0.4837533,0.8404826,-0.05644017,0.8778918,0.4812365,0.008280031,0.4709689,0.8247369,-0.1522611,1.052809,0.9318254,0.03152186,0.3486742,0.9933805,True,0,1,8
6/23/2025 2:57:14 PM,1750683434963,Right,0.01532152,0.854727,0.4938121,0.02456986,0.4662712,0.8641044,-0.04633857,0.8495876,0.4919712,0.008199234,0.4545689,0.8510975,-0.1497563,1.047064,0.9340603,0.0286247,0.3384954,1.024198,True,0,1,8
6/23/2025 2:57:14 PM,1750683434991,Right,0.03322041,0.8000863,0.5130932,0.01897364,0.4377722,0.9101006,-0.03185087,0.7923832,0.5111022,0.005251441,0.4214142,0.8983679,-0.1468725,1.038337,0.9376323,0.01942179,0.3178256,1.078787,True,0,1,8
6/23/2025 2:57:15 PM,1750683435004,Right,0.04100623,0.773803,0.5219424,0.01312579,0.4301167,0.9330712,-0.02510369,0.7673305,0.5196537,-0.004211955,0.4157627,0.9243826,-0.1463199,1.03519,0.9384327,0.003156994,0.3201483,1.110695,True,0,1,8
6/23/2025 2:57:15 PM,1750683435032,Right,0.05017784,0.7300696,0.5397995,-0.0001547183,0.4205383,0.9767423,-0.01182784,0.7255246,0.5369803,-0.01624554,0.4040568,0.9679893,-0.1494849,1.032237,0.9399457,-0.01906317,0.3231915,1.160018,True,0,1,8
6/23/2025 2:57:15 PM,1750683435046,Right,0.05328982,0.7136185,0.5497834,-0.00745049,0.4198582,0.9958997,-0.01242146,0.7086074,0.5459642,-0.02872072,0.4065815,0.9902982,-0.1525732,1.031354,0.941237,-0.03671646,0.3341582,1.185728,True,0,1,8
6/23/2025 2:57:15 PM,1750683435073,Right,0.04866506,0.6858879,0.5715687,-0.02275094,0.4240475,1.03249,-0.01740298,0.6818206,0.5651745,-0.04425583,0.4098875,1.025008,-0.1594137,1.032559,0.9434223,-0.05681023,0.348668,1.226655,True,0,1,8
6/23/2025 2:57:15 PM,1750683435088,Right,0.04474967,0.6745908,0.5812772,-0.03079774,0.4280018,1.048996,-0.02036376,0.6703843,0.5737035,-0.05420434,0.4162138,1.042269,-0.1638088,1.035858,0.9437561,-0.06997244,0.36222,1.246514,True,0,1,8
6/23/2025 2:57:15 PM,1750683435102,Right,0.039128,0.6623989,0.590845,-0.03933553,0.4316627,1.064342,-0.0260887,0.6594384,0.5812513,-0.06191811,0.4188517,1.055037,-0.1693075,1.039884,0.9437466,-0.07826383,0.3697536,1.262031,True,0,1,8
6/23/2025 2:57:15 PM,1750683435129,Right,0.03089692,0.6470274,0.6026314,-0.05743212,0.4446638,1.089496,-0.03453349,0.6466204,0.594334,-0.08099179,0.4376724,1.084136,-0.1846607,1.053017,0.9444323,-0.101713,0.403367,1.291768,True,0,1,8
6/23/2025 2:57:15 PM,1750683435143,Right,0.02461208,0.6396915,0.6087343,-0.06699742,0.4529804,1.101173,-0.03929123,0.641848,0.6009395,-0.08873581,0.4450628,1.095452,-0.193294,1.060249,0.9459,-0.110154,0.4158998,1.303809,True,0,1,8
6/23/2025 2:57:15 PM,1750683435171,Right,0.008863217,0.6339355,0.6219637,-0.08857495,0.4742387,1.12032,-0.05326782,0.6433451,0.6140549,-0.1107559,0.4682693,1.11352,-0.2131655,1.077556,0.9495745,-0.1353776,0.4472075,1.32461,True,0,1,8
6/23/2025 2:57:15 PM,1750683435185,Right,0.00102299,0.6344759,0.6288041,-0.09992581,0.4848247,1.129388,-0.05981563,0.6454551,0.6207449,-0.1205391,0.4798369,1.12283,-0.225265,1.087505,0.9505594,-0.1461343,0.4626751,1.334356,True,0,1,8
6/23/2025 2:57:15 PM,1750683435213,Right,-0.01392854,0.647097,0.6430421,-0.1257781,0.508439,1.143087,-0.0765073,0.6579324,0.6329317,-0.1470832,0.5040576,1.136107,-0.2529321,1.108397,0.949966,-0.1775539,0.491298,1.348559,True,0,1,8
6/23/2025 2:57:15 PM,1750683435226,Right,-0.02193792,0.6531211,0.6500151,-0.1398803,0.5213391,1.14937,-0.08385116,0.6640687,0.6384788,-0.1592272,0.5179853,1.142159,-0.2681828,1.118899,0.9483125,-0.1920265,0.5080909,1.355465,True,0,1,8
6/23/2025 2:57:15 PM,1750683435254,Right,-0.03611781,0.6712379,0.6612803,-0.1712521,0.5481153,1.158063,-0.09563282,0.6789369,0.6470806,-0.1899359,0.5432252,1.15001,-0.3007379,1.140161,0.9428854,-0.2316119,0.5375292,1.362352,True,0,1,8
6/23/2025 2:57:15 PM,1750683435268,Right,-0.04370395,0.6807554,0.6668982,-0.1882091,0.5616926,1.161689,-0.1037596,0.6863552,0.6509863,-0.2056051,0.5576453,1.153947,-0.3182003,1.150927,0.9395831,-0.2505428,0.5547895,1.366,True,0,1,8
6/23/2025 2:57:15 PM,1750683435282,Right,-0.05154094,0.6900479,0.6714706,-0.2066474,0.5749144,1.16239,-0.1114959,0.6943399,0.6543032,-0.2246352,0.5715107,1.15479,-0.3363608,1.161385,0.9355986,-0.2749485,0.5706427,1.367102,True,0,1,8
6/23/2025 2:57:15 PM,1750683435310,Right,-0.06712471,0.7078451,0.6807382,-0.2459165,0.6015211,1.164491,-0.1257308,0.710381,0.6603238,-0.2620929,0.5995423,1.156751,-0.3749492,1.181261,0.9261694,-0.322716,0.603439,1.367332,True,0,1,8
6/23/2025 2:57:15 PM,1750683435324,Right,-0.07543695,0.7153023,0.6842144,-0.2683198,0.6178373,1.167091,-0.1327392,0.7192333,0.6637143,-0.2852989,0.6130862,1.158925,-0.3953373,1.190661,0.9203358,-0.3520222,0.6196228,1.365208,True,0,1,8
6/23/2025 2:57:15 PM,1750683435352,Right,-0.09323276,0.7324584,0.6941689,-0.3147784,0.6482125,1.167198,-0.1487411,0.736343,0.6689437,-0.3297871,0.640631,1.156754,-0.4375193,1.207459,0.906884,-0.4084532,0.6515183,1.358476,True,0,1,8
6/23/2025 2:57:15 PM,1750683435366,Right,-0.1038028,0.7428821,0.6989994,-0.3406206,0.6624286,1.16406,-0.1583988,0.7447696,0.6711171,-0.3560602,0.6540377,1.152283,-0.4600002,1.214899,0.8979177,-0.4424473,0.666707,1.351795,True,0,1,8
6/23/2025 2:57:15 PM,1750683435393,Right,-0.1224597,0.7648845,0.7082149,-0.3935247,0.6901115,1.156671,-0.1734677,0.7646521,0.6774445,-0.4058241,0.6810449,1.14554,-0.505852,1.228052,0.8752189,-0.5065227,0.6968523,1.336669,True,0,1,8
6/23/2025 2:57:15 PM,1750683435407,Right,-0.1346948,0.7786202,0.7145186,-0.4225484,0.703398,1.151248,-0.1829319,0.7742529,0.6808087,-0.4346329,0.6934206,1.138308,-0.5292321,1.233651,0.862525,-0.5445119,0.7100805,1.325201,True,0,1,8
6/23/2025 2:57:15 PM,1750683435435,Right,-0.157575,0.8022342,0.7245167,-0.481066,0.7252361,1.138388,-0.203597,0.7920935,0.6874433,-0.492061,0.7158029,1.126371,-0.57761,1.243524,0.8360702,-0.6167134,0.7344995,1.300728,True,0,1,8
6/23/2025 2:57:15 PM,1750683435449,Right,-0.1726315,0.8143946,0.7307474,-0.5130469,0.7353814,1.129521,-0.215768,0.8015913,0.6912956,-0.5235028,0.7263288,1.116349,-0.6023436,1.247605,0.8216872,-0.6574866,0.7450328,1.284411,True,0,1,8
6/23/2025 2:57:15 PM,1750683435463,Right,-0.1874246,0.8262181,0.736078,-0.5437262,0.7473131,1.11884,-0.2276609,0.810947,0.6945422,-0.5542404,0.7354077,1.103549,-0.6271737,1.250821,0.8060169,-0.698162,0.7533462,1.26499,True,0,1,8
6/23/2025 2:57:15 PM,1750683435491,Right,-0.2203206,0.8513992,0.7456368,-0.6079151,0.7666371,1.094819,-0.2546289,0.831116,0.70138,-0.6161108,0.7530313,1.078825,-0.6750817,1.255015,0.7705401,-0.7763923,0.7690122,1.224836,True,0,1,8
6/23/2025 2:57:15 PM,1750683435504,Right,-0.237984,0.8642357,0.749994,-0.6417948,0.7740904,1.081009,-0.2700972,0.8426564,0.7055551,-0.6508113,0.7600745,1.064484,-0.6971889,1.255434,0.750777,-0.8186191,0.7739147,1.200023,True,0,1,8
6/23/2025 2:57:15 PM,1750683435532,Right,-0.2766989,0.888503,0.7568418,-0.7097682,0.7868674,1.05114,-0.303937,0.8616221,0.7117332,-0.7168866,0.7714536,1.036676,-0.7393525,1.255447,0.7102588,-0.8958088,0.7814441,1.15146,True,0,1,8
6/23/2025 2:57:15 PM,1750683435546,Right,-0.2996071,0.8999342,0.7591174,-0.7449359,0.7927256,1.032495,-0.3237691,0.8704038,0.7136958,-0.7515304,0.7753659,1.017598,-0.7580976,1.254975,0.6895192,-0.9370247,0.7823204,1.121444,True,0,1,8
6/23/2025 2:57:15 PM,1750683435574,Right,-0.3478213,0.9208509,0.7602033,-0.8144577,0.8014737,0.9931966,-0.3655775,0.8844784,0.7152357,-0.8188117,0.7810477,0.9796567,-0.7914758,1.253213,0.6488545,-1.013233,0.7827972,1.062084,True,0,1,8
6/23/2025 2:57:15 PM,1750683435588,Right,-0.3733862,0.9299905,0.7590018,-0.8483723,0.8040916,0.9713771,-0.3877961,0.8900564,0.7158944,-0.852854,0.7829511,0.9580852,-0.8071005,1.252364,0.6292698,-1.051437,0.7819422,1.028932,True,0,1,8
6/23/2025 2:57:15 PM,1750683435602,Right,-0.3998376,0.936089,0.7569696,-0.8810403,0.8052137,0.9486868,-0.4104476,0.8957132,0.7151586,-0.8835845,0.7833879,0.9361516,-0.8210182,1.251303,0.6112622,-1.086361,0.7788861,0.9972792,True,0,1,8
6/23/2025 2:57:15 PM,1750683435629,Right,-0.4559965,0.94581,0.7485446,-0.9499818,0.806478,0.8998666,-0.4591761,0.9036646,0.7099057,-0.9497702,0.7842203,0.8865132,-0.8488463,1.250127,0.5779667,-1.157047,0.7743329,0.9251958,True,0,1,8
6/23/2025 2:57:15 PM,1750683435644,Right,-0.4846295,0.9497411,0.741698,-0.9852917,0.8056557,0.8739145,-0.484663,0.9056517,0.7049575,-0.9833571,0.7804956,0.8607348,-0.8626218,1.249752,0.5619018,-1.189963,0.7677773,0.8883776,True,0,1,8
6/23/2025 2:57:15 PM,1750683435671,Right,-0.5436803,0.9512253,0.7210662,-1.047698,0.8018588,0.8185484,-0.5348793,0.9073071,0.6893161,-1.040753,0.7779773,0.8038715,-0.8888909,1.249146,0.5322783,-1.251212,0.7595448,0.8123341,True,0,1,8
6/23/2025 2:57:15 PM,1750683435685,Right,-0.5720618,0.9507113,0.7085685,-1.079069,0.7988955,0.7901105,-0.5596328,0.9074864,0.6816452,-1.069315,0.7727253,0.7745984,-0.9008213,1.248512,0.5189595,-1.278884,0.7510907,0.7728479,True,0,1,8
6/23/2025 2:57:15 PM,1750683435713,Right,-0.6246677,0.9510182,0.676367,-1.133273,0.805084,0.7330636,-0.6095769,0.9026968,0.6590401,-1.121906,0.7708187,0.7161739,-0.9214187,1.2458,0.4947984,-1.333372,0.7453649,0.6973543,True,0,1,8
6/23/2025 2:57:15 PM,1750683435727,Right,-0.6507812,0.9506343,0.6572417,-1.161101,0.8041734,0.702399,-0.6337836,0.9008706,0.6460422,-1.146893,0.7635632,0.6862695,-0.9306661,1.24394,0.483796,-1.356203,0.7333925,0.6587261,True,0,1,8
6/23/2025 2:57:15 PM,1750683435754,Right,-0.6970614,0.9484755,0.6152714,-1.217632,0.7892851,0.6477885,-0.678791,0.8977954,0.6145115,-1.20388,0.7540661,0.6368901,-0.9467144,1.238958,0.4639624,-1.396989,0.713504,0.5963728,True,0,1,8
6/23/2025 2:57:15 PM,1750683435769,Right,-0.7187161,0.9456075,0.591718,-1.246692,0.7755236,0.621558,-0.70025,0.8951895,0.5972791,-1.23349,0.7422926,0.6073981,-0.954002,1.235948,0.455265,-1.414507,0.6985927,0.5614094,True,0,1,8
6/23/2025 2:57:15 PM,1750683435783,Right,-0.7375934,0.9436677,0.5684783,-1.275209,0.7577587,0.5968183,-0.7203593,0.890287,0.5787667,-1.268159,0.7377465,0.5795934,-0.9607332,1.233146,0.4474357,-1.434086,0.6945599,0.5299272,True,0,1,8
6/23/2025 2:57:15 PM,1750683435809,Right,-0.7689018,0.9366171,0.5263228,-1.328098,0.7120352,0.5531607,-0.7542619,0.8887742,0.5485309,-1.330523,0.7232767,0.5254313,-0.9721425,1.227526,0.433521,-1.461559,0.6796629,0.4704098,True,0,1,8
6/23/2025 2:57:15 PM,1750683435824,Right,-0.78197,0.9343638,0.5075954,-1.335569,0.7040086,0.5471972,-0.7690424,0.8880618,0.5322891,-1.345153,0.724073,0.4975838,-0.9769456,1.224952,0.4279195,-1.474061,0.6767662,0.4406209,False,0,1,8
6/23/2025 2:57:15 PM,1750683435852,Right,-0.8024275,0.9281732,0.4756889,-1.335569,0.7040086,0.5471972,-0.7922151,0.883722,0.5073329,-1.349396,0.7202727,0.4517667,-0.9860858,1.220057,0.4179395,-1.489832,0.6607359,0.3902528,False,0,1,8
6/23/2025 2:57:15 PM,1750683435866,Right,-0.8101097,0.925378,0.4637938,-1.335569,0.7040086,0.5471972,-0.7996787,0.8795391,0.4982703,-1.350372,0.721741,0.4318175,-0.9902898,1.217989,0.4136733,-1.495567,0.6585997,0.367791,False,0,1,8
6/23/2025 2:57:15 PM,1750683435893,Right,-0.8219165,0.9205186,0.4460397,-1.325651,0.7654883,0.3920554,-0.813526,0.8747609,0.4822224,-1.316761,0.7277911,0.4033385,-0.9970714,1.214345,0.4073918,-1.50268,0.6470645,0.3295091,False,0,1,8
6/23/2025 2:57:15 PM,1750683435907,Right,-0.8262858,0.9179431,0.4411679,-1.32955,0.760035,0.3667353,-0.8181012,0.87255,0.4777511,-1.322676,0.726451,0.3890235,-0.9995025,1.213014,0.4056119,-1.504798,0.645981,0.3127849,False,0,1,8
6/23/2025 2:57:15 PM,1750683435935,Right,-0.8313961,0.9128279,0.4346532,-1.332141,0.7532808,0.3449135,-0.8238178,0.8678172,0.4720917,-1.325349,0.7191777,0.3691009,-1.002789,1.211117,0.4049886,-1.504327,0.6369688,0.2884703,False,0,1,8
6/23/2025 2:57:15 PM,1750683435949,Right,-0.8321179,0.9113098,0.4346393,-1.33138,0.7508256,0.3407142,-0.8240967,0.8655481,0.470503,-1.324774,0.7185771,0.3629775,-1.003938,1.210892,0.4057255,-1.503721,0.6375738,0.2801389,False,0,1,8
6/23/2025 2:57:15 PM,1750683435962,Right,-0.8317602,0.9099722,0.4361012,-1.330298,0.748316,0.340391,-0.8231255,0.863025,0.4710513,-1.323804,0.7180195,0.3609558,-1.004397,1.211065,0.4076279,-1.502808,0.6387477,0.2765492,False,0,1,8
6/23/2025 2:57:15 PM,1750683435991,Right,-0.8282993,0.908493,0.4406837,-1.329337,0.7445599,0.3565463,-0.8186525,0.8606161,0.4732904,-1.318969,0.7124091,0.3606965,-1.004131,1.213059,0.4152757,-1.496312,0.6335238,0.2750319,False,0,1,8
6/23/2025 2:57:16 PM,1750683436004,Right,-0.8249998,0.9090532,0.4453829,-1.324971,0.7413589,0.3626029,-0.8144332,0.8604803,0.4771724,-1.31525,0.7121596,0.3671062,-1.003161,1.214826,0.4217391,-1.493327,0.634929,0.2813923,False,0,1,8
6/23/2025 2:57:16 PM,1750683436032,Right,-0.8149486,0.9105821,0.4553846,-1.319487,0.7359964,0.3740284,-0.8029644,0.8605316,0.4844521,-1.308782,0.7047596,0.377924,-0.9995949,1.220023,0.4391327,-1.481628,0.6299728,0.2937727,False,0,1,8
6/23/2025 2:57:16 PM,1750683436045,Right,-0.8078843,0.9126302,0.4638521,-1.316674,0.7332706,0.3800261,-0.7942197,0.8631287,0.4884146,-1.305945,0.701782,0.3892137,-0.996624,1.223244,0.4490663,-1.474881,0.6304149,0.3077375,False,0,1,8
6/23/2025 2:57:16 PM,1750683436074,Right,-0.7925493,0.9175339,0.484286,-1.31135,0.7281635,0.3916391,-0.7740984,0.8676521,0.4992371,-1.29759,0.6914357,0.4097193,-0.9883209,1.229514,0.4707264,-1.455354,0.6262083,0.3328174,False,0,1,8
6/23/2025 2:57:16 PM,1750683436088,Right,-0.7812263,0.9194301,0.4970466,-1.308637,0.7255871,0.3976968,-0.7615088,0.8712087,0.5073748,-1.293956,0.6842105,0.4269331,-0.9826621,1.232907,0.482771,-1.444119,0.6251209,0.3538051,False,0,1,8
6/23/2025 2:57:16 PM,1750683436102,Right,-0.7696348,0.9213437,0.5090972,-1.306851,0.7239027,0.4017347,-0.7491431,0.8755903,0.5148137,-1.290062,0.6775603,0.4348248,-0.9758978,1.236188,0.4960063,-1.42977,0.6226236,0.3636327,False,0,1,8
6/23/2025 2:57:16 PM,1750683436130,Right,-0.7388121,0.926145,0.5355799,-1.306851,0.7239027,0.4017347,-0.7152395,0.8791296,0.5265387,-1.271133,0.6591383,0.475685,-0.9590639,1.242897,0.5259475,-1.400528,0.6183137,0.4149365,False,0,1,8
6/23/2025 2:57:16 PM,1750683436143,Right,-0.7218014,0.9294947,0.5492693,-1.306851,0.7239027,0.4017347,-0.6970369,0.8825039,0.5325984,-1.25072,0.6561769,0.4855774,-0.9492178,1.24651,0.5421586,-1.381212,0.6165622,0.4263959,False,0,1,8
6/23/2025 2:57:16 PM,1750683436171,Right,-0.6774475,0.9343979,0.5696086,-1.306851,0.7239027,0.4017347,-0.6562961,0.8936188,0.5453796,-1.201849,0.6441349,0.5339604,-0.925022,1.253673,0.5780171,-1.338769,0.608952,0.4879718,False,0,1,8
6/23/2025 2:57:16 PM,1750683436185,Right,-0.6536461,0.9367669,0.5795835,-1.306851,0.7239027,0.4017347,-0.6325563,0.8976392,0.5514349,-1.175655,0.642744,0.5429102,-0.910928,1.256952,0.5972697,-1.313715,0.6088107,0.4994596,False,0,1,8
6/23/2025 2:57:16 PM,1750683436213,Right,-0.5972212,0.9455992,0.595318,-1.065717,0.6776557,0.6102799,-0.5852844,0.9092878,0.554854,-1.06341,0.6611956,0.5855845,-0.8788762,1.262341,0.63557,-1.259628,0.6005892,0.5629678,False,0,1,8
6/23/2025 2:57:16 PM,1750683436227,Right,-0.5694788,0.9504045,0.6002825,-1.031615,0.6745424,0.6297269,-0.5615161,0.9188349,0.5572768,-1.035231,0.6647671,0.5951355,-0.8601388,1.26463,0.6539476,-1.23192,0.6021562,0.5766031,False,0,1,8
6/23/2025 2:57:16 PM,1750683436254,Right,-0.5126236,0.9638427,0.6013944,-0.9557473,0.6694119,0.6640923,-0.5087039,0.9392686,0.5558256,-0.9614713,0.6638806,0.6340581,-0.8181938,1.268178,0.6893671,-1.159622,0.5934298,0.6382917,False,0,1,8
6/23/2025 2:57:16 PM,1750683436268,Right,-0.4837801,0.9720261,0.6018931,-0.9183912,0.6669883,0.6805871,-0.4806301,0.9491011,0.5552486,-0.92979,0.6681563,0.6409317,-0.7953115,1.268943,0.7063692,-1.126387,0.5965708,0.6491694,False,0,1,8
6/23/2025 2:57:16 PM,1750683436283,Right,-0.4547976,0.9817441,0.5996802,-0.8838261,0.6701465,0.6928146,-0.4537891,0.9592285,0.5510203,-0.89342,0.6676524,0.6576935,-0.7714977,1.269487,0.722039,-1.08673,0.5934916,0.6764109,False,0,1,8
6/23/2025 2:57:16 PM,1750683436310,Right,-0.3988535,1.003213,0.5917173,-0.8069748,0.6777327,0.7146378,-0.4005542,0.9782579,0.5398554,-0.8198594,0.672985,0.6760307,-0.7226365,1.269688,0.7514827,-1.010346,0.5921622,0.7106905,False,0,1,8
6/23/2025 2:57:16 PM,1750683436324,Right,-0.3707727,1.014816,0.5850384,-0.7667409,0.6809492,0.7231428,-0.3753723,0.9911171,0.5333765,-0.7797233,0.6758914,0.6895253,-0.6973618,1.268961,0.7647588,-0.9664285,0.5908895,0.7347978,False,0,1,8
6/23/2025 2:57:16 PM,1750683436352,Right,-0.3202624,1.038857,0.5695445,-0.6911518,0.687934,0.7378435,-0.3288141,1.017451,0.5181281,-0.7081939,0.6848985,0.7034292,-0.6466341,1.266136,0.7896519,-0.886103,0.5939826,0.7634927,False,0,1,8
6/23/2025 2:57:16 PM,1750683436366,Right,-0.293426,1.050888,0.5585482,-0.6539516,0.6924166,0.7428076,-0.3081495,1.031834,0.5083113,-0.6694311,0.6863154,0.7139384,-0.6215314,1.26374,0.8004965,-0.8389915,0.5925264,0.7827485,False,0,1,8
6/23/2025 2:57:16 PM,1750683436394,Right,-0.2497923,1.075854,0.5376465,-0.5698599,0.6963794,0.7493262,-0.2709266,1.057791,0.4873372,-0.5993469,0.6972538,0.7179193,-0.57304,1.256819,0.8209147,-0.7586584,0.5965988,0.8028044,False,0,1,8
6/23/2025 2:57:16 PM,1750683436408,Right,-0.2298717,1.086555,0.525173,-0.5348623,0.7034771,0.7505056,-0.2550691,1.069395,0.476429,-0.5594417,0.6991985,0.7227967,-0.5496385,1.253044,0.8307118,-0.7107521,0.5937601,0.8173465,False,0,1,8
6/23/2025 2:57:16 PM,1750683436435,Right,-0.197762,1.105956,0.5012687,-0.4649645,0.7108061,0.7506104,-0.2287479,1.089103,0.4522115,-0.4946723,0.7051182,0.7193583,-0.5051827,1.24308,0.8497901,-0.6317197,0.593118,0.8286588,False,0,1,8
6/23/2025 2:57:16 PM,1750683436449,Right,-0.1840759,1.113949,0.4891637,-0.4306786,0.7110811,0.7467301,-0.2160657,1.097628,0.4429185,-0.4578669,0.7066101,0.7220708,-0.4840684,1.237051,0.8591027,-0.5851214,0.5914083,0.8399565,False,0,1,8
6/23/2025 2:57:16 PM,1750683436463,Right,-0.1702428,1.121027,0.4787237,-0.3992326,0.7154456,0.7460214,-0.205381,1.106194,0.4356523,-0.4225262,0.708154,0.7232087,-0.4638553,1.230154,0.8686526,-0.5399565,0.5888646,0.8486053,False,0,1,8
6/23/2025 2:57:16 PM,1750683436491,Right,-0.1457438,1.132311,0.4596228,-0.3364635,0.7145221,0.741211,-0.1864085,1.11732,0.4212981,-0.3646271,0.7067376,0.7207795,-0.4244077,1.215893,0.8874533,-0.4645215,0.5834818,0.854623,False,0,1,8
6/23/2025 2:57:16 PM,1750683436505,Right,-0.1363125,1.133767,0.4524994,-0.3085021,0.7129039,0.7398075,-0.1784588,1.119319,0.4152978,-0.3332565,0.7040922,0.7199708,-0.4047105,1.207881,0.8960221,-0.4231098,0.5778179,0.8591701,False,0,1,8
6/23/2025 2:57:16 PM,1750683436532,Right,-0.1182013,1.13292,0.4422117,-0.2546597,0.7013229,0.7352074,-0.1638661,1.119289,0.4079688,-0.2822171,0.6948142,0.7184102,-0.3677174,1.19073,0.9118881,-0.3551225,0.5656199,0.8629106,False,0,1,8
6/23/2025 2:57:16 PM,1750683436546,Right,-0.1097144,1.128374,0.4394756,-0.230477,0.6926314,0.7353172,-0.1577568,1.115,0.4078708,-0.25574,0.6854541,0.7204099,-0.3507464,1.180974,0.9188263,-0.3191047,0.5551393,0.8668073,False,0,1,8
6/23/2025 2:57:16 PM,1750683436574,Right,-0.09392711,1.113745,0.4386872,-0.1878682,0.6706252,0.7371874,-0.1454298,1.100507,0.4114537,-0.2102297,0.6627663,0.724997,-0.3187937,1.159149,0.9297428,-0.258249,0.5309634,0.8729644,False,0,1,8
6/23/2025 2:57:16 PM,1750683436588,Right,-0.08907863,1.099301,0.4424303,-0.1659096,0.6570376,0.7402603,-0.1385551,1.088315,0.4158604,-0.1873413,0.6514457,0.7272784,-0.3041358,1.148141,0.9332278,-0.2284505,0.5156879,0.8785888,False,0,1,8
6/23/2025 2:57:16 PM,1750683436601,Right,-0.0826842,1.085749,0.4453441,-0.146231,0.6406662,0.7429841,-0.1332098,1.075121,0.4203161,-0.1685381,0.6358314,0.7308097,-0.2903297,1.136931,0.9361436,-0.2032293,0.499317,0.8825358,False,0,1,8
6/23/2025 2:57:16 PM,1750683436629,Right,-0.06918657,1.049083,0.4594217,-0.1132586,0.603007,0.7589112,-0.121301,1.037456,0.4359336,-0.1323138,0.5981518,0.7481072,-0.2656571,1.114788,0.9386678,-0.1553223,0.4614992,0.9019979,False,0,1,8
6/23/2025 2:57:16 PM,1750683436643,Right,-0.0628698,1.028154,0.4669732,-0.09706941,0.5820013,0.7674893,-0.1157255,1.016555,0.4442277,-0.1152321,0.5769582,0.7560048,-0.2543349,1.104582,0.9382372,-0.1327331,0.4399959,0.9104794,False,0,1,8
6/23/2025 2:57:16 PM,1750683436671,Right,-0.04910955,0.9790807,0.4871927,-0.07169043,0.538456,0.7961618,-0.1034645,0.9653601,0.4640629,-0.08943608,0.5325615,0.784335,-0.2346643,1.087478,0.9365225,-0.1000433,0.3985941,0.942461,True,0,1,9
6/23/2025 2:57:16 PM,1750683436685,Right,-0.04310217,0.9520867,0.4968599,-0.05980312,0.5153405,0.8098438,-0.0972704,0.9388366,0.4743248,-0.076571,0.5088801,0.796282,-0.2262893,1.079942,0.936466,-0.08336975,0.3751509,0.9561602,True,0,1,9
6/23/2025 2:57:16 PM,1750683436713,Right,-0.03117666,0.8927634,0.5142204,-0.04854335,0.4736182,0.842099,-0.0874362,0.878338,0.4928703,-0.06400825,0.4690766,0.8315412,-0.2108557,1.066562,0.9375479,-0.06770109,0.339144,1.001772,True,0,1,9
6/23/2025 2:57:16 PM,1750683436727,Right,-0.02557428,0.8622268,0.5218917,-0.0420308,0.4418017,0.8669742,-0.08308364,0.8480325,0.5032665,-0.05528601,0.4354434,0.8558834,-0.2040546,1.060398,0.9382982,-0.05686093,0.3173639,1.020764,True,0,1,9
6/23/2025 2:57:16 PM,1750683436754,Right,-0.02207175,0.7995067,0.5374854,-0.04434129,0.4112361,0.9104266,-0.08144569,0.789932,0.5242163,-0.06092038,0.4076066,0.9032613,-0.19303,1.050493,0.9393604,-0.06182333,0.2992539,1.080049,True,0,1,9
6/23/2025 2:57:16 PM,1750683436768,Right,-0.02375937,0.7675177,0.5465044,-0.04693281,0.3960605,0.9332988,-0.08375467,0.7604025,0.5342786,-0.06107258,0.3889914,0.9211203,-0.1895171,1.046783,0.9385123,-0.05961807,0.2838445,1.10209,True,0,1,9
6/23/2025 2:57:16 PM,1750683436782,Right,-0.02773103,0.739648,0.5558211,-0.04946701,0.3954024,0.9576297,-0.08478554,0.7352634,0.5458286,-0.06704885,0.3856494,0.9433595,-0.1873465,1.043622,0.9366498,-0.06567243,0.2840189,1.134143,True,0,1,9
6/23/2025 2:57:16 PM,1750683436810,Right,-0.03636888,0.6893446,0.5715525,-0.06237429,0.3876284,1.010145,-0.09331204,0.6917215,0.5668439,-0.07996188,0.3714051,0.9924274,-0.1852545,1.038623,0.9338491,-0.07850255,0.2866395,1.187963,True,0,1,9
6/23/2025 2:57:16 PM,1750683436824,Right,-0.04077557,0.6726204,0.5821212,-0.0706169,0.3892171,1.031393,-0.09806286,0.6760746,0.5774363,-0.08935272,0.376895,1.017174,-0.1859082,1.03801,0.9325938,-0.08926565,0.3010882,1.217286,True,0,1,9
6/23/2025 2:57:16 PM,1750683436851,Right,-0.04948524,0.6487037,0.6012942,-0.08681392,0.4015257,1.072704,-0.1056029,0.6527809,0.5977972,-0.1023494,0.3872739,1.060503,-0.1908171,1.043382,0.9298055,-0.1039802,0.327778,1.264483,True,0,1,9
6/23/2025 2:57:16 PM,1750683436865,Right,-0.05162607,0.6418158,0.6115435,-0.09612934,0.4119965,1.090787,-0.1095078,0.6449103,0.6067252,-0.1119092,0.3995634,1.080232,-0.1954687,1.049306,0.9296894,-0.116686,0.3487416,1.286676,True,0,1,9
6/23/2025 2:57:16 PM,1750683436893,Right,-0.06028198,0.6368278,0.632622,-0.1153677,0.4326796,1.120148,-0.1170572,0.6369523,0.6242204,-0.1291226,0.4240994,1.111004,-0.210192,1.064864,0.9321413,-0.1391213,0.386162,1.321872,True,0,1,9
6/23/2025 2:57:16 PM,1750683436907,Right,-0.06591841,0.6385179,0.6423798,-0.127572,0.4480202,1.13657,-0.1216665,0.637365,0.6322375,-0.1425613,0.4403657,1.127217,-0.2202547,1.074188,0.9344609,-0.1574482,0.4100594,1.337327,True,0,1,9
6/23/2025 2:57:16 PM,1750683436935,Right,-0.0771969,0.645101,0.6586536,-0.1531048,0.480635,1.157547,-0.1320376,0.6427104,0.6465832,-0.1666477,0.4723241,1.148109,-0.2437515,1.093556,0.9363823,-0.1890479,0.4519659,1.361053,True,0,1,9
6/23/2025 2:57:16 PM,1750683436948,Right,-0.08483955,0.6511992,0.6656643,-0.1696512,0.4974723,1.16763,-0.1387046,0.6482075,0.6527857,-0.1838883,0.4897299,1.158381,-0.2579581,1.105011,0.9357595,-0.2114727,0.4746885,1.370209,True,0,1,9
6/23/2025 2:57:16 PM,1750683436962,Right,-0.08952089,0.6585858,0.6725842,-0.1864393,0.5141099,1.174888,-0.141744,0.6554961,0.6586632,-0.2011394,0.5069143,1.165581,-0.2733885,1.116698,0.9349008,-0.2351407,0.4958479,1.376918,True,0,1,9
6/23/2025 2:57:16 PM,1750683436991,Right,-0.09918726,0.6739233,0.6841429,-0.222311,0.5470369,1.186085,-0.1501117,0.6711857,0.6685938,-0.2344917,0.5404701,1.177491,-0.3072278,1.140313,0.9323514,-0.2787233,0.537013,1.386617,True,0,1,9
6/23/2025 2:57:17 PM,1750683437004,Right,-0.1046143,0.6836293,0.6905004,-0.242726,0.5646539,1.189915,-0.1558034,0.6804039,0.6728291,-0.2570802,0.5575612,1.180082,-0.324578,1.151819,0.9303024,-0.3088321,0.5570764,1.388002,True,0,1,9
6/23/2025 2:57:17 PM,1750683437032,Right,-0.1160786,0.704811,0.7023091,-0.2850423,0.59724,1.194107,-0.1649162,0.6996629,0.6814043,-0.296262,0.5905132,1.184216,-0.3632133,1.174674,0.922962,-0.3616106,0.595178,1.38886,True,0,1,9
6/23/2025 2:57:17 PM,1750683437046,Right,-0.1230175,0.7179045,0.708272,-0.3090731,0.6134466,1.194473,-0.1708495,0.7088175,0.684911,-0.3213297,0.6056226,1.183514,-0.3836555,1.185105,0.9175611,-0.3956462,0.6123749,1.3851,True,0,1,9
6/23/2025 2:57:17 PM,1750683437074,Right,-0.1392333,0.7429522,0.718209,-0.358719,0.6453151,1.192496,-0.1830529,0.7306859,0.692263,-0.3679305,0.637489,1.181892,-0.4264416,1.204212,0.9052007,-0.4573323,0.6479328,1.376385,True,0,1,9
6/23/2025 2:57:17 PM,1750683437088,Right,-0.1479683,0.7568173,0.723907,-0.3861359,0.6608973,1.18883,-0.1928601,0.7382435,0.6932829,-0.3971136,0.6501909,1.175532,-0.4486444,1.212497,0.8973093,-0.4955789,0.6621477,1.366091,True,0,1,9
6/23/2025 2:57:17 PM,1750683437102,Right,-0.1579178,0.769814,0.7288502,-0.4131185,0.6756824,1.184885,-0.2022169,0.7452991,0.6937,-0.4205188,0.6645116,1.170896,-0.4713645,1.220274,0.8881853,-0.5249222,0.6791707,1.358221,True,0,1,9
6/23/2025 2:57:17 PM,1750683437129,Right,-0.1805295,0.7962897,0.7380278,-0.4697571,0.7015759,1.171663,-0.2182982,0.7695438,0.7018397,-0.4781969,0.6920803,1.156881,-0.5177286,1.2338,0.867451,-0.6016376,0.7068757,1.333681,True,0,1,9
6/23/2025 2:57:17 PM,1750683437143,Right,-0.1925781,0.8090757,0.7419288,-0.4993008,0.7147114,1.163751,-0.228579,0.7812213,0.7040572,-0.5045941,0.7069249,1.150295,-0.541221,1.238983,0.8550224,-0.6345468,0.7227662,1.322016,True,0,1,9
6/23/2025 2:57:17 PM,1750683437171,Right,-0.2203149,0.8316984,0.7474218,-0.5606297,0.7386875,1.143232,-0.2500567,0.8072691,0.7113352,-0.5670307,0.727542,1.12868,-0.5873779,1.248609,0.8284065,-0.7150716,0.7397428,1.285183,True,0,1,9
6/23/2025 2:57:17 PM,1750683437185,Right,-0.2352057,0.8428563,0.7495549,-0.5912235,0.7493756,1.131237,-0.2620257,0.8174883,0.7133374,-0.5946877,0.7389637,1.118564,-0.6097488,1.252156,0.8130982,-0.7493724,0.7510155,1.268472,True,0,1,9
6/23/2025 2:57:17 PM,1750683437213,Right,-0.2681463,0.8657655,0.7519964,-0.6549488,0.7679484,1.102872,-0.2899435,0.8361947,0.7157176,-0.6594286,0.7542284,1.088373,-0.6531677,1.257864,0.7802837,-0.8287133,0.7633295,1.220215,True,0,1,9
6/23/2025 2:57:17 PM,1750683437226,Right,-0.2852852,0.878179,0.752095,-0.6872563,0.7751381,1.087752,-0.3052359,0.8446221,0.7161799,-0.6910239,0.7621435,1.075328,-0.6742671,1.260353,0.7636777,-0.8644239,0.7707998,1.197801,True,0,1,9
6/23/2025 2:57:17 PM,1750683437254,Right,-0.3256586,0.8972082,0.750842,-0.7515954,0.7885893,1.052597,-0.3399437,0.8595253,0.7155894,-0.755466,0.7734693,1.038241,-0.7149814,1.264119,0.729406,-0.9412348,0.7780619,1.142102,True,0,1,9
6/23/2025 2:57:17 PM,1750683437269,Right,-0.3473519,0.9041589,0.74953,-0.7847895,0.7942424,1.033577,-0.3580888,0.8661273,0.7143716,-0.7860959,0.7790388,1.019666,-0.7343785,1.265043,0.7108922,-0.9766637,0.7821246,1.114882,True,0,1,9
6/23/2025 2:57:17 PM,1750683437282,Right,-0.3709397,0.9108556,0.7471146,-0.8185492,0.8009257,1.012087,-0.3786125,0.8728598,0.7129768,-0.8183029,0.7836829,0.9980086,-0.7533864,1.265848,0.6921136,-1.014734,0.7841082,1.083884,True,0,1,9
6/23/2025 2:57:17 PM,1750683437310,Right,-0.4153307,0.9240239,0.739188,-0.8815171,0.8100959,0.9681576,-0.4179099,0.8828225,0.7071161,-0.879103,0.7891466,0.9542394,-0.7879835,1.265561,0.6536143,-1.082839,0.7848626,1.02076,True,0,1,9
6/23/2025 2:57:17 PM,1750683437324,Right,-0.4389659,0.9302244,0.7333487,-0.9144576,0.8171669,0.9423066,-0.4375506,0.8885751,0.7040025,-0.909022,0.7932543,0.9297925,-0.8044363,1.265093,0.6343062,-1.116065,0.7864974,0.9856033,True,0,1,9
6/23/2025 2:57:17 PM,1750683437352,Right,-0.4868202,0.939895,0.7163911,-0.9759679,0.8180619,0.8899561,-0.4808905,0.8949494,0.6919373,-0.9704389,0.7961076,0.8778649,-0.8358117,1.263201,0.5969043,-1.18022,0.7854664,0.9134149,True,0,1,9
6/23/2025 2:57:17 PM,1750683437365,Right,-0.5117722,0.9449298,0.7070586,-1.007454,0.8216895,0.8602042,-0.5039997,0.8985441,0.6835359,-1.000984,0.7989111,0.8485048,-0.850527,1.261954,0.5786623,-1.211993,0.7865548,0.874071,True,0,1,9
6/23/2025 2:57:17 PM,1750683437393,Right,-0.5590533,0.9535431,0.6841061,-1.066982,0.823893,0.8029243,-0.549026,0.9066129,0.6655539,-1.059773,0.7993889,0.7925593,-0.8782833,1.259166,0.5433434,-1.267814,0.7806478,0.7981308,True,0,1,9
6/23/2025 2:57:17 PM,1750683437407,Right,-0.5825699,0.9564648,0.6709933,-1.098938,0.8188751,0.7755927,-0.5715905,0.9099334,0.6551079,-1.092882,0.7997637,0.7646902,-0.8909515,1.25737,0.526675,-1.294065,0.7789246,0.7598338,True,0,1,9
6/23/2025 2:57:17 PM,1750683437421,Right,-0.6057876,0.9588585,0.6568972,-1.131196,0.8099829,0.7495377,-0.5938104,0.9111347,0.6427999,-1.126828,0.7984936,0.7380484,-0.902822,1.255234,0.5105596,-1.318453,0.7754658,0.7239586,True,0,1,9
6/23/2025 2:57:17 PM,1750683437449,Right,-0.6495346,0.9627519,0.6238362,-1.194078,0.7817378,0.7028604,-0.6360409,0.9098461,0.6150944,-1.198065,0.7895222,0.6779634,-0.9241742,1.250017,0.4804697,-1.362932,0.7659703,0.6471832,True,0,1,9
6/23/2025 2:57:17 PM,1750683437462,Right,-0.6708947,0.9639563,0.6027872,-1.226172,0.7615879,0.6810644,-0.6565097,0.9111468,0.5988293,-1.236587,0.7877619,0.6472266,-0.9337953,1.24683,0.4672793,-1.383568,0.7649822,0.6098751,True,0,1,9
6/23/2025 2:57:17 PM,1750683437490,Right,-0.7080849,0.9654921,0.5598231,-1.247646,0.7457945,0.6672512,-0.6946668,0.9136676,0.5663449,-1.273502,0.7849809,0.5835677,-0.9510729,1.239772,0.4433719,-1.41846,0.754252,0.5378717,True,0,1,9
6/23/2025 2:57:17 PM,1750683437504,Right,-0.7244072,0.9656648,0.5385784,-1.247646,0.7457945,0.6672512,-0.7127045,0.9163276,0.5511275,-1.28082,0.7873627,0.5526452,-0.9588783,1.236007,0.4323863,-1.433864,0.7498202,0.5031302,True,0,1,9
6/23/2025 2:57:17 PM,1750683437532,Right,-0.7524749,0.9639327,0.4997408,-1.247646,0.7457945,0.6672512,-0.7420611,0.9136823,0.5198753,-1.29299,0.7824195,0.4943734,-0.9716555,1.228301,0.4137813,-1.456586,0.7325376,0.4377755,False,0,1,9
6/23/2025 2:57:17 PM,1750683437546,Right,-0.7637361,0.9621517,0.4832813,-1.247646,0.7457945,0.6672512,-0.755053,0.9146195,0.5059642,-1.299242,0.781975,0.4673643,-0.977187,1.224643,0.4053245,-1.465581,0.7260681,0.4074815,False,0,1,9
6/23/2025 2:57:17 PM,1750683437574,Right,-0.7822139,0.9584631,0.4573802,-1.247646,0.7457945,0.6672512,-0.7746836,0.912941,0.4855356,-1.30688,0.7755458,0.4221143,-0.9867438,1.218289,0.3899331,-1.476283,0.7106414,0.3554083,False,0,1,9
6/23/2025 2:57:17 PM,1750683437588,Right,-0.7898725,0.9574422,0.4483985,-1.247646,0.7457945,0.6672512,-0.7823251,0.9120035,0.4762952,-1.309475,0.7741135,0.4015768,-0.99049,1.215745,0.383539,-1.480136,0.7067522,0.3312696,False,0,1,9
6/23/2025 2:57:17 PM,1750683437602,Right,-0.7960432,0.9556293,0.4392999,-1.247646,0.7457945,0.6672512,-0.7892991,0.9100218,0.468233,-1.311408,0.7675667,0.3833172,-0.9932009,1.213765,0.3779522,-1.481756,0.6965449,0.310021,False,0,1,9
6/23/2025 2:57:17 PM,1750683437628,Right,-0.8056262,0.952246,0.4279603,-1.247646,0.7457945,0.6672512,-0.7983083,0.9071237,0.4571052,-1.313003,0.7644324,0.3564278,-0.9972085,1.210671,0.3690342,-1.484919,0.6924092,0.2766499,False,0,1,9
6/23/2025 2:57:17 PM,1750683437643,Right,-0.8096409,0.9500349,0.4223485,-1.247646,0.7457945,0.6672512,-0.8020472,0.9049573,0.4517542,-1.312375,0.7580049,0.3435448,-0.9984519,1.209707,0.3659793,-1.4837,0.6832209,0.2612756,False,0,1,9
6/23/2025 2:57:17 PM,1750683437670,Right,-0.8122191,0.9473561,0.416844,-1.247646,0.7457945,0.6672512,-0.8053703,0.9031826,0.445653,-1.313523,0.7552099,0.3322533,-0.9999152,1.209846,0.3629841,-1.484708,0.6812631,0.2472775,False,0,1,9
6/23/2025 2:57:17 PM,1750683437685,Right,-0.813207,0.9459143,0.414483,-1.247646,0.7457945,0.6672512,-0.8063378,0.9018846,0.4432184,-1.311734,0.7494875,0.3246585,-1.00025,1.211262,0.3634,-1.481497,0.6733564,0.2381931,False,0,1,9
6/23/2025 2:57:17 PM,1750683437712,Right,-0.8122566,0.9451549,0.4140144,-1.247646,0.7457945,0.6672512,-0.8046656,0.9011669,0.4414107,-1.31022,0.7456135,0.3246153,-1.000515,1.214657,0.3666638,-1.479612,0.6706285,0.2379426,False,0,1,9
6/23/2025 2:57:17 PM,1750683437726,Right,-0.811631,0.9456055,0.4145393,-1.247646,0.7457945,0.6672512,-0.8034447,0.900914,0.4414625,-1.307259,0.7406777,0.3215871,-1.000234,1.216909,0.3697393,-1.474991,0.6639304,0.2341824,False,0,1,9
6/23/2025 2:57:17 PM,1750683437754,Right,-0.8074309,0.9477082,0.4196126,-1.247646,0.7457945,0.6672512,-0.7976665,0.9019893,0.443799,-1.303463,0.7355343,0.3329263,-0.9980906,1.222546,0.3796309,-1.470831,0.6600188,0.2478419,False,0,1,9
6/23/2025 2:57:17 PM,1750683437768,Right,-0.8050489,0.9493148,0.4231889,-1.247646,0.7457945,0.6672512,-0.7940223,0.9026661,0.4454382,-1.298829,0.7310935,0.3333793,-0.9963734,1.22545,0.3859466,-1.464485,0.6543979,0.2480981,False,0,1,9
6/23/2025 2:57:17 PM,1750683437782,Right,-0.8015214,0.9514987,0.4286806,-1.247646,0.7457945,0.6672512,-0.7886894,0.9034231,0.4483584,-1.294986,0.7280149,0.3430736,-0.9940143,1.228563,0.3937201,-1.460693,0.6527338,0.2595034,False,0,1,9
6/23/2025 2:57:17 PM,1750683437809,Right,-0.7913859,0.9555798,0.4411946,-1.247646,0.7457945,0.6672512,-0.7755395,0.9065057,0.4560283,-1.28459,0.7205148,0.3590726,-0.9876525,1.235173,0.4123749,-1.44734,0.64739,0.2781434,False,0,1,9
6/23/2025 2:57:17 PM,1750683437824,Right,-0.784098,0.9585559,0.4504079,-1.247646,0.7457945,0.6672512,-0.7667126,0.9088269,0.4623682,-1.278744,0.7162838,0.3745871,-0.9834325,1.238815,0.4238083,-1.440056,0.6457022,0.2966135,False,0,1,9
6/23/2025 2:57:17 PM,1750683437851,Right,-0.7661901,0.9600756,0.4717844,-1.247646,0.7457945,0.6672512,-0.746031,0.9128879,0.4761308,-1.263046,0.707092,0.398935,-0.9727439,1.246631,0.4496593,-1.419513,0.6414315,0.3250203,False,0,1,9
6/23/2025 2:57:17 PM,1750683437865,Right,-0.7533491,0.9612975,0.4839966,-1.241475,0.7370331,0.4229357,-0.7321311,0.9152619,0.484464,-1.227576,0.7113375,0.4198149,-0.965997,1.25069,0.4647025,-1.406868,0.6400876,0.3462297,False,0,1,9
6/23/2025 2:57:17 PM,1750683437893,Right,-0.7240573,0.9627748,0.5062467,-1.198004,0.7176788,0.4767982,-0.7014673,0.9190155,0.4957236,-1.189486,0.7067168,0.4483666,-0.9499043,1.258259,0.4982152,-1.377282,0.6356782,0.3812916,False,0,1,9
6/23/2025 2:57:17 PM,1750683437907,Right,-0.7058142,0.9650766,0.5176808,-1.181844,0.7109019,0.4964189,-0.6825159,0.921591,0.502279,-1.173529,0.7003031,0.4658681,-0.9399359,1.261851,0.517045,-1.35924,0.6340255,0.405061,False,0,1,9
6/23/2025 2:57:17 PM,1750683437935,Right,-0.6649755,0.9681177,0.5389528,-1.151117,0.6974996,0.5344996,-0.6420063,0.9259917,0.5181768,-1.143089,0.6862966,0.4958971,-0.9146918,1.268083,0.5566385,-1.317585,0.6289126,0.4444386,False,0,1,9
6/23/2025 2:57:17 PM,1750683437948,Right,-0.6397454,0.9700091,0.5473884,-1.135345,0.6903467,0.5544552,-0.6161031,0.9269071,0.5219371,-1.125122,0.6740251,0.5146347,-0.8995161,1.270676,0.5765629,-1.290838,0.623176,0.4711394,False,0,1,9
6/23/2025 2:57:17 PM,1750683437962,Right,-0.6122238,0.973861,0.5568228,-1.120146,0.6832707,0.5739583,-0.5912787,0.9324017,0.5245411,-1.108945,0.6610557,0.5354707,-0.8825597,1.272891,0.5965422,-1.262179,0.6171263,0.5001588,False,0,1,9
6/23/2025 2:57:17 PM,1750683437990,Right,-0.55813,0.9806612,0.5683163,-1.099567,0.7032295,0.5347631,-0.5423798,0.9477738,0.5277349,-1.060768,0.6482904,0.5675337,-0.8445081,1.275451,0.6355524,-1.20228,0.6095699,0.5435545,False,0,1,9
6/23/2025 2:57:18 PM,1750683438004,Right,-0.5282431,0.9861894,0.5699511,-0.9678909,0.6866415,0.6080136,-0.5143052,0.9560378,0.526622,-0.967021,0.6765913,0.5812518,-0.8238685,1.275886,0.6545533,-1.164382,0.601931,0.5725461,False,0,1,9
6/23/2025 2:57:18 PM,1750683438032,Right,-0.4681451,0.9983528,0.5701927,-0.8845198,0.6800317,0.6377943,-0.4617212,0.9777413,0.5204819,-0.8906583,0.6794562,0.6016921,-0.7786393,1.274785,0.6908436,-1.090255,0.5945652,0.6111565,False,0,1,9
6/23/2025 2:57:18 PM,1750683438046,Right,-0.4368187,1.00625,0.5660071,-0.847918,0.6778621,0.6472774,-0.4325182,0.9851633,0.5144354,-0.8515235,0.6726871,0.6152755,-0.7547259,1.273576,0.7080089,-1.045524,0.5857388,0.6360256,False,0,1,9
6/23/2025 2:57:18 PM,1750683438074,Right,-0.3779178,1.022547,0.5546168,-0.7657707,0.6742386,0.6658844,-0.3807198,1.004268,0.5008907,-0.7781535,0.6736133,0.6302057,-0.7045807,1.268332,0.7403994,-0.9658759,0.580426,0.6683736,False,0,1,9
6/23/2025 2:57:18 PM,1750683438088,Right,-0.3475792,1.031373,0.5440058,-0.7245668,0.6749282,0.6718799,-0.3565539,1.015374,0.4909444,-0.7372156,0.6716747,0.6403216,-0.6784219,1.264772,0.7559197,-0.9186243,0.5743761,0.6901873,False,0,1,9
6/23/2025 2:57:18 PM,1750683438102,Right,-0.3187942,1.040405,0.5348518,-0.6837842,0.6750978,0.6781178,-0.3332105,1.026348,0.4830763,-0.7059499,0.6750588,0.6400574,-0.6509684,1.259707,0.770089,-0.8832327,0.5763848,0.6954642,False,0,1,9
6/23/2025 2:57:18 PM,1750683438129,Right,-0.2740897,1.057761,0.5101257,-0.6034437,0.6730586,0.6811956,-0.2979017,1.047214,0.4595673,-0.6249688,0.6719978,0.6540781,-0.5976495,1.248962,0.7962173,-0.787313,0.5615647,0.732919,False,0,1,9
6/23/2025 2:57:18 PM,1750683438143,Right,-0.253337,1.06609,0.4973038,-0.5648223,0.6710532,0.6825834,-0.2807185,1.056992,0.4484295,-0.59557,0.6740665,0.6520044,-0.5722731,1.242734,0.8085922,-0.7519367,0.5617888,0.7362263,False,0,1,9
6/23/2025 2:57:18 PM,1750683438171,Right,-0.2198945,1.080972,0.4732387,-0.4974133,0.6729538,0.683602,-0.2541277,1.072685,0.4282794,-0.5222728,0.6703687,0.6602572,-0.5241601,1.229161,0.8326703,-0.6584641,0.5499136,0.7649128,False,0,1,9
6/23/2025 2:57:18 PM,1750683438185,Right,-0.2047269,1.087716,0.4613861,-0.4620115,0.6715165,0.683911,-0.2414258,1.080236,0.4190277,-0.4960152,0.6713614,0.6571354,-0.501117,1.221793,0.8446929,-0.6252345,0.5490788,0.7663935,False,0,1,9
6/23/2025 2:57:18 PM,1750683438213,Right,-0.1815523,1.096285,0.4458408,-0.4007722,0.670425,0.6839392,-0.2234076,1.09116,0.4077642,-0.4262614,0.6663655,0.661523,-0.4551094,1.205397,0.8681054,-0.5340499,0.5334406,0.7853223,False,0,1,9
6/23/2025 2:57:18 PM,1750683438226,Right,-0.1698345,1.100786,0.4396062,-0.369661,0.6678792,0.684415,-0.2143498,1.095494,0.4034194,-0.4017832,0.6643347,0.6604136,-0.4332052,1.196502,0.8793113,-0.5019872,0.5294388,0.7867555,False,0,1,9
6/23/2025 2:57:18 PM,1750683438254,Right,-0.1531443,1.10332,0.4336168,-0.31305,0.6589603,0.6855554,-0.2000476,1.096554,0.4009801,-0.3385307,0.6521835,0.6650242,-0.3933339,1.17587,0.8998675,-0.4176812,0.5095557,0.7986848,False,0,1,9
6/23/2025 2:57:18 PM,1750683438268,Right,-0.1432921,1.102982,0.4316033,-0.2851261,0.6517442,0.6866459,-0.192499,1.095155,0.4002275,-0.3154809,0.6447769,0.6658878,-0.374297,1.165221,0.9094663,-0.3868499,0.5015748,0.8002152,False,0,1,9
6/23/2025 2:57:18 PM,1750683438282,Right,-0.136439,1.098086,0.4317862,-0.2592794,0.6413011,0.6860044,-0.1853037,1.091287,0.4028228,-0.286038,0.6362875,0.6693335,-0.3562305,1.154033,0.9179046,-0.3477641,0.4901536,0.8057432,False,0,1,9
6/23/2025 2:57:18 PM,1750683438309,Right,-0.1193808,1.083902,0.4338803,-0.2119021,0.6207221,0.6899267,-0.1709204,1.077539,0.4097687,-0.2371852,0.6154535,0.6754482,-0.3223221,1.131999,0.9323814,-0.2827152,0.4658221,0.814002,False,0,1,9
6/23/2025 2:57:18 PM,1750683438324,Right,-0.1107796,1.072249,0.4373548,-0.1893668,0.6071337,0.6932673,-0.1630604,1.066126,0.4151101,-0.2133095,0.6025235,0.6805083,-0.3066111,1.120668,0.9387023,-0.2506561,0.4513329,0.8206424,False,0,1,9
6/23/2025 2:57:18 PM,1750683438351,Right,-0.09222382,1.045256,0.4463682,-0.1501969,0.5797544,0.7055266,-0.1487095,1.038157,0.4263597,-0.173007,0.5732867,0.6917183,-0.2786276,1.098107,0.9484932,-0.1962971,0.4204925,0.834191,False,0,1,9
6/23/2025 2:57:18 PM,1750683438364,Right,-0.08546954,1.026532,0.453025,-0.1326195,0.5598233,0.71195,-0.1403508,1.020494,0.4352798,-0.1531275,0.5560291,0.7019389,-0.2660079,1.087802,0.9519479,-0.1701151,0.4033256,0.8455443,False,0,1,9
6/23/2025 2:57:18 PM,1750683438392,Right,-0.07067678,0.9863781,0.4672346,-0.1009696,0.5218207,0.7318127,-0.1280002,0.9799231,0.450727,-0.119664,0.5177996,0.720943,-0.2437956,1.0683,0.9562182,-0.1256668,0.3658768,0.8667099,True,0,1,10
6/23/2025 2:57:18 PM,1750683438406,Right,-0.06362659,0.9627526,0.4755319,-0.08758465,0.5017759,0.7454202,-0.121144,0.9555795,0.4593338,-0.1049282,0.497641,0.7348351,-0.233547,1.059197,0.9580431,-0.1069343,0.3469871,0.883024,True,0,1,10
6/23/2025 2:57:18 PM,1750683438435,Right,-0.0498373,0.9130669,0.4901992,-0.06461489,0.459137,0.7684712,-0.1084749,0.9074268,0.4784445,-0.08053162,0.4581603,0.7630872,-0.2152383,1.042425,0.9612837,-0.07580665,0.3094713,0.9160311,True,0,1,10
6/23/2025 2:57:18 PM,1750683438449,Right,-0.04222759,0.8870509,0.4981679,-0.05602579,0.4360871,0.7799253,-0.1035934,0.8805412,0.4876438,-0.07360511,0.4390036,0.782688,-0.2068707,1.03398,0.9621933,-0.06672965,0.2936638,0.9396572,True,0,1,10
6/23/2025 2:57:18 PM,1750683438462,Right,-0.03720997,0.8598395,0.5071716,-0.05535739,0.4362893,0.813189,-0.1004906,0.852547,0.4964317,-0.07067693,0.428889,0.7993333,-0.1990237,1.025592,0.9628527,-0.0615679,0.2804192,0.9668092,True,0,1,10
6/23/2025 2:57:18 PM,1750683438489,Right,-0.02825554,0.8088211,0.5239726,-0.04579933,0.3971559,0.8661663,-0.09112538,0.8056038,0.5190222,-0.0629878,0.3875911,0.8517237,-0.188465,1.010631,0.9608798,-0.05248688,0.2585345,1.018344,True,0,1,10
6/23/2025 2:57:18 PM,1750683438504,Right,-0.02405052,0.7865347,0.5332121,-0.04697084,0.3896125,0.8904666,-0.08650316,0.7833072,0.5290862,-0.06465316,0.3791005,0.8778167,-0.1858165,1.006119,0.959655,-0.05544824,0.2561644,1.049909,True,0,1,10
6/23/2025 2:57:18 PM,1750683438532,Right,-0.01765876,0.746704,0.5522205,-0.0512128,0.3788441,0.9352948,-0.07851703,0.7452753,0.5490868,-0.06670967,0.367109,0.9233221,-0.1832252,1.001038,0.959064,-0.0600847,0.2545924,1.104956,True,0,1,10
6/23/2025 2:57:18 PM,1750683438545,Right,-0.01612785,0.7314866,0.5634541,-0.05537865,0.3805573,0.9619681,-0.07699691,0.7301784,0.5591289,-0.07320243,0.369069,0.9503112,-0.1841612,1.000973,0.9598079,-0.07019911,0.2649799,1.136748,True,0,1,10
6/23/2025 2:57:18 PM,1750683438573,Right,-0.01441664,0.7088293,0.5862251,-0.06520481,0.3890105,1.008943,-0.07590699,0.707992,0.5810215,-0.08167423,0.3746386,0.9961718,-0.1908145,1.006001,0.9643826,-0.08379451,0.2836864,1.1893,True,0,1,10
6/23/2025 2:57:18 PM,1750683438587,Right,-0.0144812,0.7026966,0.598749,-0.07202825,0.3970333,1.031191,-0.07632822,0.7005398,0.5919209,-0.08936393,0.3837007,1.019875,-0.195982,1.01019,0.9671082,-0.0962457,0.3005358,1.216181,True,0,1,10
6/23/2025 2:57:18 PM,1750683438615,Right,-0.01769466,0.6950943,0.6236786,-0.08740098,0.4166717,1.071091,-0.0789596,0.6896523,0.6116803,-0.1017642,0.4022613,1.058296,-0.2096654,1.023324,0.9710641,-0.1149864,0.3315751,1.260204,True,0,1,10
6/23/2025 2:57:18 PM,1750683438629,Right,-0.02078217,0.6941804,0.6365775,-0.09801821,0.429556,1.089518,-0.08082712,0.6875455,0.6213588,-0.1132994,0.4175014,1.07656,-0.2178671,1.031043,0.9728634,-0.1325625,0.3535407,1.281559,True,0,1,10
6/23/2025 2:57:18 PM,1750683438643,Right,-0.0215728,0.6941564,0.6466364,-0.1084306,0.4423107,1.106186,-0.08263057,0.6858353,0.6304953,-0.1198362,0.4269916,1.092825,-0.2283912,1.041179,0.9739947,-0.1415803,0.3686468,1.29834,True,0,1,10
6/23/2025 2:57:18 PM,1750683438671,Right,-0.02791456,0.6985203,0.6657175,-0.1348435,0.4703742,1.133184,-0.08648053,0.6879348,0.6474795,-0.1424676,0.4555614,1.121359,-0.2522317,1.062185,0.9755466,-0.1744895,0.4083963,1.328811,True,0,1,10
6/23/2025 2:57:18 PM,1750683438684,Right,-0.02959944,0.7013792,0.6747137,-0.1497041,0.4860648,1.146065,-0.08833589,0.691741,0.6554489,-0.1593325,0.4731219,1.135111,-0.2657588,1.074348,0.9760432,-0.198491,0.4325024,1.341569,True,0,1,10
6/23/2025 2:57:18 PM,1750683438712,Right,-0.03986455,0.710105,0.6935076,-0.183952,0.5179376,1.162878,-0.09465194,0.7020774,0.6710265,-0.1896051,0.5069454,1.152513,-0.2961849,1.099468,0.9759989,-0.240686,0.4742503,1.361583,True,0,1,10
6/23/2025 2:57:18 PM,1750683438726,Right,-0.04561194,0.7159714,0.7028,-0.2022465,0.5346606,1.170717,-0.09864178,0.7086834,0.6784443,-0.2103443,0.5252125,1.158368,-0.31365,1.112366,0.9748137,-0.2697859,0.4963157,1.368161,True,0,1,10
6/23/2025 2:57:18 PM,1750683438754,Right,-0.05884932,0.732673,0.7195771,-0.2441194,0.5671468,1.182618,-0.1078401,0.7237177,0.6920985,-0.255321,0.5591289,1.168866,-0.350584,1.138691,0.9697187,-0.3310853,0.5381386,1.37461,True,0,1,10
6/23/2025 2:57:18 PM,1750683438768,Right,-0.06602368,0.7420048,0.7281296,-0.2665801,0.5847852,1.187845,-0.1133412,0.7323245,0.6990169,-0.273083,0.5762543,1.174828,-0.3701918,1.151494,0.9657137,-0.3541752,0.5589533,1.378753,True,0,1,10
6/23/2025 2:57:18 PM,1750683438782,Right,-0.07468869,0.752619,0.7362168,-0.2907104,0.5999219,1.190566,-0.1225359,0.7356231,0.702625,-0.2999184,0.5890025,1.175309,-0.3904858,1.164002,0.9606793,-0.3894934,0.5755004,1.375822,True,0,1,10
6/23/2025 2:57:18 PM,1750683438809,Right,-0.09241518,0.7733049,0.7511867,-0.3407993,0.6312837,1.192756,-0.1355704,0.7573435,0.7166499,-0.3463217,0.6231282,1.179645,-0.4333966,1.187732,0.9472866,-0.45054,0.6147359,1.372819,True,0,1,10
6/23/2025 2:57:18 PM,1750683438823,Right,-0.1014283,0.783923,0.7594939,-0.3692606,0.6473905,1.192193,-0.145791,0.7622764,0.7199157,-0.3760753,0.635721,1.176483,-0.4557127,1.19867,0.9387741,-0.4886325,0.6305045,1.364273,True,0,1,10
6/23/2025 2:57:18 PM,1750683438851,Right,-0.1244961,0.8053453,0.7724928,-0.4245523,0.6763758,1.187218,-0.1641625,0.7813482,0.7306033,-0.4295252,0.6648548,1.171711,-0.5018201,1.218706,0.9186141,-0.5566975,0.6636296,1.348793,True,0,1,10
6/23/2025 2:57:18 PM,1750683438865,Right,-0.1364755,0.8165479,0.7794157,-0.4546957,0.6901039,1.181885,-0.1753207,0.7924845,0.7372231,-0.4612063,0.6782101,1.166566,-0.5250804,1.227267,0.905889,-0.5970459,0.6776114,1.336433,True,0,1,10
6/23/2025 2:57:18 PM,1750683438893,Right,-0.1659931,0.8383481,0.7895215,-0.5157152,0.7165816,1.168287,-0.1973048,0.8162,0.7500369,-0.5199462,0.7063519,1.155363,-0.572868,1.243277,0.8776076,-0.6699867,0.7073705,1.311132,True,0,1,10
6/23/2025 2:57:18 PM,1750683438907,Right,-0.1826215,0.8508955,0.7954229,-0.5478956,0.7288975,1.158858,-0.2113822,0.8268157,0.7545671,-0.5529218,0.7174082,1.14401,-0.5975038,1.250557,0.8621337,-0.7110725,0.7180674,1.291767,True,0,1,10
6/23/2025 2:57:18 PM,1750683438934,Right,-0.214699,0.8771607,0.804125,-0.6130022,0.752198,1.136958,-0.2421996,0.8473912,0.7626401,-0.6187761,0.7398436,1.125109,-0.6455035,1.26194,0.8273311,-0.7870426,0.7415404,1.254617,True,0,1,10
6/23/2025 2:57:18 PM,1750683438949,Right,-0.2346288,0.8879813,0.8075945,-0.6471629,0.762911,1.123116,-0.2600892,0.8567463,0.7658762,-0.6536987,0.7486695,1.110228,-0.6689615,1.266526,0.808394,-0.8282535,0.7496964,1.230451,True,0,1,10
6/23/2025 2:57:18 PM,1750683438963,Right,-0.2560504,0.8984966,0.8101169,-0.6815334,0.7726041,1.108,-0.2789036,0.8658946,0.7681426,-0.6879295,0.7568504,1.094122,-0.6916151,1.270166,0.7882942,-0.8681337,0.7570166,1.20524,True,0,1,10
6/23/2025 2:57:18 PM,1750683438990,Right,-0.3002946,0.9197671,0.8125023,-0.7492648,0.7894686,1.074205,-0.3188766,0.8851037,0.7707714,-0.7548898,0.7732975,1.061027,-0.734895,1.275859,0.7464135,-0.9437581,0.7715136,1.153813,True,0,1,10
6/23/2025 2:57:19 PM,1750683439004,Right,-0.3261268,0.9284047,0.8119894,-0.7834272,0.7981738,1.054332,-0.3409716,0.8905531,0.7700979,-0.7875133,0.7791311,1.040188,-0.7554667,1.278011,0.7253709,-0.9824985,0.775855,1.124199,True,0,1,10
6/23/2025 2:57:19 PM,1750683439032,Right,-0.3784528,0.9443952,0.8081038,-0.8503303,0.8089423,1.013076,-0.3857346,0.9062269,0.7681347,-0.8509499,0.7915674,0.999071,-0.7941303,1.280757,0.6834902,-1.054577,0.7843518,1.064609,True,0,1,10
6/23/2025 2:57:19 PM,1750683439045,Right,-0.4059989,0.9524156,0.8036953,-0.8608081,0.8118396,1.003363,-0.4096919,0.9138514,0.7648873,-0.8699009,0.7998182,0.9697083,-0.8127748,1.281813,0.6630219,-1.09018,0.7866769,1.031089,True,0,1,10
6/23/2025 2:57:19 PM,1750683439074,Right,-0.4613895,0.9682767,0.7889059,-0.9517842,0.8240729,0.9362353,-0.4587936,0.9266604,0.7555659,-0.9462289,0.802964,0.9276893,-0.8478986,1.282286,0.6223564,-1.157084,0.7874434,0.9631953,True,0,1,10
6/23/2025 2:57:19 PM,1750683439087,Right,-0.4904582,0.974723,0.777775,-0.9830878,0.8272121,0.9089185,-0.4846227,0.9318097,0.7480273,-0.9767523,0.8063515,0.9013307,-0.8640759,1.281693,0.6024071,-1.189756,0.7874838,0.9270743,True,0,1,10
6/23/2025 2:57:19 PM,1750683439101,Right,-0.5189822,0.9813827,0.7660628,-1.016381,0.8292614,0.8800068,-0.5095659,0.9372468,0.7399414,-1.007438,0.8061254,0.8747518,-0.879295,1.280656,0.5831934,-1.219393,0.783516,0.8903158,True,0,1,10
6/23/2025 2:57:19 PM,1750683439129,Right,-0.573833,0.9931813,0.7397241,-1.082036,0.8272649,0.8225257,-0.5589764,0.9452704,0.7194405,-1.071588,0.8069177,0.8204512,-0.907721,1.277801,0.5463717,-1.275233,0.7783889,0.815502,True,0,1,10
6/23/2025 2:57:19 PM,1750683439143,Right,-0.6007951,0.9975191,0.7248728,-1.116917,0.8194495,0.7952721,-0.583791,0.9487256,0.709585,-1.107096,0.8014844,0.7922903,-0.9206907,1.275873,0.5294443,-1.300643,0.770699,0.7768864,True,0,1,10
6/23/2025 2:57:19 PM,1750683439171,Right,-0.6520497,1.005024,0.6926773,-1.185782,0.7920978,0.7452027,-0.6320972,0.9550961,0.6861896,-1.182601,0.7918578,0.7321365,-0.9437182,1.270967,0.4979361,-1.347316,0.7590665,0.6977939,True,0,1,10
6/23/2025 2:57:19 PM,1750683439184,Right,-0.6769049,1.007708,0.6750919,-1.220333,0.7722388,0.7219218,-0.6569401,0.9570488,0.6721892,-1.222505,0.7808152,0.7003359,-0.9544284,1.268063,0.4825889,-1.368435,0.7480112,0.6588497,True,0,1,10
6/23/2025 2:57:19 PM,1750683439212,Right,-0.7232254,1.011376,0.6359285,-1.251533,0.7505352,0.7019788,-0.7018186,0.9609723,0.6407011,-1.266817,0.7777268,0.6335515,-0.9732233,1.261269,0.4540113,-1.406472,0.7371035,0.5819957,True,0,1,10
6/23/2025 2:57:19 PM,1750683439226,Right,-0.7452382,1.011811,0.6136432,-1.251533,0.7505352,0.7019788,-0.7235401,0.9591916,0.6266838,-1.269984,0.7736453,0.6018802,-0.9804883,1.257408,0.4416511,-1.4218,0.7228559,0.5449587,True,0,1,10
6/23/2025 2:57:19 PM,1750683439254,Right,-0.781185,1.011693,0.570973,-1.251533,0.7505352,0.7019788,-0.7618367,0.9597527,0.5961204,-1.281951,0.7766104,0.5386182,-0.9932016,1.24962,0.4198643,-1.448427,0.708999,0.4703591,True,0,1,10
6/23/2025 2:57:19 PM,1750683439268,Right,-0.7975594,1.009515,0.5492142,-1.251533,0.7505352,0.7019788,-0.7803234,0.9600562,0.579702,-1.2869,0.7713111,0.50985,-0.9985446,1.246251,0.409874,-1.457835,0.6941985,0.43688,True,0,1,10
6/23/2025 2:57:19 PM,1750683439282,Right,-0.8113462,1.009616,0.5292503,-1.251533,0.7505352,0.7019788,-0.796385,0.9634575,0.5638371,-1.294042,0.7715018,0.4818316,-1.003524,1.243103,0.4013244,-1.465908,0.686657,0.4050252,False,0,1,10
6/23/2025 2:57:19 PM,1750683439309,Right,-0.8327033,1.005669,0.4958911,-1.251533,0.7505352,0.7019788,-0.8222866,0.9659399,0.5361012,-1.303631,0.7629376,0.4346734,-1.012907,1.237249,0.3863035,-1.4743,0.6637892,0.3525712,False,0,1,10
6/23/2025 2:57:19 PM,1750683439323,Right,-0.8412218,1.00513,0.4826379,-1.251533,0.7505352,0.7019788,-0.8318644,0.9665843,0.521746,-1.308443,0.7602624,0.4129569,-1.017332,1.235008,0.3803473,-1.47765,0.6566527,0.3293834,False,0,1,10
6/23/2025 2:57:19 PM,1750683439351,Right,-0.8526626,1.002162,0.4624178,-1.251533,0.7505352,0.7019788,-0.8468664,0.9644746,0.5019895,-1.314464,0.7495486,0.3795145,-1.025508,1.231193,0.371272,-1.4798,0.6395499,0.2924197,False,0,1,10
6/23/2025 2:57:19 PM,1750683439364,Right,-0.8576905,0.9981778,0.4559951,-1.251533,0.7505352,0.7019788,-0.8516055,0.9624709,0.4951163,-1.314773,0.7475474,0.3673279,-1.02898,1.229752,0.3681616,-1.481178,0.6365588,0.2771241,False,0,1,10
6/23/2025 2:57:19 PM,1750683439393,Right,-0.8647578,0.9955101,0.4474478,-1.331923,0.768518,0.3451315,-0.8583867,0.957282,0.4861672,-1.31895,0.7355757,0.3478637,-1.033412,1.227782,0.3646045,-1.479497,0.6246169,0.2545302,False,0,1,10
6/23/2025 2:57:19 PM,1750683439406,Right,-0.8668205,0.9938117,0.4463793,-1.331588,0.7636069,0.334919,-0.8599142,0.9549415,0.4841286,-1.320347,0.7326523,0.3425129,-1.034781,1.227302,0.3638434,-1.479738,0.6235035,0.2473436,False,0,1,10
6/23/2025 2:57:19 PM,1750683439434,Right,-0.868952,0.9905972,0.4463727,-1.330683,0.7547224,0.3266851,-0.8607005,0.9504934,0.4824087,-1.318748,0.7232285,0.3352451,-1.036331,1.2279,0.3655835,-1.475022,0.6144226,0.2379382,False,0,1,10
6/23/2025 2:57:19 PM,1750683439448,Right,-0.8685538,0.9896153,0.4479423,-1.329099,0.7511286,0.3292816,-0.8597227,0.9495465,0.483071,-1.317547,0.7216736,0.3364044,-1.036596,1.228677,0.3675333,-1.474159,0.6137512,0.2385111,False,0,1,10
6/23/2025 2:57:19 PM,1750683439462,Right,-0.8674838,0.9893243,0.4499702,-1.326841,0.7476754,0.3327613,-0.8579468,0.9489853,0.4847427,-1.3158,0.7201269,0.3394103,-1.036556,1.23009,0.3703952,-1.472802,0.6132035,0.2412201,False,0,1,10
6/23/2025 2:57:19 PM,1750683439490,Right,-0.8643218,0.9910664,0.455376,-1.320268,0.7412406,0.3423105,-0.8526631,0.9491835,0.4885348,-1.307613,0.7134882,0.3451582,-1.035553,1.234296,0.3792025,-1.463727,0.6050528,0.2471335,False,0,1,10
6/23/2025 2:57:19 PM,1750683439504,Right,-0.8613059,0.9920013,0.4589354,-1.31464,0.7385619,0.3487926,-0.848186,0.95003,0.4908657,-1.302246,0.7118571,0.352938,-1.034549,1.237204,0.3850728,-1.460077,0.6029856,0.2558135,False,0,1,10
6/23/2025 2:57:19 PM,1750683439532,Right,-0.8533396,0.9962186,0.4685516,-1.301913,0.7326992,0.3644733,-0.8370993,0.9520276,0.4967893,-1.288586,0.7054838,0.3669527,-1.03139,1.244252,0.399245,-1.446801,0.5945174,0.2719564,False,0,1,10
6/23/2025 2:57:19 PM,1750683439545,Right,-0.8472505,0.9992531,0.4751739,-1.293714,0.7292646,0.3759602,-0.8294555,0.95366,0.5002609,-1.281386,0.7028154,0.3783144,-1.029349,1.248233,0.4079663,-1.440591,0.592478,0.2854097,False,0,1,10
6/23/2025 2:57:19 PM,1750683439573,Right,-0.8320545,1.002042,0.4907985,-1.274439,0.7213718,0.402335,-0.8106455,0.9557726,0.5084873,-1.260528,0.6955576,0.3981828,-1.022931,1.256494,0.4296675,-1.421089,0.5851449,0.3082524,False,0,1,10
6/23/2025 2:57:19 PM,1750683439587,Right,-0.8210209,1.002705,0.5002373,-1.261655,0.7172261,0.4175405,-0.7987521,0.9564258,0.514423,-1.248599,0.6916656,0.4144542,-1.018626,1.260769,0.4426011,-1.411446,0.5826179,0.3274096,False,0,1,10
6/23/2025 2:57:19 PM,1750683439614,Right,-0.7953578,1.002375,0.5208492,-1.231968,0.7081864,0.4511476,-0.7687737,0.9551328,0.5280667,-1.216926,0.6835607,0.441996,-1.007163,1.269408,0.4721427,-1.38343,0.5759862,0.359111,False,0,1,10
6/23/2025 2:57:19 PM,1750683439628,Right,-0.7773402,1.001099,0.5323836,-1.213092,0.7031282,0.4688221,-0.749563,0.9544241,0.534668,-1.198911,0.6801983,0.4603586,-1.000394,1.273478,0.4882827,-1.368509,0.5754545,0.3817362,False,0,1,10
6/23/2025 2:57:19 PM,1750683439642,Right,-0.7595357,1.000349,0.5444834,-1.194228,0.6979822,0.4869124,-0.7302611,0.9536568,0.5416101,-1.178894,0.6757215,0.4704882,-0.991442,1.277388,0.5058436,-1.348433,0.5716249,0.393232,False,0,1,10
6/23/2025 2:57:19 PM,1750683439671,Right,-0.7134109,0.9995133,0.5689105,-1.144126,0.6882399,0.5274987,-0.685281,0.9556812,0.5568423,-1.133203,0.6709335,0.5015154,-0.9704515,1.284809,0.5436616,-1.306727,0.5708404,0.4311355,False,0,1,10
6/23/2025 2:57:19 PM,1750683439684,Right,-0.6879983,1.000517,0.5805747,-1.116328,0.6832327,0.5488753,-0.6578189,0.957575,0.5638053,-1.104706,0.6685811,0.5219278,-0.9574106,1.287852,0.5637536,-1.281822,0.5709043,0.457949,False,0,1,10
6/23/2025 2:57:19 PM,1750683439712,Right,-0.6288393,1.004177,0.5981827,-1.052799,0.6813474,0.5788751,-0.602072,0.9655122,0.5695781,-1.0418,0.664107,0.5614573,-0.9270061,1.293229,0.6056585,-1.226023,0.5682544,0.5150639,False,0,1,10
6/23/2025 2:57:19 PM,1750683439726,Right,-0.5970556,1.00701,0.6060387,-1.023151,0.6796677,0.5958841,-0.5736977,0.9706143,0.5721732,-1.01358,0.6623837,0.5692917,-0.9088182,1.294822,0.6268501,-1.195634,0.5690691,0.526814,False,0,1,10
6/23/2025 2:57:19 PM,1750683439753,Right,-0.5333725,1.015887,0.6099353,-0.9888183,0.6757401,0.6084168,-0.5157705,0.9844607,0.5676026,-0.9651806,0.639684,0.6071253,-0.8680606,1.296739,0.6685057,-1.126375,0.5638665,0.58665,False,0,1,10
6/23/2025 2:57:19 PM,1750683439768,Right,-0.5002257,1.020377,0.6105821,-0.9064755,0.6687517,0.6469433,-0.4855244,0.9936363,0.56586,-0.9069778,0.6606557,0.6109984,-0.8449599,1.29728,0.688677,-1.09076,0.5661048,0.5975969,False,0,1,10
6/23/2025 2:57:19 PM,1750683439782,Right,-0.4661469,1.025643,0.6075266,-0.8553182,0.6681353,0.6633403,-0.4562926,1.000725,0.5570681,-0.8607607,0.662315,0.6248877,-0.8201041,1.29699,0.7076039,-1.049327,0.5606986,0.6262609,False,0,1,10
6/23/2025 2:57:19 PM,1750683439809,Right,-0.4017126,1.03789,0.5955238,-0.7783224,0.6750723,0.6849058,-0.3995515,1.015654,0.5421531,-0.7846612,0.6647565,0.6418883,-0.7683964,1.294462,0.7433183,-0.9706975,0.5583127,0.6635279,False,0,1,10
6/23/2025 2:57:19 PM,1750683439823,Right,-0.3712705,1.045558,0.5849993,-0.7354196,0.6705965,0.6910632,-0.3737654,1.025429,0.5316411,-0.7452335,0.6633655,0.6547143,-0.7418683,1.292397,0.7597823,-0.9252102,0.5551654,0.689315,False,0,1,10
6/23/2025 2:57:19 PM,1750683439851,Right,-0.3175018,1.060814,0.5624473,-0.6528277,0.6709792,0.7056301,-0.3276891,1.043692,0.5088271,-0.6709799,0.6670141,0.6666418,-0.6881855,1.286317,0.7906883,-0.8418713,0.5528945,0.7205688,False,0,1,10
6/23/2025 2:57:19 PM,1750683439865,Right,-0.2913232,1.06928,0.5478442,-0.6125709,0.6729191,0.7094678,-0.3088586,1.05363,0.4954629,-0.6309963,0.6665878,0.6758685,-0.6609428,1.281857,0.8045428,-0.7935247,0.5493299,0.7422014,False,0,1,10
6/23/2025 2:57:19 PM,1750683439893,Right,-0.2511629,1.084545,0.5198058,-0.5378146,0.6755117,0.7164898,-0.2782217,1.069545,0.4689083,-0.5647454,0.66883,0.6814203,-0.6073573,1.271094,0.8300428,-0.7127316,0.5473909,0.7666603,False,0,1,10
6/23/2025 2:57:19 PM,1750683439906,Right,-0.2356136,1.090319,0.5049145,-0.4936303,0.6740071,0.7153982,-0.264017,1.075615,0.4547507,-0.5244188,0.6715518,0.6847216,-0.58152,1.265006,0.8420519,-0.6642587,0.5447975,0.7835966,False,0,1,10
6/23/2025 2:57:19 PM,1750683439920,Right,-0.2218151,1.095179,0.4915644,-0.4607534,0.6771827,0.7171196,-0.2524705,1.080481,0.4427007,-0.4868938,0.6726546,0.6901779,-0.5558438,1.258328,0.8540242,-0.6164404,0.5426527,0.8009845,False,0,1,10
6/23/2025 2:57:19 PM,1750683439948,Right,-0.1965511,1.102555,0.4672991,-0.397283,0.6815075,0.7199625,-0.2317829,1.08915,0.4234438,-0.4259705,0.6752366,0.692129,-0.5063767,1.243231,0.8772554,-0.53796,0.540987,0.8182508,False,0,1,10
6/23/2025 2:57:19 PM,1750683439962,Right,-0.1844845,1.1054,0.4574818,-0.3656664,0.6813784,0.7195073,-0.2247452,1.091222,0.4137407,-0.3919001,0.6742493,0.6953758,-0.4824288,1.234074,0.8886261,-0.4915484,0.5383055,0.8299139,False,0,1,10
6/23/2025 2:57:19 PM,1750683439990,Right,-0.1650945,1.106613,0.4398454,-0.3080049,0.6776479,0.7199987,-0.2095321,1.092887,0.4017143,-0.3373509,0.670359,0.6980286,-0.4358337,1.214337,0.9102859,-0.4169975,0.5335553,0.8424026,False,0,1,10
6/23/2025 2:57:20 PM,1750683440003,Right,-0.1550326,1.10394,0.4335542,-0.2805061,0.6721491,0.7190688,-0.2046986,1.08952,0.3973856,-0.3078511,0.6648234,0.701471,-0.4134417,1.20345,0.9193614,-0.3751353,0.5278688,0.8508162,False,0,1,10
6/23/2025 2:57:20 PM,1750683440032,Right,-0.1411661,1.092847,0.425879,-0.231287,0.65877,0.7191557,-0.1896653,1.08382,0.4009285,-0.2591817,0.6547152,0.7066456,-0.3718238,1.181426,0.9354291,-0.3081224,0.5147375,0.8615947,False,0,1,10
6/23/2025 2:57:20 PM,1750683440046,Right,-0.1343252,1.083518,0.4248848,-0.2090276,0.6501996,0.7206544,-0.1845011,1.074944,0.4016326,-0.2348132,0.6461558,0.70885,-0.3520749,1.169272,0.9418938,-0.2731853,0.5046046,0.8674099,False,0,1,10
6/23/2025 2:57:20 PM,1750683440074,Right,-0.1181321,1.062172,0.4280182,-0.1682024,0.6248686,0.7248772,-0.1722594,1.052904,0.4064612,-0.1939466,0.6223375,0.7160494,-0.3143834,1.144974,0.9523664,-0.216281,0.4811065,0.8767906,False,0,1,10
6/23/2025 2:57:20 PM,1750683440087,Right,-0.110538,1.047696,0.431604,-0.1492729,0.6107721,0.7309243,-0.1649534,1.038512,0.4121506,-0.1725121,0.6074697,0.7220527,-0.2977843,1.132528,0.955554,-0.187471,0.4662161,0.8833948,False,0,1,10
6/23/2025 2:57:20 PM,1750683440101,Right,-0.1041738,1.032295,0.4348986,-0.1309214,0.5943655,0.7355564,-0.1589717,1.022771,0.4171711,-0.1550898,0.5903969,0.7266158,-0.2831911,1.1204,0.9583175,-0.1639863,0.4494224,0.8876462,False,0,1,10
6/23/2025 2:57:20 PM,1750683440129,Right,-0.08738281,0.9957353,0.4503743,-0.1015311,0.5550997,0.7478617,-0.1445151,0.9864569,0.432156,-0.1206642,0.5530229,0.7411416,-0.258,1.097036,0.9619198,-0.1194481,0.412847,0.90167,False,0,1,10
6/23/2025 2:57:20 PM,1750683440142,Right,-0.08148552,0.9746035,0.4579843,-0.08774517,0.5335621,0.7558702,-0.1352665,0.9651684,0.4422726,-0.1052187,0.5329662,0.7512838,-0.2464882,1.086662,0.9632008,-0.1005235,0.3926263,0.9124731,False,0,1,10
6/23/2025 2:57:20 PM,1750683440170,Right,-0.06245,0.9293911,0.4750186,-0.06491564,0.4878102,0.7697585,-0.1207225,0.9177155,0.4587823,-0.08029701,0.4881831,0.7695006,-0.2263498,1.067406,0.965373,-0.07105477,0.3485203,0.9316989,True,0,1,11
6/23/2025 2:57:20 PM,1750683440184,Right,-0.05267285,0.9048445,0.4816552,-0.05630193,0.4632387,0.7771696,-0.1123767,0.890126,0.4667186,-0.06888551,0.4647766,0.782101,-0.2169054,1.058407,0.966388,-0.05907368,0.3266766,0.9460763,True,0,1,11
6/23/2025 2:57:20 PM,1750683440212,Right,-0.03738254,0.8506076,0.4949681,-0.04599709,0.4130493,0.7910572,-0.09732649,0.8358699,0.4799823,-0.0583209,0.4254369,0.8105037,-0.1991293,1.042967,0.9689124,-0.05168914,0.2914209,0.9815725,True,0,1,11
6/23/2025 2:57:20 PM,1750683440225,Right,-0.03172392,0.8217567,0.5015637,-0.05608105,0.4679217,0.803472,-0.09039973,0.8072873,0.4859024,-0.05522319,0.4497434,0.783308,-0.1914464,1.036895,0.9692693,-0.04296543,0.2710282,0.9960752,True,0,1,11
6/23/2025 2:57:20 PM,1750683440254,Right,-0.02438692,0.7696872,0.5157695,-0.03565748,0.3837735,0.8790337,-0.08069992,0.7581291,0.5012165,-0.04792668,0.3629392,0.8660878,-0.1798613,1.02709,0.9677603,-0.04220204,0.2487734,1.038966,True,0,1,11
6/23/2025 2:57:20 PM,1750683440268,Right,-0.02010286,0.7446436,0.5226015,-0.03662364,0.3694197,0.8964007,-0.07793161,0.7349802,0.5096942,-0.05219883,0.3600833,0.8827965,-0.1760182,1.023144,0.9670126,-0.04709605,0.2459944,1.066509,True,0,1,11
6/23/2025 2:57:20 PM,1750683440281,Right,-0.01559064,0.7239581,0.5300853,-0.04023167,0.365139,0.9150372,-0.07539485,0.714391,0.5183243,-0.0576649,0.3562853,0.9041848,-0.1730988,1.019978,0.966707,-0.05470731,0.2477096,1.094415,True,0,1,11
6/23/2025 2:57:20 PM,1750683440309,Right,-0.01149569,0.6877493,0.5478168,-0.04649971,0.3575405,0.9597573,-0.07183215,0.6813784,0.5387651,-0.06278475,0.3446548,0.9466313,-0.1706343,1.017364,0.965862,-0.06320908,0.2487173,1.141119,True,0,1,11
6/23/2025 2:57:20 PM,1750683440323,Right,-0.01375117,0.6702444,0.5574498,-0.04999271,0.3584289,0.9791975,-0.07160695,0.668082,0.5487859,-0.06871916,0.3481358,0.9659747,-0.1712108,1.017875,0.9654675,-0.07263517,0.2572118,1.166268,True,0,1,11
6/23/2025 2:57:20 PM,1750683440351,Right,-0.01661726,0.648934,0.5793141,-0.05930191,0.3634467,1.015219,-0.07259123,0.6453944,0.566402,-0.07860441,0.3542969,1.000676,-0.1762547,1.023136,0.9652317,-0.08690297,0.274684,1.20864,True,0,1,11
6/23/2025 2:57:20 PM,1750683440365,Right,-0.01929174,0.6439037,0.5899881,-0.06576447,0.3702451,1.033165,-0.07287242,0.6392127,0.5763996,-0.08553816,0.3623202,1.019824,-0.1807921,1.027783,0.9654508,-0.09790154,0.2894514,1.22996,True,0,1,11
6/23/2025 2:57:20 PM,1750683440392,Right,-0.02327628,0.636186,0.6080921,-0.08146184,0.3855066,1.064341,-0.07627679,0.6306207,0.5935515,-0.09796569,0.3755962,1.050555,-0.1947039,1.042021,0.9678059,-0.1160139,0.3134459,1.262821,True,0,1,11
6/23/2025 2:57:20 PM,1750683440406,Right,-0.02556774,0.634301,0.6159102,-0.09143415,0.3949119,1.076972,-0.08049226,0.6299891,0.6010619,-0.1088561,0.3861819,1.063617,-0.2027744,1.049986,0.9691222,-0.130563,0.3290381,1.277096,True,0,1,11
6/23/2025 2:57:20 PM,1750683440434,Right,-0.02934447,0.6335229,0.6318032,-0.1130986,0.414557,1.098765,-0.08563599,0.6327319,0.6159155,-0.1282734,0.4073148,1.085409,-0.2243378,1.070442,0.9715707,-0.1565842,0.3579324,1.301154,True,0,1,11
6/23/2025 2:57:20 PM,1750683440448,Right,-0.03387243,0.6382855,0.6389911,-0.1256363,0.4233399,1.106257,-0.08884218,0.6362638,0.6228302,-0.1423793,0.419418,1.09515,-0.2365189,1.081614,0.9718843,-0.1757389,0.3739101,1.311103,True,0,1,11
6/23/2025 2:57:20 PM,1750683440462,Right,-0.03816848,0.6423972,0.6457334,-0.139615,0.4341258,1.114753,-0.09242797,0.6399339,0.6283646,-0.1574506,0.4299817,1.103044,-0.2498443,1.09293,0.9716697,-0.1965464,0.3878766,1.318094,True,0,1,11
6/23/2025 2:57:20 PM,1750683440490,Right,-0.04844445,0.6550785,0.6588736,-0.1702524,0.4576189,1.127452,-0.1007022,0.6499274,0.6389006,-0.1864954,0.4536573,1.115881,-0.279321,1.115742,0.9693913,-0.2359335,0.4174159,1.330096,True,0,1,11
6/23/2025 2:57:20 PM,1750683440503,Right,-0.05551842,0.6654163,0.6677497,-0.188931,0.4710482,1.133776,-0.1048037,0.656507,0.6440053,-0.2006762,0.4672948,1.121575,-0.2957898,1.12704,0.9668841,-0.2549657,0.4339968,1.33541,True,0,1,11
6/23/2025 2:57:20 PM,1750683440531,Right,-0.06531102,0.6835852,0.6796656,-0.2268681,0.4971555,1.140849,-0.112725,0.6713127,0.6528521,-0.2403772,0.4918377,1.12723,-0.3316991,1.149261,0.9600883,-0.3098842,0.462808,1.336778,True,0,1,11
6/23/2025 2:57:20 PM,1750683440545,Right,-0.07150879,0.691807,0.6853113,-0.2479109,0.5100149,1.141713,-0.1177224,0.6791297,0.6571146,-0.2622315,0.504491,1.12732,-0.3507159,1.159828,0.9557297,-0.3402229,0.4769216,1.33513,True,0,1,11
6/23/2025 2:57:20 PM,1750683440573,Right,-0.083683,0.7106396,0.6966276,-0.2918865,0.5351433,1.143042,-0.1277854,0.6915169,0.663833,-0.3041564,0.5271224,1.127779,-0.3915906,1.179752,0.9436762,-0.3967399,0.5041314,1.329153,True,0,1,11
6/23/2025 2:57:20 PM,1750683440587,Right,-0.09107158,0.7197107,0.7025295,-0.3161225,0.5477682,1.142093,-0.1337965,0.6979305,0.6671377,-0.329003,0.539077,1.125441,-0.4131367,1.18927,0.9364076,-0.4301723,0.5183315,1.322886,True,0,1,11
6/23/2025 2:57:20 PM,1750683440615,Right,-0.1070323,0.7388955,0.7142969,-0.3656466,0.5708684,1.136863,-0.1447393,0.7184043,0.6786335,-0.375578,0.5641948,1.121975,-0.4575089,1.206886,0.9185686,-0.493145,0.5450268,1.310024,True,0,1,11
6/23/2025 2:57:20 PM,1750683440629,Right,-0.117527,0.7509651,0.7199671,-0.3933324,0.5833817,1.132413,-0.1533235,0.7296487,0.6837755,-0.4038854,0.5755048,1.116949,-0.4809349,1.21418,0.9069018,-0.5301955,0.5562435,1.298591,True,0,1,11
6/23/2025 2:57:20 PM,1750683440643,Right,-0.1270807,0.7630525,0.7254384,-0.4202595,0.5949845,1.127679,-0.1633316,0.7369124,0.6868046,-0.4301263,0.5861721,1.113369,-0.5041795,1.221573,0.8951571,-0.5623704,0.5688355,1.288983,True,0,1,11
6/23/2025 2:57:20 PM,1750683440670,Right,-0.1522611,0.7839568,0.7370561,-0.4786347,0.616818,1.114262,-0.1830543,0.7562823,0.6969579,-0.4866242,0.607552,1.101774,-0.551008,1.235239,0.8671596,-0.6328686,0.5914944,1.263184,True,0,1,11
6/23/2025 2:57:20 PM,1750683440684,Right,-0.1673738,0.7949067,0.7425509,-0.5102987,0.6282048,1.10594,-0.1952074,0.7683716,0.7029575,-0.5179149,0.6190645,1.091365,-0.5747612,1.241496,0.8519096,-0.6730415,0.6020896,1.24529,True,0,1,11
6/23/2025 2:57:20 PM,1750683440712,Right,-0.2012339,0.8160287,0.7520517,-0.5716898,0.6477535,1.084222,-0.2235067,0.7865176,0.710576,-0.5784527,0.6371378,1.069417,-0.6218534,1.25198,0.8172892,-0.747741,0.6190649,1.207806,True,0,1,11
6/23/2025 2:57:20 PM,1750683440726,Right,-0.220141,0.8269671,0.7555795,-0.6044803,0.6574818,1.071792,-0.2392941,0.7957604,0.7151421,-0.6107996,0.6459351,1.055502,-0.6449978,1.25682,0.7981535,-0.7878331,0.6267794,1.184877,True,0,1,11
6/23/2025 2:57:20 PM,1750683440754,Right,-0.2612308,0.8464305,0.7618875,-0.6765002,0.6801084,1.044211,-0.2747733,0.8129284,0.7195823,-0.6787034,0.6620401,1.025719,-0.6898288,1.264952,0.7569658,-0.8657153,0.6423504,1.134059,True,0,1,11
6/23/2025 2:57:20 PM,1750683440768,Right,-0.2830751,0.8559983,0.7638964,-0.7115133,0.6881508,1.027296,-0.2943244,0.821645,0.7206597,-0.712067,0.6698018,1.009281,-0.7121233,1.268658,0.7352425,-0.903263,0.6493753,1.107463,True,0,1,11
6/23/2025 2:57:20 PM,1750683440781,Right,-0.3066342,0.8662298,0.763999,-0.7453161,0.6962762,1.007495,-0.3143675,0.8278109,0.7207091,-0.7447488,0.6766317,0.9897133,-0.7339383,1.271778,0.7129838,-0.9411611,0.6552705,1.077724,True,0,1,11
6/23/2025 2:57:20 PM,1750683440809,Right,-0.357643,0.8835904,0.7582327,-0.8131679,0.7081487,0.9649801,-0.3586916,0.8430617,0.7183949,-0.8107527,0.6890947,0.9480992,-0.7751848,1.276808,0.6677982,-1.014604,0.6640999,1.014793,True,0,1,11
6/23/2025 2:57:20 PM,1750683440823,Right,-0.3849254,0.8901045,0.7537481,-0.8482302,0.7168012,0.9397979,-0.3798423,0.8499154,0.7171046,-0.8413039,0.6970164,0.9241186,-0.7945977,1.278452,0.6449955,-1.049865,0.6700677,0.9794501,True,0,1,11
6/23/2025 2:57:20 PM,1750683440851,Right,-0.4372876,0.9030317,0.7368544,-0.9143792,0.7313081,0.885954,-0.4251913,0.8615347,0.7090425,-0.9024641,0.706801,0.874558,-0.8301818,1.27995,0.6000546,-1.115127,0.6752939,0.9075444,True,0,1,11
6/23/2025 2:57:20 PM,1750683440865,Right,-0.4641882,0.9098601,0.7264729,-0.9445488,0.7341014,0.8590139,-0.4500649,0.868356,0.7020893,-0.9333852,0.7121165,0.8471308,-0.8459252,1.280192,0.578297,-1.147063,0.6773558,0.8688591,True,0,1,11
6/23/2025 2:57:20 PM,1750683440893,Right,-0.5158835,0.9209154,0.7021506,-1.01077,0.7321025,0.8073132,-0.4976499,0.8794703,0.6861039,-0.9994483,0.7139251,0.794165,-0.8752317,1.278562,0.5374373,-1.202605,0.6752988,0.7931188,True,0,1,11
6/23/2025 2:57:20 PM,1750683440906,Right,-0.5419673,0.92639,0.6880609,-1.044875,0.7256358,0.7824045,-0.5210086,0.8833309,0.6760512,-1.03527,0.7153558,0.7683849,-0.8884988,1.27687,0.519245,-1.228581,0.6760905,0.7566319,True,0,1,11
6/23/2025 2:57:20 PM,1750683440933,Right,-0.5902362,0.9357048,0.6580672,-1.11037,0.703172,0.7376767,-0.5683575,0.8905681,0.6534302,-1.111149,0.7110985,0.7083189,-0.9140059,1.272348,0.4864328,-1.277565,0.6748405,0.6776494,True,0,1,11
6/23/2025 2:57:20 PM,1750683440947,Right,-0.6156459,0.9406196,0.6389499,-1.14507,0.6858388,0.7156284,-0.5934728,0.8928118,0.6374978,-1.153774,0.7079539,0.6769429,-0.9255898,1.269052,0.4717172,-1.302207,0.6741953,0.6390998,True,0,1,11
6/23/2025 2:57:20 PM,1750683440962,Right,-0.6389173,0.9439091,0.6186435,-1.16302,0.6753375,0.7046818,-0.6171449,0.8949271,0.6223201,-1.180427,0.7030224,0.644843,-0.9365677,1.265057,0.4578851,-1.322455,0.6664347,0.6016067,True,0,1,11
6/23/2025 2:57:20 PM,1750683440990,Right,-0.6821945,0.9488431,0.5763381,-1.16302,0.6753375,0.7046818,-0.6617384,0.9011922,0.5897549,-1.199191,0.715508,0.5827485,-0.95553,1.255332,0.4323077,-1.361379,0.6622012,0.5307079,True,0,1,11
6/23/2025 2:57:21 PM,1750683441003,Right,-0.7021821,0.9503383,0.5558751,-1.16302,0.6753375,0.7046818,-0.6831573,0.9026614,0.5742045,-1.209238,0.7192194,0.5521117,-0.9633402,1.250244,0.4204438,-1.378943,0.6583228,0.4949496,True,0,1,11
6/23/2025 2:57:21 PM,1750683441031,Right,-0.7365363,0.9511225,0.518367,-1.16302,0.6753375,0.7046818,-0.7204311,0.9026791,0.5469714,-1.227411,0.7192795,0.4969789,-0.9752448,1.240281,0.3998479,-1.405781,0.644482,0.4297975,True,0,1,11
6/23/2025 2:57:21 PM,1750683441045,Right,-0.7520747,0.9514707,0.5013076,-1.16302,0.6753375,0.7046818,-0.737706,0.9036946,0.5330024,-1.237413,0.7211893,0.4700775,-0.9801662,1.235949,0.390736,-1.417985,0.6406716,0.3983219,False,0,1,11
6/23/2025 2:57:21 PM,1750683441073,Right,-0.7784955,0.9508572,0.4728653,-1.16302,0.6753375,0.7046818,-0.7677233,0.9061694,0.5095525,-1.253014,0.7196399,0.4231213,-0.9901998,1.228411,0.3752381,-1.434847,0.6280738,0.3430925,False,0,1,11
6/23/2025 2:57:21 PM,1750683441087,Right,-0.789252,0.9494815,0.4607558,-1.275546,0.7455862,0.4232001,-0.7813323,0.907056,0.4965975,-1.263497,0.714158,0.3998926,-0.994925,1.225659,0.3683463,-1.440661,0.6184012,0.3175323,False,0,1,11
6/23/2025 2:57:21 PM,1750683441115,Right,-0.8075321,0.9465269,0.4390792,-1.289947,0.7400238,0.3464489,-0.8007796,0.9053878,0.4745839,-1.283632,0.7101921,0.3617498,-1.003271,1.221302,0.3567756,-1.453143,0.6135622,0.2761914,False,0,1,11
6/23/2025 2:57:21 PM,1750683441129,Right,-0.8143758,0.9421428,0.430211,-1.296075,0.7365858,0.3326965,-0.8086486,0.9024665,0.4666569,-1.289826,0.7078089,0.3467416,-1.007033,1.219405,0.3526665,-1.458286,0.6112273,0.258688,False,0,1,11
6/23/2025 2:57:21 PM,1750683441142,Right,-0.8206797,0.9387434,0.4221443,-1.301245,0.7333052,0.3180563,-0.8156259,0.8994001,0.4591132,-1.293572,0.7008694,0.3321619,-1.010248,1.217676,0.3496935,-1.459592,0.6020862,0.2422889,False,0,1,11
6/23/2025 2:57:21 PM,1750683441170,Right,-0.8289426,0.9336089,0.412928,-1.307039,0.7259956,0.301751,-0.8246115,0.8925119,0.4491023,-1.299143,0.6920635,0.3118569,-1.015262,1.216221,0.3462478,-1.462651,0.5928761,0.2183976,False,0,1,11
6/23/2025 2:57:21 PM,1750683441184,Right,-0.8317066,0.9304567,0.40953,-1.309502,0.7226228,0.2957163,-0.8267089,0.8891755,0.4453568,-1.301505,0.6902834,0.3059958,-1.017277,1.216037,0.3457206,-1.464998,0.592738,0.2112386,False,0,1,11
6/23/2025 2:57:21 PM,1750683441212,Right,-0.8333263,0.9248695,0.405998,-1.310541,0.716798,0.292046,-0.8279825,0.8838165,0.4408137,-1.300875,0.6838527,0.2979968,-1.020346,1.217749,0.3493373,-1.463908,0.5864671,0.2014758,False,0,1,11
6/23/2025 2:57:21 PM,1750683441226,Right,-0.8328113,0.9245276,0.4064985,-1.309282,0.714286,0.2940748,-0.8264989,0.8826087,0.4402273,-1.300206,0.6834363,0.2995103,-1.021671,1.219268,0.3521013,-1.46419,0.58732,0.2030458,False,0,1,11
6/23/2025 2:57:21 PM,1750683441253,Right,-0.8289596,0.9254014,0.4102173,-1.304528,0.7094753,0.303932,-0.8214945,0.8814421,0.4417745,-1.294555,0.6791887,0.3032889,-1.023434,1.223956,0.3617082,-1.458587,0.5828573,0.2071244,False,0,1,11
6/23/2025 2:57:21 PM,1750683441267,Right,-0.8257352,0.926098,0.411903,-1.301465,0.7068602,0.3103806,-0.8173661,0.8816946,0.4438338,-1.292138,0.6779512,0.3106542,-1.023724,1.226359,0.3675454,-1.456692,0.5826181,0.215983,False,0,1,11
6/23/2025 2:57:21 PM,1750683441295,Right,-0.8169094,0.9284527,0.4203144,-1.290643,0.7019933,0.3307891,-0.8076055,0.883467,0.4486569,-1.281499,0.6740623,0.3233626,-1.021863,1.233046,0.3852508,-1.447134,0.5774591,0.230797,False,0,1,11
6/23/2025 2:57:21 PM,1750683441308,Right,-0.8118204,0.9301363,0.4259912,-1.28324,0.7005458,0.3394189,-0.7995122,0.8844945,0.454183,-1.272943,0.6728119,0.3378002,-1.020048,1.236585,0.3953834,-1.441576,0.5763038,0.2471268,False,0,1,11
6/23/2025 2:57:21 PM,1750683441322,Right,-0.8057561,0.9334626,0.4337105,-1.27405,0.6983822,0.3530837,-0.7907447,0.8862811,0.4597053,-1.263642,0.671434,0.353287,-1.01787,1.240442,0.4066173,-1.435311,0.5753112,0.2649422,False,0,1,11
6/23/2025 2:57:21 PM,1750683441351,Right,-0.7894698,0.9394712,0.4507462,-1.2532,0.6917672,0.3849507,-0.7699388,0.8900964,0.4710004,-1.241285,0.6666771,0.3780758,-1.010489,1.248611,0.4322473,-1.415605,0.571279,0.2933187,False,0,1,11
6/23/2025 2:57:21 PM,1750683441365,Right,-0.7788659,0.9427323,0.462676,-1.238242,0.6871464,0.4062412,-0.7570428,0.8949811,0.4784912,-1.226376,0.6655292,0.3971244,-1.005132,1.25272,0.4471329,-1.40416,0.5712225,0.3156422,False,0,1,11
6/23/2025 2:57:21 PM,1750683441392,Right,-0.7527418,0.9480478,0.4859686,-1.205541,0.6815308,0.4417451,-0.72752,0.9019219,0.4897863,-1.192627,0.6616744,0.4270241,-0.9914562,1.260951,0.4792578,-1.375514,0.5684003,0.3520641,False,0,1,11
6/23/2025 2:57:21 PM,1750683441406,Right,-0.7351303,0.9520561,0.4964851,-1.184219,0.6754112,0.4673675,-0.7089957,0.9073202,0.4967212,-1.172634,0.6588573,0.4491349,-0.982686,1.264875,0.4969164,-1.357851,0.5672787,0.380711,False,0,1,11
6/23/2025 2:57:21 PM,1750683441434,Right,-0.6978826,0.960694,0.5148301,-1.139476,0.6697905,0.5062222,-0.6697055,0.9176285,0.5061809,-1.128484,0.6560059,0.4806409,-0.9608468,1.272562,0.5346022,-1.317316,0.5658345,0.4228628,False,0,1,11
6/23/2025 2:57:21 PM,1750683441448,Right,-0.6738399,0.9649767,0.5224606,-1.112685,0.6662152,0.5291293,-0.646111,0.9232855,0.5100043,-1.102673,0.6529549,0.5017912,-0.9479874,1.275764,0.5540224,-1.292767,0.5645441,0.453077,False,0,1,11
6/23/2025 2:57:21 PM,1750683441462,Right,-0.6498708,0.9695108,0.5285569,-1.09122,0.6615109,0.5515273,-0.621936,0.928894,0.5125079,-1.080396,0.6472512,0.5224279,-0.9338232,1.2789,0.5731585,-1.266635,0.5633541,0.4834471,False,0,1,11
6/23/2025 2:57:21 PM,1750683441489,Right,-0.5985215,0.978119,0.5417303,-1.052761,0.6494904,0.5985646,-0.5752727,0.9413694,0.5137956,-1.043953,0.6331623,0.5570263,-0.9006088,1.283707,0.6115108,-1.21163,0.560824,0.5320961,False,0,1,11
6/23/2025 2:57:21 PM,1750683441504,Right,-0.5695334,0.9833207,0.5462759,-1.002022,0.6731629,0.5927113,-0.5496193,0.9485765,0.5129797,-1.023518,0.628809,0.5675034,-0.8819509,1.285844,0.6304135,-1.181899,0.5622915,0.5462404,False,0,1,11
6/23/2025 2:57:21 PM,1750683441531,Right,-0.5124658,0.9941525,0.5484997,-0.9061308,0.6604371,0.6403751,-0.4983812,0.9658201,0.506353,-0.9101675,0.6557232,0.6018729,-0.8403478,1.287946,0.6672628,-1.108351,0.557497,0.6126966,False,0,1,11
6/23/2025 2:57:21 PM,1750683441545,Right,-0.4831649,1.001236,0.5459554,-0.8693205,0.6586418,0.6505882,-0.4724925,0.9745344,0.5006157,-0.8808497,0.6576684,0.6071093,-0.8177977,1.288607,0.6847028,-1.07534,0.5604901,0.6240757,False,0,1,11
6/23/2025 2:57:21 PM,1750683441573,Right,-0.4280607,1.015961,0.5357788,-0.794986,0.6652341,0.67329,-0.4261208,0.994166,0.4848047,-0.8027295,0.6603621,0.6370206,-0.7712755,1.288845,0.7179158,-0.991076,0.5570585,0.6844611,False,0,1,11
6/23/2025 2:57:21 PM,1750683441587,Right,-0.4015203,1.024784,0.5272991,-0.7546964,0.668704,0.6823245,-0.4034361,1.004616,0.476002,-0.7615802,0.6626874,0.65,-0.746677,1.28822,0.7335469,-0.9445774,0.5558478,0.7123778,False,0,1,11
6/23/2025 2:57:21 PM,1750683441614,Right,-0.3521758,1.042212,0.5066812,-0.6762138,0.6727405,0.6968858,-0.3665233,1.02639,0.4553094,-0.6938106,0.6696398,0.6626569,-0.6969347,1.284694,0.7638019,-0.8634014,0.5587371,0.7460202,False,0,1,11
6/23/2025 2:57:21 PM,1750683441628,Right,-0.3322055,1.052352,0.4945247,-0.637533,0.6749456,0.7011546,-0.3521521,1.03823,0.4447423,-0.6542686,0.6710734,0.6728945,-0.6724265,1.28183,0.7781082,-0.8132957,0.5561869,0.768904,False,0,1,11
6/23/2025 2:57:21 PM,1750683441643,Right,-0.3141367,1.062444,0.4826655,-0.5995007,0.6765445,0.7063659,-0.3380004,1.049272,0.4343098,-0.6271176,0.6756793,0.6727593,-0.6478934,1.278526,0.7922769,-0.7793297,0.5597623,0.7744696,False,0,1,11
6/23/2025 2:57:21 PM,1750683441670,Right,-0.2912223,1.080374,0.4594009,-0.5339972,0.690575,0.7141659,-0.3189646,1.068924,0.4135043,-0.5637885,0.6842589,0.6775835,-0.5999299,1.268728,0.8188689,-0.6982709,0.5609812,0.7984996,False,0,1,11
6/23/2025 2:57:21 PM,1750683441684,Right,-0.2791981,1.089486,0.4491407,-0.4965637,0.6895931,0.7153099,-0.3118512,1.079223,0.4081787,-0.526868,0.6859108,0.6852586,-0.5767848,1.263079,0.8314145,-0.6478485,0.5585312,0.8157154,False,0,1,11
6/23/2025 2:57:21 PM,1750683441712,Right,-0.2625153,1.10313,0.4371594,-0.4322578,0.6921499,0.7163346,-0.2958623,1.094653,0.399532,-0.4660741,0.6891841,0.6907156,-0.531643,1.250172,0.8559778,-0.565716,0.5563639,0.8325728,False,0,1,11
6/23/2025 2:57:21 PM,1750683441726,Right,-0.2544883,1.108888,0.4322055,-0.4001875,0.6922451,0.7174587,-0.2902622,1.098295,0.396042,-0.4306165,0.6879979,0.6925468,-0.509542,1.241412,0.8674674,-0.5174452,0.5501127,0.8409961,False,0,1,11
6/23/2025 2:57:21 PM,1750683441754,Right,-0.2347255,1.112152,0.4287039,-0.3430626,0.6858516,0.7154467,-0.2786056,1.102036,0.3935894,-0.3733949,0.6815155,0.6955874,-0.4662097,1.22339,0.8891852,-0.4390005,0.5391651,0.8491658,False,0,1,11
6/23/2025 2:57:21 PM,1750683441767,Right,-0.2231316,1.11333,0.4278911,-0.3141623,0.6810609,0.7151989,-0.2700168,1.101569,0.3967492,-0.3405948,0.6757775,0.6986742,-0.4453151,1.213712,0.8992827,-0.3948102,0.5309472,0.8538238,False,0,1,11
6/23/2025 2:57:21 PM,1750683441781,Right,-0.2118348,1.110993,0.4296697,-0.2898355,0.674112,0.7154414,-0.2613834,1.09872,0.3999755,-0.311666,0.6684147,0.7011226,-0.4258158,1.203402,0.9088361,-0.3557477,0.5222397,0.8569938,False,0,1,11
6/23/2025 2:57:21 PM,1750683441809,Right,-0.1933486,1.100037,0.4352152,-0.2425513,0.6598883,0.7195911,-0.2429517,1.08834,0.4077831,-0.2629343,0.6531093,0.7028911,-0.387864,1.181661,0.9270542,-0.2917422,0.5024931,0.8600035,False,0,1,11
6/23/2025 2:57:21 PM,1750683441822,Right,-0.1837858,1.090467,0.4393947,-0.2202275,0.6453469,0.7193967,-0.2319401,1.079221,0.4133645,-0.2390497,0.6410016,0.7060088,-0.3700182,1.170116,0.9351172,-0.2608601,0.4897939,0.86263,False,0,1,11
6/23/2025 2:57:21 PM,1750683441851,Right,-0.1618631,1.068331,0.4503697,-0.1783833,0.6136924,0.7242053,-0.2122584,1.056377,0.4270665,-0.1975477,0.6109746,0.7153647,-0.3362489,1.146549,0.9480548,-0.2072234,0.4608688,0.869158,False,0,1,11
6/23/2025 2:57:21 PM,1750683441865,Right,-0.1506607,1.053627,0.4586271,-0.1592053,0.5974279,0.7304947,-0.2019385,1.04124,0.4356424,-0.1778723,0.5939568,0.7208112,-0.3205609,1.134909,0.9527748,-0.1825843,0.4431397,0.8738221,False,0,1,11
6/23/2025 2:57:21 PM,1750683441892,Right,-0.1300614,1.019726,0.4741756,-0.1240675,0.5640968,0.7404647,-0.1836019,1.006188,0.4532753,-0.141884,0.5596659,0.7315413,-0.292562,1.112969,0.9610994,-0.137363,0.404931,0.885076,False,0,1,11
6/23/2025 2:57:21 PM,1750683441907,Right,-0.1188941,0.9993384,0.4836442,-0.1076399,0.5444225,0.7478625,-0.1752189,0.9847161,0.4625771,-0.1265727,0.5403578,0.740254,-0.2791176,1.102202,0.965503,-0.1180915,0.3847743,0.8949038,False,0,1,11
6/23/2025 2:57:21 PM,1750683441934,Right,-0.09907984,0.9566378,0.5001097,-0.07947097,0.5042419,0.759487,-0.159104,0.9408364,0.4821134,-0.09905058,0.5026689,0.7592281,-0.2541616,1.081629,0.9728003,-0.08320494,0.3449245,0.9171175,False,0,1,11
6/23/2025 2:57:21 PM,1750683441947,Right,-0.08947413,0.9318036,0.509305,-0.06709999,0.4814991,0.7652045,-0.1505872,0.9166011,0.493381,-0.08882314,0.4841057,0.7727085,-0.2430335,1.071846,0.9753747,-0.07113717,0.3252342,0.933918,False,0,1,11
6/23/2025 2:57:21 PM,1750683441962,Right,-0.08228527,0.9047624,0.5175865,-0.05675049,0.4585359,0.7703617,-0.1408667,0.8910078,0.5027898,-0.08060298,0.4674824,0.7871725,-0.2330711,1.062194,0.9773295,-0.06186108,0.3076572,0.9539664,True,0,1,12
6/23/2025 2:57:21 PM,1750683441990,Right,-0.0664302,0.8492191,0.5329301,-0.04106762,0.4108454,0.7791191,-0.1235304,0.8361409,0.5181498,-0.06650367,0.4328168,0.8156586,-0.2177669,1.044982,0.9792187,-0.04555529,0.2734102,0.9949665,True,0,1,12
6/23/2025 2:57:22 PM,1750683442003,Right,-0.0574188,0.8203291,0.5403976,-0.04843621,0.402836,0.8703672,-0.113957,0.8096237,0.5275209,-0.06056847,0.3942049,0.8585422,-0.2127365,1.03801,0.9790649,-0.04423247,0.2644976,1.025593,True,0,1,12
6/23/2025 2:57:22 PM,1750683442031,Right,-0.03851922,0.7669314,0.5522909,-0.04602979,0.3826889,0.9105771,-0.09734637,0.7591469,0.5449908,-0.05717902,0.3726419,0.8989835,-0.2047875,1.025874,0.9798927,-0.04204965,0.2487241,1.080258,True,0,1,12
6/23/2025 2:57:22 PM,1750683442045,Right,-0.03169821,0.7434845,0.5606192,-0.04441286,0.3800566,0.9418407,-0.09061299,0.737322,0.5547138,-0.06092717,0.3663827,0.9276624,-0.2029729,1.021139,0.9808707,-0.04861865,0.2517692,1.113798,True,0,1,12
6/23/2025 2:57:22 PM,1750683442073,Right,-0.02096059,0.7066846,0.57962,-0.04703653,0.3806603,0.9911479,-0.08089423,0.7033031,0.5758218,-0.06451717,0.3602377,0.9737771,-0.2035049,1.016577,0.9840877,-0.05615925,0.2582452,1.168622,True,0,1,12
6/23/2025 2:57:22 PM,1750683442086,Right,-0.01943568,0.6947446,0.593702,-0.05076902,0.3833677,1.012808,-0.07665503,0.6894473,0.5882681,-0.06386967,0.357211,0.9943206,-0.204746,1.016505,0.9863825,-0.05659636,0.2596774,1.192417,True,0,1,12
6/23/2025 2:57:22 PM,1750683442115,Right,-0.01856871,0.676248,0.6201871,-0.05872621,0.3929248,1.055051,-0.07540175,0.6746489,0.6129139,-0.07789077,0.3750257,1.038789,-0.2095999,1.019171,0.9890807,-0.08007589,0.289738,1.246887,True,0,1,12
6/23/2025 2:57:22 PM,1750683442129,Right,-0.01787615,0.6698329,0.63219,-0.06434029,0.4005834,1.076444,-0.07617308,0.6673115,0.6229165,-0.08451081,0.3835612,1.060431,-0.2132595,1.021759,0.9899018,-0.09095407,0.3066066,1.270816,True,0,1,12
6/23/2025 2:57:22 PM,1750683442142,Right,-0.01995123,0.6606635,0.6429774,-0.07045676,0.4095855,1.099946,-0.07604678,0.6610892,0.6332843,-0.08715308,0.3871969,1.079552,-0.2186823,1.025707,0.9905171,-0.09551295,0.3166311,1.289843,True,0,1,12
6/23/2025 2:57:22 PM,1750683442170,Right,-0.02086004,0.6616783,0.6660195,-0.08795938,0.4265433,1.129274,-0.07515332,0.6561564,0.6527702,-0.09913476,0.4079091,1.113673,-0.2316877,1.036413,0.9929326,-0.1154336,0.3494101,1.32685,True,0,1,12
6/23/2025 2:57:22 PM,1750683442184,Right,-0.02187923,0.6608739,0.675945,-0.09712021,0.4363498,1.143476,-0.07668194,0.6552297,0.6608822,-0.109614,0.4215608,1.128813,-0.2395614,1.042771,0.9941123,-0.1312787,0.3696485,1.343204,True,0,1,12
6/23/2025 2:57:22 PM,1750683442212,Right,-0.02562717,0.664632,0.6947716,-0.1164416,0.4619856,1.160737,-0.07838577,0.6584069,0.6766604,-0.127172,0.4514802,1.147336,-0.261215,1.058901,0.9957273,-0.1579861,0.4071828,1.36995,True,0,1,12
6/23/2025 2:57:22 PM,1750683442226,Right,-0.02769152,0.6675767,0.703532,-0.1281698,0.475781,1.171525,-0.07860452,0.6625785,0.6841975,-0.1399659,0.4669926,1.15746,-0.2754874,1.06829,0.9957764,-0.1775145,0.4275363,1.380669,True,0,1,12
6/23/2025 2:57:22 PM,1750683442254,Right,-0.03088677,0.6781202,0.7173116,-0.1578353,0.5029668,1.188981,-0.08184019,0.6708944,0.6971393,-0.166158,0.4942393,1.176667,-0.305691,1.087224,0.9953527,-0.2145948,0.4646415,1.397094,True,0,1,12
6/23/2025 2:57:22 PM,1750683442268,Right,-0.03391892,0.6842055,0.7248847,-0.1749319,0.5190561,1.199673,-0.08528173,0.676793,0.7030081,-0.1848129,0.5080701,1.186764,-0.3221501,1.097261,0.9939575,-0.2398099,0.4838407,1.402287,True,0,1,12
6/23/2025 2:57:22 PM,1750683442281,Right,-0.03931224,0.6926067,0.7316037,-0.1930686,0.5351596,1.206519,-0.08943835,0.6826691,0.7084602,-0.2039977,0.5216419,1.192989,-0.3401923,1.107116,0.9916773,-0.2661188,0.5012406,1.405574,True,0,1,12
6/23/2025 2:57:22 PM,1750683442309,Right,-0.05395816,0.7116696,0.7475404,-0.2312316,0.5601621,1.214123,-0.09661612,0.6955953,0.7192984,-0.238722,0.5503585,1.199712,-0.3796531,1.127454,0.9844668,-0.3145293,0.5359149,1.410034,True,0,1,12
6/23/2025 2:57:22 PM,1750683442323,Right,-0.05908863,0.7185014,0.7524799,-0.2507995,0.5735781,1.212652,-0.1016017,0.7040219,0.7253073,-0.2602087,0.5648277,1.199687,-0.4008479,1.137918,0.9799135,-0.3450729,0.5518582,1.40917,True,0,1,12
6/23/2025 2:57:22 PM,1750683442350,Right,-0.07493626,0.7359667,0.7642605,-0.2955267,0.6006895,1.213276,-0.1144462,0.7201074,0.7343592,-0.3030818,0.5913354,1.199539,-0.4475281,1.158632,0.9671443,-0.4023484,0.582365,1.403866,True,0,1,12
6/23/2025 2:57:22 PM,1750683442365,Right,-0.08384347,0.7455395,0.7698452,-0.3204748,0.6129982,1.211487,-0.1220546,0.7283799,0.7385651,-0.3285858,0.6032976,1.19711,-0.4710619,1.168628,0.9589722,-0.4360332,0.5958217,1.397311,True,0,1,12
6/23/2025 2:57:22 PM,1750683442392,Right,-0.103871,0.7646875,0.7797616,-0.3716249,0.6365991,1.205814,-0.1432538,0.7374838,0.74075,-0.3796898,0.6225684,1.188405,-0.5183702,1.187097,0.9375274,-0.5000757,0.6195735,1.380184,True,0,1,12
6/23/2025 2:57:22 PM,1750683442406,Right,-0.1157653,0.7750867,0.7844989,-0.4004671,0.6484541,1.201013,-0.1525819,0.7488935,0.7456054,-0.4073086,0.6349044,1.184423,-0.5412648,1.195828,0.924999,-0.5353315,0.6323924,1.37013,True,0,1,12
6/23/2025 2:57:22 PM,1750683442434,Right,-0.1417163,0.7949696,0.793108,-0.4561917,0.6667503,1.186857,-0.1746096,0.7680625,0.7525374,-0.4615939,0.6552396,1.171086,-0.5859916,1.211979,0.8968804,-0.6043684,0.6526598,1.345909,True,0,1,12
6/23/2025 2:57:22 PM,1750683442448,Right,-0.1560179,0.8069834,0.7965965,-0.487325,0.6767289,1.177055,-0.1881897,0.7752603,0.753542,-0.4930049,0.661886,1.160421,-0.6086109,1.219556,0.882149,-0.6429495,0.6590722,1.327819,True,0,1,12
6/23/2025 2:57:22 PM,1750683442462,Right,-0.1717649,0.8178838,0.7996993,-0.5179009,0.6844492,1.166466,-0.2016791,0.7868393,0.7571529,-0.5242139,0.6702992,1.150073,-0.6314144,1.226757,0.8662999,-0.6816409,0.6659273,1.309527,True,0,1,12
6/23/2025 2:57:22 PM,1750683442490,Right,-0.2068515,0.8376974,0.803892,-0.5794172,0.6989368,1.142489,-0.2305891,0.8103325,0.7634478,-0.584253,0.6858624,1.126798,-0.6772076,1.239547,0.8321373,-0.7553676,0.677304,1.27041,True,0,1,12
6/23/2025 2:57:22 PM,1750683442503,Right,-0.2272983,0.847819,0.8054219,-0.6126955,0.7055136,1.127601,-0.2486729,0.8190106,0.7638049,-0.6171002,0.6914195,1.110889,-0.6994143,1.244291,0.8132224,-0.7947708,0.6810666,1.246349,True,0,1,12
6/23/2025 2:57:22 PM,1750683442532,Right,-0.2674074,0.8667556,0.8062136,-0.6783164,0.7164358,1.095495,-0.2839217,0.8356951,0.7655377,-0.6814075,0.7017146,1.080187,-0.7422013,1.252007,0.7731056,-0.8688887,0.688673,1.19716,True,0,1,12
6/23/2025 2:57:22 PM,1750683442545,Right,-0.2897737,0.8752831,0.806161,-0.7128783,0.7217373,1.076213,-0.3042657,0.8440943,0.7649539,-0.7154135,0.7060545,1.060355,-0.762073,1.254347,0.7521195,-0.9081059,0.6909603,1.16748,True,0,1,12
6/23/2025 2:57:22 PM,1750683442572,Right,-0.3360581,0.8906788,0.8025852,-0.7787058,0.7297686,1.035661,-0.3460456,0.8555184,0.7595299,-0.7796566,0.7122847,1.0193,-0.8005873,1.258774,0.709334,-0.9805192,0.6942551,1.108152,True,0,1,12
6/23/2025 2:57:22 PM,1750683442587,Right,-0.361935,0.898637,0.7984178,-0.8126649,0.7338009,1.012062,-0.3687284,0.8634592,0.7578184,-0.8124641,0.7159349,0.9969662,-0.8191519,1.260376,0.6874863,-1.01749,0.6952757,1.075501,True,0,1,12
6/23/2025 2:57:22 PM,1750683442614,Right,-0.4139972,0.913047,0.7872276,-0.8767671,0.7392951,0.9634777,-0.4151096,0.8771966,0.7484834,-0.8739501,0.7205023,0.9490132,-0.8540349,1.263154,0.6430511,-1.085328,0.6938801,1.00791,True,0,1,12
6/23/2025 2:57:22 PM,1750683442629,Right,-0.4423528,0.9195425,0.7788185,-0.9106579,0.7425243,0.9363421,-0.4400347,0.8833503,0.7423599,-0.9057504,0.7225828,0.9229361,-0.8704575,1.264079,0.6213001,-1.119353,0.6931745,0.9714016,True,0,1,12
6/23/2025 2:57:22 PM,1750683442642,Right,-0.4693395,0.924749,0.7705463,-0.940087,0.7438821,0.9098476,-0.4639691,0.8888178,0.7351015,-0.9335558,0.7238452,0.8960881,-0.886196,1.264669,0.5999234,-1.150169,0.6909901,0.9353356,True,0,1,12
6/23/2025 2:57:22 PM,1750683442670,Right,-0.5259742,0.9376037,0.7471232,-0.9930412,0.7470871,0.8536275,-0.5174818,0.901702,0.7137843,-0.9876111,0.7299807,0.8378885,-0.9137884,1.263833,0.558911,-1.212532,0.6884717,0.8605422,True,0,1,12
6/23/2025 2:57:22 PM,1750683442684,Right,-0.5544623,0.9433488,0.7331986,-1.022043,0.7438156,0.8256416,-0.5441619,0.9071731,0.7021747,-1.017549,0.7305304,0.8096364,-0.9259012,1.262979,0.5396456,-1.241743,0.6860082,0.8228652,True,0,1,12
6/23/2025 2:57:22 PM,1750683442712,Right,-0.6082832,0.9544165,0.7015899,-1.077974,0.7275358,0.7729149,-0.5903616,0.9090382,0.6797445,-1.076062,0.7222357,0.7553854,-0.9482206,1.259741,0.5046914,-1.290531,0.6741593,0.7482659,True,0,1,12
6/23/2025 2:57:22 PM,1750683442725,Right,-0.6353335,0.9587501,0.6837004,-1.106296,0.7140769,0.746659,-0.6153625,0.9113563,0.6651219,-1.108782,0.7183608,0.7306991,-0.9583877,1.257652,0.4883205,-1.314102,0.6676036,0.7145916,True,0,1,12
6/23/2025 2:57:22 PM,1750683442754,Right,-0.6857617,0.9680859,0.6450754,-1.159406,0.6782466,0.6978285,-0.6627129,0.918349,0.6351289,-1.176199,0.7084316,0.6732014,-0.9750757,1.25132,0.4609565,-1.357183,0.6580079,0.6409112,True,0,1,12
6/23/2025 2:57:22 PM,1750683442768,Right,-0.7101568,0.9709922,0.6224453,-1.163525,0.6748242,0.6940479,-0.6870341,0.9229181,0.6161668,-1.191543,0.7124045,0.6407254,-0.9827769,1.247872,0.4479585,-1.378197,0.6541883,0.6028353,True,0,1,12
6/23/2025 2:57:22 PM,1750683442782,Right,-0.7322867,0.9743265,0.6013188,-1.163525,0.6748242,0.6940479,-0.7087142,0.926633,0.5988928,-1.199825,0.7175189,0.6126,-0.9894412,1.244381,0.4363835,-1.395751,0.6487277,0.5697522,True,0,1,12
6/23/2025 2:57:22 PM,1750683442809,Right,-0.7705448,0.9770469,0.5575989,-1.163525,0.6748242,0.6940479,-0.7491693,0.9296183,0.5671011,-1.219181,0.7199242,0.5566754,-1.0007,1.237896,0.4149857,-1.42581,0.6328624,0.5023435,True,0,1,12
6/23/2025 2:57:22 PM,1750683442823,Right,-0.7864598,0.9779018,0.5369189,-1.163525,0.6748242,0.6940479,-0.7675269,0.9334993,0.5544243,-1.231032,0.724387,0.5306402,-1.004864,1.23521,0.4059248,-1.438813,0.6296362,0.4699125,True,0,1,12
6/23/2025 2:57:22 PM,1750683442851,Right,-0.8131589,0.9781899,0.5014234,-1.163525,0.6748242,0.6940479,-0.7962151,0.9316269,0.5294905,-1.249821,0.7215055,0.4823655,-1.012849,1.229987,0.3899754,-1.45624,0.6146076,0.4113154,True,0,1,12
6/23/2025 2:57:22 PM,1750683442865,Right,-0.8230366,0.9763954,0.4868175,-1.163525,0.6748242,0.6940479,-0.806865,0.9296666,0.5155838,-1.25847,0.723468,0.4565049,-1.016443,1.228032,0.38304,-1.464229,0.6138517,0.3805496,True,0,1,12
6/23/2025 2:57:22 PM,1750683442892,Right,-0.8391294,0.9752292,0.4623865,-1.163525,0.6748242,0.6940479,-0.8253322,0.9304355,0.4925749,-1.272137,0.7223446,0.4136446,-1.023481,1.225492,0.3708187,-1.472831,0.6072262,0.3301536,False,0,1,12
6/23/2025 2:57:22 PM,1750683442906,Right,-0.8441694,0.9732236,0.4536403,-1.163525,0.6748242,0.6940479,-0.831952,0.9300508,0.4849234,-1.27733,0.7240096,0.3953346,-1.026843,1.224427,0.3655165,-1.476431,0.608761,0.307386,False,0,1,12
6/23/2025 2:57:22 PM,1750683442934,Right,-0.8511751,0.9693428,0.4402597,-1.163525,0.6748242,0.6940479,-0.8407494,0.9270672,0.4725718,-1.282424,0.7209153,0.3670175,-1.030887,1.22381,0.3582971,-1.477956,0.604563,0.2724248,False,0,1,12
6/23/2025 2:57:22 PM,1750683442948,Right,-0.852967,0.9674062,0.4365744,-1.163525,0.6748242,0.6940479,-0.8424552,0.9242571,0.4689475,-1.283731,0.7218364,0.3564416,-1.031352,1.223249,0.3570004,-1.479244,0.6076981,0.2582564,False,0,1,12
6/23/2025 2:57:22 PM,1750683442962,Right,-0.8537406,0.9661244,0.4341199,-1.320669,0.7413329,0.3373047,-0.8439552,0.9215888,0.4653349,-1.307256,0.7051215,0.3406603,-1.031637,1.223192,0.3564774,-1.47605,0.6008896,0.2469135,False,0,1,12
6/23/2025 2:57:22 PM,1750683442989,Right,-0.8528633,0.963208,0.4318338,-1.317963,0.7369779,0.3274718,-0.8430396,0.9182666,0.4631252,-1.308319,0.7065743,0.3321784,-1.031425,1.22436,0.3591923,-1.476581,0.6069294,0.2355403,False,0,1,12
6/23/2025 2:57:23 PM,1750683443003,Right,-0.850763,0.962431,0.4323826,-1.315904,0.7352262,0.3317746,-0.8412789,0.9166218,0.4626422,-1.303832,0.7016979,0.3288435,-1.031281,1.225569,0.3619136,-1.470926,0.6002223,0.2312635,False,0,1,12
6/23/2025 2:57:23 PM,1750683443031,Right,-0.8455765,0.9629569,0.4357285,-1.309039,0.7304283,0.3379374,-0.833611,0.9172157,0.464403,-1.298402,0.7021442,0.3373853,-1.030453,1.229755,0.3707904,-1.467344,0.6029629,0.241406,False,0,1,12
6/23/2025 2:57:23 PM,1750683443045,Right,-0.8415653,0.964734,0.4384745,-1.305713,0.7279181,0.3416276,-0.8291686,0.917986,0.4659677,-1.293084,0.6978605,0.3385807,-1.029612,1.232598,0.3769386,-1.459699,0.5972785,0.2430806,False,0,1,12
6/23/2025 2:57:23 PM,1750683443072,Right,-0.831321,0.9686905,0.4450413,-1.299557,0.7230957,0.3487395,-0.8169968,0.9220499,0.4717314,-1.289271,0.6923645,0.3587474,-1.025598,1.238742,0.3916827,-1.451386,0.5950139,0.269995,False,0,1,12
6/23/2025 2:57:23 PM,1750683443087,Right,-0.8249145,0.9713302,0.4505711,-1.296479,0.7205917,0.3524426,-0.8098854,0.9248558,0.4748311,-1.284432,0.6872723,0.3636262,-1.022939,1.242288,0.4007659,-1.441409,0.5900201,0.2769331,False,0,1,12
6/23/2025 2:57:23 PM,1750683443114,Right,-0.8096334,0.9775814,0.4634462,-1.290602,0.715624,0.3598076,-0.7909119,0.9298888,0.4868909,-1.277773,0.6752504,0.3957756,-1.016088,1.250684,0.4236476,-1.42502,0.584201,0.3180502,False,0,1,12
6/23/2025 2:57:23 PM,1750683443128,Right,-0.8001034,0.9813478,0.4730676,-1.256689,0.7129367,0.4120657,-0.7809702,0.9348133,0.49173,-1.260864,0.6753151,0.4059676,-1.011819,1.255381,0.4372555,-1.411764,0.5803348,0.328808,False,0,1,12
6/23/2025 2:57:23 PM,1750683443142,Right,-0.789901,0.9850863,0.4823363,-1.234619,0.7065398,0.4420037,-0.7681505,0.9384966,0.497389,-1.224332,0.6842967,0.4288511,-1.006915,1.260347,0.4523007,-1.399443,0.5772622,0.3522019,False,0,1,12
6/23/2025 2:57:23 PM,1750683443169,Right,-0.7627631,0.9898907,0.5054795,-1.201052,0.6984522,0.4805324,-0.7385256,0.9454553,0.5137836,-1.190372,0.6797264,0.4616232,-0.994525,1.270129,0.4842696,-1.367955,0.5729057,0.3907985,False,0,1,12
6/23/2025 2:57:23 PM,1750683443184,Right,-0.747068,0.9922234,0.5180291,-1.18063,0.6942737,0.5035096,-0.7205063,0.9492049,0.5201108,-1.169068,0.6764718,0.4832047,-0.9855895,1.274722,0.502815,-1.349857,0.5701532,0.4184334,False,0,1,12
6/23/2025 2:57:23 PM,1750683443211,Right,-0.7073452,0.9984579,0.5427653,-1.13178,0.691554,0.5428766,-0.6798372,0.9552004,0.5351527,-1.12096,0.6722529,0.5188996,-0.9639822,1.283084,0.5423837,-1.307018,0.5658398,0.4634361,False,0,1,12
6/23/2025 2:57:23 PM,1750683443225,Right,-0.6851644,1.002535,0.5554964,-1.104175,0.6916916,0.5641659,-0.6551329,0.9592276,0.541916,-1.090205,0.6710965,0.5413547,-0.9507776,1.286741,0.5630189,-1.281085,0.5642896,0.4938672,False,0,1,12
6/23/2025 2:57:23 PM,1750683443253,Right,-0.631429,1.008675,0.5763584,-1.056176,0.6872436,0.6082068,-0.6047529,0.9687681,0.5533523,-1.039539,0.6633781,0.5737299,-0.9187102,1.292546,0.6042086,-1.225641,0.5633339,0.5385007,False,0,1,12
6/23/2025 2:57:23 PM,1750683443267,Right,-0.6014768,1.013299,0.5869411,-1.051362,0.684717,0.5949851,-0.5772229,0.9754713,0.555324,-1.025241,0.6477902,0.5953773,-0.9005452,1.294316,0.6244819,-1.193436,0.5629345,0.5693008,False,0,1,12
6/23/2025 2:57:23 PM,1750683443281,Right,-0.5711579,1.017811,0.5931402,-1.030818,0.6822034,0.6111802,-0.54941,0.9842185,0.5541407,-0.9976203,0.6399143,0.6170464,-0.8812621,1.295878,0.6450306,-1.157442,0.5620973,0.6011547,False,0,1,12
6/23/2025 2:57:23 PM,1750683443309,Right,-0.509155,1.029469,0.5984128,-0.9919869,0.675128,0.6455791,-0.4951584,1.001585,0.5516894,-0.9485652,0.6213036,0.64821,-0.8388277,1.298204,0.6854554,-1.084833,0.5611255,0.6432303,False,0,1,12
6/23/2025 2:57:23 PM,1750683443323,Right,-0.4774705,1.037348,0.5955723,-0.9731047,0.6704004,0.6643668,-0.468558,1.012002,0.5448359,-0.9067184,0.6200589,0.6648209,-0.8147697,1.29802,0.7046251,-1.042003,0.5586825,0.6703843,False,0,1,12
6/23/2025 2:57:23 PM,1750683443351,Right,-0.41811,1.052031,0.585552,-0.9388914,0.6591614,0.7026002,-0.4164921,1.030157,0.5303552,-0.8291702,0.6227571,0.6843758,-0.7629197,1.295658,0.7393072,-0.9616663,0.5585357,0.7048797,False,0,1,12
6/23/2025 2:57:23 PM,1750683443365,Right,-0.388984,1.060535,0.5764444,-0.9328639,0.6567611,0.7099866,-0.3903641,1.040326,0.5218249,-0.7855676,0.6240898,0.6966439,-0.7360022,1.294099,0.7550149,-0.9153687,0.5581346,0.7266705,False,0,1,12
6/23/2025 2:57:23 PM,1750683443392,Right,-0.3373118,1.076602,0.555988,-0.9328639,0.6567611,0.7099866,-0.3475155,1.059221,0.4996816,-0.7084994,0.6277827,0.7083716,-0.682641,1.288671,0.7830302,-0.832135,0.5573762,0.7514668,False,0,1,12
6/23/2025 2:57:23 PM,1750683443406,Right,-0.3097886,1.084564,0.5420584,-0.9328639,0.6567611,0.7099866,-0.329328,1.068899,0.486662,-0.6658968,0.6287423,0.7168445,-0.6562551,1.285324,0.7964807,-0.7845855,0.5557719,0.7686936,False,0,1,12
6/23/2025 2:57:23 PM,1750683443434,Right,-0.2707266,1.099695,0.5155771,-0.9328639,0.6567611,0.7099866,-0.297826,1.085643,0.4629661,-0.5961898,0.6325442,0.7192484,-0.6039948,1.277302,0.8210458,-0.7056999,0.5563935,0.7848886,False,0,1,12
6/23/2025 2:57:23 PM,1750683443448,Right,-0.2550877,1.10635,0.5013579,-0.5027017,0.7001727,0.7197024,-0.2842453,1.093772,0.4521752,-0.5215217,0.6929305,0.688176,-0.5787244,1.272071,0.8326468,-0.6595421,0.555094,0.7972533,False,0,1,12
6/23/2025 2:57:23 PM,1750683443462,Right,-0.240237,1.112119,0.4878398,-0.5027017,0.7001727,0.7197024,-0.2729644,1.100594,0.442757,-0.4931219,0.679809,0.6982161,-0.55432,1.26661,0.844214,-0.6131551,0.5520254,0.8080558,False,0,1,12
6/23/2025 2:57:23 PM,1750683443490,Right,-0.2144969,1.120857,0.4649684,-0.5027017,0.7001727,0.7197024,-0.2542684,1.108816,0.4216133,-0.4434318,0.6553226,0.7083434,-0.5071366,1.253034,0.8668337,-0.536279,0.546939,0.815142,False,0,1,12
6/23/2025 2:57:23 PM,1750683443503,Right,-0.2034412,1.123316,0.4553914,-0.5027017,0.7001727,0.7197024,-0.2452391,1.111935,0.4120272,-0.4222025,0.6436205,0.7098424,-0.4844742,1.245094,0.8777347,-0.5048819,0.544687,0.8131697,False,0,1,12
6/23/2025 2:57:23 PM,1750683443531,Right,-0.1830627,1.124355,0.4389159,-0.3309444,0.6961741,0.7037473,-0.2300953,1.112433,0.4006779,-0.3431152,0.6829786,0.6813465,-0.4401649,1.22689,0.8976147,-0.420023,0.5344209,0.8248593,False,0,1,12
6/23/2025 2:57:23 PM,1750683443545,Right,-0.1718152,1.121658,0.4326428,-0.2899334,0.690357,0.6996601,-0.2214896,1.110183,0.3977083,-0.3140446,0.6785305,0.6807157,-0.4191022,1.216604,0.9064088,-0.3802584,0.5277562,0.8286042,False,0,1,12
6/23/2025 2:57:23 PM,1750683443573,Right,-0.1512712,1.112231,0.42461,-0.2413829,0.6831775,0.7013864,-0.2059737,1.100329,0.3920979,-0.2667201,0.669751,0.6746901,-0.3796803,1.194658,0.9224041,-0.3165467,0.5123348,0.8304321,False,0,1,12
6/23/2025 2:57:23 PM,1750683443587,Right,-0.1425991,1.102515,0.4223775,-0.2200735,0.6720232,0.7002942,-0.1966397,1.091897,0.3922303,-0.2422305,0.6603477,0.6755539,-0.3612888,1.18281,0.9299393,-0.2835279,0.5019822,0.8333099,False,0,1,12
6/23/2025 2:57:23 PM,1750683443615,Right,-0.1233278,1.079992,0.4217861,-0.1793851,0.6397685,0.6967269,-0.1777694,1.072166,0.397618,-0.2012299,0.6345635,0.6810862,-0.3274057,1.157436,0.9407542,-0.2293497,0.4776967,0.8381242,False,0,1,12
6/23/2025 2:57:23 PM,1750683443629,Right,-0.1112122,1.065535,0.4240065,-0.1599773,0.6233262,0.7000084,-0.1675367,1.057629,0.4015266,-0.1819841,0.618497,0.6859997,-0.3120544,1.14483,0.9444654,-0.2041568,0.4628893,0.8431641,False,0,1,12
6/23/2025 2:57:23 PM,1750683443642,Right,-0.09948813,1.051548,0.4250496,-0.1415533,0.6082346,0.7039736,-0.1578636,1.042644,0.4050859,-0.1642745,0.6012616,0.6898462,-0.2972219,1.132172,0.9477615,-0.1812715,0.4469779,0.8463725,False,0,1,12
6/23/2025 2:57:23 PM,1750683443670,Right,-0.08147531,1.01259,0.4343666,-0.1063919,0.5810816,0.7214447,-0.1404718,1.004477,0.4144383,-0.131281,0.5690539,0.6976719,-0.2717893,1.107614,0.9532871,-0.1392874,0.4105639,0.8586971,False,0,1,12
6/23/2025 2:57:23 PM,1750683443684,Right,-0.07173371,0.9914423,0.4398612,-0.09448826,0.5509883,0.7228103,-0.1310949,0.9829194,0.4224665,-0.1146124,0.5452975,0.709931,-0.2599621,1.096318,0.9553795,-0.1192918,0.3911435,0.8694141,False,0,1,12
6/23/2025 2:57:23 PM,1750683443712,Right,-0.05397489,0.9441231,0.4566882,-0.07173654,0.5018305,0.738324,-0.1140776,0.9372011,0.4401528,-0.08765934,0.5005505,0.7322496,-0.2378154,1.074479,0.9583223,-0.08611768,0.349848,0.8921867,False,0,1,12
6/23/2025 2:57:23 PM,1750683443725,Right,-0.04551712,0.9191201,0.4655185,-0.06012638,0.4770814,0.7456365,-0.1048052,0.9135476,0.4516701,-0.07703187,0.4814363,0.7459712,-0.2280128,1.064828,0.9589169,-0.07369849,0.3302003,0.9086585,False,0,1,12
6/23/2025 2:57:23 PM,1750683443754,Right,-0.03183225,0.8676383,0.4880579,-0.03986732,0.427822,0.7596778,-0.09189413,0.8601809,0.4739614,-0.0608841,0.4377671,0.7724283,-0.2100571,1.047316,0.9583704,-0.05400329,0.2852069,0.9409404,True,0,1,13
6/23/2025 2:57:23 PM,1750683443767,Right,-0.02534511,0.8409799,0.4995418,-0.03062895,0.4018656,0.7667908,-0.08370492,0.8356413,0.4892201,-0.05455855,0.4201992,0.7909122,-0.2021649,1.040175,0.9573152,-0.04747175,0.2667575,0.9637288,True,0,1,13
6/23/2025 2:57:23 PM,1750683443795,Right,-0.01517635,0.7915291,0.5226097,-0.03866143,0.3815636,0.850548,-0.07515655,0.7849864,0.5102542,-0.04876239,0.3664363,0.840735,-0.1883659,1.028801,0.9543779,-0.0421582,0.2356805,1.007521,True,0,1,13
6/23/2025 2:57:23 PM,1750683443808,Right,-0.01357166,0.7644169,0.5330138,-0.03748186,0.3617851,0.8728901,-0.0746278,0.7579905,0.5192394,-0.05260343,0.3562942,0.8595127,-0.1829238,1.024811,0.9531,-0.04654007,0.2260139,1.035294,True,0,1,13
6/23/2025 2:57:23 PM,1750683443823,Right,-0.009076795,0.7410266,0.53957,-0.0410912,0.3544916,0.8932192,-0.07074679,0.7365754,0.5304195,-0.05598182,0.3488503,0.8835465,-0.1788079,1.021102,0.9519548,-0.05198083,0.223289,1.065475,True,0,1,13
6/23/2025 2:57:23 PM,1750683443850,Right,-0.004315617,0.698482,0.5536618,-0.04530304,0.3506352,0.9412328,-0.06728987,0.6957083,0.5474489,-0.06301966,0.3350189,0.9252306,-0.1742568,1.018216,0.9510214,-0.06200429,0.2208698,1.117186,True,0,1,13
6/23/2025 2:57:23 PM,1750683443865,Right,-0.003215218,0.6803918,0.5627325,-0.05129037,0.3496127,0.9643818,-0.06661458,0.6783721,0.5564753,-0.07020568,0.3353592,0.9505535,-0.1740205,1.018687,0.9509122,-0.07234656,0.2302542,1.147456,True,0,1,13
6/23/2025 2:57:23 PM,1750683443892,Right,-0.003932205,0.6524944,0.5825875,-0.06510895,0.3532633,1.007313,-0.06783052,0.6516058,0.5758606,-0.08240923,0.338126,0.994355,-0.1761198,1.022612,0.9494395,-0.08953777,0.248159,1.197841,True,0,1,13
6/23/2025 2:57:23 PM,1750683443906,Right,-0.006220208,0.6438565,0.5937125,-0.07277113,0.3612018,1.027447,-0.07004179,0.6411874,0.585022,-0.09151636,0.3472632,1.015804,-0.1795175,1.02642,0.9484432,-0.1029303,0.2657781,1.223838,True,0,1,13
6/23/2025 2:57:23 PM,1750683443933,Right,-0.01351184,0.6291091,0.6163425,-0.09241069,0.381003,1.066626,-0.07481094,0.6264696,0.6037862,-0.1081349,0.3647647,1.052044,-0.1897374,1.038247,0.9481344,-0.1270109,0.2972714,1.26636,True,0,1,13
6/23/2025 2:57:23 PM,1750683443948,Right,-0.01848953,0.6220729,0.6246284,-0.103545,0.3917807,1.081681,-0.07841052,0.623901,0.6132312,-0.1199604,0.3789392,1.068704,-0.1963198,1.045746,0.9487963,-0.144087,0.3184307,1.285894,True,0,1,13
6/23/2025 2:57:23 PM,1750683443962,Right,-0.02493873,0.6219234,0.6356483,-0.115144,0.4016319,1.094857,-0.08330518,0.6218531,0.6228026,-0.1296599,0.3894334,1.083086,-0.2052459,1.054851,0.9494176,-0.1563161,0.3341358,1.3025,True,0,1,13
6/23/2025 2:57:23 PM,1750683443989,Right,-0.03562795,0.6238303,0.6549332,-0.1412124,0.4261111,1.119298,-0.09507921,0.6237932,0.6399956,-0.1587687,0.4195542,1.109181,-0.2250254,1.074838,0.9500787,-0.1947152,0.3763169,1.332042,True,0,1,13
6/23/2025 2:57:24 PM,1750683444004,Right,-0.04189102,0.6279273,0.6644146,-0.1569742,0.4409528,1.131484,-0.1010945,0.626344,0.6489027,-0.1717446,0.433471,1.121512,-0.2365377,1.08564,0.9494379,-0.2107517,0.3954594,1.345155,True,0,1,13
6/23/2025 2:57:24 PM,1750683444031,Right,-0.05594536,0.6385409,0.6825883,-0.1904528,0.4716105,1.152343,-0.1131359,0.6381181,0.6645718,-0.2070532,0.4645766,1.141734,-0.2634802,1.108241,0.9480166,-0.2566513,0.4361839,1.363661,True,0,1,13
6/23/2025 2:57:24 PM,1750683444045,Right,-0.06380711,0.6452584,0.6912444,-0.2098446,0.4881409,1.16211,-0.1194319,0.6446936,0.671963,-0.2232277,0.4800544,1.152096,-0.2785574,1.119853,0.9465275,-0.2768596,0.4565999,1.371918,True,0,1,13
6/23/2025 2:57:24 PM,1750683444072,Right,-0.07677864,0.6623651,0.7072457,-0.2492381,0.5193547,1.174571,-0.132053,0.6604772,0.6843547,-0.2642379,0.5107999,1.162534,-0.3104796,1.14209,0.9420681,-0.3314254,0.4941251,1.379105,True,0,1,13
6/23/2025 2:57:24 PM,1750683444087,Right,-0.08461989,0.6728057,0.7148979,-0.2713141,0.5353045,1.177951,-0.1377489,0.6701551,0.6908182,-0.2823792,0.5280737,1.16785,-0.3281577,1.152756,0.9385111,-0.3553352,0.514852,1.382654,True,0,1,13
6/23/2025 2:57:24 PM,1750683444114,Right,-0.1020894,0.6937774,0.7277542,-0.3161299,0.5656958,1.181938,-0.1539689,0.6842327,0.6982288,-0.3301722,0.5538788,1.16771,-0.3659868,1.172922,0.9292252,-0.4188708,0.5455658,1.376977,True,0,1,13
6/23/2025 2:57:24 PM,1750683444128,Right,-0.1115635,0.7048874,0.7336171,-0.3411084,0.5816999,1.181831,-0.1604282,0.6966534,0.7039675,-0.3541533,0.5700814,1.167806,-0.3865871,1.182171,0.9228501,-0.4512058,0.563383,1.373137,True,0,1,13
6/23/2025 2:57:24 PM,1750683444142,Right,-0.1217949,0.7203743,0.7417,-0.365449,0.5962608,1.181136,-0.1675692,0.7083449,0.7087354,-0.3752421,0.5869072,1.166953,-0.4072115,1.190924,0.9162097,-0.479282,0.5821123,1.369796,True,0,1,13
6/23/2025 2:57:24 PM,1750683444170,Right,-0.1397526,0.7443525,0.752911,-0.4167061,0.6231188,1.173184,-0.1858145,0.7247257,0.7138441,-0.425403,0.6120418,1.159671,-0.4517854,1.208053,0.8998537,-0.5442278,0.6110151,1.353148,True,0,1,13
6/23/2025 2:57:24 PM,1750683444183,Right,-0.1505915,0.7563099,0.7578554,-0.4433868,0.6366215,1.168226,-0.1932644,0.7391532,0.7195789,-0.4518419,0.6268638,1.1542,-0.4746065,1.215788,0.8905268,-0.5800744,0.6255798,1.342137,True,0,1,13
6/23/2025 2:57:24 PM,1750683444212,Right,-0.1768521,0.7778875,0.7639462,-0.4984415,0.6611974,1.152563,-0.2148404,0.753967,0.7215475,-0.5058788,0.6475905,1.137299,-0.5210974,1.229483,0.8684826,-0.6488757,0.648515,1.313657,True,0,1,13
6/23/2025 2:57:24 PM,1750683444226,Right,-0.1899791,0.7896335,0.7676337,-0.5275316,0.6726552,1.143363,-0.2260998,0.7667263,0.7252647,-0.5349629,0.6605451,1.127743,-0.5449239,1.235334,0.8551819,-0.6862622,0.6612261,1.297297,True,0,1,13
6/23/2025 2:57:24 PM,1750683444253,Right,-0.2195257,0.8138489,0.7729363,-0.5866538,0.6940278,1.12044,-0.251627,0.7925466,0.73,-0.5935149,0.6834811,1.106364,-0.5931852,1.246133,0.826919,-0.758157,0.6828885,1.260568,True,0,1,13
6/23/2025 2:57:24 PM,1750683444267,Right,-0.2362636,0.8264843,0.774148,-0.6179119,0.7036961,1.107585,-0.2676465,0.7972062,0.7282996,-0.6257564,0.6886827,1.091167,-0.6173811,1.250921,0.811581,-0.7964386,0.6883101,1.236847,True,0,1,13
6/23/2025 2:57:24 PM,1750683444281,Right,-0.255934,0.8380309,0.7750313,-0.6497838,0.7127973,1.092865,-0.2828885,0.8110005,0.7311463,-0.655839,0.6994278,1.077685,-0.6414571,1.254763,0.7947432,-0.8333813,0.6972362,1.215001,True,0,1,13
6/23/2025 2:57:24 PM,1750683444309,Right,-0.295149,0.8603392,0.7749556,-0.7125563,0.7285051,1.060828,-0.3171034,0.831512,0.7305098,-0.7173423,0.7141623,1.045424,-0.6882989,1.260249,0.7582835,-0.9055542,0.7089146,1.165016,True,0,1,13
6/23/2025 2:57:24 PM,1750683444323,Right,-0.3173698,0.8713049,0.77368,-0.7448615,0.7356009,1.041756,-0.3365459,0.8407913,0.7291691,-0.7489822,0.7203108,1.026245,-0.7110839,1.262,0.7385999,-0.9429916,0.7128562,1.136547,True,0,1,13
6/23/2025 2:57:24 PM,1750683444351,Right,-0.3622852,0.8920617,0.7682498,-0.8068324,0.746796,1.001677,-0.3754222,0.8571783,0.7253469,-0.8093529,0.7298197,0.9871031,-0.7531544,1.262778,0.6983722,-1.012624,0.7177249,1.078373,True,0,1,13
6/23/2025 2:57:24 PM,1750683444365,Right,-0.3880391,0.9018568,0.7635375,-0.8387071,0.7521598,0.9790651,-0.3960565,0.8663534,0.7229133,-0.8384879,0.7335893,0.9647139,-0.7728181,1.262453,0.6780391,-1.046998,0.717336,1.045666,True,0,1,13
6/23/2025 2:57:24 PM,1750683444392,Right,-0.4407404,0.9179632,0.7493128,-0.8763657,0.7575542,0.9508488,-0.4397695,0.8801909,0.7138606,-0.8841408,0.7422394,0.9133018,-0.8111575,1.262092,0.6378837,-1.112096,0.7150882,0.9799786,True,0,1,13
6/23/2025 2:57:24 PM,1750683444406,Right,-0.4672152,0.9269591,0.7415334,-0.9323561,0.7646035,0.9064181,-0.4633987,0.8863263,0.7073943,-0.9255469,0.7407809,0.893521,-0.828753,1.261316,0.6181043,-1.144589,0.7135196,0.9444966,True,0,1,13
6/23/2025 2:57:24 PM,1750683444433,Right,-0.5180138,0.9412327,0.7216452,-0.993423,0.7670336,0.852576,-0.5105497,0.8990816,0.691053,-0.9855855,0.7421815,0.842371,-0.8595791,1.258738,0.5814899,-1.203955,0.7081099,0.8722149,True,0,1,13
6/23/2025 2:57:24 PM,1750683444448,Right,-0.54506,0.9467125,0.7086176,-1.020044,0.768416,0.8232625,-0.5361543,0.9022524,0.6778246,-1.012627,0.7428382,0.8118302,-0.8730371,1.257762,0.5655633,-1.233996,0.7050234,0.8334444,True,0,1,13
6/23/2025 2:57:24 PM,1750683444462,Right,-0.5715795,0.9516975,0.6945881,-1.049631,0.7706223,0.7910557,-0.5584596,0.9075499,0.6697201,-1.038331,0.7444382,0.7862951,-0.8856189,1.256676,0.550917,-1.259528,0.7017379,0.7971762,True,0,1,13
6/23/2025 2:57:24 PM,1750683444490,Right,-0.6207577,0.9601842,0.6660525,-1.110424,0.7622142,0.7338322,-0.6028761,0.911532,0.6487359,-1.09821,0.7374996,0.7341111,-0.9098234,1.253988,0.5233942,-1.306463,0.6892542,0.7239565,True,0,1,13
6/23/2025 2:57:24 PM,1750683444504,Right,-0.6456543,0.9632494,0.6484044,-1.142334,0.7515999,0.7064928,-0.6261866,0.9095615,0.6348931,-1.132026,0.727138,0.7032937,-0.921001,1.252708,0.5096642,-1.32937,0.6787467,0.6834559,True,0,1,13
6/23/2025 2:57:24 PM,1750683444531,Right,-0.6916063,0.9685503,0.6124579,-1.204963,0.7184564,0.6574113,-0.6689234,0.9175694,0.6099033,-1.203947,0.7187921,0.6432419,-0.9391439,1.248361,0.4846113,-1.368929,0.6724789,0.6051487,True,0,1,13
6/23/2025 2:57:24 PM,1750683444545,Right,-0.712267,0.9714584,0.5941336,-1.236416,0.6952577,0.6348889,-0.6904531,0.9206203,0.5954475,-1.244579,0.7112356,0.6118029,-0.9462335,1.245659,0.4737172,-1.387027,0.6675124,0.5667913,True,0,1,13
6/23/2025 2:57:24 PM,1750683444573,Right,-0.7487434,0.976316,0.560689,-1.258984,0.6755941,0.6195841,-0.7278709,0.924402,0.5696622,-1.281398,0.703987,0.552449,-0.9578736,1.239676,0.4536952,-1.414255,0.6525757,0.4983318,True,0,1,13
6/23/2025 2:57:24 PM,1750683444586,Right,-0.7650957,0.9788049,0.5463861,-1.258984,0.6755941,0.6195841,-0.744671,0.926989,0.5570762,-1.285814,0.7077805,0.5224924,-0.9624993,1.237199,0.4451519,-1.42579,0.6487595,0.4634538,True,0,1,13
6/23/2025 2:57:24 PM,1750683444615,Right,-0.7913426,0.9796302,0.5199262,-1.258984,0.6755941,0.6195841,-0.7719342,0.9257857,0.5386935,-1.290933,0.7066636,0.4729824,-0.9708953,1.232292,0.4308603,-1.440928,0.635335,0.4038394,True,0,1,13
6/23/2025 2:57:24 PM,1750683444629,Right,-0.802335,0.9804453,0.5092144,-1.258984,0.6755941,0.6195841,-0.7836963,0.9257815,0.5296352,-1.294101,0.7081214,0.4501833,-0.9744614,1.230319,0.4248013,-1.447455,0.6325977,0.3761171,True,0,1,13
6/23/2025 2:57:24 PM,1750683444642,Right,-0.8118879,0.9803213,0.4988026,-1.258984,0.6755941,0.6195841,-0.7941623,0.925334,0.5216982,-1.294695,0.7038822,0.4309911,-0.9776057,1.228704,0.4202946,-1.449819,0.6225743,0.3527284,True,0,1,13
6/23/2025 2:57:24 PM,1750683444670,Right,-0.8244057,0.9797594,0.4849192,-1.258984,0.6755941,0.6195841,-0.8093253,0.9260988,0.5052949,-1.295901,0.7009776,0.3971206,-0.983052,1.22671,0.4128088,-1.453069,0.6125449,0.3119601,True,0,1,13
6/23/2025 2:57:24 PM,1750683444684,Right,-0.8298001,0.979372,0.4785302,-1.258984,0.6755941,0.6195841,-0.813938,0.9261719,0.4989992,-1.296477,0.7010467,0.3845336,-0.9852865,1.226187,0.4105365,-1.454382,0.611555,0.2966436,True,0,1,13
6/23/2025 2:57:24 PM,1750683444712,Right,-0.8348911,0.9775651,0.472725,-1.258984,0.6755941,0.6195841,-0.8195212,0.9241627,0.4903658,-1.29326,0.6963534,0.3652626,-0.9887686,1.226349,0.4086682,-1.451904,0.6035913,0.272591,True,0,1,13
6/23/2025 2:57:24 PM,1750683444725,Right,-0.8363213,0.97638,0.4701585,-1.258984,0.6755941,0.6195841,-0.819874,0.9231966,0.4887075,-1.292602,0.6957408,0.3608575,-0.9901007,1.227067,0.4089023,-1.451411,0.6037465,0.2668683,True,0,1,13
6/23/2025 2:57:24 PM,1750683444753,Right,-0.8347403,0.9749348,0.4702329,-1.258984,0.6755941,0.6195841,-0.8181252,0.9213986,0.4870897,-1.287163,0.6905065,0.3542416,-0.9909199,1.229438,0.4119484,-1.444966,0.5977052,0.2581952,True,0,1,13
6/23/2025 2:57:24 PM,1750683444767,Right,-0.8330584,0.9743704,0.4707409,-1.258984,0.6755941,0.6195841,-0.8149885,0.9208295,0.4878446,-1.285671,0.6888157,0.3558727,-0.9906189,1.231131,0.4151942,-1.4426,0.5976116,0.2603918,True,0,1,13
6/23/2025 2:57:24 PM,1750683444795,Right,-0.8245375,0.9735597,0.4745696,-1.258984,0.6755941,0.6195841,-0.8063987,0.9195958,0.4917822,-1.279057,0.6809732,0.3599377,-0.9886508,1.235189,0.4254509,-1.431715,0.5909653,0.2657696,True,0,1,13
6/23/2025 2:57:24 PM,1750683444809,Right,-0.8196836,0.9735521,0.4774737,-1.258984,0.6755941,0.6195841,-0.7995853,0.91856,0.496599,-1.276193,0.6771892,0.3687046,-0.987008,1.237534,0.4329232,-1.426836,0.5894608,0.2767125,True,0,1,13
6/23/2025 2:57:24 PM,1750683444822,Right,-0.8131797,0.9730572,0.4826671,-1.258984,0.6755941,0.6195841,-0.7908967,0.917995,0.4993529,-1.271587,0.673553,0.3774487,-0.985193,1.240151,0.4414659,-1.420713,0.5881132,0.2881415,True,0,1,13
6/23/2025 2:57:24 PM,1750683444851,Right,-0.798104,0.9752588,0.4946882,-1.258984,0.6755941,0.6195841,-0.7744629,0.9234437,0.5036085,-1.26161,0.663471,0.3918103,-0.9793744,1.245308,0.4629977,-1.402699,0.5810823,0.3081412,True,0,1,13
6/23/2025 2:57:24 PM,1750683444865,Right,-0.7877843,0.977206,0.5027505,-1.258984,0.6755941,0.6195841,-0.7630247,0.9255087,0.5090317,-1.256327,0.6564,0.4069175,-0.9752264,1.24798,0.4768915,-1.392631,0.5779451,0.3276588,True,0,1,13
6/23/2025 2:57:24 PM,1750683444892,Right,-0.764284,0.9804693,0.5198002,-1.258984,0.6755941,0.6195841,-0.7367784,0.9309171,0.521049,-1.241781,0.641404,0.4310436,-0.9642205,1.252887,0.5042039,-1.365131,0.5719266,0.3585718,True,0,1,13
6/23/2025 2:57:24 PM,1750683444906,Right,-0.7500165,0.9832766,0.5293258,-1.258984,0.6755941,0.6195841,-0.7211813,0.93358,0.5271956,-1.233494,0.6308299,0.4505283,-0.958065,1.255334,0.5179164,-1.349875,0.5673488,0.3832556,True,0,1,13
6/23/2025 2:57:24 PM,1750683444934,Right,-0.7191776,0.9891142,0.5475149,-1.258984,0.6755941,0.6195841,-0.6892154,0.9414905,0.5412269,-1.194829,0.6235456,0.48408,-0.9402838,1.25917,0.5465466,-1.313923,0.5599175,0.4218862,True,0,1,13
6/23/2025 2:57:24 PM,1750683444948,Right,-0.7021458,0.9933605,0.5565065,-1.258984,0.6755941,0.6195841,-0.671414,0.9472417,0.5470345,-1.171931,0.6188445,0.5065623,-0.9295986,1.259979,0.5596076,-1.292981,0.5546609,0.4488797,True,0,1,13
6/23/2025 2:57:24 PM,1750683444962,Right,-0.6849877,0.9990719,0.5645391,-1.094119,0.6788763,0.5481723,-0.6538857,0.9522408,0.5524811,-1.149927,0.616482,0.5177052,-0.9190093,1.260941,0.5725403,-1.271113,0.5511488,0.4616211,True,0,1,13
6/23/2025 2:57:24 PM,1750683444990,Right,-0.6502967,1.009715,0.5773284,-1.051837,0.6692561,0.5797989,-0.6193678,0.9635593,0.5615175,-1.04181,0.6498166,0.5637455,-0.8952665,1.261848,0.5989928,-1.22441,0.5367869,0.5180547,True,0,1,13
6/23/2025 2:57:25 PM,1750683445004,Right,-0.6321012,1.01541,0.5810242,-1.024332,0.6659962,0.5998371,-0.6014047,0.9683082,0.5654278,-1.018696,0.6474975,0.5738539,-0.8824536,1.261945,0.6122392,-1.200007,0.5317472,0.5309238,True,0,1,13
6/23/2025 2:57:25 PM,1750683445031,Right,-0.5961455,1.02631,0.5891303,-0.9749567,0.6603279,0.632394,-0.5635281,0.9816487,0.5708559,-0.9647423,0.6407111,0.6146466,-0.8573347,1.262812,0.6363372,-1.141601,0.5172348,0.5867134,True,0,1,13
6/23/2025 2:57:25 PM,1750683445045,Right,-0.5779233,1.030975,0.5928841,-0.9484509,0.6583064,0.6480422,-0.5451201,0.9884819,0.5748969,-0.9372999,0.6393577,0.6334004,-0.8454084,1.263241,0.6474041,-1.112641,0.5124196,0.6121091,True,0,1,13
6/23/2025 2:57:25 PM,1750683445073,Right,-0.5428352,1.041011,0.5995152,-0.8946065,0.6556199,0.6788681,-0.5110443,0.9992926,0.5784693,-0.8863143,0.6374375,0.6605738,-0.8224635,1.264757,0.6678145,-1.058635,0.5042036,0.6501081,True,0,1,13
6/23/2025 2:57:25 PM,1750683445087,Right,-0.5267774,1.044758,0.6027698,-0.8699772,0.6543202,0.6930937,-0.4947765,1.003481,0.5802395,-0.8626963,0.6360681,0.6704158,-0.8121877,1.265362,0.6767879,-1.033285,0.5003567,0.6637518,True,0,1,13
6/23/2025 2:57:25 PM,1750683445114,Right,-0.4973904,1.052479,0.6065899,-0.8223149,0.6509231,0.7218858,-0.4637391,1.009853,0.5852068,-0.8149937,0.6326301,0.7049069,-0.7950153,1.265192,0.6935474,-0.9812015,0.4937575,0.7116108,True,0,1,13
6/23/2025 2:57:25 PM,1750683445128,Right,-0.4839036,1.05591,0.6084919,-0.7996165,0.6516995,0.7351242,-0.4513386,1.015351,0.5866842,-0.7945631,0.6330748,0.7147951,-0.7877346,1.264253,0.7018418,-0.9584403,0.4921861,0.7254166,True,0,1,13
6/23/2025 2:57:25 PM,1750683445143,Right,-0.4712043,1.059098,0.6104412,-0.7785662,0.6523271,0.7476809,-0.4403163,1.020155,0.5855981,-0.7726674,0.6353644,0.727685,-0.7813483,1.262833,0.7098011,-0.9351652,0.4913,0.745403,True,0,1,13
6/23/2025 2:57:25 PM,1750683445170,Right,-0.449838,1.063563,0.6146599,-0.7453044,0.6569405,0.7683237,-0.4187185,1.026142,0.588975,-0.7350804,0.6387248,0.7506723,-0.7693131,1.257821,0.7232461,-0.8948448,0.4898829,0.7782633,True,0,1,13
6/23/2025 2:57:25 PM,1750683445184,Right,-0.4393693,1.066308,0.6171964,-0.7298585,0.6588495,0.7787055,-0.4094186,1.029544,0.5932606,-0.7200431,0.6409647,0.7634205,-0.7636366,1.254508,0.7277653,-0.8778728,0.4909321,0.7946253,True,0,1,13
6/23/2025 2:57:25 PM,1750683445212,Right,-0.4257262,1.069185,0.6224589,-0.7097303,0.6628864,0.7957098,-0.3942408,1.032216,0.5973005,-0.6951383,0.6431668,0.7817625,-0.7540163,1.248119,0.7339996,-0.8499584,0.4907401,0.8191687,True,0,1,13
6/23/2025 2:57:25 PM,1750683445225,Right,-0.4193638,1.070371,0.6252019,-0.700038,0.6644737,0.8046204,-0.388708,1.032497,0.6001475,-0.686698,0.6445738,0.790974,-0.7503343,1.244688,0.7343543,-0.8404767,0.4914329,0.8309182,True,0,1,13
6/23/2025 2:57:25 PM,1750683445253,Right,-0.4122796,1.069121,0.6314479,-0.6897911,0.6661682,0.8190463,-0.3805475,1.031819,0.6069021,-0.6736573,0.6459655,0.8068222,-0.7471019,1.239392,0.7323172,-0.8259529,0.491152,0.8506106,True,0,1,13
6/23/2025 2:57:25 PM,1750683445267,Right,-0.4100982,1.068088,0.6342869,-0.6862825,0.6668054,0.8258466,-0.3791313,1.030159,0.6104751,-0.6719807,0.6464379,0.8130013,-0.7467811,1.237018,0.7302514,-0.8243396,0.4910027,0.8578614,True,0,1,13
6/23/2025 2:57:25 PM,1750683445295,Right,-0.4120809,1.064279,0.6392804,-0.686805,0.6693323,0.8354332,-0.3787539,1.025853,0.6172004,-0.6701136,0.648173,0.8221604,-0.7508993,1.233869,0.7239673,-0.8246225,0.4896863,0.86984,True,0,1,13
6/23/2025 2:57:25 PM,1750683445309,Right,-0.4135954,1.06193,0.6416174,-0.6896011,0.6692286,0.8393753,-0.3807435,1.022908,0.6203406,-0.6753377,0.6476508,0.8251305,-0.7529581,1.23217,0.7204767,-0.83069,0.4898438,0.8723139,True,0,1,13
6/23/2025 2:57:25 PM,1750683445323,Right,-0.4169821,1.058661,0.6433669,-0.6974046,0.6686937,0.8408035,-0.3834752,1.020185,0.6239314,-0.6826391,0.6474326,0.8270575,-0.7585517,1.231954,0.7146711,-0.8391724,0.4906367,0.8729674,True,0,1,13
6/23/2025 2:57:25 PM,1750683445350,Right,-0.4264727,1.05263,0.6468452,-0.7166396,0.6682482,0.8409816,-0.3920946,1.013727,0.6297544,-0.6998501,0.6461336,0.8292518,-0.7693939,1.230927,0.7017378,-0.8588905,0.4911065,0.8727971,True,0,1,13
6/23/2025 2:57:25 PM,1750683445364,Right,-0.4331947,1.049351,0.6485116,-0.7298757,0.6686105,0.8388567,-0.397872,1.010249,0.632598,-0.7129824,0.6465468,0.8266273,-0.7761378,1.230824,0.6935222,-0.8746496,0.492945,0.8675008,True,0,1,13
6/23/2025 2:57:25 PM,1750683445392,Right,-0.4497671,1.0424,0.6477105,-0.7605499,0.6697383,0.8313289,-0.4127719,1.002654,0.6360045,-0.7413332,0.6463115,0.8210362,-0.790484,1.230578,0.6747959,-0.9069232,0.4956002,0.8569376,True,0,1,13
6/23/2025 2:57:25 PM,1750683445406,Right,-0.4600403,1.038764,0.6467775,-0.7789909,0.6705526,0.825191,-0.4218897,0.998282,0.6376384,-0.7601668,0.6468475,0.8142257,-0.7977931,1.230268,0.6648959,-0.9288045,0.4985195,0.8459048,True,0,1,13
6/23/2025 2:57:25 PM,1750683445434,Right,-0.4801364,1.031068,0.6466406,-0.8180991,0.6722224,0.8098616,-0.4422695,0.9902665,0.6394297,-0.798082,0.6482084,0.8005804,-0.8151662,1.230047,0.6412157,-0.9714901,0.5046232,0.8242976,True,0,1,13
6/23/2025 2:57:25 PM,1750683445448,Right,-0.492338,1.027494,0.6454227,-0.8395926,0.6739049,0.7994429,-0.4533237,0.9846678,0.6392252,-0.8197932,0.6499649,0.7907785,-0.8242838,1.229953,0.6286269,-0.9962775,0.5090233,0.8097063,True,0,1,13
6/23/2025 2:57:25 PM,1750683445462,Right,-0.5044036,1.023382,0.6443253,-0.8622121,0.6751586,0.7873999,-0.4639786,0.979568,0.6397291,-0.838775,0.6500936,0.7827624,-0.8334532,1.229638,0.6151299,-1.017509,0.5118006,0.7975196,True,0,1,13
6/23/2025 2:57:25 PM,1750683445489,Right,-0.5303128,1.015422,0.6400213,-0.9076829,0.6801021,0.7605191,-0.4951831,0.9716966,0.634628,-0.8888276,0.6550434,0.7533485,-0.8523395,1.229384,0.5863509,-1.072454,0.5222675,0.7565777,True,0,1,13
6/23/2025 2:57:25 PM,1750683445503,Right,-0.5455223,1.011766,0.6348758,-0.9328273,0.6839164,0.7422231,-0.5112742,0.9672304,0.6316456,-0.9136717,0.6578912,0.7381822,-0.8620979,1.229195,0.5710893,-1.099313,0.5273497,0.7356453,True,0,1,13
6/23/2025 2:57:25 PM,1750683445531,Right,-0.5766931,1.004528,0.6223596,-0.9800626,0.6913196,0.7075917,-0.5433281,0.9584455,0.6229978,-0.9608037,0.6637235,0.7059398,-0.881982,1.228258,0.5399556,-1.150546,0.538289,0.6926782,True,0,1,13
6/23/2025 2:57:25 PM,1750683445544,Right,-0.5936517,1.001008,0.6136918,-1.007827,0.6973673,0.6760288,-0.5708386,0.9517066,0.6127693,-0.9999269,0.66748,0.6767388,-0.8913658,1.227617,0.5241232,-1.190417,0.5461521,0.6545849,True,0,1,13
6/23/2025 2:57:25 PM,1750683445573,Right,-0.6280041,0.9938585,0.5932027,-1.051928,0.6943599,0.6450414,-0.5964857,0.9470634,0.603752,-1.038009,0.6729304,0.6456475,-0.9084738,1.227015,0.4928695,-1.226759,0.5562141,0.613377,True,0,1,13
6/23/2025 2:57:25 PM,1750683445586,Right,-0.6456321,0.9903228,0.5816395,-1.075645,0.6959584,0.6231591,-0.6150021,0.9431298,0.5971183,-1.064462,0.67445,0.6247503,-0.9160348,1.226722,0.4781783,-1.250714,0.5612245,0.5862085,True,0,1,13
6/23/2025 2:57:25 PM,1750683445615,Right,-0.6791897,0.9835175,0.556703,-1.121717,0.7047302,0.5726169,-0.6528105,0.9374532,0.5752665,-1.111487,0.6858385,0.5714625,-0.9317125,1.225933,0.4501482,-1.297894,0.5755751,0.5203824,True,0,1,13
6/23/2025 2:57:25 PM,1750683445628,Right,-0.6962636,0.9805295,0.542651,-1.143909,0.7104051,0.5433739,-0.6714792,0.9345776,0.5657704,-1.133745,0.6914144,0.5444504,-0.9398816,1.22534,0.4368443,-1.319657,0.582883,0.4865425,True,0,1,13
6/23/2025 2:57:25 PM,1750683445642,Right,-0.7125281,0.9772574,0.5287271,-1.165339,0.7159281,0.5169448,-0.6901592,0.9308348,0.5559241,-1.155099,0.6946033,0.5187294,-0.9477701,1.224463,0.4243834,-1.33989,0.5877371,0.4547603,True,0,1,13
6/23/2025 2:57:25 PM,1750683445670,Right,-0.7402439,0.9721017,0.500847,-1.199336,0.7339537,0.4557618,-0.7232892,0.9239323,0.5345486,-1.189293,0.7043082,0.4661055,-0.9606926,1.222942,0.4002476,-1.374323,0.5992582,0.390181,True,0,1,13
6/23/2025 2:57:25 PM,1750683445683,Right,-0.754258,0.9693767,0.4862913,-1.216443,0.7388418,0.4281138,-0.7386205,0.9212281,0.5224126,-1.205963,0.7099077,0.4392024,-0.9657439,1.222011,0.3894671,-1.389862,0.6066719,0.357977,False,0,1,13
6/23/2025 2:57:25 PM,1750683445711,Right,-0.7778724,0.9674732,0.4623231,-1.243199,0.7437241,0.3792057,-0.7668837,0.9184814,0.4990906,-1.236857,0.7166416,0.3880814,-0.9741827,1.220562,0.3700536,-1.414003,0.6168902,0.2981426,False,0,1,13
6/23/2025 2:57:25 PM,1750683445725,Right,-0.7883253,0.9655564,0.4498444,-1.255878,0.7471408,0.3535171,-0.7785045,0.9170928,0.4876709,-1.249435,0.7205555,0.3653439,-0.9782666,1.220229,0.3617224,-1.424181,0.6226491,0.2720205,False,0,1,13
6/23/2025 2:57:25 PM,1750683445752,Right,-0.8050783,0.9646554,0.4291225,-1.2724,0.752732,0.3177324,-0.7990941,0.9158571,0.4688135,-1.268065,0.7267801,0.325539,-0.9866222,1.220279,0.3471633,-1.439154,0.6310014,0.225338,False,0,1,13
6/23/2025 2:57:25 PM,1750683445766,Right,-0.8122787,0.9628772,0.4204065,-1.27896,0.7543779,0.3020834,-0.8070866,0.9175091,0.4595393,-1.273583,0.7296891,0.3101681,-0.9904269,1.220659,0.3405217,-1.44433,0.6338969,0.2073778,False,0,1,13
6/23/2025 2:57:25 PM,1750683445794,Right,-0.8250514,0.9640169,0.4055806,-1.289862,0.7563562,0.2760392,-0.8211707,0.9212139,0.443875,-1.28438,0.7329258,0.2830767,-0.9971159,1.222088,0.329342,-1.451855,0.63665,0.1767411,False,0,1,13
6/23/2025 2:57:25 PM,1750683445808,Right,-0.8303501,0.9656894,0.4000872,-1.294599,0.7553462,0.2707486,-0.8268993,0.9232548,0.4396214,-1.288327,0.7329479,0.2743711,-1.000057,1.222727,0.3249958,-1.453994,0.6364079,0.1665448,False,0,1,13
6/23/2025 2:57:25 PM,1750683445822,Right,-0.834857,0.9673939,0.3955523,-1.297009,0.7557361,0.2624452,-0.8317841,0.9248323,0.436722,-1.291104,0.7333832,0.2680474,-1.002659,1.223722,0.321555,-1.455986,0.6363285,0.158805,False,0,1,13
6/23/2025 2:57:25 PM,1750683445850,Right,-0.8419639,0.9702657,0.3871679,-1.30161,0.7552336,0.2504196,-0.838854,0.9278648,0.4277578,-1.295159,0.7338126,0.2536127,-1.007357,1.226004,0.3154542,-1.457957,0.6352155,0.1428583,False,0,1,13
6/23/2025 2:57:25 PM,1750683445864,Right,-0.8444526,0.9719645,0.3839462,-1.302492,0.7546639,0.2467043,-0.8413503,0.9298401,0.4229256,-1.296626,0.7321836,0.2511274,-1.00918,1.227098,0.3135688,-1.459357,0.6317536,0.1413002,False,0,1,13
6/23/2025 2:57:25 PM,1750683445891,Right,-0.8484077,0.9734036,0.3794532,-1.304237,0.7528045,0.2425403,-0.846081,0.9338321,0.4196752,-1.297735,0.73071,0.246592,-1.012024,1.22941,0.3115079,-1.45926,0.6275162,0.1363337,False,0,1,13
6/23/2025 2:57:25 PM,1750683445905,Right,-0.8498089,0.9749235,0.3777511,-1.304557,0.7514992,0.2421044,-0.8470758,0.9356345,0.4186961,-1.297734,0.7283951,0.2481571,-1.013411,1.230677,0.3110471,-1.458921,0.6233996,0.1389555,False,0,1,13
6/23/2025 2:57:25 PM,1750683445933,Right,-0.8519849,0.9794334,0.3763812,-1.305379,0.7484221,0.2447668,-0.8488671,0.9385669,0.4170729,-1.298984,0.7250731,0.2496561,-1.01616,1.233218,0.3130769,-1.458602,0.6178125,0.1424096,False,0,1,13
6/23/2025 2:57:25 PM,1750683445947,Right,-0.8522004,0.9804851,0.3761941,-1.305111,0.7468074,0.2473314,-0.8490818,0.9401106,0.4165712,-1.299335,0.7229123,0.2540424,-1.017546,1.234576,0.3149881,-1.459073,0.6140696,0.1487872,False,0,1,13
6/23/2025 2:57:25 PM,1750683445975,Right,-0.8528016,0.9838495,0.3779973,-1.30399,0.7435336,0.2545552,-0.8492527,0.9438418,0.4175774,-1.297821,0.7190117,0.2601472,-1.019947,1.237374,0.3209614,-1.456705,0.6075116,0.1568391,False,0,1,13
6/23/2025 2:57:25 PM,1750683445989,Right,-0.852416,0.9852865,0.3803147,-1.30279,0.7417908,0.2608023,-0.8478267,0.9454478,0.4193386,-1.295953,0.7167308,0.2667602,-1.02065,1.238729,0.3257661,-1.455123,0.6039925,0.1649763,False,0,1,13
6/23/2025 2:57:26 PM,1750683446003,Right,-0.8516563,0.9871325,0.3836086,-1.301337,0.739772,0.2689097,-0.8461998,0.947049,0.4210343,-1.293844,0.7156786,0.2706505,-1.02082,1.240301,0.3317293,-1.452762,0.6020763,0.1696864,False,0,1,13
6/23/2025 2:57:26 PM,1750683446030,Right,-0.8497781,0.9920098,0.394008,-1.295882,0.735471,0.2858705,-0.8399681,0.9496236,0.4279662,-1.288061,0.7118172,0.2895338,-1.020667,1.243675,0.3452523,-1.448485,0.597391,0.1918743,False,0,1,13
6/23/2025 2:57:26 PM,1750683446044,Right,-0.8472907,0.9950718,0.4007268,-1.291328,0.7320273,0.2960235,-0.8358929,0.9502906,0.4326174,-1.283581,0.7101273,0.2969466,-1.020018,1.245556,0.3540201,-1.444248,0.5955702,0.1998554,False,0,1,13
6/23/2025 2:57:26 PM,1750683446072,Right,-0.8405049,0.9988823,0.4180123,-1.279279,0.7303541,0.3153263,-0.8244402,0.9502471,0.4449136,-1.271293,0.7048176,0.3213384,-1.017735,1.24954,0.374236,-1.435662,0.5915971,0.2261022,False,0,1,13
6/23/2025 2:57:26 PM,1750683446085,Right,-0.8343481,0.9995571,0.4282355,-1.272253,0.7251732,0.331468,-0.8171968,0.9486415,0.4526231,-1.264211,0.7006261,0.3315321,-1.015778,1.251549,0.3858185,-1.428584,0.5884737,0.2367881,False,0,1,13
6/23/2025 2:57:26 PM,1750683446114,Right,-0.8203423,0.9984964,0.4507788,-1.254051,0.7115849,0.3671765,-0.7967104,0.946179,0.4681302,-1.245102,0.6918484,0.3603011,-1.009282,1.255517,0.4128621,-1.413165,0.5852295,0.2686331,False,0,1,13
6/23/2025 2:57:26 PM,1750683446127,Right,-0.8104117,0.9981181,0.4646856,-1.240983,0.7073731,0.3861925,-0.7857788,0.9458281,0.4764145,-1.233145,0.6888128,0.3726671,-1.005425,1.257611,0.4274395,-1.40278,0.5830293,0.2820271,False,0,1,13
6/23/2025 2:57:26 PM,1750683446142,Right,-0.8000329,0.9971487,0.4785487,-1.228136,0.7051852,0.400289,-0.7729988,0.9473107,0.4840613,-1.217885,0.6869043,0.3893659,-1.0007,1.259947,0.4435468,-1.392174,0.582211,0.3012372,False,0,1,13
6/23/2025 2:57:26 PM,1750683446169,Right,-0.7727314,0.9954396,0.5053981,-1.197688,0.7018904,0.4316745,-0.7422418,0.9472521,0.5015869,-1.183753,0.6811126,0.4210656,-0.9877009,1.2648,0.4785721,-1.364636,0.5783952,0.338277,False,0,1,13
6/23/2025 2:57:26 PM,1750683446183,Right,-0.7539918,0.9936025,0.5194126,-1.183346,0.6986249,0.4494164,-0.7237047,0.9471093,0.5106075,-1.16775,0.6752992,0.4394173,-0.9794085,1.267227,0.4974923,-1.348721,0.5765275,0.3618648,False,0,1,13
6/23/2025 2:57:26 PM,1750683446211,Right,-0.7165802,0.9938262,0.5442041,-1.157689,0.6914123,0.4842707,-0.6842602,0.9469512,0.5272548,-1.136735,0.6618229,0.4709575,-0.9586482,1.271746,0.535866,-1.312015,0.5719467,0.4031733,False,0,1,13
6/23/2025 2:57:26 PM,1750683446225,Right,-0.6933867,0.9934077,0.5547312,-1.145298,0.6871787,0.5028032,-0.6626137,0.9494334,0.5327367,-1.121527,0.6534234,0.4890564,-0.9456145,1.27379,0.5553751,-1.290981,0.5694134,0.4286215,False,0,1,13
6/23/2025 2:57:26 PM,1750683446253,Right,-0.6435334,0.9912507,0.5729641,-1.122571,0.6778001,0.5404391,-0.6159223,0.9544384,0.5431652,-1.090415,0.6348605,0.5204331,-0.9149683,1.277747,0.5946381,-1.243264,0.5652117,0.4721358,False,0,1,13
6/23/2025 2:57:26 PM,1750683446267,Right,-0.6158091,0.992646,0.5792047,-1.120302,0.6767278,0.5445031,-0.5909639,0.9557568,0.5450119,-1.081293,0.6190447,0.5388405,-0.8974714,1.279451,0.613856,-1.218324,0.5628952,0.498333,False,0,1,13
6/23/2025 2:57:26 PM,1750683446295,Right,-0.5617623,0.9979307,0.5870178,-1.000954,0.6710923,0.5819783,-0.5427351,0.9644029,0.5447202,-0.9834447,0.6429903,0.5690291,-0.8596534,1.282609,0.6512488,-1.162667,0.5572388,0.5433395,False,0,1,13
6/23/2025 2:57:26 PM,1750683446308,Right,-0.5329158,1.001515,0.5866622,-0.9396356,0.66685,0.6132627,-0.5169724,0.9705915,0.5418108,-0.9348855,0.6524767,0.5864165,-0.8395004,1.283823,0.6693571,-1.129173,0.5530315,0.5727036,False,0,1,13
6/23/2025 2:57:26 PM,1750683446322,Right,-0.5052053,1.005455,0.584565,-0.9010611,0.6652185,0.6308088,-0.4925713,0.9781874,0.5385982,-0.8987579,0.6537088,0.6040373,-0.8189049,1.284825,0.6871221,-1.09438,0.5493432,0.6019976,False,0,1,13
6/23/2025 2:57:26 PM,1750683446350,Right,-0.4513439,1.015241,0.5764037,-0.8327354,0.6678426,0.6577598,-0.444176,0.9901928,0.5250759,-0.830688,0.6537517,0.6259723,-0.7745156,1.285537,0.7203159,-1.024165,0.5436454,0.6446958,False,0,1,13
6/23/2025 2:57:26 PM,1750683446364,Right,-0.4240047,1.021674,0.5702675,-0.7937427,0.6668826,0.6691905,-0.4211048,0.9974586,0.5170973,-0.7940218,0.6536978,0.6399313,-0.7512567,1.284949,0.7358016,-0.9844081,0.5403942,0.6716341,False,0,1,13
6/23/2025 2:57:26 PM,1750683446392,Right,-0.3741272,1.034752,0.5545996,-0.7181064,0.6647393,0.6875066,-0.3780934,1.012872,0.5003051,-0.7245299,0.6549381,0.6572635,-0.7041754,1.282208,0.7650023,-0.906369,0.5361185,0.7094262,False,0,1,13
6/23/2025 2:57:26 PM,1750683446406,Right,-0.3493415,1.041627,0.5452293,-0.6809158,0.6653695,0.693081,-0.3586447,1.022487,0.489716,-0.6868267,0.6564242,0.6672693,-0.6807369,1.280203,0.7784562,-0.8620089,0.5343384,0.7314503,False,0,1,13
6/23/2025 2:57:26 PM,1750683446433,Right,-0.302616,1.05503,0.5231616,-0.6085834,0.6665186,0.7017756,-0.3263513,1.039736,0.4678893,-0.6210954,0.6572419,0.6754103,-0.6337976,1.274512,0.805059,-0.7812018,0.5313643,0.759041,False,0,1,13
6/23/2025 2:57:26 PM,1750683446447,Right,-0.2835737,1.061466,0.5103992,-0.5718503,0.6664366,0.7023481,-0.3123566,1.047022,0.4583006,-0.5867731,0.6577618,0.679691,-0.6107869,1.270729,0.8179791,-0.7383546,0.5290347,0.7750258,False,0,1,13
6/23/2025 2:57:26 PM,1750683446474,Right,-0.250345,1.071713,0.4860089,-0.50575,0.667967,0.7025214,-0.2862678,1.059977,0.4394318,-0.5251024,0.6591671,0.678757,-0.5661705,1.26069,0.8438375,-0.6600161,0.5249757,0.7918326,False,0,1,13
6/23/2025 2:57:26 PM,1750683446489,Right,-0.2357215,1.076467,0.4736732,-0.474755,0.6695085,0.701721,-0.2757003,1.065158,0.429225,-0.4926689,0.6589635,0.6793203,-0.5449579,1.254411,0.8566639,-0.6167113,0.5219914,0.8017591,False,0,1,13
6/23/2025 2:57:26 PM,1750683446503,Right,-0.2241786,1.080202,0.4626202,-0.4442627,0.6715006,0.7012073,-0.2652162,1.069757,0.4197571,-0.4646708,0.6575026,0.6745965,-0.5237341,1.247196,0.8692989,-0.5796657,0.5176799,0.802423,False,0,1,13
6/23/2025 2:57:26 PM,1750683446530,Right,-0.2029496,1.085928,0.4447464,-0.3868078,0.6673191,0.6958525,-0.2524034,1.07592,0.4057176,-0.4061983,0.6560589,0.6740915,-0.4811409,1.230821,0.8936849,-0.4991989,0.5091563,0.8155605,False,0,1,13
6/23/2025 2:57:26 PM,1750683446545,Right,-0.195658,1.086905,0.4373111,-0.3598031,0.6636653,0.6927823,-0.2455232,1.078048,0.4005425,-0.3809886,0.651867,0.6705776,-0.4607077,1.221477,0.9052839,-0.4638577,0.5027341,0.8145999,False,0,1,13
6/23/2025 2:57:26 PM,1750683446572,Right,-0.1828362,1.083953,0.4266643,-0.310005,0.6525,0.6883077,-0.2363122,1.075309,0.3942508,-0.3312061,0.6435633,0.6686055,-0.421988,1.199721,0.926656,-0.3936385,0.4886028,0.8198379,False,0,1,13
6/23/2025 2:57:26 PM,1750683446586,Right,-0.1780683,1.078856,0.4240455,-0.2864208,0.646401,0.6885464,-0.2312165,1.07283,0.3925517,-0.3081883,0.6369923,0.6654471,-0.403615,1.188083,0.936615,-0.3608585,0.4793378,0.8180625,False,0,1,13
6/23/2025 2:57:26 PM,1750683446614,Right,-0.16681,1.065919,0.4214248,-0.2443043,0.6290045,0.6879554,-0.2227776,1.058703,0.3950729,-0.266407,0.6207309,0.6673547,-0.3686655,1.163955,0.9538403,-0.3010623,0.4586479,0.8239145,False,0,1,13
6/23/2025 2:57:26 PM,1750683446628,Right,-0.1580783,1.056827,0.422768,-0.2249373,0.6163461,0.6876034,-0.2182471,1.05046,0.39776,-0.2461743,0.6088763,0.6671983,-0.3517752,1.151718,0.9610119,-0.271854,0.4453573,0.8232911,False,0,1,13
6/23/2025 2:57:26 PM,1750683446642,Right,-0.151078,1.046736,0.4234581,-0.2058607,0.6024386,0.688013,-0.2111987,1.040311,0.4055983,-0.2261409,0.5950602,0.6734536,-0.3355796,1.139365,0.9672935,-0.2441939,0.4318159,0.8283806,False,0,1,13
6/23/2025 2:57:26 PM,1750683446670,Right,-0.1383751,1.019944,0.4317975,-0.1707891,0.5724197,0.6956973,-0.2017767,1.012476,0.4179003,-0.1907748,0.5631416,0.6802019,-0.3063127,1.114763,0.9789276,-0.1945078,0.398238,0.8335428,False,0,1,13
6/23/2025 2:57:26 PM,1750683446683,Right,-0.1327372,1.001334,0.4390577,-0.1566928,0.5483937,0.6970854,-0.194558,0.9948299,0.4260994,-0.1734665,0.5439236,0.6875771,-0.2929633,1.10269,0.984072,-0.1717076,0.3797833,0.8399782,False,0,1,13
6/23/2025 2:57:26 PM,1750683446711,Right,-0.1193694,0.9629036,0.4534321,-0.1306328,0.5014375,0.6981596,-0.1806928,0.9567294,0.4444607,-0.1437923,0.5047159,0.7036847,-0.2681699,1.078655,0.9927356,-0.1318388,0.3410087,0.8550718,False,0,1,13
6/23/2025 2:57:26 PM,1750683446725,Right,-0.1130671,0.9399948,0.4641779,-0.1193808,0.4767832,0.698469,-0.1727047,0.9343539,0.4563712,-0.131014,0.48593,0.7146403,-0.2567409,1.066868,0.9963076,-0.1154896,0.3199527,0.8678778,False,0,1,13
6/23/2025 2:57:26 PM,1750683446753,Right,-0.1010341,0.8926613,0.4851736,-0.1023536,0.4266926,0.6974543,-0.1622397,0.8869531,0.4784726,-0.1079914,0.4463607,0.7339972,-0.235487,1.044834,1.001441,-0.08462147,0.2754303,0.8909231,False,0,1,13
6/23/2025 2:57:26 PM,1750683446767,Right,-0.09521084,0.8664884,0.4974292,-0.09611822,0.4000313,0.6959513,-0.1563868,0.8615962,0.4917181,-0.09948487,0.4281783,0.7489059,-0.2267511,1.034737,1.003364,-0.07387102,0.2546873,0.9099917,True,0,1,14
6/23/2025 2:57:26 PM,1750683446794,Right,-0.08384533,0.8147275,0.5201741,-0.0717224,0.3947615,0.8044516,-0.1505119,0.8066452,0.5135302,-0.08673792,0.3798023,0.7835759,-0.213402,1.017912,1.006302,-0.05635674,0.2130903,0.9481883,True,0,1,14
6/23/2025 2:57:26 PM,1750683446808,Right,-0.07754208,0.7893216,0.5311467,-0.06804125,0.3765644,0.8222917,-0.1451927,0.7819009,0.5268349,-0.08409901,0.3649189,0.8072712,-0.2084455,1.011618,1.007132,-0.05350934,0.2004521,0.9780683,True,0,1,14
6/23/2025 2:57:26 PM,1750683446822,Right,-0.07264343,0.7652016,0.5410775,-0.06534303,0.3556632,0.8538886,-0.1401869,0.7586799,0.5374051,-0.08338122,0.3435471,0.8377171,-0.2050111,1.007227,1.007903,-0.05577807,0.192282,1.008753,True,0,1,14
6/23/2025 2:57:26 PM,1750683446850,Right,-0.06584273,0.7217601,0.5596797,-0.0669741,0.3347344,0.9026073,-0.1318101,0.7182037,0.558265,-0.08262012,0.3197125,0.8839999,-0.2000735,1.000771,1.009857,-0.0573335,0.1797,1.062811,True,0,1,14
6/23/2025 2:57:26 PM,1750683446864,Right,-0.06246275,0.7039564,0.5698557,-0.06936996,0.3297514,0.9267591,-0.1281672,0.7019209,0.5695195,-0.08733827,0.3167587,0.9121333,-0.1989448,0.9989367,1.011302,-0.06549873,0.1841025,1.096812,True,0,1,14
6/23/2025 2:57:26 PM,1750683446891,Right,-0.05758879,0.6748113,0.590578,-0.07492074,0.3268242,0.9728296,-0.1235003,0.6662592,0.5848227,-0.09076312,0.3075644,0.9559231,-0.2004348,0.9991568,1.013932,-0.07279539,0.1890142,1.150302,True,0,1,14
6/23/2025 2:57:26 PM,1750683446905,Right,-0.05742625,0.6635835,0.6025877,-0.07974581,0.3314313,0.9967539,-0.1202971,0.6605446,0.5996263,-0.09612042,0.3172786,0.9840326,-0.2025709,1.001041,1.01441,-0.08294342,0.2055222,1.184143,True,0,1,14
6/23/2025 2:57:26 PM,1750683446933,Right,-0.05710343,0.6463268,0.6246306,-0.09044454,0.3450628,1.042358,-0.1177062,0.6453898,0.6205792,-0.1036202,0.3273182,1.026724,-0.2112017,1.00909,1.014729,-0.09670234,0.2286702,1.233771,True,0,1,14
6/23/2025 2:57:26 PM,1750683446947,Right,-0.05832918,0.6406513,0.6352384,-0.0980925,0.3549739,1.063347,-0.118644,0.6388156,0.6300525,-0.112925,0.3380964,1.049507,-0.2173898,1.01512,1.015417,-0.1113221,0.2482977,1.260562,True,0,1,14
6/23/2025 2:57:26 PM,1750683446961,Right,-0.06022439,0.6368662,0.6448759,-0.1063626,0.3656905,1.081663,-0.1229277,0.6315209,0.6378409,-0.1189155,0.3426473,1.065983,-0.2247466,1.022373,1.016681,-0.1181051,0.2590804,1.279218,True,0,1,14
6/23/2025 2:57:26 PM,1750683446989,Right,-0.06396087,0.6332695,0.663666,-0.1234425,0.3884797,1.112225,-0.1271428,0.6285579,0.6542743,-0.1390301,0.3743017,1.101395,-0.2426846,1.039209,1.019933,-0.1484981,0.3062143,1.321911,True,0,1,14
6/23/2025 2:57:27 PM,1750683447002,Right,-0.06859457,0.6340939,0.6797221,-0.13392,0.4019114,1.128887,-0.1299893,0.6278257,0.6625037,-0.1455761,0.3841974,1.116058,-0.2537094,1.048743,1.021441,-0.1569223,0.321744,1.337551,True,0,1,14
6/23/2025 2:57:27 PM,1750683447030,Right,-0.0730321,0.6395865,0.6923078,-0.1559304,0.4290788,1.154639,-0.1353551,0.6315923,0.6777299,-0.1712189,0.4160877,1.143808,-0.2785136,1.069422,1.022401,-0.1940009,0.3669093,1.368095,True,0,1,14
6/23/2025 2:57:27 PM,1750683447044,Right,-0.07672191,0.6441888,0.7014511,-0.1693932,0.4446207,1.166181,-0.1380151,0.6352127,0.6858383,-0.1797255,0.4293956,1.155383,-0.2920418,1.079904,1.021528,-0.2055062,0.38463,1.380643,True,0,1,14
6/23/2025 2:57:27 PM,1750683447072,Right,-0.08726522,0.6562864,0.7193445,-0.1972225,0.4733052,1.184578,-0.1463006,0.6472216,0.7002956,-0.2115565,0.462183,1.173137,-0.321365,1.101009,1.01811,-0.2502986,0.4258693,1.400501,True,0,1,14
6/23/2025 2:57:27 PM,1750683447086,Right,-0.09419171,0.6642042,0.7275124,-0.2133499,0.4882698,1.191212,-0.1505896,0.6541199,0.7075165,-0.2233618,0.4780177,1.180343,-0.3371589,1.111601,1.015786,-0.2662371,0.4448785,1.409616,True,0,1,14
6/23/2025 2:57:27 PM,1750683447114,Right,-0.1051295,0.6780872,0.7431903,-0.2480605,0.5184451,1.20451,-0.1595843,0.6716602,0.720423,-0.2607137,0.5089003,1.191647,-0.3711631,1.132019,1.008378,-0.3187164,0.4815053,1.419435,True,0,1,14
6/23/2025 2:57:27 PM,1750683447127,Right,-0.1129469,0.6860747,0.7499509,-0.2681049,0.5337494,1.210803,-0.1650237,0.6805754,0.7256375,-0.2762962,0.524826,1.197251,-0.3890885,1.141884,1.003754,-0.3390465,0.5009512,1.423886,True,0,1,14
6/23/2025 2:57:27 PM,1750683447142,Right,-0.1206108,0.6944584,0.7562659,-0.2883508,0.54883,1.215997,-0.1710297,0.6897337,0.730473,-0.2983205,0.5389507,1.201305,-0.4075884,1.151317,0.9983649,-0.3688378,0.5180008,1.424361,True,0,1,14
6/23/2025 2:57:27 PM,1750683447169,Right,-0.134747,0.7150468,0.7689965,-0.3310756,0.5770492,1.219617,-0.1823144,0.7053768,0.7389509,-0.3376576,0.5665162,1.20496,-0.4449179,1.16907,0.9857268,-0.4225766,0.5509089,1.423432,True,0,1,14
6/23/2025 2:57:27 PM,1750683447183,Right,-0.1418494,0.727134,0.7760336,-0.3555117,0.5907992,1.2201,-0.1878557,0.7158322,0.7440802,-0.361726,0.5803411,1.20532,-0.4641685,1.177325,0.9781971,-0.4560924,0.566291,1.4192,True,0,1,14
6/23/2025 2:57:27 PM,1750683447210,Right,-0.1574499,0.7495013,0.7875598,-0.403582,0.6188347,1.216909,-0.2023757,0.732769,0.7512558,-0.408326,0.6053674,1.202073,-0.5047503,1.192129,0.9598901,-0.5186085,0.5947911,1.407807,True,0,1,14
6/23/2025 2:57:27 PM,1750683447225,Right,-0.168795,0.7604383,0.792686,-0.4306207,0.6304201,1.21237,-0.2098711,0.7438264,0.7566373,-0.4351434,0.6182892,1.198219,-0.5262821,1.198795,0.9492457,-0.555456,0.6080616,1.398696,True,0,1,14
6/23/2025 2:57:27 PM,1750683447252,Right,-0.1920898,0.7817632,0.8016131,-0.4855619,0.6527162,1.201786,-0.2293525,0.7630193,0.7632759,-0.4884025,0.6410915,1.188465,-0.5705471,1.210506,0.9246728,-0.6246433,0.6322281,1.377067,True,0,1,14
6/23/2025 2:57:27 PM,1750683447267,Right,-0.2053212,0.7926177,0.805592,-0.514546,0.6639323,1.193691,-0.2401726,0.7715284,0.7655061,-0.5183068,0.6505695,1.178632,-0.5928555,1.216182,0.9109545,-0.6637385,0.6417609,1.360361,True,0,1,14
6/23/2025 2:57:27 PM,1750683447294,Right,-0.2331703,0.8163419,0.8131157,-0.5741178,0.6833204,1.174429,-0.2655811,0.7919977,0.7705716,-0.5775555,0.6712655,1.160918,-0.6373742,1.226465,0.8808329,-0.7375138,0.6624415,1.327882,True,0,1,14
6/23/2025 2:57:27 PM,1750683447309,Right,-0.2486808,0.8277983,0.8159524,-0.60576,0.6928022,1.162192,-0.2797802,0.8013718,0.7722258,-0.6104028,0.6788875,1.147836,-0.6600285,1.231294,0.8641584,-0.7778805,0.6693099,1.305664,True,0,1,14
6/23/2025 2:57:27 PM,1750683447322,Right,-0.2662624,0.8397376,0.8178534,-0.6383396,0.7012578,1.148478,-0.2949967,0.8114427,0.7744282,-0.6430099,0.6864454,1.134939,-0.6826433,1.235228,0.8455625,-0.8173006,0.6757027,1.283224,True,0,1,14
6/23/2025 2:57:27 PM,1750683447350,Right,-0.305826,0.8589817,0.8200725,-0.7035844,0.7165403,1.118282,-0.327997,0.8261909,0.7747185,-0.7051587,0.6994594,1.104792,-0.7268333,1.24238,0.8061471,-0.891909,0.6871756,1.235997,True,0,1,14
6/23/2025 2:57:27 PM,1750683447364,Right,-0.3278576,0.8672213,0.820154,-0.7374254,0.7230068,1.099538,-0.3469041,0.8363777,0.7753881,-0.7383895,0.7060049,1.085569,-0.7482724,1.245456,0.7851832,-0.9323642,0.6912076,1.206969,True,0,1,14
6/23/2025 2:57:27 PM,1750683447391,Right,-0.3727728,0.8853174,0.8174636,-0.8060412,0.7487049,1.06035,-0.3868676,0.8497589,0.7716126,-0.8013114,0.7152541,1.046025,-0.7897527,1.250488,0.7406971,-1.007224,0.6959739,1.147921,True,0,1,14
6/23/2025 2:57:27 PM,1750683447406,Right,-0.3977973,0.894406,0.8135135,-0.8420185,0.7537823,1.041313,-0.4079548,0.8585495,0.7690934,-0.8363768,0.7193404,1.025453,-0.8095832,1.25228,0.7173911,-1.044493,0.6977845,1.114164,True,0,1,14
6/23/2025 2:57:27 PM,1750683447433,Right,-0.4498521,0.9104261,0.8021584,-0.9141465,0.7520108,1.005243,-0.4510646,0.8715418,0.7615443,-0.9098754,0.7215894,0.9813834,-0.8460355,1.255185,0.669385,-1.115107,0.6980194,1.042681,True,0,1,14
6/23/2025 2:57:27 PM,1750683447447,Right,-0.4769353,0.9180388,0.7954484,-0.8632265,0.747702,1.01231,-0.4741427,0.8791449,0.7555521,-0.8932061,0.7421333,0.931984,-0.8626599,1.256548,0.6451659,-1.150238,0.6998118,1.0022,True,0,1,14
6/23/2025 2:57:27 PM,1750683447475,Right,-0.5303606,0.9333034,0.7741929,-0.9130035,0.75054,0.9821113,-0.5202798,0.8914801,0.7398925,-0.9488678,0.7484435,0.8772658,-0.8926985,1.259208,0.5972761,-1.212836,0.6982879,0.9219441,True,0,1,14
6/23/2025 2:57:27 PM,1750683447489,Right,-0.5582681,0.9412418,0.7609591,-0.9393547,0.7476567,0.9669241,-0.5446433,0.8932172,0.7269931,-0.9804443,0.7491062,0.8463837,-0.9063642,1.260156,0.5738959,-1.244006,0.6974051,0.8774907,True,0,1,14
6/23/2025 2:57:27 PM,1750683447503,Right,-0.5850543,0.94833,0.7476118,-0.965506,0.7418685,0.9523857,-0.567722,0.8947154,0.7134385,-1.010909,0.7463925,0.8158347,-0.9185582,1.26065,0.5517167,-1.271102,0.6926661,0.8339885,True,0,1,14
6/23/2025 2:57:27 PM,1750683447530,Right,-0.6372221,0.9593634,0.7154796,-1.016087,0.722218,0.9258065,-0.6170124,0.9092046,0.6928788,-1.079223,0.7511727,0.7617535,-0.9414521,1.26086,0.5106126,-1.323939,0.6929568,0.7528077,True,0,1,14
6/23/2025 2:57:27 PM,1750683447544,Right,-0.6624616,0.9658635,0.6974778,-1.031339,0.7139876,0.9182113,-0.6409745,0.914269,0.6795415,-1.108011,0.7487695,0.7292248,-0.9516298,1.260045,0.4920129,-1.346422,0.6870954,0.7084551,True,0,1,14
6/23/2025 2:57:27 PM,1750683447572,Right,-0.7104471,0.9758313,0.6556498,-1.031339,0.7139876,0.9182113,-0.6860701,0.9259818,0.6469842,-1.146242,0.7566767,0.6602044,-0.9698033,1.257564,0.4570647,-1.386819,0.6845505,0.6193696,True,0,1,14
6/23/2025 2:57:27 PM,1750683447586,Right,-0.7329997,0.981432,0.6329542,-1.031339,0.7139876,0.9182113,-0.7085809,0.9301881,0.6293817,-1.16645,0.7535031,0.6263806,-0.9774485,1.25574,0.4415754,-1.402997,0.6750987,0.5763219,True,0,1,14
6/23/2025 2:57:27 PM,1750683447614,Right,-0.7718746,0.9880099,0.5873063,-1.031339,0.7139876,0.9182113,-0.7470703,0.9338277,0.5968776,-1.21179,0.7482336,0.5640867,-0.9905424,1.250805,0.4131156,-1.430948,0.6640671,0.4986947,True,0,1,14
6/23/2025 2:57:27 PM,1750683447628,Right,-0.7883211,0.9910751,0.5646639,-1.031339,0.7139876,0.9182113,-0.7659827,0.9373649,0.579683,-1.233888,0.7407169,0.5318947,-0.9958229,1.248364,0.4009764,-1.440625,0.653177,0.4605389,True,0,1,14
6/23/2025 2:57:27 PM,1750683447641,Right,-0.8040467,0.992607,0.5420177,-1.031339,0.7139876,0.9182113,-0.7819564,0.9424512,0.5632593,-1.255616,0.7377459,0.5009515,-1.000656,1.245948,0.3890432,-1.448903,0.6488386,0.4251505,True,0,1,14
6/23/2025 2:57:27 PM,1750683447669,Right,-0.8285156,0.9949988,0.5021603,-1.031339,0.7139876,0.9182113,-0.8094739,0.9475398,0.5327631,-1.292949,0.7216411,0.4454513,-1.009749,1.241885,0.3665997,-1.458308,0.6293631,0.3657954,True,0,1,14
6/23/2025 2:57:27 PM,1750683447683,Right,-0.8384245,0.9967563,0.4858446,-1.031339,0.7139876,0.9182113,-0.8202287,0.9507775,0.5182713,-1.308908,0.7168427,0.4198266,-1.014062,1.240425,0.3564141,-1.461766,0.6240748,0.3399577,False,0,1,14
6/23/2025 2:57:27 PM,1750683447711,Right,-0.8543189,0.9996445,0.4581068,-1.031339,0.7139876,0.9182113,-0.8394572,0.9561982,0.4893863,-1.336299,0.7025992,0.3734827,-1.021548,1.238122,0.338104,-1.466082,0.6099157,0.2956602,False,0,1,14
6/23/2025 2:57:27 PM,1750683447724,Right,-0.8616539,0.9987165,0.443853,-1.031339,0.7139876,0.9182113,-0.8471683,0.956559,0.4797164,-1.347786,0.6972497,0.3548913,-1.024883,1.2375,0.329496,-1.468742,0.6059116,0.2777433,False,0,1,14
6/23/2025 2:57:27 PM,1750683447752,Right,-0.8709852,0.9976781,0.4248048,-1.031339,0.7139876,0.9182113,-0.8594822,0.9575158,0.4622786,-1.363893,0.6838332,0.3215786,-1.030207,1.236589,0.3146806,-1.469196,0.5949062,0.2457979,False,0,1,14
6/23/2025 2:57:27 PM,1750683447766,Right,-0.8749148,0.9978876,0.4175431,-1.031339,0.7139876,0.9182113,-0.8633875,0.957118,0.45523,-1.370412,0.6804857,0.308282,-1.032058,1.23621,0.3087412,-1.470655,0.5942261,0.2324384,False,0,1,14
6/23/2025 2:57:27 PM,1750683447794,Right,-0.8802413,0.9966533,0.4066252,-1.031339,0.7139876,0.9182113,-0.8687215,0.954655,0.4429111,-1.374396,0.6719549,0.2867888,-1.034628,1.236004,0.2990487,-1.469369,0.5869672,0.2102568,False,0,1,14
6/23/2025 2:57:27 PM,1750683447808,Right,-0.8816861,0.9958988,0.4033064,-1.031339,0.7139876,0.9182113,-0.8704103,0.9543715,0.4389315,-1.375949,0.6719642,0.2818419,-1.035776,1.236156,0.2949418,-1.471146,0.5879415,0.2045268,False,0,1,14
6/23/2025 2:57:27 PM,1750683447822,Right,-0.8823156,0.9946372,0.4010605,-1.031339,0.7139876,0.9182113,-0.8711519,0.9535587,0.4362963,-1.377194,0.6726036,0.2782275,-1.036499,1.236605,0.2930759,-1.472748,0.5895984,0.2002561,False,0,1,14
6/23/2025 2:57:27 PM,1750683447850,Right,-0.8824162,0.9938238,0.3982243,-1.031339,0.7139876,0.9182113,-0.8710393,0.9527754,0.4333267,-1.37517,0.6698131,0.2727506,-1.037639,1.238139,0.2914449,-1.469946,0.5862656,0.1944096,False,0,1,14
6/23/2025 2:57:27 PM,1750683447863,Right,-0.8815882,0.9942162,0.3981484,-1.031339,0.7139876,0.9182113,-0.8699424,0.9533024,0.4330985,-1.375164,0.6713294,0.2742183,-1.037772,1.239394,0.2924689,-1.470553,0.5884832,0.1958769,False,0,1,14
6/23/2025 2:57:27 PM,1750683447892,Right,-0.8789207,0.9962421,0.3996831,-1.313717,0.7389675,0.2959835,-0.8664029,0.9554925,0.4336483,-1.299796,0.710337,0.2996472,-1.037315,1.242557,0.2970618,-1.465992,0.586736,0.1999586,False,0,1,14
6/23/2025 2:57:27 PM,1750683447905,Right,-0.8770015,0.9983494,0.402466,-1.311585,0.7384357,0.300582,-0.8634955,0.9568302,0.436264,-1.298647,0.7112626,0.3056501,-1.03688,1.244647,0.301144,-1.465209,0.5886428,0.2071795,False,0,1,14
6/23/2025 2:57:27 PM,1750683447933,Right,-0.8721714,1.003022,0.4094671,-1.30485,0.7353219,0.3174298,-0.8561451,0.9595172,0.4421245,-1.291347,0.7103615,0.3163185,-1.035255,1.249027,0.3115423,-1.457961,0.5876311,0.2193719,False,0,1,14
6/23/2025 2:57:27 PM,1750683447947,Right,-0.8682165,1.005342,0.4149958,-1.300822,0.7317327,0.3282656,-0.8510839,0.9608936,0.4457051,-1.289195,0.7095218,0.3261501,-1.033959,1.251143,0.3177291,-1.455808,0.588698,0.2315117,False,0,1,14
6/23/2025 2:57:27 PM,1750683447975,Right,-0.8595422,1.01002,0.4281743,-1.288733,0.7362506,0.3411583,-0.8394182,0.9631015,0.454806,-1.275142,0.7083242,0.3453209,-1.029817,1.255496,0.3339041,-1.445732,0.5867707,0.2526706,False,0,1,14
6/23/2025 2:57:27 PM,1750683447988,Right,-0.8535286,1.01079,0.4357972,-1.281937,0.7338842,0.3556061,-0.8316947,0.9642884,0.4600444,-1.268327,0.7075582,0.3596112,-1.027423,1.257661,0.3437203,-1.441361,0.5872498,0.2696529,False,0,1,14
6/23/2025 2:57:28 PM,1750683448002,Right,-0.8468416,1.01331,0.4455755,-1.2741,0.7305037,0.3718922,-0.8241329,0.9665187,0.464145,-1.259903,0.7056159,0.366848,-1.024557,1.259722,0.3543177,-1.432265,0.5848641,0.2780922,False,0,1,14
6/23/2025 2:57:28 PM,1750683448031,Right,-0.8304375,1.017089,0.4662089,-1.253464,0.7267407,0.4058311,-0.8040066,0.9704114,0.4788701,-1.23999,0.7039833,0.4023414,-1.017758,1.26426,0.3804957,-1.418119,0.5858832,0.3204277,False,0,1,14
6/23/2025 2:57:28 PM,1750683448044,Right,-0.8197041,1.01904,0.4784444,-1.240448,0.7246134,0.4239143,-0.7926509,0.9724222,0.4870261,-1.226696,0.7023929,0.4136404,-1.013456,1.266355,0.3954195,-1.405223,0.5837489,0.332789,False,0,1,14
6/23/2025 2:57:28 PM,1750683448072,Right,-0.7942722,1.022158,0.503423,-1.211774,0.715624,0.4673449,-0.7639927,0.9769308,0.5053385,-1.199559,0.6996293,0.4525677,-1.002688,1.270619,0.4283623,-1.381657,0.5858048,0.3803927,False,0,1,14
6/23/2025 2:57:28 PM,1750683448086,Right,-0.7796977,1.023616,0.5165678,-1.198664,0.7103453,0.4895238,-0.7483723,0.978964,0.5136117,-1.185932,0.6956244,0.4648803,-0.9955931,1.272395,0.4467287,-1.364885,0.584043,0.3950815,False,0,1,14
6/23/2025 2:57:28 PM,1750683448113,Right,-0.7426615,1.025613,0.5416487,-1.159562,0.7135517,0.5214339,-0.7106366,0.9809492,0.5295441,-1.144355,0.6930169,0.5080927,-0.9785616,1.275872,0.4861484,-1.33202,0.5837362,0.4507716,False,0,1,14
6/23/2025 2:57:28 PM,1750683448128,Right,-0.7209426,1.026012,0.5525123,-1.135036,0.7129993,0.5389116,-0.6900545,0.9817762,0.5371416,-1.130387,0.6858286,0.5206727,-0.968277,1.277212,0.5070337,-1.311044,0.5824252,0.4664932,False,0,1,14
6/23/2025 2:57:28 PM,1750683448141,Right,-0.6993027,1.026489,0.5628543,-1.104207,0.711652,0.5679668,-0.6672074,0.9832972,0.5454084,-1.091484,0.6945774,0.5429245,-0.9586128,1.27871,0.5270153,-1.289858,0.5833586,0.4958526,False,0,1,14
6/23/2025 2:57:28 PM,1750683448170,Right,-0.6502649,1.026487,0.5801708,-1.048863,0.7005869,0.6190661,-0.6209319,0.9871491,0.5547147,-1.043514,0.6913871,0.5734864,-0.9281671,1.278701,0.5724869,-1.243439,0.5842192,0.5394691,False,0,1,14
6/23/2025 2:57:28 PM,1750683448183,Right,-0.6221601,1.026901,0.5865991,-1.022128,0.6936038,0.6483561,-0.5971628,0.9883081,0.5548108,-1.022236,0.6846659,0.5936997,-0.9122148,1.278102,0.5951333,-1.217861,0.5826093,0.5703639,False,0,1,14
6/23/2025 2:57:28 PM,1750683448211,Right,-0.5693136,1.030528,0.5959568,-0.9737408,0.6759201,0.7080486,-0.5500218,0.9950712,0.5540666,-0.9843848,0.6685693,0.6281357,-0.8756,1.275038,0.6420772,-1.161381,0.5802522,0.6193779,False,0,1,14
6/23/2025 2:57:28 PM,1750683448225,Right,-0.5421723,1.031871,0.5969419,-0.950974,0.6647806,0.7398105,-0.5246824,0.9997356,0.5520558,-0.9642247,0.6569244,0.6527351,-0.8548676,1.272534,0.6650884,-1.127247,0.5791614,0.6527196,False,0,1,14
6/23/2025 2:57:28 PM,1750683448252,Right,-0.4879552,1.036217,0.5966734,-0.9300267,0.6524836,0.7716667,-0.4774582,1.00978,0.5456186,-0.9237511,0.6355578,0.6897727,-0.8054701,1.264065,0.7061106,-1.060275,0.5774478,0.6989587,False,0,1,14
6/23/2025 2:57:28 PM,1750683448266,Right,-0.4598906,1.0395,0.5944436,-0.8216996,0.6934904,0.7130513,-0.4545084,1.016166,0.5396512,-0.822994,0.6891216,0.6834681,-0.77894,1.259726,0.7246708,-1.020361,0.5749384,0.727346,False,0,1,14
6/23/2025 2:57:28 PM,1750683448294,Right,-0.4083576,1.050755,0.5859878,-0.7474237,0.6987975,0.7319404,-0.4123053,1.031455,0.5304788,-0.7572877,0.6916535,0.7013817,-0.7265066,1.250554,0.7572649,-0.9463503,0.573613,0.7655901,False,0,1,14
6/23/2025 2:57:28 PM,1750683448308,Right,-0.3831555,1.056561,0.5807512,-0.71091,0.700385,0.7399487,-0.3928379,1.040885,0.5235515,-0.7170835,0.6950098,0.7101526,-0.7007197,1.244792,0.7732052,-0.9015505,0.5707541,0.7886719,False,0,1,14
6/23/2025 2:57:28 PM,1750683448322,Right,-0.358592,1.063278,0.5725915,-0.6714653,0.6994174,0.7463691,-0.3752927,1.049896,0.5174745,-0.6809316,0.6947177,0.719488,-0.6756297,1.239993,0.7887388,-0.8566761,0.5671289,0.8095466,False,0,1,14
6/23/2025 2:57:28 PM,1750683448350,Right,-0.3163378,1.077885,0.5573624,-0.5990345,0.6992109,0.7541969,-0.3431562,1.068038,0.5055442,-0.6188799,0.6977432,0.7264262,-0.62526,1.229354,0.8181022,-0.7791473,0.5650017,0.8326012,False,0,1,14
6/23/2025 2:57:28 PM,1750683448363,Right,-0.2979102,1.084649,0.548462,-0.5647197,0.7040271,0.758323,-0.3284178,1.07591,0.4964073,-0.5813515,0.6988548,0.7285883,-0.60089,1.223486,0.8319726,-0.7324055,0.5604978,0.8446094,False,0,1,14
6/23/2025 2:57:28 PM,1750683448392,Right,-0.2660859,1.097026,0.533417,-0.4990449,0.7035418,0.7591609,-0.2998967,1.085174,0.4818012,-0.5178311,0.6964098,0.7294356,-0.5537814,1.210448,0.8586617,-0.6523525,0.551471,0.8573485,False,0,1,14
6/23/2025 2:57:28 PM,1750683448406,Right,-0.2518551,1.102348,0.5268604,-0.4647998,0.7017252,0.7580414,-0.2868203,1.090315,0.4769251,-0.4825336,0.6952062,0.7314655,-0.531249,1.202945,0.8715374,-0.6068375,0.5457469,0.8656851,False,0,1,14
6/23/2025 2:57:28 PM,1750683448433,Right,-0.2269129,1.108335,0.5144202,-0.4025298,0.6952556,0.754535,-0.2666214,1.100039,0.4712159,-0.4223945,0.6902337,0.729678,-0.4870701,1.186708,0.8946149,-0.5277767,0.5318766,0.8700768,False,0,1,14
6/23/2025 2:57:28 PM,1750683448447,Right,-0.2167826,1.108532,0.5094001,-0.3728161,0.6901966,0.751133,-0.2584467,1.09851,0.4644949,-0.3904264,0.6837623,0.7257866,-0.4657891,1.177948,0.9049933,-0.484468,0.5207151,0.8709025,False,0,1,14
6/23/2025 2:57:28 PM,1750683448475,Right,-0.1961285,1.105457,0.5010806,-0.3167975,0.6757429,0.745386,-0.2421728,1.095097,0.45917,-0.3367281,0.6695853,0.7213315,-0.4244802,1.159359,0.9234643,-0.4106484,0.5014178,0.8705841,False,0,1,14
6/23/2025 2:57:28 PM,1750683448489,Right,-0.1860192,1.099868,0.4978369,-0.2905967,0.6669319,0.7425992,-0.2341902,1.090351,0.4587936,-0.308688,0.6605603,0.7193872,-0.4052272,1.149745,0.9316728,-0.3715267,0.4891325,0.8708317,False,0,1,14
6/23/2025 2:57:28 PM,1750683448502,Right,-0.1744222,1.093225,0.4953677,-0.2657913,0.6550086,0.738727,-0.2249966,1.086829,0.4611476,-0.2853043,0.6507973,0.7187364,-0.386328,1.139848,0.9395845,-0.3391687,0.4783565,0.869591,False,0,1,14
6/23/2025 2:57:28 PM,1750683448531,Right,-0.1548538,1.074898,0.4926262,-0.2200651,0.62845,0.7326705,-0.2094996,1.067556,0.4647061,-0.2384375,0.6232033,0.7152343,-0.3506904,1.120516,0.9531829,-0.272958,0.4472001,0.8662429,False,0,1,14
6/23/2025 2:57:28 PM,1750683448544,Right,-0.1451081,1.061749,0.4926156,-0.1983404,0.6096644,0.7285923,-0.2010526,1.055833,0.4657117,-0.2175196,0.6070212,0.713562,-0.3339127,1.111083,0.9598684,-0.2436731,0.4312931,0.8634967,False,0,1,14
6/23/2025 2:57:28 PM,1750683448572,Right,-0.130691,1.030729,0.4947762,-0.1610334,0.5771026,0.7298523,-0.184578,1.02447,0.4712379,-0.1804517,0.5750573,0.7160179,-0.3043392,1.092374,0.9712553,-0.1927386,0.3974744,0.8673569,False,0,1,14
6/23/2025 2:57:28 PM,1750683448586,Right,-0.1200124,1.013142,0.4985811,-0.1435965,0.5579156,0.7306165,-0.1768131,1.007334,0.4746184,-0.1624982,0.5557382,0.7161534,-0.2906358,1.083174,0.9764352,-0.1682744,0.3776344,0.8664168,False,0,1,14
6/23/2025 2:57:28 PM,1750683448613,Right,-0.1021054,0.9747486,0.5058464,-0.1143615,0.5200855,0.7385627,-0.1617616,0.9677657,0.4857796,-0.1323919,0.5185313,0.7273008,-0.265413,1.065666,0.9849918,-0.1283366,0.3398845,0.8791598,False,0,1,14
6/23/2025 2:57:28 PM,1750683448627,Right,-0.09414701,0.9528086,0.5113099,-0.1017472,0.4988026,0.7461328,-0.153525,0.9467789,0.4917304,-0.1169464,0.4968552,0.732029,-0.2540535,1.057791,0.9868827,-0.1078302,0.3185623,0.8833375,False,0,1,14
6/23/2025 2:57:28 PM,1750683448642,Right,-0.08628665,0.9304595,0.517022,-0.08991727,0.4772443,0.754486,-0.1460959,0.9235392,0.4990646,-0.1055111,0.4756361,0.7429388,-0.2436982,1.050905,0.9887226,-0.09344025,0.2989888,0.8956301,False,0,1,14
6/23/2025 2:57:28 PM,1750683448669,Right,-0.07040462,0.8849505,0.5298447,-0.07108045,0.4355778,0.7782953,-0.131988,0.878173,0.517159,-0.0838228,0.4319792,0.7664817,-0.2268114,1.038329,0.9914896,-0.06714097,0.2589407,0.9202052,False,0,1,14
6/23/2025 2:57:28 PM,1750683448683,Right,-0.06576654,0.8599963,0.5397409,-0.06361672,0.4140686,0.792444,-0.1251439,0.8542136,0.5274616,-0.07649985,0.4124692,0.782744,-0.2201102,1.033397,0.9927878,-0.05915927,0.2409741,0.9393881,True,0,1,15
6/23/2025 2:57:28 PM,1750683448711,Right,-0.05734678,0.8112463,0.5577202,-0.05309415,0.3693976,0.8165236,-0.1215029,0.8037489,0.5460047,-0.06740053,0.3714516,0.8150354,-0.2071733,1.025719,0.9950013,-0.04621898,0.2051049,0.9773488,True,0,1,15
6/23/2025 2:57:28 PM,1750683448725,Right,-0.05336912,0.7864465,0.5675607,-0.05115394,0.3640753,0.8470062,-0.1183375,0.7791319,0.5563076,-0.06479418,0.36015,0.8341857,-0.2012327,1.02284,0.996299,-0.0425646,0.1932716,1.004779,True,0,1,15
6/23/2025 2:57:28 PM,1750683448752,Right,-0.04661293,0.7402776,0.5876821,-0.04069724,0.3408648,0.9027194,-0.1098245,0.736351,0.578746,-0.05733364,0.3286393,0.8779361,-0.1900263,1.016826,0.9976623,-0.03446624,0.1724275,1.054573,True,0,1,15
6/23/2025 2:57:28 PM,1750683448766,Right,-0.04179231,0.7199514,0.5988701,-0.04231158,0.3314926,0.9248848,-0.1027506,0.7179134,0.5915996,-0.05688635,0.3215399,0.9043754,-0.1860732,1.014181,0.9969816,-0.0361578,0.1703219,1.087391,True,0,1,15
6/23/2025 2:57:28 PM,1750683448794,Right,-0.0361157,0.683616,0.6184061,-0.04740522,0.3176132,0.9695784,-0.1018655,0.6804776,0.6131164,-0.06354953,0.3029231,0.9497384,-0.180599,1.009802,0.9935153,-0.04544714,0.1630148,1.141462,True,0,1,15
6/23/2025 2:57:28 PM,1750683448808,Right,-0.03336033,0.666549,0.6267561,-0.05231291,0.316204,0.9933147,-0.09900425,0.6648599,0.621324,-0.06852958,0.3022026,0.9747843,-0.1797588,1.008855,0.9912789,-0.05370726,0.1708112,1.172653,True,0,1,15
6/23/2025 2:57:28 PM,1750683448822,Right,-0.03361784,0.6517647,0.6349517,-0.05748205,0.3173162,1.014358,-0.09707339,0.6510589,0.6293818,-0.07558223,0.3060786,0.999332,-0.1804662,1.009316,0.9892046,-0.06471992,0.1834266,1.204163,True,0,1,15
6/23/2025 2:57:28 PM,1750683448850,Right,-0.0339834,0.6267564,0.6506907,-0.06955507,0.3273073,1.055773,-0.09611882,0.6288154,0.6462956,-0.08564954,0.3138376,1.040866,-0.1834705,1.013805,0.9866154,-0.07973288,0.2063281,1.255669,True,0,1,15
6/23/2025 2:57:28 PM,1750683448864,Right,-0.03492595,0.6177183,0.6585221,-0.07702319,0.335315,1.075078,-0.1006661,0.618753,0.6534255,-0.09600458,0.3232784,1.062898,-0.1886697,1.01929,0.9856389,-0.09343921,0.2263016,1.282734,True,0,1,15
6/23/2025 2:57:28 PM,1750683448892,Right,-0.04227785,0.606144,0.6752542,-0.09404822,0.3540994,1.109845,-0.1103278,0.6048616,0.6663868,-0.1129642,0.342777,1.098048,-0.202288,1.034718,0.9866271,-0.1137968,0.2635549,1.324868,True,0,1,15
6/23/2025 2:57:28 PM,1750683448905,Right,-0.04684984,0.6042823,0.6823753,-0.1048034,0.3667321,1.125318,-0.1145471,0.6048525,0.6747161,-0.123284,0.3585081,1.116466,-0.2110069,1.043956,0.9881005,-0.1276743,0.2881643,1.345265,True,0,1,15
6/23/2025 2:57:28 PM,1750683448933,Right,-0.05962761,0.6039605,0.6967356,-0.1261379,0.391823,1.149305,-0.1253421,0.604519,0.6860836,-0.1443893,0.3863029,1.140294,-0.2335154,1.065779,0.9906077,-0.1541296,0.32937,1.374244,True,0,1,15
6/23/2025 2:57:28 PM,1750683448947,Right,-0.06584461,0.6067646,0.7032543,-0.1387663,0.4075754,1.159836,-0.1306469,0.6076114,0.6916541,-0.1573941,0.4032398,1.151024,-0.2456241,1.077156,0.9903913,-0.1714122,0.3529342,1.387052,True,0,1,15
6/23/2025 2:57:28 PM,1750683448975,Right,-0.07709353,0.6154777,0.7146664,-0.1656436,0.438103,1.177203,-0.1416654,0.6160055,0.7009122,-0.1827184,0.4341043,1.168349,-0.2745984,1.101304,0.9869428,-0.2040516,0.3951533,1.406201,True,0,1,15
6/23/2025 2:57:28 PM,1750683448989,Right,-0.08420088,0.6224726,0.720437,-0.1815224,0.4544378,1.184954,-0.1481789,0.6223878,0.7045889,-0.1993842,0.4508139,1.175144,-0.2899842,1.113127,0.9849317,-0.2261612,0.4172082,1.413052,True,0,1,15
6/23/2025 2:57:29 PM,1750683449003,Right,-0.09038884,0.6292605,0.7252236,-0.1984667,0.470918,1.191711,-0.1541586,0.628088,0.7079697,-0.2127874,0.4666564,1.18192,-0.3060381,1.124506,0.9820199,-0.2431593,0.438475,1.419465,True,0,1,15
6/23/2025 2:57:29 PM,1750683449030,Right,-0.1012865,0.6432195,0.7343764,-0.2334211,0.5035902,1.199073,-0.1630621,0.6428726,0.713806,-0.248516,0.4993927,1.188202,-0.3401319,1.147295,0.9739149,-0.2937039,0.4796263,1.425412,True,0,1,15
6/23/2025 2:57:29 PM,1750683449044,Right,-0.1089816,0.6511942,0.7391815,-0.2532965,0.5208761,1.201441,-0.1681076,0.6502643,0.7161413,-0.2642554,0.5168448,1.190161,-0.3582798,1.158176,0.9684641,-0.3152753,0.5016122,1.42772,True,0,1,15
6/23/2025 2:57:29 PM,1750683449072,Right,-0.1257188,0.6706672,0.7474075,-0.2946615,0.5537749,1.202543,-0.1794647,0.6656446,0.7203556,-0.3077812,0.5486212,1.188585,-0.3954529,1.178811,0.9548645,-0.377299,0.5406258,1.424154,True,0,1,15
6/23/2025 2:57:29 PM,1750683449086,Right,-0.1362205,0.6812005,0.7498311,-0.3178011,0.5703551,1.201283,-0.1848812,0.67501,0.7225407,-0.3264185,0.5659617,1.188377,-0.4150064,1.188493,0.9465809,-0.4031632,0.5617735,1.422277,True,0,1,15
6/23/2025 2:57:29 PM,1750683449113,Right,-0.1524502,0.7021155,0.7565527,-0.3658234,0.6013365,1.1954,-0.1987027,0.6943758,0.7244799,-0.3760843,0.5951076,1.179393,-0.4564283,1.207252,0.9285088,-0.4730632,0.5953307,1.406401,True,0,1,15
6/23/2025 2:57:29 PM,1750683449128,Right,-0.1612559,0.7127551,0.7602526,-0.3939829,0.6182191,1.193577,-0.2069911,0.7037217,0.7250856,-0.3995591,0.6106011,1.176949,-0.4782474,1.215935,0.9181294,-0.503492,0.6142865,1.399021,True,0,1,15
6/23/2025 2:57:29 PM,1750683449142,Right,-0.1707612,0.7235228,0.763521,-0.4213188,0.6332096,1.189176,-0.2169194,0.7120835,0.7252361,-0.4288588,0.6228216,1.171412,-0.5003376,1.22431,0.9069479,-0.5418023,0.6287739,1.386758,True,0,1,15
6/23/2025 2:57:29 PM,1750683449169,Right,-0.1945242,0.7460781,0.7679186,-0.4775003,0.6595336,1.174812,-0.2340709,0.7340741,0.728913,-0.4817274,0.6509417,1.158727,-0.5463737,1.239047,0.8802638,-0.6120415,0.6598567,1.362735,True,0,1,15
6/23/2025 2:57:29 PM,1750683449184,Right,-0.2078177,0.7579432,0.7704173,-0.5074527,0.671944,1.164203,-0.2478122,0.7422528,0.7285159,-0.5135204,0.661309,1.146844,-0.5699538,1.245377,0.8648415,-0.6538788,0.6708196,1.345044,True,0,1,15
6/23/2025 2:57:29 PM,1750683449211,Right,-0.238064,0.7825962,0.774913,-0.5691177,0.6939864,1.141308,-0.2720457,0.7601052,0.7285791,-0.572577,0.6818978,1.12396,-0.6173917,1.25598,0.830868,-0.7302692,0.6923287,1.307835,True,0,1,15
6/23/2025 2:57:29 PM,1750683449225,Right,-0.2525025,0.7961975,0.7768357,-0.6010681,0.7041604,1.128484,-0.286116,0.7706397,0.7288589,-0.6055532,0.6917632,1.109909,-0.6407531,1.260186,0.812555,-0.7722125,0.7016934,1.284788,True,0,1,15
6/23/2025 2:57:29 PM,1750683449253,Right,-0.2891381,0.8210664,0.7776552,-0.6667852,0.722328,1.097874,-0.3154631,0.7929747,0.7291708,-0.6694535,0.7100329,1.081105,-0.6858253,1.2657,0.7729354,-0.8508906,0.7179042,1.236893,True,0,1,15
6/23/2025 2:57:29 PM,1750683449267,Right,-0.309245,0.832798,0.7770394,-0.700148,0.7298352,1.080865,-0.3326568,0.803704,0.7287535,-0.7022552,0.7167645,1.062514,-0.7072507,1.267678,0.7519815,-0.8923111,0.7220057,1.208558,True,0,1,15
6/23/2025 2:57:29 PM,1750683449295,Right,-0.35151,0.8572971,0.7731603,-0.7655053,0.7444489,1.040948,-0.3682655,0.8234251,0.7247082,-0.7656776,0.7285556,1.024697,-0.7484527,1.270318,0.7085338,-0.9685506,0.7289031,1.149942,True,0,1,15
6/23/2025 2:57:29 PM,1750683449308,Right,-0.3743238,0.8694108,0.7695733,-0.7990721,0.7502833,1.019316,-0.3884207,0.8360836,0.7239869,-0.7982041,0.7341823,1.0041,-0.7684228,1.271174,0.686443,-1.008037,0.7298211,1.117539,True,0,1,15
6/23/2025 2:57:29 PM,1750683449322,Right,-0.3984221,0.8819721,0.764526,-0.8310969,0.7553441,0.9969633,-0.407017,0.8474234,0.7227291,-0.8286138,0.7387764,0.9825698,-0.7874451,1.271623,0.6637944,-1.044402,0.7296231,1.083233,True,0,1,15
6/23/2025 2:57:29 PM,1750683449350,Right,-0.4502328,0.9024401,0.7486579,-0.8604437,0.7619902,0.9728,-0.4483552,0.866092,0.7130963,-0.8721402,0.7500467,0.925987,-0.8215005,1.271115,0.6181735,-1.113207,0.7274536,1.011176,True,0,1,15
6/23/2025 2:57:29 PM,1750683449364,Right,-0.4759738,0.9141541,0.7392628,-0.9274359,0.7730653,0.9178037,-0.4707842,0.8749412,0.7061571,-0.9169049,0.7498968,0.9068255,-0.8371594,1.270435,0.5957721,-1.147069,0.7261896,0.9718873,True,0,1,15
6/23/2025 2:57:29 PM,1750683449392,Right,-0.5266645,0.9344112,0.7156461,-0.986867,0.7796519,0.8598836,-0.5168765,0.8893354,0.6864301,-0.9757166,0.7528355,0.8510617,-0.8654747,1.269563,0.5531695,-1.208722,0.7192176,0.8926093,True,0,1,15
6/23/2025 2:57:29 PM,1750683449406,Right,-0.552933,0.9433373,0.7003422,-1.015556,0.7844769,0.8273926,-0.5398172,0.8984036,0.6775084,-1.003177,0.7571878,0.8209583,-0.8790737,1.269103,0.5327642,-1.238203,0.7176045,0.8497546,True,0,1,15
6/23/2025 2:57:29 PM,1750683449433,Right,-0.6013669,0.9561014,0.6690254,-1.073745,0.7841191,0.7670364,-0.581241,0.9080572,0.6589022,-1.058264,0.7567969,0.7657502,-0.9030962,1.267675,0.4952979,-1.286732,0.7077748,0.7696669,True,0,1,15
6/23/2025 2:57:29 PM,1750683449447,Right,-0.6249157,0.9611614,0.6509297,-1.105196,0.7773211,0.7377976,-0.6042665,0.9099312,0.6453013,-1.092925,0.7543853,0.7365413,-0.9138091,1.266457,0.4783379,-1.311388,0.7021716,0.7284599,True,0,1,15
6/23/2025 2:57:29 PM,1750683449475,Right,-0.6690074,0.9679321,0.613507,-1.167264,0.751457,0.6841938,-0.6464317,0.9171551,0.6209124,-1.161746,0.7437181,0.6791893,-0.9331622,1.263432,0.4470203,-1.351038,0.6874797,0.6505613,True,0,1,15
6/23/2025 2:57:29 PM,1750683449489,Right,-0.6892792,0.9709597,0.5965086,-1.19872,0.7318083,0.6588281,-0.6671914,0.9192565,0.6056058,-1.201455,0.7396083,0.645693,-0.9412931,1.261296,0.4330341,-1.370905,0.6849921,0.6082779,True,0,1,15
6/23/2025 2:57:29 PM,1750683449503,Right,-0.7077585,0.9718456,0.5751185,-1.229352,0.7080189,0.6351756,-0.6869855,0.9205215,0.5913228,-1.23817,0.7252157,0.6159984,-0.9485111,1.259082,0.4199319,-1.385371,0.6715105,0.572587,True,0,1,15
6/23/2025 2:57:29 PM,1750683449531,Right,-0.7411285,0.9737427,0.5384759,-1.235162,0.7029447,0.6308022,-0.7225425,0.9266893,0.5659662,-1.260638,0.7344764,0.547798,-0.9605881,1.254042,0.3958642,-1.414199,0.6688899,0.4935059,True,0,1,15
6/23/2025 2:57:29 PM,1750683449545,Right,-0.7562534,0.9739038,0.5207697,-1.229114,0.7852896,0.4961693,-0.7405562,0.9291235,0.5500234,-1.264721,0.7305515,0.518597,-0.9655117,1.25104,0.3857665,-1.424138,0.6556033,0.4605628,False,0,1,15
6/23/2025 2:57:29 PM,1750683449572,Right,-0.7814961,0.9735779,0.489969,-1.229114,0.7852896,0.4961693,-0.7669058,0.9285016,0.5262306,-1.218818,0.7570096,0.4669518,-0.9751283,1.246233,0.3676385,-1.441384,0.6514206,0.3905617,False,0,1,15
6/23/2025 2:57:29 PM,1750683449586,Right,-0.7919897,0.9733319,0.476559,-1.229114,0.7852896,0.4961693,-0.7796947,0.9293837,0.5123506,-1.218201,0.7544267,0.4448723,-0.9792066,1.244175,0.3595655,-1.445895,0.6393811,0.3634355,False,0,1,15
6/23/2025 2:57:29 PM,1750683449613,Right,-0.808474,0.9735403,0.456279,-1.27295,0.772904,0.3769766,-0.7988325,0.9321777,0.4925473,-1.264191,0.7435193,0.394909,-0.9863547,1.240769,0.3453592,-1.454734,0.6383966,0.3092828,False,0,1,15
6/23/2025 2:57:29 PM,1750683449628,Right,-0.8155571,0.9725908,0.4457101,-1.280583,0.7699887,0.3504923,-0.8077363,0.9317826,0.4836384,-1.272223,0.7353048,0.3762711,-0.9891524,1.239724,0.3399959,-1.455546,0.6276314,0.2888703,False,0,1,15
6/23/2025 2:57:29 PM,1750683449641,Right,-0.8219566,0.971657,0.4393406,-1.281768,0.7685894,0.3395389,-0.8138571,0.9310024,0.4781453,-1.273157,0.7366658,0.3608069,-0.9914554,1.238768,0.3356292,-1.457485,0.6277556,0.2686591,False,0,1,15
6/23/2025 2:57:29 PM,1750683449669,Right,-0.8305026,0.9681052,0.4272708,-1.285945,0.7648401,0.3163621,-0.8237222,0.9287547,0.4669788,-1.276168,0.731272,0.3353845,-0.9953209,1.237518,0.3300824,-1.457668,0.6196203,0.2375265,False,0,1,15
6/23/2025 2:57:29 PM,1750683449683,Right,-0.8332351,0.966639,0.4240424,-1.286951,0.7629698,0.308876,-0.8267039,0.927412,0.4645579,-1.277476,0.731375,0.3268188,-0.9968271,1.237284,0.3288873,-1.458462,0.6208744,0.2257773,False,0,1,15
6/23/2025 2:57:29 PM,1750683449711,Right,-0.8367164,0.962331,0.4205926,-1.287267,0.7596086,0.2986355,-0.830003,0.9247617,0.4597146,-1.276041,0.7271557,0.3148161,-0.9992508,1.23803,0.3295059,-1.456287,0.6158797,0.2097927,False,0,1,15
6/23/2025 2:57:29 PM,1750683449724,Right,-0.8371336,0.9624983,0.4204444,-1.287608,0.7577407,0.2986032,-0.829886,0.9240583,0.4576462,-1.276843,0.7272813,0.3120453,-0.999934,1.238836,0.3312151,-1.456927,0.6179765,0.2061835,False,0,1,15
6/23/2025 2:57:29 PM,1750683449752,Right,-0.8362555,0.9621896,0.4212165,-1.28606,0.7546359,0.3017655,-0.8275002,0.9223914,0.4568935,-1.273237,0.7232985,0.3107547,-1.000222,1.241664,0.3375118,-1.4529,0.6141461,0.2039915,False,0,1,15
6/23/2025 2:57:29 PM,1750683449766,Right,-0.8343741,0.961818,0.4233048,-1.283983,0.7527985,0.3068606,-0.8246828,0.922248,0.4583093,-1.271312,0.7236353,0.3151966,-1.000103,1.243223,0.3412178,-1.452341,0.6158454,0.2087841,False,0,1,15
6/23/2025 2:57:29 PM,1750683449794,Right,-0.8284782,0.9652333,0.428728,-1.278989,0.7492062,0.3197227,-0.8180225,0.9225907,0.4617764,-1.26648,0.7198026,0.3231959,-0.9979694,1.24719,0.3533949,-1.446433,0.6124828,0.2188073,False,0,1,15
6/23/2025 2:57:29 PM,1750683449808,Right,-0.8246176,0.9691486,0.4325509,-1.27519,0.7474128,0.3307157,-0.8135421,0.9234435,0.4646355,-1.264424,0.7192788,0.332314,-0.9962885,1.249503,0.3611405,-1.44496,0.6126986,0.2304366,False,0,1,15
6/23/2025 2:57:29 PM,1750683449822,Right,-0.8203478,0.9703152,0.4378186,-1.270439,0.7455875,0.3429499,-0.8088271,0.9247766,0.4678811,-1.258469,0.7162689,0.3369356,-0.9944397,1.251873,0.3698732,-1.437979,0.6078714,0.2358481,False,0,1,15
6/23/2025 2:57:29 PM,1750683449850,Right,-0.809035,0.9750464,0.4510707,-1.257346,0.7434593,0.3667271,-0.7926955,0.9269999,0.4776377,-1.245304,0.7159309,0.366608,-0.9900564,1.257347,0.3919388,-1.430269,0.6087914,0.2718623,False,0,1,15
6/23/2025 2:57:29 PM,1750683449864,Right,-0.8003195,0.9771903,0.4595248,-1.247637,0.7423297,0.3824733,-0.7828814,0.9298648,0.4827487,-1.236213,0.7160232,0.3829817,-0.9873776,1.260161,0.4046088,-1.424152,0.6098613,0.2917778,False,0,1,15
6/23/2025 2:57:29 PM,1750683449892,Right,-0.7808369,0.9820601,0.4804448,-1.225332,0.7387164,0.4168814,-0.7592213,0.933311,0.4962622,-1.212184,0.7126611,0.4128727,-0.9801024,1.265833,0.4338815,-1.403879,0.6078596,0.327154,False,0,1,15
6/23/2025 2:57:29 PM,1750683449905,Right,-0.7673687,0.9838057,0.4936857,-1.209411,0.7342173,0.441798,-0.743479,0.9344585,0.5040762,-1.196842,0.7110491,0.4339818,-0.9749012,1.268378,0.4513266,-1.392455,0.6086324,0.3531858,False,0,1,15
6/23/2025 2:57:29 PM,1750683449933,Right,-0.735898,0.9858668,0.5191846,-1.173893,0.7227937,0.4907069,-0.7087641,0.9361657,0.5172343,-1.162741,0.7055765,0.4674585,-0.9593177,1.272403,0.4897729,-1.362371,0.6073918,0.3955567,False,0,1,15
6/23/2025 2:57:29 PM,1750683449947,Right,-0.715099,0.9854747,0.5334199,-1.151747,0.723774,0.5084476,-0.6882799,0.9389639,0.5255798,-1.139874,0.7051566,0.4913657,-0.9500095,1.27397,0.5092056,-1.345249,0.6091936,0.4268704,False,0,1,15
6/23/2025 2:57:29 PM,1750683449975,Right,-0.6697264,0.9874807,0.5589793,-1.115822,0.7187574,0.5509113,-0.6429365,0.9431518,0.5407643,-1.100801,0.6965396,0.527252,-0.9256805,1.275365,0.5504475,-1.3018,0.6089761,0.4749985,False,0,1,15
6/23/2025 2:57:29 PM,1750683449988,Right,-0.6413505,0.987332,0.5697753,-1.099038,0.7150144,0.5740561,-0.6165861,0.9441496,0.5448611,-1.082221,0.6873708,0.5497894,-0.9121221,1.275304,0.5708354,-1.276448,0.607536,0.5077936,False,0,1,15
6/23/2025 2:57:30 PM,1750683450002,Right,-0.6128502,0.9879624,0.5788224,-1.084839,0.7109368,0.5957941,-0.5910657,0.9455757,0.5482911,-1.065933,0.6788022,0.5607255,-0.8969402,1.274791,0.5911683,-1.250043,0.6061505,0.5230019,False,0,1,15
6/23/2025 2:57:30 PM,1750683450030,Right,-0.5541517,0.9898394,0.5908884,-1.059573,0.7132992,0.571748,-0.5400107,0.9545444,0.5502451,-1.029624,0.657668,0.60944,-0.8623127,1.272409,0.6303581,-1.191401,0.6023979,0.5924758,False,0,1,15
6/23/2025 2:57:30 PM,1750683450044,Right,-0.5219238,0.9916157,0.5955418,-0.9487926,0.7004257,0.6472947,-0.5131804,0.9590835,0.5498859,-0.9518323,0.6859945,0.6125991,-0.8433018,1.270255,0.6490192,-1.160479,0.6016213,0.6075503,False,0,1,15
6/23/2025 2:57:30 PM,1750683450072,Right,-0.457939,0.9964216,0.591773,-0.8620234,0.6988485,0.683948,-0.4597992,0.97276,0.5414305,-0.8685452,0.6866685,0.6490704,-0.8031085,1.265768,0.6844827,-1.081936,0.5919599,0.6757325,False,0,1,15
6/23/2025 2:57:30 PM,1750683450086,Right,-0.4258194,0.9997553,0.5879595,-0.8190382,0.6863974,0.6984175,-0.431311,0.9745994,0.5336468,-0.8377647,0.6824646,0.6530631,-0.7820785,1.263,0.7025988,-1.046329,0.5891017,0.6861097,False,0,1,15
6/23/2025 2:57:30 PM,1750683450114,Right,-0.3649312,1.007435,0.5683179,-0.7484298,0.6931365,0.7146643,-0.3827947,0.9855736,0.5166565,-0.7615579,0.6758729,0.6832096,-0.7378616,1.257378,0.7390584,-0.9586655,0.5778644,0.7452307,False,0,1,15
6/23/2025 2:57:30 PM,1750683450127,Right,-0.3388115,1.012215,0.556014,-0.7086495,0.6929833,0.7218735,-0.3589121,0.9915588,0.5067609,-0.7291781,0.6762169,0.6843076,-0.7146816,1.25407,0.7567259,-0.9221934,0.5766902,0.7531312,False,0,1,15
6/23/2025 2:57:30 PM,1750683450142,Right,-0.3154999,1.017053,0.5434815,-0.6688329,0.6868463,0.7278968,-0.3389375,0.9986684,0.4951137,-0.68884,0.6740996,0.6948022,-0.690942,1.250085,0.7741575,-0.8744009,0.5699775,0.7772541,False,0,1,15
6/23/2025 2:57:30 PM,1750683450169,Right,-0.2773511,1.029537,0.5170062,-0.5905463,0.6789117,0.7345212,-0.3028249,1.012215,0.4711992,-0.6155767,0.6711533,0.7034635,-0.6421664,1.241039,0.8064318,-0.7862388,0.5589961,0.804372,False,0,1,15
6/23/2025 2:57:30 PM,1750683450183,Right,-0.2594857,1.035427,0.5039485,-0.5495746,0.6758895,0.7355546,-0.287641,1.01851,0.4589841,-0.574175,0.6691225,0.7093219,-0.6173674,1.235635,0.8215424,-0.7349002,0.5515342,0.8222922,False,0,1,15
6/23/2025 2:57:30 PM,1750683450211,Right,-0.2254765,1.04664,0.4783351,-0.4776936,0.677462,0.7379423,-0.2609421,1.030432,0.4361831,-0.506515,0.6669713,0.7093457,-0.567771,1.222891,0.8487999,-0.6486285,0.5427441,0.8386257,False,0,1,15
6/23/2025 2:57:30 PM,1750683450224,Right,-0.2113737,1.052299,0.4662625,-0.4360024,0.6686201,0.7317227,-0.2492711,1.036466,0.4263158,-0.4680065,0.6636513,0.7109377,-0.5429389,1.215771,0.8614686,-0.5970954,0.5356136,0.84853,False,0,1,15
6/23/2025 2:57:30 PM,1750683450253,Right,-0.1887231,1.062655,0.4468695,-0.3703999,0.6698702,0.7257777,-0.2301982,1.046537,0.4095925,-0.4027615,0.6612638,0.7039528,-0.4948213,1.199827,0.8843651,-0.5112681,0.5235744,0.8541261,False,0,1,15
6/23/2025 2:57:30 PM,1750683450267,Right,-0.1778916,1.064976,0.4376154,-0.3377292,0.665319,0.7197679,-0.2209571,1.050108,0.4044777,-0.3667755,0.6567551,0.7023012,-0.4714036,1.19087,0.895087,-0.4618168,0.5146229,0.8576252,False,0,1,15
6/23/2025 2:57:30 PM,1750683450294,Right,-0.1613005,1.064808,0.4232263,-0.2795597,0.6554739,0.7081737,-0.2070328,1.051507,0.3933759,-0.3081816,0.6476409,0.6920968,-0.425454,1.171261,0.9161513,-0.3810962,0.4972109,0.8544157,False,0,1,15
6/23/2025 2:57:30 PM,1750683450308,Right,-0.1530361,1.061861,0.4169926,-0.2503874,0.6470957,0.7015873,-0.2010153,1.049807,0.3903405,-0.2784695,0.6399881,0.6876457,-0.4034841,1.159719,0.9256177,-0.3377398,0.486176,0.8526467,False,0,1,15
6/23/2025 2:57:30 PM,1750683450322,Right,-0.1452694,1.057344,0.4125315,-0.2244565,0.6376749,0.6960771,-0.195337,1.046085,0.3889642,-0.2500239,0.6304457,0.6837173,-0.3818176,1.148357,0.934813,-0.2963652,0.4737588,0.8497633,False,0,1,15
6/23/2025 2:57:30 PM,1750683450349,Right,-0.1276647,1.04555,0.4083461,-0.1771564,0.6115462,0.6847509,-0.1848497,1.033365,0.3877232,-0.2039406,0.6063522,0.6779069,-0.3400677,1.12349,0.9489918,-0.2290118,0.4487121,0.8419591,False,0,1,15
6/23/2025 2:57:30 PM,1750683450363,Right,-0.1227923,1.034767,0.4084397,-0.1557524,0.5978373,0.6814514,-0.1790458,1.023722,0.3900996,-0.1798655,0.5938313,0.6757168,-0.320554,1.110664,0.9538317,-0.1940103,0.4339746,0.8396264,False,0,1,15
6/23/2025 2:57:30 PM,1750683450391,Right,-0.1089264,1.012061,0.4107879,-0.1170278,0.569223,0.6784291,-0.1703077,1.000329,0.3983108,-0.1402715,0.5637785,0.6742907,-0.2845736,1.084821,0.9611669,-0.136884,0.4016492,0.8348494,False,0,1,15
6/23/2025 2:57:30 PM,1750683450405,Right,-0.1029189,0.9969435,0.4163375,-0.0994734,0.5520306,0.6810869,-0.1649282,0.9849563,0.405394,-0.1198541,0.5462891,0.6764288,-0.2679181,1.07155,0.9637575,-0.1085394,0.3831539,0.8352245,False,0,1,15
6/23/2025 2:57:30 PM,1750683450433,Right,-0.090794,0.962272,0.428252,-0.06891955,0.5162361,0.6879545,-0.1536136,0.9512682,0.4206237,-0.08693291,0.5112872,0.6828984,-0.2377472,1.046944,0.9674826,-0.06296076,0.3458847,0.8394233,False,0,1,15
6/23/2025 2:57:30 PM,1750683450447,Right,-0.08370052,0.9416949,0.4360289,-0.05623808,0.4952434,0.6931204,-0.1467592,0.9305153,0.4289653,-0.07264855,0.4921587,0.6906912,-0.223536,1.035059,0.9688215,-0.04401742,0.3268598,0.8474677,False,0,1,15
6/23/2025 2:57:30 PM,1750683450475,Right,-0.07030386,0.8983474,0.4513827,-0.03341707,0.4548713,0.7137071,-0.133204,0.8876597,0.4464732,-0.04769902,0.4514151,0.7094458,-0.1978658,1.013985,0.9708095,-0.01190892,0.2882782,0.8661508,False,0,1,15
6/23/2025 2:57:30 PM,1750683450488,Right,-0.0621448,0.8738537,0.4592337,-0.02443152,0.436117,0.7293811,-0.125385,0.8631413,0.45472,-0.03842004,0.4319261,0.7239577,-0.1861353,1.003762,0.9715018,-0.001091897,0.2708416,0.8834767,False,0,1,15
6/23/2025 2:57:30 PM,1750683450502,Right,-0.05418926,0.8492054,0.4665345,-0.01691123,0.4165052,0.7441058,-0.1180643,0.8393989,0.4635872,-0.02708759,0.4104685,0.7344677,-0.1759454,0.994719,0.972446,0.01330807,0.2503552,0.8947124,False,0,1,15
6/23/2025 2:57:30 PM,1750683450530,Right,-0.03728177,0.7965592,0.481223,-0.008356346,0.3774128,0.7780018,-0.1028987,0.786306,0.4784069,-0.01935618,0.3735647,0.7738142,-0.1590989,0.9789757,0.9728653,0.01865182,0.2218133,0.9438891,True,0,1,16
6/23/2025 2:57:30 PM,1750683450543,Right,-0.0306339,0.7683006,0.4883296,-0.00527529,0.3587759,0.7975563,-0.09707896,0.7593338,0.4868367,-0.01238125,0.3517472,0.7879303,-0.1524364,0.9724089,0.9728732,0.02742177,0.2022789,0.960429,True,0,1,16
6/23/2025 2:57:30 PM,1750683450572,Right,-0.02206205,0.7154018,0.5038184,-0.005890097,0.3295452,0.8439656,-0.08746959,0.7079518,0.5036969,-0.01531729,0.3224614,0.836803,-0.1417791,0.9631473,0.9735072,0.02072501,0.1866007,1.020018,True,0,1,16
6/23/2025 2:57:30 PM,1750683450585,Right,-0.01945474,0.6890094,0.5124372,-0.007644158,0.3140627,0.8652523,-0.08413891,0.6850984,0.5147576,-0.01291203,0.3049533,0.854667,-0.1372178,0.959119,0.9736807,0.02389996,0.1724634,1.039765,True,0,1,16
6/23/2025 2:57:30 PM,1750683450613,Right,-0.0164464,0.6472379,0.5337157,-0.007345033,0.2987232,0.9049776,-0.08271203,0.6455052,0.5375498,-0.02402058,0.2911566,0.8986563,-0.1292551,0.9545841,0.9718404,0.009289935,0.1665699,1.096349,True,0,1,16
6/23/2025 2:57:30 PM,1750683450627,Right,-0.01585056,0.6268852,0.5447442,-0.01098147,0.2894285,0.9258572,-0.08301912,0.6254761,0.5486194,-0.02521184,0.2785466,0.9166456,-0.1257333,0.9542766,0.9703591,0.008444071,0.1577175,1.116894,True,0,1,16
6/23/2025 2:57:30 PM,1750683450655,Right,-0.01722285,0.5959321,0.5663666,-0.02139835,0.2843708,0.969813,-0.08359299,0.5945851,0.568909,-0.03879665,0.2741509,0.9628338,-0.1208439,0.956199,0.9681385,-0.01144073,0.1682137,1.171488,True,0,1,16
6/23/2025 2:57:30 PM,1750683450669,Right,-0.0190591,0.5799574,0.5759458,-0.02766317,0.2834854,0.988898,-0.08525007,0.5800198,0.5785919,-0.04274604,0.2697912,0.9791822,-0.1201346,0.9591304,0.9681089,-0.01598364,0.1679845,1.191396,True,0,1,16
6/23/2025 2:57:30 PM,1750683450682,Right,-0.01991501,0.5695762,0.5833904,-0.03521148,0.2868509,1.006164,-0.08572136,0.5704856,0.5865617,-0.05070813,0.2752387,0.9994452,-0.1210955,0.963625,0.9680839,-0.02803722,0.1816384,1.215506,True,0,1,16
6/23/2025 2:57:30 PM,1750683450710,Right,-0.02143549,0.5549196,0.5979734,-0.04986897,0.2970814,1.037794,-0.08685785,0.5546445,0.6006602,-0.06448616,0.2848424,1.033518,-0.1273611,0.9767979,0.9688072,-0.04854559,0.2058606,1.254099,True,0,1,16
6/23/2025 2:57:30 PM,1750683450724,Right,-0.02194599,0.5509013,0.6045774,-0.05790444,0.3057553,1.052029,-0.08714741,0.5513723,0.6073893,-0.07343479,0.2962906,1.05041,-0.1331744,0.9859516,0.9696321,-0.0623653,0.225446,1.273166,True,0,1,16
6/23/2025 2:57:30 PM,1750683450752,Right,-0.02489281,0.5436911,0.6171892,-0.07453135,0.3272779,1.077678,-0.08749745,0.5489944,0.6205692,-0.08913788,0.3167754,1.075975,-0.1469291,1.006432,0.9734604,-0.08698152,0.257303,1.30249,True,0,1,16
6/23/2025 2:57:30 PM,1750683450766,Right,-0.02913228,0.5462344,0.6282496,-0.08405416,0.3397731,1.089244,-0.09018634,0.5497544,0.6253946,-0.09933585,0.3317842,1.084349,-0.1555499,1.017614,0.9758942,-0.1025121,0.2774915,1.315192,True,0,1,16
6/23/2025 2:57:30 PM,1750683450794,Right,-0.03363378,0.5461379,0.639405,-0.1042297,0.3651656,1.108714,-0.09454931,0.5554599,0.636524,-0.1187383,0.3581223,1.103927,-0.1764674,1.041092,0.9791009,-0.1312552,0.3140302,1.336856,True,0,1,16
6/23/2025 2:57:30 PM,1750683450807,Right,-0.03914978,0.5524799,0.6477274,-0.1154588,0.379319,1.116246,-0.09840965,0.561307,0.6416703,-0.1315252,0.3746534,1.110147,-0.1881833,1.053081,0.9797783,-0.1497214,0.3344427,1.345943,True,0,1,16
6/23/2025 2:57:30 PM,1750683450821,Right,-0.0414141,0.5610574,0.6547077,-0.1272437,0.3939028,1.12287,-0.1006592,0.5682219,0.6463737,-0.1435282,0.3897374,1.116334,-0.2013847,1.065385,0.9799213,-0.1676384,0.3531479,1.353026,True,0,1,16
6/23/2025 2:57:30 PM,1750683450848,Right,-0.04616076,0.5771269,0.6667955,-0.1507685,0.4208467,1.133352,-0.1054662,0.5844787,0.6551257,-0.1671669,0.4195696,1.126394,-0.2309206,1.090132,0.9782164,-0.2014824,0.3890533,1.364132,True,0,1,16
6/23/2025 2:57:30 PM,1750683450863,Right,-0.04904566,0.5883316,0.673728,-0.165195,0.4358568,1.139433,-0.1088021,0.5930593,0.6591215,-0.1824064,0.4337887,1.131164,-0.2469873,1.101897,0.9763072,-0.2229206,0.4063343,1.36779,True,0,1,16
6/23/2025 2:57:30 PM,1750683450890,Right,-0.05515303,0.6069992,0.6851317,-0.1950733,0.466562,1.150848,-0.114413,0.610503,0.666533,-0.2111214,0.4624334,1.140703,-0.2816632,1.124637,0.9701815,-0.2629352,0.4416275,1.373302,True,0,1,16
6/23/2025 2:57:30 PM,1750683450905,Right,-0.05949976,0.6170601,0.690744,-0.2117226,0.4814921,1.153455,-0.1179076,0.6196488,0.6702385,-0.2280473,0.476761,1.142548,-0.2995741,1.135641,0.9663656,-0.2870871,0.4582441,1.374104,True,0,1,16
6/23/2025 2:57:30 PM,1750683450933,Right,-0.06826701,0.6374592,0.7005852,-0.2466494,0.5108992,1.15687,-0.1258281,0.6384171,0.6767529,-0.2613449,0.5056747,1.145806,-0.337842,1.156497,0.9567893,-0.3332191,0.4921957,1.373681,True,0,1,16
6/23/2025 2:57:30 PM,1750683450946,Right,-0.07314347,0.648326,0.7057664,-0.2662829,0.5257721,1.157553,-0.1305183,0.648308,0.6800471,-0.2808152,0.5194755,1.146085,-0.358202,1.166139,0.950949,-0.3599395,0.5080049,1.371264,True,0,1,16
6/23/2025 2:57:30 PM,1750683450974,Right,-0.08909036,0.66859,0.7139193,-0.3062885,0.5533507,1.156636,-0.1404356,0.6671226,0.6868717,-0.3190559,0.546209,1.14501,-0.4010046,1.184144,0.9364865,-0.4123378,0.5384905,1.364827,True,0,1,16
6/23/2025 2:57:30 PM,1750683450988,Right,-0.09786432,0.6794335,0.7182128,-0.3285479,0.5671954,1.154805,-0.1465725,0.6772825,0.6903458,-0.3412302,0.5591906,1.142608,-0.4231412,1.192264,0.9275131,-0.4426512,0.5527416,1.358872,True,0,1,16
6/23/2025 2:57:31 PM,1750683451002,Right,-0.1059574,0.689994,0.7227542,-0.3505172,0.5802633,1.152814,-0.152536,0.6866049,0.6934689,-0.3615305,0.5721646,1.140642,-0.4459007,1.199839,0.9169652,-0.4698921,0.567522,1.353169,True,0,1,16
6/23/2025 2:57:31 PM,1750683451030,Right,-0.1235266,0.7115566,0.733834,-0.3982513,0.6037586,1.145109,-0.1692649,0.7044565,0.6992773,-0.4090687,0.5954847,1.131488,-0.4926873,1.213954,0.8942089,-0.5336192,0.5930029,1.335614,True,0,1,16
6/23/2025 2:57:31 PM,1750683451044,Right,-0.1340127,0.7222816,0.7384337,-0.4233296,0.6159377,1.140261,-0.1783484,0.7128871,0.7017304,-0.4327102,0.6072497,1.126629,-0.5163575,1.220476,0.8816783,-0.5644791,0.6062769,1.32594,True,0,1,16
6/23/2025 2:57:31 PM,1750683451072,Right,-0.1592724,0.7443286,0.7462602,-0.4755911,0.6383421,1.126365,-0.1992255,0.7307462,0.7072108,-0.4849385,0.6290562,1.111874,-0.562889,1.231517,0.8530688,-0.6334468,0.6292645,1.299877,True,0,1,16
6/23/2025 2:57:31 PM,1750683451085,Right,-0.1730986,0.7556063,0.7502348,-0.5030988,0.6486166,1.118523,-0.2095649,0.7411153,0.7104895,-0.5106057,0.6404362,1.10437,-0.585757,1.236238,0.8369608,-0.6666588,0.6409538,1.285931,True,0,1,16
6/23/2025 2:57:31 PM,1750683451113,Right,-0.2040163,0.7763468,0.7566773,-0.5606499,0.6691344,1.098946,-0.236148,0.7575852,0.7135668,-0.5682181,0.6580204,1.081764,-0.6308475,1.245003,0.8026445,-0.7397485,0.65854,1.248989,True,0,1,16
6/23/2025 2:57:31 PM,1750683451127,Right,-0.2214227,0.7875744,0.7589341,-0.5913737,0.6783462,1.087653,-0.2496113,0.766811,0.7157283,-0.5968724,0.667838,1.071137,-0.6526327,1.248564,0.7842093,-0.774818,0.668663,1.230145,True,0,1,16
6/23/2025 2:57:31 PM,1750683451141,Right,-0.239073,0.7984945,0.7614521,-0.6218642,0.6874186,1.074377,-0.265812,0.7751782,0.7170095,-0.6274117,0.6759322,1.057651,-0.6739376,1.251976,0.7655952,-0.8125182,0.6762348,1.208357,True,0,1,16
6/23/2025 2:57:31 PM,1750683451169,Right,-0.2767135,0.8173836,0.7644734,-0.6838323,0.7029313,1.045719,-0.2975443,0.7940976,0.7198099,-0.6864285,0.6926713,1.030057,-0.7152336,1.257528,0.7264292,-0.8835852,0.6914653,1.162667,True,0,1,16
6/23/2025 2:57:31 PM,1750683451182,Right,-0.2974109,0.8262401,0.7644578,-0.7154899,0.7102217,1.028038,-0.3160824,0.8017933,0.7190155,-0.7176917,0.6990995,1.011818,-0.7350341,1.259988,0.7060497,-0.9212954,0.6966344,1.134659,True,0,1,16
6/23/2025 2:57:31 PM,1750683451210,Right,-0.3382072,0.8437648,0.7624361,-0.7771922,0.7223272,0.990308,-0.3542394,0.8159735,0.7148351,-0.7790966,0.7092847,0.974245,-0.7724928,1.264488,0.6644207,-0.9917259,0.7042975,1.077105,True,0,1,16
6/23/2025 2:57:31 PM,1750683451224,Right,-0.3604341,0.8548353,0.7599987,-0.8094425,0.7283511,0.9676324,-0.3743429,0.8224941,0.7135068,-0.8110512,0.7129328,0.9538624,-0.7899997,1.266488,0.6429929,-1.02768,0.7059978,1.044685,True,0,1,16
6/23/2025 2:57:31 PM,1750683451252,Right,-0.4091286,0.872197,0.7505646,-0.870876,0.7373089,0.921263,-0.4155408,0.836992,0.7067405,-0.8693883,0.7196372,0.9082897,-0.822798,1.270061,0.5997696,-1.093865,0.7069321,0.977038,True,0,1,16
6/23/2025 2:57:31 PM,1750683451266,Right,-0.4363472,0.8802046,0.7430524,-0.902797,0.7414921,0.894879,-0.4380927,0.8435527,0.7018058,-0.8992747,0.7226698,0.8818564,-0.8376917,1.27188,0.5783379,-1.127513,0.706827,0.938674,True,0,1,16
6/23/2025 2:57:31 PM,1750683451294,Right,-0.4901154,0.8926298,0.725313,-0.9632988,0.7474394,0.8406921,-0.4861753,0.855857,0.6874062,-0.9574011,0.7276313,0.8276572,-0.8655874,1.275285,0.5363951,-1.190992,0.7052019,0.8624408,True,0,1,16
6/23/2025 2:57:31 PM,1750683451308,Right,-0.5181806,0.9002066,0.7128798,-0.9929011,0.7508905,0.8104111,-0.5101751,0.8614717,0.6783499,-0.9850589,0.730215,0.7979522,-0.8779001,1.276844,0.5161521,-1.220812,0.7040731,0.8209005,True,0,1,16
6/23/2025 2:57:31 PM,1750683451322,Right,-0.5450103,0.9086812,0.699095,-1.021267,0.7536217,0.7797112,-0.5356597,0.8692744,0.6666915,-1.013638,0.7331094,0.7678283,-0.889073,1.277432,0.4972008,-1.249558,0.7031764,0.7800999,True,0,1,16
6/23/2025 2:57:31 PM,1750683451349,Right,-0.5978213,0.9240965,0.6679997,-1.081404,0.7564397,0.7169877,-0.5813737,0.877423,0.6436957,-1.069379,0.7313448,0.7107694,-0.908877,1.27759,0.4605501,-1.297744,0.6938226,0.7003041,True,0,1,16
6/23/2025 2:57:31 PM,1750683451363,Right,-0.6237858,0.9326093,0.6496306,-1.113136,0.75141,0.6866663,-0.6058763,0.8850446,0.6283873,-1.102432,0.730528,0.6793103,-0.9175524,1.277082,0.4440204,-1.320912,0.6902921,0.6583039,True,0,1,16
6/23/2025 2:57:31 PM,1750683451391,Right,-0.6725135,0.9447002,0.6083934,-1.175989,0.7287127,0.6307271,-0.650867,0.8933917,0.599337,-1.170609,0.7228879,0.6188786,-0.9329505,1.275168,0.4141883,-1.36028,0.677981,0.5785717,True,0,1,16
6/23/2025 2:57:31 PM,1750683451405,Right,-0.6953928,0.9504203,0.586099,-1.208288,0.7103341,0.6038254,-0.6739532,0.8987148,0.582434,-1.210591,0.7205536,0.5855899,-0.9391738,1.273637,0.4014983,-1.379807,0.6754059,0.5376733,True,0,1,16
6/23/2025 2:57:31 PM,1750683451433,Right,-0.7330882,0.9577619,0.5408986,-1.135668,0.7600155,0.6277704,-0.7132957,0.9056733,0.5506626,-1.143622,0.754326,0.5276953,-0.9486861,1.26989,0.3798854,-1.408432,0.6621722,0.4635235,True,0,1,16
6/23/2025 2:57:31 PM,1750683451447,Right,-0.7488973,0.9615924,0.5199209,-1.219978,0.767285,0.4922383,-0.7308834,0.9103718,0.536693,-1.20834,0.7412306,0.4949328,-0.9529072,1.268599,0.3704963,-1.420767,0.6614503,0.4262419,True,0,1,16
6/23/2025 2:57:31 PM,1750683451474,Right,-0.7748926,0.9651484,0.4811715,-1.245035,0.777876,0.4197107,-0.760168,0.9141973,0.5060191,-1.233534,0.73959,0.4373504,-0.9608576,1.266014,0.3534513,-1.437645,0.6509633,0.3582578,True,0,1,16
6/23/2025 2:57:31 PM,1750683451488,Right,-0.78484,0.9662753,0.4643718,-1.254016,0.7770988,0.3956728,-0.7720142,0.9168253,0.4904531,-1.24453,0.7434035,0.4074014,-0.9646977,1.264892,0.3464619,-1.444617,0.6526836,0.323317,False,0,1,16
6/23/2025 2:57:31 PM,1750683451502,Right,-0.7938979,0.9660099,0.4482651,-1.263476,0.7771927,0.3685785,-0.7828664,0.9174591,0.4773434,-1.253105,0.7380497,0.3830576,-0.9687054,1.264357,0.3402199,-1.447566,0.643003,0.295826,False,0,1,16
6/23/2025 2:57:31 PM,1750683451530,Right,-0.8060644,0.9672547,0.4263792,-1.269181,0.7812542,0.3197186,-0.7980924,0.9197947,0.45902,-1.262659,0.7489828,0.3350835,-0.9755545,1.263825,0.3293904,-1.453407,0.6525669,0.2370908,False,0,1,16
6/23/2025 2:57:31 PM,1750683451543,Right,-0.8103076,0.9660541,0.4166538,-1.271239,0.7824718,0.2984098,-0.8052123,0.9204763,0.4506314,-1.265595,0.7445517,0.3166201,-0.9778607,1.263776,0.3247554,-1.452273,0.644213,0.2159166,False,0,1,16
6/23/2025 2:57:31 PM,1750683451571,Right,-0.8162915,0.9642123,0.4046038,-1.27225,0.7836006,0.2695944,-0.8125238,0.920171,0.4405496,-1.266019,0.7512184,0.2838616,-0.9809352,1.26357,0.3187751,-1.45042,0.6519794,0.1736005,False,0,1,16
6/23/2025 2:57:31 PM,1750683451585,Right,-0.8185917,0.9632153,0.399414,-1.272309,0.7836403,0.2580638,-0.8154149,0.9186314,0.4358738,-1.264567,0.7465301,0.2724128,-0.9816625,1.263467,0.3174018,-1.446954,0.6447564,0.159737,False,0,1,16
6/23/2025 2:57:31 PM,1750683451613,Right,-0.8197436,0.9626883,0.3963766,-1.270736,0.7817965,0.2482981,-0.8157339,0.9171225,0.4300853,-1.263629,0.7498724,0.2584582,-0.9830964,1.264077,0.3171674,-1.445402,0.6528493,0.1406417,False,0,1,16
6/23/2025 2:57:31 PM,1750683451626,Right,-0.8199756,0.962068,0.3953747,-1.269908,0.7804306,0.2449747,-0.8153622,0.9164237,0.4278028,-1.260349,0.7446225,0.2531244,-0.983399,1.264723,0.3185719,-1.440258,0.6453856,0.1343004,False,0,1,16
6/23/2025 2:57:31 PM,1750683451655,Right,-0.8167776,0.9613627,0.3968439,-1.266793,0.7756057,0.2506841,-0.8107347,0.9146018,0.4279082,-1.257889,0.7445108,0.2561843,-0.9828901,1.266541,0.3237374,-1.439247,0.6493191,0.1368793,False,0,1,16
6/23/2025 2:57:31 PM,1750683451669,Right,-0.815154,0.9621271,0.3987271,-1.264764,0.7729991,0.2549755,-0.8078492,0.9138571,0.4286202,-1.25322,0.7396853,0.2557368,-0.9818344,1.267583,0.3283159,-1.433144,0.6424133,0.1363445,False,0,1,16
6/23/2025 2:57:31 PM,1750683451683,Right,-0.8115867,0.962272,0.4001771,-1.262284,0.7697413,0.2631566,-0.8037992,0.9137904,0.4306067,-1.251282,0.7388765,0.2628946,-0.9805077,1.268843,0.3337289,-1.432369,0.642644,0.1451605,False,0,1,16
6/23/2025 2:57:31 PM,1750683451710,Right,-0.8023514,0.9639462,0.4052884,-1.25613,0.7630816,0.2825778,-0.7942336,0.9146164,0.4359689,-1.244449,0.7328151,0.2761959,-0.9770001,1.27222,0.3473616,-1.424626,0.6356641,0.1623057,False,0,1,16
6/23/2025 2:57:31 PM,1750683451724,Right,-0.79628,0.9655429,0.4101824,-1.251748,0.7590892,0.2958038,-0.7875261,0.915545,0.4399694,-1.24138,0.7302613,0.289075,-0.9747112,1.274302,0.3568903,-1.421948,0.6335555,0.1790277,False,0,1,16
6/23/2025 2:57:31 PM,1750683451752,Right,-0.7850063,0.9682727,0.423993,-1.240376,0.7522397,0.3233391,-0.7712985,0.9161237,0.4483187,-1.228003,0.7236281,0.312279,-0.9692273,1.278335,0.3778585,-1.410115,0.6258552,0.2079897,False,0,1,16
6/23/2025 2:57:31 PM,1750683451766,Right,-0.7760975,0.9689024,0.4323617,-1.230887,0.7517537,0.3359298,-0.7612664,0.9163548,0.4544709,-1.219429,0.7215688,0.330172,-0.9661528,1.280406,0.3900542,-1.404902,0.6243893,0.229549,False,0,1,16
6/23/2025 2:57:31 PM,1750683451794,Right,-0.7564014,0.9727274,0.4524189,-1.213613,0.7447884,0.3707778,-0.7384142,0.921122,0.4703981,-1.201084,0.7172618,0.3610872,-0.9573095,1.283894,0.4188613,-1.385599,0.6213708,0.2669241,False,0,1,16
6/23/2025 2:57:31 PM,1750683451808,Right,-0.7425635,0.9767398,0.4644059,-1.204097,0.7399544,0.3886906,-0.7222098,0.9253558,0.4794942,-1.191556,0.7145761,0.3805733,-0.9519165,1.285319,0.4343505,-1.372671,0.6225269,0.2916233,False,0,1,16
6/23/2025 2:57:31 PM,1750683451821,Right,-0.7266372,0.9809446,0.4770521,-1.194964,0.7328734,0.4073415,-0.7031538,0.9287347,0.4889949,-1.182393,0.7104772,0.3997689,-0.9446895,1.286593,0.4517016,-1.357176,0.6244813,0.3164104,False,0,1,16
6/23/2025 2:57:31 PM,1750683451849,Right,-0.6902547,0.9894878,0.503213,-1.176417,0.723727,0.443063,-0.6643593,0.9394315,0.5048707,-1.16256,0.7027563,0.4299966,-0.9269192,1.288678,0.4889265,-1.320428,0.6272646,0.3557854,False,0,1,16
6/23/2025 2:57:31 PM,1750683451863,Right,-0.6689415,0.9949188,0.5156592,-1.175548,0.7222559,0.4376255,-0.641588,0.9449884,0.5133557,-1.160133,0.6936846,0.4508783,-0.9156767,1.289367,0.5078897,-1.300273,0.6295509,0.383996,False,0,1,16
6/23/2025 2:57:31 PM,1750683451890,Right,-0.6282797,1.002229,0.5347646,-1.117489,0.7153115,0.509176,-0.6017619,0.9551152,0.5297766,-1.106816,0.6987413,0.4900789,-0.890017,1.29071,0.5461088,-1.260939,0.6304318,0.4289485,False,0,1,16
6/23/2025 2:57:31 PM,1750683451905,Right,-0.6050681,1.006425,0.5424402,-1.089434,0.7094448,0.5397417,-0.5775831,0.9592661,0.5316283,-1.081962,0.6982102,0.5152895,-0.8748065,1.291283,0.5655403,-1.239215,0.6313875,0.4620711,False,0,1,16
6/23/2025 2:57:31 PM,1750683451932,Right,-0.5571922,1.019267,0.5558053,-1.02985,0.7145048,0.5891314,-0.528825,0.9738706,0.5371959,-1.022397,0.7025098,0.5532333,-0.8428869,1.29146,0.6042123,-1.188306,0.6353502,0.5129367,False,0,1,16
6/23/2025 2:57:31 PM,1750683451946,Right,-0.5302436,1.023657,0.560825,-0.9988739,0.7168335,0.610364,-0.5028676,0.9814371,0.5375858,-0.9893258,0.7024385,0.5799192,-0.8257887,1.291199,0.6232435,-1.158657,0.6352149,0.5506604,False,0,1,16
6/23/2025 2:57:31 PM,1750683451974,Right,-0.474562,1.033478,0.5709673,-0.9407129,0.7230439,0.6567349,-0.455054,0.9949002,0.5332633,-0.9306198,0.6993854,0.6190536,-0.788262,1.290577,0.6601034,-1.098218,0.633051,0.60746,False,0,1,16
6/23/2025 2:57:31 PM,1750683451988,Right,-0.4481648,1.037149,0.5704102,-0.9111446,0.7272153,0.6808771,-0.4304261,0.999716,0.5290768,-0.8960301,0.6956006,0.6438422,-0.7669199,1.290257,0.6780312,-1.062716,0.6296173,0.6445616,False,0,1,16
6/23/2025 2:57:32 PM,1750683452002,Right,-0.4221095,1.040433,0.5694894,-0.8822092,0.731978,0.7048942,-0.4081158,1.005361,0.5239236,-0.8682149,0.694216,0.6521655,-0.7451344,1.289555,0.695716,-1.032684,0.6286845,0.6585672,False,0,1,16
6/23/2025 2:57:32 PM,1750683452029,Right,-0.3752225,1.048033,0.5586333,-0.8258689,0.743244,0.7528362,-0.368403,1.01735,0.5101689,-0.8015171,0.6835074,0.6953281,-0.6993564,1.287174,0.7300149,-0.9563998,0.6193675,0.7245736,False,0,1,16
6/23/2025 2:57:32 PM,1750683452044,Right,-0.3522907,1.051843,0.5525643,-0.8241077,0.7436396,0.7543612,-0.3480518,1.02179,0.5019391,-0.7854098,0.6705925,0.7067093,-0.6752853,1.285243,0.7460985,-0.924058,0.6168583,0.7350647,False,0,1,16
6/23/2025 2:57:32 PM,1750683452071,Right,-0.3123099,1.061355,0.5352709,-0.8241077,0.7436396,0.7543612,-0.3149641,1.034545,0.4829249,-0.7070274,0.6622577,0.7430946,-0.6262946,1.279771,0.7768283,-0.8360558,0.605569,0.7904034,False,0,1,16
6/23/2025 2:57:32 PM,1750683452085,Right,-0.2916873,1.066111,0.5258769,-0.8241077,0.7436396,0.7543612,-0.2992757,1.042189,0.4723835,-0.6759203,0.6625334,0.7444137,-0.6013036,1.275672,0.7909988,-0.8021468,0.6040837,0.7968591,False,0,1,16
6/23/2025 2:57:32 PM,1750683452113,Right,-0.2528051,1.074761,0.5029282,-0.8241077,0.7436396,0.7543612,-0.2715273,1.053883,0.4516169,-0.5922561,0.6549902,0.7646939,-0.5515063,1.266201,0.8182595,-0.7068506,0.5921555,0.8355452,False,0,1,16
6/23/2025 2:57:32 PM,1750683452126,Right,-0.2344197,1.079253,0.4913611,-0.8241077,0.7436396,0.7543612,-0.2582415,1.059777,0.4417029,-0.5613823,0.6539668,0.7632981,-0.5267658,1.26066,0.8311363,-0.6719475,0.5894943,0.83892,False,0,1,16
6/23/2025 2:57:32 PM,1750683452141,Right,-0.2200298,1.082643,0.4807093,-0.8241077,0.7436396,0.7543612,-0.2471675,1.063488,0.4319687,-0.5212229,0.6492217,0.768535,-0.5023901,1.253816,0.8430264,-0.6245073,0.5829506,0.8524427,False,0,1,16
6/23/2025 2:57:32 PM,1750683452169,Right,-0.1959753,1.090082,0.4595772,-0.8241077,0.7436396,0.7543612,-0.2276101,1.072323,0.4149065,-0.4570023,0.6440614,0.7670017,-0.4545466,1.238607,0.8657942,-0.5472965,0.5751119,0.8628815,False,0,1,16
6/23/2025 2:57:32 PM,1750683452182,Right,-0.1804982,1.094094,0.4502859,-0.8241077,0.7436396,0.7543612,-0.2185562,1.075574,0.4062517,-0.4199038,0.6396085,0.7659641,-0.4314728,1.229863,0.8764327,-0.5014738,0.5689865,0.8682328,False,0,1,16
6/23/2025 2:57:32 PM,1750683452210,Right,-0.1584086,1.096313,0.4334634,-0.3225352,0.689684,0.7384272,-0.2025702,1.081341,0.395827,-0.3410843,0.6796914,0.7184774,-0.3862188,1.209937,0.8965552,-0.425238,0.5548729,0.8684267,False,0,1,16
6/23/2025 2:57:32 PM,1750683452225,Right,-0.148526,1.095504,0.4266354,-0.2965053,0.6852521,0.7338326,-0.1957322,1.081898,0.3915904,-0.3094489,0.6727403,0.7139162,-0.3641624,1.198357,0.9053004,-0.3815047,0.5441571,0.8674299,False,0,1,16
6/23/2025 2:57:32 PM,1750683452252,Right,-0.1295242,1.090894,0.4161452,-0.2319045,0.6662246,0.7182922,-0.1839653,1.078697,0.3856661,-0.2580335,0.6584368,0.7017082,-0.3224534,1.174074,0.920229,-0.3107309,0.5221367,0.8592386,False,0,1,16
6/23/2025 2:57:32 PM,1750683452266,Right,-0.1229068,1.084646,0.4146714,-0.2053682,0.6538854,0.7113372,-0.1767475,1.073967,0.3862422,-0.2296852,0.6482489,0.6965144,-0.3025699,1.161412,0.9265542,-0.2718812,0.5073147,0.8552352,False,0,1,16
6/23/2025 2:57:32 PM,1750683452293,Right,-0.1095104,1.067669,0.4130325,-0.1606545,0.627098,0.7007453,-0.1636173,1.05932,0.3880329,-0.1848302,0.6236726,0.686682,-0.2662008,1.134154,0.9362545,-0.2103597,0.476599,0.844488,False,0,1,16
6/23/2025 2:57:32 PM,1750683452308,Right,-0.1009718,1.05664,0.4150291,-0.1418405,0.6113535,0.6986516,-0.1556105,1.048324,0.3912671,-0.1625447,0.6072174,0.6839755,-0.2487018,1.120257,0.9402442,-0.180098,0.458351,0.8400789,False,0,1,16
6/23/2025 2:57:32 PM,1750683452321,Right,-0.09259462,1.043684,0.4180969,-0.1231012,0.5919762,0.6943347,-0.1485491,1.035076,0.3952104,-0.1426386,0.5894804,0.6826143,-0.2323256,1.106131,0.943224,-0.1532393,0.4393027,0.8369485,False,0,1,16
6/23/2025 2:57:32 PM,1750683452349,Right,-0.07426574,1.01413,0.4262925,-0.08770486,0.5549363,0.6914576,-0.1346076,1.004423,0.4057083,-0.1068141,0.551809,0.6807925,-0.2021917,1.078366,0.9483013,-0.1062906,0.3978472,0.8315772,False,0,1,16
6/23/2025 2:57:32 PM,1750683452363,Right,-0.06475058,0.9955927,0.4321704,-0.07093711,0.5337455,0.6920984,-0.1255606,0.9847621,0.4119332,-0.08976467,0.5304767,0.6825188,-0.1888163,1.065438,0.950248,-0.08509362,0.3750099,0.8322484,False,0,1,16
6/23/2025 2:57:32 PM,1750683452391,Right,-0.04748274,0.9554311,0.4458086,-0.04308633,0.4905829,0.7005243,-0.1083258,0.9451315,0.4275211,-0.0599111,0.486918,0.6895394,-0.1642318,1.041347,0.9533751,-0.04869535,0.3292935,0.8365296,False,0,1,16
6/23/2025 2:57:32 PM,1750683452405,Right,-0.03810535,0.932113,0.4544977,-0.0289953,0.4683477,0.7041028,-0.1000424,0.9216763,0.4361968,-0.04832093,0.4663155,0.696064,-0.1531466,1.03053,0.9546442,-0.03485599,0.3059381,0.844507,False,0,1,16
6/23/2025 2:57:32 PM,1750683452433,Right,-0.01913263,0.8840348,0.4708204,-0.00307944,0.4237676,0.7108398,-0.08178756,0.8718181,0.4521334,-0.02714187,0.4243608,0.7104341,-0.1323261,1.010999,0.9554677,-0.01049946,0.2586701,0.8633118,False,0,1,16
6/23/2025 2:57:32 PM,1750683452446,Right,-0.01025362,0.8570877,0.4802368,0.009302214,0.4004783,0.714101,-0.06820312,0.8476192,0.4636587,-0.01902614,0.4077715,0.7243524,-0.1233681,1.002202,0.9552617,-0.003561579,0.2387359,0.882207,False,0,1,16
6/23/2025 2:57:32 PM,1750683452474,Right,0.007921228,0.8018513,0.4977166,0.03201555,0.3535807,0.7200696,-0.0493574,0.7941507,0.4830444,-0.008037519,0.3716887,0.7499284,-0.1075701,0.9874247,0.9556961,0.006362442,0.196848,0.9191922,True,0,1,17
6/23/2025 2:57:32 PM,1750683452488,Right,0.01770602,0.7741901,0.508086,0.0369514,0.3425473,0.7213501,-0.04466136,0.7627814,0.4914363,-0.009824235,0.3636507,0.7626188,-0.1005313,0.9808733,0.9562566,0.003728993,0.1799546,0.9475849,True,0,1,17
6/23/2025 2:57:32 PM,1750683452502,Right,0.02658206,0.7469539,0.5182621,0.01116087,0.3282022,0.8222234,-0.03789385,0.7335579,0.5008177,-0.002494778,0.3096189,0.7990144,-0.09397924,0.9747608,0.957099,0.008345023,0.1581312,0.9664851,True,0,1,17
6/23/2025 2:57:32 PM,1750683452530,Right,0.04129136,0.6968992,0.5437577,0.01090397,0.2925143,0.8765744,-0.02258901,0.6866858,0.527665,-0.009261293,0.2806695,0.8598431,-0.08339566,0.963379,0.9579272,-0.008042164,0.1455932,1.034723,True,0,1,17
6/23/2025 2:57:32 PM,1750683452544,Right,0.04719071,0.6708133,0.5568001,0.00868575,0.278289,0.9026274,-0.01679458,0.6619399,0.5417587,-0.008252451,0.2627074,0.8819763,-0.08088928,0.9589536,0.9569585,-0.00883477,0.1310567,1.059639,True,0,1,17
6/23/2025 2:57:32 PM,1750683452571,Right,0.05113421,0.6248934,0.5860225,-0.004897907,0.2630553,0.9603494,-0.01205042,0.6201455,0.5722234,-0.02448292,0.2514632,0.9439132,-0.07721001,0.9515135,0.9531133,-0.0375765,0.1343422,1.132084,True,0,1,17
6/23/2025 2:57:32 PM,1750683452585,Right,0.05010818,0.6064404,0.6017156,-0.01055138,0.2597245,0.9888908,-0.01054388,0.6010386,0.5872239,-0.02716176,0.2420017,0.9675083,-0.07672012,0.9504274,0.9507506,-0.04304805,0.1292416,1.158583,True,0,1,17
6/23/2025 2:57:32 PM,1750683452613,Right,0.04548749,0.5814646,0.6264826,-0.02668716,0.270129,1.039245,-0.01274319,0.5750065,0.6125435,-0.04716845,0.2545368,1.023156,-0.07752246,0.950839,0.9479311,-0.07545242,0.1591242,1.223452,True,0,1,17
6/23/2025 2:57:32 PM,1750683452627,Right,0.04250034,0.5696213,0.6387739,-0.03508201,0.2766517,1.06446,-0.01511927,0.5637327,0.6258979,-0.05301949,0.2544396,1.045298,-0.0796411,0.9544595,0.9483817,-0.08311853,0.1648453,1.247481,True,0,1,17
6/23/2025 2:57:32 PM,1750683452641,Right,0.03578731,0.5613948,0.6510657,-0.04390613,0.2859823,1.085327,-0.01967745,0.5575892,0.6390687,-0.06336437,0.268625,1.069647,-0.0834375,0.9622729,0.9514301,-0.0965353,0.1870316,1.27694,True,0,1,17
6/23/2025 2:57:32 PM,1750683452668,Right,0.02411778,0.5531822,0.6757149,-0.06126382,0.3070585,1.12487,-0.02872388,0.5509274,0.6638815,-0.07960714,0.2910604,1.110535,-0.09375668,0.9770636,0.9591231,-0.1149279,0.2228094,1.323433,True,0,1,17
6/23/2025 2:57:32 PM,1750683452682,Right,0.01548734,0.5557644,0.6869107,-0.07134376,0.3191541,1.142533,-0.03654516,0.5511922,0.6756827,-0.09087935,0.305906,1.131698,-0.1004804,0.9858593,0.9627285,-0.1268282,0.245699,1.345476,True,0,1,17
6/23/2025 2:57:32 PM,1750683452710,Right,0.008926808,0.5629904,0.7055416,-0.09244739,0.3448003,1.173041,-0.05173267,0.5536826,0.6958547,-0.1121411,0.3315377,1.168405,-0.1184657,1.005886,0.9691665,-0.1490062,0.2854054,1.380446,True,0,1,17
6/23/2025 2:57:32 PM,1750683452724,Right,-0.00424097,0.5665745,0.7168144,-0.103864,0.3593067,1.185562,-0.06007707,0.5583775,0.7052533,-0.1242151,0.3500092,1.179746,-0.1291621,1.016774,0.9718349,-0.1631133,0.3080851,1.395787,True,0,1,17
6/23/2025 2:57:32 PM,1750683452752,Right,-0.02039177,0.5741855,0.7364898,-0.1292879,0.3897027,1.208292,-0.07629949,0.5695584,0.7207826,-0.1485374,0.382469,1.198656,-0.1544215,1.040277,0.9758847,-0.1918154,0.3481345,1.419158,True,0,1,17
6/23/2025 2:57:32 PM,1750683452765,Right,-0.02821694,0.5828218,0.7440355,-0.1432946,0.4059844,1.217563,-0.08299245,0.5771061,0.7277473,-0.1616611,0.399025,1.208249,-0.1688859,1.052118,0.9770291,-0.2079459,0.3689158,1.428564,True,0,1,17
6/23/2025 2:57:32 PM,1750683452794,Right,-0.04295768,0.5993791,0.7569275,-0.1720538,0.4374764,1.232461,-0.09612231,0.5927349,0.7386431,-0.1884852,0.4307091,1.222631,-0.1999979,1.075659,0.978327,-0.2412189,0.40798,1.442143,True,0,1,17
6/23/2025 2:57:32 PM,1750683452808,Right,-0.04823514,0.6089832,0.7624046,-0.1877657,0.4534691,1.237075,-0.1045788,0.6019586,0.742491,-0.2056799,0.4461573,1.226715,-0.216481,1.087568,0.9785182,-0.2626879,0.426154,1.445481,True,0,1,17
6/23/2025 2:57:32 PM,1750683452821,Right,-0.05473669,0.6180157,0.7671051,-0.2035439,0.4693073,1.240364,-0.1091861,0.6104472,0.7462972,-0.2207422,0.4616534,1.229689,-0.2335596,1.099119,0.9779468,-0.2828309,0.4444857,1.448012,True,0,1,17
6/23/2025 2:57:32 PM,1750683452849,Right,-0.06857426,0.6381903,0.7754248,-0.2371604,0.4996466,1.243667,-0.1198968,0.6275687,0.7527283,-0.2523227,0.4922252,1.233396,-0.2706242,1.12168,0.9746242,-0.3249035,0.4804514,1.450173,True,0,1,17
6/23/2025 2:57:32 PM,1750683452863,Right,-0.07494514,0.6485723,0.7793409,-0.256098,0.5154132,1.244148,-0.1243024,0.6366697,0.7556854,-0.2702884,0.5067766,1.233598,-0.2903818,1.131906,0.971386,-0.3496196,0.4972017,1.44842,True,0,1,17
6/23/2025 2:57:32 PM,1750683452891,Right,-0.08776924,0.6689618,0.7860788,-0.2939478,0.5442736,1.242249,-0.135444,0.6556612,0.7593264,-0.3061737,0.5355399,1.231095,-0.332212,1.151286,0.9623044,-0.3974699,0.5299883,1.441711,True,0,1,17
6/23/2025 2:57:32 PM,1750683452905,Right,-0.09513082,0.6796599,0.7891962,-0.3152853,0.558092,1.241213,-0.1416235,0.6659982,0.7606192,-0.3274049,0.5487503,1.228833,-0.3544377,1.160164,0.9560282,-0.425214,0.5447471,1.435137,True,0,1,17
6/23/2025 2:57:32 PM,1750683452932,Right,-0.111672,0.7015647,0.7943548,-0.3566369,0.5835392,1.23255,-0.1572437,0.683156,0.7613785,-0.3684243,0.5732861,1.218838,-0.4006896,1.176981,0.9409504,-0.4794413,0.5716254,1.420051,True,0,1,17
6/23/2025 2:57:32 PM,1750683452946,Right,-0.1220727,0.7120737,0.7957534,-0.3786773,0.5957536,1.225403,-0.166068,0.6898517,0.7598357,-0.3906246,0.5838487,1.20967,-0.4243622,1.184792,0.9318335,-0.5093325,0.5830648,1.408578,True,0,1,17
6/23/2025 2:57:32 PM,1750683452974,Right,-0.1450868,0.7357333,0.7988797,-0.4234711,0.6177492,1.209,-0.1824628,0.712051,0.7622827,-0.4329684,0.6073916,1.193563,-0.4721357,1.200174,0.9098978,-0.5677265,0.6051874,1.386984,True,0,1,17
6/23/2025 2:57:32 PM,1750683452988,Right,-0.1574412,0.7467484,0.8002245,-0.448401,0.6288705,1.20062,-0.1936377,0.7206777,0.7610849,-0.4580301,0.6159023,1.18299,-0.4964157,1.207476,0.8977547,-0.6004281,0.6129731,1.37184,True,0,1,17
6/23/2025 2:57:33 PM,1750683453002,Right,-0.1712701,0.7580609,0.8008402,-0.4755389,0.640044,1.192269,-0.2048641,0.7300364,0.759895,-0.4827339,0.6259838,1.17415,-0.5204086,1.214268,0.8846931,-0.6311072,0.6232846,1.357407,True,0,1,17
6/23/2025 2:57:33 PM,1750683453029,Right,-0.1978938,0.7789984,0.7988799,-0.527284,0.657316,1.168722,-0.2283108,0.7483566,0.7570273,-0.535603,0.6425888,1.149954,-0.5680639,1.226418,0.8565822,-0.697366,0.6387635,1.32101,True,0,1,17
6/23/2025 2:57:33 PM,1750683453043,Right,-0.2139168,0.7887688,0.7974179,-0.5556254,0.6651786,1.156492,-0.2411685,0.7566445,0.7545938,-0.5624107,0.6507931,1.137292,-0.5910227,1.230898,0.8396465,-0.7298051,0.6469505,1.301678,True,0,1,17
6/23/2025 2:57:33 PM,1750683453071,Right,-0.2487701,0.8093385,0.7942629,-0.615212,0.6802822,1.127747,-0.2710508,0.778026,0.7530168,-0.6205891,0.6670703,1.110132,-0.6356277,1.238863,0.8047054,-0.8002168,0.6603989,1.259225,True,0,1,17
6/23/2025 2:57:33 PM,1750683453084,Right,-0.2678367,0.8194898,0.7909794,-0.646141,0.6869984,1.112485,-0.2872205,0.787701,0.7508997,-0.650552,0.6741534,1.0958,-0.6573189,1.242286,0.7871559,-0.8347565,0.6663876,1.236273,True,0,1,17
6/23/2025 2:57:33 PM,1750683453112,Right,-0.3086048,0.8357942,0.7836131,-0.7081108,0.7007697,1.076648,-0.322775,0.8024673,0.7434323,-0.7100929,0.6845419,1.05914,-0.6994997,1.24727,0.7507085,-0.9058496,0.6731261,1.183199,True,0,1,17
6/23/2025 2:57:33 PM,1750683453127,Right,-0.3303789,0.8439697,0.7780454,-0.7396374,0.706431,1.057319,-0.3417683,0.8098407,0.7385056,-0.7403517,0.6895645,1.040035,-0.7202306,1.249365,0.7324491,-0.9405212,0.676468,1.155407,True,0,1,17
6/23/2025 2:57:33 PM,1750683453155,Right,-0.375289,0.8601418,0.7643631,-0.7996629,0.7160307,1.014984,-0.3816396,0.8229224,0.7283288,-0.7995199,0.6983149,0.9992829,-0.7606345,1.252714,0.6947891,-1.009448,0.6800507,1.096492,True,0,1,17
6/23/2025 2:57:33 PM,1750683453169,Right,-0.4013361,0.8668103,0.7542581,-0.8311832,0.7172485,0.9939421,-0.4025037,0.8291793,0.7207553,-0.829642,0.7010984,0.9767747,-0.7801917,1.253887,0.6759384,-1.042559,0.6802667,1.064636,True,0,1,17
6/23/2025 2:57:33 PM,1750683453182,Right,-0.4270831,0.8735248,0.7433965,-0.8373944,0.7232974,0.9839048,-0.4235829,0.8345467,0.7127842,-0.8459085,0.7085698,0.9466923,-0.798867,1.254633,0.6562593,-1.075099,0.6811159,1.032293,True,0,1,17
6/23/2025 2:57:33 PM,1750683453210,Right,-0.4753024,0.887929,0.7194215,-0.9229261,0.7363533,0.9133279,-0.4664672,0.8467878,0.6926173,-0.9113945,0.7117087,0.9031681,-0.8328599,1.255405,0.6160802,-1.135762,0.6802149,0.9653772,True,0,1,17
6/23/2025 2:57:33 PM,1750683453224,Right,-0.5008082,0.8961968,0.7052057,-0.9518381,0.7399817,0.8866756,-0.4876908,0.8497928,0.6810033,-0.9388611,0.7136612,0.8769575,-0.847934,1.255472,0.5961509,-1.165205,0.6791784,0.9299326,True,0,1,17
6/23/2025 2:57:33 PM,1750683453252,Right,-0.5456311,0.9069529,0.6765468,-1.007045,0.743225,0.8328885,-0.5296248,0.8622699,0.6604236,-0.993587,0.7171054,0.8262963,-0.8762715,1.255488,0.5584583,-1.219073,0.6749954,0.8596448,True,0,1,17
6/23/2025 2:57:33 PM,1750683453265,Right,-0.5675393,0.9119081,0.663442,-1.036165,0.7454004,0.8028529,-0.550782,0.8669829,0.6474335,-1.021307,0.7194517,0.7998847,-0.888845,1.255274,0.5412421,-1.244888,0.674229,0.8239647,True,0,1,17
6/23/2025 2:57:33 PM,1750683453293,Right,-0.6099201,0.9186404,0.6324975,-1.096366,0.73454,0.7498117,-0.5901076,0.8721686,0.623435,-1.083299,0.7146488,0.7479459,-0.9122566,1.254442,0.5095074,-1.29141,0.667354,0.7512105,True,0,1,17
6/23/2025 2:57:33 PM,1750683453307,Right,-0.6308483,0.9220704,0.615158,-1.127895,0.7231438,0.7240387,-0.6096405,0.8753444,0.6110374,-1.118776,0.7131269,0.7205077,-0.9225099,1.253568,0.4947138,-1.314157,0.6670993,0.7129698,True,0,1,17
6/23/2025 2:57:33 PM,1750683453335,Right,-0.6675844,0.9267802,0.5839135,-1.188584,0.6899388,0.6778435,-0.646174,0.8797471,0.5854108,-1.191164,0.7014471,0.6642855,-0.9401582,1.251108,0.4677151,-1.352325,0.6590236,0.6376755,True,0,1,17
6/23/2025 2:57:33 PM,1750683453348,Right,-0.6850002,0.928975,0.5679882,-1.215149,0.6703935,0.6589624,-0.6632814,0.8820298,0.5715705,-1.22837,0.6973986,0.6334519,-0.9480467,1.24981,0.4556439,-1.369962,0.6585283,0.5989469,True,0,1,17
6/23/2025 2:57:33 PM,1750683453363,Right,-0.7002705,0.9303863,0.5535318,-1.215149,0.6703935,0.6589624,-0.6788138,0.8833286,0.5601258,-1.235642,0.7017054,0.6001976,-0.9544661,1.248194,0.445598,-1.38517,0.6571434,0.5609129,True,0,1,17
6/23/2025 2:57:33 PM,1750683453390,Right,-0.7295136,0.9330097,0.5255528,-1.215149,0.6703935,0.6589624,-0.7083508,0.8830828,0.538509,-1.248008,0.7041914,0.5375981,-0.9669024,1.245317,0.4272548,-1.410224,0.6488701,0.487345,True,0,1,17
6/23/2025 2:57:33 PM,1750683453404,Right,-0.7421341,0.9334279,0.5113409,-1.215149,0.6703935,0.6589624,-0.7220062,0.8831265,0.5282305,-1.254464,0.7063676,0.5057472,-0.9724582,1.244042,0.4191704,-1.420638,0.6471108,0.4487898,True,0,1,17
6/23/2025 2:57:33 PM,1750683453432,Right,-0.7641568,0.9345917,0.486704,-1.215149,0.6703935,0.6589624,-0.7458462,0.883428,0.5083923,-1.263936,0.7063962,0.4495341,-0.9817034,1.24148,0.4052707,-1.434396,0.6393237,0.3802805,True,0,1,17
6/23/2025 2:57:33 PM,1750683453445,Right,-0.7734086,0.9344794,0.4755762,-1.215149,0.6703935,0.6589624,-0.756133,0.8844573,0.4987092,-1.267787,0.7076266,0.4228057,-0.9853356,1.240281,0.399878,-1.439057,0.6378075,0.3474515,True,0,1,17
6/23/2025 2:57:33 PM,1750683453474,Right,-0.7873964,0.9336498,0.4556066,-1.215149,0.6703935,0.6589624,-0.7722375,0.885582,0.4802893,-1.272633,0.7055678,0.3754556,-0.9925262,1.238214,0.3888835,-1.442119,0.6304245,0.2898859,True,0,1,17
6/23/2025 2:57:33 PM,1750683453487,Right,-0.7937146,0.9331242,0.4477475,-1.215149,0.6703935,0.6589624,-0.778903,0.8870949,0.4730037,-1.273991,0.7064403,0.3560767,-0.9941239,1.237914,0.387132,-1.442855,0.6293719,0.2660097,False,0,1,17
6/23/2025 2:57:33 PM,1750683453502,Right,-0.7994313,0.9332154,0.4408866,-1.266398,0.7414448,0.3420239,-0.7849969,0.8873088,0.4658415,-1.253194,0.7119849,0.3424854,-0.99593,1.2377,0.3846262,-1.441572,0.6243065,0.242596,False,0,1,17
6/23/2025 2:57:33 PM,1750683453529,Right,-0.8063159,0.9319364,0.4310854,-1.270321,0.7383486,0.3118907,-0.7919677,0.8855169,0.455141,-1.2583,0.7097631,0.3184292,-0.9989607,1.237632,0.3819629,-1.442312,0.623043,0.2137713,False,0,1,17
6/23/2025 2:57:33 PM,1750683453542,Right,-0.8091794,0.9309196,0.426628,-1.27197,0.7361944,0.302305,-0.7948537,0.884526,0.4499645,-1.25822,0.7061793,0.3050019,-0.9998454,1.237641,0.3820946,-1.439394,0.6182798,0.1974154,False,0,1,17
6/23/2025 2:57:33 PM,1750683453570,Right,-0.8091352,0.9285844,0.421049,-1.272197,0.7329761,0.2940901,-0.7962293,0.8821478,0.4438576,-1.258142,0.7017746,0.2913815,-1.000806,1.238923,0.3842459,-1.436278,0.6149241,0.1811231,False,0,1,17
6/23/2025 2:57:33 PM,1750683453584,Right,-0.8095035,0.9286498,0.4194771,-1.271795,0.7308434,0.2922781,-0.7953445,0.8817019,0.4419662,-1.257551,0.7012569,0.2909433,-1.000602,1.239835,0.3862959,-1.436495,0.6156108,0.1807741,False,0,1,17
6/23/2025 2:57:33 PM,1750683453612,Right,-0.8065217,0.9294434,0.420906,-1.267326,0.7273834,0.2988158,-0.7916088,0.8811722,0.440784,-1.25254,0.698707,0.2907786,-0.9986546,1.242308,0.3932557,-1.432363,0.6134658,0.1802691,False,0,1,17
6/23/2025 2:57:33 PM,1750683453625,Right,-0.8042579,0.9301662,0.4214454,-1.26445,0.7257504,0.303523,-0.7878051,0.8815401,0.4416766,-1.249546,0.6980979,0.2980036,-0.9969807,1.24384,0.398134,-1.43161,0.6132682,0.1893948,False,0,1,17
6/23/2025 2:57:33 PM,1750683453653,Right,-0.7955178,0.9329185,0.4254811,-1.255761,0.7221711,0.3212506,-0.7789674,0.8835211,0.444792,-1.240843,0.6958178,0.3090378,-0.9918429,1.247413,0.4102787,-1.424649,0.6100051,0.2031644,False,0,1,17
6/23/2025 2:57:33 PM,1750683453668,Right,-0.7901179,0.9343182,0.4280773,-1.250668,0.7203493,0.3311062,-0.7737831,0.8855503,0.4481957,-1.237142,0.6945289,0.3214172,-0.9886538,1.24949,0.4177005,-1.422273,0.6078904,0.2191417,False,0,1,17
6/23/2025 2:57:33 PM,1750683453681,Right,-0.784372,0.9363308,0.4331251,-1.244335,0.7182767,0.3433549,-0.7674231,0.888204,0.4512834,-1.231741,0.6930832,0.3351354,-0.9852766,1.251758,0.42647,-1.418466,0.604715,0.2370923,False,0,1,17
6/23/2025 2:57:33 PM,1750683453709,Right,-0.770278,0.9405413,0.4447309,-1.228208,0.7134579,0.3724729,-0.7505119,0.8907112,0.4613461,-1.214704,0.6894397,0.3589462,-0.9777081,1.257021,0.4487194,-1.403741,0.5986364,0.2661951,False,0,1,17
6/23/2025 2:57:33 PM,1750683453723,Right,-0.7607634,0.9419274,0.4525968,-1.217569,0.710265,0.3901247,-0.73965,0.8917246,0.4671219,-1.204531,0.6870189,0.3765645,-0.9735559,1.259735,0.4609375,-1.395774,0.5956209,0.2884476,False,0,1,17
6/23/2025 2:57:33 PM,1750683453751,Right,-0.7390715,0.9462886,0.4700736,-1.192741,0.7076178,0.4190738,-0.7159393,0.8964898,0.4793241,-1.179569,0.684191,0.4062543,-0.9634588,1.264867,0.4896909,-1.374123,0.5914142,0.3249748,False,0,1,17
6/23/2025 2:57:33 PM,1750683453765,Right,-0.7250479,0.9477136,0.4792274,-1.176928,0.7034711,0.4401144,-0.7014394,0.9009883,0.4856564,-1.164227,0.6825008,0.4270527,-0.9568139,1.26707,0.5051885,-1.361081,0.5894532,0.3517927,False,0,1,17
6/23/2025 2:57:33 PM,1750683453792,Right,-0.6960236,0.9538906,0.5006812,-1.140843,0.6944449,0.4844055,-0.6694151,0.9093459,0.5004743,-1.128772,0.6794164,0.461899,-0.9398942,1.270435,0.5402979,-1.328537,0.5858575,0.3955317,False,0,1,17
6/23/2025 2:57:33 PM,1750683453807,Right,-0.6775339,0.9572129,0.5119781,-1.11929,0.6913587,0.5042968,-0.6506687,0.9145393,0.5084763,-1.107447,0.676619,0.4850623,-0.9291726,1.271848,0.5596646,-1.308958,0.5829642,0.4259354,False,0,1,17
6/23/2025 2:57:33 PM,1750683453834,Right,-0.6388484,0.9649876,0.5344534,-1.072666,0.6852433,0.5443763,-0.6104338,0.9233769,0.5229002,-1.061439,0.6723175,0.5217413,-0.9037935,1.273133,0.6007876,-1.264715,0.5775251,0.4738837,False,0,1,17
6/23/2025 2:57:33 PM,1750683453848,Right,-0.61696,0.9705154,0.545301,-1.051239,0.6807851,0.5660107,-0.5885216,0.9290727,0.529735,-1.039315,0.6660954,0.5451728,-0.8890631,1.27361,0.6211444,-1.238727,0.5730349,0.5058527,False,0,1,17
6/23/2025 2:57:33 PM,1750683453862,Right,-0.5928544,0.9742386,0.5555846,-1.031044,0.6752522,0.5885327,-0.5658718,0.9344372,0.5355383,-1.017957,0.6579339,0.5671493,-0.8735094,1.273986,0.6415811,-1.2111,0.5686768,0.5361661,False,0,1,17
6/23/2025 2:57:33 PM,1750683453889,Right,-0.5429,0.9823058,0.5732071,-0.9952496,0.661319,0.6348573,-0.5210266,0.9466693,0.5436881,-0.982604,0.6403548,0.6032969,-0.8373272,1.273565,0.6829283,-1.154811,0.5635362,0.5840215,False,0,1,17
6/23/2025 2:57:33 PM,1750683453903,Right,-0.5163455,0.9876959,0.5790673,-0.9950215,0.6847635,0.5926546,-0.4973518,0.95486,0.5455245,-0.9546438,0.6310436,0.6256697,-0.8175757,1.273168,0.7033497,-1.119574,0.5572304,0.6150256,False,0,1,17
6/23/2025 2:57:33 PM,1750683453931,Right,-0.4636395,0.998524,0.5850934,-0.8454292,0.6673338,0.6791998,-0.4505989,0.9698261,0.5432722,-0.8480915,0.6591413,0.6442277,-0.7743089,1.271815,0.7423639,-1.051657,0.5510668,0.6593325,False,0,1,17
6/23/2025 2:57:33 PM,1750683453945,Right,-0.4350271,1.003931,0.5852984,-0.8123302,0.6697141,0.6908332,-0.426326,0.9774838,0.5396196,-0.8109328,0.6572227,0.6612648,-0.7512207,1.270647,0.7607342,-1.011062,0.5465916,0.6896731,False,0,1,17
6/23/2025 2:57:33 PM,1750683453973,Right,-0.3822321,1.016121,0.5788229,-0.7335693,0.6635767,0.7166246,-0.3831838,0.9952757,0.5307456,-0.7433766,0.6581576,0.6829095,-0.7011099,1.266338,0.7953061,-0.9352158,0.54254,0.7317212,False,0,1,17
6/23/2025 2:57:33 PM,1750683453987,Right,-0.3565878,1.024119,0.5724685,-0.6943499,0.6647159,0.7255733,-0.3597636,1.001687,0.5226389,-0.7023407,0.6565214,0.6959256,-0.675812,1.263365,0.8116307,-0.888167,0.5376548,0.7583588,False,0,1,17
6/23/2025 2:57:34 PM,1750683454015,Right,-0.3102594,1.040363,0.556545,-0.6175783,0.6668451,0.7404908,-0.3223047,1.021618,0.5064105,-0.6318969,0.6604148,0.7095176,-0.6247746,1.256318,0.8411318,-0.8043892,0.5354831,0.7916598,False,0,1,17
6/23/2025 2:57:34 PM,1750683454029,Right,-0.2913285,1.050243,0.5465993,-0.5786802,0.6697608,0.7443025,-0.3063242,1.032662,0.4962251,-0.5918884,0.6634352,0.7162256,-0.5990028,1.251872,0.8546607,-0.7554224,0.5337179,0.8116069,False,0,1,17
6/23/2025 2:57:34 PM,1750683454043,Right,-0.2717305,1.059449,0.535982,-0.5375848,0.6693743,0.7477524,-0.2909921,1.044326,0.4881229,-0.562464,0.6675996,0.715718,-0.5733509,1.24652,0.8670919,-0.7189209,0.5357528,0.8172582,False,0,1,17
6/23/2025 2:57:34 PM,1750683454070,Right,-0.2434163,1.077708,0.5174205,-0.4667861,0.6771812,0.7473661,-0.2666205,1.066565,0.4730169,-0.4957199,0.6752461,0.7176264,-0.523389,1.23404,0.8897462,-0.6338646,0.5344391,0.8364361,False,0,1,17
6/23/2025 2:57:34 PM,1750683454084,Right,-0.2307606,1.086633,0.5077987,-0.4309858,0.680124,0.7477821,-0.257164,1.076259,0.4654742,-0.4572806,0.6778359,0.7184111,-0.4994329,1.226699,0.8995845,-0.5831773,0.5302285,0.847137,False,0,1,17
6/23/2025 2:57:34 PM,1750683454112,Right,-0.2089168,1.099196,0.4916593,-0.3664193,0.6839436,0.7418876,-0.2425296,1.088488,0.449649,-0.385338,0.6775268,0.7151322,-0.4530002,1.210664,0.9181044,-0.484786,0.5189853,0.8584021,False,0,1,17
6/23/2025 2:57:34 PM,1750683454126,Right,-0.197365,1.10432,0.4842725,-0.3348545,0.6836108,0.7390802,-0.2348942,1.093212,0.4425521,-0.3599547,0.676648,0.7098291,-0.4307286,1.201904,0.926585,-0.4497268,0.5159947,0.8557919,False,0,1,17
6/23/2025 2:57:34 PM,1750683454154,Right,-0.1777055,1.107473,0.4722511,-0.2784876,0.6757786,0.7267844,-0.2222146,1.096305,0.4338979,-0.2994727,0.6699436,0.7048306,-0.3884177,1.183633,0.9427826,-0.3638603,0.5041649,0.8574619,False,0,1,17
6/23/2025 2:57:34 PM,1750683454168,Right,-0.1687548,1.107833,0.4672961,-0.2506351,0.670889,0.7220246,-0.2153713,1.096634,0.4307002,-0.2765374,0.6655526,0.7003496,-0.3678985,1.174178,0.9506423,-0.3314554,0.4985802,0.8537323,False,0,1,17
6/23/2025 2:57:34 PM,1750683454181,Right,-0.161128,1.104007,0.4642756,-0.2270834,0.6639149,0.7170885,-0.2090089,1.094868,0.430928,-0.2499244,0.6601501,0.6976545,-0.3483455,1.1642,0.9580536,-0.2936483,0.4903672,0.8522539,False,0,1,17
6/23/2025 2:57:34 PM,1750683454209,Right,-0.1444013,1.092706,0.4607441,-0.1818966,0.6450697,0.7082993,-0.1956395,1.082914,0.4305495,-0.2045687,0.6414193,0.6911526,-0.3096392,1.14322,0.9725363,-0.2300312,0.4690148,0.845333,False,0,1,17
6/23/2025 2:57:34 PM,1750683454223,Right,-0.1353566,1.082963,0.4609374,-0.1611859,0.6303489,0.7039828,-0.1869626,1.073642,0.4332156,-0.1820292,0.6286601,0.6908988,-0.2913713,1.132148,0.9788365,-0.1992465,0.4562307,0.84401,False,0,1,17
6/23/2025 2:57:34 PM,1750683454251,Right,-0.1171077,1.059356,0.4629124,-0.1245394,0.6029493,0.7019109,-0.1687964,1.052639,0.4414572,-0.1439985,0.6026602,0.6909789,-0.2568738,1.108959,0.9880524,-0.1481593,0.4287264,0.8419667,False,0,1,17
6/23/2025 2:57:34 PM,1750683454264,Right,-0.1068136,1.04303,0.4660378,-0.1078795,0.5855982,0.7036321,-0.1608148,1.036084,0.4460507,-0.1277826,0.5848166,0.6927657,-0.2414048,1.097437,0.991127,-0.1264261,0.4105375,0.8430506,False,0,1,17
6/23/2025 2:57:34 PM,1750683454292,Right,-0.08790708,1.007153,0.4733219,-0.07944008,0.5478718,0.7096432,-0.1455741,0.9990943,0.4548407,-0.09730811,0.545422,0.696975,-0.2131634,1.074859,0.9945326,-0.08646506,0.3713419,0.8453958,False,0,1,17
6/23/2025 2:57:34 PM,1750683454306,Right,-0.07789732,0.9847948,0.4787829,-0.06714718,0.5242214,0.7132646,-0.1361827,0.9768727,0.4602817,-0.08397622,0.524045,0.7039641,-0.1997676,1.063977,0.9954162,-0.07012762,0.3511207,0.852928,False,0,1,17
6/23/2025 2:57:34 PM,1750683454333,Right,-0.05894197,0.9374341,0.4898767,-0.04633137,0.4808792,0.7288001,-0.1143256,0.9315706,0.4733272,-0.0591316,0.4817791,0.7189273,-0.175595,1.042759,0.9966195,-0.04145528,0.3089821,0.8697784,False,0,1,17
6/23/2025 2:57:34 PM,1750683454348,Right,-0.04979977,0.9099307,0.4969141,-0.03743006,0.4575949,0.7422879,-0.1059157,0.9036101,0.480995,-0.05197883,0.4576215,0.7323081,-0.1647943,1.032811,0.9971325,-0.03406995,0.2863299,0.8858449,False,0,1,17
6/23/2025 2:57:34 PM,1750683454362,Right,-0.04090581,0.881638,0.5051935,-0.03011051,0.4325603,0.7575927,-0.09580193,0.8770497,0.4904568,-0.04530061,0.4345601,0.7495345,-0.1544046,1.02396,0.9976315,-0.02832064,0.2662348,0.9057297,False,0,1,17
6/23/2025 2:57:34 PM,1750683454390,Right,-0.02329305,0.8261619,0.5231073,-0.0197766,0.3828348,0.7818488,-0.07829207,0.8219851,0.5104532,-0.03277979,0.3890553,0.7825273,-0.1353925,1.007511,0.9981313,-0.01620914,0.2241792,0.9450494,False,0,1,17
6/23/2025 2:57:34 PM,1750683454404,Right,-0.01720275,0.7955789,0.5340527,-0.01763517,0.356046,0.7935079,-0.07741839,0.7872227,0.5181883,-0.03390524,0.3668129,0.8044923,-0.126663,1.000062,0.9975982,-0.01772487,0.2056509,0.9745992,False,0,1,17
6/23/2025 2:57:34 PM,1750683454431,Right,-0.006155602,0.7371475,0.5552766,-0.01968201,0.3026415,0.8137856,-0.06550574,0.729576,0.5402476,-0.03112632,0.3294422,0.8479042,-0.1121833,0.9858954,0.9959486,-0.01849213,0.1745266,1.029952,True,0,1,18
6/23/2025 2:57:34 PM,1750683454446,Right,-0.001709334,0.7082374,0.5666069,-0.02394207,0.2742596,0.8229153,-0.06227425,0.7005311,0.5514067,-0.03597257,0.3156429,0.8766717,-0.106972,0.9806913,0.994221,-0.02754689,0.1681214,1.06661,True,0,1,18
6/23/2025 2:57:34 PM,1750683454473,Right,0.003063293,0.6582227,0.588979,-0.02140834,0.2992046,0.9560633,-0.05539994,0.6525847,0.5754504,-0.04186696,0.2871431,0.9329641,-0.1005577,0.9710798,0.9922097,-0.04020941,0.1585519,1.128443,True,0,1,18
6/23/2025 2:57:34 PM,1750683454487,Right,0.00469289,0.6372766,0.6014596,-0.02739315,0.2971417,0.9814789,-0.0527576,0.6309483,0.5876153,-0.04936967,0.2848913,0.9622955,-0.09903127,0.9676212,0.9917383,-0.0531362,0.1653768,1.164974,True,0,1,18
6/23/2025 2:57:34 PM,1750683454514,Right,0.006029134,0.6013291,0.6258827,-0.04121535,0.298183,1.033369,-0.05056097,0.5944184,0.6117343,-0.06126787,0.2799258,1.012816,-0.09931165,0.9658406,0.9921982,-0.07222955,0.1770378,1.224453,True,0,1,18
6/23/2025 2:57:34 PM,1750683454528,Right,0.005134466,0.5862586,0.6379295,-0.0485467,0.3031408,1.056919,-0.05297646,0.5790554,0.6233709,-0.07092948,0.2864233,1.038737,-0.100077,0.967055,0.992059,-0.08605805,0.1937463,1.256255,True,0,1,18
6/23/2025 2:57:34 PM,1750683454543,Right,0.002072323,0.5718929,0.6498642,-0.05654965,0.3073784,1.080355,-0.0555671,0.5646913,0.6349025,-0.07640667,0.2853177,1.059338,-0.1015606,0.9707923,0.9923763,-0.09265259,0.1997073,1.279504,True,0,1,18
6/23/2025 2:57:34 PM,1750683454570,Right,-0.006267148,0.5559852,0.6726611,-0.07330572,0.3260119,1.119667,-0.06137119,0.5481584,0.6573936,-0.09174585,0.3025793,1.101067,-0.1072417,0.9821701,0.9949522,-0.1126517,0.2339475,1.327276,True,0,1,18
6/23/2025 2:57:34 PM,1750683454584,Right,-0.01148823,0.5502864,0.683982,-0.08206016,0.3360137,1.138155,-0.06620877,0.5448332,0.6685827,-0.1022763,0.3180847,1.120713,-0.1115994,0.9895751,0.9969196,-0.1263316,0.2583624,1.350066,True,0,1,18
6/23/2025 2:57:34 PM,1750683454612,Right,-0.0222579,0.5491328,0.7048606,-0.1027554,0.3519873,1.165222,-0.07628202,0.5421153,0.6883033,-0.1206953,0.3434086,1.15346,-0.1240835,1.007397,1.001385,-0.148849,0.2982054,1.384968,True,0,1,18
6/23/2025 2:57:34 PM,1750683454625,Right,-0.02819839,0.5491166,0.7149704,-0.1131407,0.3641333,1.179347,-0.08225231,0.542944,0.6974881,-0.1319641,0.3589981,1.167354,-0.1325108,1.017584,1.004058,-0.1630206,0.3206952,1.400469,True,0,1,18
6/23/2025 2:57:34 PM,1750683454654,Right,-0.03956382,0.5566916,0.7314953,-0.1351216,0.3915417,1.200748,-0.0901201,0.5462734,0.7139507,-0.1518942,0.3864531,1.190779,-0.1533451,1.039256,1.008847,-0.1888887,0.3598903,1.425011,True,0,1,18
6/23/2025 2:57:34 PM,1750683454668,Right,-0.04657844,0.5616861,0.7397299,-0.1472569,0.4059678,1.211003,-0.09607092,0.5516399,0.7213535,-0.1655116,0.4023396,1.200286,-0.165411,1.050517,1.010445,-0.2062706,0.3808343,1.434643,True,0,1,18
6/23/2025 2:57:34 PM,1750683454681,Right,-0.0523855,0.5685256,0.7475057,-0.1608796,0.4213592,1.219614,-0.1018772,0.5583134,0.7282158,-0.1793681,0.417861,1.208417,-0.1780263,1.061729,1.011843,-0.2238798,0.4006373,1.442606,True,0,1,18
6/23/2025 2:57:34 PM,1750683454709,Right,-0.06340727,0.5840173,0.7618254,-0.1889183,0.4512647,1.234222,-0.1118548,0.5737298,0.7411,-0.205469,0.4480948,1.222751,-0.2084293,1.084871,1.012635,-0.2576323,0.4381632,1.455572,True,0,1,18
6/23/2025 2:57:34 PM,1750683454723,Right,-0.06785222,0.5933999,0.7679597,-0.2044611,0.4665985,1.239555,-0.1178098,0.5822529,0.746307,-0.2217636,0.4626786,1.227987,-0.2244203,1.095964,1.012326,-0.2787488,0.4558721,1.459207,True,0,1,18
6/23/2025 2:57:34 PM,1750683454751,Right,-0.07945235,0.6112263,0.7786395,-0.2361388,0.4963595,1.24687,-0.1311485,0.5982566,0.7540343,-0.2533027,0.4918918,1.234395,-0.2575972,1.117199,1.009689,-0.3195435,0.4912838,1.463375,True,0,1,18
6/23/2025 2:57:34 PM,1750683454764,Right,-0.08617045,0.6215198,0.7842019,-0.2537485,0.5113086,1.248851,-0.135169,0.607374,0.758383,-0.2701328,0.5061795,1.235556,-0.2753558,1.127285,1.006697,-0.3435152,0.507665,1.463188,True,0,1,18
6/23/2025 2:57:34 PM,1750683454792,Right,-0.09888021,0.6409526,0.7938131,-0.2896903,0.5402116,1.250446,-0.1439656,0.6255121,0.7654069,-0.3036559,0.5347819,1.235896,-0.3132242,1.14687,0.9987195,-0.3900779,0.5408046,1.459924,True,0,1,18
6/23/2025 2:57:34 PM,1750683454806,Right,-0.1046836,0.6512409,0.7979228,-0.3094186,0.5545376,1.249742,-0.1490591,0.6368889,0.7687715,-0.323558,0.5490168,1.234837,-0.3328855,1.156238,0.9935923,-0.4174035,0.5563552,1.455507,True,0,1,18
6/23/2025 2:57:34 PM,1750683454834,Right,-0.1186593,0.6712682,0.8053039,-0.350553,0.5829425,1.246614,-0.1625891,0.65745,0.7726377,-0.3633699,0.5764538,1.230228,-0.3738134,1.173293,0.9790778,-0.4696137,0.5871172,1.444121,True,0,1,18
6/23/2025 2:57:34 PM,1750683454848,Right,-0.127622,0.6807511,0.8081976,-0.3734035,0.596603,1.243818,-0.1681717,0.6668203,0.7755846,-0.3853388,0.5882449,1.227071,-0.3950599,1.181296,0.9712579,-0.4992138,0.6000937,1.435932,True,0,1,18
6/23/2025 2:57:34 PM,1750683454862,Right,-0.1375884,0.6913484,0.8116251,-0.3961198,0.6092505,1.239041,-0.1734345,0.675485,0.7783106,-0.4065323,0.6001041,1.22128,-0.4171886,1.189072,0.9617414,-0.5288913,0.613077,1.426273,True,0,1,18
6/23/2025 2:57:34 PM,1750683454890,Right,-0.1572381,0.7114762,0.8154542,-0.4428257,0.6337985,1.227581,-0.1914837,0.6932792,0.7794433,-0.4528665,0.6228092,1.208496,-0.4620306,1.203537,0.9403477,-0.5883447,0.6379632,1.403576,True,0,1,18
6/23/2025 2:57:34 PM,1750683454903,Right,-0.1684476,0.7218362,0.8163989,-0.4676397,0.6456065,1.218485,-0.201656,0.7032056,0.7794726,-0.477392,0.6342396,1.199199,-0.4848548,1.209999,0.9274118,-0.6203234,0.6497649,1.389359,True,0,1,18
6/23/2025 2:57:34 PM,1750683454932,Right,-0.1919517,0.7430362,0.8191947,-0.5186994,0.6677095,1.198941,-0.2208267,0.724005,0.7806875,-0.5252888,0.656092,1.179802,-0.5316492,1.221795,0.898644,-0.6827319,0.6714867,1.358603,True,0,1,18
6/23/2025 2:57:34 PM,1750683454945,Right,-0.2054052,0.754973,0.8200549,-0.5461621,0.6778981,1.187204,-0.2331119,0.7304448,0.7786233,-0.5527482,0.6643684,1.166249,-0.5552604,1.227233,0.8826132,-0.7172456,0.6804011,1.338275,True,0,1,18
6/23/2025 2:57:34 PM,1750683454973,Right,-0.2336462,0.7781274,0.818722,-0.6011263,0.6970863,1.160392,-0.2590096,0.7465016,0.7741811,-0.6063726,0.6820771,1.139453,-0.6017026,1.236279,0.847367,-0.7828317,0.6984547,1.29706,True,0,1,18
6/23/2025 2:57:34 PM,1750683454987,Right,-0.2502488,0.7887536,0.8174287,-0.630999,0.7060598,1.145204,-0.2727855,0.7583126,0.7737657,-0.634769,0.6909231,1.125258,-0.6241312,1.239987,0.8286768,-0.8175845,0.7055746,1.274278,True,0,1,18
6/23/2025 2:57:35 PM,1750683455015,Right,-0.2862269,0.8083652,0.8118809,-0.6883687,0.7205172,1.112069,-0.3021748,0.7791935,0.7706181,-0.6895403,0.7060959,1.093198,-0.6683112,1.246216,0.7892057,-0.884599,0.7168902,1.225591,True,0,1,18
6/23/2025 2:57:35 PM,1750683455029,Right,-0.3048452,0.8185797,0.8094742,-0.7182851,0.7281274,1.092328,-0.3189918,0.7917931,0.7683151,-0.7183379,0.7132019,1.073895,-0.6892473,1.248371,0.7687036,-0.9197732,0.7206779,1.197389,True,0,1,18
6/23/2025 2:57:35 PM,1750683455043,Right,-0.3233736,0.8284857,0.8058429,-0.7477721,0.7332956,1.072807,-0.3357232,0.8011605,0.7649248,-0.7469668,0.7189684,1.055475,-0.7099682,1.249966,0.7485775,-0.9525843,0.7243854,1.169509,True,0,1,18
6/23/2025 2:57:35 PM,1750683455070,Right,-0.3642214,0.8506854,0.7937068,-0.8058072,0.741183,1.030895,-0.3703606,0.8180611,0.7567869,-0.804028,0.7255025,1.015244,-0.7493904,1.253079,0.7072189,-1.016647,0.7248794,1.108541,True,0,1,18
6/23/2025 2:57:35 PM,1750683455084,Right,-0.3855992,0.8603734,0.786707,-0.8363303,0.7401919,1.010467,-0.3891352,0.8265565,0.7508826,-0.8352803,0.7279704,0.9928362,-0.7675092,1.254473,0.6864045,-1.048777,0.7245626,1.074255,True,0,1,18
6/23/2025 2:57:35 PM,1750683455112,Right,-0.4311787,0.8757359,0.7678264,-0.8351822,0.7476261,0.9993594,-0.4281858,0.8410113,0.7363187,-0.8598353,0.7409067,0.928829,-0.8006566,1.256757,0.6454372,-1.109874,0.7245243,1.004334,True,0,1,18
6/23/2025 2:57:35 PM,1750683455125,Right,-0.4533609,0.8828374,0.7574821,-0.9135337,0.756681,0.9310686,-0.4480705,0.8476726,0.7279279,-0.907144,0.7374087,0.9118202,-0.8157337,1.257658,0.6260498,-1.138604,0.7223601,0.9678453,True,0,1,18
6/23/2025 2:57:35 PM,1750683455154,Right,-0.4979149,0.8986687,0.7357855,-0.9723452,0.7627948,0.867184,-0.4927756,0.8689882,0.699764,-0.9638798,0.7443295,0.8512907,-0.8444462,1.259746,0.5900419,-1.194907,0.7229263,0.8889126,True,0,1,18
6/23/2025 2:57:35 PM,1750683455168,Right,-0.5200797,0.9056495,0.7237199,-0.9997172,0.7639796,0.8362956,-0.5091025,0.8710793,0.6942746,-0.9870867,0.7422279,0.8261316,-0.8581417,1.260599,0.5729566,-1.217515,0.7183385,0.8521427,True,0,1,18
6/23/2025 2:57:35 PM,1750683455182,Right,-0.5425157,0.9117659,0.7098406,-1.025882,0.7639576,0.8054516,-0.530275,0.8751073,0.6835977,-1.013338,0.7422318,0.798804,-0.8711622,1.261079,0.5566239,-1.242557,0.7143044,0.8135844,True,0,1,18
6/23/2025 2:57:35 PM,1750683455209,Right,-0.5857276,0.9238485,0.6817734,-1.082556,0.750604,0.7461166,-0.5685273,0.8799841,0.661808,-1.070524,0.7340297,0.7450094,-0.8943036,1.260794,0.5252893,-1.284425,0.7015003,0.737532,True,0,1,18
6/23/2025 2:57:35 PM,1750683455223,Right,-0.6074646,0.9287857,0.6662754,-1.111262,0.7379569,0.7172794,-0.5887527,0.8822062,0.6493242,-1.102877,0.73053,0.7181109,-0.9041641,1.259864,0.5104122,-1.304982,0.696408,0.7002594,True,0,1,18
6/23/2025 2:57:35 PM,1750683455251,Right,-0.6497022,0.9375623,0.6331441,-1.166723,0.7014367,0.6633104,-0.6257282,0.8894159,0.6250736,-1.166738,0.7192101,0.6598511,-0.9209042,1.257365,0.4838049,-1.338582,0.6846256,0.6240327,True,0,1,18
6/23/2025 2:57:35 PM,1750683455265,Right,-0.6703209,0.9424217,0.615503,-1.191957,0.6788497,0.6393473,-0.6458746,0.8942968,0.6106339,-1.202943,0.7133471,0.6276938,-0.9279957,1.25572,0.4717296,-1.355483,0.6800977,0.5846623,True,0,1,18
6/23/2025 2:57:35 PM,1750683455292,Right,-0.7071337,0.9508829,0.5827854,-1.191957,0.6788497,0.6393473,-0.6823817,0.9030497,0.5840855,-1.209432,0.7147339,0.5695214,-0.9412385,1.252628,0.4493845,-1.380464,0.6620615,0.5154877,True,0,1,18
6/23/2025 2:57:35 PM,1750683455306,Right,-0.7233157,0.9535572,0.5661402,-1.191957,0.6788497,0.6393473,-0.6993027,0.905335,0.5711997,-1.213671,0.7160439,0.5420973,-0.9468758,1.251089,0.4395998,-1.391528,0.6543447,0.4821571,True,0,1,18
6/23/2025 2:57:35 PM,1750683455334,Right,-0.75371,0.9599364,0.5340985,-1.204459,0.753133,0.5116214,-0.7294614,0.9115837,0.5472296,-1.189076,0.728137,0.4970916,-0.9571943,1.248456,0.4221961,-1.406929,0.6363988,0.4230897,True,0,1,18
6/23/2025 2:57:35 PM,1750683455348,Right,-0.7662059,0.9630643,0.5185372,-1.224369,0.7500334,0.4662833,-0.7433674,0.9145591,0.5362951,-1.209694,0.7229386,0.4731417,-0.9620372,1.247402,0.414538,-1.413652,0.6300015,0.3954186,True,0,1,18
6/23/2025 2:57:35 PM,1750683455362,Right,-0.7768285,0.9652857,0.503929,-1.233741,0.7486379,0.4398368,-0.7551953,0.917094,0.5274428,-1.220025,0.7218341,0.4523752,-0.9662633,1.246803,0.4076734,-1.418776,0.625352,0.3704497,True,0,1,18
6/23/2025 2:57:35 PM,1750683455390,Right,-0.79422,0.9678464,0.4796384,-1.247062,0.7455922,0.400223,-0.7744988,0.9212902,0.5060547,-1.233255,0.7167479,0.4141467,-0.9743637,1.246016,0.3962337,-1.42454,0.6124302,0.3267462,False,0,1,18
6/23/2025 2:57:35 PM,1750683455404,Right,-0.8010442,0.9695139,0.4704282,-1.251602,0.7441866,0.3841759,-0.7823301,0.9224109,0.4952709,-1.237394,0.7115418,0.3964716,-0.9779741,1.245605,0.3919674,-1.424699,0.6028824,0.3072173,False,0,1,18
6/23/2025 2:57:35 PM,1750683455432,Right,-0.8101711,0.9697481,0.4543971,-1.258001,0.742024,0.3593319,-0.7922902,0.9253096,0.4808275,-1.244811,0.7132667,0.3726817,-0.983505,1.244771,0.3853358,-1.429456,0.6030383,0.2801752,False,0,1,18
6/23/2025 2:57:35 PM,1750683455445,Right,-0.8127945,0.9693798,0.4486846,-1.260181,0.7402698,0.3525089,-0.7963047,0.9254797,0.4743955,-1.245439,0.7086557,0.361405,-0.9850148,1.244391,0.383494,-1.427495,0.595515,0.2674594,False,0,1,18
6/23/2025 2:57:35 PM,1750683455473,Right,-0.8158048,0.9679202,0.44125,-1.262989,0.7361978,0.3448888,-0.7982053,0.9236977,0.4663611,-1.24886,0.7092065,0.3487495,-0.9868782,1.244054,0.381405,-1.430282,0.6000458,0.2522843,False,0,1,18
6/23/2025 2:57:35 PM,1750683455487,Right,-0.815753,0.9663745,0.4396077,-1.262637,0.7347003,0.3419976,-0.7976883,0.921613,0.4641246,-1.249161,0.7093612,0.3457501,-0.987288,1.244184,0.3820121,-1.431508,0.6025578,0.2483093,False,0,1,18
6/23/2025 2:57:35 PM,1750683455501,Right,-0.8156164,0.9651319,0.4383157,-1.262328,0.7329944,0.3399385,-0.7972432,0.9197784,0.4621368,-1.246924,0.7048315,0.3409373,-0.9876673,1.244443,0.3827996,-1.427815,0.596928,0.2424836,False,0,1,18
6/23/2025 2:57:35 PM,1750683455528,Right,-0.8121166,0.9633188,0.4392551,-1.259242,0.7301463,0.3429186,-0.7930802,0.9168304,0.4623979,-1.246271,0.7065163,0.3443886,-0.9867949,1.245789,0.388494,-1.429672,0.6035736,0.2462454,False,0,1,18
6/23/2025 2:57:35 PM,1750683455542,Right,-0.8096794,0.9624443,0.4400149,-1.256224,0.7322822,0.3410717,-0.7906954,0.9157369,0.4629368,-1.24119,0.7034059,0.3438415,-0.9855564,1.246777,0.392516,-1.424717,0.5985594,0.2449571,False,0,1,18
6/23/2025 2:57:35 PM,1750683455570,Right,-0.803401,0.9608775,0.446165,-1.249311,0.7317141,0.3491459,-0.7836384,0.9139261,0.4678574,-1.23307,0.7017826,0.352133,-0.9825305,1.249569,0.4020383,-1.418985,0.596744,0.2537783,False,0,1,18
6/23/2025 2:57:35 PM,1750683455584,Right,-0.799777,0.9612235,0.4502254,-1.245479,0.730525,0.3553806,-0.7787502,0.9135841,0.471798,-1.230034,0.7020224,0.3602024,-0.9803588,1.251246,0.4083236,-1.417037,0.5985515,0.2633627,False,0,1,18
6/23/2025 2:57:35 PM,1750683455612,Right,-0.7896631,0.9641532,0.4636306,-1.233085,0.7279567,0.3739237,-0.7668208,0.9150422,0.4809521,-1.219841,0.7027402,0.3801652,-0.9751027,1.254928,0.4230835,-1.410303,0.6013336,0.2869987,False,0,1,18
6/23/2025 2:57:35 PM,1750683455626,Right,-0.7833684,0.965306,0.4699807,-1.226019,0.7267789,0.3835372,-0.7602791,0.9161373,0.4874382,-1.211559,0.7005365,0.3865887,-0.972037,1.256827,0.4314568,-1.401458,0.5978557,0.2933069,False,0,1,18
6/23/2025 2:57:35 PM,1750683455654,Right,-0.7665022,0.967787,0.4895048,-1.207331,0.7216876,0.4113275,-0.742208,0.9188021,0.500721,-1.193091,0.6969492,0.4070424,-0.9641564,1.260677,0.451184,-1.383407,0.5947014,0.3165414,False,0,1,18
6/23/2025 2:57:35 PM,1750683455668,Right,-0.7571016,0.969175,0.4997873,-1.196,0.7178995,0.428965,-0.7303833,0.9212518,0.5087227,-1.180748,0.6965995,0.4223474,-0.9594791,1.262453,0.4624472,-1.3735,0.595466,0.334469,False,0,1,18
6/23/2025 2:57:35 PM,1750683455682,Right,-0.7447578,0.9703103,0.5104382,-1.184015,0.715554,0.4454377,-0.7167766,0.9229811,0.5164892,-1.168068,0.6947252,0.4377547,-0.9541593,1.263907,0.4745808,-1.362109,0.5958716,0.3532532,False,0,1,18
6/23/2025 2:57:35 PM,1750683455708,Right,-0.7179607,0.9738824,0.5321252,-1.153831,0.7105494,0.4764373,-0.6877828,0.9266741,0.531019,-1.138005,0.6909726,0.4656044,-0.9420166,1.266199,0.500917,-1.334439,0.5931501,0.38715,False,0,1,18
6/23/2025 2:57:35 PM,1750683455723,Right,-0.7014434,0.976316,0.5439313,-1.132647,0.7091269,0.4959756,-0.6706927,0.9294948,0.540166,-1.117409,0.6902587,0.485988,-0.9347886,1.2672,0.515124,-1.318413,0.5915098,0.4123968,False,0,1,18
6/23/2025 2:57:35 PM,1750683455751,Right,-0.6681065,0.9837322,0.5648258,-1.093259,0.7005825,0.5328611,-0.6362904,0.9378814,0.5547605,-1.07986,0.6856813,0.5160496,-0.9172661,1.268653,0.5461072,-1.281115,0.5864933,0.4507057,False,0,1,18
6/23/2025 2:57:35 PM,1750683455765,Right,-0.6487286,0.988866,0.5738994,-1.070456,0.6996407,0.5489655,-0.6166742,0.943491,0.5603027,-1.056452,0.6827128,0.5349342,-0.9069618,1.268841,0.5629082,-1.259076,0.5823457,0.4766738,False,0,1,18
6/23/2025 2:57:35 PM,1750683455792,Right,-0.6086334,0.9976082,0.5889271,-1.028273,0.6958057,0.5828561,-0.5796701,0.9585577,0.5661629,-1.013333,0.6777722,0.562888,-0.8832078,1.268837,0.599605,-1.213106,0.5758679,0.517096,False,0,1,18
6/23/2025 2:57:35 PM,1750683455807,Right,-0.5865706,1.00243,0.5940695,-1.00847,0.6919558,0.6019485,-0.5576091,0.9645661,0.5669228,-0.9892307,0.6687819,0.5823728,-0.8708625,1.268702,0.6185808,-1.183496,0.5671616,0.5460678,False,0,1,18
6/23/2025 2:57:35 PM,1750683455834,Right,-0.5423521,1.011794,0.602814,-0.9726112,0.6816911,0.6416106,-0.5184485,0.9783236,0.5683908,-0.9491377,0.6511711,0.6161,-0.8411366,1.267331,0.6599272,-1.125872,0.5534273,0.59289,False,0,1,18
6/23/2025 2:57:35 PM,1750683455848,Right,-0.5191907,1.017503,0.6054173,-0.9555042,0.6749092,0.6633967,-0.4957271,0.9847535,0.5679035,-0.9274968,0.6393989,0.6334113,-0.824326,1.266192,0.6811811,-1.09391,0.5491393,0.6180751,False,0,1,18
6/23/2025 2:57:35 PM,1750683455862,Right,-0.4964949,1.023464,0.6055708,-0.9399333,0.6673637,0.6852813,-0.4734144,0.9919597,0.5680576,-0.906253,0.6251614,0.6493245,-0.8059529,1.264675,0.7025456,-1.060249,0.5442288,0.6406026,False,0,1,18
6/23/2025 2:57:35 PM,1750683455890,Right,-0.4504869,1.034817,0.6049383,-0.938225,0.6664431,0.6878201,-0.4324223,1.007023,0.5608592,-0.8587431,0.6013592,0.6778532,-0.7660528,1.260929,0.7438403,-0.9906285,0.5327587,0.6773898,False,0,1,18
6/23/2025 2:57:35 PM,1750683455903,Right,-0.4251253,1.041673,0.6038799,-0.938225,0.6664431,0.6878201,-0.4100776,1.015652,0.5570892,-0.8185862,0.5981934,0.6943809,-0.743633,1.257961,0.7640948,-0.9489761,0.5272595,0.7025581,False,0,1,18
6/23/2025 2:57:35 PM,1750683455932,Right,-0.3781227,1.054778,0.5990506,-0.7105163,0.6650818,0.7124983,-0.3700028,1.030701,0.5457531,-0.6973722,0.6493224,0.6912862,-0.6953295,1.251274,0.8022496,-0.8716172,0.5178854,0.7341751,False,0,1,18
6/23/2025 2:57:35 PM,1750683455945,Right,-0.3552653,1.060707,0.5941434,-0.6542851,0.6652378,0.7223814,-0.351965,1.040566,0.5402403,-0.6521876,0.6567632,0.6970477,-0.6691279,1.246963,0.8199117,-0.8264405,0.5120662,0.7539264,False,0,1,18
6/23/2025 2:57:35 PM,1750683455973,Right,-0.3116839,1.07317,0.5852419,-0.5793967,0.6626663,0.7314485,-0.3171201,1.057332,0.5293016,-0.5831199,0.6571412,0.704102,-0.6153322,1.238108,0.8526266,-0.7445726,0.5038474,0.7763633,False,0,1,18
6/23/2025 2:57:35 PM,1750683455988,Right,-0.2904532,1.079198,0.5799077,-0.5415506,0.6617534,0.7338237,-0.2995907,1.065961,0.5256714,-0.5445341,0.6566255,0.7083666,-0.5876653,1.23338,0.867296,-0.6975068,0.4983425,0.7894366,False,0,1,18
6/23/2025 2:57:36 PM,1750683456015,Right,-0.2518306,1.089409,0.5677636,-0.4726414,0.6568541,0.7342777,-0.2700981,1.078776,0.5147339,-0.4828559,0.6534845,0.7077987,-0.5311806,1.222354,0.8949442,-0.6195046,0.4904742,0.8009432,False,0,1,18
6/23/2025 2:57:36 PM,1750683456029,Right,-0.234561,1.094033,0.5612204,-0.4385124,0.6542978,0.7330656,-0.2577777,1.084193,0.5118515,-0.4490715,0.6495725,0.7087841,-0.5031352,1.2161,0.9070046,-0.5751513,0.4826742,0.8077387,False,0,1,18
6/23/2025 2:57:36 PM,1750683456042,Right,-0.2196164,1.097944,0.5563586,-0.4050496,0.6501303,0.7312277,-0.245767,1.088316,0.5086112,-0.4234446,0.6468849,0.7057587,-0.4754313,1.209103,0.9183223,-0.5423386,0.4776551,0.8073405,False,0,1,18
6/23/2025 2:57:36 PM,1750683456070,Right,-0.1969129,1.099937,0.5492165,-0.347227,0.6417295,0.7256808,-0.2312913,1.090063,0.501576,-0.3727514,0.6370609,0.7011881,-0.4220214,1.1931,0.9384279,-0.4739582,0.4608285,0.8102449,False,0,1,18
6/23/2025 2:57:36 PM,1750683456084,Right,-0.1851019,1.099164,0.5457128,-0.3175877,0.6357744,0.7225984,-0.222635,1.08934,0.5012541,-0.3424625,0.6316102,0.7002604,-0.3970437,1.183841,0.9472053,-0.4334247,0.4502449,0.8130646,False,0,1,18
6/23/2025 2:57:36 PM,1750683456112,Right,-0.1661886,1.089127,0.5402091,-0.2717572,0.6207418,0.7191689,-0.2031439,1.078456,0.4956836,-0.28777,0.6146819,0.6963305,-0.3494861,1.163448,0.9627771,-0.3608983,0.4278506,0.8149424,False,0,1,18
6/23/2025 2:57:36 PM,1750683456126,Right,-0.1553773,1.082833,0.5374622,-0.2475565,0.6108739,0.717079,-0.1940164,1.071905,0.4942876,-0.2654356,0.604134,0.6929709,-0.3272789,1.152264,0.9695745,-0.3313136,0.4159539,0.8120582,False,0,1,18
6/23/2025 2:57:36 PM,1750683456154,Right,-0.134932,1.061473,0.5334119,-0.2061249,0.5862069,0.7128667,-0.1760747,1.051594,0.4938405,-0.2221777,0.5810662,0.6927599,-0.2843336,1.128717,0.9814806,-0.2734954,0.3905936,0.8158473,False,0,1,18
6/23/2025 2:57:36 PM,1750683456168,Right,-0.1247766,1.04934,0.5314215,-0.1840997,0.5740361,0.7130513,-0.1680476,1.038433,0.4921494,-0.2026173,0.5670112,0.6894749,-0.2641768,1.116603,0.9865072,-0.2472172,0.3748452,0.8138372,False,0,1,18
6/23/2025 2:57:36 PM,1750683456182,Right,-0.1145516,1.033882,0.5307592,-0.1660874,0.5583234,0.7146869,-0.159939,1.023854,0.4935184,-0.1842273,0.5520833,0.6920497,-0.2457902,1.103979,0.9905503,-0.2221133,0.3600298,0.8184376,False,0,1,18
6/23/2025 2:57:36 PM,1750683456209,Right,-0.09548287,1.000164,0.5301548,-0.1334364,0.5234615,0.7177849,-0.1444167,0.9906071,0.4977426,-0.1511712,0.517348,0.6971795,-0.2120137,1.079807,0.9967642,-0.176697,0.3263467,0.8260962,False,0,1,18
6/23/2025 2:57:36 PM,1750683456223,Right,-0.0859039,0.9799255,0.5316581,-0.1188904,0.5017621,0.7204168,-0.1351162,0.9706092,0.5013476,-0.1364488,0.4972774,0.7042988,-0.1960981,1.067964,0.9992695,-0.1562443,0.30873,0.8353679,False,0,1,18
6/23/2025 2:57:36 PM,1750683456251,Right,-0.06678485,0.9380675,0.5361894,-0.09160035,0.4576207,0.7320244,-0.1198035,0.9294634,0.5112228,-0.1104318,0.4542278,0.720214,-0.1694075,1.045998,1.003047,-0.1202809,0.2712948,0.8531497,False,0,1,18
6/23/2025 2:57:36 PM,1750683456264,Right,-0.05824707,0.9141964,0.5411353,-0.08034337,0.4386255,0.7456166,-0.1131821,0.9060194,0.5163336,-0.09910136,0.4350286,0.7316709,-0.1571854,1.035655,1.004426,-0.1044416,0.2532353,0.868323,False,0,1,18
6/23/2025 2:57:36 PM,1750683456292,Right,-0.04348939,0.8654006,0.5519919,-0.06023205,0.3984374,0.7718957,-0.09859425,0.8577081,0.5306831,-0.07706362,0.3939397,0.7567559,-0.134079,1.015725,1.005724,-0.07592599,0.2144156,0.8991408,False,0,1,18
6/23/2025 2:57:36 PM,1750683456307,Right,-0.03206567,0.8403232,0.5582528,-0.05246101,0.3777763,0.7889,-0.08888556,0.83263,0.5391135,-0.06698003,0.373254,0.7757729,-0.1236146,1.007276,1.005424,-0.06511608,0.1977344,0.9217917,False,0,1,18
6/23/2025 2:57:36 PM,1750683456335,Right,-0.01626094,0.7899301,0.5712916,-0.04120349,0.3391543,0.8224425,-0.07360175,0.7821614,0.5538784,-0.05194451,0.3345739,0.8108569,-0.1047301,0.9923041,1.004082,-0.04818902,0.1655107,0.9652132,False,0,1,18
6/23/2025 2:57:36 PM,1750683456348,Right,-0.00935415,0.7641998,0.5792271,-0.03807092,0.317857,0.8389726,-0.06845653,0.7546835,0.560676,-0.04921822,0.3170023,0.8354508,-0.09623343,0.9855449,1.003664,-0.04607092,0.1546692,0.9960859,False,0,1,18
6/23/2025 2:57:36 PM,1750683456362,Right,-0.003397305,0.7394134,0.5873421,-0.03698772,0.2963386,0.8552414,-0.06335414,0.7319507,0.5715407,-0.0464322,0.3036847,0.8637478,-0.08872461,0.9789963,1.003394,-0.04409723,0.1489197,1.029585,True,0,1,19
6/23/2025 2:57:36 PM,1750683456390,Right,0.003853138,0.6950897,0.6045627,-0.0407096,0.2533929,0.8864067,-0.05348794,0.6837834,0.5874208,-0.03935116,0.2727263,0.9146547,-0.07651734,0.9673435,1.003332,-0.03688892,0.1360476,1.087231,True,0,1,19
6/23/2025 2:57:36 PM,1750683456404,Right,0.008467609,0.6758798,0.6159434,-0.03508076,0.327573,0.8768627,-0.0502757,0.6625937,0.5978007,-0.04090142,0.3333761,0.8860416,-0.07287395,0.9633811,1.00306,-0.03740705,0.1387918,1.122745,True,0,1,19
6/23/2025 2:57:36 PM,1750683456432,Right,0.01199874,0.6419212,0.6381262,-0.01573242,0.2796212,1.005517,-0.04748215,0.6346345,0.6260738,-0.03698415,0.2676269,0.9875582,-0.06862289,0.9581008,1.002986,-0.03457377,0.1425546,1.180863,True,0,1,19
6/23/2025 2:57:36 PM,1750683456445,Right,0.01363576,0.6273271,0.6497223,-0.01619831,0.2815665,1.026347,-0.04687507,0.620162,0.6376604,-0.03816426,0.2702954,1.010832,-0.06846023,0.9569362,1.003632,-0.03670641,0.1505095,1.211614,True,0,1,19
6/23/2025 2:57:36 PM,1750683456473,Right,0.01312274,0.602919,0.67136,-0.0194818,0.2851638,1.066496,-0.04771246,0.5994566,0.661994,-0.038691,0.2757234,1.053419,-0.07130808,0.9577436,1.005938,-0.03683855,0.1663722,1.264007,True,0,1,19
6/23/2025 2:57:36 PM,1750683456487,Right,0.01125442,0.5943836,0.6830029,-0.0210702,0.2907533,1.086673,-0.04650748,0.5916187,0.6746954,-0.04047877,0.2825926,1.075534,-0.0737614,0.9602757,1.007777,-0.04004586,0.1793695,1.291225,True,0,1,19
6/23/2025 2:57:36 PM,1750683456515,Right,0.006186413,0.5834413,0.7048908,-0.02802015,0.3020598,1.127025,-0.05235383,0.5800096,0.6967881,-0.0474777,0.2923101,1.115901,-0.08117884,0.9681278,1.011816,-0.04676791,0.2024286,1.335147,True,0,1,19
6/23/2025 2:57:36 PM,1750683456529,Right,0.002243767,0.5808724,0.7157493,-0.03297117,0.3097434,1.143698,-0.0580021,0.57688,0.7070754,-0.05349551,0.3012612,1.13355,-0.08651215,0.9733292,1.014084,-0.05259942,0.2172111,1.355696,True,0,1,19
6/23/2025 2:57:36 PM,1750683456543,Right,-0.001692904,0.578162,0.7259135,-0.03770145,0.3156798,1.158067,-0.06104478,0.5749699,0.7176027,-0.05671345,0.3087151,1.148951,-0.09248149,0.979672,1.0165,-0.05559247,0.2288316,1.373544,True,0,1,19
6/23/2025 2:57:36 PM,1750683456571,Right,-0.009065571,0.5789875,0.7430184,-0.05207019,0.3305788,1.18287,-0.06804805,0.5757018,0.7338812,-0.07088138,0.3267221,1.175495,-0.1056155,0.9946444,1.021635,-0.07344832,0.255824,1.403022,True,0,1,19
6/23/2025 2:57:36 PM,1750683456585,Right,-0.01343637,0.5803292,0.7511548,-0.05955266,0.3394688,1.194681,-0.07126691,0.5771169,0.7419471,-0.07647581,0.3364758,1.187965,-0.1133627,1.003365,1.024376,-0.07974354,0.2697627,1.4169,True,0,1,19
6/23/2025 2:57:36 PM,1750683456612,Right,-0.02122593,0.5879407,0.7638162,-0.07724902,0.3585629,1.212373,-0.07847322,0.5844457,0.7540352,-0.09522173,0.3561976,1.206338,-0.132901,1.021935,1.029486,-0.1040307,0.295886,1.436809,True,0,1,19
6/23/2025 2:57:36 PM,1750683456626,Right,-0.0257731,0.5925695,0.7701638,-0.08629209,0.3689187,1.220111,-0.08340126,0.5890446,0.7594281,-0.1035276,0.3680557,1.214329,-0.1440048,1.031636,1.031702,-0.1138165,0.31093,1.446325,True,0,1,19
6/23/2025 2:57:36 PM,1750683456654,Right,-0.03477584,0.6053088,0.7798051,-0.1076512,0.3916928,1.231657,-0.09414198,0.6006536,0.7663314,-0.1265242,0.38959,1.224095,-0.1693789,1.051628,1.035237,-0.1440106,0.3368618,1.457726,True,0,1,19
6/23/2025 2:57:36 PM,1750683456668,Right,-0.03942247,0.6120789,0.7841041,-0.1192639,0.4038503,1.237178,-0.09830807,0.6075001,0.7694918,-0.1363191,0.4021324,1.229287,-0.1840019,1.061748,1.036801,-0.1569543,0.3522338,1.463394,True,0,1,19
6/23/2025 2:57:36 PM,1750683456682,Right,-0.04318012,0.6198006,0.7871402,-0.1326151,0.4159508,1.242088,-0.1012651,0.614884,0.7712893,-0.1493111,0.4128038,1.233182,-0.1994144,1.071699,1.037781,-0.1757583,0.3654143,1.465779,True,0,1,19
6/23/2025 2:57:36 PM,1750683456710,Right,-0.04897993,0.6366286,0.7920746,-0.1605086,0.4408564,1.244055,-0.1079363,0.6298428,0.7731996,-0.1755101,0.4378383,1.2354,-0.2339402,1.091726,1.037883,-0.2135802,0.3946123,1.468617,True,0,1,19
6/23/2025 2:57:36 PM,1750683456723,Right,-0.05334742,0.6465577,0.7946429,-0.177533,0.4544882,1.246373,-0.1110276,0.638041,0.7737918,-0.1924867,0.4499025,1.236717,-0.2527235,1.10133,1.036174,-0.2385957,0.4092056,1.467666,True,0,1,19
6/23/2025 2:57:36 PM,1750683456751,Right,-0.07004499,0.6661519,0.7995823,-0.2125939,0.4820626,1.244901,-0.1168303,0.6552435,0.7744475,-0.223785,0.4776158,1.232269,-0.2926328,1.120113,1.030508,-0.2861819,0.439859,1.463671,True,0,1,19
6/23/2025 2:57:36 PM,1750683456765,Right,-0.07695187,0.6745133,0.8008153,-0.2332032,0.4976309,1.244194,-0.1195734,0.6650975,0.7752067,-0.2436038,0.4913248,1.229871,-0.3139756,1.129033,1.02648,-0.3166725,0.454999,1.458662,True,0,1,19
6/23/2025 2:57:36 PM,1750683456793,Right,-0.08976437,0.6972404,0.8040092,-0.2765892,0.5263613,1.23902,-0.1307069,0.681213,0.773369,-0.2848045,0.5152158,1.222783,-0.3588359,1.146497,1.015121,-0.3756268,0.482457,1.444644,True,0,1,19
6/23/2025 2:57:36 PM,1750683456807,Right,-0.0981564,0.7101225,0.8066047,-0.3012442,0.5406162,1.234529,-0.1370985,0.6945303,0.7746328,-0.3088282,0.5309746,1.218251,-0.3828123,1.154985,1.007294,-0.4101447,0.4987457,1.435855,True,0,1,19
6/23/2025 2:57:36 PM,1750683456835,Right,-0.1172472,0.7333498,0.8100471,-0.3523144,0.5675055,1.223004,-0.1534975,0.7123953,0.7747277,-0.3569003,0.5554265,1.20739,-0.4325415,1.171981,0.9894052,-0.4756681,0.5256288,1.416152,True,0,1,19
6/23/2025 2:57:36 PM,1750683456849,Right,-0.1292435,0.7461139,0.81225,-0.3805464,0.5808623,1.214757,-0.1636198,0.7231678,0.774686,-0.3857576,0.5689992,1.198111,-0.4580922,1.179925,0.978869,-0.5147724,0.5398445,1.40173,True,0,1,19
6/23/2025 2:57:36 PM,1750683456862,Right,-0.1431912,0.7591276,0.814048,-0.4087928,0.5939214,1.204877,-0.1740916,0.7353023,0.7756749,-0.4138864,0.582527,1.187663,-0.4839735,1.187446,0.9665835,-0.5536354,0.5526997,1.386169,True,0,1,19
6/23/2025 2:57:36 PM,1750683456890,Right,-0.1717945,0.7880451,0.8166519,-0.4675464,0.6188462,1.184463,-0.1998143,0.7602648,0.7761157,-0.4720209,0.6080147,1.168533,-0.5367606,1.200965,0.9375372,-0.6284934,0.5776342,1.35316,True,0,1,19
6/23/2025 2:57:36 PM,1750683456904,Right,-0.1909355,0.8020715,0.8175532,-0.5000086,0.6319517,1.172759,-0.2140014,0.7713934,0.7762063,-0.5035943,0.6193407,1.155124,-0.5629834,1.206661,0.9209938,-0.6702367,0.5876458,1.331352,True,0,1,19
6/23/2025 2:57:36 PM,1750683456932,Right,-0.2302275,0.8294232,0.8167543,-0.5681226,0.6582285,1.148188,-0.2458259,0.7906998,0.7759099,-0.5666053,0.638917,1.132481,-0.6149952,1.216482,0.8849726,-0.7483616,0.6051933,1.288887,True,0,1,19
6/23/2025 2:57:36 PM,1750683456945,Right,-0.2521556,0.8428537,0.8151879,-0.6102204,0.6763006,1.133984,-0.2629371,0.8024344,0.7755199,-0.6037768,0.6491733,1.118341,-0.6392176,1.219608,0.8645484,-0.7914722,0.6149468,1.260906,True,0,1,19
6/23/2025 2:57:36 PM,1750683456974,Right,-0.2982423,0.8672345,0.8096542,-0.6885467,0.7034592,1.103567,-0.3005453,0.8225558,0.7727081,-0.6754069,0.6661155,1.088949,-0.6858017,1.2251,0.8228787,-0.8708786,0.6302336,1.206104,True,0,1,19
6/23/2025 2:57:36 PM,1750683456987,Right,-0.3236656,0.8776176,0.8053564,-0.7318733,0.7122402,1.089163,-0.3214554,0.8327001,0.7701181,-0.717427,0.6736262,1.07265,-0.7070522,1.226783,0.8016467,-0.9127553,0.6378779,1.173242,True,0,1,19
6/23/2025 2:57:37 PM,1750683457002,Right,-0.3472523,0.8867491,0.8005423,-0.7727417,0.7171547,1.07654,-0.3414887,0.842191,0.7672147,-0.7573029,0.6773887,1.058894,-0.7270097,1.228361,0.7803173,-0.9483035,0.6422112,1.14389,True,0,1,19
6/23/2025 2:57:37 PM,1750683457029,Right,-0.3958551,0.9045238,0.7847372,-0.8587879,0.7176076,1.05309,-0.3833508,0.8620023,0.7616544,-0.8513395,0.684763,1.025399,-0.7638113,1.231552,0.7376921,-1.023643,0.6539409,1.07284,True,0,1,19
6/23/2025 2:57:37 PM,1750683457043,Right,-0.4205646,0.9116505,0.7758561,-0.9039224,0.7127634,1.042551,-0.4046069,0.8675016,0.7565389,-0.8996177,0.6814935,1.007965,-0.7801446,1.233622,0.7168965,-1.056827,0.6543043,1.038064,True,0,1,19
6/23/2025 2:57:37 PM,1750683457071,Right,-0.4654384,0.9213222,0.7582654,-0.9169903,0.7107269,1.039736,-0.4450839,0.8711539,0.741321,-0.951906,0.6968408,0.9442893,-0.8097762,1.23883,0.6786678,-1.121845,0.6627005,0.9618706,True,0,1,19
6/23/2025 2:57:37 PM,1750683457085,Right,-0.4875195,0.9246622,0.7487372,-0.9169903,0.7107269,1.039736,-0.4660115,0.8708335,0.7300266,-0.9693732,0.6987638,0.9110831,-0.8236641,1.242019,0.6612587,-1.149384,0.6586788,0.925201,True,0,1,19
6/23/2025 2:57:37 PM,1750683457112,Right,-0.5291081,0.9275035,0.7287123,-0.9169903,0.7107269,1.039736,-0.5086823,0.8802446,0.7163221,-1.009567,0.7168025,0.8472473,-0.8495772,1.248214,0.6304908,-1.207271,0.669273,0.8488546,True,0,1,19
6/23/2025 2:57:37 PM,1750683457126,Right,-0.5499607,0.9285412,0.7175789,-0.9169903,0.7107269,1.039736,-0.5299469,0.8817735,0.707221,-1.027963,0.7184275,0.8153477,-0.8614548,1.250979,0.6168829,-1.232271,0.6665756,0.8098428,True,0,1,19
6/23/2025 2:57:37 PM,1750683457154,Right,-0.5907012,0.9298162,0.6909118,-0.9169903,0.7107269,1.039736,-0.5689749,0.8809687,0.6871535,-1.067835,0.7281402,0.7514794,-0.8820326,1.253415,0.5931505,-1.280552,0.6761529,0.7296801,True,0,1,19
6/23/2025 2:57:37 PM,1750683457167,Right,-0.611195,0.9303754,0.6755348,-0.9169903,0.7107269,1.039736,-0.588883,0.8810056,0.6754794,-1.087544,0.7270625,0.7214972,-0.8912801,1.253963,0.581877,-1.30039,0.6722164,0.6917559,True,0,1,19
6/23/2025 2:57:37 PM,1750683457182,Right,-0.6301295,0.9309331,0.658681,-0.9169903,0.7107269,1.039736,-0.6075227,0.8812959,0.6632638,-1.109722,0.7299401,0.6913235,-0.8992195,1.25324,0.5716929,-1.319531,0.6738213,0.6533318,True,0,1,19
6/23/2025 2:57:37 PM,1750683457210,Right,-0.6633612,0.9324842,0.6249015,-0.9169903,0.7107269,1.039736,-0.6425124,0.8821599,0.6379094,-1.153807,0.7279065,0.6333159,-0.9122345,1.251278,0.5530851,-1.350459,0.6683019,0.5815473,True,0,1,19
6/23/2025 2:57:37 PM,1750683457224,Right,-0.6786701,0.9355744,0.6080753,-0.9169903,0.7107269,1.039736,-0.6584776,0.8853356,0.6257766,-1.176367,0.7285721,0.605162,-0.9174439,1.249884,0.5448275,-1.363212,0.667685,0.5478128,True,0,1,19
6/23/2025 2:57:37 PM,1750683457252,Right,-0.7044544,0.9393716,0.5772546,-0.9169903,0.7107269,1.039736,-0.6851433,0.8872013,0.6059068,-1.215103,0.7227399,0.5539819,-0.9260349,1.246885,0.5314898,-1.381207,0.6596273,0.488409,False,0,1,19
6/23/2025 2:57:37 PM,1750683457265,Right,-0.7145814,0.9415538,0.5643323,-0.9169903,0.7107269,1.039736,-0.6975911,0.8914503,0.5938855,-1.233045,0.7219611,0.5301836,-0.9302801,1.24553,0.5254182,-1.389061,0.6572957,0.4629624,False,0,1,19
6/23/2025 2:57:37 PM,1750683457293,Right,-0.7320595,0.9434513,0.5437574,-0.9169903,0.7107269,1.039736,-0.7173959,0.8955878,0.5752814,-1.259491,0.7148767,0.4898965,-0.9383825,1.244568,0.515135,-1.399204,0.6482301,0.4201964,False,0,1,19
6/23/2025 2:57:37 PM,1750683457306,Right,-0.7393182,0.945512,0.5368983,-0.9169903,0.7107269,1.039736,-0.7251879,0.8975662,0.56861,-1.269318,0.7125852,0.4746466,-0.9423386,1.244157,0.5108445,-1.403182,0.6459163,0.4039978,False,0,1,19
6/23/2025 2:57:37 PM,1750683457335,Right,-0.7503834,0.9459848,0.5261508,-1.217655,0.7589436,0.4624511,-0.7368367,0.8985339,0.5551547,-1.20698,0.7314059,0.4620744,-0.9488673,1.24356,0.5052017,-1.407383,0.63784,0.3748611,False,0,1,19
6/23/2025 2:57:37 PM,1750683457348,Right,-0.7542911,0.945127,0.5232904,-1.222169,0.7551271,0.4501392,-0.7400842,0.8973643,0.5519314,-1.211872,0.728659,0.4551588,-0.9512341,1.243232,0.5033938,-1.409283,0.6366979,0.366658,False,0,1,19
6/23/2025 2:57:37 PM,1750683457362,Right,-0.7564433,0.9437909,0.5218361,-1.223525,0.752623,0.4467776,-0.7421473,0.8959915,0.5498101,-1.213428,0.7269706,0.4513596,-0.9527166,1.243256,0.5024936,-1.410811,0.6360263,0.3616416,False,0,1,19
6/23/2025 2:57:37 PM,1750683457390,Right,-0.7581743,0.9407737,0.5202606,-1.224118,0.7469655,0.4450999,-0.7431771,0.8920706,0.5465102,-1.212779,0.7207183,0.4443702,-0.9544158,1.243419,0.5028439,-1.409307,0.6297566,0.3526985,False,0,1,19
6/23/2025 2:57:37 PM,1750683457404,Right,-0.7571917,0.9391138,0.5210203,-1.222549,0.7439371,0.4468367,-0.7415521,0.8901349,0.5459599,-1.211684,0.7189911,0.4467489,-0.9544605,1.243711,0.5047292,-1.409239,0.6290578,0.3558744,False,0,1,19
6/23/2025 2:57:37 PM,1750683457432,Right,-0.7520118,0.9361361,0.5237121,-1.217826,0.7371185,0.455934,-0.7353778,0.8854613,0.5478268,-1.206332,0.7123255,0.4509952,-0.9529217,1.244683,0.5125743,-1.403456,0.6230121,0.3610338,False,0,1,19
6/23/2025 2:57:37 PM,1750683457445,Right,-0.7473456,0.9351035,0.5268775,-1.210977,0.7381636,0.4577245,-0.7301387,0.883701,0.5510483,-1.199852,0.7112111,0.4604559,-0.9513947,1.245395,0.5179642,-1.400793,0.6224206,0.3720084,False,0,1,19
6/23/2025 2:57:37 PM,1750683457473,Right,-0.7365507,0.9342419,0.5363502,-1.198753,0.731818,0.4766037,-0.7166386,0.8816901,0.5562615,-1.186223,0.7053375,0.475179,-0.947304,1.248023,0.5321732,-1.38934,0.6172197,0.3900449,False,0,1,19
6/23/2025 2:57:37 PM,1750683457487,Right,-0.7288228,0.9355274,0.541832,-1.1895,0.7276525,0.4909527,-0.7073614,0.8826641,0.5582024,-1.177359,0.7026607,0.4895137,-0.9440613,1.249636,0.5411495,-1.383012,0.6154572,0.4092136,False,0,1,19
6/23/2025 2:57:37 PM,1750683457502,Right,-0.7206486,0.9367306,0.5469133,-1.180014,0.7235471,0.5050637,-0.6980107,0.8851083,0.5613938,-1.166932,0.7008138,0.4955904,-0.9400976,1.251223,0.5513215,-1.372514,0.6128407,0.4164255,False,0,1,19
6/23/2025 2:57:37 PM,1750683457529,Right,-0.6962912,0.940088,0.5579399,-1.152293,0.7123121,0.5434793,-0.6722192,0.891378,0.5643501,-1.14099,0.6933519,0.5330508,-0.9285417,1.254718,0.5749962,-1.350272,0.6063176,0.4690316,False,0,1,19
6/23/2025 2:57:37 PM,1750683457543,Right,-0.6827236,0.9417404,0.5641417,-1.135992,0.7077808,0.5614243,-0.6578917,0.8963757,0.5663493,-1.124822,0.6928276,0.5408574,-0.9211489,1.256582,0.5889075,-1.334293,0.6047577,0.4795125,False,0,1,19
6/23/2025 2:57:37 PM,1750683457571,Right,-0.6502864,0.9478308,0.5756634,-1.091755,0.6938268,0.6042007,-0.6231756,0.9007627,0.5687873,-1.083081,0.6810346,0.5849554,-0.9024659,1.259886,0.6200573,-1.297135,0.5921326,0.5437496,False,0,1,19
6/23/2025 2:57:37 PM,1750683457584,Right,-0.6327922,0.9511597,0.5812463,-1.071702,0.6847237,0.6268751,-0.6049465,0.9042849,0.5697865,-1.066446,0.6768381,0.5946922,-0.8907651,1.261521,0.6373219,-1.276128,0.5889013,0.557569,False,0,1,19
6/23/2025 2:57:37 PM,1750683457612,Right,-0.5906011,0.9586411,0.5901389,-1.03568,0.6644141,0.6730623,-0.5642741,0.9134874,0.5705448,-1.032097,0.6549932,0.6402029,-0.8628203,1.264167,0.673596,-1.223779,0.5783151,0.6235824,False,0,1,19
6/23/2025 2:57:37 PM,1750683457626,Right,-0.5557446,0.9649836,0.5978876,-1.011738,0.6471438,0.7088228,-0.5435751,0.919781,0.5696785,-1.02059,0.6467119,0.6508949,-0.8453341,1.265098,0.6915723,-1.198088,0.5774481,0.6369162,False,0,1,19
6/23/2025 2:57:37 PM,1750683457641,Right,-0.5417102,0.9678928,0.6004332,-1.003379,0.6401654,0.7225536,-0.5222997,0.9277462,0.5671582,-1.00536,0.6304208,0.6775334,-0.8282992,1.266113,0.7093651,-1.164395,0.5715804,0.6718484,False,0,1,19
6/23/2025 2:57:37 PM,1750683457669,Right,-0.4919801,0.9791203,0.6017244,-0.979085,0.6860369,0.6705585,-0.4779919,0.9439819,0.557483,-0.9320944,0.6297754,0.7051156,-0.7670901,1.266635,0.761537,-1.094854,0.5651612,0.7189631,False,0,1,19
6/23/2025 2:57:37 PM,1750683457683,Right,-0.4675623,0.9857241,0.5990828,-0.8314306,0.6670063,0.7459344,-0.4568978,0.9537713,0.5517417,-0.8423069,0.6628783,0.7041343,-0.7648929,1.266036,0.7605555,-1.052202,0.5583932,0.7502076,False,0,1,19
6/23/2025 2:57:37 PM,1750683457710,Right,-0.4215474,1.00101,0.5912256,-0.7551699,0.6600134,0.7660885,-0.4183775,0.9726993,0.5404423,-0.7766819,0.6618871,0.7221186,-0.7177038,1.264486,0.7903368,-0.9758087,0.5511587,0.7887849,False,0,1,19
6/23/2025 2:57:37 PM,1750683457724,Right,-0.3988905,1.009038,0.5860554,-0.7230856,0.6633303,0.7696391,-0.3989942,0.9829174,0.5344465,-0.7367749,0.6601383,0.7340577,-0.693817,1.263215,0.8044049,-0.9279571,0.5444673,0.8138387,False,0,1,19
6/23/2025 2:57:37 PM,1750683457751,Right,-0.3559214,1.024483,0.5745356,-0.6498712,0.6651978,0.7813792,-0.3644864,1.003058,0.5214835,-0.6690682,0.6635234,0.7451673,-0.6463966,1.26016,0.8312989,-0.8466284,0.540105,0.8429086,False,0,1,19
6/23/2025 2:57:37 PM,1750683457765,Right,-0.3335269,1.031163,0.5660807,-0.6130448,0.6663309,0.7846885,-0.3478653,1.011567,0.5144513,-0.6294445,0.6619776,0.7538273,-0.6223527,1.258054,0.844512,-0.7965949,0.5341566,0.8620447,False,0,1,19
6/23/2025 2:57:37 PM,1750683457779,Right,-0.3146694,1.038145,0.5596068,-0.5782685,0.6681396,0.7876367,-0.3321802,1.019958,0.5084072,-0.5917485,0.6623201,0.7592752,-0.5987225,1.255784,0.8576231,-0.7491571,0.5302089,0.877699,False,0,1,19
6/23/2025 2:57:37 PM,1750683457807,Right,-0.2792507,1.050004,0.5479411,-0.5089153,0.6675237,0.7909514,-0.3033123,1.037143,0.5016276,-0.5318308,0.6677561,0.7648162,-0.5534208,1.249094,0.8850043,-0.6728067,0.5306005,0.897846,False,0,1,19
6/23/2025 2:57:37 PM,1750683457820,Right,-0.262041,1.054562,0.542851,-0.4757171,0.6681044,0.7928352,-0.2902026,1.043382,0.4992636,-0.4961601,0.6659572,0.7685396,-0.5315537,1.244502,0.8993096,-0.6259257,0.5240594,0.9087681,False,0,1,19
6/23/2025 2:57:37 PM,1750683457849,Right,-0.2294531,1.061319,0.5367203,-0.4149284,0.6644509,0.7962279,-0.2649075,1.04813,0.4939597,-0.4371973,0.6583321,0.7722452,-0.4890022,1.231913,0.9272904,-0.5486999,0.5116873,0.9203291,False,0,1,19
6/23/2025 2:57:37 PM,1750683457862,Right,-0.2142977,1.060965,0.5354115,-0.3837289,0.6580368,0.7971124,-0.2533836,1.047028,0.4919904,-0.4049332,0.6513035,0.7744789,-0.4682295,1.223973,0.9407647,-0.5054135,0.5017524,0.9270254,False,0,1,19
6/23/2025 2:57:37 PM,1750683457890,Right,-0.1872477,1.054825,0.5351335,-0.3276593,0.6426116,0.7994124,-0.2307676,1.042486,0.4937871,-0.3511915,0.6372941,0.7777762,-0.4263206,1.205476,0.9672384,-0.4347118,0.4825053,0.9352941,False,0,1,19
6/23/2025 2:57:37 PM,1750683457904,Right,-0.1731949,1.048329,0.5376394,-0.2998907,0.6316881,0.800959,-0.2195938,1.037168,0.4984306,-0.3222339,0.6270835,0.7815734,-0.4052951,1.194725,0.9802439,-0.3959891,0.4689888,0.9413273,False,0,1,19
6/23/2025 2:57:37 PM,1750683457918,Right,-0.1602261,1.041512,0.5401841,-0.2741788,0.6206489,0.8041718,-0.2084733,1.030959,0.5030928,-0.2990161,0.6162456,0.7849531,-0.3844695,1.183149,0.993279,-0.3658298,0.4564465,0.9449918,False,0,1,19
6/23/2025 2:57:37 PM,1750683457945,Right,-0.1358714,1.019881,0.5504703,-0.2281273,0.5926337,0.8128111,-0.1873685,1.010215,0.5174384,-0.2497646,0.5878833,0.7959368,-0.3435117,1.157276,1.018867,-0.300627,0.4239072,0.9573427,False,0,1,19
6/23/2025 2:57:37 PM,1750683457959,Right,-0.1236607,1.006923,0.5550834,-0.2061858,0.57992,0.8194504,-0.1768594,0.9971777,0.5235287,-0.2284353,0.5733169,0.8003646,-0.3236252,1.142951,1.03056,-0.2729189,0.4073737,0.9628508,False,0,1,19
6/23/2025 2:57:37 PM,1750683457987,Right,-0.1011076,0.9729443,0.5672131,-0.1662405,0.5497072,0.8414764,-0.1555343,0.9641559,0.5385829,-0.1891328,0.5408852,0.8182612,-0.2841928,1.113349,1.049651,-0.221841,0.3749027,0.9840986,False,0,1,19
6/23/2025 2:57:38 PM,1750683458000,Right,-0.08964477,0.9542114,0.5729706,-0.1472487,0.5265945,0.8485675,-0.1454058,0.945575,0.546649,-0.1699709,0.518865,0.8280746,-0.2651476,1.098729,1.056302,-0.1968709,0.3552685,0.9927317,False,0,1,19
6/23/2025 2:57:38 PM,1750683458028,Right,-0.0689688,0.9137838,0.5890009,-0.1125035,0.489355,0.8677413,-0.1258009,0.9057582,0.5658417,-0.1336096,0.483915,0.8515148,-0.2291317,1.071481,1.067476,-0.1506165,0.3202782,1.020482,False,0,1,19
6/23/2025 2:57:38 PM,1750683458043,Right,-0.0592543,0.8912462,0.5967902,-0.09707533,0.4661648,0.8771845,-0.1170049,0.8836053,0.5752019,-0.1156364,0.4615958,0.8624148,-0.2126989,1.058057,1.072874,-0.1271924,0.2991068,1.031664,False,0,1,19
6/23/2025 2:57:38 PM,1750683458070,Right,-0.04300043,0.8471004,0.6141778,-0.07352131,0.4185047,0.8940306,-0.1046603,0.8376985,0.5922782,-0.08524324,0.4192623,0.8888594,-0.1836348,1.032409,1.082525,-0.08613739,0.2624972,1.060146,False,0,1,19
6/23/2025 2:57:38 PM,1750683458084,Right,-0.03549324,0.8235223,0.622941,-0.06417498,0.3917558,0.9021166,-0.09705916,0.8147472,0.6039097,-0.06964052,0.399707,0.9071693,-0.1707408,1.020432,1.086004,-0.06543442,0.2469006,1.079988,False,0,1,19
6/23/2025 2:57:38 PM,1750683458098,Right,-0.02571202,0.8019571,0.631049,-0.08590259,0.4563664,0.8969468,-0.08859609,0.7934318,0.6155273,-0.06108292,0.4424714,0.8806241,-0.1584148,1.009444,1.088778,-0.04865534,0.2336885,1.100494,False,0,1,19
6/23/2025 2:57:38 PM,1750683458125,Right,-0.01138033,0.7572877,0.6492169,-0.007564662,0.3573031,0.9765679,-0.07426062,0.7515129,0.637302,-0.03283779,0.351326,0.9592987,-0.1372523,0.9920708,1.09079,-0.01823426,0.2078875,1.138733,False,0,1,19
6/23/2025 2:57:38 PM,1750683458140,Right,-0.004676639,0.736534,0.6584442,-0.002018085,0.3499854,0.9907677,-0.06752823,0.7301735,0.6469606,-0.02419058,0.3423564,0.9741304,-0.1278222,0.9841854,1.091714,-0.006925493,0.1986623,1.160695,False,0,1,19
6/23/2025 2:57:38 PM,1750683458168,Right,0.00614183,0.6991434,0.6761162,0.01065698,0.3282471,1.024112,-0.05498138,0.6915056,0.665402,-0.008845333,0.3185747,1.007921,-0.1135737,0.9734556,1.093933,0.01151445,0.1825197,1.200763,False,0,1,19
6/23/2025 2:57:38 PM,1750683458182,Right,0.01124504,0.6827608,0.685415,0.01491543,0.3206609,1.041269,-0.05028096,0.6782071,0.6780362,-0.005361695,0.3130008,1.027734,-0.1076944,0.9696853,1.095664,0.01518378,0.1803983,1.223931,False,0,1,19
6/23/2025 2:57:38 PM,1750683458209,Right,0.01850039,0.6542169,0.7032064,0.0204676,0.3083948,1.074299,-0.04370195,0.6498513,0.6965743,0.000843782,0.2997671,1.060893,-0.09961569,0.965951,1.099256,0.02227677,0.1752072,1.262666,False,0,1,19
6/23/2025 2:57:38 PM,1750683458224,Right,0.02118413,0.6426175,0.7120998,0.02093738,0.3052318,1.091526,-0.04121821,0.6380922,0.7054917,0.001270659,0.2965371,1.078685,-0.09698236,0.9650819,1.100108,0.02186962,0.1771767,1.283139,False,0,1,19
6/23/2025 2:57:38 PM,1750683458251,Right,0.02207099,0.6233677,0.7280729,0.02070768,0.3005456,1.118835,-0.0383407,0.6201945,0.7224514,0.001143914,0.2947771,1.109038,-0.09356117,0.9660664,1.100505,0.02105141,0.1834089,1.318934,False,0,1,19
6/23/2025 2:57:38 PM,1750683458265,Right,0.02462788,0.6156953,0.7349144,0.01893141,0.3012856,1.132661,-0.03803077,0.6149663,0.7306002,-0.001641266,0.2975136,1.124254,-0.09393954,0.968133,1.100451,0.01718902,0.1906177,1.336388,False,0,1,19
6/23/2025 2:57:38 PM,1750683458278,Right,0.02464369,0.6105169,0.7411719,0.01578774,0.3041407,1.143704,-0.03852814,0.6087762,0.7365631,-0.005235028,0.3009445,1.136762,-0.09489924,0.9715619,1.100731,0.01240516,0.1982624,1.35218,False,0,1,19
6/23/2025 2:57:38 PM,1750683458306,Right,0.02239919,0.6037092,0.7536064,0.00830074,0.3122074,1.164749,-0.03933232,0.6002637,0.7470402,-0.0114094,0.3090564,1.157731,-0.1004404,0.9809794,1.103121,0.003807105,0.2137107,1.378559,False,0,1,19
6/23/2025 2:57:38 PM,1750683458321,Right,0.02208,0.6036491,0.7590025,0.003279453,0.3180028,1.175062,-0.04083617,0.5997199,0.7528064,-0.01727386,0.3150334,1.169258,-0.1044185,0.9866215,1.10486,-0.004595339,0.2238606,1.391177,False,0,1,19
6/23/2025 2:57:38 PM,1750683458336,Right,0.02084052,0.6031978,0.7646447,-0.00227861,0.323994,1.185007,-0.04016049,0.600305,0.7587886,-0.02014959,0.3218055,1.17976,-0.1092756,0.9927223,1.106601,-0.009142317,0.2340438,1.402986,False,0,1,19
6/23/2025 2:57:38 PM,1750683458362,Right,0.01548551,0.6062998,0.7750909,-0.01690727,0.3377609,1.201233,-0.04754622,0.602027,0.7661175,-0.03754131,0.3347122,1.194169,-0.1206563,1.005507,1.109468,-0.03250868,0.2525462,1.420134,False,0,1,19
6/23/2025 2:57:38 PM,1750683458389,Right,0.01036469,0.6112608,0.783278,-0.03236281,0.350708,1.213649,-0.05118369,0.6057723,0.772858,-0.05264568,0.3487146,1.207423,-0.1334879,1.01964,1.108478,-0.05378539,0.2720553,1.435222,False,0,1,19
6/23/2025 2:57:38 PM,1750683458403,Right,0.00875265,0.6155218,0.787492,-0.04100637,0.3576269,1.217931,-0.0535733,0.6116357,0.7772416,-0.06214916,0.3575286,1.212715,-0.140579,1.027235,1.107327,-0.06687947,0.2819238,1.44148,False,0,1,19
6/23/2025 2:57:38 PM,1750683458432,Right,0.0008786283,0.6236381,0.7943156,-0.06013544,0.373801,1.230325,-0.05878104,0.6203744,0.7823474,-0.08059156,0.3731412,1.223466,-0.1559632,1.043298,1.103947,-0.0916363,0.3025425,1.451678,False,0,1,19
6/23/2025 2:57:38 PM,1750683458446,Right,-0.004140565,0.6282496,0.7966589,-0.07101721,0.3827566,1.2365,-0.06208764,0.6249326,0.7839497,-0.09184112,0.3806978,1.228427,-0.163537,1.051165,1.102444,-0.1068324,0.3130221,1.455374,False,0,1,19
6/23/2025 2:57:38 PM,1750683458474,Right,-0.01204219,0.6381571,0.8001351,-0.09196255,0.4004776,1.245525,-0.06877697,0.6342193,0.7854788,-0.1133948,0.3971043,1.23594,-0.177935,1.065721,1.099077,-0.1359609,0.3351397,1.460859,False,0,1,19
6/23/2025 2:57:38 PM,1750683458487,Right,-0.01263879,0.6442229,0.8014168,-0.102526,0.4094725,1.249914,-0.071573,0.6400191,0.7853155,-0.1251398,0.4046798,1.23911,-0.1847056,1.071661,1.097432,-0.1522041,0.3456402,1.461289,False,0,1,19
6/23/2025 2:57:38 PM,1750683458501,Right,-0.01535315,0.6507726,0.8021818,-0.1132007,0.4186171,1.25397,-0.07551423,0.6459155,0.784559,-0.1365555,0.4127434,1.242044,-0.1912935,1.076337,1.095376,-0.166997,0.3568461,1.461442,False,0,1,19
6/23/2025 2:57:38 PM,1750683458529,Right,-0.02681823,0.6672871,0.8003083,-0.1337492,0.4349888,1.233222,-0.08052257,0.6614716,0.7784685,-0.1561582,0.4360459,1.221614,-0.202282,1.083836,1.089419,-0.1973297,0.3744377,1.452314,False,0,1,19
6/23/2025 2:57:38 PM,1750683458543,Right,-0.03128831,0.678135,0.7980385,-0.1471432,0.4462406,1.22852,-0.08266312,0.6712345,0.7748944,-0.1656352,0.4467589,1.216809,-0.2062771,1.086232,1.085529,-0.210788,0.3854038,1.447193,False,0,1,19
6/23/2025 2:57:38 PM,1750683458571,Right,-0.03441589,0.7042778,0.7887784,-0.1557781,0.4609392,1.210882,-0.08737871,0.6943274,0.7640557,-0.1823276,0.4655554,1.201769,-0.2126312,1.088725,1.076929,-0.2332704,0.402232,1.430011,False,0,1,19
6/23/2025 2:57:38 PM,1750683458585,Right,-0.03268704,0.7175113,0.7821819,-0.1605355,0.4695159,1.200251,-0.08899355,0.7088314,0.7565256,-0.1868289,0.4735525,1.189753,-0.2150996,1.088315,1.074289,-0.2393973,0.4065946,1.416928,False,0,1,19
6/23/2025 2:57:38 PM,1750683458612,Right,-0.03329355,0.7444225,0.7607623,-0.1641817,0.4847602,1.17379,-0.08988418,0.7381147,0.7381951,-0.1905566,0.4848415,1.163418,-0.2185655,1.085962,1.070952,-0.2435102,0.4102917,1.385521,False,0,1,19
6/23/2025 2:57:38 PM,1750683458626,Right,-0.03657072,0.7584515,0.7499186,-0.165054,0.4913921,1.158651,-0.09022689,0.7528027,0.7281755,-0.1932466,0.4944475,1.149502,-0.2195796,1.083823,1.069578,-0.2472866,0.4170692,1.370605,False,0,1,19
6/23/2025 2:57:38 PM,1750683458654,Right,-0.03840244,0.7859493,0.7265649,-0.1630783,0.5037959,1.12572,-0.09031108,0.7812046,0.7052662,-0.1902582,0.5039498,1.114683,-0.2189943,1.075202,1.065667,-0.2420283,0.4162505,1.332873,False,0,1,19
6/23/2025 2:57:38 PM,1750683458668,Right,-0.03759177,0.7995833,0.7146422,-0.1616915,0.5106542,1.108939,-0.09011438,0.795739,0.6936442,-0.1906617,0.5121076,1.098364,-0.2179377,1.069609,1.063756,-0.2425825,0.4208878,1.315207,False,0,1,19
6/23/2025 2:57:38 PM,1750683458682,Right,-0.03571331,0.8122375,0.7024654,-0.1588125,0.5168706,1.091198,-0.08983961,0.809249,0.6815751,-0.1871942,0.5160616,1.079193,-0.2166355,1.063875,1.062242,-0.2376624,0.4189783,1.294712,False,0,1,19
6/23/2025 2:57:38 PM,1750683458710,Right,-0.03134139,0.8365456,0.6792632,-0.1517839,0.5266289,1.0552,-0.08810914,0.8365673,0.6594126,-0.1808287,0.5264044,1.042986,-0.2116034,1.050075,1.061643,-0.2295759,0.418544,1.25552,False,0,1,19
6/23/2025 2:57:38 PM,1750683458724,Right,-0.02977037,0.8485633,0.6679685,-0.1469586,0.5302306,1.036724,-0.08683158,0.8479382,0.6470835,-0.1755891,0.5288525,1.023116,-0.2075303,1.04235,1.061688,-0.2226906,0.4152214,1.233938,False,0,1,19
6/23/2025 2:57:38 PM,1750683458752,Right,-0.02912438,0.8699082,0.6468359,-0.1377679,0.5352885,1.00118,-0.08394504,0.8725079,0.6292058,-0.1667186,0.5349016,0.9877458,-0.1982853,1.025338,1.062668,-0.2117219,0.4090254,1.193969,False,0,1,19
6/23/2025 2:57:38 PM,1750683458765,Right,-0.0279198,0.8795164,0.6373184,-0.133443,0.5367795,0.9841428,-0.08265805,0.8831556,0.6204742,-0.161726,0.5349545,0.9689364,-0.1929893,1.016541,1.063286,-0.2047152,0.4024478,1.171947,False,0,1,19
6/23/2025 2:57:38 PM,1750683458793,Right,-0.02335353,0.8967915,0.6214446,-0.1237154,0.5368205,0.9511815,-0.08152668,0.9011081,0.6045039,-0.1533624,0.5356059,0.9356256,-0.1805987,0.9991029,1.064682,-0.1915791,0.3922753,1.132782,False,0,1,19
6/23/2025 2:57:38 PM,1750683458807,Right,-0.02090122,0.9042257,0.61612,-0.1182768,0.5344267,0.935853,-0.08056377,0.9083127,0.5991909,-0.1471065,0.5325395,0.9198525,-0.1734786,0.9902971,1.065861,-0.1818223,0.3831132,1.113012,False,0,1,19
6/23/2025 2:57:38 PM,1750683458835,Right,-0.01693945,0.9149993,0.6081191,-0.1074396,0.5265862,0.9083499,-0.0768397,0.9190381,0.5923617,-0.135593,0.5243775,0.8922887,-0.1591669,0.9718136,1.069783,-0.165392,0.3643399,1.076684,False,0,1,19
6/23/2025 2:57:38 PM,1750683458849,Right,-0.01530959,0.9167729,0.6062015,-0.1017813,0.5211653,0.8973297,-0.07526882,0.9201502,0.5896833,-0.1292914,0.5175086,0.8789821,-0.1517922,0.9621841,1.072183,-0.1562059,0.3519647,1.059486,False,0,1,19
6/23/2025 2:57:38 PM,1750683458863,Right,-0.01305078,0.916924,0.6053073,-0.09605093,0.5133031,0.885888,-0.07294933,0.9209611,0.5894991,-0.1234519,0.5104465,0.8677919,-0.1443896,0.9528975,1.07473,-0.1482534,0.3396769,1.043964,False,0,1,19
6/23/2025 2:57:38 PM,1750683458891,Right,-0.009274888,0.9134694,0.6062819,-0.08326867,0.4968956,0.8698007,-0.06962126,0.9181743,0.5909434,-0.1128039,0.493449,0.8482226,-0.1294351,0.9342585,1.079819,-0.1332893,0.3134933,1.015687,False,0,1,19
6/23/2025 2:57:38 PM,1750683458904,Right,-0.005676588,0.9078838,0.6085157,-0.0766682,0.4872347,0.8641861,-0.06590008,0.9135017,0.5933452,-0.1059652,0.4835731,0.8402029,-0.1219972,0.9247271,1.08294,-0.1245326,0.2986736,1.004014,False,0,1,19
6/23/2025 2:57:38 PM,1750683458932,Right,0.00265445,0.8924055,0.6140573,-0.06452334,0.4612812,0.8535269,-0.05781527,0.8985447,0.5989419,-0.09358364,0.4583738,0.8284965,-0.1067859,0.905019,1.089541,-0.1093777,0.2671123,0.984603,False,0,1,19
6/23/2025 2:57:38 PM,1750683458946,Right,0.007648893,0.8810394,0.6175845,-0.05884231,0.4452436,0.8505574,-0.05284237,0.8870921,0.6028106,-0.08735695,0.4425386,0.8258801,-0.09877014,0.8955913,1.09226,-0.1024862,0.24959,0.9786119,False,0,1,19
6/23/2025 2:57:38 PM,1750683458974,Right,0.01928075,0.8545835,0.6247697,-0.04801127,0.4130108,0.8489795,-0.03807244,0.8624641,0.612507,-0.074394,0.4114483,0.8246568,-0.0840857,0.8783925,1.096754,-0.08992455,0.2157549,0.9719213,False,0,1,19
6/23/2025 2:57:38 PM,1750683458987,Right,0.02618499,0.8376155,0.6295929,-0.04386295,0.393033,0.851059,-0.03003113,0.8462493,0.6183488,-0.06922615,0.3927746,0.8289,-0.07763731,0.8716046,1.098901,-0.08555585,0.1979903,0.9744071,False,0,1,19
6/23/2025 2:57:39 PM,1750683459001,Right,0.03249216,0.8202319,0.6344833,-0.04064628,0.3701304,0.8503295,-0.02461648,0.8287286,0.6229651,-0.06417162,0.3710803,0.8311365,-0.07093328,0.8644168,1.101213,-0.08007942,0.1777055,0.9739536,False,0,1,19
6/23/2025 2:57:39 PM,1750683459028,Right,0.04640164,0.7802861,0.6471858,-0.03397828,0.3273198,0.863064,-0.00958024,0.7884802,0.635647,-0.05385675,0.3306714,0.8515398,-0.05871737,0.8512772,1.104245,-0.07163896,0.1428253,0.9953392,False,0,1,19
6/23/2025 2:57:39 PM,1750683459043,Right,0.0519097,0.758924,0.6543629,-0.02873215,0.3069072,0.8729036,-0.003115624,0.7662608,0.6418852,-0.04791558,0.3084309,0.8584906,-0.05295992,0.84508,1.105009,-0.06606536,0.12113,1.002362,True,0,1,20
6/23/2025 2:57:39 PM,1750683459070,Right,0.0642642,0.7118239,0.6704546,-0.0182432,0.2691486,0.9080482,0.007658675,0.7176247,0.6557572,-0.03825169,0.2696858,0.8932638,-0.0425359,0.8343155,1.106154,-0.05839227,0.0898698,1.045194,True,0,1,20
6/23/2025 2:57:39 PM,1750683459084,Right,0.0697519,0.6878173,0.6786745,-0.01325268,0.2512758,0.9264214,0.01232316,0.6927863,0.6626035,-0.03344914,0.2483354,0.9058819,-0.03801924,0.829994,1.106203,-0.05396494,0.07028294,1.060342,True,0,1,20
6/23/2025 2:57:39 PM,1750683459112,Right,0.07551578,0.6379995,0.6946089,-0.005946398,0.2211287,0.9728494,0.01574869,0.6390919,0.6758163,-0.02782816,0.2178182,0.9558953,-0.03224486,0.8231726,1.10752,-0.04832289,0.05284977,1.125611,True,0,1,20
6/23/2025 2:57:39 PM,1750683459126,Right,0.07825156,0.6121987,0.7031292,-0.002387937,0.2068473,0.9979703,0.01685155,0.6119953,0.6834695,-0.02532804,0.1980262,0.9742587,-0.03050739,0.8208715,1.108367,-0.04521858,0.03733087,1.148236,True,0,1,20
6/23/2025 2:57:39 PM,1750683459153,Right,0.08316434,0.5664384,0.7219275,0.003642726,0.1946079,1.055596,0.01736335,0.565666,0.7037911,-0.02078906,0.1862394,1.036154,-0.02747405,0.8170228,1.110164,-0.03837229,0.04355121,1.227613,True,0,1,20
6/23/2025 2:57:39 PM,1750683459167,Right,0.08452483,0.5450702,0.7318875,0.004828968,0.1892242,1.082951,0.01766674,0.5431982,0.7149796,-0.01956946,0.1738308,1.058997,-0.02664006,0.8168296,1.11118,-0.03670685,0.03722823,1.254552,True,0,1,20
6/23/2025 2:57:39 PM,1750683459181,Right,0.0833407,0.5234777,0.7431216,0.00657048,0.1902095,1.11319,0.02410202,0.5273317,0.7300612,-0.01558022,0.1768148,1.089879,-0.02662718,0.8168366,1.112533,-0.03447141,0.04840279,1.293352,True,0,1,20
6/23/2025 2:57:39 PM,1750683459209,Right,0.07959704,0.4884574,0.7635071,0.003763267,0.1896524,1.160863,0.020093,0.4914468,0.7518731,-0.01834054,0.1742743,1.140267,-0.02612382,0.8183885,1.115822,-0.03689784,0.06350148,1.354961,True,0,1,20
6/23/2025 2:57:39 PM,1750683459224,Right,0.07702917,0.4728534,0.7747136,0.002237343,0.1913124,1.183719,0.01836056,0.4763637,0.7634163,-0.02013623,0.1805201,1.167308,-0.02569026,0.8194318,1.117419,-0.03865469,0.08072054,1.388169,True,0,1,20
6/23/2025 2:57:39 PM,1750683459251,Right,0.07431554,0.4491277,0.7984623,-0.002842159,0.199295,1.227606,0.01199669,0.4525263,0.7869515,-0.02616539,0.1899333,1.213667,-0.02523673,0.8238474,1.119659,-0.0437784,0.1083798,1.441591,True,0,1,20
6/23/2025 2:57:39 PM,1750683459265,Right,0.07103404,0.4411045,0.8111482,-0.00588086,0.206892,1.248334,0.009258136,0.4457386,0.7996956,-0.02917044,0.2011051,1.236229,-0.02541965,0.8271636,1.120282,-0.04631374,0.1286037,1.467855,True,0,1,20
6/23/2025 2:57:39 PM,1750683459293,Right,0.06497794,0.4307216,0.8343784,-0.01300214,0.2250682,1.284917,0.002562456,0.435488,0.8234496,-0.03664144,0.2200569,1.274467,-0.02821308,0.8364364,1.122332,-0.05327888,0.1625279,1.510818,True,0,1,20
6/23/2025 2:57:39 PM,1750683459307,Right,0.06024987,0.4281827,0.8449777,-0.01762185,0.2356694,1.300982,-0.00183484,0.433841,0.8344091,-0.0415702,0.2328812,1.29169,-0.0307492,0.8422546,1.123925,-0.05798023,0.1826887,1.530017,True,0,1,20
6/23/2025 2:57:39 PM,1750683459335,Right,0.05004214,0.4266684,0.8642668,-0.02838005,0.2586154,1.330796,-0.01067536,0.4323615,0.853596,-0.05167202,0.2564842,1.322021,-0.03871697,0.8567202,1.128656,-0.06820771,0.219763,1.561828,True,0,1,20
6/23/2025 2:57:39 PM,1750683459348,Right,0.04477328,0.4293269,0.8738667,-0.03486791,0.2713673,1.342674,-0.01546676,0.4337177,0.8622041,-0.0577681,0.2699906,1.333909,-0.04393238,0.8653737,1.131889,-0.07532673,0.2390318,1.575376,True,0,1,20
6/23/2025 2:57:39 PM,1750683459363,Right,0.03934482,0.4324837,0.8826678,-0.04165951,0.2841058,1.354466,-0.02032134,0.4366762,0.8704787,-0.06425598,0.2826545,1.345374,-0.05061078,0.8750478,1.135742,-0.08317053,0.2567263,1.587255,True,0,1,20
6/23/2025 2:57:39 PM,1750683459391,Right,0.03058133,0.4423445,0.8991357,-0.0559423,0.3087915,1.374039,-0.02922128,0.4438649,0.8851917,-0.0774551,0.3076591,1.364766,-0.06534773,0.8961457,1.143366,-0.09906248,0.2906708,1.607517,True,0,1,20
6/23/2025 2:57:39 PM,1750683459404,Right,0.02570105,0.4486556,0.9061794,-0.06383634,0.3213373,1.382702,-0.03314495,0.4496085,0.8919012,-0.0851874,0.3194635,1.373198,-0.07429838,0.9077582,1.14636,-0.1088369,0.3057132,1.615548,True,0,1,20
6/23/2025 2:57:39 PM,1750683459433,Right,0.01945386,0.463075,0.9187405,-0.07983077,0.3459952,1.395916,-0.03923786,0.4626721,0.9038994,-0.1012169,0.3432362,1.386768,-0.09448749,0.9323611,1.150834,-0.1296785,0.3348482,1.62887,True,0,1,20
6/23/2025 2:57:39 PM,1750683459446,Right,0.01704118,0.4718892,0.9240817,-0.08923263,0.3587627,1.401044,-0.04180317,0.4708559,0.9085766,-0.1109195,0.3549716,1.391662,-0.1058494,0.9455177,1.152408,-0.1428906,0.3484699,1.633079,True,0,1,20
6/23/2025 2:57:39 PM,1750683459474,Right,0.009953414,0.4899878,0.9339419,-0.1092178,0.3844973,1.409021,-0.04599865,0.4881046,0.9165427,-0.128966,0.3808904,1.398897,-0.1315445,0.974686,1.154403,-0.1684541,0.3785636,1.639803,True,0,1,20
6/23/2025 2:57:39 PM,1750683459488,Right,0.006523983,0.5007617,0.9381729,-0.1206481,0.3982587,1.411679,-0.04629503,0.4982445,0.9200947,-0.1393572,0.3940573,1.401113,-0.1455572,0.9905605,1.155443,-0.1842572,0.3932061,1.641228,True,0,1,20
6/23/2025 2:57:39 PM,1750683459502,Right,0.002949305,0.5117437,0.9421147,-0.1324597,0.4118258,1.414056,-0.04895155,0.5080791,0.9231569,-0.1494789,0.4084002,1.40378,-0.1600208,1.006678,1.156354,-0.1983127,0.4098475,1.642978,True,0,1,20
6/23/2025 2:57:39 PM,1750683459529,Right,-0.003125701,0.5367055,0.9490489,-0.1586953,0.4397304,1.415536,-0.05794412,0.5306242,0.9275911,-0.1779016,0.4340742,1.404546,-0.1917524,1.040119,1.157242,-0.2377527,0.4371333,1.641053,True,0,1,20
6/23/2025 2:57:39 PM,1750683459543,Right,-0.007252706,0.5501468,0.9523396,-0.1731611,0.4544717,1.415717,-0.06222841,0.5420674,0.929407,-0.1910344,0.448636,1.404848,-0.2086067,1.057083,1.156698,-0.2558135,0.4532777,1.639858,True,0,1,20
6/23/2025 2:57:39 PM,1750683459571,Right,-0.01907534,0.5781573,0.9578075,-0.2050787,0.4841043,1.412914,-0.07137811,0.5679606,0.9312204,-0.2223801,0.4773641,1.399819,-0.2449436,1.091183,1.151489,-0.300191,0.4831244,1.631611,True,0,1,20
6/23/2025 2:57:39 PM,1750683459585,Right,-0.02804876,0.5923627,0.9603736,-0.2225843,0.4990737,1.410877,-0.07680508,0.5828869,0.9323503,-0.2377901,0.4940194,1.396804,-0.264437,1.108457,1.147087,-0.3214763,0.5003229,1.627634,True,0,1,20
6/23/2025 2:57:39 PM,1750683459613,Right,-0.0449997,0.622256,0.9639144,-0.2593644,0.529306,1.403615,-0.0897035,0.6123456,0.9343545,-0.2745876,0.5226145,1.387902,-0.3046579,1.142127,1.135725,-0.3725787,0.527917,1.614761,True,0,1,20
6/23/2025 2:57:39 PM,1750683459627,Right,-0.05351592,0.6380934,0.9655613,-0.2788835,0.5442269,1.399321,-0.09689745,0.6273313,0.9352909,-0.2928044,0.5379443,1.384024,-0.3256142,1.158707,1.128442,-0.3971119,0.5432808,1.608274,True,0,1,20
6/23/2025 2:57:39 PM,1750683459655,Right,-0.07198304,0.6701041,0.9677891,-0.3207487,0.5747492,1.389048,-0.1130741,0.6584429,0.9357829,-0.3340853,0.5658061,1.372747,-0.3684142,1.190779,1.110648,-0.4516522,0.5695337,1.589664,True,0,1,20
6/23/2025 2:57:39 PM,1750683459669,Right,-0.08259829,0.687254,0.9685991,-0.3432133,0.5898105,1.383277,-0.1224641,0.6738912,0.9349031,-0.3551414,0.5806394,1.366687,-0.3903165,1.205423,1.097836,-0.4783739,0.5842307,1.57941,True,0,1,20
6/23/2025 2:57:39 PM,1750683459683,Right,-0.0936523,0.7037073,0.9694636,-0.3658839,0.6046339,1.375921,-0.1332038,0.6899312,0.9339836,-0.3772895,0.5944772,1.358687,-0.4116917,1.220074,1.084832,-0.5069464,0.5968047,1.567816,True,0,1,20
6/23/2025 2:57:39 PM,1750683459710,Right,-0.1167886,0.7377905,0.9704909,-0.4127429,0.6349173,1.359141,-0.153315,0.7208995,0.9325268,-0.4214024,0.6230004,1.342028,-0.4531255,1.247377,1.056157,-0.5637319,0.6239545,1.542658,True,0,1,20
6/23/2025 2:57:39 PM,1750683459724,Right,-0.1298219,0.7562833,0.9710839,-0.4372888,0.6502641,1.348936,-0.1647844,0.7390256,0.9322176,-0.4456814,0.6378599,1.331421,-0.4737885,1.260355,1.040663,-0.5954581,0.6368708,1.527352,True,0,1,20
6/23/2025 2:57:39 PM,1750683459752,Right,-0.1565148,0.7918935,0.9709229,-0.4866464,0.6808257,1.327603,-0.1887009,0.7750861,0.9301288,-0.4935316,0.6678331,1.309654,-0.5139525,1.283532,1.005341,-0.6564662,0.663472,1.494786,True,0,1,20
6/23/2025 2:57:39 PM,1750683459766,Right,-0.1713846,0.8099735,0.9700406,-0.5128478,0.6964171,1.315585,-0.2022437,0.7917827,0.9278753,-0.5194914,0.6825182,1.296949,-0.5327619,1.29449,0.9854259,-0.6888328,0.6770746,1.475756,True,0,1,20
6/23/2025 2:57:39 PM,1750683459794,Right,-0.2022789,0.8458397,0.9661608,-0.5645992,0.7283781,1.289749,-0.2291811,0.8179747,0.9202127,-0.5695924,0.709561,1.269564,-0.5683012,1.315734,0.9470179,-0.7500792,0.7044928,1.435855,True,0,1,20
6/23/2025 2:57:39 PM,1750683459807,Right,-0.2175713,0.8663701,0.964381,-0.591158,0.7451582,1.274779,-0.2430293,0.835287,0.917419,-0.5964141,0.725852,1.254513,-0.5856338,1.325383,0.9277892,-0.7829416,0.7202502,1.412759,True,0,1,20
6/23/2025 2:57:39 PM,1750683459822,Right,-0.2322247,0.8844206,0.9628067,-0.6166577,0.7619646,1.259996,-0.2563527,0.8523726,0.9146687,-0.6215,0.7425364,1.239633,-0.6023945,1.334479,0.9081967,-0.8139734,0.7364195,1.389762,True,0,1,20
6/23/2025 2:57:39 PM,1750683459849,Right,-0.2657192,0.9196169,0.9573355,-0.6684047,0.794521,1.228643,-0.2836868,0.8862382,0.9114071,-0.6702083,0.7744908,1.210465,-0.6335407,1.350961,0.8683488,-0.8741904,0.76624,1.343849,True,0,1,20
6/23/2025 2:57:39 PM,1750683459863,Right,-0.283959,0.9379612,0.9534075,-0.6944491,0.8116243,1.211138,-0.2996497,0.9028,0.9092486,-0.6958175,0.7903829,1.194259,-0.6477485,1.358444,0.8488295,-0.9060175,0.7804806,1.318463,True,0,1,20
6/23/2025 2:57:39 PM,1750683459891,Right,-0.3224481,0.9694278,0.9427675,-0.7446025,0.8431353,1.174656,-0.3302486,0.934482,0.9043893,-0.7416122,0.8205966,1.160848,-0.6746001,1.372134,0.8109459,-0.9638701,0.806431,1.268019,True,0,1,20
6/23/2025 2:57:39 PM,1750683459905,Right,-0.3419078,0.9849936,0.9366796,-0.7700673,0.8594589,1.155178,-0.3453591,0.9486569,0.8999844,-0.7649169,0.8364925,1.14125,-0.6870362,1.377773,0.7924294,-0.9927594,0.8211936,1.238697,True,0,1,20
6/23/2025 2:57:39 PM,1750683459933,Right,-0.3770242,1.013762,0.9237076,-0.8199258,0.8896389,1.114338,-0.377652,0.9749703,0.8886055,-0.8131945,0.8638384,1.102492,-0.7107673,1.387804,0.7554927,-1.047152,0.8465039,1.180781,True,0,1,20
6/23/2025 2:57:39 PM,1750683459946,Right,-0.3960881,1.028357,0.9155931,-0.8466333,0.9057075,1.09228,-0.3955579,0.9879113,0.881359,-0.8395883,0.8788929,1.081477,-0.7220914,1.391771,0.7375463,-1.07539,0.8611935,1.149447,True,0,1,20
6/23/2025 2:57:39 PM,1750683459974,Right,-0.4333452,1.056248,0.8978409,-0.8927452,0.9325241,1.047009,-0.4276376,1.012604,0.8696716,-0.8834394,0.9041091,1.039939,-0.7433079,1.398237,0.7022539,-1.124234,0.8824197,1.088546,True,0,1,20
6/23/2025 2:57:39 PM,1750683459988,Right,-0.4522737,1.070188,0.8865243,-0.9173794,0.9452257,1.022861,-0.4434446,1.022877,0.8626638,-0.9072495,0.9164928,1.017267,-0.7536724,1.400223,0.6848401,-1.148153,0.8935776,1.054411,True,0,1,20
6/23/2025 2:57:40 PM,1750683460002,Right,-0.4713699,1.083059,0.8744764,-0.9434655,0.9541739,0.999117,-0.4595974,1.032847,0.8550099,-0.9316791,0.9234089,0.9957815,-0.763736,1.402107,0.667107,-1.169481,0.8980154,1.022302,True,0,1,20
6/23/2025 2:57:40 PM,1750683460030,Right,-0.5054743,1.104511,0.849449,-0.9973013,0.9623737,0.9525114,-0.4908455,1.051523,0.8372754,-0.9871323,0.942661,0.9548858,-0.7813276,1.403672,0.6320456,-1.209253,0.9130062,0.9589497,True,0,1,20
6/23/2025 2:57:40 PM,1750683460044,Right,-0.5224789,1.113667,0.8359745,-1.025749,0.9616991,0.9288852,-0.5062714,1.059862,0.8280007,-1.016067,0.9447009,0.9331352,-0.789436,1.403991,0.6149076,-1.226403,0.9126581,0.9272037,True,0,1,20
6/23/2025 2:57:40 PM,1750683460071,Right,-0.5534905,1.130399,0.8099948,-1.082327,0.9507414,0.8834122,-0.5359141,1.076795,0.8102776,-1.080781,0.9584745,0.8834405,-0.8045901,1.403744,0.5815257,-1.260639,0.9262924,0.8574284,True,0,1,20
6/23/2025 2:57:40 PM,1750683460085,Right,-0.5694434,1.137273,0.794657,-1.084501,0.950067,0.8816981,-0.5516704,1.083723,0.7997919,-1.090756,0.9618647,0.8571538,-0.8119146,1.403564,0.565037,-1.275417,0.9238073,0.82658,True,0,1,20
6/23/2025 2:57:40 PM,1750683460112,Right,-0.5964984,1.148878,0.7627249,-1.084501,0.950067,0.8816981,-0.5796362,1.09682,0.7783074,-1.106812,0.9786993,0.8005201,-0.8255973,1.402199,0.5332938,-1.302122,0.9302694,0.7589573,True,0,1,20
6/23/2025 2:57:40 PM,1750683460126,Right,-0.6102459,1.1526,0.7455307,-1.084501,0.950067,0.8816981,-0.5938024,1.102252,0.7663385,-1.113324,0.9797313,0.7744762,-0.8327087,1.401613,0.5184629,-1.312826,0.924327,0.7282904,True,0,1,20
6/23/2025 2:57:40 PM,1750683460154,Right,-0.6340665,1.156092,0.7115794,-1.084501,0.950067,0.8816981,-0.6193975,1.109838,0.7424049,-1.128476,0.9878948,0.7182549,-0.8466702,1.399614,0.4892502,-1.332245,0.9217825,0.6612686,True,0,1,20
6/23/2025 2:57:40 PM,1750683460168,Right,-0.6453183,1.156018,0.6937388,-1.084501,0.950067,0.8816981,-0.6322745,1.111013,0.7294146,-1.135902,0.9849031,0.6930736,-0.8534592,1.398406,0.4748635,-1.340269,0.9124868,0.6322978,True,0,1,20
6/23/2025 2:57:40 PM,1750683460182,Right,-0.6553949,1.15571,0.6764585,-1.084501,0.950067,0.8816981,-0.6442493,1.111803,0.7155464,-1.144767,0.9866799,0.6653458,-0.8598155,1.396868,0.4609274,-1.348677,0.9100757,0.600705,True,0,1,20
6/23/2025 2:57:40 PM,1750683460210,Right,-0.6754312,1.150131,0.6435772,-1.084501,0.950067,0.8816981,-0.667462,1.110483,0.6851035,-1.160104,0.9832364,0.61234,-0.8698472,1.393839,0.4352036,-1.363435,0.897453,0.5424838,True,0,1,20
6/23/2025 2:57:40 PM,1750683460223,Right,-0.6852901,1.145867,0.6286474,-1.084501,0.950067,0.8816981,-0.6776446,1.108294,0.6692078,-1.166388,0.9824005,0.5848424,-0.8743793,1.39306,0.4231354,-1.369969,0.8933029,0.5124728,True,0,1,20
6/23/2025 2:57:40 PM,1750683460251,Right,-0.7014937,1.135335,0.5967036,-1.166494,0.9873558,0.5139646,-0.6964777,1.098115,0.6436775,-1.165329,0.9728936,0.5390499,-0.8826855,1.392608,0.3997175,-1.378926,0.8747375,0.4580243,False,0,1,20
6/23/2025 2:57:40 PM,1750683460264,Right,-0.7085598,1.129508,0.5813097,-1.171034,0.9779851,0.489938,-0.7073036,1.096484,0.6313581,-1.169908,0.9629072,0.5128044,-0.8864217,1.39359,0.3884225,-1.379643,0.8612067,0.4247067,False,0,1,20
6/23/2025 2:57:40 PM,1750683460292,Right,-0.7229921,1.116666,0.5562803,-1.181745,0.952702,0.4372997,-0.7255831,1.089188,0.604954,-1.182638,0.9371238,0.4656024,-0.8938223,1.39698,0.366696,-1.37955,0.8293036,0.3706722,False,0,1,20
6/23/2025 2:57:40 PM,1750683460306,Right,-0.7298116,1.110413,0.5442147,-1.184751,0.9420689,0.4183866,-0.7332972,1.084564,0.5950846,-1.185261,0.9269562,0.4467485,-0.8981701,1.398933,0.3562872,-1.379184,0.8164675,0.3479931,False,0,1,20
6/23/2025 2:57:40 PM,1750683460334,Right,-0.7421897,1.10365,0.5225621,-1.189896,0.9237648,0.3880223,-0.7472998,1.078292,0.574136,-1.190377,0.90771,0.4145569,-0.9072416,1.403837,0.3365723,-1.378715,0.790545,0.3121865,False,0,1,20
6/23/2025 2:57:40 PM,1750683460348,Right,-0.7474086,1.10235,0.5128254,-1.192045,0.916254,0.3764798,-0.7534679,1.077777,0.5641594,-1.192712,0.9005327,0.4011888,-0.9108305,1.406055,0.3275723,-1.378455,0.7804304,0.297559,False,0,1,20
6/23/2025 2:57:40 PM,1750683460362,Right,-0.7531227,1.103799,0.504791,-1.193526,0.9102765,0.3663577,-0.7587011,1.079506,0.5554446,-1.194109,0.8951227,0.3911314,-0.913836,1.408308,0.3193089,-1.377782,0.7717767,0.2868539,False,0,1,20
6/23/2025 2:57:40 PM,1750683460390,Right,-0.7639383,1.109983,0.4901385,-1.196568,0.9004659,0.348622,-0.7682751,1.085095,0.5414671,-1.195761,0.8853853,0.3728145,-0.917894,1.411471,0.3058041,-1.373565,0.7556994,0.2671996,False,0,1,20
6/23/2025 2:57:40 PM,1750683460404,Right,-0.7688258,1.114679,0.4843246,-1.197946,0.8973998,0.3421685,-0.7728899,1.089036,0.5339521,-1.197381,0.8818668,0.3653517,-0.9193785,1.413049,0.2998427,-1.372601,0.7494792,0.2598193,False,0,1,20
6/23/2025 2:57:40 PM,1750683460432,Right,-0.7774357,1.123544,0.4744675,-1.20025,0.8932215,0.3321375,-0.7825678,1.098978,0.5240237,-1.198557,0.8755692,0.3534132,-0.9214592,1.415986,0.289521,-1.367712,0.7363018,0.2480297,False,0,1,20
6/23/2025 2:57:40 PM,1750683460446,Right,-0.7811891,1.128177,0.4702961,-1.20155,0.8923653,0.3289523,-0.7861735,1.103398,0.5206143,-1.199265,0.8738919,0.3504392,-0.922357,1.417926,0.2848151,-1.366343,0.7325497,0.2449781,False,0,1,20
6/23/2025 2:57:40 PM,1750683460473,Right,-0.7880143,1.137314,0.4639696,-1.202592,0.8924883,0.3223503,-0.7911054,1.11156,0.5131465,-1.198508,0.8729206,0.3429651,-0.9250436,1.42149,0.2761967,-1.362606,0.7273616,0.2376851,False,0,1,20
6/23/2025 2:57:40 PM,1750683460487,Right,-0.7902125,1.141807,0.4623592,-1.202767,0.893666,0.3193565,-0.792796,1.115345,0.5104883,-1.199423,0.8740945,0.3411596,-0.9261407,1.423472,0.2722951,-1.362625,0.7278136,0.2362369,False,0,1,20
6/23/2025 2:57:40 PM,1750683460501,Right,-0.7925661,1.147445,0.4598742,-1.202996,0.8946916,0.3169793,-0.7941294,1.118656,0.5076504,-1.198208,0.8729265,0.3371318,-0.9273679,1.425631,0.2685679,-1.35918,0.7247251,0.2326295,False,0,1,20
6/23/2025 2:57:40 PM,1750683460529,Right,-0.7898952,1.154191,0.4566076,-1.20231,0.8986228,0.3136014,-0.7945898,1.124531,0.5045708,-1.201802,0.8770841,0.3349947,-0.928811,1.430796,0.2614434,-1.36076,0.7306379,0.2318076,False,0,1,20
6/23/2025 2:57:40 PM,1750683460542,Right,-0.7897013,1.157161,0.4555884,-1.201883,0.9009124,0.312111,-0.7946824,1.127651,0.502918,-1.199934,0.8771724,0.3322124,-0.9290692,1.433036,0.2580287,-1.357332,0.7293935,0.2292091,False,0,1,20
6/23/2025 2:57:40 PM,1750683460570,Right,-0.7891137,1.162369,0.4568971,-1.199907,0.906527,0.3109628,-0.7936901,1.132625,0.5039447,-1.197243,0.8816919,0.3316469,-0.9286497,1.437765,0.2523254,-1.35439,0.7335274,0.2274726,False,0,1,20
6/23/2025 2:57:40 PM,1750683460583,Right,-0.7887114,1.166035,0.4594148,-1.19819,0.9096873,0.3111168,-0.7925432,1.135305,0.5059969,-1.196199,0.8859758,0.3319589,-0.9281086,1.439666,0.2497512,-1.353569,0.7389549,0.2262515,False,0,1,20
6/23/2025 2:57:40 PM,1750683460611,Right,-0.7891709,1.17345,0.4681266,-1.194036,0.9155133,0.3128718,-0.7909564,1.14116,0.5126374,-1.190865,0.8919805,0.3326327,-0.9258492,1.443592,0.2450958,-1.347254,0.7454691,0.2227042,False,0,1,20
6/23/2025 2:57:40 PM,1750683460625,Right,-0.7903827,1.178364,0.4735554,-1.19159,0.9185976,0.3148982,-0.7905473,1.145244,0.5172135,-1.187875,0.8965193,0.3330127,-0.9244028,1.44521,0.2433506,-1.343744,0.7510767,0.2193783,False,0,1,20
6/23/2025 2:57:40 PM,1750683460652,Right,-0.7937274,1.189525,0.4890121,-1.184892,0.9226627,0.3204171,-0.7906708,1.153323,0.5291521,-1.180343,0.9008734,0.334663,-0.9204623,1.448332,0.2412647,-1.332235,0.7566826,0.2137409,False,0,1,20
6/23/2025 2:57:40 PM,1750683460666,Right,-0.7958518,1.194597,0.497458,-1.18075,0.9243116,0.3221631,-0.7907694,1.157412,0.536836,-1.174248,0.903759,0.3354154,-0.9182988,1.449515,0.2403537,-1.324523,0.7605777,0.2086132,False,0,1,20
6/23/2025 2:57:40 PM,1750683460680,Right,-0.7989196,1.200256,0.5075194,-1.175001,0.92489,0.3229465,-0.7926099,1.162586,0.5452802,-1.167669,0.9047414,0.3350376,-0.9155617,1.450324,0.240332,-1.314223,0.7625026,0.2018371,False,0,1,20
6/23/2025 2:57:40 PM,1750683460708,Right,-0.8056175,1.211578,0.5287378,-1.159483,0.9304889,0.3171741,-0.7954772,1.171106,0.5615135,-1.154217,0.9070433,0.3365893,-0.9097036,1.451695,0.2397385,-1.294826,0.7649748,0.1929911,False,0,1,20
6/23/2025 2:57:40 PM,1750683460722,Right,-0.8099722,1.216986,0.5405889,-1.151725,0.9306347,0.3161121,-0.7978112,1.174154,0.5721727,-1.146433,0.9054751,0.3367349,-0.9059935,1.452513,0.2393725,-1.281645,0.7643607,0.1873679,False,0,1,20
6/23/2025 2:57:40 PM,1750683460750,Right,-0.8189469,1.227345,0.5632169,-1.13517,0.9289311,0.3142197,-0.8035726,1.181855,0.5880953,-1.133803,0.9034171,0.334399,-0.8973778,1.4544,0.2398185,-1.257815,0.7639238,0.1768807,False,0,1,20
6/23/2025 2:57:40 PM,1750683460764,Right,-0.8234274,1.231165,0.5735592,-1.126667,0.9263157,0.3137691,-0.8069224,1.184991,0.5970132,-1.124393,0.8996141,0.3323834,-0.8927341,1.45548,0.2401164,-1.240937,0.7610657,0.1703761,False,0,1,20
6/23/2025 2:57:40 PM,1750683460792,Right,-0.8340631,1.234776,0.5929648,-1.10846,0.9179223,0.3150505,-0.8127937,1.187284,0.6131791,-1.105249,0.8927892,0.3293336,-0.8823731,1.457229,0.2406572,-1.20919,0.7553897,0.1588247,False,0,1,20
6/23/2025 2:57:40 PM,1750683460805,Right,-0.8397554,1.234488,0.6014968,-1.097577,0.9112833,0.3131215,-0.8165244,1.187284,0.6202806,-1.092565,0.8859282,0.3254298,-0.8762509,1.457875,0.241051,-1.187779,0.7490617,0.1509916,False,0,1,20
6/23/2025 2:57:40 PM,1750683460833,Right,-0.8494738,1.230371,0.6135641,-1.076947,0.8960225,0.3053329,-0.8238766,1.184462,0.6318066,-1.071237,0.8711731,0.3171322,-0.8616824,1.458891,0.24163,-1.149487,0.7365077,0.1384354,False,0,1,20
6/23/2025 2:57:40 PM,1750683460847,Right,-0.8545927,1.226008,0.6181135,-1.063866,0.8871087,0.3004614,-0.8279624,1.179454,0.6366667,-1.056332,0.8610753,0.3113424,-0.8533629,1.459451,0.2417686,-1.12502,0.7270662,0.1295156,False,0,1,20
6/23/2025 2:57:40 PM,1750683460861,Right,-0.859193,1.220797,0.6211575,-1.051551,0.8780953,0.2983669,-0.8330186,1.176101,0.6413374,-1.046051,0.8554766,0.3075626,-0.8443583,1.459736,0.241932,-1.107416,0.7222271,0.1228732,False,0,1,20
6/23/2025 2:57:40 PM,1750683460888,Right,-0.8664247,1.206758,0.6240138,-1.027789,0.8606992,0.2947749,-0.8416693,1.165023,0.6435844,-1.012849,0.840243,0.2978504,-0.8258172,1.460025,0.2421463,-1.056374,0.7024295,0.1050592,False,0,1,20
6/23/2025 2:57:40 PM,1750683460902,Right,-0.8712522,1.198043,0.6239446,-1.015242,0.8512893,0.2939698,-0.846057,1.157547,0.6448443,-0.9991014,0.8334341,0.2945772,-0.8170097,1.460344,0.2424971,-1.034996,0.6939539,0.09759289,False,0,1,20
6/23/2025 2:57:40 PM,1750683460930,Right,-0.879383,1.180075,0.6216546,-0.9918407,0.8332713,0.2944996,-0.8553452,1.140383,0.6424347,-0.9644026,0.8208139,0.2871182,-0.7996689,1.460591,0.2445598,-0.9812014,0.6745378,0.07918626,False,0,1,20
6/23/2025 2:57:40 PM,1750683460944,Right,-0.8836348,1.171046,0.6192319,-0.979687,0.8236467,0.29584,-0.8599684,1.130967,0.6411409,-0.9492441,0.81591,0.2839388,-0.7912675,1.460396,0.2459573,-0.9572504,0.6677774,0.07009625,False,0,1,20
6/23/2025 2:57:40 PM,1750683460972,Right,-0.8912528,1.149544,0.6106744,-0.9769517,0.8214532,0.2962445,-0.8680888,1.111386,0.6356225,-0.9120339,0.8134805,0.2836538,-0.7762879,1.460612,0.2479923,-0.898755,0.6562138,0.0508334,False,0,1,20
6/23/2025 2:57:40 PM,1750683460985,Right,-0.8954518,1.138163,0.6059303,-0.9769517,0.8214532,0.2962445,-0.8726359,1.100713,0.6322504,-0.8961336,0.8128942,0.285611,-0.769792,1.460804,0.24807,-0.8716235,0.6507949,0.04261279,False,0,1,20
6/23/2025 2:57:41 PM,1750683461014,Right,-0.8996158,1.114238,0.5947466,-0.8728065,0.7876797,0.2153853,-0.8797798,1.078806,0.6214345,-0.8578594,0.7677296,0.2287733,-0.7575238,1.460687,0.2460774,-0.8082845,0.6451347,0.02400869,False,0,1,20
6/23/2025 2:57:41 PM,1750683461027,Right,-0.9039311,1.102624,0.5886196,-0.8529302,0.7803826,0.2068218,-0.8836682,1.06691,0.6156024,-0.8392295,0.7609919,0.2198094,-0.7517024,1.460404,0.2438402,-0.7791227,0.6428022,0.01618379,False,0,1,20
6/23/2025 2:57:41 PM,1750683461041,Right,-0.9057963,1.090788,0.5807685,-0.8320442,0.7748331,0.1963558,-0.8864607,1.054839,0.6085404,-0.8187154,0.7558908,0.2097684,-0.745356,1.459597,0.2417469,-0.7475314,0.6426135,0.007816672,False,0,1,20
6/23/2025 2:57:41 PM,1750683461069,Right,-0.9055317,1.06773,0.5636721,-0.7955622,0.7687862,0.1745333,-0.8915031,1.029754,0.592456,-0.781421,0.7481289,0.1907224,-0.731962,1.457942,0.2389618,-0.6895213,0.6439027,-0.007896006,False,0,1,20
6/23/2025 2:57:41 PM,1750683461084,Right,-0.905522,1.050059,0.5546322,-0.777766,0.769033,0.1622491,-0.8924565,1.016537,0.5840395,-0.7631326,0.7486604,0.1830302,-0.7250994,1.457137,0.2378629,-0.6601182,0.6479988,-0.01620942,False,0,1,20
6/23/2025 2:57:41 PM,1750683461111,Right,-0.9009596,1.020785,0.5366958,-0.7410349,0.7696371,0.1361789,-0.8928684,0.9895345,0.5627366,-0.7262585,0.7458435,0.1594526,-0.7113048,1.455994,0.2353706,-0.6052619,0.6574484,-0.03484309,False,0,1,20
6/23/2025 2:57:41 PM,1750683461125,Right,-0.8963769,1.007761,0.5264753,-0.722382,0.7712155,0.1224184,-0.8923008,0.9764914,0.5503041,-0.707703,0.7496454,0.145478,-0.7039711,1.455785,0.233114,-0.5783015,0.6696508,-0.04748625,False,0,1,20
6/23/2025 2:57:41 PM,1750683461152,Right,-0.8864631,0.9856075,0.5087366,-0.6868876,0.778771,0.0932359,-0.887467,0.9568282,0.5198876,-0.669,0.7556473,0.1114409,-0.6899028,1.455494,0.2267809,-0.5278261,0.6919977,-0.07224697,False,0,1,20
6/23/2025 2:57:41 PM,1750683461167,Right,-0.8830447,0.9777406,0.4990776,-0.6684343,0.7862563,0.07701372,-0.8852915,0.9469712,0.5016147,-0.6490254,0.7613581,0.08898431,-0.6827339,1.455128,0.2233609,-0.5041007,0.7084548,-0.08821881,False,0,1,20
6/23/2025 2:57:41 PM,1750683461195,Right,-0.8792023,0.9715419,0.4773056,-0.6331455,0.803769,0.04540122,-0.8773286,0.9272053,0.4673886,-0.6055123,0.7721735,0.04736197,-0.6669617,1.4541,0.2171837,-0.4565233,0.7398009,-0.1139054,False,0,1,20
6/23/2025 2:57:41 PM,1750683461208,Right,-0.8768813,0.9695885,0.4650323,-0.6133512,0.8122444,0.02875856,-0.8695816,0.9169695,0.4494457,-0.5807381,0.7816597,0.02277029,-0.6588621,1.453439,0.214672,-0.4323155,0.7605438,-0.1288531,False,0,1,20
6/23/2025 2:57:41 PM,1750683461222,Right,-0.8752604,0.9694093,0.4528329,-0.5947736,0.8229786,0.01119336,-0.8617444,0.9070053,0.4313152,-0.5569443,0.7927487,-0.002856672,-0.6508321,1.452692,0.2119497,-0.4105577,0.7820925,-0.1439478,False,0,1,20
6/23/2025 2:57:41 PM,1750683461249,Right,-0.8690393,0.9683192,0.4285802,-0.5590438,0.8452708,-0.02048555,-0.8435608,0.8893483,0.394022,-0.5084734,0.8159201,-0.04710859,-0.63486,1.451586,0.2057171,-0.3658224,0.8222933,-0.1693339,False,0,1,20
6/23/2025 2:57:41 PM,1750683461264,Right,-0.8651228,0.9678346,0.4161393,-0.5396492,0.8600914,-0.0366585,-0.8318644,0.8803295,0.3743261,-0.4839951,0.8310741,-0.07109061,-0.6271032,1.451557,0.2017745,-0.3451509,0.8462968,-0.1842898,False,0,1,20
6/23/2025 2:57:41 PM,1750683461292,Right,-0.8558255,0.9703631,0.3925609,-0.5013125,0.8837967,-0.06433628,-0.8058202,0.8611118,0.3387147,-0.4342308,0.8607092,-0.1120303,-0.6110308,1.451154,0.1937956,-0.30396,0.8901347,-0.206624,False,0,1,20
6/23/2025 2:57:41 PM,1750683461305,Right,-0.8501258,0.9744768,0.3806777,-0.4828222,0.8956131,-0.07848335,-0.7906091,0.8525186,0.3203346,-0.4105893,0.8791109,-0.1336705,-0.602487,1.451235,0.1886921,-0.2860955,0.9153469,-0.2196828,False,0,1,20
6/23/2025 2:57:41 PM,1750683461333,Right,-0.8419302,0.9784321,0.3581657,-0.4492055,0.9199756,-0.1022994,-0.7577769,0.8343737,0.2864445,-0.3683064,0.9112038,-0.1634555,-0.5858134,1.450559,0.1781311,-0.2497224,0.9589149,-0.23936,False,0,1,20
6/23/2025 2:57:41 PM,1750683461348,Right,-0.8382562,0.9803499,0.3449373,-0.4319399,0.931922,-0.1138467,-0.7394272,0.8255556,0.2701233,-0.3514579,0.9287869,-0.1757726,-0.5774577,1.450242,0.1720026,-0.2344986,0.9829364,-0.2498559,False,0,1,20
6/23/2025 2:57:41 PM,1750683461361,Right,-0.8353426,0.9822968,0.333073,-0.4152393,0.9432421,-0.1246077,-0.721247,0.8170426,0.254393,-0.3320824,0.9435385,-0.1844121,-0.5683689,1.450016,0.1653816,-0.2161192,1.003164,-0.2558081,False,0,1,20
6/23/2025 2:57:41 PM,1750683461389,Right,-0.8277287,0.9883434,0.3115905,-0.383354,0.9638234,-0.143877,-0.68207,0.801791,0.2271536,-0.3023477,0.9735985,-0.2044634,-0.5497826,1.44914,0.1522275,-0.1917918,1.045313,-0.2732708,False,0,1,20
6/23/2025 2:57:41 PM,1750683461402,Right,-0.8236566,0.9906295,0.3011961,-0.3694348,0.9757716,-0.1516416,-0.6619586,0.7934598,0.2131349,-0.2846863,0.9873583,-0.2112106,-0.5400276,1.448419,0.1459997,-0.1761781,1.064377,-0.2774989,False,0,1,20
6/23/2025 2:57:41 PM,1750683461431,Right,-0.8145981,0.9928904,0.2821181,-0.3408734,0.9923567,-0.1685157,-0.6190642,0.779246,0.1925457,-0.2580464,1.010597,-0.227148,-0.5203927,1.446449,0.1325302,-0.1567146,1.097936,-0.2919844,False,0,1,20
6/23/2025 2:57:41 PM,1750683461445,Right,-0.8097731,0.9926533,0.2735467,-0.3263685,0.9984785,-0.1748875,-0.5988111,0.7706116,0.1809003,-0.2434709,1.021321,-0.232474,-0.5103973,1.445387,0.1251781,-0.1450271,1.113348,-0.2952428,False,0,1,20
6/23/2025 2:57:41 PM,1750683461472,Right,-0.7994233,0.990808,0.2567787,-0.2939215,1.004947,-0.1877173,-0.5545872,0.7564868,0.1672809,-0.2192311,1.033864,-0.2457549,-0.4907707,1.442609,0.1102651,-0.1285664,1.133523,-0.3085866,False,0,1,20
6/23/2025 2:57:41 PM,1750683461486,Right,-0.7938027,0.9888959,0.24881,-0.2793854,1.005682,-0.193343,-0.5317605,0.7479026,0.1608362,-0.2058775,1.040855,-0.2490162,-0.4808925,1.440588,0.103173,-0.1187755,1.144289,-0.3107791,False,0,1,20
6/23/2025 2:57:41 PM,1750683461514,Right,-0.7820349,0.9841904,0.233881,-0.2544378,1.00454,-0.2026777,-0.4846509,0.733361,0.1561964,-0.1832125,1.042801,-0.260195,-0.4613374,1.434612,0.08946645,-0.1046444,1.151548,-0.3242356,False,0,1,20
6/23/2025 2:57:41 PM,1750683461528,Right,-0.775629,0.9813805,0.2273354,-0.2420065,1.001132,-0.20658,-0.458454,0.7245648,0.1556142,-0.1693431,1.045267,-0.2609969,-0.4520996,1.43108,0.08327019,-0.09505296,1.156943,-0.3251031,False,0,1,20
6/23/2025 2:57:41 PM,1750683461542,Right,-0.7690898,0.9787172,0.2206165,-0.2294055,0.9971528,-0.2103501,-0.436443,0.7161831,0.1551161,-0.1599207,1.041447,-0.266475,-0.4429451,1.427497,0.07710516,-0.09006095,1.154948,-0.332331,False,0,1,20
6/23/2025 2:57:41 PM,1750683461570,Right,-0.7547482,0.9737421,0.2081349,-0.2053357,0.9832644,-0.2158158,-0.3937208,0.698669,0.1552144,-0.141991,1.034731,-0.2733815,-0.4253057,1.419942,0.0651499,-0.08033744,1.151579,-0.3415382,False,0,1,20
6/23/2025 2:57:41 PM,1750683461583,Right,-0.7469557,0.9713793,0.2019142,-0.1928315,0.9749408,-0.2181978,-0.3715831,0.6906718,0.1581254,-0.1323555,1.026461,-0.2777825,-0.4168113,1.415701,0.05854011,-0.07471061,1.143907,-0.3483771,False,0,1,20
6/23/2025 2:57:41 PM,1750683461611,Right,-0.7304759,0.966235,0.1914846,-0.1707638,0.9550857,-0.2208013,-0.3305325,0.6734402,0.1641089,-0.1143987,1.009664,-0.2833727,-0.3998311,1.40604,